Date,Open,High,Low,Close,Volume,IndexClose,CVI,LTI,STI,VI,SecState,VWRS,VWRS_1wk,RS,GapDown,Thermostat,Days
2022-10-03,6.657703086685522,6.847489367733882,6.657703086685522,6.79434871673584,333000,348.0798034667969,,,,,,,,,0,,
2022-10-04,7.037275957735127,7.242244773797818,7.0145010817458635,7.067641735076904,362900,358.8656921386719,313.0,,,3.0,,,,,0,,
2022-10-05,6.877854962269469,6.98413481350693,6.824714312673549,6.923403263092041,92900,358.0301513671875,310.0,,,3.0,,,,,1,,
2022-10-06,6.847489680485058,6.877855457880629,6.726025846925533,6.763983249664307,147300,354.3367614746094,307.0,,,3.0,,,,,0,,
2022-10-07,6.710843809820237,6.748801215328274,6.657703876495361,6.657703876495361,92500,344.45294189453125,303.0,,,3.0,,,,,0,,
2022-10-10,6.726025824042539,6.726025824042539,6.619745965508241,6.672885894775391,148000,341.8230285644531,298.0,,,3.0,,,,,0,,
2022-10-11,6.467916851027112,6.498282627248859,6.285721469719415,6.316087245941162,299200,339.6581726074219,303.0,,,3.0,,,,,1,,
2022-10-12,6.217397958887336,6.293312757360224,6.194623808936338,6.255355358123779,147000,338.537841796875,299.0,,,3.0,,,,,0,,
2022-10-13,6.475507706656419,6.801940341732304,6.429959404632049,6.79434871673584,268600,347.4721984863281,316.0,,,3.0,,,,,0,,
2022-10-14,6.832307149177734,6.832307149177734,6.612155058885545,6.619746685028076,102700,339.55377197265625,313.0,,,3.0,,,,,0,,
2022-10-17,6.96895398141998,6.999319764006625,6.870265007019043,6.870265007019043,132500,348.279296875,312.0,,,3.0,,,,,0,,
2022-10-18,6.98413584187186,6.999319093699804,6.885446876922112,6.946178436279297,219700,352.3714294433594,308.0,,,3.0,,,,,0,,
2022-10-19,6.900629421156031,7.037275777686557,6.855080394320115,6.893037796020508,61800,349.8743896484375,304.0,,,3.0,,,,,0,,
2022-10-20,6.96895398141998,6.999319764006625,6.824715971150393,6.870265007019043,153200,346.9405212402344,299.0,,,3.0,,,,,0,,
2022-10-21,6.809532645516941,7.0069098472595215,6.786757768257302,7.0069098472595215,102700,355.3717041015625,296.0,,1.0,3.0,,,,,0,,
2022-10-24,7.090415954589844,7.151147509851565,7.052458551556956,7.090415954589844,108600,359.72021484375,292.0,,1.0,3.0,,,,,0,,
2022-10-25,7.128373738609761,7.249836855624989,7.1207821128019875,7.227062702178955,140300,365.4644470214844,289.0,,1.0,3.0,,,,,0,,
2022-10-26,7.2574286460876465,7.310568579993115,7.219471240164898,7.2574286460876465,54000,362.7109680175781,285.0,,1.0,3.0,,,,,0,,
2022-10-27,7.265019828976542,7.333343017483598,7.2422456741333,7.242245674133301,63900,360.7741394042969,280.0,,1.0,3.0,,,,,0,,
2022-10-28,7.204287109341746,7.287793536980165,7.204287109341746,7.2802019119262695,35000,369.357177734375,276.0,,1.0,3.0,,,,,0,,
2022-10-31,7.2802027012224215,7.325751008529566,7.2498369216918945,7.2498369216918945,75100,366.68914794921875,272.0,,1.0,3.0,,,,,0,,
2022-11-01,7.378891898321819,7.492763394156945,7.2574287763704,7.302977085113525,76000,365.0845947265625,269.0,,1.0,3.0,,,,,0,,
2022-11-02,7.287794477212996,7.386482719737016,7.181513884678344,7.18910551071167,118300,355.9223937988281,265.0,,1.0,3.0,,,,,0,,
2022-11-03,7.0220931485297164,7.128373737896043,7.014501522722703,7.08282470703125,54100,352.2574768066406,262.0,,1.0,3.0,,,,,1,,
2022-11-04,7.249836325555757,7.416848461229305,7.249836325555757,7.401665210723877,60200,357.3276062011719,265.0,,1.0,3.0,,,,,0,,
2022-11-07,7.530721251370213,7.599044442550409,7.5079470956359335,7.553495407104492,58700,360.7456970214844,263.0,,1.0,3.0,,,,,0,,
2022-11-08,7.500353270956261,7.636999613270063,7.477579121896342,7.583858966827393,66300,362.6920471191406,259.0,,1.0,3.0,,,,,0,,
2022-11-09,7.310568447888755,7.401665786070814,7.265019416809082,7.265019416809082,337500,355.2197570800781,262.0,,1.0,3.0,,,,,1,,
2022-11-10,7.629409462389714,7.7736467329285555,7.591452057307718,7.766055107116699,36200,374.7406005859375,273.0,,1.0,3.0,,,,,0,,
2022-11-11,7.841970228603981,7.917885041781762,7.819196074241572,7.879927635192871,37900,378.3675537109375,270.0,,1.0,3.0,,,,,0,,
2022-11-14,7.819194694078666,7.879926244310264,7.796420543736113,7.81160306930542,72000,375.14886474609375,266.0,,1.0,3.0,,,,,0,,
2022-11-15,7.940658311216216,7.940658311216216,7.720506246307757,7.796421051025391,46900,378.3485107421875,262.0,,1.0,3.0,,,,,0,,
2022-11-16,7.9330676480461815,7.993799209594727,7.7812387441748205,7.993799209594727,68900,375.462158203125,261.0,,1.0,3.0,,,,,0,,
2022-11-17,7.948248765990288,8.100077629089355,7.933065517691818,8.100077629089355,198000,374.3133239746094,257.0,,1.0,3.0,,,,,0,,
2022-11-18,8.20636020880519,8.251908516922331,8.168402802722703,8.213951110839844,27300,376.01287841796875,254.0,,1.0,3.0,,,,,0,,
2022-11-21,8.10767054104999,8.168402095936134,8.06212151289676,8.160810470581055,82100,374.6456298828125,251.0,,1.0,3.0,,,,,1,,
2022-11-22,8.183584954063202,8.24431651140867,8.16840242671547,8.221542358398438,35300,379.6872863769531,247.0,,1.0,3.0,,,,,0,,
2022-11-23,8.289864677850282,8.350596228869337,8.289864677850282,8.335412979125977,42700,382.0799255371094,244.0,,1.0,3.0,,,,,0,,
2022-11-25,8.320232141015742,8.380963704353443,8.305048888192646,8.373372077941895,11600,381.99444580078125,241.0,,1.0,3.0,,,,,0,,
2022-11-28,8.244316008758128,8.244316008758128,8.10007874985101,8.130444526672363,97100,375.89892578125,241.0,,1.0,3.0,,,,,1,,
2022-11-29,8.175992388582955,8.206358161076327,8.13803499197196,8.168400764465332,33600,375.2532958984375,237.0,,1.0,3.0,,,,,0,,
2022-11-30,8.130444890115804,8.213950599113051,8.016573402939807,8.175993919372559,33200,387.07403564453125,234.0,,1.0,3.0,,,,,0,,
2022-12-01,8.305047854712294,8.343005258069272,8.22913377197559,8.259499549865723,26700,386.7891540527344,231.0,,1.0,3.0,,,,,0,,
2022-12-02,8.213950489436328,8.305047822756201,8.213950489436328,8.27468204498291,15700,386.3429260253906,227.0,,1.0,3.0,,,,,0,,
2022-12-05,8.2367239335697,8.244314833710199,8.145625892112461,8.168400764465332,18500,379.3929138183594,224.0,,1.0,3.0,,,,,0,,
2022-12-06,8.206359697551308,8.267091253908808,8.160810668294554,8.175993919372559,24400,373.924072265625,221.0,,1.0,3.0,,,,,0,,
2022-12-07,8.183584954063202,8.23672560972344,8.183584954063202,8.221542358398438,14900,373.2878723144531,218.0,,1.0,3.0,,,,,0,,
2022-12-08,8.236725823973662,8.236725823973662,8.1684026391885,8.183585166931152,15100,376.2122802734375,215.0,,1.0,3.0,,,,,0,,
2022-12-09,8.29745633328705,8.365779509429467,8.29745633328705,8.320230484008789,18500,373.40185546875,213.0,,1.0,3.0,,,,,0,,
2022-12-12,8.267091143522524,8.282273670420546,8.229133740311598,8.27468204498291,22500,378.7852783203125,210.0,,1.0,3.0,,,,,1,,
2022-12-13,8.479652126316399,8.487243752236035,8.335414129752529,8.350597381591797,46800,381.652587890625,207.0,,1.0,3.0,,,,,0,,
2022-12-14,8.396146198784908,8.45687775663696,8.32782301520703,8.388554573059082,43900,379.2125244140625,204.0,,1.0,3.0,,,,,0,,
2022-12-15,8.251908169480606,8.267091420865242,8.198768237588933,8.20635986328125,61900,369.9363708496094,203.0,,4.0,3.0,,,,,1,,
2022-12-16,8.054529389084443,8.077304263740249,7.9634320623928145,8.06971263885498,24900,365.56878662109375,202.0,,4.0,3.0,,,,,1,,
2022-12-19,8.122852976949353,8.130444602219539,8.031755645638828,8.0469388961792,33500,362.4689025878906,199.0,,4.0,3.0,,,,,0,,
2022-12-20,8.08489492611021,8.145626475446129,8.08489492611021,8.122852325439453,45600,362.9649353027344,196.0,,4.0,3.0,,,,,0,,
2022-12-21,8.213950929656434,8.267091586590661,8.20636002778922,8.236725807189941,27900,368.3921203613281,194.0,,4.0,3.0,,,,,0,,
2022-12-22,8.191177585693605,8.191177585693605,8.077306082680481,8.153220176696777,20700,363.1365966796875,192.0,,4.0,3.0,,,,,1,,
2022-12-23,7.74328089255867,8.510017718051223,7.74328089255867,8.084896087646484,34300,365.2254638671875,189.0,,4.0,1.0,,,,,0,,
2022-12-27,8.14562741721655,8.206359697551308,8.122853264576802,8.175993919372559,17200,363.7851867675781,187.0,,4.0,1.0,,,,,0,,
2022-12-28,8.244316942302605,8.251908568361888,8.130445447322613,8.145627975463867,34400,359.2641906738281,184.0,,4.0,1.0,,,,,0,,
2022-12-29,8.138036515654807,8.175993919372559,8.1152616390378,8.175993919372559,11600,365.7309265136719,182.0,,4.0,1.0,,,,,0,,
2022-12-30,8.115261685601881,8.130444936767004,8.062121754478476,8.107670783996582,48000,364.767578125,179.0,,4.0,1.0,,,,,0,,
2023-01-03,8.100077595360965,8.168400764465332,8.100077595360965,8.168400764465332,39400,363.2319030761719,177.0,,4.0,1.0,,,,,0,,
2023-01-04,8.274681458588113,8.373370410351914,8.274681458588113,8.320230484008789,19500,366.0362243652344,176.0,,4.0,1.0,,,,,0,,
2023-01-05,8.160810715119988,8.175993966285112,8.107670783996582,8.107670783996582,11100,361.8585205078125,177.0,,4.0,1.0,,,,,1,,
2023-01-06,8.320232141015742,8.396146957176539,8.320232141015742,8.373372077941895,7100,370.15667724609375,180.0,,4.0,1.0,,,,,0,,
2023-01-09,8.41892018580366,8.456877589706268,8.35818862915039,8.35818862915039,15700,369.9468078613281,177.0,,4.0,1.0,,,,,0,,
2023-01-10,8.464469152447274,8.479652404785156,8.456878250255652,8.479652404785156,14400,372.5411682128906,176.0,,4.0,1.0,,,,,0,,
2023-01-11,8.244316088399374,8.297456741333008,8.244316088399374,8.297456741333008,8200,377.2530517578125,176.0,,4.0,1.0,,,,,1,,
2023-01-12,8.343005952088218,8.40373751292048,8.343005952088218,8.3657808303833,29900,378.6266174316406,173.0,,4.0,1.0,,,,,0,,
2023-01-13,8.26709155393616,8.305048235054167,8.22154252302635,8.251908302307129,17400,380.09539794921875,172.0,,4.0,1.0,,,,,1,,
2023-01-17,8.24431708804099,8.24431708804099,8.19876877883474,8.229134559631348,17100,379.399169921875,169.0,,4.0,1.0,,,,,0,,
2023-01-18,8.28986592300482,8.297457549016778,8.213951110839844,8.213951110839844,11100,373.4091796875,167.0,,4.0,1.0,,,,,0,,
2023-01-19,8.16840299803813,8.229134559631348,8.16840299803813,8.229134559631348,10300,370.69085693359375,164.0,,4.0,1.0,,,,,0,,
2023-01-20,8.22913529439372,8.26709270477295,8.22913529439372,8.26709270477295,10700,377.596435546875,162.0,,4.0,1.0,,,,,0,,
2023-01-23,8.251907892647255,8.282273670420546,8.24431626720962,8.27468204498291,12200,382.1270751953125,160.0,,4.0,1.0,,,,,0,,
2023-01-24,8.244316101074219,8.259499351643523,8.229133574482148,8.244316101074219,24500,381.71697998046875,157.0,,4.0,1.0,,,,,0,,
2023-01-25,8.479651375810723,8.578340332099454,8.479651375810723,8.563157081604004,113500,381.86004638671875,163.0,,1.0,1.0,,,,,0,,
2023-01-26,8.510017920259617,8.585932731628418,8.502426294327279,8.585932731628418,19200,386.0567932128906,161.0,,1.0,1.0,,,,,0,,
2023-01-27,8.61629790169818,8.61629790169818,8.555566346491375,8.593523025512695,99100,386.94378662109375,159.0,,1.0,1.0,,,,,0,,
2023-01-30,8.540384096380386,8.555567348949737,8.517609941503691,8.525200843811035,12200,382.0888977050781,157.0,,1.0,1.0,,,,,0,,
2023-01-31,8.517610929533456,8.517610929533456,8.479653517684408,8.510019302368164,10000,387.7068786621094,154.0,,1.0,1.0,,,,,0,,
2023-02-01,8.37337145327791,8.479652043178893,8.358188925564793,8.434103012084961,23100,391.8273010253906,153.0,,1.0,1.0,,,,,1,,
2023-02-02,8.472061049359993,8.472061049359993,8.350597922684592,8.373372077941895,30000,397.53118896484375,151.0,,1.0,1.0,,,,,0,,
2023-02-03,8.274682670980903,8.31264007706339,8.20636020880519,8.213951110839844,33700,393.3058166503906,151.0,,1.0,1.0,,,,,1,,
2023-02-06,8.160811063015036,8.160811063015036,8.100079503720085,8.115262031555176,21500,390.902099609375,149.0,,4.0,1.0,,,,,1,,
2023-02-07,8.054529722630368,8.138036151872008,8.039347196208306,8.130444526672363,25400,396.0146179199219,147.0,,4.0,1.0,,,,,0,,
2023-02-08,8.122851984408225,8.122851984408225,8.06212043762207,8.06212043762207,18000,391.68426513671875,146.0,,4.0,1.0,,,,,0,,
2023-02-09,8.175993553893006,8.191176080315069,8.122852901472719,8.130444526672363,25900,388.2886047363281,144.0,,4.0,1.0,,,,,0,,
2023-02-10,8.06212043762207,8.069712061964626,8.039346288571549,8.06212043762207,19500,389.19482421875,142.0,,4.0,1.0,,,,,1,,
2023-02-13,8.092488041003511,8.15321960152315,8.092488041003511,8.145627975463867,28600,393.7635498046875,141.0,,4.0,1.0,,,,,0,,
2023-02-14,8.244316890910373,8.251908516922331,8.160811176710745,8.213951110839844,19000,393.5823669433594,139.0,,4.0,1.0,,,,,0,,
2023-02-15,8.115260119619089,8.168400764465332,8.115260119619089,8.168400764465332,11700,394.86053466796875,137.0,,4.0,1.0,,,,,0,,
2023-02-16,8.092486550771493,8.18358387477537,8.077304025426102,8.122852325439453,13200,389.423828125,135.0,,4.0,1.0,,,,,0,,
2023-02-17,8.130443367854337,8.198766536958704,8.130443367854337,8.168400764465332,6700,388.4508972167969,134.0,,4.0,1.0,,,,,0,,
2023-02-21,8.115260531061153,8.168401178601616,8.069712232000368,8.092486381530762,30500,380.6582336425781,132.0,,4.0,1.0,,,,,0,,
2023-02-22,8.031756070665454,8.039347696337375,7.971024513244628,7.971024513244629,23900,380.13360595703125,132.0,,4.0,1.0,,,,,1,,
2023-02-23,8.054529629877184,8.054529629877184,7.955840675349948,8.016572952270508,23600,382.1556701660156,130.0,,4.0,1.0,,,,,0,,
2023-02-24,7.948250524307278,8.016573708810638,7.948250524307278,8.00139045715332,25000,378.07330322265625,128.0,,4.0,1.0,,,,,0,,
2023-02-27,8.084895907248898,8.130444936767004,8.084895907248898,8.107670783996582,19800,379.36102294921875,128.0,,4.0,1.0,,,,,0,,
2023-02-28,8.191175499436655,8.19876712409794,8.122852325439453,8.122852325439453,31900,377.9589538574219,126.0,,4.0,1.0,,,,,0,,
2023-03-01,8.145625892112461,8.19117491284108,8.13803499197196,8.168400764465332,34400,376.50909423828125,124.0,,1.0,1.0,,,,,0,,
2023-03-02,8.046937912914103,8.07730368630718,8.024163039886437,8.06212043762207,20700,379.43731689453125,124.0,,1.0,1.0,,,,,1,,
2023-03-03,8.077305300800711,8.183585166931152,8.077305300800711,8.183585166931152,12800,385.522705078125,123.0,,1.0,1.0,,,,,0,,
2023-03-06,8.175993919372559,8.198768072012307,8.160810668294554,8.175993919372559,16700,385.7897033691406,122.0,,1.0,1.0,,,,,0,,
2023-03-07,8.22913374284485,8.22913374284485,8.008981672926407,8.024164199829102,15600,379.8760070800781,123.0,,1.0,1.0,,,,,0,,
2023-03-08,8.062122541115624,8.092488322431457,8.03175675979979,8.077305793762207,31900,380.49603271484375,121.0,,1.0,1.0,,,,,0,,
2023-03-09,8.32782427178876,8.373372585061926,8.26709270477295,8.26709270477295,72500,373.4759521484375,123.0,,1.0,1.0,,,,,0,,
2023-03-10,8.191175499436655,8.221541274104615,8.092486550771493,8.122852325439453,27800,368.0869140625,124.0,,1.0,1.0,,,,,1,,
2023-03-13,7.841969112577022,7.895109039852491,7.796420810334395,7.849560737609863,54400,367.562255859375,131.0,,1.0,1.0,,,,,1,,
2023-03-14,7.963432836124238,7.971024461747113,7.849561347690187,7.8951096534729,82400,373.6380920410156,129.0,,4.0,1.0,,,,,0,,
2023-03-15,7.507946392705484,7.561086325769369,7.401665802600422,7.500354766845703,50800,371.3012390136719,145.0,,4.0,4.0,,,,,1,,
2023-03-16,7.462396961311481,7.674957406144576,7.462396961311481,7.6673665046691895,97900,377.8157958984375,146.0,,4.0,4.0,,,,,0,,
2023-03-17,7.469988771615737,7.515537077504194,7.378891435861553,7.394073963165283,75600,373.3981628417969,152.0,,4.0,4.0,,,,,0,,
2023-03-20,7.606634513141719,7.7129143674797955,7.591451263106446,7.705322742462158,45200,376.9885559082031,160.0,,4.0,4.0,,,,,0,,
2023-03-21,7.849561115449535,7.8723352676670855,7.773646309421372,7.8419694900512695,31600,381.9385681152344,159.0,,4.0,4.0,,,,,0,,
2023-03-22,7.8040114844718556,7.9027004350975725,7.743279933929443,7.743279933929443,64800,375.42791748046875,158.0,,4.0,4.0,,,,,0,,
2023-03-23,7.788830000263329,7.81919577959472,7.621817851952034,7.659775257110596,54200,376.44281005859375,156.0,,4.0,4.0,,,,,0,,
2023-03-24,7.515535795670491,7.606633839864456,7.500353270956261,7.583858966827393,45600,378.9130859375,155.0,,4.0,4.0,,,,,1,,
2023-03-27,7.6977330883117,7.7280988693237305,7.644592428557651,7.7280988693237305,72000,379.6216125488281,154.0,,4.0,4.0,,0.00012904800830015423,,,0,,
2023-03-28,7.644592740330887,7.819196531254011,7.644592740330887,7.697733402252197,74800,378.76947021484375,152.0,,4.0,4.0,,8.959942399541053e-05,,,0,,
2023-03-29,7.81919527053833,7.87992682524728,7.7964211185167835,7.81919527053833,42700,384.2747802734375,152.0,,4.0,4.0,,9.738237096983051e-05,,,0,,
2023-03-30,8.045654296875,8.069575751467134,7.9659151009687745,8.045654296875,96000,386.5248107910156,154.0,,4.0,4.0,,0.00013051857654975362,,,0,,
2023-03-31,8.029705698620843,8.101470818780992,7.941993196452486,7.957940578460693,115500,391.9727478027344,153.0,,1.0,4.0,,0.00019326270075205668,,,0,,
2023-04-03,8.01375726845873,8.077548309046627,7.989835818350566,8.037678718566895,82700,393.4664306640625,151.0,,1.0,4.0,,0.00024036063911908132,0.00012904800830015423,,0,,
2023-04-04,8.197156674449486,8.221078886041141,8.10147010943053,8.133365631103516,67100,391.2834167480469,150.0,,1.0,4.0,,0.00029607867169035814,8.959942399541053e-05,,0,,
2023-04-05,8.157288551330566,8.157288551330566,8.101471568462804,8.157288551330566,64500,390.2589416503906,148.0,,1.0,4.0,,0.00036782050077159567,9.738237096983051e-05,,0,,
2023-04-06,8.245000515600756,8.324738941284105,8.245000515600756,8.300817489624023,31200,391.78131103515625,147.0,,1.0,4.0,,0.0004016212944287732,0.00013051857654975362,,0,,
2023-04-10,8.268923358375305,8.308792958149022,8.229053758601589,8.276897430419922,32800,392.1833801269531,145.0,,1.0,4.0,,0.00039937662229894735,0.00019326270075205668,,0,,
2023-04-11,8.404478801613632,8.404478801613632,8.324739609084467,8.34068775177002,84800,392.2886962890625,143.0,,1.0,4.0,,0.00035994122086170985,0.00024036063911908132,,0,,
2023-04-12,8.428399679061833,8.468269272601095,8.38853084597182,8.420426368713379,58200,390.6897277832031,142.0,,1.0,4.0,,0.0003559297275527813,0.00029607867169035814,,0,,
2023-04-13,8.492191067889705,8.540034734161019,8.460295543858589,8.51611328125,50900,395.8792419433594,141.0,,1.0,4.0,,0.0003550593638515477,0.00036782050077159567,,0,,
2023-04-14,8.420427613348457,8.460296452331539,8.332714342507213,8.380558013916016,61200,394.9121398925781,140.0,,1.0,4.0,,0.0003659546093405498,0.0004016212944287732,,0,,
2023-04-17,8.245000799645972,8.284870394085797,8.189183823699777,8.260948181152344,48200,396.3291931152344,139.0,,1.0,4.0,,0.0003409002490857483,0.00039937662229894735,,1,,
2023-04-18,8.340687082690316,8.340687082690316,8.260947896557731,8.300817489624023,50900,396.5876770019531,138.0,,1.0,4.0,,0.00030091891905797296,0.00035994122086170985,,0,,
2023-04-19,8.38853084597182,8.420426368713379,8.372582704376416,8.420426368713379,20000,396.5207214355469,137.0,,1.0,4.0,,0.0002816919012386657,0.0003559297275527813,,0,,
2023-04-20,8.412452258799696,8.4762433039862,8.404478188039072,8.436373710632324,12900,394.3569030761719,135.0,,1.0,3.0,,0.0002927954021674205,0.0003550593638515477,,0,,
2023-04-21,8.308793577018621,8.356636491951106,8.284872119552379,8.332715034484863,22200,394.66326904296875,134.0,,1.0,3.0,,0.00028329774799326017,0.0003659546093405498,,1,,
2023-04-24,8.348660431396285,8.404477400592468,8.348660431396285,8.364607810974121,18000,395.0749816894531,132.0,,1.0,3.0,,0.000270672851083696,0.0003409002490857483,,0,,
2023-04-25,8.292844147199045,8.340687815170076,8.229053096870537,8.237027168273926,21400,388.8035888671875,132.0,,1.0,3.0,,0.00026759911924845387,0.00030091891905797296,,1,,
2023-04-26,8.316765515214968,8.348661037133992,8.260947781519754,8.268921852111816,18600,387.15673828125,130.0,,1.0,3.0,,0.0002835657708929404,0.0002816919012386657,,0,,
2023-04-27,8.33271445152015,8.412453651428223,8.316767067808156,8.412453651428223,30600,394.8642578125,130.0,,1.0,3.0,,0.0003481770058331194,0.0002927954021674205,,0,,
2023-04-28,8.420427543032641,8.579905178981312,8.41245347112287,8.48421859741211,195600,398.2344970703125,129.0,,1.0,3.0,,0.00040914245330149983,0.00028329774799326017,,0,,
2023-05-01,8.508139721853258,8.540035247802734,8.436374598354604,8.540035247802734,29900,397.8323669433594,127.0,,1.0,3.0,,0.0004822771670197367,0.000270672851083696,,0,,
2023-05-02,8.324740299907502,8.324740299907502,8.26892331677473,8.292844772338867,49800,393.36102294921875,132.0,,1.0,3.0,,0.0004163333598415497,0.00026759911924845387,,1,,
2023-05-03,8.356633740960618,8.587877208657194,8.348660431396285,8.364607810974121,21100,390.6611022949219,130.0,,1.0,3.0,,0.00034552558953302587,0.0002835657708929404,,0,,
2023-05-04,8.268921852111816,8.268921852111816,8.17323528635474,8.268921852111816,34000,387.89398193359375,129.0,,4.0,3.0,,0.00028444095218236226,0.0003481770058331194,,1,,
2023-05-05,8.340687181634857,8.420426368713379,8.340687181634857,8.420426368713379,26300,395.0749816894531,130.0,,4.0,3.0,,0.00029083053161264904,0.00040914245330149983,,0,,
2023-05-08,8.428400481014389,8.428400481014389,8.356635357905201,8.404479026794434,31400,395.1802673339844,128.0,,4.0,3.0,,0.0002975286719351018,0.0004822771670197367,,0,,
2023-05-09,8.308792186761726,8.412452832369803,8.308792186761726,8.356635093688965,87100,393.447265625,126.0,,4.0,3.0,,0.00027157956698038976,0.0004163333598415497,,0,,
2023-05-10,8.348660431396285,8.380555951001128,8.292842701750931,8.364607810974121,24000,395.28558349609375,124.0,,4.0,3.0,,0.00026348094508079207,0.00034552558953302587,,0,,
2023-05-11,8.229053717201596,8.3406884439165,8.221080405646457,8.292844772338867,11700,394.5961608886719,123.0,,4.0,3.0,,0.00022355471633033605,0.00028444095218236226,,0,,
2023-05-12,8.276895845405372,8.292843225991337,8.197156661127886,8.221078872680664,39200,394.0791931152344,122.0,,4.0,3.0,,0.00016243774216996373,0.00029083053161264904,,0,,
2023-05-15,8.26094793548304,8.324738980509993,8.2529746251916,8.284870147705078,37700,395.4388122558594,120.0,,4.0,3.0,,0.00010304540270713653,0.0002975286719351018,,0,,
2023-05-16,8.229052428702387,8.332713067181684,8.173235454309397,8.19715690612793,29700,392.7961730957031,119.0,,4.0,3.0,,6.241782330465379e-05,0.00027157956698038976,,0,,
2023-05-17,8.189184919277237,8.284871502464538,8.18121084723262,8.276897430419922,77500,397.5643005371094,118.0,,4.0,3.0,,5.6466808868019355e-05,0.00026348094508079207,,0,,
2023-05-18,8.213105866561442,8.252975463867188,8.18121034080671,8.252975463867188,20300,401.39410400390625,117.0,,4.0,3.0,,2.993550282782293e-05,0.00022355471633033605,,0,,
2023-05-19,8.268921967260837,8.300817489624023,8.252974586303862,8.300817489624023,12300,400.8101501464844,115.0,,4.0,3.0,,1.237597764109446e-05,0.00016243774216996373,,0,,
2023-05-22,8.340686361382781,8.388530021014631,8.308790841777938,8.364607810974121,32400,400.9728088378906,114.0,,4.0,3.0,,2.177639449163589e-05,0.00010304540270713653,,0,,
2023-05-23,8.364609869963296,8.524087507243703,8.364609869963296,8.380558013916016,22400,396.4728698730469,112.0,,4.0,1.0,,3.874720579638189e-05,6.241782330465379e-05,,0,,
2023-05-24,8.173235938941142,8.173235938941142,7.926045053994992,7.957940578460693,36200,393.6004333496094,131.0,,4.0,4.0,,1.9995937669455246e-06,5.6466808868019355e-05,,1,,
2023-05-25,7.949967271306417,7.965914653321897,7.878202151113543,7.918071746826172,45700,397.009033203125,129.0,,4.0,4.0,,-7.797544520918965e-05,2.993550282782293e-05,,0,,
2023-05-26,7.957940408575986,8.029705527204106,7.91009750312342,7.989836692810059,63700,402.15057373046875,128.0,,4.0,4.0,,-0.00013823482793879564,1.237597764109446e-05,,0,,
2023-05-30,8.205132712049496,8.205132712049496,8.037680993009735,8.117420196533203,100900,402.3036804199219,128.0,,4.0,4.0,,-0.00010992668440115423,2.177639449163589e-05,,0,,
2023-05-31,7.973890013538134,7.973890013538134,7.782516835721077,7.902124881744385,299500,400.07293701171875,131.0,,4.0,4.0,,-9.468195494794873e-05,3.874720579638189e-05,,1,,
2023-06-01,7.965914363612126,8.061600933572869,7.965914363612126,7.997809886932373,79700,403.8739318847656,130.0,,4.0,4.0,,-9.160153022811823e-05,1.9995937669455246e-06,,0,,
2023-06-02,8.085524184978881,8.197158150714408,8.085524184978881,8.157288551330566,57600,409.7143859863281,131.0,,4.0,4.0,,-9.699676409041838e-05,-7.797544520918965e-05,,0,,
2023-06-05,8.141340834294702,8.141340834294702,8.053628327603331,8.061601638793945,97800,408.9292907714844,130.0,,4.0,4.0,,-8.799984259469844e-05,-0.00013823482793879564,,0,,
2023-06-06,8.061601065903146,8.141340255737305,8.061601065903146,8.141340255737305,30600,409.81976318359375,129.0,,4.0,4.0,,-7.02788352885808e-05,-0.00010992668440115423,,0,,
2023-06-07,8.117418689186598,8.141340141621834,8.085523165789862,8.109444618225098,79900,408.40264892578125,127.0,,4.0,4.0,,-7.322252084010428e-05,-9.468195494794873e-05,,0,,
2023-06-08,8.109446124090976,8.165263110287762,8.061602449887014,8.117420196533203,35000,410.8729553222656,125.0,,4.0,4.0,,-6.618725072258634e-05,-9.160153022811823e-05,,0,,
2023-06-09,8.077550486685471,8.12539339979984,8.069576414349944,8.085524559020996,37100,411.6101379394531,124.0,,4.0,4.0,,-6.584614634423429e-05,-9.699676409041838e-05,,0,,
2023-06-12,8.061601679786646,8.061601679786646,7.957941029288286,8.045654296875,141800,415.3442687988281,122.0,,4.0,4.0,,-6.860160758634418e-05,-8.799984259469844e-05,,1,,
2023-06-13,8.109444503659022,8.109444503659022,8.053627528615603,8.07754898071289,130400,418.0826110839844,120.0,,4.0,4.0,,-6.008761056703845e-05,-7.02788352885808e-05,,0,,
2023-06-14,8.141341544470894,8.173237073363605,8.061602342014417,8.085524559020996,48100,418.5804443359375,119.0,,4.0,4.0,,-5.3489274661691674e-05,-7.322252084010428e-05,,0,,
2023-06-15,8.069575136976416,8.165261708507844,8.069575136976416,8.141340255737305,171300,423.7698974609375,117.0,,4.0,4.0,,-5.0244471174801455e-05,-6.618725072258634e-05,,0,,
2023-06-16,8.14134105753555,8.165262512661988,8.093497386833326,8.12539291381836,36700,422.3264465332031,115.0,,4.0,4.0,,-4.373327103073604e-05,-6.584614634423429e-05,,0,,
2023-06-20,8.093495130116256,8.093495130116256,7.997808575841531,8.029704093933105,115700,420.1353454589844,115.0,,4.0,4.0,,-5.682621673469716e-05,-6.860160758634418e-05,,1,,
2023-06-21,7.997809849482656,8.005783920387694,7.949966944950939,7.973888397216797,71200,417.982666015625,114.0,,4.0,4.0,,-7.600747964455185e-05,-6.008761056703845e-05,,0,,
2023-06-22,7.878201407363127,7.910096928832241,7.854279956373596,7.870227336883545,56400,419.4914855957031,113.0,,4.0,4.0,,-0.00011719895313741204,-5.3489274661691674e-05,,1,,
2023-06-23,7.830358982086182,7.862254508594603,7.822385670796078,7.830358982086182,49900,416.3200988769531,112.0,,4.0,4.0,,-0.00014981320659101927,-5.0244471174801455e-05,,0,,
2023-06-26,7.886176621408345,7.92604545868916,7.862254406500664,7.910098075866699,121100,414.6191101074219,111.0,,4.0,3.0,,-0.00015064733041741138,-4.373327103073604e-05,,0,,
2023-06-27,7.949966944950939,7.973888397216797,7.926044732235823,7.973888397216797,72100,419.1647033691406,110.0,,4.0,3.0,,-0.00013179806950343266,-5.682621673469716e-05,,0,,
2023-06-28,7.9340190120635015,7.9419930831785175,7.902123488052715,7.926044940948486,40700,419.3760681152344,109.0,,4.0,3.0,,-0.00012716825037449098,-7.600747964455185e-05,,0,,
2023-06-29,7.8383331298828125,7.86225458488391,7.814411674881715,7.8383331298828125,32000,421.0290222167969,108.0,,4.0,3.0,,-0.00013416773732396401,-0.00011719895313741204,,1,,
2023-06-30,8.029704093933105,8.061599612024681,8.021730784747064,8.029704093933105,69300,425.99749755859375,111.0,,4.0,3.0,,-0.00014421760830959766,-0.00014981320659101927,,0,,
2023-07-03,8.061602191241345,8.085524407800515,8.045654807317943,8.069576263427734,28400,426.4876403808594,110.0,,1.0,3.0,,-0.0001231763044951429,-0.00015064733041741138,,0,,
2023-07-05,7.949967520198335,7.957940831231054,7.8941497802734375,7.8941497802734375,45200,425.85333251953125,112.0,,1.0,3.0,,-0.00014585081914416512,-0.00013179806950343266,,1,,
2023-07-06,7.806436901974639,7.814410973075307,7.694802187913107,7.77454137802124,101000,422.5186767578125,113.0,,4.0,3.0,,-0.00018118399051053047,-0.00012716825037449098,,1,,
2023-07-07,7.758594437420397,7.886177313442468,7.758594437420397,7.862255096435547,85700,421.451904296875,112.0,,4.0,3.0,,-0.00021948405467740175,-0.00013416773732396401,,0,,
2023-07-10,7.806437603064901,7.85428127351644,7.806437603064901,7.8383331298828125,62200,422.5186767578125,110.0,,4.0,3.0,,-0.00018854170259931488,-0.00014421760830959766,,0,,
2023-07-11,7.934020806708055,8.005785942077637,7.918073421320064,8.005785942077637,86500,425.2094421386719,113.0,,4.0,3.0,,-0.0001184195599604605,-0.0001231763044951429,,0,,
2023-07-12,8.101471236544324,8.109445308184265,8.061601638793945,8.061601638793945,57200,428.63067626953125,111.0,,1.0,3.0,,-5.097275326836193e-05,-0.00014585081914416512,,0,,
2023-07-13,8.149315060748222,8.229053497314453,8.149315060748222,8.229053497314453,29400,432.0326232910156,113.0,,1.0,3.0,,-3.902935178434004e-06,-0.00018118399051053047,,0,,
2023-07-14,8.141338787478187,8.141338787478187,8.029704093933105,8.029704093933105,20100,431.7635498046875,116.0,,1.0,3.0,,-2.908368603556638e-06,-0.00021948405467740175,,1,,
2023-07-17,8.117418535062127,8.117418535062127,8.07754894146089,8.093496322631836,25300,433.2627258300781,115.0,,1.0,3.0,,-2.463511463570479e-06,-0.00018854170259931488,,0,,
2023-07-18,8.061600517226992,8.157287082245949,8.061600517226992,8.133365631103516,27500,436.482177734375,114.0,,1.0,3.0,,-1.9377704006952057e-05,-0.0001184195599604605,,0,,
2023-07-19,8.173235094358965,8.197156545123994,8.149313643593938,8.189183235168457,23900,437.4527893066406,112.0,,1.0,3.0,,-2.9153925912266015e-05,-5.097275326836193e-05,,0,,
2023-07-20,8.284871502464538,8.292844814059789,8.252975974735438,8.276897430419922,31300,434.5504150390625,112.0,1.0,1.0,3.0,3.0,-3.5461711198557896e-05,-3.902935178434004e-06,,0,1.0,1.0
2023-07-21,8.205131643109672,8.237027168273926,8.197157571706283,8.237027168273926,28100,434.5504150390625,110.0,1.0,1.0,3.0,3.0,-3.9705282155310706e-05,-2.908368603556638e-06,,1,1.0,2.0
2023-07-24,8.237027789206095,8.300818844343366,8.237027789206095,8.292844772338867,37500,436.4917907714844,109.0,1.0,1.0,3.0,3.0,-2.4340379039204013e-05,-2.463511463570479e-06,,0,1.0,3.0
2023-07-25,8.316765670218555,8.340687121991353,8.268922006223718,8.284870147705078,67800,437.6833801269531,107.0,1.0,1.0,3.0,3.0,-5.530871814183457e-06,-1.9377704006952057e-05,,0,1.0,4.0
2023-07-26,8.276898046913823,8.348663179761973,8.26892397427527,8.332715034484863,20200,437.75067138671875,106.0,1.0,1.0,3.0,3.0,2.9535653468051783e-05,-2.9153925912266015e-05,,0,1.0,5.0
2023-07-27,8.165262623297206,8.21310629464769,8.157288551330566,8.157288551330566,55200,434.8484191894531,108.0,1.0,1.0,3.0,3.0,3.278570012978856e-05,-3.5461711198557896e-05,,1,1.0,6.0
2023-07-28,8.005785942077637,8.061602931609778,7.989838556689645,8.005785942077637,22400,439.105712890625,110.0,1.0,1.0,3.0,3.0,6.007960722772837e-06,-3.9705282155310706e-05,,1,1.0,7.0
2023-07-31,8.053627025542768,8.053627025542768,7.957939702232265,7.965913772583008,32400,439.9417419433594,108.0,1.0,1.0,3.0,3.0,-3.891577317631315e-05,-2.4340379039204013e-05,,0,1.0,8.0
2023-08-01,7.902123013299455,7.902123013299455,7.846306039746338,7.886175632476807,28000,438.6828308105469,108.0,1.0,4.0,3.0,4.0,-7.570148845918854e-05,-5.530871814183457e-06,,1,2.0,9.0
2023-08-02,7.758592969374913,7.766567040201736,7.66290640080078,7.68682861328125,35300,432.58038330078125,112.0,4.0,4.0,3.0,10.0,-0.00010632915934926492,2.9535653468051783e-05,,1,4.0,1.0
2023-08-03,7.686829197715188,7.798463155981312,7.686829197715188,7.758593559265137,71900,431.3406982421875,111.0,4.0,4.0,3.0,10.0,-0.00012219365972249426,3.278570012978856e-05,,0,4.0,2.0
2023-08-04,7.822385447192955,7.87820242687483,7.766567707061768,7.766567707061768,37100,429.38983154296875,109.0,4.0,4.0,3.0,10.0,-0.00011494917808552781,6.007960722772837e-06,,0,4.0,3.0
2023-08-07,7.8622542953082535,7.886176509877612,7.846306912711329,7.878202438354492,41300,433.1377868652344,109.0,4.0,4.0,3.0,10.0,-7.813343162401018e-05,-3.891577317631315e-05,,0,4.0,4.0
2023-08-08,7.750619244745155,7.846305808205069,7.71872372359185,7.822384357452393,72400,431.25421142578125,108.0,4.0,4.0,3.0,10.0,-7.399624313388381e-05,-7.570148845918854e-05,,1,4.0,5.0
2023-08-09,7.798461991616619,7.838331582379987,7.75859240085325,7.806436061859131,73000,428.3711853027344,106.0,4.0,4.0,3.0,10.0,-8.775231892752071e-05,-0.00010632915934926492,,0,4.0,6.0
2023-08-10,7.926045119660247,7.926045119660247,7.806437092035268,7.814411163330078,51400,428.52496337890625,105.0,4.0,4.0,3.0,10.0,-0.00010770809733347192,-0.00012219365972249426,,0,4.0,7.0
2023-08-11,7.798463606764609,7.8463072776794425,7.782516223425898,7.846307277679443,33500,428.275146484375,103.0,4.0,4.0,3.0,10.0,-9.778586949116181e-05,-0.00011494917808552781,,0,4.0,8.0
2023-08-14,7.766567707061768,7.910097952471516,7.758593635550267,7.766567707061768,66400,430.6391906738281,103.0,4.0,4.0,3.0,10.0,-0.00010378190763389435,-7.813343162401018e-05,,0,4.0,9.0
2023-08-15,7.742646472158129,7.830358979919685,7.6788554191589355,7.6788554191589355,86200,425.6226806640625,103.0,4.0,4.0,3.0,10.0,-0.00012593612636752747,-7.399624313388381e-05,,0,4.0,10.0
2023-08-16,7.862253956262543,7.886176169800299,7.766567383459367,7.782515525817871,78900,422.4994201660156,103.0,4.0,4.0,3.0,10.0,-0.0001284703478563896,-8.775231892752071e-05,,0,4.0,11.0
2023-08-17,7.85428004755889,7.862253357681824,7.7266971997520315,7.750619411468506,93800,419.2800598144531,101.0,4.0,4.0,3.0,10.0,-0.00010231334061740746,-0.00010770809733347192,,0,4.0,12.0
2023-08-18,7.718725381624141,7.854281565756336,7.718725381624141,7.798463821411133,212600,419.4818420410156,100.0,4.0,4.0,1.0,8.0,-7.76705085433013e-05,-9.778586949116181e-05,,0,4.0,13.0
2023-08-21,7.68682770013301,7.734670598512008,7.662905490494353,7.71074914932251,134700,422.2110595703125,100.0,4.0,4.0,1.0,8.0,-9.452045120148845e-05,-0.00010378190763389435,,0,4.0,14.0
2023-08-22,7.726698328683662,7.726698328683662,7.654933964396572,7.6788554191589355,305500,421.0674743652344,99.0,4.0,4.0,1.0,8.0,-0.00013978097050342612,-0.00012593612636752747,,0,4.0,15.0
2023-08-23,7.734672765401791,7.798463821411133,7.734672765401791,7.798463821411133,111700,425.75726318359375,99.0,4.0,4.0,1.0,8.0,-0.00015278908895016125,-0.0001284703478563896,,0,4.0,16.0
2023-08-24,7.76656700059094,7.830358045981685,7.694801884414042,7.702775955200195,68700,419.85662841796875,99.0,4.0,4.0,1.0,8.0,-0.0001910790243273946,-0.00010231334061740746,,0,4.0,17.0
2023-08-25,7.729884817931536,7.828459239672017,7.729884817931536,7.779172420501709,240600,422.8164978027344,99.0,4.0,4.0,1.0,8.0,-0.0001781276432605935,-7.76705085433013e-05,,0,4.0,18.0
2023-08-28,7.721670336748984,7.9106052387472525,7.697026926366563,7.8613176345825195,219000,425.4977722167969,98.0,4.0,4.0,1.0,8.0,-0.00016685719304515277,-9.452045120148845e-05,,0,4.0,19.0
2023-08-29,7.951677591788845,7.976321000560136,7.918819452293843,7.968106269836426,157000,431.6482849121094,99.0,4.0,4.0,1.0,8.0,-0.00010633304101024202,-0.00013978097050342612,,0,4.0,20.0
2023-08-30,7.984534280909768,8.000962955973113,7.943461418151856,7.9434614181518555,387300,433.4261474609375,97.0,4.0,4.0,1.0,8.0,-0.00010039513086843351,-0.00015278908895016125,,0,4.0,21.0
2023-08-31,7.951677863108152,7.951677863108152,7.869532119867832,7.8941755294799805,46500,432.79180908203125,96.0,4.0,4.0,1.0,8.0,-0.00011948257352248702,-0.0001910790243273946,,0,4.0,22.0
2023-09-01,7.885961092458094,7.885961092458094,7.844888223386994,7.869531631469727,39600,433.59906005859375,95.0,4.0,4.0,1.0,8.0,-0.00012560781701904085,-0.0001781276432605935,,0,4.0,23.0
2023-09-05,7.81203155023344,7.81203155023344,7.738100528717041,7.738100528717041,137800,431.72509765625,96.0,4.0,4.0,1.0,8.0,-0.0001360784179301451,-0.00016685719304515277,,1,4.0,24.0
2023-09-06,7.705241928044156,7.705241928044156,7.672383785247803,7.672383785247803,81500,428.8228454589844,95.0,4.0,4.0,1.0,8.0,-0.00011394250824279293,-0.00010633304101024202,,1,4.0,25.0
2023-09-07,7.664169053698735,7.68881246494602,7.631310910902381,7.672383785247803,123000,427.50634765625,94.0,4.0,4.0,1.0,8.0,-0.00013433970098299285,-0.00010039513086843351,,0,4.0,26.0
2023-09-08,7.614881271744098,7.680597549056684,7.614881271744098,7.647739410400391,73100,428.150146484375,93.0,4.0,4.0,1.0,8.0,-8.679620171588683e-05,-0.00011948257352248702,,0,4.0,27.0
2023-09-11,7.828459251296551,7.836673982303757,7.779172432053057,7.803815841674805,135900,430.9659118652344,95.0,4.0,4.0,1.0,8.0,-6.476947461424885e-05,-0.00012560781701904085,,0,4.0,28.0
2023-09-12,7.8366744324918365,7.844889163970947,7.803816289975305,7.844889163970947,94700,428.601806640625,94.0,4.0,1.0,1.0,7.0,-2.5060969847009963e-05,-0.0001360784179301451,,0,2.0,29.0
2023-09-13,8.025607858954618,8.214541947720297,8.025607858954618,8.198112487792969,42200,429.1015930175781,111.0,4.0,1.0,4.0,11.0,4.531739060504534e-05,-0.00011394250824279293,,0,2.0,30.0
2023-09-14,8.189899904202944,8.263830919380087,8.181685172872173,8.255616188049316,124800,432.80145263671875,109.0,4.0,1.0,4.0,11.0,0.00014843521631621522,-0.00013433970098299285,,0,2.0,31.0
2023-09-15,8.247401456718546,8.288474329972502,8.230972777456902,8.255616188049316,41600,427.5868835449219,108.0,4.0,1.0,4.0,11.0,0.00025452007107402806,-8.679620171588683e-05,,0,2.0,32.0
2023-09-18,8.230971407647626,8.230971407647626,8.148825674810517,8.198112487792969,54200,427.837646484375,107.0,4.0,1.0,4.0,11.0,0.0002697838626186066,-6.476947461424885e-05,,1,2.0,33.0
2023-09-19,8.230971849725757,8.230971849725757,8.157040842881543,8.214542388916016,53400,426.95037841796875,105.0,4.0,1.0,4.0,11.0,0.00024557457480177777,-2.5060969847009963e-05,,0,2.0,34.0
2023-09-20,8.288473839149564,8.313117248282657,8.230972290039062,8.230972290039062,48800,423.0252990722656,103.0,4.0,1.0,4.0,11.0,0.0002177581084700904,4.531739060504534e-05,,0,2.0,35.0
2023-09-21,8.214542140302486,8.239185547371454,8.1570405960083,8.1570405960083,40500,416.0333557128906,103.0,4.0,1.0,4.0,11.0,0.0001815146020423885,0.00014843521631621522,,0,2.0,36.0
2023-09-22,8.181684003077269,8.239185547371454,8.124182458783082,8.1570405960083,41900,415.0979309082031,101.0,4.0,1.0,4.0,11.0,0.00015608479888974198,0.00025452007107402806,,0,2.0,37.0
2023-09-25,8.033821547680038,8.058465736780098,7.976320006579384,8.050251007080078,184300,416.84344482421875,101.0,4.0,1.0,4.0,11.0,0.00010549959171135568,0.0002697838626186066,,1,2.0,38.0
2023-09-26,8.124182230243388,8.140610906693952,8.042036497791273,8.058465957641602,38700,410.71954345703125,100.0,4.0,1.0,4.0,11.0,8.642164360336278e-05,0.00024557457480177777,,0,2.0,39.0
2023-09-27,8.000962955973113,8.000962955973113,7.9188180138569875,7.9434614181518555,113000,410.8834533691406,100.0,4.0,1.0,4.0,11.0,4.597851209752852e-05,0.0002177581084700904,,1,2.0,40.0
2023-09-28,7.935248130341424,7.984535731283847,7.918819452293843,7.968106269836426,107800,413.2655944824219,99.0,4.0,1.0,3.0,9.0,1.639475220487294e-05,0.0001815146020423885,,0,2.0,41.0
2023-09-29,8.042036560930915,8.042036560930915,7.894174554716121,7.935247421264648,69600,412.2625732421875,98.0,4.0,1.0,3.0,9.0,-1.4188106228462794e-05,0.00015608479888974198,,0,2.0,42.0
2023-10-02,7.869531204353388,7.869531204353388,7.705240520385631,7.7216691970825195,114000,412.0986022949219,103.0,4.0,1.0,3.0,9.0,-7.579419982663628e-05,0.00010549959171135568,,1,2.0,43.0
2023-10-03,7.697026955054285,7.697026955054285,7.598452529757313,7.614881992340088,98000,406.5822448730469,103.0,4.0,4.0,3.0,10.0,-0.00013730541728539745,8.642164360336278e-05,,1,4.0,44.0
2023-10-04,7.7380981053548625,7.943461641519482,7.688810511979477,7.885960102081299,259600,409.54296875,112.0,4.0,4.0,3.0,10.0,-0.000154248198679726,4.597851209752852e-05,,0,4.0,45.0
2023-10-05,7.885960587275599,7.976320266723633,7.885960587275599,7.976320266723633,93600,409.3886413574219,112.0,4.0,4.0,3.0,10.0,-0.00011399685858980472,1.639475220487294e-05,,0,4.0,46.0
2023-10-06,8.452764757035766,8.452764757035766,8.18989963043714,8.419906616210938,94100,414.249267578125,132.0,1.0,1.0,4.0,5.0,1.7822209695846682e-05,-1.4188106228462794e-05,,0,2.0,47.0
2023-10-09,8.206327854131516,8.272044132137387,8.181684445729271,8.263830184936523,42200,416.9013671875,133.0,1.0,1.0,4.0,5.0,7.606424341500131e-05,-7.579419982663628e-05,,0,2.0,48.0
2023-10-10,8.403476444965293,8.41990590569123,8.370618306913222,8.38704776763916,50100,419.07122802734375,133.0,1.0,1.0,4.0,5.0,0.00012425069922935,-0.00013730541728539745,,0,2.0,49.0
2023-10-11,8.403475741893853,8.460978066223937,8.387047065942216,8.444548606872559,32400,420.7879333496094,131.0,1.0,1.0,4.0,5.0,9.652979602378507e-05,-0.000154248198679726,,0,2.0,50.0
2023-10-12,8.378833037276191,8.460978774106271,8.378833037276191,8.38704776763916,43500,418.22259521484375,129.0,1.0,1.0,4.0,5.0,9.927010333077124e-05,-0.00011399685858980472,,0,2.0,51.0
2023-10-13,8.395262742352195,8.40347668955443,8.288473594724838,8.3541898727417,45500,416.1395263671875,127.0,1.0,1.0,4.0,5.0,9.740163946777653e-05,1.7822209695846682e-05,,0,2.0,52.0
2023-10-16,8.411690491108345,8.444548626487684,8.378832355729006,8.403475761413574,51300,420.51788330078125,126.0,1.0,1.0,4.0,5.0,0.00011353244982156949,7.606424341500131e-05,,0,2.0,53.0
2023-10-17,8.321331733733269,8.40347668955443,8.296688325326903,8.3541898727417,89100,420.49853515625,124.0,1.0,1.0,4.0,5.0,0.0001313701821969913,0.00012425069922935,,0,2.0,54.0
2023-10-18,8.296688594121662,8.32133200332642,8.24740099231229,8.280259132385254,133200,414.89544677734375,123.0,1.0,1.0,4.0,5.0,0.00013785033978606548,9.652979602378507e-05,,0,2.0,55.0
2023-10-19,8.255615478576956,8.304902295526169,8.214542608852728,8.222757339477539,55800,411.24993896484375,122.0,1.0,1.0,4.0,5.0,0.00011587323282919691,9.927010333077124e-05,,0,2.0,56.0
2023-10-20,8.15704014298111,8.15704014298111,8.050251007080078,8.050251007080078,74300,406.1965026855469,123.0,4.0,1.0,4.0,11.0,6.365385481790102e-05,9.740163946777653e-05,,1,2.0,57.0
2023-10-23,8.09132456290553,8.206327654924209,8.08310983250425,8.12418270111084,76900,405.4925231933594,122.0,4.0,1.0,4.0,11.0,3.756930382019555e-05,0.00011353244982156949,,0,2.0,58.0
2023-10-24,8.042037498760104,8.066680908203125,7.984535948926433,8.066680908203125,77900,408.54962158203125,121.0,4.0,1.0,4.0,11.0,7.429783199407895e-06,0.0001313701821969913,,1,2.0,59.0
2023-10-25,8.02560857669204,8.083110124780573,8.00917911529541,8.00917911529541,31200,402.68609619140625,119.0,4.0,1.0,4.0,11.0,-2.1644588958207285e-05,0.00013785033978606548,,0,2.0,60.0
2023-10-26,8.066679904167001,8.074894634092166,8.00917836149038,8.058465957641602,63500,397.864013671875,118.0,4.0,1.0,4.0,11.0,-6.919405783370258e-05,0.00011587323282919691,,0,2.0,61.0
2023-10-27,8.124182272547477,8.124182272547477,7.951676860219582,7.976320266723633,48600,396.0606689453125,117.0,4.0,1.0,4.0,11.0,-0.00011202835133506172,6.365385481790102e-05,,0,2.0,62.0
2023-10-30,8.074895125227052,8.132396671401057,8.066680394802246,8.083109855651855,81400,400.7958068847656,116.0,4.0,1.0,4.0,11.0,-0.00010736052152195113,3.756930382019555e-05,,0,2.0,63.0
2023-10-31,8.124182480727756,8.181684025177264,8.066680152878462,8.115967750549316,123400,403.3129577636719,115.0,4.0,1.0,4.0,11.0,-9.448926756618166e-05,7.429783199407895e-06,,0,2.0,64.0
2023-11-01,8.173469739128498,8.239186017327333,8.14061160002908,8.222757339477539,45300,407.61419677734375,115.0,4.0,1.0,4.0,11.0,-5.192110512680204e-05,-2.1644588958207285e-05,,0,2.0,65.0
2023-11-02,8.329546024849803,8.337759971618652,8.239185559794368,8.337759971618652,39800,415.42584228515625,114.0,1.0,1.0,4.0,5.0,-4.396721781616679e-06,-6.919405783370258e-05,,0,2.0,66.0
2023-11-03,8.395262233958341,8.477407184805031,8.362404096939708,8.460978507995605,27000,419.2159423828125,115.0,1.0,1.0,4.0,5.0,5.35973935974593e-05,-0.00011202835133506172,,0,2.0,67.0
2023-11-06,8.493836912158342,8.493836912158342,8.38704776763916,8.38704776763916,54300,420.1802978515625,113.0,1.0,1.0,3.0,3.0,9.71330004064828e-05,-0.00010736052152195113,,0,1.0,1.0
2023-11-07,8.370618058527928,8.370618058527928,8.304901784373817,8.329545974731445,47100,421.3761291503906,112.0,1.0,1.0,3.0,3.0,9.995532406293461e-05,-9.448926756618166e-05,,1,1.0,2.0
2023-11-08,8.32133151442329,8.362404382951304,8.32133151442329,8.345974922180176,39300,421.6847839355469,111.0,1.0,1.0,3.0,3.0,0.0001037457742057282,-5.192110512680204e-05,,0,1.0,3.0
2023-11-09,8.362404874267588,8.387048283472348,8.280259132385254,8.280259132385254,34100,418.3962097167969,109.0,1.0,1.0,3.0,3.0,8.816438514510543e-05,-4.396721781616679e-06,,0,1.0,4.0
2023-11-10,8.239185510219704,8.337759921450871,8.189898696304011,8.329545974731445,39800,424.9252014160156,108.0,1.0,1.0,3.0,3.0,9.363447743484099e-05,5.35973935974593e-05,,0,1.0,5.0
2023-11-13,8.444550267354622,8.518481282173664,8.436336319463535,8.477408409118652,59500,424.5201416015625,109.0,1.0,1.0,3.0,3.0,0.0001254080502794186,9.71330004064828e-05,,0,1.0,6.0
2023-11-14,8.543124173811956,8.608840453348982,8.543124173811956,8.584197044372559,28300,432.7561340332031,109.0,1.0,1.0,3.0,3.0,0.00023047199377376464,9.995532406293461e-05,,0,1.0,7.0
2023-11-15,8.502051868776313,8.658127832827162,8.502051868776313,8.575982093811035,31400,433.67230224609375,107.0,1.0,1.0,3.0,3.0,0.00030716421613031185,0.0001037457742057282,,0,1.0,8.0
2023-11-16,8.617054963319099,8.633484424482255,8.551338685466128,8.575982093811035,26500,434.2027282714844,106.0,1.0,1.0,3.0,3.0,0.0003302843858918856,8.816438514510543e-05,,0,1.0,9.0
2023-11-17,8.707414855202591,8.805989265441895,8.690985395129488,8.805989265441895,20000,434.74285888671875,110.0,1.0,1.0,3.0,3.0,0.0002829069143618278,9.363447743484099e-05,,0,1.0,10.0
2023-11-20,8.781345322471752,8.896349196020793,8.781345322471752,8.86349105834961,23600,438.08929443359375,109.0,1.0,1.0,3.0,3.0,0.00029327056727637826,0.0001254080502794186,,0,1.0,11.0
2023-11-21,8.847062624439321,8.871706032520262,8.822418432958562,8.830633163452148,55300,437.134521484375,107.0,1.0,1.0,3.0,3.0,0.00029639364609284697,0.00023047199377376464,,0,1.0,12.0
2023-11-22,8.715628823043462,8.773131150039449,8.699200146330162,8.76491641998291,19900,438.8222351074219,106.0,1.0,1.0,3.0,3.0,0.00028551727926578774,0.00030716421613031185,,1,1.0,13.0
2023-11-24,8.879920255338021,8.962065205378103,8.879920255338021,8.937421798706055,11300,439.09222412109375,108.0,1.0,1.0,3.0,3.0,0.0002745892095309487,0.0003302843858918856,,0,1.0,14.0
2023-11-27,8.9538502139733,9.027781215231022,8.937421537804779,9.0113525390625,17600,438.3013916015625,107.0,1.0,1.0,3.0,3.0,0.00029332899265746977,0.0002829069143618278,,0,1.0,15.0
2023-11-28,8.98670932522971,9.035996925885009,8.962065916601976,8.970280647277832,32200,438.73541259765625,106.0,1.0,1.0,3.0,3.0,0.00033197481826287046,0.00029327056727637826,,0,1.0,16.0
2023-11-29,8.822417720972542,8.863490586725996,8.789559585049728,8.797774314880371,26900,438.4267578125,107.0,1.0,1.0,3.0,3.0,0.0003127989514125981,0.00029639364609284697,,1,1.0,17.0
2023-11-30,8.847063139892208,8.855277087464543,8.789560806486687,8.814204216003418,16700,440.153076171875,106.0,1.0,1.0,3.0,3.0,0.0002968576476955191,0.00028551727926578774,,0,1.0,18.0
2023-12-01,8.83884762863213,8.9127786340556,8.814203437891111,8.904563903808594,94900,442.7569274902344,105.0,1.0,1.0,3.0,3.0,0.0003106844442682566,0.0002745892095309487,,0,1.0,19.0
2023-12-04,8.871706032520262,8.920992848682143,8.814203702464976,8.830633163452148,566400,440.43280029296875,104.0,1.0,1.0,3.0,3.0,0.0003474323866905267,0.00029332899265746977,,0,1.0,20.0
2023-12-05,8.814203505271056,8.814203505271056,8.732058552372418,8.78134536743164,112200,440.34600830078125,103.0,1.0,1.0,3.0,3.0,0.0003560513924863655,0.00033197481826287046,,1,1.0,21.0
2023-12-06,8.937422333675608,8.94563706419126,8.789560317993164,8.789560317993164,162300,438.571533203125,101.0,1.0,1.0,3.0,3.0,0.00034558701845698687,0.0003127989514125981,,0,1.0,22.0
2023-12-07,8.847062358879137,8.904563903808594,8.83884762863213,8.904563903808594,17900,441.9179992675781,101.0,1.0,1.0,3.0,3.0,0.0003603303729571787,0.0002968576476955191,,0,1.0,23.0
2023-12-08,8.871705766220362,8.920992580902812,8.855276305726349,8.904563903808594,41100,443.81781005859375,100.0,1.0,1.0,1.0,1.0,0.0003966949835174007,0.0003106844442682566,,0,1.0,24.0
2023-12-11,8.863490546212153,8.912778141570962,8.863490546212153,8.87992000579834,23700,445.54412841796875,99.0,1.0,1.0,1.0,1.0,0.0004387314438399118,0.0003474323866905267,,0,1.0,25.0
2023-12-12,8.879920255338021,8.937421798706055,8.86349079529014,8.937421798706055,49500,447.5789489746094,98.0,1.0,1.0,1.0,1.0,0.00046277677575745223,0.0003560513924863655,,0,1.0,26.0
2023-12-13,8.920993288701112,9.035997171084317,8.85527700831067,9.027782440185547,188600,453.75115966796875,97.0,1.0,1.0,1.0,1.0,0.0004975655996550741,0.00034558701845698687,,0,1.0,27.0
2023-12-14,9.052426852944006,9.077070262839532,8.98670978755614,9.03599739074707,69900,455.20745849609375,96.0,1.0,1.0,1.0,1.0,0.0005080598506432473,0.0003603303729571787,,0,1.0,28.0
2023-12-15,9.027781255797859,9.027781255797859,8.929206848144531,8.929206848144531,17000,454.4579162597656,96.0,1.0,1.0,1.0,1.0,0.00047547964656389835,0.0003966949835174007,,0,1.0,29.0
2023-12-18,8.953852196055141,8.953852196055141,8.871707230228902,8.88813591003418,46800,457.0142822265625,94.0,1.0,1.0,1.0,1.0,0.00041489953745700695,0.0004387314438399118,,0,1.0,30.0
2023-12-19,8.912778392034008,8.99492334207409,8.904563662010068,8.937421798706055,49900,459.7933349609375,93.0,1.0,1.0,1.0,1.0,0.0003930913541479875,0.00046277677575745223,,0,1.0,31.0
2023-12-20,8.937422285885305,9.0113532933312,8.871706008911133,8.871706008911133,15400,453.42181396484375,92.0,1.0,1.0,1.0,1.0,0.000384773989428441,0.0004975655996550741,,0,1.0,32.0
2023-12-21,8.920992118323483,8.962064984028974,8.863490576375646,8.929206848144531,21300,457.72119140625,91.0,1.0,1.0,1.0,1.0,0.00039491618257158045,0.0005080598506432473,,0,1.0,33.0
2023-12-22,8.699201038233332,9.274218883349635,8.699201038233332,9.027782440185547,33100,458.6410217285156,91.0,1.0,1.0,1.0,1.0,0.00041956771045661517,0.00047547964656389835,,0,1.0,34.0
2023-12-26,9.200287147510886,9.200287147510886,8.99492359161377,8.99492359161377,22000,460.57763671875,90.0,1.0,1.0,1.0,1.0,0.0004678880239885297,0.00041489953745700695,,0,1.0,35.0
2023-12-27,9.027781926771091,9.068854795529246,8.986709058012934,9.044211387634277,34100,461.410400390625,89.0,1.0,1.0,1.0,1.0,0.000498625796411297,0.0003930913541479875,,0,1.0,36.0
2023-12-28,8.953850942857992,9.077069549451338,8.953850942857992,9.003138542175293,12100,461.58465576171875,88.0,1.0,1.0,1.0,1.0,0.0004791691513626784,0.000384773989428441,,0,1.0,37.0
2023-12-29,9.035995995609971,9.077068861360877,8.986708400028935,9.019566535949707,14300,460.24835205078125,87.0,1.0,1.0,1.0,1.0,0.0004443480891431638,0.00039491618257158045,,0,1.0,38.0
2024-01-02,8.953850966242003,8.978495157664922,8.9292075582189,8.962065696716309,12000,457.67266845703125,86.0,1.0,1.0,1.0,1.0,0.0004047768382251426,0.00041956771045661517,,1,1.0,39.0
2024-01-03,8.871705306196697,8.929206848144531,8.855275846554598,8.929206848144531,14300,453.93505859375,85.0,1.0,1.0,1.0,1.0,0.0003369207863718892,0.0004678880239885297,,1,1.0,40.0
2024-01-04,8.937421798706055,8.98670861205015,8.937421798706055,8.937421798706055,18800,452.4728698730469,84.0,1.0,1.0,1.0,1.0,0.0002967399173118077,0.000498625796411297,,0,1.0,41.0
2024-01-05,8.91277931762277,9.01956768542483,8.91277931762277,8.978495597839355,13800,453.0926513671875,83.0,1.0,1.0,1.0,1.0,0.00027634026576520533,0.0004791691513626784,,0,1.0,42.0
2024-01-08,9.03599690210774,9.118142641850472,9.027782171453502,9.101713180541992,30600,459.5609130859375,83.0,1.0,1.0,1.0,1.0,0.0003194743165015719,0.0004443480891431638,,0,1.0,43.0
2024-01-09,9.003138321865604,9.01956699896948,8.970280184258058,8.99492359161377,14600,458.86376953125,84.0,1.0,1.0,1.0,1.0,0.0003067591468020895,0.0004047768382251426,,1,1.0,44.0
2024-01-10,8.9127786340556,8.929207311149819,8.847062358879137,8.904563903808594,25100,461.4588623046875,84.0,1.0,1.0,1.0,1.0,0.00025987614308942863,0.0003369207863718892,,1,1.0,45.0
2024-01-11,8.86349108093421,8.86349108093421,8.748487207092133,8.822418212890625,19500,461.2554931640625,83.0,1.0,1.0,1.0,1.0,0.000182327745652055,0.0002967399173118077,,0,1.0,46.0
2024-01-12,8.962065205378103,8.970279935402042,8.86349079529014,8.937421798706055,17500,461.57501220703125,84.0,1.0,1.0,1.0,1.0,0.0001769625159270334,0.00027634026576520533,,0,1.0,47.0
2024-01-16,8.904564147398219,8.912778877869943,8.822418409480596,8.871706008911133,29100,459.88043212890625,83.0,1.0,1.0,1.0,1.0,0.00019032421295599167,0.0003194743165015719,,0,1.0,48.0
2024-01-17,8.797774535405342,8.822417942115225,8.732058261912474,8.805989265441895,29600,457.3240966796875,83.0,1.0,4.0,1.0,2.0,0.00018674939281204694,0.0003067591468020895,,1,2.0,49.0
2024-01-18,8.8634924986263,8.88813591003418,8.83063435561582,8.88813591003418,35900,461.3910217285156,82.0,1.0,4.0,1.0,2.0,0.00019072063904486793,0.00025987614308942863,,0,2.0,50.0
2024-01-19,8.929207777298387,9.00313878658142,8.920993046622533,8.970280647277832,20400,467.142822265625,82.0,1.0,4.0,1.0,2.0,0.00023780272532488908,0.000182327745652055,,0,2.0,51.0
2024-01-22,9.109928350614561,9.167429901168166,9.109928350614561,9.118143081665039,40400,468.1304931640625,84.0,1.0,4.0,1.0,2.0,0.0003358595944399235,0.0001769625159270334,,0,2.0,52.0
2024-01-23,9.068855531741065,9.077070262839532,8.97849583985755,9.03599739074707,27700,469.49578857421875,84.0,1.0,1.0,1.0,1.0,0.0003797118258123341,0.00019032421295599167,,1,1.0,53.0
2024-01-24,9.118143134931994,9.118143134931994,9.03599739074707,9.03599739074707,36000,470.009033203125,82.0,1.0,1.0,1.0,1.0,0.00041620322042504944,0.00018674939281204694,,0,1.0,54.0
2024-01-25,9.068853599509204,9.077068328857422,9.011352060871099,9.077068328857422,80800,472.5653381347656,81.0,1.0,1.0,1.0,1.0,0.0004300281310024904,0.00019072063904486793,,0,1.0,55.0
2024-01-26,9.183858674646777,9.183858674646777,9.08528425963194,9.134571075439453,25900,471.9650573730469,81.0,1.0,1.0,1.0,1.0,0.0004622565411704931,0.00023780272532488908,,0,1.0,56.0
2024-01-29,9.060640747711563,9.126357029315646,9.027782606909522,9.118143081665039,60100,475.70263671875,80.0,1.0,1.0,1.0,1.0,0.0004480335980351306,0.0003358595944399235,,0,1.0,57.0
2024-01-30,8.97849583985755,9.044212121845538,8.945637698863555,9.03599739074707,24000,475.3347473144531,79.0,1.0,1.0,1.0,1.0,0.0004200655406217119,0.0003797118258123341,,0,1.0,58.0
2024-01-31,9.118143134931994,9.118143134931994,8.953851646562146,9.03599739074707,12200,467.5785217285156,78.0,1.0,1.0,1.0,1.0,0.00040097516649293205,0.00041620322042504944,,0,1.0,59.0
2024-02-01,8.912779856957412,8.92099380493164,8.830634110015907,8.92099380493164,23300,473.6983337402344,79.0,1.0,1.0,1.0,1.0,0.0003823802917225264,0.0004300281310024904,,1,1.0,60.0
2024-02-02,8.85527581641906,8.888133952191682,8.847061870025717,8.87992000579834,19000,478.68511962890625,78.0,1.0,4.0,1.0,2.0,0.0003587457476159817,0.0004622565411704931,,0,2.0,61.0
2024-02-05,8.822417942115225,8.822417942115225,8.666341988419605,8.805989265441895,61900,476.942138671875,78.0,1.0,4.0,1.0,2.0,0.0003241939548286226,0.0004480335980351306,,1,2.0,62.0
2024-02-06,8.83884762863213,8.920992580902812,8.83884762863213,8.904563903808594,148300,478.3268127441406,78.0,1.0,4.0,1.0,2.0,0.00033467855007656414,0.0004200655406217119,,0,2.0,63.0
2024-02-07,8.888135201854848,8.896349932802924,8.805990242573666,8.855277061462402,62000,482.3162841796875,77.0,1.0,4.0,1.0,2.0,0.00033125534910214007,0.00040097516649293205,,0,2.0,64.0
2024-02-08,8.814203455059879,8.814203455059879,8.699200364976956,8.773131370544434,52700,482.529296875,77.0,1.0,4.0,1.0,2.0,0.00031752191825461885,0.0003823802917225264,,0,2.0,65.0
2024-02-09,8.666342759829826,8.715629577636719,8.625269889390854,8.715629577636719,32400,485.3180236816406,77.0,1.0,4.0,1.0,2.0,0.0002609395143005432,0.0003587457476159817,,0,2.0,66.0
2024-02-12,8.748486938585803,8.814203212078672,8.748486938585803,8.805989265441895,27200,485.1050109863281,77.0,1.0,4.0,1.0,2.0,0.00026508129915350965,0.0003241939548286226,,0,2.0,67.0
2024-02-13,8.715629799966631,8.756702671453345,8.633484840393066,8.633484840393066,35900,478.4236145019531,80.0,1.0,4.0,1.0,2.0,0.00024212537493131865,0.00033467855007656414,,0,2.0,68.0
2024-02-14,8.838847650946171,8.86349105834961,8.797774783007242,8.86349105834961,29000,482.7713928222656,87.0,1.0,4.0,3.0,4.0,0.0002636618310544987,0.00033125534910214007,,0,2.0,69.0
2024-02-15,8.888133992266614,9.019566535949707,8.888133992266614,9.019566535949707,41500,486.10235595703125,89.0,1.0,4.0,3.0,4.0,0.00028960745765193083,0.00031752191825461885,,0,2.0,70.0
2024-02-16,8.986708400028935,9.044210725440104,8.95385026410816,9.019566535949707,36000,483.68157958984375,87.0,1.0,4.0,3.0,4.0,0.0003462767852801585,0.0002609395143005432,,0,2.0,71.0
2024-02-20,9.233145420699021,9.282433019533984,9.224930690326559,9.257789611816406,28500,481.0187072753906,93.0,1.0,1.0,4.0,5.0,0.0003960043553427146,0.00026508129915350965,,0,2.0,72.0
2024-02-21,9.315290721921833,9.331719398498535,9.266003125392189,9.331719398498535,50300,481.4544372558594,92.0,1.0,1.0,4.0,5.0,0.0004015660903153112,0.00024212537493131865,,0,2.0,73.0
2024-02-22,9.454937694275717,9.48779582977295,9.372791963832762,9.48779582977295,78400,491.4183654785156,94.0,1.0,1.0,4.0,5.0,0.00044617350419836574,0.0002636618310544987,,0,2.0,74.0
2024-02-23,9.47958159058567,9.537083134831406,9.438508723238808,9.512439727783203,65600,491.7572937011719,92.0,1.0,1.0,4.0,5.0,0.0004932965161534414,0.00028960745765193083,,0,2.0,75.0
2024-02-26,9.528869166250445,9.56994125010342,9.487796298997683,9.553512573242188,53000,489.95623779296875,91.0,1.0,1.0,4.0,5.0,0.0005664696929405871,0.0003462767852801585,,0,2.0,76.0
2024-02-27,9.463154347124533,9.545299310861436,9.438510152943548,9.537084579467773,200000,490.8664245605469,90.0,1.0,1.0,4.0,5.0,0.0006075049388202704,0.0003960043553427146,,0,2.0,77.0
2024-02-28,9.487796092179947,9.504224768683065,9.389221682961946,9.413865089416504,47900,490.21771240234375,90.0,1.0,1.0,4.0,5.0,0.0006197494778882109,0.0004015660903153112,,0,2.0,78.0
2024-02-29,9.446723246885806,9.446723246885806,9.364577513987761,9.37279224395752,49600,491.9800109863281,89.0,1.0,1.0,4.0,5.0,0.0006152670433737567,0.00044617350419836574,,0,2.0,79.0
2024-03-01,9.405650579690462,9.454938177153373,9.348149035483551,9.422080039978027,53400,496.5987854003906,88.0,1.0,1.0,4.0,5.0,0.000615065721637319,0.0004932965161534414,,0,2.0,80.0
2024-03-04,9.364578441182585,9.528869923245313,9.364578441182585,9.504225730895996,61900,496.0662841796875,88.0,1.0,1.0,4.0,5.0,0.0006121120106132587,0.0005664696929405871,,0,2.0,81.0
2024-03-05,9.405650099329995,9.528868694994427,9.405650099329995,9.48779582977295,119200,491.1085510253906,86.0,1.0,1.0,4.0,5.0,0.00059134898727814,0.0006075049388202704,,0,2.0,82.0
2024-03-06,9.553512331847644,9.6603014706466,9.520654195555638,9.586370468139648,149300,493.59710693359375,86.0,1.0,1.0,4.0,5.0,0.0005567561914197244,0.0006197494778882109,,0,2.0,83.0
2024-03-07,9.76709131334553,9.857450998810693,9.65208743633547,9.841021537780762,44500,498.49676513671875,92.0,1.0,1.0,4.0,5.0,0.0005564797704795838,0.0006152670433737567,,0,2.0,84.0
2024-03-08,9.939596642919694,10.046385005002469,9.923167182045537,10.0053129196167,20700,495.50469970703125,94.0,1.0,1.0,4.0,5.0,0.0005904130715519109,0.000615065721637319,,0,2.0,85.0
2024-03-11,9.91495200742683,9.91495200742683,9.832807056935506,9.898523330688477,23600,495.07861328125,93.0,1.0,1.0,4.0,5.0,0.000617166111940784,0.0006121120106132587,,1,2.0,86.0
2024-03-12,9.972455998899008,10.08745910546067,9.931383125098453,10.021742820739746,73600,500.4043884277344,94.0,1.0,1.0,4.0,5.0,0.0006374085646550344,0.00059134898727814,,0,2.0,87.0
2024-03-13,10.112102508544922,10.14496064833435,10.079244368755493,10.112102508544922,24500,499.6199645996094,93.0,1.0,1.0,4.0,5.0,0.0006611799552248611,0.0005567561914197244,,0,2.0,88.0
2024-03-14,10.144961137748792,10.153175085542522,10.095673533986986,10.136746406555176,33100,498.63232421875,92.0,1.0,1.0,4.0,5.0,0.0007124266130181766,0.0005564797704795838,,0,2.0,89.0
2024-03-15,10.120315530386378,10.186031803955139,10.120315530386378,10.161388397216797,28900,495.2084045410156,90.0,1.0,1.0,4.0,5.0,0.0007673170164473271,0.0005904130715519109,,0,2.0,90.0
2024-03-18,10.177818100372868,10.177818100372868,10.079243687665597,10.128530502319336,19100,498.1514892578125,89.0,1.0,1.0,4.0,5.0,0.0008127225321663691,0.000617166111940784,,0,2.0,91.0
2024-03-19,10.08745646432607,10.186030865598347,10.062813059857927,10.120314598083496,46900,500.9198303222656,88.0,1.0,1.0,4.0,5.0,0.0008553747065288298,0.0006374085646550344,,0,2.0,92.0
2024-03-20,10.071028240518734,10.227104187011719,10.062813510861279,10.227104187011719,85000,505.55303955078125,88.0,1.0,1.0,4.0,5.0,0.0008959248326646049,0.0006611799552248611,,0,2.0,93.0
2024-03-21,10.27639271654989,10.325679532179493,10.259963255740148,10.26817798614502,63500,507.2236328125,87.0,1.0,1.0,4.0,5.0,0.0009386818795702872,0.0007124266130181766,,0,2.0,94.0
2024-03-22,10.276392429875596,10.38318157196045,10.276392429875596,10.38318157196045,90000,506.2620849609375,87.0,1.0,1.0,4.0,5.0,0.0010050091121605847,0.0007673170164473271,,0,2.0,95.0
2024-03-25,10.27639245175545,10.41603973144068,10.27639245175545,10.342108726501465,31600,504.86334228515625,85.0,1.0,1.0,4.0,5.0,0.0010841740812950022,0.0008127225321663691,,0,2.0,96.0
2024-03-26,10.391396496636965,10.448898829878498,10.333894946795294,10.432469367980957,50800,503.9308776855469,85.0,1.0,1.0,4.0,5.0,0.0011657581466941788,0.0008553747065288298,,0,2.0,97.0
2024-03-27,10.374967599564883,10.424254417419434,10.317466050934623,10.424254417419434,35600,508.165771484375,84.0,1.0,1.0,3.0,3.0,0.0012098704513761201,0.0008959248326646049,,0,1.0,98.0
2024-03-28,10.391395766040704,10.448898095239375,10.391395766040704,10.440683364868164,43800,508.0687561035156,83.0,1.0,1.0,3.0,3.0,0.0011899938163391604,0.0009386818795702872,,0,1.0,99.0
2024-04-01,10.3092510772364,10.416040224604725,10.3092510772364,10.366752624511719,21100,507.1847229003906,82.0,1.0,1.0,3.0,3.0,0.0010790747616270995,0.0010050091121605847,,0,1.0,100.0
2024-04-02,10.27639178155672,10.309249916786808,10.227104187011719,10.227104187011719,23200,503.9600524902344,83.0,1.0,1.0,3.0,3.0,0.0009607459889279923,0.0010841740812950022,,1,1.0,101.0
2024-04-03,10.268177940181612,10.350323677062988,10.251748479445414,10.350323677062988,25900,504.5136413574219,83.0,1.0,1.0,3.0,3.0,0.0008576776818656266,0.0011657581466941788,,0,1.0,102.0
2024-04-04,10.399611009564381,10.44889861082386,10.18603270977305,10.243535041809082,24100,498.3554992675781,83.0,1.0,1.0,3.0,3.0,0.0007965289469687983,0.0012098704513761201,,0,1.0,103.0
2024-04-05,10.2681784507389,10.276393181515452,10.227105580255975,10.243535041809082,19300,503.561767578125,82.0,1.0,1.0,3.0,3.0,0.0007417428866552765,0.0011899938163391604,,0,1.0,104.0
2024-04-08,10.276392013122537,10.38318115087662,10.268177283279972,10.325678825378418,18900,503.8434143066406,81.0,1.0,1.0,3.0,3.0,0.0007231516012099105,0.0010790747616270995,,0,1.0,105.0
2024-04-09,10.366752133681274,10.366752133681274,10.268177721562251,10.342108726501465,56600,504.4263000488281,80.0,1.0,1.0,3.0,3.0,0.0007336545023920862,0.0009607459889279923,,0,1.0,106.0
2024-04-10,10.3010361712189,10.309250901661136,9.980668734570056,10.18603229522705,102600,499.3753967285156,82.0,1.0,1.0,3.0,3.0,0.0007222703392793092,0.0008576776818656266,,0,1.0,107.0
2024-04-11,10.06463802081291,10.099076442656193,9.98715218747308,10.09046745300293,43800,503.1441345214844,82.0,1.0,1.0,3.0,3.0,0.0006946476573840687,0.0007965289469687983,,0,1.0,108.0
2024-04-12,9.90105412852786,10.090465828714192,9.858005902884155,10.05602741241455,24400,496.1991271972656,80.0,1.0,1.0,3.0,3.0,0.0006805479198223885,0.0007417428866552765,,0,1.0,109.0
2024-04-15,10.004369272389798,10.228219386525543,9.952712059020996,9.952712059020996,19800,489.9827575683594,80.0,1.0,1.0,3.0,3.0,0.0006894169602297811,0.0007231516012099105,,0,1.0,110.0
2024-04-16,9.961320806314438,9.99575922141972,9.694423294517646,9.849395751953125,71100,489.089111328125,81.0,1.0,4.0,3.0,4.0,0.0006581934712431036,0.0007336545023920862,,0,2.0,111.0
2024-04-17,10.004369489982835,10.047417716110862,9.892444430480616,10.030198097229004,34900,486.194580078125,83.0,1.0,4.0,3.0,4.0,0.0006495947973844128,0.0007222703392793092,,0,2.0,112.0
2024-04-18,10.004369595673609,10.038808012724528,9.909664154052734,9.909664154052734,31900,485.1940612792969,84.0,1.0,4.0,3.0,4.0,0.0006217728572631597,0.0006946476573840687,,0,2.0,113.0
2024-04-19,9.530841077753198,10.038808362774393,9.530841077753198,9.987151145935059,28900,480.9591064453125,83.0,1.0,4.0,3.0,4.0,0.0006203176117720068,0.0006805479198223885,,0,2.0,114.0
2024-04-22,9.987150820001325,10.297096574152137,9.987150820001325,10.254048347473145,26800,485.38836669921875,89.0,1.0,4.0,3.0,4.0,0.0006092466518163755,0.0006894169602297811,,0,2.0,115.0
2024-04-23,10.193782530512097,10.460680089605527,10.193782530512097,10.348755836486816,33000,491.1483154296875,89.0,1.0,4.0,3.0,4.0,0.0006334163618701652,0.0006581934712431036,,0,2.0,116.0
2024-04-24,10.159342483351471,10.28848633694375,10.12490406765509,10.193780899047852,25700,490.9151611328125,90.0,1.0,4.0,3.0,4.0,0.0006312884409628816,0.0006495947973844128,,0,2.0,117.0
2024-04-25,10.073246955871582,10.176562212420196,9.858006632792803,10.073246955871582,21400,489.05023193359375,90.0,1.0,4.0,3.0,4.0,0.0005717380248364976,0.0006217728572631597,,0,2.0,118.0
2024-04-26,10.159342446044821,10.202390670776367,10.142122827721565,10.202390670776367,19600,493.6834716796875,90.0,1.0,4.0,3.0,4.0,0.0005064904768324479,0.0006203176117720068,,0,2.0,119.0
2024-04-29,10.262658805559257,10.417632102966309,10.245439185368836,10.417632102966309,22800,495.43182373046875,93.0,1.0,4.0,3.0,4.0,0.0004916830181549356,0.0006092466518163755,,0,2.0,120.0
2024-04-30,10.460679472746785,10.460679472746785,10.167953320278329,10.176562309265137,20900,487.5835876464844,97.0,1.0,4.0,4.0,6.0,0.0004797371710550322,0.0006334163618701652,,0,2.0,121.0
2024-05-01,9.987150746448554,10.348754534166368,9.97854093696084,10.271267890930176,43500,486.0003356933594,97.0,1.0,4.0,4.0,6.0,0.00048122961879855033,0.0006312884409628816,,0,2.0,122.0
2024-05-02,10.210999764564813,10.305706024169922,10.185171157889148,10.305706024169922,21400,490.5460510253906,96.0,1.0,1.0,4.0,5.0,0.0004669919723998552,0.0005717380248364976,,0,2.0,123.0
2024-05-03,10.288487983565133,10.374584447123693,10.142124488161615,10.348755836486816,20600,496.6265563964844,94.0,1.0,1.0,4.0,5.0,0.0004979199337058165,0.0005064904768324479,,0,2.0,124.0
2024-05-06,10.348753722372797,10.486507379063855,10.08185539672645,10.365972518920898,15900,501.755126953125,93.0,1.0,1.0,4.0,5.0,0.0005039606884698389,0.0004916830181549356,,0,2.0,125.0
2024-05-07,10.607042807084806,10.607042807084806,10.383193496187843,10.55538558959961,45500,502.30877685546875,95.0,1.0,1.0,4.0,5.0,0.0005248587908453354,0.0004797371710550322,,0,2.0,126.0
2024-05-08,10.546775533233143,10.59843357058801,10.512337115355448,10.58121395111084,18000,502.35736083984375,93.0,1.0,1.0,4.0,5.0,0.0005222250106174495,0.00048122961879855033,,0,2.0,127.0
2024-05-09,10.624262202295556,10.71035783664246,10.624262202295556,10.701748847961426,11400,505.2519226074219,93.0,1.0,1.0,4.0,5.0,0.000546705848707666,0.0004669919723998552,,0,2.0,128.0
2024-05-10,10.572605555030515,10.77923691100192,10.572605555030515,10.75340747833252,22200,505.9027404785156,92.0,1.0,1.0,4.0,5.0,0.0005623846350984738,0.0004979199337058165,,0,2.0,129.0
2024-05-13,10.684528595986356,10.718967011901901,10.658699989318848,10.658699989318848,21500,505.9705505371094,92.0,1.0,1.0,4.0,5.0,0.0005567738874373453,0.0005039606884698389,,0,2.0,130.0
2024-05-14,10.727577953692375,10.762016373243688,10.62426269503844,10.744796752929688,12600,508.2920837402344,91.0,1.0,1.0,4.0,5.0,0.0005486185739121866,0.0005248587908453354,,0,2.0,131.0
2024-05-15,10.779235065181126,10.891159303275746,10.779235065181126,10.865330696105957,25700,514.5863037109375,91.0,1.0,1.0,4.0,5.0,0.0005460298218805358,0.0005222250106174495,,0,2.0,132.0
2024-05-16,10.951427744939133,10.97725635351653,10.891159896822991,10.91698932647705,77800,513.5275268554688,90.0,1.0,1.0,4.0,5.0,0.0005964694193958748,0.000546705848707666,,0,2.0,133.0
2024-05-17,10.865331288245594,10.942817935054448,10.710357994627888,10.91698932647705,10900,514.2657470703125,88.0,1.0,1.0,4.0,5.0,0.0006177184277697695,0.0005623846350984738,,0,2.0,134.0
2024-05-20,10.658700196594422,10.891159303275746,10.658700196594422,10.865330696105957,11300,514.8582763671875,87.0,1.0,1.0,3.0,3.0,0.0006121396707607077,0.0005567738874373453,,0,1.0,135.0
2024-05-21,10.79645452691043,10.951427821613148,10.79645452691043,10.89976978302002,13800,516.1209106445312,86.0,1.0,1.0,3.0,3.0,0.000594227658741659,0.0005486185739121866,,0,1.0,136.0
2024-05-22,10.960036060535675,10.977255679247346,10.787843978802018,10.882550239562988,25600,514.6349487304688,85.0,1.0,1.0,3.0,3.0,0.0006135903575597706,0.0005460298218805358,,0,1.0,137.0
2024-05-23,10.805064972619391,10.805064972619391,10.555386217061091,10.598434448242188,21100,510.8758544921875,91.0,1.0,1.0,3.0,3.0,0.0006007159902939224,0.0005964694193958748,,0,1.0,138.0
2024-05-24,10.7620147802842,10.848111226957101,10.701747760259112,10.830891609191895,11100,514.256103515625,94.0,1.0,1.0,3.0,3.0,0.0006004624645648914,0.0006177184277697695,,0,1.0,139.0
2024-05-28,10.718967722703638,10.744796331083906,10.632872087743857,10.684529304504395,11700,514.615478515625,95.0,1.0,1.0,3.0,3.0,0.0005642055102230842,0.0006121396707607077,,0,1.0,140.0
2024-05-29,10.675919395005339,10.693139014482512,10.572604141372253,10.58121395111084,134600,511.01177978515625,94.0,1.0,1.0,3.0,3.0,0.0005768649607295321,0.000594227658741659,,0,1.0,141.0
2024-05-30,10.650090463433822,10.727577106574609,10.598433248724382,10.624261856079102,44600,507.62188720703125,93.0,1.0,1.0,3.0,3.0,0.00055982449096329,0.0006135903575597706,,0,1.0,142.0
2024-05-31,10.51233689693996,10.744796007515424,10.51233689693996,10.727577209472656,32700,512.2454223632812,93.0,1.0,4.0,3.0,4.0,0.0005671280037936981,0.0006007159902939224,,0,2.0,143.0
2024-06-03,10.710356712341309,10.744795126680287,10.650089692517236,10.710356712341309,28900,512.6630249023438,91.0,1.0,4.0,3.0,4.0,0.0005715652215559859,0.0006004624645648914,,0,2.0,144.0
2024-06-04,10.63287174123726,10.63287174123726,10.572603895545114,10.60704231262207,13600,513.2361450195312,91.0,1.0,4.0,3.0,4.0,0.0005496455986239318,0.0005642055102230842,,1,2.0,145.0
2024-06-05,10.288486474969167,10.641480445861816,10.288486474969167,10.641480445861816,15300,519.3359985351562,90.0,1.0,4.0,3.0,4.0,0.000506782753779511,0.0005768649607295321,,0,2.0,146.0
2024-06-06,10.69313879231049,10.727577209472656,10.675919173191092,10.727577209472656,10200,519.3263549804688,89.0,1.0,4.0,3.0,4.0,0.0004867596097640615,0.00055982449096329,,0,2.0,147.0
2024-06-07,10.632871950301125,10.658700558347526,10.563995114792954,10.589823722839355,5000,518.6950073242188,90.0,1.0,4.0,3.0,4.0,0.0004882676456590735,0.0005671280037936981,,1,2.0,148.0
2024-06-10,10.081855739168613,10.460678307936181,10.081855739168613,10.443459510803223,14300,520.2975463867188,90.0,1.0,4.0,3.0,4.0,0.0004732768373031815,0.0005715652215559859,,1,2.0,149.0
2024-06-11,10.391802042393106,10.434850269181497,10.202391158246801,10.37458324432373,36900,521.5506591796875,89.0,1.0,4.0,3.0,4.0,0.00041985904678144706,0.0005496455986239318,,0,2.0,150.0
2024-06-12,10.297095906547382,10.684528279386157,10.297095906547382,10.572603225708008,33000,525.8341674804688,92.0,1.0,4.0,3.0,4.0,0.0004155837456537636,0.000506782753779511,,0,2.0,151.0
2024-06-13,10.469288542486519,10.538165375970513,10.400411709002524,10.503726959228516,14400,526.892822265625,91.0,1.0,4.0,3.0,4.0,0.000424690987128905,0.0004867596097640615,,0,2.0,152.0
2024-06-14,10.417631534595307,10.546775394670824,10.417631534595307,10.4865083694458,18400,527.2134399414062,89.0,1.0,4.0,3.0,4.0,0.0004462982587274713,0.0004882676456590735,,0,2.0,153.0
2024-06-17,10.460679054260254,10.460679054260254,10.374583420299732,10.460679054260254,24200,531.4094848632812,88.0,1.0,4.0,3.0,4.0,0.0004179612616414486,0.0004732768373031815,,0,2.0,154.0
2024-06-18,10.51233676868317,10.529555566515858,10.434850125744521,10.503726959228516,15600,532.759765625,87.0,1.0,4.0,3.0,4.0,0.00041078748793689246,0.00041985904678144706,,0,2.0,155.0
2024-06-20,10.2282200216609,10.69313907623291,10.2282200216609,10.69313907623291,47500,531.3123779296875,89.0,1.0,4.0,3.0,4.0,0.00041713318429502437,0.0004155837456537636,,0,2.0,156.0
2024-06-21,10.520946502685547,10.607042133384782,10.400411634414677,10.520946502685547,32300,530.60009765625,91.0,1.0,4.0,3.0,4.0,0.0004097729658366571,0.000424690987128905,,0,2.0,157.0
2024-06-24,10.65870073415315,10.718967760947688,10.650090924303457,10.675919532775879,26000,528.8753662109375,91.0,1.0,4.0,3.0,4.0,0.000405506095830234,0.0004462982587274713,,0,2.0,158.0
2024-06-25,10.658700558347526,10.658700558347526,10.529555875962222,10.589823722839355,32000,530.9119873046875,91.0,1.0,4.0,3.0,4.0,0.00037989085399095876,0.0004179612616414486,,0,2.0,159.0
2024-06-26,10.486508161395827,10.51233676868317,10.331534875518532,10.503726959228516,8200,531.5745239257812,90.0,1.0,4.0,3.0,4.0,0.0003759762493034005,0.00041078748793689246,,1,2.0,160.0
2024-06-27,10.219609852573676,10.538165413851395,10.219609852573676,10.4951171875,25000,532.41259765625,89.0,1.0,4.0,3.0,4.0,0.0003496867351468094,0.00041713318429502437,,0,2.0,161.0
2024-06-28,10.314315293685445,10.529555604365791,10.314315293685445,10.4951171875,17800,530.3175048828125,87.0,1.0,4.0,3.0,4.0,0.00032790680676131513,0.0004097729658366571,,0,2.0,162.0
2024-07-01,10.3487547746661,10.58121388870028,10.3487547746661,10.46928882598877,42900,531.408935546875,86.0,1.0,4.0,3.0,4.0,0.0002931702003115001,0.000405506095830234,,0,2.0,163.0
2024-07-02,10.348755549473601,10.426241379235234,10.340145739141185,10.383193969726562,37100,534.985107421875,86.0,1.0,4.0,3.0,4.0,0.0002622765972052352,0.00037989085399095876,,0,2.0,164.0
2024-07-03,10.49511836497687,10.598434448242188,10.409022723691393,10.598434448242188,8200,537.3726196289062,89.0,1.0,4.0,3.0,4.0,0.00027962221156889173,0.0003759762493034005,,0,2.0,165.0
2024-07-05,10.469289170285895,10.607042845514394,10.469289170285895,10.546775817871094,25200,540.4713745117188,88.0,1.0,4.0,3.0,4.0,0.00031399685116794616,0.0003496867351468094,,0,2.0,166.0
2024-07-08,10.667310082388052,10.667310082388052,10.58121362977015,10.624261856079102,16000,541.0950317382812,87.0,1.0,4.0,3.0,4.0,0.00035419614379624226,0.00032790680676131513,,0,2.0,167.0
2024-07-09,10.624261648320925,10.641480445861816,10.589823232162535,10.641480445861816,19000,541.6212158203125,86.0,1.0,4.0,3.0,4.0,0.00038508297949950817,0.0002931702003115001,,0,2.0,168.0
2024-07-10,10.77062549986324,10.839502334594727,10.762015690252644,10.839502334594727,11400,546.9805908203125,88.0,1.0,4.0,3.0,4.0,0.000431554559603716,0.0002622765972052352,,0,2.0,169.0
2024-07-11,10.891159014163932,11.063351913595874,10.891159014163932,11.028913497924805,25200,542.2642822265625,90.0,1.0,1.0,3.0,3.0,0.0005004081944623072,0.00027962221156889173,,0,1.0,170.0
2024-07-12,10.882550723716054,11.106400029390317,10.882550723716054,11.054742813110352,11500,545.6846313476562,89.0,1.0,1.0,3.0,3.0,0.0005464898818413584,0.00031399685116794616,,0,1.0,171.0
2024-07-15,11.054742426304257,11.054742426304257,10.830892307385875,10.985865592956543,11100,547.185302734375,88.0,1.0,1.0,3.0,3.0,0.0005533850835062552,0.00035419614379624226,,0,1.0,172.0
2024-07-16,10.856720951917156,11.011694238020189,10.856720951917156,10.977255821228027,16000,550.4303588867188,87.0,1.0,1.0,3.0,3.0,0.0005363838218671574,0.00038508297949950817,,0,1.0,173.0
2024-07-17,11.003084466410161,11.003084466410161,10.873940608264384,10.968646049499512,12600,542.7125854492188,85.0,1.0,1.0,3.0,3.0,0.0005180377480458491,0.000431554559603716,,0,1.0,174.0
2024-07-18,11.020304294847113,11.054742712412272,10.925598030735447,10.951427459716797,17100,538.5418701171875,84.0,1.0,1.0,3.0,3.0,0.0005273258221586154,0.0005004081944623072,,0,1.0,175.0
2024-07-19,10.899769037198048,10.908378846553884,10.848111823216257,10.882550239562988,12600,534.9656372070312,83.0,1.0,1.0,3.0,3.0,0.0005187139929361917,0.0005464898818413584,,1,1.0,176.0
2024-07-22,10.865330825345012,11.106399744309227,10.865330825345012,11.089180946350098,15000,540.4810791015625,86.0,1.0,1.0,3.0,3.0,0.0005255503637419712,0.0005533850835062552,,0,1.0,177.0
2024-07-23,10.762015548035619,11.149447943549575,10.762015548035619,10.968646049499512,24900,539.6333618164062,86.0,1.0,1.0,3.0,3.0,0.0005303563022106473,0.0005363838218671574,,0,1.0,178.0
2024-07-24,10.951426470318642,10.951426470318642,10.830891609191895,10.830891609191895,26800,527.4038696289062,86.0,1.0,1.0,3.0,3.0,0.000542821819878726,0.0005180377480458491,,0,1.0,179.0
2024-07-25,10.951427176282685,11.046132616866638,10.942817366845066,10.985865592956543,41600,524.6559448242188,87.0,1.0,1.0,3.0,3.0,0.000572843768346716,0.0005273258221586154,,0,1.0,180.0
2024-07-26,10.994475261584851,11.115009307861328,10.994475261584851,11.115009307861328,11000,530.5317993164062,87.0,1.0,1.0,3.0,3.0,0.0006081175831425496,0.0005187139929361917,,0,1.0,181.0
2024-07-29,11.080572166885633,11.089181977203882,11.054743557007589,11.071962356567383,13200,530.8436279296875,86.0,1.0,1.0,3.0,3.0,0.0006615125125178572,0.0005255503637419712,,0,1.0,182.0
2024-07-30,11.17527763275743,11.192497253417969,11.115010602598955,11.192497253417969,12200,528.154296875,86.0,1.0,1.0,3.0,3.0,0.0006875791593336428,0.0005303563022106473,,0,1.0,183.0
2024-07-31,11.149447790727368,11.269982658800817,11.149447790727368,11.226934432983398,10600,536.7391967773438,85.0,1.0,1.0,3.0,3.0,0.0007224327431627197,0.000542821819878726,,0,1.0,184.0
2024-08-01,11.14944798197059,11.14944798197059,10.899769253238837,10.960036277770996,28800,529.138427734375,90.0,1.0,1.0,3.0,3.0,0.0007026685457403965,0.000572843768346716,,0,1.0,185.0
2024-08-02,10.805063568298575,10.805063568298575,10.563994654523267,10.762015342712402,45600,519.2868041992188,92.0,1.0,4.0,3.0,4.0,0.0006325631901310842,0.0006081175831425496,,1,2.0,186.0
2024-08-05,10.099074707534793,10.383192665273521,10.099074707534793,10.305706024169922,62400,504.16326904296875,108.0,1.0,4.0,4.0,6.0,0.0004719229297921606,0.0006615125125178572,,1,2.0,187.0
2024-08-06,10.236829856600439,10.40902194740635,10.236829856600439,10.340145111083984,52400,508.8113708496094,107.0,1.0,4.0,4.0,6.0,0.00036813073256132837,0.0006875791593336428,,0,2.0,188.0
2024-08-07,10.59843357058801,10.615652368988535,10.486508507216339,10.58121395111084,13200,505.41046142578125,110.0,1.0,4.0,4.0,6.0,0.000314957873647752,0.0007224327431627197,,0,2.0,189.0
2024-08-08,10.529556293803871,10.701749210484031,10.529556293803871,10.650091171264648,22200,517.0942993164062,108.0,1.0,4.0,4.0,6.0,0.0003387274871711865,0.0007026685457403965,,0,2.0,190.0
2024-08-09,10.658700375148324,10.762015626634822,10.658700375148324,10.727577209472656,15500,519.3743896484375,107.0,1.0,4.0,4.0,6.0,0.00036167833638005585,0.0006325631901310842,,0,2.0,191.0
2024-08-12,10.787842919929332,10.787842919929332,10.72757590250717,10.779233932495117,11100,519.6472778320312,106.0,1.0,4.0,4.0,6.0,0.0003640245871645087,0.0004719229297921606,,0,2.0,192.0
2024-08-13,10.813673583939904,11.01169427590698,10.813673583939904,10.968646049499512,12100,528.193115234375,107.0,1.0,4.0,4.0,6.0,0.0003819399401004655,0.00036813073256132837,,0,2.0,193.0
2024-08-14,10.95142808866149,11.046133537135486,10.91698966911852,10.994476318359375,15900,529.8595581054688,105.0,1.0,4.0,4.0,6.0,0.0003898943780245596,0.000314957873647752,,0,2.0,194.0
2024-08-15,11.201105825923593,11.278592468179623,11.201105825923593,11.226934432983398,25200,538.9414672851562,108.0,1.0,1.0,4.0,5.0,0.00041483868907058315,0.0003387274871711865,,0,2.0,195.0
2024-08-16,11.235543997189364,11.304420828563615,11.20110558150224,11.252762794494629,5300,540.1497192382812,106.0,1.0,1.0,4.0,5.0,0.0004287716456601344,0.00036167833638005585,,0,2.0,196.0
2024-08-19,11.442174836055381,11.485223062230443,11.330249776430867,11.459394454956055,16400,545.3143920898438,108.0,1.0,1.0,4.0,5.0,0.00045934839474729604,0.0003640245871645087,,0,2.0,197.0
2024-08-20,11.424956397701742,11.450785005788793,11.364688550729761,11.407736778259277,71800,544.4275512695312,106.0,1.0,1.0,4.0,5.0,0.0004862589037430162,0.0003819399401004655,,0,2.0,198.0
2024-08-21,11.407736816280691,11.459394853703612,11.399127006530762,11.399127006530762,11700,546.298583984375,105.0,1.0,1.0,4.0,5.0,0.0004978705236703148,0.0003898943780245596,,0,2.0,199.0
2024-08-22,11.381908356605367,11.381908356605367,11.209716264743484,11.269983291625977,7000,542.010986328125,104.0,1.0,1.0,4.0,5.0,0.0004631841163578369,0.00041483868907058315,,1,2.0,200.0
2024-08-23,11.373298050491334,11.44217488423078,11.321640014648438,11.321640014648438,8700,547.7699584960938,103.0,1.0,1.0,4.0,5.0,0.00042500771479016323,0.0004287716456601344,,0,2.0,201.0
2024-08-26,11.39051628112793,11.536879750804351,11.39051628112793,11.39051628112793,4900,546.4642944335938,102.0,1.0,1.0,4.0,5.0,0.0004102067171751441,0.00045934839474729604,,0,2.0,202.0
2024-08-27,11.502441576357183,11.536879992232516,11.476612969719833,11.4938325881958,14800,547.214599609375,101.0,1.0,1.0,4.0,5.0,0.0004325132333347456,0.0004862589037430162,,0,2.0,203.0
2024-08-28,11.536880876289258,11.674635371423149,11.536880876289258,11.605757713317871,10500,544.0377807617188,100.0,1.0,1.0,4.0,5.0,0.0004523953483448304,0.0004978705236703148,,0,2.0,204.0
2024-08-29,11.614367125203637,11.691853769474609,11.597148327074887,11.666025161743164,13000,544.0865478515625,99.0,1.0,1.0,3.0,3.0,0.0004555926065653859,0.0004631841163578369,,0,1.0,205.0
2024-08-30,11.571319294803565,11.605757713317871,11.476613849158388,11.605757713317871,9700,549.2803344726562,98.0,1.0,1.0,3.0,3.0,0.0004573768471733757,0.00042500771479016323,,0,1.0,206.0
2024-09-03,11.442174911499023,11.476613328450817,11.373298077595434,11.442174911499023,39300,537.976806640625,98.0,1.0,1.0,3.0,3.0,0.00041921813547064177,0.0004102067171751441,,1,1.0,207.0
2024-09-04,11.433565424453827,11.59714852539587,11.34746979018449,11.399127006530762,13500,536.8756103515625,97.0,1.0,1.0,3.0,3.0,0.0003806882392761621,0.0004325132333347456,,0,1.0,208.0
2024-09-05,11.511052455800165,11.545490874877306,11.459395237722793,11.46800422668457,12500,535.56982421875,96.0,1.0,1.0,3.0,3.0,0.00035304536510489436,0.0004523953483448304,,0,1.0,209.0
2024-09-06,11.569335912838321,11.58695822653849,11.37548542022705,11.37548542022705,34400,526.5560913085938,95.0,1.0,1.0,3.0,3.0,0.00034542629488684505,0.0004555926065653859,,0,1.0,210.0
2024-09-09,11.498844258021533,11.613392231020214,11.490032681563592,11.551712036132812,16400,532.4515991210938,96.0,1.0,1.0,3.0,3.0,0.000354803581203633,0.0004573768471733757,,0,1.0,211.0
2024-09-10,11.560524208739249,11.639826720313792,11.454787806745935,11.61339282989502,13400,534.770751953125,95.0,1.0,1.0,3.0,3.0,0.0003593818243070594,0.00041921813547064177,,0,1.0,212.0
2024-09-11,11.490032048894308,11.560522976040067,11.366672506230165,11.534089088439941,15000,540.2568969726562,94.0,1.0,4.0,3.0,4.0,0.0003623917473038367,0.0003806882392761621,,0,2.0,213.0
2024-09-12,11.472410536425135,11.586957670777643,11.472410536425135,11.578146934509277,14000,544.8076782226562,93.0,1.0,4.0,3.0,4.0,0.00035261512168576257,0.00035304536510489436,,0,2.0,214.0
2024-09-13,11.578146038142105,11.613391501441487,11.54290057484272,11.60457992553711,14700,547.653076171875,91.0,1.0,4.0,3.0,4.0,0.0003461827211691096,0.00034542629488684505,,0,2.0,215.0
2024-09-16,11.578147044528235,11.666260290276535,11.569335467857943,11.631014823913574,9900,548.4619140625,90.0,1.0,4.0,3.0,4.0,0.0003865908988866814,0.000354803581203633,,0,2.0,216.0
2024-09-17,11.65744903382023,11.675072187644895,11.586958099158021,11.61339282989502,7100,548.6859130859375,89.0,1.0,4.0,3.0,4.0,0.0004570386742059975,0.0003593818243070594,,0,2.0,217.0
2024-09-18,11.6133928407811,11.736751556396484,11.525278752211628,11.736751556396484,5800,547.0586547851562,89.0,1.0,4.0,3.0,4.0,0.0005274445428171103,0.0003623917473038367,,0,2.0,218.0
2024-09-19,11.719128570888843,11.81605339050293,11.719128570888843,11.81605339050293,5700,556.393798828125,88.0,1.0,4.0,1.0,2.0,0.0005654762475160092,0.00035261512168576257,,0,2.0,219.0
2024-09-20,11.683882769851692,11.71031665802002,11.639825729359044,11.71031665802002,9900,555.43212890625,87.0,1.0,4.0,1.0,2.0,0.0005579751101874877,0.0003461827211691096,,1,2.0,220.0
2024-09-23,11.701505362700697,11.807241758229894,11.701505362700697,11.789619445800781,9700,556.8200073242188,86.0,1.0,4.0,1.0,2.0,0.000552942244087166,0.0003865908988866814,,0,2.0,221.0
2024-09-24,11.77199649810791,11.807241963898244,11.754374185371839,11.77199649810791,4100,558.413330078125,85.0,1.0,4.0,1.0,2.0,0.0005435754814869502,0.0004570386742059975,,0,2.0,222.0
2024-09-25,11.771996744915427,11.771996744915427,11.657448768615723,11.657448768615723,22100,557.1817016601562,85.0,1.0,4.0,1.0,2.0,0.0005252061041984862,0.0005274445428171103,,0,2.0,223.0
2024-09-26,11.692694198693344,11.780807438250315,11.675071046591064,11.754373550415039,10200,559.3907470703125,85.0,1.0,4.0,1.0,2.0,0.0005011257940691724,0.0005654762475160092,,0,2.0,224.0
2024-09-27,11.745562065518243,11.771995953558667,11.683882713317871,11.683882713317871,10400,558.5794677734375,84.0,1.0,4.0,1.0,2.0,0.0004567745241723504,0.0005579751101874877,,0,2.0,225.0
2024-09-30,11.595768349632731,11.613391501441487,11.525277423033964,11.60457992553711,12400,560.8177490234375,83.0,1.0,4.0,1.0,2.0,0.00042274800923426046,0.000552942244087166,,1,2.0,226.0
2024-10-01,11.490031821159436,11.490031821159436,11.366672280940303,11.481220245361328,43200,555.7937622070312,83.0,1.0,4.0,1.0,2.0,0.0003569984741464798,0.0005435754814869502,,1,2.0,227.0
2024-10-02,11.3666735110583,11.393108241313424,11.225691644303812,11.26974868774414,63200,556.0283203125,86.0,1.0,4.0,1.0,2.0,0.00030258401723459266,0.0005252061041984862,,0,2.0,228.0
2024-10-03,11.005405772802243,11.243313270879446,11.005405772802243,11.1111421585083,11600,555.0117797851562,87.0,1.0,4.0,1.0,2.0,0.0002417936766492797,0.0005011257940691724,,0,2.0,229.0
2024-10-04,11.14638870884008,11.234502792358398,11.14638870884008,11.234502792358398,14300,560.055419921875,87.0,1.0,4.0,1.0,2.0,0.00023270450091472878,0.0004567745241723504,,0,2.0,230.0
2024-10-07,11.102332876974213,11.25212631975078,10.96135017058823,11.243314743041992,85900,554.9921875,85.0,1.0,4.0,1.0,2.0,0.0002549246868023809,0.00042274800923426046,,0,2.0,231.0
2024-10-08,11.216878717148354,11.366672142620873,11.067086131993948,11.137577056884766,14800,560.2410888671875,85.0,1.0,4.0,1.0,2.0,0.00026162992882605983,0.0003569984741464798,,0,2.0,232.0
2024-10-09,11.164012589292799,11.30499445985615,11.164012589292799,11.181634902954102,15400,564.12158203125,84.0,1.0,4.0,1.0,2.0,0.0002468730824313362,0.00030258401723459266,,0,2.0,233.0
2024-10-10,11.287371616960264,11.287371616960264,11.164012065842215,11.216879844665527,17600,563.1343994140625,83.0,1.0,4.0,1.0,2.0,0.00021577576899494606,0.0002417936766492797,,0,2.0,234.0
2024-10-11,11.304993685317708,11.507655740606225,11.278559796477701,11.331427574157715,11100,566.5065307617188,83.0,1.0,4.0,1.0,2.0,0.0002086373570794488,0.00023270450091472878,,0,2.0,235.0
2024-10-14,11.260936681286623,11.340239188389472,11.22569121594293,11.234502792358398,18100,571.1395874023438,82.0,1.0,4.0,1.0,2.0,0.00017385544842509526,0.0002549246868023809,,0,2.0,236.0
2024-10-15,11.481220666976665,11.498843819220038,11.225690841674805,11.225690841674805,7800,566.7020263671875,81.0,1.0,4.0,1.0,2.0,0.00016939174900943105,0.00026162992882605983,,0,2.0,237.0
2024-10-16,11.216880067552102,11.357862774624802,11.102332931052738,11.26974868774414,17700,569.1651611328125,80.0,1.0,4.0,1.0,2.0,0.00019566078660464357,0.0002468730824313362,,0,2.0,238.0
2024-10-17,11.322616725929121,11.454787009138062,11.252125796175264,11.278559684753418,50900,569.2139892578125,79.0,1.0,4.0,1.0,2.0,0.00022523728126434272,0.00021577576899494606,,0,2.0,239.0
2024-10-18,11.37548542022705,11.401919310936421,11.313806061799106,11.37548542022705,42800,571.403564453125,79.0,1.0,4.0,1.0,2.0,0.00023550389713222568,0.0002086373570794488,,0,2.0,240.0
2024-10-21,11.37548531173729,11.37548531173729,11.269748909589993,11.322617530822754,9400,570.4652099609375,78.0,1.0,4.0,1.0,2.0,0.00022596040478908613,0.00017385544842509526,,0,2.0,241.0
2024-10-22,10.970161841493557,11.278560306403575,10.970161841493557,11.172823905944824,61700,570.162109375,79.0,1.0,4.0,1.0,2.0,0.00019494549378890495,0.00016939174900943105,,0,2.0,242.0
2024-10-23,10.688197348905051,11.023029680103116,10.688197348905051,10.961349487304688,9600,564.9522705078125,82.0,1.0,4.0,1.0,2.0,0.00013185028103437216,0.00019566078660464357,,0,2.0,243.0
2024-10-24,11.005406527784093,11.005406527784093,10.926104022984793,10.961349487304688,18700,566.1741943359375,81.0,1.0,4.0,1.0,2.0,6.230562730396689e-05,0.00022523728126434272,,0,2.0,244.0
2024-10-25,10.776310581109325,10.776310581109325,10.661763452397961,10.670574188232422,16100,565.9786987304688,87.0,1.0,4.0,3.0,4.0,-1.4498556398109173e-05,0.00023550389713222568,,1,2.0,245.0
2024-10-28,10.767501303699921,10.89086002527246,10.767501303699921,10.802746772766113,37700,567.7283325195312,88.0,1.0,4.0,3.0,4.0,-5.9526045020957976e-05,0.00022596040478908613,,0,2.0,246.0
2024-10-29,10.741064475853143,10.767499202733514,10.63532808928597,10.65295124053955,28000,568.6471557617188,88.0,1.0,4.0,3.0,4.0,-0.00011576220237810048,0.00019494549378890495,,1,2.0,247.0
2024-10-30,10.714632034301758,10.917294099459099,10.688198144174528,10.714632034301758,44400,566.9268188476562,88.0,1.0,4.0,3.0,4.0,-0.0001362311438220962,0.00013185028103437216,,0,2.0,248.0
2024-10-31,10.573649971438059,10.573649971438059,10.362177173685666,10.441479682922363,47900,555.8132934570312,93.0,1.0,4.0,3.0,4.0,-0.00019888628871627114,6.230562730396689e-05,,1,2.0,249.0
2024-11-01,10.582460403442383,10.679385215182172,10.5295917895637,10.582460403442383,21600,558.1590576171875,94.0,1.0,4.0,4.0,6.0,-0.00021633623579841717,-1.4498556398109173e-05,,0,2.0,250.0
2024-11-04,10.635329494356101,10.64414107114702,10.503159203765186,10.520781517028809,44900,556.956787109375,92.0,1.0,4.0,4.0,6.0,-0.00024607795834671024,-5.9526045020957976e-05,,0,2.0,251.0
2024-11-05,10.679385764385035,10.72344280482995,10.661763452397961,10.670574188232422,35300,563.6915893554688,93.0,1.0,4.0,4.0,6.0,-0.00022460241937320702,-0.00011576220237810048,,0,2.0,252.0
2024-11-06,10.573650458843753,10.591273612961247,10.494347945951507,10.503159523010254,43400,577.7080688476562,94.0,1.0,4.0,4.0,6.0,-0.0002493322423319242,-0.0001362311438220962,,1,2.0,253.0
2024-11-07,10.591272989057677,10.62651845489821,10.547215946677461,10.608895301818848,35300,582.1749877929688,94.0,1.0,4.0,4.0,6.0,-0.0002464426137006101,-0.00019888628871627114,,0,2.0,254.0
2024-11-08,10.503159203765186,10.556026983874267,10.467913736919728,10.520781517028809,33000,584.69677734375,93.0,1.0,4.0,4.0,6.0,-0.0002619471641591615,-0.00021633623579841717,,0,2.0,255.0
2024-11-11,10.56483835425978,10.626518550272946,10.520781311484146,10.53840446472168,48400,585.2538452148438,92.0,1.0,4.0,4.0,6.0,-0.00025623583075025055,-0.00024607795834671024,,0,2.0,256.0
2024-11-12,10.4591019221699,10.467913498760343,10.230005972727561,10.34455394744873,63300,583.4358520507812,94.0,1.0,4.0,4.0,6.0,-0.0002742628281428678,-0.00022460241937320702,,1,2.0,257.0
2024-11-13,10.318118614800316,10.370987226630044,10.24762769257273,10.282873153686523,136900,583.7192993164062,93.0,1.0,4.0,4.0,6.0,-0.0002653081962115533,-0.0002493322423319242,,0,2.0,258.0
2024-11-14,10.697008654652059,10.767499581509886,10.64414003934962,10.661763191223145,50200,579.9659423828125,104.0,1.0,4.0,4.0,6.0,-0.00021429108463180742,-0.0002464426137006101,,0,2.0,259.0
2024-11-15,10.943727118716488,10.943727118716488,10.882047766555141,10.934915542602539,32900,572.5372924804688,108.0,1.0,4.0,4.0,6.0,-0.000115605823063774,-0.0002619471641591615,,0,2.0,260.0
2024-11-18,10.934916399574337,11.058275953882895,10.934916399574337,11.005407333374023,70300,574.8832397460938,107.0,1.0,4.0,4.0,6.0,-2.3670238240625086e-05,-0.00025623583075025055,,0,2.0,261.0
2024-11-19,10.899670932674494,11.058275953882895,10.899670932674494,11.005407333374023,33700,576.984619140625,105.0,1.0,4.0,4.0,6.0,2.6599199602616777e-05,-0.0002742628281428678,,0,2.0,262.0
2024-11-20,10.890859495345254,10.890859495345254,10.793934670208959,10.837991714477539,36000,577.1802368164062,106.0,1.0,4.0,4.0,6.0,1.6569511463626446e-05,-0.0002653081962115533,,1,2.0,263.0
2024-11-21,10.846802302417494,10.934915542602539,10.837990726303545,10.934915542602539,38200,580.2786254882812,105.0,1.0,4.0,4.0,6.0,3.317872515338539e-06,-0.00021429108463180742,,0,2.0,264.0
2024-11-22,10.837991190541603,10.890858968853555,10.64414070932201,10.873236656188965,27700,582.0772094726562,104.0,1.0,4.0,4.0,6.0,-2.009551671474535e-05,-0.000115605823063774,,0,2.0,265.0
2024-11-25,10.908481802674673,10.934915691057244,10.855613185591372,10.89085865020752,43200,584.0516967773438,102.0,1.0,4.0,4.0,6.0,-1.1240454601027956e-05,-2.3670238240625086e-05,,0,2.0,266.0
2024-11-26,10.873237334818127,10.873237334818127,10.749877777194046,10.79393482208252,26000,587.1012573242188,101.0,1.0,4.0,4.0,6.0,-3.0237889234241802e-05,2.6599199602616777e-05,,0,2.0,267.0
2024-11-27,10.996594225553563,11.102331451849896,10.661762756781537,11.014217376708984,96500,585.322265625,103.0,1.0,1.0,4.0,5.0,-1.0794505283581325e-05,1.6569511463626446e-05,,0,2.0,268.0
2024-11-29,10.87323624666403,10.987784215783222,10.811556894183756,10.961349487304688,22300,588.9583740234375,102.0,1.0,1.0,4.0,5.0,6.988586048953065e-06,3.317872515338539e-06,,0,2.0,269.0
2024-12-02,10.952538319354556,10.952538319354556,10.855612666060226,10.926103591918945,65200,590.0139770507812,101.0,1.0,1.0,4.0,5.0,3.714067291772348e-05,-2.009551671474535e-05,,0,2.0,270.0
2024-12-03,10.873237127250869,10.873237127250869,10.802746192902259,10.81155776977539,20300,590.2877197265625,100.0,1.0,1.0,4.0,5.0,1.2274563938043993e-05,-1.1240454601027956e-05,,0,2.0,271.0
2024-12-04,10.85561298180954,10.926103909718577,10.837990669991353,10.90848159790039,61300,593.9530639648438,100.0,1.0,1.0,4.0,5.0,8.972023419094953e-06,-3.0237889234241802e-05,,0,2.0,272.0
2024-12-05,11.093520018748476,11.146387792257537,11.049462980612189,11.137577056884766,34500,592.9757080078125,102.0,1.0,1.0,4.0,5.0,5.1332300237799285e-05,-1.0794505283581325e-05,,0,2.0,273.0
2024-12-06,11.15519893294648,11.15519893294648,10.93491459117323,11.102331161499023,22600,594.0997314453125,101.0,1.0,1.0,4.0,5.0,0.00011515542618865811,6.988586048953065e-06,,0,2.0,274.0
2024-12-09,11.04065227508545,11.04946385147081,10.987784497409638,11.04065227508545,18700,591.040283203125,99.0,1.0,1.0,4.0,5.0,0.00016469242602021753,3.714067291772348e-05,,0,2.0,275.0
2024-12-10,10.7939333470888,10.926103623374882,10.78512177125156,10.829178810119629,22000,589.2028198242188,101.0,1.0,1.0,4.0,5.0,0.00012595706466682889,1.2274563938043993e-05,,1,2.0,276.0
2024-12-11,10.864425550377737,10.864425550377737,10.776311462282864,10.81155776977539,22300,593.757568359375,100.0,1.0,1.0,4.0,5.0,0.0001108133543602911,8.972023419094953e-06,,0,2.0,277.0
2024-12-12,10.758687627106724,10.785121513668992,10.64413966491276,10.65295124053955,26900,590.6981811523438,101.0,1.0,4.0,4.0,6.0,5.2756574561617265e-05,5.1332300237799285e-05,,0,2.0,278.0
2024-12-13,10.73225460764975,10.882048044135233,10.503158664752169,10.723443031311035,18700,590.5809936523438,99.0,1.0,4.0,4.0,6.0,7.505219467324638e-05,0.00011515542618865811,,0,2.0,279.0
2024-12-16,10.679386985510533,10.882049058603101,10.608896048865704,10.626519203186035,42900,593.1027221679688,99.0,1.0,4.0,4.0,6.0,5.655186460724089e-05,0.00016469242602021753,,0,2.0,280.0
2024-12-17,10.59127261522475,10.652951968189083,10.59127261522475,10.600083351135254,19800,590.6591796875,97.0,1.0,4.0,3.0,4.0,7.290006652873708e-05,0.00012595706466682889,,0,2.0,281.0
2024-12-18,10.538403077045315,10.564836963102653,10.33574104309082,10.33574104309082,34400,573.055419921875,102.0,4.0,4.0,3.0,10.0,1.254789230351934e-05,0.0001108133543602911,,1,4.0,1.0
2024-12-19,10.265251103555745,10.300496568448368,10.23881721496582,10.23881721496582,55800,572.8794555664062,101.0,4.0,4.0,3.0,10.0,-3.027224240911654e-05,5.2756574561617265e-05,,1,4.0,2.0
2024-12-20,10.212383326375894,10.362176762249083,10.212383326375894,10.23881721496582,47300,579.76025390625,100.0,4.0,4.0,3.0,10.0,-7.608373176268594e-05,7.505219467324638e-05,,0,4.0,3.0
2024-12-23,10.34455279025781,10.388609827963398,10.282873441660847,10.362175941467285,58900,583.2320556640625,100.0,4.0,4.0,3.0,10.0,-7.159992448255373e-05,5.655186460724089e-05,,0,4.0,4.0
2024-12-24,10.573649800454536,10.573649800454536,10.13308105876893,10.415044784545898,20000,589.7147216796875,98.0,4.0,4.0,3.0,10.0,-5.7572125835601356e-05,7.290006652873708e-05,,0,4.0,5.0
2024-12-26,10.476725355869533,10.564838603178645,10.335742647602164,10.423856735229492,31300,589.7539672851562,97.0,4.0,4.0,3.0,10.0,-3.358990308693298e-05,1.254789230351934e-05,,0,4.0,6.0
2024-12-27,10.388610895333855,10.467913403288174,10.379799318823776,10.415044784545898,39900,583.5458984375,95.0,4.0,4.0,3.0,10.0,-1.5161518265191411e-05,-3.027224240911654e-05,,0,4.0,7.0
2024-12-30,10.362175912836591,10.485534609689678,10.30930729967234,10.459100723266602,63300,576.8866577148438,94.0,4.0,4.0,3.0,10.0,-4.0487910346660834e-05,-7.608373176268594e-05,,0,4.0,8.0
2024-12-31,10.626519181448959,10.732255586199912,10.432668685913086,10.432668685913086,22100,574.7880249023438,93.0,4.0,4.0,3.0,10.0,-0.0001098708628410346,-7.159992448255373e-05,,0,4.0,9.0
2025-01-02,10.5031583423486,10.5031583423486,10.406233526552432,10.450289726257324,26800,573.375732421875,92.0,4.0,4.0,3.0,10.0,-0.00018445527311444936,-5.7572125835601356e-05,,0,4.0,10.0
2025-01-03,10.547215666649555,10.556026402637121,10.476724736840017,10.529592514038086,35400,580.5448608398438,91.0,4.0,4.0,3.0,10.0,-0.00020883264821152585,-3.358990308693298e-05,,0,4.0,11.0
2025-01-06,10.697009791379344,10.873237127250869,10.67938663763308,10.81155776977539,45000,583.88916015625,96.0,4.0,4.0,3.0,10.0,-0.00014819110187952778,-1.5161518265191411e-05,,0,4.0,12.0
2025-01-07,10.82917927658732,10.846802429020915,10.767499923706055,10.767499923706055,29200,577.288818359375,95.0,4.0,4.0,3.0,10.0,-9.411864232912062e-05,-4.0487910346660834e-05,,0,4.0,13.0
2025-01-08,10.33574227659158,10.51197044552037,10.32693154039969,10.415044784545898,29500,578.1322631835938,104.0,4.0,4.0,3.0,10.0,-8.929622132571025e-05,-0.0001098708628410346,,1,4.0,14.0
2025-01-10,10.406232687743836,10.415043422783727,10.265250002970587,10.282873153686523,38800,569.3055419921875,104.0,4.0,4.0,3.0,10.0,-0.00014746822727764524,-0.00018445527311444936,,0,4.0,15.0
2025-01-13,10.159514653056142,10.238817158708356,10.124269188357177,10.212383270263672,42400,570.1882934570312,103.0,4.0,4.0,3.0,10.0,-0.0002118682964571213,-0.00020883264821152585,,1,4.0,16.0
2025-01-14,10.212383904671418,10.247629371559883,10.15070454769616,10.230006217956543,51500,570.9730224609375,101.0,4.0,4.0,3.0,10.0,-0.0002459117229334628,-0.00014819110187952778,,0,4.0,17.0
2025-01-15,10.591273734863622,10.644141517188118,10.57365058054329,10.626519203186035,29800,581.3589477539062,113.0,4.0,4.0,4.0,12.0,-0.00020450477684222262,-9.411864232912062e-05,,0,4.0,18.0
2025-01-16,10.644139264362275,10.767498797540876,10.644139264362275,10.741064071655273,45900,580.2408447265625,112.0,4.0,4.0,4.0,12.0,-0.000140789172193094,-8.929622132571025e-05,,0,4.0,19.0
2025-01-17,10.758688552397805,10.846802635607672,10.732254663562115,10.749876976013184,34000,586.0664672851562,110.0,4.0,4.0,4.0,12.0,-7.272130381848863e-05,-0.00014746822727764524,,0,4.0,20.0
2025-01-21,10.820368409630087,10.908482496937495,10.820368409630087,10.882048606872559,45100,591.4309692382812,110.0,4.0,1.0,4.0,11.0,-5.567448733572157e-05,-0.0002118682964571213,,0,2.0,21.0
2025-01-22,11.269748201621235,11.278559777992854,11.199257271284631,11.20806884765625,14100,594.7556762695312,115.0,1.0,1.0,4.0,5.0,-2.7544397876180024e-05,-0.0002459117229334628,,0,2.0,22.0
2025-01-23,11.216879490980167,11.313805149630348,11.20806875499956,11.278559684753418,23900,598.0018920898438,114.0,1.0,1.0,4.0,5.0,8.160898452721214e-06,-0.00020450477684222262,,0,2.0,23.0
2025-01-24,11.20806875499956,11.304993573331574,11.18163402610324,11.278559684753418,12700,596.2562255859375,112.0,1.0,1.0,4.0,5.0,5.218542060796776e-05,-0.000140789172193094,,0,2.0,24.0
2025-01-27,11.366672401176476,11.366672401176476,11.252125275861896,11.313804626464844,13800,587.8219604492188,111.0,1.0,1.0,4.0,5.0,0.00010757295676553168,-7.272130381848863e-05,,0,2.0,25.0
2025-01-28,11.313805731184472,11.313805731184472,11.234503221055519,11.26974868774414,30800,592.8727416992188,109.0,1.0,1.0,4.0,5.0,0.00018231912560037183,-5.567448733572157e-05,,0,2.0,26.0
2025-01-29,11.322616782140605,11.375484559559379,11.296182053113046,11.304993629455566,11200,590.21484375,108.0,1.0,1.0,4.0,5.0,0.0002505538838537574,-2.7544397876180024e-05,,0,2.0,27.0
2025-01-30,11.445975828032319,11.463598981238338,11.340239429750792,11.410730361938477,50400,593.3826293945312,107.0,1.0,1.0,4.0,5.0,0.00028652276817858947,8.160898452721214e-06,,0,2.0,28.0
2025-01-31,11.41073077911972,11.419542356044886,11.225691865282396,11.322617530822754,14600,590.2246704101562,106.0,1.0,1.0,4.0,5.0,0.00028560148372380317,5.218542060796776e-05,,0,2.0,29.0
2025-02-03,11.146388653373092,11.243314312824552,11.11995476457641,11.20806884765625,41700,586.2527465820312,105.0,1.0,1.0,4.0,5.0,0.000256118352325304,0.00010757295676553168,,0,2.0,30.0
2025-02-04,11.172824181347217,11.269749007410649,11.172824181347217,11.252126693725586,24800,590.1854858398438,104.0,1.0,1.0,4.0,5.0,0.00025181341792218344,0.00018231912560037183,,0,2.0,31.0
2025-02-05,11.313806061799106,11.384296997236252,11.252126703371161,11.37548542022705,15200,592.578369140625,103.0,1.0,1.0,4.0,5.0,0.0002687376966975593,0.0002505538838537574,,0,2.0,32.0
2025-02-06,11.375483887739891,11.445974813680612,11.36667231191777,11.384295463562012,18700,594.6380004882812,102.0,1.0,1.0,4.0,5.0,0.00030151618875808224,0.00028652276817858947,,0,2.0,33.0
2025-02-07,11.340239844354857,11.366673734812125,11.278560486515158,11.322617530822754,63100,589.1950073242188,100.0,1.0,1.0,3.0,3.0,0.0002832018072334809,0.00028560148372380317,,0,1.0,1.0
2025-02-10,11.190445694913013,11.260936625249617,11.190445694913013,11.20806884765625,51600,593.1962890625,100.0,1.0,1.0,3.0,3.0,0.00023253761277075222,0.000256118352325304,,1,1.0,2.0
2025-02-11,11.119954483726419,11.155199948004547,11.09352059559736,11.128766059875488,15300,593.6474609375,99.0,1.0,4.0,3.0,4.0,0.0001584675754303132,0.00025181341792218344,,1,2.0,3.0
2025-02-12,11.11114324349639,11.234502792358398,11.11114324349639,11.234502792358398,9200,591.735107421875,98.0,1.0,4.0,3.0,4.0,0.00013215864778257558,0.0002687376966975593,,0,2.0,4.0
2025-02-13,11.331427853147781,11.428353515144495,11.278560074166116,11.410730361938477,8400,597.9822998046875,99.0,1.0,4.0,3.0,4.0,0.00014433846002280212,0.00030151618875808224,,0,2.0,5.0
2025-02-14,11.498843544023803,11.498843544023803,11.437163352966309,11.437163352966309,9900,597.9529418945312,98.0,1.0,4.0,3.0,4.0,0.0001929552494225204,0.0002832018072334809,,0,2.0,6.0
2025-02-18,11.46359877509138,11.46359877509138,11.375484691282209,11.428353309631348,10500,599.7083740234375,96.0,1.0,4.0,3.0,4.0,0.00022042456481492136,0.00023253761277075222,,0,2.0,7.0
2025-02-19,11.146389175591477,11.322617350007608,11.119955285556342,11.172823905944824,8600,601.1206665039062,100.0,1.0,4.0,3.0,4.0,0.0001848447543764041,0.0001584675754303132,,1,2.0,8.0
2025-02-20,11.22569121594293,11.234502792358398,11.155200285255548,11.234502792358398,8400,598.6197509765625,99.0,1.0,4.0,3.0,4.0,0.00011743175563056846,0.00013215864778257558,,0,2.0,9.0
2025-02-21,11.252126150971993,11.287371616960264,11.199257531830487,11.216879844665527,13600,588.3809814453125,97.0,1.0,4.0,3.0,4.0,4.8508913031182964e-05,0.00014433846002280212,,0,2.0,10.0
2025-02-24,11.243314331251634,11.375484615769842,11.216879602093453,11.331427574157715,16300,585.70361328125,97.0,1.0,4.0,3.0,4.0,6.307563544843643e-05,0.0001929552494225204,,0,2.0,11.0
2025-02-25,11.498844258021533,11.560523612590753,11.463598792507952,11.551712036132812,14000,582.790771484375,99.0,1.0,4.0,3.0,4.0,0.00013747226422726136,0.00022042456481492136,,0,2.0,12.0
2025-02-26,11.771996404186812,12.053960968578059,11.771996404186812,11.842487335205078,18400,583.0848999023438,103.0,1.0,1.0,3.0,3.0,0.00026554901652673003,0.0001848447543764041,,0,1.0,13.0
2025-02-27,12.194943032352802,12.362358786211159,12.194943032352802,12.353548049926758,41400,573.7777099609375,117.0,1.0,1.0,4.0,5.0,0.0003976716730974682,0.00011743175563056846,,0,2.0,14.0
2025-02-28,12.300678775677945,12.309490351811368,12.15969691881578,12.265433311462402,22900,582.73193359375,115.0,1.0,1.0,4.0,5.0,0.00044644447076308216,4.8508913031182964e-05,,0,2.0,15.0
2025-03-03,12.300678023344052,12.388792098652749,12.150884599510128,12.247809410095215,19400,572.5225830078125,114.0,1.0,1.0,4.0,5.0,0.00044289156435141423,6.307563544843643e-05,,0,2.0,16.0
2025-03-04,12.14207302391564,12.33592348540391,12.124450713044759,12.247809410095215,31600,565.74560546875,112.0,1.0,1.0,4.0,5.0,0.00039010849954057455,0.00013747226422726136,,0,2.0,17.0
2025-03-05,12.415227696535446,12.600266607936518,12.371170652807912,12.556209564208984,21100,571.826171875,115.0,1.0,1.0,4.0,5.0,0.0003961415054880575,0.00026554901652673003,,0,2.0,18.0
2025-03-06,12.362357692145792,12.362357692145792,12.21256426443111,12.23018741607666,14600,561.6755981445312,119.0,1.0,1.0,4.0,5.0,0.00035199146553185765,0.0003976716730974682,,1,2.0,19.0
2025-03-07,12.353548435223372,12.485718727111816,12.221377303016704,12.485718727111816,18900,564.82373046875,121.0,1.0,1.0,4.0,5.0,0.00033259447140748533,0.00044644447076308216,,0,2.0,20.0
2025-03-10,12.388792477786682,12.415226365061008,12.177318858637708,12.256621360778809,10800,549.7792358398438,122.0,1.0,1.0,4.0,5.0,0.0002728546408241968,0.00044289156435141423,,0,2.0,21.0
2025-03-11,12.247810626761508,12.291867668792369,12.07158329895624,12.203754425048828,13200,545.2090454101562,120.0,1.0,1.0,4.0,5.0,0.00026000135492868697,0.00039010849954057455,,0,2.0,22.0
2025-03-12,12.459283828735352,12.503340028921496,12.344735859551436,12.459283828735352,7600,548.1021728515625,121.0,1.0,1.0,4.0,5.0,0.0002578771013831936,0.0003961415054880575,,0,2.0,23.0
2025-03-13,12.591454450107731,12.60026602651028,12.529775095926242,12.565020561218262,15300,540.7958374023438,120.0,1.0,1.0,4.0,5.0,0.00028262310417738717,0.00035199146553185765,,0,2.0,24.0
2025-03-14,12.626698984411645,12.68837833404541,12.617887408658788,12.68837833404541,15200,551.9662475585938,119.0,1.0,1.0,4.0,5.0,0.00031988157591202916,0.00033259447140748533,,0,2.0,25.0
2025-03-17,12.846983672270921,12.97915395074754,12.846983672270921,12.961531639099121,27300,556.22265625,121.0,1.0,1.0,4.0,5.0,0.000362405318594768,0.0002728546408241968,,0,2.0,26.0
2025-03-18,12.8822296194352,13.023211479187012,12.8822296194352,13.023211479187012,19500,550.2107543945312,119.0,1.0,1.0,4.0,5.0,0.0004136575560005894,0.00026000135492868697,,0,2.0,27.0
2025-03-19,13.049645855289924,13.084891319274902,12.891040847198449,13.084891319274902,14200,556.2030029296875,118.0,1.0,1.0,4.0,5.0,0.00046588900582912916,0.0002578771013831936,,0,2.0,28.0
2025-03-20,12.846983875014992,12.987965731699786,12.846983875014992,12.94390869140625,9200,554.5946655273438,117.0,1.0,1.0,4.0,5.0,0.0004706893675906975,0.00028262310417738717,,0,2.0,29.0
2025-03-21,12.785305078697306,12.891041475808297,12.758870349180919,12.811738967895508,18500,554.7776489257812,116.0,1.0,1.0,4.0,5.0,0.000445536067754701,0.00031988157591202916,,0,2.0,30.0
2025-03-24,12.899852752685547,12.926286641269762,12.776493205428935,12.899852752685547,19300,564.7128295898438,115.0,1.0,1.0,4.0,5.0,0.00043077667759011326,0.000362405318594768,,0,2.0,31.0
2025-03-25,12.943908953553182,12.952720529853975,12.706002275658918,12.899852752685547,11500,566.0703125,113.0,1.0,1.0,4.0,5.0,0.0004430715154567111,0.0004136575560005894,,0,2.0,32.0
2025-03-26,12.935097784710916,12.952720096404624,12.758869625865,12.864606857299805,16300,559.3124389648438,111.0,1.0,1.0,4.0,5.0,0.00048382610223931356,0.00046588900582912916,,0,2.0,33.0
2025-03-27,12.758870477462926,12.943909384347151,12.758870477462926,12.935098648071289,15000,557.8270874023438,110.0,1.0,1.0,4.0,5.0,0.0005209208654785158,0.0004706893675906975,,0,2.0,34.0
2025-03-28,12.935098273726744,12.95272058608667,12.846984190972602,12.926286697387695,15600,546.5933837890625,108.0,1.0,1.0,4.0,5.0,0.0005424433327387283,0.000445536067754701,,0,2.0,35.0
2025-03-31,12.758870443621518,12.864607681833359,12.72362497765697,12.74124813079834,9200,550.2626342773438,109.0,1.0,1.0,4.0,5.0,0.0005232868097650374,0.00043077667759011326,,0,2.0,36.0
2025-04-01,12.84698486328125,12.89985348376409,12.69719141895112,12.84698486328125,30800,551.8167724609375,108.0,1.0,1.0,4.0,5.0,0.000504226961120333,0.0004430715154567111,,0,2.0,37.0
2025-04-02,12.820549784639226,12.961531639099121,12.820549784639226,12.961531639099121,6700,555.308837890625,107.0,1.0,1.0,4.0,5.0,0.00052401288435971,0.00048382610223931356,,0,2.0,38.0
2025-04-03,13.076079754937963,13.076079754937963,12.899852434854866,12.917474746704102,8600,527.9427490234375,105.0,1.0,1.0,4.0,5.0,0.0005640533335162739,0.0005209208654785158,,0,2.0,39.0
2025-04-04,12.309491706706158,12.309491706706158,11.965847762541436,11.983470916748047,15600,497.0354309082031,145.0,1.0,4.0,4.0,6.0,0.00046066366473447427,0.0005424433327387283,,1,2.0,40.0
2025-04-07,11.31380453762129,11.710316206117376,11.172822685739849,11.384295463562012,81800,496.150146484375,159.0,1.0,4.0,4.0,6.0,0.0002636206330284561,0.0005232868097650374,,1,2.0,41.0
2025-04-08,11.77199640723437,11.877732803789144,11.260936737060547,11.260936737060547,58700,488.3790283203125,158.0,1.0,4.0,4.0,6.0,6.397850006103275e-05,0.000504226961120333,,0,2.0,42.0
2025-04-09,11.472409625825497,12.20375361809716,11.260936006124314,12.159696578979492,39700,539.668212890625,187.0,1.0,4.0,4.0,6.0,4.362764135901505e-05,0.00052401288435971,,0,2.0,43.0
2025-04-10,11.948223743112392,12.133262634277344,11.745561700256431,12.133262634277344,36300,516.0205078125,185.0,1.0,4.0,4.0,6.0,6.556949170768274e-05,0.0005640533335162739,,0,2.0,44.0
2025-04-11,12.142475374038135,12.446497821250194,11.94900646412124,12.382007598876953,19300,525.227783203125,184.0,1.0,4.0,4.0,6.0,0.00011271739496670134,0.00046066366473447427,,0,2.0,45.0
2025-04-14,12.160900748989283,12.63996696472168,12.160900748989283,12.63996696472168,20400,530.3232421875,183.0,1.0,4.0,4.0,6.0,0.00012350376526043752,0.0002636206330284561,,0,2.0,46.0
2025-04-15,12.870286485614352,12.934775827709753,12.621540374215419,12.796584129333496,22600,528.8378295898438,181.0,1.0,4.0,4.0,6.0,0.00016098441128446447,6.397850006103275e-05,,0,2.0,47.0
2025-04-16,12.87949901050954,13.284862860908653,12.51098721796618,12.953202247619629,184000,517.0828247070312,179.0,1.0,4.0,4.0,6.0,0.0001906102860250098,4.362764135901505e-05,,0,2.0,48.0
2025-04-17,13.008479100361441,13.146671687073944,12.89792555815231,12.943989753723145,23400,517.8206176757812,177.0,1.0,4.0,4.0,6.0,0.0002234921742028227,6.556949170768274e-05,,0,2.0,49.0
2025-04-21,12.372796132171679,13.238799327117793,12.372796132171679,12.713669776916504,24600,505.4951171875,176.0,1.0,4.0,4.0,6.0,0.0002231457852936009,0.00011271739496670134,,0,2.0,50.0
2025-04-22,13.155883669312404,13.809992778677595,13.008478948092323,13.38620376586914,14300,518.6469116210938,187.0,1.0,4.0,4.0,6.0,0.0002686847577377297,0.00012350376526043752,,0,2.0,51.0
2025-04-23,13.800779744536445,13.800779744536445,12.842648179352349,13.321714401245117,25400,526.6837158203125,184.0,1.0,4.0,4.0,6.0,0.00029391542710411424,0.00016098441128446447,,0,2.0,52.0
2025-04-24,13.321714150944585,13.588885422410636,12.999265670836644,13.358565330505371,80500,537.7698364257812,182.0,1.0,4.0,4.0,6.0,0.0003411760338763546,0.0001906102860250098,,0,2.0,53.0
2025-04-25,13.091394400477624,13.911334265341836,13.091394400477624,13.72707748413086,21900,541.6553344726562,183.0,1.0,4.0,4.0,6.0,0.00035268965324557026,0.0002234921742028227,,0,2.0,54.0
2025-04-28,13.47833219885969,13.938972393440261,13.47833219885969,13.598098754882812,14700,541.86181640625,180.0,1.0,4.0,4.0,6.0,0.00036902431041274187,0.0002231457852936009,,0,2.0,55.0
2025-04-29,13.782354105171725,13.911333670786675,13.736289911837716,13.819205284118652,67700,545.2752685546875,179.0,1.0,4.0,4.0,6.0,0.00038565229796590927,0.0002686847577377297,,0,2.0,56.0
2025-04-30,13.681014439279704,13.892908511840764,13.634950243061635,13.837632179260254,16600,545.49169921875,177.0,1.0,4.0,4.0,6.0,0.00039001293928792795,0.00029391542710411424,,0,2.0,57.0
2025-05-01,13.79156711955881,14.003461178853286,13.358565107981365,13.819205284118652,21300,549.3575439453125,174.0,1.0,4.0,4.0,6.0,0.0003890520070506666,0.0003411760338763546,,0,2.0,58.0
2025-05-02,14.012674852589146,14.473315050401279,13.607311865099108,14.003461837768555,42000,557.5122680664062,172.0,1.0,1.0,4.0,5.0,0.00041007626985674334,0.00035268965324557026,,0,2.0,59.0
2025-05-05,14.353547682282285,14.353547682282285,13.819205153309111,13.98503589630127,21000,554.3153076171875,170.0,1.0,1.0,4.0,5.0,0.0004287195997714336,0.00036902431041274187,,0,2.0,60.0
2025-05-06,13.911334506597145,14.500953405173016,13.763928903351713,14.473315238952637,59500,549.68212890625,174.0,1.0,1.0,4.0,5.0,0.0004779376042305665,0.00038565229796590927,,0,2.0,61.0
2025-05-07,14.279846209141455,14.500953294418652,14.279846209141455,14.344335556030273,15200,551.9938354492188,171.0,1.0,1.0,4.0,5.0,0.0004990471684883305,0.00039001293928792795,,0,2.0,62.0
2025-05-08,14.325909517761376,14.500952396449287,14.22456811766712,14.261419296264648,23800,555.8400268554688,169.0,1.0,1.0,4.0,5.0,0.000524748671979957,0.0003890520070506666,,0,2.0,63.0
2025-05-09,14.408824780801993,14.491739273071289,14.224568010599834,14.491739273071289,10300,555.1317749023438,168.0,1.0,1.0,4.0,5.0,0.0005400745321244314,0.00041007626985674334,,0,2.0,64.0
2025-05-12,13.883695076068841,14.25220775604248,13.883695076068841,14.25220775604248,56400,573.4774780273438,167.0,1.0,1.0,4.0,5.0,0.0005324460623229266,0.0004287195997714336,,0,2.0,65.0
2025-05-13,14.132440610474,14.500952396449287,14.086376417576739,14.261419296264648,27000,577.2645874023438,165.0,1.0,1.0,4.0,5.0,0.0005183797457812196,0.0004779376042305665,,0,2.0,66.0
2025-05-14,14.233782335757613,14.4364642744861,14.132441805694109,14.224569320678711,44100,578.0025024414062,162.0,1.0,1.0,4.0,5.0,0.00048357501522560634,0.0004990471684883305,,0,2.0,67.0
2025-05-15,14.565443648431282,14.685209328395457,14.362761712504703,14.53780460357666,14200,580.8255004882812,163.0,1.0,1.0,4.0,5.0,0.0004921815965177177,0.000524748671979957,,0,2.0,68.0
2025-05-16,14.602294102482032,14.602294102482032,14.408825191141212,14.436463356018066,126000,584.5045776367188,160.0,1.0,1.0,4.0,5.0,0.00050504967512864,0.0005400745321244314,,0,2.0,69.0
2025-05-19,14.574655032750956,14.675996434785912,14.537803853447722,14.648357391357422,28100,585.1439819335938,159.0,1.0,1.0,4.0,5.0,0.0005741701989573443,0.0005324460623229266,,0,2.0,70.0
2025-05-20,14.740486557518608,15.108998370015987,14.740486557518608,15.026082992553711,50700,583.1765747070312,161.0,1.0,1.0,4.0,5.0,0.0006877522878117291,0.0005183797457812196,,0,2.0,71.0
2025-05-21,15.11821086103894,15.201126235627683,14.961593126504964,15.035295486450195,25700,573.3496704101562,158.0,1.0,1.0,4.0,5.0,0.0008127922395955567,0.00048357501522560634,,0,2.0,72.0
2025-05-22,15.099785466978279,15.256403208100938,15.062935164056858,15.2379789352417,20600,573.5758666992188,157.0,1.0,1.0,4.0,5.0,0.0008578437638851901,0.0004921815965177177,,0,2.0,73.0
2025-05-23,15.164274420702386,15.440659592839916,15.164274420702386,15.357744216918945,21500,569.6608276367188,155.0,1.0,1.0,4.0,5.0,0.0008515988808875313,0.00050504967512864,,0,2.0,74.0
2025-05-27,15.523573576425376,15.624913215637207,15.505147548494957,15.624913215637207,49500,581.5042724609375,155.0,1.0,1.0,4.0,5.0,0.0008334427611242354,0.0005741701989573443,,0,2.0,75.0
2025-05-28,15.274829359391738,15.37617076833509,15.274829359391738,15.348531723022461,67100,578.1400756835938,154.0,1.0,1.0,4.0,5.0,0.0008149592556958435,0.0006877522878117291,,1,2.0,76.0
2025-05-29,15.39459496887041,15.551212710498787,15.36695768089084,15.43144702911377,31600,580.4222412109375,152.0,1.0,1.0,4.0,5.0,0.0007942464973590127,0.0008127922395955567,,0,2.0,77.0
2025-05-30,15.403806899372253,15.59727668762207,15.25640218318326,15.59727668762207,77100,579.7730712890625,151.0,1.0,1.0,4.0,5.0,0.0007727230408725612,0.0008578437638851901,,0,2.0,78.0
2025-06-02,15.431445193976016,15.661765271498046,15.431445193976016,15.624913215637207,34700,583.0388793945312,148.0,1.0,1.0,3.0,3.0,0.0007767499269284556,0.0008515988808875313,,0,1.0,79.0
2025-06-03,15.588065132495416,15.597278147770062,15.468299448330987,15.523575782775879,55700,586.3637084960938,146.0,1.0,1.0,3.0,3.0,0.0007841643809960128,0.0008334427611242354,,0,1.0,80.0
2025-06-04,15.403807533673753,15.449872607631455,15.357744216918945,15.357744216918945,26600,586.206298828125,145.0,1.0,1.0,3.0,3.0,0.0007506910425245894,0.0008149592556958435,,1,1.0,81.0
2025-06-05,15.523574395982367,15.578850725489165,15.468298066475569,15.514361381530762,23500,583.3733520507812,144.0,1.0,1.0,3.0,3.0,0.0007458254591548459,0.0007942464973590127,,0,1.0,82.0
2025-06-06,15.698617999112923,15.892086029052734,15.670978956034599,15.892086029052734,104300,589.3639526367188,145.0,1.0,1.0,3.0,3.0,0.0007551233039156663,0.0007727230408725612,,0,1.0,83.0
2025-06-09,15.624914495401924,15.680192583720759,15.588064193725586,15.588064193725586,77000,589.8950805664062,145.0,1.0,1.0,3.0,3.0,0.0007741112096211221,0.0007767499269284556,,0,1.0,84.0
2025-06-10,15.60648976884398,15.60648976884398,15.440659023120753,15.514361381530762,20200,593.23974609375,143.0,1.0,1.0,3.0,3.0,0.0007690650277621821,0.0007841643809960128,,0,1.0,85.0
2025-06-11,15.449873164103346,15.560425831177914,15.449873164103346,15.477510452270508,24100,591.5476684570312,141.0,1.0,1.0,3.0,3.0,0.0007376420242254138,0.0007506910425245894,,0,1.0,86.0
2025-06-12,15.431447133856597,15.486723467393881,15.422234118733224,15.477510452270508,45800,593.8988037109375,139.0,1.0,1.0,3.0,3.0,0.0007399255539275589,0.0007458254591548459,,0,1.0,87.0
2025-06-13,15.274828840997976,15.431446578048375,15.274828840997976,15.357744216918945,29600,587.2589111328125,138.0,1.0,1.0,3.0,3.0,0.0007492231673488182,0.0007551233039156663,,0,1.0,88.0
2025-06-16,15.357744632909322,15.41302096595292,15.302468299865723,15.302468299865723,23800,592.84619140625,136.0,1.0,1.0,3.0,3.0,0.0007581281793244309,0.0007741112096211221,,0,1.0,89.0
2025-06-17,15.339318417600332,15.348531432530173,15.155063390612286,15.173487663269043,29100,587.7802734375,134.0,1.0,1.0,3.0,3.0,0.0007574355783456044,0.0007690650277621821,,0,1.0,90.0
2025-06-18,15.440658569335938,15.560424239281351,15.42223254097425,15.440658569335938,39500,587.6917114257812,134.0,1.0,1.0,3.0,3.0,0.0007438420924713894,0.0007376420242254138,,0,1.0,91.0
2025-06-20,15.698618720361353,15.753895051854766,15.588064300171627,15.634127616882324,29100,586.3115234375,133.0,1.0,1.0,3.0,3.0,0.0007508630632107246,0.0007399255539275589,,0,1.0,92.0
2025-06-23,15.523574953895494,15.836810427696337,15.486722894764622,15.634127616882324,33300,592.1027221679688,131.0,1.0,1.0,3.0,3.0,0.0007697184044520083,0.0007492231673488182,,0,1.0,93.0
2025-06-24,15.846022714458346,15.919725072131058,15.74468131370731,15.892086029052734,15200,598.6438598632812,131.0,1.0,1.0,3.0,3.0,0.0008037841065284233,0.0007581281793244309,,0,1.0,94.0
2025-06-25,15.855234578976603,15.993428042459136,15.726255887409314,15.864447593688965,18900,598.9793090820312,129.0,1.0,1.0,1.0,1.0,0.0008292801173794932,0.0007574355783456044,,0,1.0,95.0
2025-06-26,15.947361946105957,16.002640030834836,15.873659590336887,15.947361946105957,12000,603.6655883789062,128.0,1.0,1.0,1.0,1.0,0.0008570817543767471,0.0007438420924713894,,0,1.0,96.0
2025-06-27,15.560424434318431,15.94736224874993,15.560424434318431,15.846022605895996,48000,606.664794921875,126.0,1.0,1.0,1.0,1.0,0.0008729694419508495,0.0007508630632107246,,0,1.0,97.0
2025-06-30,15.763106912481486,15.928937652022697,15.763106912481486,15.882872581481934,52400,609.5653686523438,124.0,1.0,1.0,1.0,1.0,0.0008711596068152493,0.0007697184044520083,,0,1.0,98.0
2025-07-01,15.882873673920836,16.039491410126207,15.569638201510095,15.717042922973633,27700,609.3681030273438,123.0,1.0,1.0,1.0,1.0,0.0008386313558635532,0.0008037841065284233,,0,1.0,99.0
2025-07-02,15.422233405687892,15.569638126440717,15.385383104101127,15.459085464477539,127300,612.1305541992188,123.0,1.0,1.0,1.0,1.0,0.0007862631760866259,0.0008292801173794932,,1,1.0,100.0
2025-07-03,15.680191647183904,15.855233644796757,15.652552604675295,15.652552604675293,32200,616.9550170898438,123.0,1.0,1.0,1.0,1.0,0.0007712770277235728,0.0008570817543767471,,0,1.0,101.0
2025-07-07,15.237977826317772,16.021064717740003,15.237977826317772,15.615702629089355,41000,612.357421875,121.0,1.0,4.0,1.0,2.0,0.0007903099614433128,0.0008729694419508495,,0,2.0,102.0
2025-07-08,15.680193141138133,15.707830429077148,15.560425702725915,15.707830429077148,36200,612.0220336914062,119.0,1.0,4.0,1.0,2.0,0.0008309210256212358,0.0008711596068152493,,0,2.0,103.0
2025-07-09,15.72625532956629,15.763107387108516,15.597276642574144,15.744681358337402,51800,615.692138671875,118.0,1.0,4.0,1.0,2.0,0.0008479386009949405,0.0008386313558635532,,0,2.0,104.0
2025-07-10,15.717042469383545,15.735468498335438,15.624914081826914,15.643340110778809,49600,617.4285278320312,116.0,1.0,4.0,1.0,2.0,0.0008125909190252545,0.0007862631760866259,,0,2.0,105.0
2025-07-11,15.744681400249961,15.910512145225775,15.744681400249961,15.87366008758545,24900,615.258056640625,116.0,1.0,4.0,1.0,2.0,0.0007932906060342729,0.0007712770277235728,,0,2.0,106.0
2025-07-14,15.938151180807047,16.030279577818103,15.919726907167249,15.975003242492676,42900,616.4320678710938,115.0,1.0,4.0,1.0,2.0,0.0007744325943014243,0.0007903099614433128,,0,2.0,107.0
2025-07-15,15.956575875878874,15.956575875878874,15.799958141231908,15.818384170532227,35000,613.7978515625,114.0,1.0,4.0,1.0,2.0,0.0007728674002138682,0.0008309210256212358,,0,2.0,108.0
2025-07-16,15.901300269292689,16.0579180110717,15.901300269292689,16.002641677856445,32700,615.8499755859375,113.0,1.0,4.0,1.0,2.0,0.0007503202910321724,0.0008479386009949405,,0,2.0,109.0
2025-07-17,15.855234870216373,16.09476798552902,15.855234870216373,16.039491653442383,23500,619.6187133789062,112.0,1.0,4.0,1.0,2.0,0.0007290601783299823,0.0008125909190252545,,0,2.0,110.0
2025-07-18,15.965789291592563,16.122407030173797,15.965789291592563,16.039491653442383,22500,619.1649169921875,110.0,1.0,4.0,1.0,2.0,0.0007361313431283044,0.0007932906060342729,,0,2.0,111.0
2025-07-21,16.05791909435582,16.20532383100921,16.02106703159094,16.177684783935547,18500,620.3389892578125,109.0,1.0,1.0,1.0,1.0,0.0007542859675166054,0.0007744325943014243,,0,1.0,112.0
2025-07-22,16.039493380231775,16.232963199168065,15.864449593042389,16.076345443725586,28700,620.4277954101562,108.0,1.0,1.0,1.0,1.0,0.0007496829505717903,0.0007728674002138682,,0,1.0,113.0
2025-07-23,16.159259825580577,16.361940890596795,16.1039817337737,16.288238525390625,35000,625.7059936523438,108.0,1.0,1.0,1.0,1.0,0.0007632306160103414,0.0007503202910321724,,0,1.0,114.0
2025-07-24,16.15925840939118,16.306663126885045,16.131619365910016,16.15004539489746,33200,625.9132690429688,107.0,1.0,1.0,1.0,1.0,0.000759415854864535,0.0007290601783299823,,0,1.0,115.0
2025-07-25,15.993428695184946,16.214535785696814,15.993428695184946,16.131620407104492,39600,628.5572509765625,105.0,1.0,1.0,1.0,1.0,0.0007820939932030308,0.0007361313431283044,,0,1.0,116.0
2025-07-28,16.030277315996507,16.19610805577761,15.892085618579847,15.947361946105957,46600,628.3994140625,105.0,1.0,1.0,1.0,1.0,0.0007733882624876656,0.0007542859675166054,,0,1.0,117.0
2025-07-29,16.103980497369086,16.122406526556695,15.95657577827394,16.11319351196289,41500,626.7420043945312,104.0,1.0,1.0,1.0,1.0,0.0007949122052272246,0.0007496829505717903,,0,1.0,118.0
2025-07-30,15.947362358006565,15.984214415444328,15.855233971614972,15.892086029052734,49200,625.9526977539062,104.0,1.0,1.0,1.0,1.0,0.0007808575724177594,0.0007632306160103414,,0,1.0,119.0
2025-07-31,16.00264221351845,16.122407899027614,15.965790152006083,16.057918548583984,68800,623.6045532226562,104.0,1.0,1.0,1.0,1.0,0.0007928187347560883,0.000759415854864535,,0,1.0,120.0
2025-08-01,15.790744520118066,15.864446877285836,15.726255177246616,15.846022605895996,49300,613.3834228515625,104.0,1.0,4.0,1.0,2.0,0.0007619871105475014,0.0007820939932030308,,1,2.0,121.0
2025-08-04,16.048705725522495,16.11319507673892,15.984216374306069,16.085556030273438,45100,622.7067260742188,104.0,1.0,4.0,1.0,2.0,0.0007754652357591169,0.0007733882624876656,,0,2.0,122.0
2025-08-05,16.12240739201613,16.18689674043172,16.048705028512174,16.131620407104492,28300,619.5496826171875,103.0,1.0,4.0,1.0,2.0,0.0007819068067488558,0.0007949122052272246,,0,2.0,123.0
2025-08-06,16.223747640805815,16.398789643360562,16.223747640805815,16.3803653717041,44900,624.2952270507812,103.0,1.0,4.0,1.0,2.0,0.0008161059530584202,0.0007808575724177594,,0,2.0,124.0
2025-08-07,16.389579101867998,16.39879035949707,16.315874983212183,16.39879035949707,27500,623.7722778320312,102.0,1.0,1.0,1.0,1.0,0.0008247268457118049,0.0007928187347560883,,0,1.0,125.0
2025-08-08,16.24217193302502,16.46328076521074,16.24217193302502,16.444854736328125,17400,628.6361694335938,101.0,1.0,1.0,1.0,1.0,0.0008232300947969528,0.0007619871105475014,,0,1.0,126.0
2025-08-11,16.536984532649956,16.536984532649956,16.454069152815823,16.518558502197266,9800,627.39306640625,99.0,1.0,1.0,1.0,1.0,0.0008347670183954771,0.0007754652357591169,,0,1.0,127.0
2025-08-12,16.592260897188993,16.721239596188063,16.555408836216127,16.647537231445312,21600,634.072265625,98.0,1.0,1.0,1.0,1.0,0.0008830292227143603,0.0007819068067488558,,0,1.0,128.0
2025-08-13,16.721238588186555,16.794940948486328,16.721238588186555,16.794940948486328,277300,636.2427978515625,98.0,1.0,1.0,1.0,1.0,0.0009453535772953004,0.0008161059530584202,,0,1.0,129.0
2025-08-14,17.154241756293487,17.24636839018274,17.016048291053792,17.1818790435791,46000,636.302001953125,101.0,1.0,1.0,1.0,1.0,0.0010311787629236617,0.0008247268457118049,,0,1.0,130.0
2025-08-15,17.052899969163633,17.126602328949208,16.988410624001617,17.02526092529297,53600,634.812255859375,100.0,1.0,1.0,1.0,1.0,0.0010722003000420534,0.0008232300947969528,,0,1.0,131.0
2025-08-18,16.748875532382716,16.841003910507684,16.601470830263835,16.767301559448242,27900,634.6741943359375,101.0,1.0,1.0,1.0,1.0,0.0010641036023198208,0.0008347670183954771,,1,1.0,132.0
2025-08-19,16.73966355755084,16.850217969601264,16.68438723012701,16.748876571655273,20700,631.23095703125,99.0,1.0,1.0,1.0,1.0,0.0009870928272795985,0.0008830292227143603,,0,1.0,133.0
2025-08-20,16.942347436719487,17.09896518834715,16.831794763337054,16.960773468017578,61400,629.5537719726562,100.0,1.0,1.0,1.0,1.0,0.0009110557631367157,0.0009453535772953004,,0,1.0,134.0
2025-08-21,17.0068362661742,17.025262296905776,16.905496611556565,16.969985961914062,50500,627.028076171875,98.0,1.0,1.0,1.0,1.0,0.0008844155717317575,0.0010311787629236617,,0,1.0,135.0
2025-08-22,16.951557552871144,17.13581431992955,16.951557552871144,17.10817527770996,14000,636.6572265625,97.0,1.0,1.0,1.0,1.0,0.0008855776996734257,0.0010722003000420534,,0,1.0,136.0
2025-08-25,16.68438751124138,17.393772037207402,16.68438751124138,17.135814666748047,10000,633.8552856445312,96.0,1.0,1.0,1.0,1.0,0.0009000016739239922,0.0010641036023198208,,0,1.0,137.0
2025-08-26,16.914707031388964,17.50432586669922,16.905494017436897,17.50432586669922,673700,636.5091552734375,99.0,1.0,1.0,1.0,1.0,0.0009110243152008459,0.0009870928272795985,,0,1.0,138.0
2025-08-27,17.135816246449643,17.32007127702044,16.997624534220805,17.172666549682617,23800,637.9595336914062,101.0,1.0,1.0,1.0,1.0,0.0008990391903427237,0.0009110557631367157,,0,1.0,139.0
2025-08-28,16.88707006218516,17.025261774021764,16.88707006218516,16.979198455810547,32500,640.21875,100.0,1.0,1.0,1.0,1.0,0.0008593383643741085,0.0008844155717317575,,0,1.0,140.0
2025-08-29,16.833594906738046,16.90874481201172,16.796019058243676,16.90874481201172,33600,636.400634765625,99.0,1.0,1.0,1.0,1.0,0.0008116225434138426,0.0008855776996734257,,0,1.0,141.0
2025-09-02,16.194818227518557,16.316937931431575,16.12906229081842,16.204212188720703,131500,631.6847534179688,113.0,1.0,4.0,4.0,6.0,0.0007022193142180378,0.0009000016739239922,,1,2.0,142.0
2025-09-03,16.04451843171399,16.223000111124996,16.01633654810755,16.204212188720703,62300,635.108154296875,112.0,1.0,4.0,4.0,6.0,0.0006146556554583567,0.0009110243152008459,,0,2.0,143.0
2025-09-04,16.570568084716797,16.59874996894857,16.495418185147003,16.570568084716797,80100,640.4161987304688,114.0,1.0,4.0,4.0,6.0,0.0005304378549564207,0.0008990391903427237,,0,2.0,144.0
2025-09-05,16.95571273199036,17.012076504403076,16.88995678922392,16.97450065612793,24100,638.561279296875,117.0,1.0,4.0,4.0,6.0,0.0005548016707096738,0.0008593383643741085,,0,2.0,145.0
2025-09-08,16.90874471336149,17.02147046647186,16.90874471336149,16.97450065612793,36900,640.1300048828125,116.0,1.0,4.0,4.0,6.0,0.0005739195323909205,0.0008116225434138426,,0,2.0,146.0
2025-09-09,17.284493765567877,17.284493765567877,16.98389415443513,17.115406036376953,25600,641.60986328125,114.0,1.0,4.0,4.0,6.0,0.0006033061766782521,0.0007022193142180378,,0,2.0,147.0
2025-09-10,17.115406932270115,17.275100708007812,17.10601296996612,17.275100708007812,27400,643.4646606445312,113.0,1.0,4.0,4.0,6.0,0.0006135300155481817,0.0006146556554583567,,0,2.0,148.0
2025-09-11,17.1999507173399,17.406614303588867,17.1999507173399,17.406614303588867,44600,648.8119506835938,112.0,1.0,1.0,4.0,5.0,0.0006625183157237504,0.0005304378549564207,,0,2.0,149.0
2025-09-12,17.265705210380084,17.472368779260545,17.265705210380084,17.453580856323242,16800,648.5949096679688,111.0,1.0,1.0,4.0,5.0,0.0006986777803202239,0.0005548016707096738,,0,2.0,150.0
2025-09-15,17.538125892965912,17.848119475342735,17.528731930867817,17.6038818359375,44800,652.0480346679688,110.0,1.0,1.0,4.0,5.0,0.0007505878917260369,0.0005739195323909205,,0,2.0,151.0
2025-09-16,17.312675206519724,17.45358104665621,17.218737382523745,17.32206916809082,93500,651.150146484375,110.0,1.0,1.0,4.0,5.0,0.0007432949553828914,0.0006033061766782521,,1,2.0,152.0
2025-09-17,17.199950984517134,17.519338539394873,17.040257207078263,17.397220611572266,116700,650.3412475585938,109.0,1.0,1.0,4.0,5.0,0.0007385539243888003,0.0006135300155481817,,0,2.0,153.0
2025-09-18,17.425400436390056,17.4347943986482,17.331464397238815,17.406614303588867,30200,653.3799438476562,107.0,1.0,1.0,4.0,5.0,0.0007061453641115061,0.0006625183157237504,,0,2.0,154.0
2025-09-19,17.425400436390056,17.425400436390056,17.32207043498067,17.406614303588867,40500,656.6160278320312,105.0,1.0,1.0,4.0,5.0,0.0007094862071703498,0.0006986777803202239,,0,2.0,155.0
2025-09-22,17.444186989610156,17.444186989610156,17.246919172841746,17.38782501220703,174500,659.7225341796875,104.0,1.0,1.0,4.0,5.0,0.000714549381355528,0.0007505878917260369,,0,2.0,156.0
2025-09-23,17.303281320137767,17.303281320137767,17.040255770149077,17.190555572509766,66800,656.1312866210938,104.0,1.0,1.0,4.0,5.0,0.0007033200703178202,0.0007432949553828914,,0,2.0,157.0
2025-09-24,17.134194419000618,17.228132247924805,17.124800456936693,17.228132247924805,37100,654.043701171875,102.0,1.0,1.0,4.0,5.0,0.0006839555261205461,0.0007385539243888003,,0,2.0,158.0
2025-09-25,17.06843748151004,17.134193420410156,17.012075504126358,17.134193420410156,69000,651.0263061523438,101.0,1.0,1.0,4.0,5.0,0.0006462857241675636,0.0007061453641115061,,0,2.0,159.0
2025-09-26,17.444187337877878,17.50054931640625,17.387825359349506,17.50054931640625,72100,654.756103515625,103.0,1.0,1.0,4.0,5.0,0.0007010140239050606,0.0007094862071703498,,0,2.0,160.0
2025-09-29,17.51933762576577,17.51933762576577,17.39721970431158,17.49115753173828,23400,656.5962524414062,102.0,1.0,1.0,4.0,5.0,0.0008134241246165203,0.000714549381355528,,0,2.0,161.0
2025-09-30,17.55691371893737,17.66963768005371,17.55691371893737,17.66963768005371,62300,659.0694580078125,101.0,1.0,1.0,4.0,5.0,0.0009717576106251773,0.0007033200703178202,,0,2.0,162.0
2025-10-01,17.64145685598122,17.819936752319336,17.64145685598122,17.819936752319336,28700,661.3153686523438,101.0,1.0,1.0,4.0,5.0,0.0010114774743270796,0.0006839555261205461,,0,2.0,163.0
2025-10-02,17.64145724089719,17.782363085396675,17.462975548949828,17.556913375854492,58600,662.0769653320312,101.0,1.0,1.0,4.0,5.0,0.0009714839252024013,0.0006462857241675636,-1.0,0,2.0,164.0
2025-10-03,17.491156877012735,17.63206271702091,17.40661301466484,17.50994300842285,43900,662.0671997070312,100.0,1.0,1.0,3.0,3.0,0.0008793977274406105,0.0007010140239050606,-1.0,0,1.0,165.0
2025-10-06,17.51933725928278,17.59448716130909,17.491157165844783,17.566307067871094,28300,664.4415893554688,98.0,1.0,1.0,3.0,3.0,0.0008221662569561244,0.0008134241246165203,-1.0,0,1.0,166.0
2025-10-07,17.500550513372307,17.547520325120985,17.462976455688477,17.462976455688477,24300,661.9780883789062,97.0,1.0,1.0,3.0,3.0,0.0007746453283252877,0.0009717576106251773,-1.0,0,1.0,167.0
2025-10-08,17.547520124424523,17.5944881439209,17.547520124424523,17.5944881439209,19700,665.925537109375,96.0,1.0,1.0,3.0,3.0,0.0007330610354187332,0.0010114774743270796,-1.0,0,1.0,168.0
2025-10-09,17.46297407792494,17.46297407792494,17.246918348444567,17.350248336791992,77000,663.9963989257812,97.0,1.0,1.0,3.0,3.0,0.0006981032954064666,0.0009714839252024013,-1.0,1,1.0,169.0
2025-10-10,17.218738384800943,17.23752630903675,17.106012631101173,17.162376403808594,59600,646.0499877929688,96.0,1.0,4.0,3.0,4.0,0.0006884262069196609,0.0008793977274406105,-1.0,1,2.0,170.0
2025-10-13,17.246918439908782,17.28449249267578,17.237524478788313,17.28449249267578,32200,655.9630126953125,95.0,1.0,4.0,3.0,4.0,0.0006593867836234045,0.0008221662569561244,-1.0,0,2.0,171.0
2025-10-14,17.303281056254693,17.509942833420208,17.303281056254693,17.453580856323242,38300,655.1616821289062,95.0,1.0,4.0,3.0,4.0,0.0006908285801796219,0.0007746453283252877,1.0,0,2.0,172.0
2025-10-15,17.27509853155531,17.29388645379625,17.209342595426904,17.28449249267578,41500,658.0703125,95.0,1.0,4.0,3.0,4.0,0.0006989740580635439,0.0007330610354187332,-1.0,1,2.0,173.0
2025-10-16,16.983894618196718,17.068438485100728,16.927532637499063,16.97450065612793,86300,653.5886840820312,96.0,1.0,4.0,3.0,4.0,0.0006664788474624576,0.0006981032954064666,-1.0,1,2.0,174.0
2025-10-17,16.49541810194964,16.899349481993095,16.49541810194964,16.889955520629883,55100,657.2986450195312,95.0,1.0,4.0,3.0,4.0,0.0005680882945815427,0.0006884262069196609,-1.0,1,2.0,175.0
2025-10-20,16.749051137822313,16.899350949253392,16.749051137822313,16.842988967895508,33200,664.1348266601562,94.0,1.0,4.0,3.0,4.0,0.00046885856498804263,0.0006593867836234045,-1.0,0,2.0,176.0
2025-10-21,16.81480654253969,16.87116852209149,16.76783852486569,16.86177635192871,51200,664.1249389648438,92.0,1.0,4.0,1.0,2.0,0.0004370987844110762,0.0006908285801796219,-1.0,0,2.0,177.0
2025-10-22,16.918136506459625,17.002680362524785,16.880560663001848,16.9838924407959,28000,660.6721801757812,92.0,1.0,4.0,1.0,2.0,0.0004247628211857324,0.0006989740580635439,-1.0,0,2.0,178.0
2025-10-23,17.030862095526984,17.030862095526984,16.936926061254855,16.993288040161133,53000,664.5900268554688,90.0,1.0,4.0,1.0,2.0,0.00041628580056742,0.0006664788474624576,-1.0,0,2.0,179.0
2025-10-24,16.965104519067012,17.01207432338923,16.92753046732407,16.9838924407959,27900,670.0213623046875,89.0,1.0,4.0,1.0,2.0,0.00040891911624161436,0.0005680882945815427,-1.0,0,2.0,180.0
2025-10-27,17.171769998239142,17.237525939941406,17.087226132703364,17.237525939941406,35500,677.926025390625,90.0,1.0,4.0,1.0,2.0,0.00038507240394182414,0.00046885856498804263,-1.0,0,2.0,181.0
2025-10-28,17.040256402352338,17.30328196209943,17.030862440391903,17.10601234436035,23400,679.7266845703125,89.0,1.0,4.0,1.0,2.0,0.00038027993055245293,0.0004370987844110762,-1.0,0,2.0,182.0
2025-10-29,16.955711458457436,17.25631284693542,16.83359354416554,16.889955520629883,32800,680.0531005859375,90.0,1.0,4.0,1.0,2.0,0.0003579618779822925,0.0004247628211857324,-1.0,0,2.0,183.0
2025-10-30,16.87116903488111,17.0496507325542,16.87116903488111,17.03086280822754,61000,672.5738525390625,89.0,1.0,4.0,1.0,2.0,0.00034765221824207654,0.00041628580056742,-1.0,0,2.0,184.0
2025-10-31,16.739655815488785,16.824199676513672,16.673899877294968,16.824199676513672,157900,674.780029296875,89.0,1.0,4.0,1.0,2.0,0.00032564931661917875,0.00040891911624161436,-1.0,1,2.0,185.0
2025-11-03,16.608144032335012,16.75844383239746,16.608144032335012,16.75844383239746,48900,676.04638671875,88.0,1.0,4.0,1.0,2.0,0.0003176503955891221,0.00038507240394182414,-1.0,0,2.0,186.0
2025-11-04,16.523600992145223,16.59875089591179,16.49541910633962,16.542388916015625,63100,668.0328369140625,88.0,1.0,4.0,1.0,2.0,0.0002998624894110808,0.00038027993055245293,-1.0,1,2.0,187.0
2025-11-05,16.589357433953978,16.965106964111328,16.589357433953978,16.965106964111328,49000,670.3478393554688,94.0,1.0,4.0,1.0,2.0,0.00029683021241574595,0.0003579618779822925,1.0,0,2.0,188.0
2025-11-06,16.88056282715513,17.030862636825585,16.82420084645748,16.97450065612793,44800,663.1553955078125,92.0,1.0,4.0,1.0,2.0,0.000310146966591525,0.00034765221824207654,1.0,0,2.0,189.0
2025-11-07,16.871169050987422,17.134194616666488,16.871169050987422,17.096620559692383,39500,663.8084106445312,91.0,1.0,4.0,1.0,2.0,0.000319905897017144,0.00032564931661917875,1.0,0,2.0,190.0
2025-11-10,17.059044416927243,17.31267601606173,17.059044416927243,17.293888092041016,32300,674.1666259765625,91.0,1.0,4.0,1.0,2.0,0.00031537833160864126,0.0003176503955891221,1.0,0,2.0,191.0
2025-11-11,17.049650364312775,17.152982154162533,17.040256402352338,17.10601234436035,34200,675.7099609375,91.0,1.0,4.0,1.0,2.0,0.00027526818070535753,0.0002998624894110808,-1.0,0,2.0,192.0
2025-11-12,17.453580140876284,17.538123998913637,17.284492424801577,17.416006088256836,27000,676.0859375,93.0,1.0,4.0,1.0,2.0,0.00025626560240968934,0.00029683021241574595,1.0,0,2.0,193.0
2025-11-13,16.46723790608228,16.617537703519208,16.260574340820312,16.260574340820312,46900,664.866943359375,131.0,1.0,4.0,4.0,6.0,0.00015281546121236362,0.000310146966591525,-1.0,1,4.0,1.0
2025-11-14,16.11967076539986,16.241790487765936,16.044520856141954,16.185426712036133,44400,664.7581787109375,129.0,1.0,4.0,4.0,6.0,6.0515902875889096e-05,0.000319905897017144,-1.0,1,4.0,2.0
2025-11-17,16.204214025896935,16.251182045517844,16.006946193431002,16.082096099853516,60700,658.5650024414062,128.0,1.0,4.0,4.0,6.0,-3.8179699437149496e-05,0.00031537833160864126,-1.0,0,4.0,3.0
2025-11-18,16.06330671441287,16.17603066793721,16.016336907348617,16.12906265258789,85300,653.03466796875,126.0,1.0,4.0,4.0,6.0,-4.668964755407919e-05,0.00027526818070535753,-1.0,0,4.0,4.0
2025-11-19,15.922401796016903,15.97876377603344,15.76270802620752,15.847251892089844,77900,655.5574340820312,126.0,1.0,4.0,4.0,6.0,-6.785290914636414e-05,0.00025626560240968934,-1.0,1,4.0,5.0
2025-11-20,15.9787634848936,16.016337540314993,15.715737930083804,15.790887832641602,111800,645.5652465820312,124.0,1.0,4.0,4.0,6.0,-9.088762854625903e-05,0.00015281546121236362,-1.0,0,4.0,6.0
2025-11-21,15.997551945821407,16.044519964604564,15.884826192340736,16.025732040405273,103000,651.9959106445312,124.0,1.0,4.0,4.0,6.0,-9.328935869040826e-05,6.0515902875889096e-05,-1.0,0,4.0,7.0
2025-11-24,16.00694588011311,16.279363613669286,15.884826164744945,15.997551918029785,71300,661.59228515625,122.0,1.0,4.0,4.0,6.0,-7.01796863184114e-05,-3.8179699437149496e-05,-1.0,0,4.0,8.0
2025-11-25,16.035124737043006,16.223000380778974,16.035124737043006,16.1948184967041,60700,667.815185546875,122.0,1.0,4.0,4.0,6.0,-4.38338487807479e-05,-4.668964755407919e-05,-1.0,0,4.0,9.0
2025-11-26,16.410875590553466,16.495419458057896,16.241789647259687,16.40148162841797,35100,672.4254150390625,121.0,1.0,4.0,4.0,6.0,-3.657942722313767e-05,-6.785290914636414e-05,-1.0,0,4.0,10.0
2025-11-28,16.467238455446264,16.542388356671808,16.43905657059357,16.495418548583984,21500,676.0958251953125,120.0,1.0,4.0,4.0,6.0,-4.454899935982758e-06,-9.088762854625903e-05,-1.0,0,4.0,11.0
2025-12-01,16.194819403666898,16.260575345142556,16.082095444484345,16.100881576538086,79300,673.0090942382812,122.0,1.0,4.0,4.0,6.0,4.47970776215365e-06,-9.328935869040826e-05,-1.0,1,4.0,12.0
2025-12-02,16.232394072327146,16.241788033529293,15.903612597111572,16.204212188720703,110800,674.2556762695312,121.0,1.0,4.0,4.0,6.0,1.928565116984059e-05,-7.01796863184114e-05,-1.0,0,4.0,13.0
2025-12-03,16.21360614992285,16.29815000902728,16.204212188720703,16.204212188720703,57000,676.5905151367188,119.0,1.0,4.0,4.0,6.0,8.562349682174323e-06,-4.38338487807479e-05,-1.0,0,4.0,14.0
2025-12-04,16.223000940770632,16.33572489753132,16.223000940770632,16.241788864135742,52100,677.085205078125,117.0,1.0,4.0,4.0,6.0,2.177321174781642e-05,-3.657942722313767e-05,-1.0,0,4.0,15.0
2025-12-05,16.476632979553916,16.51420703559193,16.28875732421875,16.28875732421875,71600,678.3712158203125,116.0,1.0,4.0,4.0,6.0,3.1373677117925266e-05,-4.454899935982758e-06,-1.0,0,4.0,16.0
2025-12-08,16.316939480578228,16.3357256130512,16.26057570801411,16.27936363220215,51600,676.3333129882812,114.0,1.0,4.0,4.0,6.0,4.5989489894790834e-05,4.47970776215365e-06,-1.0,0,4.0,17.0
2025-12-09,16.420268838999778,16.47663260936299,16.326331013442754,16.363906860351562,67700,675.74951171875,113.0,1.0,4.0,4.0,6.0,4.513008022925204e-05,1.928565116984059e-05,1.0,0,2.0,18.0
2025-12-10,16.401481448859524,16.598751068115234,16.31693937399571,16.598751068115234,27900,680.2312622070312,113.0,1.0,4.0,4.0,6.0,4.955467950727091e-05,8.562349682174323e-06,1.0,0,2.0,19.0
2025-12-11,16.636326389877503,16.749052151128183,16.61754025609838,16.68329620361328,49600,681.8140869140625,111.0,1.0,4.0,3.0,4.0,6.291746028816042e-05,2.177321174781642e-05,1.0,0,2.0,20.0
2025-12-12,16.67389941972795,16.702081303201187,16.47663161055995,16.52359962463379,23500,674.4832153320312,110.0,1.0,4.0,3.0,4.0,6.146569657209374e-05,3.1373677117925266e-05,1.0,0,2.0,21.0
2025-12-15,16.946320119692523,17.00268209892031,16.88056238692592,16.927532196044922,57800,673.4642333984375,113.0,1.0,1.0,3.0,3.0,8.506374911658176e-05,4.5989489894790834e-05,1.0,0,1.0,1.0
2025-12-16,17.068438656880854,17.068438656880854,16.8993509213711,17.03086280822754,39600,671.6240844726562,112.0,1.0,1.0,3.0,3.0,0.00010154890802278665,4.513008022925204e-05,1.0,0,1.0,2.0
2025-12-17,17.190555589456316,17.19994955107749,16.946319754165657,17.002681732177734,40600,664.2338256835938,110.0,1.0,1.0,3.0,3.0,0.00015539696937495308,4.955467950727091e-05,1.0,0,1.0,3.0
2025-12-18,17.162375575050657,17.24691943831416,17.09661963511571,17.124799728393555,35500,669.2495727539062,109.0,1.0,1.0,3.0,3.0,0.0001647139787893714,6.291746028816042e-05,1.0,0,1.0,4.0
2025-12-19,17.199948726218235,17.3032805073807,17.181162595591786,17.21873664855957,25800,675.3153686523438,108.0,1.0,1.0,3.0,3.0,0.00018102039603556374,6.146569657209374e-05,1.0,0,1.0,5.0
2025-12-22,17.284492424801577,17.462974101959865,17.284492424801577,17.416006088256836,39000,679.5225219726562,107.0,1.0,1.0,3.0,3.0,0.00020965489383568253,8.506374911658176e-05,1.0,0,1.0,6.0
2025-12-23,17.519337797818604,17.594487702154986,17.519337797818604,17.54751968383789,43700,682.6282348632812,106.0,1.0,1.0,3.0,3.0,0.00024042329859262046,0.00010154890802278665,1.0,0,1.0,7.0
2025-12-24,17.594487775404467,17.66963768005371,17.538125794846295,17.66963768005371,73800,685.0294799804688,105.0,1.0,1.0,3.0,3.0,0.0002761884812570108,0.00015539696937495308,1.0,0,1.0,8.0
2025-12-26,17.726000465994392,17.848118382361232,17.566306703536245,17.641456604003906,18400,684.9600219726562,104.0,1.0,1.0,3.0,3.0,0.00027184292709270795,0.0001647139787893714,1.0,0,1.0,9.0
2025-12-29,17.5381262621005,17.754182019758897,17.44418843085747,17.528732299804688,47600,682.51904296875,102.0,1.0,1.0,3.0,3.0,0.0003152647727377995,0.00018102039603556374,1.0,0,1.0,10.0
2025-12-30,17.650851278079177,17.848119102877238,17.622669392373012,17.679031372070312,18400,681.685546875,102.0,1.0,1.0,3.0,3.0,0.000360099271195754,0.00020965489383568253,1.0,0,1.0,11.0
2025-12-31,17.566307240824795,17.622669219970703,17.547519317204486,17.622669219970703,23000,676.635009765625,100.0,1.0,1.0,1.0,1.0,0.00041565432502462863,0.00024042329859262046,1.0,1,1.0,12.0
2026-01-02,17.70721281360363,17.716606775270044,17.547519048704565,17.632062911987305,23700,677.8753051757812,99.0,1.0,1.0,1.0,1.0,0.00042436468051730596,0.0002761884812570108,1.0,0,1.0,13.0
2026-01-05,17.491157696408745,17.81054344592233,17.481763734406133,17.801151275634766,37000,682.3900756835938,98.0,1.0,1.0,1.0,1.0,0.0004531540297066864,0.00027184292709270795,1.0,0,1.0,14.0
2026-01-06,18.026602084487116,18.223869923389813,17.744788582420917,17.76357650756836,39700,686.4484252929688,97.0,1.0,1.0,1.0,1.0,0.00047936327011187174,0.0003152647727377995,1.0,0,1.0,15.0
2026-01-07,17.54751895034299,17.54751895034299,17.171769444367598,17.44418716430664,37100,684.2356567382812,98.0,1.0,1.0,1.0,1.0,0.0004660732359686238,0.000360099271195754,-1.0,1,1.0,16.0
2026-01-08,17.67903020188495,17.78236198425293,17.641456148478806,17.78236198425293,21300,684.1661987304688,100.0,1.0,1.0,1.0,1.0,0.00043993450453303157,0.00041565432502462863,1.0,0,1.0,17.0
2026-01-09,17.462975645995762,17.71660724253334,17.462975645995762,17.49115753173828,29500,688.69091796875,101.0,1.0,1.0,1.0,1.0,0.0003826696431317456,0.00042436468051730596,-1.0,0,1.0,18.0
2026-01-12,17.416007610084034,17.509943645698314,17.369037800561863,17.425399780273438,26900,689.7723999023438,100.0,1.0,1.0,1.0,1.0,0.00035903267754798084,0.0004531540297066864,-1.0,0,1.0,19.0
2026-01-13,17.359643298094284,17.359643298094284,17.11540567132942,17.190555572509766,226600,688.3931884765625,100.0,1.0,4.0,1.0,2.0,0.00027414798965914926,0.00047936327011187174,-1.0,1,2.0,20.0
2026-01-14,17.16237620732612,17.331463940082443,17.152982245315762,17.293888092041016,317600,685.009521484375,99.0,1.0,4.0,1.0,2.0,0.00026346076722130583,0.0004660732359686238,-1.0,0,2.0,21.0
2026-01-15,17.340855473528986,17.46297518346369,17.13419369203601,17.37843132019043,31400,686.875,98.0,1.0,4.0,1.0,2.0,0.00026759845154983845,0.00043993450453303157,-1.0,0,2.0,22.0
2026-01-16,17.265705398664252,17.425399161942927,16.936925702250775,17.32206916809082,35500,686.299560546875,97.0,1.0,4.0,1.0,2.0,0.0003105971957043025,0.0003826696431317456,-1.0,0,2.0,23.0
2026-01-20,17.228130702498476,17.350248614944956,16.98389308589062,17.15298080444336,55300,672.3286743164062,96.0,1.0,4.0,1.0,2.0,0.0002971873596794995,0.00035903267754798084,1.0,0,2.0,24.0
2026-01-21,17.10601209326146,17.228131805239496,16.99328813482098,17.181163787841797,31300,680.088134765625,95.0,1.0,4.0,1.0,2.0,0.00029213643531660337,0.00027414798965914926,-1.0,0,2.0,25.0
2026-01-22,16.946320931363815,16.946320931363815,16.824201213520304,16.899351119995117,46800,683.6402587890625,96.0,1.0,4.0,1.0,2.0,0.00024971546415608517,0.00026346076722130583,-1.0,1,2.0,26.0
2026-01-23,16.22300256252267,16.22300256252267,16.053914818763587,16.185426712036133,114400,683.8883056640625,111.0,1.0,4.0,4.0,6.0,0.00017435760682641394,0.00026759845154983845,-1.0,1,4.0,1.0
2026-01-26,16.354514264198652,16.42027021006458,16.307546243355887,16.3826961517334,56300,687.3612060546875,111.0,1.0,4.0,4.0,6.0,8.15761118346799e-05,0.0003105971957043025,-1.0,0,4.0,2.0
2026-01-27,16.636324951937556,16.64571891387276,16.40148127870265,16.542388916015625,50100,690.099853515625,110.0,1.0,4.0,4.0,6.0,2.8042965581758064e-05,0.0002971873596794995,-1.0,0,4.0,3.0
2026-01-28,16.617538528775256,16.786626257217723,16.476632685644866,16.739656448364258,47200,690.0303955078125,110.0,1.0,4.0,4.0,6.0,4.014117345135667e-05,0.00029213643531660337,-1.0,0,4.0,4.0
2026-01-29,17.002680544574186,17.012074505539214,16.73026105173299,16.852380752563477,30000,688.6610717773438,108.0,1.0,4.0,4.0,6.0,5.050198814924817e-05,0.00024971546415608517,-1.0,0,4.0,5.0
2026-01-30,16.749049673407946,16.749049673407946,16.570567991045515,16.636323928833008,38300,686.6071166992188,108.0,1.0,4.0,4.0,6.0,3.2764743449273755e-05,0.00017435760682641394,-1.0,0,4.0,6.0
2026-02-02,16.946319754165657,17.002681732177734,16.82420004480535,17.002681732177734,60900,690.0203857421875,111.0,1.0,4.0,4.0,6.0,2.8578844630968055e-05,8.15761118346799e-05,1.0,0,2.0,7.0
2026-02-03,16.796019877830155,16.993289508621523,16.70208383544062,16.946321487426758,39200,684.18603515625,109.0,1.0,4.0,4.0,6.0,1.798722773723228e-05,2.8042965581758064e-05,1.0,0,2.0,8.0
2026-02-04,17.152981981067754,17.190556036815288,16.93692623330311,17.049650192260742,95400,680.8719482421875,108.0,1.0,4.0,4.0,6.0,2.697491122938721e-05,4.014117345135667e-05,1.0,0,2.0,9.0
2026-02-05,16.68329547809187,16.739657460408555,16.551783588781248,16.57996368408203,108600,672.3682861328125,113.0,1.0,4.0,4.0,6.0,-3.9820310851824514e-05,5.050198814924817e-05,1.0,1,2.0,10.0
2026-02-06,16.739657175643483,16.842988967895508,16.711477080822085,16.842988967895508,51400,685.2676391601562,113.0,1.0,4.0,4.0,6.0,-7.40528811236636e-05,3.2764743449273755e-05,-1.0,0,4.0,11.0
2026-02-09,16.579962870739653,16.899350407724903,16.579962870739653,16.86177635192871,56800,688.5718383789062,112.0,1.0,4.0,4.0,6.0,-9.929751550656272e-05,2.8578844630968055e-05,-1.0,0,4.0,12.0
2026-02-10,16.429662625976707,16.429662625976707,16.19481896043951,16.307544708251953,66300,686.7559814453125,119.0,1.0,4.0,4.0,6.0,-0.00010534282440985482,1.798722773723228e-05,-1.0,1,4.0,13.0
2026-02-11,16.251181844975974,16.269969769278532,16.166637977329543,16.213607788085938,68800,686.5972290039062,117.0,1.0,4.0,4.0,6.0,-0.0001392181483708275,2.697491122938721e-05,-1.0,0,4.0,14.0
2026-02-12,16.279363559231065,16.392089312138946,16.02573195897462,16.157245635986328,78400,675.9900512695312,116.0,1.0,4.0,4.0,6.0,-0.0001885405611897434,-3.9820310851824514e-05,-1.0,0,4.0,15.0
2026-02-13,16.13845768664466,16.354513438355582,16.072701744099167,16.34511947631836,46300,676.4663696289062,115.0,1.0,4.0,4.0,6.0,-0.0001961753871617118,-7.40528811236636e-05,-1.0,0,4.0,16.0
2026-02-17,16.354514163030032,16.46723992075655,16.354514163030032,16.44845199584961,86900,677.5578002929688,114.0,1.0,4.0,4.0,6.0,-0.00019059147578053277,-9.929751550656272e-05,1.0,0,2.0,17.0
2026-02-18,16.63632566639871,16.692689440430506,16.532995664103982,16.57996368408203,94100,680.9711303710938,113.0,1.0,4.0,4.0,6.0,-0.00018325225481606426,-0.00010534282440985482,1.0,0,2.0,18.0
2026-02-19,16.410875945416876,16.598751608759294,16.382695850116093,16.57996368408203,43300,679.1751098632812,111.0,1.0,4.0,4.0,6.0,-0.00017405206730985125,-0.0001392181483708275,1.0,0,2.0,19.0
2026-02-20,16.861775428255175,16.908743443356304,16.636323938967955,16.889955520629883,131000,684.0867919921875,112.0,1.0,4.0,4.0,6.0,-0.00013466795276478383,-0.0001885405611897434,1.0,0,2.0,20.0
2026-02-23,16.89934947169791,16.946319278485355,16.570567991045515,16.636323928833008,47200,677.1013793945312,112.0,1.0,4.0,4.0,6.0,-0.00011232061295125014,-0.0001961753871617118,1.0,0,2.0,21.0
2026-02-24,16.711477784765794,16.908745623685515,16.711477784765794,16.880563735961914,66000,682.02294921875,112.0,1.0,1.0,4.0,5.0,-5.049131768912328e-05,-0.00019059147578053277,1.0,0,1.0,1.0
2026-02-25,16.9932883842652,17.171770078083405,16.880562632455007,17.10601234436035,57000,687.7779541015625,112.0,1.0,1.0,4.0,5.0,-7.739383899432612e-06,-0.00018325225481606426,1.0,0,1.0,2.0
2026-02-26,17.303280323153604,17.416006064286552,17.218736465232613,17.350248336791992,55800,683.957763671875,112.0,1.0,1.0,4.0,5.0,6.752004504729355e-05,-0.00017405206730985125,1.0,0,1.0,3.0
2026-02-27,17.575699043469285,17.603880928310552,17.359643301497805,17.44418716430664,30700,680.6734619140625,111.0,1.0,1.0,4.0,5.0,8.235730493289363e-05,-0.00013466795276478383,1.0,0,1.0,4.0
2026-03-02,17.293887725399248,17.444187530948405,17.209343860813473,17.369037628173828,54200,681.0604858398438,109.0,1.0,1.0,4.0,5.0,7.34685630131564e-05,-0.00011232061295125014,1.0,0,1.0,5.0
2026-03-03,16.523601601963833,16.683295377325816,16.33572593975617,16.645719528198242,48600,675.057373046875,122.0,1.0,1.0,4.0,5.0,5.23205294268047e-06,-5.049131768912328e-05,-1.0,1,2.0,6.0
2026-03-04,16.91813731121584,17.087225031389274,16.805411567195247,16.955711364746094,50400,679.8201904296875,123.0,1.0,1.0,4.0,5.0,-3.3537450227493966e-05,-7.739383899432612e-06,-1.0,0,2.0,7.0
2026-03-05,16.50481159324535,16.551781398723676,16.232393888330556,16.335723876953125,63600,676.0297241210938,131.0,1.0,1.0,4.0,5.0,-0.00010464772475520332,6.752004504729355e-05,-1.0,1,2.0,8.0
2026-03-06,15.894219886730644,16.082095542128975,15.866038000906382,16.035125732421875,72200,667.1690063476562,132.0,4.0,4.0,4.0,12.0,-0.0001372278344413623,8.235730493289363e-05,-1.0,1,4.0,1.0
2026-03-09,15.565438798709943,15.866038421952428,15.452714835851554,15.80028247833252,106400,673.0133056640625,132.0,4.0,4.0,4.0,12.0,-0.00018800105360011583,7.34685630131564e-05,-1.0,0,4.0,2.0
2026-03-10,16.147851115144793,16.17603120861031,15.847251506745971,15.856643676757812,134300,671.9317016601562,130.0,4.0,4.0,4.0,12.0,-0.0001938275758099228,5.23205294268047e-06,-1.0,0,4.0,3.0
2026-03-11,15.91300807863967,16.035126002504917,15.83785817355758,16.025732040405273,82500,671.08837890625,129.0,4.0,4.0,4.0,12.0,-0.00018490234127395902,-3.3537450227493966e-05,-1.0,0,4.0,4.0
2026-03-12,15.828463554382324,16.016337413430946,15.790887707543604,15.828463554382324,95300,660.89794921875,128.0,4.0,4.0,4.0,12.0,-0.00019589752042213214,-0.00010464772475520332,-1.0,0,4.0,5.0
2026-03-13,16.063306948447224,16.09148704138141,15.790887438650346,15.837857246398926,101200,657.1571655273438,126.0,4.0,4.0,4.0,12.0,-0.00021519238321100555,-0.0001372278344413623,-1.0,0,4.0,6.0
2026-03-16,16.157244174424864,16.279362086622985,16.09148644600983,16.204212188720703,83400,663.8449096679688,128.0,4.0,4.0,4.0,12.0,-0.00020666198417777426,-0.00018800105360011583,1.0,0,4.0,7.0
2026-03-17,16.50481297501887,16.51420693690099,16.335725244570714,16.35451316833496,80700,665.5912475585938,127.0,4.0,4.0,4.0,12.0,-0.00017522376421369207,-0.0001938275758099228,1.0,0,4.0,8.0
2026-03-18,16.41087643980985,16.439058327674754,16.157246615886397,16.185426712036133,46500,656.3038330078125,126.0,4.0,4.0,4.0,12.0,-0.0001508421140788299,-0.00018490234127395902,1.0,0,4.0,9.0
2026-03-19,15.556043725591552,15.913007096485941,15.556043725591552,15.743919372558594,66500,654.6864624023438,129.0,4.0,4.0,4.0,12.0,-0.0001829464689130705,-0.00019589752042213214,-1.0,1,4.0,10.0
2026-03-20,15.781493892894677,15.80967577828633,15.246050612458305,15.349382400512695,70400,645.3009643554688,132.0,4.0,4.0,4.0,12.0,-0.00023917496369717204,-0.00021519238321100555,-1.0,0,4.0,11.0
2026-03-23,15.725131844067906,15.866037686971085,15.41513827299491,15.69694995880127,97400,652.07666015625,134.0,4.0,4.0,4.0,12.0,-0.00026904318032928173,-0.00020666198417777426,-1.0,0,4.0,12.0
2026-03-24,15.123932858110452,15.743920009794772,15.123932858110452,15.65937614440918,78800,649.8877563476562,132.0,4.0,4.0,4.0,12.0,-0.00028202072131275016,-0.00017522376421369207,-1.0,0,4.0,13.0
2026-03-25,15.9881571234994,15.9881571234994,15.631193749779124,15.706343650817871,80000,653.5094604492188,130.0,4.0,4.0,4.0,12.0,-0.0002621564767544433,-0.0001508421140788299,-1.0,0,4.0,14.0
2026-03-26,15.649981123649589,15.903612702645946,15.443319350975653,15.4714994430542,56800,641.838623046875,129.0,4.0,4.0,4.0,12.0,-0.0002600982023841456,-0.0001829464689130705,-1.0,0,4.0,15.0
2026-03-27,15.637290641398481,15.745201346994296,15.39203827231055,15.460709571838379,89000,630.89404296875,128.0,4.0,4.0,4.0,12.0,-0.0002465818937557223,-0.00023917496369717204,1.0,0,4.0,16.0
2026-03-30,15.460709996019895,15.588241343712205,15.32336832875966,15.342988967895508,106800,628.78466796875,126.0,4.0,4.0,4.0,12.0,-0.00026226470510980643,-0.00026904318032928173,1.0,0,4.0,17.0
2026-03-31,15.80406332053424,15.85311304608022,15.490139650771418,15.843302726745605,159000,647.0621337890625,132.0,4.0,4.0,4.0,12.0,-0.0002409097021847987,-0.00028202072131275016,1.0,0,4.0,18.0
2026-04-01,16.108176103250052,16.176846469033435,15.843303088548033,16.098365783691406,128200,651.9373779296875,132.0,4.0,1.0,4.0,11.0,-0.0002117077858286435,-0.0002621564767544433,1.0,0,2.0,19.0
2026-04-02,15.872733233750225,16.176845639974005,15.872733233750225,16.10817527770996,114700,652.5244750976562,130.0,4.0,1.0,4.0,11.0,-0.00015983226202831443,-0.0002600982023841456,1.0,0,2.0,20.0
2026-04-06,16.167035320918135,16.333807002613828,16.010073958278312,16.10817527770996,73400,655.6087646484375,128.0,4.0,1.0,4.0,11.0,-0.00015040967272688971,-0.0002465818937557223,1.0,0,2.0,21.0
2026-04-07,16.039505830479794,16.196467202074068,15.833492860807842,16.029695510864258,116800,655.8972778320312,126.0,4.0,1.0,4.0,11.0,-0.00015158831908163346,-0.00026226470510980643,-1.0,0,2.0,22.0
2026-04-08,16.785073466193804,16.81450255423776,16.530010766758917,16.726211547851562,212300,672.6027221679688,137.0,4.0,1.0,4.0,11.0,-0.00012823728683233684,-0.0002409097021847987,1.0,0,2.0,23.0
2026-04-09,16.5790597665322,16.745831452260642,16.49076876402143,16.66735076904297,60900,676.4830322265625,135.0,4.0,1.0,4.0,11.0,-0.00010385720653109647,-0.0002117077858286435,1.0,0,2.0,24.0
2026-04-10,16.657540633350386,16.696781910955284,16.45152953930598,16.530010223388672,28900,676.0353393554688,133.0,4.0,1.0,4.0,11.0,-8.656813370782522e-05,-0.00015983226202831443,-1.0,0,2.0,25.0
2026-04-13,16.412288801201598,16.745832187298976,16.392668161754184,16.726211547851562,54500,682.6417846679688,132.0,4.0,1.0,4.0,11.0,-8.789676778115578e-05,-0.00015040967272688971,-1.0,0,2.0,26.0
2026-04-14,16.824312283308526,17.049944015651015,16.69678187363189,16.981273651123047,278400,690.959716796875,132.0,4.0,1.0,4.0,11.0,-6.449897346668567e-05,-0.00015158831908163346,1.0,0,2.0,27.0
2026-04-15,16.961655394970933,17.07937548881813,16.951845075295807,17.02051544189453,38900,696.412109375,130.0,4.0,1.0,4.0,11.0,-1.028922439141813e-05,-0.00012823728683233684,-1.0,0,2.0,28.0
2026-04-16,17.197096189644704,17.197096189644704,16.873363148671594,16.922412872314453,127400,698.1234130859375,128.0,4.0,1.0,4.0,11.0,1.1495249882062996e-05,-0.00010385720653109647,-1.0,0,2.0,29.0
2026-04-17,17.04994478597562,17.167666752718794,17.000895057990153,17.040136337280273,32700,706.5607299804688,127.0,4.0,1.0,4.0,11.0,4.3311798132289506e-05,-8.656813370782522e-05,-1.0,0,2.0,30.0
2026-04-20,16.94203450047163,17.16766623622001,16.883172583307346,17.00089454650879,47500,705.1477661132812,125.0,4.0,1.0,4.0,11.0,6.0020068927522427e-05,-8.789676778115578e-05,-1.0,0,2.0,31.0
2026-04-21,17.00089473349412,17.059754780178658,16.863554000854492,16.863554000854492,60700,700.53125,124.0,4.0,1.0,4.0,11.0,8.804789046238309e-05,-6.449897346668567e-05,-1.0,0,2.0,32.0
2026-04-22,17.000895212265686,17.010705532177237,16.834123516023663,16.902793884277344,57900,707.6253051757812,122.0,4.0,1.0,4.0,11.0,9.285189309415707e-05,-1.028922439141813e-05,-1.0,0,2.0,33.0
2026-04-23,16.814501243702225,16.892981924247866,16.56924888310621,16.696781158447266,45400,704.8792114257812,121.0,4.0,1.0,4.0,11.0,7.523357023505337e-05,1.1495249882062996e-05,-1.0,0,2.0,34.0
2026-04-24,16.64773038665244,16.72621107107787,16.64773038665244,16.68697166442871,39200,710.3414916992188,119.0,4.0,1.0,4.0,11.0,6.969467935797373e-05,4.3311798132289506e-05,-1.0,0,2.0,35.0
2026-04-27,16.677160351123387,16.696780988842246,16.579059033656083,16.608489990234375,190700,711.5653686523438,118.0,4.0,1.0,4.0,11.0,6.038448182311908e-05,6.0020068927522427e-05,-1.0,0,2.0,36.0
2026-04-28,16.677161508366957,16.814502239675182,16.677161508366957,16.7752628326416,86800,708.1029052734375,117.0,4.0,1.0,4.0,11.0,6.426885783615583e-05,8.804789046238309e-05,-1.0,0,2.0,37.0
2026-04-29,16.490768354110912,16.510388992209393,16.284757267457984,16.33380699157715,35400,707.993408203125,121.0,4.0,1.0,4.0,11.0,3.62853072428779e-05,9.285189309415707e-05,-1.0,1,2.0,38.0
2026-04-30,16.53982010535191,16.70659178850782,16.471149742486606,16.647729873657227,104200,715.0377197265625,122.0,4.0,1.0,4.0,11.0,2.0483975319905365e-05,7.523357023505337e-05,-1.0,0,2.0,39.0
2026-05-01,16.745831140036508,16.863553098231648,16.716402053833008,16.716402053833008,34700,717.0177001953125,120.0,4.0,1.0,4.0,11.0,2.768437648108188e-05,6.969467935797373e-05,-1.0,0,2.0,40.0
2026-05-04,16.67716052944996,16.67716052944996,16.441718487687087,16.471149444580078,62400,714.3909912109375,120.0,4.0,1.0,4.0,11.0,5.8430521416912645e-05,6.038448182311908e-05,-1.0,1,2.0,41.0
2026-05-05,16.235707096045438,16.35342906383322,16.137607639204017,16.29456901550293,34100,720.1220092773438,119.0,4.0,1.0,4.0,11.0,4.2563659434846896e-05,6.426885783615583e-05,-1.0,1,2.0,42.0
2026-05-06,16.775263241246837,16.794883880805102,16.56925026813939,16.657541275024414,51400,730.1312866210938,121.0,4.0,1.0,4.0,11.0,3.7854407004070116e-05,3.62853072428779e-05,-1.0,0,2.0,43.0
2026-05-07,16.6967813913779,16.6967813913779,16.412287750976688,16.490768432617188,81800,727.8926391601562,120.0,4.0,1.0,4.0,11.0,1.4372286629573223e-05,2.0483975319905365e-05,-1.0,0,2.0,44.0
2026-05-08,16.74583119394783,16.74583119394783,16.530009786210147,16.647729873657227,49400,733.9021606445312,119.0,4.0,1.0,4.0,11.0,8.531082251947199e-05,2.768437648108188e-05,-1.0,0,2.0,45.0
2026-05-11,16.765452513101426,16.873364156916246,16.765452513101426,16.7752628326416,62200,735.5736694335938,118.0,4.0,1.0,4.0,11.0,0.00013661891075656026,5.8430521416912645e-05,-1.0,0,2.0,46.0
2026-05-12,16.402478761800896,16.55944013780839,16.382859993145356,16.520200729370117,60200,734.4593505859375,118.0,4.0,1.0,4.0,11.0,0.00020164429864837291,4.2563659434846896e-05,-1.0,1,2.0,47.0
2026-05-13,16.343616913402474,16.46133886800514,16.24551559642142,16.451528549194336,62900,738.5685424804688,116.0,4.0,1.0,3.0,9.0,0.00017840153227274673,3.7854407004070116e-05,-1.0,0,2.0,48.0
2026-05-14,16.57905943335363,16.68697107228196,16.490768432617188,16.490768432617188,67000,744.3989868164062,115.0,4.0,1.0,3.0,9.0,0.00014630851590135513,1.4372286629573223e-05,-1.0,0,2.0,49.0
2026-05-15,16.225897660621644,16.255326747433706,16.13760665793128,16.216087341308594,265700,735.4443969726562,115.0,4.0,4.0,3.0,10.0,0.00010615239789710805,8.531082251947199e-05,-1.0,1,4.0,50.0
2026-05-18,16.62811136299767,16.677161088336064,16.294567991540784,16.66735076904297,294500,734.927001953125,119.0,4.0,4.0,3.0,10.0,0.0001129451584745533,0.00013661891075656026,1.0,0,4.0,51.0
2026-05-19,16.284757760856365,16.304378399549314,16.127796393566957,16.147415161132812,87400,730.03173828125,125.0,4.0,4.0,3.0,10.0,8.333240753501423e-05,0.00020164429864837291,-1.0,0,4.0,52.0
2026-05-20,16.38285948498219,16.62811186127757,16.36323884580805,16.480958938598633,31900,737.5138549804688,127.0,4.0,4.0,3.0,10.0,6.176776974734099e-05,0.00017840153227274673,-1.0,0,4.0,53.0
2026-05-21,16.392667189352483,16.647729873657227,16.392667189352483,16.647729873657227,41100,738.9764404296875,125.0,4.0,4.0,3.0,10.0,2.5604369936351914e-05,0.00014630851590135513,1.0,0,4.0,54.0
2026-05-22,16.480958203560217,16.500578841859294,16.40247752149096,16.42209815979004,26400,741.8817749023438,125.0,4.0,4.0,3.0,10.0,7.340743084648899e-06,0.00010615239789710805,-1.0,0,4.0,55.0
2026-05-26,16.71640193900197,16.726210386917725,16.520199300400204,16.559438705444336,31400,746.8068237304688,124.0,4.0,4.0,3.0,10.0,1.5499717547040633e-05,0.0001129451584745533,-1.0,0,4.0,56.0
2026-05-27,16.608491737265233,16.6183020571566,16.45153036125774,16.520200729370117,37900,746.6774291992188,122.0,4.0,4.0,3.0,10.0,4.341019737567649e-06,8.333240753501423e-05,-1.0,0,4.0,57.0
2026-05-28,16.520200729370117,16.579060777591128,16.44172004136637,16.520200729370117,81000,750.7965698242188,120.0,4.0,4.0,3.0,10.0,5.569606765091555e-06,6.176776974734099e-05,-1.0,0,4.0,58.0
2026-05-29,16.392668051332954,16.490769376782048,16.186656951904297,16.186656951904297,62400,752.6671142578125,122.0,4.0,4.0,3.0,10.0,-3.030799319318681e-05,2.5604369936351914e-05,-1.0,0,4.0,59.0
2026-06-01,15.862923887711297,16.206277591219546,15.853113568053672,16.186656951904297,1030100,754.7166748046875,120.0,4.0,4.0,3.0,10.0,-5.6332599625757584e-05,7.340743084648899e-06,-1.0,0,4.0,60.0
2026-06-02,16.13760757446289,16.225898582167723,16.088555975111767,16.13760757446289,57400,755.7415771484375,118.0,4.0,4.0,3.0,10.0,-8.353985532425802e-05,1.5499717547040633e-05,-1.0,0,4.0,61.0
2026-06-03,15.970834786273223,15.970834786273223,15.862923146210754,15.902162551879883,76100,750.4384155273438,118.0,4.0,4.0,3.0,10.0,-0.00010532641085874495,4.341019737567649e-06,-1.0,1,4.0,62.0
2026-06-04,16.04931615009533,16.09836587704586,15.980645783913726,16.029695510864258,80400,753.2740478515625,117.0,4.0,4.0,3.0,10.0,-0.00012371586157613627,5.569606765091555e-06,-1.0,0,4.0,63.0
2026-06-05,15.961024909838516,15.970835229309706,15.725582855911304,15.784442901611328,78900,733.83251953125,117.0,4.0,4.0,3.0,10.0,-0.00015400890978776712,-3.030799319318681e-05,-1.0,1,4.0,64.0
2026-06-08,15.921783136226942,16.029694775923073,15.823681815696554,15.970834732055664,102600,735.4940795898438,116.0,4.0,4.0,3.0,10.0,-0.00014993020172069236,-5.6332599625757584e-05,1.0,0,4.0,65.0
2026-06-09,16.13760597681917,16.147414424591155,15.882543298826437,16.08855438232422,102300,733.3350830078125,115.0,4.0,4.0,3.0,10.0,-0.00014850625988595894,-8.353985532425802e-05,1.0,0,4.0,66.0
2026-06-10,16.059125955201367,16.14741508665825,15.990453720092773,15.990453720092773,48600,721.7736206054688,114.0,4.0,4.0,3.0,10.0,-0.00015033333231905937,-0.00010532641085874495,1.0,0,4.0,67.0
2026-06-11,16.373048855223285,16.559439310465244,16.186656528854222,16.530010223388672,76200,734.04150390625,121.0,4.0,4.0,3.0,10.0,-0.0001168720883971933,-0.00012371586157613627,1.0,0,4.0,68.0
2026-06-12,16.510388981357412,16.765451663088893,16.490768343271828,16.559438705444336,45800,738.0113525390625,119.0,4.0,1.0,3.0,9.0,-9.224435543178152e-05,-0.00015400890978776712,1.0,0,1.0,1.0
2026-06-15,16.637919644873275,16.706591879238584,16.579059600830078,16.579059600830078,85000,751.0254516601562,117.0,4.0,1.0,3.0,9.0,-5.279847943854374e-05,-0.00014993020172069236,1.0,0,1.0,2.0
2026-06-16,16.637920138514623,16.91260347074442,16.637920138514623,16.84393310546875,47400,746.5481567382812,117.0,4.0,1.0,3.0,9.0,-4.6543442686545514e-05,-0.00014850625988595894,1.0,0,1.0,3.0
2026-06-17,16.892982499402898,16.99108382120676,16.637919811163684,16.66735076904297,55800,737.225341796875,117.0,4.0,1.0,3.0,9.0,-3.9492828835732503e-05,-0.00015033333231905937,1.0,0,1.0,4.0
2026-06-18,16.60849147999062,16.63792056808165,16.480959194505573,16.500579833984375,29800,744.8902587890625,116.0,4.0,1.0,3.0,9.0,-5.754839452527358e-05,-0.0001168720883971933,-1.0,0,2.0,5.0
2026-06-22,16.873364156916246,16.971463610063758,16.74583187402107,16.7752628326416,58500,742.546142578125,116.0,4.0,1.0,3.0,9.0,-7.144914062522894e-05,-9.224435543178152e-05,1.0,0,1.0,6.0
2026-06-23,16.618301773145117,16.76545282674639,16.618301773145117,16.726211547851562,55500,731.7628784179688,114.0,4.0,1.0,3.0,9.0,-7.823473614360913e-05,-5.279847943854374e-05,1.0,0,1.0,7.0
2026-06-24,16.52019946706838,16.794882789656654,16.510389147926617,16.647729873657227,38000,731.4237060546875,113.0,4.0,1.0,3.0,9.0,-7.180433704139034e-05,-4.6543442686545514e-05,1.0,0,1.0,8.0
2026-06-25,16.755641459146688,16.853742779121465,16.716402053833008,16.716402053833008,24900,732.4810791015625,111.0,4.0,1.0,3.0,9.0,-7.570959821606917e-05,-3.9492828835732503e-05,1.0,0,1.0,9.0
2026-06-26,16.70659138895855,16.90279215372043,16.70659138895855,16.765451431274414,24300,727.1842651367188,110.0,4.0,1.0,3.0,9.0,-7.162613047068694e-05,-5.754839452527358e-05,1.0,0,1.0,10.0
2026-06-29,16.765452165190517,16.853743168092798,16.736021207180727,16.824312210083008,38800,739.1644897460938,108.0,4.0,1.0,3.0,9.0,-5.6860778828838825e-05,-7.144914062522894e-05,1.0,0,1.0,11.0
2026-06-30,16.961654059560367,17.06956382523658,16.8439321038544,16.9910831451416,80300,744.9202270507812,108.0,4.0,1.0,3.0,9.0,-3.240312322269326e-05,-7.823473614360913e-05,1.0,0,1.0,12.0
2026-07-01,16.991084738167622,17.167666752718794,16.991084738167622,17.040136337280273,36700,743.9127197265625,106.0,4.0,1.0,3.0,9.0,-1.4945131283180426e-05,-7.180433704139034e-05,1.0,0,1.0,13.0
2026-07-02,17.53064021701565,17.599310581180948,17.41291825621294,17.501209259033203,38300,742.9351806640625,111.0,1.0,1.0,3.0,3.0,4.982597296051389e-05,-7.570959821606917e-05,1.0,0,1.0,14.0
2026-07-06,17.766082323891112,17.88380241394043,17.717030727097985,17.88380241394043,32900,749.4190673828125,113.0,1.0,1.0,3.0,3.0,0.00011117917101808315,-7.162613047068694e-05,1.0,0,1.0,15.0
2026-07-07,17.88380176709997,17.89361208610377,17.736650724297096,17.756271362304688,21800,745.85791015625,112.0,1.0,1.0,3.0,3.0,0.00016270309170139533,-5.6860778828838825e-05,1.0,0,1.0,16.0
2026-07-08,17.599310063680896,17.60912038271991,17.35405770108662,17.46196746826172,25200,743.5536499023438,112.0,1.0,1.0,3.0,3.0,0.0001670780572870039,-3.240312322269326e-05,1.0,1,1.0,17.0
2026-07-09,17.20690781619353,17.432539555900213,17.19709749649405,17.403108596801758,31400,749.8480224609375,111.0,1.0,1.0,3.0,3.0,0.00013699317418473843,-1.4945131283180426e-05,-1.0,0,1.0,18.0
2026-07-10,17.452158967490117,17.550258415329075,17.432538329471516,17.5306396484375,20700,753.0799560546875,110.0,1.0,1.0,3.0,3.0,0.00012842084091631525,4.982597296051389e-05,1.0,0,1.0,19.0
2026-07-13,17.265766968971626,17.305006374609977,17.226525692206213,17.255956649780273,20900,747.3142700195312,110.0,1.0,1.0,3.0,3.0,0.0001056857316516207,0.00011117917101808315,-1.0,1,1.0,20.0
2026-07-14,17.422728979636094,17.51101998450414,17.354058613878088,17.383487701416016,58500,749.9677124023438,109.0,1.0,1.0,3.0,3.0,0.00012559381579975903,0.00016270309170139533,-1.0,0,1.0,21.0
2026-07-15,17.46196798172327,17.57968994252598,17.40310793688546,17.501209259033203,23500,752.9403076171875,108.0,1.0,1.0,3.0,3.0,0.00014735667282248424,0.0001670780572870039,1.0,0,1.0,22.0
2026-07-16,17.363869349994186,17.550259812629694,17.363869349994186,17.49139976501465,21700,748.8604125976562,106.0,1.0,1.0,3.0,3.0,0.00020050809008490184,0.00013699317418473843,1.0,0,1.0,23.0
2026-07-17,17.54044906337524,17.834753036499023,17.54044906337524,17.834753036499023,22700,741.4487915039062,108.0,1.0,1.0,3.0,3.0,0.0002865864978564987,0.00012842084091631525,1.0,0,1.0,24.0
2026-07-20,17.90342279542538,17.90342279542538,17.677791066800104,17.864181518554688,17700,740.2518310546875,106.0,1.0,1.0,3.0,3.0,0.0003537647113038254,0.0001056857316516207,1.0,0,1.0,25.0
2026-07-21,17.785700615939632,17.86418129758318,17.71703025339241,17.844562530517578,25500,746.426513671875,105.0,1.0,1.0,3.0,3.0,0.00041225974099321806,0.00012559381579975903,1.0,0,1.0,26.0
2026-07-22,18.227155517456822,18.227155517456822,18.089814793132312,18.138864517211914,22600,745.55859375,105.0,1.0,1.0,3.0,3.0,0.00041557104778205066,0.00014735667282248424,1.0,0,1.0,27.0
2026-07-23,17.932854838791602,17.96228392709929,17.873992919921875,17.873992919921875,20000,736.3515014648438,106.0,1.0,1.0,3.0,3.0,0.00039544896943500846,0.00020050809008490184,1.0,1,1.0,28.0
2026-07-24,18.03095430242674,18.17810722853732,18.03095430242674,18.099626541137695,15100,737.099609375,106.0,1.0,1.0,3.0,3.0,0.0003999704735716526,0.0002865864978564987,1.0,0,1.0,29.0
2026-07-27,18.129054636754475,18.15848559459046,17.95247263199273,18.02114486694336,32900,737.25927734375,104.0,1.0,1.0,3.0,3.0,0.00035306489183508104,0.0003537647113038254,1.0,0,1.0,30.0
2026-07-28,18.06038482044344,18.286016557311587,18.030953861715236,18.21734619140625,44000,739.0248413085938,104.0,1.0,1.0,3.0,3.0,0.00035490629152366165,0.00041225974099321806,1.0,0,1.0,31.0
2026-07-29,17.903423217139153,18.129054951079166,17.903423217139153,17.97209358215332,36900,727.6531372070312,104.0,1.0,1.0,3.0,3.0,0.00030554637595547077,0.00041557104778205066,1.0,0,1.0,32.0
2026-07-30,18.33506691637274,18.57050895690918,18.315446278546286,18.57050895690918,28900,739.852783203125,112.0,1.0,1.0,3.0,3.0,0.0003422667199452598,0.00039544896943500846,1.0,0,1.0,33.0
2026-07-31,18.38411763944967,18.462598323895875,18.30563695500346,18.423358917236328,15100,745.1796264648438,111.0,1.0,1.0,3.0,3.0,0.0003500760906259887,0.0003999704735716526,1.0,0,1.0,34.0
2026-08-03,18.541079080337333,18.580320358276367,18.50183967352542,18.580320358276367,68800,755.793212890625,109.0,1.0,1.0,3.0,3.0,0.00040090367492140667,0.00035306489183508104,1.0,0,1.0,35.0
2026-08-04,18.482219534455798,18.541079581829255,18.38411820808193,18.39392852783203,20800,769.4193725585938,109.0,1.0,1.0,3.0,3.0,0.0004026624339279177,0.00035490629152366165,-1.0,0,1.0,36.0
2026-08-05,18.619559985515274,18.678421903120658,18.56069993903703,18.599939346313477,16200,767.8831787109375,108.0,1.0,1.0,3.0,3.0,0.00044025471143909286,0.00030554637595547077,-1.0,0,1.0,37.0
2026-08-06,18.904053747292142,18.923674386604716,18.75690269470215,18.75690269470215,25300,766.65625,107.0,1.0,1.0,3.0,3.0,0.000475721518490399,0.0003422667199452598,1.0,0,1.0,38.0
2026-08-07,19.03158445071059,19.03158445071059,18.894243715683086,18.933483123779297,20100,771.3446044921875,106.0,1.0,1.0,3.0,3.0,0.0005231337997047327,0.0003500760906259887,1.0,0,1.0,39.0
2026-08-10,18.805951815437695,18.855001541010314,18.75690208986508,18.786331176757812,9700,771.1151733398438,105.0,1.0,1.0,3.0,3.0,0.0005294427796573712,0.00040090367492140667,-1.0,1,1.0,40.0
2026-08-11,18.57051013152457,18.60974953853243,18.50183976591547,18.51165008544922,41800,768.6513061523438,106.0,1.0,1.0,3.0,3.0,0.0004861249897517615,0.0004026624339279177,-1.0,1,1.0,41.0
2026-08-12,18.65880012512207,18.678420763126365,18.55088848722548,18.65880012512207,262100,770.5764770507812,105.0,1.0,1.0,3.0,3.0,0.00044329974849409106,0.00044025471143909286,-1.0,0,1.0,42.0
2026-08-13,18.92367385016857,19.00215453406699,18.805951888757388,18.94329261779785,38100,775.9531860351562,105.0,1.0,1.0,3.0,3.0,0.0004257815530343436,0.000475721518490399,1.0,0,1.0,43.0
2026-08-14,19.24740613809262,19.36512622368532,19.188544224169245,19.335695266723633,14400,774.4169921875,107.0,1.0,1.0,3.0,3.0,0.0004545564807909579,0.0005231337997047327,1.0,0,1.0,44.0
2026-08-17,19.374937314125166,19.443607678642994,19.345506355991624,19.39455795288086,15500,770.7560424804688,106.0,1.0,1.0,3.0,3.0,0.0004582085054496748,0.0005294427796573712,1.0,0,1.0,45.0
2026-08-18,19.5613297133355,19.6496207169398,19.541709074506297,19.5515193939209,28000,765.5490112304688,105.0,1.0,1.0,3.0,3.0,0.0004631676203810964,0.0004861249897517615,1.0,0,1.0,46.0
2026-08-19,19.26702482507565,19.26702482507565,19.12968410207779,19.178733825683594,25700,767.1549682617188,107.0,1.0,1.0,3.0,3.0,0.0004268975290316381,0.00044329974849409106,1.0,1,1.0,47.0
2026-08-20,19.110063642167795,19.188544323344228,19.031582960991365,19.041393280029297,23200,760.7109985351562,105.0,1.0,1.0,3.0,3.0,0.00040150144286134993,0.0004257815530343436,1.0,0,1.0,48.0
2026-08-21,19.21797510146985,19.26702482507565,19.14930473997092,19.178733825683594,22500,763.8232421875,104.0,1.0,1.0,3.0,3.0,0.0003758852179306052,0.0004545564807909579,1.0,0,1.0,49.0
2026-08-24,19.325887242151186,19.512277693609906,19.325887242151186,19.443607330322266,17600,761.5787963867188,104.0,1.0,1.0,3.0,3.0,0.0004341185002457693,0.0004582085054496748,1.0,0,1.0,50.0
2026-08-25,19.57114028930664,19.57114028930664,19.463228645458532,19.57114028930664,20700,764.0127563476562,103.0,1.0,1.0,3.0,3.0,0.0004960469643581141,0.0004631676203810964,1.0,0,1.0,51.0
2026-08-26,19.571140439837794,19.571140439837794,19.384748109337558,19.43379783630371,31700,764.182373046875,102.0,1.0,1.0,3.0,3.0,0.0005609017781359288,0.0004268975290316381,1.0,0,1.0,52.0
2026-08-27,19.296456556756688,19.296456556756688,19.20816555381934,19.23759651184082,16900,769.18994140625,102.0,1.0,1.0,3.0,3.0,0.0005657334845418619,0.00040150144286134993,-1.0,1,1.0,53.0
2026-08-28,19.42398761034519,19.42398761034519,19.316077836273898,19.365127563476562,24800,767.4442749023438,101.0,1.0,1.0,3.0,3.0,0.0005846653246488503,0.0003758852179306052,1.0,0,1.0,54.0
2026-08-31,19.36512692101305,19.414178517715516,19.23759651184082,19.23759651184082,30700,765.1499633789062,99.0,1.0,1.0,1.0,1.0,0.000582043762628486,0.0004341185002457693,-1.0,0,1.0,55.0
2026-09-01,19.463229241434803,19.541709929056427,19.276836906660748,19.316078186035156,49600,759.89306640625,98.0,1.0,1.0,1.0,1.0,0.0005828331295128993,0.0004960469643581141,1.0,0,1.0,56.0
2026-09-02,19.325887075883326,19.463227801277014,19.306266437647928,19.355316162109375,40400,763.2646484375,97.0,1.0,1.0,1.0,1.0,0.0005758115830885997,0.0005609017781359288,1.0,0,1.0,57.0
2026-09-03,19.522087523375998,19.639809479722746,19.473037799722277,19.6299991607666,14000,771.2548217773438,97.0,1.0,1.0,1.0,1.0,0.0006087989011617839,0.0005657334845418619,1.0,0,1.0,58.0
2026-09-04,19.65999984741211,19.780000686645508,19.6299991607666,19.719999313354492,14500,768.2822265625,96.0,1.0,1.0,1.0,1.0,0.0006244273620086104,0.0005846653246488503,1.0,0,1.0,59.0
2026-09-08,19.329999923706055,19.479999542236328,19.299999237060547,19.389999389648438,332800,764.0626831054688,97.0,1.0,4.0,1.0,2.0,0.0006049579827438683,0.000582043762628486,1.0,1,2.0,60.0
2026-09-09,19.18000030517578,19.18000030517578,19.040000915527344,19.079999923706055,21000,760.5115356445312,98.0,1.0,4.0,1.0,2.0,0.000530074330968509,0.0005828331295128993,-1.0,1,2.0,61.0
2026-09-10,19.209999084472656,19.479999542236328,18.989999771118164,19.049999237060547,31500,755.9528198242188,97.0,1.0,4.0,1.0,2.0,0.0004991473876193074,0.0005758115830885997,-1.0,0,2.0,62.0
2026-09-11,19.43000030517578,19.43000030517578,19.1299991607666,19.18000030517578,19400,762.3967895507812,96.0,1.0,4.0,1.0,2.0,0.0005085894219291935,0.0006087989011617839,-1.0,0,2.0,63.0
2026-09-14,19.229999542236328,19.280000686645508,19.1200008392334,19.209999084472656,31800,758.9952392578125,95.0,1.0,4.0,1.0,2.0,0.0005368654217098517,0.0006244273620086104,1.0,0,2.0,64.0
2026-09-15,19.239999771118164,19.290000915527344,19.209999084472656,19.260000228881836,22300,755.513916015625,93.0,1.0,4.0,1.0,2.0,0.0005416046796883114,0.0006049579827438683,1.0,0,2.0,65.0
2026-09-16,19.31999969482422,19.350000381469727,19.010000228881836,19.139999389648438,21500,752.1821899414062,92.0,1.0,4.0,1.0,2.0,0.000535765467460551,0.000530074330968509,1.0,0,2.0,66.0
2026-09-17,19.31999969482422,19.479999542236328,19.309999465942383,19.440000534057617,561100,760.7109985351562,93.0,1.0,4.0,1.0,2.0,0.0005620663122157772,0.0004991473876193074,1.0,0,2.0,67.0
2026-09-18,18.969999313354492,19.139999389648438,18.950000762939453,19.1299991607666,30700,761.6900024414062,94.0,1.0,4.0,1.0,2.0,0.0005533091277293892,0.0005085894219291935,-1.0,1,2.0,68.0
2026-09-21,19.270000457763672,19.40999984741211,19.170000076293945,19.399999618530273,27500,773.5,95.0,1.0,4.0,1.0,2.0,0.000565744909645422,0.0005368654217098517,-1.0,0,2.0,69.0
2026-09-22,19.110000610351562,19.139999389648438,18.889999389648438,18.969999313354492,48700,773.3800048828125,98.0,1.0,4.0,1.0,2.0,0.000497207955153906,0.0005416046796883114,-1.0,1,2.0,70.0
2026-09-23,18.639999389648438,18.719999313354492,18.559999465942383,18.59000015258789,28700,767.8099975585938,101.0,1.0,4.0,1.0,2.0,0.00042545590634218304,0.000535765467460551,-1.0,1,2.0,71.0
2026-09-24,18.530000686645508,18.649999618530273,18.459999084472656,18.579999923706055,67500,767.1799926757812,99.0,1.0,4.0,1.0,2.0,0.0003327257178453547,0.0005620663122157772,-1.0,0,2.0,72.0
2026-09-25,18.68000030517578,18.729999542236328,18.489999771118164,18.729999542236328,48900,771.3499755859375,98.0,1.0,4.0,1.0,2.0,0.00029781691212485596,0.0005533091277293892,-1.0,0,2.0,73.0
2026-09-28,18.600000381469727,18.739999771118164,18.559999465942383,18.68000030517578,34700,765.6099853515625,97.0,1.0,4.0,1.0,2.0,0.00028468799387674,0.000565744909645422,-1.0,0,2.0,74.0
2026-09-29,18.520000457763672,18.549999237060547,18.399999618530273,18.549999237060547,54500,764.2000122070312,96.0,1.0,4.0,1.0,2.0,0.00023469680734640038,0.000497207955153906,-1.0,1,2.0,75.0
2026-09-30,18.31999969482422,18.31999969482422,18.219999313354492,18.260000228881836,387,,97.0,1.0,4.0,1.0,2.0,0.00015885231703508375,0.00042545590634218304,-1.0,1,4.0,1.0
