Date,Open,High,Low,Close,Volume,IndexClose,CVI,LTI,STI,VI,SecState,VWRS,VWRS_1wk,RS,GapDown,Thermostat,Days
2022-09-26,21.31517441891186,21.46963205778743,21.14140911485677,21.286212921142578,684300,345.89617919921875,,,,,,,,,0,,
2022-09-27,21.10279743299226,21.199332084596364,20.76492062853654,20.91937828063965,1185900,345.01312255859375,138.0,,,3.0,,,,,0,,
2022-09-28,20.938686128555215,21.228293768433023,20.774574641616333,21.06418228149414,4005400,351.8017578125,136.0,,,3.0,,,,,0,,
2022-09-29,21.266908221620234,21.31517554584062,21.044873742877428,21.247600555419922,623400,344.4529724121094,135.0,,,3.0,,,,,0,,
2022-09-30,21.09314335781344,21.392404825173124,21.035222199258758,21.04487419128418,441100,339.12652587890625,133.0,,,3.0,,,,,0,,
2022-10-03,21.199332310536278,21.47928795875718,21.13175731718102,21.38275146484375,325500,348.07989501953125,133.0,,,3.0,,,,,0,,
2022-10-04,21.865431440602507,22.058504422667507,21.836471782189047,22.029542922973633,566100,358.8656311035156,137.0,,,3.0,,,,,0,,
2022-10-05,21.85577655771721,22.164691841160796,21.85577655771721,22.068157196044922,245500,358.03021240234375,135.0,,,3.0,,,,,0,,
2022-10-06,22.12607913533562,22.21296179204257,22.01988881240926,22.10677146911621,330700,354.33685302734375,133.0,,,3.0,,,,,0,,
2022-10-07,22.000582652104473,22.068157641561935,21.807509675414266,21.86543083190918,214800,344.4529724121094,132.0,,,3.0,,,,,0,,
2022-10-10,21.94266142771393,21.94266142771393,21.59513261937713,21.768896102905273,315500,341.82293701171875,130.0,,,3.0,,,,,0,,
2022-10-11,21.47928824177887,21.585478570610906,21.286215251407985,21.305522918701172,333400,339.6581726074219,132.0,,,3.0,,,,,1,,
2022-10-12,21.16071821559163,21.315175864945694,21.093143224159277,21.218639373779297,339500,338.537841796875,130.0,,,3.0,,,,,0,,
2022-10-13,20.909724396542646,21.546862670243797,20.81318790389207,21.459980010986328,463200,347.47222900390625,129.0,,,3.0,,,,,0,,
2022-10-14,21.479286835734882,21.479286835734882,21.09314272155078,21.10279655456543,454100,339.5537109375,129.0,,,3.0,,,,,0,,
2022-10-17,21.363442592180473,21.42136559002799,21.30552143561333,21.3248291015625,340900,348.2792663574219,128.0,,,3.0,,,,,0,,
2022-10-18,21.595131050096473,21.595131050096473,21.30552158270062,21.42136573791504,348700,352.37139892578125,126.0,,,3.0,,,,,0,,
2022-10-19,21.247600555419922,21.363442870061007,21.170371731899063,21.247600555419922,333600,349.87432861328125,125.0,,,3.0,,,,,0,,
2022-10-20,21.257253264653595,21.527553212045692,21.228291766884315,21.286212921142578,376200,346.94049072265625,123.0,,,3.0,,,,,0,,
2022-10-21,21.23794778775079,21.82681874743909,21.218640120581885,21.749589920043945,306800,355.3717346191406,125.0,,,3.0,,,,,0,,
2022-10-24,21.662706098008734,21.78820224531945,21.556515775551702,21.73993492126465,296300,359.72021484375,123.0,,,3.0,,,,,0,,
2022-10-25,22.1550412034563,22.24192386239381,22.05850471116124,22.22261619567871,340600,365.4644470214844,125.0,,1.0,3.0,,,,,0,,
2022-10-26,20.76492015525211,21.112450785203237,20.243624210325418,20.581501007080078,1339900,362.71099853515625,161.0,,4.0,4.0,,,,,1,,
2022-10-27,20.562192641348002,20.73595795041365,20.5139253182877,20.639421463012695,435200,360.7740783691406,159.0,,4.0,4.0,,,,,0,,
2022-10-28,20.446351724214693,20.62977087866019,20.301547903875818,20.52358055114746,537700,369.357177734375,157.0,,4.0,4.0,,,,,0,,
2022-10-31,20.533234280161984,20.533234280161984,20.407736286234716,20.475311279296875,402300,366.6891784667969,154.0,,4.0,4.0,,,,,0,,
2022-11-01,20.822842955292636,20.88076411775883,20.513927633765526,20.65873146057129,444300,365.08465576171875,153.0,,4.0,4.0,,,,,0,,
2022-11-02,20.65873082166647,20.842149978630864,20.398082836708728,20.446352005004883,375300,355.92236328125,151.0,,4.0,4.0,,,,,0,,
2022-11-03,20.29189431099368,20.34981547156003,20.11812898801413,20.127782821655273,563100,352.25750732421875,150.0,,4.0,4.0,,,,,1,,
2022-11-04,20.55254125720886,20.822841220384063,20.494618258288114,20.80353355407715,397300,357.3276062011719,155.0,,4.0,4.0,,,,,0,,
2022-11-07,20.996606126201065,21.112450280508988,20.90006963782453,21.054527282714844,295300,360.7455749511719,153.0,,4.0,4.0,,,,,0,,
2022-11-08,21.295868584543122,21.295868584543122,21.064182106311627,21.189680099487305,550700,362.6920166015625,151.0,,4.0,4.0,,,,,0,,
2022-11-09,21.15106451636812,21.25725484145206,21.04487419128418,21.04487419128418,465100,355.2198181152344,149.0,,4.0,4.0,,,,,0,,
2022-11-10,21.653054337523514,21.923354324151536,21.62409283555027,21.884740829467773,549800,374.7405700683594,156.0,,1.0,4.0,,,,,0,,
2022-11-11,21.84612447230394,22.00058396766045,21.730282152387158,21.971622467041016,399900,378.3675231933594,154.0,,1.0,4.0,,,,,0,,
2022-11-14,21.614436932673545,21.84612340244129,21.614436932673545,21.73993492126465,361900,375.1488342285156,153.0,,1.0,4.0,,,,,0,,
2022-11-15,21.923351326005704,21.923351326005704,21.64339754367191,21.653051376342773,303700,378.34857177734375,150.0,,1.0,4.0,,,,,0,,
2022-11-16,21.624092487986,21.69166748355687,21.488942496844256,21.59513282775879,318100,375.46221923828125,148.0,,1.0,4.0,,,,,0,,
2022-11-17,21.459979180783996,21.71097331545333,21.402058023946573,21.691665649414062,185800,374.3132629394531,146.0,,1.0,4.0,,,,,0,,
2022-11-18,21.97162214848211,22.010235640801035,21.92335298148289,22.00058364868164,155500,376.0128173828125,145.0,,1.0,4.0,,,,,0,,
2022-11-21,21.739934814512228,21.788202138330018,21.653052158615907,21.691665649414062,169900,374.6456604003906,144.0,,1.0,4.0,,,,,1,,
2022-11-22,22.039196478628668,22.116425302225917,21.894392664543883,22.10677146911621,345600,379.6872253417969,145.0,,1.0,4.0,,,,,0,,
2022-11-23,22.1357331542427,22.290190802733644,22.1357331542427,22.251575469970703,219700,382.07989501953125,143.0,,1.0,4.0,,,,,0,,
2022-11-25,22.193654272295333,22.232269604989003,22.126079281361815,22.20330810546875,84000,381.9944152832031,141.0,,1.0,4.0,,,,,0,,
2022-11-28,22.145388251632625,22.21296324654497,22.03919792175293,22.03919792175293,196200,375.8989562988281,139.0,,1.0,4.0,,,,,0,,
2022-11-29,22.17434805203689,22.21296338724884,22.07781339656807,22.13573455810547,273900,375.2533264160156,137.0,,1.0,4.0,,,,,0,,
2022-11-30,22.20330784540809,22.618413460601015,22.08746368996433,22.550838470458984,376300,387.073974609375,137.0,,1.0,4.0,,,,,0,,
2022-12-01,22.473611126703,22.589453448492314,22.406034290831972,22.531532287597656,161500,386.7891845703125,135.0,,1.0,3.0,,,,,0,,
2022-12-02,22.01023627952917,22.25157659768752,21.98127661976969,22.212963104248047,319500,386.3429260253906,135.0,,1.0,3.0,,,,,1,,
2022-12-05,22.01023667224323,22.01023667224323,21.62409252455626,21.643400192260742,345000,379.3929443359375,137.0,,1.0,3.0,,,,,0,,
2022-12-06,21.759241420132835,21.846122230514716,21.62408960572486,21.73027992248535,350400,373.92401123046875,135.0,,4.0,3.0,,,,,0,,
2022-12-07,21.720628315269803,21.81716480937154,21.66270715532095,21.70132064819336,222500,373.2879638671875,133.0,,4.0,3.0,,,,,0,,
2022-12-08,21.817163785021478,21.865431109165883,21.71097346236732,21.7882022857666,312200,376.21221923828125,132.0,,4.0,3.0,,,,,0,,
2022-12-09,21.913699720809113,22.058503530863376,21.913699720809113,21.942659378051758,200300,373.4018859863281,130.0,,4.0,3.0,,,,,0,,
2022-12-12,21.807511437876315,21.913701767766163,21.701321107986463,21.768896102905273,460600,378.78533935546875,129.0,,4.0,3.0,,,,,0,,
2022-12-13,22.087464215599297,22.10677188217947,21.826818081888685,21.855777740478516,360100,381.65264892578125,127.0,,4.0,3.0,,,,,0,,
2022-12-14,22.116424794888918,22.203307449602836,21.865430663635415,21.990928649902344,401200,379.2124938964844,125.0,,4.0,3.0,,,,,0,,
2022-12-15,21.86543162999011,21.86543162999011,21.566170162349675,21.585477828979492,293700,369.9363098144531,126.0,,4.0,3.0,,,,,0,,
2022-12-16,21.469633805457537,21.61443762353066,21.25725499503565,21.411712646484375,839600,365.56884765625,124.0,,4.0,3.0,,,,,0,,
2022-12-19,21.469633380470047,21.49859488002356,21.334483398447794,21.392404556274414,293600,362.46893310546875,123.0,,4.0,3.0,,,,,0,,
2022-12-20,21.720627852192653,21.73993551885746,21.575824034767454,21.633745193481445,682500,362.9649963378906,122.0,,4.0,3.0,,,,,0,,
2022-12-21,21.23794732828445,21.51790297233554,21.21863966153325,21.411712646484375,436000,368.39208984375,121.0,,4.0,3.0,,,,,1,,
2022-12-22,21.392404516324437,21.421366015823867,21.17037187733669,21.34413719177246,511600,363.1365966796875,119.0,,4.0,3.0,,,,,0,,
2022-12-23,21.247600279046182,21.37309642515506,21.218638780122422,21.3248291015625,344400,365.2254333496094,117.0,,4.0,3.0,,,,,0,,
2022-12-27,21.266908221620234,21.31517554584062,21.189679398099376,21.247600555419922,242600,363.78515625,116.0,,4.0,3.0,,,,,0,,
2022-12-28,21.131756235029112,21.21863889097391,20.861456275450067,20.880762100219727,297900,359.26409912109375,116.0,,4.0,3.0,,,,,0,,
2022-12-29,20.832494735717773,20.93868505750537,20.755265912948715,20.832494735717773,499100,365.7309875488281,115.0,,4.0,3.0,,,,,0,,
2022-12-30,20.813187216459717,20.977298696161167,20.745612226220363,20.929031372070312,380500,364.76763916015625,113.0,,4.0,3.0,,,,,0,,
2023-01-03,21.064181818516428,21.170372143401845,20.93868566833583,20.996606826782227,377300,363.23193359375,112.0,,4.0,1.0,,,,,0,,
2023-01-04,20.890416411451188,20.938685577681227,20.591154945946634,20.629770278930664,896000,366.03619384765625,113.0,,4.0,1.0,,,,,1,,
2023-01-05,20.513926015985227,20.639422164978463,20.46565869128331,20.581501007080078,350400,361.8585510253906,111.0,,4.0,1.0,,,,,0,,
2023-01-06,20.784227886613728,21.170372009277344,20.68769139562772,21.170372009277344,278000,370.15667724609375,116.0,,4.0,1.0,,,,,0,,
2023-01-09,21.14141199251223,21.32483115412311,21.14141199251223,21.151065826416016,273800,369.9468078613281,114.0,,4.0,1.0,,,,,0,,
2023-01-10,21.08348991008855,21.10279757705336,20.967645749580168,21.015914916992188,296100,372.541259765625,113.0,,4.0,1.0,,,,,1,,
2023-01-11,21.18002700805664,21.199332834291923,21.064182844242357,21.18002700805664,334400,377.25311279296875,112.0,,4.0,1.0,,,,,0,,
2023-01-12,21.421366903127982,21.527555389796895,21.228293914361895,21.431020736694336,409200,378.6265563964844,111.0,,4.0,1.0,,,,,0,,
2023-01-13,21.160718398583626,21.392404874618283,21.122103065270963,21.36344337463379,512900,380.0954895019531,110.0,,4.0,1.0,,,,,0,,
2023-01-17,21.122101996017957,21.286213471728164,21.08348850594044,21.131755828857422,299000,379.3991394042969,109.0,,4.0,1.0,,,,,0,,
2023-01-18,21.421366042113593,21.421366042113593,21.11245074552884,21.122102737426758,379300,373.40911865234375,107.0,,4.0,1.0,,,,,0,,
2023-01-19,21.170372193036137,21.36344333540359,21.1607183597257,21.315176010131836,432600,370.6908264160156,106.0,,1.0,1.0,,,,,0,,
2023-01-20,21.431020494952843,21.566170480796323,21.32483016820127,21.556516647338867,224600,377.596435546875,106.0,,1.0,1.0,,,,,0,,
2023-01-23,21.373097351728855,21.537208836850695,21.334483859436897,21.459980010986328,428100,382.1270751953125,105.0,,1.0,1.0,,,,,0,,
2023-01-24,21.440672525332555,21.691666671832284,21.43102053313836,21.60478401184082,242100,381.71697998046875,103.0,,1.0,1.0,,,,,0,,
2023-01-25,21.768895821385023,21.94266114394651,21.701320827340112,21.84612464904785,403400,381.8600158691406,103.0,,1.0,1.0,,,,,0,,
2023-01-26,21.96196821018479,21.96196821018479,21.826818225793392,21.952314376831055,246500,386.05682373046875,102.0,,1.0,1.0,,,,,0,,
2023-01-27,21.923352453453763,22.01023511067932,21.865431295730193,21.933006286621094,259800,386.94384765625,100.0,,1.0,1.0,,,,,0,,
2023-01-30,21.6820121715247,21.6820121715247,20.282239503797754,20.533233642578125,2004300,382.08892822265625,133.0,,1.0,4.0,,,,,1,,
2023-01-31,21.28621507447953,21.653053384878998,21.247601581494603,21.431020736694336,1196500,387.70684814453125,144.0,,1.0,4.0,,,,,0,,
2023-02-01,21.257254587521803,21.682012200222722,21.257254587521803,21.66270637512207,736500,391.827392578125,142.0,,1.0,4.0,,,,,0,,
2023-02-02,21.53720898042395,21.65305314063298,21.46963398750221,21.556516647338867,507000,397.5311584472656,140.0,,1.0,4.0,,,,,0,,
2023-02-03,21.469632677944258,21.56616916535005,21.392403856275696,21.45032501220703,440700,393.3057556152344,139.0,,1.0,4.0,,,,,0,,
2023-02-06,21.42136676058033,21.42136676058033,21.131757279358396,21.334484100341797,499500,390.9021911621094,137.0,,1.0,4.0,,,,,0,,
2023-02-07,21.334483122145066,21.469633102416992,21.247600465890145,21.469633102416992,400800,396.0145568847656,135.0,,1.0,4.0,,,,,0,,
2023-02-08,21.237948169323523,21.30552316434831,21.11245201303186,21.18002700805664,371800,391.684326171875,134.0,,4.0,4.0,,,,,0,,
2023-02-09,21.479285890377188,21.527553212045692,21.266907097243354,21.286212921142578,350300,388.2886657714844,132.0,,4.0,4.0,,,,,0,,
2023-02-10,21.382752133884036,21.382752133884036,21.189680981296686,21.27656364440918,424900,389.19482421875,130.0,,4.0,4.0,,,,,0,,
2023-02-13,20.861456606733626,21.15106423696173,20.861456606733626,21.122102737426758,664900,393.7635803222656,129.0,,4.0,4.0,,,,,1,,
2023-02-14,20.986953735351562,21.112451731248754,20.89041724034153,20.986953735351562,353900,393.5824279785156,127.0,,4.0,4.0,,,,,0,,
2023-02-15,20.89041724034153,21.01591523623872,20.84214991347676,20.986953735351562,331400,394.8604736328125,125.0,,4.0,4.0,,,,,0,,
2023-02-16,20.85180402793509,20.97730018424195,20.80353485913974,20.909725189208984,354500,389.4237060546875,124.0,,4.0,4.0,,,,,0,,
2023-02-17,21.015913517344533,21.15106349453635,20.96764435314721,21.131755828857422,572500,388.45086669921875,123.0,,4.0,4.0,,,,,0,,
2023-02-21,21.151064621978655,21.208985780822545,21.0641819630726,21.093143463134766,594200,380.6581726074219,121.0,,4.0,3.0,,,,,0,,
2023-02-22,21.006260047268253,21.015913880274432,20.822840902711594,20.832494735717773,597400,380.13360595703125,120.0,,4.0,3.0,,,,,1,,
2023-02-23,20.92903257485774,21.006261402609667,20.784228752982937,20.986953735351562,550700,382.1556701660156,119.0,,4.0,3.0,,,,,0,,
2023-02-24,20.85180299933123,20.86145683261408,20.69734534936644,20.72630500793457,603400,378.07330322265625,118.0,,4.0,3.0,,,,,0,,
2023-02-27,21.04487429636449,21.189679955394876,21.04487429636449,21.093143463134766,489800,379.36102294921875,119.0,,4.0,3.0,,,,,0,,
2023-02-28,20.803533832916965,20.813187666199816,20.66838384951788,20.72630500793457,626300,377.95892333984375,120.0,,4.0,3.0,,,,,1,,
2023-03-01,20.890416636456575,20.90007046980656,20.76492048546763,20.82284164428711,449700,376.5090637207031,118.0,,4.0,3.0,,,,,0,,
2023-03-02,20.668385113366906,20.784229278564453,20.6104639514084,20.784229278564453,353200,379.4372863769531,116.0,,4.0,3.0,,,,,0,,
2023-03-03,20.900071355449914,20.957992516723813,20.764921365383984,20.909725189208984,332200,385.5225524902344,115.0,,4.0,3.0,,,,,0,,
2023-03-06,20.880762100219727,21.035221587339667,20.842148609400027,20.880762100219727,934000,385.7896728515625,113.0,,4.0,3.0,,,,,0,,
2023-03-07,20.90007128279878,20.99660777877338,20.51392714018089,20.542888641357422,519200,379.87603759765625,114.0,,4.0,3.0,,,,,0,,
2023-03-08,20.99660838746083,20.99660838746083,20.58150273163258,20.707000732421875,740400,380.4960632324219,113.0,,4.0,3.0,,,,,0,,
2023-03-09,20.900070335184612,21.02556832664564,20.745612685140603,20.996606826782227,75000,373.4759521484375,113.0,,4.0,3.0,,,,,0,,
2023-03-10,20.8904169230014,21.180026403632127,20.8904169230014,21.015914916992188,57400,368.0869140625,111.0,,4.0,3.0,,,,,0,,
2023-03-13,20.65873034036522,21.18968013157002,20.65873034036522,20.9676456451416,136400,367.56231689453125,109.0,,4.0,3.0,,,,,0,,
2023-03-14,20.291892958061997,20.755265894259097,20.291892958061997,20.562192916870117,79800,373.63812255859375,111.0,,4.0,3.0,,,,,0,,
2023-03-15,20.272586300110394,20.658730432808785,20.272586300110394,20.475311279296875,73600,371.30126953125,109.0,,4.0,3.0,,,,,0,,
2023-03-16,20.272585580515305,20.83249501337356,20.272585580515305,20.755266189575195,37500,377.8158264160156,109.0,,4.0,3.0,,,,,0,,
2023-03-17,20.47530950926927,20.98695159166504,20.47530950926927,20.793880462646484,50900,373.3981018066406,108.0,,4.0,3.0,,,,,0,,
2023-03-20,20.7649203905362,21.04487419128418,20.7649203905362,21.04487419128418,53400,376.98858642578125,107.0,,1.0,3.0,,-5.5431888969127564e-05,,,0,,
2023-03-21,20.63942277630029,21.237947563246085,20.63942277630029,21.015914916992188,99000,381.93865966796875,106.0,,1.0,3.0,,-3.7217483499390596e-05,,,0,,
2023-03-22,20.967646030404218,21.141411352853837,20.8711113768482,20.93868637084961,55000,375.42791748046875,104.0,,1.0,3.0,,-4.421999401957246e-05,,,0,,
2023-03-23,21.083488781611916,21.23794642650223,21.00625995916676,21.054527282714844,126300,376.4428405761719,103.0,,1.0,3.0,,-3.495899605743474e-05,,,0,,
2023-03-24,20.95799191609776,21.08348991008855,20.95799191609776,21.015914916992188,49400,378.91302490234375,102.0,,1.0,3.0,,-3.6791367253210726e-05,,,0,,
2023-03-27,21.044875494754894,21.237948490269563,20.948340838278106,21.151065826416016,38300,379.62152099609375,101.0,,1.0,3.0,,-2.7718144193938292e-05,-5.5431888969127564e-05,,0,,
2023-03-28,20.832495382396733,21.15106451636812,20.832495382396733,21.04487419128418,140700,378.7695007324219,99.0,,1.0,1.0,,-5.1092282412646055e-05,-3.7217483499390596e-05,,0,,
2023-03-29,21.04487419128418,21.237947174840354,21.04487419128418,21.04487419128418,67700,384.2748107910156,98.0,,1.0,1.0,,-7.285239464387502e-05,-4.421999401957246e-05,,0,,
2023-03-30,21.237945599474074,21.585476207584254,21.18967827780557,21.286212921142578,233700,386.52490234375,98.0,,1.0,1.0,,-7.800104520559883e-05,-3.495899605743474e-05,,0,,
2023-03-31,21.25725545261933,21.614438088803052,21.25725545261933,21.47928810119629,56800,391.9728088378906,97.0,,1.0,1.0,,-3.72169429001649e-05,-3.6791367253210726e-05,,0,,
2023-04-03,21.353790700128783,21.913700126304875,21.353790700128783,21.691665649414062,75100,393.4664001464844,96.0,,1.0,1.0,,1.0071437239114219e-05,-2.7718144193938292e-05,,0,,
2023-04-04,21.22829478656791,21.614438938685087,21.22829478656791,21.51790428161621,27100,391.2834167480469,96.0,,1.0,1.0,,4.7691547581003755e-05,-5.1092282412646055e-05,,0,,
2023-04-05,21.382751850351568,21.50824984708576,21.324830689471444,21.353792190551758,35800,390.2590026855469,95.0,,1.0,1.0,,6.350339812539672e-05,-7.285239464387502e-05,,0,,
2023-04-06,21.39240423879134,21.48894072792329,21.315175415741855,21.42136573791504,63900,391.78131103515625,93.0,,1.0,1.0,,6.132458097207485e-05,-7.800104520559883e-05,,0,,
2023-04-10,21.53720918176086,21.53720918176086,21.073836219153907,21.112451553344727,112700,392.1834716796875,94.0,,1.0,1.0,,5.424419118455235e-05,-3.72169429001649e-05,,0,,
2023-04-11,21.12210316089298,21.160718494380458,20.84214935823055,21.14141082763672,105700,392.2886657714844,93.0,,1.0,1.0,,2.665524458686902e-05,1.0071437239114219e-05,,0,,
2023-04-12,21.37309716871403,21.45997982722754,21.315176010131836,21.315176010131836,203600,390.68975830078125,92.0,,1.0,1.0,,3.108997753185921e-05,4.7691547581003755e-05,,0,,
2023-04-13,21.286214086803458,21.421365909180896,21.27656209496544,21.295867919921875,20800,395.87921142578125,91.0,,1.0,1.0,,3.7365040035255424e-05,6.350339812539672e-05,,0,,
2023-04-14,20.90006974381854,21.286213858002643,20.90006974381854,21.10279655456543,28800,394.9122009277344,90.0,,4.0,1.0,,4.767951383968314e-05,6.132458097207485e-05,,0,,
2023-04-17,20.87110943640608,21.237945873142472,20.87110943640608,21.208984375,26300,396.3291320800781,89.0,,4.0,1.0,,2.0237906876130048e-05,5.424419118455235e-05,,0,,
2023-04-18,21.36344347960637,21.411712646484375,21.266908828411253,21.411712646484375,35600,396.5876770019531,89.0,,4.0,1.0,,7.196744445705614e-06,2.665524458686902e-05,,0,,
2023-04-19,21.199331667676855,21.28621432543622,21.1607181760507,21.170372009277344,45600,396.5206604003906,89.0,,4.0,1.0,,-1.1686938155417546e-05,3.108997753185921e-05,,0,,
2023-04-20,21.208985645874105,21.39240479587321,21.208985645874105,21.266908645629883,41900,394.3568420410156,88.0,,4.0,1.0,,4.366479205963024e-05,3.7365040035255424e-05,,0,,
2023-04-21,21.344137415615787,21.61443738199024,21.344137415615787,21.537208557128906,27400,394.6632080078125,88.0,,4.0,1.0,,8.942910492026506e-05,4.767951383968314e-05,,0,,
2023-04-24,21.41171218265739,21.575823663926684,21.27656220088753,21.34413719177246,43400,395.0749206542969,88.0,,4.0,1.0,,0.0001452806311105122,2.0237906876130048e-05,,0,,
2023-04-25,21.53720766674421,21.54686149961282,21.421365354881537,21.45032501220703,226500,388.8035583496094,87.0,,4.0,1.0,,0.000153677127553217,7.196744445705614e-06,,0,,
2023-04-26,22.058503916344534,22.2033077289293,21.87508477172096,21.913700103759766,136300,387.1567077636719,90.0,,4.0,1.0,,0.00019670861122832693,-1.1686938155417546e-05,,0,,
2023-04-27,22.68598886256374,22.946636836083474,22.68598886256374,22.888713836669922,317000,394.86431884765625,107.0,,1.0,4.0,,0.00030235579686566186,4.366479205963024e-05,,0,,
2023-04-28,22.88871500172224,23.02386683261944,22.531532360226564,22.89836883544922,37300,398.2344970703125,105.0,,1.0,4.0,,0.0003988973657859831,8.942910492026506e-05,,0,,
2023-05-01,22.830791403906396,22.830791403906396,21.720626421719043,22.512222290039062,103600,397.83233642578125,106.0,,1.0,4.0,,0.0004061344554591371,0.0001452806311105122,,0,,
2023-05-02,22.879062935526626,22.879062935526626,22.444649625615416,22.531532287597656,79300,393.361083984375,105.0,,1.0,4.0,,0.0003465754770462699,0.000153677127553217,,0,,
2023-05-03,22.956291336968885,22.956291336968885,22.40603387421921,22.78252601623535,63600,390.6610107421875,104.0,,1.0,4.0,,0.0002967128080168315,0.00019670861122832693,,0,,
2023-05-04,22.647373490351743,22.85010030538682,22.618413831975598,22.84044647216797,72300,387.8940124511719,103.0,,1.0,4.0,,0.00030696619853025467,0.00030235579686566186,,0,,
2023-05-05,22.840446617000254,22.98525043364042,22.78252545860027,22.936983108520508,41900,395.0749206542969,101.0,,1.0,4.0,,0.0003099295622458447,0.0003988973657859831,,0,,
2023-05-08,22.98525044438367,23.2748599190798,22.97559661109909,23.207284927368164,76100,395.1802062988281,101.0,,1.0,4.0,,0.00031604623259864467,0.0004061344554591371,,0,,
2023-05-09,23.361741403620595,23.361741403620595,22.936981966841948,23.197629928588867,28600,393.44720458984375,100.0,,1.0,4.0,,0.00031284023135490555,0.0003465754770462699,,0,,
2023-05-10,22.772870153476042,23.052823935382488,22.772870153476042,22.956289291381836,65000,395.2855529785156,99.0,,1.0,4.0,,0.000323794260350814,0.0002967128080168315,,0,,
2023-05-11,23.168671046617483,23.168671046617483,22.84044805948796,22.869409561157227,46200,394.5962219238281,98.0,,1.0,4.0,,0.0003158073814270004,0.00030696619853025467,,0,,
2023-05-12,22.830792678536785,23.149361810189657,22.830792678536785,22.888713836669922,40300,394.0792236328125,96.0,,1.0,3.0,,0.0002963288568788347,0.0003099295622458447,,0,,
2023-05-15,22.753564872037142,23.1590166796718,22.685989877644783,23.072134017944336,39100,395.4387512207031,96.0,,1.0,3.0,,0.00028069111804200733,0.00031604623259864467,,0,,
2023-05-16,23.159015750120798,23.159015750120798,22.695642800360083,22.936983108520508,102900,392.79620361328125,95.0,,1.0,3.0,,0.0002619738804627356,0.00031284023135490555,,0,,
2023-05-17,23.303819101818625,23.47758441483215,23.303819101818625,23.458276748657227,84600,397.56439208984375,98.0,,1.0,3.0,,0.0002751713722447395,0.000323794260350814,,0,,
2023-05-18,23.29416565020785,23.554813623996637,23.29416565020785,23.429317474365234,47000,401.3941650390625,97.0,,1.0,3.0,,0.0002935637617380337,0.0003158073814270004,,0,,
2023-05-19,23.64169595102152,23.83476893066945,23.64169595102152,23.776845932006836,122500,400.81011962890625,97.0,,1.0,3.0,,0.0003392194682876888,0.0002963288568788347,,0,,
2023-05-22,23.89269199864564,24.056803492085535,23.75754200685297,24.047149658203125,66000,400.9728088378906,97.0,,1.0,3.0,,0.000396488582222912,0.00028069111804200733,,0,,
2023-05-23,23.873383088713183,24.03749457361412,23.65135044481205,23.670658111572266,61800,396.4728088378906,98.0,,1.0,3.0,,0.0004219722714023962,0.0002619738804627356,,0,,
2023-05-24,23.825115243791338,23.98922672511523,23.80580757745196,23.873382568359375,96400,393.6004333496094,97.0,,1.0,3.0,,0.0004221154875142901,0.0002751713722447395,,0,,
2023-05-25,24.20160441838143,24.240219749284915,24.124375597854783,24.182296752929688,94500,397.0090026855469,97.0,,1.0,3.0,,0.0004089337478558382,0.0002935637617380337,,0,,
2023-05-26,24.172646165938474,24.172646165938474,23.989227016050737,24.066455841064453,183600,402.1505432128906,96.0,,1.0,3.0,,0.00043747725347423485,0.0003392194682876888,,0,,
2023-05-30,24.04714877374685,24.298142921616318,23.931306453979698,23.96026611328125,36600,402.3037109375,95.0,,1.0,3.0,,0.0004777821739345091,0.000396488582222912,,0,,
2023-05-31,24.018186343086363,24.018186343086363,23.709271047295733,23.825115203857422,71600,400.0729064941406,94.0,,1.0,3.0,,0.0004786139228867444,0.0004219722714023962,,0,,
2023-06-01,24.162992382204347,24.385025024414062,24.162992382204347,24.385025024414062,71700,403.8739318847656,98.0,,1.0,3.0,,0.000508864085837983,0.0004221154875142901,,0,,
2023-06-02,24.6939406477968,24.80013097427626,24.356063842773438,24.356063842773438,91300,409.7144470214844,96.0,,1.0,3.0,,0.0005265636944220624,0.0004089337478558382,,0,,
2023-06-05,24.182298388749658,24.751861669142095,24.182298388749658,24.529829025268555,81900,408.9292907714844,95.0,,1.0,3.0,,0.0005592667809608209,0.00043747725347423485,,0,,
2023-06-06,24.626364683530834,24.76151466369629,24.626364683530834,24.76151466369629,119100,409.8197326660156,95.0,,1.0,3.0,,0.0005801824962708659,0.0004777821739345091,,0,,
2023-06-07,24.58775071016509,24.58775071016509,24.327104568481445,24.327104568481445,35700,408.4027099609375,96.0,,1.0,3.0,,0.000568507144313764,0.0004786139228867444,,1,,
2023-06-08,24.33675488356849,24.549135525249493,24.298141393168535,24.520174026489258,69000,410.8729553222656,96.0,,1.0,3.0,,0.0005515856099180431,0.000508864085837983,,0,,
2023-06-09,24.80978499650031,24.83874465573838,24.607058175431447,24.771169662475586,65500,411.6101989746094,95.0,,1.0,3.0,,0.0005017623932696949,0.0005265636944220624,,0,,
2023-06-12,24.858052361061777,24.983548514274602,24.780823534173773,24.81943702697754,41100,415.3442687988281,94.0,,1.0,3.0,,0.000498455245259343,0.0005592667809608209,,0,,
2023-06-13,24.42363815997046,25.08008408499462,24.42363815997046,24.954587936401367,131800,418.08258056640625,93.0,,1.0,3.0,,0.0005275839399412324,0.0005801824962708659,,0,,
2023-06-14,25.051124851967295,25.08973834400506,24.84839803460761,24.973896026611328,277700,418.5804443359375,91.0,,1.0,3.0,,0.0005562730301672249,0.000568507144313764,,0,,
2023-06-15,25.38899879343445,25.678608257859853,25.29246414657301,25.649646759033203,362900,423.7698974609375,97.0,,1.0,3.0,,0.0006034546893241927,0.0005515856099180431,,0,,
2023-06-16,25.862028440297895,26.06475341638853,25.833066940307617,25.833066940307617,85300,422.3264465332031,96.0,,1.0,3.0,,0.0006404948403055405,0.0005017623932696949,,0,,
2023-06-20,26.16129013925872,26.35436128372294,26.16129013925872,26.29644012451172,107300,420.1353454589844,98.0,,1.0,3.0,,0.000701420428625494,0.000498455245259343,,0,,
2023-06-21,26.161289957005252,26.44124375897622,26.10336879819754,26.151636123657227,38800,417.9826354980469,97.0,,1.0,3.0,,0.000721982788281953,0.0005275839399412324,,0,,
2023-06-22,26.219211076597432,26.257826409931777,26.074407259154516,26.103368759155273,52700,419.49139404296875,95.0,,1.0,3.0,,0.0007428919718928702,0.0005562730301672249,,0,,
2023-06-23,25.456577015154767,25.456577015154767,25.205582868782162,25.263504028320312,67800,416.3200988769531,104.0,,1.0,3.0,,0.000685089656466288,0.0006034546893241927,,1,,
2023-06-26,25.58207219260735,26.035791300709633,25.495189535971534,25.668954849243164,31200,414.6190185546875,105.0,,1.0,4.0,,0.0006605114380059078,0.0006404948403055405,,0,,
2023-06-27,25.475881723706483,25.697916201214124,25.46622789066003,25.572418212890625,56300,419.16473388671875,103.0,,1.0,4.0,,0.0006170826644325624,0.000701420428625494,,0,,
2023-06-28,25.75583708011722,25.75583708011722,25.186273825488996,25.649646759033203,36100,419.37615966796875,102.0,,1.0,4.0,,0.0006446162566763788,0.000721982788281953,,0,,
2023-06-29,25.408307710562557,25.591726862936504,25.408307710562557,25.43726921081543,29800,421.0290222167969,101.0,,1.0,4.0,,0.0006475479729381167,0.0007428919718928702,,0,,
2023-06-30,25.53380449232742,25.53380449232742,25.29246419217794,25.37934684753418,45000,425.9974670410156,99.0,,1.0,4.0,,0.0006202303891045779,0.000685089656466288,,0,,
2023-07-03,25.755837465393192,25.755837465393192,25.437268338656096,25.62068748474121,105700,426.4876403808594,99.0,,1.0,4.0,,0.0005971839453658972,0.0006605114380059078,,0,,
2023-07-05,24.896665830697046,25.38899841443821,24.896665830697046,25.36003875732422,38800,425.8533630371094,98.0,,1.0,4.0,,0.0005587883455794815,0.0006170826644325624,,1,,
2023-07-06,25.388998690555006,25.388998690555006,25.205581389237214,25.28281021118164,36300,422.5186462402344,97.0,,1.0,4.0,,0.0005409154145857427,0.0006446162566763788,,0,,
2023-07-07,25.099391068583493,25.321423701513677,25.099391068583493,25.28281021118164,26600,421.451904296875,95.0,,1.0,4.0,,0.0005128728523758431,0.0006475479729381167,,0,,
2023-07-10,25.33107962367201,25.47588344660089,25.33107962367201,25.427616119384766,21800,422.5186462402344,94.0,,1.0,3.0,,0.0005107972095534916,0.0006202303891045779,,0,,
2023-07-11,25.582073634587967,25.659302462475125,25.53380630763868,25.601381301879883,28800,425.2094421386719,93.0,,1.0,3.0,,0.0005336477472037879,0.0005971839453658972,,0,,
2023-07-12,25.649647684948008,25.90064182666507,25.649647684948008,25.78479766845703,35600,428.630615234375,93.0,,1.0,3.0,,0.0005661209903085996,0.0005587883455794815,,0,,
2023-07-13,25.417960166365262,25.948908086594823,25.417960166365262,25.82341194152832,57900,432.03265380859375,91.0,1.0,1.0,3.0,3.0,0.0005951764483585819,0.0005409154145857427,,0,1.0,1.0
2023-07-14,25.66895526144164,25.736530252958985,25.41796112060547,25.41796112060547,35600,431.7635803222656,92.0,1.0,1.0,3.0,3.0,0.0005823566181270795,0.0005128728523758431,,0,1.0,2.0
2023-07-17,25.446923044233053,25.485536536623094,25.417961543980184,25.43726921081543,24700,433.2626953125,91.0,1.0,1.0,3.0,3.0,0.0005453354244952392,0.0005107972095534916,,0,1.0,3.0
2023-07-18,26.016486698483074,26.055100191424604,25.958563697150062,25.99717903137207,57500,436.4821472167969,94.0,1.0,1.0,3.0,3.0,0.0005281161037542391,0.0005336477472037879,,0,1.0,4.0
2023-07-19,26.19990311811032,26.19990311811032,25.852374328374253,25.910295486450195,25900,437.4527893066406,93.0,1.0,1.0,3.0,3.0,0.000524708530576597,0.0005661209903085996,,0,1.0,5.0
2023-07-20,25.90064104078963,25.90064104078963,25.688262238679375,25.746183395385742,19600,434.55047607421875,92.0,1.0,1.0,3.0,3.0,0.0005132302478886877,0.0005951764483585819,,0,1.0,6.0
2023-07-21,25.417962145167692,25.736531290362286,25.417962145167692,25.601381301879883,39900,434.55047607421875,91.0,1.0,1.0,3.0,3.0,0.00048455157414598586,0.0005823566181270795,,0,1.0,7.0
2023-07-24,25.553111431903698,25.765492083721302,25.553111431903698,25.6593017578125,49900,436.49169921875,90.0,1.0,1.0,3.0,3.0,0.0005203423806985793,0.0005453354244952392,,0,1.0,8.0
2023-07-25,25.61103485452269,25.726877174442162,25.582073353902583,25.67860984802246,38000,437.6833801269531,89.0,1.0,1.0,3.0,3.0,0.0005376563833137703,0.0005281161037542391,,0,1.0,9.0
2023-07-26,25.765491525519597,25.85237418278443,25.74618385917621,25.813758850097656,35800,437.7506408691406,88.0,1.0,1.0,3.0,3.0,0.0005487832893842528,0.000524708530576597,,0,1.0,10.0
2023-07-27,26.07440557430334,26.170942060120865,25.48553466796875,25.48553466796875,53200,434.84844970703125,88.0,1.0,1.0,3.0,3.0,0.0004923497247798728,0.0005132302478886877,,0,1.0,11.0
2023-07-28,25.321423809367552,25.321423809367552,24.838743209838867,24.838743209838867,69100,439.1057434082031,93.0,1.0,4.0,3.0,4.0,0.00042801149598196346,0.00048455157414598586,,1,2.0,12.0
2023-07-31,24.98354685230941,25.012508350946,24.86770454032375,24.96424102783203,37300,439.9417724609375,92.0,1.0,4.0,3.0,4.0,0.0003598239312337241,0.0005203423806985793,,0,2.0,13.0
2023-08-01,24.607058137359164,24.954588777922098,24.607058137359164,24.722902297973633,230000,438.682861328125,92.0,1.0,4.0,3.0,4.0,0.0002901521409361388,0.0005376563833137703,,0,2.0,14.0
2023-08-02,24.491213821236336,24.78082143723985,24.491213821236336,24.674631118774414,94000,432.5804443359375,91.0,1.0,4.0,3.0,4.0,0.00026121166241036264,0.0005487832893842528,,0,2.0,15.0
2023-08-03,24.085763690797485,24.230567508639304,24.085763690797485,24.211259841918945,66200,431.34075927734375,93.0,1.0,4.0,3.0,4.0,0.00020886806178650337,0.0004923497247798728,,1,2.0,16.0
2023-08-04,24.05680247467714,24.568444601123332,24.05680247467714,24.404333114624023,47900,429.3898620605469,92.0,1.0,4.0,3.0,4.0,0.00019058896027830837,0.00042801149598196346,,0,2.0,17.0
2023-08-07,24.13403018853825,24.491214645491983,24.13403018853825,24.44294548034668,82800,433.13775634765625,91.0,1.0,4.0,3.0,4.0,0.00020239438593165897,0.0003598239312337241,,0,2.0,18.0
2023-08-08,24.00853462796279,24.38502491888742,23.87338280353617,24.336755752563477,82800,431.2542419433594,90.0,1.0,4.0,3.0,4.0,0.0002322326142837202,0.0002901521409361388,,0,2.0,19.0
2023-08-09,23.873383596370445,24.37537189512792,23.873383596370445,24.327104568481445,71900,428.3712158203125,88.0,1.0,4.0,3.0,4.0,0.00025283178598587796,0.00026121166241036264,,0,2.0,20.0
2023-08-10,24.385024175876687,24.55878948678741,24.28848768745069,24.34640884399414,154700,428.5249328613281,87.0,1.0,4.0,3.0,4.0,0.0002483669458742885,0.00020886806178650337,,0,2.0,21.0
2023-08-11,23.87338390990749,24.3946798826821,23.87338390990749,24.29814338684082,45900,428.2751159667969,86.0,1.0,4.0,3.0,4.0,0.0002484285039147578,0.00019058896027830837,,0,2.0,22.0
2023-08-14,23.940957944757834,23.940957944757834,23.767194468746762,23.844423294067383,36600,430.63916015625,88.0,1.0,4.0,3.0,4.0,0.00021952615417308855,0.00020239438593165897,,0,2.0,23.0
2023-08-15,23.16866922603867,24.423638072603605,23.16866922603867,23.506546020507812,54500,425.6227722167969,89.0,1.0,4.0,3.0,4.0,0.00017208119246014668,0.0002322326142837202,,0,2.0,24.0
2023-08-16,23.69961790738959,23.69961790738959,23.49689292907715,23.49689292907715,91700,422.49945068359375,88.0,1.0,4.0,3.0,4.0,0.00013007791067240474,0.00025283178598587796,,0,2.0,25.0
2023-08-17,23.54515951175207,24.124376610659116,23.438971029870064,23.506546020507812,61800,419.2800598144531,87.0,1.0,4.0,3.0,4.0,0.0001285990547471583,0.0002483669458742885,,0,2.0,26.0
2023-08-18,22.96594442251342,23.998880638476344,22.96594442251342,23.38104820251465,68100,419.4817810058594,86.0,1.0,4.0,3.0,4.0,0.00012129953036118824,0.0002484285039147578,,0,2.0,27.0
2023-08-21,23.361742656275215,23.40035614826354,23.16866967249227,23.30381965637207,57100,422.21112060546875,84.0,1.0,4.0,1.0,2.0,0.00012008119881498092,0.00021952615417308855,,0,2.0,28.0
2023-08-22,24.0278412053582,24.0278412053582,23.40035675374812,23.467931747436523,50200,421.0675048828125,84.0,1.0,4.0,1.0,2.0,0.00010748374147498609,0.00017208119246014668,,0,2.0,29.0
2023-08-23,23.525854110717773,23.60308293587839,23.506546444107514,23.525854110717773,30400,425.75726318359375,83.0,1.0,4.0,1.0,2.0,0.00011852054940134581,0.00013007791067240474,,0,2.0,30.0
2023-08-24,23.94095788471151,23.94095788471151,23.255552291870117,23.255552291870117,58000,419.85662841796875,83.0,1.0,4.0,1.0,2.0,0.00010003270340437345,0.0001285990547471583,,0,2.0,31.0
2023-08-25,23.57412175528386,23.67065824836236,23.487239095641254,23.49689292907715,86600,422.81658935546875,83.0,1.0,4.0,1.0,2.0,0.00010337860881642941,0.00012129953036118824,,0,2.0,32.0
2023-08-28,23.54516127765916,23.718926604491863,23.54516127765916,23.680313110351562,84800,425.49774169921875,82.0,1.0,4.0,1.0,2.0,0.00013270985586408108,0.00012008119881498092,,0,2.0,33.0
2023-08-29,23.940958689957586,23.940958689957586,23.59342988583763,23.83477020263672,46600,431.64825439453125,82.0,1.0,4.0,1.0,2.0,0.00017391246094055802,0.00010748374147498609,,0,2.0,34.0
2023-08-30,22.975596933397316,23.8637293539526,22.975596933397316,23.448625564575195,50700,433.4261474609375,83.0,1.0,4.0,1.0,2.0,0.00015553593574108493,0.00011852054940134581,,0,2.0,35.0
2023-08-31,23.998880691950177,23.998880691950177,23.632042394580473,23.699617385864258,26100,432.7919006347656,83.0,1.0,4.0,1.0,2.0,0.00012986812420514877,0.00010003270340437345,,0,2.0,36.0
2023-09-01,23.931305700666393,23.940957692609434,23.689965393921216,23.699617385864258,34600,433.5990905761719,82.0,1.0,4.0,1.0,2.0,0.00011980998273481749,0.00010337860881642941,,0,2.0,37.0
2023-09-05,23.603082084500418,23.603082084500418,23.48723793029785,23.48723793029785,34800,431.72509765625,82.0,1.0,4.0,1.0,2.0,0.00014520786019241316,0.00013270985586408108,,1,2.0,38.0
2023-09-06,24.13403015968638,24.13403015968638,23.57412073363287,23.58377456665039,53300,428.8228759765625,81.0,1.0,4.0,1.0,2.0,0.0001603824955218941,0.00017391246094055802,,0,2.0,39.0
2023-09-07,22.975596245976188,23.57412101114556,22.975596245976188,23.506546020507812,49400,427.5062561035156,80.0,1.0,4.0,1.0,2.0,0.00015121100777396818,0.00015553593574108493,,0,2.0,40.0
2023-09-08,22.975597800955043,23.371395779718213,22.975597800955043,23.265207290649414,27000,428.1501770019531,80.0,1.0,4.0,1.0,2.0,0.00013274682919689593,0.00012986812420514877,,0,2.0,41.0
2023-09-11,23.101094003237094,23.641695764186487,23.101094003237094,23.632041931152344,56700,430.96600341796875,81.0,1.0,4.0,1.0,2.0,0.0001351152360037154,0.00011980998273481749,,0,2.0,42.0
2023-09-12,22.975595871286185,23.651349449204165,22.975595871286185,23.535505294799805,95800,428.60186767578125,80.0,1.0,4.0,1.0,2.0,0.00015200561961606484,0.00014520786019241316,,0,2.0,43.0
2023-09-13,23.632041163347647,23.632041163347647,23.361741212295183,23.37139320373535,52200,429.1015625,80.0,1.0,4.0,1.0,2.0,0.00017815480223733548,0.0001603824955218941,,0,2.0,44.0
2023-09-14,23.458277459770795,23.680311944952372,23.458277459770795,23.670658111572266,37900,432.8014831542969,81.0,1.0,4.0,1.0,2.0,0.00019161729354098033,0.00015121100777396818,,0,2.0,45.0
2023-09-15,23.632041931152344,23.71892458717926,23.603082273330294,23.632041931152344,31500,427.5869445800781,79.0,1.0,4.0,1.0,2.0,0.00022641488000422005,0.00013274682919689593,,0,2.0,46.0
2023-09-18,22.97559642709693,23.75754034536183,22.97559642709693,23.651350021362305,36700,427.837646484375,78.0,1.0,4.0,1.0,2.0,0.0002498502882332309,0.0001351152360037154,,0,2.0,47.0
2023-09-19,23.844422464592917,24.12437625616127,23.844422464592917,24.076108932495117,57800,426.950439453125,81.0,1.0,1.0,1.0,1.0,0.0002794901444318912,0.00015200561961606484,,0,1.0,48.0
2023-09-20,24.124375485749184,24.124375485749184,23.815460205078125,23.815460205078125,50300,423.02532958984375,81.0,1.0,1.0,1.0,1.0,0.0002815565512649288,0.00017815480223733548,,0,1.0,49.0
2023-09-21,23.78649893962701,23.902343091651574,23.689964294433594,23.689964294433594,22700,416.0333557128906,80.0,1.0,1.0,1.0,1.0,0.00027638287256299477,0.00019161729354098033,,0,1.0,50.0
2023-09-22,23.767194747924805,23.873383233187717,23.709271747293627,23.767194747924805,27300,415.097900390625,79.0,1.0,1.0,1.0,1.0,0.00024417097196367907,0.00022641488000422005,,0,1.0,51.0
2023-09-25,23.651350205541,23.844423188629015,23.410009897321192,23.796154022216797,26400,416.843505859375,78.0,1.0,1.0,1.0,1.0,0.00021868330693749363,0.0002498502882332309,,0,1.0,52.0
2023-09-26,23.564467178014397,23.6706575011768,23.49689218737665,23.506546020507812,29100,410.719482421875,78.0,1.0,1.0,1.0,1.0,0.00021362334008262254,0.0002794901444318912,,0,1.0,53.0
2023-09-27,23.56446707133891,23.64169589475821,23.41966325758777,23.458276748657227,40400,410.8834533691406,77.0,1.0,1.0,1.0,1.0,0.00022993209098473656,0.0002815565512649288,,0,1.0,54.0
2023-09-28,23.805806647202363,23.805806647202363,23.487237530172855,23.738231658935547,50600,413.26556396484375,78.0,1.0,1.0,1.0,1.0,0.00026694361456007076,0.00027638287256299477,,0,1.0,55.0
2023-09-29,23.46793020270449,23.46793020270449,23.159014914016705,23.168668746948242,50200,412.26263427734375,84.0,1.0,1.0,1.0,1.0,0.000268318691729781,0.00024417097196367907,,1,1.0,56.0
2023-10-02,23.110749598835618,23.41001108059603,22.908022772218192,22.946638107299805,38900,412.0986022949219,83.0,1.0,1.0,1.0,1.0,0.00023871814073222388,0.00021868330693749363,,0,1.0,57.0
2023-10-03,22.68598905173681,22.68598905173681,22.406033409411407,22.44464874267578,92400,406.582275390625,87.0,1.0,4.0,3.0,4.0,0.0001544105069464361,0.00021362334008262254,,1,2.0,58.0
2023-10-04,21.942659441843702,22.280536227139493,21.7495883083035,22.261228561401367,72300,409.5429992675781,87.0,1.0,4.0,3.0,4.0,8.805172343933374e-05,0.00022993209098473656,,1,2.0,59.0
2023-10-05,21.875083796823997,22.68598732069598,21.875083796823997,22.58945083618164,49000,409.388671875,88.0,1.0,4.0,3.0,4.0,6.132562132084816e-05,0.00026694361456007076,,0,2.0,60.0
2023-10-06,22.618413792590072,22.80183294086806,22.531531135052102,22.792179107666016,48500,414.249267578125,87.0,1.0,4.0,3.0,4.0,9.223057082913993e-05,0.000268318691729781,,0,2.0,61.0
2023-10-09,23.072132905403603,23.072132905403603,22.512223468648017,22.792179107666016,38200,416.9013366699219,86.0,1.0,4.0,3.0,4.0,0.00012017580935209735,0.00023871814073222388,,0,2.0,62.0
2023-10-10,23.178323427514425,23.2748599190798,23.178323427514425,23.207284927368164,52500,419.0712890625,88.0,1.0,4.0,3.0,4.0,0.0001515027405395195,0.0001544105069464361,,0,2.0,63.0
2023-10-11,23.178323149932513,23.4389711216534,23.178323149932513,23.284513473510742,33600,420.78790283203125,87.0,1.0,4.0,3.0,4.0,0.00016306814085379983,8.805172343933374e-05,,0,2.0,64.0
2023-10-12,22.74390959315248,23.477584333741966,22.74390959315248,23.36174201965332,51600,418.22259521484375,86.0,1.0,4.0,3.0,4.0,0.0002009000303631707,6.132562132084816e-05,,0,2.0,65.0
2023-10-13,23.612734877637976,23.612734877637976,23.207284927368164,23.207284927368164,81700,416.1395263671875,85.0,1.0,4.0,3.0,4.0,0.00019759894232330814,9.223057082913993e-05,,0,2.0,66.0
2023-10-16,23.834770381437604,23.88303770864731,23.535507060639798,23.709272384643555,102500,420.51788330078125,89.0,1.0,1.0,3.0,3.0,0.00021844213681789814,0.00012017580935209735,,0,1.0,67.0
2023-10-17,24.423639651077124,24.423639651077124,23.583776368470787,23.805809020996094,60500,420.49859619140625,88.0,1.0,1.0,3.0,3.0,0.00022822075503181757,0.0001515027405395195,,0,1.0,68.0
2023-10-18,23.940956581472875,23.940956581472875,23.632041297781146,23.689964294433594,49200,414.8953552246094,87.0,1.0,1.0,3.0,3.0,0.00020186926629607216,0.00016306814085379983,,0,1.0,69.0
2023-10-19,24.134029157615995,24.48155976669536,23.612733243996942,24.259525299072266,90000,411.24993896484375,91.0,1.0,1.0,3.0,3.0,0.00018947248923500116,0.0002009000303631707,,0,1.0,70.0
2023-10-20,24.211259024238313,24.211259024238313,23.632041931152344,23.632041931152344,45600,406.1965026855469,97.0,1.0,1.0,4.0,5.0,0.00015873151074376324,0.00019759894232330814,,0,2.0,71.0
2023-10-23,23.390702744605704,23.651350725116338,23.390702744605704,23.593429565429688,52800,405.492431640625,95.0,1.0,1.0,4.0,5.0,0.0001591355626760236,0.00021844213681789814,,0,2.0,72.0
2023-10-24,23.525854852896792,23.53550684522599,23.361743364093144,23.51620101928711,72900,408.5496826171875,94.0,1.0,1.0,4.0,5.0,0.00011541772241063635,0.00022822075503181757,,0,2.0,73.0
2023-10-25,22.936982380671644,24.22091270569151,22.936982380671644,23.535505294799805,38000,402.6860656738281,93.0,1.0,1.0,4.0,5.0,9.843116092856329e-05,0.00020186926629607216,,0,2.0,74.0
2023-10-26,22.628067746838838,22.724604238095267,22.348112106323242,22.348112106323242,79300,397.864013671875,115.0,1.0,4.0,4.0,6.0,2.333218248089797e-05,0.00018947248923500116,,1,2.0,75.0
2023-10-27,21.7495885784376,22.299844169845997,21.7495885784376,22.18400001525879,53600,396.0605773925781,114.0,4.0,4.0,4.0,12.0,-6.006912058703643e-05,0.00015873151074376324,,1,4.0,1.0
2023-10-30,22.58945348581142,22.599107319523227,22.52187849110926,22.57979965209961,47800,400.7958068847656,115.0,4.0,4.0,4.0,12.0,-0.00012959964083419302,0.0001591355626760236,,0,4.0,2.0
2023-10-31,22.328804632267477,22.830792918103192,22.328804632267477,22.76321792602539,96500,403.3128662109375,114.0,4.0,4.0,4.0,12.0,-0.00012316080183408015,0.00011541772241063635,,0,4.0,3.0
2023-11-01,23.023865816489344,23.30381961709428,23.023865816489344,23.255552291870117,55000,407.6141662597656,116.0,1.0,4.0,4.0,6.0,-6.711602076313503e-05,9.843116092856329e-05,,0,2.0,4.0
2023-11-02,23.39070116781371,23.603081807815407,23.323126179187838,23.56446647644043,45300,415.4258728027344,115.0,1.0,4.0,4.0,6.0,-1.3166870906199436e-05,2.333218248089797e-05,,0,2.0,5.0
2023-11-03,23.26520580891224,24.13403054009975,23.26520580891224,23.873382568359375,44600,419.2159423828125,115.0,1.0,4.0,4.0,6.0,4.630435297491659e-05,-6.006912058703643e-05,,0,2.0,6.0
2023-11-06,24.80978461237085,24.80978461237085,23.873383030854757,23.94095802307129,81700,420.18035888671875,114.0,1.0,4.0,4.0,6.0,7.770611181933682e-05,-0.00012959964083419302,,0,2.0,7.0
2023-11-07,23.641695339524595,23.641695339524595,23.487237696313485,23.612733840942383,43400,421.3761901855469,113.0,1.0,4.0,4.0,6.0,6.889428174026374e-05,-0.00012316080183408015,,1,2.0,8.0
2023-11-08,23.53550553151521,23.661003520155532,23.390701718013627,23.410009384155273,28200,421.684814453125,112.0,1.0,4.0,4.0,6.0,4.5082101046538575e-05,-6.711602076313503e-05,,0,2.0,9.0
2023-11-09,23.274859997700933,23.525854140106585,23.274859997700933,23.30381965637207,56300,418.39617919921875,111.0,1.0,4.0,4.0,6.0,-7.458714242770916e-06,-1.3166870906199436e-05,,0,2.0,10.0
2023-11-10,23.632041931152344,23.632041931152344,23.43897079431061,23.632041931152344,44200,424.9251708984375,111.0,1.0,4.0,4.0,6.0,-1.3005287851615966e-05,4.630435297491659e-05,,0,2.0,11.0
2023-11-13,23.16866969155162,23.863729119437213,23.120402366206395,23.844423294067383,133900,424.5201110839844,110.0,1.0,4.0,4.0,6.0,1.5963976993399955e-05,7.770611181933682e-05,,0,2.0,12.0
2023-11-14,23.709272659716728,24.182299468725805,23.709272659716728,24.17264747619629,49300,432.7561340332031,110.0,1.0,4.0,4.0,6.0,9.572313930441898e-05,6.889428174026374e-05,,0,2.0,13.0
2023-11-15,24.201604585291136,24.201604585291136,23.69961632776575,23.738231658935547,27100,433.6723327636719,111.0,1.0,1.0,4.0,5.0,0.00012567640936680618,4.5082101046538575e-05,,0,2.0,14.0
2023-11-16,23.83476893066945,23.83476893066945,23.776845932006836,23.776845932006836,19600,434.2027587890625,109.0,1.0,1.0,4.0,5.0,0.00012386413643474315,-7.458714242770916e-06,,0,2.0,15.0
2023-11-17,23.805806985966413,24.047147285371004,23.805806985966413,23.979572296142578,19400,434.7427673339844,108.0,1.0,1.0,4.0,5.0,0.00010268656162477627,-1.3005287851615966e-05,,0,2.0,16.0
2023-11-20,23.680311887561864,23.998881023211556,23.680311887561864,23.94095802307129,38600,438.0893249511719,107.0,1.0,1.0,4.0,5.0,0.0001073610551088406,1.5963976993399955e-05,,0,2.0,17.0
2023-11-21,24.02784027001964,24.23056708447373,24.02784027001964,24.191951751708984,22600,437.1344909667969,106.0,1.0,1.0,4.0,5.0,0.00010182543281109798,9.572313930441898e-05,,0,2.0,18.0
2023-11-22,24.298142461680598,24.298142461680598,24.076109818595977,24.162992477416992,32200,438.822265625,105.0,1.0,1.0,4.0,5.0,8.64105247268991e-05,0.00012567640936680618,,0,2.0,19.0
2023-11-24,23.950612045001492,24.375371509638875,23.950612045001492,24.356063842773438,12700,439.0921630859375,104.0,1.0,1.0,4.0,5.0,7.508981197385863e-05,0.00012386413643474315,,0,2.0,20.0
2023-11-27,24.375370727158668,24.375370727158668,24.27883423721087,24.31744956970215,10500,438.30145263671875,102.0,1.0,1.0,4.0,5.0,7.357502744378544e-05,0.00010268656162477627,,0,2.0,21.0
2023-11-28,24.336755175910163,24.81943578003005,24.336755175910163,24.713247299194336,31500,438.7354431152344,103.0,1.0,1.0,4.0,5.0,9.125816619543328e-05,0.0001073610551088406,,0,2.0,22.0
2023-11-29,25.05112322911537,25.05112322911537,24.674631118774414,24.674631118774414,16000,438.4267883300781,101.0,1.0,1.0,4.0,5.0,9.581638600573095e-05,0.00010182543281109798,,0,2.0,23.0
2023-11-30,24.53948259080662,24.92562671534606,24.53948259080662,24.87735939025879,87400,440.1531066894531,101.0,1.0,1.0,4.0,5.0,0.00011229825791267538,8.64105247268991e-05,,0,2.0,24.0
2023-12-01,25.089739584300666,25.350387573242188,24.906320424532872,25.350387573242188,21700,442.7569580078125,102.0,1.0,1.0,4.0,5.0,0.00011887789676020951,7.508981197385863e-05,,0,2.0,25.0
2023-12-04,25.58207240280788,25.890987699482206,24.993201467722198,25.00285530090332,30200,440.4327697753906,103.0,1.0,1.0,4.0,5.0,0.0001296324358845382,7.357502744378544e-05,,0,2.0,26.0
2023-12-05,25.08008408499462,25.128353250823107,24.896666778687592,24.954587936401367,138300,440.345947265625,101.0,1.0,1.0,4.0,5.0,0.00012960359599272888,9.125816619543328e-05,,0,2.0,27.0
2023-12-06,25.031817789766922,25.28281193855483,25.031817789766922,25.13800811767578,49300,438.57147216796875,100.0,1.0,1.0,3.0,3.0,0.00011755939374259485,9.581638600573095e-05,,0,1.0,1.0
2023-12-07,25.099392121052674,25.253849771418253,25.080084454436864,25.24419593811035,49100,441.9179992675781,99.0,1.0,1.0,3.0,3.0,0.00011163800689815138,0.00011229825791267538,,0,1.0,2.0
2023-12-08,25.012508627943767,25.012508627943767,24.829089483774812,24.887012481689453,72400,443.81781005859375,99.0,1.0,1.0,3.0,3.0,0.00011864430889083523,0.00011887789676020951,,1,1.0,3.0
2023-12-11,24.906319098663676,25.205582406901264,24.906319098663676,25.1959285736084,22600,445.5440979003906,99.0,1.0,1.0,3.0,3.0,0.0001587246886830668,0.0001296324358845382,,0,1.0,4.0
2023-12-12,24.24987486646597,25.14765926216149,24.24987486646597,25.09939193725586,130400,447.5789489746094,98.0,1.0,1.0,3.0,3.0,0.0001776988819204115,0.00012960359599272888,,0,1.0,5.0
2023-12-13,24.124378030463852,25.47588344660089,24.124378030463852,25.427616119384766,97600,453.75115966796875,98.0,1.0,1.0,3.0,3.0,0.00022109774148924662,0.00011755939374259485,,0,1.0,6.0
2023-12-14,25.582072361928436,25.582072361928436,24.61671114072359,24.954587936401367,25000,455.2074279785156,100.0,1.0,1.0,3.0,3.0,0.00017843830571870594,0.00011163800689815138,,0,1.0,7.0
2023-12-15,24.616711965883084,24.65532729984027,24.41398698644926,24.452600479125977,39100,454.4579162597656,102.0,1.0,1.0,3.0,3.0,0.00011956692672591156,0.00011864430889083523,,0,1.0,8.0
2023-12-18,23.960266257358487,24.327104568481445,23.960266257358487,24.327104568481445,39800,457.0142517089844,101.0,1.0,4.0,3.0,4.0,8.515791543734194e-06,0.0001587246886830668,,1,2.0,9.0
2023-12-19,24.944934983025902,24.944934983025902,24.394679362136877,24.771169662475586,55700,459.7933044433594,102.0,1.0,4.0,3.0,4.0,-1.780847667733725e-05,0.0001776988819204115,,0,2.0,10.0
2023-12-20,24.771168627594854,24.771168627594854,24.49121483273329,24.587749481201172,22800,453.42181396484375,101.0,1.0,4.0,3.0,4.0,-6.447866200490689e-06,0.00022109774148924662,,0,2.0,11.0
2023-12-21,24.336754245611736,25.118698120117188,24.336754245611736,25.118698120117188,26800,457.72113037109375,104.0,1.0,4.0,3.0,4.0,5.279997427707975e-05,0.00017843830571870594,,0,2.0,12.0
2023-12-22,25.16696588590837,25.16696588590837,24.858050600238414,24.915971755981445,64100,458.6409912109375,103.0,1.0,4.0,3.0,4.0,8.306915834261812e-05,0.00011956692672591156,,0,2.0,13.0
2023-12-26,25.446923426559213,25.446923426559213,24.944935128983396,25.13800811767578,19300,460.5776672363281,102.0,1.0,4.0,3.0,4.0,0.0001159099527022934,8.515791543734194e-06,,0,2.0,14.0
2023-12-27,25.06077628709139,25.138006952011498,25.022162795911733,25.128353118896484,28200,461.4103698730469,101.0,1.0,4.0,3.0,4.0,0.00011285961368699556,-1.780847667733725e-05,,0,2.0,15.0
2023-12-28,24.915972269110107,24.915972269110107,24.66497813401412,24.713247299194336,15800,461.584716796875,102.0,1.0,4.0,3.0,4.0,7.692202161415532e-05,-6.447866200490689e-06,,1,2.0,16.0
2023-12-29,24.597403144042197,24.81943578003005,24.597403144042197,24.713247299194336,54100,460.2484130859375,100.0,1.0,4.0,3.0,4.0,4.502435454696596e-05,5.279997427707975e-05,,0,2.0,17.0
2024-01-02,24.578097198119654,24.76151635608069,24.404333715150813,24.568445205688477,18100,457.6727600097656,99.0,1.0,4.0,3.0,4.0,4.46609338549918e-06,8.306915834261812e-05,,0,2.0,18.0
2024-01-03,24.3271038658551,25.041470959017072,24.3271038658551,24.385025024414062,47700,453.9350891113281,98.0,1.0,4.0,3.0,4.0,-1.915672772548806e-05,0.0001159099527022934,,0,2.0,19.0
2024-01-04,24.327104326326058,24.80978495310808,24.327104326326058,24.452600479125977,27200,452.47283935546875,97.0,1.0,4.0,3.0,4.0,-3.685957804520591e-05,0.00011285961368699556,,0,2.0,20.0
2024-01-05,24.32710345754823,24.809784067092593,24.32710345754823,24.636018753051758,22700,453.0926208496094,96.0,1.0,4.0,3.0,4.0,-3.817487944080337e-05,7.692202161415532e-05,,0,2.0,21.0
2024-01-08,24.336756226410493,24.944934844970703,24.336756226410493,24.944934844970703,26500,459.56097412109375,96.0,1.0,4.0,3.0,4.0,-1.8067782684956822e-05,4.502435454696596e-05,,0,2.0,22.0
2024-01-09,24.44294664563668,24.62636579937238,24.44294664563668,24.452600479125977,26400,458.8637390136719,98.0,1.0,4.0,3.0,4.0,-4.2332328354292534e-05,4.46609338549918e-06,,0,2.0,23.0
2024-01-10,24.81943592735983,24.858051259733227,24.751860936986777,24.809783935546875,21500,461.4588317871094,99.0,1.0,4.0,3.0,4.0,-4.34910296170156e-05,-1.915672772548806e-05,,0,2.0,24.0
2024-01-11,24.655327660720552,24.93528147088597,24.655327660720552,24.74220848083496,21600,461.2554626464844,98.0,1.0,4.0,3.0,4.0,-6.069729799950998e-05,-3.685957804520591e-05,,0,2.0,25.0
2024-01-12,25.080082955421815,25.128352119076325,24.993200302124023,24.993200302124023,33600,461.5749816894531,97.0,1.0,4.0,3.0,4.0,-3.3918767661481735e-05,-3.817487944080337e-05,,0,2.0,26.0
2024-01-16,24.867704433075644,25.205581217257283,24.867704433075644,24.915971755981445,19600,459.8804626464844,96.0,1.0,4.0,3.0,4.0,-4.244428159621528e-05,-1.8067782684956822e-05,,0,2.0,27.0
2024-01-17,24.385023733169223,24.6360178620079,24.385023733169223,24.549135208129883,30200,457.3240966796875,96.0,1.0,4.0,3.0,4.0,-7.508506415995757e-05,-4.2332328354292534e-05,,1,2.0,28.0
2024-01-18,24.462254670669545,24.74220848083496,24.462254670669545,24.74220848083496,25100,461.39105224609375,96.0,1.0,4.0,3.0,4.0,-9.280590971170262e-05,-4.34910296170156e-05,,0,2.0,29.0
2024-01-19,24.539482674758247,24.539482674758247,24.269180866015706,24.385025024414062,42600,467.1427917480469,96.0,1.0,4.0,3.0,4.0,-0.0001027511616962348,-6.069729799950998e-05,,0,2.0,30.0
2024-01-22,24.520176074208088,24.89666822441116,24.520176074208088,24.61671257019043,22300,468.1305236816406,96.0,1.0,4.0,3.0,4.0,-7.14778111348041e-05,-3.3918767661481735e-05,,0,2.0,31.0
2024-01-23,24.549135820142357,24.81943578003005,24.549135820142357,24.713247299194336,66800,469.4958190917969,94.0,1.0,4.0,3.0,4.0,-5.986424289299348e-05,-4.244428159621528e-05,,0,2.0,32.0
2024-01-24,24.626365564324946,24.9159732011178,24.626365564324946,24.848398208618164,112700,470.0090026855469,93.0,1.0,4.0,3.0,4.0,-2.3361987900419163e-05,-7.508506415995757e-05,,0,2.0,33.0
2024-01-25,24.452599500321824,24.73255513646378,24.452599500321824,24.587749481201172,58900,472.56536865234375,93.0,1.0,4.0,3.0,4.0,-4.931880992351775e-07,-9.280590971170262e-05,,0,2.0,34.0
2024-01-26,24.983548759687707,24.983548759687707,24.68428728271712,24.693941116333008,18900,471.96502685546875,92.0,1.0,4.0,1.0,2.0,1.3900085472392094e-05,-0.0001027511616962348,,0,2.0,35.0
2024-01-29,24.52017642374604,24.93528207349112,24.52017642374604,24.906320571899414,30600,475.7026672363281,91.0,1.0,4.0,1.0,2.0,8.67275999560626e-06,-7.14778111348041e-05,,0,2.0,36.0
2024-01-30,25.630340161688974,26.132328447930163,25.630340161688974,25.88133430480957,150400,475.334716796875,104.0,1.0,1.0,1.0,1.0,7.266999890754405e-05,-5.986424289299348e-05,,0,1.0,37.0
2024-01-31,26.42193664983859,26.817734591475393,26.42193664983859,26.586048126220703,76100,467.5784912109375,109.0,1.0,1.0,4.0,5.0,0.00018092933304142408,-2.3361987900419163e-05,,0,2.0,38.0
2024-02-01,26.730853042265903,26.730853042265903,26.479858900873683,26.595701217651367,63200,473.69830322265625,107.0,1.0,1.0,4.0,5.0,0.0002921685145199872,-4.931880992351775e-07,,0,2.0,39.0
2024-02-02,26.103368468410558,26.103368468410558,25.871680153545956,25.910295486450195,46900,478.6850891113281,111.0,1.0,1.0,4.0,5.0,0.00029383746463193045,1.3900085472392094e-05,,1,2.0,40.0
2024-02-05,26.344709712689827,26.344709712689827,25.987525235736975,26.045446395874023,46100,476.9421081542969,110.0,1.0,1.0,4.0,5.0,0.00027435527125634513,8.67275999560626e-06,,0,2.0,41.0
2024-02-06,25.93925639147579,26.045444871967266,25.9199487254663,26.0164852142334,50900,478.3268737792969,108.0,1.0,1.0,4.0,5.0,0.0002449921395264993,7.266999890754405e-05,,0,2.0,42.0
2024-02-07,26.335053764287682,26.750157526762255,26.335053764287682,26.711544036865234,164300,482.3162536621094,113.0,1.0,1.0,4.0,5.0,0.00029878954864020454,0.00018092933304142408,,0,2.0,43.0
2024-02-08,26.547432663791554,26.740505637858536,26.07440590273582,26.26747703552246,42000,482.5292663574219,113.0,1.0,1.0,4.0,5.0,0.0003016841922747163,0.0002921685145199872,,0,2.0,44.0
2024-02-09,26.257826169535413,26.412283818897823,26.151635845118598,26.228864669799805,61400,485.3180847167969,112.0,1.0,1.0,4.0,5.0,0.0003114591118927985,0.00029383746463193045,,0,2.0,45.0
2024-02-12,27.0301153274213,27.0301153274213,26.19025021958444,26.31574821472168,43400,485.1050109863281,110.0,1.0,1.0,4.0,5.0,0.00030681777900296064,0.00027435527125634513,,0,2.0,46.0
2024-02-13,26.615010013343323,26.615010013343323,26.24817353961047,26.286787033081055,38300,478.423583984375,108.0,1.0,1.0,4.0,5.0,0.00032606373599529723,0.0002449921395264993,,0,2.0,47.0
2024-02-14,26.71154561730366,26.71154561730366,26.39297648136307,26.470205307006836,36300,482.7713928222656,107.0,1.0,1.0,4.0,5.0,0.00035479629959584905,0.00029878954864020454,,0,2.0,48.0
2024-02-15,26.66327777189705,26.74050659603507,26.643970105542444,26.672929763793945,64300,486.1023864746094,106.0,1.0,1.0,4.0,5.0,0.0003872133631124747,0.0003016841922747163,,0,2.0,49.0
2024-02-16,26.981846213992032,27.097688526606607,26.71154441575742,27.00115203857422,69400,483.681640625,106.0,1.0,1.0,4.0,5.0,0.00043141352748077923,0.0003114591118927985,,0,2.0,50.0
2024-02-20,26.026139561991943,27.078383518119654,26.026139561991943,26.991500854492188,32000,481.0187683105469,104.0,1.0,1.0,4.0,5.0,0.00045500131420193055,0.00030681777900296064,,0,2.0,51.0
2024-02-21,26.064753297249997,27.174918347210117,26.064753297249997,27.13630485534668,32100,481.4544982910156,103.0,1.0,1.0,4.0,5.0,0.0004502579375223603,0.00032606373599529723,,0,2.0,52.0
2024-02-22,27.56106150088062,27.570715333826346,27.47417884564946,27.54175567626953,75900,491.4184265136719,104.0,1.0,1.0,4.0,5.0,0.00048229414049836026,0.00035479629959584905,,0,2.0,53.0
2024-02-23,27.78309719097944,27.802403016434738,27.58037037281504,27.59967803955078,38100,491.75726318359375,102.0,1.0,1.0,4.0,5.0,0.0005114718144965028,0.0003872133631124747,,0,2.0,54.0
2024-02-26,27.705869393942216,27.705869393942216,27.483834900798684,27.51279640197754,35400,489.9562072753906,101.0,1.0,1.0,4.0,5.0,0.0005441488435726305,0.00043141352748077923,,0,2.0,55.0
2024-02-27,28.526423104781763,28.526423104781763,28.04374249833009,28.101665496826172,71700,490.8664245605469,103.0,1.0,1.0,4.0,5.0,0.0005564929607827946,0.00045500131420193055,,0,2.0,56.0
2024-02-28,28.101665201182698,28.101665201182698,27.72517308004061,27.908592224121094,38500,490.2177429199219,102.0,1.0,1.0,4.0,5.0,0.0005722983046261768,0.0004502579375223603,,0,2.0,57.0
2024-02-29,27.396950142488325,28.285082523272717,27.396950142488325,28.17889404296875,29800,491.97998046875,101.0,1.0,1.0,4.0,5.0,0.0006206315436862964,0.00048229414049836026,,0,2.0,58.0
2024-03-01,28.188548762839574,28.294737246484498,28.149933429673837,28.265777587890625,52800,496.5988464355469,100.0,1.0,1.0,3.0,3.0,0.0006509885663151857,0.0005114718144965028,,0,1.0,59.0
2024-03-04,28.709843096953104,28.709843096953104,28.304391301932657,28.45884895324707,45100,496.0662841796875,99.0,1.0,1.0,3.0,3.0,0.0007046470368537624,0.0005441488435726305,,0,1.0,60.0
2024-03-05,28.381620079830167,28.391273913181127,28.04374327766829,28.14027976989746,50500,491.1085510253906,99.0,1.0,1.0,3.0,3.0,0.0007041966281350567,0.0005564929607827946,,0,1.0,61.0
2024-03-06,28.54573069738189,28.709842176803743,28.54573069738189,28.5939998626709,46800,493.59710693359375,100.0,1.0,1.0,3.0,3.0,0.0007205170203676698,0.0005722983046261768,,0,1.0,62.0
2024-03-07,28.844992400372615,29.115294204430015,28.844992400372615,29.057373046875,26900,498.4967041015625,101.0,1.0,1.0,3.0,3.0,0.0007338332057233976,0.0006206315436862964,,0,1.0,63.0
2024-03-08,29.839314438196,30.466798847700325,29.366287672837952,29.974464416503906,90500,495.504638671875,108.0,1.0,1.0,3.0,3.0,0.0008106870321714817,0.0006509885663151857,,0,1.0,64.0
2024-03-11,28.941529903541568,29.06702789746411,28.66157609782595,28.7001895904541,48700,495.0786437988281,122.0,1.0,1.0,4.0,5.0,0.0007669506058597531,0.0007046470368537624,,1,2.0,65.0
2024-03-12,29.173216145854877,29.173216145854877,28.478156712677603,29.09598731994629,42300,500.40435791015625,121.0,1.0,1.0,4.0,5.0,0.0007147669369792242,0.0007041966281350567,,0,2.0,66.0
2024-03-13,28.478155837507114,28.48780967060907,28.33335202353858,28.42023468017578,37800,499.6200256347656,124.0,1.0,1.0,4.0,5.0,0.0005652982217774994,0.0007205170203676698,,0,2.0,67.0
2024-03-14,27.99547651458923,28.478157144151115,27.99547651458923,28.25612449645996,53200,498.6323547363281,122.0,1.0,1.0,4.0,5.0,0.0004946301779928401,0.0007338332057233976,,0,2.0,68.0
2024-03-15,28.314043511341637,28.44919348817008,28.314043511341637,28.38161849975586,25800,495.20843505859375,120.0,1.0,1.0,4.0,5.0,0.00042557770283031896,0.0008106870321714817,,0,2.0,69.0
2024-03-18,28.420236063146753,28.74845903946346,28.188549581266813,28.622961044311523,49500,498.1515197753906,119.0,1.0,1.0,4.0,5.0,0.0004393940946282668,0.0007669506058597531,,0,2.0,70.0
2024-03-19,28.613305451834627,28.71949577331543,28.44919397376447,28.71949577331543,55400,500.9197692871094,117.0,1.0,1.0,4.0,5.0,0.00048224789147961527,0.0007147669369792242,,0,2.0,71.0
2024-03-20,28.57469164582544,28.844991601112753,28.53607631433848,28.748456954956055,43400,505.55291748046875,116.0,1.0,1.0,4.0,5.0,0.0005247948649250083,0.0005652982217774994,,0,2.0,72.0
2024-03-21,28.96083654188351,29.250444170790185,28.787071228027344,28.787071228027344,63800,507.2236328125,114.0,1.0,1.0,4.0,5.0,0.0005216679106211948,0.0004946301779928401,,0,2.0,73.0
2024-03-22,28.96083637012523,28.96083637012523,28.88360754678944,28.912569046020508,21200,506.2620849609375,112.0,1.0,1.0,4.0,5.0,0.000541243731435775,0.00042557770283031896,,0,2.0,74.0
2024-03-25,28.555385020438177,28.555385020438177,28.38161970497678,28.43954086303711,40200,504.8633728027344,113.0,1.0,1.0,4.0,5.0,0.0005393751690425282,0.0004393940946282668,,1,2.0,75.0
2024-03-26,28.96083710355154,28.96083710355154,28.57469297709361,28.632614135742188,36400,503.93084716796875,112.0,1.0,1.0,4.0,5.0,0.0005791459294308181,0.00048224789147961527,,0,2.0,76.0
2024-03-27,28.960837570495876,28.960837570495876,28.285083957338788,28.7001895904541,19600,508.16583251953125,110.0,1.0,1.0,4.0,5.0,0.0005976646850316391,0.0005247948649250083,,0,2.0,77.0
2024-03-28,28.912568750320453,28.912568750320453,28.632613117791205,28.71949577331543,35300,508.06884765625,109.0,1.0,1.0,4.0,5.0,0.0006213258078368527,0.0005216679106211948,,0,2.0,78.0
2024-04-01,28.526422796310403,28.71949577331543,28.526422796310403,28.71949577331543,91800,507.1847229003906,107.0,1.0,1.0,4.0,5.0,0.0006158411052653266,0.000541243731435775,,0,2.0,79.0
2024-04-02,28.458848357494418,28.565038681030273,28.449194524329304,28.565038681030273,33200,503.9600830078125,106.0,1.0,1.0,4.0,5.0,0.0005844068554382217,0.0005393751690425282,,0,2.0,80.0
2024-04-03,28.478156485159015,28.632614135742188,28.362312326581417,28.632614135742188,20500,504.51361083984375,104.0,1.0,1.0,3.0,3.0,0.0005588114971641363,0.0005791459294308181,,0,1.0,81.0
2024-04-04,28.632614223113833,28.632614223113833,28.14027976989746,28.14027976989746,26600,498.35552978515625,105.0,1.0,1.0,3.0,3.0,0.0005090076705876932,0.0005976646850316391,,0,1.0,82.0
2024-04-05,28.31404402223582,28.32369785522352,28.092011387359815,28.17889404296875,20200,503.5617980957031,104.0,1.0,4.0,3.0,4.0,0.00046592775281041496,0.0006213258078368527,,0,2.0,83.0
2024-04-08,28.54573096010525,28.54573096010525,28.217507998240713,28.246469497680664,19600,503.84344482421875,102.0,1.0,4.0,3.0,4.0,0.00043635343617309433,0.0006158411052653266,,0,2.0,84.0
2024-04-09,28.246469391381687,28.32369821498386,28.092011744177334,28.198200225830078,34500,504.42626953125,101.0,1.0,4.0,3.0,4.0,0.0004246192897702907,0.0005844068554382217,,0,2.0,85.0
2024-04-10,27.310070761834098,28.063051361599655,27.310070761834098,27.889286041259766,24800,499.3753967285156,100.0,1.0,4.0,3.0,4.0,0.00038993080182887687,0.0005588114971641363,,1,2.0,86.0
2024-04-11,27.310070317858397,28.188548897490563,27.2907626511833,28.092012405395508,36800,503.1441345214844,99.0,1.0,4.0,1.0,2.0,0.0003658309467831174,0.0005090076705876932,,0,2.0,87.0
2024-04-12,28.497464376590525,28.497464376590525,27.966514587402344,27.966514587402344,19900,496.19915771484375,98.0,1.0,4.0,1.0,2.0,0.00032972304822533266,0.00046592775281041496,,0,2.0,88.0
2024-04-15,28.159587533664993,28.159587533664993,27.898939556131914,27.91824722290039,24300,489.98272705078125,97.0,1.0,4.0,1.0,2.0,0.00033762579992901304,0.00043635343617309433,,0,2.0,89.0
2024-04-16,27.86032530849494,27.86032530849494,27.49348701496183,27.6575984954834,37400,489.089111328125,96.0,1.0,4.0,1.0,2.0,0.0003142216351890994,0.0004246192897702907,,1,2.0,90.0
2024-04-17,26.711546890436022,27.541758186636574,26.711546890436022,27.43556785583496,29400,486.1945495605469,95.0,1.0,4.0,1.0,2.0,0.00031394865614343807,0.00038993080182887687,,0,2.0,91.0
2024-04-18,27.165264275260114,27.43556608105111,27.165264275260114,27.26180076599121,22200,485.19415283203125,94.0,1.0,4.0,1.0,2.0,0.000282127093539614,0.0003658309467831174,,0,2.0,92.0
2024-04-19,27.281109174952295,27.435566827814043,27.252147674560547,27.252147674560547,22100,480.9591369628906,93.0,1.0,4.0,1.0,2.0,0.0002936814201718186,0.00032972304822533266,,0,2.0,93.0
2024-04-22,27.628638285943307,27.812055587768555,27.628638285943307,27.812055587768555,90700,485.388427734375,96.0,1.0,4.0,1.0,2.0,0.00032400314140180027,0.00033762579992901304,,0,2.0,94.0
2024-04-23,26.798427333480046,27.889284687479318,26.798427333480046,27.734827041625977,38500,491.1483459472656,94.0,1.0,4.0,1.0,2.0,0.00037717846410857377,0.0003142216351890994,,0,2.0,95.0
2024-04-24,27.039769668979652,27.242494653929214,26.47986020032973,26.701892852783203,59500,490.9151916503906,106.0,1.0,4.0,1.0,2.0,0.00032751638692143735,0.00031394865614343807,,0,2.0,96.0
2024-04-25,25.466228540686956,25.466228540686956,25.012509423604783,25.1959285736084,45800,489.05023193359375,131.0,1.0,4.0,4.0,6.0,0.00018858140437167574,0.000282127093539614,,1,2.0,97.0
2024-04-26,26.035793443114592,26.1323299407959,25.948910779329474,26.1323299407959,35500,493.6834716796875,138.0,1.0,4.0,4.0,6.0,7.163128144329157e-05,0.0002936814201718186,,0,2.0,98.0
2024-04-29,26.209557886725626,26.39297704200595,26.14198289301195,26.31574821472168,35000,495.431884765625,137.0,1.0,4.0,4.0,6.0,2.5076203642005536e-05,0.00032400314140180027,,0,2.0,99.0
2024-04-30,25.746184148083408,26.306093589361723,25.746184148083408,26.006832122802734,25400,487.5835876464844,136.0,1.0,4.0,4.0,6.0,3.5800004425400784e-05,0.00037717846410857377,,0,2.0,100.0
2024-05-01,26.09371469857013,26.52812614711557,26.09371469857013,26.49916648864746,26100,486.00030517578125,136.0,1.0,4.0,4.0,6.0,4.1552799275063376e-05,0.00032751638692143735,,0,2.0,101.0
2024-05-02,26.779119343033628,26.779119343033628,26.479857887977992,26.68258285522461,27000,490.54608154296875,134.0,1.0,4.0,4.0,6.0,5.992547493216372e-05,0.00018858140437167574,,0,2.0,102.0
2024-05-03,27.657598189393745,27.657598189393745,26.779119639053544,26.875656127929688,22000,496.6265563964844,133.0,1.0,4.0,4.0,6.0,0.00010185400708259713,7.163128144329157e-05,,0,2.0,103.0
2024-05-06,27.030114240001183,27.030114240001183,26.306093322858292,26.9432315826416,22600,501.755126953125,131.0,1.0,4.0,4.0,6.0,0.00011523364289779752,2.5076203642005536e-05,,0,2.0,104.0
2024-05-07,26.7405070300114,26.991499331573056,26.7405070300114,26.962539672851562,25100,502.3088684082031,129.0,1.0,1.0,4.0,5.0,0.00012073698049190191,3.5800004425400784e-05,,0,2.0,105.0
2024-05-08,26.750159617312093,26.885311445714745,26.71154612439739,26.85634994506836,38500,502.3573913574219,127.0,1.0,1.0,4.0,5.0,0.00010441836321758459,4.1552799275063376e-05,,0,2.0,106.0
2024-05-09,26.51847241400784,27.13630485534668,26.51847241400784,27.13630485534668,44400,505.25189208984375,126.0,1.0,1.0,4.0,5.0,0.00011353939939749947,5.992547493216372e-05,,0,2.0,107.0
2024-05-10,26.653625419625346,27.425913703914752,26.653625419625346,27.19422721862793,26000,505.90264892578125,124.0,1.0,1.0,4.0,5.0,0.00012129462377004272,0.00010185400708259713,,0,2.0,108.0
2024-05-13,26.122676059498076,27.44522184038685,26.122676059498076,26.991500854492188,20400,505.970703125,123.0,1.0,1.0,4.0,5.0,0.00013081239662968234,0.00011523364289779752,,0,2.0,109.0
2024-05-14,27.483833405776455,27.483833405776455,27.174918108461263,27.26180076599121,19700,508.29217529296875,122.0,1.0,1.0,4.0,5.0,0.00013489561102547298,0.00012073698049190191,,0,2.0,110.0
2024-05-15,27.300416006626882,27.48383331298828,27.18457184988458,27.48383331298828,29800,514.5863647460938,120.0,1.0,1.0,4.0,5.0,0.0001393154389031781,0.00010441836321758459,,0,2.0,111.0
2024-05-16,27.24249375737389,27.24249375737389,26.885311126708984,26.885311126708984,20600,513.527587890625,122.0,1.0,1.0,4.0,5.0,0.00014009920618079325,0.00011353939939749947,,0,2.0,112.0
2024-05-17,26.711545242047475,26.904618224084732,26.711545242047475,26.769466400146484,33300,514.2656860351562,121.0,1.0,1.0,4.0,5.0,0.00011909872871523684,0.00012129462377004272,,0,2.0,113.0
2024-05-20,26.740506518747438,27.174917962788072,26.740506518747438,27.165264129638672,36100,514.8582763671875,121.0,1.0,1.0,4.0,5.0,0.00011042868250478304,0.00013081239662968234,,0,2.0,114.0
2024-05-21,27.001153204005558,27.02046087070147,26.92392437850235,27.010807037353516,26100,516.1209716796875,119.0,1.0,1.0,4.0,5.0,0.0001034280621417926,0.00013489561102547298,,0,2.0,115.0
2024-05-22,27.078382876956375,27.290763534697216,26.73085407195586,26.77912139892578,18900,514.6348876953125,118.0,1.0,1.0,4.0,5.0,0.00010232188916370188,0.0001393154389031781,,0,2.0,116.0
2024-05-23,26.78877467205054,27.155611136675578,26.78877467205054,26.933578491210938,35300,510.8758239746094,116.0,1.0,1.0,3.0,3.0,8.47757354670938e-05,0.00014009920618079325,,0,1.0,117.0
2024-05-24,26.431590381131002,27.387299644970657,26.431590381131002,27.348684310913086,22100,514.2561645507812,117.0,1.0,1.0,3.0,3.0,9.137956754488032e-05,0.00011909872871523684,,0,1.0,118.0
2024-05-28,27.532103507414558,27.937555309239446,27.532103507414558,27.667253494262695,30600,514.6154174804688,116.0,1.0,1.0,3.0,3.0,0.00012152141609797458,0.00011042868250478304,,0,1.0,119.0
2024-05-29,27.445220766363406,27.454874599864283,27.2038804526828,27.300416946411133,53200,511.01177978515625,116.0,1.0,1.0,3.0,3.0,0.0001470941071043835,0.0001034280621417926,,1,1.0,120.0
2024-05-30,27.319722852332657,27.744482321215983,26.952886384624648,27.667253494262695,38700,507.6219787597656,115.0,1.0,1.0,3.0,3.0,0.00017655506287606103,0.00010232188916370188,,0,1.0,121.0
2024-05-31,27.82170925258439,27.995474561710207,27.802401586841448,27.93755340576172,42100,512.245361328125,114.0,1.0,1.0,3.0,3.0,0.00019937753638248396,8.47757354670938e-05,,0,1.0,122.0
2024-06-03,28.51677140982144,28.883607864379883,28.51677140982144,28.883607864379883,113500,512.6630859375,121.0,1.0,1.0,3.0,3.0,0.00027171569985615183,9.137956754488032e-05,,0,1.0,123.0
2024-06-04,28.96083696809806,28.96083696809806,27.927900744174096,28.806379318237305,124900,513.2361450195312,120.0,1.0,1.0,3.0,3.0,0.00031343288216209895,0.00012152141609797458,,0,1.0,124.0
2024-06-05,28.71949597491016,28.71949597491016,27.81205592266542,28.053396224975586,34300,519.336181640625,123.0,1.0,1.0,3.0,3.0,0.00030555354726782456,0.0001470941071043835,,0,1.0,125.0
2024-06-06,27.667253124599274,28.391274058092865,27.667253124599274,28.23681640625,26800,519.3262329101562,122.0,1.0,1.0,3.0,3.0,0.0002799242479189814,0.00017655506287606103,,0,1.0,126.0
2024-06-07,28.854648241610228,28.854648241610228,28.256125275567456,28.29473876953125,20300,518.695068359375,120.0,1.0,1.0,3.0,3.0,0.00032073336141250926,0.00019937753638248396,,0,1.0,127.0
2024-06-10,27.136305308201585,28.082358890649022,27.136305308201585,28.063051223754883,105900,520.2976684570312,119.0,1.0,1.0,3.0,3.0,0.00037208010077879726,0.00027171569985615183,,1,1.0,128.0
2024-06-11,27.097689489214467,28.014783396180086,27.097689489214467,27.947208404541016,72900,521.5506591796875,117.0,1.0,1.0,3.0,3.0,0.00039407409979734715,0.00031343288216209895,,0,1.0,129.0
2024-06-12,27.90859473475122,27.947210070149488,27.77344474341836,27.802404403686523,20600,525.8341674804688,116.0,1.0,1.0,3.0,3.0,0.00035874639032284946,0.00030555354726782456,,0,1.0,130.0
2024-06-13,27.33903043441647,27.33903043441647,26.972193967848657,27.030115127563477,32400,526.8930053710938,120.0,1.0,1.0,3.0,3.0,0.00030328870049638537,0.0002799242479189814,,1,1.0,131.0
2024-06-14,27.088034142994562,27.223185960004507,26.267476773321174,27.155609130859375,33200,527.2134399414062,119.0,1.0,4.0,3.0,4.0,0.0002411725541615217,0.00032073336141250926,,0,2.0,132.0
2024-06-17,26.83703990520381,26.856347570594334,26.547432289467203,26.788772583007812,41800,531.4095458984375,118.0,1.0,4.0,3.0,4.0,0.00017119194778295486,0.00037208010077879726,,0,2.0,133.0
2024-06-18,26.885311165250958,27.020461150963268,26.885311165250958,26.933578491210938,54200,532.7597045898438,117.0,1.0,4.0,3.0,4.0,0.00014566535363727456,0.00039407409979734715,,0,2.0,134.0
2024-06-20,25.514498750864256,26.653625348094415,25.514498750864256,26.286787033081055,51800,531.3124389648438,120.0,1.0,4.0,3.0,4.0,0.00010166328304381059,0.00035874639032284946,,1,2.0,135.0
2024-06-21,26.595699944445037,26.595699944445037,26.20955583820445,26.219209671020508,65300,530.6001586914062,118.0,1.0,4.0,3.0,4.0,8.273548439078585e-05,0.00030328870049638537,,0,2.0,136.0
2024-06-24,25.639994631911783,26.72120005672756,25.639994631911783,26.364015579223633,53500,528.8753662109375,116.0,1.0,4.0,3.0,4.0,6.430452670894031e-05,0.0002411725541615217,,0,2.0,137.0
2024-06-25,26.38332108697904,26.73085170245391,26.38332108697904,26.711544036865234,81600,530.9118041992188,116.0,1.0,4.0,3.0,4.0,9.224740521836282e-05,0.00017119194778295486,,0,2.0,138.0
2024-06-26,26.6053554357503,26.79842842154629,26.48951311729707,26.566741943359375,32300,531.5746459960938,115.0,1.0,4.0,3.0,4.0,0.0001134727981429837,0.00014566535363727456,,0,2.0,139.0
2024-06-27,26.30609363955546,26.615008939983902,26.26747830636169,26.325401306152344,29600,532.4126586914062,114.0,1.0,4.0,3.0,4.0,0.00011611034537919872,0.00010166328304381059,,0,2.0,140.0
2024-06-28,26.499165619389473,26.499165619389473,26.0744061767466,26.190248489379883,58600,530.3175048828125,112.0,1.0,4.0,3.0,4.0,8.690067376343617e-05,8.273548439078585e-05,,0,2.0,141.0
2024-07-01,26.306093494481008,26.392976152407414,26.228864669799805,26.228864669799805,41400,531.4088745117188,111.0,1.0,4.0,3.0,4.0,6.002361351244649e-05,6.430452670894031e-05,,0,2.0,142.0
2024-07-02,26.064753653314163,26.57639577677722,26.064753653314163,26.566741943359375,53000,534.9851684570312,110.0,1.0,4.0,3.0,4.0,8.314953876997198e-05,9.224740521836282e-05,,0,2.0,143.0
2024-07-03,26.277131586002508,26.576394888107476,26.277131586002508,26.4798583984375,27200,537.37255859375,109.0,1.0,4.0,3.0,4.0,9.879685036426068e-05,0.0001134727981429837,,0,2.0,144.0
2024-07-05,26.7887737845316,26.7887737845316,26.074406704564407,26.25782585144043,25300,540.4713134765625,108.0,1.0,4.0,3.0,4.0,0.0001040195393084931,0.00011611034537919872,,0,2.0,145.0
2024-07-08,26.06475479624037,26.730854601036175,26.06475479624037,26.576396942138672,26000,541.0950317382812,107.0,1.0,4.0,3.0,4.0,9.147412391462002e-05,8.690067376343617e-05,,0,2.0,146.0
2024-07-09,26.60535432733256,27.84101733413038,26.60535432733256,26.875656127929688,27400,541.6211547851562,107.0,1.0,1.0,3.0,3.0,0.00011319429008068635,6.002361351244649e-05,,0,1.0,147.0
2024-07-10,26.36401336422683,27.213532235483367,26.36401336422683,27.20387840270996,70000,546.9806518554688,107.0,1.0,1.0,3.0,3.0,0.0001561678430029589,8.314953876997198e-05,,0,1.0,148.0
2024-07-11,27.27145506179412,27.512795372075484,27.27145506179412,27.329376220703125,73800,542.2642822265625,105.0,1.0,1.0,3.0,3.0,0.00017901841553569662,9.879685036426068e-05,,0,1.0,149.0
2024-07-12,26.064753325015708,26.981847234074728,26.064753325015708,26.914270401000977,51800,545.6846313476562,106.0,1.0,1.0,3.0,3.0,0.0001899118891124583,0.0001040195393084931,,1,1.0,150.0
2024-07-15,26.537780031067655,26.943231821919632,26.537780031067655,26.81773567199707,17000,547.1854248046875,104.0,1.0,1.0,3.0,3.0,0.00016459695734874158,9.147412391462002e-05,,0,1.0,151.0
2024-07-16,26.740507567045064,27.406605508942896,26.740507567045064,27.39695167541504,24100,550.4302368164062,107.0,1.0,1.0,3.0,3.0,0.00016334117365288974,0.00011319429008068635,,0,1.0,152.0
2024-07-17,27.445220485086853,27.464528151890736,27.36799165915177,27.37764549255371,25800,542.7125244140625,105.0,1.0,1.0,3.0,3.0,0.00014179471410822418,0.0001561678430029589,,0,1.0,153.0
2024-07-18,27.551409957837226,27.551409957837226,27.26180048859083,27.33902931213379,26300,538.5418701171875,104.0,1.0,1.0,3.0,3.0,0.00015184912277807876,0.00017901841553569662,,0,1.0,154.0
2024-07-19,27.107343222392743,27.657598828028085,27.107343222392743,27.310070037841797,12000,534.9656372070312,102.0,1.0,1.0,3.0,3.0,0.00014863036962847916,0.0001899118891124583,,0,1.0,155.0
2024-07-22,27.213534566668173,27.31007106139149,26.50881944408429,27.223188400268555,21600,540.4810791015625,101.0,1.0,1.0,3.0,3.0,0.00015600341939641917,0.00016459695734874158,,0,1.0,156.0
2024-07-23,27.300418147419485,27.406606638039708,27.300418147419485,27.358339309692383,18700,539.6332397460938,99.0,1.0,1.0,1.0,1.0,0.00013210928258614894,0.00016334117365288974,,0,1.0,157.0
2024-07-24,27.628638888653224,27.802402361339258,27.329375585141964,27.387298583984375,37400,527.4039306640625,98.0,1.0,1.0,1.0,1.0,8.428697303853954e-05,0.00014179471410822418,,0,1.0,158.0
2024-07-25,27.841019350325332,28.371967315673828,27.841019350325332,28.371967315673828,21400,524.6558837890625,108.0,1.0,1.0,1.0,1.0,9.056296684722968e-05,0.00015184912277807876,,0,1.0,159.0
2024-07-26,28.391274368937705,29.33732795715332,28.391274368937705,29.33732795715332,42800,530.5319213867188,116.0,1.0,1.0,4.0,5.0,0.00017343106819284732,0.00014863036962847916,,0,2.0,160.0
2024-07-29,29.443517419049556,29.87793070764606,28.970490638844705,29.791048049926758,70200,530.84375,116.0,1.0,1.0,4.0,5.0,0.0003078242928293505,0.00015600341939641917,,0,2.0,161.0
2024-07-30,29.153909210826065,29.443516836641532,29.153909210826065,29.4049015045166,54100,528.1541748046875,115.0,1.0,1.0,4.0,5.0,0.0003798004970667678,0.00013210928258614894,,0,2.0,162.0
2024-07-31,29.926198679326767,30.16753899125682,29.723473701120138,30.003427505493164,93800,536.7391967773438,117.0,1.0,1.0,4.0,5.0,0.0004103731675857941,8.428697303853954e-05,,0,2.0,163.0
2024-08-01,28.236817070917134,28.236817070917134,27.512796120380795,27.590024948120117,44400,529.138427734375,162.0,1.0,1.0,4.0,5.0,0.0003002008682425089,9.056296684722968e-05,,1,2.0,164.0
2024-08-02,27.512794136249617,27.512794136249617,26.33505413783951,27.00115203857422,36700,519.2868041992188,162.0,1.0,1.0,4.0,5.0,0.00020003813020950828,0.00017343106819284732,,1,2.0,165.0
2024-08-05,25.012509619768302,26.827389784891253,25.012509619768302,26.740507125854492,84400,504.16314697265625,161.0,1.0,1.0,4.0,5.0,7.609743895243522e-05,0.0003078242928293505,,0,2.0,166.0
2024-08-06,26.113020660200768,27.271454878267672,26.113020660200768,27.184572219848633,215600,508.81134033203125,160.0,1.0,1.0,4.0,5.0,7.240419138186583e-05,0.0003798004970667678,,0,2.0,167.0
2024-08-07,28.362310941655686,29.086331833890686,28.362310941655686,28.429887771606445,145000,505.4104309082031,169.0,1.0,1.0,4.0,5.0,0.0001033601456796858,0.0004103731675857941,,0,2.0,168.0
2024-08-08,28.719495725515678,29.578666605069287,28.719495725515678,29.482131958007812,67800,517.09423828125,174.0,1.0,1.0,4.0,5.0,0.00017035630015787545,0.0003002008682425089,,0,2.0,169.0
2024-08-09,28.66157523896046,29.868276768238076,28.66157523896046,29.742778778076172,71900,519.3744506835938,171.0,1.0,1.0,4.0,5.0,0.00023334880533234996,0.00020003813020950828,,0,2.0,170.0
2024-08-12,28.62295963929181,29.97446497122349,28.62295963929181,29.82000732421875,80400,519.6472778320312,169.0,1.0,1.0,4.0,5.0,0.00027596085131583646,7.609743895243522e-05,,0,2.0,171.0
2024-08-13,29.829661955926678,30.408879068341655,29.24079285143584,30.39922523498535,59100,528.1932373046875,168.0,1.0,1.0,4.0,5.0,0.00030503954468729424,7.240419138186583e-05,,0,2.0,172.0
2024-08-14,30.49576112960145,30.56333612049076,30.360611147822837,30.505414962768555,66700,529.8594360351562,166.0,1.0,1.0,4.0,5.0,0.00031766139015558433,0.0001033601456796858,,0,2.0,173.0
2024-08-15,30.408878147155175,30.891558752665574,30.408878147155175,30.852943420410156,34200,538.94140625,164.0,1.0,1.0,4.0,5.0,0.00033670402423741666,0.00017035630015787545,,0,2.0,174.0
2024-08-16,29.926199631636862,30.544030260628634,29.926199631636862,30.4571475982666,35000,540.149658203125,163.0,1.0,1.0,4.0,5.0,0.0003356033294426965,0.00023334880533234996,,0,2.0,175.0
2024-08-19,31.316318407812016,31.721772057888142,31.316318407812016,31.53835105895996,56600,545.3143310546875,167.0,1.0,1.0,4.0,5.0,0.00035749676156620296,0.00027596085131583646,,0,2.0,176.0
2024-08-20,31.69281260521085,31.73142425768296,31.576966600111415,31.634889602661133,26800,544.4276123046875,165.0,1.0,1.0,4.0,5.0,0.00036774333434046327,0.00030503954468729424,,0,2.0,177.0
2024-08-21,32.73540173926294,33.295313064374085,32.38787107989204,33.16981506347656,65800,546.2985229492188,175.0,1.0,1.0,4.0,5.0,0.0004091442556757782,0.00031766139015558433,,0,2.0,178.0
2024-08-22,32.0789525639288,33.39184439863769,32.0789525639288,32.96708679199219,28700,542.0109252929688,172.0,1.0,1.0,4.0,5.0,0.0004289371434050248,0.00033670402423741666,,0,2.0,179.0
2024-08-23,33.49803667293884,33.88417896987402,33.256696356393974,33.87452697753906,42600,547.77001953125,174.0,1.0,1.0,4.0,5.0,0.0004777271539000681,0.0003356033294426965,,0,2.0,180.0
2024-08-26,32.484405105386166,33.49803360554507,32.484405105386166,33.2760009765625,41600,546.4641723632812,173.0,1.0,1.0,4.0,5.0,0.000491317189468234,0.00035749676156620296,,0,2.0,181.0
2024-08-27,33.31461118570233,33.951749388210956,33.198768880489986,33.34357452392578,32000,547.2144775390625,170.0,1.0,1.0,4.0,5.0,0.0004984880445920762,0.00036774333434046327,,0,2.0,182.0
2024-08-28,33.88417737769655,33.89383305213879,33.169812136525096,33.25669479370117,20600,544.0377807617188,168.0,1.0,1.0,4.0,5.0,0.00047031582908843724,0.0004091442556757782,,0,2.0,183.0
2024-08-29,33.06362336375664,33.7297213116403,32.33960241418533,33.33392333984375,97900,544.0865478515625,165.0,1.0,1.0,4.0,5.0,0.00044485216355638965,0.0004289371434050248,,0,2.0,184.0
2024-08-30,33.54630220888195,33.7586828545231,32.54232566183751,33.16015625,121400,549.2804565429688,163.0,1.0,1.0,4.0,5.0,0.0004460784133894846,0.0004777271539000681,,0,2.0,185.0
2024-09-03,34.0772516264191,34.0772516264191,32.484407762334236,33.09258270263672,46500,537.9767456054688,161.0,1.0,1.0,4.0,5.0,0.0004506577984680242,0.000491317189468234,,0,2.0,186.0
2024-09-04,33.440114198499884,33.440114198499884,32.95743355779968,33.13119888305664,43100,536.8756103515625,158.0,1.0,1.0,4.0,5.0,0.0004768734539183234,0.0004984880445920762,,0,2.0,187.0
2024-09-05,33.13119856387466,33.13119856387466,32.66782559517388,32.88985824584961,281100,535.5697631835938,156.0,1.0,1.0,4.0,5.0,0.0004824331164217201,0.00047031582908843724,,0,2.0,188.0
2024-09-06,32.658174026001326,32.658174026001326,31.992072382781036,32.00172805786133,62000,526.55615234375,158.0,1.0,1.0,4.0,5.0,0.00043883371280651956,0.00044485216355638965,,1,2.0,189.0
2024-09-09,32.00172363375802,32.918813781305275,31.76038334596968,32.696781158447266,42400,532.4514770507812,159.0,1.0,1.0,4.0,5.0,0.00038050677185836023,0.0004460784133894846,,0,2.0,190.0
2024-09-10,31.480429116283965,32.70643827421039,31.480429116283965,32.629207611083984,29900,534.7706909179688,157.0,1.0,1.0,4.0,5.0,0.00031958086500622726,0.0004506577984680242,,0,2.0,191.0
2024-09-11,32.60990203659135,33.044315338134766,32.474752050013606,33.044315338134766,36600,540.2568969726562,155.0,1.0,1.0,4.0,5.0,0.00032857116399466783,0.0004768734539183234,,0,2.0,192.0
2024-09-12,32.80297292270115,33.121543884277344,32.80297292270115,33.121543884277344,27500,544.8076171875,153.0,1.0,1.0,4.0,5.0,0.0003312849684371574,0.0004824331164217201,,0,2.0,193.0
2024-09-13,32.484404405621284,32.74504867735435,32.23340844257086,32.30098342895508,22900,547.6530151367188,154.0,1.0,1.0,4.0,5.0,0.000360068629883806,0.00043883371280651956,,1,2.0,194.0
2024-09-16,32.31064231915149,32.46509997234254,32.30098664438652,32.40717697143555,22200,548.4619750976562,152.0,1.0,1.0,4.0,5.0,0.000395033049841197,0.00038050677185836023,,0,2.0,195.0
2024-09-17,32.44579170735322,32.60024935769741,32.349253374287564,32.51336669921875,27900,548.6859130859375,150.0,1.0,1.0,4.0,5.0,0.0004451371886057525,0.00031958086500622726,,0,2.0,196.0
2024-09-18,31.8279594367096,32.04999206727447,31.62523078918457,31.62523078918457,45500,547.0586547851562,153.0,1.0,1.0,4.0,5.0,0.00043616610401590693,0.00032857116399466783,,1,2.0,197.0
2024-09-19,32.46509844578961,32.47475043753979,32.1658351456833,32.37821578979492,25500,556.3939208984375,154.0,1.0,1.0,4.0,5.0,0.0003998064016372793,0.0003312849684371574,,0,2.0,198.0
2024-09-20,31.972763061523438,31.972763061523438,31.644540094429402,31.972763061523438,52300,555.4319458007812,152.0,1.0,4.0,4.0,6.0,0.0003261322522309854,0.000360068629883806,,1,2.0,199.0
2024-09-23,32.01137948697908,32.18514480975557,31.924496825590833,32.156185150146484,19300,556.820068359375,150.0,1.0,4.0,4.0,6.0,0.000300637834050156,0.000395033049841197,,0,2.0,200.0
2024-09-24,32.204449375152215,32.378214681192006,32.11756672213232,32.194793701171875,18300,558.4132690429688,148.0,1.0,4.0,3.0,4.0,0.0002781223493723221,0.0004451371886057525,,0,2.0,201.0
2024-09-25,31.01705890567391,32.01137984399243,31.01705890567391,31.905189514160156,24100,557.181640625,146.0,1.0,4.0,3.0,4.0,0.000275509248341812,0.00043616610401590693,,1,2.0,202.0
2024-09-26,33.67180285707963,33.67180285707963,32.66782623074774,32.83193588256836,16200,559.3906860351562,149.0,1.0,4.0,3.0,4.0,0.00029004406757263313,0.0003998064016372793,,0,2.0,203.0
2024-09-27,33.30496263735556,33.314614629387435,32.001726441961644,32.02103042602539,32100,558.5794677734375,151.0,1.0,4.0,3.0,4.0,0.00027344807215464703,0.0003261322522309854,,0,2.0,204.0
2024-09-30,32.822283350134235,32.822283350134235,31.625233748802493,31.760387420654297,19300,560.8178100585938,149.0,1.0,4.0,3.0,4.0,0.000265649290796905,0.000300637834050156,,0,2.0,205.0
2024-10-01,30.93982713207584,32.02103069418246,30.93982713207584,31.84726905822754,46100,555.793701171875,147.0,1.0,4.0,3.0,4.0,0.000228908234343455,0.0002781223493723221,,0,2.0,206.0
2024-10-02,32.12722176753229,32.243067770944776,31.47077581177215,31.56731414794922,24900,556.0283813476562,145.0,1.0,4.0,3.0,4.0,0.00021010922492258372,0.000275509248341812,,0,2.0,207.0
2024-10-03,31.509390339717466,31.615580665513665,31.470775006235048,31.57696533203125,42100,555.0117797851562,143.0,1.0,4.0,3.0,4.0,0.00017627454124457536,0.00029004406757263313,,0,2.0,208.0
2024-10-04,31.798996311096655,32.04999228303231,31.798996311096655,32.04033660888672,16000,560.0553588867188,143.0,1.0,4.0,3.0,4.0,0.00016427815156005855,0.00027344807215464703,,0,2.0,209.0
2024-10-07,32.29133556798047,32.33960289549138,31.58662227515022,31.634889602661133,30500,554.9921875,141.0,1.0,4.0,3.0,4.0,0.00015173208247694654,0.000265649290796905,,0,2.0,210.0
2024-10-08,32.43613455341735,32.59059219671702,32.43613455341735,32.53267288208008,39400,560.2411499023438,144.0,1.0,4.0,3.0,4.0,0.00018753656055121976,0.000228908234343455,,0,2.0,211.0
2024-10-09,32.532673259561896,32.82228088378906,32.532673259561896,32.82228088378906,19200,564.12158203125,143.0,1.0,4.0,3.0,4.0,0.0002166092887266077,0.00021010922492258372,,0,2.0,212.0
2024-10-10,34.28962912093852,34.28962912093852,32.81262771267667,33.03466033935547,35800,563.1343994140625,141.0,1.0,1.0,3.0,3.0,0.0002685215172238374,0.00017627454124457536,,0,1.0,213.0
2024-10-11,32.706439375612575,32.81262969970703,32.69678370111626,32.81262969970703,30400,566.506591796875,139.0,1.0,1.0,3.0,3.0,0.00027090491387142166,0.00016427815156005855,,0,1.0,214.0
2024-10-14,31.528698150666738,32.812630375622945,31.528698150666738,32.802974700927734,10900,571.1396484375,137.0,1.0,1.0,3.0,3.0,0.00026820733831034644,0.00015173208247694654,,0,1.0,215.0
2024-10-15,33.025007015311814,33.160156999205775,32.532674405046535,32.5616340637207,32600,566.7020263671875,136.0,1.0,1.0,3.0,3.0,0.00026987550857201446,0.00018753656055121976,,0,1.0,216.0
2024-10-16,32.69678458290813,32.96708823768219,32.69678458290813,32.899513244628906,20500,569.1651000976562,134.0,1.0,1.0,3.0,3.0,0.0003297351314027187,0.0002166092887266077,,0,1.0,217.0
2024-10-17,32.745051372925246,32.77401471416029,32.5616340637207,32.5616340637207,35900,569.2140502929688,133.0,1.0,1.0,3.0,3.0,0.0003589535571886925,0.0002685215172238374,,0,1.0,218.0
2024-10-18,32.542324282952926,32.658170275245354,32.542324282952926,32.63886260986328,13500,571.403564453125,131.0,1.0,1.0,3.0,3.0,0.00038306948223191904,0.00027090491387142166,,0,1.0,219.0
2024-10-21,31.08463211980624,32.571289287169684,31.08463211980624,32.17549133300781,24000,570.4651489257812,131.0,1.0,1.0,3.0,3.0,0.00034560475940784976,0.00026820733831034644,,0,1.0,220.0
2024-10-22,32.185143923030395,32.185143923030395,32.01137860504127,32.06930160522461,22700,570.1622314453125,129.0,1.0,4.0,3.0,4.0,0.0003245757259842323,0.00026987550857201446,,0,2.0,221.0
2024-10-23,30.312342714439804,31.47077510327775,30.312342714439804,31.35493278503418,31900,564.952392578125,130.0,1.0,4.0,3.0,4.0,0.0002625240383102157,0.0003297351314027187,,1,2.0,222.0
2024-10-24,31.42250680664094,31.85692008983263,30.92051853301507,31.1715145111084,23000,566.1742553710938,129.0,1.0,4.0,3.0,4.0,0.00021044423387517778,0.0003589535571886925,,0,2.0,223.0
2024-10-25,31.2294345797764,31.683155540106743,31.2294345797764,31.43216323852539,25700,565.9786987304688,127.0,1.0,4.0,3.0,4.0,0.0001898028807176536,0.00038306948223191904,,0,2.0,224.0
2024-10-28,30.930174522758538,32.069301062493054,30.930174522758538,31.731422424316406,35400,567.7283935546875,126.0,1.0,4.0,3.0,4.0,0.000212185363016635,0.00034560475940784976,,0,2.0,225.0
2024-10-29,33.121546787161265,33.121546787161265,31.837614519277984,31.905189514160156,26000,568.6470947265625,125.0,1.0,4.0,3.0,4.0,0.00025212195687205984,0.0003245757259842323,,0,2.0,226.0
2024-10-30,31.876228411079666,32.21410337019373,31.876228411079666,31.972763061523438,56500,566.9268798828125,123.0,1.0,4.0,3.0,4.0,0.00028001728943150884,0.0002625240383102157,,0,2.0,227.0
2024-10-31,32.48440613017852,32.48440613017852,30.949481661780244,31.074975967407227,24600,555.8132934570312,127.0,1.0,4.0,3.0,4.0,0.00025012755073519833,0.00021044423387517778,,0,2.0,228.0
2024-11-01,29.974465836173295,31.316317373727895,29.974465836173295,31.258398056030273,21200,558.1591186523438,125.0,1.0,4.0,3.0,4.0,0.00022834795392250053,0.0001898028807176536,,0,2.0,229.0
2024-11-04,30.997751514754935,31.47077648315036,30.997751514754935,31.190824508666992,57500,556.9569091796875,123.0,1.0,4.0,3.0,4.0,0.0001896326838647102,0.000212185363016635,,0,2.0,230.0
2024-11-05,31.190823742819763,31.885881348251512,31.190823742819763,31.78934669494629,37600,563.6914672851562,124.0,1.0,4.0,3.0,4.0,0.00021301754466926677,0.00025212195687205984,,0,2.0,231.0
2024-11-06,31.451469544975296,31.596271514892578,31.335623549968613,31.596271514892578,16900,577.7080078125,123.0,1.0,4.0,3.0,4.0,0.00023095945242425128,0.00028001728943150884,,0,2.0,232.0
2024-11-07,30.601952722096062,32.07895427358013,30.592298888528653,32.05964660644531,21000,582.1748657226562,123.0,1.0,4.0,3.0,4.0,0.00025986921021017346,0.00025012755073519833,,0,2.0,233.0
2024-11-08,31.70246459768862,31.70246459768862,31.596274267627987,31.634889602661133,18700,584.69677734375,122.0,1.0,1.0,1.0,1.0,0.0002653543653994604,0.00022834795392250053,,0,1.0,234.0
2024-11-11,31.57696565633588,31.8279616439885,31.57696565633588,31.81830596923828,25900,585.2538452148438,121.0,1.0,1.0,1.0,1.0,0.00027439446323909044,0.0001896326838647102,,0,1.0,235.0
2024-11-12,31.59627315575611,31.74107881575418,31.00740220618661,31.084632873535156,33200,583.4358520507812,123.0,1.0,1.0,1.0,1.0,0.00025874842842227324,0.00021301754466926677,,0,1.0,236.0
2024-11-13,30.032388315268964,30.95913420795764,30.032388315268964,30.92051887512207,19300,583.7192993164062,121.0,1.0,4.0,1.0,2.0,0.00024740900964132585,0.00023095945242425128,,1,2.0,237.0
2024-11-14,31.094283836451268,31.60592778429769,31.094283836451268,31.490081787109375,19700,579.9659423828125,122.0,1.0,4.0,1.0,2.0,0.00023676679595785636,0.00025986921021017346,,0,2.0,238.0
2024-11-15,31.15220832824707,31.21013132961762,31.074977659753007,31.15220832824707,27700,572.5372924804688,121.0,1.0,4.0,1.0,2.0,0.00022121994259610882,0.0002653543653994604,,0,2.0,239.0
2024-11-18,30.901213176518375,32.233412783694405,30.901213176518375,31.190824508666992,26300,574.8831787109375,119.0,1.0,4.0,1.0,2.0,0.00023278007284634303,0.00027439446323909044,,0,2.0,240.0
2024-11-19,31.268049663806742,31.41285532139275,31.258397671829403,31.287357330322266,37200,576.9846801757812,118.0,1.0,4.0,1.0,2.0,0.0002079189386631526,0.00025874842842227324,,0,2.0,241.0
2024-11-20,30.901211631967538,30.997749965378773,30.843292314481673,30.93982696533203,35200,577.1802368164062,117.0,1.0,4.0,1.0,2.0,0.00018540715591210027,0.00024740900964132585,,1,2.0,242.0
2024-11-21,30.698485558094443,31.325971813870133,30.698485558094443,31.248741149902344,33400,580.2787475585938,116.0,1.0,4.0,1.0,2.0,0.00012869113493781334,0.00023676679595785636,,0,2.0,243.0
2024-11-22,31.567312281148887,31.644539262962578,31.49008161677443,31.61557960510254,20000,582.0772094726562,115.0,1.0,1.0,1.0,1.0,0.00011208121326829797,0.00022121994259610882,,0,1.0,244.0
2024-11-25,31.181165281109237,31.731420857403585,31.181165281109237,31.654193878173828,38900,584.0516967773438,114.0,1.0,1.0,1.0,1.0,0.0001362120214506681,0.00023278007284634303,,0,1.0,245.0
2024-11-26,31.403201174228084,31.490083836493277,31.190824197349524,31.31631851196289,18200,587.101318359375,113.0,1.0,1.0,1.0,1.0,0.00016016941334181067,0.0002079189386631526,,0,1.0,246.0
2024-11-27,31.538350559693573,31.856921542750335,31.422508239746094,31.422508239746094,18700,585.3222045898438,111.0,1.0,1.0,1.0,1.0,0.00016267173216875005,0.00018540715591210027,,0,1.0,247.0
2024-11-29,31.374239432281215,31.557656737086518,31.25839711780212,31.441814422607422,39000,588.9583740234375,110.0,1.0,1.0,1.0,1.0,0.00015959669036742379,0.00012869113493781334,,0,1.0,248.0
2024-12-02,31.499738096072335,31.663847738220703,31.499738096072335,31.605928421020508,257900,590.0140380859375,108.0,1.0,1.0,1.0,1.0,0.00016974105586025398,0.00011208121326829797,,0,1.0,249.0
2024-12-03,31.97276344620083,32.049994113533735,31.87622879459561,31.943803787231445,43600,590.2876586914062,108.0,1.0,1.0,1.0,1.0,0.00020704650737284711,0.0001362120214506681,,0,1.0,250.0
2024-12-04,31.277706859614714,31.412856849235897,31.277706859614714,31.31631851196289,26200,593.9530639648438,110.0,1.0,1.0,1.0,1.0,0.00022838994424883004,0.00016016941334181067,,1,1.0,251.0
2024-12-05,31.789345808601055,31.81830546727298,31.702463150024414,31.702463150024414,41400,592.9756469726562,109.0,1.0,1.0,1.0,1.0,0.00027546630624255186,0.00016267173216875005,,0,1.0,252.0
2024-12-06,31.750731297410226,32.10791393300187,31.750731297410226,32.05964660644531,51800,594.0996704101562,109.0,1.0,1.0,1.0,1.0,0.00032523306741424765,0.00015959669036742379,,0,1.0,253.0
2024-12-09,32.33959986196183,32.33959986196183,31.972761578679297,31.992069244384766,23500,591.040283203125,107.0,1.0,1.0,1.0,1.0,0.00037145923576793863,0.00016974105586025398,,0,1.0,254.0
2024-12-10,32.059644787712685,32.059644787712685,31.673502514605026,31.83761215209961,42300,589.2027587890625,106.0,1.0,1.0,1.0,1.0,0.0003969178594278473,0.00020704650737284711,,0,1.0,255.0
2024-12-11,31.914843321184364,32.0982606276203,31.8955356548394,31.953454971313477,38000,593.7576904296875,104.0,1.0,1.0,1.0,1.0,0.00040219852097105843,0.00022838994424883004,,0,1.0,256.0
2024-12-12,31.615580016678642,32.107912619512376,31.615580016678642,31.953454971313477,32300,590.6981811523438,103.0,1.0,1.0,1.0,1.0,0.0004073946774629344,0.00027546630624255186,,0,1.0,257.0
2024-12-13,31.644540324345034,31.68315565782745,31.55765766529004,31.57696533203125,17900,590.5809936523438,102.0,1.0,1.0,1.0,1.0,0.0004009122476425606,0.00032523306741424765,,0,1.0,258.0
2024-12-16,31.625230538722107,31.683153535064907,31.59627088183103,31.654193878173828,27000,593.102783203125,101.0,1.0,1.0,1.0,1.0,0.00038999522823295415,0.00037145923576793863,,0,1.0,259.0
2024-12-17,32.29133484575458,32.29133484575458,31.354933246229983,31.422508239746094,27500,590.6591186523438,100.0,1.0,1.0,1.0,1.0,0.0003883166295539063,0.0003969178594278473,,0,1.0,260.0
2024-12-18,31.83761372628468,31.83761372628468,31.036365800112687,31.0556697845459,20400,573.055419921875,100.0,1.0,1.0,1.0,1.0,0.0003670093094954251,0.00040219852097105843,,0,1.0,261.0
2024-12-19,31.017058029224465,31.634888640723982,31.017058029224465,31.45147132873535,33100,572.8794555664062,100.0,1.0,1.0,1.0,1.0,0.0003633053216652725,0.0004073946774629344,,0,1.0,262.0
2024-12-20,31.7024640339472,32.078954337422935,31.692812041641066,31.78934669494629,48500,579.7603149414062,99.0,1.0,1.0,1.0,1.0,0.00035677621497938634,0.0004009122476425606,,0,1.0,263.0
2024-12-23,31.779691095525767,31.943804425607425,31.59627378078601,31.885881423950195,49800,583.2321166992188,98.0,1.0,1.0,1.0,1.0,0.0003911496190423858,0.00038999522823295415,,0,1.0,264.0
2024-12-24,31.335623340641583,32.021028901662625,31.297008009230645,31.992069244384766,12200,589.7146606445312,97.0,1.0,1.0,1.0,1.0,0.0004127729082643677,0.0003883166295539063,,0,1.0,265.0
2024-12-26,30.727447708108635,31.866572406562735,30.727447708108635,31.731422424316406,27400,589.75390625,96.0,1.0,1.0,1.0,1.0,0.0004375030962442345,0.0003670093094954251,,0,1.0,266.0
2024-12-27,31.856921364242186,32.059646343654556,31.017058104847408,31.548006057739258,24800,583.5458984375,95.0,1.0,1.0,1.0,1.0,0.00043368531911477,0.0003633053216652725,,0,1.0,267.0
2024-12-30,31.33699978279532,32.13195789793101,31.33699978279532,31.945484161376953,41800,576.8866577148438,95.0,1.0,1.0,1.0,1.0,0.0004241670973666462,0.00035677621497938634,,0,1.0,268.0
2024-12-31,32.38712755867456,32.38712755867456,31.84734284813354,31.945484161376953,14000,574.7879638671875,94.0,1.0,1.0,1.0,1.0,0.0004182661236354762,0.0003911496190423858,,0,1.0,269.0
2025-01-02,31.847342169608385,31.906225458759444,31.651055803452426,31.670684814453125,84900,573.3756713867188,93.0,1.0,1.0,1.0,1.0,0.0004313743906848823,0.0004127729082643677,,0,1.0,270.0
2025-01-03,32.367497370701756,32.367497370701756,31.709942359400443,31.955299377441406,79300,580.5448608398438,92.0,1.0,1.0,1.0,1.0,0.00045433131287944017,0.0004375030962442345,,0,1.0,271.0
2025-01-06,31.543097963580752,31.601984996300406,31.513656319146435,31.562726974487305,72300,583.88916015625,93.0,1.0,1.0,1.0,1.0,0.00044364224791376304,0.00043368531911477,,1,1.0,272.0
2025-01-07,31.140711956265648,31.572538955735286,31.140711956265648,31.20941162109375,46400,577.288818359375,92.0,1.0,1.0,1.0,1.0,0.0004034309116260413,0.0004241670973666462,,0,1.0,273.0
2025-01-08,31.170155849108873,31.346813201904297,31.150526838370386,31.346813201904297,41000,578.1322631835938,91.0,1.0,1.0,1.0,1.0,0.00035191422353600437,0.0004182661236354762,,0,1.0,274.0
2025-01-10,30.296685328808213,30.973869348970066,30.296685328808213,30.708885192871094,36300,569.3056640625,94.0,1.0,1.0,1.0,1.0,0.000296861755153779,0.0004313743906848823,,1,1.0,275.0
2025-01-13,30.542043313881617,30.67944264894747,29.511542685111056,30.669628143310547,38300,570.1884155273438,93.0,1.0,1.0,1.0,1.0,0.0002731219410235613,0.00045433131287944017,,0,1.0,276.0
2025-01-14,31.631425925559522,31.631425925559522,30.66962687599057,30.75795555114746,50600,570.9729614257812,91.0,1.0,1.0,1.0,1.0,0.00024870159010641023,0.00044364224791376304,,0,1.0,277.0
2025-01-15,30.944428389548047,31.013128056424225,30.81684168941326,30.983684539794922,41000,581.35888671875,91.0,1.0,1.0,1.0,1.0,0.0002649528983846402,0.0004034309116260413,,0,1.0,278.0
2025-01-16,30.97387033214298,31.091642527867336,30.885541653331096,30.934614181518555,24900,580.2408447265625,89.0,1.0,1.0,1.0,1.0,0.0002341404186671815,0.00035191422353600437,,0,1.0,279.0
2025-01-17,31.690313115416387,31.690313115416387,30.84628438055238,30.86591339111328,19300,586.06640625,88.0,1.0,1.0,1.0,1.0,0.00016664658323263973,0.000296861755153779,,0,1.0,280.0
2025-01-21,30.98368356841386,31.09164125407782,30.914983903691507,31.02294158935547,59900,591.4309692382812,87.0,1.0,1.0,1.0,1.0,0.00010081395227710915,0.0002731219410235613,,0,1.0,281.0
2025-01-22,30.27705650475713,30.87572635792646,30.27705650475713,30.738327026367188,58500,594.7557373046875,87.0,1.0,1.0,1.0,1.0,6.31464861003025e-05,0.00024870159010641023,,1,1.0,282.0
2025-01-23,30.42427035009357,31.07201273037378,30.42427035009357,31.003313064575195,30800,598.0018920898438,86.0,1.0,1.0,1.0,1.0,5.098078318428866e-05,0.0002649528983846402,,0,1.0,283.0
2025-01-24,30.365385528421143,31.48421482023423,30.365385528421143,31.405698776245117,44900,596.2561645507812,87.0,1.0,1.0,1.0,1.0,0.00011926730173986867,0.0002341404186671815,,0,1.0,284.0
2025-01-27,32.41656830496799,32.41656830496799,31.111270904541016,31.111270904541016,54800,587.8218994140625,86.0,1.0,1.0,1.0,1.0,0.0002079809521311922,0.00016664658323263973,,0,1.0,285.0
2025-01-28,31.160341941829852,31.43514060974121,30.96405557452843,31.43514060974121,57900,592.8726806640625,86.0,1.0,1.0,1.0,1.0,0.00033093117128443246,0.00010081395227710915,,0,1.0,286.0
2025-01-29,31.327184263208594,31.40569843441762,31.24867009199957,31.268299102783203,21000,590.2149658203125,85.0,1.0,1.0,1.0,1.0,0.0003377700442472858,6.31464861003025e-05,,0,1.0,287.0
2025-01-30,32.80914116518173,33.074127197265625,32.80914116518173,33.074127197265625,39800,593.3826904296875,114.0,1.0,1.0,4.0,5.0,0.0003540840541664209,5.098078318428866e-05,,0,2.0,288.0
2025-01-31,32.68155504800826,32.68155504800826,31.611798267068377,31.65105628967285,22600,590.2247314453125,127.0,1.0,1.0,4.0,5.0,0.0002643683645092529,0.00011926730173986867,,1,2.0,289.0
2025-02-03,31.974929012888605,31.974929012888605,31.23885607245847,31.24867057800293,38800,586.252685546875,126.0,1.0,1.0,4.0,5.0,0.00018686312008393824,0.0002079809521311922,,0,2.0,290.0
2025-02-04,31.503841859318925,32.35768703839549,31.503841859318925,32.279170989990234,36400,590.1854858398438,132.0,1.0,1.0,4.0,5.0,0.00012628383365186592,0.00033093117128443246,,0,2.0,291.0
2025-02-05,31.729570594813246,32.11232693458857,31.572538513007068,32.02399826049805,77100,592.5784912109375,130.0,1.0,1.0,4.0,5.0,0.00012388327754863577,0.0003377700442472858,,0,2.0,292.0
2025-02-06,31.572539311319485,31.808083696133608,31.435139980115828,31.611797332763672,30900,594.6380004882812,130.0,1.0,1.0,4.0,5.0,0.00011575472719193326,0.0003540840541664209,,0,2.0,293.0
2025-02-07,30.42427034170285,30.905169874085804,30.42427034170285,30.738327026367188,68400,589.1949462890625,133.0,1.0,1.0,4.0,5.0,3.458556157491038e-05,0.0002643683645092529,,1,2.0,294.0
2025-02-10,30.424269920307612,31.494026657582143,30.424269920307612,31.20941162109375,39300,593.1962890625,133.0,1.0,1.0,4.0,5.0,-1.5997847627427874e-06,0.00018686312008393824,,0,2.0,295.0
2025-02-11,31.189784553609943,31.248669713321753,31.121083016699775,31.130897521972656,32600,593.6474609375,131.0,1.0,1.0,4.0,5.0,-3.447079603899132e-05,0.00012628383365186592,,0,2.0,296.0
2025-02-12,30.81684246150142,32.03381310045313,30.81684246150142,31.974929809570312,39300,591.7350463867188,134.0,1.0,1.0,4.0,5.0,-2.995873481155478e-06,0.00012388327754863577,,0,2.0,297.0
2025-02-13,32.50489729676735,33.123198041826406,32.50489729676735,33.10356903076172,34700,597.9822387695312,140.0,1.0,1.0,4.0,5.0,1.366458293549449e-05,0.00011575472719193326,,0,2.0,298.0
2025-02-14,33.12319615307976,33.427440191457315,32.83858112464762,33.368553161621094,31600,597.9529418945312,139.0,1.0,1.0,4.0,5.0,5.7706540843624754e-05,3.458556157491038e-05,,0,2.0,299.0
2025-02-18,32.730624394774175,33.43725379797789,32.730624394774175,33.32929611206055,230200,599.7084350585938,137.0,1.0,1.0,4.0,5.0,6.485306060590198e-05,-1.5997847627427874e-06,,0,2.0,300.0
2025-02-19,33.17226866465744,33.48632535367884,33.17226866465744,33.44707107543945,82300,601.12060546875,135.0,1.0,1.0,4.0,5.0,7.433313751736996e-05,-3.447079603899132e-05,,0,2.0,301.0
2025-02-20,33.348927809526195,33.52558517456055,33.339115175402625,33.52558517456055,89700,598.6197509765625,133.0,1.0,1.0,4.0,5.0,8.201798782516833e-05,-2.995873481155478e-06,,0,2.0,302.0
2025-02-21,33.62372325771618,33.62372325771618,33.368553612678326,33.42744064331055,21700,588.3809204101562,131.0,1.0,1.0,4.0,5.0,0.00010335094069334248,1.366458293549449e-05,,0,2.0,303.0
2025-02-24,33.26059864931633,33.44707238964734,33.17226996806774,33.28022766113281,99500,585.7035522460938,129.0,1.0,1.0,4.0,5.0,0.00010905746123099809,5.7706540843624754e-05,,0,2.0,304.0
2025-02-25,33.496141628347154,33.859268971941866,33.496141628347154,33.79056930541992,50300,582.7906494140625,129.0,1.0,1.0,4.0,5.0,0.00013782986598362756,6.485306060590198e-05,,0,2.0,305.0
2025-02-26,33.19189573282902,33.82982545097902,33.19189573282902,33.71205139160156,25900,583.0850219726562,127.0,1.0,1.0,4.0,5.0,0.0001618539218212719,7.433313751736996e-05,,0,2.0,306.0
2025-02-27,33.59428175527722,33.63353977586342,33.27041244506836,33.27041244506836,17600,573.7777709960938,126.0,1.0,1.0,4.0,5.0,0.00017722789256660812,8.201798782516833e-05,,0,2.0,307.0
2025-02-28,31.759014632665465,33.25078582763672,31.759014632665465,33.25078582763672,49700,582.7318725585938,125.0,1.0,1.0,4.0,5.0,0.00015921756458742216,0.00010335094069334248,,1,2.0,308.0
2025-03-03,32.87783906219079,34.04573707213604,32.82876840937559,33.71205139160156,55400,572.5224609375,124.0,1.0,1.0,4.0,5.0,0.00017322091678870577,0.00010905746123099809,,0,2.0,309.0
2025-03-04,33.221340660683325,33.721871102903044,32.47545693012704,33.466697692871094,181000,565.74560546875,123.0,1.0,1.0,4.0,5.0,0.00018593191642489384,0.00013782986598362756,,0,2.0,310.0
2025-03-05,33.83963808400173,33.83963808400173,33.46669438367476,33.71205139160156,46500,571.8261108398438,121.0,1.0,1.0,4.0,5.0,0.00020728240344327657,0.0001618539218212719,,0,2.0,311.0
2025-03-06,33.967228241987236,33.967228241987236,33.65317153930664,33.65317153930664,32300,561.675537109375,119.0,1.0,1.0,3.0,3.0,0.0001952505400533405,0.00017722789256660812,,0,1.0,312.0
2025-03-07,33.99666759156208,33.99666759156208,32.661924823400824,32.98579788208008,35500,564.8236694335938,121.0,1.0,4.0,3.0,4.0,0.00017031245276068196,0.00015921756458742216,,0,2.0,313.0
2025-03-10,31.55291404444838,31.83752534029125,31.513656023004195,31.611797332763672,22800,549.7792358398438,132.0,1.0,4.0,3.0,4.0,9.51320368575766e-05,0.00017322091678870577,,1,2.0,314.0
2025-03-11,31.709943771362305,31.79827245154414,31.5627280564422,31.709943771362305,46000,545.2090454101562,130.0,1.0,4.0,3.0,4.0,2.741174848483802e-05,0.00018593191642489384,,0,2.0,315.0
2025-03-12,31.53328596571052,31.65105628967285,31.405699264171513,31.65105628967285,36700,548.1021728515625,129.0,1.0,4.0,3.0,4.0,-1.8325185553623236e-05,0.00020728240344327657,,0,2.0,316.0
2025-03-13,32.00437089947901,32.27916956909859,32.00437089947901,32.25954055786133,47200,540.7957153320312,129.0,1.0,4.0,3.0,4.0,1.5942858380320126e-05,0.0001952505400533405,,0,2.0,317.0
2025-03-14,32.86802916886188,32.86802916886188,32.33805708904031,32.50489807128906,38500,551.96630859375,128.0,1.0,4.0,3.0,4.0,1.1099424859618218e-05,0.00017031245276068196,,0,2.0,318.0
2025-03-17,32.35768416705247,32.61285381402392,32.35768416705247,32.583412170410156,53000,556.2227172851562,126.0,1.0,4.0,3.0,4.0,4.7265287098425493e-05,9.51320368575766e-05,,0,2.0,319.0
2025-03-18,32.387128308142934,32.387128308142934,32.0730716058751,32.22028732299805,27200,550.2107543945312,125.0,1.0,4.0,3.0,4.0,3.837926148884915e-05,2.741174848483802e-05,,0,2.0,320.0
2025-03-19,33.36855647444344,33.36855647444344,32.249729003434176,32.40675735473633,41800,556.203125,123.0,1.0,4.0,3.0,4.0,5.0466111238635044e-05,-1.8325185553623236e-05,,0,2.0,321.0
2025-03-20,32.49508351671971,32.49508351671971,32.07306915334536,32.23991012573242,25700,554.5946655273438,122.0,1.0,4.0,3.0,4.0,3.398950852753804e-05,1.5942858380320126e-05,,0,2.0,322.0
2025-03-21,32.36749816498958,32.36749816498958,31.83752609449152,31.886600494384766,44000,554.7776489257812,121.0,1.0,4.0,3.0,4.0,4.720315225286502e-06,1.1099424859618218e-05,,0,2.0,323.0
2025-03-24,31.5234692498312,31.533285627302522,31.386069916041166,31.513656616210938,47700,564.712890625,120.0,1.0,4.0,3.0,4.0,4.157555793493028e-06,4.7265287098425493e-05,,1,2.0,324.0
2025-03-25,31.474397531161625,32.014182214473394,31.474397531161625,31.896411895751953,39200,566.0703735351562,120.0,1.0,4.0,3.0,4.0,9.551300745577216e-06,3.837926148884915e-05,,0,2.0,325.0
2025-03-26,31.601986081950212,31.660869372841713,31.43514135543828,31.444957733154297,24400,559.3123779296875,119.0,1.0,4.0,3.0,4.0,1.959714586352937e-05,5.0466111238635044e-05,,0,2.0,326.0
2025-03-27,31.63142618994665,31.670684211200278,31.4547688381563,31.50383949279785,64000,557.8269653320312,118.0,1.0,4.0,3.0,4.0,4.744001166311829e-06,3.398950852753804e-05,,0,2.0,327.0
2025-03-28,31.170155912339823,31.405698425903037,30.95424240955492,31.003313064575195,55300,546.5933837890625,118.0,1.0,4.0,3.0,4.0,-5.476231409691736e-05,4.720315225286502e-06,,1,2.0,328.0
2025-03-31,30.414455496497204,30.669627017917332,30.414455496497204,30.600927352905273,80600,550.2626342773438,118.0,1.0,4.0,3.0,4.0,-0.0001235296063157301,4.157555793493028e-06,,1,2.0,329.0
2025-04-01,30.630369896900625,30.816841758788275,30.571484735434986,30.64018440246582,58600,551.8167114257812,116.0,1.0,4.0,3.0,4.0,-0.00017628365427699785,9.551300745577216e-06,,0,2.0,330.0
2025-04-02,31.945484158327936,31.945484158327936,30.424271340093487,30.699071884155273,39500,555.308837890625,114.0,1.0,4.0,3.0,4.0,-0.00021038552874502896,1.959714586352937e-05,,0,2.0,331.0
2025-04-03,29.737269959994112,30.01207049522241,29.109156590244293,29.148414611816406,122200,527.9428100585938,133.0,4.0,4.0,4.0,12.0,-0.000258934267205448,4.744001166311829e-06,,1,4.0,1.0
2025-04-04,27.872557474131,28.20624317559263,27.666458473071156,28.068843841552734,57600,497.0354309082031,140.0,4.0,4.0,4.0,12.0,-0.00034223984998180395,-5.476231409691736e-05,,1,4.0,2.0
2025-04-07,27.921630065772806,28.363271585592923,26.498558578526186,27.195371627807617,159800,496.1501159667969,145.0,4.0,4.0,4.0,12.0,-0.00042399575148425827,-0.0001235296063157301,,0,4.0,3.0
2025-04-08,28.86380021988876,28.86380021988876,27.12667203671749,27.38184356689453,226800,488.3790588378906,143.0,4.0,4.0,4.0,12.0,-0.0004659265982348117,-0.00017628365427699785,,0,4.0,4.0
2025-04-09,26.184502143766952,28.86380042144735,26.184502143766952,28.736215591430664,307100,539.6683349609375,156.0,4.0,4.0,4.0,12.0,-0.0004296822237568379,-0.00021038552874502896,,0,4.0,5.0
2025-04-10,28.952128101984698,29.38395697747547,28.06884321224145,28.245500564575195,135900,516.0205688476562,155.0,4.0,4.0,4.0,12.0,-0.00039242536667687366,-0.000258934267205448,,0,4.0,6.0
2025-04-11,28.48104307086542,29.040456771850586,28.363270878693314,29.040456771850586,183000,525.2278442382812,157.0,4.0,4.0,4.0,12.0,-0.0003293767708236717,-0.00034223984998180395,,0,4.0,7.0
2025-04-14,29.050272547969342,29.442843419173204,29.020829030656962,29.21711540222168,144600,530.3231811523438,155.0,4.0,4.0,4.0,12.0,-0.0003192744878558465,-0.00042399575148425827,,0,4.0,8.0
2025-04-15,28.971757090814197,29.75689879845463,28.971757090814197,29.57042694091797,142800,528.8378295898438,154.0,4.0,4.0,4.0,12.0,-0.0002781283436053485,-0.0004659265982348117,,0,4.0,9.0
2025-04-16,28.039399837435695,29.364328114686533,28.039399837435695,29.148414611816406,61600,517.0828857421875,153.0,4.0,4.0,4.0,12.0,-0.0002753861492838659,-0.0004296822237568379,,0,4.0,10.0
2025-04-17,29.46247246866056,29.590057299994047,29.40358543395996,29.40358543395996,62800,517.8206787109375,151.0,4.0,4.0,4.0,12.0,-0.0002547292918271145,-0.00039242536667687366,,0,4.0,11.0
2025-04-21,28.814729241886152,28.9030579194964,28.598813864649753,28.755842208862305,51100,505.4951171875,152.0,4.0,4.0,4.0,12.0,-0.0002590791431643913,-0.0003293767708236717,,1,4.0,12.0
2025-04-22,28.716586141104703,29.52135687548276,28.716586141104703,29.207300186157227,108500,518.6470336914062,151.0,4.0,4.0,4.0,12.0,-0.00022905976352604186,-0.0003192744878558465,,0,4.0,13.0
2025-04-23,29.73727015958551,29.73727015958551,29.374142817233707,29.442842483520508,57600,526.68359375,149.0,4.0,4.0,4.0,12.0,-0.00021496892648476156,-0.0002781283436053485,,0,4.0,14.0
2025-04-24,28.775472003979395,29.501728583733755,28.775472003979395,28.952129364013672,78500,537.769775390625,149.0,4.0,4.0,4.0,12.0,-0.00020838536129156788,-0.0002753861492838659,,0,4.0,15.0
2025-04-25,28.6577006254376,29.79615704612651,28.6577006254376,29.599870681762695,63200,541.6553955078125,150.0,4.0,1.0,4.0,11.0,-0.00021288530034926253,-0.0002547292918271145,,0,2.0,16.0
2025-04-28,28.932499844995974,30.424271001424735,28.932499844995974,30.29668617248535,75900,541.8619384765625,151.0,4.0,1.0,4.0,11.0,-0.00018832734270962347,-0.0002590791431643913,,0,2.0,17.0
2025-04-29,30.326126962716447,30.492969809350985,30.267241802705872,30.443899154663086,43900,545.2752685546875,149.0,4.0,1.0,4.0,11.0,-0.00014847180064917175,-0.00022905976352604186,,0,2.0,18.0
2025-04-30,30.42426990672556,30.42426990672556,29.177855819349205,30.14946937561035,36900,545.49169921875,147.0,4.0,1.0,4.0,11.0,-0.0001228120381429366,-0.00021496892648476156,,0,2.0,19.0
2025-05-01,30.630369129591635,30.630369129591635,30.178913116455078,30.178913116455078,60400,549.3575439453125,145.0,4.0,1.0,4.0,11.0,-0.00013718727183864782,-0.00020838536129156788,,0,2.0,20.0
2025-05-02,31.17997128150979,31.39588479027616,30.777585909034638,30.85610008239746,41400,557.5122680664062,146.0,4.0,1.0,4.0,11.0,-0.00012713007887464017,-0.00021288530034926253,,0,2.0,21.0
2025-05-05,31.02294327316367,31.268300301589385,30.22798515327794,30.993499755859375,33900,554.3153076171875,144.0,4.0,1.0,4.0,11.0,-0.0001121940295617457,-0.00018832734270962347,,0,2.0,22.0
2025-05-06,29.864856246899855,31.062197809477865,29.864856246899855,30.944427490234375,32200,549.6821899414062,142.0,4.0,1.0,4.0,11.0,-7.658873870000764e-05,-0.00014847180064917175,,0,2.0,23.0
2025-05-07,30.87572741017263,31.08182828646096,30.797213236330776,30.885541915893555,38500,551.993896484375,140.0,4.0,1.0,4.0,11.0,-7.543841552789571e-05,-0.0001228120381429366,,0,2.0,24.0
2025-05-08,30.92479881256132,30.99349847818035,30.81684112548828,30.81684112548828,45100,555.8399658203125,138.0,4.0,1.0,4.0,11.0,-6.0556767719080244e-05,-0.00013718727183864782,,0,2.0,25.0
2025-05-09,31.40569933715748,31.474399004949422,31.10145714896792,31.30755615234375,29500,555.1317749023438,137.0,4.0,1.0,4.0,11.0,-3.903948865608795e-05,-0.00012713007887464017,,0,2.0,26.0
2025-05-12,31.543098787086976,31.680498123168945,31.53328615330303,31.680498123168945,50300,573.4775390625,136.0,4.0,1.0,4.0,11.0,4.88371497969782e-06,-0.0001121940295617457,,0,2.0,27.0
2025-05-13,31.562726677883933,31.6804969983655,31.513656023004195,31.611797332763672,81600,577.2646484375,134.0,4.0,1.0,4.0,11.0,4.483735582281198e-05,-7.658873870000764e-05,,0,2.0,28.0
2025-05-14,31.484213952854425,31.484213952854425,31.2486695712273,31.287925720214844,30300,578.0023803710938,133.0,4.0,1.0,3.0,9.0,5.63231730389427e-05,-7.543841552789571e-05,,1,2.0,29.0
2025-05-15,31.032756237029993,31.28792588661981,30.83646987527193,30.86591339111328,95600,580.8255004882812,132.0,4.0,1.0,3.0,9.0,3.950426818382486e-05,-6.0556767719080244e-05,,0,2.0,30.0
2025-05-16,30.139655221764336,30.56166959264083,30.139655221764336,30.551855087280273,25200,584.5045776367188,131.0,4.0,1.0,3.0,9.0,3.7523295901310554e-05,-3.903948865608795e-05,,1,2.0,31.0
2025-05-19,29.4133983414127,30.41445541381836,29.4133983414127,30.41445541381836,49200,585.1439819335938,129.0,4.0,1.0,3.0,9.0,6.24164472154693e-05,4.88371497969782e-06,,0,2.0,32.0
2025-05-20,29.23674437250164,30.404642478694186,29.23674437250164,30.277057647705078,67500,583.176513671875,128.0,4.0,4.0,3.0,10.0,0.00011456903685159833,4.483735582281198e-05,,0,4.0,33.0
2025-05-21,30.16909845725655,30.375199324060414,29.992441106260518,30.070955276489258,29800,573.3495483398438,126.0,4.0,4.0,3.0,10.0,0.0001309826775221458,5.63231730389427e-05,,0,4.0,34.0
2025-05-22,29.5115416030938,29.923741465103934,29.5115416030938,29.805971145629883,31200,573.5758056640625,125.0,4.0,4.0,3.0,10.0,9.425908161211022e-05,3.950426818382486e-05,,1,4.0,35.0
2025-05-23,28.667513733367493,29.923742367850256,28.667513733367493,29.84522819519043,37200,569.6607666015625,123.0,4.0,4.0,3.0,10.0,5.609715562258227e-05,3.7523295901310554e-05,,0,4.0,36.0
2025-05-27,29.6881997769109,30.061141628147173,29.6881997769109,29.923742294311523,54200,581.50439453125,121.0,4.0,4.0,3.0,10.0,1.1265098891940921e-05,6.24164472154693e-05,,0,4.0,37.0
2025-05-28,29.29562872381465,29.76671375554838,29.29562872381465,29.629314422607422,32400,578.1400146484375,120.0,4.0,4.0,3.0,10.0,-1.1935847188969232e-05,0.00011456903685159833,,0,4.0,38.0
2025-05-29,30.414455919638957,30.414455919638957,29.75689903234952,29.864856719970703,54200,580.4223022460938,119.0,4.0,4.0,3.0,10.0,-5.0046167152228265e-05,0.0001309826775221458,,0,4.0,39.0
2025-05-30,29.9433712322078,30.080770565707553,29.85504255440781,30.002256393432617,38700,579.7730712890625,117.0,4.0,4.0,3.0,10.0,-4.578285833384406e-05,9.425908161211022e-05,,0,4.0,40.0
2025-06-02,28.598813669912197,29.835413276109826,28.598813669912197,29.78634262084961,70800,583.0389404296875,116.0,4.0,4.0,3.0,10.0,-4.6053951300797746e-05,5.609715562258227e-05,,1,4.0,41.0
2025-06-03,29.295628233218114,29.609684915781276,29.207299557256537,29.383956909179688,206000,586.3637084960938,116.0,4.0,4.0,3.0,10.0,-5.106695871008769e-05,1.1265098891940921e-05,,0,4.0,42.0
2025-06-04,29.168042387750212,29.295629088720762,29.158227882142818,29.236743927001953,86900,586.2063598632812,114.0,4.0,4.0,3.0,10.0,-0.00010155093726546163,-1.1935847188969232e-05,,0,4.0,43.0
2025-06-05,28.38290044071495,29.33488501422365,28.38290044071495,29.207300186157227,74300,583.373291015625,112.0,4.0,4.0,3.0,10.0,-0.00013516743810825982,-5.0046167152228265e-05,,0,4.0,44.0
2025-06-06,29.39377182815151,29.442842483520508,29.354513806315907,29.442842483520508,32600,589.3639526367188,111.0,4.0,4.0,3.0,10.0,-0.00014086078813765912,-4.578285833384406e-05,,0,4.0,45.0
2025-06-09,29.128785304965337,29.334884300347646,29.128785304965337,29.197484970092773,44400,589.8950805664062,110.0,4.0,4.0,3.0,10.0,-0.00015090516212936034,-4.6053951300797746e-05,,1,4.0,46.0
2025-06-10,28.196427756311174,29.423212833128666,28.196427756311174,29.35451316833496,43400,593.2396850585938,109.0,4.0,4.0,1.0,8.0,-0.0001578177869043263,-5.106695871008769e-05,,0,4.0,47.0
2025-06-11,29.442842781109107,29.599871126187647,29.38395761968604,29.39377212524414,39400,591.5477905273438,107.0,4.0,4.0,1.0,8.0,-0.00018694865063681402,-0.00010155093726546163,,0,4.0,48.0
2025-06-12,29.423214182497873,29.46247220528066,29.36432902024925,29.45265769958496,82500,593.898681640625,106.0,4.0,4.0,1.0,8.0,-0.000180138469564574,-0.00013516743810825982,,0,4.0,49.0
2025-06-13,28.824542858141598,29.040456356791463,28.72639967805513,28.981571197509766,177600,587.2588500976562,106.0,4.0,4.0,1.0,8.0,-0.0001848980804600755,-0.00014086078813765912,,1,4.0,50.0
2025-06-16,29.266184576161972,29.266184576161972,28.72639988959955,28.746028900146484,135400,592.8462524414062,105.0,4.0,4.0,1.0,8.0,-0.00021754635821480587,-0.00015090516212936034,,0,4.0,51.0
2025-06-17,28.363271305701364,28.71658601561134,28.363271305701364,28.569372177124023,63200,587.7802124023438,104.0,4.0,4.0,1.0,8.0,-0.0002803654542556846,-0.0001578177869043263,,1,4.0,52.0
2025-06-18,28.7558419474136,28.981571828101632,28.7558419474136,28.804914474487305,56800,587.691650390625,103.0,4.0,4.0,1.0,8.0,-0.00032264900040618517,-0.00018694865063681402,,0,4.0,53.0
2025-06-20,27.332772775242784,28.4712292138189,27.332772775242784,28.333829879760742,59600,586.3114624023438,104.0,4.0,4.0,1.0,8.0,-0.0003522061508380418,-0.000180138469564574,,1,4.0,54.0
2025-06-23,26.82242868462046,28.304385273204723,26.82242868462046,28.186613082885742,142600,592.1027221679688,103.0,4.0,4.0,1.0,8.0,-0.0003651040866178517,-0.0001848980804600755,,0,4.0,55.0
2025-06-24,28.49085826668659,28.569372439395636,28.196428715083524,28.520299911499023,75400,598.6438598632812,103.0,4.0,4.0,1.0,8.0,-0.0003769990498038648,-0.00021754635821480587,,0,4.0,56.0
2025-06-25,28.39271504122488,28.549743386412924,28.30438636306591,28.333829879760742,48800,598.9793090820312,102.0,4.0,4.0,1.0,8.0,-0.000390777324486501,-0.0002803654542556846,,0,4.0,57.0
2025-06-26,28.39271430412906,28.68714197573171,28.39271430412906,28.588998794555664,90200,603.6655883789062,101.0,4.0,4.0,1.0,8.0,-0.00039141541133740396,-0.00032264900040618517,,0,4.0,58.0
2025-06-27,27.8799991607666,29.329999923706055,27.8799991607666,29.209999084472656,75000,606.6647338867188,103.0,4.0,4.0,1.0,8.0,-0.0003619726291418795,-0.0003522061508380418,,0,4.0,59.0
2025-06-30,29.049999237060547,29.18000030517578,28.8799991607666,29.020000457763672,126000,609.5654296875,102.0,4.0,4.0,1.0,8.0,-0.00031819703680602875,-0.0003651040866178517,,0,4.0,60.0
2025-07-01,28.850000381469727,28.850000381469727,28.299999237060547,28.43000030517578,61000,609.3681030273438,105.0,4.0,4.0,1.0,8.0,-0.0002894573887205121,-0.0003769990498038648,,1,4.0,61.0
2025-07-02,28.5,28.969999313354492,27.670000076293945,28.68000030517578,48400,612.1305541992188,104.0,4.0,4.0,1.0,8.0,-0.000275589916690409,-0.000390777324486501,,0,4.0,62.0
2025-07-03,28.940000534057617,28.940000534057617,28.84000015258789,28.84000015258789,30900,616.9550170898438,103.0,4.0,4.0,1.0,8.0,-0.00024429664586836754,-0.00039141541133740396,,0,4.0,63.0
2025-07-07,28.110000610351562,28.1200008392334,27.799999237060547,27.93000030517578,202500,612.357421875,110.0,4.0,4.0,1.0,8.0,-0.00022416945664194388,-0.0003619726291418795,,1,4.0,64.0
2025-07-08,27.170000076293945,27.889999389648438,27.170000076293945,27.8700008392334,77200,612.0220336914062,108.0,4.0,4.0,1.0,8.0,-0.00023450725307134576,-0.00031819703680602875,,0,4.0,65.0
2025-07-09,29.149999618530273,29.149999618530273,28.0,28.15999984741211,121300,615.6920776367188,108.0,4.0,4.0,1.0,8.0,-0.000245546825107217,-0.0002894573887205121,,0,4.0,66.0
2025-07-10,27.440000534057617,27.579999923706055,27.3799991607666,27.579999923706055,77900,617.4285278320312,110.0,4.0,4.0,1.0,8.0,-0.0002735409315493841,-0.000275589916690409,,1,4.0,67.0
2025-07-11,27.3700008392334,27.3700008392334,27.25,27.350000381469727,60000,615.258056640625,109.0,4.0,4.0,1.0,8.0,-0.00029856456356646034,-0.00024429664586836754,,1,4.0,68.0
2025-07-14,28.139999389648438,28.139999389648438,27.079999923706055,27.229999542236328,92000,616.4320068359375,107.0,4.0,4.0,1.0,8.0,-0.00034478124861038635,-0.00022416945664194388,,0,4.0,69.0
2025-07-15,27.5,27.5,26.84000015258789,26.84000015258789,99600,613.7978515625,108.0,4.0,4.0,1.0,8.0,-0.0003779790519116838,-0.00023450725307134576,,0,4.0,70.0
2025-07-16,27.06999969482422,27.06999969482422,26.719999313354492,26.979999542236328,80900,615.8499755859375,106.0,4.0,4.0,1.0,8.0,-0.00039597338663430767,-0.000245546825107217,,0,4.0,71.0
2025-07-17,27.1299991607666,27.190000534057617,27.049999237060547,27.170000076293945,91400,619.6187133789062,105.0,4.0,4.0,1.0,8.0,-0.00039482822652996125,-0.0002735409315493841,,0,4.0,72.0
2025-07-18,26.899999618530273,26.899999618530273,26.760000228881836,26.780000686645508,150000,619.1649780273438,105.0,4.0,4.0,1.0,8.0,-0.00040292197852049655,-0.00029856456356646034,,1,4.0,73.0
2025-07-21,26.5,27.149999618530273,26.5,27.059999465942383,92700,620.3389892578125,105.0,4.0,4.0,1.0,8.0,-0.00040443291803357725,-0.00034478124861038635,,0,4.0,74.0
2025-07-22,27.049999237060547,27.049999237060547,26.809999465942383,26.8700008392334,91100,620.427734375,104.0,4.0,4.0,1.0,8.0,-0.0004332288703484946,-0.0003779790519116838,,0,4.0,75.0
2025-07-23,27.200000762939453,28.670000076293945,27.200000762939453,28.5,65800,625.7061157226562,130.0,4.0,4.0,4.0,12.0,-0.0003405329586047773,-0.00039597338663430767,,0,4.0,76.0
2025-07-24,28.6299991607666,28.6299991607666,27.600000381469727,27.90999984741211,99300,625.9132080078125,131.0,4.0,4.0,4.0,12.0,-0.0003181626907510795,-0.00039482822652996125,,0,4.0,77.0
2025-07-25,26.25,27.350000381469727,26.25,27.34000015258789,62700,628.5572509765625,132.0,4.0,4.0,4.0,12.0,-0.00027302163941001585,-0.00040292197852049655,,1,4.0,78.0
2025-07-28,27.0,27.600000381469727,27.0,27.309999465942383,88600,628.3994750976562,130.0,4.0,4.0,4.0,12.0,-0.0003190072159595578,-0.00040443291803357725,,0,4.0,79.0
2025-07-29,28.25,28.280000686645508,27.959999084472656,27.969999313354492,111100,626.7418823242188,132.0,4.0,4.0,4.0,12.0,-0.0002977827846861046,-0.0004332288703484946,,0,4.0,80.0
2025-07-30,28.899999618530273,28.899999618530273,28.610000610351562,28.65999984741211,91600,625.9526977539062,135.0,4.0,4.0,4.0,12.0,-0.00024609187128297474,-0.0003405329586047773,,0,4.0,81.0
2025-07-31,28.610000610351562,28.610000610351562,28.31999969482422,28.489999771118164,84700,623.6046142578125,133.0,4.0,4.0,4.0,12.0,-0.0001942831243332584,-0.0003181626907510795,,0,4.0,82.0
2025-08-01,28.610000610351562,29.020000457763672,28.549999237060547,29.020000457763672,44600,613.3834228515625,133.0,4.0,4.0,4.0,12.0,-0.00012984663729193643,-0.00027302163941001585,,0,4.0,83.0
2025-08-04,29.09000015258789,29.18000030517578,29.0,29.18000030517578,57800,622.7067260742188,131.0,4.0,4.0,4.0,12.0,-9.182890244361563e-05,-0.0003190072159595578,,0,4.0,84.0
2025-08-05,29.149999618530273,29.149999618530273,28.979999542236328,29.139999389648438,46400,619.5496215820312,129.0,4.0,4.0,4.0,12.0,-5.44144970093022e-05,-0.0002977827846861046,,0,4.0,85.0
2025-08-06,30.34000015258789,30.34000015258789,29.18000030517578,29.34000015258789,22200,624.295166015625,128.0,4.0,4.0,4.0,12.0,-5.818150595551212e-05,-0.00024609187128297474,,0,4.0,86.0
2025-08-07,29.399999618530273,29.559999465942383,29.309999465942383,29.469999313354492,46600,623.7722778320312,126.0,4.0,1.0,4.0,11.0,-7.707870597139522e-05,-0.0001942831243332584,,0,2.0,87.0
2025-08-08,30.0,30.170000076293945,29.989999771118164,30.06999969482422,58500,628.6361694335938,127.0,4.0,1.0,4.0,11.0,-8.482785155184703e-05,-0.00012984663729193643,,0,2.0,88.0
2025-08-11,30.559999465942383,30.559999465942383,29.969999313354492,29.989999771118164,35200,627.39306640625,125.0,4.0,1.0,4.0,11.0,-9.617200373571596e-05,-9.182890244361563e-05,,0,2.0,89.0
2025-08-12,29.899999618530273,30.25,29.899999618530273,30.229999542236328,36200,634.0723266601562,124.0,4.0,1.0,4.0,11.0,-8.926911224059352e-05,-5.44144970093022e-05,,0,2.0,90.0
2025-08-13,29.809999465942383,30.200000762939453,29.809999465942383,30.200000762939453,18600,636.2428588867188,122.0,4.0,1.0,4.0,11.0,-8.220668866507628e-05,-5.818150595551212e-05,,0,2.0,91.0
2025-08-14,29.920000076293945,30.170000076293945,29.540000915527344,29.690000534057617,34600,636.302001953125,123.0,4.0,1.0,4.0,11.0,-7.784094016689076e-05,-7.707870597139522e-05,,0,2.0,92.0
2025-08-15,30.8799991607666,30.8799991607666,29.540000915527344,29.649999618530273,33600,634.812255859375,121.0,4.0,1.0,4.0,11.0,-8.277713866446368e-05,-8.482785155184703e-05,,0,2.0,93.0
2025-08-18,28.989999771118164,30.0,28.649999618530273,29.75,44500,634.6741333007812,119.0,4.0,1.0,4.0,11.0,-8.594088527292046e-05,-9.617200373571596e-05,,0,2.0,94.0
2025-08-19,28.600000381469727,29.829999923706055,28.600000381469727,29.829999923706055,37000,631.2308959960938,117.0,4.0,1.0,4.0,11.0,-7.136904314443612e-05,-8.926911224059352e-05,,0,2.0,95.0
2025-08-20,29.760000228881836,29.989999771118164,29.709999084472656,29.950000762939453,67900,629.5537109375,116.0,4.0,1.0,4.0,11.0,-5.150214361712369e-05,-8.220668866507628e-05,,0,2.0,96.0
2025-08-21,29.170000076293945,29.799999237060547,29.170000076293945,29.799999237060547,53800,627.028076171875,114.0,4.0,1.0,3.0,9.0,-4.131513479202239e-05,-7.784094016689076e-05,,0,2.0,97.0
2025-08-22,30.100000381469727,30.100000381469727,28.270000457763672,29.420000076293945,99100,636.6572265625,114.0,4.0,4.0,3.0,10.0,-4.774775616769233e-05,-8.277713866446368e-05,,0,4.0,98.0
2025-08-25,29.690000534057617,29.690000534057617,29.43000030517578,29.440000534057617,40800,633.855224609375,112.0,4.0,4.0,3.0,10.0,-5.337748855290458e-05,-8.594088527292046e-05,,0,4.0,99.0
2025-08-26,28.3700008392334,29.579999923706055,28.3700008392334,29.549999237060547,61300,636.5092163085938,111.0,4.0,4.0,3.0,10.0,-5.118678936489088e-05,-7.136904314443612e-05,,0,4.0,100.0
2025-08-27,29.219999313354492,29.389999389648438,29.1200008392334,29.3700008392334,36900,637.95947265625,109.0,4.0,4.0,3.0,10.0,-4.353445532705042e-05,-5.150214361712369e-05,,0,4.0,101.0
2025-08-28,29.56999969482422,29.68000030517578,29.559999465942383,29.68000030517578,99200,640.21875,109.0,4.0,4.0,3.0,10.0,-2.2416690331543245e-05,-4.131513479202239e-05,,0,4.0,102.0
2025-08-29,29.440000534057617,29.59000015258789,29.25,29.309999465942383,58300,636.400634765625,108.0,4.0,4.0,3.0,10.0,1.7474812586955964e-06,-4.774775616769233e-05,,0,4.0,103.0
2025-09-02,29.739999771118164,29.739999771118164,28.239999771118164,29.459999084472656,101200,631.6847534179688,107.0,4.0,4.0,3.0,10.0,3.546661283019489e-05,-5.337748855290458e-05,,0,4.0,104.0
2025-09-03,29.469999313354492,29.610000610351562,29.450000762939453,29.59000015258789,72400,635.1082153320312,106.0,4.0,4.0,3.0,10.0,6.301929320699699e-05,-5.118678936489088e-05,,0,4.0,105.0
2025-09-04,30.329999923706055,30.329999923706055,29.049999237060547,29.3700008392334,36000,640.4160766601562,105.0,4.0,4.0,3.0,10.0,7.2041321447656465e-06,-4.353445532705042e-05,,0,4.0,106.0
2025-09-05,29.8799991607666,30.0,29.780000686645508,29.889999389648438,30200,638.561279296875,106.0,4.0,4.0,3.0,10.0,-1.197772900032206e-05,-2.2416690331543245e-05,,0,4.0,107.0
2025-09-08,30.299999237060547,30.520000457763672,30.0,30.520000457763672,42900,640.1299438476562,108.0,4.0,1.0,3.0,9.0,-2.738891186094371e-06,1.7474812586955964e-06,,0,2.0,108.0
2025-09-09,29.979999542236328,29.979999542236328,29.600000381469727,29.709999084472656,34200,641.60986328125,113.0,4.0,1.0,3.0,9.0,4.386276321195257e-05,3.546661283019489e-05,,1,2.0,109.0
2025-09-10,30.06999969482422,30.06999969482422,29.790000915527344,29.84000015258789,37600,643.4646606445312,111.0,4.0,1.0,3.0,9.0,4.2089315200613334e-05,6.301929320699699e-05,,0,2.0,110.0
2025-09-11,30.0,30.18000030517578,30.0,30.06999969482422,26500,648.81201171875,110.0,4.0,1.0,3.0,9.0,-6.19083424704211e-06,7.2041321447656465e-06,,0,2.0,111.0
2025-09-12,28.739999771118164,30.0,28.739999771118164,29.8700008392334,104800,648.5949096679688,109.0,4.0,1.0,3.0,9.0,-2.2826666053258636e-05,-1.197772900032206e-05,,0,2.0,112.0
2025-09-15,28.950000762939453,30.15999984741211,28.950000762939453,30.049999237060547,43100,652.0479736328125,107.0,4.0,1.0,3.0,9.0,-2.2507058397546222e-05,-2.738891186094371e-06,,0,2.0,113.0
2025-09-16,30.020000457763672,30.020000457763672,29.850000381469727,29.8700008392334,49300,651.1502685546875,106.0,4.0,1.0,3.0,9.0,-3.62351437481686e-05,4.386276321195257e-05,,0,2.0,114.0
2025-09-17,30.299999237060547,30.299999237060547,29.719999313354492,29.84000015258789,71200,650.3412475585938,104.0,4.0,1.0,3.0,9.0,-4.385617059599748e-05,4.2089315200613334e-05,,0,2.0,115.0
2025-09-18,29.920000076293945,30.209999084472656,29.920000076293945,30.170000076293945,54200,653.3798828125,104.0,4.0,1.0,3.0,9.0,-4.477543796249358e-05,-6.19083424704211e-06,,0,2.0,116.0
2025-09-19,29.700000762939453,29.729999542236328,29.59000015258789,29.59000015258789,52700,656.6160278320312,106.0,4.0,1.0,3.0,9.0,-4.3768426213870585e-05,-2.2826666053258636e-05,,1,2.0,117.0
2025-09-22,30.030000686645508,30.170000076293945,30.0,30.170000076293945,49000,659.7224731445312,108.0,4.0,1.0,3.0,9.0,-3.1283588853131835e-05,-2.2507058397546222e-05,,0,2.0,118.0
2025-09-23,30.0,30.170000076293945,30.0,30.09000015258789,25400,656.1312866210938,106.0,4.0,1.0,3.0,9.0,-3.23966864645222e-05,-3.62351437481686e-05,,0,2.0,119.0
2025-09-24,28.850000381469727,29.81999969482422,28.850000381469727,29.700000762939453,120700,654.043701171875,106.0,4.0,4.0,3.0,10.0,-4.0060926014359146e-05,-4.385617059599748e-05,-1.0,1,4.0,120.0
2025-09-25,29.43000030517578,29.469999313354492,29.350000381469727,29.450000762939453,50300,651.0263061523438,105.0,4.0,4.0,3.0,10.0,-4.304136388688591e-05,-4.477543796249358e-05,-1.0,0,4.0,121.0
2025-09-26,29.530000686645508,29.600000381469727,29.450000762939453,29.520000457763672,45000,654.756103515625,104.0,4.0,4.0,3.0,10.0,-3.310789906184541e-06,-4.3768426213870585e-05,-1.0,0,4.0,122.0
2025-09-29,29.18000030517578,29.290000915527344,29.170000076293945,29.25,39900,656.5962524414062,103.0,4.0,4.0,3.0,10.0,7.005168782445788e-05,-3.1283588853131835e-05,-1.0,1,4.0,123.0
2025-09-30,29.170000076293945,29.170000076293945,29.09000015258789,29.15999984741211,60500,659.0695190429688,101.0,4.0,4.0,3.0,10.0,0.0001102442055451652,-3.23966864645222e-05,-1.0,0,4.0,124.0
2025-10-01,29.1299991607666,29.1299991607666,28.979999542236328,29.030000686645508,39000,661.3153686523438,100.0,4.0,4.0,1.0,8.0,7.064070506438302e-05,-4.0060926014359146e-05,-1.0,0,4.0,125.0
2025-10-02,29.0,29.0,28.670000076293945,28.760000228881836,26500,662.0769653320312,99.0,4.0,4.0,1.0,8.0,1.6710256596677795e-05,-4.304136388688591e-05,-1.0,0,4.0,126.0
2025-10-03,29.0,29.700000762939453,29.0,29.700000762939453,44000,662.0672607421875,107.0,4.0,4.0,1.0,8.0,-1.8292250759547353e-06,-3.310789906184541e-06,-1.0,0,4.0,127.0
2025-10-06,29.0,30.209999084472656,29.0,30.18000030517578,85100,664.4415893554688,108.0,4.0,4.0,1.0,8.0,4.536269958962725e-05,7.005168782445788e-05,1.0,0,4.0,128.0
2025-10-07,30.350000381469727,30.350000381469727,30.1299991607666,30.1299991607666,24200,661.9781494140625,106.0,4.0,1.0,1.0,7.0,8.725451018903008e-05,0.0001102442055451652,1.0,0,1.0,1.0
2025-10-08,30.799999237060547,30.799999237060547,29.729999542236328,29.790000915527344,34100,665.925537109375,106.0,4.0,1.0,1.0,7.0,9.698590002743116e-05,7.064070506438302e-05,-1.0,0,2.0,2.0
2025-10-09,29.469999313354492,29.520000457763672,29.270000457763672,29.34000015258789,39800,663.996337890625,106.0,4.0,1.0,1.0,7.0,6.0511876993469365e-05,1.6710256596677795e-05,-1.0,1,2.0,3.0
2025-10-10,28.709999084472656,28.829999923706055,28.239999771118164,28.25,37100,646.0499877929688,117.0,4.0,1.0,4.0,11.0,-3.5413314373914244e-06,-1.8292250759547353e-06,-1.0,1,2.0,4.0
2025-10-13,28.469999313354492,28.649999618530273,28.329999923706055,28.5,77900,655.9630126953125,116.0,4.0,1.0,4.0,11.0,-5.4576680232361874e-05,4.536269958962725e-05,-1.0,0,2.0,5.0
2025-10-14,28.639999389648438,28.950000762939453,28.639999389648438,28.780000686645508,89100,655.16162109375,115.0,4.0,1.0,4.0,11.0,-8.054083923493935e-05,8.725451018903008e-05,-1.0,0,2.0,6.0
2025-10-15,30.299999237060547,30.299999237060547,29.110000610351562,29.299999237060547,49300,658.0703125,116.0,4.0,1.0,4.0,11.0,-4.1355209022546714e-05,9.698590002743116e-05,1.0,0,2.0,7.0
2025-10-16,29.459999084472656,29.520000457763672,29.290000915527344,29.3799991607666,57800,653.5886840820312,114.0,4.0,1.0,4.0,11.0,-1.9841776278864708e-05,6.0511876993469365e-05,1.0,0,2.0,8.0
2025-10-17,29.969999313354492,29.969999313354492,29.25,29.540000915527344,58500,657.2986450195312,112.0,4.0,1.0,4.0,11.0,-1.675233534003674e-05,-3.5413314373914244e-06,1.0,0,2.0,9.0
2025-10-20,30.0,30.110000610351562,30.0,30.010000228881836,25300,664.1348876953125,113.0,4.0,1.0,4.0,11.0,-3.585243935868004e-05,-5.4576680232361874e-05,1.0,0,2.0,10.0
2025-10-21,29.829999923706055,29.829999923706055,29.639999389648438,29.700000762939453,38500,664.1249389648438,112.0,4.0,1.0,4.0,11.0,-3.733393172595031e-05,-8.054083923493935e-05,1.0,1,2.0,11.0
2025-10-22,29.979999542236328,29.979999542236328,29.719999313354492,29.75,37600,660.6722412109375,110.0,4.0,1.0,4.0,11.0,-2.6154978644880636e-05,-4.1355209022546714e-05,1.0,0,2.0,12.0
2025-10-23,29.68000030517578,29.729999542236328,29.600000381469727,29.709999084472656,20100,664.5899658203125,109.0,4.0,1.0,4.0,11.0,-4.169705912411138e-05,-1.9841776278864708e-05,-1.0,0,2.0,13.0
2025-10-24,29.989999771118164,30.059999465942383,29.770000457763672,29.770000457763672,29000,670.0213623046875,107.0,4.0,1.0,4.0,11.0,-6.100046023277924e-05,-1.675233534003674e-05,-1.0,0,2.0,14.0
2025-10-27,29.690000534057617,29.809999465942383,29.5,29.530000686645508,54400,677.9260864257812,106.0,4.0,1.0,4.0,11.0,-9.08974693054296e-05,-3.585243935868004e-05,-1.0,0,2.0,15.0
2025-10-28,30.059999465942383,30.059999465942383,28.899999618530273,29.100000381469727,52100,679.7266235351562,107.0,4.0,1.0,4.0,11.0,-0.00011294549733952882,-3.733393172595031e-05,-1.0,0,2.0,16.0
2025-10-29,28.739999771118164,28.770000457763672,28.399999618530273,28.56999969482422,24400,680.0531616210938,108.0,4.0,1.0,4.0,11.0,-0.00015801229214856873,-2.6154978644880636e-05,-1.0,1,2.0,17.0
2025-10-30,28.65999984741211,28.90999984741211,28.420000076293945,28.719999313354492,52000,672.5737915039062,107.0,4.0,1.0,4.0,11.0,-0.00019960551924251435,-4.169705912411138e-05,-1.0,0,2.0,18.0
2025-10-31,29.8700008392334,29.8700008392334,28.530000686645508,28.690000534057617,52800,674.780029296875,105.0,4.0,1.0,4.0,11.0,-0.00022699688269831755,-6.100046023277924e-05,-1.0,0,2.0,19.0
2025-11-03,28.700000762939453,28.84000015258789,28.65999984741211,28.690000534057617,45200,676.04638671875,103.0,4.0,1.0,4.0,11.0,-0.0002471868936046408,-9.08974693054296e-05,-1.0,0,2.0,20.0
2025-11-04,29.790000915527344,29.790000915527344,28.549999237060547,28.670000076293945,145100,668.0328369140625,102.0,4.0,1.0,4.0,11.0,-0.0002528245051623785,-0.00011294549733952882,-1.0,0,2.0,21.0
2025-11-05,28.549999237060547,28.799999237060547,28.549999237060547,28.739999771118164,54000,670.3478393554688,100.0,4.0,1.0,3.0,9.0,-0.00024203335246648016,-0.00015801229214856873,-1.0,0,2.0,22.0
2025-11-06,28.40999984741211,28.40999984741211,28.020000457763672,28.079999923706055,82400,663.1554565429688,104.0,4.0,4.0,3.0,10.0,-0.00023249245976050134,-0.00019960551924251435,-1.0,1,4.0,1.0
2025-11-07,27.600000381469727,28.709999084472656,27.600000381469727,28.68000030517578,58500,663.808349609375,106.0,4.0,4.0,3.0,10.0,-0.00020014079234750813,-0.00022699688269831755,1.0,0,4.0,2.0
2025-11-10,29.790000915527344,29.790000915527344,28.81999969482422,29.020000457763672,67700,674.1666870117188,106.0,4.0,4.0,3.0,10.0,-0.00016384511746324963,-0.0002471868936046408,1.0,0,4.0,3.0
2025-11-11,28.469999313354492,28.90999984741211,28.469999313354492,28.860000610351562,94100,675.7099609375,105.0,4.0,4.0,3.0,10.0,-0.00011316134365288274,-0.0002528245051623785,-1.0,0,4.0,4.0
2025-11-12,28.81999969482422,28.920000076293945,28.81999969482422,28.889999389648438,30200,676.0859375,103.0,4.0,4.0,3.0,10.0,-8.017255215234406e-05,-0.00024203335246648016,-1.0,0,4.0,5.0
2025-11-13,28.75,28.809999465942383,28.559999465942383,28.579999923706055,35400,664.866943359375,103.0,4.0,4.0,3.0,10.0,-7.883343701822755e-05,-0.00023249245976050134,1.0,1,4.0,6.0
2025-11-14,28.1299991607666,29.780000686645508,28.1299991607666,29.329999923706055,35700,664.7581787109375,107.0,4.0,4.0,3.0,10.0,-6.560962699553871e-05,-0.00020014079234750813,1.0,0,4.0,7.0
2025-11-17,28.889999389648438,29.149999618530273,28.75,28.889999389648438,36600,658.56494140625,108.0,4.0,4.0,3.0,10.0,-8.307717071725812e-05,-0.00016384511746324963,1.0,0,4.0,8.0
2025-11-18,28.25,28.3799991607666,28.1299991607666,28.350000381469727,85700,653.03466796875,109.0,4.0,4.0,3.0,10.0,-0.00011610589734443425,-0.00011316134365288274,1.0,1,4.0,9.0
2025-11-19,28.299999237060547,28.309999465942383,28.149999618530273,28.239999771118164,44600,655.5574951171875,108.0,4.0,4.0,3.0,10.0,-0.00016180075315843672,-8.017255215234406e-05,-1.0,0,4.0,10.0
2025-11-20,28.25,28.329999923706055,27.809999465942383,27.850000381469727,67700,645.5652465820312,108.0,4.0,4.0,3.0,10.0,-0.00019101333232328984,-7.883343701822755e-05,-1.0,0,4.0,11.0
2025-11-21,28.5,28.940000534057617,28.350000381469727,28.850000381469727,99500,651.995849609375,116.0,4.0,4.0,4.0,12.0,-0.00012224783703213704,-6.560962699553871e-05,1.0,0,4.0,12.0
2025-11-24,28.700000762939453,29.020000457763672,28.700000762939453,28.860000610351562,57700,661.59228515625,115.0,4.0,1.0,4.0,11.0,-5.561060740587223e-05,-8.307717071725812e-05,1.0,0,2.0,13.0
2025-11-25,28.200000762939453,29.899999618530273,28.200000762939453,28.940000534057617,59100,667.8151245117188,113.0,4.0,1.0,4.0,11.0,1.3085726622353587e-05,-0.00011610589734443425,-1.0,0,2.0,14.0
2025-11-26,29.31999969482422,29.469999313354492,29.280000686645508,29.420000076293945,27000,672.4254760742188,114.0,4.0,1.0,4.0,11.0,1.372720093491252e-05,-0.00016180075315843672,1.0,0,2.0,15.0
2025-11-28,29.40999984741211,29.40999984741211,29.219999313354492,29.40999984741211,15000,676.0958251953125,112.0,4.0,1.0,4.0,11.0,1.4417276436539134e-05,-0.00019101333232328984,-1.0,0,2.0,16.0
2025-12-01,28.010000228881836,29.200000762939453,28.010000228881836,29.170000076293945,60600,673.0091552734375,111.0,4.0,1.0,4.0,11.0,3.4985217521022866e-06,-0.00012224783703213704,-1.0,1,2.0,17.0
2025-12-02,29.459999084472656,29.739999771118164,29.459999084472656,29.540000915527344,176600,674.2556762695312,110.0,4.0,1.0,4.0,11.0,-4.6203791611156166e-06,-5.561060740587223e-05,1.0,0,2.0,18.0
2025-12-03,29.31999969482422,29.649999618530273,29.25,29.540000915527344,53900,676.5905151367188,109.0,4.0,1.0,4.0,11.0,-7.53117557554508e-06,1.3085726622353587e-05,1.0,0,2.0,19.0
2025-12-04,29.950000762939453,29.950000762939453,29.709999084472656,29.729999542236328,51900,677.0851440429688,108.0,4.0,1.0,4.0,11.0,1.8526808367146315e-05,1.372720093491252e-05,1.0,0,2.0,20.0
2025-12-05,29.350000381469727,29.3799991607666,29.219999313354492,29.290000915527344,38800,678.371337890625,108.0,4.0,1.0,4.0,11.0,2.316980018579495e-05,1.4417276436539134e-05,-1.0,1,2.0,21.0
2025-12-08,29.290000915527344,29.420000076293945,29.270000457763672,29.290000915527344,37100,676.3333129882812,106.0,4.0,1.0,4.0,11.0,2.704131817002475e-05,3.4985217521022866e-06,-1.0,0,2.0,22.0
2025-12-09,30.0,30.0,29.760000228881836,29.760000228881836,51900,675.7494506835938,107.0,4.0,1.0,4.0,11.0,3.569885824129336e-05,-4.6203791611156166e-06,1.0,0,2.0,23.0
2025-12-10,30.0,30.540000915527344,30.0,30.43000030517578,40500,680.2312622070312,110.0,4.0,1.0,4.0,11.0,0.00010422695741493656,-7.53117557554508e-06,1.0,0,2.0,24.0
2025-12-11,30.469999313354492,30.469999313354492,30.260000228881836,30.399999618530273,58000,681.8140869140625,108.0,4.0,1.0,4.0,11.0,0.00018641055784875292,1.8526808367146315e-05,1.0,0,2.0,25.0
2025-12-12,30.59000015258789,30.610000610351562,30.299999237060547,30.530000686645508,38900,674.4832153320312,107.0,4.0,1.0,4.0,11.0,0.0002448410898907209,2.316980018579495e-05,1.0,0,2.0,26.0
2025-12-15,30.889999389648438,31.1200008392334,30.829999923706055,31.030000686645508,114100,673.4642333984375,107.0,1.0,1.0,4.0,5.0,0.00028283912023986186,2.704131817002475e-05,1.0,0,1.0,1.0
2025-12-16,30.780000686645508,30.799999237060547,30.579999923706055,30.600000381469727,111300,671.6240844726562,107.0,1.0,1.0,4.0,5.0,0.00028106741772370754,3.569885824129336e-05,1.0,1,2.0,2.0
2025-12-17,29.549999237060547,30.209999084472656,29.549999237060547,29.770000457763672,82100,664.2337646484375,112.0,1.0,1.0,4.0,5.0,0.00023241178124544894,0.00010422695741493656,1.0,1,2.0,3.0
2025-12-18,30.0,30.1299991607666,29.81999969482422,29.979999542236328,63200,669.2496948242188,111.0,1.0,1.0,4.0,5.0,0.00016913232891909173,0.00018641055784875292,-1.0,0,2.0,4.0
2025-12-19,30.729999542236328,30.729999542236328,29.790000915527344,29.81999969482422,32500,675.3153686523438,110.0,1.0,1.0,4.0,5.0,0.0001519878297074251,0.0002448410898907209,-1.0,0,2.0,5.0
2025-12-22,30.700000762939453,30.700000762939453,30.100000381469727,30.290000915527344,39900,679.5225219726562,110.0,1.0,1.0,4.0,5.0,0.00018519462857792405,0.00028283912023986186,-1.0,0,2.0,6.0
2025-12-23,31.5,31.5,30.329999923706055,30.450000762939453,34000,682.6282348632812,109.0,1.0,1.0,4.0,5.0,0.00020266361321083948,0.00028106741772370754,-1.0,0,2.0,7.0
2025-12-24,29.299999237060547,30.530000686645508,29.299999237060547,30.43000030517578,12200,685.0294799804688,107.0,1.0,1.0,4.0,5.0,0.00022268858277031155,0.00023241178124544894,-1.0,0,2.0,8.0
2025-12-26,30.43000030517578,30.59000015258789,30.43000030517578,30.479999542236328,28000,684.9599609375,105.0,1.0,1.0,4.0,5.0,0.0002484662649375603,0.00016913232891909173,-1.0,0,2.0,9.0
2025-12-29,29.780000686645508,30.450000762939453,29.020000457763672,30.360000610351562,37900,682.51904296875,104.0,1.0,1.0,4.0,5.0,0.0002751850160341547,0.0001519878297074251,-1.0,0,2.0,10.0
2025-12-30,29.510000228881836,29.670000076293945,29.510000228881836,29.6299991607666,49700,681.6856079101562,108.0,1.0,4.0,4.0,6.0,0.00023811586208573971,0.00018519462857792405,-1.0,0,4.0,1.0
2025-12-31,29.40999984741211,29.81999969482422,29.40999984741211,29.549999237060547,112400,676.635009765625,106.0,1.0,4.0,4.0,6.0,0.00020936782545475564,0.00020266361321083948,-1.0,0,4.0,2.0
2026-01-02,29.690000534057617,29.920000076293945,29.479999542236328,29.559999465942383,47000,677.8753662109375,105.0,1.0,4.0,4.0,6.0,0.00020135450944342454,0.00022268858277031155,-1.0,0,4.0,3.0
2026-01-05,30.020000457763672,30.40999984741211,30.020000457763672,30.40999984741211,37500,682.3900756835938,110.0,1.0,4.0,4.0,6.0,0.0002765238736415468,0.0002484662649375603,1.0,0,2.0,4.0
2026-01-06,29.450000762939453,31.3799991607666,29.450000762939453,30.18000030517578,37200,686.4483642578125,109.0,1.0,4.0,4.0,6.0,0.00033565653294020205,0.0002751850160341547,-1.0,0,4.0,5.0
2026-01-07,30.030000686645508,30.079999923706055,29.709999084472656,29.799999237060547,56200,684.2356567382812,109.0,1.0,4.0,4.0,6.0,0.0003328610031498097,0.00023811586208573971,-1.0,0,4.0,6.0
2026-01-08,30.850000381469727,30.850000381469727,29.81999969482422,29.959999084472656,39200,684.1661987304688,107.0,1.0,4.0,4.0,6.0,0.0003021473374729601,0.00020936782545475564,-1.0,0,4.0,7.0
2026-01-09,29.90999984741211,30.190000534057617,29.899999618530273,30.09000015258789,39000,688.6908569335938,106.0,1.0,4.0,4.0,6.0,0.00027205779668795907,0.00020135450944342454,-1.0,0,4.0,8.0
2026-01-12,30.25,30.479999542236328,30.25,30.31999969482422,46000,689.7723388671875,105.0,1.0,4.0,4.0,6.0,0.000291249347474495,0.0002765238736415468,1.0,0,2.0,9.0
2026-01-13,29.93000030517578,29.93000030517578,29.799999237060547,29.84000015258789,58000,688.3932495117188,106.0,1.0,4.0,4.0,6.0,0.00023268670623498354,0.00033565653294020205,-1.0,1,4.0,10.0
2026-01-14,30.25,30.389999389648438,30.25,30.360000610351562,40900,685.0095825195312,107.0,1.0,4.0,4.0,6.0,0.00021787862093510866,0.0003328610031498097,1.0,0,2.0,11.0
2026-01-15,29.600000381469727,30.440000534057617,29.600000381469727,30.260000228881836,48500,686.8750610351562,105.0,1.0,4.0,4.0,6.0,0.00020262962506721312,0.0003021473374729601,1.0,0,2.0,12.0
2026-01-16,31.110000610351562,31.110000610351562,29.84000015258789,29.889999389648438,214000,686.2994995117188,105.0,1.0,4.0,4.0,6.0,0.00023139137419388612,0.00027205779668795907,-1.0,0,4.0,13.0
2026-01-20,29.639999389648438,29.8700008392334,29.290000915527344,29.329999923706055,61400,672.3286743164062,107.0,1.0,4.0,4.0,6.0,0.00017404691353864132,0.000291249347474495,-1.0,0,4.0,14.0
2026-01-21,28.399999618530273,29.649999618530273,28.399999618530273,29.489999771118164,79100,680.0880126953125,105.0,1.0,4.0,4.0,6.0,0.00011313042454974457,0.00023268670623498354,-1.0,0,4.0,15.0
2026-01-22,29.6299991607666,29.670000076293945,29.559999465942383,29.6299991607666,76100,683.6403198242188,104.0,1.0,4.0,4.0,6.0,7.93727429292528e-05,0.00021787862093510866,-1.0,0,4.0,16.0
2026-01-23,29.09000015258789,29.540000915527344,29.059999465942383,29.489999771118164,65800,683.8883056640625,103.0,1.0,4.0,4.0,6.0,6.184982798105343e-05,0.00020262962506721312,-1.0,1,4.0,17.0
2026-01-26,29.600000381469727,29.799999237060547,29.09000015258789,29.139999389648438,61700,687.3612060546875,102.0,1.0,4.0,4.0,6.0,1.1583303607733627e-05,0.00023139137419388612,-1.0,0,4.0,18.0
2026-01-27,29.3700008392334,29.5,29.290000915527344,29.350000381469727,68100,690.099853515625,101.0,1.0,4.0,4.0,6.0,-3.742092403077771e-05,0.00017404691353864132,-1.0,0,4.0,19.0
2026-01-28,28.979999542236328,29.299999237060547,28.979999542236328,29.190000534057617,71800,690.0303344726562,100.0,1.0,4.0,3.0,4.0,-7.217813916208099e-05,0.00011313042454974457,-1.0,0,2.0,20.0
2026-01-29,30.149999618530273,31.270000457763672,30.1299991607666,31.270000457763672,75000,688.6610717773438,136.0,1.0,1.0,4.0,5.0,-1.0591593917004324e-05,7.93727429292528e-05,1.0,0,1.0,1.0
2026-01-30,31.0,31.0,30.329999923706055,30.43000030517578,65700,686.6071166992188,139.0,1.0,1.0,4.0,5.0,9.6302621751867e-06,6.184982798105343e-05,1.0,0,1.0,2.0
2026-02-02,30.889999389648438,31.25,30.889999389648438,31.25,61300,690.0204467773438,142.0,1.0,1.0,4.0,5.0,8.342131955445854e-05,1.1583303607733627e-05,1.0,0,1.0,3.0
2026-02-03,30.729999542236328,30.850000381469727,30.65999984741211,30.81999969482422,57700,684.18603515625,141.0,1.0,1.0,4.0,5.0,7.20935854426127e-05,-3.742092403077771e-05,1.0,1,2.0,4.0
2026-02-04,31.329999923706055,31.420000076293945,31.139999389648438,31.290000915527344,46300,680.8719482421875,140.0,1.0,1.0,4.0,5.0,0.00010990338643982851,-7.217813916208099e-05,1.0,0,1.0,5.0
2026-02-05,31.200000762939453,31.200000762939453,30.959999084472656,31.06999969482422,86900,672.3683471679688,139.0,1.0,1.0,4.0,5.0,0.0001010319269397004,-1.0591593917004324e-05,1.0,0,1.0,6.0
2026-02-06,31.420000076293945,31.649999618530273,31.420000076293945,31.579999923706055,35300,685.267578125,138.0,1.0,1.0,4.0,5.0,0.00012705346974707147,9.6302621751867e-06,1.0,0,1.0,7.0
2026-02-09,31.219999313354492,31.889999389648438,31.219999313354492,31.889999389648438,50600,688.57177734375,137.0,1.0,1.0,4.0,5.0,0.00014308582732076427,8.342131955445854e-05,1.0,0,1.0,8.0
2026-02-10,32.0,32.02000045776367,31.860000610351562,31.950000762939453,41200,686.7559814453125,135.0,1.0,1.0,4.0,5.0,0.00016704045425829976,7.20935854426127e-05,1.0,0,1.0,9.0
2026-02-11,32.130001068115234,32.31999969482422,32.060001373291016,32.2599983215332,36400,686.5972290039062,133.0,1.0,1.0,4.0,5.0,0.0001886006940161281,0.00010990338643982851,1.0,0,1.0,10.0
2026-02-12,32.34000015258789,32.34000015258789,31.729999542236328,31.850000381469727,56700,675.9901123046875,133.0,1.0,1.0,4.0,5.0,0.0002024027992127442,0.0001010319269397004,1.0,0,1.0,11.0
2026-02-13,31.829999923706055,31.950000762939453,31.65999984741211,31.809999465942383,70600,676.46630859375,131.0,1.0,1.0,4.0,5.0,0.00022407958027713688,0.00012705346974707147,1.0,0,1.0,12.0
2026-02-17,31.700000762939453,31.700000762939453,31.229999542236328,31.5,34200,677.5578002929688,129.0,1.0,1.0,4.0,5.0,0.00022464774268175978,0.00014308582732076427,1.0,0,1.0,13.0
2026-02-18,30.049999237060547,31.09000015258789,30.049999237060547,30.889999389648438,39100,680.9711303710938,130.0,1.0,1.0,4.0,5.0,0.00018541281218450472,0.00016704045425829976,-1.0,1,2.0,14.0
2026-02-19,30.049999237060547,30.31999969482422,30.049999237060547,30.270000457763672,42200,679.1751708984375,131.0,1.0,4.0,4.0,6.0,0.00012379741337731267,0.0001886006940161281,-1.0,0,4.0,1.0
2026-02-20,30.09000015258789,30.329999923706055,30.079999923706055,30.280000686645508,30500,684.0867919921875,129.0,1.0,4.0,4.0,6.0,7.206755055341576e-05,0.0002024027992127442,-1.0,0,4.0,2.0
2026-02-23,29.899999618530273,30.540000915527344,29.899999618530273,30.200000762939453,71300,677.1013793945312,127.0,1.0,4.0,4.0,6.0,5.95321585070379e-05,0.00022407958027713688,-1.0,0,4.0,3.0
2026-02-24,30.219999313354492,30.260000228881836,29.979999542236328,30.149999618530273,44700,682.0228881835938,126.0,1.0,4.0,4.0,6.0,5.414852636759462e-05,0.00022464774268175978,-1.0,0,4.0,4.0
2026-02-25,30.8799991607666,30.8799991607666,30.020000457763672,30.149999618530273,43200,687.778076171875,124.0,1.0,4.0,4.0,6.0,4.175671776599841e-05,0.00018541281218450472,-1.0,0,4.0,5.0
2026-02-26,30.299999237060547,30.520000457763672,30.270000457763672,30.420000076293945,176100,683.9578247070312,123.0,1.0,4.0,4.0,6.0,5.0947227398888665e-05,0.00012379741337731267,-1.0,0,4.0,6.0
2026-02-27,30.360000610351562,30.3700008392334,30.280000686645508,30.350000381469727,81700,680.6734619140625,121.0,1.0,4.0,4.0,6.0,4.5844586597525264e-05,7.206755055341576e-05,-1.0,0,4.0,7.0
2026-03-02,28.989999771118164,30.399999618530273,28.989999771118164,29.8700008392334,54900,681.0604858398438,121.0,1.0,4.0,4.0,6.0,1.9885083183272824e-05,5.95321585070379e-05,-1.0,0,4.0,8.0
2026-03-03,29.239999771118164,29.239999771118164,28.309999465942383,28.940000534057617,91000,675.057373046875,127.0,1.0,4.0,4.0,6.0,-4.00005623791037e-05,5.414852636759462e-05,-1.0,0,4.0,9.0
2026-03-04,29.100000381469727,29.3799991607666,28.959999084472656,29.200000762939453,80600,679.820068359375,125.0,1.0,4.0,4.0,6.0,-6.263237901456765e-05,4.175671776599841e-05,-1.0,0,4.0,10.0
2026-03-05,28.709999084472656,28.739999771118164,28.31999969482422,28.510000228881836,92000,676.0297241210938,128.0,4.0,4.0,4.0,12.0,-8.86819006396416e-05,5.0947227398888665e-05,-1.0,1,4.0,11.0
2026-03-06,28.5,28.5,27.93000030517578,27.959999084472656,76500,667.1688842773438,129.0,4.0,4.0,4.0,12.0,-0.00012084762832151301,4.5844586597525264e-05,-1.0,0,4.0,12.0
2026-03-09,28.329999923706055,28.75,28.100000381469727,28.549999237060547,191400,673.0133666992188,130.0,4.0,4.0,4.0,12.0,-0.0001492020695400464,1.9885083183272824e-05,-1.0,0,4.0,13.0
2026-03-10,27.65999984741211,28.8700008392334,27.65999984741211,28.479999542236328,265200,671.9317016601562,128.0,4.0,4.0,4.0,12.0,-0.0001398381382184083,-4.00005623791037e-05,-1.0,0,4.0,14.0
2026-03-11,28.399999618530273,28.399999618530273,28.190000534057617,28.309999465942383,56200,671.08837890625,126.0,4.0,4.0,4.0,12.0,-0.0001219189673177874,-6.263237901456765e-05,-1.0,0,4.0,15.0
2026-03-12,29.190000534057617,29.190000534057617,27.799999237060547,27.809999465942383,95000,660.8978881835938,127.0,4.0,4.0,4.0,12.0,-0.00014451436775187902,-8.86819006396416e-05,-1.0,0,4.0,16.0
2026-03-13,27.729999542236328,27.739999771118164,27.299999237060547,27.350000381469727,104800,657.1571655273438,127.0,4.0,4.0,4.0,12.0,-0.0002099231746179861,-0.00012084762832151301,-1.0,1,4.0,17.0
2026-03-16,27.5,27.6299991607666,27.350000381469727,27.579999923706055,165300,663.844970703125,126.0,4.0,4.0,4.0,12.0,-0.000258302478696324,-0.0001492020695400464,-1.0,0,4.0,18.0
2026-03-17,26.219999313354492,27.56999969482422,26.219999313354492,27.440000534057617,143100,665.5912475585938,124.0,4.0,4.0,4.0,12.0,-0.00030259473734014656,-0.0001398381382184083,-1.0,0,4.0,19.0
2026-03-18,27.239999771118164,27.239999771118164,26.940000534057617,26.940000534057617,74200,656.3038330078125,125.0,4.0,4.0,4.0,12.0,-0.0003154616694847967,-0.0001219189673177874,-1.0,0,4.0,20.0
2026-03-19,26.729999542236328,27.389999389648438,26.610000610351562,27.100000381469727,143000,654.6864624023438,123.0,4.0,4.0,4.0,12.0,-0.00033275047833657254,-0.00014451436775187902,-1.0,0,4.0,21.0
2026-03-20,27.100000381469727,27.100000381469727,26.31999969482422,26.3799991607666,137200,645.3009643554688,127.0,4.0,4.0,4.0,12.0,-0.00035406640489754046,-0.0002099231746179861,-1.0,0,4.0,22.0
2026-03-23,27.06999969482422,27.6200008392334,26.729999542236328,27.420000076293945,200400,652.07666015625,135.0,4.0,4.0,4.0,12.0,-0.0003318222605374449,-0.000258302478696324,1.0,0,4.0,23.0
2026-03-24,27.540000915527344,27.68000030517578,27.440000534057617,27.530000686645508,166400,649.8877563476562,134.0,4.0,4.0,4.0,12.0,-0.0003119775285095299,-0.00030259473734014656,1.0,0,4.0,24.0
2026-03-25,26.799999237060547,27.719999313354492,26.799999237060547,27.649999618530273,96700,653.5094604492188,132.0,4.0,4.0,4.0,12.0,-0.00026777544237707626,-0.0003154616694847967,1.0,0,4.0,25.0
2026-03-26,26.489999771118164,27.489999771118164,26.489999771118164,27.149999618530273,134200,641.838623046875,132.0,4.0,4.0,4.0,12.0,-0.00027654864178652865,-0.00033275047833657254,1.0,0,4.0,26.0
2026-03-27,28.25,28.25,27.030000686645508,27.059999465942383,85200,630.89404296875,130.0,4.0,4.0,4.0,12.0,-0.00030329498058180663,-0.00035406640489754046,1.0,0,4.0,27.0
2026-03-30,27.219999313354492,27.239999771118164,26.959999084472656,27.030000686645508,119700,628.78466796875,128.0,4.0,4.0,4.0,12.0,-0.00034412682600596924,-0.0003318222605374449,1.0,0,4.0,28.0
2026-03-31,26.260000228881836,27.829999923706055,26.260000228881836,27.790000915527344,89700,647.0621337890625,132.0,4.0,4.0,4.0,12.0,-0.0003381302483146183,-0.0003119775285095299,1.0,0,4.0,29.0
2026-04-01,28.110000610351562,28.299999237060547,28.0,28.15999984741211,75500,651.9373779296875,131.0,4.0,4.0,4.0,12.0,-0.0002904541904488282,-0.00026777544237707626,1.0,0,4.0,30.0
2026-04-02,27.780000686645508,28.170000076293945,27.780000686645508,28.040000915527344,67600,652.5244750976562,129.0,4.0,4.0,4.0,12.0,-0.00022100815070372337,-0.00027654864178652865,1.0,0,4.0,31.0
2026-04-06,27.850000381469727,28.219999313354492,27.850000381469727,28.209999084472656,90800,655.6087646484375,128.0,4.0,1.0,4.0,11.0,-0.00016151443894220563,-0.00030329498058180663,1.0,0,2.0,32.0
2026-04-07,29.299999237060547,29.31999969482422,27.8700008392334,28.25,125100,655.8972778320312,126.0,4.0,1.0,4.0,11.0,-0.00012946010353976335,-0.00034412682600596924,1.0,0,2.0,33.0
2026-04-08,27.450000762939453,28.790000915527344,27.450000762939453,28.600000381469727,56900,672.6027221679688,125.0,4.0,1.0,4.0,11.0,-0.0001014629069138637,-0.0003381302483146183,-1.0,0,2.0,34.0
2026-04-09,27.81999969482422,27.979999542236328,27.56999969482422,27.90999984741211,113800,676.4830322265625,128.0,4.0,1.0,4.0,11.0,-0.0001290990999267898,-0.0002904541904488282,-1.0,0,2.0,35.0
2026-04-10,27.350000381469727,27.600000381469727,27.280000686645508,27.489999771118164,41000,676.0353393554688,127.0,4.0,1.0,4.0,11.0,-0.00017456736795486543,-0.00022100815070372337,-1.0,0,2.0,36.0
2026-04-13,27.270000457763672,27.690000534057617,27.270000457763672,27.6200008392334,84500,682.6417846679688,126.0,4.0,1.0,4.0,11.0,-0.0002253546379358747,-0.00016151443894220563,-1.0,0,2.0,37.0
2026-04-14,27.639999389648438,28.399999618530273,26.260000228881836,27.6299991607666,176200,690.959716796875,124.0,4.0,1.0,4.0,11.0,-0.0002459911128958992,-0.00012946010353976335,-1.0,0,2.0,38.0
2026-04-15,28.959999084472656,28.959999084472656,27.579999923706055,28.049999237060547,83500,696.412109375,124.0,4.0,1.0,4.0,11.0,-0.0002099659122970685,-0.0001014629069138637,-1.0,0,2.0,39.0
2026-04-16,28.329999923706055,28.329999923706055,27.760000228881836,28.149999618530273,62700,698.1234130859375,122.0,4.0,1.0,4.0,11.0,-0.00017900440812015526,-0.0001290990999267898,-1.0,0,2.0,40.0
2026-04-17,28.520000457763672,28.65999984741211,28.510000228881836,28.530000686645508,57900,706.5607299804688,122.0,4.0,1.0,4.0,11.0,-0.00011750931419919862,-0.00017456736795486543,-1.0,0,2.0,41.0
2026-04-20,28.469999313354492,28.469999313354492,28.329999923706055,28.360000610351562,64400,705.1477661132812,120.0,4.0,1.0,3.0,9.0,-8.875219343900916e-05,-0.0002253546379358747,-1.0,1,2.0,42.0
2026-04-21,28.079999923706055,28.18000030517578,27.850000381469727,27.920000076293945,69700,700.53125,120.0,4.0,1.0,3.0,9.0,-8.225138750142347e-05,-0.0002459911128958992,-1.0,1,2.0,43.0
2026-04-22,27.959999084472656,28.030000686645508,27.90999984741211,27.969999313354492,51800,707.6253051757812,118.0,4.0,1.0,3.0,9.0,-9.202433277936907e-05,-0.0002099659122970685,-1.0,0,2.0,44.0
2026-04-23,25.989999771118164,26.100000381469727,25.299999237060547,25.770000457763672,72700,704.8792114257812,161.0,4.0,4.0,4.0,12.0,-0.00015085400531111056,-0.00017900440812015526,-1.0,1,4.0,45.0
2026-04-24,25.8700008392334,25.8700008392334,25.139999389648438,25.239999771118164,74200,710.3414916992188,162.0,4.0,4.0,4.0,12.0,-0.00019555628779062902,-0.00011750931419919862,-1.0,0,4.0,46.0
2026-04-27,25.239999771118164,25.239999771118164,25.06999969482422,25.09000015258789,164000,711.5653686523438,159.0,4.0,4.0,4.0,12.0,-0.00024881168983120235,-8.875219343900916e-05,-1.0,0,4.0,47.0
2026-04-28,25.739999771118164,25.790000915527344,25.540000915527344,25.6200008392334,192500,708.1029052734375,160.0,4.0,4.0,4.0,12.0,-0.0002448784179683945,-8.225138750142347e-05,-1.0,0,4.0,48.0
2026-04-29,25.510000228881836,25.540000915527344,25.389999389648438,25.440000534057617,98800,707.993408203125,157.0,4.0,4.0,4.0,12.0,-0.00023350374216625,-9.202433277936907e-05,-1.0,0,4.0,49.0
2026-04-30,25.459999084472656,25.90999984741211,25.09000015258789,25.59000015258789,195300,715.0377197265625,155.0,4.0,4.0,4.0,12.0,-0.00021573464700914212,-0.00015085400531111056,-1.0,0,4.0,50.0
2026-05-01,25.40999984741211,25.649999618530273,25.389999389648438,25.5,74900,717.0177001953125,153.0,4.0,4.0,4.0,12.0,-0.00020423272902045072,-0.00019555628779062902,-1.0,0,4.0,51.0
2026-05-04,25.40999984741211,25.709999084472656,25.3700008392334,25.469999313354492,143700,714.3909912109375,151.0,4.0,4.0,4.0,12.0,-0.00018891574505237367,-0.00024881168983120235,-1.0,0,4.0,52.0
2026-05-05,25.59000015258789,25.719999313354492,25.510000228881836,25.559999465942383,103700,720.1220092773438,149.0,4.0,4.0,4.0,12.0,-0.00020325902978014643,-0.0002448784179683945,-1.0,0,4.0,53.0
2026-05-06,25.790000915527344,26.190000534057617,25.790000915527344,26.190000534057617,106700,730.1312866210938,150.0,4.0,4.0,4.0,12.0,-0.00020046791492889669,-0.00023350374216625,-1.0,0,4.0,54.0
2026-05-07,25.81999969482422,25.899999618530273,25.68000030517578,25.68000030517578,177700,727.8926391601562,150.0,4.0,4.0,4.0,12.0,-0.00021676874637241415,-0.00021573464700914212,-1.0,0,4.0,55.0
2026-05-08,26.0,26.1299991607666,25.979999542236328,26.06999969482422,130300,733.9021606445312,150.0,4.0,4.0,4.0,12.0,-0.00018604430664395901,-0.00020423272902045072,-1.0,0,4.0,56.0
2026-05-11,26.219999313354492,26.229999542236328,26.110000610351562,26.190000534057617,189400,735.5736694335938,147.0,4.0,4.0,4.0,12.0,-0.0001862649025297586,-0.00018891574505237367,-1.0,0,4.0,57.0
2026-05-12,26.799999237060547,26.799999237060547,26.020000457763672,26.200000762939453,163800,734.4593505859375,145.0,4.0,4.0,4.0,12.0,-0.0001606706236686966,-0.00020325902978014643,-1.0,0,4.0,58.0
2026-05-13,26.3700008392334,26.5,26.3700008392334,26.479999542236328,104200,738.5685424804688,144.0,4.0,4.0,4.0,12.0,-0.0001584369676879996,-0.00020046791492889669,1.0,0,4.0,59.0
2026-05-14,26.75,26.829999923706055,26.700000762939453,26.780000686645508,111300,744.3989868164062,143.0,4.0,4.0,4.0,12.0,-0.0001434007275835077,-0.00021676874637241415,1.0,0,4.0,60.0
2026-05-15,27.0,27.0,26.700000762939453,26.780000686645508,57800,735.4443969726562,140.0,4.0,4.0,4.0,12.0,-0.00012836121733216375,-0.00018604430664395901,1.0,0,4.0,61.0
2026-05-18,26.81999969482422,27.0,26.780000686645508,26.889999389648438,96500,734.927001953125,138.0,4.0,4.0,4.0,12.0,-0.00013487613699402463,-0.0001862649025297586,1.0,0,4.0,62.0
2026-05-19,26.690000534057617,26.84000015258789,26.649999618530273,26.770000457763672,94700,730.03173828125,137.0,4.0,4.0,3.0,10.0,-0.00015112573983745175,-0.0001606706236686966,1.0,0,4.0,63.0
2026-05-20,26.399999618530273,26.6200008392334,26.360000610351562,26.579999923706055,61400,737.5138549804688,135.0,4.0,4.0,3.0,10.0,-0.00018904475248614778,-0.0001584369676879996,-1.0,1,4.0,64.0
2026-05-21,25.860000610351562,26.290000915527344,25.860000610351562,26.200000762939453,88500,738.9764404296875,134.0,4.0,4.0,3.0,10.0,-0.00021999526763476175,-0.0001434007275835077,-1.0,1,4.0,65.0
2026-05-22,26.399999618530273,26.559999465942383,26.3799991607666,26.489999771118164,92400,741.8817749023438,133.0,4.0,4.0,3.0,10.0,-0.00022770917262174525,-0.00012836121733216375,-1.0,0,4.0,66.0
2026-05-26,26.489999771118164,26.549999237060547,26.440000534057617,26.489999771118164,119900,746.8068237304688,131.0,4.0,4.0,3.0,10.0,-0.00021999652536932004,-0.00013487613699402463,-1.0,0,4.0,67.0
2026-05-27,26.280000686645508,26.459999084472656,26.260000228881836,26.40999984741211,101600,746.6774291992188,129.0,4.0,4.0,3.0,10.0,-0.0002129582549240847,-0.00015112573983745175,-1.0,0,4.0,68.0
2026-05-28,26.530000686645508,26.81999969482422,26.530000686645508,26.729999542236328,104300,750.7965698242188,128.0,4.0,1.0,3.0,9.0,-0.00022070173486933583,-0.00018904475248614778,-1.0,0,2.0,69.0
2026-05-29,26.530000686645508,26.68000030517578,26.469999313354492,26.579999923706055,166500,752.6671142578125,127.0,4.0,1.0,3.0,9.0,-0.00024069697634852662,-0.00021999526763476175,-1.0,0,2.0,70.0
2026-06-01,27.1299991607666,27.18000030517578,27.0,27.15999984741211,127800,754.7166748046875,128.0,4.0,1.0,3.0,9.0,-0.00022564593271062758,-0.00022770917262174525,1.0,0,1.0,1.0
2026-06-02,27.139999389648438,27.299999237060547,27.06999969482422,27.299999237060547,88900,755.7415771484375,127.0,4.0,1.0,3.0,9.0,-0.00020544977899417314,-0.00021999652536932004,1.0,0,1.0,2.0
2026-06-03,27.670000076293945,27.719999313354492,27.579999923706055,27.579999923706055,57100,750.4384155273438,126.0,4.0,1.0,3.0,9.0,-0.00016485773177044537,-0.0002129582549240847,1.0,0,1.0,3.0
2026-06-04,27.639999389648438,27.709999084472656,27.540000915527344,27.65999984741211,165800,753.2740478515625,124.0,4.0,1.0,3.0,9.0,-0.0001579646264603876,-0.00022070173486933583,1.0,0,1.0,4.0
2026-06-05,27.280000686645508,27.3700008392334,26.770000457763672,26.860000610351562,64600,733.83251953125,128.0,4.0,1.0,3.0,9.0,-0.00014185581782501176,-0.00024069697634852662,1.0,1,2.0,5.0
2026-06-08,27.1299991607666,27.399999618530273,27.1299991607666,27.290000915527344,85200,735.4940795898438,128.0,4.0,1.0,3.0,9.0,-0.0001066388433412796,-0.00022564593271062758,1.0,0,1.0,6.0
2026-06-09,27.389999389648438,27.489999771118164,27.020000457763672,27.190000534057617,109000,733.3350830078125,126.0,4.0,1.0,3.0,9.0,-6.751159639010395e-05,-0.00020544977899417314,1.0,0,1.0,7.0
2026-06-10,26.93000030517578,27.06999969482422,26.780000686645508,26.860000610351562,54600,721.7736206054688,126.0,4.0,1.0,3.0,9.0,-6.727502693189107e-05,-0.00016485773177044537,1.0,0,1.0,8.0
2026-06-11,26.700000762939453,27.110000610351562,26.610000610351562,27.040000915527344,106100,734.04150390625,124.0,4.0,1.0,3.0,9.0,-6.664403764143274e-05,-0.0001579646264603876,1.0,0,1.0,9.0
2026-06-12,26.790000915527344,26.93000030517578,26.709999084472656,26.920000076293945,113400,738.0113525390625,122.0,4.0,1.0,3.0,9.0,-7.332207266297186e-05,-0.00014185581782501176,-1.0,0,2.0,10.0
2026-06-15,27.0,27.030000686645508,26.920000076293945,27.0,91600,751.0254516601562,121.0,4.0,1.0,3.0,9.0,-4.877246115538212e-05,-0.0001066388433412796,-1.0,0,2.0,11.0
2026-06-16,26.93000030517578,27.100000381469727,26.8700008392334,26.920000076293945,70100,746.5481567382812,119.0,4.0,1.0,3.0,9.0,-6.407083760514117e-05,-6.751159639010395e-05,-1.0,0,2.0,12.0
2026-06-17,27.389999389648438,27.510000228881836,27.209999084472656,27.309999465942383,85200,737.225341796875,119.0,4.0,1.0,3.0,9.0,-5.430320314430524e-05,-6.727502693189107e-05,1.0,0,1.0,13.0
2026-06-18,27.190000534057617,27.280000686645508,27.149999618530273,27.260000228881836,97000,744.8902587890625,117.0,4.0,1.0,3.0,9.0,-7.17151692256098e-05,-6.664403764143274e-05,1.0,0,1.0,14.0
2026-06-22,26.600000381469727,26.780000686645508,26.559999465942383,26.639999389648438,101600,742.546142578125,120.0,4.0,4.0,3.0,10.0,-9.205873908754447e-05,-7.332207266297186e-05,-1.0,1,4.0,1.0
2026-06-23,26.049999237060547,26.18000030517578,26.010000228881836,26.110000610351562,143800,731.7628784179688,121.0,4.0,4.0,3.0,10.0,-0.0001507802820466487,-4.877246115538212e-05,-1.0,1,4.0,2.0
2026-06-24,25.90999984741211,25.969999313354492,25.829999923706055,25.940000534057617,119200,731.4237060546875,119.0,4.0,4.0,3.0,10.0,-0.00019002596069311788,-6.407083760514117e-05,-1.0,1,4.0,3.0
2026-06-25,26.299999237060547,26.459999084472656,26.170000076293945,26.239999771118164,74400,732.4810791015625,119.0,4.0,4.0,3.0,10.0,-0.0002008337119170782,-5.430320314430524e-05,-1.0,0,4.0,4.0
2026-06-26,26.34000015258789,26.56999969482422,26.34000015258789,26.549999237060547,57900,727.1842651367188,118.0,4.0,4.0,3.0,10.0,-0.00018092308132596966,-7.17151692256098e-05,1.0,0,4.0,5.0
2026-06-29,26.540000915527344,26.540000915527344,25.489999771118164,25.780000686645508,75100,739.1644897460938,123.0,4.0,4.0,3.0,10.0,-0.00021632282950024293,-9.205873908754447e-05,-1.0,0,4.0,6.0
2026-06-30,25.6299991607666,25.68000030517578,25.530000686645508,25.649999618530273,125200,744.9202270507812,121.0,4.0,4.0,3.0,10.0,-0.00026969508472120306,-0.0001507802820466487,-1.0,0,4.0,7.0
2026-07-01,25.639999389648438,25.739999771118164,25.579999923706055,25.719999313354492,116400,743.9127197265625,120.0,4.0,4.0,3.0,10.0,-0.00031995821411321665,-0.00019002596069311788,-1.0,0,4.0,8.0
2026-07-02,26.239999771118164,26.389999389648438,25.969999313354492,26.1299991607666,70000,742.9351806640625,120.0,4.0,4.0,3.0,10.0,-0.0003006628160950381,-0.0002008337119170782,-1.0,0,4.0,9.0
2026-07-06,26.809999465942383,26.950000762939453,26.809999465942383,26.93000030517578,74900,749.4190673828125,125.0,4.0,4.0,3.0,10.0,-0.00024043981958625082,-0.00018092308132596966,1.0,0,4.0,10.0
2026-07-07,27.649999618530273,27.649999618530273,26.540000915527344,26.6200008392334,94400,745.85791015625,124.0,4.0,4.0,3.0,10.0,-0.00019572979734070305,-0.00021632282950024293,1.0,0,4.0,11.0
2026-07-08,26.5,26.5,26.34000015258789,26.5,44200,743.5536499023438,122.0,4.0,4.0,3.0,10.0,-0.00017011632976126744,-0.00026969508472120306,1.0,1,4.0,12.0
2026-07-09,26.610000610351562,26.68000030517578,26.559999465942383,26.649999618530273,80400,749.8480224609375,121.0,4.0,4.0,3.0,10.0,-0.00018576464337477405,-0.00031995821411321665,1.0,0,4.0,13.0
2026-07-10,26.5,27.079999923706055,26.3700008392334,27.079999923706055,222100,753.0799560546875,121.0,4.0,4.0,3.0,10.0,-0.00017189517853339782,-0.0003006628160950381,1.0,0,4.0,14.0
2026-07-13,26.65999984741211,26.829999923706055,26.600000381469727,26.649999618530273,70200,747.3142700195312,121.0,4.0,1.0,3.0,9.0,-0.0001740991292189892,-0.00024043981958625082,1.0,0,1.0,1.0
2026-07-14,27.190000534057617,27.3700008392334,27.1299991607666,27.239999771118164,164400,749.9677124023438,123.0,4.0,1.0,3.0,9.0,-0.0001336770885809381,-0.00019572979734070305,1.0,0,1.0,2.0
2026-07-15,27.3700008392334,27.530000686645508,27.100000381469727,27.190000534057617,66800,752.9403076171875,121.0,4.0,1.0,3.0,9.0,-0.00013204846930637304,-0.00017011632976126744,1.0,0,1.0,3.0
2026-07-16,27.030000686645508,27.139999389648438,27.0,27.030000686645508,50900,748.8604125976562,120.0,4.0,1.0,3.0,9.0,-0.00012348539742415725,-0.00018576464337477405,1.0,0,1.0,4.0
2026-07-17,27.3700008392334,27.690000534057617,27.3700008392334,27.690000534057617,51300,741.4487915039062,122.0,4.0,1.0,3.0,9.0,-0.0001300526943196297,-0.00017189517853339782,1.0,0,1.0,5.0
2026-07-20,27.610000610351562,27.739999771118164,27.56999969482422,27.6299991607666,43400,740.2518310546875,121.0,4.0,1.0,3.0,9.0,-0.00011653675966596582,-0.0001740991292189892,1.0,0,1.0,6.0
2026-07-21,27.600000381469727,27.850000381469727,27.600000381469727,27.81999969482422,34000,746.426513671875,119.0,4.0,1.0,3.0,9.0,-6.779213606862865e-05,-0.0001336770885809381,1.0,0,1.0,7.0
2026-07-22,27.790000915527344,27.889999389648438,27.75,27.8700008392334,31500,745.55859375,118.0,4.0,1.0,3.0,9.0,-4.5038633698543114e-05,-0.00013204846930637304,1.0,0,1.0,8.0
2026-07-23,27.559999465942383,27.56999969482422,27.440000534057617,27.520000457763672,31600,736.3515014648438,117.0,4.0,1.0,3.0,9.0,-7.238318704281513e-05,-0.00012348539742415725,1.0,1,2.0,9.0
2026-07-24,27.639999389648438,27.84000015258789,27.639999389648438,27.729999542236328,37900,737.099609375,116.0,4.0,1.0,3.0,9.0,-9.563260435262989e-05,-0.0001300526943196297,1.0,0,1.0,10.0
2026-07-27,28.219999313354492,28.450000762939453,27.780000686645508,28.0,63800,737.25927734375,115.0,4.0,1.0,3.0,9.0,-0.00012192281233860821,-0.00011653675966596582,1.0,0,1.0,11.0
2026-07-28,27.299999237060547,27.600000381469727,27.260000228881836,27.5,100500,739.0248413085938,116.0,4.0,1.0,3.0,9.0,-0.0001114483542562317,-6.779213606862865e-05,1.0,1,2.0,12.0
2026-07-29,28.40999984741211,28.59000015258789,28.25,28.329999923706055,37700,727.6531372070312,121.0,4.0,1.0,3.0,9.0,-0.00010144386938511637,-4.5038633698543114e-05,1.0,0,1.0,13.0
2026-07-30,27.979999542236328,28.649999618530273,27.979999542236328,28.559999465942383,50300,739.852783203125,120.0,4.0,1.0,3.0,9.0,-6.984255178642399e-05,-7.238318704281513e-05,1.0,0,1.0,14.0
2026-07-31,27.670000076293945,27.90999984741211,27.520000457763672,27.8700008392334,42300,745.1796264648438,123.0,4.0,1.0,3.0,9.0,-7.215243359488646e-05,-9.563260435262989e-05,-1.0,1,2.0,15.0
2026-08-03,28.549999237060547,28.549999237060547,28.079999923706055,28.15999984741211,40600,755.793212890625,122.0,4.0,1.0,3.0,9.0,-9.543473278801065e-05,-0.00012192281233860821,-1.0,0,2.0,16.0
2026-08-04,28.100000381469727,28.34000015258789,27.979999542236328,28.280000686645508,51800,769.4193725585938,120.0,4.0,1.0,3.0,9.0,-0.00011690893462409703,-0.0001114483542562317,-1.0,0,2.0,17.0
2026-08-05,28.5,28.5,28.219999313354492,28.229999542236328,32500,767.8831787109375,118.0,4.0,1.0,3.0,9.0,-8.74353363632225e-05,-0.00010144386938511637,-1.0,0,2.0,18.0
2026-08-06,28.59000015258789,29.200000762939453,28.59000015258789,28.65999984741211,36500,766.65625,118.0,4.0,1.0,3.0,9.0,-3.457667481344404e-05,-6.984255178642399e-05,1.0,0,1.0,19.0
2026-08-07,29.0,29.510000228881836,28.1299991607666,29.5,29600,771.3446044921875,123.0,1.0,1.0,3.0,3.0,2.801863930470656e-05,-7.215243359488646e-05,1.0,0,1.0,20.0
2026-08-10,29.309999465942383,29.309999465942383,28.84000015258789,29.110000610351562,41000,771.1151733398438,122.0,1.0,1.0,3.0,3.0,6.407696313819434e-05,-9.543473278801065e-05,1.0,0,1.0,21.0
2026-08-11,29.3700008392334,29.3700008392334,29.040000915527344,29.209999084472656,49500,768.6513061523438,121.0,1.0,1.0,3.0,3.0,0.00010446188822251514,-0.00011690893462409703,1.0,0,1.0,22.0
2026-08-12,28.770000457763672,28.940000534057617,28.770000457763672,28.799999237060547,104500,770.5764770507812,120.0,1.0,1.0,3.0,3.0,0.00011416595065277754,-8.74353363632225e-05,-1.0,1,1.0,23.0
2026-08-13,28.829999923706055,28.969999313354492,28.719999313354492,28.8700008392334,23600,775.9531860351562,119.0,1.0,1.0,3.0,3.0,0.0001457976955535657,-3.457667481344404e-05,-1.0,0,1.0,24.0
2026-08-14,29.329999923706055,29.329999923706055,29.170000076293945,29.170000076293945,26400,774.4169921875,118.0,1.0,1.0,3.0,3.0,0.00014732840549674234,2.801863930470656e-05,1.0,0,1.0,25.0
2026-08-17,28.700000762939453,28.770000457763672,28.639999389648438,28.709999084472656,28400,770.7560424804688,118.0,1.0,1.0,3.0,3.0,0.00011338752896122255,6.407696313819434e-05,-1.0,1,1.0,26.0
2026-08-18,28.1200008392334,28.200000762939453,28.010000228881836,28.030000686645508,55800,765.5490112304688,121.0,4.0,4.0,3.0,10.0,5.755894249735615e-05,0.00010446188822251514,-1.0,1,4.0,1.0
2026-08-19,28.3799991607666,28.489999771118164,28.280000686645508,28.3799991607666,46000,767.1549682617188,120.0,4.0,4.0,3.0,10.0,1.1001417315746243e-05,0.00011416595065277754,-1.0,0,4.0,2.0
2026-08-20,28.350000381469727,28.5,28.290000915527344,28.3799991607666,48700,760.7109985351562,118.0,4.0,4.0,3.0,10.0,6.538606578355743e-07,0.0001457976955535657,1.0,0,4.0,3.0
2026-08-21,28.889999389648438,29.010000228881836,28.8700008392334,28.940000534057617,47700,763.8232421875,120.0,4.0,4.0,3.0,10.0,3.2364218139565585e-05,0.00014732840549674234,1.0,0,4.0,4.0
2026-08-24,29.06999969482422,29.1200008392334,28.93000030517578,29.110000610351562,35600,761.5787963867188,118.0,4.0,4.0,3.0,10.0,8.569798371294009e-05,0.00011338752896122255,1.0,0,4.0,5.0
2026-08-25,29.0,29.020000457763672,28.90999984741211,28.969999313354492,17400,764.0127563476562,117.0,4.0,4.0,3.0,10.0,0.00011712389424806649,5.755894249735615e-05,1.0,0,4.0,6.0
2026-08-26,29.049999237060547,29.219999313354492,29.049999237060547,29.139999389648438,30800,764.182373046875,115.0,4.0,4.0,3.0,10.0,0.00014926559571133686,1.1001417315746243e-05,1.0,0,4.0,7.0
2026-08-27,29.520000457763672,29.520000457763672,29.350000381469727,29.510000228881836,35600,769.18994140625,115.0,1.0,1.0,3.0,3.0,0.0001778847888894156,6.538606578355743e-07,1.0,0,1.0,1.0
2026-08-28,29.389999389648438,29.549999237060547,29.260000228881836,29.299999237060547,21800,767.4442749023438,113.0,1.0,1.0,1.0,1.0,0.000194385535111815,3.2364218139565585e-05,1.0,0,1.0,2.0
2026-08-31,29.200000762939453,29.290000915527344,29.1299991607666,29.149999618530273,38400,765.1499633789062,112.0,1.0,1.0,1.0,1.0,0.0001856146454866545,8.569798371294009e-05,1.0,0,1.0,3.0
2026-09-01,29.610000610351562,29.610000610351562,29.3700008392334,29.3799991607666,44000,759.89306640625,111.0,1.0,1.0,1.0,1.0,0.00015868583678948437,0.00011712389424806649,1.0,0,1.0,4.0
2026-09-02,29.440000534057617,29.6200008392334,29.31999969482422,29.600000381469727,39400,763.2646484375,110.0,1.0,1.0,1.0,1.0,0.0001892682276613427,0.00014926559571133686,1.0,0,1.0,5.0
2026-09-03,29.899999618530273,30.0,29.770000457763672,29.889999389648438,80000,771.2548217773438,109.0,1.0,1.0,1.0,1.0,0.00025509857948938745,0.0001778847888894156,1.0,0,1.0,6.0
2026-09-04,29.290000915527344,29.81999969482422,29.290000915527344,29.6200008392334,25100,768.2822265625,108.0,1.0,1.0,1.0,1.0,0.0002849053988595995,0.000194385535111815,1.0,0,1.0,7.0
2026-09-08,28.790000915527344,28.790000915527344,28.25,28.260000228881836,152400,764.0626831054688,124.0,4.0,1.0,1.0,7.0,0.00022726644556410496,0.0001856146454866545,-1.0,1,2.0,8.0
2026-09-09,28.139999389648438,28.18000030517578,27.979999542236328,27.989999771118164,59900,760.5115356445312,123.0,4.0,4.0,1.0,8.0,0.00014584873185374264,0.00015868583678948437,-1.0,1,4.0,1.0
2026-09-10,27.360000610351562,28.200000762939453,27.360000610351562,28.0,74700,755.9528198242188,121.0,4.0,4.0,1.0,8.0,6.988632085018179e-05,0.0001892682276613427,-1.0,0,4.0,2.0
2026-09-11,29.510000228881836,29.510000228881836,28.6200008392334,28.6299991607666,27100,762.3967895507812,123.0,4.0,4.0,1.0,8.0,9.402259045264532e-05,0.00025509857948938745,-1.0,0,4.0,3.0
2026-09-14,29.520000457763672,29.520000457763672,28.719999313354492,28.81999969482422,41300,758.9952392578125,122.0,4.0,4.0,1.0,8.0,0.00011082471554777055,0.0002849053988595995,1.0,0,4.0,4.0
2026-09-15,29.65999984741211,29.65999984741211,28.549999237060547,28.59000015258789,37800,755.513916015625,120.0,4.0,4.0,1.0,8.0,0.00012760456419910518,0.00022726644556410496,1.0,0,4.0,5.0
2026-09-16,28.31999969482422,28.920000076293945,28.31999969482422,28.649999618530273,28200,752.1821899414062,119.0,4.0,4.0,1.0,8.0,0.0001099445759087267,0.00014584873185374264,1.0,0,4.0,6.0
2026-09-17,29.520000457763672,29.520000457763672,29.149999618530273,29.15999984741211,41100,760.7109985351562,119.0,1.0,4.0,1.0,2.0,0.00012211390511285375,6.988632085018179e-05,1.0,0,2.0,7.0
2026-09-18,28.649999618530273,28.68000030517578,28.31999969482422,28.68000030517578,38200,761.6900024414062,120.0,1.0,4.0,1.0,2.0,0.00012701412146617281,9.402259045264532e-05,-1.0,1,2.0,8.0
2026-09-21,28.799999237060547,29.0,28.799999237060547,28.899999618530273,26700,773.5,118.0,1.0,4.0,1.0,2.0,0.00012756138565047452,0.00011082471554777055,-1.0,0,2.0,9.0
2026-09-22,28.799999237060547,28.899999618530273,28.75,28.899999618530273,1244,,117.0,1.0,4.0,1.0,2.0,8.795429185901048e-05,0.00012760456419910518,-1.0,0,2.0,10.0
