Date,Open,High,Low,Close,Volume,IndexClose,CVI,LTI,STI,VI,SecState,VWRS,VWRS_1wk,RS,GapDown,Thermostat,Days
2022-10-04,536.8218451092393,548.5711624094018,536.5639963205033,541.269287109375,519500,358.86566162109375,,,,,,,,,0,,
2022-10-05,531.7205684396384,536.7940851499897,525.7722318886521,532.5952758789062,344800,358.0301818847656,128.0,,,3.0,,,,,0,,
2022-10-06,531.7020940776728,535.3576110618684,511.3894263586696,513.2770385742188,585100,354.33685302734375,136.0,,,3.0,,,,,0,,
2022-10-07,506.1962145304295,510.3674295093733,495.4598039142547,498.94036865234375,473400,344.4529724121094,139.0,,,3.0,,,,,1,,
2022-10-10,502.13551160103134,504.98072737751164,485.9847841293406,486.11370849609375,487100,341.8229675292969,142.0,,,3.0,,,,,0,,
2022-10-11,486.4452836164338,488.3237356439585,471.9888912595612,482.7713317871094,556100,339.6582336425781,140.0,,,3.0,,,,,0,,
2022-10-12,478.379166555413,481.77683559284895,470.7826033145989,471.316650390625,468000,338.5378723144531,142.0,,,3.0,,,,,0,,
2022-10-13,456.9522853589093,485.08247208557475,455.69080470882625,481.1230773925781,622900,347.47222900390625,142.0,,,3.0,,,,,0,,
2022-10-14,490.50599291836085,490.50599291836085,463.72012436234894,465.3591613769531,494900,339.55377197265625,148.0,,,4.0,,,,,0,,
2022-10-17,477.24655313445106,486.4360968737045,477.24655313445106,485.18377685546875,549500,348.2792663574219,156.0,,,4.0,,,,,0,,
2022-10-18,497.3196601733113,506.021154474132,493.5720867667317,497.4209899902344,449800,352.3713684082031,157.0,,,4.0,,,,,0,,
2022-10-19,489.0142856813275,491.6385206939785,483.7381087159211,483.8946838378906,386200,349.8743896484375,160.0,,,4.0,,,,,1,,
2022-10-20,484.98127013022514,490.84671203464376,479.71430944421246,484.5208740234375,439700,346.9405212402344,157.0,,,4.0,,,,,0,,
2022-10-21,482.98307523440684,492.27383543632925,477.4951344492494,492.2554016113281,528800,355.3717346191406,156.0,,,4.0,,,,,0,,
2022-10-24,496.8870906819614,498.4800431758474,484.2354150675934,489.08795166015625,355200,359.72021484375,154.0,,,4.0,,,,,0,,
2022-10-25,492.347647506961,511.7487477542093,492.347647506961,510.9384460449219,478600,365.4644470214844,163.0,,,4.0,,,,,0,,
2022-10-26,509.86107463377175,516.0120165247515,505.30319780539565,511.16864013671875,424300,362.71099853515625,161.0,,,4.0,,,,,0,,
2022-10-27,514.1703058280146,520.7999636613471,507.9549594587502,510.9751281738281,499100,360.7740478515625,158.0,,1.0,4.0,,,,,0,,
2022-10-28,506.2790450972117,529.0594285653027,504.76893283642414,523.0558471679688,456100,369.357177734375,159.0,,1.0,4.0,,,,,0,,
2022-10-31,514.9621454445385,525.3486500312607,513.6454196221453,521.5734252929688,540400,366.6892395019531,157.0,,1.0,4.0,,,,,0,,
2022-11-01,527.5310755704011,530.7446878067292,508.97714501891284,510.5885314941406,590500,365.08453369140625,157.0,,1.0,4.0,,,,,0,,
2022-11-02,508.3139845096609,523.0098447456759,503.46144899054445,505.7449951171875,677600,355.9223937988281,156.0,,1.0,4.0,,,,,0,,
2022-11-03,533.709596197306,552.4753466340311,526.3616920712969,538.9857177734375,831200,352.25750732421875,176.0,,1.0,4.0,,,,,0,,
2022-11-04,541.315342712348,565.182261667869,533.0466464399503,562.6869506835938,776800,357.3275451660156,183.0,,1.0,4.0,,,,,0,,
2022-11-07,563.3130407016328,568.4142090628977,558.184221599088,558.4788818359375,517600,360.74566650390625,181.0,,1.0,4.0,,,,,0,,
2022-11-08,559.418124567194,562.1344730479412,546.3705136256273,549.0223999023438,544500,362.6919860839844,179.0,,1.0,4.0,,,,,0,,
2022-11-09,551.0756981614259,560.8453461210897,545.9468788606467,550.5877075195312,480100,355.21978759765625,177.0,,1.0,4.0,,,,,0,,
2022-11-10,567.4104789919277,599.5277118287911,567.4104789919277,596.6732788085938,725600,374.7406005859375,206.0,,1.0,4.0,,,,,0,,
2022-11-11,594.1319743105316,610.1353478937488,594.1319743105316,608.2753295898438,664100,378.3675231933594,204.0,,1.0,4.0,,,,,0,,
2022-11-14,600.3932871798818,602.2901167416649,587.9257818272584,588.3309326171875,413900,375.1488342285156,206.0,,1.0,4.0,,,,,0,,
2022-11-15,596.0201003504344,609.3256528280422,595.0670332983206,608.1227416992188,474500,378.3485412597656,208.0,,1.0,4.0,,,,,0,,
2022-11-16,609.4736188290776,610.3063946942647,599.2307467658172,599.4805908203125,492500,375.4621887207031,206.0,,1.0,4.0,,,,,0,,
2022-11-17,591.0789393417733,595.474025474745,585.1941638839722,592.12451171875,331000,374.31329345703125,204.0,,1.0,4.0,,,,,1,,
2022-11-18,602.524644341409,602.6634591203369,591.6525895322305,599.0363159179688,382500,376.01287841796875,201.0,,1.0,4.0,,,,,0,,
2022-11-21,597.0376734505045,608.1503093103829,594.2248390316188,605.9573974609375,415000,374.6455993652344,199.0,,1.0,4.0,,,,,0,,
2022-11-22,605.5966179712051,607.5396861341782,600.1466974961942,607.04931640625,427900,379.6872253417969,196.0,,1.0,4.0,,,,,0,,
2022-11-23,609.8714019517859,621.7427767661051,607.7525281195232,621.5762329101562,284700,382.0799255371094,196.0,,1.0,4.0,,,,,0,,
2022-11-25,621.853797248852,624.4353116917478,620.0402256073496,624.250244140625,130500,381.994384765625,193.0,,1.0,4.0,,,,,0,,
2022-11-28,616.1912341415675,620.8083798499725,609.7697781900266,613.1007690429688,595600,375.89892578125,192.0,,1.0,4.0,,,,,0,,
2022-11-29,612.3141826857674,622.6310356423993,606.9197767127077,620.8267822265625,401500,375.2532653808594,190.0,,1.0,4.0,,,,,0,,
2022-11-30,617.6066655342,641.1088301561858,616.0059471606038,639.0454711914062,781600,387.07403564453125,191.0,,1.0,4.0,,,,,0,,
2022-12-01,643.0705097438561,654.7013025747472,639.0918114101629,645.9851684570312,474200,386.7891845703125,189.0,,1.0,4.0,,,,,0,,
2022-12-02,638.4255391913613,642.2932080417511,628.9691919184595,639.80419921875,524500,386.3429870605469,186.0,,1.0,4.0,,,,,0,,
2022-12-05,635.4277519790445,645.4670892494413,631.4583150266046,633.142333984375,345200,379.39288330078125,184.0,,1.0,4.0,,,,,0,,
2022-12-06,633.1422647987042,637.6946330650228,624.777685549973,635.5479736328125,377800,373.9240417480469,181.0,,1.0,4.0,,,,,0,,
2022-12-07,636.0199781554065,644.8101520760263,631.1159976841058,633.9288330078125,346800,373.2879638671875,179.0,,1.0,4.0,,,,,0,,
2022-12-08,634.6319936768089,640.2577202468316,628.4973736457363,632.2817993164062,360500,376.2122497558594,176.0,,1.0,4.0,,,,,0,,
2022-12-09,627.340683743686,638.4440586772025,623.1583944468288,625.3050537109375,423700,373.4018859863281,174.0,,1.0,4.0,,,,,0,,
2022-12-12,625.6936297428252,629.7001131759835,621.3078058642317,629.5335693359375,336100,378.7852783203125,172.0,,1.0,4.0,,,,,0,,
2022-12-13,651.6107964864109,661.5575699219388,645.864836068849,654.18310546875,618700,381.6526184082031,177.0,,1.0,4.0,,,,,0,,
2022-12-14,654.1646045739277,666.2025230895939,647.1232275713086,650.87060546875,553600,379.2125549316406,175.0,,1.0,4.0,,,,,0,,
2022-12-15,638.0092904024834,651.6201432164686,634.6412526604979,639.7025146484375,583400,369.93634033203125,174.0,,1.0,4.0,,,,,0,,
2022-12-16,637.4448951882996,637.4448951882996,611.8701582506352,617.9400024414062,1426500,365.5688171386719,178.0,,1.0,4.0,,,,,0,,
2022-12-19,614.8771721937349,618.3099294652353,606.1887677585011,609.0108642578125,409800,362.4688720703125,176.0,,4.0,4.0,,,,,0,,
2022-12-20,606.5311729220072,611.5091909892906,599.6192920285265,603.4222412109375,422900,362.9649353027344,174.0,,4.0,4.0,,,,,0,,
2022-12-21,609.1312604809344,621.1229278041741,606.7070277211357,616.191162109375,343000,368.39215087890625,174.0,,4.0,4.0,,,,,0,,
2022-12-22,605.1987576153948,611.4258828051369,593.0312857104221,606.13330078125,350600,363.1365661621094,173.0,,4.0,4.0,,,,,0,,
2022-12-23,602.5062701487602,609.3533757642907,593.7160959942092,608.5391235351562,214300,365.2254943847656,170.0,,4.0,4.0,,,,,0,,
2022-12-27,611.916364789323,611.916364789323,600.8129879763599,605.6707153320312,189800,363.78515625,168.0,,4.0,4.0,,,,,0,,
2022-12-28,610.6765002447988,612.2957427958092,601.1646362262784,603.7831420898438,303400,359.26416015625,165.0,,4.0,3.0,,,,,0,,
2022-12-29,607.8912952228238,620.2438345605956,601.6734319453652,615.6544189453125,283900,365.73101806640625,165.0,,4.0,3.0,,,,,0,,
2022-12-30,610.0934634939945,615.6358894366858,599.7950781225504,606.0870361328125,268500,364.7676086425781,164.0,,4.0,3.0,,,,,0,,
2023-01-03,613.7391917812961,620.7250556306733,605.1526090502241,613.0082397460938,371700,363.2320251464844,162.0,,4.0,3.0,,,,,0,,
2023-01-04,618.7540635154671,637.50027107401,615.9690143326343,629.330078125,433800,366.0362243652344,164.0,,4.0,3.0,,,,,0,,
2023-01-05,623.7506361432911,623.7506361432911,610.6394157101795,611.2593383789062,267200,361.8585510253906,166.0,,4.0,3.0,,,,,0,,
2023-01-06,611.9070005994553,625.6011517501919,601.9972181203817,623.5840454101562,391400,370.15667724609375,166.0,,4.0,3.0,,,,,0,,
2023-01-09,623.1399665501284,636.4269925051691,620.8082395950389,630.2645874023438,584100,369.9468078613281,164.0,,4.0,3.0,,,,,0,,
2023-01-10,629.1913155970961,643.8477969739869,626.8411213079606,643.2093505859375,547000,372.54119873046875,164.0,,1.0,3.0,,,,,0,,
2023-01-11,647.9375872771469,668.0162057291908,646.6421706771324,661.687255859375,414500,377.2530517578125,166.0,,1.0,3.0,,,,,0,,
2023-01-12,661.1136009167307,671.5600082336348,653.2487085335365,671.1436767578125,336800,378.62652587890625,165.0,,1.0,3.0,,,,,0,,
2023-01-13,662.5014949127648,672.3187171982573,660.7434376296821,667.951416015625,210700,380.0954284667969,163.0,,1.0,3.0,,,,,0,,
2023-01-17,664.2501613287084,670.0239072163747,659.7255225221427,664.3519287109375,376500,379.3992004394531,160.0,,1.0,3.0,,,,,0,,
2023-01-18,661.6871991106406,664.5092959528921,647.1418032950089,650.1766967773438,447800,373.4092102050781,161.0,,1.0,3.0,,,,,0,,
2023-01-19,649.7973535950289,656.8849839074373,647.9652581139981,650.250732421875,289900,370.6908264160156,158.0,,1.0,3.0,,,,,0,,
2023-01-20,649.2699053730121,666.9242885494845,641.3864905538617,666.258056640625,355900,377.5964660644531,159.0,,1.0,3.0,,,,,0,,
2023-01-23,662.9824918480914,670.0886445622829,658.4300677623005,662.7974243164062,290100,382.1270446777344,157.0,,1.0,3.0,,,,,0,,
2023-01-24,662.6865665294575,676.0846234642509,661.1783532918054,665.8510131835938,248600,381.7169494628906,155.0,,1.0,3.0,,,,,0,,
2023-01-25,658.0600181873293,668.0345204210279,653.4428739128274,665.9896850585938,378800,381.8600158691406,153.0,,1.0,3.0,,,,,0,,
2023-01-26,667.0353702979181,676.4639898313475,666.5172149834332,674.7059326171875,359200,386.05682373046875,151.0,,1.0,3.0,,,,,0,,
2023-01-27,671.3841401313169,679.6932052447426,671.3841401313169,675.658935546875,268400,386.9438171386719,149.0,,1.0,3.0,,,,,0,,
2023-01-30,671.79128816703,682.5893627803429,668.932200263276,670.699462890625,234400,382.08892822265625,147.0,,1.0,3.0,,,,,0,,
2023-01-31,668.8396991388273,687.17878495662,666.7393485697423,682.97802734375,542700,387.7069091796875,147.0,,1.0,3.0,,,,,0,,
2023-02-01,678.2313288056201,687.4841436597213,666.2119313460946,682.97802734375,414000,391.827392578125,145.0,,1.0,1.0,,,,,0,,
2023-02-02,688.8719550915212,705.536280999464,687.2804983004374,696.7183227539062,442500,397.53118896484375,145.0,,1.0,1.0,,,,,0,,
2023-02-03,685.9295484587286,688.5665776060149,670.4403483437686,678.231201171875,425800,393.3057556152344,148.0,,1.0,1.0,,,,,0,,
2023-02-06,667.6367912346684,673.623391334469,663.4730248825331,669.7464599609375,251100,390.9021301269531,147.0,,1.0,1.0,,,,,0,,
2023-02-07,666.0454474161529,674.7801076837467,662.2240300194115,671.2732543945312,346600,396.0146484375,145.0,,1.0,1.0,,,,,0,,
2023-02-08,671.2729685469419,678.0460335226823,669.5889500320325,676.3712768554688,264000,391.684326171875,143.0,,1.0,1.0,,,,,0,,
2023-02-09,685.6611605199346,690.9167510032464,676.1029898305044,677.9535522460938,348800,388.2886657714844,141.0,,1.0,1.0,,,,,0,,
2023-02-10,675.1038299903105,677.3707807805285,669.5521414304441,675.22412109375,279500,389.19488525390625,139.0,,1.0,1.0,,,,,0,,
2023-02-13,680.0078466010355,685.9759234168075,678.804991977048,683.6627197265625,247700,393.76361083984375,138.0,,1.0,1.0,,,,,0,,
2023-02-14,679.1563708137622,685.1244455851952,666.8871336075266,673.9932861328125,336500,393.5824279785156,137.0,,1.0,1.0,,,,,0,,
2023-02-15,663.9171204790089,674.4930789958073,662.4458983583103,672.9108276367188,383400,394.86053466796875,135.0,,1.0,1.0,,,,,0,,
2023-02-16,654.8678180542328,673.4104343518256,631.5692424806398,668.2288818359375,669500,389.4237976074219,133.0,,4.0,1.0,,,,,0,,
2023-02-17,661.8815662758302,664.879469005777,653.4522097169965,663.2047119140625,428000,388.450927734375,132.0,,4.0,1.0,,,,,0,,
2023-02-21,658.217433958583,658.7355892906475,645.9944461673339,650.5838623046875,463600,380.658203125,132.0,,4.0,1.0,,,,,0,,
2023-02-22,652.3695556042175,653.8222539917489,641.9879267435425,646.2811889648438,354500,380.1336364746094,131.0,,4.0,1.0,,,,,0,,
2023-02-23,654.1738622251821,655.608036908249,647.4100583556461,653.544677734375,227000,382.1556396484375,130.0,,4.0,1.0,,,,,0,,
2023-02-24,649.5567410605038,649.5567410605038,632.3649985186037,633.6326293945312,286200,378.0733337402344,135.0,,4.0,1.0,,,,,0,,
2023-02-27,645.1986601602705,647.0584846696541,636.3344492053222,641.405029296875,458400,379.3609313964844,134.0,,4.0,1.0,,,,,0,,
2023-02-28,640.8498726091783,649.1959288772913,636.7694064995862,636.8434448242188,572900,377.9588928222656,132.0,,4.0,1.0,,,,,0,,
2023-03-01,633.6417444645199,635.7698796882745,621.0208967736711,625.4714965820312,443000,376.5090637207031,132.0,,4.0,1.0,,,,,1,,
2023-03-02,615.9874882394816,636.8988790447231,613.0636242446027,636.5657348632812,471000,379.43731689453125,133.0,,4.0,1.0,,,,,0,,
2023-03-03,636.9452451591318,654.4330870466631,636.8434777541839,652.7027587890625,403000,385.5226745605469,135.0,,4.0,1.0,,,,,0,,
2023-03-06,653.1675902994042,658.2069599462236,649.299747403285,650.3131713867188,179600,385.7897033691406,133.0,,4.0,1.0,,,,,0,,
2023-03-07,652.479618973351,653.6604526605191,635.7622645471328,637.417236328125,275800,379.8760681152344,134.0,,4.0,1.0,,,,,0,,
2023-03-08,639.0256507283985,655.0642848238696,638.2167502443743,645.2830810546875,366900,380.49603271484375,133.0,,4.0,1.0,,,,,0,,
2023-03-09,643.3212006449273,646.7706895705187,631.7455364014112,634.9253540039062,428600,373.4759521484375,133.0,,4.0,1.0,,,,,0,,
2023-03-10,635.5389169848161,636.7011367111936,616.7388779304586,618.8866577148438,477100,368.0869445800781,135.0,,4.0,1.0,,,,,0,,
2023-03-13,617.929077784176,645.4504801368084,617.929077784176,634.758056640625,435800,367.56231689453125,138.0,,4.0,1.0,,,,,0,,
2023-03-14,644.185893401182,647.7655075491349,634.1350192238448,642.9120483398438,500800,373.6380920410156,137.0,,4.0,1.0,,,,,0,,
2023-03-15,638.235303731769,649.7180121857298,637.5751424827703,646.1848754882812,492100,371.30126953125,135.0,,4.0,1.0,,,,,0,,
2023-03-16,642.5959983514441,656.5333294930285,639.3510896612545,653.241943359375,531400,377.8158264160156,134.0,,4.0,1.0,,,,,0,,
2023-03-17,654.8598049348923,657.3980751226633,641.5547133396087,642.335693359375,841400,373.3980712890625,134.0,,4.0,1.0,,,,,0,,
2023-03-20,642.1311253187067,644.5392130863623,635.4832050276716,641.0339965820312,429100,376.988525390625,132.0,,4.0,1.0,,,,,0,,
2023-03-21,643.6559502305034,643.6559502305034,628.2495574810122,639.6300048828125,501100,381.9386291503906,130.0,,4.0,1.0,,,,,0,,
2023-03-22,633.2331281173217,634.5627007519147,615.8556154856628,616.4692993164062,513200,375.4278869628906,138.0,,4.0,1.0,,,,,0,,
2023-03-23,616.4413063393872,634.2837047913276,615.3348709554845,619.5746459960938,385500,376.4428405761719,136.0,,4.0,1.0,,,,,0,,
2023-03-24,619.5747068655054,633.8281860351562,615.1954423361573,633.8281860351562,367000,378.91302490234375,137.0,,4.0,1.0,,,,,0,,
2023-03-27,638.3747579467446,644.9575294055502,637.1288334706495,639.3323974609375,356800,379.6216125488281,136.0,,4.0,1.0,,,,,0,,
2023-03-28,636.8872026254322,640.2065094919399,630.6576925699169,635.0834350585938,284600,378.76947021484375,134.0,,4.0,1.0,,0.00015559371554290866,,,0,,
2023-03-29,643.0237785933969,648.1003189954714,638.2818871668079,645.7387084960938,414200,384.27484130859375,134.0,,4.0,1.0,,0.00020078353869182737,,,0,,
2023-03-30,647.2821195121421,653.6045847423868,647.2821195121421,652.7120361328125,386900,386.52484130859375,133.0,,4.0,1.0,,0.0002474245882331807,,,0,,
2023-03-31,654.7576702781004,672.1165747710281,653.2235169608454,670.40576171875,614200,391.9727478027344,136.0,,1.0,1.0,,0.0003521840917871157,,,0,,
2023-04-03,664.0925078712954,667.8209187104167,655.975581552556,660.094482421875,519300,393.46636962890625,135.0,,1.0,1.0,,0.0004335932066508014,,,0,,
2023-04-04,656.6169930615853,665.1337144837571,651.3172596121212,660.5870971679688,421100,391.283447265625,133.0,,1.0,1.0,,0.0004998305358550863,0.00015559371554290866,,0,,
2023-04-05,660.1410905730594,667.9512332174813,653.9022719493996,654.3950805664062,455700,390.2588806152344,132.0,,1.0,1.0,,0.0005367963879120611,0.00020078353869182737,,0,,
2023-04-06,655.7430569052494,661.7308158776382,648.946397452423,661.2844848632812,272700,391.78125,131.0,,1.0,1.0,,0.0005604753168254145,0.0002474245882331807,,0,,
2023-04-10,655.3060179461045,657.1004785546975,644.6322091813895,656.6448974609375,310400,392.18341064453125,129.0,,1.0,1.0,,0.0006013219040785649,0.0003521840917871157,,0,,
2023-04-11,654.8970180466746,664.3249604260202,653.3350011567454,656.9146728515625,410000,392.2887878417969,127.0,,1.0,1.0,,0.0005991596028890848,0.0004335932066508014,,0,,
2023-04-12,663.3021634195362,669.0202512728831,658.8485004474472,661.1078491210938,304500,390.6897888183594,126.0,,1.0,1.0,,0.0006023346382640361,0.0004998305358550863,,0,,
2023-04-13,662.8000644304104,665.8218362420748,652.5911427463815,658.9415283203125,322900,395.8791809082031,124.0,,1.0,1.0,,0.0006031346584038221,0.0005367963879120611,,0,,
2023-04-14,656.8867300114249,660.8289710876301,636.3665673185243,640.318115234375,354800,394.9121398925781,128.0,,1.0,1.0,,0.0005823089068181131,0.0005604753168254145,,0,,
2023-04-17,637.5658757741149,658.7741176295636,636.952248675798,658.2255249023438,336400,396.32916259765625,132.0,,1.0,1.0,,0.0005607022042973418,0.0006013219040785649,,0,,
2023-04-18,659.1088036900882,659.1088036900882,651.1684817591289,656.0126342773438,336300,396.5876770019531,130.0,,1.0,1.0,,0.000514312137015715,0.0005991596028890848,,0,,
2023-04-19,649.8761848740443,661.0427457875885,648.9464089720693,657.3143920898438,211300,396.52069091796875,128.0,,1.0,1.0,,0.0005053726999257897,0.0006023346382640361,,0,,
2023-04-20,654.2553886086376,659.8898282663705,650.2852841235053,655.5106201171875,269300,394.3568420410156,126.0,,1.0,1.0,,0.0004906065402161083,0.0006031346584038221,,0,,
2023-04-21,656.2823162300704,666.7237384932437,653.9764900877863,662.9302368164062,251900,394.6631774902344,125.0,,1.0,1.0,,0.0004917480580092182,0.0005823089068181131,,0,,
2023-04-24,659.8898848002136,664.0924903683218,657.1470910722536,662.9581909179688,276900,395.074951171875,123.0,,1.0,1.0,,0.0005116653295493922,0.0005607022042973418,,0,,
2023-04-25,656.6355684485285,663.0975218383564,654.0972985838575,660.2059326171875,418900,388.8035583496094,122.0,,1.0,1.0,,0.0005253929062945958,0.000514312137015715,,0,,
2023-04-26,657.0168788921382,668.8715220374777,653.6324808763707,657.119140625,398400,387.1567077636719,120.0,,1.0,1.0,,0.000520286698420562,0.0005053726999257897,,0,,
2023-04-27,659.4621787993882,670.2940341171472,658.3092657491633,669.2899169921875,370800,394.86431884765625,121.0,,1.0,1.0,,0.0005316335029083357,0.0004906065402161083,,0,,
2023-04-28,664.8641942842012,674.5896142858084,662.9302444415466,673.232177734375,370200,398.2345275878906,119.0,,1.0,1.0,,0.0005149494190580614,0.0004917480580092182,,0,,
2023-05-01,672.1442593634157,673.9666405257844,666.2773758050698,671.3074951171875,280300,397.8323974609375,118.0,,1.0,1.0,,0.0004785941527268257,0.0005116653295493922,,0,,
2023-05-02,670.29405016525,671.9676354959363,653.6696519324597,653.79052734375,324000,393.36102294921875,121.0,,1.0,1.0,,0.00039002273480319725,0.0005253929062945958,,0,,
2023-05-03,657.3422764983343,659.3413174499584,646.3802386994819,648.6395874023438,377800,390.66107177734375,120.0,,4.0,1.0,,0.00034602024310509795,0.000520286698420562,,0,,
2023-05-04,654.0229108686771,681.9719705792651,651.7728692070727,678.1227416992188,597700,387.89398193359375,133.0,,4.0,1.0,,0.000375052647894191,0.0005316335029083357,,0,,
2023-05-05,683.3853607177734,690.1262367248536,676.2446878401563,688.0342407226562,431300,395.074951171875,132.0,,1.0,1.0,,0.00040623811796826966,0.0005149494190580614,,0,,
2023-05-08,684.8543656136189,692.6179718751488,682.6879718221631,688.145751953125,280200,395.18023681640625,130.0,,1.0,1.0,,0.0004128391676939721,0.0004785941527268257,,0,,
2023-05-09,682.1859426952683,685.3099763132572,674.8313830436039,677.11865234375,382100,393.4472351074219,130.0,,1.0,1.0,,0.0003565700104692995,0.00039002273480319725,,0,,
2023-05-10,678.1319929126848,699.7772019215325,676.2631911249696,697.6015014648438,378700,395.2855529785156,135.0,,1.0,1.0,,0.0003438315319252853,0.00034602024310509795,,0,,
2023-05-11,696.5044185018173,698.6986760302248,687.188102470522,691.2326049804688,572700,394.5962219238281,133.0,,1.0,1.0,,0.00034160865584815874,0.000375052647894191,,0,,
2023-05-12,691.7625320257193,694.5890301506038,681.8139191846451,687.3181762695312,300700,394.07916259765625,132.0,,1.0,1.0,,0.0003396627862958983,0.00040623811796826966,,0,,
2023-05-15,688.8152869542315,691.5580807954078,683.8130874606387,688.2760009765625,328000,395.4387512207031,130.0,,1.0,1.0,,0.000303501768028097,0.0004128391676939721,,0,,
2023-05-16,686.3607454861313,686.3607454861313,665.2268956167596,665.9893188476562,420100,392.7962341308594,135.0,,1.0,1.0,,0.0002449921133077875,0.0003565700104692995,,0,,
2023-05-17,668.741237606923,678.5596676888974,665.4591018255106,677.0069580078125,336000,397.5643005371094,135.0,,1.0,1.0,,0.00020640692924082143,0.0003438315319252853,,0,,
2023-05-18,672.4602870746177,675.4076602067094,666.2122214981829,670.53564453125,394100,401.39410400390625,134.0,,1.0,1.0,,0.00017015138505260756,0.00034160865584815874,,0,,
2023-05-19,670.8985360100992,678.0485163688801,669.4852582021648,672.7673950195312,351600,400.8100891113281,132.0,,1.0,1.0,,0.0001643359295662298,0.0003396627862958983,,0,,
2023-05-22,672.9159925545478,684.138394340149,669.7640386723407,675.6867065429688,401500,400.9728698730469,130.0,,1.0,1.0,,0.00016462441651028933,0.000303501768028097,,0,,
2023-05-23,670.1191922660744,677.8260069651052,646.6811659167209,650.9315795898438,495200,396.47283935546875,138.0,,1.0,4.0,,0.0001348682595420023,0.0002449921133077875,,0,,
2023-05-24,646.8491824462881,648.5213068462386,628.5770312348936,630.7255859375,492900,393.6004333496094,142.0,,4.0,4.0,,6.200021104831407e-05,0.00020640692924082143,,0,,
2023-05-25,638.9462857250664,665.29894117457,636.5735415326379,660.6935424804688,840500,397.0090026855469,154.0,,4.0,4.0,,7.177269013384228e-06,0.00017015138505260756,,0,,
2023-05-26,665.5884978764303,689.1479679350697,665.5884978764303,681.1422729492188,705200,402.15045166015625,157.0,,4.0,4.0,,4.119103270614473e-05,0.0001643359295662298,,0,,
2023-05-30,689.932748141218,703.3846659950639,682.1605352719475,686.1494140625,728400,402.3037109375,155.0,,4.0,4.0,,0.00012045987092383691,0.00016462441651028933,,0,,
2023-05-31,688.606208655424,697.807655068309,684.1222553629345,696.4624633789062,1292000,400.0728759765625,154.0,,4.0,4.0,,0.0001757565950007633,0.0001348682595420023,,0,,
2023-06-01,694.1830558740321,705.6825537834616,691.5674214176959,703.664794921875,512500,403.87396240234375,153.0,,1.0,4.0,,0.00019932328852030024,6.200021104831407e-05,,0,,
2023-06-02,704.7203672860385,712.4738771845708,690.2315490800671,707.7283325195312,527700,409.7144470214844,151.0,,1.0,4.0,,0.00023308677426851155,7.177269013384228e-06,,0,,
2023-06-05,707.4575304249487,710.5775905687321,699.7320147412736,703.4967041015625,369600,408.9293518066406,149.0,,1.0,4.0,,0.00024808439398597593,4.119103270614473e-05,,0,,
2023-06-06,705.2061557571334,705.2061557571334,692.071878583725,693.3610229492188,392100,409.8197326660156,148.0,,1.0,4.0,,0.0002383221898205996,0.00012045987092383691,,0,,
2023-06-07,693.3610711027504,693.8468522065453,678.1903324908538,690.2970581054688,392800,408.4027404785156,146.0,,1.0,4.0,,0.00019846156481272828,0.0001757565950007633,,0,,
2023-06-08,690.2971540948561,701.105386041305,687.756210679245,700.8998413085938,259900,410.8729553222656,145.0,,1.0,4.0,,0.00018210970008147268,0.00019932328852030024,,0,,
2023-06-09,703.8330293310819,705.9535893201231,693.4731769582918,694.7249755859375,320200,411.6101379394531,143.0,,1.0,4.0,,0.00017218887270024433,0.00023308677426851155,,0,,
2023-06-12,694.8931350516957,704.7018085644556,693.2864082823181,704.2440795898438,368300,415.3442687988281,142.0,,1.0,4.0,,0.00021150177322167474,0.00024808439398597593,,0,,
2023-06-13,703.8515899270162,709.6153360508863,700.311090176224,706.7755126953125,469100,418.0825500488281,140.0,,1.0,4.0,,0.0002483250061176478,0.0002383221898205996,,0,,
2023-06-14,709.9610869226569,726.9440966073196,707.5135940527484,724.7021484375,570000,418.58050537109375,142.0,,1.0,4.0,,0.00033343885567211923,0.00019846156481272828,,0,,
2023-06-15,721.6288186274778,731.9045724951673,717.2476085614094,728.280029296875,403500,423.76983642578125,140.0,,1.0,4.0,,0.00039046288965709106,0.00018210970008147268,,0,,
2023-06-16,733.109506616024,739.8821610217792,727.0094194867562,727.345703125,904600,422.3264465332031,138.0,,1.0,4.0,,0.0004181798158192922,0.00017218887270024433,,0,,
2023-06-20,727.3925424382902,730.0549309716158,716.1919802144844,728.8685302734375,735100,420.13531494140625,136.0,,1.0,4.0,,0.00040036641112392986,0.00021150177322167474,,0,,
2023-06-21,722.572202205658,731.7363024507067,688.970520312665,717.434326171875,911100,417.9826354980469,136.0,,1.0,4.0,,0.00036708283873384054,0.0002483250061176478,,0,,
2023-06-22,707.719033261824,708.8120406490141,688.6995643935885,697.8076171875,666000,419.4914855957031,139.0,,1.0,4.0,,0.00032507019524264286,0.00033343885567211923,,0,,
2023-06-23,696.9576616048754,703.0950957091626,694.2205814029458,696.9856567382812,789400,416.320068359375,137.0,,1.0,4.0,,0.00026546328801055184,0.00039046288965709106,,0,,
2023-06-26,701.9926702816991,712.8849997805294,698.6857668457196,709.905029296875,340600,414.6191101074219,137.0,,1.0,4.0,,0.00024982586706584356,0.0004181798158192922,,0,,
2023-06-27,704.0759252237934,716.6590245098992,704.0759252237934,714.83740234375,416000,419.1646728515625,136.0,,1.0,4.0,,0.0002593457794993128,0.00040036641112392986,,0,,
2023-06-28,717.9948900734661,722.5442417777225,714.1088120673625,718.555419921875,479800,419.37615966796875,134.0,,1.0,4.0,,0.0002825332449192728,0.00036708283873384054,,0,,
2023-06-29,713.8752418072932,725.8885174627658,711.2689577253972,725.869873046875,367000,421.029052734375,133.0,,1.0,3.0,,0.0003226983365049304,0.00032507019524264286,,0,,
2023-06-30,732.9413491397992,735.1646527901278,720.9654773307437,732.3248291015625,813000,425.9974670410156,131.0,,1.0,3.0,,0.0003499416533457791,0.00026546328801055184,,0,,
2023-07-03,722.1706015233833,737.3133456575389,720.8908077291734,731.7830810546875,252900,426.48760986328125,129.0,,1.0,3.0,,0.00038731123389589846,0.00024982586706584356,,0,,
2023-07-05,733.8287251035958,741.0217621209385,731.4092847808716,738.0978393554688,399900,425.85333251953125,128.0,,1.0,3.0,,0.00037718541974587075,0.0002593457794993128,,0,,
2023-07-06,731.6242902177947,734.4361190862165,720.433079043048,729.8961181640625,462300,422.51861572265625,127.0,,1.0,3.0,,0.00034777162535043786,0.0002825332449192728,,0,,
2023-07-07,727.4764364117609,731.5960531666311,720.7971756977972,721.46044921875,252100,421.4519348144531,126.0,,1.0,3.0,,0.00032018143838683297,0.0003226983365049304,,0,,
2023-07-10,721.3016665887413,732.2313401504499,720.5356492365087,731.8670043945312,313400,422.51861572265625,126.0,,1.0,3.0,,0.0003363396256590918,0.0003499416533457791,,0,,
2023-07-11,733.0908566050898,736.9022424888458,729.0739830446233,735.3048095703125,341100,425.20947265625,124.0,,1.0,3.0,,0.0003602431305738571,0.00038731123389589846,,0,,
2023-07-12,742.1707504590296,744.0484194914245,729.008479836888,738.8078002929688,499000,428.63067626953125,122.0,,1.0,3.0,,0.00038020162206478075,0.00037718541974587075,,0,,
2023-07-13,739.0041420336132,749.690927231347,732.5117231763109,748.6726684570312,362800,432.03265380859375,122.0,,1.0,3.0,,0.0003687622247513964,0.00034777162535043786,,0,,
2023-07-14,747.3648069336098,753.6330365394347,746.0009708077255,752.68017578125,335200,431.7635192871094,120.0,,1.0,3.0,,0.0003641155232058948,0.00032018143838683297,,0,,
2023-07-17,751.2321732982225,758.5279547064049,749.588043907665,754.3989868164062,358000,433.2627258300781,119.0,,1.0,3.0,,0.0003612933444797686,0.0003363396256590918,,0,,
2023-07-18,751.8394755643764,753.147264426939,739.910242579208,743.5814819335938,469000,436.482177734375,118.0,,1.0,3.0,,0.00032559088246828335,0.0003602431305738571,,0,,
2023-07-19,749.6721579975768,762.4794449809253,749.6721579975768,759.21923828125,363200,437.4527587890625,120.0,,1.0,3.0,,0.00033066969728441994,0.00038020162206478075,,0,,
2023-07-20,753.053885276984,758.5280454123605,743.5535006029177,757.1455078125,358400,434.5505065917969,118.0,,1.0,3.0,,0.00033769389903053965,0.0003687622247513964,,0,,
2023-07-21,756.8464522754972,760.966069302381,753.0444174505944,753.9785766601562,312000,434.5505065917969,117.0,1.0,1.0,3.0,3.0,0.0003633956883206567,0.0003641155232058948,,0,1.0,1.0
2023-07-24,753.1753474195704,765.5903049974029,750.3448171430796,765.169921875,329500,436.4917907714844,117.0,1.0,1.0,3.0,3.0,0.0003742449907250556,0.0003612933444797686,,0,1.0,2.0
2023-07-25,762.7316530898701,765.7116232849684,759.0043669214215,762.7129516601562,297100,437.68341064453125,115.0,1.0,1.0,3.0,3.0,0.0003758907889905762,0.00032559088246828335,,0,1.0,3.0
2023-07-26,764.3759798483321,764.3759798483321,753.6798426041831,759.4996948242188,259500,437.7506408691406,114.0,1.0,1.0,3.0,3.0,0.0003675779874740311,0.00033066969728441994,,0,1.0,4.0
2023-07-27,766.0106138163007,767.5332980124066,742.4511440129717,743.6561889648438,416200,434.848388671875,115.0,1.0,1.0,3.0,3.0,0.00030815967655262747,0.00033769389903053965,,0,1.0,5.0
2023-07-28,755.3144503450764,761.3397889121709,744.552974554042,744.8612060546875,394000,439.1057434082031,114.0,1.0,1.0,3.0,3.0,0.0002586935665490469,0.0003633956883206567,,0,1.0,6.0
2023-07-31,745.8328227379565,757.6405531918589,742.890198077896,756.5942993164062,431900,439.9417724609375,114.0,1.0,1.0,3.0,3.0,0.0002467679813016548,0.0003742449907250556,,0,1.0,7.0
2023-08-01,751.9422173923751,756.5943126353559,750.3634858355693,752.147705078125,298900,438.682861328125,113.0,1.0,1.0,3.0,3.0,0.0002686378701892331,0.0003758907889905762,,0,1.0,8.0
2023-08-02,749.382632305014,759.0138127985931,746.1130746221968,752.5867919921875,386100,432.5804443359375,111.0,1.0,1.0,3.0,3.0,0.0002837732803215172,0.0003675779874740311,,0,1.0,9.0
2023-08-03,702.4971550567293,718.0322290145831,691.5207831139022,709.4192504882812,910900,431.3407287597656,136.0,1.0,4.0,4.0,6.0,0.00020457367282722102,0.00030815967655262747,,1,2.0,10.0
2023-08-04,708.0928684993106,723.4411015378549,703.2726307878455,707.9807739257812,418700,429.38983154296875,134.0,1.0,4.0,4.0,6.0,0.00014334351499316244,0.0002586935665490469,,0,2.0,11.0
2023-08-07,708.5225679575477,726.5518332008996,708.1021848189497,723.2916259765625,296600,433.1377868652344,135.0,1.0,4.0,4.0,6.0,0.00010304391780094909,0.0002467679813016548,,0,2.0,12.0
2023-08-08,721.5726434475024,725.2158874342051,715.5286602936253,723.4970092773438,270400,431.2542419433594,133.0,1.0,4.0,4.0,6.0,0.0001300655871868174,0.0002686378701892331,,0,2.0,13.0
2023-08-09,723.3849147254351,725.3186312706952,716.4628195705689,723.4970092773438,260700,428.3711853027344,131.0,1.0,4.0,4.0,6.0,0.00014181082226950043,0.0002837732803215172,,0,2.0,14.0
2023-08-10,728.812472930641,735.3328872891149,721.1991080401839,723.1234741210938,227400,428.5249328613281,129.0,1.0,4.0,4.0,6.0,0.00013621310794458623,0.00020457367282722102,,0,2.0,15.0
2023-08-11,716.2854356644577,724.5994202802814,711.5492405700406,723.1981811523438,252800,428.2751159667969,127.0,1.0,4.0,4.0,6.0,0.00013473684813126635,0.00014334351499316244,,0,2.0,16.0
2023-08-14,718.6581111403756,728.4480826633783,716.7991431982427,719.4708251953125,406900,430.63916015625,125.0,1.0,4.0,4.0,6.0,0.00013663839015272592,0.00010304391780094909,,0,2.0,17.0
2023-08-15,714.6317308463548,718.8073947684551,709.6619974578297,710.138427734375,344300,425.6227111816406,125.0,1.0,4.0,4.0,6.0,0.00012888875633993368,0.0001300655871868174,,0,2.0,18.0
2023-08-16,710.1385466486661,712.9783703391232,703.6554789528918,704.12255859375,290600,422.4994201660156,124.0,1.0,4.0,4.0,6.0,0.0001017443670717703,0.00014181082226950043,,0,2.0,19.0
2023-08-17,705.8599658560057,710.493415662304,703.7674585294674,704.20654296875,295100,419.280029296875,122.0,1.0,4.0,4.0,6.0,9.649839890301549e-05,0.00013621310794458623,,0,2.0,20.0
2023-08-18,695.8177875493486,706.336428954422,695.8177875493486,700.404541015625,289600,419.4818420410156,120.0,1.0,4.0,4.0,6.0,9.56232592881931e-05,0.00013473684813126635,,0,2.0,21.0
2023-08-21,700.0030226636916,702.8055008347877,689.9234063510478,696.6400146484375,266500,422.2110595703125,119.0,1.0,4.0,4.0,6.0,0.00010871238811796444,0.00013663839015272592,,0,2.0,22.0
2023-08-22,701.6512294413036,710.1911628732955,698.5355670848651,706.5217895507812,222100,421.0674743652344,118.0,1.0,4.0,4.0,6.0,0.00011895065307006561,0.00012888875633993368,,0,2.0,23.0
2023-08-23,712.7437080088458,717.3421380278313,710.9231118832703,713.400634765625,311300,425.75726318359375,117.0,1.0,4.0,4.0,6.0,0.0001315461126152203,0.0001017443670717703,,0,2.0,24.0
2023-08-24,723.948922791372,736.4960024417761,715.118128051528,718.0648193359375,471000,419.8566589355469,116.0,1.0,4.0,4.0,6.0,0.00013466263079092535,9.649839890301549e-05,,0,2.0,25.0
2023-08-25,715.8124842687712,727.3460198379271,715.8124842687712,723.47021484375,243400,422.816650390625,115.0,1.0,1.0,3.0,3.0,0.00012598181676538856,9.56232592881931e-05,,0,1.0,26.0
2023-08-28,728.7256207777625,738.3165576598033,727.3273386585801,730.5743408203125,411000,425.4977722167969,114.0,1.0,1.0,3.0,3.0,0.000141963832781009,0.00010871238811796444,,0,1.0,27.0
2023-08-29,730.1520866084285,742.7273476012355,727.9748743358406,741.9296875,387100,431.64825439453125,114.0,1.0,1.0,3.0,3.0,0.00019022345237819228,0.00011895065307006561,,0,1.0,28.0
2023-08-30,745.3080488472549,749.3433747795792,740.7565865651814,743.7595825195312,330900,433.4261474609375,112.0,1.0,1.0,3.0,3.0,0.00023318389725344825,0.0001315461126152203,,0,1.0,29.0
2023-08-31,740.0434160706255,743.2529011969102,732.2073189194533,733.2865600585938,545900,432.79180908203125,112.0,1.0,1.0,3.0,3.0,0.00025539433897720003,0.00013466263079092535,,0,1.0,30.0
2023-09-01,739.8461038990911,742.9242485659325,728.0779570340758,729.6639404296875,234800,433.5991516113281,111.0,1.0,1.0,3.0,3.0,0.0002406364890713301,0.00012598181676538856,,0,1.0,31.0
2023-09-05,721.7340509941404,723.7892596470203,715.2212029721868,721.2554321289062,426700,431.7251281738281,110.0,1.0,1.0,3.0,3.0,0.00019483094668392486,0.000141963832781009,,1,1.0,32.0
2023-09-06,718.9938221292351,723.2355791368883,714.9866204513551,720.6454467773438,389000,428.8228454589844,109.0,1.0,1.0,3.0,3.0,0.0001454020662394748,0.00019022345237819228,,0,1.0,33.0
2023-09-07,719.2753099440155,730.386530440456,719.2753099440155,727.815185546875,363200,427.5063171386719,108.0,1.0,1.0,3.0,3.0,0.00012153321825954067,0.00023318389725344825,,0,1.0,34.0
2023-09-08,727.2990721064416,731.0059627038389,721.6871569501363,723.9581909179688,251400,428.150146484375,107.0,1.0,1.0,3.0,3.0,0.00014227933168366356,0.00025539433897720003,,0,1.0,35.0
2023-09-11,727.5994316732846,729.2792374091094,723.2168839778107,726.9425048828125,283300,430.9659118652344,105.0,1.0,1.0,3.0,3.0,0.00017339315724432548,0.0002406364890713301,,0,1.0,36.0
2023-09-12,721.8748597558985,729.5889525827355,721.3118123722486,725.5160522460938,315300,428.60186767578125,104.0,1.0,1.0,3.0,3.0,0.00018913379923160087,0.00019483094668392486,,0,1.0,37.0
2023-09-13,725.70374619156,726.3606729845789,717.9146186475489,721.6027221679688,229200,429.10162353515625,102.0,1.0,1.0,3.0,3.0,0.00021061885203412447,0.0001454020662394748,,0,1.0,38.0
2023-09-14,729.176058848826,738.0350341071887,724.5401109583134,734.02783203125,260700,432.80145263671875,104.0,1.0,1.0,3.0,3.0,0.000240123524062081,0.00012153321825954067,,0,1.0,39.0
2023-09-15,730.2082611280073,733.9057581359115,723.8268096207556,728.4439697265625,601100,427.5869140625,103.0,1.0,1.0,3.0,3.0,0.00029062855783191605,0.00014227933168366356,,0,1.0,40.0
2023-09-18,724.7277494335297,729.2510874494322,719.5568783197838,722.1094360351562,260500,427.837646484375,102.0,1.0,1.0,3.0,3.0,0.0003028325460060269,0.00017339315724432548,,0,1.0,41.0
2023-09-19,720.0825023068363,723.4045966939177,707.9671306888374,709.69384765625,322000,426.950439453125,103.0,1.0,4.0,3.0,4.0,0.00026795098057905435,0.00018913379923160087,,0,2.0,42.0
2023-09-20,715.1275387615033,720.5423597783008,709.6844794545351,711.0734252929688,355400,423.02532958984375,102.0,1.0,4.0,3.0,4.0,0.0002112217501613951,0.00021061885203412447,,0,2.0,43.0
2023-09-21,705.7147950528165,705.7147950528165,687.9311461420008,688.3628540039062,306800,416.033447265625,109.0,1.0,4.0,3.0,4.0,0.00012192974303099471,0.000240123524062081,,1,2.0,44.0
2023-09-22,689.7611655746396,697.5409001416174,685.6789285265069,686.861328125,419200,415.09783935546875,108.0,1.0,4.0,3.0,4.0,4.4318469135285833e-05,0.00029062855783191605,,0,2.0,45.0
2023-09-25,686.4296249138408,692.3887626360689,682.8822545548082,688.212646484375,376100,416.8435363769531,106.0,1.0,4.0,3.0,4.0,-1.0452258312980644e-05,0.0003028325460060269,,0,2.0,46.0
2023-09-26,684.8717625731462,685.594387779659,665.1173912115631,667.2664794921875,385200,410.71954345703125,113.0,1.0,4.0,3.0,4.0,-4.8475257869069874e-05,0.00026795098057905435,,0,2.0,47.0
2023-09-27,670.9920897709701,674.1546632901304,657.1593389310164,663.5783081054688,430000,410.883544921875,111.0,1.0,4.0,3.0,4.0,-6.0948564481025894e-05,0.0002112217501613951,,0,2.0,48.0
2023-09-28,666.5907477343429,679.0346100691168,663.8880058119273,676.5946044921875,472000,413.2655334472656,113.0,1.0,4.0,3.0,4.0,-6.570052587772118e-05,0.00012192974303099471,,0,2.0,49.0
2023-09-29,687.8653804155285,690.1645954332901,677.5236955877504,681.5590209960938,494500,412.2626037597656,112.0,1.0,4.0,3.0,4.0,-2.682017051418567e-05,4.4318469135285833e-05,,0,2.0,50.0
2023-10-02,678.4152104402981,685.7445063887333,661.6075875671827,668.8148803710938,368100,412.0986328125,113.0,1.0,4.0,3.0,4.0,-1.1858038308360443e-05,-1.0452258312980644e-05,,0,2.0,51.0
2023-10-03,665.6710994524834,672.5311702158609,655.2073536193632,658.022705078125,341700,406.582275390625,113.0,4.0,4.0,3.0,10.0,-3.241829935661322e-05,-4.8475257869069874e-05,,0,4.0,1.0
2023-10-04,664.5355115873544,673.957533251384,658.6232853547062,671.8648071289062,371000,409.5429992675781,115.0,4.0,4.0,3.0,10.0,-5.0756377087283626e-05,-6.0948564481025894e-05,,0,4.0,2.0
2023-10-05,675.59979981885,677.3922721523107,666.4686957889728,676.6133422851562,234800,409.38861083984375,114.0,4.0,4.0,3.0,10.0,-3.249958287198734e-05,-6.570052587772118e-05,,0,4.0,3.0
2023-10-06,670.0349456284641,684.0741873204629,664.7045530575288,679.119140625,284000,414.24932861328125,112.0,4.0,4.0,3.0,10.0,-1.5598910392415397e-05,-2.682017051418567e-05,,0,4.0,4.0
2023-10-09,676.3412533753518,687.3117414692391,675.4872313866198,686.373291015625,180400,416.9013671875,112.0,1.0,4.0,3.0,4.0,-2.434617319800109e-06,-1.1858038308360443e-05,,0,2.0,5.0
2023-10-10,686.0823331119776,699.8118670190795,682.4880520491213,693.3177490234375,267400,419.0712890625,111.0,1.0,4.0,3.0,4.0,-3.375508260911437e-06,-3.241829935661322e-05,,0,2.0,6.0
2023-10-11,699.9714552322336,709.2621379835894,698.4511700225166,708.0233764648438,445300,420.7879333496094,113.0,1.0,1.0,3.0,3.0,2.7686688360791852e-05,-5.0756377087283626e-05,,0,1.0,1.0
2023-10-12,708.0233888825446,710.7354673113509,693.8715392239754,697.5784301757812,270900,418.22259521484375,113.0,1.0,1.0,3.0,3.0,2.463508274442127e-05,-3.249958287198734e-05,,0,1.0,2.0
2023-10-13,700.1403929448578,703.1152650564951,693.7683345317165,696.930908203125,263800,416.13946533203125,111.0,1.0,1.0,3.0,3.0,2.3518886646594433e-05,-1.5598910392415397e-05,,0,1.0,3.0
2023-10-16,702.4207515310156,707.281917873545,696.6211347606977,705.1610107421875,292000,420.5179138183594,111.0,1.0,1.0,3.0,3.0,2.4943647194351237e-05,-2.434617319800109e-06,,0,1.0,4.0
2023-10-17,694.0967284363936,703.7815441099409,690.41801865106,697.193603515625,311200,420.4985656738281,110.0,1.0,1.0,3.0,3.0,4.812108434371727e-05,-3.375508260911437e-06,,0,1.0,5.0
2023-10-18,690.6996537818555,694.1625388480695,683.5767883996989,687.818603515625,277300,414.8953857421875,110.0,1.0,1.0,3.0,3.0,3.7508413105935284e-05,2.7686688360791852e-05,,0,1.0,6.0
2023-10-19,683.4828188380685,691.5628631570632,660.2936884841864,660.4907836914062,409600,411.24993896484375,122.0,4.0,1.0,4.0,11.0,-4.1411849968712296e-05,2.463508274442127e-05,,0,2.0,7.0
2023-10-20,662.7900141157361,674.7646508440454,661.4480368656282,662.1893920898438,434000,406.19647216796875,120.0,4.0,4.0,4.0,12.0,-0.0001133183834007809,2.3518886646594433e-05,,0,4.0,1.0
2023-10-23,657.7412083339351,666.9755294210364,654.4378441578797,656.3992309570312,376800,405.49249267578125,119.0,4.0,4.0,4.0,12.0,-0.00015287917472344892,2.4943647194351237e-05,,0,4.0,2.0
2023-10-24,657.769308816958,667.8764389398656,657.0279535488979,660.8099365234375,450700,408.5496520996094,118.0,4.0,4.0,4.0,12.0,-0.00012968382976007528,4.812108434371727e-05,,0,4.0,3.0
2023-10-25,654.0624332194855,657.3094350535654,636.0816908798242,640.2484130859375,610400,402.68603515625,124.0,4.0,4.0,4.0,12.0,-0.00016421157967230768,3.7508413105935284e-05,,0,4.0,4.0
2023-10-26,653.6401862030679,682.7509399009966,643.5706303701099,675.2245483398438,671000,397.86407470703125,142.0,4.0,4.0,4.0,12.0,-0.00016200965125004455,-4.1411849968712296e-05,,0,4.0,5.0
2023-10-27,682.1315401409506,682.1315401409506,664.0663672270566,666.6658935546875,338500,396.0605773925781,141.0,4.0,4.0,4.0,12.0,-0.0001820357321579493,-0.0001133183834007809,,0,4.0,6.0
2023-10-30,672.8596214905476,680.7989334193828,664.2915637584614,671.3018188476562,608100,400.7958068847656,139.0,4.0,4.0,4.0,12.0,-0.0001326071268206365,-0.00015287917472344892,,0,4.0,7.0
2023-10-31,677.026379397705,685.2284281126514,667.7638769696065,684.7310791015625,372700,403.3129577636719,139.0,4.0,4.0,4.0,12.0,-0.00011402779664996836,-0.00012968382976007528,,0,4.0,8.0
2023-11-01,684.8905968497627,695.335556103035,684.5058573249689,693.636962890625,345800,407.6141662597656,138.0,1.0,4.0,4.0,6.0,-7.104021630151211e-05,-0.00016421157967230768,,0,2.0,9.0
2023-11-02,699.1456469695352,722.344116647796,699.1456469695352,716.216064453125,476500,415.42584228515625,143.0,1.0,1.0,4.0,5.0,4.635308299642663e-06,-0.00016200965125004455,,0,2.0,10.0
2023-11-03,726.9236859633692,735.379133569651,719.6037840066913,723.320068359375,387200,419.21588134765625,142.0,1.0,1.0,4.0,5.0,7.96498442543892e-05,-0.0001820357321579493,,0,2.0,11.0
2023-11-06,720.6456207603748,723.3953315978747,708.295635283437,714.8366088867188,407300,420.1802978515625,141.0,1.0,1.0,4.0,5.0,0.00014381886195108634,-0.0001326071268206365,,0,2.0,12.0
2023-11-07,717.1451375705478,717.1451375705478,708.7929620060057,711.3455200195312,343200,421.3761291503906,139.0,1.0,1.0,4.0,5.0,0.00016375320568886946,-0.00011402779664996836,,0,2.0,13.0
2023-11-08,716.5632015686438,717.9051787980087,706.9534784167806,713.166015625,313600,421.684814453125,137.0,1.0,1.0,4.0,5.0,0.00018469465376428666,-7.104021630151211e-05,,0,2.0,14.0
2023-11-09,715.1461514671564,718.1210233452869,708.1077731167577,710.4163818359375,333100,418.3962097167969,135.0,1.0,1.0,4.0,5.0,0.00018550148108602876,4.635308299642663e-06,,0,2.0,15.0
2023-11-10,716.2817262660129,720.7674897990087,707.816884563143,720.044921875,274600,424.9251708984375,134.0,1.0,1.0,4.0,5.0,0.00018875579528839775,7.96498442543892e-05,,0,2.0,16.0
2023-11-13,713.7009933510757,718.4870679523443,709.4028740566383,715.6060180664062,275200,424.5201721191406,132.0,1.0,1.0,4.0,5.0,0.00020574981863629948,0.00014381886195108634,,0,2.0,17.0
2023-11-14,736.1036365313602,743.2947982186844,732.3192996454591,741.7943115234375,494300,432.75616455078125,139.0,1.0,1.0,4.0,5.0,0.00029981801100705484,0.00016375320568886946,,0,2.0,18.0
2023-11-15,741.605682470992,741.605682470992,733.4330110046702,737.0474853515625,376500,433.6722717285156,137.0,1.0,1.0,4.0,5.0,0.00034368320110450713,0.00018469465376428666,,0,2.0,19.0
2023-11-16,739.0291641568505,740.8222601833846,731.6870320908613,736.4528198242188,408600,434.2027282714844,135.0,1.0,1.0,4.0,5.0,0.00034251955328483175,0.00018550148108602876,,0,2.0,20.0
2023-11-17,742.2945692893029,742.2945692893029,729.8185820924555,731.04541015625,357000,434.7427673339844,134.0,1.0,1.0,4.0,5.0,0.0002672556290135706,0.00018875579528839775,,0,2.0,21.0
2023-11-20,728.6953610885862,740.8221723344705,727.6195036002441,740.1993408203125,270700,438.0892333984375,133.0,1.0,1.0,4.0,5.0,0.00023472298957357435,0.00020574981863629948,,0,2.0,22.0
2023-11-21,740.9449667866178,748.5513690209125,739.8124880896471,743.9554443359375,276800,437.1344909667969,131.0,1.0,1.0,4.0,5.0,0.00021702060535111803,0.00029981801100705484,,0,2.0,23.0
2023-11-22,750.2594998858976,752.8170089800925,745.7673708969545,749.6460571289062,282000,438.8221740722656,129.0,1.0,1.0,4.0,5.0,0.00020510566103068887,0.00034368320110450713,,0,2.0,24.0
2023-11-24,744.1724382123155,750.2594604492188,744.1724382123155,750.2594604492188,87800,439.0922546386719,128.0,1.0,1.0,4.0,5.0,0.00020815841463545735,0.00034251955328483175,,0,2.0,25.0
2023-11-27,748.6267958712513,754.449547800462,743.304186934862,751.5994873046875,234200,438.3014221191406,126.0,1.0,1.0,4.0,5.0,0.00022792846708319156,0.0002672556290135706,,0,2.0,26.0
2023-11-28,749.6649299816859,754.2136799035515,747.0130717343195,752.0714111328125,301900,438.73541259765625,124.0,1.0,1.0,4.0,5.0,0.00025148899707405203,0.00023472298957357435,,0,2.0,27.0
2023-11-29,754.9781018414448,765.3779436263933,751.278725270494,762.8204345703125,437400,438.4267883300781,124.0,1.0,1.0,4.0,5.0,0.00027623556024383185,0.00021702060535111803,,0,2.0,28.0
2023-11-30,763.4717106648602,770.2381867067079,759.4892282771341,769.1434936523438,608800,440.153076171875,122.0,1.0,1.0,4.0,5.0,0.0003151253463469065,0.00020510566103068887,,0,2.0,29.0
2023-12-01,770.5967715854051,778.4391050447971,764.0567800810252,778.0238647460938,376000,442.7569580078125,121.0,1.0,1.0,3.0,3.0,0.0003947529313323821,0.00020815841463545735,,0,1.0,1.0
2023-12-04,771.7007868085844,777.315947580234,769.3320915589301,776.0513916015625,479500,440.4327697753906,120.0,1.0,1.0,3.0,3.0,0.00045095729481171094,0.00022792846708319156,,0,1.0,2.0
2023-12-05,773.8525155567285,776.1646473976502,767.2087293299918,775.2492065429688,382100,440.3459777832031,118.0,1.0,1.0,3.0,3.0,0.000475182492243868,0.00025148899707405203,,0,1.0,3.0
2023-12-06,776.551635152879,777.6085999525997,762.2825527563897,762.81103515625,343000,438.57147216796875,118.0,1.0,1.0,3.0,3.0,0.00043260329802833567,0.00027623556024383185,,0,1.0,4.0
2023-12-07,763.6886844741969,769.1339827596834,758.6869657996156,764.5191650390625,367200,441.91790771484375,117.0,1.0,1.0,3.0,3.0,0.00042792056045062084,0.0003151253463469065,,0,1.0,5.0
2023-12-08,759.1400049317616,763.0281957203254,751.3260103806192,756.6486206054688,562900,443.81781005859375,116.0,1.0,1.0,3.0,3.0,0.00037312568841378624,0.0003947529313323821,,0,1.0,6.0
2023-12-11,750.1273899828597,755.3650392975815,742.3605708167107,752.3168334960938,444800,445.54412841796875,114.0,1.0,1.0,3.0,3.0,0.0003601587969735101,0.00045095729481171094,,0,1.0,7.0
2023-12-12,752.3167864881502,761.584149469312,745.7107281903991,757.6771240234375,382800,447.5790100097656,113.0,1.0,1.0,3.0,3.0,0.00033760016590324537,0.000475182492243868,,0,1.0,8.0
2023-12-13,759.2814535956932,765.0193031381407,751.4768492529387,764.0472412109375,778500,453.7511901855469,112.0,1.0,1.0,3.0,3.0,0.0003687421519199864,0.00043260329802833567,,0,1.0,9.0
2023-12-14,772.814569157769,772.814569157769,754.6195672158962,759.970458984375,646400,455.2073669433594,110.0,1.0,1.0,3.0,3.0,0.0003611754811054029,0.00042792056045062084,,0,1.0,10.0
2023-12-15,755.4311311943828,764.2360801452814,750.5709938319736,758.4982299804688,1098900,454.4579162597656,109.0,1.0,1.0,3.0,3.0,0.00030516070922141604,0.00037312568841378624,,0,1.0,11.0
2023-12-18,765.7648032952499,767.1332125511507,751.4013733298323,760.39501953125,510100,457.0142517089844,107.0,1.0,1.0,3.0,3.0,0.0002465827781498195,0.0003601587969735101,,0,1.0,12.0
2023-12-19,760.4894679637221,765.0004321738555,758.4038202195514,763.9340209960938,429900,459.79327392578125,106.0,1.0,1.0,3.0,3.0,0.00022231525213929482,0.00033760016590324537,,0,1.0,13.0
2023-12-20,768.1336577700272,768.1336577700272,749.230864415603,749.7216186523438,381500,453.421875,107.0,1.0,1.0,3.0,3.0,0.0001998842823548951,0.0003687421519199864,,0,1.0,14.0
2023-12-21,753.656869219594,756.7711999785596,747.3056343522679,756.488037109375,457900,457.7211608886719,106.0,1.0,1.0,3.0,3.0,0.00019379480849627845,0.0003611754811054029,,0,1.0,15.0
2023-12-22,760.1496660188743,764.5662809015877,750.4198882579676,754.6760864257812,222700,458.6410217285156,105.0,1.0,1.0,3.0,3.0,0.0001726127408985227,0.00030516070922141604,,0,1.0,16.0
2023-12-26,752.647139056599,760.3384439544946,752.647139056599,758.8851318359375,166400,460.5776672363281,104.0,1.0,1.0,3.0,3.0,0.00018254849910340098,0.0002465827781498195,,0,1.0,17.0
2023-12-27,756.8561156956248,762.4052094624637,756.8561156956248,761.4614868164062,231600,461.4104309082031,102.0,1.0,1.0,3.0,3.0,0.00019991434451931055,0.00022231525213929482,,0,1.0,18.0
2023-12-28,763.9246022699969,768.7659041357655,762.3203198242456,768.2752075195312,219600,461.584716796875,101.0,1.0,1.0,3.0,3.0,0.00020590923611994401,0.0001998842823548951,,0,1.0,19.0
2023-12-29,753.7324194481473,765.2552940504427,753.7324194481473,760.0648193359375,312900,460.24847412109375,101.0,1.0,1.0,3.0,3.0,0.00019078231685744132,0.00019379480849627845,,0,1.0,20.0
2024-01-02,757.563942765236,766.9539950484417,755.02532642576,764.8683471679688,309900,457.6726989746094,100.0,1.0,1.0,1.0,1.0,0.0001629478804478365,0.0001726127408985227,,0,1.0,21.0
2024-01-03,759.5457823087893,762.556259942949,748.4570408889606,751.6751098632812,304100,453.93505859375,101.0,1.0,1.0,1.0,1.0,0.00012508785292418632,0.00018254849910340098,,0,1.0,22.0
2024-01-04,751.2220978444348,756.0350601627435,746.3430104304867,750.146240234375,376100,452.4728698730469,100.0,1.0,1.0,1.0,1.0,8.81813121254927e-05,0.00019991434451931055,,0,1.0,23.0
2024-01-05,749.8820264510225,753.9211872124405,742.2567885878369,744.0215454101562,347500,453.09259033203125,99.0,1.0,1.0,1.0,1.0,2.877453414932073e-05,0.00020590923611994401,,0,1.0,24.0
2024-01-08,744.465057897526,759.4042040174262,742.7474757116396,758.0546875,374500,459.5609436035156,101.0,1.0,1.0,1.0,1.0,2.5816707621384704e-05,0.00019078231685744132,,0,1.0,25.0
2024-01-09,753.2889138622514,758.2717397446776,749.3913345199988,753.7418823242188,325000,458.8637390136719,100.0,1.0,1.0,1.0,1.0,1.7240778944815135e-05,0.0001629478804478365,,0,1.0,26.0
2024-01-10,758.7435816411972,762.8676451087073,752.1753087100104,759.12109375,222300,461.45880126953125,99.0,1.0,1.0,1.0,1.0,3.5240006008469995e-05,0.00012508785292418632,,0,1.0,27.0
2024-01-11,756.2805468428891,761.9145440483168,754.676206637569,755.9596557617188,195100,461.2554931640625,97.0,1.0,1.0,1.0,1.0,2.084447935802547e-05,8.81813121254927e-05,,0,1.0,28.0
2024-01-12,764.0095322064752,769.8889057263974,761.6313327600988,769.15283203125,283700,461.5750427246094,99.0,1.0,1.0,1.0,1.0,3.2732822237195185e-05,2.877453414932073e-05,,0,1.0,29.0
2024-01-16,773.4750020968866,779.5148496378142,769.1527941606668,773.0220336914062,323200,459.8805236816406,97.0,1.0,1.0,1.0,1.0,4.001733845004994e-05,2.5816707621384704e-05,,0,1.0,30.0
2024-01-17,762.9714438022036,767.6617754515056,746.3242195828252,753.9022827148438,366500,457.32415771484375,102.0,1.0,1.0,1.0,1.0,2.0486231543562904e-05,1.7240778944815135e-05,,1,1.0,31.0
2024-01-18,757.0825692597225,757.0920157018421,743.5024447090226,749.0703735351562,607000,461.3910827636719,101.0,1.0,4.0,1.0,2.0,8.303407508550062e-07,3.5240006008469995e-05,,0,2.0,32.0
2024-01-19,749.5517626886766,760.7631930955538,745.5409411697256,757.5167846679688,516200,467.1427917480469,100.0,1.0,4.0,1.0,2.0,-8.668709916736857e-06,2.084447935802547e-05,,0,2.0,33.0
2024-01-22,759.1682232761176,770.323031505699,757.0920220015305,757.120361328125,408700,468.1304931640625,99.0,1.0,4.0,1.0,2.0,9.456437510532566e-06,3.2732822237195185e-05,,0,2.0,34.0
2024-01-23,764.1227597631328,766.7085504895857,751.8449194332787,754.0343627929688,263000,469.49578857421875,98.0,1.0,4.0,1.0,2.0,2.4717646796771528e-05,4.001733845004994e-05,,0,2.0,35.0
2024-01-24,764.0283874570914,764.0283874570914,749.3157271183012,750.467041015625,464600,470.009033203125,96.0,1.0,4.0,1.0,2.0,1.4875444121754906e-05,2.0486231543562904e-05,,0,2.0,36.0
2024-01-25,760.546108854047,777.4387097772882,757.7432226233819,769.426513671875,572200,472.56536865234375,101.0,1.0,4.0,1.0,2.0,8.524572056759682e-05,8.303407508550062e-07,,0,2.0,37.0
2024-01-26,774.4376487708668,774.4376487708668,761.4237346283372,765.3401489257812,411600,471.9649963378906,100.0,1.0,1.0,1.0,1.0,0.0001418475838419806,-8.668709916736857e-06,,0,1.0,38.0
2024-01-29,764.358769346318,785.7057723073725,764.358769346318,784.9508056640625,524600,475.7026672363281,104.0,1.0,1.0,1.0,1.0,0.0002169405329729215,9.456437510532566e-06,,0,1.0,39.0
2024-01-30,782.8179536825286,799.0028204907526,780.6285101791248,794.2181396484375,689000,475.33477783203125,104.0,1.0,1.0,1.0,1.0,0.00023274304960499296,2.4717646796771528e-05,,0,1.0,40.0
2024-01-31,797.8324700431466,799.1914328436704,782.4875894875596,783.0726928710938,540600,467.5785217285156,104.0,1.0,1.0,1.0,1.0,0.00024127032719654454,1.4875444121754906e-05,,0,1.0,41.0
2024-02-01,780.0151683409631,800.267421072173,778.3730424219812,798.7008666992188,535500,473.69830322265625,106.0,1.0,1.0,1.0,1.0,0.00026398808635996204,8.524572056759682e-05,,0,1.0,42.0
2024-02-02,797.8703801616417,799.1727221151301,782.2800624925133,796.0017700195312,457800,478.68505859375,104.0,1.0,1.0,1.0,1.0,0.0002632699180355272,0.0001418475838419806,,0,1.0,43.0
2024-02-05,787.3383628476298,795.0769002344507,783.9220914022723,789.3390502929688,372100,476.942138671875,104.0,1.0,1.0,1.0,1.0,0.00028724396250431276,0.0002169405329729215,,0,1.0,44.0
2024-02-06,795.2185007179756,798.4177344586938,788.3765112207042,790.8490600585938,499800,478.3268127441406,102.0,1.0,1.0,1.0,1.0,0.0002948626495670632,0.00023274304960499296,,0,1.0,45.0
2024-02-07,796.2283655201143,800.9563682522306,787.951898327488,799.078369140625,351000,482.3162841796875,101.0,1.0,1.0,1.0,1.0,0.0003292142361850982,0.00024127032719654454,,0,1.0,46.0
2024-02-08,792.9723083196264,811.3371120292823,792.9723083196264,807.1942138671875,403900,482.5293273925781,101.0,1.0,1.0,1.0,1.0,0.0003667374432351636,0.00026398808635996204,,0,1.0,47.0
2024-02-09,808.091035079105,808.6006246854333,797.3514643658789,807.6002807617188,394200,485.3180236816406,99.0,1.0,1.0,1.0,1.0,0.0004031676344913787,0.0002632699180355272,,0,1.0,48.0
2024-02-12,810.1481932430293,810.261435356697,797.8609055077279,802.1453857421875,434400,485.1050109863281,98.0,1.0,1.0,1.0,1.0,0.0004103430045385157,0.00028724396250431276,,0,1.0,49.0
2024-02-13,790.41483303447,790.41483303447,779.7224401064431,785.8189086914062,448700,478.4236145019531,101.0,1.0,1.0,1.0,1.0,0.0003716614411275545,0.0002948626495670632,,1,1.0,50.0
2024-02-14,785.8189008136391,792.6797823133643,778.7032533887907,785.9415893554688,574600,482.7713928222656,99.0,1.0,1.0,1.0,1.0,0.0003180840223933944,0.0003292142361850982,,0,1.0,51.0
2024-02-15,791.7833853533477,832.1747074365405,791.4624942749996,825.7290649414062,768800,486.1023864746094,119.0,1.0,1.0,4.0,5.0,0.00032356897041033443,0.0003667374432351636,,0,2.0,52.0
2024-02-16,814.8950759101217,824.8136103490102,802.4096434670136,808.0436401367188,842100,483.6816101074219,121.0,1.0,1.0,4.0,5.0,0.0003339725509669495,0.0004031676344913787,,0,2.0,53.0
2024-02-20,806.9961314325274,815.0932881341198,801.0884182549202,806.6375122070312,568000,481.0187683105469,119.0,1.0,1.0,4.0,5.0,0.00035274576462863955,0.0004103430045385157,,0,2.0,54.0
2024-02-21,803.3722233637977,817.5374515721151,798.6252709148448,816.0652465820312,448700,481.4544372558594,118.0,1.0,1.0,4.0,5.0,0.00031430157341538685,0.0003716614411275545,,0,2.0,55.0
2024-02-22,819.4910717517537,833.7129804782721,819.4910717517537,831.2498779296875,516200,491.4183654785156,119.0,1.0,1.0,4.0,5.0,0.00033223347196338285,0.0003180840223933944,,0,2.0,56.0
2024-02-23,835.685348467374,836.1383169338545,829.5322579964538,832.6370849609375,309700,491.75726318359375,117.0,1.0,1.0,4.0,5.0,0.00035805186464818147,0.00032356897041033443,,0,2.0,57.0
2024-02-26,834.1659145383205,841.6874144827224,828.2299194335938,828.2299194335938,380300,489.9562683105469,116.0,1.0,1.0,4.0,5.0,0.0003896414033314507,0.0003339725509669495,,0,2.0,58.0
2024-02-27,836.7743790815009,836.7743790815009,824.5315163121937,827.9359741210938,363200,490.8664245605469,114.0,1.0,1.0,4.0,5.0,0.0003940803044195147,0.00035274576462863955,,0,2.0,59.0
2024-02-28,828.0496211888473,847.2247989308804,825.9253806614083,845.7833251953125,437200,490.2177429199219,116.0,1.0,1.0,4.0,5.0,0.00041442995880939154,0.00031430157341538685,,0,2.0,60.0
2024-02-29,849.2637131571024,851.5397183557136,840.3115147937638,842.8909912109375,704000,491.9800109863281,115.0,1.0,1.0,4.0,5.0,0.0004510557366254498,0.00033223347196338285,,0,2.0,61.0
2024-03-01,839.173632864759,854.1950830796428,836.4613767337981,853.9959716796875,497000,496.598876953125,114.0,1.0,1.0,4.0,5.0,0.0005154339334158335,0.00035805186464818147,,0,2.0,62.0
2024-03-04,848.2774297642425,867.6517189505074,842.9478433882833,866.4473266601562,578700,496.0662841796875,114.0,1.0,1.0,4.0,5.0,0.0005665193055243021,0.0003896414033314507,,0,2.0,63.0
2024-03-05,862.1324894182283,867.5948555106997,844.9204101727727,849.273193359375,449700,491.1085510253906,116.0,1.0,1.0,4.0,5.0,0.0005711730362703888,0.0003940803044195147,,0,2.0,64.0
2024-03-06,853.9959647140884,861.7058011586005,848.8275768968812,859.7902221679688,302100,493.59710693359375,115.0,1.0,1.0,4.0,5.0,0.000578841492791512,0.00041442995880939154,,0,2.0,65.0
2024-03-07,862.9765184470587,865.8120034609615,852.0517861970363,859.2401123046875,347200,498.4967346191406,114.0,1.0,1.0,4.0,5.0,0.0005633097503059923,0.0004510557366254498,,0,2.0,66.0
2024-03-08,864.8731312383987,866.3809947309891,858.6616088128744,863.0712890625,408700,495.5046691894531,112.0,1.0,1.0,4.0,5.0,0.0005746600778830756,0.0005154339334158335,,0,2.0,67.0
2024-03-11,858.5288143044888,860.1504722344557,838.11139024688,847.385986328125,359100,495.07861328125,113.0,1.0,1.0,4.0,5.0,0.0005396934049384465,0.0005665193055243021,,0,2.0,68.0
2024-03-12,847.3859879926576,853.8725618440544,842.3124681842365,846.6747436523438,383000,500.4043884277344,112.0,1.0,1.0,4.0,5.0,0.0005091887563388424,0.0005711730362703888,,0,2.0,69.0
2024-03-13,837.845906408301,839.6571833528344,820.8519230193014,822.4166259765625,810500,499.61993408203125,117.0,1.0,1.0,4.0,5.0,0.000431426430152916,0.000578841492791512,,1,2.0,70.0
2024-03-14,821.032104383279,825.6409542053434,806.0959719782346,820.0363159179688,691000,498.63232421875,115.0,1.0,4.0,4.0,6.0,0.0003957582364069175,0.0005633097503059923,,0,2.0,71.0
2024-03-15,816.4990075016213,820.5293920836039,804.3319714862147,806.44677734375,1090300,495.2084045410156,116.0,1.0,4.0,4.0,6.0,0.0003379110936795661,0.0005746600778830756,,0,2.0,72.0
2024-03-18,815.6550102390236,817.4568524398105,809.0641921304722,816.1766357421875,464600,498.15155029296875,115.0,1.0,4.0,4.0,6.0,0.0003472168310797892,0.0005396934049384465,,0,2.0,73.0
2024-03-19,814.6784293982261,814.6784293982261,797.5421715140033,800.9371948242188,867200,500.9197692871094,116.0,1.0,4.0,4.0,6.0,0.00033225463499322964,0.0005091887563388424,,0,2.0,74.0
2024-03-20,759.609039001145,794.1565442786343,755.7209259989451,782.2550659179688,2372300,505.552978515625,119.0,1.0,4.0,4.0,6.0,0.0003213581558005413,0.000431426430152916,,1,2.0,75.0
2024-03-21,782.3688384114497,782.3688384114497,763.2411219263615,769.69921875,1301600,507.2237243652344,119.0,1.0,4.0,4.0,6.0,0.0002600687757822391,0.0003957582364069175,,0,2.0,76.0
2024-03-22,765.4981071167513,767.8783563082052,757.6459415327073,759.5805053710938,1087500,506.2619934082031,119.0,1.0,4.0,4.0,6.0,0.00017526517589684694,0.0003379110936795661,,0,2.0,77.0
2024-03-25,744.5874776605751,764.8626883852229,744.5874776605751,751.5671997070312,1323500,504.8633117675781,118.0,1.0,4.0,4.0,6.0,0.00011766293309311692,0.0003472168310797892,,0,2.0,78.0
2024-03-26,751.3775860714744,763.9239192405097,751.3775860714744,758.7271118164062,930700,503.930908203125,117.0,1.0,4.0,4.0,6.0,0.00011930647139483002,0.00033225463499322964,,0,2.0,79.0
2024-03-27,767.2904409193725,774.7443262730886,759.315045792813,773.1795654296875,945100,508.1658935546875,118.0,1.0,4.0,4.0,6.0,0.00016130652137545,0.0003213581558005413,,0,2.0,80.0
2024-03-28,776.5556176381158,784.6732849488386,770.9889492891211,782.6818237304688,789200,508.0687255859375,118.0,1.0,4.0,4.0,6.0,0.00021238662330866438,0.0002600687757822391,,0,2.0,81.0
2024-04-01,783.3171987315551,784.1327451196133,756.403704875874,758.7081298828125,674300,507.1847839355469,123.0,1.0,4.0,4.0,6.0,0.0001782196734124584,0.00017526517589684694,,0,2.0,82.0
2024-04-02,752.9612697861829,756.6786910961167,747.8972419090928,751.70947265625,551500,503.9600830078125,122.0,1.0,4.0,4.0,6.0,0.00012097347979260442,0.00011766293309311692,,0,2.0,83.0
2024-04-03,749.699128437747,756.8495437192955,744.701489638897,748.1438598632812,442600,504.513671875,120.0,1.0,4.0,4.0,6.0,4.5136812158277875e-05,0.00011930647139483002,,0,2.0,84.0
2024-04-04,748.143739921069,754.5639246111668,738.4139650723423,740.680419921875,469400,498.35552978515625,119.0,1.0,4.0,4.0,6.0,1.573171211756318e-06,0.00016130652137545,,0,2.0,85.0
2024-04-05,741.202053678941,749.0920741040505,739.7605798122294,743.8762817382812,446500,503.5617980957031,118.0,1.0,4.0,4.0,6.0,-2.9989624332273624e-05,0.00021238662330866438,,0,2.0,86.0
2024-04-08,742.7952512820697,748.9213995938795,741.5908588588635,747.4609985351562,607700,503.8434753417969,116.0,1.0,4.0,4.0,6.0,-4.788949949109802e-05,0.0001782196734124584,,0,2.0,87.0
2024-04-09,752.9707388663628,760.4814635309338,745.5074189189279,759.8366088867188,578500,504.42626953125,117.0,1.0,4.0,4.0,6.0,-2.5257138122147782e-05,0.00012097347979260442,,0,2.0,88.0
2024-04-10,742.2166161221623,746.2090884211997,732.240268455697,735.872314453125,758700,499.3753967285156,123.0,1.0,4.0,4.0,6.0,-3.3469869241721687e-05,4.5136812158277875e-05,,0,2.0,89.0
2024-04-11,739.1062468337892,739.6752192230422,730.3626519108041,733.8335571289062,532000,503.14410400390625,121.0,1.0,4.0,4.0,6.0,-4.844921815433642e-05,1.573171211756318e-06,,0,2.0,90.0
2024-04-12,725.6399722237749,731.0169636255591,720.1017816330611,724.568359375,498200,496.1991882324219,121.0,1.0,4.0,4.0,6.0,-5.835846613135189e-05,-2.9989624332273624e-05,,0,2.0,91.0
2024-04-15,721.8183248164848,729.101461215387,702.6621289222836,705.6588134765625,574800,489.9827575683594,124.0,4.0,4.0,4.0,12.0,-7.247151876741926e-05,-4.788949949109802e-05,,0,4.0,1.0
2024-04-16,707.0433392288479,708.9684106831642,695.359957343488,703.7905883789062,579900,489.0890808105469,122.0,4.0,4.0,4.0,12.0,-8.654567964599948e-05,-2.5257138122147782e-05,,0,4.0,2.0
2024-04-17,705.1277357972357,708.1908679195842,696.3083161979391,696.602294921875,510800,486.194580078125,121.0,4.0,4.0,4.0,12.0,-0.00012794965670814148,-3.3469869241721687e-05,,0,4.0,3.0
2024-04-18,698.0721061400025,708.5510948848365,693.7382501926891,701.6188354492188,483500,485.194091796875,120.0,4.0,4.0,4.0,12.0,-0.00011651390078965755,-4.844921815433642e-05,,0,4.0,4.0
2024-04-19,705.3173932162198,709.6986542753477,698.1954563948161,709.3477783203125,611900,480.9591369628906,119.0,4.0,4.0,4.0,12.0,-0.00012764883064304288,-5.835846613135189e-05,,0,4.0,5.0
2024-04-22,713.520451694111,716.830099923294,706.5028166713302,715.739501953125,687400,485.38836669921875,118.0,4.0,4.0,4.0,12.0,-0.00011624768000577792,-7.247151876741926e-05,,0,4.0,6.0
2024-04-23,721.751906816108,724.8434585738008,712.5626263434976,722.529541015625,662900,491.1483154296875,117.0,4.0,4.0,4.0,12.0,-0.00011772409843841187,-8.654567964599948e-05,,0,4.0,7.0
2024-04-24,716.5454887922456,728.551267485087,715.5497004360442,717.7308959960938,776000,490.9151916503906,116.0,4.0,4.0,4.0,12.0,-0.000114006693558606,-0.00012794965670814148,,0,4.0,8.0
2024-04-25,705.1751221506195,707.8399156372826,697.0195424929855,700.1964111328125,812600,489.0502624511719,119.0,4.0,4.0,4.0,12.0,-0.0001431130104446242,-0.00011651390078965755,,1,4.0,9.0
2024-04-26,697.6927969837619,705.4974998162284,692.7235211585191,693.8046264648438,779500,493.6834716796875,118.0,4.0,4.0,4.0,12.0,-0.00021097318632384856,-0.00012764883064304288,,0,4.0,10.0
2024-04-29,700.7652574365535,700.7652574365535,682.0168406323319,688.806884765625,1002900,495.43182373046875,116.0,4.0,4.0,4.0,12.0,-0.0002670981527307898,-0.00011624768000577792,,0,4.0,11.0
2024-04-30,682.8704034428022,686.8438905410179,669.9731388696007,674.3638916015625,1090500,487.5835266113281,118.0,4.0,4.0,4.0,12.0,-0.00031879009481382395,-0.00011772409843841187,,0,4.0,12.0
2024-05-01,672.4104788766386,676.1184656200999,658.4985539015966,659.3994750976562,943900,486.0003356933594,120.0,4.0,4.0,4.0,12.0,-0.00035203792369066777,-0.000114006693558606,,0,4.0,13.0
2024-05-02,667.4033563107362,668.4938963982887,657.2941695132519,662.5953369140625,1029600,490.5461120605469,119.0,4.0,4.0,4.0,12.0,-0.00036635201823580226,-0.0001431130104446242,,0,4.0,14.0
2024-05-03,679.3901515985497,692.5055153699916,661.9220042375566,663.9988403320312,762400,496.6266174316406,117.0,4.0,4.0,4.0,12.0,-0.0003552841207779031,-0.00021097318632384856,,0,4.0,15.0
2024-05-06,672.3534795793021,672.3534795793021,652.5145206431775,657.8820190429688,799000,501.7551574707031,116.0,4.0,4.0,4.0,12.0,-0.00034663409153624865,-0.0002670981527307898,,0,4.0,16.0
2024-05-07,662.1306111807073,678.6314462074614,657.0096284489327,675.084716796875,629200,502.30877685546875,120.0,4.0,4.0,4.0,12.0,-0.00031098643962006173,-0.00031879009481382395,,0,4.0,17.0
2024-05-08,665.117778477612,666.8437384034418,648.7876357567225,656.914794921875,876100,502.35736083984375,124.0,4.0,4.0,4.0,12.0,-0.00033305779926827444,-0.00035203792369066777,,0,4.0,18.0
2024-05-09,737.7975631609137,758.6607333274176,721.7045001381916,732.515380859375,2353500,505.2518615722656,192.0,4.0,1.0,4.0,11.0,-0.0002323486398409848,-0.00036635201823580226,,0,2.0,19.0
2024-05-10,721.2490948960647,738.7457155241948,713.9659605128932,718.5274047851562,975400,505.90264892578125,191.0,4.0,1.0,4.0,11.0,-0.00018557736619578604,-0.0003552841207779031,,0,2.0,20.0
2024-05-13,721.1638864981455,737.5035221398699,716.4127647960481,736.744873046875,652000,505.9707336425781,191.0,4.0,1.0,4.0,11.0,-5.9384442487265286e-05,-0.00034663409153624865,,0,2.0,21.0
2024-05-14,737.7974354910366,755.369939468939,733.0463142097215,749.0066528320312,905300,508.2921447753906,190.0,1.0,1.0,4.0,5.0,-3.507398570351219e-05,-0.00031098643962006173,,0,2.0,22.0
2024-05-15,758.964198519008,770.5337861863079,755.2562118009324,767.8405151367188,987000,514.58642578125,190.0,1.0,1.0,4.0,5.0,2.3101417510816248e-05,-0.00033305779926827444,,0,2.0,23.0
2024-05-16,770.9699374807857,771.2734087010783,753.4069819506292,758.1865234375,609000,513.527587890625,188.0,1.0,1.0,4.0,5.0,4.252246196193469e-05,-0.0002323486398409848,,0,2.0,24.0
2024-05-17,759.4382228661048,764.4169329802152,755.4552431985745,758.4993896484375,543400,514.2656860351562,185.0,4.0,1.0,4.0,11.0,5.273021630382004e-05,-0.00018557736619578604,,0,2.0,25.0
2024-05-20,754.1561537883576,760.5194412611446,750.3059530424549,754.1846313476562,463800,514.8582153320312,182.0,4.0,1.0,4.0,11.0,3.8396481986570104e-05,-5.9384442487265286e-05,,0,2.0,26.0
2024-05-21,754.8806054440427,759.6382269777147,751.4387261540753,755.3477783203125,539400,516.1209106445312,180.0,4.0,1.0,4.0,11.0,2.5639228645934935e-05,-3.507398570351219e-05,,0,2.0,27.0
2024-05-22,755.938926248283,760.2198314009547,742.3715923497118,745.06982421875,426700,514.6348876953125,178.0,4.0,1.0,4.0,11.0,1.0069059688863935e-05,2.3101417510816248e-05,,0,2.0,28.0
2024-05-23,748.1207681582667,751.6484821608381,731.5310676325904,731.7885131835938,491700,510.8758239746094,177.0,4.0,1.0,4.0,11.0,-1.279077657290124e-05,4.252246196193469e-05,,0,2.0,29.0
2024-05-24,734.4580043414477,738.5291233762601,729.6526651367897,730.4440307617188,294600,514.2561645507812,174.0,4.0,1.0,4.0,11.0,-2.9377037637244406e-05,5.273021630382004e-05,,0,2.0,30.0
2024-05-28,733.1519324921136,739.7305859211859,729.0235509034336,732.91357421875,516400,514.6153564453125,172.0,4.0,1.0,4.0,11.0,-2.5393233884486907e-05,3.8396481986570104e-05,,0,2.0,31.0
2024-05-29,729.8148517226994,736.8511919817012,724.399359216927,724.628173828125,357200,511.0116271972656,170.0,4.0,1.0,4.0,11.0,-1.3766777001026503e-05,2.5639228645934935e-05,,0,2.0,32.0
2024-05-30,735.3256884195885,735.6117066929863,724.0275301733637,725.2097778320312,381600,507.62188720703125,168.0,4.0,1.0,4.0,11.0,7.053594311859174e-06,1.0069059688863935e-05,,0,2.0,33.0
2024-05-31,726.373055288889,732.7610693247905,721.4914819929453,727.450439453125,1066500,512.2454223632812,165.0,4.0,1.0,4.0,11.0,1.0169883467866605e-05,-1.279077657290124e-05,,0,2.0,34.0
2024-06-03,730.9588699289604,733.1136376776064,715.1319064507749,716.4667358398438,451600,512.6630859375,164.0,4.0,1.0,4.0,11.0,5.988616989547637e-06,-2.9377037637244406e-05,,0,2.0,35.0
2024-06-04,720.0707568045455,733.5714011824757,714.2929549340485,729.0711669921875,461900,513.2362060546875,163.0,4.0,1.0,4.0,11.0,3.889839192055292e-06,-2.5393233884486907e-05,,0,2.0,36.0
2024-06-05,731.2735251759545,732.5797236551725,723.1502578628032,723.2837524414062,380400,519.3359985351562,161.0,4.0,1.0,4.0,11.0,-1.4228226570000739e-05,-1.3766777001026503e-05,,0,2.0,37.0
2024-06-06,721.4436152388203,727.9079183718601,714.760041155821,727.3072509765625,603500,519.3263549804688,159.0,4.0,1.0,4.0,11.0,-1.5296589568959043e-05,7.053594311859174e-06,,0,2.0,38.0
2024-06-07,715.0842766467763,721.7964238578054,712.2144340741094,718.306884765625,378400,518.6948852539062,158.0,4.0,1.0,4.0,11.0,-2.667684255969881e-05,1.0169883467866605e-05,,0,2.0,39.0
2024-06-10,713.5588335316745,730.3392908373083,712.8342732650885,727.0213623046875,406700,520.2976684570312,156.0,4.0,1.0,4.0,11.0,-5.953620823180171e-06,5.988616989547637e-06,,0,2.0,40.0
2024-06-11,724.3992601234053,730.32958469314,721.0431577704423,724.8759765625,364700,521.5507202148438,154.0,4.0,1.0,4.0,11.0,1.0465672708319171e-05,3.889839192055292e-06,,0,2.0,41.0
2024-06-12,738.5387299559309,741.5325235738218,724.0751674873486,725.9915771484375,447800,525.8341674804688,152.0,4.0,1.0,3.0,9.0,3.782435316710521e-05,-1.4228226570000739e-05,,0,2.0,42.0
2024-06-13,727.4885458193285,738.4434828761817,726.6590636740743,730.9017944335938,366100,526.8929443359375,150.0,4.0,1.0,3.0,9.0,7.653359508398264e-05,-1.5296589568959043e-05,,0,2.0,43.0
2024-06-14,732.5417065238075,735.1445601945319,726.1918096618398,730.57763671875,275600,527.2134399414062,147.0,4.0,1.0,3.0,9.0,0.00010769847327900007,-2.667684255969881e-05,,0,2.0,44.0
2024-06-17,729.4334894983688,733.7620546112998,724.6091205759359,726.8782958984375,285300,531.4094848632812,145.0,4.0,1.0,3.0,9.0,0.00012130961808190579,-5.953620823180171e-06,,0,2.0,45.0
2024-06-18,732.5512012660154,738.8342922172926,727.5361343198166,737.8046264648438,385300,532.7597045898438,145.0,4.0,1.0,3.0,9.0,0.00012574663320834525,1.0465672708319171e-05,,0,2.0,46.0
2024-06-20,737.0036131119122,738.7293242896707,726.8400442591367,728.0413208007812,369600,531.3124389648438,144.0,4.0,1.0,3.0,9.0,0.00010783866915693777,3.782435316710521e-05,,0,2.0,47.0
2024-06-21,727.6601138904252,730.9971295585088,722.4734357814579,729.3762817382812,984800,530.60009765625,142.0,4.0,1.0,3.0,9.0,0.00010961148258817305,7.653359508398264e-05,,0,2.0,48.0
2024-06-24,731.6263206795047,734.0766504316824,716.5907220921225,717.1723022460938,559000,528.8753051757812,141.0,4.0,1.0,3.0,9.0,2.1053488748222723e-05,0.00010769847327900007,,0,2.0,49.0
2024-06-25,717.9445799704473,718.1352782056682,701.3262500568826,708.2672119140625,659300,530.9119262695312,140.0,4.0,1.0,3.0,9.0,-4.188480460457939e-05,0.00012130961808190579,,0,2.0,50.0
2024-06-26,702.6896330174906,711.6423824508908,701.7075691390794,707.3233032226562,654900,531.5745849609375,138.0,4.0,1.0,3.0,9.0,-0.00012193042702573553,0.00012574663320834525,,0,2.0,51.0
2024-06-27,709.907201864479,717.6871900045911,707.2089700191873,716.9435424804688,380100,532.4125366210938,137.0,4.0,1.0,3.0,9.0,-0.00012545166364816325,0.00010783866915693777,,0,2.0,52.0
2024-06-28,721.7011070647892,726.4682719728162,718.4975862128986,721.3673706054688,1146800,530.3174438476562,136.0,4.0,1.0,3.0,9.0,-0.00012468935927423708,0.00010961148258817305,,0,2.0,53.0
2024-07-01,721.1195215313664,726.6494211448278,716.0758238528338,724.303955078125,387700,531.4088745117188,134.0,4.0,1.0,1.0,7.0,-0.00012109722341258484,2.1053488748222723e-05,,0,2.0,54.0
2024-07-02,726.0964297422474,731.4261457921071,718.1257438659846,721.1576538085938,372100,534.9852294921875,132.0,4.0,1.0,1.0,7.0,-0.00012226989734189666,-4.188480460457939e-05,,0,2.0,55.0
2024-07-03,723.7891627597475,723.7891627597475,712.853255669508,714.121337890625,236200,537.3724975585938,131.0,4.0,1.0,1.0,7.0,-0.00013381022016252267,-0.00012193042702573553,,0,2.0,56.0
2024-07-05,715.4274518654397,719.9371709322351,711.9569420880895,719.3555908203125,371400,540.4713134765625,129.0,4.0,1.0,1.0,7.0,-0.00013878986432935896,-0.00012545166364816325,,0,2.0,57.0
2024-07-08,718.5929761781214,724.714000221797,715.2368731344662,721.6725463867188,292000,541.0950317382812,127.0,4.0,1.0,1.0,7.0,-0.00014249833823872285,-0.00012468935927423708,,0,2.0,58.0
2024-07-09,723.7415915546273,733.9242505588319,716.5526683987223,731.1211547851562,338900,541.6211547851562,127.0,4.0,1.0,1.0,7.0,-0.0001127253644146395,-0.00012109722341258484,,0,2.0,59.0
2024-07-10,734.8298290655094,742.6575346811914,725.7436431420153,739.8258666992188,325600,546.9806518554688,126.0,4.0,1.0,1.0,7.0,-6.108990397567906e-05,-0.00012226989734189666,,0,2.0,60.0
2024-07-11,748.9311936790451,765.8164555089849,747.9682170014815,760.6488647460938,459300,542.2642822265625,130.0,4.0,1.0,1.0,7.0,2.4947093136604847e-05,-0.00013381022016252267,,0,2.0,61.0
2024-07-12,764.4720930957913,776.3232580188445,760.1721010578923,767.3610229492188,466200,545.6846923828125,128.0,1.0,1.0,1.0,1.0,0.00010140936256320661,-0.00013878986432935896,,0,1.0,1.0
2024-07-15,769.0581417678084,771.8993535598223,758.3034475089622,767.1893920898438,306600,547.185302734375,126.0,1.0,1.0,1.0,1.0,0.00014761588235039246,-0.00014249833823872285,,0,1.0,2.0
2024-07-16,772.2806968261748,775.8274395012147,760.3151248287503,774.7786865234375,261200,550.4302368164062,125.0,1.0,1.0,1.0,1.0,0.0001719597289384815,-0.0001127253644146395,,0,1.0,3.0
2024-07-17,772.2807095806057,781.2524882684984,761.9550141696001,765.7401733398438,397100,542.7127075195312,124.0,1.0,1.0,1.0,1.0,0.00018147033263889485,-6.108990397567906e-05,,0,1.0,4.0
2024-07-18,764.5007808649485,774.4927405869255,756.0152034600003,758.0460205078125,339500,538.5419311523438,123.0,1.0,1.0,1.0,1.0,0.00015582034883865572,2.4947093136604847e-05,,0,1.0,5.0
2024-07-19,758.9422275627871,762.7464160017264,746.833616570173,750.18017578125,234300,534.965576171875,122.0,1.0,1.0,1.0,1.0,0.00010937597373408336,0.00010140936256320661,,0,1.0,6.0
2024-07-22,750.1802324203715,762.717842664238,746.8432165984169,761.6595458984375,266200,540.481201171875,122.0,1.0,1.0,1.0,1.0,6.455439098418998e-05,0.00014761588235039246,,0,1.0,7.0
2024-07-23,768.7530121318096,775.017073891312,763.0038414330178,765.5780639648438,243100,539.6334228515625,121.0,1.0,1.0,1.0,1.0,6.238570290935047e-05,0.0001719597289384815,,0,1.0,8.0
2024-07-24,764.6532488471223,769.4871610318387,753.2120531037739,757.1688232421875,353100,527.4039916992188,120.0,1.0,1.0,1.0,1.0,5.6486843708489616e-05,0.00018147033263889485,,0,1.0,9.0
2024-07-25,760.1721148730416,764.4053596963208,731.5405523086524,733.4855346679688,538000,524.6559448242188,126.0,4.0,1.0,1.0,7.0,6.051293150496766e-06,0.00015582034883865572,,0,2.0,10.0
2024-07-26,733.4855597242707,743.6586738290413,731.1591808105128,736.4602661132812,541000,530.5317993164062,124.0,4.0,1.0,1.0,7.0,-4.152238366948404e-05,0.00010937597373408336,,0,2.0,11.0
2024-07-29,735.6211411717397,746.6619104299785,732.3032133068194,740.3883056640625,399100,530.84375,122.0,4.0,1.0,1.0,7.0,-6.999698065396393e-05,6.455439098418998e-05,,0,2.0,12.0
2024-07-30,740.3884432280922,747.8252095792803,732.3605530254596,732.9707641601562,665300,528.154296875,121.0,4.0,1.0,1.0,7.0,-6.834919712441834e-05,6.238570290935047e-05,,0,2.0,13.0
2024-07-31,742.0282922754097,762.2982864217175,734.6677595254536,753.4408569335938,718700,536.7391357421875,125.0,4.0,1.0,1.0,7.0,-4.859000834651948e-05,5.6486843708489616e-05,,0,2.0,14.0
2024-08-01,755.595700173351,775.961016371971,755.595700173351,773.4058227539062,622700,529.138427734375,128.0,1.0,1.0,1.0,1.0,-2.0411580412922302e-05,6.051293150496766e-06,,0,1.0,15.0
2024-08-02,772.9671519474099,777.000212994442,761.4878399018045,769.0867309570312,379100,519.2866821289062,127.0,1.0,1.0,1.0,1.0,2.024383343094134e-05,-4.152238366948404e-05,,0,1.0,16.0
2024-08-05,763.5186506976163,763.5186506976163,728.5276492286963,732.46533203125,675400,504.1631774902344,141.0,4.0,4.0,4.0,12.0,-9.271086266739108e-06,-6.999698065396393e-05,,0,4.0,1.0
2024-08-06,731.7789215493817,754.4324991497558,727.9365585912393,748.0730590820312,410400,508.8113098144531,142.0,4.0,4.0,4.0,12.0,-2.397192122988398e-05,-6.834919712441834e-05,,0,4.0,2.0
2024-08-07,747.3580477816038,762.7369281750453,742.8674151722623,743.9542846679688,695000,505.41046142578125,140.0,4.0,4.0,4.0,12.0,-3.431871072325767e-05,-4.859000834651948e-05,,0,4.0,3.0
2024-08-08,739.6161510794634,774.9027178658355,736.050320753522,771.7849731445312,716700,517.0941162109375,147.0,4.0,4.0,4.0,12.0,1.3173253437176326e-05,-2.0411580412922302e-05,,0,4.0,4.0
2024-08-09,774.1399089071048,784.9995243635102,766.9128707259049,780.7471923828125,365900,519.3743286132812,146.0,1.0,1.0,4.0,5.0,4.3043076953831695e-05,2.024383343094134e-05,,0,2.0,5.0
2024-08-12,777.0479429501003,781.8151082442727,765.8737354331693,780.947509765625,409000,519.6472778320312,144.0,1.0,1.0,4.0,5.0,6.993424853760746e-05,-9.271086266739108e-06,,0,2.0,6.0
2024-08-13,786.5821607904525,792.7508438642889,782.7588854616814,791.006103515625,429200,528.1932373046875,142.0,1.0,1.0,4.0,5.0,8.853900922557212e-05,-2.397192122988398e-05,,0,2.0,7.0
2024-08-14,793.0178932328288,804.0014599520027,790.2147979010784,802.3043212890625,566500,529.8594360351562,142.0,1.0,1.0,4.0,5.0,0.00010271190732351276,-3.431871072325767e-05,,0,2.0,8.0
2024-08-15,799.1199935184201,799.9780484114223,788.6226855469805,791.42578125,553500,538.94140625,141.0,1.0,1.0,4.0,5.0,0.00010877503476524758,1.3173253437176326e-05,,0,2.0,9.0
2024-08-16,787.3450337091076,792.9703122146084,782.7685665178708,790.0718383789062,371700,540.1497192382812,139.0,1.0,1.0,4.0,5.0,0.00010456240117292637,4.3043076953831695e-05,,0,2.0,10.0
2024-08-19,782.7017771069868,795.7351904458354,782.4825061299284,791.7117309570312,304200,545.3142700195312,137.0,1.0,1.0,4.0,5.0,9.328364204937971e-05,6.993424853760746e-05,,0,2.0,11.0
2024-08-20,794.7530634120576,794.7530634120576,786.3724092340349,791.19677734375,284100,544.4276733398438,135.0,1.0,1.0,4.0,5.0,7.411328139094471e-05,8.853900922557212e-05,,0,2.0,12.0
2024-08-21,791.5993270530523,792.461867876906,782.025392977026,783.9229125976562,382700,546.2984008789062,133.0,1.0,1.0,4.0,5.0,4.5000951263519896e-05,0.00010271190732351276,,0,2.0,13.0
2024-08-22,784.306342363311,786.6638527565385,780.223750178771,784.843017578125,418300,542.010986328125,131.0,1.0,1.0,4.0,5.0,-3.251644137165592e-06,0.00010877503476524758,,0,2.0,14.0
2024-08-23,788.168471403628,794.8482206496967,783.8942554705586,793.477783203125,532500,547.77001953125,130.0,1.0,1.0,4.0,5.0,-3.315402199296124e-05,0.00010456240117292637,,0,2.0,15.0
2024-08-26,795.8065070324818,798.3077935236402,782.1020752168517,784.7950439453125,284000,546.4642333984375,129.0,1.0,1.0,4.0,5.0,-5.109122728598167e-05,9.328364204937971e-05,,0,2.0,16.0
2024-08-27,781.4599494831633,786.5008940906972,779.7157405338475,783.913330078125,257100,547.214599609375,127.0,1.0,1.0,4.0,5.0,-6.469564952964268e-05,7.411328139094471e-05,,0,2.0,17.0
2024-08-28,783.4341884916121,784.411727015861,776.562815642217,779.8116455078125,218600,544.0377807617188,126.0,1.0,1.0,4.0,5.0,-7.991412937806843e-05,4.5000951263519896e-05,,0,2.0,18.0
2024-08-29,778.9299786605833,789.0884944451058,776.2657299305007,784.6417236328125,310400,544.0866088867188,124.0,1.0,1.0,3.0,3.0,-8.454067888699823e-05,-3.251644137165592e-06,,0,1.0,1.0
2024-08-30,786.2133929865671,801.6428480648012,782.9645632940359,799.6111450195312,521000,549.2803955078125,125.0,1.0,1.0,3.0,3.0,-4.173656828400548e-05,-3.315402199296124e-05,,0,1.0,2.0
2024-09-03,794.9248492185037,800.6941516492052,790.9285345197452,797.4932861328125,402400,537.9766845703125,123.0,1.0,1.0,3.0,3.0,-9.293053598985473e-06,-5.109122728598167e-05,,0,1.0,3.0
2024-09-04,791.7814517135315,795.4327733091137,782.0158349641407,793.1231689453125,586300,536.8756103515625,121.0,1.0,1.0,3.0,3.0,2.165484383739416e-05,-6.469564952964268e-05,,0,1.0,4.0
2024-09-05,791.8293107022782,794.5126865135269,782.5907768084312,787.5167236328125,333700,535.56982421875,120.0,1.0,1.0,3.0,3.0,1.8213634158543718e-05,-7.991412937806843e-05,,0,1.0,5.0
2024-09-06,787.3155523656293,790.6506011736691,775.8248539108903,783.8942260742188,457700,526.55615234375,118.0,1.0,1.0,3.0,3.0,4.8462017792719356e-05,-8.454067888699823e-05,,0,1.0,6.0
2024-09-09,787.1333836575758,800.6078194462272,785.925849971369,797.15771484375,430100,532.4515380859375,119.0,1.0,1.0,3.0,3.0,8.61577909191905e-05,-4.173656828400548e-05,,0,1.0,7.0
2024-09-10,801.0871103594282,829.4064232447448,800.5504351435892,828.7643432617188,598600,534.7706909179688,129.0,1.0,1.0,3.0,3.0,0.0001723025530291017,-9.293053598985473e-06,,0,1.0,8.0
2024-09-11,818.8932895880666,833.0673650700721,811.7248292939483,831.562744140625,656300,540.2569580078125,127.0,1.0,1.0,3.0,3.0,0.000257265150946104,2.165484383739416e-05,,0,1.0,9.0
2024-09-12,838.2808310138449,838.2808310138449,819.8229460164239,832.6265258789062,344200,544.8076782226562,125.0,1.0,1.0,3.0,3.0,0.00032015260272941524,1.8213634158543718e-05,,0,1.0,10.0
2024-09-13,833.6710827572209,839.1911454770609,833.6710827572209,835.2427368164062,282000,547.653076171875,123.0,1.0,1.0,3.0,3.0,0.0003314594076287282,4.8462017792719356e-05,,0,1.0,11.0
2024-09-16,835.0895009216559,844.0500765625216,835.0895009216559,840.0633544921875,249100,548.4617919921875,122.0,1.0,1.0,3.0,3.0,0.0003338862402045625,8.61577909191905e-05,,0,1.0,12.0
2024-09-17,840.7053774127987,845.228832918825,825.8317236547347,828.3330688476562,322200,548.6859741210938,121.0,1.0,1.0,3.0,3.0,0.0003584258908541753,0.0001723025530291017,,0,1.0,13.0
2024-09-18,826.3875638491556,836.5173594263139,824.1162725132485,825.0938110351562,288300,547.0587158203125,120.0,1.0,1.0,3.0,3.0,0.0003498048325539251,0.000257265150946104,,0,1.0,14.0
2024-09-19,838.5108577109908,842.8425729204316,832.5402795383724,834.7157592773438,597000,556.3939208984375,119.0,1.0,1.0,3.0,3.0,0.0003418813485360908,0.00032015260272941524,,0,1.0,15.0
2024-09-20,829.7417481135496,849.5796605145614,827.0104663416653,840.6669921875,1240600,555.4320678710938,117.0,1.0,1.0,3.0,3.0,0.00032287078542121727,0.0003314594076287282,,0,1.0,16.0
2024-09-23,847.0592292238458,853.508924427941,839.766178931484,845.1904296875,452000,556.820068359375,116.0,1.0,1.0,3.0,3.0,0.0003447415946238815,0.0003338862402045625,,0,1.0,17.0
2024-09-24,845.1904367988851,854.9177405614473,843.7720934535977,850.61474609375,435000,558.413330078125,115.0,1.0,1.0,3.0,3.0,0.00036522652196328245,0.0003584258908541753,,0,1.0,18.0
2024-09-25,854.9273396970244,859.1824282571994,851.0268369757631,852.9435424804688,554100,557.1817626953125,113.0,1.0,1.0,3.0,3.0,0.00038513960546219346,0.0003498048325539251,,0,1.0,19.0
2024-09-26,859.2782822225862,859.2782822225862,839.9866356933621,842.3729248046875,579500,559.3907470703125,113.0,1.0,1.0,3.0,3.0,0.0003736543556685116,0.0003418813485360908,,0,1.0,20.0
2024-09-27,849.2443273912082,852.560190527487,843.3025285405463,845.9284057617188,359000,558.5794067382812,111.0,1.0,1.0,3.0,3.0,0.00036340425060329604,0.00032287078542121727,,0,1.0,21.0
2024-09-30,842.7849081765819,852.5122113173546,842.7849081765819,850.66259765625,534600,560.8178100585938,110.0,1.0,1.0,3.0,3.0,0.00034917984660642166,0.0003447415946238815,,0,1.0,22.0
2024-10-01,857.7065108992235,857.7065108992235,839.871580563224,846.2254638671875,419900,555.793701171875,108.0,1.0,1.0,3.0,3.0,0.00037455930557349967,0.00036522652196328245,,0,1.0,23.0
2024-10-02,835.4822749995855,850.4517394175176,835.4822749995855,849.6754760742188,255300,556.0283813476562,107.0,1.0,1.0,3.0,3.0,0.00039431640038187265,0.00038513960546219346,,0,1.0,24.0
2024-10-03,848.0654634760227,848.0654634760227,837.5714896063346,839.727783203125,209400,555.0118408203125,106.0,1.0,1.0,3.0,3.0,0.0004144471783336591,0.0003736543556685116,,0,1.0,25.0
2024-10-04,847.1550397024356,847.1550397024356,831.1697230900985,840.3603515625,236800,560.0553588867188,105.0,1.0,1.0,3.0,3.0,0.0004397706399828698,0.00036340425060329604,,0,1.0,26.0
2024-10-07,832.3868051317869,836.3543992831388,828.0934038239699,833.7764282226562,235000,554.9922485351562,104.0,1.0,1.0,3.0,3.0,0.0004424884993461705,0.00034917984660642166,,0,1.0,27.0
2024-10-08,840.1686778516289,841.2133080811689,835.146918824446,836.17236328125,245000,560.2410888671875,102.0,1.0,1.0,1.0,1.0,0.0004675307756996546,0.00037455930557349967,,0,1.0,28.0
2024-10-09,833.8818850685362,841.2133069586396,826.3204678787481,840.245361328125,239200,564.1216430664062,101.0,1.0,1.0,1.0,1.0,0.0004788543148794529,0.00039431640038187265,,0,1.0,29.0
2024-10-10,840.2453471777214,852.9339279377929,834.083146155738,834.2843627929688,268500,563.1343994140625,100.0,1.0,1.0,1.0,1.0,0.000493071692596597,0.0004144471783336591,,0,1.0,30.0
2024-10-11,833.4122272083312,841.9799023162575,828.2945982742096,835.2618408203125,425200,566.5065307617188,99.0,1.0,1.0,1.0,1.0,0.000477639597045376,0.0004397706399828698,,0,1.0,31.0
2024-10-14,831.7447516158179,837.1881880162367,827.3746655764277,829.95263671875,418500,571.1396484375,98.0,1.0,1.0,1.0,1.0,0.000430204682009316,0.0004424884993461705,,0,1.0,32.0
2024-10-15,835.7986266949883,845.2863426696788,832.319801403816,841.4625244140625,558100,566.7020263671875,98.0,1.0,1.0,1.0,1.0,0.0004205010624000444,0.0004675307756996546,,0,1.0,33.0
2024-10-16,842.0470862862568,846.0338080460018,836.9198639048367,843.5421142578125,260500,569.1651611328125,97.0,1.0,1.0,1.0,1.0,0.0004457985648746402,0.0004788543148794529,,0,1.0,34.0
2024-10-17,844.222585194393,852.9340383568732,838.951644507918,851.8319091796875,447400,569.2140502929688,96.0,1.0,1.0,1.0,1.0,0.0005266467188440174,0.000493071692596597,,0,1.0,35.0
2024-10-18,851.1610440404896,857.9461396004929,848.0080259620192,857.9174194335938,299400,571.403564453125,95.0,1.0,1.0,1.0,1.0,0.0006042654992388198,0.000477639597045376,,0,1.0,36.0
2024-10-21,850.99816582997,857.7641347766526,840.5904676628994,843.2930297851562,396300,570.4652709960938,97.0,1.0,1.0,1.0,1.0,0.0006278744578530818,0.000430204682009316,,0,1.0,37.0
2024-10-22,842.0278572215616,846.2637598409851,840.8586949867681,841.7882690429688,264200,570.1621704101562,95.0,1.0,1.0,1.0,1.0,0.000615592165422728,0.0004205010624000444,,0,1.0,38.0
2024-10-23,837.3319193082085,854.7164518714641,836.6515263054569,854.0455932617188,400200,564.952392578125,96.0,1.0,1.0,1.0,1.0,0.0005942345175833285,0.0004457985648746402,,0,1.0,39.0
2024-10-24,853.1926328003369,859.402739257183,850.9213416983162,858.4539794921875,425400,566.1741333007812,95.0,1.0,1.0,1.0,1.0,0.0006048981338655395,0.0005266467188440174,,0,1.0,40.0
2024-10-25,879.1928212983786,903.7458136564476,874.9760458727925,876.2506713867188,1032100,565.9786987304688,97.0,1.0,1.0,1.0,1.0,0.0006529710373199805,0.0006042654992388198,,0,1.0,41.0
2024-10-28,888.8625780797566,890.4534763926158,874.3147904301918,874.6118774414062,447400,567.728271484375,96.0,1.0,1.0,1.0,1.0,0.000663319497653607,0.0006278744578530818,,0,1.0,42.0
2024-10-29,874.0176066868839,881.8282040912902,866.2932867569889,868.1812133789062,534500,568.6471557617188,95.0,1.0,1.0,1.0,1.0,0.0006936765176569567,0.000615592165422728,,0,1.0,43.0
2024-10-30,875.3594418902494,879.3844767222083,870.538899389357,872.3118286132812,543000,566.9268798828125,94.0,1.0,1.0,1.0,1.0,0.0006244769715650762,0.0005942345175833285,,0,1.0,44.0
2024-10-31,848.4871218052459,886.4762363957534,848.4871218052459,870.2609252929688,850700,555.8133544921875,92.0,1.0,1.0,1.0,1.0,0.0005859273756868198,0.0006048981338655395,,0,1.0,45.0
2024-11-01,875.9344262678055,878.1482188128459,850.327268491291,851.3047485351562,451000,558.1591796875,96.0,1.0,1.0,1.0,1.0,0.0004612917101222481,0.0006529710373199805,,0,1.0,46.0
2024-11-04,851.0171631064302,860.7827790633369,850.2025867417294,858.6072998046875,335800,556.9569091796875,95.0,1.0,1.0,1.0,1.0,0.00040400908054323017,0.000663319497653607,,0,1.0,47.0
2024-11-05,857.1507227779011,871.5835128494788,851.8797826542502,871.133056640625,437500,563.6915283203125,96.0,1.0,1.0,1.0,1.0,0.00033850286781288266,0.0006936765176569567,,0,1.0,48.0
2024-11-06,857.725694997566,858.5786429672745,833.2877003356242,853.7197875976562,671700,577.7080688476562,98.0,1.0,1.0,1.0,1.0,0.0003101444233509446,0.0006244769715650762,,0,1.0,49.0
2024-11-07,861.2141329640699,871.5835167823917,854.0743932475382,869.9351196289062,366200,582.1748657226562,100.0,1.0,1.0,1.0,1.0,0.00031664526942494763,0.0005859273756868198,,0,1.0,50.0
2024-11-08,878.0044265624816,889.1788523437097,874.7556552064415,882.7003784179688,535900,584.69677734375,101.0,1.0,1.0,1.0,1.0,0.0003450977929656861,0.0004612917101222481,,0,1.0,51.0
2024-11-11,882.7004674205084,888.9105751266326,873.7015201844638,875.455322265625,289800,585.25390625,100.0,1.0,1.0,1.0,1.0,0.000382103479906566,0.00040400908054323017,,0,1.0,52.0
2024-11-12,877.2377836727602,878.5028163572343,863.9742139989617,865.4117431640625,810100,583.4359130859375,100.0,1.0,1.0,1.0,1.0,0.00038288777991665095,0.00033850286781288266,,0,1.0,53.0
2024-11-13,867.9442202374564,876.2347347769729,867.1065060168344,867.713134765625,364100,583.7193603515625,98.0,1.0,1.0,1.0,1.0,0.00037809673588331204,0.0003101444233509446,,0,1.0,54.0
2024-11-14,871.9305578555565,872.3060423348841,860.7705761269586,864.7954711914062,414200,579.9659423828125,97.0,1.0,1.0,1.0,1.0,0.00039409190668496995,0.00031664526942494763,,0,1.0,55.0
2024-11-15,856.4761061163382,870.091459977523,853.1059725133003,864.0733642578125,368700,572.5372924804688,95.0,1.0,1.0,1.0,1.0,0.0004123129376155986,0.0003450977929656861,,0,1.0,56.0
2024-11-18,857.9396624503721,876.6102153374521,857.9396624503721,875.7339477539062,480200,574.88330078125,96.0,1.0,1.0,1.0,1.0,0.0004476219895352817,0.000382103479906566,,0,1.0,57.0
2024-11-19,877.1975762893164,893.5571572495501,871.4394814776315,888.7523193359375,545000,576.9847412109375,96.0,1.0,1.0,1.0,1.0,0.0004968028216866311,0.00038288777991665095,,0,1.0,58.0
2024-11-20,882.3008989977167,888.8100802406525,880.5869760266114,884.8429565429688,664100,577.1802368164062,95.0,1.0,1.0,1.0,1.0,0.0005375342169499365,0.00037809673588331204,,0,1.0,59.0
2024-11-21,880.0861859251446,895.6369664384599,879.8551004874746,889.3299560546875,508100,580.2786865234375,94.0,1.0,1.0,1.0,1.0,0.0005727225755856631,0.00039409190668496995,,0,1.0,60.0
2024-11-22,894.2408305900252,902.540982944882,888.4730974447612,901.626220703125,512800,582.0772705078125,95.0,1.0,1.0,1.0,1.0,0.0005930856436245148,0.0004123129376155986,,0,1.0,61.0
2024-11-25,905.1215911048469,940.122812103747,903.725381151709,938.197021484375,1977300,584.0515747070312,108.0,1.0,1.0,4.0,5.0,0.0006623006689157296,0.0004476219895352817,,0,2.0,62.0
2024-11-26,937.8599101362057,946.2274716441941,925.6889008935939,941.9618530273438,708100,587.1012573242188,106.0,1.0,1.0,4.0,5.0,0.0007015656146045565,0.0004968028216866311,,0,2.0,63.0
2024-11-27,949.414691476036,957.1467683395614,941.9329767741855,942.7706909179688,459600,585.3223266601562,105.0,1.0,1.0,4.0,5.0,0.0007466346059714883,0.0005375342169499365,,0,2.0,64.0
2024-11-29,947.3348553053255,955.1246446924334,943.6662268826537,945.0623779296875,362800,588.9583740234375,103.0,1.0,1.0,4.0,5.0,0.0007458880463553527,0.0005727225755856631,,0,2.0,65.0
2024-12-02,935.1445787800178,936.9837415736192,920.8263314672713,929.0398559570312,536100,590.0139770507812,104.0,1.0,1.0,4.0,5.0,0.000720169584083666,0.0005930856436245148,,1,2.0,66.0
2024-12-03,926.2185558452583,931.69743223824,923.406918135238,927.89404296875,386900,590.2877197265625,103.0,1.0,1.0,4.0,5.0,0.0006958087818016713,0.0006623006689157296,,0,2.0,67.0
2024-12-04,927.8940285252993,933.5173038578089,923.4165421173797,929.8101806640625,319600,593.9530639648438,101.0,1.0,1.0,4.0,5.0,0.0006842567285549613,0.0007015656146045565,,0,2.0,68.0
2024-12-05,920.6722330096982,939.7567634098996,918.3516227569271,937.6672973632812,384800,592.9756469726562,100.0,1.0,1.0,4.0,5.0,0.0007062046225535649,0.0007466346059714883,,0,2.0,69.0
2024-12-06,945.4571922271839,950.0694391275496,935.0867920048195,948.4517822265625,541500,594.0997924804688,100.0,1.0,1.0,4.0,5.0,0.0007310905051879163,0.0007458880463553527,,0,2.0,70.0
2024-12-09,949.1932323109269,953.1122228777544,926.3822423789093,933.0261840820312,476100,591.0403442382812,101.0,1.0,1.0,4.0,5.0,0.0006978905359212728,0.000720169584083666,,0,2.0,71.0
2024-12-10,937.4073709337957,937.4073709337957,915.9540381561761,926.0355224609375,469400,589.2026977539062,100.0,1.0,1.0,4.0,5.0,0.0006623806705319321,0.0006958087818016713,,0,2.0,72.0
2024-12-11,929.684929063023,939.7086419676368,926.4399770275431,937.4458618164062,387800,593.7576293945312,100.0,1.0,1.0,4.0,5.0,0.0006360156469601207,0.0006842567285549613,,0,2.0,73.0
2024-12-12,940.9604366987188,949.8961325313383,936.6370465732891,939.1116943359375,284500,590.6982421875,99.0,1.0,1.0,4.0,5.0,0.0006734667771653227,0.0007062046225535649,,0,2.0,74.0
2024-12-13,934.1527813358629,946.5066841666563,927.3065519482052,929.19384765625,394500,590.5809936523438,98.0,1.0,1.0,4.0,5.0,0.000706916431755002,0.0007310905051879163,,0,2.0,75.0
2024-12-16,929.1939307742376,935.9534743414439,920.0464257562529,922.4343872070312,515200,593.102783203125,97.0,1.0,1.0,3.0,3.0,0.0007259143295675867,0.0006978905359212728,,0,1.0,76.0
2024-12-17,918.8620646422438,935.3853211944456,910.369321525288,925.1882934570312,438700,590.6591186523438,96.0,1.0,1.0,3.0,3.0,0.0007237415413470852,0.0006623806705319321,,0,1.0,77.0
2024-12-18,918.7753100189803,927.5954627237401,891.2943029120565,892.0068359375,650600,573.055419921875,107.0,1.0,4.0,3.0,4.0,0.0006372996222791723,0.0006360156469601207,,0,2.0,78.0
2024-12-19,890.6877281605983,904.1201284041822,886.2487952449673,887.3753662109375,685300,572.8794555664062,105.0,1.0,4.0,3.0,4.0,0.0005486006384034676,0.0006734667771653227,,0,2.0,79.0
2024-12-20,888.3863793434112,901.7224545747126,885.179921818911,892.815673828125,1434600,579.76025390625,104.0,1.0,4.0,3.0,4.0,0.00046959178054125587,0.000706916431755002,,0,2.0,80.0
2024-12-23,897.7361169050981,907.3072977425754,888.7619264023751,904.7267456054688,488700,583.2319946289062,104.0,1.0,4.0,3.0,4.0,0.0004910555727940293,0.0007259143295675867,,0,2.0,81.0
2024-12-24,904.7267797210748,914.7601318359375,902.9068935817666,914.7601318359375,168400,589.7147216796875,104.0,1.0,4.0,3.0,4.0,0.0005206501038948669,0.0007237415413470852,,0,2.0,82.0
2024-12-26,914.0476699760183,916.8978025436495,908.010297442044,913.2003173828125,234800,589.75390625,102.0,1.0,4.0,3.0,4.0,0.0005572504937744084,0.0006372996222791723,,0,2.0,83.0
2024-12-27,905.025258800059,914.9141529423773,904.6497155518736,907.6828002929688,289700,583.5459594726562,101.0,1.0,4.0,3.0,4.0,0.0005617028053751822,0.0005486006384034676,,0,2.0,84.0
2024-12-30,903.11860556473,904.1200541370736,894.7125496844812,901.2024536132812,298600,576.8866577148438,100.0,1.0,4.0,3.0,4.0,0.0005365116587847995,0.00046959178054125587,,1,2.0,85.0
2024-12-31,911.5728640660918,913.9511869127958,900.1625211034932,907.9042358398438,516500,574.7880249023438,99.0,1.0,4.0,3.0,4.0,0.0004974460080848804,0.0004910555727940293,,0,2.0,86.0
2025-01-02,904.1585959360486,918.3805768959242,904.1585959360486,909.1945190429688,440400,573.3756713867188,98.0,1.0,4.0,3.0,4.0,0.0004635196152152835,0.0005206501038948669,,0,2.0,87.0
2025-01-03,914.7504270687178,928.08650189201,912.9883124218992,924.3504638671875,284300,580.5448608398438,99.0,1.0,4.0,3.0,4.0,0.00045611964776550465,0.0005572504937744084,,0,2.0,88.0
2025-01-06,917.2636158058222,928.9339013536243,904.3415782064794,905.1215209960938,402700,583.8890991210938,101.0,1.0,4.0,3.0,4.0,0.0004202500684504097,0.0005617028053751822,,0,2.0,89.0
2025-01-07,908.9345189789932,915.8769553365084,888.3863107992233,905.1888427734375,641400,577.2888793945312,100.0,1.0,4.0,3.0,4.0,0.0004029135800798031,0.0005365116587847995,,0,2.0,90.0
2025-01-08,906.2673368304007,916.3199650824365,904.0237745557223,915.7518310546875,344400,578.13232421875,100.0,1.0,4.0,3.0,4.0,0.0003873427871661336,0.0004974460080848804,,0,2.0,91.0
2025-01-10,890.0329493372714,899.7966621386643,865.4791213878601,866.4420166015625,780900,569.3057250976562,124.0,1.0,4.0,4.0,6.0,0.0003105472466505056,0.0004635196152152835,,1,2.0,92.0
2025-01-13,858.0648514315869,868.0789855700856,855.5517089263902,866.2687377929688,403400,570.1883544921875,122.0,1.0,4.0,4.0,6.0,0.0002172440010525835,0.00045611964776550465,,0,2.0,93.0
2025-01-14,868.1463144471132,874.2414576988239,861.4542396258717,864.7666015625,797700,570.9729614257812,120.0,1.0,4.0,4.0,6.0,0.00010571187308471143,0.0004202500684504097,,0,2.0,94.0
2025-01-15,886.3450705572122,893.9037747012537,859.9809941208046,866.6153564453125,552800,581.35888671875,118.0,1.0,4.0,4.0,6.0,9.883003327564874e-05,0.0004029135800798031,,0,2.0,95.0
2025-01-16,871.3911915106361,887.4811905474091,866.5959924931569,885.7576293945312,514900,580.2408447265625,120.0,1.0,4.0,4.0,6.0,0.00015048378403837364,0.0003873427871661336,,0,2.0,96.0
2025-01-17,897.5338136109365,897.5338136109365,881.0201384441045,881.6171875,623400,586.0663452148438,119.0,1.0,4.0,4.0,6.0,0.00020067718246951014,0.0003105472466505056,,0,2.0,97.0
2025-01-21,889.4070307009912,900.3262881208411,889.4070307009912,899.3441162109375,665900,591.4309692382812,120.0,1.0,4.0,4.0,6.0,0.00026058078651737597,0.0002172440010525835,,0,2.0,98.0
2025-01-22,905.1310938524256,912.29503623399,890.0232663561225,890.8994750976562,375600,594.7557373046875,119.0,1.0,4.0,4.0,6.0,0.00026511856498023594,0.00010571187308471143,,0,2.0,99.0
2025-01-23,897.7938639746283,906.5947401520716,884.3421875547679,906.0169677734375,497400,598.0018920898438,120.0,1.0,4.0,4.0,6.0,0.0002703520096118017,9.883003327564874e-05,,0,2.0,100.0
2025-01-24,905.121503979984,914.3652745549999,900.9810663009762,905.93994140625,364400,596.2561645507812,118.0,1.0,4.0,4.0,6.0,0.0002503365685745479,0.00015048378403837364,,0,2.0,101.0
2025-01-27,873.7215091096022,875.1080805793295,826.0678340025967,866.7019653320312,976200,587.8218994140625,131.0,1.0,4.0,4.0,6.0,0.00019346784098329687,0.00020067718246951014,,1,2.0,102.0
2025-01-28,866.5478787728164,877.0049061794996,853.3369265234996,873.1629638671875,734100,592.8726196289062,129.0,1.0,4.0,4.0,6.0,0.00017217244713554737,0.00026058078651737597,,0,2.0,103.0
2025-01-29,875.5317220411283,881.5112635157504,867.337474628764,874.5302734375,344800,590.2147827148438,127.0,1.0,4.0,4.0,6.0,0.0001475461778677891,0.00026511856498023594,,0,2.0,104.0
2025-01-30,886.9612329719359,901.9246021148455,881.4149476272493,887.9144897460938,401600,593.382568359375,127.0,1.0,4.0,4.0,6.0,0.00019024625491841334,0.0002703520096118017,,0,2.0,105.0
2025-01-31,889.6189468454852,904.6015946160309,879.094450022947,879.7588500976562,652000,590.2247314453125,126.0,1.0,4.0,4.0,6.0,0.00017655933088178404,0.0002503365685745479,,0,2.0,106.0
2025-02-03,877.342070960852,883.7742044746957,867.4627558374827,881.0491943359375,393700,586.2528076171875,124.0,1.0,4.0,4.0,6.0,0.00016777472213946927,0.00019346784098329687,,0,2.0,107.0
2025-02-04,872.479315820015,892.9023441368009,871.5453356873253,889.9848022460938,311300,590.185546875,123.0,1.0,4.0,4.0,6.0,0.0001644280168039482,0.00017217244713554737,,0,2.0,108.0
2025-02-05,900.2396512099775,902.3483941634024,889.8211175272936,901.7514038085938,326200,592.5784301757812,122.0,1.0,4.0,4.0,6.0,0.0001977919734972314,0.0001475461778677891,,0,2.0,109.0
2025-02-06,907.0183879261633,908.992370156051,897.2546749989887,903.5231323242188,241300,594.6380004882812,121.0,1.0,4.0,4.0,6.0,0.00022773897257104538,0.00019024625491841334,,0,2.0,110.0
2025-02-07,907.2301825878723,907.9812102432902,894.4333272178369,898.6411743164062,357200,589.1950073242188,119.0,1.0,4.0,4.0,6.0,0.0002251593209631795,0.00017655933088178404,,0,2.0,111.0
2025-02-10,901.1158355575036,908.6360444326912,893.614844621673,908.1449584960938,373700,593.1963500976562,118.0,1.0,4.0,4.0,6.0,0.00021961406377154967,0.00016777472213946927,,0,2.0,112.0
2025-02-11,896.4650332238264,908.9152606027952,892.1608612936249,908.6264038085938,437800,593.6473999023438,116.0,1.0,4.0,4.0,6.0,0.00022494537283838324,0.0001644280168039482,,0,2.0,113.0
2025-02-12,889.2048327403861,906.9798999015647,889.2048327403861,900.4996337890625,518400,591.7349853515625,115.0,1.0,4.0,4.0,6.0,0.0002282512240279963,0.0001977919734972314,,0,2.0,114.0
2025-02-13,865.6428332426954,890.3122049455943,856.9767759577295,888.7523193359375,930500,597.9822998046875,115.0,1.0,4.0,4.0,6.0,0.00021822431652379973,0.00022773897257104538,,0,2.0,115.0
2025-02-14,888.7715949165921,918.033936979372,887.1539379445791,898.958984375,523400,597.9529418945312,114.0,1.0,4.0,4.0,6.0,0.00021565178421428178,0.0002251593209631795,,0,2.0,116.0
2025-02-18,886.0175829592986,904.3125909661101,873.6733187484937,897.322021484375,512900,599.7083129882812,113.0,1.0,4.0,4.0,6.0,0.0002097555308371909,0.00021961406377154967,,0,2.0,117.0
2025-02-19,896.4555074400325,904.8519260882948,890.3411459082137,904.2357177734375,529100,601.12060546875,112.0,1.0,4.0,4.0,6.0,0.0002171277282576056,0.00022494537283838324,,0,2.0,118.0
2025-02-20,904.2356117252292,905.8917632060256,892.6327366933199,905.3621826171875,275400,598.6198120117188,110.0,1.0,4.0,3.0,4.0,0.0002310500158621896,0.0002282512240279963,,0,2.0,119.0
2025-02-21,900.3263196923232,900.7403575901158,882.4934811681177,885.5554809570312,664100,588.3809814453125,112.0,1.0,4.0,3.0,4.0,0.0002299107149157231,0.00021822431652379973,,0,2.0,120.0
2025-02-24,884.0245385560564,885.8636426508169,861.2713187719859,875.2814331054688,648500,585.7035522460938,112.0,1.0,4.0,3.0,4.0,0.00019798620201748007,0.00021565178421428178,,0,2.0,121.0
2025-02-25,874.308860141866,880.9239456045184,869.4847456842854,873.0185546875,853300,582.7907104492188,110.0,1.0,4.0,3.0,4.0,0.00017294380968354932,0.0002097555308371909,,0,2.0,122.0
2025-02-26,879.1744688716777,887.2758041497829,878.0613579049586,881.0618896484375,664600,583.0850219726562,109.0,1.0,4.0,3.0,4.0,0.0001858083005728703,0.0002171277282576056,,0,2.0,123.0
2025-02-27,885.9595069418841,890.3053777849701,877.8484828674179,881.15869140625,503700,573.7777709960938,108.0,1.0,4.0,3.0,4.0,0.00022758181158892692,0.0002310500158621896,,0,2.0,124.0
2025-02-28,880.7908749397994,884.662483181293,868.9921464608054,875.5835571289062,1214800,582.7318725585938,106.0,1.0,4.0,3.0,4.0,0.00024370262819614361,0.0002299107149157231,,0,2.0,125.0
2025-03-03,882.794337302734,892.0087827572609,874.731697530023,881.3521728515625,547200,572.5224609375,105.0,1.0,4.0,3.0,4.0,0.0002418875716346281,0.00019798620201748007,,0,2.0,126.0
2025-03-04,880.5295425612333,888.1566156970091,866.9305301180474,880.82958984375,689600,565.74560546875,104.0,1.0,4.0,3.0,4.0,0.00022599848054867563,0.00017294380968354932,,0,2.0,127.0
2025-03-05,875.457704286845,897.3226373034528,875.457704286845,891.4571533203125,486900,571.826171875,103.0,1.0,4.0,3.0,4.0,0.00019028017751881389,0.0001858083005728703,,0,2.0,128.0
2025-03-06,880.8876292917271,885.146421928694,842.3748281112736,843.913818359375,893500,561.675537109375,126.0,1.0,4.0,4.0,6.0,9.749622466670785e-05,0.00022758181158892692,,0,2.0,129.0
2025-03-07,845.1043464884403,847.26274921906,819.2710376514054,831.9312133789062,1003800,564.82373046875,126.0,1.0,4.0,4.0,6.0,-9.117769585002673e-06,0.00024370262819614361,,0,2.0,130.0
2025-03-10,828.8242240740575,831.6504815937873,795.6832664544809,803.968505859375,915000,549.7792358398438,133.0,4.0,4.0,4.0,12.0,-0.0001247134084229381,0.0002418875716346281,,0,4.0,1.0
2025-03-11,805.3718693200334,817.0834592587701,799.4870089357267,809.3983154296875,1092100,545.2090454101562,131.0,4.0,4.0,4.0,12.0,-0.00015767585333923402,0.00022599848054867563,,0,4.0,2.0
2025-03-12,819.7355931392369,828.9790459634835,816.6673601614659,827.5465698242188,717200,548.1022338867188,132.0,4.0,4.0,4.0,12.0,-0.00014216812465497606,0.00019028017751881389,,0,4.0,3.0
2025-03-13,822.0488453083017,824.4782887806214,802.6424220222996,807.181884765625,597300,540.7957763671875,135.0,4.0,4.0,4.0,12.0,-0.00011580698362988564,9.749622466670785e-05,,0,4.0,4.0
2025-03-14,808.5563239394334,815.612308556838,802.5940733553564,810.7921752929688,695300,551.96630859375,133.0,4.0,4.0,4.0,12.0,-0.00012081068375803995,-9.117769585002673e-06,,0,4.0,5.0
2025-03-17,808.1595534230285,832.511944107053,807.4432562498039,829.7340698242188,902500,556.2227172851562,135.0,4.0,4.0,4.0,12.0,-0.00012949395814313433,-0.0001247134084229381,,0,4.0,6.0
2025-03-18,835.976986885738,835.976986885738,809.5919683558548,814.2572631835938,691900,550.2107543945312,135.0,4.0,4.0,4.0,12.0,-0.00013785076245083605,-0.00015767585333923402,,0,4.0,7.0
2025-03-19,819.1548645228411,835.9963246336737,815.8736624172085,827.8756713867188,1079500,556.203125,135.0,4.0,4.0,4.0,12.0,-0.00013009618177743415,-0.00014216812465497606,,0,4.0,8.0
2025-03-20,824.9428694323803,828.3112085912371,818.9612421133049,824.3814697265625,532800,554.5947265625,133.0,4.0,4.0,4.0,12.0,-0.00015627708539254592,-0.00011580698362988564,,0,4.0,9.0
2025-03-21,818.8450660428613,821.4100298919726,805.0815283956651,807.8013305664062,1624900,554.777587890625,134.0,4.0,4.0,4.0,12.0,-0.00017406241422428912,-0.00012081068375803995,,0,4.0,10.0
2025-03-24,820.2098544823393,830.8083938004235,816.6867358997324,825.0784301757812,745800,564.7128295898438,135.0,4.0,4.0,4.0,12.0,-0.00017814473385286303,-0.00012949395814313433,,0,4.0,11.0
2025-03-25,820.9551251607307,829.7920752963283,811.1115781954803,814.218505859375,581000,566.0703735351562,134.0,4.0,4.0,4.0,12.0,-0.00019014074741410664,-0.00013785076245083605,,0,4.0,12.0
2025-03-26,819.8904984718994,824.0718424854488,799.3612743880823,804.375,764100,559.3125,133.0,4.0,4.0,4.0,12.0,-0.0001985443980099855,-0.00013009618177743415,,0,4.0,13.0
2025-03-27,806.6979504892658,806.6979504892658,794.1732959857927,798.8192138671875,799600,557.8270874023438,132.0,4.0,4.0,4.0,12.0,-0.00023222941544403337,-0.00015627708539254592,,0,4.0,14.0
2025-03-28,797.0479567655145,799.4774003495761,771.7373537454073,777.225341796875,896500,546.5934448242188,135.0,4.0,4.0,4.0,12.0,-0.00025778480053591425,-0.00017406241422428912,,0,4.0,15.0
2025-03-31,781.0969357483599,793.5828955264308,769.598254942114,789.1788940429688,1083800,550.2625732421875,135.0,4.0,4.0,4.0,12.0,-0.00026578829884775756,-0.00017814473385286303,,0,4.0,16.0
2025-04-01,790.2726554096982,793.5248512306019,775.1250236093296,790.7276000976562,871800,551.8167114257812,133.0,4.0,4.0,4.0,12.0,-0.0002629798064628184,-0.00019014074741410664,,0,4.0,17.0
2025-04-02,780.5838883059732,806.9979713807041,780.5838883059732,804.85888671875,431100,555.308837890625,133.0,4.0,4.0,4.0,12.0,-0.0002372388474781088,-0.0001985443980099855,,0,4.0,18.0
2025-04-03,784.5329662425507,787.9690065797124,763.65531269521,775.7153930664062,1222700,527.9428100585938,140.0,4.0,4.0,4.0,12.0,-0.00025081164097162943,-0.00023222941544403337,,0,4.0,19.0
2025-04-04,765.2911819601673,766.9753222612355,740.5612936631801,741.6163330078125,820500,497.0354919433594,151.0,4.0,4.0,4.0,12.0,-0.000285650282847442,-0.00025778480053591425,,0,4.0,20.0
2025-04-07,726.526637357499,755.0894365140273,702.629133205211,723.7390747070312,927900,496.1501159667969,153.0,4.0,4.0,4.0,12.0,-0.00034485296833181484,-0.00026578829884775756,,0,4.0,21.0
2025-04-08,755.2636783091255,755.2636783091255,706.7524302314665,716.3153076171875,812900,488.3790588378906,151.0,4.0,4.0,4.0,12.0,-0.00037611699094553,-0.0002629798064628184,,0,4.0,22.0
2025-04-09,705.4263067549604,772.9374678121377,678.8960812053172,771.8340454101562,753200,539.6682739257812,180.0,4.0,4.0,4.0,12.0,-0.00033105379824293826,-0.0002372388474781088,,0,4.0,23.0
2025-04-10,751.1501622055556,756.5123190065061,726.4977220782333,746.0009155273438,696100,516.0205078125,183.0,4.0,4.0,4.0,12.0,-0.0002945029815306684,-0.00025081164097162943,,0,4.0,24.0
2025-04-11,731.8695488495268,758.3029543102637,725.5781848489935,751.8954467773438,513900,525.2278442382812,181.0,4.0,4.0,4.0,12.0,-0.00025368522076551575,-0.000285650282847442,,0,4.0,25.0
2025-04-14,757.8479036111403,767.9624915206143,750.8983742067913,758.7093505859375,621200,530.3233032226562,179.0,4.0,4.0,4.0,12.0,-0.0002746313194232303,-0.00034485296833181484,,0,4.0,26.0
2025-04-15,763.1132154271817,770.740287284885,756.2314469524101,762.2130737304688,352500,528.8378295898438,176.0,4.0,4.0,4.0,12.0,-0.0002657391216444754,-0.00037611699094553,,0,4.0,27.0
2025-04-16,755.1280775961943,763.471388008433,748.9528581853658,753.6859130859375,405400,517.0828247070312,174.0,4.0,4.0,4.0,12.0,-0.0002695043355500993,-0.00033105379824293826,,0,4.0,28.0
2025-04-17,768.911054978013,776.2187628440029,762.532613439687,764.787841796875,479700,517.8206176757812,173.0,4.0,4.0,4.0,12.0,-0.00025159951223943487,-0.0002945029815306684,,0,4.0,29.0
2025-04-21,758.631823132605,759.33843170454,734.676250659239,748.3817749023438,493800,505.4951477050781,173.0,4.0,4.0,4.0,12.0,-0.00025410602041698606,-0.00025368522076551575,,1,4.0,30.0
2025-04-22,757.141337543426,770.8371744384536,757.141337543426,765.7266235351562,556900,518.6469116210938,173.0,4.0,4.0,4.0,12.0,-0.0002260829237709255,-0.0002746313194232303,,0,4.0,31.0
2025-04-23,779.4805263627087,799.5161093764375,774.3796639696678,783.4779663085938,640100,526.6836547851562,173.0,4.0,4.0,4.0,12.0,-0.00020420110796635753,-0.0002657391216444754,,0,4.0,32.0
2025-04-24,783.6134971515488,796.8931443547046,776.7027212262484,790.9598999023438,490900,537.769775390625,171.0,4.0,1.0,4.0,11.0,-0.00016891725105487568,-0.0002695043355500993,,0,2.0,33.0
2025-04-25,800.454980508221,817.3158173652979,798.519176444114,811.1986694335938,605300,541.6553344726562,172.0,4.0,1.0,4.0,11.0,-0.00012562827388598724,-0.00025159951223943487,,0,2.0,34.0
2025-04-28,807.7917177080573,819.6291409965231,806.7076721270328,817.5675048828125,521000,541.8618774414062,170.0,4.0,1.0,4.0,11.0,-9.180782436612934e-05,-0.00025410602041698606,,0,2.0,35.0
2025-04-29,820.9745687307345,833.2765665485578,815.4478265013319,824.3138427734375,696100,545.2753295898438,168.0,4.0,1.0,4.0,11.0,-5.4289027164052645e-05,-0.0002260829237709255,,0,2.0,36.0
2025-04-30,813.0376766491795,836.4028450111352,812.6214858800207,833.1216430664062,729100,545.4916381835938,166.0,4.0,1.0,4.0,11.0,-3.117862460391259e-05,-0.00020420110796635753,,0,2.0,37.0
2025-05-01,835.9770009296146,856.593302496524,832.4635118102397,834.302490234375,677300,549.3574829101562,164.0,4.0,1.0,4.0,11.0,-2.6043771464916388e-05,-0.00016891725105487568,,0,2.0,38.0
2025-05-02,847.8240756495524,851.7731323294504,842.5393094908071,847.7369384765625,443300,557.5123291015625,163.0,4.0,1.0,4.0,11.0,-2.260135400984469e-06,-0.00012562827388598724,,0,2.0,39.0
2025-05-05,850.8923450138508,859.4486250088131,844.9204059907504,854.8607788085938,377600,554.3153076171875,161.0,4.0,1.0,4.0,11.0,1.7827703075377652e-05,-9.180782436612934e-05,,0,2.0,40.0
2025-05-06,851.7538072541877,858.5968818629585,844.6300623172236,847.2821044921875,439200,549.68212890625,159.0,4.0,1.0,4.0,11.0,2.6952224616370885e-05,-5.4289027164052645e-05,,0,2.0,41.0
2025-05-07,845.394677450863,853.3411745206226,841.7844217214752,844.4751586914062,576800,551.993896484375,156.0,4.0,1.0,4.0,11.0,1.9777500969956112e-05,-3.117862460391259e-05,,0,2.0,42.0
2025-05-08,847.553048828995,854.541332066891,831.9698500847018,833.3539428710938,496200,555.8400268554688,155.0,4.0,1.0,4.0,11.0,2.7827334805811886e-06,-2.6043771464916388e-05,,0,2.0,43.0
2025-05-09,822.7167122599749,841.1068505340214,810.492105091722,836.6448364257812,226000,555.1317749023438,153.0,4.0,1.0,4.0,11.0,1.5583851599959394e-05,-2.260135400984469e-06,,0,2.0,44.0
2025-05-12,855.3930570801637,855.3930570801637,834.3315006962665,842.5296020507812,507200,573.4774169921875,151.0,4.0,1.0,4.0,11.0,4.32027869043552e-05,1.7827703075377652e-05,,0,2.0,45.0
2025-05-13,844.3106597088401,846.2948471544967,834.6800222128331,840.9036254882812,774700,577.2646484375,149.0,4.0,1.0,3.0,9.0,6.226337590126356e-05,2.6952224616370885e-05,,0,2.0,46.0
2025-05-14,838.619327639693,844.6300203619676,828.6693257414717,831.631103515625,590100,578.00244140625,147.0,4.0,1.0,3.0,9.0,5.8027832961306746e-05,1.9777500969956112e-05,,0,2.0,47.0
2025-05-15,830.5566818617871,840.9423104846504,830.5566818617871,839.4033203125,429300,580.8256225585938,146.0,4.0,1.0,3.0,9.0,2.411720365270015e-05,2.7827334805811886e-06,,0,2.0,48.0
2025-05-16,841.5036967267821,848.35645979372,833.6443367935129,847.8047485351562,589400,584.5045776367188,144.0,4.0,1.0,3.0,9.0,3.2304087584420484e-05,1.5583851599959394e-05,,0,2.0,49.0
2025-05-19,835.3865318679826,852.6925646294862,835.3865318679826,849.4017333984375,412300,585.1438598632812,142.0,4.0,1.0,3.0,9.0,8.619886823417907e-05,4.32027869043552e-05,,0,2.0,50.0
2025-05-20,840.4583590538136,848.4144851264472,837.6320426829164,847.7756958007812,296300,583.1765747070312,140.0,4.0,1.0,3.0,9.0,0.00015602519783556966,6.226337590126356e-05,,0,2.0,51.0
2025-05-21,843.5621194607049,847.4643105112689,832.0404994738752,836.0399780273438,793700,573.3495483398438,139.0,4.0,1.0,3.0,9.0,0.0001667340892591856,5.8027832961306746e-05,,0,2.0,52.0
2025-05-22,840.1854620302043,846.8512597367451,835.0668801327644,843.2020874023438,413400,573.575927734375,138.0,4.0,1.0,3.0,9.0,0.00010726567487137692,2.411720365270015e-05,,0,2.0,53.0
2025-05-23,841.6450588461644,843.980493303617,834.4829054187126,840.2437744140625,441600,569.66064453125,136.0,4.0,4.0,3.0,10.0,5.747116671667754e-05,3.2304087584420484e-05,,0,4.0,54.0
2025-05-27,847.5810814056164,859.453067099758,844.6520029530448,853.23486328125,502000,581.50439453125,135.0,4.0,4.0,3.0,10.0,4.375005690468092e-05,8.619886823417907e-05,,0,4.0,55.0
2025-05-28,859.9103642589216,859.9103642589216,848.7876947608142,856.9423828125,373000,578.1400756835938,133.0,4.0,4.0,3.0,10.0,7.907371934692872e-05,0.00015602519783556966,,0,4.0,56.0
2025-05-29,856.9424412889671,872.0549089739442,848.5542151521773,863.5693359375,290600,580.4222412109375,132.0,4.0,1.0,3.0,9.0,0.00010234348399234263,0.0001667340892591856,,0,2.0,57.0
2025-05-30,854.2274984958317,870.4297885637443,852.6218388575861,864.9219970703125,973100,579.7730712890625,130.0,4.0,1.0,3.0,9.0,0.00012568854685073176,0.00010726567487137692,,0,2.0,58.0
2025-06-02,860.4261404284558,866.692987712452,850.8896491860471,866.5469970703125,338000,583.0388793945312,128.0,4.0,1.0,1.0,7.0,0.0001278062332621543,5.747116671667754e-05,,0,2.0,59.0
2025-06-03,863.2287271811965,872.6970936123234,857.9836361016761,870.7800903320312,535900,586.36376953125,126.0,4.0,1.0,1.0,7.0,0.0001401339637106609,4.375005690468092e-05,,0,2.0,60.0
2025-06-04,871.7920748864196,889.3664851402903,866.109071468582,887.6732788085938,573300,586.2064208984375,127.0,1.0,1.0,1.0,1.0,0.000157218626603396,7.907371934692872e-05,,0,1.0,1.0
2025-06-05,890.8164318382246,900.0123574933247,881.7275937052048,885.2794189453125,605900,583.373291015625,125.0,1.0,1.0,1.0,1.0,0.00017298262440366258,0.00010234348399234263,,0,1.0,2.0
2025-06-06,890.2227898506611,892.7236961183263,884.802546065047,889.84326171875,294200,589.364013671875,124.0,1.0,1.0,1.0,1.0,0.0001656904579939937,0.00012568854685073176,,0,1.0,3.0
2025-06-09,887.3716600071918,890.6802071993297,881.9416750875827,883.0802001953125,336600,589.8950805664062,122.0,1.0,1.0,1.0,1.0,0.00011768822679069582,0.0001278062332621543,,0,1.0,4.0
2025-06-10,883.4111668806552,886.875445671557,871.4807958317266,882.944091796875,439500,593.2396850585938,120.0,1.0,1.0,1.0,1.0,8.616191949450779e-05,0.0001401339637106609,,0,1.0,5.0
2025-06-11,881.6302474305705,888.5977666896038,869.1160340400688,869.6707153320312,547400,591.5476684570312,120.0,1.0,1.0,1.0,1.0,4.0675031224018006e-05,0.000157218626603396,,0,1.0,6.0
2025-06-12,869.6707890486092,878.2341685081548,869.4664140098013,872.317626953125,493900,593.8987426757812,119.0,1.0,1.0,1.0,1.0,1.726881371287259e-05,0.00017298262440366258,,0,1.0,7.0
2025-06-13,868.6002586762866,870.3032056785937,859.5600642573355,868.6392211914062,502400,587.2588500976562,117.0,1.0,1.0,1.0,1.0,6.980351215050076e-06,0.0001656904579939937,,0,1.0,8.0
2025-06-16,870.0404475042399,876.4338038070405,862.9951224516288,864.2698974609375,543100,592.8462524414062,116.0,1.0,1.0,1.0,1.0,5.4634907246800795e-06,0.00011768822679069582,,0,1.0,9.0
2025-06-17,866.3913163062376,874.5362636267379,859.6768159300906,862.9172973632812,606700,587.7801513671875,114.0,1.0,1.0,1.0,1.0,-8.8266209112949e-07,8.616191949450779e-05,,0,1.0,10.0
2025-06-18,859.9006512525922,868.7754927789695,858.3729167422324,863.0048828125,550200,587.691650390625,112.0,1.0,4.0,1.0,2.0,-2.577175730868136e-05,4.0675031224018006e-05,,0,2.0,11.0
2025-06-20,866.4204643343792,870.5561926173244,858.3047390351174,859.1416015625,788100,586.3114013671875,111.0,1.0,4.0,1.0,2.0,-4.7752106294232144e-05,1.726881371287259e-05,,0,2.0,12.0
2025-06-23,861.8274448526162,872.9208926957065,859.9882478106404,866.0507202148438,693000,592.1026611328125,110.0,1.0,4.0,1.0,2.0,-4.108114867735178e-05,6.980351215050076e-06,,0,2.0,13.0
2025-06-24,872.4733263881034,886.1163248843372,862.2750657785517,882.1265869140625,436400,598.6438598632812,111.0,1.0,4.0,1.0,2.0,-5.291699890090744e-06,5.4634907246800795e-06,,0,2.0,14.0
2025-06-25,880.1414198881797,881.0269261969506,796.2396228895403,802.1464233398438,1352000,598.979248046875,169.0,4.0,4.0,4.0,12.0,-4.163261000974161e-05,-8.8266209112949e-07,,0,4.0,1.0
2025-06-26,769.7709208647451,773.1962960054419,691.4159396739125,725.484619140625,4005300,603.66552734375,216.0,4.0,4.0,4.0,12.0,-0.00014368145260446497,-2.577175730868136e-05,,1,4.0,2.0
2025-06-27,743.3121030296876,770.9777490185005,733.7367074397013,764.00048828125,2193300,606.664794921875,224.0,4.0,4.0,4.0,12.0,-0.00023710269020342444,-4.7752106294232144e-05,,0,4.0,3.0
2025-06-30,771.3572055751689,774.9869562320177,755.5538652748774,774.0819091796875,1066900,609.5653686523438,221.0,4.0,4.0,4.0,12.0,-0.0002512002984021669,-4.108114867735178e-05,,0,4.0,4.0
2025-07-01,775.8139784074075,779.0058160720063,761.8498371099784,773.9942626953125,971300,609.3681030273438,218.0,4.0,4.0,4.0,12.0,-0.00021451026583743814,-5.291699890090744e-06,,0,4.0,5.0
2025-07-02,772.7681123690363,775.5414593032333,763.7960434120013,773.7704467773438,631000,612.1305541992188,215.0,4.0,4.0,4.0,12.0,-0.00020953692600845708,-4.163261000974161e-05,,0,4.0,6.0
2025-07-03,776.242175453784,776.242175453784,761.7427742702572,765.839599609375,539900,616.9550170898438,212.0,4.0,4.0,4.0,12.0,-0.00021105096472899025,-0.00014368145260446497,,0,4.0,7.0
2025-07-07,767.8928296921795,772.8070361884085,751.787828876543,756.2252197265625,700800,612.357421875,210.0,4.0,4.0,4.0,12.0,-0.00020463962934467254,-0.00023710269020342444,,0,4.0,8.0
2025-07-08,756.4880230326528,760.8864516237969,740.8014525754647,746.7568969726562,668400,612.0220336914062,207.0,4.0,4.0,4.0,12.0,-0.0002156830042858478,-0.0002512002984021669,,0,4.0,9.0
2025-07-09,754.0259826107762,754.0259826107762,739.9548130310682,744.14892578125,534700,615.692138671875,204.0,4.0,4.0,4.0,12.0,-0.00021784518768747723,-0.00021451026583743814,,0,4.0,10.0
2025-07-10,755.4662388251741,756.8577826731653,733.2598028476048,738.4854125976562,751000,617.4285888671875,201.0,4.0,4.0,4.0,12.0,-0.00024364866764663173,-0.00020953692600845708,,0,4.0,11.0
2025-07-11,729.8830865978218,738.9622436971821,723.8789985450084,736.3543090820312,587400,615.258056640625,198.0,4.0,4.0,4.0,12.0,-0.000265020504681099,-0.00021105096472899025,,0,4.0,12.0
2025-07-14,737.1814816069531,743.7110889188468,736.2181095793471,739.76025390625,428000,616.4320068359375,196.0,4.0,4.0,4.0,12.0,-0.0002860327822407029,-0.00020463962934467254,,0,4.0,13.0
2025-07-15,740.7917068635851,746.7666324780066,735.6342219659898,739.5266723632812,580900,613.7978515625,193.0,4.0,4.0,4.0,12.0,-0.0003036922086133305,-0.0002156830042858478,,0,4.0,14.0
2025-07-16,742.8060064674346,748.848997285337,736.3056218740893,745.0538940429688,447200,615.8499755859375,190.0,4.0,4.0,4.0,12.0,-0.00030710440688221677,-0.00021784518768747723,,0,4.0,15.0
2025-07-17,741.9498068530437,755.699894368012,738.5341716953769,754.717041015625,435600,619.6187133789062,188.0,4.0,4.0,4.0,12.0,-0.0003098385907208363,-0.00024364866764663173,,0,4.0,16.0
2025-07-18,760.6236314518346,761.4410126510672,748.9073195142226,756.867431640625,626100,619.1649780273438,185.0,4.0,4.0,4.0,12.0,-0.0003107654831206947,-0.000265020504681099,,0,4.0,17.0
2025-07-21,771.6783209303509,785.2629947210321,766.6278639699362,767.9707641601562,1003300,620.3389282226562,184.0,4.0,4.0,4.0,12.0,-0.00029216174126536526,-0.0002860327822407029,,0,4.0,18.0
2025-07-22,768.1555574198994,782.236466921729,768.1555574198994,779.0252075195312,566100,620.4276733398438,182.0,4.0,4.0,4.0,12.0,-0.0002717924122213371,-0.0003036922086133305,,0,4.0,19.0
2025-07-23,776.7482271464063,779.5313149182196,772.0967204253059,774.802001953125,429300,625.7061157226562,180.0,4.0,4.0,4.0,12.0,-0.00024996100047467985,-0.00030710440688221677,,0,4.0,20.0
2025-07-24,772.7000265029711,774.1110516122553,764.2534164989037,768.311279296875,370700,625.9132080078125,177.0,4.0,4.0,3.0,10.0,-0.00026270802159328104,-0.0003098385907208363,,0,4.0,21.0
2025-07-25,770.0434983355176,781.7987156100946,765.5963664611954,779.8816528320312,482700,628.5572509765625,176.0,4.0,4.0,3.0,10.0,-0.0002633216455088948,-0.0003107654831206947,,0,4.0,22.0
2025-07-28,780.0664553539755,783.4334460629113,770.4326176258302,772.2815551757812,578300,628.3994140625,174.0,4.0,4.0,3.0,10.0,-0.000268655721842066,-0.00029216174126536526,,0,4.0,23.0
2025-07-29,775.8528967281003,791.31566966367,773.9553747387724,789.32080078125,612900,626.7420043945312,174.0,4.0,1.0,3.0,9.0,-0.0002493735467174532,-0.0002717924122213371,,0,2.0,24.0
2025-07-30,789.7101322744415,793.0868046390212,770.4327137838538,775.6096801757812,572600,625.9526977539062,173.0,4.0,1.0,3.0,9.0,-0.0002616803441644621,-0.00024996100047467985,,0,2.0,25.0
2025-07-31,783.9978438307895,787.7054003316784,762.394792379732,764.0587768554688,935200,623.6046142578125,171.0,4.0,1.0,3.0,9.0,-0.00027590554517868167,-0.00026270802159328104,,0,2.0,26.0
2025-08-01,763.7279629687546,763.7279629687546,744.5867957519816,750.9996337890625,500600,613.3834838867188,171.0,4.0,1.0,3.0,9.0,-0.00031332340922250257,-0.0002633216455088948,,0,2.0,27.0
2025-08-04,751.3986493490843,759.9426070578095,746.5817891721134,757.461181640625,538400,622.706787109375,168.0,4.0,1.0,3.0,9.0,-0.0003329638971688753,-0.000268655721842066,,0,2.0,28.0
2025-08-05,757.5681049663016,759.7381269031324,752.4981673007164,757.9962768554688,456700,619.5496215820312,166.0,4.0,1.0,3.0,9.0,-0.0003447859582013388,-0.0002493735467174532,,0,2.0,29.0
2025-08-06,759.164102899419,762.1028626597598,751.4570080910895,752.216064453125,316300,624.2952270507812,164.0,4.0,1.0,3.0,9.0,-0.00035368586305835407,-0.0002616803441644621,,0,2.0,30.0
2025-08-07,754.4833682625779,759.8452279036277,746.8833616405623,758.3855590820312,325000,623.7722778320312,162.0,4.0,1.0,3.0,9.0,-0.000322041407853119,-0.00027590554517868167,,0,2.0,31.0
2025-08-08,755.505109182425,759.2515686573087,744.9176401270682,755.3299560546875,252800,628.63623046875,159.0,4.0,1.0,3.0,9.0,-0.00025274814550591684,-0.00031332340922250257,,0,2.0,32.0
2025-08-11,752.0311075164348,760.886407965296,749.3161448833448,755.8651733398438,311800,627.3930053710938,157.0,4.0,1.0,3.0,9.0,-0.0002005151062877208,-0.0003329638971688753,,0,2.0,33.0
2025-08-12,759.0666524385931,766.6569774470568,752.8485087086556,766.1509399414062,337900,634.0723266601562,156.0,4.0,1.0,3.0,9.0,-0.0001894632594830532,-0.0003447859582013388,,0,2.0,34.0
2025-08-13,766.8127385353555,772.6514142094826,761.947175473583,762.9202880859375,420400,636.2428588867188,154.0,4.0,1.0,3.0,9.0,-0.00021452574214399095,-0.00035368586305835407,,0,2.0,35.0
2025-08-14,755.8068546723688,757.9087518300679,744.431165596188,754.5223388671875,506900,636.3020629882812,152.0,4.0,1.0,3.0,9.0,-0.00021089256650888455,-0.000322041407853119,,1,2.0,36.0
2025-08-15,756.9745838028709,764.9541190979746,753.1891614886138,760.3026123046875,545000,634.8121948242188,150.0,4.0,1.0,1.0,7.0,-0.0001904153960046818,-0.00025274814550591684,,0,2.0,37.0
2025-08-18,760.4874759574703,764.5648200149504,748.1289343989877,748.9561157226562,478700,634.6741333007812,149.0,4.0,1.0,1.0,7.0,-0.00017542408337474364,-0.0002005151062877208,,0,2.0,38.0
2025-08-19,752.7609227488131,756.86748849079,746.5038163379784,752.6636352539062,301300,631.2308959960938,147.0,4.0,1.0,1.0,7.0,-0.00016599283373001288,-0.0001894632594830532,,0,2.0,39.0
2025-08-20,757.6176392870279,766.5857034308702,754.5923510455898,760.0260620117188,417600,629.5537719726562,146.0,4.0,1.0,1.0,7.0,-0.00016092344711582593,-0.00021452574214399095,,0,2.0,40.0
2025-08-21,755.1015153167205,756.8148514615646,749.4230417593787,756.0120239257812,345200,627.028076171875,144.0,4.0,1.0,1.0,7.0,-0.00014736833211397924,-0.00021089256650888455,,0,2.0,41.0
2025-08-22,763.5604971747458,776.3860178289995,761.435917380023,769.9927978515625,317000,636.6571044921875,144.0,4.0,1.0,1.0,7.0,-0.00011571103529682824,-0.0001904153960046818,,0,2.0,42.0
2025-08-25,773.4488139576865,773.4488139576865,765.5185398943579,765.9884643554688,348900,633.8552856445312,142.0,4.0,1.0,1.0,7.0,-0.00010543100220532097,-0.00017542408337474364,,0,2.0,43.0
2025-08-26,770.4333546497174,772.4110530913855,758.7631052974558,765.4108276367188,488400,636.5092163085938,140.0,4.0,1.0,1.0,7.0,-0.00010115704697660802,-0.00016599283373001288,,0,2.0,44.0
2025-08-27,767.1829274193158,777.2279817487996,767.1829274193158,773.9971313476562,414000,637.95947265625,139.0,4.0,1.0,1.0,7.0,-8.496100337938632e-05,-0.00016092344711582593,,0,2.0,45.0
2025-08-28,772.4992095855932,773.9481832619567,765.831827248331,769.8753051757812,337000,640.21875,137.0,4.0,1.0,1.0,7.0,-6.474598375430926e-05,-0.00014736833211397924,,0,2.0,46.0
2025-08-29,769.7479683298707,773.7621055646989,766.8304210823343,769.7186279296875,321900,636.4006958007812,135.0,4.0,1.0,1.0,7.0,-2.6574213872498613e-05,-0.00011571103529682824,,0,2.0,47.0
2025-09-02,761.1617552978017,763.2862751703681,752.9866592382236,755.3951416015625,457900,631.6847534179688,135.0,4.0,1.0,1.0,7.0,-4.8699076067415695e-05,-0.00010543100220532097,,1,2.0,48.0
2025-09-03,753.8678859711863,754.4650916432068,735.5498538789774,746.2508544921875,573000,635.1082153320312,134.0,4.0,1.0,1.0,7.0,-9.772142132943963e-05,-0.00010115704697660802,,0,2.0,49.0
2025-09-04,748.7767579852082,752.4873924087855,741.8744736132013,751.8411865234375,387200,640.4160766601562,133.0,4.0,4.0,1.0,8.0,-0.00014113553139789934,-8.496100337938632e-05,,0,4.0,50.0
2025-09-05,752.8888818239042,761.6709250133307,750.8720427361934,757.4708251953125,322000,638.561279296875,131.0,4.0,4.0,1.0,8.0,-0.00014336147558822448,-6.474598375430926e-05,,0,4.0,51.0
2025-09-08,751.841267265696,753.495862852986,743.4704083089136,749.4719848632812,462100,640.1300048828125,130.0,4.0,4.0,1.0,8.0,-0.00014781448459985828,-2.6574213872498613e-05,,0,4.0,52.0
2025-09-09,747.1613767520031,764.226196129311,746.0941868942108,763.2079467773438,358200,641.60986328125,130.0,4.0,4.0,1.0,8.0,-0.00013840848386457852,-4.8699076067415695e-05,,0,4.0,53.0
2025-09-10,765.9003229602394,785.187602786747,764.0891059709703,764.2457275390625,488600,643.4646606445312,128.0,4.0,4.0,1.0,8.0,-0.00015809541263934123,-9.772142132943963e-05,,0,4.0,54.0
2025-09-11,765.7731743471275,782.9555373706786,765.7731743471275,780.772216796875,384400,648.81201171875,130.0,4.0,4.0,1.0,8.0,-0.00011127461704351179,-0.00014113553139789934,,0,4.0,55.0
2025-09-12,780.7721747397399,783.6114414599339,771.6572286361746,772.0880126953125,367800,648.5949096679688,129.0,4.0,4.0,1.0,8.0,-8.978938140207175e-05,-0.00014336147558822448,,0,4.0,56.0
2025-09-15,774.7313845228182,781.4672474903405,772.6460050419663,775.0936279296875,509500,652.0479736328125,127.0,4.0,4.0,1.0,8.0,-4.5196162829565666e-05,-0.00014781448459985828,,0,4.0,57.0
2025-09-16,774.6139586942509,774.6139586942509,754.9840336848873,762.9828491210938,486200,651.1502075195312,127.0,4.0,4.0,1.0,8.0,-4.979551993459036e-05,-0.00013840848386457852,,0,4.0,58.0
2025-09-17,767.7801579538352,777.2181463759351,762.317046947107,762.4639282226562,372300,650.3411865234375,125.0,4.0,4.0,1.0,8.0,-5.654420292577258e-05,-0.00015809541263934123,,0,4.0,59.0
2025-09-18,766.9675932778,774.8685277624837,763.0024558336264,768.8473510742188,463300,653.3798828125,124.0,4.0,4.0,1.0,8.0,-4.668396684723389e-05,-0.00011127461704351179,,0,4.0,60.0
2025-09-19,775.2503337696219,779.3231520907386,765.8024852217327,774.6726684570312,1214700,656.6160278320312,122.0,4.0,4.0,1.0,8.0,-7.452314252317336e-06,-8.978938140207175e-05,,0,4.0,61.0
2025-09-22,766.5660540104672,784.4141599442706,766.2723512283529,781.3497314453125,513600,659.7225341796875,121.0,4.0,1.0,1.0,7.0,3.377717733254531e-05,-4.5196162829565666e-05,,0,2.0,62.0
2025-09-23,781.2812144117365,788.9373858640853,777.38461795314,786.4506225585938,530200,656.1312866210938,120.0,4.0,1.0,1.0,7.0,5.7098989615449484e-05,-4.979551993459036e-05,,0,2.0,63.0
2025-09-24,781.917707908165,786.3919103978334,771.6572311273262,773.2432861328125,693200,654.043701171875,120.0,4.0,1.0,1.0,7.0,2.892246937738168e-05,-5.654420292577258e-05,,0,2.0,64.0
2025-09-25,773.2432308893577,775.4069510909504,765.6555997391622,766.47802734375,337800,651.0263061523438,119.0,4.0,1.0,1.0,7.0,8.307922764740163e-06,-4.668396684723389e-05,,0,2.0,65.0
2025-09-26,771.7452992996161,774.7509873872126,764.7352738606226,773.78173828125,326200,654.756103515625,118.0,4.0,1.0,1.0,7.0,3.229926887070515e-05,-7.452314252317336e-06,,0,2.0,66.0
2025-09-29,777.9524431914463,777.9524431914463,762.8751218929594,765.34228515625,623400,656.5962524414062,117.0,4.0,1.0,1.0,7.0,9.311206914017923e-05,3.377717733254531e-05,,0,2.0,67.0
2025-09-30,766.771764807855,768.9158850007029,757.4218566610831,766.8305053710938,589400,659.0695190429688,115.0,4.0,4.0,1.0,8.0,0.0001562598778004449,5.7098989615449484e-05,,0,4.0,68.0
2025-10-01,765.4108193533184,769.493497364841,755.982571185788,757.735107421875,681700,661.3153076171875,115.0,4.0,4.0,1.0,8.0,0.00010935891829208885,2.892246937738168e-05,,0,4.0,69.0
2025-10-02,758.3322878754493,761.680619151178,750.2355324895852,756.413330078125,442900,662.0769653320312,113.0,4.0,4.0,1.0,8.0,7.737879924094767e-05,8.307922764740163e-06,,0,4.0,70.0
2025-10-03,756.40368764356,764.4808439698696,754.6511512389524,762.4248046875,391900,662.0672607421875,112.0,4.0,4.0,1.0,8.0,3.813000142957707e-05,3.229926887070515e-05,,0,4.0,71.0
2025-10-06,763.1199611636135,775.7301204708513,756.9715030994873,773.2922973632812,425200,664.4415893554688,112.0,4.0,4.0,1.0,8.0,6.403596097979881e-05,9.311206914017923e-05,-1.0,0,4.0,72.0
2025-10-07,773.4390948689685,774.3006629754717,762.6402128904181,770.590087890625,286700,661.9781494140625,110.0,4.0,4.0,1.0,8.0,7.246895662834427e-05,0.0001562598778004449,-1.0,0,4.0,73.0
2025-10-08,770.7466777266442,791.2186298315502,766.0961940563323,786.7835083007812,474900,665.925537109375,112.0,4.0,1.0,1.0,7.0,0.00010370046632500786,0.00010935891829208885,-1.0,0,2.0,74.0
2025-10-09,789.4367989597582,791.5907192623403,782.7498758464321,791.3948974609375,324000,663.996337890625,111.0,4.0,1.0,1.0,7.0,0.00012413947272553664,7.737879924094767e-05,-1.0,0,2.0,75.0
2025-10-10,793.0298688041423,794.0578585346411,778.4616116189303,783.8267822265625,470400,646.0499877929688,110.0,4.0,1.0,1.0,7.0,0.00015414878424007542,3.813000142957707e-05,-1.0,0,2.0,76.0
2025-10-13,785.1974226084204,793.4409997648564,780.0476144901363,789.3975219726562,446400,655.9630126953125,109.0,4.0,1.0,1.0,7.0,0.00014745493974414124,6.403596097979881e-05,-1.0,0,2.0,77.0
2025-10-14,787.9289765021906,805.2973593368774,786.1470998047282,800.2943725585938,502000,655.16162109375,109.0,4.0,1.0,1.0,7.0,0.00016253302383559192,7.246895662834427e-05,-1.0,0,2.0,78.0
2025-10-15,802.6049440248595,813.8346091364191,798.9041095402322,805.0133666992188,359500,658.0702514648438,108.0,4.0,1.0,1.0,7.0,0.00018159383522819202,0.00010370046632500786,-1.0,0,2.0,79.0
2025-10-16,807.2554492088923,814.7157991812763,794.713771844748,795.7418212890625,468300,653.588623046875,107.0,4.0,1.0,1.0,7.0,0.00016576979248340815,0.00012413947272553664,1.0,0,1.0,1.0
2025-10-17,795.7418316704174,799.1880441952111,790.0828986521244,796.8775024414062,350600,657.2986450195312,106.0,4.0,1.0,1.0,7.0,0.00012985619833263991,0.00015414878424007542,1.0,0,1.0,2.0
2025-10-20,800.6076732407937,810.3590246632306,796.946038839585,807.8526611328125,438500,664.1348876953125,106.0,4.0,1.0,1.0,7.0,0.00010144570935298994,0.00014745493974414124,1.0,0,1.0,3.0
2025-10-21,802.5168411211176,806.2078757270936,784.2282092362788,804.7784423828125,384900,664.125,104.0,4.0,1.0,1.0,7.0,8.727986917956842e-05,0.00016253302383559192,1.0,0,1.0,4.0
2025-10-22,807.3826847798233,812.4639525042385,800.7056218396624,811.6807250976562,433000,660.6722412109375,103.0,4.0,1.0,1.0,7.0,8.939724692404469e-05,0.00018159383522819202,1.0,0,1.0,5.0
2025-10-23,812.6108084896775,816.4193240902841,801.4300837359904,814.5003662109375,375600,664.5899658203125,102.0,4.0,1.0,1.0,7.0,5.278394445014242e-05,0.00016576979248340815,1.0,0,1.0,6.0
2025-10-24,824.4964817401628,829.6070897206066,819.5130951758172,821.9019775390625,367700,670.0213623046875,101.0,4.0,1.0,1.0,7.0,5.654875889304528e-05,0.00012985619833263991,1.0,0,1.0,7.0
2025-10-27,825.3384434351703,833.2491773946736,817.3591688635678,825.11328125,468500,677.9260864257812,100.0,4.0,1.0,1.0,7.0,6.250914051084351e-05,0.00010144570935298994,1.0,0,1.0,8.0
2025-10-28,823.4880631441572,824.7706152134909,798.8650114722817,799.0314331054688,603800,679.7266235351562,108.0,4.0,1.0,1.0,7.0,5.6485559143737325e-05,8.727986917956842e-05,-1.0,0,2.0,9.0
2025-10-29,795.918004579903,796.9068537652054,778.0014173982709,781.016845703125,556900,680.05322265625,110.0,4.0,4.0,1.0,8.0,1.5003834729915418e-05,8.939724692404469e-05,-1.0,1,4.0,1.0
2025-10-30,784.6002379788848,835.9415794519133,784.6002379788848,815.70458984375,1065200,672.5738525390625,124.0,4.0,4.0,4.0,12.0,9.19148349647496e-06,5.278394445014242e-05,1.0,0,4.0,2.0
2025-10-31,811.2597807115867,834.3359785898577,804.7001388179917,828.2854614257812,816900,674.7799682617188,124.0,4.0,1.0,4.0,11.0,3.9560368917494346e-05,5.654875889304528e-05,1.0,0,2.0,3.0
2025-11-03,822.8614477998351,828.2756185283803,803.965810297694,815.391357421875,506600,676.04638671875,124.0,4.0,1.0,4.0,11.0,7.202279010660807e-05,6.250914051084351e-05,1.0,0,2.0,4.0
2025-11-04,816.6053833159848,822.1369755088427,806.8736317603639,812.522705078125,435800,668.0328369140625,122.0,4.0,1.0,4.0,11.0,5.263948454942165e-05,5.6485559143737325e-05,1.0,0,2.0,5.0
2025-11-05,805.3071189966886,811.9059608946513,793.5977286409886,804.8959350585938,592000,670.3478393554688,121.0,4.0,1.0,4.0,11.0,2.346414188199978e-05,1.5003834729915418e-05,-1.0,0,2.0,6.0
2025-11-06,799.8832272551433,810.3296658903123,790.5528593361464,802.1644287109375,671500,663.1554565429688,119.0,4.0,1.0,4.0,11.0,7.763051320734512e-06,9.19148349647496e-06,1.0,0,2.0,7.0
2025-11-07,806.8736805167206,807.9604108659526,795.614613900594,807.4708862304688,306800,663.808349609375,118.0,4.0,1.0,4.0,11.0,-1.0649282342658888e-06,3.9560368917494346e-05,1.0,0,2.0,8.0
2025-11-10,806.7364905371297,816.5073818223099,799.1782598671194,810.7799682617188,512900,674.1666259765625,116.0,4.0,1.0,4.0,11.0,9.597453212800034e-06,7.202279010660807e-05,-1.0,0,2.0,9.0
2025-11-11,811.3282509546437,814.3730795013187,803.1042141064141,803.8385009765625,441100,675.7099609375,115.0,4.0,1.0,4.0,11.0,2.0481068578007184e-05,5.263948454942165e-05,-1.0,0,2.0,10.0
2025-11-12,802.4679041420262,809.830313523886,795.5460190969579,796.2019653320312,672300,676.0859985351562,114.0,4.0,1.0,4.0,11.0,2.2275966443026477e-05,2.346414188199978e-05,-1.0,0,2.0,11.0
2025-11-13,793.9697020170734,795.594897276038,764.3142656984758,770.061279296875,574800,664.8670043945312,121.0,4.0,1.0,4.0,11.0,-2.406651756823748e-05,7.763051320734512e-06,-1.0,0,2.0,12.0
2025-11-14,768.2501262514467,770.531327640366,761.573003474853,769.1116943359375,498300,664.7581176757812,120.0,4.0,1.0,4.0,11.0,-8.001325509627351e-05,-1.0649282342658888e-06,-1.0,0,2.0,13.0
2025-11-17,770.4235923295278,773.9482053612544,754.8469455945844,760.603759765625,355200,658.56494140625,119.0,4.0,1.0,4.0,11.0,-0.00015029146784360624,9.597453212800034e-06,-1.0,0,2.0,14.0
2025-11-18,761.2890484530491,765.3912667476656,753.4859957191519,762.845703125,397400,653.0346069335938,117.0,4.0,1.0,4.0,11.0,-0.00018581800148844124,2.0481068578007184e-05,-1.0,0,2.0,15.0
2025-11-19,761.7524209669847,763.1510728753502,744.0819134761632,753.5869750976562,512100,655.5574340820312,116.0,4.0,4.0,4.0,12.0,-0.00023440051973873063,2.2275966443026477e-05,-1.0,0,4.0,16.0
2025-11-20,760.5803006849457,769.3761469628637,740.9398370671436,741.5012817382812,607500,645.5652465820312,117.0,4.0,4.0,4.0,12.0,-0.0002819660299740723,-2.406651756823748e-05,-1.0,0,4.0,17.0
2025-11-21,744.2592230227795,748.3271870316619,733.2176579572018,743.3432006835938,536200,651.995849609375,115.0,4.0,4.0,4.0,12.0,-0.0003274479176820449,-8.001325509627351e-05,-1.0,0,4.0,18.0
2025-11-24,742.673420104866,749.420495431183,732.025810213399,749.1939697265625,1031600,661.59228515625,114.0,4.0,4.0,4.0,12.0,-0.00035265300817753577,-0.00015029146784360624,-1.0,0,4.0,19.0
2025-11-25,757.3002497318416,757.3002497318416,736.2709951875108,736.9112548828125,626200,667.815185546875,114.0,4.0,4.0,4.0,12.0,-0.0003808012340729989,-0.00018581800148844124,-1.0,0,4.0,20.0
2025-11-26,736.2414305237047,745.4411509174639,734.3207716390647,739.1372680664062,476400,672.4254760742188,113.0,4.0,4.0,4.0,12.0,-0.0004141944235901706,-0.00023440051973873063,-1.0,0,4.0,21.0
2025-11-28,737.3938833326398,747.8051071453561,733.8184086790301,741.9937133789062,301100,676.0958251953125,111.0,4.0,4.0,4.0,12.0,-0.0004308399058834669,-0.0002819660299740723,-1.0,0,4.0,22.0
2025-12-01,735.4140798115851,735.4140798115851,721.1614178423908,722.2646484375,588200,673.0090942382812,116.0,4.0,4.0,4.0,12.0,-0.0004463477290028124,-0.0003274479176820449,-1.0,0,4.0,23.0
2025-12-02,723.9588357152579,724.5202803938845,713.2816476589214,716.4533081054688,828200,674.2556762695312,114.0,4.0,4.0,4.0,12.0,-0.0004679060037019442,-0.00035265300817753577,-1.0,0,4.0,24.0
2025-12-03,717.8519766836052,724.1460007275807,713.5377681000782,721.7130737304688,991500,676.5905151367188,113.0,4.0,4.0,4.0,12.0,-0.00049464203185872,-0.0003808012340729989,-1.0,0,4.0,25.0
2025-12-04,711.2525656365525,726.9137393528504,709.7948174838314,715.1826782226562,720800,677.0851440429688,112.0,4.0,4.0,4.0,12.0,-0.0005120439238422183,-0.0004141944235901706,-1.0,0,4.0,26.0
2025-12-05,716.5616359623629,736.6453518208777,713.8234283824911,730.4400024414062,760900,678.371337890625,114.0,4.0,4.0,4.0,12.0,-0.0004936345249269562,-0.0004308399058834669,-1.0,0,4.0,27.0
2025-12-08,730.4498554335044,737.1476937544769,726.1356470197065,728.8147583007812,546300,676.3333129882812,113.0,4.0,4.0,4.0,12.0,-0.00048635587962631645,-0.0004463477290028124,-1.0,0,4.0,28.0
2025-12-09,725.9485064992645,735.7785677244517,719.8908677377526,729.5436401367188,417400,675.74951171875,111.0,4.0,4.0,4.0,12.0,-0.0004675581781036654,-0.0004679060037019442,-1.0,0,4.0,29.0
2025-12-10,732.0553118422184,736.231669013309,721.6441474066412,723.3678588867188,429300,680.2312622070312,110.0,4.0,4.0,4.0,12.0,-0.00046947111888680026,-0.00049464203185872,-1.0,0,4.0,30.0
2025-12-11,726.332589466028,745.7859046697573,719.8416182111247,742.8014526367188,555700,681.8140869140625,114.0,4.0,4.0,4.0,12.0,-0.0004250229270571881,-0.0005120439238422183,1.0,0,4.0,31.0
2025-12-12,744.4660236152363,753.0156248029914,716.0297156868802,739.0486450195312,697000,674.4832763671875,113.0,4.0,1.0,4.0,11.0,-0.0004147413967524887,-0.0004936345249269562,1.0,0,2.0,32.0
2025-12-15,744.5054355358351,751.094940573674,738.2409900618969,749.952392578125,632800,673.4642333984375,113.0,4.0,1.0,4.0,11.0,-0.000351560531306018,-0.00048635587962631645,1.0,0,2.0,33.0
2025-12-16,748.2483135495497,751.6464994575828,738.2409641565894,746.7610473632812,582200,671.6240844726562,111.0,4.0,1.0,4.0,11.0,-0.0002685846982353615,-0.0004675581781036654,1.0,0,2.0,34.0
2025-12-17,745.6283189314587,753.0156536632763,728.6965453214013,736.6453247070312,924500,664.2337646484375,111.0,4.0,1.0,4.0,11.0,-0.00019417033682222933,-0.00046947111888680026,1.0,0,2.0,35.0
2025-12-18,741.1959639593349,745.657943270247,729.6224721632922,732.9024658203125,723400,669.2496948242188,110.0,4.0,1.0,4.0,11.0,-0.00018810254389946127,-0.0004250229270571881,-1.0,0,2.0,36.0
2025-12-19,731.4053104757776,751.5973608340656,729.2088286258752,747.11572265625,1371400,675.3153686523438,111.0,4.0,1.0,4.0,11.0,-0.00021882510554857568,-0.0004147413967524887,1.0,0,2.0,37.0
2025-12-22,741.8362414861921,751.4988737399952,739.9351809479517,746.5345458984375,413200,679.5225219726562,110.0,4.0,1.0,4.0,11.0,-0.0002091623164009165,-0.000351560531306018,-1.0,0,2.0,38.0
2025-12-23,745.628317877753,749.6076072050864,741.7967391738769,748.7113037109375,333800,682.6282348632812,108.0,4.0,1.0,4.0,11.0,-0.0001831898474332947,-0.0002685846982353615,-1.0,0,2.0,39.0
2025-12-24,748.0218047244414,750.5532052950767,743.8750258715019,747.3224487304688,122900,685.0294799804688,106.0,4.0,1.0,4.0,11.0,-0.00017204831058071656,-0.00019417033682222933,-1.0,0,2.0,40.0
2025-12-26,748.0021004332738,752.3656057834764,746.4951153872082,751.8336791992188,164100,684.9599609375,105.0,4.0,1.0,3.0,9.0,-0.0001365847192367869,-0.00018810254389946127,1.0,0,1.0,1.0
2025-12-29,754.3257272935089,757.6746164612521,751.6859934371865,753.5081787109375,404900,682.51904296875,104.0,4.0,1.0,3.0,9.0,-8.371251527874827e-05,-0.00021882510554857568,1.0,0,1.0,2.0
2025-12-30,753.912007314855,760.107557597818,751.5283773159302,758.1474609375,276000,681.6856079101562,102.0,4.0,1.0,3.0,9.0,-2.6438945459233612e-05,-0.0002091623164009165,1.0,0,1.0,3.0
2025-12-31,758.1474770103855,759.7431366429796,753.0157197239014,754.6507568359375,340700,676.635009765625,101.0,4.0,1.0,3.0,9.0,1.4609475426768046e-05,-0.0001831898474332947,1.0,0,1.0,4.0
2026-01-02,754.6507236531125,755.0841163810745,747.0368628942105,752.6315307617188,556700,677.8753662109375,100.0,4.0,1.0,3.0,9.0,2.3061297401196028e-05,-0.00017204831058071656,1.0,0,1.0,5.0
2026-01-05,749.6471280128908,763.5550135827023,744.0524597770658,760.4227905273438,580300,682.3900756835938,99.0,4.0,1.0,1.0,7.0,4.108532793584712e-05,-0.0001365847192367869,1.0,0,1.0,6.0
2026-01-06,760.4029968458534,778.1227410005766,758.0686038541184,776.2217407226562,452200,686.4483642578125,102.0,4.0,1.0,1.0,7.0,8.935060759450893e-05,-8.371251527874827e-05,1.0,0,1.0,7.0
2026-01-07,779.9843106839833,783.3036814248532,764.697434312259,764.8845825195312,440900,684.2356567382812,102.0,4.0,1.0,1.0,7.0,0.00011535705527250427,-2.6438945459233612e-05,1.0,0,1.0,8.0
2026-01-08,758.1867948947731,772.1045384659939,756.0001726509763,770.1345825195312,408400,684.1661987304688,101.0,4.0,1.0,1.0,7.0,0.0001205447091275344,1.4609475426768046e-05,1.0,0,1.0,9.0
2026-01-09,773.6410924491104,792.3162962408592,773.6410924491104,788.3270874023438,321700,688.6908569335938,105.0,4.0,1.0,1.0,7.0,0.00012611590821499203,2.3061297401196028e-05,1.0,0,1.0,10.0
2026-01-12,787.5391460562014,792.9072881674518,747.499826519711,772.0848388671875,1237300,689.7723388671875,107.0,4.0,1.0,1.0,7.0,0.00012442975768050383,4.108532793584712e-05,-1.0,0,2.0,11.0
2026-01-13,772.4492642969611,796.6994174266579,772.4492642969611,789.272705078125,587600,688.3932495117188,109.0,4.0,1.0,1.0,7.0,0.0001472845297709997,8.935060759450893e-05,1.0,0,1.0,12.0
2026-01-14,785.4411499877473,788.888573031906,774.0745253647331,787.0171508789062,399700,685.0095825195312,108.0,4.0,1.0,1.0,7.0,0.00015791742147997442,0.00011535705527250427,1.0,0,1.0,13.0
2026-01-15,788.524144122421,801.2303846637519,785.8844102355331,789.7750854492188,443500,686.8750610351562,106.0,4.0,1.0,1.0,7.0,0.0002125486344725377,0.0001205447091275344,1.0,0,1.0,14.0
2026-01-16,790.2675842697633,797.3988156243669,784.328137861827,789.7357177734375,532400,686.2994995117188,105.0,4.0,1.0,1.0,7.0,0.00023960313167556627,0.00012611590821499203,1.0,0,1.0,15.0
2026-01-20,780.7230958711592,782.80138496666,770.2626346030382,772.4197387695312,497000,672.3286743164062,108.0,4.0,1.0,1.0,7.0,0.00020743569603812734,0.00012442975768050383,1.0,1,2.0,16.0
2026-01-21,778.1326132819524,797.3790615932043,774.901856613068,783.5302734375,566300,680.0880126953125,108.0,4.0,1.0,1.0,7.0,0.00018219459674115781,0.0001472845297709997,1.0,0,1.0,17.0
2026-01-22,784.6334782754944,789.8144723561554,776.5271282889972,780.8511962890625,347000,683.6403198242188,106.0,4.0,1.0,1.0,7.0,0.0001666852137510806,0.00015791742147997442,-1.0,0,2.0,18.0
2026-01-23,780.1911729806906,788.7702920328788,772.5673935185511,779.3834838867188,467400,683.8883056640625,105.0,4.0,1.0,1.0,7.0,0.0001971186493730234,0.0002125486344725377,-1.0,0,2.0,19.0
2026-01-26,783.7273009093894,797.8519121172324,781.2648558682813,794.2369995117188,567200,687.3612060546875,106.0,4.0,1.0,1.0,7.0,0.00023829711425480188,0.00023960313167556627,1.0,0,1.0,20.0
2026-01-27,797.7927906558577,800.4029462460614,784.8994023755939,797.388916015625,526200,690.099853515625,105.0,4.0,1.0,1.0,7.0,0.00025397584885391753,0.00020743569603812734,1.0,0,1.0,21.0
2026-01-28,799.2308446483763,819.2258863429836,794.1976214166502,803.8898315429688,589600,690.0303344726562,104.0,4.0,1.0,1.0,7.0,0.00028490317476790905,0.00018219459674115781,1.0,0,1.0,22.0
2026-01-29,805.9582964478433,814.5374769808165,801.1023618331496,813.64111328125,685800,688.6610717773438,104.0,1.0,1.0,1.0,1.0,0.0002933086355593294,0.0001666852137510806,1.0,0,1.0,23.0
2026-01-30,809.6716138700762,810.8043024698277,796.2167810716062,808.5979614257812,650100,686.6071166992188,102.0,1.0,1.0,1.0,1.0,0.0003160878384727388,0.0001971186493730234,1.0,0,1.0,24.0
2026-02-02,803.9587198268746,814.4093821685741,795.4977924149835,798.2064819335938,603300,690.0204467773438,102.0,1.0,1.0,1.0,1.0,0.00030692643006525756,0.00023829711425480188,-1.0,0,1.0,25.0
2026-02-03,796.8669062044102,805.7119892445739,779.6494501992879,789.784912109375,499700,684.18603515625,102.0,1.0,1.0,1.0,1.0,0.0002763423482446504,0.00025397584885391753,-1.0,0,1.0,26.0
2026-02-04,794.2666010287273,802.8162032482776,787.8543843344925,790.0804443359375,520300,680.8719482421875,100.0,1.0,1.0,1.0,1.0,0.0002371940693489864,0.00028490317476790905,1.0,0,1.0,27.0
2026-02-05,791.62683234792,802.1857676741413,780.9397849536706,795.4288330078125,595700,672.3683471679688,99.0,1.0,1.0,1.0,1.0,0.00022477139807101768,0.0002933086355593294,1.0,0,1.0,28.0
2026-02-06,803.6829325326755,836.1281094826118,801.4076358117413,835.3795166015625,615500,685.267578125,119.0,1.0,1.0,4.0,5.0,0.0002727573131423803,0.0003160878384727388,1.0,0,1.0,29.0
2026-02-09,833.852793557985,846.7559807053793,827.9724439123246,844.85498046875,436700,688.57177734375,118.0,1.0,1.0,4.0,5.0,0.0003561785081311306,0.00030692643006525756,1.0,0,1.0,30.0
2026-02-10,840.8756838064838,851.6316261345085,834.8180453964386,843.8699951171875,510600,686.7559814453125,116.0,1.0,1.0,4.0,5.0,0.00041401095501512316,0.0002763423482446504,1.0,0,1.0,31.0
2026-02-11,847.248534593669,854.9806481943165,839.0338514958992,854.4881591796875,652400,686.5972290039062,116.0,1.0,1.0,4.0,5.0,0.000439547684784047,0.0002371940693489864,1.0,0,1.0,32.0
2026-02-12,942.0723236905025,977.9846418013202,926.7657878148076,943.4808349609375,2685300,675.9901123046875,176.0,1.0,1.0,4.0,5.0,0.00047738079186746257,0.00022477139807101768,1.0,0,1.0,33.0
2026-02-13,942.4072743085668,952.5032987508429,927.9576038460167,941.8261108398438,1063900,676.46630859375,174.0,1.0,1.0,4.0,5.0,0.0005180676727301073,0.0002727573131423803,1.0,0,1.0,34.0
2026-02-17,938.1915007659128,943.8945014744432,918.9844306714925,937.66943359375,700200,677.5578002929688,171.0,1.0,1.0,4.0,5.0,0.0005536491976272695,0.0003561785081311306,1.0,0,1.0,35.0
2026-02-18,934.0545853255167,935.6994816818659,904.4067728440838,910.3560180664062,837500,680.9711303710938,174.0,1.0,1.0,4.0,5.0,0.0005164172867852543,0.00041401095501512316,1.0,0,1.0,36.0
2026-02-19,910.3560547714567,914.4240187105096,902.2497050900525,904.2393798828125,647800,679.1751708984375,171.0,1.0,1.0,4.0,5.0,0.00046503557284930703,0.000439547684784047,1.0,0,1.0,37.0
2026-02-20,901.7670684890953,914.7687298602528,897.7089639804492,914.1679077148438,993600,684.0867919921875,169.0,1.0,1.0,4.0,5.0,0.00043231931316232405,0.00047738079186746257,1.0,0,1.0,38.0
2026-02-23,912.1093673614296,935.8374542501409,910.562944652371,931.4346313476562,665100,677.1013793945312,169.0,1.0,1.0,4.0,5.0,0.0004494849136790219,0.0005180676727301073,1.0,0,1.0,39.0
2026-02-24,932.0847337209048,941.6390330041236,926.5787399870501,937.6006469726562,486100,682.0228881835938,167.0,1.0,1.0,4.0,5.0,0.0004895954522872663,0.0005536491976272695,1.0,0,1.0,40.0
2026-02-25,938.7097391206918,953.1192673805866,935.8773628786896,951.24755859375,639500,687.778076171875,165.0,1.0,1.0,4.0,5.0,0.0005416864214990174,0.0005164172867852543,1.0,0,1.0,41.0
2026-02-26,954.327518086077,954.327518086077,932.5993153831567,938.8682250976562,612300,683.9578247070312,164.0,1.0,1.0,4.0,5.0,0.0005516989456366188,0.00046503557284930703,1.0,0,1.0,42.0
2026-02-27,938.8682388660349,965.5877661180649,934.5404298166482,964.8549194335938,1141200,680.6734619140625,166.0,1.0,1.0,4.0,5.0,0.0005813456100634897,0.00043231931316232405,1.0,0,1.0,43.0
2026-03-02,950.3859953917206,961.4184089112641,945.1668502549309,956.773681640625,409300,681.0604858398438,164.0,1.0,1.0,4.0,5.0,0.0005762540153444695,0.0004494849136790219,1.0,0,1.0,44.0
2026-03-03,933.1637823410945,967.9249158269575,933.1637823410945,962.6265869140625,849500,675.057373046875,161.0,1.0,1.0,4.0,5.0,0.0006001235633437906,0.0004895954522872663,1.0,0,1.0,45.0
2026-03-04,961.1114040410852,965.5184578354705,948.0190529781344,959.685302734375,624700,679.820068359375,159.0,1.0,1.0,4.0,5.0,0.0006123679313575418,0.0005416864214990174,1.0,0,1.0,46.0
2026-03-05,945.3846399092271,953.2381399759685,936.9271034974358,943.8001098632812,692500,676.0297241210938,158.0,1.0,1.0,4.0,5.0,0.0005911447454006738,0.0005516989456366188,1.0,0,1.0,47.0
2026-03-06,935.9466701804853,947.3950720326336,924.9439362930881,928.1526489257812,688400,667.1688842773438,158.0,1.0,1.0,4.0,5.0,0.0005597524724655153,0.0005813456100634897,1.0,0,1.0,48.0
2026-03-09,917.5558971876261,938.2145076296915,909.4152791699662,935.7881469726562,699400,673.0133666992188,156.0,1.0,1.0,4.0,5.0,0.0005255100927698941,0.0005762540153444695,-1.0,0,2.0,49.0
2026-03-10,935.7882151684222,955.6843014709098,930.4997991012058,946.8405151367188,658400,671.9317016601562,154.0,1.0,1.0,4.0,5.0,0.0005357723280761072,0.0006001235633437906,1.0,0,1.0,50.0
2026-03-11,947.2267483974905,973.0153471350634,945.7808208793746,964.0328979492188,661200,671.08837890625,154.0,1.0,1.0,4.0,5.0,0.000569126114364899,0.0006123679313575418,1.0,0,1.0,51.0
2026-03-12,951.9110672230308,971.9457557331027,946.3254989696043,962.091796875,756300,660.8978881835938,152.0,1.0,1.0,4.0,5.0,0.0005869531306587598,0.0005911447454006738,1.0,0,1.0,52.0
2026-03-13,969.7768755971625,973.8868372917533,953.3470628459385,960.5369873046875,512300,657.1571655273438,149.0,1.0,1.0,3.0,3.0,0.000586933837672961,0.0005597524724655153,1.0,0,1.0,53.0
2026-03-16,965.617461770513,981.4134382052657,965.5084777295835,974.9564208984375,790300,663.844970703125,149.0,1.0,1.0,3.0,3.0,0.0005878163787507694,0.0005255100927698941,1.0,0,1.0,54.0
2026-03-17,975.9071829280317,980.9084204169475,965.9443000477023,967.4496459960938,422100,665.5912475585938,147.0,1.0,1.0,3.0,3.0,0.0005940951203880851,0.0005357723280761072,1.0,0,1.0,55.0
2026-03-18,969.0638477730851,974.7286000631995,962.5671779260024,964.16162109375,462900,656.3038330078125,145.0,1.0,1.0,3.0,3.0,0.000622295020452456,0.000569126114364899,1.0,0,1.0,56.0
2026-03-19,954.0403583285125,967.2317196093413,950.3661513055226,965.35009765625,416300,654.6864624023438,142.0,1.0,1.0,3.0,3.0,0.0006442436614459418,0.0005869531306587598,1.0,0,1.0,57.0
2026-03-20,966.3106820111794,969.935383716726,944.5131478844979,949.900634765625,1817800,645.3009643554688,142.0,1.0,1.0,3.0,3.0,0.0006394498080211001,0.000586933837672961,1.0,0,1.0,58.0
2026-03-23,956.4765305497959,965.4985716479056,944.0179560494511,957.6253662109375,576000,652.07666015625,140.0,1.0,1.0,3.0,3.0,0.0006093497722598977,0.0005878163787507694,1.0,0,1.0,59.0
2026-03-24,955.466397627077,965.2311983054026,949.2668196940313,955.2188110351562,499400,649.8877563476562,138.0,1.0,1.0,3.0,3.0,0.0005630228060237227,0.0005940951203880851,1.0,0,1.0,60.0
2026-03-25,960.8241811564742,968.3904421982661,954.9216948216927,956.6251220703125,380100,653.5094604492188,136.0,1.0,1.0,3.0,3.0,0.000553489958924945,0.000622295020452456,1.0,0,1.0,61.0
2026-03-26,951.4951409879048,961.9531966740599,944.8498948071181,954.08984375,530200,641.838623046875,134.0,1.0,1.0,3.0,3.0,0.0005481223052506132,0.0006442436614459418,1.0,0,1.0,62.0
2026-03-27,954.079949760796,958.8435136772081,949.0192940042026,953.70361328125,397500,630.89404296875,132.0,1.0,1.0,3.0,3.0,0.0005011486353197895,0.0006394498080211001,1.0,0,1.0,63.0
2026-03-30,962.8643221001336,972.3518578789149,949.2371454736798,954.7434692382812,717500,628.78466796875,130.0,1.0,1.0,3.0,3.0,0.00044140820910775375,0.0006093497722598977,1.0,0,1.0,64.0
2026-03-31,964.4092404464708,977.3629884858916,954.0799345864667,970.7771606445312,647800,647.0621337890625,130.0,1.0,1.0,3.0,3.0,0.000410742668857176,0.0005630228060237227,1.0,0,1.0,65.0
2026-04-01,975.6595313342009,990.0195539188883,968.5785909479401,986.3651733398438,476800,651.9373779296875,130.0,1.0,1.0,3.0,3.0,0.00044886845813909394,0.000553489958924945,1.0,0,1.0,66.0
2026-04-02,980.2448608222124,996.8430762624014,976.4914697030464,990.7128295898438,464300,652.5244750976562,129.0,1.0,1.0,3.0,3.0,0.0004957283120874823,0.0005481223052506132,1.0,0,1.0,67.0
2026-04-06,989.7522686625972,1006.5782452167672,988.2370095764368,1006.271240234375,301500,655.6087646484375,128.0,1.0,1.0,3.0,3.0,0.0005402489041279917,0.0005011486353197895,1.0,0,1.0,68.0
2026-04-07,993.5451751364601,999.0019933378396,974.6097572690252,997.5659790039062,424300,655.8972778320312,127.0,1.0,1.0,3.0,3.0,0.0005429085791306966,0.00044140820910775375,1.0,0,1.0,69.0
2026-04-08,1008.1825339674718,1013.5897865490053,992.5548389841316,1007.8358764648438,505800,672.6027221679688,126.0,1.0,1.0,3.0,3.0,0.0005416846073089592,0.000410742668857176,-1.0,0,1.0,70.0
2026-04-09,1008.1527986762331,1029.8612350645371,1008.1527986762331,1021.611572265625,405800,676.4830322265625,125.0,1.0,1.0,3.0,3.0,0.0005296828430691546,0.00044886845813909394,1.0,0,1.0,71.0
2026-04-10,1021.5126013930217,1024.275706613409,1014.1543951301545,1020.2944946289062,342800,676.0353393554688,124.0,1.0,1.0,3.0,3.0,0.0005503608081015481,0.0004957283120874823,1.0,0,1.0,72.0
2026-04-13,1017.6699433195516,1047.667572102618,1013.8868735614009,1046.6375732421875,450700,682.6417846679688,127.0,1.0,1.0,3.0,3.0,0.0005814079136306251,0.0005402489041279917,1.0,0,1.0,73.0
2026-04-14,1049.8364846548802,1049.8364846548802,1034.0900731644383,1047.16259765625,510600,690.959716796875,125.0,1.0,1.0,3.0,3.0,0.0006064014565905148,0.0005429085791306966,1.0,0,1.0,74.0
2026-04-15,1049.5394322023192,1049.5394322023192,1033.218542740351,1042.81494140625,614000,696.412109375,123.0,1.0,1.0,1.0,1.0,0.0006173999871351322,0.0005416846073089592,-1.0,0,1.0,75.0
2026-04-16,1040.9531041283562,1062.52287829941,1040.9531041283562,1060.56201171875,467500,698.1234130859375,123.0,1.0,1.0,1.0,1.0,0.0006361731596702492,0.0005296828430691546,1.0,0,1.0,76.0
2026-04-17,1064.3648276555084,1082.4783011016068,1058.5812388151087,1078.11083984375,463000,706.5607299804688,124.0,1.0,1.0,1.0,1.0,0.0006749701821907507,0.0005503608081015481,1.0,0,1.0,77.0
2026-04-20,1082.6268672475287,1093.6296005991824,1076.8233312990433,1093.3126220703125,373300,705.1477661132812,123.0,1.0,1.0,1.0,1.0,0.0007433225546787139,0.0005814079136306251,1.0,0,1.0,78.0
2026-04-21,1089.9159776817085,1097.4920317062947,1076.6750497894689,1083.7757568359375,507400,700.53125,122.0,1.0,1.0,1.0,1.0,0.0007755646308344011,0.0006064014565905148,1.0,0,1.0,79.0
2026-04-22,1086.1921329893237,1097.23451931811,1085.35036274368,1091.6390380859375,519900,707.6253051757812,121.0,1.0,1.0,1.0,1.0,0.0008051651076300789,0.0006173999871351322,1.0,0,1.0,80.0
2026-04-23,1087.2024093816492,1113.0702544912908,1087.2024093816492,1104.5235595703125,563800,704.8792114257812,120.0,1.0,1.0,1.0,1.0,0.0008243861698586241,0.0006361731596702492,1.0,0,1.0,81.0
2026-04-24,1111.0002932159855,1117.7842629821494,1092.668971106026,1098.0565185546875,610000,710.3414916992188,118.0,1.0,1.0,1.0,1.0,0.0008351997789719617,0.0006749701821907507,1.0,0,1.0,82.0
2026-04-27,1093.2929629398802,1097.7693484323752,1074.3575428233466,1079.3291015625,589500,711.5653686523438,119.0,1.0,1.0,1.0,1.0,0.000793323867325915,0.0007433225546787139,-1.0,0,1.0,83.0
2026-04-28,1079.883674154435,1086.9151095611323,1053.0254840679593,1066.0089111328125,807100,708.1029052734375,118.0,1.0,1.0,1.0,1.0,0.0007226448795395577,0.0007755646308344011,-1.0,0,1.0,84.0
2026-04-29,1063.988561454332,1083.0626431062265,1058.2446247741457,1078.5565185546875,673000,707.993408203125,118.0,1.0,1.0,1.0,1.0,0.0006993136798661492,0.0008051651076300789,-1.0,0,1.0,85.0
2026-04-30,1038.6357798107902,1074.3773502788538,1034.9120673897867,1072.3768310546875,1077300,715.0377197265625,116.0,1.0,1.0,1.0,1.0,0.0007141065530972783,0.0008243861698586241,-1.0,0,1.0,86.0
2026-05-01,1075.6450210058886,1081.151284539405,1059.7103800835605,1074.5556640625,658200,717.0177001953125,115.0,1.0,1.0,1.0,1.0,0.0007464297228924026,0.0008351997789719617,-1.0,0,1.0,87.0
2026-05-04,1076.6946364974565,1080.6462298243066,1064.9096111395263,1072.7431640625,485500,714.3909912109375,113.0,1.0,1.0,1.0,1.0,0.0007636972412166662,0.000793323867325915,-1.0,0,1.0,88.0
2026-05-05,1077.8831432349227,1079.0615974342186,1056.7688900831154,1068.0489501953125,385800,720.1220092773438,111.0,1.0,1.0,1.0,1.0,0.0007645419982788747,0.0007226448795395577,-1.0,0,1.0,89.0
2026-05-06,1072.4461852623683,1086.845740309696,1068.0588973357908,1077.457275390625,545400,730.1312866210938,110.0,1.0,1.0,1.0,1.0,0.0007819955053230114,0.0006993136798661492,-1.0,0,1.0,90.0
2026-05-07,1073.6445236338216,1080.0718627117049,1051.1736197019732,1056.4620361328125,443800,727.8926391601562,112.0,1.0,1.0,1.0,1.0,0.0007641874814543871,0.0007141065530972783,-1.0,0,1.0,91.0
2026-05-08,1062.0574825233928,1072.1688812089133,1054.66941571483,1061.7305908203125,428700,733.9021606445312,111.0,1.0,1.0,1.0,1.0,0.000787348696185747,0.0007464297228924026,-1.0,0,1.0,92.0
2026-05-11,1062.2554091530058,1084.280702827884,1060.9877367808954,1075.7340087890625,679400,735.5736694335938,110.0,1.0,1.0,1.0,1.0,0.0008177567186243489,0.0007636972412166662,-1.0,0,1.0,93.0
2026-05-12,1070.2771822350537,1074.6149041526771,1059.3537536987621,1070.197998046875,464100,734.4593505859375,109.0,1.0,1.0,1.0,1.0,0.0008775081365585306,0.0007645419982788747,-1.0,0,1.0,94.0
2026-05-13,1064.5332550223923,1075.4566836528154,1050.6584926474388,1066.88037109375,625800,738.5685424804688,107.0,1.0,1.0,1.0,1.0,0.0008945992435887415,0.0007819955053230114,-1.0,0,1.0,95.0
2026-05-14,1066.8804685250473,1075.2785872031482,1062.1961490896372,1069.25732421875,479600,744.3989868164062,106.0,1.0,1.0,1.0,1.0,0.0008813533233567511,0.0007641874814543871,-1.0,0,1.0,96.0
2026-05-15,1067.0388836296827,1067.0388836296827,1045.0135869614996,1049.212646484375,453700,735.4443969726562,107.0,1.0,1.0,1.0,1.0,0.0008432229138590636,0.000787348696185747,-1.0,0,1.0,97.0
2026-05-18,1050.0543529695326,1055.2239318180111,1037.6353712580485,1052.36181640625,423200,734.927001953125,106.0,1.0,1.0,1.0,1.0,0.0008149806912706095,0.0008177567186243489,-1.0,0,1.0,98.0
2026-05-19,1049.7473886830844,1056.0856300083583,1034.6148662308187,1038.3089599609375,482700,730.03173828125,106.0,1.0,4.0,1.0,2.0,0.0007723815005376611,0.0008775081365585306,-1.0,0,2.0,99.0
2026-05-20,1039.8713017349894,1061.7866065886024,1039.3339522806602,1059.9952392578125,496400,737.5138549804688,108.0,1.0,4.0,1.0,2.0,0.0007773762822281363,0.0008945992435887415,-1.0,0,2.0,100.0
2026-05-21,1058.313267903058,1074.286992667997,1056.1038540017241,1073.291748046875,535000,738.9764404296875,108.0,1.0,4.0,1.0,2.0,0.0007942922941774717,0.0008813533233567511,1.0,0,2.0,101.0
2026-05-22,1073.2917931089098,1078.9447147599208,1063.4687331456073,1074.6552734375,427200,741.8817749023438,106.0,1.0,4.0,1.0,2.0,0.0008298034949923996,0.0008432229138590636,1.0,0,2.0,102.0
2026-05-26,1081.7711576473757,1083.5526844411831,1071.1718993550319,1072.5054931640625,1208900,746.8068237304688,105.0,1.0,4.0,1.0,2.0,0.0008453072018737327,0.0008149806912706095,-1.0,0,2.0,103.0
2026-05-27,1063.4287858953192,1074.0878163701484,1061.866183885115,1065.130615234375,416600,746.6774291992188,104.0,1.0,4.0,1.0,2.0,0.0008501423269556938,0.0007723815005376611,-1.0,0,2.0,104.0
2026-05-28,1060.8611731993558,1075.630569648557,1050.978340462777,1064.3543701171875,443100,750.7965698242188,102.0,1.0,4.0,1.0,2.0,0.0008554329339367563,0.0007773762822281363,-1.0,0,2.0,105.0
2026-05-29,1064.1652666347711,1067.3998115181594,1050.6200024864982,1062.9610595703125,943900,752.6671142578125,101.0,1.0,4.0,1.0,2.0,0.0008550613930084534,0.0007942922941774717,-1.0,0,2.0,106.0
2026-06-01,1061.1994847416713,1061.1994847416713,1045.0068355749156,1045.773193359375,325300,754.7166748046875,102.0,1.0,4.0,1.0,2.0,0.00080635564534723,0.0008298034949923996,-1.0,0,2.0,107.0
2026-06-02,1044.3002806449704,1071.5997729149724,1044.3002806449704,1066.7032470703125,465700,755.7415771484375,104.0,1.0,4.0,1.0,2.0,0.0007697782072499405,0.0008453072018737327,-1.0,0,2.0,108.0
2026-06-03,1077.790112488117,1101.885066502329,1069.8779666338569,1071.87841796875,724500,750.4384155273438,102.0,1.0,4.0,1.0,2.0,0.0007493810925866291,0.0008501423269556938,1.0,0,2.0,109.0
2026-06-04,1074.794576878081,1086.7772395003485,1056.2928919033254,1083.970703125,488500,753.2740478515625,102.0,1.0,4.0,1.0,2.0,0.0007947657701465946,0.0008554329339367563,1.0,0,2.0,110.0
2026-06-05,1074.2869384512915,1087.8023159877052,1071.6794025351405,1075.8095703125,524900,733.83251953125,101.0,1.0,4.0,1.0,2.0,0.0007935350578408407,0.0008550613930084534,1.0,0,2.0,111.0
2026-06-08,1078.0688700915318,1079.392623216598,1053.9142632334526,1057.686279296875,404800,735.4940795898438,102.0,1.0,4.0,1.0,2.0,0.0007589876657389101,0.00080635564534723,1.0,0,2.0,112.0
2026-06-09,1067.3899178649117,1068.6837844972422,1051.0181920771563,1054.800048828125,413600,733.3350830078125,101.0,1.0,4.0,1.0,2.0,0.0007054579769377025,0.0007697782072499405,1.0,0,2.0,113.0
2026-06-10,1063.4089466538396,1064.2449181429201,1027.8090260751078,1033.392333984375,597500,721.7736206054688,103.0,1.0,4.0,1.0,2.0,0.0006647311079875196,0.0007493810925866291,-1.0,0,2.0,114.0
2026-06-11,1036.248673906569,1043.2452729058407,1027.1720476201544,1038.2193603515625,584700,734.04150390625,102.0,1.0,4.0,1.0,2.0,0.0006538307023669946,0.0007947657701465946,-1.0,0,2.0,115.0
2026-06-12,1043.7926536733823,1050.8588659875415,1038.7865442117443,1050.8289794921875,500200,738.0113525390625,102.0,1.0,4.0,1.0,2.0,0.0006691020499299394,0.0007935350578408407,-1.0,0,2.0,116.0
2026-06-15,1045.454670329144,1072.0874262794068,1039.3737402340855,1059.3184814453125,672800,751.0254516601562,101.0,1.0,4.0,1.0,2.0,0.000701839520140179,0.0007589876657389101,-1.0,0,2.0,117.0
2026-06-16,1074.9936287802793,1101.9547728361479,1066.8326710934948,1089.4744873046875,594300,746.5481567382812,106.0,1.0,1.0,1.0,1.0,0.0007467459376229117,0.0007054579769377025,1.0,0,1.0,118.0
2026-06-17,1089.474491197782,1100.8600319324064,1075.7997176313838,1083.34375,804100,737.225341796875,105.0,1.0,1.0,1.0,1.0,0.000762424498554254,0.0006647311079875196,1.0,0,1.0,119.0
2026-06-18,1099.2477360006797,1109.2996828512942,1083.4432458104475,1086.9962158203125,807800,744.8902587890625,103.0,1.0,1.0,1.0,1.0,0.0007853983466482225,0.0006538307023669946,1.0,0,1.0,120.0
2026-06-22,1094.9979252299543,1112.3650160514253,1082.3782919850698,1110.6331787109375,718400,742.546142578125,106.0,1.0,1.0,1.0,1.0,0.0008122780773125826,0.0006691020499299394,1.0,0,1.0,121.0
2026-06-23,1099.3472134747947,1118.6549839367933,1090.7980959687989,1110.6234130859375,872800,731.7628784179688,104.0,1.0,1.0,1.0,1.0,0.0008464582747691541,0.000701839520140179,1.0,0,1.0,122.0
2026-06-24,1110.6929834653254,1112.6635483524572,1083.791492530826,1089.7928466796875,812100,731.4237060546875,106.0,1.0,1.0,1.0,1.0,0.0008406210643756151,0.0007467459376229117,1.0,0,1.0,123.0
2026-06-25,1091.4350385369382,1100.7405514506042,1069.5695433587182,1082.43798828125,721800,732.4810791015625,105.0,1.0,1.0,1.0,1.0,0.0008069481363460611,0.000762424498554254,1.0,0,1.0,124.0
2026-06-26,1076.0982547057038,1089.6634433765792,1066.8325907136418,1086.1104736328125,762300,727.1842651367188,104.0,1.0,1.0,1.0,1.0,0.0007817633886768788,0.0007853983466482225,1.0,0,1.0,125.0
2026-06-29,1091.8828437878783,1101.1983188137697,1070.196546220854,1080.0096435546875,478400,739.1644897460938,102.0,1.0,1.0,1.0,1.0,0.0007758024917274954,0.0008122780773125826,-1.0,0,1.0,126.0
2026-06-30,1062.6525713730784,1065.5288430462965,1035.6216921362186,1037.43310546875,1295500,744.9202270507812,115.0,1.0,4.0,1.0,2.0,0.0006905735485262152,0.0008464582747691541,-1.0,1,4.0,1.0
2026-07-01,1022.6636769939389,1040.5681183232473,998.6284946736765,1008.7998657226562,956400,743.9127197265625,119.0,1.0,4.0,4.0,6.0,0.0005688356835685695,0.0008406210643756151,-1.0,0,4.0,2.0
2026-07-02,1023.7385115364133,1023.7385115364133,989.3129722862177,997.2550659179688,720100,742.9351806640625,118.0,1.0,4.0,4.0,6.0,0.000454163299792265,0.0008069481363460611,-1.0,0,4.0,3.0
2026-07-06,1007.2970035400783,1011.8950287599325,989.0840394003416,994.0901489257812,560800,749.4190673828125,117.0,1.0,4.0,4.0,6.0,0.0003911155846759698,0.0007817633886768788,-1.0,0,4.0,4.0
2026-07-07,989.9101038817694,1022.6237890360403,989.7010806475262,1018.0655517578125,518900,745.85791015625,120.0,1.0,4.0,4.0,6.0,0.00038699635075543627,0.0007758024917274954,-1.0,0,4.0,5.0
2026-07-08,1002.977714389582,1025.7489167054237,1002.977714389582,1011.138671875,496000,743.5536499023438,118.0,1.0,4.0,4.0,6.0,0.0003695544023444586,0.0006905735485262152,-1.0,0,4.0,6.0
2026-07-09,1025.3109783337925,1033.3028222361127,1020.2551791182767,1029.9488525390625,420300,749.8480224609375,119.0,1.0,4.0,4.0,6.0,0.00040380484727898705,0.0005688356835685695,-1.0,0,4.0,7.0
2026-07-10,1030.8942302684052,1046.7286062118046,1020.9816327161448,1046.2110595703125,330000,753.0799560546875,119.0,1.0,4.0,4.0,6.0,0.00042395793546531457,0.000454163299792265,1.0,0,2.0,8.0
2026-07-13,1046.2110590596883,1049.525301400772,1029.3516734967545,1034.586669921875,324100,747.3142700195312,118.0,1.0,4.0,4.0,6.0,0.00045537502848722267,0.0003911155846759698,-1.0,0,4.0,9.0
2026-07-14,1031.372060421558,1038.318848512418,1012.6713749152638,1018.6726684570312,428200,749.9677124023438,119.0,1.0,4.0,4.0,6.0,0.0004612038768927775,0.00038699635075543627,-1.0,0,4.0,10.0
2026-07-15,1018.6726539523003,1025.450267367842,997.812365645741,1017.7371215820312,561100,752.9403076171875,117.0,1.0,4.0,4.0,6.0,0.0004501042756911114,0.0003695544023444586,-1.0,0,4.0,11.0
2026-07-16,1012.4523938596612,1015.020142029044,995.0356127301534,1004.3411865234375,478400,748.8604125976562,117.0,1.0,4.0,4.0,6.0,0.0004276784188092533,0.00040380484727898705,-1.0,0,4.0,12.0
2026-07-17,1000.8777012205957,1019.1404768715009,989.1935388278216,1015.1495361328125,567900,741.4487915039062,116.0,1.0,4.0,4.0,6.0,0.00041746248471043884,0.00042395793546531457,1.0,0,2.0,13.0
2026-07-20,1021.5489767520686,1030.8544895417022,1008.3320991962984,1012.4722900390625,458300,740.2518310546875,114.0,1.0,4.0,4.0,6.0,0.0003880052933285354,0.00045537502848722267,1.0,0,2.0,14.0
2026-07-21,1013.9950757521952,1031.4018340418145,1013.5571656807958,1022.9920654296875,538400,746.426513671875,113.0,1.0,4.0,4.0,6.0,0.0003956223748520608,0.0004612038768927775,1.0,0,2.0,15.0
2026-07-22,1030.2772029246391,1032.0786540384915,1021.2205009969113,1023.8479614257812,346700,745.55859375,112.0,1.0,4.0,4.0,6.0,0.00039783602211254985,0.0004501042756911114,1.0,0,2.0,16.0
2026-07-23,1018.0954645184502,1036.567202347891,1018.0954645184502,1028.6351318359375,401900,736.3515014648438,110.0,1.0,1.0,4.0,5.0,0.00041782780614118376,0.0004276784188092533,1.0,0,2.0,17.0
2026-07-24,1054.3322562851329,1099.735309614296,1050.580164743044,1079.083984375,782900,737.099609375,127.0,1.0,1.0,4.0,5.0,0.00046920257844974893,0.00041746248471043884,1.0,0,1.0,1.0
2026-07-27,1079.0839954659368,1080.54697587049,1036.8259486235022,1041.8121337890625,514700,737.25927734375,134.0,1.0,1.0,4.0,5.0,0.000475373611402952,0.0003880052933285354,1.0,0,1.0,2.0
2026-07-28,1040.4983737143493,1050.9484423247877,1024.1166859884436,1029.9388427734375,603000,739.0248413085938,132.0,1.0,1.0,4.0,5.0,0.0004728094237555396,0.0003956223748520608,-1.0,0,2.0,3.0
2026-07-29,1038.388450159209,1039.1647701205009,996.8469494323867,1003.2265014648438,751400,727.6531372070312,135.0,1.0,1.0,4.0,5.0,0.0003915420344429901,0.00039783602211254985,-1.0,0,2.0,4.0
2026-07-30,1056.5815082635963,1078.7057758373398,1039.124879454669,1042.548583984375,892800,739.852783203125,143.0,1.0,1.0,4.0,5.0,0.0003620175828611134,0.00041782780614118376,1.0,0,1.0,5.0
2026-07-31,1053.4863732597516,1061.0601703733175,1012.0642963012913,1014.4329833984375,728000,745.1796264648438,146.0,1.0,1.0,4.0,5.0,0.00029197156139340754,0.00046920257844974893,-1.0,0,2.0,6.0
2026-08-03,1011.9049871232521,1028.0577875786128,998.7478826397039,1026.5350341796875,574300,755.793212890625,145.0,1.0,1.0,4.0,5.0,0.0002576773355612016,0.000475373611402952,-1.0,0,2.0,7.0
2026-08-04,1007.9639318992622,1050.8788774595255,1006.4909284725584,1046.5296630859375,740600,769.4193725585938,145.0,1.0,1.0,4.0,5.0,0.000219658389444443,0.0004728094237555396,-1.0,0,2.0,8.0
2026-08-05,1051.884074490362,1058.402854162057,1031.82987016237,1051.1773681640625,599700,767.8831787109375,143.0,1.0,1.0,4.0,5.0,0.00023023781346836808,0.0003915420344429901,-1.0,0,2.0,9.0
2026-08-06,1057.5270203604907,1057.9450668513696,1035.0544398169561,1047.853271484375,954100,766.65625,141.0,1.0,1.0,4.0,5.0,0.00019382713269684257,0.0003620175828611134,-1.0,0,2.0,10.0
2026-08-07,1054.4318356045699,1058.104351591509,1036.527393808309,1037.6619873046875,487600,771.3446044921875,139.0,1.0,1.0,4.0,5.0,0.0001442923816817798,0.00029197156139340754,-1.0,0,2.0,11.0
2026-08-10,1033.9895450043243,1043.6533313736893,1026.0076637251923,1038.4183349609375,821400,771.1151733398438,137.0,1.0,1.0,4.0,5.0,9.718234350646555e-05,0.0002576773355612016,-1.0,0,2.0,12.0
2026-08-11,1037.82124490879,1045.0068821216303,1026.6943562702957,1027.4906005859375,588200,768.6513061523438,136.0,1.0,1.0,4.0,5.0,0.00010115114090175196,0.000219658389444443,-1.0,0,2.0,13.0
2026-08-12,1045.5642062691156,1064.8818161309996,1039.6225037829506,1064.085693359375,681700,770.5764770507812,142.0,1.0,1.0,4.0,5.0,0.00016223988848375684,0.00023023781346836808,1.0,0,1.0,14.0
2026-08-13,1068.2657438018489,1074.8642206828563,1061.5279180912335,1068.673828125,291000,775.9531860351562,140.0,1.0,1.0,4.0,5.0,0.0002374509593879543,0.00019382713269684257,1.0,0,1.0,15.0
2026-08-14,1074.864247863105,1100.6808363901807,1067.499412977929,1096.859130859375,468700,774.4169921875,143.0,1.0,1.0,4.0,5.0,0.00032490703445869847,0.0001442923816817798,1.0,0,1.0,16.0
2026-08-17,1100.5514592493814,1103.9451557696113,1086.11045078036,1092.390380859375,750200,770.7560424804688,141.0,1.0,1.0,4.0,5.0,0.00035743453786197713,9.718234350646555e-05,1.0,0,1.0,17.0
2026-08-18,1098.3319946204895,1102.1438592013058,1079.7408934812754,1079.929931640625,418000,765.5490112304688,139.0,1.0,1.0,4.0,5.0,0.0003441833051210301,0.00010115114090175196,1.0,0,1.0,18.0
2026-08-19,1089.0,1093.3699951171875,1043.989990234375,1077.0799560546875,509400,767.1549682617188,137.0,1.0,1.0,4.0,5.0,0.0003201877654341281,0.00016223988848375684,1.0,0,1.0,19.0
2026-08-20,1075.5,1086.6700439453125,1064.6199951171875,1082.6099853515625,358100,760.7109985351562,136.0,1.0,1.0,4.0,5.0,0.00028053047282800844,0.0002374509593879543,1.0,0,1.0,20.0
2026-08-21,1098.3499755859375,1098.3499755859375,1058.5899658203125,1065.3900146484375,554600,763.8232421875,135.0,1.0,1.0,4.0,5.0,0.0002516405984333301,0.00032490703445869847,-1.0,0,2.0,21.0
2026-08-24,1066.7099609375,1072.5,1033.8299560546875,1055.199951171875,681000,761.5787963867188,134.0,1.0,1.0,4.0,5.0,0.00020643250385751606,0.00035743453786197713,-1.0,0,2.0,22.0
2026-08-25,1054.4000244140625,1086.97998046875,1027.93994140625,1073.43994140625,434300,764.0127563476562,134.0,1.0,1.0,4.0,5.0,0.00020827895364988074,0.0003441833051210301,1.0,0,1.0,23.0
2026-08-26,1064.6300048828125,1084.199951171875,1062.5,1079.6099853515625,507800,764.182373046875,132.0,1.0,1.0,4.0,5.0,0.00024841138545301876,0.0003201877654341281,1.0,0,1.0,24.0
2026-08-27,1086.5899658203125,1100.6600341796875,1071.6099853515625,1076.449951171875,513200,769.18994140625,130.0,1.0,1.0,4.0,5.0,0.00031321082011865784,0.00028053047282800844,-1.0,0,2.0,25.0
2026-08-28,1081.9000244140625,1087.5,1035.2900390625,1044.4100341796875,477100,767.4442749023438,135.0,1.0,1.0,4.0,5.0,0.00030202889587670304,0.0002516405984333301,-1.0,0,2.0,26.0
2026-08-31,1033.550048828125,1049.3499755859375,1025.0999755859375,1046.719970703125,739200,765.1499633789062,133.0,1.0,1.0,4.0,5.0,0.00027141867157450114,0.00020643250385751606,-1.0,0,2.0,27.0
2026-09-01,1040.2900390625,1049.4300537109375,1024.9599609375,1027.5899658203125,495100,759.89306640625,133.0,1.0,1.0,4.0,5.0,0.00018890309685040915,0.00020827895364988074,-1.0,0,2.0,28.0
2026-09-02,1018.4299926757812,1025.6099853515625,1002.239990234375,1019.239990234375,747700,763.2646484375,132.0,1.0,1.0,4.0,5.0,0.00014599934379803654,0.00024841138545301876,-1.0,0,2.0,29.0
2026-09-03,1020.9199829101562,1041.3800048828125,1009.75,1040.8299560546875,461000,771.2548217773438,133.0,1.0,1.0,4.0,5.0,0.00012206759725817415,0.00031321082011865784,-1.0,0,2.0,30.0
2026-09-04,1035.010009765625,1048.3399658203125,1031.260009765625,1035.97998046875,344600,768.2822265625,131.0,1.0,1.0,4.0,5.0,9.595463846481156e-05,0.00030202889587670304,-1.0,0,2.0,31.0
2026-09-08,1022.3699951171875,1053.969970703125,1021.969970703125,1041.2099609375,431600,764.0626831054688,129.0,1.0,1.0,4.0,5.0,0.00010506692359299817,0.00027141867157450114,-1.0,0,2.0,32.0
2026-09-09,1034.1800537109375,1048.989990234375,1032.260009765625,1043.06005859375,546500,760.5115356445312,128.0,1.0,1.0,4.0,5.0,0.00010592437233336745,0.00018890309685040915,1.0,0,2.0,33.0
2026-09-10,1046.2099609375,1049.6500244140625,1023.0,1023.8099975585938,467000,755.9528198242188,128.0,1.0,1.0,4.0,5.0,0.0001374506038654961,0.00014599934379803654,-1.0,0,2.0,34.0
2026-09-11,1025.3499755859375,1047.2900390625,1023.989990234375,1037.719970703125,558900,762.3967895507812,128.0,1.0,1.0,4.0,5.0,0.00014445626506144846,0.00012206759725817415,-1.0,0,2.0,35.0
2026-09-14,1027.530029296875,1028.949951171875,995.0599975585938,998.719970703125,550100,758.9952392578125,136.0,1.0,1.0,4.0,5.0,0.00011072531813734182,9.595463846481156e-05,-1.0,0,2.0,36.0
2026-09-15,997.6300048828125,1010.0499877929688,987.7899780273438,1006.97998046875,592100,755.513916015625,135.0,1.0,1.0,4.0,5.0,8.668211764267446e-05,0.00010506692359299817,-1.0,0,2.0,37.0
2026-09-16,1015.7999877929688,1028.8900146484375,1010.1599731445312,1016.1599731445312,436600,752.1821899414062,133.0,1.0,1.0,4.0,5.0,5.845316219061793e-05,0.00010592437233336745,1.0,0,2.0,38.0
2026-09-17,1029.969970703125,1033.989990234375,1021.219970703125,1025.93994140625,370400,760.7109985351562,132.0,1.0,1.0,4.0,5.0,7.022935054406805e-05,0.0001374506038654961,-1.0,0,2.0,39.0
2026-09-18,1022.6900024414062,1030.4200439453125,1014.3499755859375,1021.3400268554688,679800,761.6900024414062,130.0,1.0,1.0,4.0,5.0,7.557800282529643e-05,0.00014445626506144846,-1.0,0,2.0,40.0
2026-09-21,1039.25,1062.0400390625,1030.97998046875,1057.260009765625,565200,773.5,136.0,1.0,1.0,4.0,5.0,0.00011871011316267829,0.00011072531813734182,1.0,0,1.0,41.0
2026-09-22,1051.9100341796875,1066.510009765625,1047.719970703125,1059.260009765625,521100,773.3800048828125,134.0,1.0,1.0,4.0,5.0,0.00014610032237606218,8.668211764267446e-05,1.0,0,1.0,42.0
2026-09-23,1057.0,1060.97998046875,1036.1600341796875,1037.6600341796875,391900,767.8099975585938,135.0,1.0,1.0,4.0,5.0,0.0001516945807170502,5.845316219061793e-05,-1.0,0,2.0,43.0
2026-09-24,1038.8499755859375,1048.8499755859375,1030.02001953125,1034.760009765625,397100,767.1799926757812,133.0,1.0,1.0,4.0,5.0,9.779065151354542e-05,7.022935054406805e-05,-1.0,0,2.0,44.0
2026-09-25,1044.25,1049.1099853515625,1005.9400024414062,1008.0800170898438,882400,771.3499755859375,136.0,1.0,1.0,4.0,5.0,1.711379309120875e-05,7.557800282529643e-05,-1.0,0,2.0,45.0
2026-09-28,1008.8599853515625,1031.3900146484375,1005.9400024414062,1011.0700073242188,467200,765.6099853515625,134.0,1.0,4.0,4.0,6.0,-4.259879368678567e-05,0.00011871011316267829,-1.0,0,4.0,1.0
2026-09-29,1008.0399780273438,1023.3800048828125,1005.7999877929688,1015.27001953125,385800,764.2000122070312,132.0,1.0,4.0,4.0,6.0,-7.845071513611636e-05,0.00014610032237606218,-1.0,0,4.0,2.0
2026-09-30,1023.280029296875,1023.280029296875,1000.0399780273438,1011.5800170898438,629700,762.6300048828125,130.0,1.0,4.0,4.0,6.0,-8.831435743820606e-05,0.0001516945807170502,-1.0,0,4.0,3.0
2026-10-01,1006.7100219726562,1016.969970703125,994.5,1012.3300170898438,555300,763.989990234375,129.0,1.0,4.0,4.0,6.0,-9.227203680286303e-05,9.779065151354542e-05,-1.0,0,4.0,4.0
2026-10-02,,,,,330015,,129.0,,4.0,4.0,,-9.845953400078206e-05,1.711379309120875e-05,-1.0,0,,
