Date,Open,High,Low,Close,Volume,IndexClose,CVI,LTI,STI,VI,SecState,VWRS,VWRS_1wk,RS,GapDown,Thermostat,Days
2022-10-07,35.130001068115234,35.31999969482422,34.88999938964844,35.279998779296875,199700,344.4530029296875,,,,,,,,,0,,
2022-10-10,35.56999969482422,35.650001525878906,35.220001220703125,35.52000045776367,221900,341.8229675292969,54.0,,,3.0,,,,,0,,
2022-10-11,35.47999954223633,35.619998931884766,35.040000915527344,35.5099983215332,175100,339.6582336425781,53.0,,,1.0,,,,,0,,
2022-10-12,35.54999923706055,35.79999923706055,35.459999084472656,35.58000183105469,118300,338.5378723144531,52.0,,,1.0,,,,,0,,
2022-10-13,35.880001068115234,35.90999984741211,34.83000183105469,35.029998779296875,238300,347.4721984863281,56.0,,,1.0,,,,,0,,
2022-10-14,35.2599983215332,35.52000045776367,35.11000061035156,35.41999816894531,113600,339.55377197265625,57.0,,,1.0,,,,,0,,
2022-10-17,35.02000045776367,35.02000045776367,34.5099983215332,34.599998474121094,177600,348.27923583984375,65.0,,,1.0,,,,,1,,
2022-10-18,34.40999984741211,34.720001220703125,34.36000061035156,34.5099983215332,147800,352.37139892578125,64.0,,,1.0,,,,,0,,
2022-10-19,34.970001220703125,35.189998626708984,34.88999938964844,35.04999923706055,91200,349.87432861328125,66.0,,,1.0,,,,,0,,
2022-10-20,34.97999954223633,35.099998474121094,34.59000015258789,35.02000045776367,73500,346.9405212402344,65.0,,,1.0,,,,,0,,
2022-10-21,35.13999938964844,35.15999984741211,34.380001068115234,34.40999984741211,289700,355.3716735839844,69.0,,,1.0,,,,,0,,
2022-10-24,34.630001068115234,34.63999938964844,34.22999954223633,34.349998474121094,112100,359.7201843261719,68.0,,,1.0,,,,,0,,
2022-10-25,34.02000045776367,34.02000045776367,33.619998931884766,33.65999984741211,167600,365.46441650390625,72.0,,,1.0,,,,,1,,
2022-10-26,33.400001525878906,33.599998474121094,32.900001525878906,32.90999984741211,504500,362.7109680175781,77.0,,,4.0,,,,,1,,
2022-10-27,33.5099983215332,33.72999954223633,33.220001220703125,33.63999938964844,173400,360.7741394042969,82.0,,4.0,4.0,,,,,0,,
2022-10-28,33.650001525878906,33.959999084472656,33.599998474121094,33.72999954223633,95400,369.3572082519531,81.0,,4.0,4.0,,,,,0,,
2022-10-31,34.16999816894531,34.36000061035156,34.11000061035156,34.290000915527344,117000,366.68914794921875,83.0,,4.0,4.0,,,,,0,,
2022-11-01,33.88999938964844,34.4900016784668,33.88999938964844,34.33000183105469,179900,365.0846252441406,81.0,,4.0,4.0,,,,,0,,
2022-11-02,34.16999816894531,34.720001220703125,33.66999816894531,34.70000076293945,350100,355.9223327636719,82.0,,4.0,4.0,,,,,0,,
2022-11-03,35.20000076293945,35.279998779296875,34.720001220703125,35.2400016784668,165700,352.2574462890625,83.0,,4.0,4.0,,,,,0,,
2022-11-04,34.400001525878906,34.58000183105469,33.70000076293945,33.75,162100,357.32757568359375,101.0,,4.0,4.0,,,,,1,,
2022-11-07,33.52000045776367,33.599998474121094,33.27000045776367,33.33000183105469,109000,360.7456359863281,101.0,,4.0,4.0,,,,,1,,
2022-11-08,33.400001525878906,33.470001220703125,32.869998931884766,33.0099983215332,195900,362.6919860839844,100.0,,4.0,4.0,,,,,0,,
2022-11-09,33.369998931884766,33.5099983215332,32.95000076293945,33.439998626708984,147600,355.21978759765625,100.0,,4.0,4.0,,,,,0,,
2022-11-10,32.52000045776367,32.61000061035156,32.16999816894531,32.20000076293945,396400,374.74053955078125,111.0,,4.0,4.0,,,,,1,,
2022-11-11,31.549999237060547,31.75,31.139999389648438,31.149999618530273,253800,378.36749267578125,119.0,,4.0,4.0,,,,,1,,
2022-11-14,31.459999084472656,31.520000457763672,31.190000534057617,31.389999389648438,109800,375.1488342285156,117.0,,4.0,4.0,,,,,0,,
2022-11-15,30.829999923706055,31.639999389648438,30.799999237060547,31.229999542236328,257100,378.3485412597656,116.0,,4.0,4.0,,,,,0,,
2022-11-16,30.989999771118164,31.239999771118164,30.90999984741211,31.010000228881836,144000,375.462158203125,114.0,,4.0,4.0,,,,,0,,
2022-11-17,31.3799991607666,31.450000762939453,31.139999389648438,31.15999984741211,148000,374.3132629394531,113.0,,4.0,4.0,,,,,0,,
2022-11-18,31.229999542236328,31.440000534057617,31.139999389648438,31.43000030517578,132900,376.012939453125,112.0,,4.0,4.0,,,,,0,,
2022-11-21,31.8700008392334,32.060001373291016,31.81999969482422,31.959999084472656,129900,374.6456298828125,113.0,,4.0,4.0,,,,,0,,
2022-11-22,31.799999237060547,31.850000381469727,31.56999969482422,31.6299991607666,204300,379.6872253417969,112.0,,4.0,4.0,,,,,0,,
2022-11-23,31.40999984741211,31.440000534057617,30.940000534057617,30.940000534057617,125700,382.0799255371094,114.0,,4.0,4.0,,,,,1,,
2022-11-25,31.190000534057617,31.200000762939453,30.93000030517578,30.940000534057617,29800,381.99444580078125,112.0,,4.0,4.0,,,,,0,,
2022-11-28,30.790000915527344,31.40999984741211,30.709999084472656,31.3799991607666,118900,375.8989562988281,112.0,,4.0,4.0,,,,,0,,
2022-11-29,31.40999984741211,31.459999084472656,31.190000534057617,31.440000534057617,46700,375.2532958984375,111.0,,4.0,4.0,,,,,0,,
2022-11-30,31.100000381469727,31.639999389648438,30.829999923706055,30.940000534057617,196100,387.07403564453125,111.0,,4.0,4.0,,,,,0,,
2022-12-01,30.360000610351562,30.579999923706055,30.229999542236328,30.260000228881836,186100,386.78924560546875,114.0,,4.0,4.0,,,,,1,,
2022-12-02,30.5,30.68000030517578,30.190000534057617,30.200000762939453,138100,386.34295654296875,112.0,,4.0,4.0,,,,,0,,
2022-12-05,30.079999923706055,30.549999237060547,30.059999465942383,30.530000686645508,146500,379.3929443359375,111.0,,4.0,4.0,,,,,0,,
2022-12-06,30.389999389648438,30.65999984741211,30.290000915527344,30.610000610351562,83900,373.924072265625,110.0,,4.0,4.0,,,,,0,,
2022-12-07,30.299999237060547,30.510000228881836,30.270000457763672,30.3799991607666,116600,373.2879638671875,109.0,,4.0,4.0,,,,,0,,
2022-12-08,30.299999237060547,30.329999923706055,30.059999465942383,30.100000381469727,100700,376.2122497558594,108.0,,4.0,4.0,,,,,0,,
2022-12-09,30.209999084472656,30.31999969482422,30.149999618530273,30.260000228881836,69700,373.4018859863281,106.0,,4.0,4.0,,,,,0,,
2022-12-12,30.139999389648438,30.389999389648438,30.0,30.25,215000,378.7853088378906,105.0,,4.0,4.0,,,,,0,,
2022-12-13,29.540000915527344,29.829999923706055,29.520000457763672,29.729999542236328,175900,381.652587890625,106.0,,4.0,4.0,,,,,1,,
2022-12-14,29.68000030517578,29.780000686645508,29.3799991607666,29.43000030517578,260000,379.2125244140625,105.0,,4.0,4.0,,,,,0,,
2022-12-15,29.299999237060547,29.920000076293945,29.290000915527344,29.780000686645508,332500,369.9363708496094,105.0,,4.0,4.0,,,,,0,,
2022-12-16,29.770000457763672,29.959999084472656,29.639999389648438,29.959999084472656,144200,365.5688171386719,104.0,,4.0,4.0,,,,,0,,
2022-12-19,29.889999389648438,30.049999237060547,29.770000457763672,29.899999618530273,84000,362.4689025878906,102.0,,4.0,4.0,,,,,0,,
2022-12-20,29.829999923706055,29.920000076293945,29.6299991607666,29.889999389648438,155500,362.9649353027344,101.0,,4.0,3.0,,,,,0,,
2022-12-21,29.8700008392334,30.010000228881836,29.780000686645508,29.940000534057617,90400,368.39215087890625,99.0,,4.0,3.0,,,,,0,,
2022-12-22,29.989999771118164,30.139999389648438,29.959999084472656,29.969999313354492,124900,363.1366271972656,98.0,,4.0,3.0,,,,,0,,
2022-12-23,29.93000030517578,30.0,29.799999237060547,29.8700008392334,40700,365.2254943847656,96.0,,4.0,3.0,,,,,0,,
2022-12-27,29.860000610351562,29.8700008392334,29.639999389648438,29.729999542236328,78200,363.78521728515625,95.0,,4.0,1.0,,,,,0,,
2022-12-28,29.649999618530273,29.989999771118164,29.579999923706055,29.989999771118164,124900,359.2641296386719,95.0,,4.0,1.0,,,,,0,,
2022-12-29,29.719999313354492,29.760000228881836,29.579999923706055,29.6299991607666,166700,365.7309265136719,95.0,,4.0,1.0,,,,,0,,
2022-12-30,29.610000610351562,29.8799991607666,29.40999984741211,29.450000762939453,233100,364.7676086425781,94.0,,4.0,1.0,,,,,0,,
2023-01-03,30.209999084472656,30.3700008392334,30.059999465942383,30.280000686645508,186400,363.23199462890625,100.0,,4.0,1.0,,,,,0,,
2023-01-04,29.93000030517578,30.1200008392334,29.8799991607666,30.0,78900,366.03619384765625,99.0,,4.0,1.0,,,,,0,,
2023-01-05,30.309999465942383,30.530000686645508,30.25,30.489999771118164,141900,361.8584899902344,100.0,,1.0,1.0,,,,,0,,
2023-01-06,30.510000228881836,30.59000015258789,29.760000228881836,29.770000457763672,125500,370.1567077636719,104.0,,1.0,1.0,,,,,0,,
2023-01-09,29.40999984741211,29.420000076293945,29.15999984741211,29.31999969482422,159100,369.9468078613281,104.0,,1.0,1.0,,,,,1,,
2023-01-10,29.229999542236328,29.3700008392334,29.170000076293945,29.299999237060547,37500,372.541259765625,103.0,,1.0,1.0,,,,,0,,
2023-01-11,29.1299991607666,29.309999465942383,29.100000381469727,29.209999084472656,120800,377.2530517578125,101.0,,1.0,1.0,,,,,0,,
2023-01-12,28.8700008392334,29.200000762939453,28.600000381469727,28.68000030517578,96700,378.6265563964844,103.0,,4.0,1.0,,,,,0,,
2023-01-13,28.93000030517578,28.950000762939453,28.780000686645508,28.790000915527344,230500,380.0954284667969,102.0,,4.0,1.0,,,,,0,,
2023-01-17,28.68000030517578,29.1200008392334,28.639999389648438,29.040000915527344,93300,379.3991394042969,101.0,,4.0,1.0,,,,,0,,
2023-01-18,28.59000015258789,29.1200008392334,28.559999465942383,29.079999923706055,183700,373.4091796875,99.0,,4.0,1.0,,,,,0,,
2023-01-19,28.90999984741211,29.06999969482422,28.799999237060547,28.920000076293945,67300,370.69091796875,98.0,,4.0,1.0,,,,,0,,
2023-01-20,28.920000076293945,28.959999084472656,28.700000762939453,28.709999084472656,172400,377.596435546875,97.0,,4.0,1.0,,,,,0,,
2023-01-23,28.729999542236328,28.770000457763672,28.6200008392334,28.65999984741211,134800,382.1270446777344,96.0,,4.0,1.0,,,,,0,,
2023-01-24,28.65999984741211,28.81999969482422,28.549999237060547,28.59000015258789,71000,381.7169494628906,94.0,,4.0,1.0,,,,,0,,
2023-01-25,28.610000610351562,28.610000610351562,28.3799991607666,28.399999618530273,62500,381.8600158691406,93.0,,4.0,1.0,,,,,0,,
2023-01-26,28.530000686645508,28.770000457763672,28.489999771118164,28.559999465942383,146700,386.0567932128906,92.0,,4.0,1.0,,,,,0,,
2023-01-27,28.790000915527344,28.829999923706055,28.6299991607666,28.700000762939453,50900,386.94384765625,91.0,,4.0,1.0,,,,,0,,
2023-01-30,28.6299991607666,28.850000381469727,28.540000915527344,28.829999923706055,34600,382.08892822265625,90.0,,4.0,1.0,,,,,0,,
2023-01-31,28.770000457763672,28.8700008392334,28.65999984741211,28.700000762939453,57800,387.7069396972656,89.0,,4.0,1.0,,,,,0,,
2023-02-01,28.5,28.579999923706055,27.969999313354492,28.059999465942383,244800,391.8273010253906,93.0,,4.0,1.0,,,,,1,,
2023-02-02,28.25,28.68000030517578,28.25,28.459999084472656,97800,397.53118896484375,93.0,,4.0,1.0,,,,,0,,
2023-02-03,28.790000915527344,29.09000015258789,28.700000762939453,29.09000015258789,172400,393.3058166503906,97.0,,4.0,1.0,,,,,0,,
2023-02-06,29.34000015258789,29.549999237060547,29.260000228881836,29.469999313354492,97300,390.90216064453125,97.0,,4.0,1.0,,,,,0,,
2023-02-07,29.65999984741211,29.799999237060547,29.270000457763672,29.479999542236328,151500,396.0146179199219,96.0,,4.0,1.0,,,,,0,,
2023-02-08,29.440000534057617,29.579999923706055,29.420000076293945,29.549999237060547,47800,391.684326171875,94.0,,4.0,1.0,,,,,0,,
2023-02-09,29.149999618530273,29.459999084472656,29.149999618530273,29.450000762939453,96200,388.2886962890625,93.0,,4.0,1.0,,,,,0,,
2023-02-10,29.65999984741211,29.829999923706055,29.6299991607666,29.760000228881836,58900,389.1948547363281,93.0,,4.0,1.0,,,,,0,,
2023-02-13,29.729999542236328,29.729999542236328,29.479999542236328,29.489999771118164,45300,393.7635803222656,92.0,,4.0,1.0,,,,,0,,
2023-02-14,29.530000686645508,29.610000610351562,29.290000915527344,29.469999313354492,78600,393.5823974609375,91.0,,4.0,1.0,,,,,0,,
2023-02-15,29.809999465942383,29.8799991607666,29.719999313354492,29.719999313354492,51000,394.86053466796875,90.0,,4.0,1.0,,,,,0,,
2023-02-16,29.899999618530273,29.93000030517578,29.700000762939453,29.829999923706055,101900,389.4237060546875,89.0,,1.0,1.0,,,,,0,,
2023-02-17,29.950000762939453,30.030000686645508,29.700000762939453,29.709999084472656,65500,388.45086669921875,88.0,,1.0,1.0,,,,,0,,
2023-02-21,29.93000030517578,30.040000915527344,29.709999084472656,30.010000228881836,63300,380.65826416015625,88.0,,1.0,1.0,,,,,0,,
2023-02-22,30.0,30.280000686645508,29.850000381469727,30.139999389648438,133000,380.133544921875,86.0,,1.0,1.0,,,,,0,,
2023-02-23,30.239999771118164,30.360000610351562,30.15999984741211,30.270000457763672,346900,382.15570068359375,85.0,,1.0,1.0,,,,,0,,
2023-02-24,30.600000381469727,30.649999618530273,30.209999084472656,30.549999237060547,80400,378.0733337402344,85.0,,1.0,1.0,,,,,0,,
2023-02-27,30.389999389648438,30.399999618530273,30.170000076293945,30.260000228881836,283100,379.36102294921875,85.0,,1.0,1.0,,,,,0,,
2023-02-28,30.200000762939453,30.440000534057617,30.059999465942383,30.420000076293945,63400,377.95892333984375,84.0,,1.0,1.0,,,,,0,,
2023-03-01,29.920000076293945,30.040000915527344,29.850000381469727,29.93000030517578,83100,376.5090637207031,85.0,,1.0,1.0,,,,,1,,
2023-03-02,30.329999923706055,30.450000762939453,30.229999542236328,30.229999542236328,161600,379.43731689453125,85.0,,1.0,1.0,,,,,0,,
2023-03-03,30.18000030517578,30.309999465942383,30.079999923706055,30.110000610351562,32500,385.52264404296875,84.0,,1.0,1.0,,,,,0,,
2023-03-06,29.950000762939453,29.989999771118164,29.780000686645508,29.889999389648438,84300,385.7897033691406,84.0,,1.0,1.0,,,,,1,,
2023-03-07,30.030000686645508,30.610000610351562,30.030000686645508,30.610000610351562,105100,379.8761291503906,88.0,,1.0,1.0,,,,,0,,
2023-03-08,30.549999237060547,30.700000762939453,30.520000457763672,30.6299991607666,119100,380.4960632324219,87.0,,1.0,1.0,,,,,0,,
2023-03-09,30.510000228881836,30.520000457763672,30.3799991607666,30.440000534057617,49900,373.47589111328125,86.0,,1.0,1.0,,,,,0,,
2023-03-10,30.030000686645508,30.100000381469727,29.739999771118164,30.100000381469727,203100,368.0869140625,86.0,,1.0,1.0,,,,,1,,
2023-03-13,29.729999542236328,29.760000228881836,29.479999542236328,29.579999923706055,101800,367.5622863769531,88.0,,4.0,1.0,,,,,0,,
2023-03-14,29.579999923706055,29.739999771118164,29.489999771118164,29.530000686645508,91900,373.6380615234375,87.0,,4.0,1.0,,,,,0,,
2023-03-15,30.709999084472656,30.760000228881836,30.350000381469727,30.440000534057617,167500,371.30133056640625,95.0,,4.0,3.0,,,,,0,,
2023-03-16,30.459999084472656,30.459999084472656,30.190000534057617,30.239999771118164,75700,377.8157958984375,94.0,,4.0,3.0,,,,,0,,
2023-03-17,30.190000534057617,30.219999313354492,29.84000015258789,29.979999542236328,64200,373.39813232421875,94.0,,4.0,3.0,,,,,0,,
2023-03-20,29.65999984741211,29.719999313354492,29.6200008392334,29.65999984741211,63100,376.9885559082031,93.0,,4.0,3.0,,,,,1,,
2023-03-21,29.34000015258789,29.450000762939453,29.309999465942383,29.40999984741211,51100,381.9385681152344,93.0,,4.0,3.0,,,,,1,,
2023-03-22,29.309999465942383,29.360000610351562,28.6299991607666,28.8700008392334,183500,375.42791748046875,95.0,,4.0,3.0,,,,,0,,
2023-03-23,28.75,29.09000015258789,28.670000076293945,29.040000915527344,129100,376.44281005859375,94.0,,4.0,3.0,,,,,0,,
2023-03-24,29.450000762939453,29.549999237060547,29.43000030517578,29.469999313354492,122300,378.9130554199219,94.0,,4.0,3.0,,,,,0,,
2023-03-27,29.299999237060547,29.3799991607666,29.260000228881836,29.260000228881836,36300,379.6216125488281,94.0,,4.0,3.0,,,,,1,,
2023-03-28,29.1200008392334,29.139999389648438,29.0,29.010000228881836,21400,378.7694091796875,93.0,,4.0,3.0,,,,,1,,
2023-03-29,29.040000915527344,29.139999389648438,29.010000228881836,29.040000915527344,71700,384.2748718261719,92.0,,4.0,3.0,,,,,0,,
2023-03-30,28.65999984741211,28.770000457763672,28.639999389648438,28.729999542236328,52600,386.52490234375,91.0,,4.0,3.0,,,,,1,,
2023-03-31,28.850000381469727,29.049999237060547,28.770000457763672,29.040000915527344,28400,391.9728088378906,91.0,,4.0,3.0,,-0.00046869956178839135,,,0,,
2023-04-03,28.8799991607666,29.049999237060547,28.670000076293945,28.700000762939453,103400,393.4664001464844,91.0,,4.0,3.0,,-0.0004978584420339707,,,0,,
2023-04-04,28.739999771118164,28.760000228881836,28.3700008392334,28.5,197000,391.2834167480469,90.0,,4.0,3.0,,-0.0005249731889789032,,,0,,
2023-04-05,28.559999465942383,28.81999969482422,28.440000534057617,28.760000228881836,20800,390.2588806152344,90.0,,4.0,3.0,,-0.0005512401228318612,,,0,,
2023-04-06,28.81999969482422,28.81999969482422,28.59000015258789,28.639999389648438,63400,391.78131103515625,89.0,,4.0,3.0,,-0.0005586047551744233,,,0,,
2023-04-10,29.0,29.139999389648438,28.989999771118164,29.0,97400,392.18341064453125,89.0,,4.0,3.0,,-0.0005444213906665861,-0.00046869956178839135,,0,,
2023-04-11,28.690000534057617,28.809999465942383,28.65999984741211,28.729999542236328,14600,392.2886962890625,89.0,,4.0,3.0,,-0.0005305719642718651,-0.0004978584420339707,,1,,
2023-04-12,28.40999984741211,28.440000534057617,28.270000457763672,28.31999969482422,62700,390.6897888183594,90.0,,4.0,3.0,,-0.0005359702788838515,-0.0005249731889789032,,1,,
2023-04-13,27.950000762939453,28.040000915527344,27.920000076293945,28.020000457763672,42900,395.8791809082031,89.0,,4.0,3.0,,-0.0005623017233512976,-0.0005512401228318612,,1,,
2023-04-14,28.15999984741211,28.40999984741211,28.1299991607666,28.31999969482422,62300,394.9121398925781,89.0,,4.0,3.0,,-0.0005895612978614119,-0.0005586047551744233,,0,,
2023-04-17,28.559999465942383,28.739999771118164,28.540000915527344,28.65999984741211,50600,396.3292236328125,89.0,,4.0,3.0,,-0.0005664131624829525,-0.0005444213906665861,,0,,
2023-04-18,28.579999923706055,28.579999923706055,28.420000076293945,28.450000762939453,41700,396.58770751953125,89.0,,4.0,3.0,,-0.0005306379159037046,-0.0005305719642718651,,0,,
2023-04-19,28.489999771118164,28.549999237060547,28.43000030517578,28.540000915527344,15200,396.5206604003906,87.0,,4.0,3.0,,-0.0005042847525289499,-0.0005359702788838515,,0,,
2023-04-20,28.479999542236328,28.510000228881836,28.3799991607666,28.489999771118164,16400,394.3568115234375,86.0,,4.0,3.0,,-0.0004970821151127497,-0.0005623017233512976,,0,,
2023-04-21,28.3799991607666,28.600000381469727,28.360000610351562,28.3700008392334,25000,394.6632385253906,85.0,,4.0,3.0,,-0.0005049884808292615,-0.0005895612978614119,,0,,
2023-04-24,28.239999771118164,28.239999771118164,28.079999923706055,28.110000610351562,54900,395.0749206542969,85.0,,4.0,3.0,,-0.0005215837823033397,-0.0005664131624829525,,1,,
2023-04-25,28.270000457763672,28.510000228881836,28.270000457763672,28.489999771118164,44800,388.8035583496094,85.0,,4.0,3.0,,-0.0005287266004761725,-0.0005306379159037046,,0,,
2023-04-26,27.920000076293945,28.15999984741211,27.850000381469727,28.139999389648438,62500,387.1567687988281,86.0,,4.0,3.0,,-0.0005319853132958753,-0.0005042847525289499,,1,,
2023-04-27,28.350000381469727,28.3700008392334,28.170000076293945,28.190000534057617,49700,394.8642578125,85.0,,4.0,3.0,,-0.0005538778620882728,-0.0004970821151127497,,0,,
2023-04-28,28.31999969482422,28.350000381469727,28.1200008392334,28.239999771118164,28300,398.2345275878906,83.0,,4.0,3.0,,-0.0006037766484242878,-0.0005049884808292615,,0,,
2023-05-01,28.229999542236328,28.520000457763672,28.219999313354492,28.489999771118164,24900,397.8323974609375,83.0,,4.0,3.0,,-0.0005904209063218031,-0.0005215837823033397,,0,,
2023-05-02,28.579999923706055,28.610000610351562,28.299999237060547,28.299999237060547,26900,393.3611145019531,82.0,,4.0,3.0,,-0.0005466742096803832,-0.0005287266004761725,,0,,
2023-05-03,28.149999618530273,28.190000534057617,27.969999313354492,28.06999969482422,56800,390.6611022949219,82.0,,4.0,3.0,,-0.0004956631045940959,-0.0005319853132958753,,1,,
2023-05-04,28.219999313354492,28.389999389648438,28.219999313354492,28.290000915527344,24100,387.8940124511719,81.0,,4.0,3.0,,-0.00047737606047351986,-0.0005538778620882728,,0,,
2023-05-05,28.40999984741211,28.420000076293945,28.200000762939453,28.270000457763672,22500,395.0749206542969,80.0,,4.0,3.0,,-0.00044087992393852213,-0.0006037766484242878,,0,,
2023-05-08,28.200000762939453,28.389999389648438,28.15999984741211,28.389999389648438,73600,395.1802673339844,79.0,,4.0,3.0,,-0.0003844607909113209,-0.0005904209063218031,,0,,
2023-05-09,28.65999984741211,28.68000030517578,28.549999237060547,28.600000381469727,52800,393.4472961425781,79.0,,4.0,3.0,,-0.0003318552637882332,-0.0005466742096803832,,0,,
2023-05-10,28.479999542236328,28.56999969482422,28.3799991607666,28.510000228881836,68000,395.28558349609375,78.0,,4.0,3.0,,-0.0002952542372827363,-0.0004956631045940959,,0,,
2023-05-11,28.799999237060547,28.920000076293945,28.790000915527344,28.829999923706055,32300,394.5961608886719,78.0,,4.0,3.0,,-0.000254807145397688,-0.00047737606047351986,,0,,
2023-05-12,28.979999542236328,29.200000762939453,28.979999542236328,29.200000762939453,33900,394.0792236328125,79.0,,4.0,3.0,,-0.00019838906196908667,-0.00044087992393852213,,0,,
2023-05-15,29.06999969482422,29.1299991607666,29.059999465942383,29.079999923706055,37900,395.4387512207031,78.0,,4.0,3.0,,-0.00017119927376157648,-0.0003844607909113209,,0,,
2023-05-16,29.06999969482422,29.18000030517578,29.010000228881836,29.139999389648438,33600,392.79620361328125,77.0,,4.0,3.0,,-0.00016880792746190248,-0.0003318552637882332,,0,,
2023-05-17,29.31999969482422,29.399999618530273,29.239999771118164,29.270000457763672,14200,397.5643615722656,76.0,,4.0,1.0,,-0.0001701184493916343,-0.0002952542372827363,,0,,
2023-05-18,29.56999969482422,29.700000762939453,29.56999969482422,29.649999618530273,24000,401.3941955566406,77.0,,1.0,1.0,,-0.00011328204529444467,-0.000254807145397688,,0,,
2023-05-19,29.530000686645508,29.59000015258789,29.360000610351562,29.459999084472656,22300,400.81005859375,76.0,,1.0,1.0,,-6.288607580657314e-05,-0.00019838906196908667,,0,,
2023-05-22,29.450000762939453,29.510000228881836,29.399999618530273,29.43000030517578,17400,400.9728698730469,75.0,,1.0,1.0,,-6.106661455626773e-05,-0.00017119927376157648,,0,,
2023-05-23,29.649999618530273,29.729999542236328,29.530000686645508,29.700000762939453,42000,396.4728088378906,75.0,,1.0,1.0,,-6.787581009149678e-05,-0.00016880792746190248,,0,,
2023-05-24,29.610000610351562,29.809999465942383,29.610000610351562,29.809999465942383,35100,393.6004333496094,74.0,,1.0,1.0,,-3.2405263497684466e-05,-0.0001701184493916343,,0,,
2023-05-25,29.959999084472656,30.030000686645508,29.920000076293945,29.969999313354492,36000,397.0089416503906,73.0,,1.0,1.0,,6.702558658349345e-05,-0.00011328204529444467,,0,,
2023-05-26,29.899999618530273,30.06999969482422,29.84000015258789,29.90999984741211,27500,402.1505432128906,72.0,,1.0,1.0,,0.00012875582477285533,-6.288607580657314e-05,,0,,
2023-05-30,29.940000534057617,30.030000686645508,29.93000030517578,29.950000762939453,36400,402.3036804199219,71.0,,1.0,1.0,,0.00013617614368574614,-6.106661455626773e-05,,0,,
2023-05-31,30.209999084472656,30.479999542236328,30.110000610351562,30.200000762939453,102500,400.0729064941406,71.0,,1.0,1.0,,0.0001267628929333241,-6.787581009149678e-05,,0,,
2023-06-01,30.079999923706055,30.079999923706055,29.75,29.799999237060547,55200,403.8739318847656,72.0,,1.0,1.0,,0.00010873433825855905,-3.2405263497684466e-05,,1,,
2023-06-02,29.770000457763672,30.100000381469727,29.75,30.100000381469727,28500,409.7145080566406,72.0,,1.0,1.0,,0.00013988235716842434,6.702558658349345e-05,,0,,
2023-06-05,30.219999313354492,30.25,30.040000915527344,30.059999465942383,13000,408.9292907714844,71.0,,1.0,1.0,,0.00014704225159592485,0.00012875582477285533,,0,,
2023-06-06,30.25,30.299999237060547,30.170000076293945,30.219999313354492,33200,409.8197937011719,71.0,,1.0,1.0,,0.00019438127093023689,0.00013617614368574614,,0,,
2023-06-07,30.049999237060547,30.190000534057617,30.0,30.15999984741211,18700,408.4026184082031,70.0,,1.0,1.0,,0.00020756756740995176,0.0001267628929333241,,0,,
2023-06-08,29.809999465942383,29.81999969482422,29.68000030517578,29.709999084472656,26600,410.8729248046875,72.0,,1.0,1.0,,0.0002131600367793618,0.00010873433825855905,,1,,
2023-06-09,29.75,29.920000076293945,29.75,29.899999618530273,17600,411.6101989746094,71.0,,1.0,1.0,,0.0002034882899474756,0.00013988235716842434,,0,,
2023-06-12,29.81999969482422,29.920000076293945,29.790000915527344,29.84000015258789,15100,415.34417724609375,70.0,,1.0,1.0,,0.0001892482106769014,0.00014704225159592485,,0,,
2023-06-13,29.600000381469727,29.700000762939453,29.579999923706055,29.649999618530273,25900,418.08258056640625,70.0,,4.0,1.0,,0.00016112746521766092,0.00019438127093023689,,1,,
2023-06-14,29.450000762939453,29.600000381469727,29.290000915527344,29.5,20100,418.5804138183594,69.0,,4.0,1.0,,0.00012445010728017196,0.00020756756740995176,,0,,
2023-06-15,29.209999084472656,29.209999084472656,28.81999969482422,28.829999923706055,50500,423.7698669433594,75.0,,4.0,1.0,,5.779641232496338e-05,0.0002131600367793618,,1,,
2023-06-16,28.81999969482422,28.989999771118164,28.809999465942383,28.889999389648438,41000,422.3264465332031,74.0,,4.0,1.0,,9.321497134909325e-06,0.0002034882899474756,,0,,
2023-06-20,29.0,29.1299991607666,28.979999542236328,29.010000228881836,45600,420.1352844238281,73.0,,4.0,1.0,,-2.3335623945731558e-05,0.0001892482106769014,,0,,
2023-06-21,28.969999313354492,29.030000686645508,28.610000610351562,28.649999618530273,55100,417.9826354980469,74.0,,4.0,1.0,,-3.959293322297165e-05,0.00016112746521766092,,0,,
2023-06-22,28.700000762939453,28.8700008392334,28.68000030517578,28.729999542236328,90100,419.4914855957031,73.0,,4.0,1.0,,-6.0981681855819004e-05,0.00012445010728017196,,0,,
2023-06-23,29.110000610351562,29.229999542236328,29.110000610351562,29.170000076293945,36600,416.3200378417969,75.0,,4.0,1.0,,-5.186540320174384e-05,5.779641232496338e-05,,0,,
2023-06-26,29.110000610351562,29.139999389648438,29.040000915527344,29.1200008392334,25100,414.619140625,74.0,,4.0,1.0,,-2.8401738014191404e-05,9.321497134909325e-06,,0,,
2023-06-27,28.780000686645508,28.899999618530273,28.739999771118164,28.81999969482422,17600,419.1646728515625,74.0,,4.0,1.0,,-4.913843059259612e-05,-2.3335623945731558e-05,,1,,
2023-06-28,28.93000030517578,29.149999618530273,28.93000030517578,29.06999969482422,41000,419.3760986328125,74.0,,4.0,1.0,,-8.464782475141174e-05,-3.959293322297165e-05,,0,,
2023-06-29,29.270000457763672,29.350000381469727,29.229999542236328,29.31999969482422,15100,421.0290832519531,74.0,,4.0,1.0,,-0.00011245579509853213,-6.0981681855819004e-05,,0,,
2023-06-30,29.149999618530273,29.170000076293945,29.010000228881836,29.110000610351562,37900,425.9974670410156,73.0,,4.0,1.0,,-8.097396624116722e-05,-5.186540320174384e-05,,1,,
2023-07-03,29.06999969482422,29.139999389648438,28.969999313354492,29.079999923706055,23000,426.4876403808594,72.0,,4.0,1.0,,-7.607740010517277e-05,-2.8401738014191404e-05,,0,,
2023-07-05,29.170000076293945,29.6200008392334,29.170000076293945,29.420000076293945,54600,425.85333251953125,73.0,,4.0,1.0,,-4.2621499391733035e-05,-4.913843059259612e-05,,0,,
2023-07-06,29.280000686645508,29.530000686645508,29.260000228881836,29.270000457763672,38900,422.51861572265625,72.0,,4.0,1.0,,-1.9562254680286978e-05,-8.464782475141174e-05,,0,,
2023-07-07,29.149999618530273,29.149999618530273,28.81999969482422,28.850000381469727,26200,421.451904296875,74.0,,4.0,1.0,,-1.3185982419420557e-05,-0.00011245579509853213,,1,,
2023-07-10,28.8799991607666,28.90999984741211,28.670000076293945,28.709999084472656,28600,422.51861572265625,73.0,,4.0,1.0,,-4.859911644171009e-05,-8.097396624116722e-05,,0,,
2023-07-11,28.729999542236328,28.780000686645508,28.639999389648438,28.639999389648438,18300,425.2095031738281,72.0,,4.0,1.0,,-9.621309619833403e-05,-7.607740010517277e-05,,0,,
2023-07-12,28.280000686645508,28.280000686645508,27.959999084472656,27.989999771118164,34000,428.63067626953125,77.0,,4.0,3.0,,-0.00016215383351372308,-4.2621499391733035e-05,,1,,
2023-07-13,27.719999313354492,27.729999542236328,27.530000686645508,27.530000686645508,42500,432.03265380859375,79.0,,4.0,3.0,,-0.0002357694115813257,-1.9562254680286978e-05,,1,,
2023-07-14,27.530000686645508,27.59000015258789,27.450000762939453,27.520000457763672,28600,431.7635803222656,78.0,,4.0,3.0,,-0.00029248443206169065,-1.3185982419420557e-05,,0,,
2023-07-17,27.579999923706055,27.639999389648438,27.440000534057617,27.450000762939453,48700,433.2627868652344,77.0,,4.0,3.0,,-0.0003074438047061605,-4.859911644171009e-05,,0,,
2023-07-18,27.5,27.600000381469727,27.479999542236328,27.530000686645508,17000,436.48211669921875,76.0,,4.0,3.0,,-0.0003020563698042708,-9.621309619833403e-05,,0,,
2023-07-19,27.6299991607666,27.780000686645508,27.559999465942383,27.68000030517578,22700,437.4527893066406,75.0,,4.0,1.0,,-0.000281288583967431,-0.00016215383351372308,,0,,
2023-07-20,27.719999313354492,28.06999969482422,27.719999313354492,28.030000686645508,49200,434.5505676269531,76.0,,4.0,3.0,,-0.0002553064506818179,-0.0002357694115813257,,0,,
2023-07-21,28.049999237060547,28.1299991607666,28.030000686645508,28.079999923706055,35400,434.5505676269531,75.0,,4.0,1.0,,-0.0002323903640938159,-0.00029248443206169065,,0,,
2023-07-24,28.31999969482422,28.420000076293945,28.190000534057617,28.420000076293945,41400,436.49176025390625,76.0,,4.0,3.0,,-0.0001952147858803331,-0.0003074438047061605,,0,,
2023-07-25,28.579999923706055,28.6299991607666,28.43000030517578,28.43000030517578,16600,437.6833801269531,75.0,,4.0,1.0,,-0.00016852172758270948,-0.0003020563698042708,,0,,
2023-07-26,28.399999618530273,28.43000030517578,28.200000762939453,28.200000762939453,46900,437.7507019042969,74.0,4.0,4.0,1.0,8.0,-0.00013009649703528048,-0.000281288583967431,,0,2.0,1.0
2023-07-27,28.59000015258789,28.920000076293945,28.59000015258789,28.920000076293945,42800,434.8484191894531,81.0,4.0,4.0,3.0,10.0,-8.683490880489159e-05,-0.0002553064506818179,,0,2.0,1.0
2023-07-28,28.739999771118164,28.75,28.510000228881836,28.6299991607666,20300,439.1057434082031,81.0,4.0,4.0,3.0,10.0,-7.679846311328158e-05,-0.0002323903640938159,,0,2.0,1.0
2023-07-31,28.600000381469727,28.790000915527344,28.510000228881836,28.790000915527344,34500,439.9418029785156,80.0,4.0,4.0,3.0,10.0,-5.863789794908563e-05,-0.0001952147858803331,,0,2.0,1.0
2023-08-01,28.90999984741211,28.93000030517578,28.799999237060547,28.850000381469727,30300,438.6828308105469,79.0,4.0,1.0,3.0,9.0,-7.352783294310489e-05,-0.00016852172758270948,,0,2.0,1.0
2023-08-02,28.93000030517578,29.15999984741211,28.93000030517578,29.110000610351562,57200,432.5804443359375,79.0,4.0,1.0,3.0,9.0,-4.730207036514149e-05,-0.00013009649703528048,,0,2.0,1.0
2023-08-03,29.149999618530273,29.190000534057617,28.969999313354492,29.040000915527344,35000,431.3406677246094,78.0,4.0,1.0,3.0,9.0,-2.7532080334750682e-05,-8.683490880489159e-05,,0,2.0,1.0
2023-08-04,28.6200008392334,28.729999542236328,28.530000686645508,28.719999313354492,39600,429.3899230957031,78.0,4.0,1.0,3.0,9.0,-3.902677404928304e-05,-7.679846311328158e-05,,1,2.0,1.0
2023-08-07,28.729999542236328,28.790000915527344,28.709999084472656,28.729999542236328,96600,433.13775634765625,77.0,4.0,1.0,3.0,9.0,-6.508539823965081e-05,-5.863789794908563e-05,,0,2.0,1.0
2023-08-08,29.020000457763672,29.110000610351562,28.969999313354492,28.989999771118164,19000,431.25421142578125,77.0,4.0,1.0,3.0,9.0,-8.335538615355055e-05,-7.352783294310489e-05,,0,2.0,1.0
2023-08-09,28.84000015258789,28.90999984741211,28.84000015258789,28.90999984741211,4600,428.3712463378906,76.0,4.0,1.0,3.0,9.0,-7.381326819787849e-05,-4.730207036514149e-05,,1,2.0,1.0
2023-08-10,28.649999618530273,28.899999618530273,28.6200008392334,28.889999389648438,7200,428.52496337890625,74.0,4.0,1.0,1.0,7.0,-7.280654348529698e-05,-2.7532080334750682e-05,,0,2.0,1.0
2023-08-11,28.950000762939453,29.079999923706055,28.950000762939453,29.06999969482422,17500,428.2751159667969,74.0,4.0,1.0,1.0,7.0,-8.150423356134179e-05,-3.902677404928304e-05,,0,2.0,1.0
2023-08-14,29.420000076293945,29.440000534057617,29.18000030517578,29.329999923706055,11200,430.63916015625,74.0,4.0,1.0,1.0,7.0,-7.29950564493154e-05,-6.508539823965081e-05,,0,2.0,1.0
2023-08-15,29.1200008392334,29.31999969482422,29.09000015258789,29.309999465942383,13300,425.6227111816406,73.0,4.0,1.0,1.0,7.0,-5.557396242775254e-05,-8.335538615355055e-05,,0,2.0,1.0
2023-08-16,29.309999465942383,29.479999542236328,29.229999542236328,29.479999542236328,17400,422.4994201660156,72.0,4.0,1.0,1.0,7.0,-4.979097360914784e-05,-7.381326819787849e-05,,0,2.0,1.0
2023-08-17,29.299999237060547,29.59000015258789,29.280000686645508,29.5,10900,419.2799987792969,71.0,4.0,1.0,1.0,7.0,-6.155891379330934e-05,-7.280654348529698e-05,,0,2.0,1.0
2023-08-18,29.479999542236328,29.520000457763672,29.469999313354492,29.5,8400,419.4818420410156,70.0,4.0,1.0,1.0,7.0,-4.523651630915007e-05,-8.150423356134179e-05,,0,2.0,1.0
2023-08-21,29.399999618530273,29.479999542236328,29.350000381469727,29.3700008392334,48500,422.21112060546875,69.0,4.0,1.0,1.0,7.0,-3.1502003772261086e-05,-7.29950564493154e-05,,0,2.0,1.0
2023-08-22,29.579999923706055,29.700000762939453,29.579999923706055,29.649999618530273,26800,421.06744384765625,69.0,4.0,1.0,1.0,7.0,2.3414318103695972e-05,-5.557396242775254e-05,,0,2.0,1.0
2023-08-23,29.770000457763672,29.770000457763672,29.540000915527344,29.56999969482422,18900,425.7572326660156,68.0,4.0,1.0,1.0,7.0,6.4605028954923e-05,-4.979097360914784e-05,,0,2.0,1.0
2023-08-24,29.739999771118164,29.8799991607666,29.670000076293945,29.8700008392334,24100,419.85662841796875,69.0,4.0,1.0,1.0,7.0,0.00015483938507153495,-6.155891379330934e-05,,0,2.0,1.0
2023-08-25,29.8700008392334,30.110000610351562,29.8700008392334,29.899999618530273,20300,422.8165588378906,68.0,4.0,1.0,1.0,7.0,0.00021963382402530568,-4.523651630915007e-05,,0,2.0,1.0
2023-08-28,29.93000030517578,29.93000030517578,29.829999923706055,29.850000381469727,18200,425.4977722167969,67.0,4.0,1.0,1.0,7.0,0.0002509511951666484,-3.1502003772261086e-05,,0,2.0,1.0
2023-08-29,30.059999465942383,30.059999465942383,28.899999618530273,29.450000762939453,46800,431.6482238769531,68.0,4.0,1.0,1.0,7.0,0.00020776044303894462,2.3414318103695972e-05,,0,2.0,1.0
2023-08-30,29.25,29.299999237060547,29.15999984741211,29.280000686645508,70600,433.4261474609375,68.0,4.0,1.0,1.0,7.0,0.0001395655069685838,6.4605028954923e-05,,0,2.0,1.0
2023-08-31,29.6200008392334,29.739999771118164,29.610000610351562,29.65999984741211,22700,432.7918701171875,69.0,4.0,1.0,1.0,7.0,0.00011839809165753856,0.00015483938507153495,,0,2.0,1.0
2023-09-01,29.579999923706055,30.100000381469727,29.479999542236328,30.09000015258789,47900,433.5990905761719,71.0,4.0,1.0,1.0,7.0,0.00016855767648330043,0.00021963382402530568,,0,2.0,1.0
2023-09-05,30.280000686645508,30.479999542236328,30.260000228881836,30.420000076293945,37100,431.72509765625,71.0,1.0,1.0,1.0,1.0,0.00024068286795474352,0.0002509511951666484,,0,1.0,1.0
2023-09-06,30.420000076293945,30.5,30.299999237060547,30.420000076293945,16500,428.8228759765625,70.0,1.0,1.0,1.0,1.0,0.00026356223465109956,0.00020776044303894462,,0,1.0,2.0
2023-09-07,30.600000381469727,30.6299991607666,30.489999771118164,30.59000015258789,166000,427.5063171386719,70.0,1.0,1.0,1.0,1.0,0.00027351489332300637,0.0001395655069685838,,0,1.0,3.0
2023-09-08,30.520000457763672,30.59000015258789,30.299999237060547,30.59000015258789,40100,428.15008544921875,69.0,1.0,1.0,1.0,1.0,0.0002530569845041049,0.00011839809165753856,,0,1.0,4.0
2023-09-11,30.350000381469727,30.440000534057617,30.239999771118164,30.299999237060547,25400,430.9659423828125,69.0,1.0,1.0,1.0,1.0,0.00026006602078580823,0.00016855767648330043,,0,1.0,5.0
2023-09-12,30.469999313354492,30.5,30.3799991607666,30.40999984741211,6700,428.6018371582031,68.0,1.0,1.0,1.0,1.0,0.00025085272130265696,0.00024068286795474352,,0,1.0,6.0
2023-09-13,30.309999465942383,30.420000076293945,30.299999237060547,30.399999618530273,8200,429.1015930175781,67.0,1.0,1.0,1.0,1.0,0.0002783884261793128,0.00026356223465109956,,0,1.0,7.0
2023-09-14,30.790000915527344,30.969999313354492,30.700000762939453,30.899999618530273,29200,432.8014831542969,70.0,1.0,1.0,1.0,1.0,0.00031758590420756055,0.00027351489332300637,,0,1.0,8.0
2023-09-15,30.829999923706055,30.84000015258789,30.690000534057617,30.84000015258789,21800,427.5869445800781,69.0,1.0,1.0,1.0,1.0,0.0003331061834104601,0.0002530569845041049,,0,1.0,9.0
2023-09-18,30.81999969482422,30.829999923706055,30.639999389648438,30.68000030517578,15600,427.837646484375,68.0,1.0,1.0,1.0,1.0,0.0003422678815029356,0.00026006602078580823,,0,1.0,10.0
2023-09-19,30.65999984741211,30.760000228881836,30.649999618530273,30.709999084472656,12900,426.9504699707031,67.0,1.0,1.0,1.0,1.0,0.00035020753363874626,0.00025085272130265696,,0,1.0,11.0
2023-09-20,30.559999465942383,30.850000381469727,30.420000076293945,30.850000381469727,11400,423.0253601074219,66.0,1.0,1.0,1.0,1.0,0.00037180318931839335,0.0002783884261793128,,0,1.0,12.0
2023-09-21,30.920000076293945,30.959999084472656,30.780000686645508,30.84000015258789,15300,416.03338623046875,65.0,1.0,1.0,1.0,1.0,0.00039956377876607395,0.00031758590420756055,,0,1.0,13.0
2023-09-22,30.899999618530273,30.989999771118164,30.809999465942383,30.940000534057617,30700,415.097900390625,64.0,1.0,1.0,1.0,1.0,0.0004139961272127495,0.0003331061834104601,,0,1.0,14.0
2023-09-25,31.1299991607666,31.360000610351562,31.1299991607666,31.299999237060547,49600,416.8434753417969,65.0,1.0,1.0,1.0,1.0,0.0004567040692079834,0.0003422678815029356,,0,1.0,15.0
2023-09-26,31.25,31.450000762939453,31.110000610351562,31.420000076293945,24700,410.7195129394531,65.0,1.0,1.0,1.0,1.0,0.0004891540724264477,0.00035020753363874626,,0,1.0,16.0
2023-09-27,31.65999984741211,31.899999618530273,31.65999984741211,31.829999923706055,23000,410.88348388671875,66.0,1.0,1.0,1.0,1.0,0.000540217412772482,0.00037180318931839335,,0,1.0,17.0
2023-09-28,31.530000686645508,31.56999969482422,31.389999389648438,31.479999542236328,24200,413.2655944824219,67.0,1.0,1.0,1.0,1.0,0.0005337237221827161,0.00039956377876607395,,1,1.0,18.0
2023-09-29,31.309999465942383,31.450000762939453,31.299999237060547,31.43000030517578,42500,412.26263427734375,66.0,1.0,1.0,1.0,1.0,0.0005072903753791546,0.0004139961272127495,,0,1.0,19.0
2023-10-02,31.760000228881836,31.979999542236328,31.709999084472656,31.979999542236328,44300,412.0986633300781,69.0,1.0,1.0,1.0,1.0,0.000502956942038659,0.0004567040692079834,,0,1.0,20.0
2023-10-03,32.06999969482422,32.15999984741211,31.969999313354492,32.040000915527344,36700,406.5823059082031,68.0,1.0,1.0,1.0,1.0,0.0005549751148294912,0.0004891540724264477,,0,1.0,21.0
2023-10-04,31.760000228881836,31.959999084472656,31.280000686645508,31.760000228881836,43100,409.5429992675781,68.0,1.0,1.0,1.0,1.0,0.0006042142168345097,0.000540217412772482,,1,1.0,22.0
2023-10-05,31.65999984741211,31.790000915527344,30.719999313354492,30.8700008392334,28300,409.3886413574219,78.0,1.0,1.0,4.0,5.0,0.0005315457998520912,0.0005337237221827161,,0,2.0,23.0
2023-10-06,31.75,31.790000915527344,31.260000228881836,31.3700008392334,35800,414.2492370605469,79.0,1.0,1.0,4.0,5.0,0.000441631002527367,0.0005072903753791546,,0,2.0,24.0
2023-10-09,31.559999465942383,31.649999618530273,31.450000762939453,31.489999771118164,26000,416.9013977050781,78.0,1.0,1.0,4.0,5.0,0.0003843438945011661,0.000502956942038659,,0,2.0,25.0
2023-10-10,31.360000610351562,31.360000610351562,31.15999984741211,31.270000457763672,53000,419.07122802734375,78.0,1.0,1.0,4.0,5.0,0.00039420397841978175,0.0005549751148294912,,1,2.0,26.0
2023-10-11,31.18000030517578,31.3799991607666,31.09000015258789,31.229999542236328,22400,420.78790283203125,77.0,1.0,1.0,4.0,5.0,0.00040796999459767857,0.0006042142168345097,,0,2.0,27.0
2023-10-12,31.489999771118164,31.739999771118164,31.489999771118164,31.700000762939453,28400,418.2225646972656,78.0,1.0,1.0,4.0,5.0,0.00044035652911570794,0.0005315457998520912,,0,2.0,28.0
2023-10-13,31.75,31.90999984741211,31.719999313354492,31.850000381469727,28400,416.1394958496094,77.0,1.0,1.0,4.0,5.0,0.0004944270416804635,0.000441631002527367,,0,2.0,29.0
2023-10-16,31.719999313354492,31.75,31.549999237060547,31.559999465942383,16800,420.5179138183594,77.0,1.0,1.0,4.0,5.0,0.0004919904081137569,0.0003843438945011661,,0,2.0,30.0
2023-10-17,31.649999618530273,31.649999618530273,31.3700008392334,31.479999542236328,15000,420.49853515625,76.0,1.0,1.0,4.0,5.0,0.0004517760494850604,0.00039420397841978175,,0,2.0,31.0
2023-10-18,31.579999923706055,31.739999771118164,31.56999969482422,31.709999084472656,14900,414.89532470703125,76.0,1.0,1.0,4.0,5.0,0.00041720796694941887,0.00040796999459767857,,0,2.0,32.0
2023-10-19,31.559999465942383,31.559999465942383,31.25,31.420000076293945,17800,411.2499084472656,76.0,1.0,1.0,4.0,5.0,0.00040303242524449625,0.00044035652911570794,,1,2.0,33.0
2023-10-20,31.420000076293945,31.420000076293945,31.360000610351562,31.389999389648438,6200,406.1965026855469,75.0,1.0,1.0,1.0,1.0,0.0003814454534070263,0.0004944270416804635,,0,1.0,34.0
2023-10-23,31.329999923706055,31.3799991607666,30.90999984741211,30.979999542236328,31900,405.492431640625,76.0,1.0,4.0,3.0,4.0,0.0003374290399165269,0.0004919904081137569,,0,2.0,35.0
2023-10-24,31.219999313354492,31.440000534057617,31.219999313354492,31.389999389648438,31200,408.54962158203125,77.0,1.0,4.0,4.0,6.0,0.00034075621423655596,0.0004517760494850604,,0,2.0,36.0
2023-10-25,31.549999237060547,31.559999465942383,31.399999618530273,31.540000915527344,11700,402.6860656738281,76.0,1.0,4.0,4.0,6.0,0.00035893428741149764,0.00041720796694941887,,0,2.0,37.0
2023-10-26,31.6299991607666,31.809999465942383,31.579999923706055,31.6200008392334,22100,397.864013671875,75.0,1.0,4.0,1.0,2.0,0.0003794835068373632,0.00040303242524449625,,0,2.0,38.0
2023-10-27,31.530000686645508,31.600000381469727,31.40999984741211,31.559999465942383,9700,396.0606384277344,74.0,1.0,4.0,1.0,2.0,0.00037114236523671027,0.0003814454534070263,,0,2.0,39.0
2023-10-30,31.399999618530273,31.399999618530273,31.25,31.290000915527344,22200,400.79583740234375,73.0,1.0,4.0,1.0,2.0,0.00034330780149447273,0.0003374290399165269,,1,2.0,40.0
2023-10-31,31.329999923706055,31.579999923706055,31.309999465942383,31.489999771118164,24900,403.3129577636719,73.0,1.0,4.0,1.0,2.0,0.00033758851393376007,0.00034075621423655596,,0,2.0,41.0
2023-11-01,31.790000915527344,31.84000015258789,31.579999923706055,31.600000381469727,92500,407.6142272949219,72.0,1.0,4.0,1.0,2.0,0.0003287764356188381,0.00035893428741149764,,0,2.0,42.0
2023-11-02,31.100000381469727,31.329999923706055,31.049999237060547,31.290000915527344,32600,415.42584228515625,72.0,1.0,4.0,1.0,2.0,0.00030598029970764924,0.0003794835068373632,,1,2.0,43.0
2023-11-03,30.780000686645508,30.829999923706055,30.56999969482422,30.690000534057617,25300,419.2159729003906,76.0,1.0,4.0,3.0,4.0,0.00023162094215815375,0.00037114236523671027,,1,2.0,44.0
2023-11-06,30.6200008392334,30.729999542236328,30.559999465942383,30.709999084472656,22000,420.1803283691406,75.0,1.0,4.0,1.0,2.0,0.00015460108939599544,0.00034330780149447273,,0,2.0,45.0
2023-11-07,31.059999465942383,31.059999465942383,30.81999969482422,30.860000610351562,12900,421.37615966796875,74.0,1.0,4.0,1.0,2.0,0.00010889115541888068,0.00033758851393376007,,0,2.0,46.0
2023-11-08,30.979999542236328,30.989999771118164,30.780000686645508,30.81999969482422,7500,421.6847839355469,73.0,1.0,4.0,1.0,2.0,7.678401645095705e-05,0.0003287764356188381,,0,2.0,47.0
2023-11-09,30.75,31.06999969482422,30.75,31.06999969482422,6200,418.39617919921875,73.0,1.0,4.0,1.0,2.0,8.298629580681433e-05,0.00030598029970764924,,0,2.0,48.0
2023-11-10,30.969999313354492,31.030000686645508,30.920000076293945,30.969999313354492,13500,424.9252014160156,72.0,1.0,4.0,1.0,2.0,8.473564304757062e-05,0.00023162094215815375,,0,2.0,49.0
2023-11-13,31.040000915527344,31.06999969482422,30.81999969482422,30.850000381469727,44900,424.5201721191406,71.0,1.0,4.0,1.0,2.0,8.137041016696666e-05,0.00015460108939599544,,0,2.0,50.0
2023-11-14,30.229999542236328,30.229999542236328,29.780000686645508,29.809999465942383,59700,432.75616455078125,84.0,1.0,4.0,4.0,6.0,-6.788561856321879e-06,0.00010889115541888068,,1,2.0,51.0
2023-11-15,29.979999542236328,30.06999969482422,29.940000534057617,30.020000457763672,27000,433.6722717285156,83.0,1.0,4.0,4.0,6.0,-8.067386699092833e-05,7.678401645095705e-05,,0,2.0,52.0
2023-11-16,29.950000762939453,30.010000228881836,29.760000228881836,30.010000228881836,11300,434.20269775390625,82.0,1.0,4.0,4.0,6.0,-0.00010338914048552893,8.298629580681433e-05,,0,2.0,53.0
2023-11-17,29.8799991607666,29.90999984741211,29.690000534057617,29.700000762939453,12800,434.7428283691406,82.0,1.0,4.0,4.0,6.0,-9.634355288934198e-05,8.473564304757062e-05,,0,2.0,54.0
2023-11-20,29.610000610351562,29.610000610351562,29.469999313354492,29.489999771118164,42200,438.0892333984375,81.0,1.0,4.0,4.0,6.0,-0.00012081347194982325,8.137041016696666e-05,,1,2.0,55.0
2023-11-21,29.459999084472656,29.739999771118164,29.440000534057617,29.68000030517578,8800,437.134521484375,81.0,1.0,4.0,4.0,6.0,-0.00014245211099262655,-6.788561856321879e-06,,0,2.0,56.0
2023-11-22,29.850000381469727,30.0,29.809999465942383,29.84000015258789,34700,438.8221740722656,80.0,1.0,4.0,4.0,6.0,-0.0001369758443469369,-8.067386699092833e-05,,0,2.0,57.0
2023-11-24,29.65999984741211,29.65999984741211,29.520000457763672,29.540000915527344,7300,439.09228515625,80.0,1.0,4.0,4.0,6.0,-0.0001368358301762287,-0.00010338914048552893,,1,2.0,58.0
2023-11-27,29.600000381469727,29.6299991607666,29.459999084472656,29.479999542236328,19200,438.3014221191406,79.0,1.0,4.0,4.0,6.0,-0.0001747059098967088,-9.634355288934198e-05,,0,2.0,59.0
2023-11-28,29.3700008392334,29.389999389648438,29.190000534057617,29.299999237060547,55400,438.73541259765625,78.0,1.0,4.0,4.0,6.0,-0.00021627861487218323,-0.00012081347194982325,,1,2.0,60.0
2023-11-29,29.34000015258789,29.450000762939453,29.290000915527344,29.399999618530273,18900,438.4268493652344,77.0,1.0,4.0,4.0,6.0,-0.0002146875259666498,-0.00014245211099262655,,0,2.0,61.0
2023-11-30,29.709999084472656,29.920000076293945,29.709999084472656,29.8799991607666,262600,440.1531066894531,79.0,1.0,4.0,4.0,6.0,-0.00018336238947763134,-0.0001369758443469369,,0,2.0,62.0
2023-12-01,30.0,30.190000534057617,29.84000015258789,29.90999984741211,53700,442.7569274902344,78.0,1.0,4.0,4.0,6.0,-0.00013844096224201424,-0.0001368358301762287,,0,2.0,63.0
2023-12-04,30.25,30.31999969482422,30.1299991607666,30.209999084472656,43200,440.4327697753906,78.0,1.0,4.0,4.0,6.0,-9.112787800953137e-05,-0.0001747059098967088,,0,2.0,64.0
2023-12-05,30.280000686645508,30.459999084472656,30.15999984741211,30.389999389648438,27600,440.34600830078125,77.0,1.0,4.0,4.0,6.0,-3.5670676466057096e-05,-0.00021627861487218323,,0,2.0,65.0
2023-12-06,30.329999923706055,30.59000015258789,30.329999923706055,30.559999465942383,21400,438.57147216796875,76.0,1.0,4.0,4.0,6.0,2.7848986802809305e-05,-0.0002146875259666498,,0,2.0,66.0
2023-12-07,30.5,30.510000228881836,30.270000457763672,30.3799991607666,219900,441.9179382324219,76.0,1.0,4.0,4.0,6.0,5.572815847001692e-05,-0.00018336238947763134,,0,2.0,67.0
2023-12-08,30.75,30.75,30.5,30.579999923706055,38900,443.81781005859375,75.0,1.0,4.0,1.0,2.0,6.426894703148705e-05,-0.00013844096224201424,,0,2.0,68.0
2023-12-11,30.65999984741211,30.700000762939453,30.56999969482422,30.56999969482422,14400,445.5440979003906,74.0,1.0,4.0,1.0,2.0,6.686366181328213e-05,-9.112787800953137e-05,,0,2.0,69.0
2023-12-12,30.510000228881836,30.540000915527344,30.399999618530273,30.40999984741211,9300,447.5789794921875,73.0,1.0,4.0,1.0,2.0,8.137537869053943e-05,-3.5670676466057096e-05,,1,2.0,70.0
2023-12-13,30.3799991607666,30.489999771118164,29.899999618530273,29.90999984741211,13000,453.7511291503906,76.0,1.0,4.0,3.0,4.0,4.288931326278634e-05,2.7848986802809305e-05,,0,2.0,71.0
2023-12-14,29.530000686645508,29.530000686645508,29.229999542236328,29.329999923706055,67600,455.2074279785156,79.0,1.0,4.0,4.0,6.0,-4.007688556259924e-05,5.572815847001692e-05,,1,2.0,72.0
2023-12-15,29.690000534057617,29.860000610351562,29.690000534057617,29.84000015258789,10200,454.4579162597656,81.0,1.0,4.0,4.0,6.0,-7.562867059823897e-05,6.426894703148705e-05,,0,2.0,73.0
2023-12-18,29.690000534057617,29.75,29.65999984741211,29.729999542236328,11900,457.0142822265625,80.0,1.0,4.0,4.0,6.0,-6.200041620131351e-05,6.686366181328213e-05,,0,2.0,74.0
2023-12-19,29.450000762939453,29.450000762939453,29.360000610351562,29.3799991607666,17300,459.7933349609375,81.0,1.0,4.0,4.0,6.0,-4.233568842935856e-05,8.137537869053943e-05,,1,2.0,75.0
2023-12-20,29.459999084472656,29.6299991607666,29.440000534057617,29.6299991607666,5200,453.4218444824219,80.0,1.0,4.0,4.0,6.0,-5.11819221184206e-05,4.288931326278634e-05,,0,2.0,76.0
2023-12-21,29.360000610351562,29.420000076293945,29.270000457763672,29.270000457763672,12500,457.72113037109375,81.0,1.0,4.0,4.0,6.0,-7.791485429792698e-05,-4.007688556259924e-05,,1,2.0,77.0
2023-12-22,29.09000015258789,29.280000686645508,29.06999969482422,29.229999542236328,18100,458.6410217285156,80.0,1.0,4.0,4.0,6.0,-9.855053429639448e-05,-7.562867059823897e-05,,0,2.0,78.0
2023-12-26,29.15999984741211,29.18000030517578,29.06999969482422,29.079999923706055,6700,460.5776672363281,79.0,1.0,4.0,4.0,6.0,-0.00013645718792888706,-6.200041620131351e-05,,0,2.0,79.0
2023-12-27,28.969999313354492,28.969999313354492,28.709999084472656,28.739999771118164,21800,461.410400390625,79.0,4.0,4.0,4.0,12.0,-0.0001601263059732948,-4.233568842935856e-05,,1,4.0,1.0
2023-12-28,28.850000381469727,29.040000915527344,28.850000381469727,29.010000228881836,18500,461.584716796875,79.0,4.0,4.0,4.0,12.0,-0.00011671832582840808,-5.11819221184206e-05,,0,4.0,2.0
2023-12-29,29.079999923706055,29.15999984741211,28.959999084472656,29.149999618530273,12900,460.24847412109375,78.0,4.0,4.0,4.0,12.0,-6.861000649141019e-05,-7.791485429792698e-05,,0,4.0,3.0
2024-01-02,29.639999389648438,29.68000030517578,29.549999237060547,29.68000030517578,22300,457.6726989746094,81.0,1.0,4.0,4.0,6.0,2.8301223943656397e-05,-9.855053429639448e-05,,0,2.0,4.0
2024-01-03,29.81999969482422,29.899999618530273,29.709999084472656,29.799999237060547,40900,453.9350280761719,80.0,1.0,4.0,4.0,6.0,0.00011014197856612955,-0.00013645718792888706,,0,2.0,5.0
2024-01-04,29.600000381469727,29.670000076293945,29.559999465942383,29.65999984741211,11000,452.4728698730469,79.0,1.0,4.0,4.0,6.0,0.0001895312078998716,-0.0001601263059732948,,1,2.0,6.0
2024-01-05,29.649999618530273,29.709999084472656,29.389999389648438,29.700000762939453,31700,453.09259033203125,78.0,1.0,4.0,4.0,6.0,0.00022099699372183954,-0.00011671832582840808,,0,2.0,7.0
2024-01-08,29.610000610351562,29.639999389648438,29.530000686645508,29.6299991607666,10300,459.5609436035156,77.0,1.0,4.0,4.0,6.0,0.00020905979932087925,-6.861000649141019e-05,,0,2.0,8.0
2024-01-09,29.670000076293945,29.84000015258789,29.670000076293945,29.770000457763672,6700,458.86376953125,76.0,1.0,4.0,4.0,6.0,0.00021216474399654887,2.8301223943656397e-05,,0,2.0,9.0
2024-01-10,29.75,29.75,29.549999237060547,29.579999923706055,6600,461.4588317871094,75.0,1.0,4.0,1.0,2.0,0.00019629556895709222,0.00011014197856612955,,0,2.0,10.0
2024-01-11,29.65999984741211,29.780000686645508,29.56999969482422,29.56999969482422,59600,461.2555236816406,74.0,1.0,4.0,1.0,2.0,0.00019489445960868792,0.0001895312078998716,,0,2.0,11.0
2024-01-12,29.559999465942383,29.690000534057617,29.479999542236328,29.690000534057617,8400,461.5750427246094,73.0,1.0,4.0,1.0,2.0,0.00017156560423740394,0.00022099699372183954,,0,2.0,12.0
2024-01-16,30.049999237060547,30.149999618530273,30.020000457763672,30.139999389648438,28300,459.8804626464844,75.0,1.0,1.0,1.0,1.0,0.00017843980031941433,0.00020905979932087925,,0,1.0,1.0
2024-01-17,30.209999084472656,30.270000457763672,30.09000015258789,30.09000015258789,27200,457.3241271972656,74.0,1.0,1.0,1.0,1.0,0.00018619413384425004,0.00021216474399654887,,0,1.0,2.0
2024-01-18,30.190000534057617,30.260000228881836,30.149999618530273,30.15999984741211,9800,461.3909912109375,73.0,1.0,1.0,1.0,1.0,0.0001716949510145845,0.00019629556895709222,,0,1.0,3.0
2024-01-19,30.139999389648438,30.170000076293945,30.010000228881836,30.020000457763672,13800,467.1427917480469,72.0,1.0,1.0,1.0,1.0,0.00014221965656295495,0.00019489445960868792,,0,1.0,4.0
2024-01-22,30.079999923706055,30.110000610351562,30.010000228881836,30.100000381469727,21000,468.13055419921875,71.0,1.0,1.0,1.0,1.0,0.000103874752565031,0.00017156560423740394,,0,1.0,5.0
2024-01-23,30.209999084472656,30.420000076293945,30.209999084472656,30.299999237060547,20400,469.4958190917969,71.0,1.0,1.0,1.0,1.0,0.00011078807414729567,0.00017843980031941433,,0,1.0,6.0
2024-01-24,29.8700008392334,30.139999389648438,29.81999969482422,30.139999389648438,17100,470.009033203125,70.0,1.0,1.0,1.0,1.0,9.820183468924596e-05,0.00018619413384425004,,1,1.0,7.0
2024-01-25,30.18000030517578,30.440000534057617,30.18000030517578,30.3700008392334,19000,472.56536865234375,70.0,1.0,1.0,1.0,1.0,0.00010713204514900669,0.0001716949510145845,,0,1.0,8.0
2024-01-26,30.25,30.299999237060547,30.209999084472656,30.299999237060547,14000,471.96502685546875,69.0,1.0,1.0,1.0,1.0,0.00011193770638125546,0.00014221965656295495,,0,1.0,9.0
2024-01-29,30.520000457763672,30.600000381469727,30.3700008392334,30.399999618530273,29000,475.70269775390625,68.0,1.0,1.0,1.0,1.0,0.0001653133308963051,0.000103874752565031,,0,1.0,10.0
2024-01-30,30.299999237060547,30.399999618530273,30.299999237060547,30.350000381469727,6100,475.33477783203125,67.0,1.0,1.0,1.0,1.0,0.00021214394965672016,0.00011078807414729567,,0,1.0,11.0
2024-01-31,30.200000762939453,30.579999923706055,30.1299991607666,30.56999969482422,9100,467.5785827636719,67.0,1.0,1.0,1.0,1.0,0.0002446787750356493,9.820183468924596e-05,,0,1.0,12.0
2024-02-01,30.540000915527344,30.549999237060547,30.200000762939453,30.229999542236328,41700,473.69830322265625,67.0,1.0,1.0,1.0,1.0,0.00023418967713701136,0.00010713204514900669,,0,1.0,13.0
2024-02-02,30.639999389648438,30.729999542236328,30.559999465942383,30.68000030517578,26800,478.68505859375,69.0,1.0,1.0,1.0,1.0,0.0002479933579313063,0.00011193770638125546,,0,1.0,14.0
2024-02-05,30.989999771118164,31.06999969482422,30.940000534057617,30.979999542236328,19000,476.9421081542969,70.0,1.0,1.0,1.0,1.0,0.0002641894120324354,0.0001653133308963051,,0,1.0,15.0
2024-02-06,31.010000228881836,31.040000915527344,30.889999389648438,30.889999389648438,6200,478.32684326171875,69.0,1.0,1.0,1.0,1.0,0.0003100506985701365,0.00021214394965672016,,0,1.0,16.0
2024-02-07,30.770000457763672,30.8799991607666,30.770000457763672,30.81999969482422,7500,482.3162536621094,68.0,1.0,1.0,1.0,1.0,0.00031282946846318923,0.0002446787750356493,,1,1.0,17.0
2024-02-08,30.899999618530273,30.899999618530273,30.780000686645508,30.790000915527344,6500,482.5292663574219,67.0,1.0,1.0,1.0,1.0,0.00031994748432810914,0.00023418967713701136,,0,1.0,18.0
2024-02-09,30.770000457763672,30.780000686645508,30.719999313354492,30.760000228881836,16100,485.31805419921875,66.0,1.0,1.0,1.0,1.0,0.00033130627649791974,0.0002479933579313063,,0,1.0,19.0
2024-02-12,30.829999923706055,30.920000076293945,30.770000457763672,30.809999465942383,32600,485.1050109863281,65.0,1.0,1.0,1.0,1.0,0.0003505706427027015,0.0002641894120324354,,0,1.0,20.0
2024-02-13,31.1200008392334,31.219999313354492,31.1200008392334,31.190000534057617,39600,478.42364501953125,66.0,1.0,1.0,1.0,1.0,0.0003723861675159913,0.0003100506985701365,,0,1.0,21.0
2024-02-14,31.200000762939453,31.200000762939453,31.06999969482422,31.079999923706055,16800,482.7713623046875,65.0,1.0,1.0,1.0,1.0,0.0003522544091543128,0.00031282946846318923,,0,1.0,22.0
2024-02-15,30.799999237060547,30.920000076293945,30.770000457763672,30.81999969482422,15300,486.10235595703125,65.0,1.0,1.0,1.0,1.0,0.0003012168344178,0.00031994748432810914,,1,1.0,23.0
2024-02-16,30.950000762939453,30.959999084472656,30.75,30.829999923706055,16200,483.6816101074219,64.0,1.0,1.0,1.0,1.0,0.00024998825094068927,0.00033130627649791974,,0,1.0,24.0
2024-02-20,30.549999237060547,30.649999618530273,30.459999084472656,30.6299991607666,23300,481.01873779296875,64.0,1.0,1.0,1.0,1.0,0.00021051504629080969,0.0003505706427027015,,1,1.0,25.0
2024-02-21,30.65999984741211,30.670000076293945,30.56999969482422,30.610000610351562,17200,481.4544677734375,63.0,1.0,1.0,1.0,1.0,0.00021935771260522962,0.0003723861675159913,,0,1.0,26.0
2024-02-22,30.649999618530273,30.649999618530273,30.56999969482422,30.56999969482422,11400,491.41839599609375,62.0,1.0,1.0,1.0,1.0,0.00022370354168279322,0.0003522544091543128,,0,1.0,27.0
2024-02-23,30.510000228881836,30.6200008392334,30.5,30.59000015258789,8100,491.7572937011719,61.0,1.0,1.0,1.0,1.0,0.00023889142339725655,0.0003012168344178,,0,1.0,28.0
2024-02-26,30.420000076293945,30.5,30.40999984741211,30.440000534057617,7700,489.9562683105469,61.0,1.0,1.0,1.0,1.0,0.00020898982190312808,0.00024998825094068927,,0,1.0,29.0
2024-02-27,30.510000228881836,30.520000457763672,30.420000076293945,30.459999084472656,7100,490.866455078125,60.0,1.0,1.0,1.0,1.0,0.0001611177406057054,0.00021051504629080969,,0,1.0,30.0
2024-02-28,30.540000915527344,30.59000015258789,30.510000228881836,30.540000915527344,26900,490.2176513671875,59.0,1.0,1.0,1.0,1.0,0.00010593637185015471,0.00021935771260522962,,0,1.0,31.0
2024-02-29,30.510000228881836,30.75,30.459999084472656,30.700000762939453,11600,491.9800109863281,59.0,1.0,1.0,1.0,1.0,8.539473079507878e-05,0.00022370354168279322,,0,1.0,32.0
2024-03-01,30.719999313354492,30.719999313354492,30.5,30.540000915527344,86100,496.59881591796875,58.0,1.0,4.0,1.0,2.0,6.541372118370628e-05,0.00023889142339725655,,0,2.0,33.0
2024-03-04,30.469999313354492,30.469999313354492,30.389999389648438,30.450000762939453,25200,496.0662841796875,57.0,1.0,4.0,1.0,2.0,6.61225482900248e-05,0.00020898982190312808,,1,2.0,34.0
2024-03-05,30.510000228881836,30.510000228881836,30.360000610351562,30.450000762939453,10200,491.1084899902344,57.0,1.0,4.0,1.0,2.0,5.3513958530368285e-05,0.0001611177406057054,,0,2.0,35.0
2024-03-06,30.309999465942383,30.309999465942383,30.15999984741211,30.219999313354492,22800,493.5970764160156,57.0,1.0,4.0,1.0,2.0,3.118822480880778e-05,0.00010593637185015471,,1,2.0,36.0
2024-03-07,30.190000534057617,30.219999313354492,29.90999984741211,29.90999984741211,39800,498.4967041015625,58.0,1.0,4.0,1.0,2.0,-3.715551233439392e-05,8.539473079507878e-05,,0,2.0,37.0
2024-03-08,29.899999618530273,30.030000686645508,29.8700008392334,29.989999771118164,11800,495.504638671875,57.0,1.0,4.0,1.0,2.0,-9.981963177795078e-05,6.541372118370628e-05,,0,2.0,38.0
2024-03-11,30.059999465942383,30.1299991607666,30.059999465942383,30.09000015258789,8800,495.07861328125,56.0,1.0,4.0,1.0,2.0,-0.0001220262747655936,6.61225482900248e-05,,0,2.0,39.0
2024-03-12,30.15999984741211,30.15999984741211,30.100000381469727,30.110000610351562,4600,500.4043884277344,55.0,1.0,4.0,1.0,2.0,-0.00011022219525760992,5.3513958530368285e-05,,0,2.0,40.0
2024-03-13,30.030000686645508,30.040000915527344,29.940000534057617,29.950000762939453,9600,499.6199951171875,55.0,1.0,4.0,1.0,2.0,-0.00011132059942644435,3.118822480880778e-05,,1,2.0,41.0
2024-03-14,30.149999618530273,30.350000381469727,30.149999618530273,30.309999465942383,12300,498.6322937011719,57.0,1.0,4.0,1.0,2.0,-0.00010911754666138782,-3.715551233439392e-05,,0,2.0,42.0
2024-03-15,30.329999923706055,30.350000381469727,30.290000915527344,30.290000915527344,11900,495.20843505859375,56.0,1.0,4.0,1.0,2.0,-9.792874197641183e-05,-9.981963177795078e-05,,0,2.0,43.0
2024-03-18,30.34000015258789,30.43000030517578,30.31999969482422,30.43000030517578,42600,498.1514892578125,55.0,1.0,4.0,1.0,2.0,-9.199049988163446e-05,-0.0001220262747655936,,0,2.0,44.0
2024-03-19,30.559999465942383,30.559999465942383,30.450000762939453,30.459999084472656,13400,500.91986083984375,54.0,1.0,4.0,1.0,2.0,-0.00011998029278914163,-0.00011022219525760992,,0,2.0,45.0
2024-03-20,30.600000381469727,30.610000610351562,30.139999389648438,30.139999389648438,34000,505.5529479980469,56.0,1.0,4.0,1.0,2.0,-0.00018743588360907047,-0.00011132059942644435,,0,2.0,46.0
2024-03-21,30.389999389648438,30.530000686645508,30.389999389648438,30.5,14500,507.22369384765625,57.0,1.0,4.0,1.0,2.0,-0.00019113557692991667,-0.00010911754666138782,,0,2.0,47.0
2024-03-22,30.739999771118164,30.81999969482422,30.719999313354492,30.809999465942383,20500,506.2620849609375,58.0,1.0,4.0,1.0,2.0,-0.00015261509615976793,-9.792874197641183e-05,,0,2.0,48.0
2024-03-25,30.68000030517578,30.68000030517578,30.600000381469727,30.6200008392334,6600,504.86334228515625,58.0,1.0,1.0,1.0,1.0,-0.00011195378882312968,-9.199049988163446e-05,,1,1.0,49.0
2024-03-26,30.6200008392334,30.68000030517578,30.6200008392334,30.68000030517578,2300,503.9308166503906,57.0,1.0,1.0,1.0,1.0,-0.00011688194254553395,-0.00011998029278914163,,0,1.0,50.0
2024-03-27,30.780000686645508,30.780000686645508,30.719999313354492,30.719999313354492,3300,508.16583251953125,56.0,1.0,1.0,1.0,1.0,-0.00015128440217232245,-0.00018743588360907047,,0,1.0,51.0
2024-03-28,30.809999465942383,30.979999542236328,30.809999465942383,30.959999084472656,15200,508.0687561035156,56.0,1.0,1.0,1.0,1.0,-0.0001016738446823172,-0.00019113557692991667,,0,1.0,52.0
2024-04-01,30.979999542236328,31.280000686645508,30.979999542236328,31.239999771118164,34200,507.18475341796875,57.0,1.0,1.0,1.0,1.0,-3.7997839039894456e-05,-0.00015261509615976793,,0,1.0,53.0
2024-04-02,31.149999618530273,31.149999618530273,31.06999969482422,31.09000015258789,15000,503.9600524902344,56.0,1.0,1.0,1.0,1.0,1.2582960041244957e-05,-0.00011195378882312968,,0,1.0,54.0
2024-04-03,30.989999771118164,30.989999771118164,30.690000534057617,30.719999313354492,36300,504.513671875,58.0,1.0,1.0,1.0,1.0,-3.046581881936151e-06,-0.00011688194254553395,,1,1.0,55.0
2024-04-04,30.5,30.700000762939453,30.479999542236328,30.690000534057617,22300,498.35552978515625,57.0,1.0,1.0,1.0,1.0,-3.2121395936714465e-05,-0.00015128440217232245,,0,1.0,56.0
2024-04-05,30.690000534057617,30.719999313354492,30.690000534057617,30.700000762939453,5800,503.56182861328125,56.0,1.0,1.0,1.0,1.0,-6.014659548586737e-05,-0.0001016738446823172,,0,1.0,57.0
2024-04-08,30.690000534057617,30.690000534057617,30.56999969482422,30.579999923706055,14100,503.84344482421875,56.0,1.0,1.0,1.0,1.0,-8.989911444585399e-05,-3.7997839039894456e-05,,0,1.0,58.0
2024-04-09,30.459999084472656,30.649999618530273,30.459999084472656,30.610000610351562,24100,504.42626953125,55.0,1.0,1.0,1.0,1.0,-0.00010083694676143009,1.2582960041244957e-05,,0,1.0,59.0
2024-04-10,31.049999237060547,31.34000015258789,30.790000915527344,31.239999771118164,34700,499.3753967285156,61.0,1.0,1.0,1.0,1.0,-4.822000319438177e-05,-3.046581881936151e-06,,0,1.0,60.0
2024-04-11,31.190000534057617,31.510000228881836,31.190000534057617,31.360000610351562,44600,503.1441345214844,60.0,1.0,1.0,1.0,1.0,1.6414859650352482e-05,-3.2121395936714465e-05,,0,1.0,61.0
2024-04-12,31.8799991607666,31.950000762939453,31.809999465942383,31.920000076293945,86600,496.1991882324219,64.0,1.0,1.0,1.0,1.0,0.00010295859166931005,-6.014659548586737e-05,,0,1.0,62.0
2024-04-15,31.850000381469727,31.989999771118164,31.850000381469727,31.979999542236328,24100,489.98272705078125,63.0,1.0,1.0,1.0,1.0,0.00015166665569609804,-8.989911444585399e-05,,0,1.0,63.0
2024-04-16,31.940000534057617,32.130001068115234,31.899999618530273,32.029998779296875,30400,489.089111328125,62.0,1.0,1.0,1.0,1.0,0.00022512853491490363,-0.00010083694676143009,,0,1.0,64.0
2024-04-17,31.889999389648438,31.950000762939453,31.700000762939453,31.739999771118164,11500,486.1945495605469,62.0,1.0,1.0,1.0,1.0,0.00022400563215999383,-4.822000319438177e-05,,0,1.0,65.0
2024-04-18,31.790000915527344,31.959999084472656,31.790000915527344,31.889999389648438,28700,485.1941223144531,62.0,1.0,1.0,1.0,1.0,0.00022603692775467494,1.6414859650352482e-05,,0,1.0,66.0
2024-04-19,31.75,31.889999389648438,31.729999542236328,31.829999923706055,18000,480.9591369628906,61.0,1.0,1.0,1.0,1.0,0.00021291730156762346,0.00010295859166931005,,0,1.0,67.0
2024-04-22,32.0,32.0099983215332,31.81999969482422,31.860000610351562,20000,485.38836669921875,60.0,1.0,1.0,1.0,1.0,0.00023646340967955863,0.00015166665569609804,,0,1.0,68.0
2024-04-23,31.790000915527344,31.809999465942383,31.520000457763672,31.549999237060547,75800,491.1482849121094,61.0,1.0,1.0,1.0,1.0,0.00022663175768727756,0.00022512853491490363,,1,1.0,69.0
2024-04-24,31.579999923706055,31.670000076293945,31.540000915527344,31.56999969482422,28600,490.9151916503906,60.0,1.0,1.0,1.0,1.0,0.00020593793381198594,0.00022400563215999383,,0,1.0,70.0
2024-04-25,31.6299991607666,31.649999618530273,31.3700008392334,31.40999984741211,44300,489.05023193359375,59.0,1.0,1.0,1.0,1.0,0.00017679753843596134,0.00022603692775467494,,0,1.0,71.0
2024-04-26,31.5,31.739999771118164,31.489999771118164,31.59000015258789,10700,493.6834716796875,59.0,1.0,1.0,1.0,1.0,0.00017411076777309545,0.00021291730156762346,,0,1.0,72.0
2024-04-29,31.6200008392334,31.649999618530273,31.43000030517578,31.469999313354492,21500,495.4318542480469,58.0,1.0,1.0,1.0,1.0,0.00018971745115201467,0.00023646340967955863,,0,1.0,73.0
2024-04-30,31.56999969482422,31.75,31.540000915527344,31.739999771118164,16000,487.5835876464844,59.0,1.0,1.0,1.0,1.0,0.00022546049705897146,0.00022663175768727756,,0,1.0,74.0
2024-05-01,31.729999542236328,31.760000228881836,31.420000076293945,31.68000030517578,17600,486.0003356933594,58.0,1.0,1.0,1.0,1.0,0.00024369329934551508,0.00020593793381198594,,0,1.0,75.0
2024-05-02,31.709999084472656,31.75,31.43000030517578,31.450000762939453,8000,490.54608154296875,58.0,1.0,1.0,1.0,1.0,0.0002462991933965066,0.00017679753843596134,,0,1.0,76.0
2024-05-03,31.1200008392334,31.260000228881836,31.1200008392334,31.260000228881836,19400,496.6266174316406,57.0,1.0,4.0,1.0,2.0,0.00019765881713939,0.00017411076777309545,,1,2.0,77.0
2024-05-06,31.139999389648438,31.260000228881836,31.1200008392334,31.260000228881836,39500,501.755126953125,57.0,1.0,4.0,1.0,2.0,0.00015064468097705078,0.00018971745115201467,,0,2.0,78.0
2024-05-07,31.170000076293945,31.350000381469727,31.149999618530273,31.290000915527344,47500,502.30877685546875,56.0,1.0,4.0,1.0,2.0,0.00012175484227991949,0.00022546049705897146,,0,2.0,79.0
2024-05-08,31.34000015258789,31.399999618530273,31.309999465942383,31.360000610351562,23900,502.3573913574219,55.0,1.0,4.0,1.0,2.0,0.00017255105578547125,0.00024369329934551508,,0,2.0,80.0
2024-05-09,31.290000915527344,31.290000915527344,31.149999618530273,31.149999618530273,40100,505.2518310546875,55.0,1.0,4.0,1.0,2.0,0.0002055938849917008,0.0002462991933965066,,1,2.0,81.0
2024-05-10,31.190000534057617,31.25,31.18000030517578,31.219999313354492,12500,505.9026794433594,54.0,1.0,4.0,1.0,2.0,0.0002172919626138455,0.00019765881713939,,0,2.0,82.0
2024-05-13,31.049999237060547,31.149999618530273,31.049999237060547,31.149999618530273,2400,505.9706726074219,54.0,1.0,4.0,1.0,2.0,0.0001821193085995322,0.00015064468097705078,,1,2.0,83.0
2024-05-14,30.979999542236328,31.020000457763672,30.959999084472656,30.969999313354492,7300,508.2921142578125,53.0,1.0,4.0,1.0,2.0,0.00017451995887562727,0.00012175484227991949,,1,2.0,84.0
2024-05-15,30.799999237060547,30.889999389648438,30.6299991607666,30.6299991607666,28800,514.5863647460938,55.0,1.0,4.0,1.0,2.0,0.00014912375627596747,0.00017255105578547125,,1,2.0,85.0
2024-05-16,30.739999771118164,30.739999771118164,30.68000030517578,30.719999313354492,4900,513.527587890625,54.0,1.0,4.0,1.0,2.0,0.00013078391321135968,0.0002055938849917008,,0,2.0,86.0
2024-05-17,30.81999969482422,30.829999923706055,30.670000076293945,30.690000534057617,21600,514.2656860351562,53.0,1.0,4.0,1.0,2.0,0.00012114149721631261,0.0002172919626138455,,0,2.0,87.0
2024-05-20,30.739999771118164,30.780000686645508,30.719999313354492,30.780000686645508,7100,514.858154296875,53.0,1.0,4.0,1.0,2.0,0.00014916854707185782,0.0001821193085995322,,0,2.0,88.0
2024-05-21,30.780000686645508,30.84000015258789,30.780000686645508,30.799999237060547,6500,516.1209716796875,52.0,1.0,4.0,1.0,2.0,0.00018399377505940728,0.00017451995887562727,,0,2.0,89.0
2024-05-22,30.90999984741211,31.020000457763672,30.8799991607666,30.989999771118164,15200,514.6348876953125,52.0,1.0,4.0,1.0,2.0,0.00019407445825176802,0.00014912375627596747,,0,2.0,90.0
2024-05-23,30.809999465942383,31.100000381469727,30.809999465942383,31.100000381469727,25300,510.8758850097656,51.0,1.0,4.0,1.0,2.0,0.000172961558962864,0.00013078391321135968,,0,2.0,91.0
2024-05-24,30.84000015258789,30.8799991607666,30.829999923706055,30.860000610351562,10700,514.256103515625,52.0,1.0,4.0,1.0,2.0,9.985681327303002e-05,0.00012114149721631261,,0,2.0,92.0
2024-05-28,30.739999771118164,30.84000015258789,30.709999084472656,30.790000915527344,17500,514.6154174804688,51.0,1.0,4.0,1.0,2.0,2.030975841393052e-05,0.00014916854707185782,,0,2.0,93.0
2024-05-29,30.959999084472656,31.15999984741211,30.90999984741211,31.15999984741211,15000,511.0118713378906,53.0,1.0,4.0,1.0,2.0,-2.2196696328352366e-05,0.00018399377505940728,,0,2.0,94.0
2024-05-30,30.979999542236328,31.010000228881836,30.90999984741211,31.010000228881836,10700,507.6219177246094,52.0,1.0,4.0,1.0,2.0,-3.075131670750974e-05,0.00019407445825176802,,0,2.0,95.0
2024-05-31,30.780000686645508,30.920000076293945,30.729999542236328,30.84000015258789,9200,512.2454223632812,52.0,1.0,4.0,1.0,2.0,-2.9748247865862435e-05,0.000172961558962864,,0,2.0,96.0
2024-06-03,30.860000610351562,30.8799991607666,30.600000381469727,30.6200008392334,25300,512.6630859375,52.0,1.0,4.0,1.0,2.0,-7.279217945082869e-05,9.985681327303002e-05,,0,2.0,97.0
2024-06-04,30.809999465942383,30.809999465942383,30.709999084472656,30.709999084472656,18400,513.2361450195312,52.0,1.0,4.0,1.0,2.0,-0.00010078303852891438,2.030975841393052e-05,,0,2.0,98.0
2024-06-05,30.670000076293945,30.829999923706055,30.670000076293945,30.75,7800,519.3360595703125,51.0,1.0,4.0,1.0,2.0,-9.70987861684352e-05,-2.2196696328352366e-05,,0,2.0,99.0
2024-06-06,30.719999313354492,30.760000228881836,30.649999618530273,30.670000076293945,15200,519.3262939453125,50.0,1.0,4.0,1.0,2.0,-5.593957346973515e-05,-3.075131670750974e-05,,0,2.0,100.0
2024-06-07,31.030000686645508,31.219999313354492,31.030000686645508,31.219999313354492,40400,518.6949462890625,55.0,1.0,1.0,1.0,1.0,5.170313173006782e-05,-2.9748247865862435e-05,,0,1.0,101.0
2024-06-10,31.56999969482422,31.579999923706055,31.40999984741211,31.440000534057617,28200,520.297607421875,55.0,1.0,1.0,1.0,1.0,0.0001273777158332999,-7.279217945082869e-05,,0,1.0,102.0
2024-06-11,31.6299991607666,31.690000534057617,31.520000457763672,31.549999237060547,7900,521.5505981445312,54.0,1.0,1.0,1.0,1.0,0.00020720827686553862,-0.00010078303852891438,,0,1.0,103.0
2024-06-12,30.989999771118164,31.200000762939453,30.93000030517578,31.15999984741211,40900,525.834228515625,56.0,1.0,1.0,1.0,1.0,0.00018732244506865594,-9.70987861684352e-05,,1,1.0,104.0
2024-06-13,31.190000534057617,31.59000015258789,31.190000534057617,31.56999969482422,8100,526.8929443359375,58.0,1.0,1.0,1.0,1.0,0.00019943356421899057,-5.593957346973515e-05,,0,1.0,105.0
2024-06-14,32.0,32.0099983215332,31.790000915527344,31.790000915527344,45300,527.2135009765625,58.0,1.0,1.0,1.0,1.0,0.00023236884375710435,5.170313173006782e-05,,0,1.0,106.0
2024-06-17,31.760000228881836,31.770000457763672,31.6299991607666,31.639999389648438,14800,531.4094848632812,58.0,1.0,1.0,1.0,1.0,0.0002888288044149141,0.0001273777158332999,,1,1.0,107.0
2024-06-18,31.6299991607666,31.6299991607666,31.56999969482422,31.59000015258789,16900,532.7596435546875,57.0,1.0,1.0,1.0,1.0,0.0003290086296212447,0.00020720827686553862,,0,1.0,108.0
2024-06-20,31.739999771118164,31.81999969482422,31.68000030517578,31.809999465942383,6400,531.3124389648438,57.0,1.0,1.0,1.0,1.0,0.0003598363883684226,0.00018732244506865594,,0,1.0,109.0
2024-06-21,31.899999618530273,31.959999084472656,31.8799991607666,31.90999984741211,10500,530.6001586914062,56.0,1.0,1.0,1.0,1.0,0.00038964674520501207,0.00019943356421899057,,0,1.0,110.0
2024-06-24,31.65999984741211,31.739999771118164,31.6200008392334,31.65999984741211,42100,528.8753051757812,56.0,1.0,1.0,1.0,1.0,0.0003993539258413048,0.00023236884375710435,,1,1.0,111.0
2024-06-25,31.809999465942383,31.889999389648438,31.780000686645508,31.780000686645508,10600,530.9119262695312,56.0,1.0,1.0,1.0,1.0,0.00036226937739389356,0.0002888288044149141,,0,1.0,112.0
2024-06-26,32.040000915527344,32.08000183105469,31.93000030517578,32.0,16400,531.5745849609375,56.0,1.0,1.0,1.0,1.0,0.00034379381819635177,0.0003290086296212447,,0,1.0,113.0
2024-06-27,31.770000457763672,31.8799991607666,31.770000457763672,31.8799991607666,6700,532.4126586914062,55.0,1.0,1.0,1.0,1.0,0.0003473651475295421,0.0003598363883684226,,1,1.0,114.0
2024-06-28,31.940000534057617,31.940000534057617,31.780000686645508,31.829999923706055,12500,530.3175048828125,54.0,1.0,1.0,1.0,1.0,0.00037850460023068156,0.00038964674520501207,,0,1.0,115.0
2024-07-01,31.540000915527344,31.780000686645508,31.530000686645508,31.649999618530273,13400,531.4088745117188,54.0,1.0,1.0,1.0,1.0,0.00038000881213652186,0.0003993539258413048,,0,1.0,116.0
2024-07-02,31.690000534057617,31.739999771118164,31.639999389648438,31.639999389648438,6300,534.9851684570312,53.0,1.0,1.0,1.0,1.0,0.00037203318815475607,0.00036226937739389356,,0,1.0,117.0
2024-07-03,31.40999984741211,31.43000030517578,31.229999542236328,31.360000610351562,58500,537.37255859375,54.0,1.0,1.0,1.0,1.0,0.0003329820133841391,0.00034379381819635177,,1,1.0,118.0
2024-07-05,31.209999084472656,31.25,31.100000381469727,31.100000381469727,15100,540.4713134765625,54.0,1.0,4.0,1.0,2.0,0.0002878976157526662,0.0003473651475295421,,0,2.0,119.0
2024-07-08,31.1200008392334,31.209999084472656,31.100000381469727,31.209999084472656,18300,541.094970703125,54.0,1.0,4.0,1.0,2.0,0.00024256360416286763,0.00037850460023068156,,0,2.0,120.0
2024-07-09,31.270000457763672,31.31999969482422,31.219999313354492,31.280000686645508,23600,541.6211547851562,53.0,1.0,4.0,1.0,2.0,0.00020081098386586795,0.00038000881213652186,,0,2.0,121.0
2024-07-10,31.260000228881836,31.260000228881836,31.209999084472656,31.209999084472656,9600,546.980712890625,52.0,1.0,4.0,1.0,2.0,0.0001893246640205276,0.00037203318815475607,,0,2.0,122.0
2024-07-11,30.850000381469727,31.0,30.829999923706055,30.979999542236328,31200,542.2643432617188,52.0,1.0,4.0,1.0,2.0,0.00016276378961993475,0.0003329820133841391,,1,2.0,123.0
2024-07-12,30.790000915527344,30.81999969482422,30.719999313354492,30.739999771118164,16500,545.6846923828125,53.0,1.0,4.0,1.0,2.0,0.00012337535086474587,0.0002878976157526662,,1,2.0,124.0
2024-07-15,30.670000076293945,30.84000015258789,30.670000076293945,30.790000915527344,8000,547.185302734375,52.0,1.0,4.0,1.0,2.0,8.147435950638722e-05,0.00024256360416286763,,0,2.0,125.0
2024-07-16,30.889999389648438,30.920000076293945,30.790000915527344,30.790000915527344,8900,550.43017578125,51.0,1.0,4.0,1.0,2.0,5.826155690783499e-05,0.00020081098386586795,,0,2.0,126.0
2024-07-17,30.56999969482422,30.670000076293945,30.559999465942383,30.600000381469727,11300,542.7125854492188,51.0,1.0,4.0,1.0,2.0,6.558789263775675e-05,0.0001893246640205276,,1,2.0,127.0
2024-07-18,30.760000228881836,30.850000381469727,30.75,30.81999969482422,17800,538.5419311523438,51.0,1.0,4.0,1.0,2.0,7.13776320662366e-05,0.00016276378961993475,,0,2.0,128.0
2024-07-19,30.899999618530273,30.959999084472656,30.889999389648438,30.93000030517578,6400,534.9656372070312,51.0,1.0,4.0,1.0,2.0,8.639486892421605e-05,0.00012337535086474587,,0,2.0,129.0
2024-07-22,30.93000030517578,30.969999313354492,30.899999618530273,30.899999618530273,5000,540.4811401367188,50.0,1.0,4.0,1.0,2.0,9.777750628338912e-05,8.147435950638722e-05,,0,2.0,130.0
2024-07-23,31.079999923706055,31.139999389648438,31.079999923706055,31.110000610351562,3100,539.63330078125,50.0,1.0,4.0,1.0,2.0,0.00010040746288982574,5.826155690783499e-05,,0,2.0,131.0
2024-07-24,31.020000457763672,31.219999313354492,31.020000457763672,31.15999984741211,16100,527.4038696289062,50.0,1.0,4.0,1.0,2.0,7.876990500365737e-05,6.558789263775675e-05,,0,2.0,132.0
2024-07-25,31.25,31.25,31.059999465942383,31.149999618530273,14000,524.6558837890625,49.0,1.0,4.0,1.0,2.0,6.951302286752811e-05,7.13776320662366e-05,,0,2.0,133.0
2024-07-26,31.040000915527344,31.1299991607666,31.040000915527344,31.110000610351562,2400,530.531982421875,48.0,1.0,4.0,1.0,2.0,5.818610494421277e-05,8.639486892421605e-05,,0,2.0,134.0
2024-07-29,31.350000381469727,31.43000030517578,31.31999969482422,31.34000015258789,5700,530.84375,48.0,1.0,1.0,1.0,1.0,5.055551037427529e-05,9.777750628338912e-05,,0,1.0,135.0
2024-07-30,31.3799991607666,31.479999542236328,31.3799991607666,31.43000030517578,4300,528.1542358398438,48.0,1.0,1.0,1.0,1.0,3.609605409552154e-05,0.00010040746288982574,,0,1.0,136.0
2024-07-31,31.270000457763672,31.440000534057617,31.219999313354492,31.299999237060547,32600,536.7391967773438,48.0,1.0,1.0,1.0,1.0,2.4681002038353904e-05,7.876990500365737e-05,,0,1.0,137.0
2024-08-01,31.489999771118164,31.559999465942383,31.450000762939453,31.530000686645508,17200,529.1383666992188,48.0,1.0,1.0,1.0,1.0,4.799856564479877e-05,6.951302286752811e-05,,0,1.0,138.0
2024-08-02,30.989999771118164,30.989999771118164,30.790000915527344,30.799999237060547,7300,519.2866821289062,57.0,1.0,1.0,1.0,1.0,3.229724664694111e-06,5.818610494421277e-05,,1,1.0,139.0
2024-08-05,30.31999969482422,30.639999389648438,30.31999969482422,30.6299991607666,61400,504.1631774902344,57.0,1.0,4.0,1.0,2.0,-5.632221305176125e-05,5.055551037427529e-05,,1,2.0,140.0
2024-08-06,30.850000381469727,30.850000381469727,30.760000228881836,30.760000228881836,11100,508.8114013671875,56.0,1.0,4.0,1.0,2.0,-0.00013636417494668727,3.609605409552154e-05,,0,2.0,141.0
2024-08-07,30.809999465942383,30.850000381469727,30.760000228881836,30.81999969482422,7300,505.4104309082031,55.0,1.0,4.0,1.0,2.0,-0.00014778794889967696,2.4681002038353904e-05,,0,2.0,142.0
2024-08-08,31.299999237060547,31.299999237060547,30.790000915527344,30.809999465942383,6200,517.09423828125,54.0,1.0,4.0,1.0,2.0,-0.0001403230696070076,4.799856564479877e-05,,0,2.0,143.0
2024-08-09,30.81999969482422,30.84000015258789,30.780000686645508,30.799999237060547,15300,519.3744506835938,54.0,1.0,4.0,1.0,2.0,-0.00013257994501499106,3.229724664694111e-06,,0,2.0,144.0
2024-08-12,30.84000015258789,30.84000015258789,30.770000457763672,30.770000457763672,1900,519.647216796875,53.0,1.0,4.0,1.0,2.0,-0.00012107846899569258,-5.632221305176125e-05,,0,2.0,145.0
2024-08-13,30.610000610351562,30.65999984741211,30.40999984741211,30.420000076293945,11300,528.1932373046875,54.0,1.0,4.0,1.0,2.0,-0.00013036184141057393,-0.00013636417494668727,,1,2.0,146.0
2024-08-14,30.31999969482422,30.31999969482422,30.15999984741211,30.290000915527344,12000,529.8594970703125,54.0,1.0,4.0,1.0,2.0,-0.00015092502846672618,-0.00014778794889967696,,1,2.0,147.0
2024-08-15,30.639999389648438,30.639999389648438,30.479999542236328,30.540000915527344,5100,538.94140625,54.0,1.0,4.0,1.0,2.0,-0.00015006571206575167,-0.0001403230696070076,,0,2.0,148.0
2024-08-16,30.389999389648438,30.489999771118164,30.280000686645508,30.280000686645508,11100,540.1497192382812,55.0,1.0,4.0,1.0,2.0,-0.00013373612254125652,-0.00013257994501499106,,0,2.0,149.0
2024-08-19,30.200000762939453,30.260000228881836,29.959999084472656,29.959999084472656,10700,545.3143920898438,56.0,1.0,4.0,1.0,2.0,-0.00013739874873563762,-0.00012107846899569258,,1,2.0,150.0
2024-08-20,29.850000381469727,29.90999984741211,29.729999542236328,29.75,9800,544.4275512695312,56.0,4.0,4.0,1.0,8.0,-0.00019124532136010329,-0.00013036184141057393,,1,2.0,151.0
2024-08-21,29.760000228881836,29.850000381469727,29.489999771118164,29.600000381469727,9600,546.2985229492188,55.0,4.0,4.0,1.0,8.0,-0.0002568188182033312,-0.00015092502846672618,,0,2.0,152.0
2024-08-22,29.649999618530273,29.899999618530273,29.649999618530273,29.860000610351562,11000,542.0108032226562,56.0,4.0,4.0,1.0,8.0,-0.00025776484614475616,-0.00015006571206575167,,0,2.0,153.0
2024-08-23,29.84000015258789,29.860000610351562,29.3700008392334,29.399999618530273,9200,547.7699584960938,59.0,4.0,4.0,1.0,8.0,-0.0002560923742369824,-0.00013373612254125652,,0,2.0,154.0
2024-08-26,29.540000915527344,29.610000610351562,29.510000228881836,29.579999923706055,7500,546.4641723632812,59.0,4.0,4.0,1.0,8.0,-0.00022764453088055657,-0.00013739874873563762,,0,2.0,155.0
2024-08-27,29.610000610351562,29.6200008392334,29.440000534057617,29.459999084472656,12800,547.214599609375,58.0,4.0,4.0,1.0,8.0,-0.00023623883367182366,-0.00019124532136010329,,0,2.0,156.0
2024-08-28,29.84000015258789,29.8700008392334,29.760000228881836,29.8700008392334,9800,544.037841796875,60.0,4.0,4.0,1.0,8.0,-0.00017508882113366635,-0.0002568188182033312,,0,2.0,157.0
2024-08-29,29.979999542236328,30.1299991607666,29.979999542236328,30.09000015258789,4400,544.0864868164062,60.0,4.0,4.0,1.0,8.0,-0.00011962293817219533,-0.00025776484614475616,,0,2.0,158.0
2024-08-30,30.1200008392334,30.219999313354492,30.100000381469727,30.190000534057617,10200,549.2802734375,59.0,4.0,4.0,1.0,8.0,-6.541065196281892e-05,-0.0002560923742369824,,0,2.0,159.0
2024-09-03,30.18000030517578,30.299999237060547,30.1200008392334,30.25,22300,537.9767456054688,59.0,4.0,4.0,1.0,8.0,-5.7245231847377795e-05,-0.00022764453088055657,,0,2.0,160.0
2024-09-04,30.149999618530273,30.200000762939453,30.0,30.040000915527344,9100,536.8756103515625,59.0,4.0,4.0,1.0,8.0,-7.122673718483245e-05,-0.00023623883367182366,,0,2.0,161.0
2024-09-05,29.950000762939453,30.06999969482422,29.8799991607666,29.93000030517578,10800,535.56982421875,58.0,4.0,4.0,1.0,8.0,-0.00010784585338758077,-0.00017508882113366635,,0,2.0,162.0
2024-09-06,30.100000381469727,30.110000610351562,29.790000915527344,30.020000457763672,6300,526.5560913085938,57.0,4.0,4.0,1.0,8.0,-0.00014250665316653367,-0.00011962293817219533,,0,2.0,163.0
2024-09-09,30.209999084472656,30.309999465942383,30.209999084472656,30.299999237060547,6800,532.4515380859375,58.0,4.0,1.0,1.0,7.0,-0.0001422665287862763,-6.541065196281892e-05,,0,2.0,164.0
2024-09-10,30.40999984741211,30.40999984741211,30.360000610351562,30.3700008392334,4200,534.770751953125,57.0,4.0,1.0,1.0,7.0,-0.0001225050956528338,-5.7245231847377795e-05,,0,2.0,165.0
2024-09-11,30.489999771118164,30.489999771118164,30.3700008392334,30.420000076293945,3800,540.2568359375,56.0,4.0,1.0,1.0,7.0,-9.673734107590011e-05,-7.122673718483245e-05,,0,2.0,166.0
2024-09-12,30.329999923706055,30.329999923706055,30.149999618530273,30.149999618530273,3100,544.8076782226562,57.0,4.0,1.0,1.0,7.0,-0.0001186679235022227,-0.00010784585338758077,,1,2.0,167.0
2024-09-13,30.040000915527344,30.139999389648438,30.040000915527344,30.110000610351562,12200,547.6531372070312,56.0,4.0,1.0,1.0,7.0,-0.00016006707752927866,-0.00014250665316653367,,1,2.0,168.0
2024-09-16,29.829999923706055,29.940000534057617,29.829999923706055,29.8700008392334,7700,548.4617919921875,56.0,4.0,1.0,1.0,7.0,-0.0001985447840023147,-0.0001422665287862763,,1,2.0,169.0
2024-09-17,29.950000762939453,29.969999313354492,29.899999618530273,29.920000076293945,15400,548.6859741210938,55.0,4.0,1.0,1.0,7.0,-0.00020008464566171813,-0.0001225050956528338,,0,2.0,170.0
2024-09-18,29.799999237060547,30.049999237060547,29.549999237060547,30.0,27800,547.0586547851562,55.0,4.0,1.0,1.0,7.0,-0.00017809085004874843,-9.673734107590011e-05,,0,2.0,171.0
2024-09-19,29.950000762939453,29.979999542236328,29.690000534057617,29.690000534057617,17900,556.3939208984375,56.0,4.0,1.0,1.0,7.0,-0.00020613933393153397,-0.0001186679235022227,,0,2.0,172.0
2024-09-20,29.729999542236328,29.829999923706055,29.639999389648438,29.709999084472656,13400,555.4320678710938,55.0,4.0,1.0,1.0,7.0,-0.0002514926595300589,-0.00016006707752927866,,0,2.0,173.0
2024-09-23,29.899999618530273,29.969999313354492,29.860000610351562,29.959999084472656,4300,556.820068359375,55.0,4.0,1.0,1.0,7.0,-0.0002701920089313254,-0.0001985447840023147,,0,2.0,174.0
2024-09-24,29.84000015258789,29.84000015258789,29.639999389648438,29.639999389648438,8900,558.4132690429688,56.0,4.0,4.0,1.0,8.0,-0.00026221708519162337,-0.00020008464566171813,,1,2.0,175.0
2024-09-25,29.530000686645508,29.940000534057617,29.489999771118164,29.93000030517578,6700,557.1817626953125,57.0,4.0,4.0,1.0,8.0,-0.00020675439367094054,-0.00017809085004874843,,0,2.0,176.0
2024-09-26,29.770000457763672,29.940000534057617,29.649999618530273,29.670000076293945,17700,559.390869140625,57.0,4.0,4.0,1.0,8.0,-0.0001924736097585957,-0.00020613933393153397,,0,2.0,177.0
2024-09-27,29.649999618530273,29.84000015258789,29.649999618530273,29.75,9200,558.579345703125,57.0,4.0,4.0,1.0,8.0,-0.00016994529657199929,-0.0002514926595300589,,0,2.0,178.0
2024-09-30,29.68000030517578,30.010000228881836,29.68000030517578,29.920000076293945,13800,560.8177490234375,56.0,4.0,4.0,1.0,8.0,-0.00016407477024365632,-0.0002701920089313254,,0,2.0,179.0
2024-10-01,30.270000457763672,30.360000610351562,30.200000762939453,30.280000686645508,10500,555.793701171875,58.0,4.0,4.0,1.0,8.0,-0.00012463484627759877,-0.00026221708519162337,,0,2.0,180.0
2024-10-02,30.360000610351562,30.450000762939453,30.360000610351562,30.3799991607666,17100,556.0283203125,57.0,4.0,4.0,1.0,8.0,-7.383183448606763e-05,-0.00020675439367094054,,0,2.0,181.0
2024-10-03,30.399999618530273,30.600000381469727,30.399999618530273,30.489999771118164,7300,555.01171875,57.0,4.0,4.0,1.0,8.0,-4.869669428900447e-05,-0.0001924736097585957,,0,2.0,182.0
2024-10-04,30.829999923706055,30.90999984741211,30.780000686645508,30.780000686645508,12300,560.055419921875,57.0,4.0,1.0,1.0,7.0,-3.2692356537391067e-05,-0.00016994529657199929,,0,2.0,183.0
2024-10-07,30.799999237060547,30.829999923706055,30.780000686645508,30.829999923706055,3200,554.9921875,56.0,4.0,1.0,1.0,7.0,-6.560332827616045e-06,-0.00016407477024365632,,0,2.0,184.0
2024-10-08,30.790000915527344,30.850000381469727,30.760000228881836,30.790000915527344,11800,560.2412109375,56.0,4.0,1.0,1.0,7.0,2.3801033201738323e-05,-0.00012463484627759877,,0,2.0,185.0
2024-10-09,30.8799991607666,31.020000457763672,30.8799991607666,31.0,11700,564.12158203125,56.0,4.0,1.0,1.0,7.0,6.222889307154994e-05,-7.383183448606763e-05,,0,2.0,186.0
2024-10-10,31.010000228881836,31.190000534057617,31.010000228881836,31.040000915527344,9700,563.1343994140625,55.0,4.0,1.0,1.0,7.0,6.586763140860872e-05,-4.869669428900447e-05,,0,2.0,187.0
2024-10-11,31.010000228881836,31.030000686645508,30.950000762939453,31.030000686645508,4000,566.5064697265625,54.0,4.0,1.0,1.0,7.0,5.8835033594487186e-05,-3.2692356537391067e-05,,0,2.0,188.0
2024-10-14,31.200000762939453,31.25,31.15999984741211,31.18000030517578,10000,571.1396484375,54.0,4.0,1.0,1.0,7.0,5.4277373703843894e-05,-6.560332827616045e-06,,0,2.0,189.0
2024-10-15,31.149999618530273,31.31999969482422,31.149999618530273,31.280000686645508,3200,566.7020263671875,53.0,4.0,1.0,1.0,7.0,6.788011338432859e-05,2.3801033201738323e-05,,0,2.0,190.0
2024-10-16,31.299999237060547,31.549999237060547,31.280000686645508,31.530000686645508,26900,569.1652221679688,53.0,4.0,1.0,1.0,7.0,0.0001296047256581285,6.222889307154994e-05,,0,2.0,191.0
2024-10-17,31.809999465942383,32.0,31.68000030517578,32.0,51200,569.2139892578125,56.0,1.0,1.0,1.0,1.0,0.0002036731733434082,6.586763140860872e-05,,0,1.0,192.0
2024-10-18,31.59000015258789,31.6200008392334,31.5,31.549999237060547,19200,571.403564453125,59.0,1.0,1.0,1.0,1.0,0.00023363407775852798,5.8835033594487186e-05,,1,1.0,193.0
2024-10-21,31.540000915527344,31.850000381469727,31.540000915527344,31.84000015258789,11400,570.4651489257812,59.0,1.0,1.0,1.0,1.0,0.0002271345487444813,5.4277373703843894e-05,,0,1.0,194.0
2024-10-22,31.75,31.90999984741211,31.75,31.90999984741211,7200,570.162109375,58.0,1.0,1.0,1.0,1.0,0.0001943412196452822,6.788011338432859e-05,,0,1.0,195.0
2024-10-23,31.979999542236328,32.099998474121094,31.979999542236328,31.989999771118164,9200,564.952392578125,58.0,1.0,1.0,1.0,1.0,0.00021272558465355775,0.0001296047256581285,,0,1.0,196.0
2024-10-24,31.899999618530273,31.899999618530273,31.760000228881836,31.780000686645508,4300,566.1741943359375,57.0,1.0,1.0,1.0,1.0,0.0002348881076302395,0.0002036731733434082,,1,1.0,197.0
2024-10-25,31.760000228881836,31.959999084472656,31.739999771118164,31.959999084472656,6300,565.9786987304688,57.0,1.0,1.0,1.0,1.0,0.00026743265013968006,0.00023363407775852798,,0,1.0,198.0
2024-10-28,31.829999923706055,31.84000015258789,31.809999465942383,31.809999465942383,4500,567.7283935546875,57.0,1.0,1.0,1.0,1.0,0.00028522526048620927,0.0002271345487444813,,0,1.0,199.0
2024-10-29,32.0099983215332,32.02000045776367,31.84000015258789,31.84000015258789,3800,568.6470947265625,56.0,1.0,1.0,1.0,1.0,0.0002984036019083501,0.0001943412196452822,,0,1.0,200.0
2024-10-30,31.850000381469727,31.850000381469727,31.510000228881836,31.56999969482422,6300,566.9269409179688,56.0,1.0,1.0,1.0,1.0,0.000278068744686076,0.00021272558465355775,,0,1.0,201.0
2024-10-31,31.440000534057617,31.610000610351562,31.43000030517578,31.43000030517578,48600,555.8132934570312,56.0,1.0,1.0,1.0,1.0,0.00026043885367821426,0.0002348881076302395,,0,1.0,202.0
2024-11-01,31.450000762939453,31.739999771118164,31.450000762939453,31.709999084472656,55800,558.1591796875,56.0,1.0,1.0,1.0,1.0,0.00026811042865586954,0.00026743265013968006,,0,1.0,203.0
2024-11-04,31.3799991607666,31.5,31.309999465942383,31.489999771118164,20500,556.9569091796875,56.0,1.0,1.0,1.0,1.0,0.00027104510653025855,0.00028522526048620927,,0,1.0,204.0
2024-11-05,31.350000381469727,31.350000381469727,31.18000030517578,31.200000762939453,6700,563.6915283203125,57.0,1.0,1.0,1.0,1.0,0.0002767984137732961,0.0002984036019083501,,0,1.0,205.0
2024-11-06,32.43000030517578,32.5,32.20000076293945,32.29999923706055,15300,577.7080078125,73.0,1.0,1.0,1.0,1.0,0.0002928834193409176,0.000278068744686076,,0,1.0,206.0
2024-11-07,31.989999771118164,32.099998474121094,31.799999237060547,31.940000534057617,9000,582.1749267578125,74.0,1.0,1.0,1.0,1.0,0.00031797022415336394,0.00026043885367821426,,1,1.0,207.0
2024-11-08,32.16999816894531,32.5099983215332,32.16999816894531,32.439998626708984,15200,584.69677734375,76.0,1.0,1.0,4.0,5.0,0.0003604689665348283,0.00026811042865586954,,0,2.0,208.0
2024-11-11,32.77000045776367,32.93000030517578,32.77000045776367,32.79999923706055,10400,585.2538452148438,76.0,1.0,1.0,4.0,5.0,0.0003822514840165741,0.00027104510653025855,,0,2.0,209.0
2024-11-12,33.0,33.15999984741211,33.0,33.0099983215332,9400,583.4358520507812,75.0,1.0,1.0,1.0,1.0,0.00041387618445148656,0.0002767984137732961,,0,1.0,210.0
2024-11-13,33.060001373291016,33.41999816894531,33.060001373291016,33.38999938964844,25700,583.7192993164062,76.0,1.0,1.0,4.0,5.0,0.00043891120075100783,0.0002928834193409176,,0,2.0,211.0
2024-11-14,33.43000030517578,33.66999816894531,33.290000915527344,33.63999938964844,28400,579.9659423828125,75.0,1.0,1.0,1.0,1.0,0.00046967387865215856,0.00031797022415336394,,0,1.0,212.0
2024-11-15,33.58000183105469,33.66999816894531,33.470001220703125,33.650001525878906,24900,572.537353515625,74.0,1.0,1.0,1.0,1.0,0.000497939965271618,0.0003604689665348283,,0,1.0,213.0
2024-11-18,33.43000030517578,33.43000030517578,33.119998931884766,33.2400016784668,69700,574.8831787109375,75.0,1.0,1.0,1.0,1.0,0.0004748477176216611,0.0003822514840165741,,1,1.0,214.0
2024-11-19,33.2599983215332,33.36000061035156,33.18000030517578,33.189998626708984,5300,576.9846801757812,74.0,1.0,1.0,1.0,1.0,0.0004357295741734937,0.00041387618445148656,,0,1.0,215.0
2024-11-20,33.540000915527344,33.72999954223633,33.529998779296875,33.58000183105469,7200,577.1802978515625,75.0,1.0,1.0,1.0,1.0,0.00042156417108468914,0.00043891120075100783,,0,1.0,216.0
2024-11-21,33.630001068115234,34.04999923706055,33.54999923706055,34.02000045776367,33400,580.2786865234375,76.0,1.0,1.0,4.0,5.0,0.0004713781404192222,0.00046967387865215856,,0,2.0,217.0
2024-11-22,34.36000061035156,34.52000045776367,34.349998474121094,34.459999084472656,44100,582.0772094726562,76.0,1.0,1.0,4.0,5.0,0.0005395703678132192,0.000497939965271618,,0,2.0,218.0
2024-11-25,33.7400016784668,34.060001373291016,33.68000030517578,33.869998931884766,33500,584.0516967773438,79.0,1.0,1.0,4.0,5.0,0.0005430162568548294,0.0004748477176216611,,1,2.0,219.0
2024-11-26,33.79999923706055,34.09000015258789,33.79999923706055,34.0,15600,587.1011962890625,78.0,1.0,1.0,4.0,5.0,0.000527902456197009,0.0004357295741734937,,0,2.0,220.0
2024-11-27,33.529998779296875,33.66999816894531,33.310001373291016,33.40999984741211,19300,585.322265625,80.0,1.0,1.0,4.0,5.0,0.0004333199273560699,0.00042156417108468914,,1,2.0,221.0
2024-11-29,33.54999923706055,33.56999969482422,33.43000030517578,33.470001220703125,9600,588.9584350585938,79.0,1.0,1.0,4.0,5.0,0.00037035747366121006,0.0004713781404192222,,0,2.0,222.0
2024-12-02,33.959999084472656,34.13999938964844,33.810001373291016,33.970001220703125,93000,590.0140380859375,81.0,1.0,1.0,4.0,5.0,0.00033209817176619514,0.0005395703678132192,,0,2.0,223.0
2024-12-03,33.7599983215332,33.90999984741211,33.689998626708984,33.88999938964844,20200,590.2877197265625,79.0,1.0,1.0,4.0,5.0,0.0003512161032994277,0.0005430162568548294,,0,2.0,224.0
2024-12-04,33.939998626708984,33.970001220703125,33.650001525878906,33.7599983215332,8900,593.953125,78.0,1.0,1.0,4.0,5.0,0.0003659099792253995,0.000527902456197009,,0,2.0,225.0
2024-12-05,33.5099983215332,33.529998779296875,33.290000915527344,33.31999969482422,38100,592.9756469726562,79.0,1.0,1.0,4.0,5.0,0.00031504158164174747,0.0004333199273560699,,1,2.0,226.0
2024-12-06,33.38999938964844,33.54999923706055,33.310001373291016,33.459999084472656,10000,594.0996704101562,78.0,1.0,1.0,4.0,5.0,0.0002827967528473713,0.00037035747366121006,,0,2.0,227.0
2024-12-09,33.40999984741211,33.54999923706055,33.279998779296875,33.529998779296875,20000,591.0403442382812,77.0,1.0,1.0,4.0,5.0,0.0002706556954949723,0.00033209817176619514,,0,2.0,228.0
2024-12-10,33.650001525878906,33.86000061035156,33.650001525878906,33.720001220703125,27900,589.20263671875,77.0,1.0,1.0,4.0,5.0,0.0003001789509964341,0.0003512161032994277,,0,2.0,229.0
2024-12-11,33.88999938964844,33.9900016784668,33.81999969482422,33.95000076293945,8400,593.7576293945312,76.0,1.0,1.0,4.0,5.0,0.00032122542941526226,0.0003659099792253995,,0,2.0,230.0
2024-12-12,34.0,34.130001068115234,33.790000915527344,34.08000183105469,15500,590.6983032226562,75.0,1.0,1.0,1.0,1.0,0.000364235263108235,0.00031504158164174747,,0,1.0,231.0
2024-12-13,33.9900016784668,33.9900016784668,33.88999938964844,33.90999984741211,6400,590.5809326171875,74.0,1.0,1.0,1.0,1.0,0.00039238813993383565,0.0002827967528473713,,0,1.0,232.0
2024-12-16,33.93000030517578,34.040000915527344,33.849998474121094,33.91999816894531,30700,593.102783203125,73.0,1.0,1.0,1.0,1.0,0.00039756220952726426,0.0002706556954949723,,0,1.0,233.0
2024-12-17,33.900001525878906,34.040000915527344,33.86000061035156,34.040000915527344,5300,590.6591186523438,72.0,1.0,1.0,1.0,1.0,0.0003975550702901478,0.0003001789509964341,,0,1.0,234.0
2024-12-18,34.06999969482422,34.880001068115234,33.97999954223633,34.849998474121094,21600,573.055419921875,78.0,1.0,1.0,4.0,5.0,0.00044794136270662915,0.00032122542941526226,,0,2.0,235.0
2024-12-19,34.650001525878906,34.849998474121094,34.59000015258789,34.720001220703125,80700,572.87939453125,77.0,1.0,1.0,4.0,5.0,0.0004764366139858287,0.000364235263108235,,0,2.0,236.0
2024-12-20,34.56999969482422,34.65999984741211,34.310001373291016,34.45000076293945,81400,579.76025390625,77.0,1.0,1.0,4.0,5.0,0.00048346712875716884,0.00039238813993383565,,0,2.0,237.0
2024-12-23,34.650001525878906,34.689998626708984,34.52000045776367,34.61000061035156,29200,583.2320556640625,76.0,1.0,1.0,4.0,5.0,0.0004494000400308114,0.00039756220952726426,,0,2.0,238.0
2024-12-24,34.529998779296875,34.709999084472656,34.529998779296875,34.70000076293945,5900,589.7146606445312,75.0,1.0,1.0,1.0,1.0,0.00045323661114536504,0.0003975550702901478,,0,1.0,239.0
2024-12-26,34.59000015258789,34.65999984741211,34.45000076293945,34.470001220703125,9400,589.7539672851562,74.0,1.0,1.0,1.0,1.0,0.0004400376497269605,0.00044794136270662915,,0,1.0,240.0
2024-12-27,34.38999938964844,34.5099983215332,34.38999938964844,34.4900016784668,20000,583.5458984375,73.0,1.0,1.0,1.0,1.0,0.0004143178549215116,0.0004764366139858287,,0,1.0,241.0
2024-12-30,34.599998474121094,34.81999969482422,34.599998474121094,34.61000061035156,91600,576.88671875,72.0,1.0,1.0,1.0,1.0,0.0003889132323881206,0.00048346712875716884,,0,1.0,242.0
2024-12-31,34.77000045776367,35.0,34.709999084472656,34.91999816894531,24600,574.7880249023438,72.0,1.0,1.0,1.0,1.0,0.000405737820352349,0.0004494000400308114,,0,1.0,243.0
2025-01-02,35.150001525878906,35.79999923706055,35.150001525878906,35.56999969482422,164800,573.3757934570312,75.0,1.0,1.0,1.0,1.0,0.0004790014224233358,0.00045323661114536504,,0,1.0,244.0
2025-01-03,35.459999084472656,35.529998779296875,35.2400016784668,35.2400016784668,87200,580.544921875,75.0,1.0,1.0,1.0,1.0,0.0005303895320983306,0.0004400376497269605,,0,1.0,245.0
2025-01-06,34.84000015258789,34.86000061035156,34.650001525878906,34.689998626708984,26200,583.88916015625,77.0,1.0,1.0,4.0,5.0,0.000516264482470146,0.0004143178549215116,,1,2.0,246.0
2025-01-07,34.72999954223633,35.0099983215332,34.68000030517578,35.0099983215332,14300,577.2887573242188,77.0,1.0,1.0,4.0,5.0,0.0004644470359599234,0.0003889132323881206,,0,2.0,247.0
2025-01-08,35.41999816894531,35.41999816894531,35.20000076293945,35.220001220703125,10400,578.1322021484375,76.0,1.0,1.0,4.0,5.0,0.0004262076108906615,0.000405737820352349,,0,2.0,248.0
2025-01-10,35.540000915527344,35.79999923706055,35.5099983215332,35.75,29500,569.3056640625,78.0,1.0,1.0,4.0,5.0,0.0004652512889323544,0.0004790014224233358,,0,2.0,249.0
2025-01-13,35.91999816894531,36.06999969482422,35.900001525878906,35.91999816894531,31700,570.1882934570312,77.0,1.0,1.0,4.0,5.0,0.0005028201006415502,0.0005303895320983306,,0,2.0,250.0
2025-01-14,35.630001068115234,35.630001068115234,35.279998779296875,35.290000915527344,21600,570.9729614257812,80.0,1.0,1.0,4.0,5.0,0.0005166829282926893,0.000516264482470146,,1,2.0,251.0
2025-01-15,35.11000061035156,35.47999954223633,35.0099983215332,35.31999969482422,20000,581.3588256835938,78.0,1.0,1.0,4.0,5.0,0.0004996048128182834,0.0004644470359599234,,0,2.0,252.0
2025-01-16,35.47999954223633,35.59000015258789,35.310001373291016,35.38999938964844,26700,580.2408447265625,77.0,1.0,1.0,4.0,5.0,0.00046677807078249287,0.0004262076108906615,,0,2.0,253.0
2025-01-17,35.45000076293945,35.54999923706055,35.13999938964844,35.52000045776367,21100,586.0664672851562,76.0,1.0,1.0,4.0,5.0,0.0004732357307045091,0.0004652512889323544,,0,2.0,254.0
2025-01-21,34.779998779296875,34.810001373291016,34.41999816894531,34.560001373291016,72000,591.430908203125,84.0,1.0,1.0,4.0,5.0,0.0004134208945207434,0.0005028201006415502,,1,2.0,255.0
2025-01-22,34.47999954223633,34.59000015258789,34.47999954223633,34.560001373291016,8200,594.7556762695312,83.0,1.0,4.0,4.0,6.0,0.0003707288597842562,0.0005166829282926893,,0,2.0,256.0
2025-01-23,34.54999923706055,34.77000045776367,34.43000030517578,34.5,16700,598.0018920898438,82.0,1.0,4.0,4.0,6.0,0.0003157275752914208,0.0004996048128182834,,0,2.0,257.0
2025-01-24,34.16999816894531,34.18000030517578,33.88999938964844,34.029998779296875,38800,596.2561645507812,82.0,1.0,4.0,4.0,6.0,0.0002939437261941671,0.00046677807078249287,,1,2.0,258.0
2025-01-27,33.869998931884766,34.13999938964844,33.869998931884766,34.09000015258789,17000,587.8219604492188,81.0,1.0,4.0,4.0,6.0,0.0002812080266354788,0.0004732357307045091,,0,2.0,259.0
2025-01-28,34.529998779296875,34.529998779296875,34.439998626708984,34.459999084472656,22500,592.8726806640625,81.0,1.0,4.0,4.0,6.0,0.00028661473824571193,0.0004134208945207434,,0,2.0,260.0
2025-01-29,34.720001220703125,34.7400016784668,34.52000045776367,34.599998474121094,17400,590.2149047851562,80.0,1.0,4.0,4.0,6.0,0.00032379886506366575,0.0003707288597842562,,0,2.0,261.0
2025-01-30,34.459999084472656,34.790000915527344,34.459999084472656,34.68000030517578,23600,593.3826293945312,79.0,1.0,4.0,4.0,6.0,0.00035114126815753304,0.0003157275752914208,,0,2.0,262.0
2025-01-31,34.900001525878906,34.9900016784668,34.56999969482422,34.93000030517578,24000,590.2246704101562,79.0,1.0,4.0,4.0,6.0,0.00037388118737774874,0.0002939437261941671,,0,2.0,263.0
2025-02-03,35.70000076293945,35.779998779296875,35.22999954223633,35.380001068115234,110500,586.252685546875,79.0,1.0,4.0,4.0,6.0,0.00041403051621245946,0.0002812080266354788,,0,2.0,264.0
2025-02-04,35.099998474121094,35.099998474121094,34.79999923706055,34.810001373291016,37600,590.185546875,81.0,1.0,4.0,4.0,6.0,0.00039809262703834725,0.00028661473824571193,,1,2.0,265.0
2025-02-05,34.61000061035156,34.720001220703125,34.439998626708984,34.689998626708984,37800,592.5784912109375,80.0,1.0,4.0,4.0,6.0,0.0003759045557410006,0.00032379886506366575,,1,2.0,266.0
2025-02-06,34.9900016784668,34.9900016784668,34.79999923706055,34.79999923706055,22800,594.6380004882812,79.0,1.0,4.0,4.0,6.0,0.00035180252330051015,0.00035114126815753304,,0,2.0,267.0
2025-02-07,34.810001373291016,35.27000045776367,34.79999923706055,35.27000045776367,34800,589.1949462890625,80.0,1.0,4.0,4.0,6.0,0.0003856338004030612,0.00037388118737774874,,0,2.0,268.0
2025-02-10,35.41999816894531,35.41999816894531,35.29999923706055,35.40999984741211,12400,593.1962890625,79.0,1.0,1.0,4.0,5.0,0.0004266875474050408,0.00041403051621245946,,0,2.0,269.0
2025-02-11,35.27000045776367,35.27000045776367,34.97999954223633,35.040000915527344,8100,593.6474609375,79.0,1.0,1.0,4.0,5.0,0.00044626326102289207,0.00039809262703834725,,1,2.0,270.0
2025-02-12,35.09000015258789,35.130001068115234,34.540000915527344,34.849998474121094,20100,591.7349853515625,78.0,1.0,1.0,4.0,5.0,0.0004537243499550263,0.0003759045557410006,,0,2.0,271.0
2025-02-13,34.81999969482422,34.83000183105469,34.34000015258789,34.38999938964844,44500,597.9822998046875,79.0,1.0,1.0,4.0,5.0,0.000425272940983718,0.00035180252330051015,,0,2.0,272.0
2025-02-14,34.15999984741211,34.15999984741211,34.0,34.08000183105469,64100,597.952880859375,79.0,1.0,1.0,4.0,5.0,0.000370879443840337,0.0003856338004030612,,1,2.0,273.0
2025-02-18,34.349998474121094,34.47999954223633,34.33000183105469,34.41999816894531,13700,599.7083740234375,79.0,1.0,4.0,4.0,6.0,0.00033369717937728813,0.0004266875474050408,,0,2.0,274.0
2025-02-19,34.5099983215332,34.7400016784668,34.5099983215332,34.63999938964844,10900,601.1206665039062,78.0,1.0,4.0,4.0,6.0,0.0003328060997083086,0.00044626326102289207,,0,2.0,275.0
2025-02-20,34.349998474121094,34.45000076293945,34.06999969482422,34.099998474121094,75400,598.6197509765625,80.0,1.0,4.0,4.0,6.0,0.0003489864362748905,0.0004537243499550263,,1,2.0,276.0
2025-02-21,34.31999969482422,34.43000030517578,34.2400016784668,34.43000030517578,15800,588.380859375,80.0,1.0,4.0,4.0,6.0,0.000346672309606355,0.000425272940983718,,0,2.0,277.0
2025-02-24,34.310001373291016,34.38999938964844,34.27000045776367,34.36000061035156,2400,585.7034912109375,79.0,1.0,4.0,4.0,6.0,0.00031844505095180684,0.000370879443840337,,0,2.0,278.0
2025-02-25,34.060001373291016,34.20000076293945,34.0,34.0,18500,582.7907104492188,79.0,1.0,4.0,4.0,6.0,0.00027102873145911304,0.00033369717937728813,,1,2.0,279.0
2025-02-26,34.209999084472656,34.2599983215332,34.060001373291016,34.22999954223633,4700,583.0849609375,78.0,1.0,4.0,4.0,6.0,0.00023300754185846858,0.0003328060997083086,,0,2.0,280.0
2025-02-27,34.56999969482422,34.810001373291016,34.56999969482422,34.790000915527344,40300,573.7777099609375,80.0,1.0,4.0,4.0,6.0,0.0002502642960065222,0.0003489864362748905,,0,2.0,281.0
2025-02-28,34.709999084472656,35.099998474121094,34.709999084472656,34.95000076293945,14500,582.7318115234375,79.0,1.0,4.0,4.0,6.0,0.0003116577100978893,0.000346672309606355,,0,2.0,282.0
2025-03-03,34.31999969482422,34.31999969482422,34.119998931884766,34.189998626708984,76100,572.5224609375,84.0,1.0,4.0,4.0,6.0,0.0003210727484669465,0.00031844505095180684,,1,2.0,283.0
2025-03-04,33.900001525878906,34.099998474121094,33.34000015258789,33.380001068115234,29600,565.7454833984375,89.0,1.0,4.0,4.0,6.0,0.0002388406311678251,0.00027102873145911304,,1,2.0,284.0
2025-03-05,32.72999954223633,33.08000183105469,32.25,32.310001373291016,80400,571.8262329101562,98.0,1.0,4.0,4.0,6.0,0.00011422441903149038,0.00023300754185846858,,1,2.0,285.0
2025-03-06,32.11000061035156,32.33000183105469,31.979999542236328,32.279998779296875,37900,561.6755981445312,97.0,1.0,4.0,4.0,6.0,3.248476998512739e-05,0.0002502642960065222,,0,2.0,286.0
2025-03-07,31.790000915527344,32.04999923706055,31.719999313354492,31.920000076293945,13600,564.8236694335938,96.0,1.0,4.0,4.0,6.0,-7.608891353211415e-06,0.0003116577100978893,,0,2.0,287.0
2025-03-10,31.93000030517578,32.119998931884766,31.93000030517578,32.08000183105469,8100,549.7792358398438,95.0,1.0,4.0,4.0,6.0,-1.456407014239666e-06,0.0003210727484669465,,0,2.0,288.0
2025-03-11,31.56999969482422,31.6200008392334,31.440000534057617,31.549999237060547,76000,545.2090454101562,97.0,1.0,4.0,4.0,6.0,-9.366480845346545e-06,0.0002388406311678251,,1,2.0,289.0
2025-03-12,31.799999237060547,31.81999969482422,31.579999923706055,31.739999771118164,15200,548.1021728515625,95.0,1.0,4.0,4.0,6.0,-1.0044131114451582e-05,0.00011422441903149038,,0,2.0,290.0
2025-03-13,32.04999923706055,32.130001068115234,31.850000381469727,32.060001373291016,42500,540.7957763671875,95.0,1.0,4.0,4.0,6.0,-1.747987897385219e-05,3.248476998512739e-05,,0,2.0,291.0
2025-03-14,31.75,31.899999618530273,31.739999771118164,31.799999237060547,36600,551.96630859375,94.0,1.0,4.0,4.0,6.0,-1.2673435027628792e-05,-7.608891353211415e-06,,0,2.0,292.0
2025-03-17,31.739999771118164,31.739999771118164,31.600000381469727,31.639999389648438,16000,556.22265625,93.0,1.0,4.0,4.0,6.0,-1.944640231955006e-05,-1.456407014239666e-06,,0,2.0,293.0
2025-03-18,31.700000762939453,31.719999313354492,31.450000762939453,31.520000457763672,21500,550.2108154296875,92.0,1.0,4.0,4.0,6.0,-5.3546900425062906e-05,-9.366480845346545e-06,,0,2.0,294.0
2025-03-19,31.770000457763672,31.950000762939453,31.700000762939453,31.75,38400,556.2030639648438,91.0,1.0,4.0,4.0,6.0,-5.47602383377793e-05,-1.0044131114451582e-05,,0,2.0,295.0
2025-03-20,32.189998626708984,32.22999954223633,32.029998779296875,32.08000183105469,18900,554.5947265625,91.0,1.0,4.0,4.0,6.0,-3.7256333930974076e-05,-1.747987897385219e-05,,0,2.0,296.0
2025-03-21,32.220001220703125,32.310001373291016,32.15999984741211,32.2599983215332,10300,554.7776489257812,90.0,1.0,4.0,4.0,6.0,1.0928245016535523e-05,-1.2673435027628792e-05,,0,2.0,297.0
2025-03-24,32.290000915527344,32.47999954223633,32.220001220703125,32.38999938964844,27500,564.7128295898438,89.0,1.0,4.0,4.0,6.0,2.6096886809460693e-05,-1.944640231955006e-05,,0,2.0,298.0
2025-03-25,32.25,32.41999816894531,32.2400016784668,32.380001068115234,9600,566.0703735351562,87.0,1.0,4.0,3.0,4.0,2.6756224405162173e-05,-5.3546900425062906e-05,,0,2.0,299.0
2025-03-26,32.5,32.689998626708984,32.38999938964844,32.63999938964844,7900,559.3124389648438,87.0,1.0,4.0,3.0,4.0,2.3157858968010657e-05,-5.47602383377793e-05,,0,2.0,300.0
2025-03-27,32.56999969482422,32.56999969482422,32.2599983215332,32.47999954223633,21300,557.8270874023438,86.0,1.0,4.0,3.0,4.0,1.836593258263104e-05,-3.7256333930974076e-05,,0,2.0,301.0
2025-03-28,32.43000030517578,32.43000030517578,32.150001525878906,32.22999954223633,23000,546.5933227539062,85.0,1.0,4.0,3.0,4.0,1.5814450028875047e-05,1.0928245016535523e-05,,0,2.0,302.0
2025-03-31,32.22999954223633,32.439998626708984,32.22999954223633,32.27000045776367,44100,550.2625122070312,84.0,1.0,4.0,3.0,4.0,5.696555946812844e-06,2.6096886809460693e-05,,0,2.0,303.0
2025-04-01,32.380001068115234,32.470001220703125,32.2599983215332,32.459999084472656,8900,551.816650390625,83.0,1.0,4.0,3.0,4.0,2.34333263813689e-06,2.6756224405162173e-05,,0,2.0,304.0
2025-04-02,32.29999923706055,32.29999923706055,31.969999313354492,32.060001373291016,25100,555.308837890625,83.0,1.0,4.0,3.0,4.0,-1.8895669965044147e-05,2.3157858968010657e-05,,0,2.0,305.0
2025-04-03,32.540000915527344,32.540000915527344,30.59000015258789,31.079999923706055,81900,527.9428100585938,92.0,4.0,4.0,3.0,10.0,-7.587264640626354e-05,1.836593258263104e-05,,0,4.0,1.0
2025-04-04,30.989999771118164,31.56999969482422,30.989999771118164,31.489999771118164,49100,497.0354309082031,93.0,4.0,4.0,3.0,10.0,-0.0001221366015755747,1.5814450028875047e-05,,0,4.0,2.0
2025-04-07,31.440000534057617,31.760000228881836,31.06999969482422,31.06999969482422,23500,496.150146484375,93.0,4.0,4.0,3.0,10.0,-0.0001607657647675489,5.696555946812844e-06,,0,4.0,3.0
2025-04-08,31.610000610351562,31.799999237060547,31.3799991607666,31.40999984741211,20200,488.3790283203125,93.0,4.0,4.0,3.0,10.0,-0.00014702062773050382,2.34333263813689e-06,,0,4.0,4.0
2025-04-09,30.770000457763672,31.6299991607666,30.709999084472656,31.59000015258789,46800,539.668212890625,92.0,4.0,4.0,3.0,10.0,-0.00014433908049905098,-1.8895669965044147e-05,,0,4.0,5.0
2025-04-10,30.479999542236328,30.479999542236328,29.860000610351562,30.0,91000,516.0205688476562,115.0,4.0,4.0,4.0,12.0,-0.00018526646958389056,-7.587264640626354e-05,,1,4.0,6.0
2025-04-11,28.979999542236328,29.59000015258789,28.959999084472656,29.350000381469727,53000,525.2278442382812,117.0,4.0,4.0,4.0,12.0,-0.00027349268835396336,-0.0001221366015755747,,1,4.0,7.0
2025-04-14,29.579999923706055,29.579999923706055,29.170000076293945,29.31999969482422,50100,530.3233032226562,115.0,4.0,4.0,4.0,12.0,-0.00034766111644000865,-0.0001607657647675489,,0,4.0,8.0
2025-04-15,29.459999084472656,29.760000228881836,29.459999084472656,29.6200008392334,53700,528.8378295898438,114.0,4.0,4.0,4.0,12.0,-0.00034820059596862304,-0.00014702062773050382,,0,4.0,9.0
2025-04-16,29.280000686645508,29.280000686645508,29.079999923706055,29.190000534057617,22800,517.0828857421875,114.0,4.0,4.0,4.0,12.0,-0.00032055658799872154,-0.00014433908049905098,,1,4.0,10.0
2025-04-17,29.290000915527344,29.709999084472656,29.170000076293945,29.260000228881836,44500,517.8206176757812,113.0,4.0,4.0,4.0,12.0,-0.0003072801690908366,-0.00018526646958389056,,0,4.0,11.0
2025-04-21,28.579999923706055,28.65999984741211,28.440000534057617,28.559999465942383,75800,505.4951171875,116.0,4.0,4.0,4.0,12.0,-0.0003218069218876919,-0.00027349268835396336,,1,4.0,12.0
2025-04-22,28.799999237060547,29.0,28.6299991607666,29.0,72000,518.64697265625,116.0,4.0,4.0,4.0,12.0,-0.00032504133632404655,-0.00034766111644000865,,0,4.0,13.0
2025-04-23,29.1299991607666,29.479999542236328,29.059999465942383,29.399999618530273,66800,526.6836547851562,116.0,4.0,4.0,4.0,12.0,-0.0003025480436331342,-0.00034820059596862304,,0,4.0,14.0
2025-04-24,29.219999313354492,29.260000228881836,29.049999237060547,29.06999969482422,39200,537.7697143554688,115.0,4.0,4.0,4.0,12.0,-0.00028298594504582336,-0.00032055658799872154,,0,4.0,15.0
2025-04-25,29.309999465942383,29.510000228881836,29.100000381469727,29.209999084472656,21900,541.6552734375,114.0,4.0,4.0,4.0,12.0,-0.0002679837338620743,-0.0003072801690908366,,0,4.0,16.0
2025-04-28,29.34000015258789,29.34000015258789,28.920000076293945,28.959999084472656,43000,541.8618774414062,112.0,4.0,4.0,4.0,12.0,-0.0002829154739156117,-0.0003218069218876919,,0,4.0,17.0
2025-04-29,29.040000915527344,29.18000030517578,29.0,29.18000030517578,18200,545.2752685546875,111.0,4.0,4.0,4.0,12.0,-0.00027697213157325463,-0.00032504133632404655,,0,4.0,18.0
2025-04-30,29.200000762939453,29.479999542236328,29.170000076293945,29.450000762939453,22900,545.49169921875,110.0,4.0,4.0,4.0,12.0,-0.0002582774504402971,-0.0003025480436331342,,0,4.0,19.0
2025-05-01,29.399999618530273,29.729999542236328,29.399999618530273,29.600000381469727,39100,549.3575439453125,109.0,4.0,4.0,4.0,12.0,-0.0002287592581267659,-0.00028298594504582336,,0,4.0,20.0
2025-05-02,29.360000610351562,29.65999984741211,29.190000534057617,29.610000610351562,47100,557.5122680664062,107.0,4.0,4.0,4.0,12.0,-0.00023521714378381785,-0.0002679837338620743,,0,4.0,21.0
2025-05-05,29.360000610351562,29.639999389648438,29.280000686645508,29.579999923706055,18300,554.3153076171875,106.0,4.0,4.0,4.0,12.0,-0.00025701501274578124,-0.0002829154739156117,,0,4.0,22.0
2025-05-06,29.34000015258789,29.420000076293945,29.200000762939453,29.25,15800,549.68212890625,105.0,4.0,4.0,4.0,12.0,-0.0003116346096907828,-0.00027697213157325463,,0,4.0,23.0
2025-05-07,29.350000381469727,29.59000015258789,29.25,29.540000915527344,15000,551.9938354492188,105.0,4.0,4.0,4.0,12.0,-0.00033089116033757486,-0.0002582774504402971,,0,4.0,24.0
2025-05-08,29.6299991607666,30.450000762939453,29.559999465942383,30.450000762939453,27600,555.8400268554688,111.0,4.0,1.0,4.0,11.0,-0.00032154040664635747,-0.0002287592581267659,,0,2.0,25.0
2025-05-09,29.809999465942383,29.920000076293945,29.68000030517578,29.90999984741211,50900,555.1318359375,112.0,4.0,1.0,4.0,11.0,-0.00031002616684486077,-0.00023521714378381785,,0,2.0,26.0
2025-05-12,30.530000686645508,30.860000610351562,30.530000686645508,30.700000762939453,41900,573.4774780273438,116.0,4.0,1.0,4.0,11.0,-0.0002718342071875442,-0.00025701501274578124,,0,2.0,27.0
2025-05-13,30.40999984741211,30.530000686645508,30.149999618530273,30.149999618530273,19000,577.2646484375,117.0,4.0,1.0,4.0,11.0,-0.0002839282004980462,-0.0003116346096907828,,0,2.0,28.0
2025-05-14,29.979999542236328,30.329999923706055,29.950000762939453,30.309999465942383,26000,578.0023803710938,115.0,4.0,1.0,4.0,11.0,-0.0002629862823552273,-0.00033089116033757486,,0,2.0,29.0
2025-05-15,30.09000015258789,30.309999465942383,30.09000015258789,30.229999542236328,18700,580.8255615234375,114.0,4.0,1.0,4.0,11.0,-0.0002693961379891157,-0.00032154040664635747,,0,2.0,30.0
2025-05-16,30.270000457763672,30.540000915527344,30.18000030517578,30.420000076293945,28500,584.5045776367188,112.0,4.0,1.0,4.0,11.0,-0.000240509836675698,-0.00031002616684486077,,0,2.0,31.0
2025-05-19,29.90999984741211,30.059999465942383,29.809999465942383,30.020000457763672,63400,585.1439819335938,112.0,4.0,1.0,4.0,11.0,-0.00025153783705898184,-0.0002718342071875442,,1,2.0,32.0
2025-05-20,29.959999084472656,30.040000915527344,29.75,29.799999237060547,56000,583.1765747070312,111.0,4.0,1.0,4.0,11.0,-0.00027541182576366983,-0.0002839282004980462,,0,2.0,33.0
2025-05-21,29.450000762939453,29.540000915527344,29.329999923706055,29.530000686645508,40500,573.3495483398438,110.0,4.0,1.0,4.0,11.0,-0.0003217118144458185,-0.0002629862823552273,,1,2.0,34.0
2025-05-22,29.729999542236328,29.8799991607666,29.68000030517578,29.729999542236328,33100,573.5758056640625,109.0,4.0,1.0,4.0,11.0,-0.0003362042375189426,-0.0002693961379891157,,0,2.0,35.0
2025-05-23,29.579999923706055,29.579999923706055,29.280000686645508,29.280000686645508,10400,569.6607055664062,109.0,4.0,1.0,4.0,11.0,-0.0003159941987087604,-0.000240509836675698,,1,2.0,36.0
2025-05-27,29.25,29.559999465942383,29.25,29.559999465942383,36300,581.5042724609375,108.0,4.0,1.0,4.0,11.0,-0.00026367033932305693,-0.00025153783705898184,,0,2.0,37.0
2025-05-28,29.639999389648438,29.790000915527344,29.549999237060547,29.719999313354492,38800,578.1400756835938,107.0,4.0,1.0,4.0,11.0,-0.00021706658400586342,-0.00027541182576366983,,0,2.0,38.0
2025-05-29,29.5,29.5,29.280000686645508,29.3799991607666,24200,580.4222412109375,107.0,4.0,1.0,4.0,11.0,-0.00021709909563363125,-0.0003217118144458185,,1,2.0,39.0
2025-05-30,29.510000228881836,29.600000381469727,29.399999618530273,29.479999542236328,13100,579.7730102539062,105.0,4.0,1.0,4.0,11.0,-0.0002296641169093263,-0.0003362042375189426,,0,2.0,40.0
2025-06-02,29.139999389648438,29.190000534057617,28.889999389648438,28.959999084472656,81000,583.038818359375,106.0,4.0,4.0,4.0,12.0,-0.0002526587518414676,-0.0003159941987087604,,1,4.0,41.0
2025-06-03,29.200000762939453,29.31999969482422,29.200000762939453,29.31999969482422,6700,586.3637084960938,106.0,4.0,4.0,4.0,12.0,-0.0002250246054674714,-0.00026367033932305693,,0,4.0,42.0
2025-06-04,29.200000762939453,29.200000762939453,29.020000457763672,29.15999984741211,35000,586.2064208984375,105.0,4.0,4.0,4.0,12.0,-0.00023090627817798866,-0.00021706658400586342,,0,4.0,43.0
2025-06-05,28.729999542236328,29.049999237060547,28.709999084472656,29.049999237060547,25300,583.3732299804688,103.0,4.0,4.0,4.0,12.0,-0.00024172428015497096,-0.00021709909563363125,,0,4.0,44.0
2025-06-06,29.290000915527344,29.31999969482422,29.18000030517578,29.260000228881836,16100,589.364013671875,102.0,4.0,4.0,4.0,12.0,-0.0002697173884263229,-0.0002296641169093263,,0,4.0,45.0
2025-06-09,29.209999084472656,29.25,29.079999923706055,29.1299991607666,43100,589.8951416015625,101.0,4.0,4.0,4.0,12.0,-0.00028952720398235903,-0.0002526587518414676,,0,4.0,46.0
2025-06-10,28.969999313354492,29.139999389648438,28.969999313354492,29.059999465942383,10800,593.2396240234375,99.0,4.0,4.0,3.0,10.0,-0.0002850067158512088,-0.0002250246054674714,,0,4.0,47.0
2025-06-11,28.950000762939453,28.950000762939453,28.75,28.84000015258789,18500,591.5477294921875,99.0,4.0,4.0,3.0,10.0,-0.00030822287004674275,-0.00023090627817798866,,1,4.0,48.0
2025-06-12,28.549999237060547,29.75,27.81999969482422,28.350000381469727,21800,593.898681640625,100.0,4.0,4.0,3.0,10.0,-0.0003476200182431606,-0.00024172428015497096,,0,4.0,49.0
2025-06-13,28.670000076293945,28.709999084472656,28.389999389648438,28.459999084472656,23100,587.2587890625,99.0,4.0,4.0,3.0,10.0,-0.00040893801692910484,-0.0002697173884263229,,0,4.0,50.0
2025-06-16,28.25,28.440000534057617,28.170000076293945,28.440000534057617,15400,592.84619140625,97.0,4.0,4.0,3.0,10.0,-0.00045704888588814235,-0.00028952720398235903,,0,4.0,51.0
2025-06-17,28.420000076293945,28.829999923706055,28.420000076293945,28.809999465942383,17600,587.7802124023438,97.0,4.0,4.0,3.0,10.0,-0.0004530339273287091,-0.0002850067158512088,,0,4.0,52.0
2025-06-18,28.770000457763672,28.90999984741211,28.610000610351562,28.8799991607666,21100,587.691650390625,96.0,4.0,4.0,3.0,10.0,-0.00042394816850961853,-0.00030822287004674275,,0,4.0,53.0
2025-06-20,28.690000534057617,28.780000686645508,28.56999969482422,28.690000534057617,18600,586.3114013671875,95.0,4.0,4.0,3.0,10.0,-0.00041203751628063226,-0.0003476200182431606,,0,4.0,54.0
2025-06-23,28.899999618530273,28.93000030517578,28.3700008392334,28.3700008392334,36100,592.1027221679688,95.0,4.0,4.0,3.0,10.0,-0.00045539588263865567,-0.00040893801692910484,,0,4.0,55.0
2025-06-24,28.350000381469727,28.350000381469727,28.100000381469727,28.239999771118164,39500,598.6439208984375,93.0,4.0,4.0,1.0,8.0,-0.000505079728486051,-0.00045704888588814235,,1,4.0,56.0
2025-06-25,28.280000686645508,28.290000915527344,27.979999542236328,28.049999237060547,37200,598.9793090820312,93.0,4.0,4.0,1.0,8.0,-0.0005648206279201796,-0.0004530339273287091,,0,4.0,57.0
2025-06-26,27.760000228881836,27.829999923706055,27.649999618530273,27.790000915527344,76900,603.6655883789062,92.0,4.0,4.0,1.0,8.0,-0.0006023678899573119,-0.00042394816850961853,,1,4.0,58.0
2025-06-27,27.729999542236328,27.8799991607666,27.690000534057617,27.790000915527344,45300,606.6647338867188,91.0,4.0,4.0,1.0,8.0,-0.0006600751873980051,-0.00041203751628063226,,0,4.0,59.0
2025-06-30,27.739999771118164,27.760000228881836,27.450000762939453,27.479999542236328,57400,609.5654296875,91.0,4.0,4.0,1.0,8.0,-0.0006948525761966934,-0.00045539588263865567,,0,4.0,60.0
2025-07-01,27.360000610351562,27.549999237060547,27.31999969482422,27.399999618530273,35700,609.3681640625,89.0,4.0,4.0,1.0,8.0,-0.0007216030530250178,-0.000505079728486051,,0,2.0,61.0
2025-07-02,27.579999923706055,27.610000610351562,27.3700008392334,27.3799991607666,33200,612.1305541992188,88.0,4.0,4.0,1.0,8.0,-0.0007317082100803483,-0.0005648206279201796,,0,2.0,62.0
2025-07-03,27.540000915527344,27.670000076293945,27.469999313354492,27.579999923706055,18100,616.9549560546875,87.0,4.0,4.0,1.0,8.0,-0.0007271416722300364,-0.0006023678899573119,,0,2.0,63.0
2025-07-07,27.68000030517578,27.93000030517578,27.65999984741211,27.81999969482422,62200,612.3574829101562,87.0,4.0,4.0,1.0,8.0,-0.0007139210348651417,-0.0006600751873980051,,0,2.0,64.0
2025-07-08,27.90999984741211,27.959999084472656,27.739999771118164,27.780000686645508,41300,612.0220947265625,86.0,4.0,4.0,1.0,8.0,-0.0007116637723963464,-0.0006948525761966934,,0,2.0,65.0
2025-07-09,27.850000381469727,27.899999618530273,27.780000686645508,27.780000686645508,33000,615.6920776367188,84.0,4.0,4.0,1.0,8.0,-0.0006949685048798236,-0.0007216030530250178,,0,2.0,66.0
2025-07-10,27.93000030517578,28.06999969482422,27.8799991607666,27.959999084472656,26900,617.4285278320312,84.0,4.0,4.0,1.0,8.0,-0.0006801912669677835,-0.0007317082100803483,,0,2.0,67.0
2025-07-11,27.90999984741211,27.989999771118164,27.899999618530273,27.940000534057617,20700,615.2579956054688,82.0,4.0,4.0,1.0,8.0,-0.0006662648649881647,-0.0007271416722300364,,0,2.0,68.0
2025-07-14,28.020000457763672,28.1200008392334,27.950000762939453,28.1200008392334,46000,616.4320678710938,82.0,4.0,4.0,1.0,8.0,-0.0006622657699828577,-0.0007139210348651417,,0,2.0,69.0
2025-07-15,28.09000015258789,28.479999542236328,28.09000015258789,28.469999313354492,90800,613.7978515625,82.0,4.0,4.0,1.0,8.0,-0.0006256173589243057,-0.0007116637723963464,,0,2.0,70.0
2025-07-16,28.5,28.600000381469727,27.8799991607666,28.229999542236328,84500,615.8499755859375,82.0,4.0,4.0,1.0,8.0,-0.0005749723980810152,-0.0006949685048798236,,0,2.0,71.0
2025-07-17,28.489999771118164,28.510000228881836,28.3799991607666,28.389999389648438,23200,619.6187133789062,81.0,4.0,1.0,1.0,7.0,-0.0005365864447876485,-0.0006801912669677835,,0,2.0,72.0
2025-07-18,28.100000381469727,28.309999465942383,28.079999923706055,28.290000915527344,26700,619.1649780273438,80.0,4.0,1.0,1.0,7.0,-0.0005304055887899887,-0.0006662648649881647,,1,2.0,73.0
2025-07-21,28.100000381469727,28.1200008392334,27.829999923706055,27.959999084472656,66500,620.3389892578125,80.0,4.0,1.0,1.0,7.0,-0.0005427197597709891,-0.0006622657699828577,,0,2.0,74.0
2025-07-22,27.969999313354492,27.969999313354492,27.649999618530273,27.649999618530273,25500,620.427734375,80.0,4.0,1.0,1.0,7.0,-0.0005863608864970248,-0.0006256173589243057,,0,2.0,75.0
2025-07-23,27.850000381469727,27.860000610351562,27.549999237060547,27.549999237060547,25900,625.7061157226562,79.0,4.0,1.0,1.0,7.0,-0.000644294858442162,-0.0005749723980810152,,0,2.0,76.0
2025-07-24,27.579999923706055,27.639999389648438,27.579999923706055,27.639999389648438,3900,625.9132080078125,78.0,4.0,1.0,1.0,7.0,-0.0006808476432514015,-0.0005365864447876485,,0,2.0,77.0
2025-07-25,27.81999969482422,27.899999618530273,27.709999084472656,27.709999084472656,11600,628.5572509765625,77.0,4.0,1.0,1.0,7.0,-0.0006855095825619367,-0.0005304055887899887,,0,2.0,78.0
2025-07-28,28.219999313354492,28.549999237060547,28.219999313354492,28.540000915527344,128500,628.3994750976562,86.0,4.0,1.0,3.0,9.0,-0.0006087349829280573,-0.0005427197597709891,,0,2.0,79.0
2025-07-29,28.860000610351562,28.90999984741211,28.700000762939453,28.75,94800,626.741943359375,85.0,4.0,1.0,3.0,9.0,-0.0005171264458221933,-0.0005863608864970248,,0,2.0,80.0
2025-07-30,29.190000534057617,29.40999984741211,28.989999771118164,29.309999465942383,74500,625.9526977539062,88.0,4.0,1.0,3.0,9.0,-0.00038923997259238276,-0.000644294858442162,,0,2.0,81.0
2025-07-31,29.450000762939453,29.450000762939453,29.229999542236328,29.389999389648438,39200,623.6046142578125,87.0,4.0,1.0,3.0,9.0,-0.00034387506754523963,-0.0006808476432514015,,0,2.0,82.0
2025-08-01,28.639999389648438,28.850000381469727,28.520000457763672,28.579999923706055,67600,613.3834838867188,94.0,4.0,1.0,4.0,11.0,-0.0003579675552220682,-0.0006855095825619367,,1,2.0,83.0
2025-08-04,28.559999465942383,28.690000534057617,28.510000228881836,28.639999389648438,24700,622.7067260742188,92.0,4.0,1.0,4.0,11.0,-0.0004079949261611307,-0.0006087349829280573,,0,2.0,84.0
2025-08-05,28.690000534057617,28.790000915527344,28.559999465942383,28.579999923706055,35700,619.5496215820312,91.0,4.0,1.0,4.0,11.0,-0.00043784206626949177,-0.0005171264458221933,,0,2.0,85.0
2025-08-06,28.329999923706055,28.389999389648438,28.1299991607666,28.209999084472656,51800,624.295166015625,91.0,4.0,1.0,4.0,11.0,-0.0004377193119036713,-0.00038923997259238276,,1,2.0,86.0
2025-08-07,28.229999542236328,28.389999389648438,28.18000030517578,28.18000030517578,12200,623.7722778320312,90.0,4.0,1.0,4.0,11.0,-0.00042754213022701883,-0.00034387506754523963,,0,2.0,87.0
2025-08-08,28.209999084472656,28.270000457763672,28.1299991607666,28.239999771118164,66500,628.6361694335938,89.0,4.0,1.0,4.0,11.0,-0.000412379902153236,-0.0003579675552220682,,0,2.0,88.0
2025-08-11,28.399999618530273,28.5,28.360000610351562,28.43000030517578,24400,627.39306640625,88.0,4.0,1.0,4.0,11.0,-0.0003835398591174705,-0.0004079949261611307,,0,2.0,89.0
2025-08-12,28.389999389648438,28.389999389648438,28.020000457763672,28.09000015258789,30100,634.072265625,88.0,4.0,1.0,4.0,11.0,-0.00037972679973408764,-0.00043784206626949177,,0,2.0,90.0
2025-08-13,27.969999313354492,27.989999771118164,27.8700008392334,27.979999542236328,46200,636.2428588867188,87.0,4.0,1.0,4.0,11.0,-0.00038412904778826616,-0.0004377193119036713,,1,2.0,91.0
2025-08-14,28.200000762939453,28.31999969482422,28.149999618530273,28.229999542236328,20900,636.302001953125,87.0,4.0,1.0,4.0,11.0,-0.00038373473334714624,-0.00042754213022701883,,0,2.0,92.0
2025-08-15,28.0,28.010000228881836,27.93000030517578,27.959999084472656,46500,634.812255859375,86.0,4.0,4.0,4.0,12.0,-0.0003910845255394096,-0.000412379902153236,,1,4.0,93.0
2025-08-18,28.139999389648438,28.200000762939453,28.079999923706055,28.149999618530273,20100,634.6741333007812,86.0,4.0,4.0,4.0,12.0,-0.00039526303989402095,-0.0003835398591174705,,0,4.0,94.0
2025-08-19,28.100000381469727,28.34000015258789,28.100000381469727,28.299999237060547,13200,631.23095703125,85.0,4.0,4.0,4.0,12.0,-0.0004029996273656263,-0.00037972679973408764,,0,4.0,95.0
2025-08-20,28.270000457763672,28.270000457763672,28.200000762939453,28.260000228881836,18700,629.5537109375,83.0,4.0,4.0,3.0,10.0,-0.0004039572196293865,-0.00038412904778826616,,0,2.0,96.0
2025-08-21,28.299999237060547,28.540000915527344,28.299999237060547,28.530000686645508,24200,627.0280151367188,83.0,4.0,4.0,3.0,10.0,-0.0004056864087852872,-0.00038373473334714624,,0,2.0,97.0
2025-08-22,28.559999465942383,28.559999465942383,27.829999923706055,27.950000762939453,105900,636.6571655273438,87.0,4.0,4.0,3.0,10.0,-0.00042097571363204465,-0.0003910845255394096,,0,2.0,98.0
2025-08-25,28.100000381469727,28.510000228881836,28.020000457763672,28.450000762939453,66100,633.855224609375,89.0,4.0,4.0,3.0,10.0,-0.00038270732591693556,-0.00039526303989402095,,0,2.0,99.0
2025-08-26,28.360000610351562,28.3700008392334,28.229999542236328,28.329999923706055,49500,636.5092163085938,87.0,4.0,4.0,3.0,10.0,-0.0003492023047816533,-0.0004029996273656263,,0,2.0,100.0
2025-08-27,28.6200008392334,28.639999389648438,28.350000381469727,28.360000610351562,23800,637.95947265625,86.0,4.0,4.0,3.0,10.0,-0.00029803466283781114,-0.0004039572196293865,,0,2.0,101.0
2025-08-28,28.299999237060547,28.299999237060547,28.079999923706055,28.1299991607666,31300,640.21875,86.0,4.0,4.0,3.0,10.0,-0.0002928035849883283,-0.0004056864087852872,,1,2.0,102.0
2025-08-29,28.299999237060547,28.5,28.040000915527344,28.059999465942383,34600,636.4006958007812,84.0,4.0,4.0,3.0,10.0,-0.0003010346148212815,-0.00042097571363204465,,0,2.0,103.0
2025-09-02,28.43000030517578,28.43000030517578,28.190000534057617,28.40999984741211,20100,631.684814453125,85.0,4.0,4.0,3.0,10.0,-0.00027512870898393815,-0.00038270732591693556,,0,2.0,104.0
2025-09-03,28.280000686645508,28.299999237060547,28.190000534057617,28.260000228881836,24000,635.1082763671875,84.0,4.0,4.0,3.0,10.0,-0.00024559765375610086,-0.0003492023047816533,,0,2.0,105.0
2025-09-04,28.31999969482422,28.43000030517578,28.309999465942383,28.350000381469727,29600,640.4161376953125,83.0,4.0,4.0,3.0,10.0,-0.00020771461852099344,-0.00029803466283781114,,0,2.0,106.0
2025-09-05,28.049999237060547,28.059999465942383,27.829999923706055,28.059999465942383,56000,638.561279296875,83.0,4.0,4.0,3.0,10.0,-0.00022454565150522164,-0.0002928035849883283,,1,2.0,107.0
2025-09-08,27.850000381469727,27.920000076293945,27.780000686645508,27.81999969482422,27800,640.1300659179688,82.0,4.0,4.0,3.0,10.0,-0.0002524030869206318,-0.0003010346148212815,,0,2.0,108.0
2025-09-09,27.889999389648438,28.079999923706055,27.8700008392334,28.059999465942383,17400,641.60986328125,82.0,4.0,4.0,3.0,10.0,-0.00028754048894105987,-0.00027512870898393815,,0,2.0,109.0
2025-09-10,28.040000915527344,28.15999984741211,28.0,28.1299991607666,28400,643.4646606445312,81.0,4.0,4.0,3.0,10.0,-0.0003182861180214018,-0.00024559765375610086,,0,2.0,110.0
2025-09-11,28.040000915527344,28.040000915527344,27.93000030517578,27.959999084472656,34000,648.81201171875,80.0,4.0,4.0,3.0,10.0,-0.00036856573973388044,-0.00020771461852099344,,0,2.0,111.0
2025-09-12,28.040000915527344,28.079999923706055,27.940000534057617,27.979999542236328,15800,648.5949096679688,79.0,4.0,4.0,3.0,10.0,-0.0004189628832263581,-0.00022454565150522164,,0,2.0,112.0
2025-09-15,27.850000381469727,27.93000030517578,27.799999237060547,27.809999465942383,18700,652.0480346679688,78.0,4.0,4.0,3.0,10.0,-0.0004530213542734371,-0.0002524030869206318,,1,2.0,113.0
2025-09-16,27.540000915527344,27.59000015258789,27.309999465942383,27.43000030517578,42300,651.1502075195312,79.0,4.0,4.0,3.0,10.0,-0.00047573158701960465,-0.00028754048894105987,,1,2.0,114.0
2025-09-17,27.420000076293945,27.600000381469727,27.15999984741211,27.600000381469727,30100,650.34130859375,79.0,4.0,4.0,3.0,10.0,-0.00048556812762602886,-0.0003182861180214018,,0,2.0,115.0
2025-09-18,27.739999771118164,27.8700008392334,27.729999542236328,27.739999771118164,16400,653.3798828125,78.0,4.0,4.0,3.0,10.0,-0.0004817039040399863,-0.00036856573973388044,,0,2.0,116.0
2025-09-19,27.899999618530273,27.959999084472656,27.850000381469727,27.959999084472656,5900,656.615966796875,77.0,4.0,4.0,3.0,10.0,-0.0004359715773560857,-0.0004189628832263581,,0,2.0,117.0
2025-09-22,27.760000228881836,27.899999618530273,27.729999542236328,27.760000228881836,14400,659.7225341796875,77.0,4.0,4.0,3.0,10.0,-0.00041014274072460736,-0.0004530213542734371,,0,2.0,118.0
2025-09-23,27.309999465942383,27.75,27.309999465942383,27.649999618530273,16400,656.1312255859375,76.0,4.0,4.0,3.0,10.0,-0.000424367787365266,-0.00047573158701960465,,0,2.0,119.0
2025-09-24,28.049999237060547,28.049999237060547,27.979999542236328,28.010000228881836,25800,654.0436401367188,77.0,4.0,4.0,3.0,10.0,-0.00041292003556657616,-0.00048556812762602886,,0,2.0,120.0
2025-09-25,28.229999542236328,28.440000534057617,28.209999084472656,28.3700008392334,41900,651.0263061523438,78.0,4.0,4.0,3.0,10.0,-0.00033394047877842193,-0.0004817039040399863,,0,2.0,121.0
2025-09-26,28.290000915527344,28.350000381469727,28.200000762939453,28.229999542236328,22800,654.756103515625,77.0,4.0,4.0,3.0,10.0,-0.00026465550264819843,-0.0004359715773560857,,0,2.0,122.0
2025-09-29,28.079999923706055,28.1200008392334,27.989999771118164,28.09000015258789,49800,656.59619140625,76.0,4.0,4.0,3.0,10.0,-0.00023172181425314058,-0.00041014274072460736,,1,2.0,123.0
2025-09-30,28.170000076293945,28.170000076293945,27.940000534057617,28.010000228881836,35400,659.0695190429688,75.0,4.0,4.0,1.0,8.0,-0.0002736124102399105,-0.000424367787365266,,0,2.0,124.0
2025-10-01,28.0,28.139999389648438,27.950000762939453,28.110000610351562,9400,661.3153686523438,74.0,4.0,4.0,1.0,8.0,-0.0002913024230533895,-0.00041292003556657616,,0,2.0,125.0
2025-10-02,28.09000015258789,28.309999465942383,28.09000015258789,28.200000762939453,32700,662.0769653320312,73.0,4.0,4.0,1.0,8.0,-0.0002671429849162075,-0.00033394047877842193,,0,2.0,126.0
2025-10-03,28.020000457763672,28.079999923706055,27.989999771118164,28.049999237060547,15800,662.0672607421875,72.0,4.0,4.0,1.0,8.0,-0.00021994218182709978,-0.00026465550264819843,,1,2.0,127.0
2025-10-06,28.299999237060547,28.299999237060547,28.15999984741211,28.170000076293945,16400,664.4415283203125,71.0,4.0,1.0,1.0,7.0,-0.00014088334459802848,-0.00023172181425314058,,0,2.0,128.0
2025-10-07,28.3799991607666,28.530000686645508,28.360000610351562,28.459999084472656,35000,661.9781494140625,72.0,4.0,1.0,1.0,7.0,-0.0001197773727148019,-0.0002736124102399105,-1.0,0,2.0,129.0
2025-10-08,28.600000381469727,28.780000686645508,28.600000381469727,28.65999984741211,57900,665.925537109375,71.0,4.0,1.0,1.0,7.0,-6.958773852938151e-05,-0.0002913024230533895,-1.0,0,2.0,130.0
2025-10-09,28.729999542236328,29.059999465942383,28.700000762939453,29.010000228881836,44000,663.996337890625,72.0,4.0,1.0,1.0,7.0,-2.740417315520225e-05,-0.0002671429849162075,-1.0,0,2.0,131.0
2025-10-10,28.969999313354492,28.969999313354492,28.600000381469727,28.719999313354492,62000,646.0499877929688,72.0,4.0,1.0,1.0,7.0,3.392202258808468e-05,-0.00021994218182709978,-1.0,0,2.0,132.0
2025-10-13,28.860000610351562,28.969999313354492,28.850000381469727,28.959999084472656,12400,655.9629516601562,72.0,4.0,1.0,1.0,7.0,6.885716910984284e-05,-0.00014088334459802848,-1.0,0,2.0,133.0
2025-10-14,28.940000534057617,28.950000762939453,28.719999313354492,28.799999237060547,79600,655.16162109375,72.0,4.0,1.0,1.0,7.0,4.9541513714508336e-05,-0.0001197773727148019,-1.0,0,2.0,134.0
2025-10-15,28.729999542236328,28.729999542236328,28.540000915527344,28.579999923706055,79300,658.0702514648438,71.0,4.0,1.0,1.0,7.0,2.03614168705169e-05,-6.958773852938151e-05,-1.0,0,2.0,135.0
2025-10-16,28.520000457763672,28.520000457763672,28.290000915527344,28.360000610351562,28700,653.5887451171875,71.0,4.0,1.0,1.0,7.0,-3.456295995986843e-05,-2.740417315520225e-05,-1.0,1,2.0,136.0
2025-10-17,28.40999984741211,28.469999313354492,28.389999389648438,28.389999389648438,24800,657.298583984375,70.0,4.0,1.0,1.0,7.0,-3.549767540060251e-05,3.392202258808468e-05,-1.0,0,2.0,137.0
2025-10-20,28.520000457763672,28.56999969482422,28.469999313354492,28.56999969482422,17200,664.1348876953125,69.0,4.0,1.0,1.0,7.0,-2.5133059160326613e-05,6.885716910984284e-05,-1.0,0,2.0,138.0
2025-10-21,28.760000228881836,28.799999237060547,28.68000030517578,28.790000915527344,41500,664.1249389648438,69.0,4.0,1.0,1.0,7.0,4.848587227100137e-06,4.9541513714508336e-05,-1.0,0,2.0,139.0
2025-10-22,28.860000610351562,28.860000610351562,28.670000076293945,28.760000228881836,26900,660.6722412109375,68.0,4.0,1.0,1.0,7.0,6.22777818434422e-06,2.03614168705169e-05,1.0,0,1.0,1.0
2025-10-23,28.709999084472656,28.770000457763672,28.670000076293945,28.700000762939453,15900,664.5899047851562,67.0,4.0,1.0,1.0,7.0,-2.6271771800883017e-06,-3.456295995986843e-05,-1.0,0,2.0,2.0
2025-10-24,28.649999618530273,28.719999313354492,28.579999923706055,28.6299991607666,8700,670.0213623046875,66.0,4.0,1.0,1.0,7.0,-1.4524143130817574e-05,-3.549767540060251e-05,-1.0,0,2.0,3.0
2025-10-27,28.649999618530273,28.649999618530273,28.549999237060547,28.549999237060547,8800,677.926025390625,65.0,4.0,1.0,1.0,7.0,-6.205185477239082e-06,-2.5133059160326613e-05,-1.0,0,2.0,4.0
2025-10-28,28.670000076293945,28.670000076293945,28.5,28.59000015258789,10600,679.7265625,65.0,4.0,1.0,1.0,7.0,7.949993205872362e-06,4.848587227100137e-06,-1.0,0,2.0,5.0
2025-10-29,28.639999389648438,28.920000076293945,28.540000915527344,28.780000686645508,12500,680.05322265625,64.0,4.0,1.0,1.0,7.0,5.345176092840059e-06,6.22777818434422e-06,-1.0,0,2.0,6.0
2025-10-30,28.920000076293945,29.030000686645508,28.920000076293945,29.030000686645508,26800,672.5738525390625,64.0,4.0,1.0,1.0,7.0,2.228288466928519e-05,-2.6271771800883017e-06,1.0,0,1.0,7.0
2025-10-31,29.059999465942383,29.260000228881836,29.059999465942383,29.25,52600,674.7799682617188,64.0,4.0,1.0,1.0,7.0,1.3066070445190773e-05,-1.4524143130817574e-05,1.0,0,1.0,8.0
2025-11-03,29.350000381469727,29.360000610351562,29.200000762939453,29.280000686645508,28500,676.04638671875,63.0,4.0,1.0,1.0,7.0,5.5360396334255066e-05,-6.205185477239082e-06,1.0,0,1.0,9.0
2025-11-04,29.510000228881836,29.530000686645508,29.440000534057617,29.510000228881836,36500,668.0328369140625,63.0,4.0,1.0,1.0,7.0,8.482780422302984e-05,7.949993205872362e-06,1.0,0,1.0,10.0
2025-11-05,29.479999542236328,29.520000457763672,29.059999465942383,29.450000762939453,16000,670.3478393554688,62.0,4.0,1.0,1.0,7.0,0.00011547843917694044,5.345176092840059e-06,1.0,0,1.0,11.0
2025-11-06,29.280000686645508,29.290000915527344,29.09000015258789,29.100000381469727,29400,663.1554565429688,64.0,4.0,1.0,1.0,7.0,7.003974139862569e-05,2.228288466928519e-05,1.0,0,1.0,12.0
2025-11-07,29.0,29.110000610351562,28.93000030517578,29.06999969482422,34900,663.8082885742188,63.0,4.0,1.0,1.0,7.0,2.3079129915494528e-05,1.3066070445190773e-05,1.0,0,1.0,13.0
2025-11-10,29.09000015258789,29.170000076293945,29.040000915527344,29.09000015258789,29400,674.1666259765625,62.0,4.0,1.0,1.0,7.0,5.798999571429668e-06,5.5360396334255066e-05,-1.0,0,2.0,14.0
2025-11-11,28.93000030517578,29.010000228881836,28.860000610351562,29.010000228881836,22900,675.7100219726562,61.0,4.0,1.0,1.0,7.0,4.131414859567301e-05,8.482780422302984e-05,-1.0,1,2.0,15.0
2025-11-12,29.110000610351562,29.110000610351562,28.93000030517578,28.969999313354492,9900,676.0859985351562,60.0,4.0,1.0,1.0,7.0,4.699492712301355e-05,0.00011547843917694044,-1.0,0,2.0,16.0
2025-11-13,28.770000457763672,28.81999969482422,28.649999618530273,28.729999542236328,21700,664.8670043945312,60.0,4.0,1.0,1.0,7.0,3.2408175406681407e-05,7.003974139862569e-05,-1.0,1,2.0,17.0
2025-11-14,28.809999465942383,28.850000381469727,28.770000457763672,28.770000457763672,11300,664.7581176757812,59.0,4.0,1.0,1.0,7.0,1.1002004614382013e-05,2.3079129915494528e-05,1.0,0,1.0,18.0
2025-11-17,28.989999771118164,29.0,28.920000076293945,28.969999313354492,20000,658.56494140625,59.0,4.0,1.0,1.0,7.0,8.356730219817025e-06,5.798999571429668e-06,1.0,0,1.0,19.0
2025-11-18,28.920000076293945,29.049999237060547,28.8799991607666,29.049999237060547,22200,653.03466796875,58.0,4.0,1.0,1.0,7.0,1.8929433584354524e-05,4.131414859567301e-05,1.0,0,1.0,20.0
2025-11-19,29.170000076293945,29.31999969482422,29.1200008392334,29.280000686645508,29900,655.5574951171875,59.0,4.0,1.0,1.0,7.0,3.583875480144541e-05,4.699492712301355e-05,1.0,0,1.0,21.0
2025-11-20,29.260000228881836,29.31999969482422,29.25,29.299999237060547,26400,645.5652465820312,58.0,4.0,1.0,1.0,7.0,5.5681051535466586e-05,3.2408175406681407e-05,1.0,0,1.0,22.0
2025-11-21,29.3700008392334,29.459999084472656,29.350000381469727,29.3799991607666,12900,651.995849609375,57.0,4.0,1.0,1.0,7.0,7.390262106824761e-05,1.1002004614382013e-05,1.0,0,1.0,23.0
2025-11-24,29.329999923706055,29.3799991607666,29.290000915527344,29.34000015258789,7800,661.59228515625,56.0,4.0,1.0,1.0,7.0,8.034970448811671e-05,8.356730219817025e-06,1.0,0,1.0,24.0
2025-11-25,29.229999542236328,29.229999542236328,29.06999969482422,29.149999618530273,14200,667.815185546875,56.0,4.0,1.0,1.0,7.0,7.44745247293438e-05,1.8929433584354524e-05,-1.0,1,2.0,25.0
2025-11-26,29.1299991607666,29.1299991607666,28.969999313354492,29.020000457763672,12600,672.4254760742188,56.0,4.0,1.0,1.0,7.0,5.489240618467998e-05,3.583875480144541e-05,-1.0,0,2.0,26.0
2025-11-28,29.06999969482422,29.149999618530273,28.959999084472656,28.959999084472656,6200,676.0958251953125,55.0,4.0,1.0,1.0,7.0,5.183291524913201e-05,5.5681051535466586e-05,-1.0,0,2.0,27.0
2025-12-01,28.829999923706055,28.959999084472656,28.780000686645508,28.93000030517578,16800,673.0091552734375,54.0,4.0,1.0,1.0,7.0,5.198120382596749e-05,7.390262106824761e-05,-1.0,0,2.0,28.0
2025-12-02,28.860000610351562,28.989999771118164,28.829999923706055,28.829999923706055,40600,674.2557373046875,53.0,4.0,4.0,1.0,8.0,5.3599349523880094e-05,8.034970448811671e-05,-1.0,0,2.0,29.0
2025-12-03,28.739999771118164,28.739999771118164,28.600000381469727,28.639999389648438,33200,676.5905151367188,53.0,4.0,4.0,1.0,8.0,3.932202240214877e-05,7.44745247293438e-05,-1.0,1,2.0,30.0
2025-12-04,28.59000015258789,28.760000228881836,28.59000015258789,28.719999313354492,15500,677.085205078125,53.0,4.0,4.0,1.0,8.0,2.9767996044280642e-05,5.489240618467998e-05,-1.0,0,2.0,31.0
2025-12-05,28.700000762939453,28.829999923706055,28.700000762939453,28.739999771118164,11600,678.3712768554688,52.0,4.0,4.0,1.0,8.0,3.492812072433486e-05,5.183291524913201e-05,-1.0,0,2.0,32.0
2025-12-08,28.729999542236328,28.8799991607666,28.729999542236328,28.790000915527344,12800,676.3333740234375,51.0,4.0,4.0,1.0,8.0,3.661762307138115e-05,5.198120382596749e-05,-1.0,0,2.0,33.0
2025-12-09,28.8799991607666,28.90999984741211,28.809999465942383,28.860000610351562,8100,675.7495727539062,51.0,4.0,4.0,1.0,8.0,4.062783680269347e-05,5.3599349523880094e-05,-1.0,0,2.0,34.0
2025-12-10,28.799999237060547,28.81999969482422,28.520000457763672,28.540000915527344,18200,680.2312622070312,52.0,4.0,4.0,1.0,8.0,1.6288447964024938e-05,3.932202240214877e-05,-1.0,0,2.0,35.0
2025-12-11,28.31999969482422,28.350000381469727,28.209999084472656,28.31999969482422,38100,681.8141479492188,52.0,4.0,4.0,1.0,8.0,-1.2934387885097417e-05,2.9767996044280642e-05,-1.0,1,2.0,36.0
2025-12-12,28.34000015258789,28.3700008392334,28.280000686645508,28.34000015258789,18600,674.4832763671875,52.0,4.0,4.0,1.0,8.0,-5.1355240427765525e-05,3.492812072433486e-05,-1.0,0,2.0,37.0
2025-12-15,28.260000228881836,28.329999923706055,28.200000762939453,28.270000457763672,5600,673.4641723632812,51.0,4.0,4.0,1.0,8.0,-7.611853340340415e-05,3.661762307138115e-05,-1.0,0,2.0,38.0
2025-12-16,28.170000076293945,28.34000015258789,28.049999237060547,28.270000457763672,20300,671.6240844726562,50.0,4.0,4.0,1.0,8.0,-7.552783458087706e-05,4.062783680269347e-05,-1.0,0,2.0,39.0
2025-12-17,28.299999237060547,28.34000015258789,28.260000228881836,28.31999969482422,9300,664.2337646484375,50.0,4.0,4.0,1.0,8.0,-7.519681394809815e-05,1.6288447964024938e-05,1.0,0,2.0,40.0
2025-12-18,28.399999618530273,28.459999084472656,28.350000381469727,28.459999084472656,10200,669.2496337890625,49.0,4.0,4.0,1.0,8.0,-3.896802934507088e-05,-1.2934387885097417e-05,1.0,0,2.0,41.0
2025-12-19,28.139999389648438,28.530000686645508,28.139999389648438,28.510000228881836,13300,675.3153686523438,49.0,4.0,4.0,1.0,8.0,8.685824768887717e-06,-5.1355240427765525e-05,-1.0,0,2.0,42.0
2025-12-22,28.31999969482422,28.34000015258789,28.25,28.290000915527344,19700,679.5224609375,49.0,4.0,4.0,1.0,8.0,4.211183024033069e-05,-7.611853340340415e-05,-1.0,0,2.0,43.0
2025-12-23,28.209999084472656,28.270000457763672,28.139999389648438,28.139999389648438,16700,682.6282348632812,49.0,4.0,4.0,1.0,8.0,2.1955848283413692e-05,-7.552783458087706e-05,-1.0,0,2.0,44.0
2025-12-24,28.170000076293945,28.200000762939453,28.15999984741211,28.15999984741211,5700,685.0294799804688,48.0,4.0,4.0,1.0,8.0,-2.788346703293173e-05,-7.519681394809815e-05,-1.0,0,2.0,45.0
2025-12-26,28.1200008392334,28.270000457763672,28.1200008392334,28.219999313354492,10800,684.9599609375,48.0,4.0,4.0,1.0,8.0,-5.0341746994378223e-05,-3.896802934507088e-05,-1.0,0,2.0,46.0
2025-12-29,28.25,28.34000015258789,28.200000762939453,28.309999465942383,35800,682.51904296875,47.0,4.0,4.0,1.0,8.0,-2.8301388291529743e-05,8.685824768887717e-06,-1.0,0,2.0,47.0
2025-12-30,28.350000381469727,28.43000030517578,28.280000686645508,28.43000030517578,11400,681.685546875,47.0,4.0,4.0,1.0,8.0,1.8708426035659142e-06,4.211183024033069e-05,1.0,0,2.0,48.0
2025-12-31,28.40999984741211,28.469999313354492,28.31999969482422,28.329999923706055,22700,676.635009765625,46.0,4.0,4.0,1.0,8.0,3.669328040832349e-06,2.1955848283413692e-05,1.0,0,2.0,49.0
2026-01-02,28.479999542236328,28.520000457763672,28.34000015258789,28.520000457763672,20400,677.8753051757812,46.0,4.0,4.0,1.0,8.0,-8.334714391891817e-06,-2.788346703293173e-05,1.0,0,2.0,50.0
2026-01-05,28.75,28.75,28.450000762939453,28.459999084472656,43100,682.3900756835938,46.0,4.0,4.0,1.0,8.0,-5.6338589771498526e-05,-5.0341746994378223e-05,-1.0,0,2.0,51.0
2026-01-06,28.559999465942383,28.690000534057617,28.450000762939453,28.649999618530273,15600,686.4484252929688,46.0,4.0,4.0,1.0,8.0,-5.531231657803089e-05,-2.8301388291529743e-05,-1.0,0,2.0,52.0
2026-01-07,28.700000762939453,28.719999313354492,28.6299991607666,28.690000534057617,26200,684.2356567382812,45.0,4.0,4.0,1.0,8.0,-6.802791703118045e-05,1.8708426035659142e-06,1.0,0,2.0,53.0
2026-01-08,28.790000915527344,28.920000076293945,28.75,28.899999618530273,10800,684.1661987304688,46.0,4.0,4.0,1.0,8.0,-1.7709909589901692e-05,3.669328040832349e-06,1.0,0,2.0,54.0
2026-01-09,28.969999313354492,29.010000228881836,28.899999618530273,28.93000030517578,10700,688.6908569335938,45.0,4.0,4.0,1.0,8.0,3.203679838160408e-05,-8.334714391891817e-06,1.0,0,2.0,55.0
2026-01-12,28.790000915527344,28.860000610351562,28.729999542236328,28.780000686645508,17800,689.7723999023438,45.0,4.0,4.0,1.0,8.0,9.78357107007191e-05,-5.6338589771498526e-05,-1.0,1,2.0,56.0
2026-01-13,28.760000228881836,28.969999313354492,28.760000228881836,28.899999618530273,7500,688.3932495117188,45.0,4.0,4.0,1.0,8.0,0.00015633229091393692,-5.531231657803089e-05,1.0,0,2.0,57.0
2026-01-14,28.899999618530273,28.940000534057617,28.81999969482422,28.940000534057617,2700,685.009521484375,44.0,4.0,4.0,1.0,8.0,0.0001872184953430004,-6.802791703118045e-05,1.0,0,2.0,58.0
2026-01-15,29.149999618530273,29.15999984741211,29.100000381469727,29.110000610351562,13100,686.8750610351562,44.0,4.0,4.0,1.0,8.0,0.0002295364931802572,-1.7709909589901692e-05,1.0,0,2.0,59.0
2026-01-16,29.09000015258789,29.200000762939453,29.09000015258789,29.18000030517578,2700,686.2994995117188,44.0,1.0,4.0,1.0,2.0,0.00022396672508841209,3.203679838160408e-05,1.0,0,1.0,60.0
2026-01-20,28.600000381469727,28.6299991607666,28.489999771118164,28.56999969482422,54400,672.3286743164062,52.0,1.0,4.0,4.0,6.0,0.00013914770867419753,9.78357107007191e-05,1.0,1,2.0,61.0
2026-01-21,28.540000915527344,28.780000686645508,28.540000915527344,28.739999771118164,24000,680.0880737304688,52.0,1.0,4.0,1.0,2.0,2.5734355720260334e-05,0.00015633229091393692,1.0,0,1.0,62.0
2026-01-22,28.670000076293945,28.670000076293945,28.450000762939453,28.459999084472656,27500,683.6402587890625,53.0,1.0,4.0,1.0,2.0,-9.03740321522889e-05,0.0001872184953430004,-1.0,0,2.0,63.0
2026-01-23,28.479999542236328,28.479999542236328,28.040000915527344,28.1200008392334,35200,683.8883666992188,54.0,1.0,4.0,1.0,2.0,-0.00012658101497601835,0.0002295364931802572,-1.0,0,2.0,64.0
2026-01-26,27.940000534057617,27.940000534057617,27.739999771118164,27.799999237060547,72000,687.3612060546875,56.0,4.0,4.0,1.0,8.0,-0.0001670166381043035,0.00022396672508841209,-1.0,1,2.0,65.0
2026-01-27,27.540000915527344,27.549999237060547,26.93000030517578,27.1299991607666,45300,690.099853515625,64.0,4.0,4.0,4.0,12.0,-0.00020945880409361977,0.00013914770867419753,-1.0,1,4.0,1.0
2026-01-28,27.399999618530273,27.709999084472656,27.399999618530273,27.530000686645508,68500,690.0303344726562,66.0,4.0,4.0,1.0,8.0,-0.00021074697489604282,2.5734355720260334e-05,-1.0,0,2.0,2.0
2026-01-29,27.5,27.68000030517578,27.43000030517578,27.450000762939453,64200,688.6610717773438,65.0,4.0,4.0,1.0,8.0,-0.00020152861554385186,-9.03740321522889e-05,-1.0,0,2.0,3.0
2026-01-30,27.68000030517578,27.989999771118164,27.65999984741211,27.989999771118164,41100,686.6071166992188,70.0,4.0,4.0,1.0,8.0,-0.00012191242943058419,-0.00012658101497601835,1.0,0,2.0,4.0
2026-02-02,28.110000610351562,28.34000015258789,28.06999969482422,28.260000228881836,63500,690.0204467773438,70.0,4.0,4.0,1.0,8.0,-7.48111688428816e-05,-0.0001670166381043035,1.0,0,2.0,5.0
2026-02-03,28.25,28.290000915527344,28.079999923706055,28.100000381469727,40300,684.18603515625,69.0,4.0,4.0,1.0,8.0,-3.026413587730015e-05,-0.00020945880409361977,1.0,0,2.0,6.0
2026-02-04,28.139999389648438,28.25,28.100000381469727,28.209999084472656,18700,680.8719482421875,68.0,4.0,4.0,1.0,8.0,-1.6124281779000835e-05,-0.00021074697489604282,1.0,0,2.0,7.0
2026-02-05,28.229999542236328,28.350000381469727,28.209999084472656,28.350000381469727,43400,672.3682861328125,68.0,4.0,4.0,1.0,8.0,-4.5954360993783364e-06,-0.00020152861554385186,1.0,0,2.0,8.0
2026-02-06,28.149999618530273,28.209999084472656,28.09000015258789,28.15999984741211,40700,685.2676391601562,67.0,4.0,4.0,1.0,8.0,1.4375910423909917e-05,-0.00012191242943058419,-1.0,0,2.0,9.0
2026-02-09,27.719999313354492,27.780000686645508,27.6299991607666,27.729999542236328,15300,688.5718383789062,70.0,4.0,4.0,1.0,8.0,-1.173173599294591e-05,-7.48111688428816e-05,-1.0,1,2.0,10.0
2026-02-10,27.690000534057617,27.809999465942383,27.690000534057617,27.75,17100,686.7559814453125,69.0,4.0,4.0,1.0,8.0,-5.288068169380434e-05,-3.026413587730015e-05,-1.0,0,2.0,11.0
2026-02-11,27.93000030517578,27.969999313354492,27.81999969482422,27.889999389648438,10400,686.5972290039062,68.0,4.0,4.0,1.0,8.0,-8.892708913684292e-05,-1.6124281779000835e-05,-1.0,0,2.0,12.0
2026-02-12,27.850000381469727,27.979999542236328,27.809999465942383,27.8799991607666,15700,675.9900512695312,67.0,4.0,4.0,1.0,8.0,-0.00010265965412952864,-4.5954360993783364e-06,1.0,0,2.0,13.0
2026-02-13,27.93000030517578,27.959999084472656,27.8799991607666,27.899999618530273,4000,676.4663696289062,66.0,4.0,4.0,1.0,8.0,-8.487738787295556e-05,1.4375910423909917e-05,1.0,0,2.0,14.0
2026-02-17,28.1200008392334,28.270000457763672,28.010000228881836,28.079999923706055,39200,677.5578002929688,66.0,4.0,1.0,1.0,7.0,-8.610038876251483e-05,-1.173173599294591e-05,1.0,0,1.0,1.0
2026-02-18,28.219999313354492,28.399999618530273,28.149999618530273,28.389999389648438,45700,680.97119140625,66.0,4.0,1.0,1.0,7.0,-4.428193807120949e-05,-5.288068169380434e-05,1.0,0,1.0,2.0
2026-02-19,28.559999465942383,28.559999465942383,28.420000076293945,28.43000030517578,19300,679.1751708984375,65.0,4.0,1.0,1.0,7.0,-3.2684851304094364e-05,-8.892708913684292e-05,1.0,0,1.0,3.0
2026-02-20,28.459999084472656,28.479999542236328,28.280000686645508,28.34000015258789,7300,684.0867919921875,65.0,4.0,1.0,1.0,7.0,-8.414489446593829e-06,-0.00010265965412952864,1.0,0,1.0,4.0
2026-02-23,28.31999969482422,28.34000015258789,28.270000457763672,28.329999923706055,6900,677.1013793945312,64.0,4.0,1.0,1.0,7.0,-1.8407364631395477e-05,-8.487738787295556e-05,1.0,0,1.0,5.0
2026-02-24,28.459999084472656,28.719999313354492,28.360000610351562,28.389999389648438,10200,682.0228881835938,63.0,4.0,1.0,1.0,7.0,-3.376694891240366e-05,-8.610038876251483e-05,1.0,0,1.0,6.0
2026-02-25,28.34000015258789,28.34000015258789,28.260000228881836,28.280000686645508,3300,687.7780151367188,62.0,4.0,1.0,1.0,7.0,-4.726104814777832e-05,-4.428193807120949e-05,-1.0,1,2.0,7.0
2026-02-26,28.25,28.43000030517578,28.25,28.270000457763672,4300,683.9578247070312,61.0,4.0,1.0,1.0,7.0,-6.40340804750683e-05,-3.2684851304094364e-05,-1.0,0,2.0,8.0
2026-02-27,28.329999923706055,28.329999923706055,28.18000030517578,28.280000686645508,8900,680.6734619140625,60.0,4.0,1.0,1.0,7.0,-6.0023991012656816e-05,-8.414489446593829e-06,1.0,0,1.0,9.0
2026-03-02,28.81999969482422,28.950000762939453,28.440000534057617,28.84000015258789,51800,681.0604858398438,65.0,4.0,1.0,1.0,7.0,-1.4580358113914864e-05,-1.8407364631395477e-05,1.0,0,1.0,10.0
2026-03-03,29.489999771118164,29.670000076293945,29.209999084472656,29.270000457763672,91300,675.0573120117188,67.0,4.0,1.0,1.0,7.0,5.742616740131364e-05,-3.376694891240366e-05,1.0,0,1.0,11.0
2026-03-04,29.200000762939453,29.229999542236328,29.049999237060547,29.139999389648438,60400,679.8201293945312,66.0,4.0,1.0,1.0,7.0,0.00012976699048953356,-4.726104814777832e-05,1.0,0,1.0,12.0
2026-03-05,29.350000381469727,29.530000686645508,29.270000457763672,29.280000686645508,89700,676.0297241210938,66.0,4.0,1.0,1.0,7.0,0.00016794723393356436,-6.40340804750683e-05,1.0,0,1.0,13.0
2026-03-06,29.469999313354492,29.510000228881836,29.18000030517578,29.290000915527344,61500,667.1689453125,65.0,4.0,1.0,1.0,7.0,0.00019997163644846689,-6.0023991012656816e-05,1.0,0,1.0,14.0
2026-03-09,29.440000534057617,29.489999771118164,29.15999984741211,29.299999237060547,44300,673.0133056640625,64.0,4.0,1.0,1.0,7.0,0.00024346670844005718,-1.4580358113914864e-05,1.0,0,1.0,15.0
2026-03-10,29.049999237060547,29.290000915527344,28.969999313354492,29.290000915527344,24000,671.9317016601562,63.0,4.0,1.0,1.0,7.0,0.00030626289888445213,5.742616740131364e-05,1.0,0,1.0,16.0
2026-03-11,29.3799991607666,29.540000915527344,29.3799991607666,29.510000228881836,18600,671.08837890625,63.0,1.0,1.0,1.0,1.0,0.0003981635934277284,0.00012976699048953356,1.0,0,1.0,17.0
2026-03-12,29.6299991607666,29.829999923706055,29.6299991607666,29.829999923706055,81100,660.89794921875,64.0,1.0,1.0,1.0,1.0,0.0004663838280522294,0.00016794723393356436,1.0,0,1.0,18.0
2026-03-13,30.049999237060547,30.309999465942383,29.940000534057617,30.239999771118164,48000,657.1571655273438,65.0,1.0,1.0,1.0,1.0,0.000529186333957341,0.00019997163644846689,1.0,0,1.0,19.0
2026-03-16,30.010000228881836,30.010000228881836,29.700000762939453,29.809999465942383,92800,663.844970703125,67.0,1.0,1.0,1.0,1.0,0.0004993642090742339,0.00024346670844005718,1.0,0,1.0,20.0
2026-03-17,29.6200008392334,29.719999313354492,29.600000381469727,29.610000610351562,38500,665.5912475585938,67.0,1.0,1.0,1.0,1.0,0.0004511701764410624,0.00030626289888445213,1.0,0,1.0,21.0
2026-03-18,29.75,30.75,29.700000762939453,30.030000686645508,99800,656.3038330078125,69.0,1.0,1.0,1.0,1.0,0.000397163935308663,0.0003981635934277284,1.0,0,1.0,22.0
2026-03-19,30.010000228881836,30.010000228881836,29.280000686645508,29.43000030517578,65200,654.6864624023438,73.0,1.0,1.0,1.0,1.0,0.00033182354354979217,0.0004663838280522294,1.0,0,1.0,23.0
2026-03-20,29.579999923706055,29.68000030517578,29.459999084472656,29.489999771118164,42000,645.3009643554688,72.0,1.0,1.0,1.0,1.0,0.00029119244087320444,0.000529186333957341,1.0,0,1.0,24.0
2026-03-23,29.360000610351562,29.399999618530273,29.110000610351562,29.290000915527344,31300,652.07666015625,71.0,1.0,1.0,1.0,1.0,0.00023228836024088759,0.0004993642090742339,1.0,1,1.0,25.0
2026-03-24,29.510000228881836,29.530000686645508,29.309999465942383,29.399999618530273,59900,649.8877563476562,71.0,1.0,1.0,1.0,1.0,0.0002626934478302221,0.0004511701764410624,1.0,0,1.0,26.0
2026-03-25,29.399999618530273,29.56999969482422,29.399999618530273,29.56999969482422,27000,653.5094604492188,70.0,1.0,1.0,1.0,1.0,0.0002971007575836824,0.000397163935308663,1.0,0,1.0,27.0
2026-03-26,29.690000534057617,29.829999923706055,29.6200008392334,29.760000228881836,37900,641.838623046875,70.0,1.0,1.0,1.0,1.0,0.0003358728728211292,0.00033182354354979217,1.0,0,1.0,28.0
2026-03-27,29.739999771118164,29.8799991607666,29.700000762939453,29.760000228881836,40100,630.89404296875,68.0,1.0,1.0,1.0,1.0,0.0003579362357677518,0.00029119244087320444,1.0,0,1.0,29.0
2026-03-30,29.969999313354492,30.170000076293945,29.950000762939453,30.149999618530273,32300,628.78466796875,70.0,1.0,1.0,1.0,1.0,0.0003895531147563478,0.00023228836024088759,1.0,0,1.0,30.0
2026-03-31,29.8700008392334,29.8700008392334,29.579999923706055,29.600000381469727,62300,647.0621337890625,73.0,1.0,1.0,1.0,1.0,0.0003590441423743208,0.0002626934478302221,-1.0,1,1.0,31.0
2026-04-01,29.290000915527344,29.670000076293945,29.260000228881836,29.459999084472656,33800,651.9373779296875,72.0,1.0,1.0,1.0,1.0,0.0002938293095627496,0.0002971007575836824,-1.0,0,1.0,32.0
2026-04-02,29.81999969482422,29.84000015258789,29.68000030517578,29.729999542236328,16800,652.5244750976562,72.0,1.0,1.0,1.0,1.0,0.00021495147097924617,0.0003358728728211292,-1.0,0,1.0,33.0
2026-04-06,29.68000030517578,29.719999313354492,29.559999465942383,29.68000030517578,6800,655.6087646484375,71.0,1.0,1.0,1.0,1.0,0.00020476599977245223,0.0003579362357677518,-1.0,0,1.0,34.0
2026-04-07,29.600000381469727,29.989999771118164,29.530000686645508,29.670000076293945,631000,655.8972778320312,70.0,1.0,4.0,1.0,2.0,0.0002126737991926019,0.0003895531147563478,-1.0,0,2.0,35.0
2026-04-08,28.8799991607666,29.25,28.860000610351562,29.149999618530273,214400,672.6027221679688,73.0,1.0,4.0,1.0,2.0,0.0001824451297578713,0.0003590441423743208,-1.0,1,2.0,36.0
2026-04-09,29.149999618530273,29.149999618530273,28.829999923706055,28.950000762939453,169500,676.4830322265625,73.0,1.0,4.0,1.0,2.0,0.00013949319807462728,0.0002938293095627496,-1.0,0,2.0,37.0
2026-04-10,28.809999465942383,28.81999969482422,27.850000381469727,28.700000762939453,688200,676.0353393554688,73.0,1.0,4.0,1.0,2.0,9.527089978548337e-05,0.00021495147097924617,-1.0,1,2.0,38.0
2026-04-13,28.860000610351562,28.899999618530273,28.559999465942383,28.6200008392334,47700,682.6417846679688,72.0,1.0,4.0,1.0,2.0,7.829581850187939e-05,0.00020476599977245223,-1.0,0,2.0,39.0
2026-04-14,28.399999618530273,28.459999084472656,28.34000015258789,28.40999984741211,56500,690.959716796875,71.0,1.0,4.0,1.0,2.0,2.5337806779337254e-05,0.0002126737991926019,-1.0,1,2.0,40.0
2026-04-15,28.399999618530273,28.489999771118164,28.360000610351562,28.3700008392334,19500,696.412109375,70.0,1.0,4.0,1.0,2.0,-4.260053060500899e-05,0.0001824451297578713,-1.0,0,2.0,41.0
2026-04-16,28.5,28.59000015258789,28.459999084472656,28.479999542236328,15300,698.1234130859375,69.0,1.0,4.0,1.0,2.0,-9.25605479401035e-05,0.00013949319807462728,-1.0,0,2.0,42.0
2026-04-17,28.229999542236328,28.559999465942383,28.209999084472656,28.530000686645508,34400,706.5607299804688,69.0,1.0,4.0,1.0,2.0,-0.00010351288379364545,9.527089978548337e-05,-1.0,0,2.0,43.0
2026-04-20,28.56999969482422,28.600000381469727,28.420000076293945,28.459999084472656,16300,705.1477661132812,68.0,1.0,4.0,1.0,2.0,-9.360730016184236e-05,7.829581850187939e-05,-1.0,0,2.0,44.0
2026-04-21,28.579999923706055,28.809999465942383,28.56999969482422,28.770000457763672,10400,700.53125,68.0,1.0,4.0,1.0,2.0,-7.154771548815554e-05,2.5337806779337254e-05,-1.0,0,2.0,45.0
2026-04-22,28.729999542236328,28.899999618530273,28.719999313354492,28.860000610351562,17900,707.6253051757812,67.0,1.0,4.0,1.0,2.0,-4.497564954930171e-05,-4.260053060500899e-05,-1.0,0,2.0,46.0
2026-04-23,28.93000030517578,29.049999237060547,28.8799991607666,28.989999771118164,17500,704.8792114257812,67.0,1.0,4.0,1.0,2.0,-1.7737730720386085e-05,-9.25605479401035e-05,-1.0,0,2.0,47.0
2026-04-24,28.899999618530273,28.950000762939453,28.780000686645508,28.780000686645508,8600,710.3414916992188,66.0,1.0,4.0,1.0,2.0,-4.8516591933284446e-05,-0.00010351288379364545,-1.0,0,2.0,48.0
2026-04-27,28.68000030517578,28.850000381469727,28.68000030517578,28.799999237060547,14400,711.5653686523438,65.0,1.0,4.0,1.0,2.0,-0.00010263968736476757,-9.360730016184236e-05,-1.0,0,2.0,49.0
2026-04-28,29.0,29.0,28.520000457763672,28.920000076293945,17300,708.1029052734375,65.0,1.0,4.0,1.0,2.0,-0.0001372370366120259,-7.154771548815554e-05,-1.0,0,2.0,50.0
2026-04-29,29.049999237060547,29.190000534057617,28.940000534057617,29.100000381469727,13700,707.993408203125,64.0,1.0,1.0,1.0,1.0,-0.00012797178993826446,-4.497564954930171e-05,1.0,0,1.0,51.0
2026-04-30,29.020000457763672,29.020000457763672,28.780000686645508,28.780000686645508,16700,715.0377197265625,65.0,1.0,1.0,1.0,1.0,-0.0001328162551241375,-1.7737730720386085e-05,-1.0,0,1.0,52.0
2026-05-01,28.68000030517578,28.940000534057617,28.6200008392334,28.940000534057617,8300,717.0177001953125,65.0,1.0,1.0,1.0,1.0,-0.00011411111452471025,-4.8516591933284446e-05,-1.0,0,1.0,53.0
2026-05-04,29.010000228881836,29.09000015258789,28.920000076293945,29.010000228881836,14300,714.3909912109375,64.0,1.0,1.0,1.0,1.0,-0.00010153981416575077,-0.00010263968736476757,-1.0,0,1.0,54.0
2026-05-05,29.030000686645508,29.030000686645508,28.959999084472656,29.010000228881836,7300,720.1220092773438,63.0,1.0,1.0,1.0,1.0,-5.072203278327696e-05,-0.0001372370366120259,-1.0,0,1.0,55.0
2026-05-06,28.739999771118164,28.780000686645508,28.719999313354492,28.780000686645508,5100,730.1312866210938,63.0,1.0,1.0,1.0,1.0,-5.740467096190347e-05,-0.00012797178993826446,-1.0,1,1.0,56.0
2026-05-07,28.719999313354492,29.200000762939453,28.68000030517578,28.84000015258789,15000,727.8926391601562,62.0,1.0,1.0,1.0,1.0,-6.795596849985714e-05,-0.0001328162551241375,-1.0,0,1.0,57.0
2026-05-08,28.649999618530273,28.719999313354492,28.6299991607666,28.6299991607666,13400,733.9021606445312,62.0,1.0,1.0,1.0,1.0,-9.761418864250486e-05,-0.00011411111452471025,-1.0,0,1.0,58.0
2026-05-11,28.68000030517578,28.68000030517578,28.540000915527344,28.600000381469727,37300,735.5736694335938,61.0,1.0,4.0,1.0,2.0,-0.00011510862519034415,-0.00010153981416575077,-1.0,0,2.0,59.0
2026-05-12,28.809999465942383,28.889999389648438,28.780000686645508,28.81999969482422,15800,734.4593505859375,61.0,1.0,4.0,1.0,2.0,-0.00013581104300916064,-5.072203278327696e-05,-1.0,0,2.0,60.0
2026-05-13,28.969999313354492,28.979999542236328,28.950000762939453,28.959999084472656,6700,738.5685424804688,60.0,1.0,4.0,1.0,2.0,-0.00011989437283215012,-5.740467096190347e-05,-1.0,0,2.0,61.0
2026-05-14,29.020000457763672,29.190000534057617,29.020000457763672,29.190000534057617,8900,744.3989868164062,60.0,1.0,1.0,1.0,1.0,-8.667246904893069e-05,-6.795596849985714e-05,-1.0,0,1.0,62.0
2026-05-15,29.350000381469727,29.459999084472656,29.350000381469727,29.450000762939453,15800,735.4443969726562,61.0,1.0,1.0,1.0,1.0,-4.090471090827209e-05,-9.761418864250486e-05,1.0,0,1.0,63.0
2026-05-18,29.329999923706055,29.399999618530273,29.260000228881836,29.329999923706055,19700,734.927001953125,60.0,1.0,1.0,1.0,1.0,-2.890718278829519e-05,-0.00011510862519034415,1.0,0,1.0,64.0
2026-05-19,29.5,29.600000381469727,29.489999771118164,29.56999969482422,10300,730.03173828125,60.0,1.0,1.0,1.0,1.0,-1.007975203921839e-05,-0.00013581104300916064,1.0,0,1.0,65.0
2026-05-20,29.6200008392334,29.6200008392334,29.350000381469727,29.360000610351562,40600,737.5138549804688,60.0,1.0,1.0,1.0,1.0,9.797558801967816e-06,-0.00011989437283215012,-1.0,0,1.0,66.0
2026-05-21,29.6299991607666,29.649999618530273,29.40999984741211,29.469999313354492,10300,738.9764404296875,59.0,1.0,1.0,1.0,1.0,6.150275335893485e-05,-8.667246904893069e-05,1.0,0,1.0,67.0
2026-05-22,29.530000686645508,29.65999984741211,29.489999771118164,29.530000686645508,5100,741.8817749023438,59.0,1.0,1.0,1.0,1.0,0.00011058452229604,-4.090471090827209e-05,-1.0,0,1.0,68.0
2026-05-26,29.459999084472656,29.5,29.399999618530273,29.43000030517578,24300,746.8068237304688,58.0,1.0,1.0,1.0,1.0,0.0001470209705596348,-2.890718278829519e-05,-1.0,0,1.0,69.0
2026-05-27,29.329999923706055,29.459999084472656,29.329999923706055,29.420000076293945,22000,746.6774291992188,57.0,1.0,1.0,1.0,1.0,0.00017486681642344144,-1.007975203921839e-05,-1.0,0,1.0,70.0
2026-05-28,29.420000076293945,29.420000076293945,29.290000915527344,29.389999389648438,18100,750.7965698242188,56.0,1.0,1.0,1.0,1.0,0.0001944135529562529,9.797558801967816e-06,-1.0,0,1.0,71.0
2026-05-29,29.3799991607666,29.389999389648438,29.18000030517578,29.270000457763672,17600,752.6671142578125,56.0,1.0,1.0,1.0,1.0,0.00019796376257471244,6.150275335893485e-05,-1.0,0,1.0,72.0
2026-06-01,29.520000457763672,29.559999465942383,29.360000610351562,29.479999542236328,22300,754.7166748046875,56.0,1.0,1.0,1.0,1.0,0.00020288704849955093,0.00011058452229604,-1.0,0,1.0,73.0
2026-06-02,29.350000381469727,29.540000915527344,29.350000381469727,29.469999313354492,31900,755.7415771484375,55.0,1.0,1.0,1.0,1.0,0.00020091115171106828,0.0001470209705596348,-1.0,0,1.0,74.0
2026-06-03,29.59000015258789,29.649999618530273,29.549999237060547,29.6200008392334,9700,750.4384155273438,55.0,1.0,1.0,1.0,1.0,0.0002137782354554327,0.00017486681642344144,1.0,0,1.0,75.0
2026-06-04,29.469999313354492,29.56999969482422,29.40999984741211,29.559999465942383,29200,753.2740478515625,54.0,1.0,1.0,1.0,1.0,0.0002185455861302818,0.0001944135529562529,-1.0,0,1.0,76.0
2026-06-05,29.719999313354492,30.049999237060547,29.690000534057617,30.030000686645508,32600,733.83251953125,57.0,1.0,1.0,1.0,1.0,0.0002621698021104387,0.00019796376257471244,1.0,0,1.0,77.0
2026-06-08,29.8700008392334,30.010000228881836,29.8700008392334,29.969999313354492,34400,735.4940795898438,56.0,1.0,1.0,1.0,1.0,0.0003146646302616509,0.00020288704849955093,1.0,0,1.0,78.0
2026-06-09,29.799999237060547,29.959999084472656,29.799999237060547,29.93000030517578,23600,733.3350830078125,56.0,1.0,1.0,1.0,1.0,0.0003619396965092484,0.00020091115171106828,1.0,0,1.0,79.0
2026-06-10,29.84000015258789,29.950000762939453,29.81999969482422,29.920000076293945,12500,721.7736206054688,55.0,1.0,1.0,1.0,1.0,0.00035962260590957396,0.0002137782354554327,1.0,0,1.0,80.0
2026-06-11,29.979999542236328,30.110000610351562,29.540000915527344,29.540000915527344,27400,734.04150390625,57.0,1.0,1.0,1.0,1.0,0.00030626426818058163,0.0002185455861302818,-1.0,0,1.0,81.0
2026-06-12,30.139999389648438,30.139999389648438,29.75,29.790000915527344,6000,738.0113525390625,57.0,1.0,1.0,1.0,1.0,0.00028200940356634896,0.0002621698021104387,1.0,0,1.0,82.0
2026-06-15,29.559999465942383,29.729999542236328,29.530000686645508,29.719999313354492,17900,751.0254516601562,56.0,1.0,1.0,1.0,1.0,0.0002508705498135434,0.0003146646302616509,-1.0,1,1.0,83.0
2026-06-16,29.700000762939453,29.709999084472656,29.600000381469727,29.649999618530273,12500,746.5481567382812,56.0,1.0,1.0,1.0,1.0,0.0002657979251320295,0.0003619396965092484,-1.0,0,1.0,84.0
2026-06-17,29.729999542236328,30.309999465942383,29.709999084472656,30.190000534057617,14700,737.225341796875,60.0,1.0,1.0,1.0,1.0,0.00029199931729787605,0.00035962260590957396,1.0,0,1.0,85.0
2026-06-18,30.329999923706055,30.459999084472656,30.270000457763672,30.459999084472656,14200,744.8902587890625,60.0,1.0,1.0,1.0,1.0,0.0003649271652983611,0.00030626426818058163,1.0,0,1.0,86.0
2026-06-22,30.530000686645508,30.65999984741211,30.479999542236328,30.639999389648438,30100,742.546142578125,60.0,1.0,1.0,1.0,1.0,0.00044701486382562943,0.00028200940356634896,1.0,0,1.0,87.0
2026-06-23,30.760000228881836,30.920000076293945,30.760000228881836,30.889999389648438,42300,731.7628784179688,60.0,1.0,1.0,1.0,1.0,0.0005131137585431452,0.0002508705498135434,1.0,0,1.0,88.0
2026-06-24,31.1299991607666,31.1299991607666,30.969999313354492,31.010000228881836,17100,731.4237060546875,59.0,1.0,1.0,1.0,1.0,0.0005575992789498319,0.0002657979251320295,1.0,0,1.0,89.0
2026-06-25,30.989999771118164,30.989999771118164,30.860000610351562,30.920000076293945,9800,732.4810791015625,59.0,1.0,1.0,1.0,1.0,0.0005807638401179031,0.00029199931729787605,1.0,0,1.0,90.0
2026-06-26,30.600000381469727,30.860000610351562,30.600000381469727,30.829999923706055,48500,727.1842651367188,58.0,1.0,1.0,1.0,1.0,0.000557595247421697,0.0003649271652983611,1.0,0,1.0,91.0
2026-06-29,30.719999313354492,30.75,30.610000610351562,30.670000076293945,19400,739.1644897460938,58.0,1.0,1.0,1.0,1.0,0.000503389670251779,0.00044701486382562943,-1.0,0,1.0,92.0
2026-06-30,30.799999237060547,30.799999237060547,30.59000015258789,30.6200008392334,14700,744.9202270507812,57.0,1.0,1.0,1.0,1.0,0.0004410081130851422,0.0005131137585431452,-1.0,0,1.0,93.0
2026-07-01,30.899999618530273,30.93000030517578,30.760000228881836,30.93000030517578,41900,743.9127197265625,58.0,1.0,1.0,1.0,1.0,0.00042511058919646834,0.0005575992789498319,1.0,0,1.0,94.0
2026-07-02,30.600000381469727,30.65999984741211,30.450000762939453,30.6299991607666,18400,742.9351806640625,58.0,1.0,1.0,1.0,1.0,0.0003888243490240903,0.0005807638401179031,-1.0,1,1.0,95.0
2026-07-06,30.65999984741211,30.790000915527344,30.549999237060547,30.549999237060547,26400,749.4190673828125,57.0,1.0,1.0,1.0,1.0,0.00037512240112531583,0.000557595247421697,-1.0,0,1.0,96.0
2026-07-07,30.59000015258789,30.75,30.59000015258789,30.75,9300,745.85791015625,57.0,1.0,1.0,1.0,1.0,0.00035294306581494,0.000503389670251779,-1.0,0,1.0,97.0
2026-07-08,30.75,30.829999923706055,30.510000228881836,30.6299991607666,18000,743.5536499023438,57.0,1.0,1.0,1.0,1.0,0.0003559659578005624,0.0004410081130851422,-1.0,0,1.0,98.0
2026-07-09,30.639999389648438,30.68000030517578,30.559999465942383,30.6200008392334,12700,749.8480224609375,56.0,1.0,1.0,1.0,1.0,0.00036038068493887714,0.00042511058919646834,-1.0,0,1.0,99.0
2026-07-10,30.670000076293945,30.75,30.600000381469727,30.709999084472656,18200,753.0799560546875,55.0,1.0,1.0,1.0,1.0,0.0003504566533447746,0.0003888243490240903,-1.0,0,1.0,100.0
2026-07-13,30.700000762939453,30.940000534057617,30.700000762939453,30.8700008392334,20400,747.3142700195312,55.0,1.0,1.0,1.0,1.0,0.0003693297433413254,0.00037512240112531583,1.0,0,1.0,101.0
2026-07-14,30.579999923706055,30.729999542236328,30.5,30.719999313354492,6500,749.9677124023438,54.0,1.0,1.0,1.0,1.0,0.0004054325357010543,0.00035294306581494,-1.0,0,1.0,102.0
2026-07-15,30.65999984741211,30.65999984741211,30.40999984741211,30.489999771118164,6200,752.9403076171875,55.0,1.0,1.0,1.0,1.0,0.00040050223309755396,0.0003559659578005624,-1.0,0,1.0,103.0
2026-07-16,30.56999969482422,30.68000030517578,30.56999969482422,30.68000030517578,16100,748.8604125976562,54.0,1.0,1.0,1.0,1.0,0.0004145887076701985,0.00036038068493887714,-1.0,0,1.0,104.0
2026-07-17,30.6200008392334,30.649999618530273,30.6200008392334,30.6299991607666,7600,741.4487915039062,54.0,1.0,1.0,1.0,1.0,0.0004114998241999731,0.0003504566533447746,1.0,0,1.0,105.0
2026-07-20,30.780000686645508,30.84000015258789,30.719999313354492,30.729999542236328,9800,740.2518310546875,53.0,1.0,1.0,1.0,1.0,0.00047539041502927485,0.0003693297433413254,1.0,0,1.0,106.0
2026-07-21,30.829999923706055,30.8700008392334,30.75,30.799999237060547,8600,746.426513671875,52.0,1.0,1.0,1.0,1.0,0.0005307944364359153,0.0004054325357010543,1.0,0,1.0,107.0
2026-07-22,30.739999771118164,30.81999969482422,30.739999771118164,30.770000457763672,12800,745.55859375,52.0,1.0,1.0,1.0,1.0,0.0005640879891114875,0.00040050223309755396,1.0,0,1.0,108.0
2026-07-23,31.040000915527344,31.059999465942383,30.950000762939453,30.950000762939453,19400,736.3515014648438,51.0,1.0,1.0,1.0,1.0,0.0005960541018058846,0.0004145887076701985,1.0,0,1.0,109.0
2026-07-24,31.020000457763672,31.049999237060547,30.93000030517578,30.989999771118164,63700,737.099609375,51.0,1.0,1.0,1.0,1.0,0.0005791035782217197,0.0004114998241999731,1.0,0,1.0,110.0
2026-07-27,31.040000915527344,31.06999969482422,30.979999542236328,31.0,15000,737.25927734375,50.0,1.0,1.0,1.0,1.0,0.0005883548867651176,0.00047539041502927485,1.0,0,1.0,111.0
2026-07-28,31.100000381469727,31.100000381469727,30.8700008392334,30.90999984741211,20300,739.0248413085938,49.0,1.0,1.0,1.0,1.0,0.0005642182482123429,0.0005307944364359153,1.0,0,1.0,112.0
2026-07-29,31.010000228881836,31.010000228881836,30.56999969482422,30.610000610351562,22700,727.6531372070312,50.0,1.0,1.0,1.0,1.0,0.0005308082012908306,0.0005640879891114875,1.0,0,1.0,113.0
2026-07-30,30.450000762939453,30.450000762939453,30.149999618530273,30.149999618530273,38100,739.852783203125,54.0,1.0,4.0,1.0,2.0,0.00043654370077290933,0.0005960541018058846,-1.0,1,2.0,114.0
2026-07-31,29.59000015258789,30.59000015258789,29.59000015258789,30.170000076293945,51500,745.1796264648438,53.0,1.0,4.0,1.0,2.0,0.00033762810255289947,0.0005791035782217197,-1.0,0,2.0,115.0
2026-08-03,30.170000076293945,30.3799991607666,30.170000076293945,30.270000457763672,23800,755.793212890625,52.0,1.0,4.0,1.0,2.0,0.0002953894985235982,0.0005883548867651176,-1.0,0,2.0,116.0
2026-08-04,30.200000762939453,30.270000457763672,30.200000762939453,30.209999084472656,18200,769.4193725585938,52.0,1.0,4.0,1.0,2.0,0.00029343233982643586,0.0005642182482123429,-1.0,0,2.0,117.0
2026-08-05,30.1200008392334,30.149999618530273,30.079999923706055,30.139999389648438,9400,767.8831787109375,51.0,1.0,4.0,1.0,2.0,0.00028320616169378926,0.0005308082012908306,-1.0,1,2.0,118.0
2026-08-06,30.170000076293945,30.280000686645508,30.170000076293945,30.229999542236328,13100,766.65625,50.0,1.0,4.0,1.0,2.0,0.00025740555583775537,0.00043654370077290933,-1.0,0,2.0,119.0
2026-08-07,30.059999465942383,30.1200008392334,30.049999237060547,30.09000015258789,14600,771.3446044921875,50.0,1.0,4.0,1.0,2.0,0.00023522121949491698,0.00033762810255289947,-1.0,1,2.0,120.0
2026-08-10,30.100000381469727,30.209999084472656,30.100000381469727,30.170000076293945,10400,771.1151733398438,50.0,1.0,4.0,1.0,2.0,0.00022985347750761106,0.0002953894985235982,-1.0,0,2.0,121.0
2026-08-11,30.190000534057617,30.3700008392334,30.18000030517578,30.219999313354492,27500,768.6513061523438,49.0,1.0,4.0,1.0,2.0,0.00021450315226810676,0.00029343233982643586,-1.0,0,2.0,122.0
2026-08-12,30.229999542236328,30.329999923706055,30.229999542236328,30.329999923706055,4600,770.5764770507812,48.0,1.0,4.0,1.0,2.0,0.0002195192728285418,0.00028320616169378926,-1.0,0,2.0,123.0
2026-08-13,30.209999084472656,30.360000610351562,30.209999084472656,30.280000686645508,3000,775.9531860351562,48.0,1.0,4.0,1.0,2.0,0.0002138479335123132,0.00025740555583775537,-1.0,0,2.0,124.0
2026-08-14,30.040000915527344,30.110000610351562,30.0,30.110000610351562,8500,774.4169921875,48.0,1.0,4.0,1.0,2.0,0.00020962412212467975,0.00023522121949491698,-1.0,1,2.0,125.0
2026-08-17,29.90999984741211,30.079999923706055,29.889999389648438,30.059999465942383,14200,770.7560424804688,47.0,1.0,4.0,1.0,2.0,0.00019050592830388547,0.00022985347750761106,-1.0,0,2.0,126.0
2026-08-18,30.079999923706055,30.09000015258789,30.010000228881836,30.09000015258789,9900,765.5490112304688,46.0,1.0,4.0,1.0,2.0,0.00018492545895612783,0.00021450315226810676,-1.0,0,2.0,127.0
2026-08-19,29.670000076293945,29.670000076293945,29.530000686645508,29.579999923706055,22700,767.1549682617188,51.0,1.0,4.0,1.0,2.0,0.00013804124895582502,0.0002195192728285418,-1.0,1,2.0,128.0
2026-08-20,29.469999313354492,29.600000381469727,29.469999313354492,29.600000381469727,21700,760.7109985351562,50.0,1.0,4.0,1.0,2.0,9.670966345774939e-05,0.0002138479335123132,-1.0,0,2.0,129.0
2026-08-21,29.579999923706055,29.610000610351562,29.549999237060547,29.56999969482422,34700,763.8232421875,50.0,1.0,4.0,1.0,2.0,2.260146076645477e-05,0.00020962412212467975,-1.0,0,2.0,130.0
2026-08-24,29.579999923706055,29.639999389648438,29.56999969482422,29.600000381469727,35000,761.5787963867188,49.0,1.0,4.0,1.0,2.0,-3.05082134706925e-05,0.00019050592830388547,-1.0,0,2.0,131.0
2026-08-25,29.6299991607666,29.6299991607666,29.56999969482422,29.56999969482422,3900,764.0127563476562,48.0,1.0,4.0,1.0,2.0,-7.746982245202571e-05,0.00018492545895612783,-1.0,0,2.0,132.0
2026-08-26,29.709999084472656,29.729999542236328,29.690000534057617,29.700000762939453,2700,764.182373046875,48.0,1.0,4.0,1.0,2.0,-7.818118471640138e-05,0.00013804124895582502,-1.0,0,2.0,133.0
2026-08-27,29.649999618530273,29.75,29.649999618530273,29.690000534057617,3100,769.18994140625,47.0,1.0,4.0,1.0,2.0,-6.498952842976675e-05,9.670966345774939e-05,-1.0,0,2.0,134.0
2026-08-28,29.790000915527344,30.079999923706055,29.729999542236328,30.049999237060547,5600,767.4442749023438,49.0,1.0,4.0,1.0,2.0,-2.642306679874457e-05,2.260146076645477e-05,1.0,0,1.0,135.0
2026-08-31,29.950000762939453,30.010000228881836,29.8700008392334,29.8700008392334,6000,765.1499633789062,49.0,1.0,4.0,1.0,2.0,-2.198037349434964e-05,-3.05082134706925e-05,1.0,0,2.0,136.0
2026-09-01,29.989999771118164,30.06999969482422,29.950000762939453,29.989999771118164,11000,759.89306640625,49.0,1.0,4.0,1.0,2.0,-1.0661914001392726e-05,-7.746982245202571e-05,1.0,0,1.0,137.0
2026-09-02,30.040000915527344,30.100000381469727,30.020000457763672,30.030000686645508,9000,763.2646484375,48.0,1.0,4.0,1.0,2.0,-4.23050452154541e-05,-7.818118471640138e-05,1.0,0,1.0,138.0
2026-09-03,29.920000076293945,29.920000076293945,29.799999237060547,29.809999465942383,7500,771.2548217773438,49.0,1.0,4.0,1.0,2.0,-9.829702214608691e-05,-6.498952842976675e-05,-1.0,1,2.0,139.0
2026-09-04,29.889999389648438,29.920000076293945,29.889999389648438,29.920000076293945,1900,768.2822265625,48.0,1.0,4.0,1.0,2.0,-0.0001261367602539374,-2.642306679874457e-05,-1.0,0,2.0,140.0
2026-09-08,29.8700008392334,29.90999984741211,29.84000015258789,29.850000381469727,5500,764.0626831054688,47.0,1.0,4.0,1.0,2.0,-0.0001430641488347246,-2.198037349434964e-05,1.0,0,2.0,141.0
2026-09-09,29.799999237060547,29.920000076293945,29.799999237060547,29.829999923706055,4900,760.5115356445312,47.0,1.0,4.0,1.0,2.0,-0.00013285472521194078,-1.0661914001392726e-05,1.0,0,2.0,142.0
2026-09-10,29.979999542236328,30.0,29.8799991607666,29.950000762939453,3600,755.9528198242188,46.0,1.0,4.0,1.0,2.0,-9.733976925235296e-05,-4.23050452154541e-05,1.0,0,1.0,143.0
2026-09-11,30.010000228881836,30.049999237060547,30.010000228881836,30.030000686645508,3500,762.3967895507812,46.0,1.0,4.0,1.0,2.0,-3.7935653218497077e-05,-9.829702214608691e-05,1.0,0,1.0,144.0
2026-09-14,30.399999618530273,30.399999618530273,30.25,30.299999237060547,8500,758.9952392578125,47.0,1.0,1.0,1.0,1.0,7.254146668330623e-05,-0.0001261367602539374,1.0,0,1.0,145.0
2026-09-15,30.280000686645508,30.350000381469727,30.280000686645508,30.329999923706055,3600,755.513916015625,46.0,1.0,1.0,1.0,1.0,0.0001274492870463166,-0.0001430641488347246,1.0,0,1.0,146.0
2026-09-16,30.329999923706055,30.780000686645508,30.329999923706055,30.739999771118164,16900,752.1821899414062,49.0,1.0,1.0,1.0,1.0,0.00018613513512978424,-0.00013285472521194078,1.0,0,1.0,147.0
2026-09-17,30.65999984741211,30.729999542236328,30.649999618530273,30.649999618530273,4200,760.7109985351562,48.0,1.0,1.0,1.0,1.0,0.00020089551019747108,-9.733976925235296e-05,1.0,0,1.0,148.0
2026-09-18,30.799999237060547,30.799999237060547,30.6200008392334,30.65999984741211,6700,761.6900024414062,48.0,1.0,1.0,1.0,1.0,0.00021762926345146388,-3.7935653218497077e-05,1.0,0,1.0,149.0
2026-09-21,30.719999313354492,30.770000457763672,30.700000762939453,30.75,19500,773.5,47.0,1.0,1.0,1.0,1.0,0.00020259022700483797,7.254146668330623e-05,-1.0,0,1.0,150.0
2026-09-22,30.84000015258789,30.950000762939453,30.84000015258789,30.920000076293945,9800,773.3800048828125,47.0,1.0,1.0,1.0,1.0,0.0002334885856901066,0.0001274492870463166,1.0,0,1.0,151.0
2026-09-23,31.139999389648438,31.290000915527344,31.139999389648438,31.260000228881836,10600,767.8099975585938,49.0,1.0,1.0,1.0,1.0,0.0002962081880383119,0.00018613513512978424,1.0,0,1.0,152.0
2026-09-24,31.389999389648438,31.389999389648438,31.190000534057617,31.290000915527344,29900,767.1799926757812,48.0,1.0,1.0,1.0,1.0,0.0003481398886246443,0.00020089551019747108,1.0,0,1.0,153.0
2026-09-25,31.149999618530273,31.190000534057617,31.139999389648438,31.15999984741211,5600,771.3499755859375,48.0,1.0,1.0,1.0,1.0,0.0003579887949969191,0.00021762926345146388,1.0,0,1.0,154.0
2026-09-28,31.309999465942383,31.43000030517578,31.270000457763672,31.3700008392334,24900,765.6099853515625,48.0,1.0,1.0,1.0,1.0,0.00036556148093720817,0.00020259022700483797,1.0,0,1.0,155.0
2026-09-29,31.469999313354492,31.649999618530273,31.469999313354492,31.520000457763672,6200,764.2000122070312,48.0,1.0,1.0,1.0,1.0,0.00042763401899128763,0.0002334885856901066,1.0,0,1.0,156.0
2026-09-30,31.3700008392334,31.6200008392334,31.350000381469727,31.6200008392334,8300,762.6300048828125,47.0,1.0,1.0,1.0,1.0,0.0005175961641771893,0.0002962081880383119,1.0,0,1.0,157.0
2026-10-01,31.780000686645508,32.209999084472656,31.780000686645508,32.130001068115234,122500,763.989990234375,51.0,1.0,1.0,1.0,1.0,0.0006468918500357736,0.0003481398886246443,1.0,0,1.0,158.0
2026-10-02,32.06999969482422,32.06999969482422,31.84000015258789,32.02000045776367,33400,769.6400146484375,51.0,1.0,1.0,1.0,1.0,0.0007280046119275185,0.0003579887949969191,1.0,0,1.0,159.0
2026-10-05,32.29999923706055,32.45000076293945,32.18000030517578,32.2599983215332,28900,774.8300170898438,51.0,1.0,1.0,1.0,1.0,0.0008202101670478776,0.00036556148093720817,1.0,0,1.0,160.0
