Date,Open,High,Low,Close,Volume,IndexClose,CVI,LTI,STI,VI,SecState,VWRS,VWRS_1wk,RS,GapDown,Thermostat,Days
2022-10-03,14.291285143790441,14.358066783108159,14.207807696593326,14.333023071289062,969500,348.0798645019531,,,,,,,,,0,,
2022-10-04,14.44989114580031,14.691975593566895,14.44989114580031,14.691975593566895,316900,358.8656921386719,196.0,,,3.0,,,,,0,,
2022-10-05,14.600151969355506,14.700325240492479,14.499980290418662,14.675281524658203,511700,358.0301513671875,193.0,,,3.0,,,,,0,,
2022-10-06,14.625193988904597,14.675279822563875,14.575106563045376,14.616846084594727,265100,354.3367614746094,191.0,,,3.0,,,,,0,,
2022-10-07,14.550064894331006,14.550064894331006,14.374762082777623,14.424849510192871,346600,344.4529113769531,189.0,,,3.0,,,,,1,,
2022-10-10,14.33302631279241,14.33302631279241,14.207810909778427,14.291288375854492,510700,341.8229675292969,186.0,,,3.0,,,,,1,,
2022-10-11,14.249546651150151,14.349719913446808,14.141027076512097,14.182765007019043,410100,339.6582336425781,184.0,,,3.0,,,,,0,,
2022-10-12,14.074245471987352,14.124331307176632,14.015811732233193,14.107635498046875,427000,338.5378112792969,181.0,,,3.0,,,,,1,,
2022-10-13,13.773728235241933,14.015812707874963,13.640164937306505,13.999116897583008,847900,347.47216796875,179.0,,,3.0,,,,,0,,
2022-10-14,13.982419857566923,14.01581147521411,13.7570312150483,13.782074928283691,661600,339.55377197265625,178.0,,,3.0,,,,,0,,
2022-10-17,13.840509537794999,14.007464452135615,13.840509537794999,13.932334899902344,521500,348.2793273925781,176.0,,,3.0,,,,,0,,
2022-10-18,14.007464075209478,14.057549911283882,13.87390078421106,13.974072456359863,525200,352.3714599609375,173.0,,,3.0,,,,,0,,
2022-10-19,13.873901077052508,13.873901077052508,13.690250353903282,13.765379905700684,552800,349.8743591308594,172.0,,,3.0,,,,,0,,
2022-10-20,13.790422832695487,13.974071953155125,13.740335406224707,13.782074928283691,324700,346.9405822753906,169.0,,,3.0,,,,,0,,
2022-10-21,13.548339155197088,13.765379905700684,13.489905413176901,13.765379905700684,732800,355.3717346191406,167.0,,4.0,3.0,,,,,0,,
2022-10-24,13.656861864374017,13.698599801316876,13.506602743859352,13.665209770202637,345600,359.72015380859375,164.0,,4.0,3.0,,,,,0,,
2022-10-25,13.723642053076604,13.949029117576353,13.723642053076604,13.932334899902344,494100,365.46435546875,164.0,,4.0,3.0,,,,,0,,
2022-10-26,13.999116704524646,14.19946164866488,13.999116704524646,14.090940475463867,1470300,362.7109375,162.0,,4.0,3.0,,,,,0,,
2022-10-27,14.099288380494722,14.19946164866488,14.074246257602244,14.090940475463867,534700,360.7741394042969,160.0,,4.0,3.0,,,,,0,,
2022-10-28,14.257892969621029,14.341370413548749,14.191111332918814,14.324674606323242,695800,369.357177734375,159.0,,1.0,3.0,,,,,0,,
2022-10-31,14.341371332137486,14.433196685559526,14.341371332137486,14.399805068969727,567700,366.68914794921875,157.0,,1.0,3.0,,,,,0,,
2022-11-01,14.61684672671833,14.641890440748123,14.449891817586419,14.474935531616211,835900,365.0846252441406,155.0,,1.0,3.0,,,,,0,,
2022-11-02,14.525023730858933,14.73371660513047,14.383112512666276,14.391460418701172,1135200,355.9223937988281,153.0,,1.0,3.0,,,,,0,,
2022-11-03,14.157722638732562,14.282939626552125,14.099288893590174,14.174418449401855,499600,352.2574768066406,152.0,,1.0,3.0,,,,,1,,
2022-11-04,14.5751076798796,14.633543014526367,14.4582401949862,14.633543014526367,439400,357.3275451660156,156.0,,1.0,3.0,,,,,0,,
2022-11-07,14.616847779911689,14.700325240492479,14.600151969355506,14.675281524658203,300600,360.74560546875,154.0,,1.0,3.0,,,,,0,,
2022-11-08,14.725367152215089,14.825540421910476,14.633543379877766,14.733715057373047,396800,362.6919860839844,151.0,,1.0,3.0,,,,,0,,
2022-11-09,14.700324369087634,14.700324369087634,14.49997943088985,14.52502155303955,556600,355.2197570800781,150.0,,1.0,3.0,,,,,0,,
2022-11-10,14.917363679964474,15.126056502843552,14.900667872006176,15.109360694885254,925900,374.7406311035156,158.0,,1.0,3.0,,,,,0,,
2022-11-11,15.301358315372465,15.493355337891717,15.251272481715255,15.468313217163086,834600,378.3675231933594,159.0,,1.0,3.0,,,,,0,,
2022-11-14,15.55179252692754,15.618574184023194,15.501706682155877,15.510054588317871,601700,375.1488342285156,156.0,,1.0,3.0,,,,,0,,
2022-11-15,15.835612752091604,16.077697220318765,15.835612752091604,15.960829734802246,1254200,378.34844970703125,159.0,,1.0,3.0,,,,,0,,
2022-11-16,15.94413454660111,16.044306226036014,15.860657085605265,15.927438735961914,620500,375.46221923828125,156.0,,1.0,3.0,,,,,0,,
2022-11-17,15.852307964937243,16.061000805326938,15.818917938418899,16.027610778808594,611900,374.3133850097656,154.0,,1.0,3.0,,,,,0,,
2022-11-18,16.027613529637566,16.027613529637566,15.877354404015918,15.93578815460205,403800,376.01287841796875,152.0,,1.0,3.0,,,,,0,,
2022-11-21,15.735438941547688,15.735438941547688,15.618569879688119,15.668657302856445,431900,374.6456298828125,152.0,,1.0,3.0,,,,,1,,
2022-11-22,15.693699444149418,15.718743155768543,15.610223589818727,15.702047348022461,862000,379.68719482421875,150.0,,1.0,3.0,,,,,0,,
2022-11-23,15.576833476215732,15.718744671340527,15.526747640348162,15.710396766662598,482800,382.07989501953125,147.0,,1.0,3.0,,,,,0,,
2022-11-25,15.643615888738804,15.660311698913574,15.5851821453272,15.660311698913574,266900,381.9944763183594,145.0,,1.0,3.0,,,,,0,,
2022-11-28,15.601875337181683,15.685352781846182,15.501702085144316,15.526745796203613,350400,375.8988952636719,144.0,,1.0,3.0,,,,,0,,
2022-11-29,15.752136475509758,15.793874407190797,15.70204904685247,15.760482788085938,853600,375.2532958984375,143.0,,1.0,3.0,,,,,0,,
2022-11-30,15.88570226961106,16.086047239195505,15.802224800900804,16.044307708740234,977400,387.07403564453125,143.0,,1.0,3.0,,,,,0,,
2022-12-01,16.136129959230693,16.25299743747676,16.102739933531808,16.177867889404297,712100,386.7891540527344,141.0,,1.0,3.0,,,,,0,,
2022-12-02,15.960829708596137,16.094393003881454,15.927438088674771,16.06934928894043,443700,386.3429260253906,139.0,,1.0,3.0,,,,,1,,
2022-12-05,16.07769801431991,16.14447966537025,15.894048871981525,15.944134712219238,750700,379.39288330078125,138.0,,1.0,3.0,,,,,0,,
2022-12-06,15.885698353608205,15.885698353608205,15.752135073476756,15.810568809509277,485300,373.9239807128906,136.0,,1.0,1.0,,,,,1,,
2022-12-07,15.743788217940184,15.785526148685943,15.68535447801612,15.693700790405273,441000,373.2878723144531,135.0,,1.0,1.0,,,,,0,,
2022-12-08,15.760483633601828,15.902394838010641,15.760483633601828,15.877352714538574,321300,376.2122497558594,133.0,,1.0,1.0,,,,,0,,
2022-12-09,15.852308605761873,15.97752399661748,15.852308605761873,15.885700225830078,284800,373.40179443359375,132.0,,1.0,1.0,,,,,0,,
2022-12-12,15.860655411073196,15.910741245502699,15.785525863328957,15.902393341064453,876400,378.7852783203125,130.0,,1.0,1.0,,,,,0,,
2022-12-13,16.328541431063485,16.42136408449695,16.16820905219413,16.244155883789062,615600,381.6525573730469,131.0,,1.0,1.0,,,,,0,,
2022-12-14,16.151329135787353,16.2441533844593,16.033190353492294,16.176645278930664,1593700,379.2125244140625,129.0,,1.0,1.0,,,,,0,,
2022-12-15,16.02475265056641,16.058507510221375,15.839105751025,15.872859001159668,950500,369.9363708496094,130.0,,1.0,1.0,,,,,0,,
2022-12-16,15.805351832974553,15.805351832974553,15.661896889935216,15.712529182434082,444600,365.5688171386719,129.0,,1.0,1.0,,,,,1,,
2022-12-19,15.81378792421941,15.81378792421941,15.670333004985268,15.695649147033691,303800,362.4688720703125,127.0,,1.0,1.0,,,,,0,,
2022-12-20,15.729402744152074,15.805349562469901,15.70408821105957,15.70408821105957,455300,362.9648742675781,125.0,,1.0,1.0,,,,,0,,
2022-12-21,15.788474501652066,15.898176193237305,15.763159964763474,15.898176193237305,268800,368.3921813964844,124.0,,1.0,1.0,,,,,0,,
2022-12-22,15.864417983092771,15.872856696781403,15.6872098241917,15.780034065246582,280800,363.1366271972656,123.0,,4.0,1.0,,,,,0,,
2022-12-23,15.771598191569199,15.889736985443312,15.737843330736395,15.85598373413086,1117000,365.2254638671875,121.0,,4.0,1.0,,,,,0,,
2022-12-27,15.872860046828311,15.93192944559556,15.839106794470055,15.898176193237305,283600,363.78521728515625,119.0,,4.0,1.0,,,,,0,,
2022-12-28,15.957243594436033,15.990998452089173,15.780035420317654,15.796911239624023,590500,359.2641296386719,118.0,,4.0,1.0,,,,,0,,
2022-12-29,15.855979622012994,16.03318776686669,15.839102195973613,16.007871627807617,426400,365.73095703125,117.0,,4.0,1.0,,,,,0,,
2022-12-30,15.96568325569052,15.999436505825187,15.872859001159666,15.872859001159668,267900,364.7676086425781,116.0,,4.0,1.0,,,,,0,,
2023-01-03,15.898176450071846,15.982561996611336,15.78847475671438,15.881299018859863,967300,363.2319641113281,115.0,,4.0,1.0,,,,,0,,
2023-01-04,16.03319177392537,16.058507919311523,15.915052981164008,16.058507919311523,292400,366.0362243652344,114.0,,4.0,1.0,,,,,0,,
2023-01-05,16.117574088684876,16.176643473238883,16.100696661806587,16.126012802124023,263700,361.8584899902344,112.0,,4.0,1.0,,,,,0,,
2023-01-06,16.10069912410491,16.345417022705078,16.02475230105798,16.345417022705078,235800,370.15667724609375,112.0,,4.0,1.0,,,,,0,,
2023-01-09,16.41292753706042,16.51418890962047,16.379172673193402,16.387611389160156,486600,369.94683837890625,111.0,,1.0,1.0,,,,,0,,
2023-01-10,16.2525889746286,16.303219641662366,16.19351959483589,16.269466400146484,299800,372.54119873046875,109.0,,1.0,1.0,,,,,1,,
2023-01-11,16.32854138379171,16.39604949951172,16.27791069938181,16.39604949951172,353300,377.2530212402344,108.0,,1.0,1.0,,,,,0,,
2023-01-12,16.387612658040727,16.48043693134184,16.26947384439977,16.47199821472168,489800,378.6265869140625,107.0,,1.0,1.0,,,,,0,,
2023-01-13,16.480434173692526,16.67451979491819,16.471995458484407,16.657642364501953,217400,380.0954284667969,106.0,,1.0,1.0,,,,,0,,
2023-01-17,16.581697553689466,16.62389113486132,16.522628149569417,16.607013702392578,1001800,379.399169921875,105.0,,1.0,1.0,,,,,0,,
2023-01-18,16.775780566459378,16.826412855921582,16.573256237171453,16.590133666992188,671300,373.40911865234375,103.0,,1.0,1.0,,,,,0,,
2023-01-19,16.51418885706312,16.56481954318201,16.455119455004333,16.539505004882812,255700,370.6907958984375,102.0,,1.0,1.0,,,,,1,,
2023-01-20,16.623888586168757,16.79265805641963,16.59857244134699,16.767343521118164,659800,377.5964050292969,102.0,,1.0,1.0,,,,,0,,
2023-01-23,16.801097134615947,16.936113357543945,16.775780989246822,16.936113357543945,338500,382.1271057128906,102.0,,1.0,1.0,,,,,0,,
2023-01-24,16.851727136413672,16.88548199554493,16.76734320762608,16.84328842163086,234700,381.7169494628906,100.0,,1.0,1.0,,,,,0,,
2023-01-25,16.927677903892942,17.045818328857422,16.902363363166778,17.045818328857422,674300,381.8600158691406,100.0,,1.0,1.0,,,,,0,,
2023-01-26,17.189270511245418,17.256778624785294,17.113323682323006,17.231462478637695,812100,386.0567932128906,100.0,,1.0,1.0,,,,,0,,
2023-01-27,17.206146424475133,17.265215822948267,17.163954456857294,17.256778717041016,1264400,386.9438171386719,98.0,,1.0,1.0,,,,,0,,
2023-01-30,17.12176243993176,17.197707659521086,17.06269143210835,17.07956886291504,1057900,382.0888977050781,98.0,,1.0,1.0,,,,,0,,
2023-01-31,17.028936865589,17.147075653076172,17.02049815083702,17.147075653076172,279500,387.70684814453125,97.0,,1.0,1.0,,,,,0,,
2023-02-01,17.14707751317509,17.33272603881707,16.952991881386147,17.29897117614746,608400,391.8273010253906,96.0,,1.0,1.0,,,,,0,,
2023-02-02,17.19770501502586,17.23145987144875,17.05425009426888,17.214582443237305,378200,397.53118896484375,95.0,,1.0,1.0,,,,,0,,
2023-02-03,17.104883003646723,17.189268538265917,17.02893618344147,17.054250717163086,353700,393.3056945800781,94.0,,1.0,1.0,,,,,0,,
2023-02-06,17.028936304007775,17.028936304007775,16.82641198519994,16.92767333984375,310900,390.90216064453125,93.0,,1.0,1.0,,,,,0,,
2023-02-07,16.86860522751214,17.02893759563278,16.817974546349955,17.012060165405273,314500,396.0146484375,92.0,,1.0,1.0,,,,,0,,
2023-02-08,17.01206007220452,17.028937502339563,16.952990676252192,16.986743927001953,152400,391.6842956542969,91.0,,1.0,1.0,,,,,0,,
2023-02-09,17.02049841925675,17.028937134141813,16.775780516150867,16.817974090576172,527200,388.2887268066406,91.0,,1.0,1.0,,,,,0,,
2023-02-10,16.817974201241395,16.826412916181983,16.72514994641522,16.767343521118164,447600,389.1948547363281,89.0,,1.0,1.0,,,,,0,,
2023-02-13,16.62388650328718,16.725147850846156,16.590131647754124,16.71670913696289,376200,393.76361083984375,88.0,,1.0,1.0,,,,,1,,
2023-02-14,16.573258808916535,16.71671376561272,16.53106683733788,16.682960510253906,258800,393.5823974609375,87.0,,1.0,1.0,,,,,0,,
2023-02-15,16.353854604510165,16.471995004648466,16.294785209201166,16.46355628967285,495300,394.8604736328125,87.0,,4.0,1.0,,,,,1,,
2023-02-16,16.497308116338615,16.682956610740078,16.47199358311672,16.581693649291992,441500,389.4237365722656,87.0,,4.0,1.0,,,,,0,,
2023-02-17,16.666080474853516,16.67451918975537,16.598572365158972,16.666080474853516,506200,388.4508972167969,86.0,,4.0,1.0,,,,,0,,
2023-02-21,16.514185662605225,16.556379234142906,16.438238843357585,16.455116271972656,354500,380.6581115722656,86.0,,4.0,1.0,,,,,1,,
2023-02-22,16.42980335947343,16.45511950737369,16.353856525293143,16.387611389160156,168400,380.13360595703125,85.0,,4.0,1.0,,,,,0,,
2023-02-23,16.286347153437216,16.311663299388766,16.142892212085844,16.227277755737305,368600,382.15570068359375,85.0,,4.0,1.0,,,,,1,,
2023-02-24,16.142891645994705,16.142891645994705,16.050068999801493,16.08382225036621,512000,378.0733642578125,84.0,,4.0,1.0,,,,,1,,
2023-02-27,16.10913909380507,16.15976977660728,16.066947126389955,16.10070037841797,235800,379.36102294921875,83.0,,4.0,1.0,,,,,0,,
2023-02-28,16.07538282251952,16.19352321805816,16.07538282251952,16.14289093017578,255200,377.9588928222656,82.0,,4.0,1.0,,,,,0,,
2023-03-01,16.1428886194823,16.185082186678027,16.083819234928296,16.126012802124023,685900,376.50909423828125,81.0,,4.0,1.0,,,,,0,,
2023-03-02,15.948806232158539,16.06694663444024,15.931928801901105,16.058507919311523,185000,379.4373779296875,80.0,,4.0,1.0,,,,,1,,
2023-03-03,16.02475424271626,16.1260172222219,15.982562273475839,16.117578506469727,225100,385.5226745605469,79.0,,4.0,1.0,,,,,0,,
2023-03-06,16.126012802124023,16.20195961355632,16.083819234928296,16.126012802124023,515200,385.7897644042969,78.0,,4.0,1.0,,,,,0,,
2023-03-07,16.117579748813643,16.244157275811958,16.024755477905273,16.024755477905273,2012800,379.87603759765625,77.0,,4.0,1.0,,,,,0,,
2023-03-08,16.14289042140625,16.201961422073975,16.126014602164236,16.176645278930664,421700,380.4960021972656,77.0,,4.0,1.0,,,,,0,,
2023-03-09,16.066945451880937,16.126014843913993,15.889735666261549,15.923490524291992,364300,373.4759521484375,79.0,,4.0,1.0,,,,,0,,
2023-03-10,15.805350074909386,15.839104932820668,15.64501932839144,15.670333862304688,766000,368.0868835449219,81.0,,4.0,1.0,,,,,1,,
2023-03-13,15.510001493239626,15.569072494534755,15.417178853101992,15.434056282043457,595200,367.56231689453125,82.0,,4.0,1.0,,,,,1,,
2023-03-14,15.678771867059423,15.780034826689233,15.670333152963593,15.729402542114258,611700,373.6381530761719,85.0,,4.0,3.0,,,,,0,,
2023-03-15,15.594387257652762,15.61970340143709,15.434056508912736,15.569072723388672,361100,371.3013000488281,85.0,,4.0,3.0,,,,,1,,
2023-03-16,15.645020713400562,15.940367698669434,15.645020713400562,15.940367698669434,715100,377.8158264160156,89.0,,4.0,3.0,,,,,0,,
2023-03-17,15.931928396035557,15.974121970604262,15.855983180852482,15.872859001159668,560800,373.3981018066406,88.0,,4.0,3.0,,,,,0,,
2023-03-20,15.855983765461389,15.982561274793811,15.847545050236512,15.940367698669434,625300,376.98858642578125,87.0,,4.0,3.0,,,,,0,,
2023-03-21,16.08382424791023,16.16820979908283,16.058509709222808,16.109140396118164,632600,381.9386291503906,87.0,,4.0,3.0,,,,,0,,
2023-03-22,16.311661370569322,16.5395018286305,16.277908122812214,16.30322265625,596800,375.4279479980469,87.0,,1.0,3.0,,,,,0,,
2023-03-23,16.396048915316634,16.514187711237227,16.261032688687273,16.328540802001953,319300,376.4428405761719,86.0,,1.0,3.0,,,,,0,,
2023-03-24,16.261033894937107,16.320103297279196,16.21040159905489,16.311664581298828,350400,378.9130554199219,85.0,,1.0,3.0,,,,,0,,
2023-03-27,16.446679351703313,16.522626179235395,16.438240636475264,16.505748748779297,474800,379.6215515136719,85.0,,1.0,3.0,,0.00030786829362646303,,,0,,
2023-03-28,16.60700968569021,16.649201647136632,16.590132257303573,16.63232421875,438100,378.7695007324219,84.0,,1.0,3.0,,0.0003009529189685562,,,0,,
2023-03-29,16.62388800133523,16.708271928731865,16.615449286691522,16.6998348236084,665000,384.27484130859375,83.0,,1.0,3.0,,0.00030903471956414186,,,0,,
2023-03-30,16.716713647391593,16.76734594435256,16.682960392271482,16.733591079711914,494700,386.52484130859375,82.0,,1.0,3.0,,0.00033393605452663615,,,0,,
2023-03-31,16.708273722666238,16.784220553093665,16.708273722666238,16.75046730041504,733400,391.9727783203125,81.0,,1.0,3.0,,0.0003720412564442522,,,0,,
2023-04-03,16.817973378212628,16.919234733503618,16.817973378212628,16.877042770385742,1920600,393.46636962890625,80.0,,1.0,3.0,,0.0004172870212055399,0.00030786829362646303,,0,,
2023-04-04,17.037376895418706,17.138638261218063,17.037376895418706,17.07956886291504,383600,391.283447265625,81.0,,1.0,3.0,,0.0004796430415827985,0.0003009529189685562,,0,,
2023-04-05,17.113323953216,17.113323953216,16.952991577450685,16.978307723999023,338600,390.2589111328125,80.0,,1.0,3.0,,0.0005341971826369991,0.00030903471956414186,,0,,
2023-04-06,16.893924713134766,16.93611668752543,16.801100438050522,16.893924713134766,222600,391.7812194824219,79.0,,1.0,3.0,,0.0005806641104773685,0.00033393605452663615,,1,,
2023-04-10,16.834850712542362,16.860165246462557,16.78421842566154,16.851726531982422,327300,392.1833801269531,78.0,,1.0,3.0,,0.0006121705783633859,0.0003720412564442522,,0,,
2023-04-11,16.877043979947445,16.893921410212275,16.826413298673298,16.860166549682617,269400,392.2887268066406,77.0,,1.0,3.0,,0.0006363559417705364,0.0004172870212055399,,0,,
2023-04-12,16.834853945774974,16.86860720065782,16.75890711038792,16.784221649169922,277500,390.6898193359375,76.0,,1.0,3.0,,0.0006423234460239143,0.0004796430415827985,,0,,
2023-04-13,16.961430087504652,17.012060770467603,16.93611394126298,17.00362205505371,571000,395.879150390625,77.0,,1.0,3.0,,0.0006648022824690949,0.0005341971826369991,,0,,
2023-04-14,16.91079904622333,16.97830715858365,16.784219927217425,16.83485221862793,615500,394.912109375,77.0,,1.0,3.0,,0.0006776623054325163,0.0005806641104773685,,0,,
2023-04-17,16.86860547004791,16.91923615193806,16.826413503392846,16.83485221862793,1297800,396.3292541503906,76.0,,1.0,3.0,,0.0006988754736823715,0.0006121705783633859,,0,,
2023-04-18,16.80953598022461,16.834852125790253,16.775781119470416,16.80953598022461,178300,396.58770751953125,75.0,,1.0,1.0,,0.0006897060992644431,0.0006363559417705364,,0,,
2023-04-19,16.877044769556015,16.91923673767174,16.868606054028785,16.902360916137695,130400,396.52069091796875,74.0,,1.0,1.0,,0.0006974022779895373,0.0006423234460239143,,0,,
2023-04-20,16.83485152034629,16.893920915021425,16.79265794592099,16.817974090576172,355700,394.3568420410156,73.0,,1.0,1.0,,0.0006777133426369942,0.0006648022824690949,,0,,
2023-04-21,16.86860405585812,16.877042770385742,16.77577980557453,16.877042770385742,188000,394.6632080078125,72.0,,1.0,1.0,,0.0006785022515596258,0.0006776623054325163,,0,,
2023-04-24,16.860167851598774,16.90236143051897,16.82641459798308,16.868606567382812,252800,395.074951171875,71.0,,1.0,1.0,,0.0006835153308106237,0.0006988754736823715,,0,,
2023-04-25,16.691396138038236,16.691396138038236,16.52262506391051,16.547941207885742,515800,388.8035888671875,75.0,,4.0,1.0,,0.0006795887381596671,0.0006897060992644431,,1,,
2023-04-26,16.666083106512627,16.716713794398302,16.581697553689466,16.607013702392578,201800,387.15679931640625,74.0,,4.0,1.0,,0.0006296137570231506,0.0006974022779895373,,0,,
2023-04-27,16.573256220453406,16.67451918975537,16.522625540562572,16.666080474853516,445400,394.86431884765625,73.0,,4.0,1.0,,0.0006011564435562246,0.0006777133426369942,,0,,
2023-04-28,16.65763904643182,16.792655243826847,16.640761619377436,16.77577781677246,1009300,398.23455810546875,73.0,,4.0,1.0,,0.0006127851818402479,0.0006785022515596258,,0,,
2023-05-01,16.893921615753165,16.96142972811348,16.784219927217425,16.83485221862793,570000,397.8323669433594,72.0,,4.0,1.0,,0.0006241508089635998,0.0006835153308106237,,0,,
2023-05-02,16.6913966363963,16.6913966363963,16.522625557229546,16.590133666992188,773300,393.36102294921875,73.0,,4.0,1.0,,0.0005695244948871995,0.0006795887381596671,,1,,
2023-05-03,16.598571682604963,16.623887826269495,16.547941004796122,16.57325553894043,483800,390.6610107421875,72.0,,4.0,1.0,,0.0004959370640323703,0.0006296137570231506,,0,,
2023-05-04,16.657641156013277,16.691396014396883,16.623887907149907,16.674518585205078,327700,387.89398193359375,72.0,,4.0,1.0,,0.000454950807328245,0.0006011564435562246,,0,,
2023-05-05,16.758905371475706,16.927674847419375,16.758905371475706,16.910799026489258,170900,395.074951171875,73.0,,4.0,1.0,,0.00043760685701333324,0.0006127851818402479,,0,,
2023-05-08,16.919234625370063,16.944550768791125,16.877042662521845,16.92767333984375,390600,395.18023681640625,72.0,,4.0,1.0,,0.00041724943118027846,0.0006241508089635998,,0,,
2023-05-09,16.851727136413672,16.877043280762113,16.809535172019878,16.84328842163086,269800,393.4472351074219,71.0,,4.0,1.0,,0.0003601627717080321,0.0005695244948871995,,0,,
2023-05-10,16.89391959496298,16.910797023414332,16.801095348000715,16.885480880737305,192000,395.28558349609375,70.0,,4.0,1.0,,0.0002893271620823614,0.0004959370640323703,,0,,
2023-05-11,16.733586661434178,16.750464089298244,16.657639845565996,16.74202537536621,300300,394.5962219238281,70.0,,4.0,1.0,,0.0002190844850126646,0.000454950807328245,,1,,
2023-05-12,16.623889245691426,16.623889245691426,16.4973101260811,16.531064987182617,288200,394.0791931152344,71.0,,4.0,1.0,,0.00013880797779656349,0.00043760685701333324,,1,,
2023-05-15,16.556382957746294,16.767346034320674,16.547944241540854,16.758907318115234,1047800,395.43878173828125,73.0,,4.0,1.0,,0.00011664640700070348,0.00041724943118027846,,0,,
2023-05-16,16.539504354225976,16.60701246956892,16.362294545500475,16.3707332611084,574000,392.7961730957031,78.0,,4.0,3.0,,7.863737286020293e-05,0.0003601627717080321,,0,,
2023-05-17,16.235717168109577,16.252594599468548,16.151331620835155,16.244155883789062,409000,397.5643615722656,78.0,,4.0,3.0,,4.96904823550399e-05,0.0002893271620823614,,1,,
2023-05-18,16.185086622966672,16.185086622966672,16.05850910572496,16.117578506469727,178100,401.3941955566406,78.0,,4.0,3.0,,-1.631997642378244e-05,0.0002190844850126646,,0,,
2023-05-19,16.21883412359283,16.32853577993919,16.21883412359283,16.269466400146484,339700,400.8100891113281,77.0,,4.0,3.0,,-2.643394325162689e-05,0.00013880797779656349,,0,,
2023-05-22,16.303224655938806,16.362294053899102,16.303224655938806,16.328540802001953,300000,400.9729309082031,77.0,,4.0,3.0,,3.5501650146904634e-06,0.00011664640700070348,,0,,
2023-05-23,16.34541764548399,16.370732181117308,16.252593389440975,16.261032104492188,151900,396.4727783203125,76.0,,4.0,3.0,,2.1421285238205004e-05,7.863737286020293e-05,,0,,
2023-05-24,16.227274144353743,16.227274144353743,16.126012802124023,16.126012802124023,172100,393.6004638671875,75.0,,4.0,1.0,,-9.465531593772743e-06,4.96904823550399e-05,,1,,
2023-05-25,16.15132794372861,16.185082798761727,16.033189170152855,16.041627883911133,580800,397.0090637207031,75.0,,4.0,1.0,,-8.339934174896525e-05,-1.631997642378244e-05,,0,,
2023-05-26,16.15977033651464,16.261033315148037,16.15977033651464,16.244155883789062,159900,402.1505432128906,75.0,,4.0,1.0,,-0.00010134336090095679,-2.643394325162689e-05,,0,,
2023-05-30,16.08382273186645,16.109138877688117,15.923491970223681,15.965683937072754,235700,402.3037109375,78.0,,4.0,3.0,,-0.00011355871851362127,3.5501650146904634e-06,,1,,
2023-05-31,15.81379006541005,15.839106210886284,15.720965808184204,15.830667495727539,396800,400.0728454589844,78.0,,4.0,3.0,,-0.00010347326210262751,2.1421285238205004e-05,,1,,
2023-06-01,15.864420963306467,15.974122652346642,15.79691285063573,15.965683937072754,403400,403.87396240234375,77.0,,4.0,3.0,,-0.00011098337856737667,-9.465531593772743e-06,,0,,
2023-06-02,16.151332249568185,16.21040165210358,16.13445642707272,16.159770965576172,427300,409.7144470214844,78.0,,4.0,3.0,,-8.57230495996859e-05,-8.339934174896525e-05,,0,,
2023-06-05,16.041631093513267,16.083823061226337,16.01631494717319,16.05006980895996,262800,408.9293518066406,77.0,,4.0,3.0,,-6.8216556373942e-05,-0.00010134336090095679,,1,,
2023-06-06,16.016314012301564,16.2272770575938,16.016314012301564,16.210399627685547,345800,409.8197326660156,77.0,,4.0,3.0,,-4.906429032610604e-05,-0.00011355871851362127,,0,,
2023-06-07,16.184158077905927,16.236646772035737,16.087927414846693,16.122920989990234,395800,408.4027099609375,77.0,,4.0,3.0,,-5.368429205321698e-05,-0.00010347326210262751,,0,,
2023-06-08,16.157910461839563,16.324126581554573,16.157910461839563,16.315378189086914,150500,410.8729553222656,77.0,,1.0,3.0,,-2.9124630409051893e-05,-0.00011098337856737667,,0,,
2023-06-09,16.31538077513538,16.341625956698316,16.271640474449338,16.297883987426758,207300,411.61016845703125,76.0,,1.0,3.0,,-8.944390307795272e-06,-8.57230495996859e-05,,0,,
2023-06-12,16.32412775025589,16.36786804714045,16.315379357161902,16.359121322631836,162100,415.34423828125,75.0,,1.0,1.0,,3.2890775123127107e-05,-6.8216556373942e-05,,0,,
2023-06-13,16.437855757649743,16.48159605603976,16.40286218406939,16.455350875854492,463400,418.0825500488281,74.0,,1.0,1.0,,6.605915723172495e-05,-4.906429032610604e-05,,0,,
2023-06-14,16.58657171473981,16.621565284681115,16.46409755711576,16.542831420898438,415100,418.58050537109375,74.0,,1.0,1.0,,0.00010351744912521323,-5.368429205321698e-05,,0,,
2023-06-15,16.682801112005606,16.78778014536909,16.674052720176558,16.77903175354004,291400,423.7698974609375,75.0,,1.0,1.0,,0.0001434099364612651,-2.9124630409051893e-05,,0,,
2023-06-16,16.857768271036765,16.857768271036765,16.709048923649966,16.735292434692383,296300,422.326416015625,74.0,,1.0,1.0,,0.00017234508197864064,-8.944390307795272e-06,,0,,
2023-06-20,16.49034481613897,16.50784160331823,16.359122249465436,16.402862548828125,552000,420.1353454589844,78.0,,1.0,3.0,,0.00012911426636783195,3.2890775123127107e-05,,1,,
2023-06-21,16.411609289020255,16.507839940225914,16.402860896311985,16.46409797668457,384100,417.982666015625,77.0,,1.0,3.0,,7.615507439358566e-05,6.605915723172495e-05,,0,,
2023-06-22,16.394112609692222,16.4028610024571,16.332875528923363,16.350372314453125,218800,419.491455078125,76.0,,1.0,3.0,,2.306901226140147e-05,0.00010351744912521323,,0,,
2023-06-23,16.096670444945335,16.096670444945335,16.000441482536747,16.07042694091797,219300,416.32012939453125,79.0,,1.0,3.0,,-1.9414549843961978e-05,0.0001434099364612651,,1,,
2023-06-26,16.061680159700547,16.122917233347994,16.05293176795304,16.09667205810547,234800,414.61907958984375,78.0,,1.0,3.0,,-4.7963688690827234e-05,0.00017234508197864064,,0,,
2023-06-27,16.11417100463541,16.175408086502824,16.10542261171359,16.15791130065918,288700,419.1647644042969,77.0,,4.0,3.0,,-5.8384580685492226e-05,0.00012911426636783195,,0,,
2023-06-28,16.07917779427757,16.131668152988055,16.04418589038929,16.105422973632812,251700,419.3761291503906,76.0,,4.0,3.0,,-5.3329234417107704e-05,7.615507439358566e-05,,0,,
2023-06-29,16.07917902106081,16.122920989990234,16.06168390207454,16.122920989990234,297000,421.02899169921875,75.0,,4.0,1.0,,-4.6638885920227386e-05,2.306901226140147e-05,,0,,
2023-06-30,16.14916345992063,16.21915060568825,16.122919948843165,16.19290542602539,1293300,425.9974365234375,74.0,,4.0,1.0,,-5.253275255411429e-05,-1.9414549843961978e-05,,0,,
2023-07-03,16.19290316230058,16.280385413694926,16.184154770302634,16.245391845703125,156600,426.48760986328125,73.0,,4.0,1.0,,-2.0968135226837733e-05,-4.7963688690827234e-05,,0,,
2023-07-05,16.096675258110704,16.096675258110704,16.017941385316014,16.087926864624023,1498900,425.85333251953125,73.0,,4.0,1.0,,-2.739894878683214e-05,-5.8384580685492226e-05,,1,,
2023-07-06,15.851723804951524,15.851723804951524,15.711751205210618,15.7554931640625,352600,422.5186767578125,77.0,,4.0,3.0,,-8.068376676385133e-05,-5.3329234417107704e-05,,1,,
2023-07-07,15.781740357348644,15.939206423594891,15.781740357348644,15.912962913513184,524100,421.4518737792969,77.0,,4.0,3.0,,-0.00012829674447636596,-4.6638885920227386e-05,,0,,
2023-07-10,15.89546757579292,16.052935324969617,15.886719182106939,16.035438537597656,330900,422.5186767578125,77.0,,4.0,3.0,,-0.00014534619656574724,-5.253275255411429e-05,,0,,
2023-07-11,16.149164320064788,16.26289176940918,16.096675626528793,16.26289176940918,475700,425.20941162109375,78.0,,4.0,3.0,,-8.556356198407059e-05,-2.0968135226837733e-05,,0,,
2023-07-12,16.4553519177201,16.62156806557985,16.4553519177201,16.61281967163086,387300,428.63067626953125,82.0,,1.0,3.0,,-1.742705551464118e-05,-2.739894878683214e-05,,0,,
2023-07-13,16.8752659297376,17.032732009887695,16.8752659297376,17.032732009887695,495100,432.0326232910156,88.0,,1.0,4.0,,9.514849709602281e-05,-8.068376676385133e-05,,0,,
2023-07-14,16.96274571671367,16.980242503198568,16.87526512145996,16.87526512145996,326400,431.7635803222656,87.0,,1.0,4.0,,0.000157841900989503,-0.00012829674447636596,,0,,
2023-07-17,16.892759262098572,16.96274473540406,16.875264145211176,16.919004440307617,310200,433.2627258300781,86.0,,1.0,4.0,,0.00018656903124359022,-0.00014534619656574724,,0,,
2023-07-18,16.910254199331835,16.962742881427772,16.866513909016078,16.892757415771484,248500,436.482177734375,85.0,,1.0,4.0,,0.00015053768870194927,-8.556356198407059e-05,,0,,
2023-07-19,16.919003764542552,16.997737627439662,16.901506979768698,16.936500549316406,377500,437.45281982421875,84.0,,1.0,4.0,,0.0001349100591201425,-1.742705551464118e-05,,0,,
2023-07-20,16.936502268436282,16.936502268436282,16.81402643117277,16.84902000427246,421100,434.5505065917969,83.0,1.0,1.0,4.0,5.0,0.00010515059043507957,9.514849709602281e-05,,0,2.0,1.0
2023-07-21,16.875264506204743,16.910256409313376,16.83152254158728,16.86651611328125,254600,434.5505065917969,82.0,1.0,1.0,4.0,5.0,9.155683523558138e-05,0.000157841900989503,,0,2.0,1.0
2023-07-24,16.787779790929765,16.857765255499444,16.752786224352377,16.831520080566406,303500,436.49176025390625,80.0,1.0,1.0,4.0,5.0,6.62196542229714e-05,0.00018656903124359022,,0,2.0,1.0
2023-07-25,16.936503749875108,16.98899244553043,16.919006961794814,16.92775535583496,247300,437.68341064453125,80.0,1.0,1.0,4.0,5.0,7.365337107063209e-05,0.00015053768870194927,,0,2.0,1.0
2023-07-26,17.023983435808645,17.19894797001292,17.023983435808645,17.17270278930664,310000,437.75067138671875,81.0,1.0,1.0,4.0,5.0,8.665772461969108e-05,0.0001349100591201425,,0,2.0,1.0
2023-07-27,17.26018125666706,17.26018125666706,17.06772164627974,17.08521842956543,216100,434.848388671875,80.0,1.0,1.0,4.0,5.0,9.851175292732474e-05,0.00010515059043507957,,0,2.0,1.0
2023-07-28,17.356413145455694,17.443895399595966,17.356413145455694,17.41765022277832,493500,439.1056823730469,83.0,1.0,1.0,4.0,5.0,0.00013342280583223285,9.155683523558138e-05,,0,2.0,1.0
2023-07-31,17.487634919402666,17.583865561562,17.478886527516806,17.548871994018555,458200,439.94183349609375,82.0,1.0,1.0,4.0,5.0,0.00016231332225040838,6.62196542229714e-05,,0,2.0,1.0
2023-08-01,17.41764960656265,17.4613898977927,17.39140443067353,17.40890121459961,365500,438.6828918457031,82.0,1.0,1.0,4.0,5.0,0.00018480094638177313,7.365337107063209e-05,,1,2.0,1.0
2023-08-02,17.10271499891232,17.10271499891232,16.910255372155625,16.936500549316406,192800,432.5804138183594,89.0,1.0,1.0,4.0,5.0,0.00014578625662065177,8.665772461969108e-05,,1,2.0,1.0
2023-08-03,16.840269961370517,16.96274411805139,16.840269961370517,16.910255432128906,264900,431.3407287597656,88.0,1.0,1.0,4.0,5.0,0.0001030927638071549,9.851175292732474e-05,,0,2.0,1.0
2023-08-04,16.96274473540406,17.111464074751375,16.919004440307617,16.919004440307617,619100,429.389892578125,86.0,1.0,1.0,4.0,5.0,8.50325816650478e-05,0.00013342280583223285,,0,2.0,1.0
2023-08-07,16.971493382645157,17.015235346982852,16.919004694025247,16.980241775512695,495100,433.1378173828125,85.0,1.0,1.0,4.0,5.0,0.00012003353606090895,0.00016231332225040838,,0,2.0,1.0
2023-08-08,16.796531925878433,16.857769012451172,16.735293170720233,16.857769012451172,310100,431.25421142578125,85.0,1.0,1.0,4.0,5.0,0.00014062981819657549,0.00018480094638177313,,1,2.0,1.0
2023-08-09,16.89275715349174,16.919002328424778,16.79652818257411,16.831520080566406,232300,428.3712158203125,83.0,1.0,1.0,4.0,5.0,0.00015793066477070425,0.00014578625662065177,,0,2.0,1.0
2023-08-10,16.88401129228583,17.015235518032757,16.822774210182782,16.84027099609375,289700,428.5249328613281,82.0,1.0,1.0,4.0,5.0,0.00015017749051400578,0.0001030927638071549,,0,2.0,1.0
2023-08-11,16.709046084593098,16.717794476315916,16.64780901111848,16.69154930114746,436900,428.27508544921875,82.0,1.0,1.0,4.0,5.0,0.0001344073189573161,8.50325816650478e-05,,1,2.0,1.0
2023-08-14,16.490342734571737,16.560328205869087,16.420357263274383,16.542831420898438,314000,430.6391906738281,82.0,1.0,1.0,4.0,5.0,0.00010577362657655386,0.00012003353606090895,,1,2.0,1.0
2023-08-15,16.24539298653916,16.24539298653916,16.0354365695996,16.061681747436523,442700,425.6227111816406,90.0,1.0,4.0,4.0,6.0,3.2868552131930444e-05,0.00014062981819657549,,1,2.0,1.0
2023-08-16,15.947955835550784,15.974201015894879,15.87797035655197,15.88671875,1076300,422.4994201660156,90.0,1.0,4.0,4.0,6.0,-2.1815734295811916e-05,0.00015793066477070425,,1,2.0,1.0
2023-08-17,15.88671630509318,15.956701773321493,15.799234052661498,15.807982444763184,590400,419.2799987792969,89.0,4.0,4.0,4.0,12.0,-5.426448074576307e-05,0.00015017749051400578,,0,4.0,1.0
2023-08-18,15.755492826983684,15.807981507897862,15.685507362903085,15.764241218566895,327600,419.4818420410156,87.0,4.0,4.0,4.0,12.0,-5.434364125482134e-05,0.0001344073189573161,,0,4.0,2.0
2023-08-21,15.737996380521748,15.772989947603254,15.70300448202536,15.7554931640625,573400,422.2110900878906,86.0,4.0,4.0,4.0,12.0,-6.162363272337706e-05,0.00010577362657655386,,0,4.0,3.0
2023-08-22,15.764244229905401,15.764244229905401,15.650516786184156,15.668013572692871,324800,421.0674743652344,85.0,4.0,4.0,4.0,12.0,-0.0001010836385825801,3.2868552131930444e-05,,0,4.0,4.0
2023-08-23,15.77299066491972,15.974198679033465,15.77299066491972,15.965450286865234,272300,425.7572326660156,88.0,4.0,4.0,4.0,12.0,-0.0001110791155279095,-2.1815734295811916e-05,,0,4.0,5.0
2023-08-24,15.895466892689685,15.92171207261975,15.80798462817488,15.825481414794922,381800,419.8565979003906,87.0,4.0,4.0,4.0,12.0,-0.00014292878667020764,-5.426448074576307e-05,,0,4.0,6.0
2023-08-25,15.930460250663138,16.000447403528163,15.825482858536725,15.947957038879395,286100,422.8165283203125,87.0,4.0,4.0,4.0,12.0,-0.00014047385078193192,-5.434364125482134e-05,,0,4.0,7.0
2023-08-28,16.09667103320177,16.17540488533111,16.07042752821533,16.166656494140625,890600,425.4977111816406,87.0,4.0,4.0,4.0,12.0,-0.00013156131431230438,-6.162363272337706e-05,,0,4.0,8.0
2023-08-29,16.087927169757627,16.297883611663813,16.061683657385274,16.28913688659668,356000,431.6482849121094,87.0,4.0,4.0,4.0,12.0,-8.830353875151894e-05,-0.0001010836385825801,,0,4.0,9.0
2023-08-30,16.201651554298532,16.262888629699027,16.16665798630673,16.245391845703125,239100,433.4261474609375,85.0,4.0,4.0,4.0,12.0,-5.466487044601886e-05,-0.0001110791155279095,,0,4.0,10.0
2023-08-31,16.306631452782117,16.324128239494474,16.175408889610285,16.25414276123047,952000,432.7918701171875,84.0,4.0,4.0,4.0,12.0,-2.6826166847119474e-05,-0.00014292878667020764,,0,4.0,11.0
2023-09-01,16.315380462945175,16.367869156481174,16.219151469560096,16.26289176940918,203800,433.59912109375,83.0,4.0,4.0,4.0,12.0,9.680702716853481e-06,-0.00014047385078193192,,0,4.0,12.0
2023-09-05,16.192903259238765,16.192903259238765,16.122917791421358,16.13166618347168,210200,431.72515869140625,82.0,4.0,4.0,4.0,12.0,1.1030982402755092e-05,-0.00013156131431230438,,1,4.0,13.0
2023-09-06,16.070430817370816,16.140416292633688,15.991696949126919,16.044185638427734,359800,428.82281494140625,82.0,4.0,4.0,4.0,12.0,-8.042258403457755e-06,-8.830353875151894e-05,,0,4.0,14.0
2023-09-07,16.009190837451516,16.05293279899851,15.97419893679914,16.026687622070312,123700,427.5063171386719,80.0,4.0,4.0,3.0,10.0,-7.173822053355039e-05,-5.466487044601886e-05,,0,2.0,15.0
2023-09-08,16.00044385553816,16.02668736345766,15.94795350252877,15.965450286865234,252700,428.1501770019531,79.0,4.0,4.0,3.0,10.0,-0.00010712588103077034,-2.6826166847119474e-05,,0,2.0,16.0
2023-09-11,16.11417191874475,16.149163823831685,16.087926738490474,16.140417098999023,169200,430.9659118652344,80.0,4.0,4.0,3.0,10.0,-0.00013955330676628297,9.680702716853481e-06,,0,2.0,17.0
2023-09-12,16.0354375592695,16.105423035902028,15.99169726209369,16.079177856445312,151900,428.60186767578125,79.0,4.0,4.0,3.0,10.0,-0.00016058814111737002,1.1030982402755092e-05,,0,2.0,18.0
2023-09-13,16.09667205810547,16.122917233347994,16.04418337620553,16.09667205810547,181000,429.10150146484375,77.0,4.0,4.0,3.0,10.0,-0.0001871944865111716,-8.042258403457755e-06,,0,2.0,19.0
2023-09-14,16.2541423358845,16.34162459857158,16.24539394275725,16.332876205444336,317300,432.8014221191406,79.0,4.0,1.0,3.0,9.0,-0.00016859259780727302,-7.173822053355039e-05,,0,2.0,20.0
2023-09-15,16.35911979242282,16.446600378009137,16.350371400147147,16.36786651611328,326500,427.5869140625,78.0,4.0,1.0,3.0,9.0,-0.00012354922949684487,-0.00010712588103077034,,0,2.0,21.0
2023-09-18,16.262889922953963,16.271638315647603,16.227896352179407,16.236644744873047,514700,427.8377380371094,77.0,4.0,1.0,3.0,9.0,-9.810774008075356e-05,-0.00013955330676628297,,1,2.0,22.0
2023-09-19,16.14916333307784,16.14916333307784,16.070431131878454,16.079177856445312,163100,426.9504699707031,77.0,4.0,1.0,3.0,9.0,-0.00014163938174381564,-0.00016058814111737002,,1,2.0,23.0
2023-09-20,16.157907512455786,16.254138143449318,16.052930159176427,16.07042694091797,334000,423.0252685546875,76.0,4.0,1.0,3.0,9.0,-0.00019090294924480568,-0.0001871944865111716,,0,2.0,24.0
2023-09-21,15.84297671201057,15.84297671201057,15.729249278257258,15.746746063232422,271800,416.0334167480469,80.0,4.0,4.0,3.0,10.0,-0.0002451150634643059,-0.00016859259780727302,,1,2.0,25.0
2023-09-22,15.869222733678896,15.8954679152974,15.781742132121588,15.799237251281738,138600,415.0979919433594,79.0,4.0,4.0,3.0,10.0,-0.0002719406306029634,-0.00012354922949684487,,0,2.0,26.0
2023-09-25,15.82547879631909,15.982946512674125,15.82547879631909,15.930456161499023,448800,416.8434753417969,79.0,4.0,4.0,3.0,10.0,-0.0002851674901785174,-9.810774008075356e-05,,0,2.0,27.0
2023-09-26,15.930459074931766,16.000446222631464,15.825481690553104,15.842978477478027,286800,410.7195129394531,78.0,4.0,4.0,3.0,10.0,-0.0002819466757705833,-0.00014163938174381564,,0,2.0,28.0
2023-09-27,15.816729899481073,15.851723465813913,15.703004146069505,15.764241218566895,397500,410.88348388671875,77.0,4.0,4.0,3.0,10.0,-0.0002625203262446905,-0.00019090294924480568,,0,2.0,29.0
2023-09-28,15.89546507459977,16.070429583617308,15.89546507459977,16.026687622070312,341300,413.2654724121094,79.0,4.0,4.0,3.0,10.0,-0.00021352755882976735,-0.0002451150634643059,,0,2.0,30.0
2023-09-29,16.166660422547427,16.192905602496307,16.02668946665757,16.052934646606445,494500,412.2626037597656,78.0,4.0,1.0,3.0,9.0,-0.0001423733902748913,-0.0002719406306029634,,0,2.0,31.0
2023-10-02,15.851727614518746,15.869222733678896,15.781742132121588,15.799237251281738,1269000,412.09857177734375,80.0,4.0,4.0,3.0,10.0,-0.00011502784413380525,-0.0002851674901785174,,1,2.0,32.0
2023-10-03,15.79048669619549,15.834228659572785,15.685509321260563,15.737998008728027,618100,406.582275390625,79.0,4.0,4.0,3.0,10.0,-0.00013317437917754292,-0.0002819466757705833,,0,2.0,33.0
2023-10-04,15.641767863970415,15.641767863970415,15.501796913804913,15.589279174804688,449400,409.5429992675781,79.0,4.0,4.0,3.0,10.0,-0.00018143191566767975,-0.0002625203262446905,,1,2.0,34.0
2023-10-05,15.659265429331652,15.764244481473812,15.659265429331652,15.72925090789795,601100,409.3886413574219,78.0,4.0,4.0,3.0,10.0,-0.0001990805936922947,-0.00021352755882976735,,0,2.0,35.0
2023-10-06,15.79923417283922,15.991695463369929,15.755493880583257,15.965450286865234,586700,414.2492370605469,80.0,4.0,4.0,3.0,10.0,-0.00017629437657358873,-0.0001423733902748913,,0,2.0,36.0
2023-10-09,15.755493978768742,15.860471348271336,15.729248802100493,15.851724624633789,291100,416.9013977050781,79.0,4.0,4.0,3.0,10.0,-0.00015085498967565413,-0.00011502784413380525,,0,2.0,37.0
2023-10-10,15.97419846373622,16.140414575522,15.97419846373622,16.13166618347168,257900,419.0712890625,82.0,4.0,4.0,3.0,10.0,-0.00011784847860328206,-0.00013317437917754292,,0,2.0,38.0
2023-10-11,16.087926864624023,16.13166883205743,16.009192991829334,16.087926864624023,340300,420.7878723144531,81.0,4.0,4.0,3.0,10.0,-0.0001308165486473278,-0.00018143191566767975,,0,2.0,39.0
2023-10-12,16.105424795654574,16.105424795654574,15.912965131032445,15.947957038879395,294400,418.22259521484375,80.0,4.0,4.0,3.0,10.0,-0.00014013149332357884,-0.0001990805936922947,,0,2.0,40.0
2023-10-13,15.921710093830585,15.974198778581881,15.834227840188289,15.851724624633789,274300,416.13946533203125,79.0,4.0,4.0,3.0,10.0,-0.00017521293315926048,-0.00017629437657358873,,0,2.0,41.0
2023-10-16,15.834227130229797,15.965449670517021,15.8254787383993,15.956701278686523,455900,420.5178527832031,79.0,4.0,4.0,3.0,10.0,-0.00017532297979602364,-0.00015085498967565413,,0,2.0,42.0
2023-10-17,15.860473691918017,16.052935012087445,15.834230179957059,16.000446319580078,194100,420.49853515625,78.0,4.0,1.0,3.0,9.0,-0.0001534081984771597,-0.00011784847860328206,,0,2.0,43.0
2023-10-18,15.720502998826506,15.720502998826506,15.545540131313158,15.563036918640137,216300,414.8953857421875,85.0,4.0,1.0,3.0,9.0,-0.00015714149496841466,-0.0001308165486473278,,1,2.0,44.0
2023-10-19,15.458056473166696,15.536790340472317,15.388070998737847,15.414316177368164,619700,411.25,85.0,4.0,4.0,3.0,10.0,-0.00020516091817280682,-0.00014013149332357884,,1,2.0,45.0
2023-10-20,15.344331894970923,15.361827013498255,15.23935284087964,15.248101234436035,292900,406.1965637207031,85.0,4.0,4.0,3.0,10.0,-0.00027729062163444257,-0.00017521293315926048,,1,2.0,46.0
2023-10-23,15.230603073123227,15.370574020225583,15.195611170640293,15.326833724975586,384900,405.492431640625,84.0,4.0,4.0,3.0,10.0,-0.0003007965867852447,-0.00017532297979602364,,0,2.0,47.0
2023-10-24,15.510546006567484,15.589279878161058,15.501797613214261,15.528042793273926,331600,408.54962158203125,85.0,4.0,4.0,3.0,10.0,-0.000281773970040363,-0.0001534081984771597,,0,2.0,48.0
2023-10-25,15.458056596822118,15.458056596822118,15.335582432738244,15.361825942993164,299000,402.6860656738281,85.0,4.0,4.0,3.0,10.0,-0.0002685327374456424,-0.00015714149496841466,,1,2.0,49.0
2023-10-26,15.31808730292185,15.361827603799153,15.256850214259416,15.300590515136719,148400,397.86407470703125,84.0,4.0,4.0,3.0,10.0,-0.00029665744185657317,-0.00020516091817280682,,0,2.0,50.0
2023-10-27,15.230602145346529,15.230602145346529,15.064386030068096,15.073134422302246,433400,396.0606384277344,85.0,4.0,4.0,3.0,10.0,-0.000372391953525038,-0.00027729062163444257,,1,2.0,51.0
2023-10-30,15.300586921121953,15.36182399540017,15.230601455006115,15.344328880310059,212500,400.79583740234375,87.0,4.0,4.0,3.0,10.0,-0.0003869951060453334,-0.0003007965867852447,,0,2.0,52.0
2023-10-31,15.326833724975586,15.326833724975586,15.24809985865735,15.326833724975586,190200,403.3129577636719,86.0,4.0,4.0,3.0,10.0,-0.0003675784762092837,-0.000281773970040363,,0,2.0,53.0
2023-11-01,15.309337804331827,15.431811972819153,15.274344231286648,15.396820068359375,594900,407.61419677734375,85.0,4.0,4.0,3.0,10.0,-0.000313645421015162,-0.0002685327374456424,,0,2.0,54.0
2023-11-02,15.44930641088017,15.519291877746582,15.431809627017282,15.519291877746582,316000,415.42578125,84.0,4.0,4.0,3.0,10.0,-0.00026164608391418255,-0.00029665744185657317,,0,2.0,55.0
2023-11-03,15.842977964525522,16.026689215532834,15.842977964525522,15.991697311401367,274700,419.2159118652344,93.0,4.0,4.0,4.0,12.0,-0.0001765300393795496,-0.000372391953525038,,0,4.0,56.0
2023-11-06,16.140417225544113,16.140417225544113,16.061683352749423,16.087926864624023,469900,420.1802978515625,92.0,4.0,4.0,4.0,12.0,-8.512815287440739e-05,-0.0003869951060453334,,0,4.0,57.0
2023-11-07,15.982949256896973,16.026689555134496,15.92171217193027,15.982949256896973,285900,421.3761291503906,91.0,4.0,4.0,4.0,12.0,-3.0750133461910294e-05,-0.0003675784762092837,,1,4.0,58.0
2023-11-08,15.799233116314653,15.816729899481073,15.729247652234053,15.764241218566895,194900,421.6847839355469,91.0,4.0,4.0,4.0,12.0,-2.4698154147857198e-05,-0.000313645421015162,,1,4.0,59.0
2023-11-09,15.912960538311301,15.94795243605906,15.746744435400473,15.764241218566895,739000,418.3961486816406,90.0,4.0,4.0,4.0,12.0,-5.58334977259632e-05,-0.00026164608391418255,,0,4.0,60.0
2023-11-10,15.694257376892185,15.755494455720005,15.615523513089203,15.746746063232422,195300,424.9251708984375,89.0,4.0,4.0,4.0,12.0,-9.206582728908684e-05,-0.0001765300393795496,,0,4.0,61.0
2023-11-13,15.76424241020454,15.877968172212773,15.720500448981984,15.869219779968262,245600,424.5201721191406,88.0,4.0,1.0,4.0,11.0,-9.092716916635236e-05,-8.512815287440739e-05,,0,2.0,62.0
2023-11-14,15.851725494978206,15.930457692135366,15.807983531462789,15.921710968017578,390600,432.7561340332031,87.0,4.0,1.0,4.0,11.0,-5.630618613704076e-05,-3.0750133461910294e-05,,0,2.0,63.0
2023-11-15,15.720502514503984,15.807984779858213,15.70300739630148,15.72925090789795,740500,433.6723327636719,87.0,4.0,1.0,4.0,11.0,-2.309627350623831e-05,-2.4698154147857198e-05,,0,2.0,64.0
2023-11-16,15.85172406692741,15.904212749832013,15.790485323522704,15.816730499267578,413500,434.20269775390625,86.0,4.0,1.0,4.0,11.0,-2.3653721014291446e-05,-5.58334977259632e-05,,0,2.0,65.0
2023-11-17,15.860472219095994,15.930457692135366,15.851725494978206,15.921710968017578,210800,434.7427978515625,85.0,4.0,1.0,4.0,11.0,-2.3543801851032853e-05,-9.206582728908684e-05,,0,2.0,66.0
2023-11-20,15.834228433515241,15.930457414400895,15.799234863312991,15.904213905334473,575000,438.08929443359375,84.0,4.0,1.0,4.0,11.0,-6.768349865854466e-06,-9.092716916635236e-05,,0,2.0,67.0
2023-11-21,15.825480483990667,16.437854630990998,15.729249831825818,15.781740188598633,1530900,437.13446044921875,83.0,4.0,1.0,3.0,9.0,-1.5649242954700624e-05,-5.630618613704076e-05,,0,2.0,68.0
2023-11-22,15.860473319449598,15.886718499379663,15.799236234864859,15.825481414794922,386200,438.8221740722656,82.0,4.0,1.0,3.0,9.0,-4.385851465976324e-05,-2.309627350623831e-05,,0,2.0,69.0
2023-11-24,15.74674855663025,15.799237251281738,15.703008255851595,15.799237251281738,361800,439.0921936035156,81.0,4.0,1.0,3.0,9.0,-7.163178605379819e-05,-2.3653721014291446e-05,,0,2.0,70.0
2023-11-27,15.764241555832877,15.78173833937363,15.737996380521748,15.7554931640625,296600,438.3014221191406,80.0,4.0,1.0,3.0,9.0,-7.46319517432039e-05,-2.3543801851032853e-05,,0,2.0,71.0
2023-11-28,15.685507362903085,15.790484724731442,15.650513796570245,15.764241218566895,591300,438.73541259765625,79.0,4.0,1.0,3.0,9.0,-7.341600381862662e-05,-6.768349865854466e-06,,0,2.0,72.0
2023-11-29,15.869221989279973,15.921712350054745,15.816733297090643,15.842978477478027,386300,438.4267883300781,78.0,4.0,1.0,3.0,9.0,-8.714273421049354e-05,-1.5649242954700624e-05,,0,2.0,73.0
2023-11-30,15.764242908650546,15.764242908650546,15.650515474461185,15.720500946044922,738200,440.1531066894531,77.0,4.0,4.0,3.0,10.0,-7.99763550990725e-05,-4.385851465976324e-05,,1,2.0,74.0
2023-12-01,15.694258097043841,15.921711306402196,15.676761311265814,15.912962913513184,267900,442.7569885253906,78.0,4.0,4.0,3.0,10.0,-4.434132764583045e-05,-7.163178605379819e-05,,0,2.0,75.0
2023-12-04,15.694258265831687,15.79048725147509,15.694258265831687,15.772992134094238,232700,440.4327697753906,78.0,4.0,4.0,3.0,10.0,-1.4927246622878311e-05,-7.46319517432039e-05,,0,2.0,76.0
2023-12-05,15.668012558142436,15.720501245684382,15.650515772766692,15.694257736206055,245500,440.3459777832031,77.0,4.0,4.0,3.0,10.0,-1.4586774659445742e-05,-7.341600381862662e-05,,0,2.0,77.0
2023-12-06,15.746745805854252,15.79923449133657,15.668011943338163,15.685508728027344,325200,438.571533203125,76.0,4.0,4.0,3.0,10.0,-6.818913067602875e-05,-8.714273421049354e-05,,0,2.0,78.0
2023-12-07,15.70300448202536,15.764241555832877,15.659262523173478,15.7554931640625,185600,441.91796875,75.0,4.0,4.0,1.0,8.0,-9.157298703206411e-05,-7.99763550990725e-05,,0,2.0,79.0
2023-12-08,15.842977438986406,15.930458030705879,15.816732260319366,15.912962913513184,246900,443.8179016113281,75.0,4.0,4.0,1.0,8.0,-5.9528932249019703e-05,-4.434132764583045e-05,,0,2.0,80.0
2023-12-11,15.711750869067632,15.764241218566895,15.633018681988906,15.764241218566895,171100,445.5440673828125,75.0,4.0,4.0,1.0,8.0,-7.259917416132859e-06,-1.4927246622878311e-05,,1,2.0,81.0
2023-12-12,15.764244604901311,15.842978477478027,15.729251031051463,15.842978477478027,236300,447.5789489746094,74.0,4.0,1.0,1.0,7.0,2.302525186989601e-05,-1.4586774659445742e-05,,0,2.0,82.0
2023-12-13,15.807984885321698,16.122920375263853,15.781741373550144,16.114171981811523,361700,453.7511291503906,77.0,4.0,1.0,1.0,7.0,6.232997723340342e-05,-6.818913067602875e-05,,0,2.0,83.0
2023-12-14,16.096675131908565,16.192905790922143,16.079178345072382,16.140417098999023,337800,455.20745849609375,76.0,4.0,1.0,1.0,7.0,0.00010402176656296466,-9.157298703206411e-05,,0,2.0,84.0
2023-12-15,15.991695602806212,15.991695602806212,15.86047138772375,15.869219779968262,372900,454.45794677734375,78.0,4.0,1.0,1.0,7.0,0.00010672634552190478,-5.9528932249019703e-05,,1,2.0,85.0
2023-12-18,15.912962575314495,15.921710968017578,15.860472219095994,15.921710968017578,166700,457.0143127441406,77.0,4.0,1.0,1.0,7.0,4.4163010572685363e-05,-7.259917416132859e-06,,0,2.0,86.0
2023-12-19,16.000441482536747,16.079173663203793,15.991693091665976,16.07042694091797,355300,459.7933349609375,77.0,4.0,1.0,1.0,7.0,-6.572743349805498e-06,2.302525186989601e-05,,0,2.0,87.0
2023-12-20,15.947891598394854,15.992941450274726,15.776699067876297,15.794719696044922,531400,453.4218444824219,79.0,4.0,1.0,1.0,7.0,-4.320332959672831e-05,6.232997723340342e-05,,0,2.0,88.0
2023-12-21,15.96590960487375,16.137102125708413,15.96590960487375,16.12809181213379,309000,457.7211608886719,83.0,4.0,1.0,3.0,9.0,-1.9033979505150087e-05,0.00010402176656296466,,0,2.0,89.0
2023-12-22,16.263246532972868,16.362358284803406,16.263246532972868,16.31730842590332,452600,458.6409912109375,83.0,4.0,1.0,3.0,9.0,2.3471539294077436e-05,0.00010672634552190478,,0,2.0,90.0
2023-12-26,16.218194777302024,16.308296203106497,16.191163833998154,16.299285888671875,235200,460.57763671875,82.0,4.0,1.0,3.0,9.0,0.00011021220841633441,4.4163010572685363e-05,,0,2.0,91.0
2023-12-27,16.434436800928072,16.488496967786237,16.398397262536538,16.470478057861328,286200,461.410400390625,82.0,4.0,1.0,3.0,9.0,0.0001565069604770246,-6.572743349805498e-06,,0,2.0,92.0
2023-12-28,16.623653215673283,16.722763254550227,16.623653215673283,16.686723709106445,497100,461.5847473144531,83.0,4.0,1.0,3.0,9.0,0.00018791763963316873,-4.320332959672831e-05,,0,2.0,93.0
2023-12-29,16.7588003297551,16.90296191258185,16.7588003297551,16.848901748657227,526000,460.2484130859375,83.0,1.0,1.0,3.0,3.0,0.00021920737756151156,-1.9033979505150087e-05,,0,1.0,1.0
2024-01-02,16.605630875274098,16.623651505413033,16.533550073260233,16.560579299926758,283500,457.6727600097656,85.0,1.0,1.0,3.0,3.0,0.00019575934672313295,2.3471539294077436e-05,,1,1.0,2.0
2024-01-03,16.39839726041808,16.470478055733558,16.317306150870447,16.44344711303711,436400,453.9350280761719,84.0,1.0,1.0,3.0,3.0,0.00012471802461190847,0.00011021220841633441,,1,1.0,3.0
2024-01-04,16.317308428096176,16.344337656023075,16.263246535158455,16.281267166137695,257100,452.472900390625,84.0,1.0,1.0,3.0,3.0,2.8432005490818617e-05,0.0001565069604770246,,0,1.0,4.0
2024-01-05,16.34433765382659,16.47949066761076,16.30829811041491,16.31730842590332,226400,453.0926208496094,83.0,1.0,1.0,3.0,3.0,-7.897754984171183e-06,0.00018791763963316873,,0,1.0,5.0
2024-01-08,16.308297727644604,16.49750919283435,16.308297727644604,16.461469650268555,679200,459.5609130859375,82.0,1.0,1.0,3.0,3.0,4.48515674751117e-06,0.00021920737756151156,,0,1.0,6.0
2024-01-09,16.353345870362208,16.39839744202188,16.33532524169834,16.344335556030273,349200,458.86370849609375,82.0,1.0,1.0,3.0,3.0,1.3084268696725833e-05,0.00019575934672313295,,0,1.0,7.0
2024-01-10,16.30829811041491,16.31730842590332,16.263246532972868,16.31730842590332,535900,461.4588317871094,81.0,1.0,1.0,3.0,3.0,1.7712143794857158e-05,0.00012471802461190847,,1,1.0,8.0
2024-01-11,16.353346058260723,16.407406226331737,16.209184464376843,16.326316833496094,423500,461.2555236816406,79.0,1.0,1.0,3.0,3.0,8.63226628656817e-06,2.8432005490818617e-05,,0,1.0,9.0
2024-01-12,16.344335743825262,16.4164165407672,16.290275575754247,16.326316833496094,837200,461.5750427246094,78.0,1.0,1.0,3.0,3.0,9.422680728513093e-06,-7.897754984171183e-06,,0,1.0,10.0
2024-01-16,16.146116455137328,16.173147402584323,16.01997547080206,16.04700469970703,612200,459.88043212890625,81.0,4.0,1.0,3.0,9.0,-1.996898187461479e-05,4.48515674751117e-06,,1,2.0,11.0
2024-01-17,15.848779862009106,15.848779862009106,15.731647497454734,15.794719696044922,1309400,457.3241271972656,82.0,4.0,4.0,3.0,10.0,-9.498093736531913e-05,1.3084268696725833e-05,,1,2.0,12.0
2024-01-18,15.794722364271024,15.866803170580553,15.776701733058147,15.848782539367676,516800,461.3909912109375,81.0,4.0,4.0,3.0,10.0,-0.000150910597829842,1.7712143794857158e-05,,0,2.0,13.0
2024-01-19,15.911851694946781,16.001953124909,15.857791524386185,15.992942810058594,935800,467.142822265625,81.0,4.0,4.0,3.0,10.0,-0.0001765663712938078,8.63226628656817e-06,,0,2.0,14.0
2024-01-22,15.911852645565688,15.965912819355992,15.83977184099797,15.956902503967285,1014500,468.1304931640625,80.0,4.0,4.0,3.0,10.0,-0.00016653057576526586,9.422680728513093e-06,,0,2.0,15.0
2024-01-23,15.911852835499179,15.983933640927297,15.8848218890104,15.9298734664917,342700,469.4958190917969,79.0,4.0,4.0,3.0,10.0,-0.0001736776358395533,-1.996898187461479e-05,,0,2.0,16.0
2024-01-24,16.101066594601022,16.182155999857965,16.037994383891366,16.04700469970703,784900,470.009033203125,78.0,4.0,4.0,3.0,10.0,-0.00015877002348582624,-9.498093736531913e-05,,0,2.0,17.0
2024-01-25,16.028985786617724,16.06502533133836,15.974923891723732,16.04700469970703,777700,472.5653381347656,77.0,4.0,4.0,3.0,10.0,-0.00012320337774504966,-0.000150910597829842,,0,2.0,18.0
2024-01-26,16.11007118498454,16.164133066432285,16.092052276376887,16.12809181213379,431500,471.9649963378906,76.0,4.0,4.0,3.0,10.0,-8.488199493350627e-05,-0.0001765663712938078,,0,2.0,19.0
2024-01-29,15.965909783007508,16.065021514892578,15.938880560523662,16.065021514892578,647200,475.70269775390625,75.0,4.0,4.0,1.0,8.0,-9.752769744039171e-05,-0.00016653057576526586,,1,2.0,20.0
2024-01-30,16.056011201217427,16.092052455918036,16.010961351383273,16.065021514892578,276300,475.3347473144531,74.0,4.0,4.0,1.0,8.0,-0.00011677367593664631,-0.0001736776358395533,,0,2.0,21.0
2024-01-31,16.0560142542513,16.128095058817,15.929873275896812,15.965912818908691,423800,467.57855224609375,73.0,4.0,4.0,1.0,8.0,-0.0001335946603706181,-0.00015877002348582624,,0,2.0,22.0
2024-02-01,15.965913575908067,16.056015015522696,15.911853399556097,16.04700469970703,702600,473.69830322265625,73.0,4.0,4.0,1.0,8.0,-0.00012002759486132713,-0.00012320337774504966,,0,2.0,23.0
2024-02-02,16.074031649227642,16.15512275285766,16.065021335653018,16.12809181213379,229400,478.6851501464844,72.0,4.0,4.0,1.0,8.0,-0.0001027112628448845,-8.488199493350627e-05,,0,2.0,24.0
2024-02-05,15.86680317124672,15.902842715132007,15.776701733720532,15.83977222442627,273200,476.94207763671875,75.0,4.0,4.0,1.0,8.0,-9.753225216635617e-05,-9.752769744039171e-05,,1,2.0,25.0
2024-02-06,15.84878215594266,15.965912818908691,15.839771840554205,15.965912818908691,413800,478.32684326171875,75.0,4.0,4.0,1.0,8.0,-7.64002068512617e-05,-0.00011677367593664631,,0,2.0,26.0
2024-02-07,16.05601102071696,16.119081497192383,16.02898179853697,16.119081497192383,519800,482.3163146972656,75.0,4.0,4.0,1.0,8.0,-4.610670926743954e-05,-0.0001335946603706181,,0,2.0,27.0
2024-02-08,15.992943765074056,15.992943765074056,15.902842329731447,15.965912818908691,295100,482.5293273925781,75.0,4.0,4.0,1.0,8.0,-1.9309157668911917e-05,-0.00012002759486132713,,1,2.0,28.0
2024-02-09,15.938882639497999,15.992942810058594,15.893831065245971,15.992942810058594,228100,485.31805419921875,74.0,4.0,4.0,1.0,8.0,-1.7603839239769043e-05,-0.0001027112628448845,,0,2.0,29.0
2024-02-12,16.04700279294753,16.14611453660103,16.0379924782025,16.074033737182617,424800,485.10504150390625,73.0,4.0,1.0,1.0,7.0,-3.40050171457482e-05,-9.753225216635617e-05,,0,2.0,30.0
2024-02-13,15.84877985769667,15.866800485860391,15.677587327224693,15.74966812133789,570200,478.4236145019531,77.0,4.0,4.0,1.0,8.0,-7.357124688997295e-05,-7.64002068512617e-05,,1,2.0,31.0
2024-02-14,15.93888453648708,16.02898597717285,15.920863904641518,16.02898597717285,614200,482.7713623046875,80.0,4.0,4.0,3.0,10.0,-8.345786281666382e-05,-4.610670926743954e-05,,0,2.0,32.0
2024-02-15,16.218194778812304,16.371366687131648,16.218194778812304,16.326316833496094,588700,486.1023254394531,82.0,4.0,1.0,3.0,9.0,-4.98984612284783e-05,-1.9309157668911917e-05,,0,2.0,33.0
2024-02-16,16.470479964874805,16.560579680556586,16.461469649598243,16.479490280151367,718300,483.6816101074219,82.0,4.0,1.0,3.0,9.0,3.487683662180333e-05,-1.7603839239769043e-05,,0,2.0,34.0
2024-02-20,16.704740704942772,16.74078024254175,16.605628969097637,16.62364959716797,622400,481.01873779296875,82.0,4.0,1.0,3.0,9.0,9.560142196408875e-05,-3.40050171457482e-05,,0,2.0,35.0
2024-02-21,16.443449019045122,16.497509192162575,16.425428388491998,16.479490280151367,228800,481.4544677734375,81.0,4.0,1.0,3.0,9.0,8.686435310265038e-05,-7.357124688997295e-05,,1,2.0,36.0
2024-02-22,16.533548538952807,16.533548538952807,16.434436800928072,16.470478057861328,630400,491.4183349609375,80.0,1.0,1.0,3.0,3.0,6.859269008027402e-05,-8.345786281666382e-05,,0,1.0,37.0
2024-02-23,16.326318551595776,16.362358094588487,16.2722566592938,16.3353271484375,328700,491.75726318359375,80.0,1.0,1.0,3.0,3.0,3.573621853247805e-05,-4.98984612284783e-05,,1,1.0,38.0
2024-02-26,16.20918464539048,16.20918464539048,16.155124476715752,16.182153701782227,394400,489.95623779296875,80.0,1.0,1.0,3.0,3.0,1.3706029615791189e-05,3.487683662180333e-05,,1,1.0,39.0
2024-02-27,16.173147010763525,16.236217501403175,16.155126379568774,16.200176239013672,402200,490.866455078125,78.0,1.0,1.0,3.0,3.0,-7.3756461204663685e-06,9.560142196408875e-05,,0,1.0,40.0
2024-02-28,16.047004890476373,16.047004890476373,15.965913765713383,16.02898597717285,316300,490.21771240234375,79.0,1.0,4.0,3.0,4.0,-1.4378119787067347e-05,8.686435310265038e-05,,1,2.0,41.0
2024-02-29,16.074035838244715,16.10106678601306,15.992944713481727,16.02898597717285,422900,491.9800109863281,77.0,1.0,4.0,3.0,4.0,1.0542996077931806e-05,6.859269008027402e-05,,0,2.0,42.0
2024-03-01,16.02898558811942,16.16413688659668,15.992944325303084,16.16413688659668,498000,496.598876953125,77.0,1.0,4.0,3.0,4.0,4.255616369842614e-05,3.573621853247805e-05,,0,2.0,43.0
2024-03-04,16.11908550418546,16.128095819999164,16.047004696217833,16.083045959472656,400300,496.0662536621094,76.0,1.0,4.0,3.0,4.0,4.7084046506400177e-05,1.3706029615791189e-05,,0,2.0,44.0
2024-03-05,16.056015015522696,16.155126770952993,16.037994383891366,16.04700469970703,324200,491.1085510253906,75.0,1.0,4.0,1.0,2.0,3.687226413720058e-05,-7.3756461204663685e-06,,0,2.0,45.0
2024-03-06,16.308296017244274,16.39839744202188,16.308296017244274,16.344335556030273,489100,493.59710693359375,78.0,1.0,4.0,1.0,2.0,4.417376116716653e-05,-1.4378119787067347e-05,,0,2.0,46.0
2024-03-07,16.38938884692928,16.45245933532715,16.362357901097944,16.45245933532715,347000,498.49676513671875,78.0,1.0,1.0,1.0,1.0,7.13614436224634e-05,1.0542996077931806e-05,,0,1.0,47.0
2024-03-08,16.488499069763083,16.560579874276836,16.398399353027344,16.398399353027344,551500,495.504638671875,77.0,1.0,1.0,1.0,1.0,9.205591280905709e-05,4.255616369842614e-05,,0,1.0,48.0
2024-03-11,16.416416169632182,16.461467740790987,16.371366317015095,16.434436798095703,231000,495.0786437988281,76.0,1.0,1.0,1.0,1.0,8.464551839020377e-05,4.7084046506400177e-05,,0,1.0,49.0
2024-03-12,16.416418074218697,16.45245933532715,16.3173080432543,16.45245933532715,338100,500.4044189453125,74.0,1.0,1.0,1.0,1.0,9.889918211052164e-05,3.687226413720058e-05,,0,1.0,50.0
2024-03-13,16.497506914708296,16.63265818811547,16.497506914708296,16.578598022460938,336900,499.62005615234375,74.0,1.0,1.0,1.0,1.0,0.0001333805836113463,4.417376116716653e-05,,0,1.0,51.0
2024-03-14,16.713753142838055,16.713753142838055,16.524541660225932,16.569591522216797,328900,498.63232421875,73.0,1.0,1.0,1.0,1.0,0.00018599725368532383,7.13614436224634e-05,,0,1.0,52.0
2024-03-15,16.587610434712907,16.587610434712907,16.49750900153035,16.542560577392578,475100,495.20843505859375,72.0,1.0,1.0,1.0,1.0,0.00021286671196665916,9.205591280905709e-05,,0,1.0,53.0
2024-03-18,16.506517596252866,16.515527910486178,16.452457429394702,16.470478057861328,504600,498.1515197753906,71.0,1.0,1.0,1.0,1.0,0.00020522303539391464,8.464551839020377e-05,,0,1.0,54.0
2024-03-19,16.461469650268555,16.49750919283435,16.41641807388391,16.461469650268555,322400,500.9197692871094,70.0,1.0,1.0,1.0,1.0,0.00019787283884771634,9.889918211052164e-05,,0,1.0,55.0
2024-03-20,16.452457063987765,16.605628965468735,16.416415807854982,16.587608337402344,416300,505.552978515625,70.0,1.0,1.0,1.0,1.0,0.00021274558344710765,0.0001333805836113463,,0,1.0,56.0
2024-03-21,16.72276326091484,16.758804524914392,16.614642906000288,16.632661819458008,316800,507.2236633300781,69.0,1.0,1.0,1.0,1.0,0.00022915546731772367,0.00018599725368532383,,0,1.0,57.0
2024-03-22,16.59661883468087,16.59661883468087,16.524538040161133,16.524538040161133,473100,506.2621765136719,68.0,1.0,1.0,1.0,1.0,0.00021873495104711142,0.00021286671196665916,,1,1.0,58.0
2024-03-25,16.470479775939634,16.551570893956562,16.470479775939634,16.48849868774414,631700,504.8633728027344,67.0,1.0,1.0,1.0,1.0,0.000207082361638998,0.00020522303539391464,,0,1.0,59.0
2024-03-26,16.68672180178297,16.74078197304049,16.668701171849843,16.677711486816406,489000,503.9309387207031,68.0,1.0,1.0,1.0,1.0,0.00023536871327985262,0.00019787283884771634,,0,1.0,60.0
2024-03-27,16.722759251233995,16.767810820431247,16.686719714417833,16.758800506591797,458200,508.16583251953125,68.0,1.0,1.0,1.0,1.0,0.0003113763581007072,0.00021274558344710765,,0,1.0,61.0
2024-03-28,16.569589804368015,16.587610434712907,16.533550262220132,16.542560577392578,899900,508.06866455078125,69.0,1.0,1.0,1.0,1.0,0.00031816645930935177,0.00022915546731772367,,1,1.0,62.0
2024-04-01,16.59661883468087,16.59661883468087,16.470477873906752,16.524538040161133,402300,507.18475341796875,68.0,1.0,1.0,1.0,1.0,0.0002682369077067664,0.00021873495104711142,,0,1.0,63.0
2024-04-02,16.614643098086482,16.659692960064703,16.5876121497743,16.605632781982422,330400,503.9599914550781,67.0,1.0,1.0,1.0,1.0,0.00018220670064129736,0.000207082361638998,,0,1.0,64.0
2024-04-03,16.58760834102731,16.668699448802112,16.551568803428328,16.62364959716797,396400,504.5136413574219,66.0,1.0,1.0,1.0,1.0,0.00013182636272176778,0.00023536871327985262,,0,1.0,65.0
2024-04-04,16.74979440726441,16.830885533681627,16.542562292439108,16.569591522216797,662800,498.35552978515625,65.0,1.0,1.0,1.0,1.0,0.00012238790667127813,0.0003113763581007072,,0,1.0,66.0
2024-04-05,16.596622267683905,16.704744341099364,16.569591319694528,16.686723709106445,580900,503.5617370605469,65.0,1.0,1.0,1.0,1.0,0.00012882545320425925,0.00031816645930935177,,0,1.0,67.0
2024-04-08,16.704744149231097,16.749794010153902,16.686723517445163,16.71375274658203,260000,503.8434143066406,64.0,1.0,1.0,1.0,1.0,0.00017772749299842358,0.0002682369077067664,,0,1.0,68.0
2024-04-09,16.884943196344015,16.90296382587257,16.749791911963513,16.839893341064453,492100,504.42620849609375,64.0,1.0,1.0,1.0,1.0,0.00024096068306843973,0.00018220670064129736,,0,1.0,69.0
2024-04-10,16.66870308345756,16.695734031457228,16.57860164200073,16.632661819458008,748300,499.37542724609375,65.0,1.0,1.0,1.0,1.0,0.0002483252410887456,0.00013182636272176778,,1,1.0,70.0
2024-04-11,16.704744341099364,16.704744341099364,16.533551774250746,16.686723709106445,717900,503.1441650390625,65.0,1.0,4.0,1.0,2.0,0.00028279210574495205,0.00012238790667127813,,0,2.0,71.0
2024-04-12,16.461468112944512,16.470478427379973,16.30829620462517,16.326316833496094,559200,496.19921875,70.0,1.0,4.0,1.0,2.0,0.0002559247334079989,0.00012882545320425925,,1,2.0,72.0
2024-04-15,16.344334182299978,16.344334182299978,16.11007118498454,16.12809181213379,710100,489.9827575683594,71.0,1.0,4.0,1.0,2.0,0.0002392206317370016,0.00017772749299842358,,0,2.0,73.0
2024-04-16,16.065021514892578,16.146112619427342,16.010961351383273,16.065021514892578,1624200,489.0890808105469,70.0,1.0,4.0,1.0,2.0,0.0001687075715496761,0.00024096068306843973,,0,2.0,74.0
2024-04-17,16.254236218070897,16.281265443137368,16.11908321857142,16.182153701782227,905900,486.19451904296875,70.0,1.0,4.0,1.0,2.0,0.00014307293752275732,0.0002483252410887456,,0,2.0,75.0
2024-04-18,16.34433765382659,16.434439090168716,16.30829811041491,16.31730842590332,813700,485.1941223144531,70.0,1.0,4.0,1.0,2.0,0.00014831924691494842,0.00028279210574495205,,0,2.0,76.0
2024-04-19,16.434436795963258,16.497507277035684,16.371366314890835,16.407405853271484,573300,480.9591369628906,69.0,1.0,4.0,1.0,2.0,0.0001700606192256978,0.0002559247334079989,,0,2.0,77.0
2024-04-22,16.58760816164324,16.731769747563504,16.569587533767788,16.704740524291992,649000,485.3883972167969,72.0,1.0,4.0,1.0,2.0,0.00023643752531628061,0.0002392206317370016,,0,2.0,78.0
2024-04-23,16.86692200994391,17.056135176663084,16.8218721561517,17.038114547729492,694000,491.14825439453125,76.0,1.0,1.0,3.0,3.0,0.0003052587579432919,0.0001687075715496761,,0,1.0,79.0
2024-04-24,17.038114546303397,17.06514548970152,16.94801312018475,17.011083602905273,376400,490.9151916503906,75.0,1.0,1.0,1.0,1.0,0.000364080669042205,0.00014307293752275732,,0,1.0,80.0
2024-04-25,16.975043879749826,17.11920547256174,16.920983712080794,17.08316421508789,362200,489.0502624511719,74.0,1.0,1.0,1.0,1.0,0.00037308703504399524,0.00014831924691494842,,0,1.0,81.0
2024-04-26,17.074155807495117,17.09217471788895,16.98405438135891,17.074155807495117,347700,493.6834411621094,73.0,1.0,1.0,1.0,1.0,0.0003639946634764692,0.0001700606192256978,,0,1.0,82.0
2024-04-29,17.083164032305135,17.17326545648397,17.03811417948658,17.164255142211914,357400,495.43182373046875,72.0,1.0,1.0,1.0,1.0,0.00034066776165087676,0.00023643752531628061,,0,1.0,83.0
2024-04-30,17.074157912572254,17.119207771923683,16.948015213012695,16.948015213012695,522600,487.58355712890625,73.0,1.0,1.0,1.0,1.0,0.00029235574433174576,0.0003052587579432919,,0,1.0,84.0
2024-05-01,16.84890328291083,17.12821616025406,16.84890328291083,16.95702362060547,481900,486.00030517578125,72.0,1.0,1.0,1.0,1.0,0.0002598770194355546,0.000364080669042205,,0,1.0,85.0
2024-05-02,17.18227559092433,17.317426866507216,17.074155257874708,17.272377014160156,745300,490.546142578125,76.0,1.0,1.0,3.0,3.0,0.0002764603182197945,0.00037308703504399524,,0,1.0,86.0
2024-05-03,17.389507294654848,17.41653823661804,17.281386963885407,17.398517608642578,260000,496.6265563964844,75.0,1.0,1.0,1.0,1.0,0.0003323999474475197,0.0003639946634764692,,0,1.0,87.0
2024-05-06,17.425548550605775,17.44356917858124,17.380498699208786,17.398517608642578,530000,501.755126953125,74.0,1.0,1.0,1.0,1.0,0.00038857741074772335,0.00034066776165087676,,0,1.0,88.0
2024-05-07,17.362478437395982,17.362478437395982,17.245346071626898,17.272377014160156,381000,502.3088073730469,74.0,1.0,1.0,1.0,1.0,0.00039215848632102824,0.00029235574433174576,,1,1.0,89.0
2024-05-08,17.137227819971336,17.23633785088057,17.119207189427144,17.22732925415039,387400,502.35736083984375,73.0,1.0,1.0,1.0,1.0,0.0003664298208969731,0.0002598770194355546,,1,1.0,90.0
2024-05-09,17.28138904658567,17.389509390385445,17.272378731512042,17.353469848632812,495400,505.2519226074219,72.0,1.0,1.0,1.0,1.0,0.0003569661915821505,0.0002764603182197945,,0,1.0,91.0
2024-05-10,17.389509390650712,17.416540335872007,17.29940967699682,17.33544921875,301100,505.9027404785156,71.0,1.0,1.0,1.0,1.0,0.0003694910025656871,0.0003323999474475197,,0,1.0,92.0
2024-05-13,17.434558864593505,17.470598402002764,17.371488385221056,17.398517608642578,261600,505.9706726074219,70.0,1.0,1.0,1.0,1.0,0.0004013828443556928,0.00038857741074772335,,0,1.0,93.0
2024-05-14,17.560701370558863,17.596742629685277,17.488620570847857,17.57872200012207,1198000,508.2921142578125,71.0,1.0,1.0,1.0,1.0,0.00042176959121495075,0.00039215848632102824,,0,1.0,94.0
2024-05-15,17.47961006959635,17.62377166748047,17.461589440225385,17.62377166748047,366400,514.5862426757812,70.0,1.0,1.0,1.0,1.0,0.00045245217688042616,0.0003664298208969731,,0,1.0,95.0
2024-05-16,17.65080261281523,17.695852467704103,17.605752757926357,17.6688232421875,201700,513.5275268554688,69.0,1.0,1.0,1.0,1.0,0.0004890849411961429,0.0003569661915821505,,0,1.0,96.0
2024-05-17,17.704862412010318,17.867044635884348,17.704862412010318,17.831005096435547,315200,514.2657470703125,69.0,1.0,1.0,1.0,1.0,0.0005241459008927964,0.0003694910025656871,,0,1.0,97.0
2024-05-20,17.704862782390236,17.713873097076373,17.63278198344296,17.6688232421875,381200,514.8582153320312,69.0,1.0,1.0,1.0,1.0,0.0005276735239230194,0.0004013828443556928,,0,1.0,98.0
2024-05-21,17.695852280013924,17.72288322378563,17.65080242560287,17.704862594604492,285600,516.1210327148438,68.0,1.0,1.0,1.0,1.0,0.0005211731389127258,0.00042176959121495075,,0,1.0,99.0
2024-05-22,17.650802800153663,17.650802800153663,17.560701370877812,17.596742630004883,528800,514.6348876953125,67.0,1.0,1.0,1.0,1.0,0.0004997668347505977,0.00045245217688042616,,0,1.0,100.0
2024-05-23,17.74991454340407,17.758923139643603,17.49763088515153,17.55169105529785,309000,510.8758239746094,67.0,1.0,1.0,1.0,1.0,0.0004949781704347278,0.0004890849411961429,,0,1.0,101.0
2024-05-24,17.650804518935562,17.695854378689393,17.632783887617233,17.659814834594727,422600,514.256103515625,66.0,1.0,1.0,1.0,1.0,0.0005193345631478639,0.0005241459008927964,,0,1.0,102.0
2024-05-28,17.704860867454165,17.713871181165757,17.58773022628672,17.64179039001465,348500,514.615478515625,65.0,1.0,1.0,1.0,1.0,0.0005703247600692584,0.0005276735239230194,,0,1.0,103.0
2024-05-29,17.59674454309315,17.59674454309315,17.515653419782975,17.533672332763672,357600,511.0118408203125,65.0,1.0,1.0,1.0,1.0,0.0006184653224642759,0.0005211731389127258,,0,1.0,104.0
2024-05-30,17.659812927501367,17.686842153017967,17.605752757926357,17.6688232421875,210600,507.6218566894531,65.0,1.0,1.0,1.0,1.0,0.0006478750430521435,0.0004997668347505977,,0,1.0,105.0
2024-05-31,17.6598129262224,17.6598129262224,17.515651328338283,17.62377166748047,500200,512.2454223632812,64.0,1.0,1.0,1.0,1.0,0.0006360162745952178,0.0004949781704347278,,0,1.0,106.0
2024-06-03,17.71387290919506,17.740903852966763,17.632781796421735,17.704862594604492,376400,512.6630859375,63.0,1.0,1.0,1.0,1.0,0.0006244543079667817,0.0005193345631478639,,0,1.0,107.0
2024-06-04,17.60575465918173,17.659814834594727,17.569713396545072,17.659814834594727,610300,513.2362060546875,62.0,1.0,1.0,1.0,1.0,0.0005897008288182176,0.0005703247600692584,,0,1.0,108.0
2024-06-05,17.614763257015195,17.65981483531285,17.54268245028094,17.65080451965332,286800,519.3359985351562,61.0,1.0,1.0,1.0,1.0,0.000545160694705895,0.0006184653224642759,,0,1.0,109.0
2024-06-06,17.632781795722202,17.69585227931189,17.623771481131993,17.68684196472168,219000,519.3263549804688,60.0,1.0,4.0,1.0,2.0,0.0004944585854112321,0.0006478750430521435,,0,2.0,110.0
2024-06-07,17.524662206935147,17.54268111834412,17.434560775722822,17.443571090698242,489300,518.6950073242188,63.0,1.0,4.0,1.0,2.0,0.0004143260302840216,0.0006360162745952178,,1,2.0,111.0
2024-06-10,17.461591525214853,17.542682648525027,17.42555198071145,17.533672332763672,268600,520.297607421875,62.0,1.0,4.0,1.0,2.0,0.00039298203716978255,0.0006244543079667817,,0,2.0,112.0
2024-06-11,17.351076939337215,17.479534908710637,17.296023773906974,17.452009201049805,6438900,521.55078125,61.0,1.0,4.0,1.0,2.0,0.00036363880912249075,0.0005897008288182176,,0,2.0,113.0
2024-06-12,17.71810084481557,17.727276664012876,17.571291237875762,17.617170333862305,457200,525.8341064453125,62.0,1.0,4.0,1.0,2.0,0.0004006669082863437,0.000545160694705895,,0,2.0,114.0
2024-06-13,17.61716962855589,17.644695334937254,17.516237371534903,17.562114715576172,163700,526.8928833007812,61.0,1.0,4.0,1.0,2.0,0.0004197484866004233,0.0004944585854112321,,0,2.0,115.0
2024-06-14,17.406130706433768,17.433658165154696,17.341901719526895,17.424482345581055,393100,527.2135620117188,61.0,1.0,4.0,1.0,2.0,0.00039561283795063455,0.0004143260302840216,,1,2.0,116.0
2024-06-17,17.43365750607038,17.534589767456055,17.40613004839013,17.534589767456055,599200,531.4096069335938,61.0,1.0,4.0,1.0,2.0,0.0003418046056401013,0.00039298203716978255,,0,2.0,117.0
2024-06-18,17.534588844220504,17.598817825317383,17.488709750502395,17.598817825317383,655000,532.7597045898438,60.0,1.0,4.0,1.0,2.0,0.0002853944097153213,0.00036363880912249075,,0,2.0,118.0
2024-06-20,17.424480708687852,17.470359802246094,17.40612907126456,17.470359802246094,269600,531.3123168945312,60.0,1.0,4.0,1.0,2.0,0.0002699715746742755,0.0004006669082863437,,1,2.0,119.0
2024-06-21,17.461185020306274,17.479534908710637,17.415305924023926,17.452009201049805,176200,530.60009765625,59.0,1.0,4.0,1.0,2.0,0.0002486683170999531,0.0004197484866004233,,0,2.0,120.0
2024-06-24,17.580467057073072,17.690575137332207,17.580467057073072,17.617170333862305,397600,528.8753051757812,60.0,1.0,4.0,1.0,2.0,0.00022006619483338954,0.00039561283795063455,,0,2.0,121.0
2024-06-25,17.55293878388647,17.55293878388647,17.48870980259827,17.516237258911133,200700,530.9119262695312,59.0,1.0,4.0,1.0,2.0,0.00021721615015446753,0.0003418046056401013,,1,2.0,122.0
2024-06-26,17.4795331137378,17.49788475036621,17.43365577227517,17.49788475036621,743200,531.5745849609375,58.0,1.0,4.0,1.0,2.0,0.0002292471073833578,0.0002853944097153213,,0,2.0,123.0
2024-06-27,17.699749707125456,17.72727541266581,17.653870614377464,17.71809959411621,291700,532.4125366210938,60.0,1.0,4.0,1.0,2.0,0.0002621122872985724,0.0002699715746742755,,0,2.0,124.0
2024-06-28,17.626344402951048,17.663047679740284,17.552939599481146,17.617170333862305,448100,530.3175659179688,60.0,1.0,4.0,1.0,2.0,0.00027132817597953735,0.0002486683170999531,,0,2.0,125.0
2024-07-01,17.562118861756918,17.60799796673812,17.46118833101608,17.52541732788086,257300,531.408935546875,59.0,1.0,4.0,1.0,2.0,0.00025567192798616346,0.00022006619483338954,,0,2.0,126.0
2024-07-02,17.681399482424986,17.791505813598633,17.672223663142418,17.791505813598633,323000,534.985107421875,62.0,1.0,1.0,1.0,1.0,0.00024229691801946071,0.00021721615015446753,,0,1.0,127.0
2024-07-03,18.011720863375814,18.16770629648164,18.011720863375814,18.140180587768555,277700,537.3726196289062,66.0,1.0,1.0,1.0,1.0,0.0002915510906283992,0.0002292471073833578,,0,1.0,128.0
2024-07-05,18.00254642011477,18.048423767089844,17.883262517805797,18.048423767089844,265500,540.4713134765625,66.0,1.0,1.0,1.0,1.0,0.000350739574845463,0.0002621122872985724,,0,1.0,129.0
2024-07-08,18.01172141879039,18.04842469835115,17.965844069448135,17.984195709228516,390000,541.0950317382812,65.0,1.0,1.0,1.0,1.0,0.0003834233004447309,0.00027132817597953735,,0,1.0,130.0
2024-07-09,18.066775949365034,18.13100493710557,18.03924849028681,18.103477478027344,154800,541.62109375,65.0,1.0,1.0,1.0,1.0,0.00040588149154755106,0.00025567192798616346,,0,1.0,131.0
2024-07-10,18.351219117614388,18.452151382796032,18.351219117614388,18.433799743652344,559700,546.980712890625,68.0,1.0,1.0,1.0,1.0,0.00048139875529161074,0.00024229691801946071,,0,1.0,132.0
2024-07-11,18.48885138173084,18.57143200093841,18.48885138173084,18.525554656982422,413300,542.2642211914062,68.0,1.0,1.0,1.0,1.0,0.0005648879816751263,0.0002915510906283992,,0,1.0,133.0
2024-07-12,18.608137906296097,18.64483943662665,18.53473309552626,18.543907165527344,315300,545.6845703125,67.0,1.0,1.0,1.0,1.0,0.0006164161453930051,0.000350739574845463,,0,1.0,134.0
2024-07-15,18.49802741994373,18.516379057787184,18.378745274178286,18.40627098083496,170800,547.1853637695312,66.0,1.0,1.0,1.0,1.0,0.0006090040056602118,0.0003834233004447309,,1,1.0,135.0
2024-07-16,18.30534074017456,18.452150344848633,18.296164921118862,18.452150344848633,134000,550.4302368164062,66.0,1.0,1.0,1.0,1.0,0.000601884615882961,0.00040588149154755106,,0,1.0,136.0
2024-07-17,18.38792262499419,18.424624153630187,18.314516067504883,18.314516067504883,192700,542.7125244140625,65.0,1.0,1.0,1.0,1.0,0.000566614527156248,0.00048139875529161074,,0,1.0,137.0
2024-07-18,18.2686359275976,18.2686359275976,18.06677317567412,18.08512306213379,208300,538.5418701171875,67.0,1.0,1.0,1.0,1.0,0.0005204808551579554,0.0005648879816751263,,1,1.0,138.0
2024-07-19,18.103475622936315,18.121827260441275,18.02089500427246,18.02089500427246,184300,534.965576171875,66.0,1.0,1.0,1.0,1.0,0.00045501041090973923,0.0006164161453930051,,0,1.0,139.0
2024-07-22,18.05759958650658,18.112652752898395,18.020896308839635,18.048423767089844,247000,540.4811401367188,65.0,1.0,1.0,1.0,1.0,0.00042240335832387693,0.0006090040056602118,,0,1.0,140.0
2024-07-23,18.03924881605942,18.167706793860322,18.03007299620097,18.066776275634766,312400,539.6334228515625,64.0,1.0,1.0,1.0,1.0,0.00043862059265206135,0.000601884615882961,,0,1.0,141.0
2024-07-24,18.13100428125921,18.149355919980863,17.993370491063978,18.002546310424805,210000,527.4038696289062,63.0,1.0,4.0,1.0,2.0,0.00046095862921485196,0.000566614527156248,,0,2.0,142.0
2024-07-25,17.910789054418206,18.02089538153608,17.864909959695332,17.901613235473633,164300,524.6559448242188,63.0,1.0,4.0,1.0,2.0,0.0004634317946841269,0.0005204808551579554,,0,2.0,143.0
2024-07-26,17.87408664706661,17.984194729642685,17.87408664706661,17.919965744018555,454900,530.531982421875,62.0,1.0,4.0,1.0,2.0,0.00043544083693441575,0.00045501041090973923,,0,2.0,144.0
2024-07-29,17.99336978714798,17.99336978714798,17.91078916623975,17.947490692138672,1069100,530.8438110351562,61.0,1.0,4.0,1.0,2.0,0.00044088993188631277,0.00042240335832387693,,0,2.0,145.0
2024-07-30,17.993371529118704,18.002547349008896,17.92914253999607,17.984195709228516,153100,528.1542358398438,60.0,1.0,4.0,1.0,2.0,0.0004664802178982995,0.00043862059265206135,,0,2.0,146.0
2024-07-31,18.21358593846861,18.25028746788503,18.121829489764522,18.195234298706055,557700,536.7391967773438,61.0,1.0,4.0,1.0,2.0,0.0005091052289520195,0.00046095862921485196,,0,2.0,147.0
2024-08-01,18.048421844036707,18.057597662475764,17.79150417806839,17.837383270263672,1325100,529.1384887695312,66.0,1.0,4.0,1.0,2.0,0.0004741269907605904,0.0004634317946841269,,1,2.0,148.0
2024-08-02,17.883261214671275,17.883261214671275,17.72727579617046,17.809856414794922,637500,519.2867431640625,65.0,1.0,4.0,1.0,2.0,0.0004359838146666255,0.00043544083693441575,,0,2.0,149.0
2024-08-05,16.736309455489184,17.13086089538405,16.736309455489184,17.039104461669922,1251100,504.1632080078125,88.0,1.0,4.0,4.0,6.0,0.00028738924405791573,0.00044088993188631277,,1,2.0,150.0
2024-08-06,17.029932351113562,17.112512984425226,16.965703358561996,16.99323081970215,779300,508.8114318847656,87.0,1.0,4.0,4.0,6.0,0.0001932641547298886,0.0004664802178982995,,0,2.0,151.0
2024-08-07,17.250143423795546,17.332724040992815,17.12168546375911,17.130861282348633,586600,505.41046142578125,86.0,1.0,4.0,4.0,6.0,9.70723952746511e-05,0.0005091052289520195,,0,2.0,152.0
2024-08-08,17.378604129798685,17.45200893261279,17.36025249156802,17.406129837036133,660400,517.09423828125,88.0,1.0,4.0,4.0,6.0,0.0001152695252860133,0.0004741269907605904,,0,2.0,153.0
2024-08-09,17.461183662033612,17.52541264172407,17.433656206405512,17.507061004638672,368000,519.3743896484375,87.0,1.0,4.0,4.0,6.0,0.00012020550020152838,0.0004359838146666255,,0,2.0,154.0
2024-08-12,17.452009201049805,17.516238185736515,17.424481743280396,17.452009201049805,178200,519.647216796875,86.0,1.0,4.0,4.0,6.0,0.00011605105122513048,0.00028738924405791573,,0,2.0,155.0
2024-08-13,17.598819180767535,17.77315625010673,17.598819180767535,17.754804611206055,434600,528.1931762695312,87.0,1.0,4.0,4.0,6.0,0.00013926877284924132,0.0001932641547298886,,0,2.0,156.0
2024-08-14,17.892436816395154,17.965841615381155,17.88326099775835,17.929140090942383,552100,529.8594970703125,87.0,1.0,1.0,4.0,5.0,0.0001734442001258122,9.70723952746511e-05,,0,2.0,157.0
2024-08-15,18.16770640510938,18.268638671283888,18.16770640510938,18.186058044433594,896600,538.94140625,88.0,1.0,1.0,4.0,5.0,0.00022651385169814142,0.0001152695252860133,,0,2.0,158.0
2024-08-16,18.351219117614388,18.442975563224188,18.3328674784707,18.433799743652344,420100,540.1497192382812,89.0,1.0,1.0,4.0,5.0,0.00027309420875745174,0.00012020550020152838,,0,2.0,159.0
2024-08-19,18.47049969169427,18.626485110853906,18.47049969169427,18.608135223388672,311900,545.3143310546875,88.0,1.0,1.0,4.0,5.0,0.0003337105716790466,0.00011605105122513048,,0,2.0,160.0
2024-08-20,18.66318882256008,18.672364641561575,18.598959839658143,18.617311477661133,228100,544.4275512695312,87.0,1.0,1.0,4.0,5.0,0.00038758256800679197,0.00013926877284924132,,0,2.0,161.0
2024-08-21,18.635662947841183,18.71824357575773,18.59896141882754,18.654014587402344,384300,546.298583984375,86.0,1.0,1.0,4.0,5.0,0.0004023287395028377,0.0001734442001258122,,0,2.0,162.0
2024-08-22,18.608134565524786,18.617310383987245,18.452149151879787,18.47049903869629,276300,542.010986328125,86.0,1.0,1.0,4.0,5.0,0.00037419855471400944,0.00022651385169814142,,0,2.0,163.0
2024-08-23,18.690716228437008,18.910930633544922,18.644837133555036,18.910930633544922,356700,547.7699584960938,90.0,1.0,1.0,4.0,5.0,0.0003743330527549228,0.00027309420875745174,,0,2.0,164.0
2024-08-26,18.800822228066103,18.819173865698854,18.73659324645996,18.73659324645996,143100,546.4642333984375,90.0,1.0,1.0,4.0,5.0,0.00037593580902962957,0.0003337105716790466,,0,2.0,165.0
2024-08-27,18.727416827838745,18.800821625910242,18.727416827838745,18.76412010192871,132500,547.2145385742188,88.0,1.0,1.0,4.0,5.0,0.00039131178414952985,0.00038758256800679197,,0,2.0,166.0
2024-08-28,18.6907183016574,18.718244011531286,18.608137671818323,18.663190841674805,208500,544.037841796875,87.0,1.0,1.0,4.0,5.0,0.0003664842722922856,0.0004023287395028377,,1,2.0,167.0
2024-08-29,18.76412010192871,18.800821625910242,18.736592646361238,18.76412010192871,305400,544.0866088867188,86.0,1.0,1.0,4.0,5.0,0.0003703699275971432,0.00037419855471400944,,0,2.0,168.0
2024-08-30,18.92010716552761,18.947632873385587,18.809999083769963,18.92928123474121,252800,549.2803955078125,86.0,1.0,1.0,4.0,5.0,0.00040049669941322885,0.0003743330527549228,,0,2.0,169.0
2024-09-03,19.11279543655551,19.11279543655551,18.901756827944595,18.956809997558594,409400,537.9766845703125,85.0,1.0,1.0,4.0,5.0,0.00043920662171993696,0.00037593580902962957,,0,2.0,170.0
2024-09-04,18.920106077029246,19.06691567752091,18.920106077029246,19.03021240234375,310800,536.87548828125,84.0,1.0,1.0,4.0,5.0,0.0004574246388669994,0.00039131178414952985,,0,2.0,171.0
2024-09-05,19.12196938951282,19.149496846686496,19.039388768100327,19.08526611328125,322900,535.56982421875,83.0,1.0,1.0,4.0,5.0,0.0004708384253012533,0.0003664842722922856,,0,2.0,172.0
2024-09-06,19.121970269021045,19.149497727460837,18.846702685057597,18.892580032348633,301200,526.55615234375,82.0,1.0,1.0,4.0,5.0,0.0004732065777448946,0.0003703699275971432,,0,2.0,173.0
2024-09-09,19.213725988015707,19.33300813653232,19.204550168882342,19.296306610107422,435300,532.4515991210938,86.0,1.0,1.0,4.0,5.0,0.00050479180607154,0.00040049669941322885,,0,2.0,174.0
2024-09-10,19.26877915270733,19.305482429240783,19.204550168882342,19.296306610107422,374800,534.7708129882812,85.0,1.0,1.0,4.0,5.0,0.0005273191521581577,0.00043920662171993696,,0,2.0,175.0
2024-09-11,19.498169003220823,19.64497860629522,19.415588382727915,19.62662696838379,361800,540.2569580078125,87.0,1.0,1.0,4.0,5.0,0.000575140325770603,0.0004574246388669994,,0,2.0,176.0
2024-09-12,19.626627890031568,19.782613319386602,19.589926362593758,19.7734375,567200,544.8076171875,86.0,1.0,1.0,4.0,5.0,0.0005950965950901358,0.0004708384253012533,,0,2.0,177.0
2024-09-13,19.81931610476612,19.874369269610014,19.782612828131153,19.84684181213379,219000,547.6530151367188,85.0,1.0,1.0,4.0,5.0,0.0006462562379475532,0.0004732065777448946,,0,2.0,178.0
2024-09-16,19.901897539526992,19.94777488708496,19.837668552902382,19.94777488708496,190400,548.4618530273438,84.0,1.0,1.0,4.0,5.0,0.0006960885161468432,0.00050479180607154,,0,2.0,179.0
2024-09-17,19.97530174255371,19.984477561809978,19.874369480843356,19.97530174255371,257200,548.6859741210938,83.0,1.0,1.0,4.0,5.0,0.0007854119326943486,0.0005273191521581577,,0,2.0,180.0
2024-09-18,20.057880565601145,20.259743320796545,20.012001473437362,20.021177291870117,218400,547.05859375,82.0,1.0,1.0,4.0,5.0,0.0008496972891329253,0.000575140325770603,,0,2.0,181.0
2024-09-19,20.360678262295224,20.434083069342755,20.259745996314123,20.41573143005371,210000,556.3939208984375,85.0,1.0,1.0,4.0,5.0,0.000926207590473838,0.0005950965950901358,,0,2.0,182.0
2024-09-20,20.278096717666656,20.278096717666656,20.16798863702534,20.2689208984375,191500,555.4320678710938,84.0,1.0,1.0,4.0,5.0,0.0009348554702476052,0.0006462562379475532,,0,2.0,183.0
2024-09-23,20.4616081164941,20.571716198559127,20.452434047254894,20.52583885192871,341900,556.820068359375,85.0,1.0,1.0,4.0,5.0,0.0009460329532538248,0.0006960885161468432,,0,2.0,184.0
2024-09-24,20.49831193665795,20.58089256286621,20.479960297476417,20.58089256286621,540100,558.413330078125,83.0,1.0,1.0,4.0,5.0,0.0009452304876706473,0.0007854119326943486,,0,2.0,185.0
2024-09-25,20.397379742237444,20.397379742237444,20.232218489246268,20.287273406982422,329700,557.1817016601562,84.0,1.0,1.0,4.0,5.0,0.0009248228334954438,0.0008496972891329253,,1,2.0,186.0
2024-09-26,20.305623945448623,20.44325949408165,20.305623945448623,20.38820457458496,284000,559.3907470703125,83.0,1.0,1.0,4.0,5.0,0.0008913465992952952,0.000926207590473838,,0,2.0,187.0
2024-09-27,20.43408203125,20.525838472925166,20.415730392893256,20.43408203125,222400,558.5794067382812,82.0,1.0,1.0,4.0,5.0,0.0008340447061522127,0.0009348554702476052,,0,2.0,188.0
2024-09-30,20.470784220766017,20.479960040241533,20.250569803679493,20.323974609375,376100,560.8178100585938,81.0,1.0,1.0,3.0,3.0,0.0007956492889046813,0.0009460329532538248,,0,1.0,189.0
2024-10-01,20.28727166523221,20.323973190463352,20.158811951651984,20.250568389892578,474900,555.793701171875,80.0,1.0,1.0,3.0,3.0,0.0007584762952658804,0.0009452304876706473,,0,1.0,190.0
2024-10-02,20.342326138583452,20.342326138583452,20.158813250280385,20.27809715270996,263400,556.0282592773438,79.0,1.0,1.0,3.0,3.0,0.0007320623073570181,0.0009248228334954438,,0,1.0,191.0
2024-10-03,20.039531272997372,20.11293607893804,20.002827994972726,20.03035545349121,326600,555.01171875,80.0,1.0,1.0,3.0,3.0,0.0007249682744183551,0.0008913465992952952,,1,1.0,192.0
2024-10-04,20.048707033651496,20.11293601989746,20.021179575213818,20.11293601989746,85100,560.055419921875,79.0,1.0,1.0,3.0,3.0,0.0007513466729511974,0.0008340447061522127,,0,1.0,193.0
2024-10-07,20.05788378194026,20.112936951256316,20.002828862515504,20.048707962036133,324300,554.9921875,78.0,1.0,1.0,3.0,3.0,0.000753705955780972,0.0007956492889046813,,0,1.0,194.0
2024-10-08,20.076232800913395,20.09458443992572,19.975302286562865,20.03035545349121,249600,560.2411499023438,77.0,1.0,4.0,3.0,4.0,0.0007669751014798992,0.0007584762952658804,,0,2.0,195.0
2024-10-09,20.076231707056458,20.13128662109375,20.04870600014634,20.13128662109375,149200,564.1214599609375,76.0,1.0,4.0,3.0,4.0,0.0007520478012302242,0.0007320623073570181,,0,2.0,196.0
2024-10-10,19.993653925575188,20.03035545349121,19.892721661116035,20.03035545349121,234300,563.1343383789062,75.0,1.0,4.0,1.0,2.0,0.0007529565321323981,0.0007249682744183551,,1,2.0,197.0
2024-10-11,20.03953089053477,20.158813041621077,20.030355071203736,20.14963722229004,201200,566.5065307617188,74.0,1.0,4.0,1.0,2.0,0.000742244707662424,0.0007513466729511974,,0,2.0,198.0
2024-10-14,20.223043552400284,20.323974063703876,20.1771644562545,20.2689208984375,295500,571.1397094726562,74.0,1.0,4.0,1.0,2.0,0.0007123365522364473,0.000753705955780972,,0,2.0,199.0
2024-10-15,20.122110532613412,20.14046217038008,19.99365256846375,20.085407257080078,1877900,566.7020874023438,74.0,1.0,4.0,1.0,2.0,0.0006711029434231991,0.0007669751014798992,,1,2.0,200.0
2024-10-16,20.02117974292834,20.08540872971234,20.02117974292834,20.07623291015625,483800,569.1652221679688,72.0,1.0,4.0,1.0,2.0,0.0006348124295091161,0.0007520478012302242,,0,2.0,201.0
2024-10-17,20.223043776938336,20.223043776938336,20.14963722229004,20.14963722229004,399600,569.2140502929688,72.0,1.0,4.0,1.0,2.0,0.0006192435434517464,0.0007529565321323981,,0,2.0,202.0
2024-10-18,20.33315075498724,20.33315075498724,20.22304441973222,20.287273406982422,4408600,571.4036254882812,71.0,1.0,4.0,1.0,2.0,0.0006429672210941979,0.000742244707662424,,0,2.0,203.0
2024-10-21,20.112936188380612,20.149637716496343,19.984478214812608,20.07623291015625,452400,570.4652709960938,72.0,1.0,4.0,1.0,2.0,0.000637623620056137,0.0007123365522364473,,1,2.0,204.0
2024-10-22,20.057881985132497,20.11293514951683,20.04870616605035,20.09458351135254,836700,570.1621704101562,70.0,1.0,4.0,1.0,2.0,0.0006342365377676925,0.0006711029434231991,,0,2.0,205.0
2024-10-23,20.04870550632274,20.067057143883147,19.96612488740939,19.99365234375,1075600,564.9523315429688,70.0,1.0,4.0,1.0,2.0,0.0005652707241363412,0.0006348124295091161,,0,2.0,206.0
2024-10-24,20.085407257080078,20.112934713730077,20.002826637238584,20.085407257080078,415300,566.1741333007812,69.0,1.0,4.0,1.0,2.0,0.0005250840317732247,0.0006192435434517464,,0,2.0,207.0
2024-10-25,20.12211195800078,20.12211195800078,19.94777488708496,19.94777488708496,474200,565.9786376953125,69.0,1.0,4.0,1.0,2.0,0.00046271973638687324,0.0006429672210941979,,0,2.0,208.0
2024-10-28,19.984477237732435,20.048706221376158,19.9385981421951,20.01200294494629,390100,567.7283935546875,68.0,1.0,4.0,1.0,2.0,0.0004554331748526659,0.000637623620056137,,0,2.0,209.0
2024-10-29,19.91107254624498,19.93859825361265,19.82849192392486,19.84684181213379,416000,568.6471557617188,68.0,1.0,4.0,1.0,2.0,0.0004431061707678424,0.0006342365377676925,,0,2.0,210.0
2024-10-30,19.635803056072287,19.727559496776678,19.58074989169307,19.67250633239746,400600,566.9268188476562,68.0,1.0,4.0,1.0,2.0,0.00042093373607563693,0.0005652707241363412,,1,2.0,211.0
2024-10-31,19.63580354739865,19.67250682464221,19.479818119330684,19.599102020263672,515000,555.813232421875,67.0,1.0,4.0,1.0,2.0,0.00036632441778658,0.0005250840317732247,,0,2.0,212.0
2024-11-01,19.690857149948783,19.727560428006516,19.580750815992833,19.608278274536133,2304400,558.1591186523438,66.0,1.0,4.0,1.0,2.0,0.00032115861376399974,0.00046271973638687324,,0,2.0,213.0
2024-11-04,19.736736901594227,19.846843239199092,19.700033622320152,19.709209442138672,404000,556.9569702148438,65.0,1.0,4.0,1.0,2.0,0.00029159646352097055,0.0004554331748526659,,0,2.0,214.0
2024-11-05,19.81014055271388,19.89272117614746,19.791788914148956,19.89272117614746,353400,563.6914672851562,66.0,1.0,4.0,1.0,2.0,0.00029561314809387773,0.0004431061707678424,,0,2.0,215.0
2024-11-06,19.626627947807062,19.709208572420977,19.5073457956473,19.69085693359375,298600,577.7080078125,66.0,1.0,4.0,1.0,2.0,0.00028456374163038665,0.00042093373607563693,,1,2.0,216.0
2024-11-07,20.388203536883065,20.50748743961265,20.29644884260937,20.40655517578125,602200,582.1749267578125,81.0,1.0,4.0,4.0,6.0,0.00031231565425639924,0.00036632441778658,,0,2.0,217.0
2024-11-08,20.41573159919467,20.434083238635758,20.268921983883313,20.3790283203125,450600,584.69677734375,80.0,1.0,1.0,4.0,5.0,0.0003314767764949942,0.00032115861376399974,,0,2.0,218.0
2024-11-11,20.35150059392081,20.388202119056288,20.314797318676845,20.333148956298828,517800,585.25390625,79.0,1.0,1.0,4.0,5.0,0.00036345517241663495,0.00029159646352097055,,0,2.0,219.0
2024-11-12,20.434081047086636,20.51666166560611,20.36985206604004,20.36985206604004,525000,583.435791015625,78.0,1.0,1.0,4.0,5.0,0.00037852585389794383,0.00029561314809387773,,0,2.0,220.0
2024-11-13,20.562541419495844,20.562541419495844,20.452435081968996,20.507488250732422,719100,583.7192993164062,77.0,1.0,1.0,4.0,5.0,0.0004042835789818181,0.00028456374163038665,,0,2.0,221.0
2024-11-14,20.599244698743913,20.64512204769532,20.489136611108385,20.507488250732422,360100,579.9658203125,76.0,1.0,1.0,4.0,5.0,0.00043803318773922103,0.00031231565425639924,,0,2.0,222.0
2024-11-15,20.51666303258091,20.535012921167922,20.443258227907094,20.52583885192871,898100,572.537353515625,75.0,1.0,1.0,1.0,1.0,0.000461478115065384,0.0003314767764949942,,0,1.0,223.0
2024-11-18,20.47078350117638,20.736877006286754,20.47078350117638,20.72770118713379,917100,574.8832397460938,75.0,1.0,1.0,1.0,1.0,0.0004953580177188198,0.00036345517241663495,,0,1.0,224.0
2024-11-19,20.72770016066884,21.002967721191986,20.69099688587457,20.957090377807617,854900,576.984619140625,75.0,1.0,1.0,1.0,1.0,0.0005366031557542658,0.00037852585389794383,,0,1.0,225.0
2024-11-20,20.90204015411469,20.947917503948457,20.819459524326945,20.93874168395996,376700,577.18017578125,74.0,1.0,1.0,1.0,1.0,0.0005746642003340524,0.0004042835789818181,,0,1.0,226.0
2024-11-21,20.90203661746137,21.00296712003982,20.87450916215357,20.984617233276367,383900,580.2786254882812,73.0,1.0,1.0,1.0,1.0,0.0005949153954166883,0.00043803318773922103,,0,1.0,227.0
2024-11-22,20.920386718199182,20.957089992318323,20.77357712193949,20.865333557128906,847900,582.0772094726562,73.0,1.0,1.0,1.0,1.0,0.0005868228220718418,0.000461478115065384,,0,1.0,228.0
2024-11-25,20.782753749154523,20.79192956804135,20.681823241616414,20.75522804260254,445300,584.0516357421875,72.0,1.0,1.0,1.0,1.0,0.000567383510272425,0.0004953580177188198,,0,1.0,229.0
2024-11-26,20.599244636923153,20.599244636923153,20.479960729833593,20.590068817138672,329500,587.101318359375,72.0,1.0,1.0,1.0,1.0,0.0005318218878197144,0.0005366031557542658,,1,1.0,230.0
2024-11-27,20.6451207313663,20.700173896619546,20.608417454458426,20.690998077392578,525500,585.3223266601562,71.0,1.0,1.0,1.0,1.0,0.0005359680853967578,0.0005746642003340524,,0,1.0,231.0
2024-11-29,20.782754406895805,20.856159210205078,20.736877061118218,20.856159210205078,362900,588.9584350585938,71.0,1.0,1.0,1.0,1.0,0.0005597149626978822,0.0005949153954166883,,0,1.0,232.0
2024-12-02,20.746053636587998,20.8469841509998,20.681824650114503,20.82863426208496,433200,590.0139770507812,70.0,1.0,1.0,1.0,1.0,0.0005909198710208289,0.0005868228220718418,,0,1.0,233.0
2024-12-03,20.911214013695428,21.048847800402392,20.902038194567155,21.021320343017578,774500,590.2876586914062,70.0,1.0,1.0,1.0,1.0,0.0006158617866104326,0.000567383510272425,,0,1.0,234.0
2024-12-04,21.05802557385644,21.15895609341735,21.002970653977346,21.1497802734375,329400,593.953125,69.0,1.0,1.0,1.0,1.0,0.0006513232205388844,0.0005318218878197144,,0,1.0,235.0
2024-12-05,21.278238406824862,21.33329157246534,21.241535129658825,21.324115753173828,395300,592.9756469726562,69.0,1.0,1.0,1.0,1.0,0.000718862398997352,0.0005359680853967578,,0,1.0,236.0
2024-12-06,21.223184538704977,21.223184538704977,21.048849213886413,21.0947265625,207800,594.0997314453125,70.0,1.0,1.0,1.0,1.0,0.0007304177139609258,0.0005597149626978822,,1,1.0,237.0
2024-12-09,21.21401107704126,21.250712606962225,21.06719970703125,21.06719970703125,241700,591.0404052734375,69.0,1.0,1.0,1.0,1.0,0.0007304580874771435,0.0005909198710208289,,0,1.0,238.0
2024-12-10,21.186481364215187,21.214008821310397,21.103900743038096,21.14060401916504,274000,589.2027587890625,68.0,1.0,1.0,1.0,1.0,0.0007150047930522315,0.0006158617866104326,,0,1.0,239.0
2024-12-11,21.103900743038096,21.149778088088244,21.058023397987945,21.14060401916504,296500,593.7576293945312,67.0,1.0,1.0,1.0,1.0,0.0007570217191985212,0.0006513232205388844,,0,1.0,240.0
2024-12-12,21.12225199930485,21.195656800123373,21.03967137962045,21.048847198486328,138200,590.6983032226562,66.0,1.0,1.0,1.0,1.0,0.0007896845105675354,0.000718862398997352,,0,1.0,241.0
2024-12-13,21.149779185439108,21.15895500494693,21.0396728515625,21.0396728515625,655100,590.5809326171875,65.0,1.0,1.0,1.0,1.0,0.000823058339269465,0.0007304177139609258,,0,1.0,242.0
2024-12-16,21.085550198992983,21.094726018500804,21.03049703205468,21.0396728515625,154500,593.1028442382812,64.0,1.0,1.0,1.0,1.0,0.0008358005356045554,0.0007304580874771435,,0,1.0,243.0
2024-12-17,21.02460946744445,21.10934829711914,20.921039387653856,21.10934829711914,387300,590.6591796875,63.0,1.0,1.0,1.0,1.0,0.0008459533104820285,0.0007150047930522315,,0,1.0,244.0
2024-12-18,21.00577512144052,21.00577512144052,20.42202082065777,20.48792839050293,943500,573.0555419921875,74.0,1.0,4.0,4.0,6.0,0.0007389624918078385,0.0007570217191985212,,0,2.0,245.0
2024-12-19,20.582082831358832,20.62915915386349,20.48792839050293,20.48792839050293,434900,572.8794555664062,73.0,1.0,4.0,1.0,2.0,0.000644272114716459,0.0007896845105675354,,0,2.0,246.0
2024-12-20,20.450267803611567,20.695068654335564,20.431438350361073,20.50676155090332,986100,579.7603149414062,72.0,1.0,4.0,1.0,2.0,0.0005102454981743514,0.000823058339269465,,0,2.0,247.0
2024-12-23,20.544420253883867,20.619743447095722,20.497343931568928,20.582082748413086,345200,583.2321166992188,71.0,1.0,4.0,1.0,2.0,0.0004680102921621083,0.0008358005356045554,,0,2.0,248.0
2024-12-24,20.72331427509231,20.72331427509231,20.63857545512457,20.685651779174805,92000,589.7147827148438,71.0,1.0,4.0,1.0,2.0,0.0004280192332929591,0.0008459533104820285,,0,2.0,249.0
2024-12-26,20.713898661294316,20.72331428527832,20.657406713236938,20.72331428527832,220600,589.7539672851562,70.0,1.0,4.0,1.0,2.0,0.00043969900708688706,0.0007389624918078385,,0,2.0,250.0
2024-12-27,20.65740774819928,20.65740774819928,20.563253299488625,20.600914001464844,283600,583.5459594726562,69.0,1.0,4.0,1.0,2.0,0.0004384206952376803,0.000644272114716459,,0,2.0,251.0
2024-12-30,20.69506845847872,20.69506845847872,20.582084556658,20.63857650756836,534500,576.8866577148438,68.0,1.0,4.0,1.0,2.0,0.0004090458585976685,0.0005102454981743514,,0,2.0,252.0
2024-12-31,20.610328775984676,20.666822520389402,20.535005579291706,20.572668075561523,210600,574.7880859375,67.0,1.0,4.0,1.0,2.0,0.000363771258313229,0.0004680102921621083,,0,2.0,253.0
2025-01-02,20.61974640807201,20.61974640807201,20.422023670940565,20.478515625,595000,573.3756713867188,67.0,1.0,4.0,1.0,2.0,0.00031975902835734753,0.0004280192332929591,,0,2.0,254.0
2025-01-03,20.51617517883354,20.619743447095722,20.497343931568928,20.582082748413086,266800,580.5447998046875,66.0,1.0,4.0,1.0,2.0,0.0002982831873670658,0.00043969900708688706,,0,2.0,255.0
2025-01-06,20.88337610837668,20.88337610837668,20.79863728915017,20.8362979888916,340500,583.88916015625,67.0,1.0,4.0,1.0,2.0,0.00030728770457227856,0.0004384206952376803,,0,2.0,256.0
2025-01-07,20.8551303869785,20.892792884643892,20.685652739177716,20.713899612426758,458700,577.288818359375,67.0,1.0,4.0,1.0,2.0,0.0003315179179989957,0.0004090458585976685,,0,2.0,257.0
2025-01-08,20.93986798662772,21.01519118170799,20.864544791547452,20.98694610595703,830700,578.1322631835938,68.0,1.0,4.0,1.0,2.0,0.0003885088498915493,0.000363771258313229,,0,2.0,258.0
2025-01-10,20.45968160835365,20.469097232064797,20.271374521670566,20.41260528564453,1163600,569.3056030273438,77.0,1.0,4.0,3.0,4.0,0.0003661184976893,0.00031975902835734753,,1,2.0,259.0
2025-01-13,20.243128589218326,20.38435935974121,20.19605226432626,20.38435935974121,671200,570.1882934570312,76.0,1.0,4.0,3.0,4.0,0.00035344030827764305,0.0002982831873670658,,0,2.0,260.0
2025-01-14,20.403190525453404,20.516176218922404,20.374943653124486,20.497344970703125,265500,570.972900390625,75.0,1.0,4.0,1.0,2.0,0.00030483078277810115,0.00030728770457227856,,0,2.0,261.0
2025-01-15,20.58208369470537,20.64799126731512,20.478513625834815,20.553836822509766,630500,581.3589477539062,74.0,1.0,4.0,1.0,2.0,0.0003176224695831256,0.0003315179179989957,,0,2.0,262.0
2025-01-16,20.544420154321145,20.69506654001479,20.544420154321145,20.61974334716797,426200,580.2408447265625,73.0,1.0,4.0,1.0,2.0,0.0003407595373647885,0.0003885088498915493,,0,2.0,263.0
2025-01-17,20.723315241060252,20.864546015640737,20.666823290397407,20.732730865478516,319900,586.0665283203125,72.0,1.0,4.0,1.0,2.0,0.00036062395747349916,0.0003661184976893,,0,2.0,264.0
2025-01-21,20.85512916768159,20.98694610595703,20.836297919949864,20.98694610595703,545800,591.4309692382812,73.0,1.0,1.0,1.0,1.0,0.000391035096544391,0.00035344030827764305,,0,1.0,265.0
2025-01-22,20.93986902534613,20.949284649679054,20.845714577863625,20.883377075195312,286500,594.7557373046875,72.0,1.0,1.0,1.0,1.0,0.00039222861973434365,0.00030483078277810115,,0,1.0,266.0
2025-01-23,20.968114852905273,21.04343804796643,20.921036733587908,20.968114852905273,564900,598.001953125,72.0,1.0,1.0,1.0,1.0,0.00039585847425392635,0.0003176224695831256,,0,1.0,267.0
2025-01-24,21.090516088497225,21.11876296238733,21.02460851193375,21.081100463867188,319500,596.2561645507812,71.0,1.0,1.0,1.0,1.0,0.0004200372545260867,0.0003407595373647885,,0,1.0,268.0
2025-01-27,21.03402414034363,21.156423668862537,21.03402414034363,21.099931716918945,375100,587.8218994140625,70.0,1.0,1.0,1.0,1.0,0.00046225831122360933,0.00036062395747349916,,0,1.0,269.0
2025-01-28,21.005776227170525,21.184669494628906,20.977531150519564,21.184669494628906,412200,592.8726806640625,69.0,1.0,1.0,1.0,1.0,0.000559214534682342,0.000391035096544391,,0,1.0,270.0
2025-01-29,21.212915414966975,21.250576114093384,21.1470060487642,21.19408416748047,301300,590.2147827148438,68.0,1.0,1.0,1.0,1.0,0.0006344669700119566,0.00039222861973434365,,0,1.0,271.0
2025-01-30,21.288240333357283,21.41063986024041,21.259993459839603,21.3447322845459,393900,593.3825073242188,68.0,1.0,1.0,1.0,1.0,0.0007162959556613665,0.00039585847425392635,,0,1.0,272.0
2025-01-31,21.448301490291175,21.457717114416038,21.203500650584814,21.259992599487305,705000,590.2247314453125,67.0,1.0,1.0,1.0,1.0,0.0007137005702276773,0.0004200372545260867,,0,1.0,273.0
2025-02-03,21.034023094977567,21.2505770632045,21.005776222486222,21.16583824157715,799200,586.2528076171875,66.0,1.0,1.0,1.0,1.0,0.0006851123784121705,0.00046225831122360933,,0,1.0,274.0
2025-02-04,21.26940803530615,21.46713075263769,21.26940803530615,21.391807556152344,321100,590.185546875,67.0,1.0,1.0,1.0,1.0,0.0006985360338645727,0.000559214534682342,,0,1.0,275.0
2025-02-05,21.40122328686785,21.42947015913315,21.335315714095486,21.37297821044922,791300,592.5784301757812,66.0,1.0,1.0,1.0,1.0,0.0007163793267603294,0.0006344669700119566,,0,1.0,276.0
2025-02-06,21.38239289154836,21.429471013868284,21.34473218953916,21.420055389404297,482900,594.6380615234375,65.0,1.0,1.0,1.0,1.0,0.000743216614990782,0.0007162959556613665,,0,1.0,277.0
2025-02-07,21.655440418393475,21.730763617580106,21.476547146882705,21.551870346069336,390200,589.1950073242188,64.0,1.0,1.0,1.0,1.0,0.0007150245222190925,0.0007137005702276773,,0,1.0,278.0
2025-02-10,21.655441187177427,21.740180013751516,21.646025562463997,21.730764389038086,487300,593.1963500976562,65.0,1.0,1.0,1.0,1.0,0.0006995351788088539,0.0006851123784121705,,0,1.0,279.0
2025-02-11,21.5895326691789,21.787255392004017,21.561285796269583,21.759010314941406,345300,593.6473388671875,64.0,1.0,1.0,1.0,1.0,0.0006818202843148676,0.0006985360338645727,,0,1.0,280.0
2025-02-12,21.7401779313549,21.91907119208111,21.65543911289757,21.900239944458008,3906500,591.7349853515625,63.0,1.0,1.0,1.0,1.0,0.0006919961851639513,0.0007163793267603294,,0,1.0,281.0
2025-02-13,21.90965530714149,22.14504051208496,21.90023968344216,22.14504051208496,2274200,597.9823608398438,64.0,1.0,1.0,1.0,1.0,0.0007253429078736872,0.000743216614990782,,0,1.0,282.0
2025-02-14,22.11679363533628,22.135624882730127,22.0508860653044,22.126209259033203,271700,597.9528198242188,63.0,1.0,1.0,1.0,1.0,0.0007831260285316698,0.0007150245222190925,,0,1.0,283.0
2025-02-18,22.38042726859688,22.483995544776402,22.361596019892705,22.465166091918945,385500,599.708251953125,66.0,1.0,1.0,1.0,1.0,0.0008172734192461445,0.0006995351788088539,,0,1.0,284.0
2025-02-19,22.42750272587383,22.42750272587383,22.34276390583377,22.361595153808594,266900,601.12060546875,65.0,1.0,1.0,1.0,1.0,0.0008341499412318127,0.0006818202843148676,,0,1.0,285.0
2025-02-20,22.493411259383617,22.502826883773484,22.2580260371771,22.37101173400879,236400,598.6198120117188,64.0,1.0,1.0,1.0,1.0,0.0008221247570126161,0.0006919961851639513,,0,1.0,286.0
2025-02-21,22.314518146979715,22.3710100933291,22.08854676988898,22.14504051208496,365300,588.3809814453125,65.0,1.0,1.0,1.0,1.0,0.0007957917905107195,0.0007253429078736872,,0,1.0,287.0
2025-02-24,22.126208295642133,22.20153148609131,22.02263823533207,22.09796142578125,242100,585.7034912109375,64.0,1.0,1.0,1.0,1.0,0.0007487928079174549,0.0007831260285316698,,0,1.0,288.0
2025-02-25,22.088547899120368,22.097963523301054,21.853162682143314,21.966148376464844,286200,582.790771484375,63.0,1.0,1.0,1.0,1.0,0.0007266458507567407,0.0008172734192461445,,0,1.0,289.0
2025-02-26,21.96614923642649,22.17328758897083,21.96614923642649,22.050888061523438,303800,583.0848388671875,62.0,1.0,1.0,1.0,1.0,0.000730265697238787,0.0008341499412318127,,0,1.0,290.0
2025-02-27,22.088547992698413,22.088547992698413,21.871994023165296,21.890825271606445,214400,573.7777709960938,62.0,1.0,1.0,1.0,1.0,0.0007281589484711502,0.0008221247570126161,,0,1.0,291.0
2025-02-28,21.900240895827018,21.96614846952434,21.759010124211798,21.890825271606445,643100,582.73193359375,61.0,1.0,1.0,1.0,1.0,0.0007098860972335761,0.0007957917905107195,,0,1.0,292.0
2025-03-03,22.210949311719176,22.2768568854165,21.834333322129694,21.890825271606445,628300,572.5223999023438,61.0,1.0,1.0,1.0,1.0,0.0006874016127692296,0.0007487928079174549,,0,1.0,293.0
2025-03-04,21.96614629145682,22.229778355952195,21.806084287271506,22.09796142578125,924400,565.74560546875,61.0,1.0,1.0,1.0,1.0,0.0006837842170333306,0.0007266458507567407,,0,1.0,294.0
2025-03-05,22.295689001071846,22.757043830744678,22.295689001071846,22.71938133239746,1292100,571.826171875,71.0,1.0,1.0,1.0,1.0,0.0006941157030890127,0.000730265697238787,,0,1.0,295.0
2025-03-06,22.691135680031508,22.719380757230102,22.42750358581543,22.42750358581543,512500,561.6755981445312,72.0,1.0,1.0,1.0,1.0,0.0006572112897839789,0.0007281589484711502,,0,1.0,296.0
2025-03-07,22.455751415514744,22.502827743415743,22.182703685317918,22.436920166015625,746900,564.8236694335938,71.0,1.0,1.0,1.0,1.0,0.0006205727623678846,0.0007098860972335761,,0,1.0,297.0
2025-03-10,22.239196090164636,22.276856791040686,21.834333229628633,21.966148376464844,1434300,549.7792358398438,76.0,1.0,1.0,4.0,5.0,0.0005125510797647482,0.0006874016127692296,,0,2.0,298.0
2025-03-11,21.7025146484375,21.815500334228773,21.4765450727015,21.7025146484375,635700,545.208984375,76.0,1.0,1.0,4.0,5.0,0.00041654140481991417,0.0006837842170333306,,1,2.0,299.0
2025-03-12,21.84374913782266,21.84374913782266,21.646024619150833,21.759010314941406,723300,548.1021728515625,75.0,1.0,1.0,1.0,1.0,0.00033090845529690113,0.0006941157030890127,,0,1.0,300.0
2025-03-13,21.74017724193978,21.79666918717101,21.646022802656685,21.664854049682617,654200,540.7957153320312,74.0,1.0,1.0,1.0,1.0,0.0002965666490463666,0.0006572112897839789,,0,1.0,301.0
2025-03-14,21.796669883775927,21.966147520732555,21.787254259962044,21.919071197509766,526000,551.96630859375,75.0,1.0,1.0,1.0,1.0,0.0002863605256141224,0.0006205727623678846,,0,1.0,302.0
2025-03-17,22.079133702961883,22.31451891601757,22.079133702961883,22.267440795898438,565600,556.22265625,77.0,1.0,1.0,4.0,5.0,0.00031018730137431343,0.0005125510797647482,,0,2.0,303.0
2025-03-18,22.258025263631865,22.305103383945074,22.088547622197645,22.19211769104004,644100,550.2108764648438,76.0,1.0,1.0,4.0,5.0,0.000331438164871257,0.00041654140481991417,,0,2.0,304.0
2025-03-19,22.23919563871043,22.455749602930084,22.229780014720884,22.38042640686035,292900,556.2030029296875,76.0,1.0,1.0,4.0,5.0,0.00035762815071435134,0.00033090845529690113,,0,2.0,305.0
2025-03-20,22.267440704721302,22.35217952474211,22.22036438064159,22.342763900756836,237500,554.5947265625,75.0,1.0,1.0,1.0,1.0,0.0003604369326538172,0.0002965666490463666,,0,1.0,306.0
2025-03-21,22.342764860839186,22.380427358398656,22.295688534736573,22.37101173400879,233900,554.777587890625,74.0,1.0,1.0,1.0,1.0,0.00037095706281090003,0.0002863605256141224,,0,1.0,307.0
2025-03-24,22.418088916516506,22.47458266501386,22.380428213365064,22.436920166015625,552300,564.7128295898438,73.0,1.0,1.0,1.0,1.0,0.00037893901278150574,0.00031018730137431343,,0,1.0,308.0
2025-03-25,22.615812306136302,22.662888631667588,22.549904732053818,22.6346435546875,460400,566.0702514648438,72.0,1.0,1.0,1.0,1.0,0.00039030314261600017,0.000331438164871257,,0,1.0,309.0
2025-03-26,22.65347298931461,22.70996673492312,22.49341096845058,22.55931854248047,387900,559.3124389648438,72.0,1.0,1.0,1.0,1.0,0.00040086195553164634,0.00035762815071435134,,0,1.0,310.0
2025-03-27,22.59697991823101,22.83236512571258,22.540487971272483,22.757041931152344,458200,557.8270874023438,71.0,1.0,1.0,1.0,1.0,0.0004237780084142546,0.0003604369326538172,,0,1.0,311.0
2025-03-28,22.67230348025325,22.67230348025325,22.446333892910125,22.474580764770508,868400,546.5934448242188,72.0,1.0,1.0,1.0,1.0,0.00040661792139659727,0.00037095706281090003,,0,1.0,312.0
2025-03-31,22.135626511802272,22.380427358398656,22.069718936919926,22.37101173400879,456200,550.2626342773438,72.0,1.0,1.0,1.0,1.0,0.00038224042365176666,0.00037893901278150574,,1,1.0,313.0
2025-04-01,22.33334914251074,22.50282678912205,22.28627281660614,22.446334838867188,451600,551.8167724609375,71.0,1.0,1.0,1.0,1.0,0.00034467719184629937,0.00039030314261600017,,0,1.0,314.0
2025-04-02,22.25802574928857,22.59698103955281,22.25802574928857,22.55931854248047,451200,555.308837890625,70.0,1.0,1.0,1.0,1.0,0.00034776496278737145,0.00040086195553164634,,0,1.0,315.0
2025-04-03,22.32393301733369,22.32393301733369,21.98497952756205,22.022640228271484,1174300,527.9427490234375,76.0,1.0,1.0,4.0,5.0,0.0003044163714661712,0.0004237780084142546,,0,2.0,316.0
2025-04-04,20.892791139012914,20.930451837684952,20.4408501840224,20.563251495361328,1442400,497.03546142578125,120.0,1.0,4.0,4.0,6.0,0.00017270665015484693,0.00040661792139659727,,1,2.0,317.0
2025-04-07,19.518141758252952,20.177221084043595,19.36749536307452,19.56521987915039,4163200,496.1501770019531,136.0,1.0,4.0,4.0,6.0,-1.9647349378562183e-05,0.00038224042365176666,,1,2.0,318.0
2025-04-08,19.866511240159713,19.866511240159713,18.906139193108665,19.037954330444336,2167000,488.3790283203125,139.0,4.0,4.0,4.0,12.0,-0.00017560788694833177,0.00034467719184629937,,0,4.0,1.0
2025-04-09,19.094449666737376,21.10934657250517,19.05678716958257,20.939868927001953,4708900,539.6682739257812,189.0,1.0,4.0,4.0,6.0,-0.00015529461394238095,0.00034776496278737145,,0,2.0,2.0
2025-04-10,20.506760874539715,20.638576022179375,20.026574813478067,20.27137565612793,1741300,516.0205078125,191.0,1.0,4.0,4.0,6.0,-0.00010963885112592757,0.0003044163714661712,,0,2.0,3.0
2025-04-11,20.327867898064465,20.826885214779118,20.299621024943992,20.789222717285156,1058100,525.227783203125,191.0,1.0,4.0,4.0,6.0,-2.7106260479741642e-05,0.00017270665015484693,,0,2.0,4.0
2025-04-14,20.808053974633907,20.90220842256101,20.638576327534466,20.826885223388672,6156600,530.3232421875,189.0,1.0,4.0,4.0,6.0,-3.240651728013072e-05,-1.9647349378562183e-05,,0,2.0,5.0
2025-04-15,21.034021377563477,21.137591439061968,21.015190130773473,21.034021377563477,604700,528.8378295898438,186.0,1.0,4.0,4.0,6.0,-1.0873613992310008e-05,-0.00017560788694833177,,0,2.0,6.0
2025-04-16,21.250578888077754,21.448303420803214,21.231747638133076,21.297657012939453,479700,517.0828857421875,184.0,1.0,4.0,4.0,6.0,-4.828869234568283e-06,-0.00015529461394238095,,0,2.0,7.0
2025-04-17,21.67427053947353,21.834332553898182,21.627192420027082,21.74959373474121,775200,517.8206787109375,184.0,1.0,4.0,4.0,6.0,2.334764603744165e-05,-0.00010963885112592757,,0,2.0,8.0
2025-04-21,21.966148558660954,21.9943954314373,21.693102638543095,21.79667091369629,822500,505.4951477050781,181.0,1.0,4.0,4.0,6.0,4.3385675115547354e-05,-2.7106260479741642e-05,,0,2.0,9.0
2025-04-22,22.041470447238925,22.314518146979715,21.975562877190207,22.14504051208496,263100,518.6469116210938,180.0,1.0,4.0,4.0,6.0,8.519719395159063e-05,-3.240651728013072e-05,,0,2.0,10.0
2025-04-23,22.31451900304986,22.50282609672086,22.1450413616533,22.17328643798828,717700,526.6836547851562,177.0,1.0,4.0,4.0,6.0,0.00011130285294793252,-1.0873613992310008e-05,,0,2.0,11.0
2025-04-24,22.29568920171919,22.625228881835938,22.29568920171919,22.625228881835938,312100,537.769775390625,177.0,1.0,1.0,4.0,5.0,0.00015576203194789294,-4.828869234568283e-06,,0,2.0,12.0
2025-04-25,22.465165900471522,22.596981048583984,22.389842702143444,22.596981048583984,498000,541.6553344726562,174.0,1.0,1.0,4.0,5.0,0.00018408043409759217,2.334764603744165e-05,,0,2.0,13.0
2025-04-28,22.540487971272483,22.757041931152344,22.540487971272483,22.757041931152344,328200,541.86181640625,172.0,1.0,1.0,4.0,5.0,0.00021064068105924869,4.3385675115547354e-05,,0,2.0,14.0
2025-04-29,22.73821068355063,22.757041931152344,22.62522678963358,22.757041931152344,271400,545.2753295898438,169.0,1.0,1.0,4.0,5.0,0.00021407071885215002,8.519719395159063e-05,,0,2.0,15.0
2025-04-30,22.728796774200667,22.954766374926447,22.606397247250065,22.907690048217773,560200,545.4916381835938,167.0,1.0,1.0,4.0,5.0,0.00021766959311634478,0.00011130285294793252,,0,2.0,16.0
2025-05-01,22.785288530138143,23.03950318633547,22.785288530138143,22.96417999267578,1871500,549.3575439453125,164.0,1.0,1.0,4.0,5.0,0.0002135847813979542,0.00015576203194789294,,0,2.0,17.0
2025-05-02,23.406704800294996,23.472612368783913,23.340797231806082,23.43494987487793,331100,557.5122680664062,164.0,1.0,1.0,4.0,5.0,0.00023681991624230066,0.00018408043409759217,,0,2.0,18.0
2025-05-05,23.491444500458506,23.613844018569583,23.491444500458506,23.576183319091797,579800,554.3153076171875,162.0,1.0,1.0,4.0,5.0,0.0002452494046328723,0.00021064068105924869,,0,2.0,19.0
2025-05-06,23.52910614939605,23.64209184408191,23.472614199976466,23.566768646240234,321700,549.68212890625,160.0,1.0,1.0,4.0,5.0,0.00025801894234025097,0.00021407071885215002,,0,2.0,20.0
2025-05-07,23.538522712579972,23.59501466425307,23.425537013387014,23.5008602142334,496800,551.9938354492188,157.0,1.0,1.0,4.0,5.0,0.0002447943124460678,0.00021766959311634478,,0,2.0,21.0
2025-05-08,23.453782260539846,23.453782260539846,23.265473373560422,23.293720245361328,740200,555.8399658203125,155.0,1.0,1.0,4.0,5.0,0.00023461915148564137,0.0002135847813979542,,0,2.0,22.0
2025-05-09,23.651506599058482,23.651506599058482,23.434950841856615,23.48202896118164,360000,555.1317749023438,154.0,1.0,1.0,4.0,5.0,0.00022555478400509117,0.00023681991624230066,,0,2.0,23.0
2025-05-12,23.717413994670647,23.717413994670647,23.529105110457976,23.651506423950195,321500,573.4775390625,152.0,1.0,1.0,3.0,3.0,0.00023385730866819923,0.0002452494046328723,,0,1.0,1.0
2025-05-13,23.61384468012001,23.755075449849922,23.482029534484983,23.736244201660156,833000,577.2646484375,149.0,1.0,1.0,3.0,3.0,0.0002554437544976703,0.00025801894234025097,,0,1.0,2.0
2025-05-14,23.717414759017935,23.802153580059876,23.64209156207473,23.773906707763672,722700,578.00244140625,147.0,1.0,1.0,3.0,3.0,0.00027345870741014817,0.0002447943124460678,,0,1.0,3.0
2025-05-15,23.98104468861539,24.094030380249023,23.94338398863528,24.094030380249023,266600,580.8255615234375,146.0,1.0,1.0,3.0,3.0,0.00028365182380115094,0.00023461915148564137,,0,1.0,4.0
2025-05-16,24.103447815652718,24.178771017120358,24.056369692331206,24.169355392456055,461000,584.5045776367188,144.0,1.0,1.0,3.0,3.0,0.0003041656269606836,0.00022555478400509117,,0,1.0,5.0
2025-05-19,24.04695301993957,24.197599405060775,24.009290525735985,24.178768157958984,227100,585.1439819335938,142.0,1.0,1.0,3.0,3.0,0.00037029505498681407,0.00023385730866819923,,0,1.0,6.0
2025-05-20,24.103447815652718,24.197602266448964,24.103447815652718,24.169355392456055,433700,583.1765747070312,140.0,1.0,1.0,3.0,3.0,0.00047034394855163423,0.0002554437544976703,,0,1.0,7.0
2025-05-21,24.207014276036013,24.24467677186277,24.02812280839884,24.094030380249023,504700,573.349609375,138.0,1.0,1.0,3.0,3.0,0.0005764527664122468,0.00027345870741014817,,0,1.0,8.0
2025-05-22,24.1787700697686,24.282340141171154,24.10344687125221,24.197601318359375,1068900,573.5758666992188,136.0,1.0,1.0,3.0,3.0,0.0005815194639337628,0.00028365182380115094,,0,1.0,9.0
2025-05-23,23.9904601430148,24.310584171893133,23.91513694774029,24.282339096069336,745900,569.6607666015625,134.0,1.0,1.0,3.0,3.0,0.0005732369046084395,0.0003041656269606836,,0,1.0,10.0
2025-05-27,24.470645904541016,24.611876669573554,24.395322710133886,24.470645904541016,653500,581.5043334960938,132.0,1.0,1.0,1.0,1.0,0.0005312337567244746,0.00037029505498681407,,0,1.0,11.0
2025-05-28,24.48947810889079,24.508309357189948,24.414154911540837,24.48006248474121,1175400,578.14013671875,130.0,1.0,1.0,1.0,1.0,0.0005496776036014954,0.00047034394855163423,,0,1.0,12.0
2025-05-29,24.489478192294005,24.489478192294005,24.291753676172817,24.367076873779297,273000,580.4222412109375,129.0,1.0,1.0,1.0,1.0,0.0005262745142752527,0.0005764527664122468,,0,1.0,13.0
2025-05-30,24.207015044347656,24.263508789880863,24.09403114497465,24.235261917114258,513900,579.7730102539062,127.0,1.0,1.0,1.0,1.0,0.0004985374904890733,0.0005815194639337628,,1,1.0,14.0
2025-06-02,24.31058390283313,24.50830841064453,24.225845084606334,24.50830841064453,843400,583.0388793945312,126.0,1.0,1.0,1.0,1.0,0.0004635033128842976,0.0005732369046084395,,0,1.0,15.0
2025-06-03,24.47064781590709,24.508310313975723,24.38590899109942,24.489479064941406,400800,586.36376953125,124.0,1.0,1.0,1.0,1.0,0.0004495998111321703,0.0005312337567244746,,0,1.0,16.0
2025-06-04,24.432985971483387,24.630708689560237,24.432985971483387,24.61187744140625,226500,586.206298828125,123.0,1.0,1.0,1.0,1.0,0.00044662836038824124,0.0005496776036014954,,0,1.0,17.0
2025-06-05,24.76252271182841,24.82843207737801,24.70603076577534,24.809600830078125,423300,583.3733520507812,121.0,1.0,1.0,1.0,1.0,0.0004578542095887527,0.0005262745142752527,,0,1.0,18.0
2025-06-06,24.932002253928957,24.932002253928957,24.72486390531727,24.771940231323242,253200,589.3639526367188,119.0,1.0,1.0,1.0,1.0,0.00045088871318698536,0.0004985374904890733,,0,1.0,19.0
2025-06-09,24.771940321614935,24.771940321614935,24.611878298425808,24.677785873413086,289900,589.8950805664062,118.0,1.0,1.0,1.0,1.0,0.00044741347394235516,0.0004635033128842976,,0,1.0,20.0
2025-06-10,24.658954873516603,24.658954873516603,24.36707592281667,24.37649154663086,524200,593.23974609375,117.0,1.0,1.0,1.0,1.0,0.000416246647195763,0.0004495998111321703,,0,1.0,21.0
2025-06-11,24.395323942332066,24.414155190846657,24.254093170166016,24.254093170166016,751400,591.5476684570312,116.0,1.0,1.0,1.0,1.0,0.0003927810722738374,0.00044662836038824124,,0,1.0,22.0
2025-06-12,24.348247425943917,24.395323751014512,24.30116930502664,24.385908126831055,186600,593.8988037109375,114.0,1.0,1.0,1.0,1.0,0.000372226215034088,0.0004578542095887527,,0,1.0,23.0
2025-06-13,24.207015044347656,24.40473956202047,24.207015044347656,24.235261917114258,221000,587.2589721679688,113.0,1.0,1.0,1.0,1.0,0.0003797442471358072,0.00045088871318698536,,0,1.0,24.0
2025-06-16,24.387684502083033,24.58899705358983,24.387684502083033,24.43561553955078,308800,592.8461303710938,112.0,1.0,4.0,1.0,2.0,0.00039089400879103276,0.00044741347394235516,,0,2.0,25.0
2025-06-17,24.55065426489626,24.608171879473527,24.435617207289717,24.44520378112793,638200,587.7802734375,110.0,1.0,4.0,1.0,2.0,0.00039787116566635346,0.000416246647195763,,0,2.0,26.0
2025-06-18,24.416442956053096,24.445202676267865,24.291821158692926,24.339752197265625,349500,587.691650390625,109.0,1.0,4.0,1.0,2.0,0.00038873524510229894,0.0003927810722738374,,0,2.0,27.0
2025-06-20,24.435615719302586,24.435615719302586,24.032988784875336,24.061748504638672,473000,586.3115234375,108.0,1.0,4.0,1.0,2.0,0.00036603428529129135,0.000372226215034088,,0,2.0,28.0
2025-06-23,23.87960695051441,24.148025512695312,23.822089340208453,24.148025512695312,849400,592.1027221679688,107.0,1.0,4.0,1.0,2.0,0.00035484672766841367,0.0003797442471358072,,0,2.0,29.0
2025-06-24,24.25347478068095,24.473962311323145,24.23430346238973,24.41644287109375,306500,598.6438598632812,106.0,1.0,4.0,1.0,2.0,0.0003643534658895749,0.00039089400879103276,,0,2.0,30.0
2025-06-25,24.483548644988517,24.483548644988517,24.378098167385616,24.426029205322266,246000,598.9793090820312,105.0,1.0,4.0,1.0,2.0,0.00038502778187660965,0.00039787116566635346,,0,2.0,31.0
2025-06-26,24.636931487381833,24.771139863593934,24.50272128271774,24.742380142211914,467900,603.6655883789062,105.0,1.0,4.0,1.0,2.0,0.00041253271598167343,0.00038873524510229894,,0,2.0,32.0
2025-06-27,24.704035111349736,24.857416631647247,24.694448537774647,24.83824348449707,809300,606.664794921875,103.0,1.0,4.0,1.0,2.0,0.00043665223865477676,0.00036603428529129135,,0,2.0,33.0
2025-06-30,24.80948201620173,24.9436922083473,24.723206517007046,24.905345916748047,750700,609.5653686523438,102.0,1.0,4.0,1.0,2.0,0.0004567961581031575,0.00035484672766841367,,0,2.0,34.0
2025-07-01,24.96286792436409,24.982039243685808,24.713622488661684,24.7327938079834,477400,609.3681030273438,101.0,1.0,4.0,1.0,2.0,0.00044270764159901255,0.0003643534658895749,,0,2.0,35.0
2025-07-02,24.799897591096734,24.867001773807694,24.77113787202696,24.819068908691406,678400,612.1305541992188,99.0,1.0,1.0,1.0,1.0,0.00043671678437794164,0.00038502778187660965,,0,1.0,36.0
2025-07-03,24.80948257446289,24.895759904050802,24.771138110452632,24.80948257446289,1428100,616.9550170898438,98.0,1.0,1.0,1.0,1.0,0.00044010840055309295,0.00041253271598167343,,0,1.0,37.0
2025-07-07,24.867003597141608,25.00121197240415,24.828657302236895,24.895761489868164,564600,612.357421875,96.0,1.0,1.0,1.0,1.0,0.00049757723852749,0.00043665223865477676,,0,1.0,38.0
2025-07-08,25.10666164551817,25.10666164551817,24.914933834079733,25.001211166381836,276300,612.0220336914062,95.0,1.0,1.0,1.0,1.0,0.0005228869495704228,0.0004567961581031575,,0,1.0,39.0
2025-07-09,25.068316517183476,25.260044337534634,25.029972050184448,25.250457763671875,579700,615.692138671875,95.0,1.0,1.0,1.0,1.0,0.0005593272357133036,0.00044270764159901255,,0,1.0,40.0
2025-07-10,25.231283427048734,25.231283427048734,25.039557444183707,25.221696853637695,228500,617.4285278320312,93.0,1.0,1.0,1.0,1.0,0.0005499029327283144,0.00043671678437794164,,0,1.0,41.0
2025-07-11,25.154592514038086,25.212110125699873,25.12583279398124,25.154592514038086,311800,615.258056640625,92.0,1.0,1.0,1.0,1.0,0.0005485921132298408,0.00044010840055309295,,0,1.0,42.0
2025-07-14,25.240869355994416,25.394250869750977,25.23128278282815,25.394250869750977,782900,616.4320678710938,92.0,1.0,1.0,1.0,1.0,0.0005467379419886829,0.00049757723852749,,0,1.0,43.0
2025-07-15,25.42301074490262,25.490114929025474,25.375077878777805,25.461355209350586,461800,613.7978515625,90.0,1.0,1.0,1.0,1.0,0.0005571520077468842,0.0005228869495704228,,0,1.0,44.0
2025-07-16,25.557218544974816,25.8256371039508,25.470941216320103,25.7777042388916,1014600,615.8499755859375,90.0,1.0,1.0,1.0,1.0,0.0005837299040994704,0.0005593272357133036,,0,1.0,45.0
2025-07-17,25.80646513223181,26.02695083618164,25.73936094654725,26.02695083618164,265300,619.6187133789062,90.0,1.0,1.0,1.0,1.0,0.0006102552921888855,0.0005499029327283144,,0,1.0,46.0
2025-07-18,26.122814417567213,26.228264895733563,26.07488337937446,26.11322784423828,519000,619.1649169921875,89.0,1.0,1.0,1.0,1.0,0.0006307184001245866,0.0005485921132298408,,0,1.0,47.0
2025-07-21,26.304955739134147,26.304955739134147,25.979019558702127,26.036537170410156,1228000,620.3389892578125,88.0,1.0,1.0,1.0,1.0,0.0006307215766055984,0.0005467379419886829,,0,1.0,48.0
2025-07-22,25.911915373634105,26.046123743770146,25.748947283418097,26.036537170410156,412300,620.4277954101562,86.0,1.0,1.0,1.0,1.0,0.0006200236443285505,0.0005571520077468842,,0,1.0,49.0
2025-07-23,26.113228945487172,26.228266001833802,26.065297905273063,26.218679428100586,781500,625.7059936523438,86.0,1.0,1.0,1.0,1.0,0.0006264072307314477,0.0005837299040994704,,0,1.0,50.0
2025-07-24,26.40081906570066,26.419990383548587,26.295368589503656,26.352886199951172,562500,625.9132690429688,85.0,1.0,1.0,1.0,1.0,0.0006574188709749345,0.0006102552921888855,,0,1.0,51.0
2025-07-25,26.199504924073782,26.343299865722656,26.12281416663092,26.343299865722656,300200,628.5572509765625,83.0,1.0,1.0,1.0,1.0,0.0006997800533861684,0.0006307184001245866,,0,1.0,52.0
2025-07-28,26.113229361078538,26.132402508850113,25.998194131353102,26.05571174621582,435300,628.3994140625,83.0,1.0,1.0,1.0,1.0,0.0007076935429538045,0.0006307215766055984,,0,1.0,53.0
2025-07-29,25.95984586277346,26.01736347326464,25.863981959653575,25.911914825439453,639800,626.7420043945312,83.0,1.0,1.0,1.0,1.0,0.0006872755514345458,0.0006200236443285505,,0,1.0,54.0
2025-07-30,25.854396118715798,25.854396118715798,25.605150694925992,25.662670135498047,653000,625.9526977539062,82.0,1.0,1.0,1.0,1.0,0.0006333389027796213,0.0006264072307314477,,1,1.0,55.0
2025-07-31,25.509288399697347,25.509288399697347,25.327147163011812,25.375078201293945,537900,623.6045532226562,83.0,1.0,1.0,1.0,1.0,0.0005763079292254728,0.0006574188709749345,,1,1.0,56.0
2025-08-01,25.499702300236482,25.499702300236482,25.250456873943225,25.432598114013672,836600,613.3834228515625,81.0,1.0,1.0,1.0,1.0,0.0005387920587990445,0.0006997800533861684,,0,1.0,57.0
2025-08-04,25.701013639343962,25.84480857849121,25.701013639343962,25.84480857849121,560100,622.7067260742188,83.0,1.0,1.0,1.0,1.0,0.0005481525017379593,0.0007076935429538045,,0,1.0,58.0
2025-08-05,25.873568783601364,25.873568783601364,25.59556547315609,25.681842803955078,451600,619.5496826171875,82.0,1.0,1.0,1.0,1.0,0.0005679763938593255,0.0006872755514345458,,0,1.0,59.0
2025-08-06,25.883156148133867,25.883156148133867,25.720188054803835,25.796878814697266,201600,624.2952270507812,81.0,1.0,4.0,1.0,2.0,0.0005760636156162748,0.0006333389027796213,,0,2.0,60.0
2025-08-07,25.988605893458715,26.074883224454595,25.902328562462834,26.046123504638672,682200,623.7722778320312,81.0,1.0,4.0,1.0,2.0,0.0005651841539585275,0.0005763079292254728,,0,2.0,61.0
2025-08-08,25.99819255071938,26.01736386887337,25.911915219444776,25.969432830810547,250500,628.6361694335938,80.0,1.0,4.0,1.0,2.0,0.0005537712636443318,0.0005387920587990445,,0,2.0,62.0
2025-08-11,25.84480770410828,25.940671603113792,25.80646324157715,25.80646324157715,189900,627.39306640625,79.0,1.0,4.0,1.0,2.0,0.0005223084692701597,0.0005481525017379593,,0,2.0,63.0
2025-08-12,26.29537014364538,26.68841052376179,26.247437275062904,26.659650802612305,568800,634.072265625,90.0,1.0,4.0,3.0,4.0,0.0005170674648039354,0.0005679763938593255,,0,2.0,64.0
2025-08-13,26.85137930512271,27.0335205534793,26.841792731161622,26.928070068359375,1871200,636.2427978515625,90.0,1.0,1.0,3.0,3.0,0.0005484477352719461,0.0005760636156162748,,0,1.0,65.0
2025-08-14,26.6213045136763,26.630891086736487,26.515854038466077,26.582958221435547,289000,636.302001953125,90.0,1.0,1.0,3.0,3.0,0.0005979088592467127,0.0005651841539585275,,1,1.0,66.0
2025-08-15,26.535028849494545,26.678823797515903,26.535028849494545,26.592546463012695,313800,634.812255859375,89.0,1.0,1.0,3.0,3.0,0.0006295976557657388,0.0005537712636443318,,0,1.0,67.0
2025-08-18,26.400819460480914,26.410404205322266,26.304955556000323,26.410404205322266,353700,634.6741943359375,88.0,1.0,1.0,3.0,3.0,0.0006377597967740038,0.0005223084692701597,,1,1.0,68.0
2025-08-19,26.515854359731584,26.697995593178277,26.458336749125422,26.496681213378906,430900,631.23095703125,87.0,1.0,1.0,3.0,3.0,0.00063325143478856,0.0005170674648039354,,0,1.0,69.0
2025-08-20,26.496682163561132,26.5350284576416,26.34330064414313,26.5350284576416,345600,629.5537719726562,85.0,1.0,1.0,3.0,3.0,0.0006235592153598631,0.0005484477352719461,,0,1.0,70.0
2025-08-21,26.496682163561132,26.59254607031037,26.46792427145272,26.5350284576416,319700,627.028076171875,84.0,1.0,1.0,3.0,3.0,0.0006135779864791018,0.0005979088592467127,,0,1.0,71.0
2025-08-22,26.688408678081913,27.148553213939774,26.688408678081913,27.100622177124023,395700,636.6572265625,88.0,1.0,1.0,3.0,3.0,0.0006500062270126503,0.0006295976557657388,,0,1.0,72.0
2025-08-25,26.90889477564831,27.043103143502314,26.90889477564831,26.937654495239258,308300,633.8552856445312,87.0,1.0,1.0,3.0,3.0,0.0006517500010957693,0.0006377597967740038,,0,1.0,73.0
2025-08-26,26.822617051530738,26.889721234472553,26.793859160813877,26.880136489868164,322700,636.5091552734375,86.0,1.0,1.0,3.0,3.0,0.0006281580505357022,0.00063325143478856,,1,1.0,74.0
2025-08-27,26.678823862781574,26.774687771180986,26.65006414172616,26.73634147644043,506900,637.9595336914062,85.0,1.0,1.0,3.0,3.0,0.0005687363032333214,0.0006235592153598631,,1,1.0,75.0
2025-08-28,26.736342096415108,26.860965728759766,26.66923790751507,26.860965728759766,707000,640.21875,84.0,1.0,1.0,3.0,3.0,0.0005348489849929516,0.0006135779864791018,,0,1.0,76.0
2025-08-29,26.85137716491829,26.985585532772294,26.832204018524322,26.937654495239258,288400,636.400634765625,82.0,1.0,1.0,3.0,3.0,0.0005489408705382552,0.0006500062270126503,,0,1.0,77.0
2025-09-02,26.822618006159246,26.937655058476466,26.717169355691375,26.8417911529541,491900,631.6847534179688,81.0,1.0,1.0,3.0,3.0,0.0005815309363249641,0.0006517500010957693,,0,1.0,78.0
2025-09-03,26.74592867032254,26.8705523026672,26.697997629237374,26.860965728759766,602600,635.108154296875,80.0,1.0,1.0,3.0,3.0,0.0006129963743804555,0.0006281580505357022,,0,1.0,79.0
2025-09-04,26.84179160507731,27.148554645154455,26.84179160507731,27.119796752929688,921900,640.4161987304688,80.0,1.0,1.0,3.0,3.0,0.0006367869188348719,0.0005687363032333214,,0,1.0,80.0
2025-09-05,27.38821132981248,27.41697104821162,27.110208032428005,27.34986686706543,959500,638.561279296875,80.0,1.0,1.0,3.0,3.0,0.0006512424230957553,0.0005348489849929516,,0,1.0,81.0
2025-09-08,27.426559448242188,27.474490486982244,27.32110896887175,27.426559448242188,427100,640.1300048828125,79.0,1.0,1.0,3.0,3.0,0.0006598463989737456,0.0005489408705382552,,0,1.0,82.0
2025-09-09,27.225244909712305,27.359455108642578,27.158140724473128,27.359455108642578,315800,641.60986328125,78.0,1.0,1.0,3.0,3.0,0.0006647108039677449,0.0005815309363249641,,0,1.0,83.0
2025-09-10,27.742908477783203,27.76207979580719,27.6662177203316,27.742908477783203,365600,643.4646606445312,79.0,1.0,1.0,3.0,3.0,0.0006892954598111419,0.0006129963743804555,,0,1.0,84.0
2025-09-11,27.685389500195647,27.972981216775604,27.685389500195647,27.94422149658203,622700,648.8119506835938,78.0,1.0,1.0,3.0,3.0,0.0007463045327544635,0.0006367869188348719,,0,1.0,85.0
2025-09-12,27.694975766336704,27.88670357526292,27.6566313016226,27.810012817382812,957200,648.5949096679688,77.0,1.0,1.0,3.0,3.0,0.0007971849089239346,0.0006512424230957553,,0,1.0,86.0
2025-09-15,27.867530668319947,27.867530668319947,27.71414915124077,27.800426483154297,503000,652.0480346679688,76.0,1.0,1.0,3.0,3.0,0.0008264883304884353,0.0006598463989737456,,0,1.0,87.0
2025-09-16,27.762080274487175,27.819599714906555,27.570354291778322,27.723735809326172,533100,651.150146484375,75.0,1.0,1.0,1.0,1.0,0.0008036647761841619,0.0006647108039677449,,0,1.0,88.0
2025-09-17,27.72373478264814,27.733321355696358,27.40738518586442,27.541593551635742,1043300,650.3412475585938,75.0,1.0,1.0,1.0,1.0,0.0007727489838124584,0.0006892954598111419,,0,1.0,89.0
2025-09-18,27.445732018147652,27.608700117127622,27.416974124973073,27.5991153717041,278800,653.3799438476562,74.0,1.0,1.0,1.0,1.0,0.0007384449383645355,0.0007463045327544635,,0,1.0,90.0
2025-09-19,27.59911433565884,27.64704537478519,27.551181468080554,27.63745880126953,238200,656.6160278320312,72.0,1.0,1.0,1.0,1.0,0.0007414630775116699,0.0007971849089239346,,0,1.0,91.0
2025-09-22,27.60870041761707,27.752497198863058,27.56076937616976,27.73332405090332,236000,659.7225341796875,72.0,1.0,1.0,1.0,1.0,0.0007621834470140642,0.0008264883304884353,,0,1.0,92.0
2025-09-23,27.70456123784497,27.752494102396227,27.455315827533894,27.48407554626465,495700,656.1312866210938,72.0,1.0,1.0,1.0,1.0,0.000773514401009266,0.0008036647761841619,,0,1.0,93.0
2025-09-24,27.24441742948706,27.369039223712974,27.215657709995604,27.234830856323242,446400,654.043701171875,72.0,1.0,1.0,1.0,1.0,0.0007194933292602223,0.0007727489838124584,,1,1.0,94.0
2025-09-25,27.08144974774571,27.138967359137222,26.975999269818022,27.071863174438477,640900,651.0263061523438,71.0,1.0,4.0,1.0,2.0,0.0006588259894221493,0.0007384449383645355,,1,2.0,95.0
2025-09-26,27.167728184603437,27.19648790569547,26.97600036756049,27.17731475830078,573700,654.756103515625,70.0,1.0,4.0,1.0,2.0,0.0007090780678802204,0.0007414630775116699,,0,2.0,96.0
2025-09-29,27.25400512585045,27.25400512585045,27.043104164458455,27.119796752929688,316300,656.5962524414062,69.0,1.0,4.0,1.0,2.0,0.0008704409355791703,0.0007621834470140642,,0,2.0,97.0
2025-09-30,27.225244126924608,27.301934883343197,27.100622333413853,27.167726516723633,1093400,659.0694580078125,68.0,1.0,4.0,1.0,2.0,0.0010725190801953964,0.000773514401009266,,0,2.0,98.0
2025-10-01,27.330696258182133,27.503250927689137,27.330696258182133,27.39780044555664,1301900,661.3153686523438,68.0,1.0,4.0,1.0,2.0,0.0010799843213970281,0.0007194933292602223,,0,2.0,99.0
2025-10-02,27.75249552953586,27.75249552953586,27.46490381279471,27.723735809326172,474200,662.0769653320312,69.0,1.0,4.0,1.0,2.0,0.0010846890370481664,0.0006588259894221493,,0,2.0,100.0
2025-10-03,27.771666678641456,27.91546345036165,27.762080105296647,27.877117156982422,336500,662.0671997070312,68.0,1.0,4.0,1.0,2.0,0.00102974702526243,0.0007090780678802204,-1.0,0,2.0,101.0
2025-10-06,27.886703562237123,28.107189262482958,27.886703562237123,28.030498504638672,1216200,664.4415893554688,68.0,1.0,1.0,1.0,1.0,0.0010614416561596735,0.0008704409355791703,-1.0,0,1.0,102.0
2025-10-07,28.42353956929177,28.42353956929177,28.23181358417081,28.298917770385742,415900,661.9780883789062,68.0,1.0,1.0,1.0,1.0,0.001051382615211614,0.0010725190801953964,-1.0,0,1.0,103.0
2025-10-08,28.174293040226235,28.212639332820636,28.116775429786504,28.193466186523438,365200,665.925537109375,67.0,1.0,1.0,1.0,1.0,0.001037719729587538,0.0010799843213970281,-1.0,1,1.0,104.0
2025-10-09,28.13594875370476,28.13594875370476,27.68538895513553,27.819599151611328,636700,663.9963989257812,69.0,1.0,1.0,1.0,1.0,0.0009824309675386768,0.0010846890370481664,-1.0,0,1.0,105.0
2025-10-10,27.829185678399103,27.896289862299124,27.148553609301988,27.158140182495117,1499900,646.0499877929688,75.0,1.0,1.0,1.0,1.0,0.0008408509121956316,0.00102974702526243,-1.0,0,1.0,106.0
2025-10-13,27.378627298177644,27.464904632931148,27.311523110803137,27.39780044555664,973100,655.9630126953125,75.0,1.0,4.0,1.0,2.0,0.000712261261869258,0.0010614416561596735,-1.0,0,2.0,107.0
2025-10-14,27.081449342605872,27.39779894320443,26.97599886625573,27.234830856323242,829200,655.1616821289062,74.0,1.0,4.0,1.0,2.0,0.0006313574167624798,0.001051382615211614,-1.0,0,2.0,108.0
2025-10-15,27.48407612457501,27.522420588571027,26.937654256355806,26.947240829467773,1428100,658.0703125,75.0,1.0,4.0,1.0,2.0,0.0005811572159905434,0.001037719729587538,-1.0,0,2.0,109.0
2025-10-16,27.138968098446107,27.138968098446107,26.755514297970297,26.82261848449707,1473200,653.5886840820312,74.0,1.0,4.0,1.0,2.0,0.0005199154245876568,0.0009824309675386768,-1.0,0,2.0,110.0
2025-10-17,26.74592740076697,26.966413104816112,26.726754253862193,26.90889549255371,1406100,657.2986450195312,73.0,1.0,4.0,1.0,2.0,0.0004581353728915633,0.0008408509121956316,-1.0,0,2.0,111.0
2025-10-20,27.110209776377538,27.244418147303296,27.05269033587914,27.206071853637695,847500,664.1348266601562,73.0,1.0,4.0,1.0,2.0,0.0004561746875303197,0.000712261261869258,-1.0,0,2.0,112.0
2025-10-21,27.148552819039946,27.148552819039946,26.966411590576172,26.966411590576172,594400,664.1249389648438,73.0,1.0,4.0,1.0,2.0,0.00044666573704180623,0.0006313574167624798,-1.0,0,2.0,113.0
2025-10-22,26.889722191489327,26.995172670409115,26.736340674034313,26.8417911529541,838300,660.6721801757812,72.0,1.0,4.0,1.0,2.0,0.00042311900343339047,0.0005811572159905434,-1.0,0,2.0,114.0
2025-10-23,27.043104403196427,27.148554884823348,26.995173363430716,27.110210418701172,572800,664.5900268554688,73.0,1.0,4.0,1.0,2.0,0.0003730413650344935,0.0005199154245876568,-1.0,0,2.0,115.0
2025-10-24,27.225245558528954,27.24441870575476,27.148554798077683,27.186901092529297,396100,670.0213623046875,72.0,1.0,4.0,1.0,2.0,0.0003488287090681519,0.0004581353728915633,-1.0,0,2.0,116.0
2025-10-27,27.407385978171888,27.532007774497625,27.369039684870486,27.512836456298828,479600,677.926025390625,72.0,1.0,4.0,1.0,2.0,0.00036723482680347695,0.0004561746875303197,-1.0,0,2.0,117.0
2025-10-28,27.675803663582162,27.69497498116975,27.5511800427777,27.618284225463867,597300,679.7266845703125,72.0,1.0,4.0,1.0,2.0,0.0004066852268108547,0.00044666573704180623,-1.0,0,2.0,118.0
2025-10-29,27.47448921832652,27.47448921832652,27.158139623274824,27.254003524780273,847600,680.0531005859375,73.0,1.0,4.0,1.0,2.0,0.00042853733612046343,0.00042311900343339047,-1.0,1,2.0,119.0
2025-10-30,27.177313245792195,27.39779894320443,27.110209062097333,27.234830856323242,883700,672.5738525390625,72.0,1.0,4.0,1.0,2.0,0.00041898393537649457,0.0003730413650344935,-1.0,0,2.0,120.0
2025-10-31,27.282762845632316,27.292349419130627,27.167727620556448,27.273178100585938,763600,674.780029296875,71.0,1.0,4.0,1.0,2.0,0.0003936419371123494,0.0003488287090681519,-1.0,0,2.0,121.0
2025-11-03,27.292348861694336,27.330695154904372,27.23483125033118,27.292348861694336,1682900,676.04638671875,70.0,1.0,4.0,1.0,2.0,0.00037708351979432467,0.00036723482680347695,-1.0,0,2.0,122.0
2025-11-04,26.91848277622364,27.052691151194175,26.822618867622413,26.956829071044922,1698800,668.0328369140625,71.0,1.0,4.0,1.0,2.0,0.0003512971961093076,0.0004066852268108547,-1.0,1,2.0,123.0
2025-11-05,26.937654889039486,27.119796125541118,26.918481742365227,26.99517250061035,659700,670.3478393554688,70.0,1.0,4.0,1.0,2.0,0.00032859495900387255,0.00042853733612046343,-1.0,0,2.0,124.0
2025-11-06,27.42655890339798,27.493663087681767,27.186900057554798,27.225244522094727,924300,663.1553955078125,70.0,1.0,4.0,1.0,2.0,0.0003292055425651935,0.00041898393537649457,1.0,0,2.0,125.0
2025-11-07,27.138968615092594,27.26359224540217,26.95682919918165,27.24441909790039,620800,663.8084106445312,69.0,1.0,4.0,1.0,2.0,0.00034617956058962074,0.0003936419371123494,1.0,0,1.0,126.0
2025-11-10,27.378626734388682,27.512836934825973,27.33069569538018,27.493663787841797,477700,674.1666259765625,69.0,1.0,4.0,1.0,2.0,0.0003840642478535462,0.00037708351979432467,1.0,0,1.0,127.0
2025-11-11,27.944221199821314,27.963394346413413,27.560767410238803,27.589527130126953,1296700,675.7099609375,68.0,1.0,4.0,1.0,2.0,0.00041227644484058244,0.0003512971961093076,1.0,0,1.0,128.0
2025-11-12,27.474490401844246,27.608698772662063,27.455317255026866,27.503250122070312,949600,676.0859375,67.0,1.0,4.0,1.0,2.0,0.0004257120348525343,0.00032859495900387255,-1.0,0,2.0,129.0
2025-11-13,27.48407740590831,27.512837126585023,27.07186388513517,27.119796752929688,1407800,664.866943359375,69.0,1.0,4.0,1.0,2.0,0.0003737486128786275,0.0003292055425651935,1.0,0,2.0,130.0
2025-11-14,26.94724215194455,27.292349658652803,26.937655578362104,27.263591766357422,1067100,664.7581787109375,68.0,1.0,4.0,1.0,2.0,0.0003104974172572703,0.00034617956058962074,1.0,0,2.0,131.0
2025-11-17,27.148553609301988,27.38821245377457,27.04310313262945,27.158140182495117,989100,658.5650024414062,67.0,1.0,4.0,1.0,2.0,0.00025303760875863927,0.0003840642478535462,1.0,0,2.0,132.0
2025-11-18,27.043104164458455,27.196487512948973,26.96641340443917,27.119796752929688,1250200,653.03466796875,66.0,1.0,4.0,1.0,2.0,0.0002350168687377677,0.00041227644484058244,1.0,0,2.0,133.0
2025-11-19,27.167727559249652,27.23483174513447,26.97599974661995,27.052690505981445,1049500,655.5574340820312,65.0,1.0,4.0,1.0,2.0,0.00022359527932460643,0.0004257120348525343,1.0,0,2.0,134.0
2025-11-20,27.21565930254437,27.21565930254437,26.419991967906874,26.439165115356445,1628800,645.5652465820312,72.0,1.0,4.0,4.0,6.0,0.00017500904490534914,0.0003737486128786275,-1.0,0,2.0,135.0
2025-11-21,26.38164654694308,26.582959102523958,26.209091883044096,26.477510452270508,961900,651.9959106445312,71.0,1.0,4.0,1.0,2.0,0.00015652990266119064,0.0003104974172572703,-1.0,0,2.0,136.0
2025-11-24,26.58295995438216,26.784274344866123,26.53502891440844,26.73634147644043,857500,661.59228515625,71.0,1.0,4.0,1.0,2.0,0.00013800107326927192,0.00025303760875863927,-1.0,0,2.0,137.0
2025-11-25,26.77468720628025,26.85137796569134,26.63089226094095,26.832204818725586,652800,667.815185546875,70.0,1.0,4.0,1.0,2.0,0.00017232551607807676,0.0002350168687377677,-1.0,0,2.0,138.0
2025-11-26,26.966413816298267,27.129381912384762,26.956829071044922,26.956829071044922,694900,672.4254150390625,69.0,1.0,4.0,1.0,2.0,0.0002036714878562281,0.00022359527932460643,-1.0,0,2.0,139.0
2025-11-28,27.04310352479137,27.254004481194798,27.014345633246833,27.21565818786621,577600,676.0958251953125,69.0,1.0,4.0,1.0,2.0,0.00025731253457175166,0.00017500904490534914,-1.0,0,2.0,140.0
2025-12-01,27.11979653785612,27.11979653785612,26.822618245242708,26.832204818725586,746600,673.0090942382812,71.0,1.0,4.0,1.0,2.0,0.0002861327949061101,0.00015652990266119064,-1.0,0,2.0,141.0
2025-12-02,26.918480790000736,27.062275728066453,26.87054975346278,27.033517837524414,821700,674.2556762695312,71.0,1.0,4.0,1.0,2.0,0.0003024580420857755,0.00013800107326927192,-1.0,0,2.0,142.0
2025-12-03,26.985586166381836,27.043103778462342,26.9376551277234,26.985586166381836,814100,676.5905151367188,70.0,1.0,4.0,1.0,2.0,0.0002917339575020575,0.00017232551607807676,-1.0,0,2.0,143.0
2025-12-04,26.899310195937495,26.899310195937495,26.74592867032254,26.860965728759766,477100,677.085205078125,69.0,1.0,4.0,1.0,2.0,0.00030568630893743884,0.0002036714878562281,-1.0,1,2.0,144.0
2025-12-05,26.813032084393022,26.908895992245142,26.650063989580005,26.66923713684082,763400,678.3712158203125,69.0,1.0,4.0,1.0,2.0,0.00027980203637000667,0.00025731253457175166,-1.0,0,2.0,145.0
2025-12-08,26.573372138051234,26.573372138051234,26.24743596180611,26.343299865722656,926500,676.3333129882812,70.0,1.0,4.0,1.0,2.0,0.00022643476897885503,0.0002861327949061101,-1.0,1,2.0,146.0
2025-12-09,26.304955162653556,26.43916352984838,26.295368589503656,26.352886199951172,776600,675.74951171875,69.0,1.0,4.0,1.0,2.0,0.00016319221318041762,0.0003024580420857755,-1.0,0,2.0,147.0
2025-12-10,26.410405394182085,26.47751141025559,26.28578359266382,26.439165115356445,944500,680.2312622070312,68.0,1.0,4.0,1.0,2.0,0.00014552730331418128,0.0002917339575020575,-1.0,0,2.0,148.0
2025-12-11,26.439164227944698,26.678823077664447,26.439164227944698,26.621305465698242,1678700,681.8140869140625,67.0,1.0,4.0,1.0,2.0,0.00017702170356325973,0.00030568630893743884,-1.0,0,2.0,149.0
2025-12-12,26.813032171875577,26.870551613845695,26.458338088653022,26.592546463012695,779600,674.4832153320312,66.0,1.0,4.0,1.0,2.0,0.00020185211748374848,0.00027980203637000667,1.0,0,2.0,150.0
2025-12-15,26.75551287961523,26.784272598795795,26.56378507531517,26.582958221435547,741800,673.4642333984375,65.0,1.0,4.0,1.0,2.0,0.00021062727853027576,0.00022643476897885503,1.0,0,2.0,151.0
2025-12-16,26.512234242551433,26.630110877825178,26.463120070778945,26.60064125061035,1230900,671.6240844726562,64.0,1.0,4.0,1.0,2.0,0.00018500764469373164,0.00016319221318041762,1.0,0,2.0,152.0
2025-12-17,26.590818282015793,26.600641491176237,26.227368911007158,26.23719024658203,866700,664.2338256835938,66.0,1.0,4.0,1.0,2.0,0.000150036538210516,0.00014552730331418128,1.0,0,2.0,153.0
2025-12-18,26.443473760596053,26.512234350792482,26.34524354306448,26.394359588623047,757100,669.2495727539062,66.0,1.0,4.0,1.0,2.0,0.00012387009197108748,0.00017702170356325973,-1.0,0,2.0,154.0
2025-12-19,26.47294307937139,26.53188045976915,26.43365024338252,26.453296661376953,450600,675.3153686523438,65.0,1.0,4.0,1.0,2.0,0.00011498365193318358,0.00020185211748374848,-1.0,0,2.0,155.0
2025-12-22,26.698871865474995,26.91497684751304,26.68904865625705,26.89533042907715,615900,679.5225219726562,68.0,1.0,4.0,1.0,2.0,0.00015214686026828554,0.00021062727853027576,1.0,0,1.0,156.0
2025-12-23,27.023030924357485,27.091791516948994,26.954270331765976,27.081968307495117,872300,682.6282348632812,67.0,1.0,1.0,1.0,1.0,0.00018821326771806927,0.00018500764469373164,1.0,0,1.0,157.0
2025-12-24,26.98373691060776,27.101613545331663,26.954269157115945,27.062320709228516,327900,685.0294799804688,66.0,1.0,1.0,1.0,1.0,0.0002115495736483724,0.000150036538210516,1.0,0,1.0,158.0
2025-12-26,27.02302974671091,27.12125996338324,27.013206537685125,27.062320709228516,2072000,684.9600219726562,65.0,1.0,1.0,1.0,1.0,0.0002099482618236199,0.00012387009197108748,1.0,0,1.0,159.0
2025-12-29,27.081967360958988,27.258781377777723,27.081967360958988,27.209667205810547,598400,682.51904296875,65.0,1.0,1.0,1.0,1.0,0.00021736820986430257,0.00011498365193318358,1.0,0,1.0,160.0
2025-12-30,27.396302979399138,27.425772607183905,27.239135378384894,27.248958587646484,362500,681.685546875,64.0,1.0,1.0,1.0,1.0,0.0002327539336440759,0.00015214686026828554,1.0,0,1.0,161.0
2025-12-31,27.12125954254066,27.12125954254066,26.983736491899137,27.023029327392578,288800,676.635009765625,64.0,1.0,1.0,1.0,1.0,0.00023900683413438664,0.00018821326771806927,1.0,1,1.0,162.0
2026-01-02,27.209667261038604,27.34718844169428,27.131083461580282,27.25878143310547,611400,677.8753051757812,64.0,1.0,1.0,1.0,1.0,0.00023965155912305638,0.0002115495736483724,1.0,0,1.0,163.0
2026-01-05,27.504355839465518,28.005328259943195,27.484709421348224,27.92674446105957,1006600,682.3900756835938,71.0,1.0,1.0,1.0,1.0,0.00027764904901206533,0.0002099482618236199,1.0,0,1.0,164.0
2026-01-06,28.221432696119066,28.4277163352152,28.221432696119066,28.349132537841797,850000,686.4484252929688,73.0,1.0,1.0,1.0,1.0,0.0003616969978616674,0.00021736820986430257,1.0,0,1.0,165.0
2026-01-07,28.368777518797007,28.368777518797007,28.123202914025757,28.133026123046875,1005800,684.2356567382812,73.0,1.0,1.0,1.0,1.0,0.0004091554089305566,0.0002327539336440759,1.0,0,1.0,166.0
2026-01-08,27.8579843997728,27.86780760901782,27.71063813468311,27.759754180908203,1018400,684.1661987304688,74.0,1.0,1.0,1.0,1.0,0.0003793254466211476,0.00023900683413438664,1.0,1,1.0,167.0
2026-01-09,27.74993066329666,27.84816088106969,27.68117007293121,27.81869125366211,634000,688.69091796875,73.0,1.0,1.0,1.0,1.0,0.00031699945709542135,0.00023965155912305638,-1.0,0,1.0,168.0
2026-01-12,27.838338541611805,27.897275924682617,27.78922436798373,27.897275924682617,699700,689.7723999023438,72.0,1.0,1.0,1.0,1.0,0.0002835456144255458,0.00027764904901206533,-1.0,0,1.0,169.0
2026-01-13,27.946391043290053,27.946391043290053,27.64187718144042,27.769577026367188,1038500,688.3931884765625,71.0,1.0,1.0,1.0,1.0,0.0002664578284541108,0.0003616969978616674,-1.0,0,1.0,170.0
2026-01-14,27.76957682564262,27.76957682564262,27.504355802175397,27.62223243713379,1193500,685.009521484375,70.0,1.0,1.0,1.0,1.0,0.0002452339245432917,0.0004091554089305566,-1.0,0,1.0,171.0
2026-01-15,27.710638212764245,27.710638212764245,27.484710020248976,27.553470611572266,587900,686.875,70.0,1.0,1.0,1.0,1.0,0.00021010724619298596,0.0003793254466211476,-1.0,0,1.0,172.0
2026-01-16,27.65170122985006,27.661524439264554,27.48471041697497,27.543649673461914,548100,686.299560546875,68.0,1.0,1.0,1.0,1.0,0.00021236200882569323,0.00031699945709542135,-1.0,0,1.0,173.0
2026-01-20,27.376658631800694,27.52400302461545,27.307896166473906,27.396303176879883,936400,672.3286743164062,68.0,1.0,1.0,1.0,1.0,0.00021553030060137205,0.0002835456144255458,1.0,0,1.0,174.0
2026-01-21,27.366835059116553,27.465063403965132,27.26860484068239,27.406126022338867,764900,680.088134765625,67.0,1.0,1.0,1.0,1.0,0.0002509963523622825,0.0002664578284541108,-1.0,0,1.0,175.0
2026-01-22,27.474886085941048,27.759753526575132,27.455241541499646,27.573116302490234,693500,683.6402587890625,66.0,1.0,1.0,1.0,1.0,0.00031204176398705297,0.0002452339245432917,-1.0,0,1.0,176.0
2026-01-23,27.838338012700344,28.11338225111451,27.838338012700344,28.064266204833984,1242300,683.8883056640625,70.0,1.0,1.0,1.0,1.0,0.00039719124094803027,0.00021010724619298596,1.0,0,1.0,177.0
2026-01-26,27.9758595039864,28.064266514681822,27.897275702655534,28.005329132080078,519200,687.3612060546875,69.0,1.0,1.0,1.0,1.0,0.0004394076846097063,0.00021236200882569323,1.0,0,1.0,178.0
2026-01-27,28.28037251200144,28.496477490681517,28.28037251200144,28.48665428161621,914000,690.099853515625,72.0,1.0,1.0,1.0,1.0,0.00046779058597097865,0.00021553030060137205,1.0,0,1.0,179.0
2026-01-28,28.467008447843703,28.48665486637761,28.31966405601059,28.368778228759766,856600,690.0303955078125,71.0,1.0,1.0,1.0,1.0,0.0004619265232967869,0.0002509963523622825,1.0,0,1.0,180.0
2026-01-29,28.57506182115693,28.604531448901028,28.152673191419463,28.319664001464844,1299100,688.6610717773438,70.0,1.0,1.0,1.0,1.0,0.00046811557057543056,0.00031204176398705297,1.0,0,1.0,181.0
2026-01-30,28.034798329559177,28.13302667452476,27.62223291051274,27.71063804626465,868000,686.6071166992188,75.0,1.0,1.0,1.0,1.0,0.00040036584626440753,0.00039719124094803027,-1.0,1,1.0,182.0
2026-02-02,27.68116929341909,27.838336887995812,27.602585496130725,27.789222717285156,792000,690.0203857421875,74.0,1.0,1.0,1.0,1.0,0.00036768503669018174,0.0004394076846097063,-1.0,0,1.0,183.0
2026-02-03,27.6713468285387,27.6713468285387,27.288251040656114,27.514179229736328,1339000,684.18603515625,74.0,1.0,1.0,1.0,1.0,0.0002896146861097115,0.00046779058597097865,-1.0,0,1.0,184.0
2026-02-04,27.700816600661312,27.700816600661312,27.317718937191255,27.612409591674805,1180300,680.8719482421875,73.0,1.0,1.0,1.0,1.0,0.0002559067012039447,0.0004619265232967869,-1.0,0,1.0,185.0
2026-02-05,27.524002582688297,27.749930772949117,27.524002582688297,27.612409591674805,1397500,672.3682861328125,72.0,1.0,1.0,1.0,1.0,0.0001925891500703124,0.00046811557057543056,1.0,0,1.0,186.0
2026-02-06,27.749930139757307,28.00532795171454,27.749930139757307,27.985681533813477,769100,685.2676391601562,73.0,1.0,1.0,1.0,1.0,0.00020265704140208081,0.00040036584626440753,1.0,0,1.0,187.0
2026-02-09,27.808867464003736,28.0053278954486,27.759753292935287,27.936567306518555,1239500,688.5718383789062,72.0,1.0,1.0,1.0,1.0,0.00022152607901849866,0.00036768503669018174,-1.0,0,1.0,188.0
2026-02-10,27.995505250848044,28.250903067440436,27.995505250848044,28.07408905029297,674000,686.7559814453125,71.0,1.0,1.0,1.0,1.0,0.00025173098142906885,0.0002896146861097115,1.0,0,1.0,189.0
2026-02-11,28.447362172065745,28.525947846595734,28.28037323444633,28.467008590698242,563600,686.5972290039062,73.0,1.0,1.0,1.0,1.0,0.0002822043749422895,0.0002559067012039447,1.0,0,1.0,190.0
2026-02-12,28.58488400081792,28.633998171703468,28.024974208946325,28.14284896850586,992000,675.9900512695312,73.0,1.0,1.0,1.0,1.0,0.0002846650632334971,0.0001925891500703124,1.0,0,1.0,191.0
2026-02-13,27.985682261307286,28.093735688986477,27.86780749800779,27.966035842895508,776000,676.4663696289062,73.0,1.0,1.0,1.0,1.0,0.00025606969483057344,0.00020265704140208081,1.0,0,1.0,192.0
2026-02-17,27.936567869660745,28.182142477124323,27.84816086108701,28.07408905029297,670500,677.5578002929688,72.0,1.0,4.0,1.0,2.0,0.00021597013573579596,0.00022152607901849866,1.0,0,1.0,193.0
2026-02-18,28.162495226629943,28.378600200320918,28.12320239127585,28.300016403198242,652400,680.9711303710938,72.0,1.0,4.0,1.0,2.0,0.00019289461092359488,0.00025173098142906885,1.0,0,1.0,194.0
2026-02-19,28.388425239804697,28.535769634713116,28.319664647086476,28.506301879882812,615900,679.1751098632812,71.0,1.0,4.0,1.0,2.0,0.00020048029029645905,0.0002822043749422895,1.0,0,1.0,195.0
2026-02-20,28.535767915297328,28.909042358398438,28.486653744482428,28.909042358398438,813600,684.0867919921875,73.0,1.0,1.0,1.0,1.0,0.00022683433298364278,0.0002846650632334971,1.0,0,1.0,196.0
2026-02-23,28.732229764673978,28.83045998474041,28.516124779396307,28.56523895263672,497300,677.1013793945312,74.0,1.0,1.0,1.0,1.0,0.0002447969362701638,0.00025606969483057344,1.0,0,1.0,197.0
2026-02-24,28.486655460938852,28.575062472601033,28.329487856558455,28.506301879882812,545300,682.02294921875,73.0,1.0,1.0,1.0,1.0,0.00025369657558841214,0.00021597013573579596,1.0,0,1.0,198.0
2026-02-25,28.417894727367624,28.437541146214205,28.280373542612807,28.408071517944336,494100,687.7779541015625,72.0,1.0,1.0,1.0,1.0,0.00022851176240301356,0.00019289461092359488,-1.0,0,1.0,199.0
2026-02-26,28.083911790237174,28.309839975668655,28.034797618999214,28.290193557739258,860500,683.957763671875,71.0,1.0,1.0,1.0,1.0,0.0002058942170152653,0.00020048029029645905,-1.0,0,1.0,200.0
2026-02-27,28.388424903161095,28.398248112516587,28.211610881933485,28.260726928710938,798000,680.6734619140625,70.0,1.0,1.0,1.0,1.0,0.0001813014295752197,0.00022683433298364278,-1.0,0,1.0,201.0
2026-03-02,27.573116230254747,27.8481604611548,27.54364847687707,27.779399871826172,889700,681.0604858398438,73.0,1.0,4.0,1.0,2.0,0.0001311954553314988,0.0002447969362701638,-1.0,1,2.0,202.0
2026-03-03,27.268604423571336,27.47488619290069,26.679224995567314,27.36683464050293,2467300,675.057373046875,74.0,1.0,4.0,1.0,2.0,6.817036392506034e-05,0.00025369657558841214,-1.0,1,2.0,203.0
2026-03-04,27.15072728231763,27.298073541760566,27.05249894080303,27.278427124023438,1609000,679.8201904296875,73.0,1.0,4.0,1.0,2.0,-4.498448909197183e-06,0.00022851176240301356,-1.0,0,2.0,204.0
2026-03-05,26.826570457206873,27.013207689483647,26.5711726324033,26.777456283569336,1346700,676.0297241210938,77.0,1.0,4.0,4.0,6.0,-7.962799544004241e-05,0.0002058942170152653,-1.0,1,2.0,205.0
2026-03-06,26.689049272153266,26.954270306401476,26.580995841847933,26.777456283569336,1399200,667.1690063476562,75.0,1.0,4.0,1.0,2.0,-0.0001316919713969407,0.0001813014295752197,-1.0,0,4.0,1.0
2026-03-09,26.747985299838536,27.248957714615347,26.620287330700382,27.170373916625977,2263300,673.0133056640625,77.0,1.0,4.0,4.0,6.0,-0.00015741094703807524,0.0001311954553314988,-1.0,0,2.0,2.0
2026-03-10,27.30789591484107,27.592763362098836,27.131083769243986,27.199844360351562,1334400,671.9317016601562,76.0,1.0,4.0,4.0,6.0,-0.00014097338993616029,6.817036392506034e-05,-1.0,0,2.0,3.0
2026-03-11,27.180198446748832,27.36683567864023,27.15072881847578,27.288251876831055,1057300,671.08837890625,75.0,1.0,4.0,1.0,2.0,-0.0001260940137202261,-4.498448909197183e-06,1.0,0,2.0,4.0
2026-03-12,27.023030729122258,27.1114377399828,26.83639349801827,26.93462371826172,837300,660.89794921875,76.0,1.0,4.0,3.0,4.0,-0.00014407144568231276,-7.962799544004241e-05,1.0,1,2.0,5.0
2026-03-13,27.081967310028748,27.131083355489118,26.610464515122537,26.649755477905273,2493500,657.1571655273438,76.0,1.0,4.0,3.0,4.0,-0.00018469015878879778,-0.0001316919713969407,-1.0,0,2.0,6.0
2026-03-16,27.21948837831276,27.41594881217595,27.160550997588025,27.36683464050293,867100,663.8449096679688,83.0,1.0,4.0,4.0,6.0,-0.000161810610267921,-0.00015741094703807524,1.0,0,2.0,7.0
2026-03-17,27.700816600661312,27.749930772949117,27.54364900103765,27.612409591674805,453300,665.5912475585938,83.0,1.0,4.0,4.0,6.0,-9.900484534668302e-05,-0.00014097338993616029,1.0,0,2.0,8.0
2026-03-18,27.651699954687533,27.740106961755423,27.465062731590265,27.474885940551758,476400,656.3038330078125,82.0,1.0,4.0,4.0,6.0,-1.2179558455359604e-05,-0.0001260940137202261,1.0,0,2.0,9.0
2026-03-19,27.43559648975022,27.848161920933894,27.337366268309225,27.740108489990234,860200,654.6864624023438,82.0,1.0,4.0,4.0,6.0,3.206086829574209e-05,-0.00014407144568231276,1.0,0,2.0,10.0
2026-03-20,27.42577326219542,27.42577326219542,26.816747388530626,26.875686645507812,1469400,645.3009643554688,91.0,1.0,4.0,4.0,6.0,4.481523048297016e-06,-0.00018469015878879778,1.0,0,2.0,11.0
2026-03-23,27.415948504315427,27.681169524976838,27.21948807265834,27.425771713256836,1224700,652.07666015625,94.0,1.0,4.0,4.0,6.0,-7.995874779646817e-06,-0.000161810610267921,1.0,0,2.0,12.0
2026-03-24,26.93462340898056,27.248958611281697,26.865862817675385,26.993560791015625,1641600,649.8877563476562,95.0,1.0,4.0,4.0,6.0,-5.9913860661853486e-05,-9.900484534668302e-05,1.0,0,2.0,13.0
2026-03-25,27.337364560207245,27.474885737480616,27.239134344903903,27.32754135131836,1090300,653.5094604492188,95.0,1.0,4.0,4.0,6.0,-5.241090724237676e-05,-1.2179558455359604e-05,1.0,0,2.0,14.0
2026-03-26,27.180197069304686,27.425771671711278,27.09179006255147,27.121259689331055,834100,641.838623046875,94.0,1.0,4.0,4.0,6.0,-9.423790020765182e-05,3.206086829574209e-05,1.0,0,2.0,15.0
2026-03-27,27.24895875493323,27.307896137279002,27.023030561286436,27.0917911529541,463400,630.89404296875,93.0,1.0,4.0,4.0,6.0,-0.00011320758512461727,4.481523048297016e-06,1.0,0,2.0,16.0
2026-03-30,27.258781288364695,27.337365087405747,27.062320853969286,27.160551071166992,823300,628.78466796875,92.0,1.0,4.0,4.0,6.0,-0.00013618428898847342,-7.995874779646817e-06,1.0,0,2.0,17.0
2026-03-31,27.366834732599617,27.759753728062723,27.298074142591766,27.720460891723633,1127000,647.0621337890625,95.0,1.0,4.0,4.0,6.0,-0.00011113495432763696,-5.9913860661853486e-05,1.0,0,2.0,18.0
2026-04-01,27.985681897432656,28.083912114628752,27.88745168023656,27.975858688354492,752400,651.9373779296875,94.0,1.0,4.0,4.0,6.0,-7.749519860022721e-05,-5.241090724237676e-05,1.0,0,2.0,19.0
2026-04-02,27.49453207226466,27.90709747642494,27.465062445686957,27.789222717285156,568700,652.5244750976562,93.0,1.0,4.0,4.0,6.0,-5.07589917118099e-05,-9.423790020765182e-05,1.0,0,2.0,20.0
2026-04-06,27.87762919635252,28.005329044105032,27.867807860604426,27.956212997436523,509700,655.6087646484375,92.0,1.0,4.0,4.0,6.0,-2.9057733810197234e-05,-0.00011320758512461727,1.0,0,2.0,21.0
2026-04-07,27.749930356233996,27.88745153544318,27.563293131889,27.877628326416016,701100,655.8972778320312,91.0,1.0,4.0,4.0,6.0,-2.0164559202255192e-05,-0.00013618428898847342,-1.0,0,4.0,22.0
2026-04-08,28.565238136164425,28.575061345248855,28.329486738894765,28.535768508911133,763900,672.6027221679688,95.0,1.0,1.0,4.0,5.0,2.993350855049331e-05,-0.00011113495432763696,-1.0,0,2.0,23.0
2026-04-09,28.250903464727514,28.467008447843703,28.142850036376622,28.368778228759766,686700,676.4830322265625,94.0,1.0,1.0,4.0,5.0,6.658394349775712e-05,-7.749519860022721e-05,-1.0,0,2.0,24.0
2026-04-10,28.54559239164263,28.64382261121951,28.398247999070108,28.467008590698242,3247700,676.0353393554688,93.0,1.0,1.0,4.0,5.0,0.00011773482437657123,-5.07589917118099e-05,-1.0,0,2.0,25.0
2026-04-13,28.319664173639158,28.751876015252364,28.211610744839458,28.7224063873291,1115500,682.6417846679688,92.0,1.0,1.0,4.0,5.0,0.00014320937147802213,-2.9057733810197234e-05,-1.0,0,2.0,26.0
2026-04-14,28.633999739997858,28.761699589031295,28.584885566422304,28.712583541870117,414000,690.959716796875,91.0,1.0,1.0,4.0,5.0,0.00017186173433566504,-2.0164559202255192e-05,-1.0,0,2.0,27.0
2026-04-15,28.683114752854955,28.830459141854046,28.633998707464887,28.791166305541992,616700,696.412109375,89.0,1.0,1.0,4.0,5.0,0.00021355390451478114,2.993350855049331e-05,-1.0,0,2.0,28.0
2026-04-16,28.71258267033656,28.73222908860469,28.604531117032984,28.63399887084961,453100,698.1234130859375,88.0,1.0,1.0,4.0,5.0,0.0002415311301157195,6.658394349775712e-05,-1.0,0,2.0,29.0
2026-04-17,28.90904308573493,29.144794484031767,28.840282495429882,28.88939666748047,920900,706.5607299804688,88.0,1.0,1.0,4.0,5.0,0.00028759170724700555,0.00011773482437657123,-1.0,0,2.0,30.0
2026-04-20,28.830459649352424,28.899220240523345,28.75187584893057,28.879573822021484,686400,705.1477661132812,87.0,1.0,1.0,4.0,5.0,0.00030860073583981266,0.00014320937147802213,-1.0,0,2.0,31.0
2026-04-21,28.840282905645548,28.85992745059386,28.339310474544497,28.368778228759766,750900,700.53125,89.0,1.0,1.0,4.0,5.0,0.0002802100186204773,0.00017186173433566504,-1.0,0,2.0,32.0
2026-04-22,28.52594675389509,28.565237716069422,28.417893329141002,28.496477127075195,549900,707.6253051757812,88.0,1.0,1.0,4.0,5.0,0.00023244983988494327,0.00021355390451478114,-1.0,0,2.0,33.0
2026-04-23,28.368777664817728,28.417893710176116,28.03479792430846,28.23125648498535,684400,704.8792114257812,87.0,1.0,1.0,4.0,5.0,0.0001788832923290283,0.0002415311301157195,-1.0,0,2.0,34.0
2026-04-24,28.231256937253736,28.29019431904243,28.162496346235994,28.270549774169922,586400,710.3414916992188,86.0,1.0,1.0,4.0,5.0,0.00019080546244974107,0.00028759170724700555,-1.0,0,2.0,35.0
2026-04-27,28.123204039261235,28.19196650516029,28.0937362846044,28.103559494018555,407900,711.5653686523438,85.0,1.0,1.0,3.0,3.0,0.00019854920800076634,0.00030860073583981266,-1.0,0,1.0,1.0
2026-04-28,27.9955046865178,27.9955046865178,27.838337090796124,27.936567306518555,439000,708.1029052734375,84.0,1.0,4.0,3.0,4.0,0.00017812189946017566,0.0002802100186204773,-1.0,1,2.0,2.0
2026-04-29,27.86780792001199,27.86780792001199,27.632054642671804,27.700817108154297,580000,707.993408203125,84.0,1.0,4.0,3.0,4.0,0.00013270924717503178,0.00023244983988494327,-1.0,0,2.0,3.0
2026-04-30,28.22143397854884,28.506301427963237,28.142850177604455,28.467008590698242,854500,715.0377197265625,90.0,1.0,4.0,3.0,4.0,0.00012937349776543107,0.0001788832923290283,-1.0,0,2.0,4.0
2026-05-01,28.496478529168325,28.575062330969025,28.368778680251175,28.408071517944336,430800,717.0177001953125,89.0,1.0,4.0,3.0,4.0,0.0001442932148986672,0.00019080546244974107,-1.0,0,2.0,5.0
2026-05-04,28.10355926385644,28.162496646273038,27.82851502326962,27.956212997436523,607800,714.3909912109375,91.0,1.0,4.0,3.0,4.0,0.00016800749644085906,0.00019854920800076634,-1.0,1,2.0,6.0
2026-05-05,28.22143400339228,28.290194595080948,28.13302699305382,28.211610794067383,403700,720.1220092773438,90.0,1.0,4.0,3.0,4.0,0.00014188348250014526,0.00017812189946017566,-1.0,0,2.0,7.0
2026-05-06,28.476830492808986,28.614351669752462,28.447360866213018,28.604530334472656,751500,730.1312866210938,91.0,1.0,4.0,3.0,4.0,0.00016314362292462026,0.00013270924717503178,-1.0,0,2.0,8.0
2026-05-07,28.476832138257564,28.476832138257564,28.123204093014696,28.152673721313477,440700,727.8926391601562,92.0,1.0,4.0,3.0,4.0,0.00015360116523190952,0.00012937349776543107,-1.0,0,2.0,9.0
2026-05-08,28.231256684274566,28.37860107421875,28.221433475133544,28.37860107421875,386900,733.9021606445312,91.0,1.0,4.0,3.0,4.0,0.00018192013748759688,0.0001442932148986672,-1.0,0,2.0,10.0
2026-05-11,28.457184144887716,28.535767942417554,28.378600347357878,28.39824676513672,2634300,735.5736694335938,90.0,1.0,4.0,3.0,4.0,0.00017721839277705742,0.00016800749644085906,-1.0,0,2.0,11.0
2026-05-12,28.408071208386357,28.516124637279486,28.290194570176975,28.467008590698242,940300,734.4593505859375,89.0,1.0,4.0,3.0,4.0,0.0002101541073504864,0.00014188348250014526,-1.0,0,2.0,12.0
2026-05-13,28.77152262998659,28.889397395311928,28.68311561919978,28.8697509765625,513600,738.5685424804688,89.0,1.0,1.0,3.0,3.0,0.0002194998195683832,0.00016314362292462026,1.0,0,1.0,13.0
2026-05-14,28.643822753972746,28.643822753972746,28.506301570031102,28.56523895263672,429800,744.3989868164062,89.0,1.0,1.0,3.0,3.0,0.00020901592932695803,0.00015360116523190952,-1.0,1,1.0,14.0
2026-05-15,28.388424009090706,28.476831016920205,28.250902829616177,28.43754005432129,364500,735.4443969726562,88.0,1.0,1.0,3.0,3.0,0.0002113344109506946,0.00018192013748759688,-1.0,1,1.0,15.0
2026-05-18,28.633999322877628,28.712583123605135,28.535769103571848,28.67329216003418,737400,734.927001953125,88.0,1.0,1.0,3.0,3.0,0.00021457311478351954,0.00017721839277705742,1.0,0,1.0,16.0
2026-05-19,28.69293558015847,28.81081221342133,28.643821409223833,28.7027587890625,711400,730.03173828125,86.0,1.0,1.0,3.0,3.0,0.00023677237209068856,0.0002101541073504864,1.0,0,1.0,17.0
2026-05-20,28.70276044437186,29.08585811938054,28.673292689545864,29.066211700439453,692300,737.5138549804688,87.0,1.0,1.0,3.0,3.0,0.00023794733700203407,0.0002194998195683832,1.0,0,1.0,18.0
2026-05-21,28.7813433838917,29.056387620066168,28.633998993421137,28.987627029418945,448400,738.9764404296875,85.0,1.0,1.0,3.0,3.0,0.00023064544794161793,0.00020901592932695803,1.0,0,1.0,19.0
2026-05-22,29.026917538829398,29.076033583942255,28.928689195774776,28.948333740234375,333800,741.8817749023438,84.0,1.0,1.0,3.0,3.0,0.00021408168272131383,0.0002113344109506946,-1.0,0,1.0,20.0
2026-05-26,28.781343240666498,28.918866294862163,28.781343240666498,28.88939666748047,1102700,746.8068237304688,83.0,1.0,1.0,3.0,3.0,0.00020236499294662522,0.00021457311478351954,-1.0,1,1.0,21.0
2026-05-27,28.791166305541992,28.81081272369802,28.71258250650344,28.791166305541992,763800,746.6774291992188,82.0,1.0,1.0,3.0,3.0,0.000181572761325594,0.00023677237209068856,-1.0,0,1.0,22.0
2026-05-28,28.781342516542868,28.958156529213337,28.653644548272815,28.909042358398438,1035600,750.7965698242188,81.0,1.0,1.0,3.0,3.0,0.00018005439648923987,0.00023794733700203407,-1.0,0,1.0,23.0
2026-05-29,28.948334919655395,29.085857977988848,28.88939753670427,28.967981338500977,1192300,752.6671142578125,80.0,1.0,1.0,3.0,3.0,0.00018925153575480988,0.00023064544794161793,-1.0,0,1.0,24.0
2026-06-01,28.830460073340635,29.292139673410393,28.820636863945243,29.174264907836914,2830700,754.7166748046875,79.0,1.0,1.0,3.0,3.0,0.00022234542017472302,0.00021408168272131383,-1.0,0,1.0,25.0
2026-06-02,29.410015525093204,29.488599324566586,29.33143172561982,29.44930648803711,1305900,755.7415771484375,79.0,1.0,1.0,3.0,3.0,0.00027562084467135404,0.00020236499294662522,1.0,0,1.0,26.0
2026-06-03,29.419838843920576,29.419838843920576,29.174264235452412,29.243024826049805,1329100,750.4384155273438,78.0,1.0,1.0,3.0,3.0,0.0003204054862968738,0.000181572761325594,1.0,0,1.0,27.0
2026-06-04,28.967979724689563,29.184084699194855,28.967979724689563,29.164440155029297,625600,753.2740478515625,77.0,1.0,1.0,3.0,3.0,0.0003414941332604345,0.00018005439648923987,-1.0,0,1.0,28.0
2026-06-05,28.73222959141958,28.761699219337494,28.034798592966037,28.16249656677246,3814700,733.83251953125,90.0,1.0,4.0,3.0,4.0,0.00026963705580990567,0.00018925153575480988,-1.0,1,2.0,29.0
2026-06-08,28.241079638418828,28.300017019147226,28.152672630533456,28.18214225769043,1073400,735.4940795898438,89.0,1.0,4.0,3.0,4.0,0.00019561114525960623,0.00022234542017472302,-1.0,0,2.0,30.0
2026-06-09,28.565239067390564,28.653646078446947,28.054443419861595,28.358957290649414,2065400,733.3350830078125,88.0,1.0,4.0,3.0,4.0,0.00014728265998485628,0.00027562084467135404,1.0,0,2.0,31.0
2026-06-10,28.152672794249767,28.270549429977606,27.995505195669697,28.024974822998047,765100,721.7736206054688,88.0,1.0,4.0,3.0,4.0,0.00014733106888314035,0.0003204054862968738,1.0,0,2.0,32.0
2026-06-11,28.241080591276784,28.653646017466688,28.152673580408546,28.61435317993164,840200,734.04150390625,91.0,1.0,4.0,3.0,4.0,0.00019203914631946468,0.0003414941332604345,1.0,0,2.0,33.0
2026-06-12,28.63399887084961,28.722405879470625,28.506300899277907,28.63399887084961,703100,738.0113525390625,90.0,1.0,4.0,3.0,4.0,0.0001979282481645749,0.00026963705580990567,1.0,0,2.0,34.0
2026-06-15,29.0,29.049999237060547,28.90999984741211,28.920000076293945,743900,751.0254516601562,89.0,1.0,4.0,3.0,4.0,0.0002364690065379872,0.00019561114525960623,-1.0,0,2.0,35.0
2026-06-16,29.399999618530273,29.469999313354492,29.34000015258789,29.360000610351562,380900,746.5481567382812,90.0,1.0,1.0,3.0,3.0,0.0002512860168060823,0.00014728265998485628,1.0,0,1.0,36.0
2026-06-17,29.809999465942383,29.93000030517578,29.549999237060547,29.59000015258789,755800,737.225341796875,90.0,1.0,1.0,3.0,3.0,0.00028898453763576246,0.00014733106888314035,1.0,0,1.0,37.0
2026-06-18,29.889999389648438,29.889999389648438,29.690000534057617,29.790000915527344,820800,744.8902587890625,89.0,1.0,1.0,3.0,3.0,0.0003133695061963891,0.00019203914631946468,1.0,0,1.0,38.0
2026-06-22,29.8700008392334,29.889999389648438,29.790000915527344,29.790000915527344,668300,742.546142578125,88.0,1.0,1.0,3.0,3.0,0.000328383128261817,0.0001979282481645749,1.0,0,1.0,39.0
2026-06-23,29.549999237060547,29.770000457763672,29.440000534057617,29.6299991607666,400900,731.7628784179688,87.0,1.0,1.0,3.0,3.0,0.0003271666612425174,0.0002364690065379872,1.0,1,1.0,40.0
2026-06-24,29.559999465942383,29.700000762939453,29.510000228881836,29.649999618530273,341100,731.4237060546875,85.0,1.0,1.0,3.0,3.0,0.0003248636358261652,0.0002512860168060823,1.0,0,1.0,41.0
2026-06-25,29.739999771118164,29.739999771118164,29.489999771118164,29.56999969482422,470400,732.4810791015625,84.0,1.0,1.0,3.0,3.0,0.00031020641183277165,0.00028898453763576246,1.0,0,1.0,42.0
2026-06-26,29.450000762939453,29.799999237060547,29.450000762939453,29.65999984741211,309100,727.1842651367188,83.0,1.0,1.0,3.0,3.0,0.0002990966988611502,0.0003133695061963891,1.0,0,1.0,43.0
2026-06-29,29.6299991607666,29.829999923706055,29.59000015258789,29.829999923706055,534200,739.1644897460938,82.0,1.0,1.0,3.0,3.0,0.00028637076836114433,0.000328383128261817,1.0,0,1.0,44.0
2026-06-30,29.540000915527344,29.649999618530273,29.43000030517578,29.610000610351562,1388800,744.9202270507812,82.0,1.0,1.0,3.0,3.0,0.00025191939463813784,0.0003271666612425174,-1.0,0,1.0,45.0
2026-07-01,29.469999313354492,29.799999237060547,29.3700008392334,29.700000762939453,641000,743.9127197265625,80.0,1.0,1.0,3.0,3.0,0.00023731295711617675,0.0003248636358261652,-1.0,0,1.0,46.0
2026-07-02,30.290000915527344,30.43000030517578,30.040000915527344,30.15999984741211,568000,742.9351806640625,82.0,1.0,1.0,3.0,3.0,0.00025727347885034336,0.00031020641183277165,1.0,0,1.0,47.0
2026-07-06,30.139999389648438,30.31999969482422,30.059999465942383,30.280000686645508,709600,749.4190673828125,81.0,1.0,1.0,3.0,3.0,0.00029244418447362707,0.0002990966988611502,1.0,0,1.0,48.0
2026-07-07,30.729999542236328,30.829999923706055,30.549999237060547,30.65999984741211,1432700,745.85791015625,81.0,1.0,1.0,3.0,3.0,0.0003427233552348969,0.00028637076836114433,1.0,0,1.0,49.0
2026-07-08,30.8799991607666,31.040000915527344,30.729999542236328,31.010000228881836,920900,743.5536499023438,82.0,1.0,1.0,3.0,3.0,0.0003819595178467018,0.00025191939463813784,1.0,0,1.0,50.0
2026-07-09,31.1200008392334,31.43000030517578,31.1200008392334,31.360000610351562,3377900,749.8480224609375,82.0,1.0,1.0,3.0,3.0,0.00045258312284895686,0.00023731295711617675,1.0,0,1.0,51.0
2026-07-10,31.520000457763672,31.709999084472656,31.469999313354492,31.639999389648438,878700,753.0799560546875,82.0,1.0,1.0,3.0,3.0,0.0005228240242299399,0.00025727347885034336,1.0,0,1.0,52.0
2026-07-13,31.520000457763672,31.649999618530273,31.350000381469727,31.43000030517578,864000,747.3142700195312,81.0,1.0,1.0,3.0,3.0,0.0005574176858114332,0.00029244418447362707,1.0,0,1.0,53.0
2026-07-14,31.6299991607666,31.850000381469727,31.600000381469727,31.6299991607666,700800,749.9677124023438,80.0,1.0,1.0,3.0,3.0,0.0005822650103499056,0.0003427233552348969,1.0,0,1.0,54.0
2026-07-15,32.040000915527344,32.16999816894531,31.979999542236328,32.09000015258789,998400,752.9403076171875,81.0,1.0,1.0,3.0,3.0,0.0006038342803218799,0.0003819595178467018,1.0,0,1.0,55.0
2026-07-16,31.850000381469727,31.93000030517578,31.760000228881836,31.790000915527344,706000,748.8604125976562,81.0,1.0,1.0,3.0,3.0,0.0006073011619678348,0.00045258312284895686,1.0,1,1.0,56.0
2026-07-17,31.459999084472656,31.56999969482422,31.31999969482422,31.479999542236328,1027700,741.4487915039062,81.0,1.0,1.0,3.0,3.0,0.0005679666603379483,0.0005228240242299399,1.0,1,1.0,57.0
2026-07-20,31.389999389648438,31.459999084472656,31.329999923706055,31.360000610351562,1094500,740.2518310546875,80.0,1.0,1.0,3.0,3.0,0.0005100644388221673,0.0005574176858114332,1.0,0,1.0,58.0
2026-07-21,31.59000015258789,31.6200008392334,31.469999313354492,31.610000610351562,572000,746.426513671875,80.0,1.0,1.0,3.0,3.0,0.0005178661192555841,0.0005822650103499056,1.0,0,1.0,59.0
2026-07-22,32.040000915527344,32.08000183105469,31.950000762939453,32.0099983215332,912000,745.55859375,80.0,1.0,1.0,3.0,3.0,0.0005794700877851033,0.0006038342803218799,1.0,0,1.0,60.0
2026-07-23,31.479999542236328,31.549999237060547,31.290000915527344,31.440000534057617,2166200,736.3515014648438,83.0,1.0,1.0,3.0,3.0,0.0005969922373839695,0.0006073011619678348,1.0,1,1.0,61.0
2026-07-24,31.760000228881836,31.829999923706055,31.56999969482422,31.649999618530273,1101900,737.099609375,82.0,1.0,1.0,3.0,3.0,0.0006209934380785091,0.0005679666603379483,1.0,0,1.0,62.0
2026-07-27,31.860000610351562,31.940000534057617,31.770000457763672,31.8799991607666,593300,737.25927734375,81.0,1.0,1.0,3.0,3.0,0.0006104227332345848,0.0005100644388221673,1.0,0,1.0,63.0
2026-07-28,31.940000534057617,32.15999984741211,31.889999389648438,32.09000015258789,541700,739.0248413085938,81.0,1.0,1.0,3.0,3.0,0.0006641886715207729,0.0005178661192555841,1.0,0,1.0,64.0
2026-07-29,32.459999084472656,32.75,32.27000045776367,32.349998474121094,1255800,727.6531372070312,80.0,1.0,1.0,3.0,3.0,0.0006810611586313796,0.0005794700877851033,1.0,0,1.0,65.0
2026-07-30,32.47999954223633,32.52000045776367,32.33000183105469,32.40999984741211,1203900,739.852783203125,79.0,1.0,1.0,3.0,3.0,0.0006977744065067322,0.0005969922373839695,1.0,0,1.0,66.0
2026-07-31,32.220001220703125,32.29999923706055,32.0099983215332,32.279998779296875,1381600,745.1796264648438,78.0,1.0,1.0,3.0,3.0,0.000670275198952707,0.0006209934380785091,1.0,1,1.0,67.0
2026-08-03,32.2400016784668,32.380001068115234,32.20000076293945,32.380001068115234,2137100,755.793212890625,77.0,1.0,1.0,3.0,3.0,0.0006425424576343036,0.0006104227332345848,-1.0,0,1.0,68.0
2026-08-04,32.59000015258789,32.650001525878906,32.47999954223633,32.599998474121094,1000900,769.4193725585938,77.0,1.0,1.0,3.0,3.0,0.0006302351462430379,0.0006641886715207729,-1.0,0,1.0,69.0
2026-08-05,32.349998474121094,32.459999084472656,32.189998626708984,32.33000183105469,2302400,767.8831787109375,76.0,1.0,1.0,1.0,1.0,0.0006234313093370795,0.0006810611586313796,-1.0,1,1.0,70.0
2026-08-06,32.720001220703125,32.720001220703125,32.5099983215332,32.54999923706055,1146100,766.65625,76.0,1.0,1.0,1.0,1.0,0.0006343535947386894,0.0006977744065067322,-1.0,0,1.0,71.0
2026-08-07,33.22999954223633,33.290000915527344,33.189998626708984,33.25,940400,771.3446044921875,80.0,1.0,1.0,1.0,1.0,0.0006733328826165156,0.000670275198952707,1.0,0,1.0,72.0
2026-08-10,33.220001220703125,33.2400016784668,33.150001525878906,33.16999816894531,827900,771.1151733398438,79.0,1.0,1.0,1.0,1.0,0.0007227758451780983,0.0006425424576343036,1.0,0,1.0,73.0
2026-08-11,33.84000015258789,34.040000915527344,33.79999923706055,33.91999816894531,1564900,768.6513061523438,83.0,1.0,1.0,1.0,1.0,0.0007665195589388673,0.0006302351462430379,1.0,0,1.0,74.0
2026-08-12,33.790000915527344,33.869998931884766,33.619998931884766,33.63999938964844,971100,770.5764770507812,83.0,1.0,1.0,1.0,1.0,0.0007610195743320528,0.0006234313093370795,1.0,0,1.0,75.0
2026-08-13,33.560001373291016,33.59000015258789,33.38999938964844,33.47999954223633,751400,775.9531860351562,82.0,1.0,1.0,1.0,1.0,0.0007439468811533868,0.0006343535947386894,-1.0,1,1.0,76.0
2026-08-14,33.689998626708984,33.72999954223633,33.630001068115234,33.68000030517578,724000,774.4169921875,81.0,1.0,1.0,1.0,1.0,0.000718856350987135,0.0006733328826165156,1.0,0,1.0,77.0
2026-08-17,33.97999954223633,34.02000045776367,33.86000061035156,33.91999816894531,932300,770.7560424804688,81.0,1.0,1.0,1.0,1.0,0.0007169664600399925,0.0007227758451780983,1.0,0,1.0,78.0
2026-08-18,33.619998931884766,33.63999938964844,33.470001220703125,33.470001220703125,403700,765.5490112304688,81.0,1.0,1.0,1.0,1.0,0.0007020145484447842,0.0007665195589388673,1.0,1,1.0,79.0
2026-08-19,33.720001220703125,33.7599983215332,33.599998474121094,33.720001220703125,803200,767.1549682617188,81.0,1.0,1.0,1.0,1.0,0.0006850934589538744,0.0007610195743320528,1.0,0,1.0,80.0
2026-08-20,33.68000030517578,33.68000030517578,33.540000915527344,33.619998931884766,303100,760.7109985351562,80.0,1.0,1.0,1.0,1.0,0.0006465300398385824,0.0007439468811533868,1.0,0,1.0,81.0
2026-08-21,33.7400016784668,33.83000183105469,33.7400016784668,33.77000045776367,512000,763.8232421875,79.0,1.0,1.0,1.0,1.0,0.0006591441147657849,0.000718856350987135,1.0,0,1.0,82.0
2026-08-24,33.72999954223633,33.790000915527344,33.630001068115234,33.7400016784668,689400,761.5787963867188,78.0,1.0,1.0,1.0,1.0,0.0006857646298390321,0.0007169664600399925,1.0,0,1.0,83.0
2026-08-25,34.09000015258789,34.25,34.09000015258789,34.2400016784668,635100,764.0127563476562,79.0,1.0,1.0,1.0,1.0,0.0007445253946295458,0.0007020145484447842,1.0,0,1.0,84.0
2026-08-26,34.209999084472656,34.22999954223633,34.06999969482422,34.16999816894531,737700,764.182373046875,78.0,1.0,1.0,1.0,1.0,0.000788805108088465,0.0006850934589538744,1.0,0,1.0,85.0
2026-08-27,33.93000030517578,33.97999954223633,33.83000183105469,33.97999954223633,1483700,769.18994140625,77.0,1.0,1.0,1.0,1.0,0.0008138077602633013,0.0006465300398385824,-1.0,1,1.0,86.0
2026-08-28,34.0,34.11000061035156,33.83000183105469,33.93000030517578,351000,767.4442749023438,76.0,1.0,1.0,1.0,1.0,0.0008145754844494597,0.0006591441147657849,1.0,0,1.0,87.0
2026-08-31,34.27000045776367,34.27000045776367,34.11000061035156,34.16999816894531,541000,765.1499633789062,76.0,1.0,1.0,1.0,1.0,0.0008281330461419161,0.0006857646298390321,1.0,0,1.0,88.0
2026-09-01,33.77000045776367,33.970001220703125,33.720001220703125,33.720001220703125,759100,759.89306640625,77.0,1.0,1.0,1.0,1.0,0.000804363350224401,0.0007445253946295458,1.0,1,1.0,89.0
2026-09-02,34.040000915527344,34.20000076293945,34.02000045776367,34.20000076293945,841900,763.2646484375,78.0,1.0,1.0,1.0,1.0,0.0008077599673765361,0.000788805108088465,1.0,0,1.0,90.0
2026-09-03,34.2400016784668,34.31999969482422,34.15999984741211,34.290000915527344,553800,771.2548217773438,77.0,1.0,1.0,1.0,1.0,0.0008282759894745864,0.0008138077602633013,1.0,0,1.0,91.0
2026-09-04,34.5099983215332,34.599998474121094,34.4900016784668,34.56999969482422,859500,768.2822265625,76.0,1.0,1.0,1.0,1.0,0.0008752525626378726,0.0008145754844494597,1.0,0,1.0,92.0
2026-09-08,34.36000061035156,34.38999938964844,34.25,34.27000045776367,1235800,764.0626831054688,76.0,1.0,1.0,1.0,1.0,0.0008658640359879051,0.0008281330461419161,1.0,1,1.0,93.0
2026-09-09,33.95000076293945,33.95000076293945,33.720001220703125,33.77000045776367,3224800,760.5115356445312,78.0,1.0,1.0,1.0,1.0,0.0007882600909775309,0.000804363350224401,-1.0,1,1.0,94.0
2026-09-10,33.36000061035156,33.4900016784668,33.2599983215332,33.369998931884766,1664000,755.9528198242188,78.0,1.0,4.0,1.0,2.0,0.0006831501972213646,0.0008077599673765361,-1.0,1,2.0,95.0
2026-09-11,33.65999984741211,33.689998626708984,33.560001373291016,33.619998931884766,1012400,762.3967895507812,78.0,1.0,4.0,1.0,2.0,0.0006496667848357179,0.0008282759894745864,-1.0,0,2.0,96.0
2026-09-14,33.529998779296875,33.720001220703125,33.41999816894531,33.63999938964844,2923300,758.9952392578125,77.0,1.0,4.0,1.0,2.0,0.0006399130415043363,0.0008752525626378726,-1.0,0,2.0,97.0
2026-09-15,33.31999969482422,33.31999969482422,33.09000015258789,33.130001068115234,2039200,755.513916015625,78.0,1.0,4.0,1.0,2.0,0.0006489958581314322,0.0008658640359879051,-1.0,1,2.0,98.0
2026-09-16,32.959999084472656,33.02000045776367,32.58000183105469,32.720001220703125,1447400,752.1821899414062,79.0,1.0,4.0,1.0,2.0,0.000579480442707843,0.0007882600909775309,-1.0,1,2.0,99.0
2026-09-17,33.130001068115234,33.130001068115234,33.0099983215332,33.040000915527344,715300,760.7109985351562,79.0,1.0,4.0,1.0,2.0,0.0005510038392382351,0.0006831501972213646,-1.0,0,2.0,100.0
2026-09-18,32.689998626708984,32.83000183105469,32.650001525878906,32.79999923706055,1198300,761.6900024414062,78.0,1.0,4.0,1.0,2.0,0.0005262863259916847,0.0006496667848357179,-1.0,1,2.0,101.0
2026-09-21,33.18000030517578,33.189998626708984,32.9900016784668,33.15999984741211,1286100,773.5,79.0,1.0,4.0,1.0,2.0,0.0005396555126836698,0.0006399130415043363,-1.0,0,2.0,102.0
2026-09-22,33.650001525878906,33.72999954223633,33.43000030517578,33.59000015258789,2186100,773.3800048828125,79.0,1.0,4.0,1.0,2.0,0.000528681477341625,0.0006489958581314322,-1.0,0,2.0,103.0
2026-09-23,33.34000015258789,33.38999938964844,33.25,33.33000183105469,1170000,767.8099975585938,79.0,1.0,4.0,1.0,2.0,0.0004945562472131621,0.000579480442707843,-1.0,1,2.0,104.0
2026-09-24,33.27000045776367,33.349998474121094,33.130001068115234,33.27000045776367,664400,767.1799926757812,78.0,1.0,4.0,1.0,2.0,0.0004735184910072651,0.0005510038392382351,-1.0,0,2.0,105.0
2026-09-25,33.47999954223633,33.58000183105469,33.43000030517578,33.529998779296875,866700,771.3499755859375,77.0,1.0,4.0,1.0,2.0,0.0004601835758483771,0.0005262863259916847,-1.0,0,2.0,106.0
2026-09-28,33.52000045776367,33.66999816894531,33.439998626708984,33.560001373291016,755000,765.6099853515625,76.0,1.0,4.0,1.0,2.0,0.0004853187663687914,0.0005396555126836698,1.0,0,1.0,107.0
2026-09-29,33.47999954223633,33.47999954223633,33.279998779296875,33.43000030517578,1005600,764.2000122070312,75.0,1.0,4.0,1.0,2.0,0.0004674303663312529,0.000528681477341625,1.0,0,2.0,108.0
2026-09-30,33.349998474121094,33.400001525878906,33.22999954223633,33.2599983215332,805800,762.6300048828125,75.0,1.0,4.0,1.0,2.0,0.0004424274267055386,0.0004945562472131621,1.0,0,2.0,109.0
2026-10-01,33.150001525878906,33.209999084472656,33.0099983215332,33.20000076293945,1699400,763.989990234375,74.0,1.0,4.0,1.0,2.0,0.0004061402952680407,0.0004735184910072651,-1.0,1,2.0,110.0
