Date,Open,High,Low,Close,Volume,IndexClose,CVI,LTI,STI,VI,SecState,VWRS,VWRS_1wk,RS,GapDown,Thermostat,Days
2022-10-04,480.3039213908316,486.5195664717924,478.8363352719729,483.2294921875,944600,358.8656921386719,,,,,,,,,0,,
2022-10-05,481.3207126807274,486.9032777710142,477.84838640871186,484.12158203125,675400,358.03021240234375,15.0,,,3.0,,,,,0,,
2022-10-06,482.93215878023625,483.92014124755474,477.57019283889764,478.9322509765625,729400,354.3368225097656,21.0,,,1.0,,,,,0,,
2022-10-07,477.6757411426535,483.776316161322,476.39040658496674,482.922607421875,871100,344.4530029296875,23.0,,,1.0,,,,,0,,
2022-10-10,481.62759388653,486.203031732123,470.1075333886015,476.7644348144531,1043800,341.8229675292969,29.0,,,1.0,,,,,0,,
2022-10-11,477.33039961350863,485.9152885760749,473.32091956862655,478.1553039550781,752300,339.6581726074219,29.0,,,1.0,,,,,0,,
2022-10-12,478.4335206770204,485.0520466416225,473.74301117481997,474.03076171875,573000,338.537841796875,31.0,,,1.0,,,,,0,,
2022-10-13,467.6903560235717,485.12876972794317,466.37624649948646,479.7572021484375,1071600,347.4722595214844,34.0,,,1.0,,,,,0,,
2022-10-14,486.46205672175626,488.68742505091245,472.93722570242363,479.6037292480469,992100,339.5537414550781,34.0,,,1.0,,,,,0,,
2022-10-17,481.64686475901664,484.0640571113149,477.99228654024546,478.443115234375,734700,348.2792663574219,33.0,,,1.0,,,,,0,,
2022-10-18,481.81945425573787,484.39972443663106,477.5030210676887,481.21514892578125,724100,352.3714294433594,34.0,,,1.0,,,,,0,,
2022-10-19,483.44058040565363,484.30386130184,474.6254611314417,479.80517578125,695000,349.87432861328125,34.0,,,1.0,,,,,0,,
2022-10-20,482.3470272610392,492.08300595365125,481.5221229339944,484.7354736328125,923200,346.9405517578125,36.0,,,1.0,,,,,0,,
2022-10-21,483.7475041746213,492.47626847866616,482.8458468373268,489.7137756347656,1479100,355.3717041015625,38.0,,,1.0,,,,,0,,
2022-10-24,494.18369377992525,503.38246051132205,494.18369377992525,500.64874267578125,713900,359.72021484375,48.0,,1.0,1.0,,,,,0,,
2022-10-25,499.72794055108943,518.163940470426,499.31548832187536,507.862060546875,1179200,365.4644470214844,51.0,,1.0,1.0,,,,,0,,
2022-10-26,512.2167691240668,518.7202236203436,511.9673658242744,517.1087036132812,1080400,362.71099853515625,56.0,,1.0,1.0,,,,,0,,
2022-10-27,518.2310839644587,524.1781239633007,514.0009458656564,522.2885131835938,953200,360.7740783691406,57.0,,1.0,1.0,,,,,0,,
2022-10-28,526.8829753852935,537.1849113299533,523.5929012553129,532.197021484375,1169400,369.3572082519531,62.0,,1.0,1.0,,,,,0,,
2022-10-31,529.233173462708,540.1585616978778,527.5641616639779,535.3145751953125,1166700,366.689208984375,61.0,,1.0,1.0,,,,,0,,
2022-11-01,532.8685238260496,539.3719196618827,527.9189807748807,531.8709106445312,1635600,365.0845642089844,61.0,,1.0,1.0,,,,,0,,
2022-11-02,529.6358745772817,546.0575573396527,528.5232198743499,536.7532348632812,1491800,355.92236328125,61.0,,1.0,1.0,,,,,0,,
2022-11-03,539.573229669413,547.995038079571,537.932964351637,540.0336303710938,1566300,352.2574768066406,61.0,,1.0,1.0,,,,,0,,
2022-11-04,543.1512765308901,547.1991043001179,523.9095753721144,529.530517578125,1519400,357.3275451660156,66.0,,1.0,1.0,,,,,0,,
2022-11-07,529.8469407732989,534.6813245593653,525.7415053677389,532.2929077148438,1390000,360.74566650390625,65.0,,1.0,1.0,,,,,0,,
2022-11-08,533.0506637292252,538.1153064802279,528.8301866487584,534.98828125,777000,362.6920166015625,65.0,,1.0,1.0,,,,,0,,
2022-11-09,536.149136984275,539.2281561251787,529.943032937433,530.8926391601562,842000,355.2197570800781,64.0,,1.0,1.0,,,,,0,,
2022-11-10,541.5683228067676,541.5683228067676,521.463378807723,535.5253295898438,1150900,374.74053955078125,65.0,,1.0,1.0,,,,,0,,
2022-11-11,533.9524239561575,535.5734869813706,495.9102800690483,506.969970703125,2193000,378.3675842285156,98.0,,1.0,4.0,,,,,0,,
2022-11-14,509.17604128583423,512.7251201013349,504.0730512857437,508.3798828125,1034600,375.14886474609375,97.0,,1.0,4.0,,,,,0,,
2022-11-15,507.5454262182934,510.6724517709955,489.8864141245924,491.9775085449219,1943400,378.3485107421875,105.0,,4.0,4.0,,,,,0,,
2022-11-16,497.2339887607177,500.7351195554685,490.15503272385433,496.48577880859375,1040400,375.4621887207031,104.0,,4.0,4.0,,,,,0,,
2022-11-17,495.88149272954587,507.6222421706906,495.6704951730068,499.0373229980469,963200,374.3133544921875,103.0,,4.0,4.0,,,,,0,,
2022-11-18,505.88600858818523,512.5812575375618,503.41123709169085,508.2840270996094,952900,376.0128479003906,105.0,,4.0,4.0,,,,,0,,
2022-11-21,506.49984985007916,509.0609757376419,499.33459873850256,503.75653076171875,1020200,374.6456604003906,104.0,,4.0,4.0,,,,,0,,
2022-11-22,508.9554856545031,510.92190790279216,507.00832483647747,509.1473388671875,817600,379.6872863769531,103.0,,4.0,4.0,,,,,0,,
2022-11-23,510.33672149668985,516.8113719221615,508.48545810418557,516.3413696289062,839500,382.0799255371094,103.0,,4.0,4.0,,,,,0,,
2022-11-25,519.6505939348466,523.0557683973803,516.6674730579326,518.8832397460938,339400,381.9944763183594,102.0,,4.0,4.0,,,,,0,,
2022-11-28,516.3413653740611,519.6602442707715,511.8714843586092,512.4949340820312,766000,375.89892578125,102.0,,4.0,4.0,,,,,0,,
2022-11-29,509.4254822482895,513.2239060714868,507.8907152858185,511.391845703125,919000,375.2533264160156,101.0,,4.0,4.0,,,,,0,,
2022-11-30,510.2696186135613,527.8615110591691,507.017949473139,527.46826171875,2162700,387.07403564453125,108.0,,4.0,4.0,,,,,0,,
2022-12-01,529.6072399068938,535.2761304531763,522.2788805802421,526.0006103515625,1251100,386.7890930175781,106.0,,1.0,4.0,,,,,0,,
2022-12-02,524.3314983168988,528.2546234426209,521.6073237873513,524.4754028320312,517000,386.3429870605469,105.0,,1.0,4.0,,,,,0,,
2022-12-05,519.2382131122592,528.1588311907533,518.1926511728888,525.08935546875,548600,379.3928527832031,103.0,,1.0,4.0,,,,,0,,
2022-12-06,524.2451789896222,528.7534653726638,517.4923801287799,524.0629272460938,898200,373.9240417480469,102.0,,1.0,4.0,,,,,0,,
2022-12-07,524.178053656301,530.0676012991441,523.5162567363354,526.7775268554688,718400,373.2879638671875,100.0,,1.0,4.0,,,,,0,,
2022-12-08,526.2405324761596,531.1037226217995,523.890461862846,525.0319213867188,628900,376.2122497558594,99.0,,1.0,4.0,,,,,0,,
2022-12-09,523.8326197943458,524.5520251804106,511.257427696817,511.6602783203125,1068800,373.40185546875,104.0,,1.0,4.0,,,,,0,,
2022-12-12,512.8690159490824,515.0655798630439,503.9483986582637,508.3703308105469,1543900,378.78521728515625,102.0,,1.0,4.0,,,,,0,,
2022-12-13,515.8905031750904,515.8905031750904,498.96047010387514,501.7229919433594,1658300,381.6526184082031,103.0,,1.0,4.0,,,,,0,,
2022-12-14,504.5910168832703,504.8212172809804,495.81430472103364,500.2362365722656,1068300,379.2125549316406,101.0,,4.0,4.0,,,,,0,,
2022-12-15,496.6104794755629,496.6104794755629,481.81951624105136,487.699462890625,1487100,369.9363708496094,105.0,,4.0,4.0,,,,,0,,
2022-12-16,485.7426362139013,486.0879661101551,474.66380211750544,482.9897155761719,1918200,365.5688171386719,105.0,,4.0,4.0,,,,,0,,
2022-12-19,483.2007138147656,486.62509115945335,480.08328985467034,484.2462463378906,824900,362.4689025878906,103.0,,4.0,4.0,,,,,0,,
2022-12-20,484.054469234691,487.3349423725984,479.8914830762276,481.2535705566406,637400,362.9649353027344,102.0,,4.0,4.0,,,,,0,,
2022-12-21,484.3997828075236,487.3829040527344,479.28721976203354,487.3829040527344,656800,368.3921203613281,102.0,,4.0,4.0,,,,,0,,
2022-12-22,487.1814939823418,491.79530908847863,484.4477466933971,491.5267028808594,661700,363.1365051269531,101.0,,4.0,4.0,,,,,0,,
2022-12-23,489.6370377893768,494.95105537874963,488.79293053068204,492.9942932128906,357900,365.2254638671875,100.0,,4.0,4.0,,,,,0,,
2022-12-27,494.64405260622755,498.7878354957911,491.9870294403175,493.3970947265625,423300,363.78521728515625,98.0,,4.0,4.0,,,,,0,,
2022-12-28,495.98700047708735,499.5264782797041,493.4258744544055,494.2891845703125,603500,359.2641296386719,97.0,,4.0,3.0,,,,,0,,
2022-12-29,496.88107524637786,496.9003075397479,491.90477797190954,493.0191955566406,303300,365.7309875488281,95.0,,4.0,3.0,,,,,0,,
2022-12-30,493.05755715808266,493.29772626344254,487.1590191755524,492.0488586425781,398600,364.76763916015625,94.0,,4.0,3.0,,,,,0,,
2023-01-03,488.2541716577762,490.9152640898822,470.41443291693207,480.8089294433594,1089500,363.2320251464844,98.0,,4.0,3.0,,,,,0,,
2023-01-04,480.46312478453115,481.7984498248076,465.6879160726905,472.7680969238281,1137100,366.03619384765625,99.0,,4.0,3.0,,,,,0,,
2023-01-05,472.8449342883848,473.9689092549654,464.6887717426681,468.82928466796875,1273800,361.8584899902344,98.0,,4.0,3.0,,,,,0,,
2023-01-06,470.9524400246188,475.20822978288504,468.8389400475352,473.1716003417969,977600,370.1566467285156,98.0,,4.0,3.0,,,,,0,,
2023-01-09,476.08247862430835,480.1845568842574,460.9422070149062,462.7674865722656,1065400,369.94683837890625,101.0,,4.0,3.0,,,,,0,,
2023-01-10,465.3421029470702,466.69663100985713,459.5972469346188,462.6521911621094,997600,372.5412292480469,99.0,,4.0,3.0,,,,,0,,
2023-01-11,463.31504204712286,473.71915521125857,461.6434743880005,473.6134948730469,941900,377.2530822753906,103.0,,4.0,3.0,,,,,0,,
2023-01-12,473.12354795700713,476.3418200128893,463.59365373947713,474.852783203125,1092000,378.62652587890625,101.0,,4.0,3.0,,,,,0,,
2023-01-13,474.8527681319007,484.98789289802005,470.135843269604,472.0379638671875,1280400,380.095458984375,100.0,,4.0,3.0,,,,,0,,
2023-01-17,474.12262343364176,475.11211895484934,470.1165899382087,471.17333984375,816600,379.3991394042969,99.0,,4.0,3.0,,,,,0,,
2023-01-18,472.0572170480709,474.3532186077428,465.04426109985616,465.68792724609375,845100,373.4091796875,99.0,,4.0,3.0,,,,,0,,
2023-01-19,468.38743233663547,477.31212523705835,467.6381058387891,472.38385009765625,675100,370.6908264160156,99.0,,4.0,3.0,,,,,0,,
2023-01-20,472.3261546849928,477.85004389544235,471.08687394017863,477.7443542480469,1882600,377.5964660644531,99.0,,4.0,3.0,,,,,0,,
2023-01-23,478.7723302338091,481.12599932495453,473.8440552254442,475.1025390625,806500,382.12701416015625,98.0,,4.0,3.0,,,,,0,,
2023-01-24,476.9566860943606,482.70151288329356,471.88431527453105,480.67449951171875,723700,381.71697998046875,98.0,,4.0,3.0,,,,,0,,
2023-01-25,476.59161184633956,492.3467003954913,476.59161184633956,482.470947265625,852000,381.8600158691406,96.0,,4.0,3.0,,,,,0,,
2023-01-26,483.0857870531517,485.39143418513333,478.7243367042836,479.7234191894531,821900,386.0567932128906,95.0,,4.0,3.0,,,,,0,,
2023-01-27,478.4168601429623,478.70505134375213,461.3744697275075,462.74822998046875,1387900,386.9437561035156,106.0,,4.0,3.0,,,,,1,,
2023-01-30,466.16824023943815,476.3225971969838,465.33245643151196,465.84161376953125,1569400,382.08892822265625,105.0,,4.0,3.0,,,,,0,,
2023-01-31,476.0248013098172,492.8270231865599,474.7759043233165,491.5781555175781,2266200,387.7069091796875,126.0,,1.0,4.0,,,,,0,,
2023-02-01,486.1886832658993,507.02578465227384,479.0028137198249,493.0959777832031,1995700,391.827392578125,125.0,,1.0,4.0,,,,,0,,
2023-02-02,479.50244493440283,486.5922418817277,464.4006098494359,470.510498046875,2594100,397.53118896484375,138.0,,1.0,4.0,,,,,0,,
2023-02-03,472.3069597211896,479.0220783805999,457.0898197344084,457.8295593261719,1519500,393.3057861328125,141.0,,1.0,4.0,,,,,0,,
2023-02-06,462.6521610689417,472.9217945101623,461.66266551304625,467.10009765625,1518200,390.90216064453125,142.0,,1.0,4.0,,,,,0,,
2023-02-07,462.162198879849,463.19974583046405,453.01656992276145,462.0853576660156,1301500,396.0146179199219,141.0,,4.0,4.0,,,,,0,,
2023-02-08,463.38230057657927,475.7269990638273,463.38230057657927,474.7759094238281,1208800,391.6843566894531,143.0,,4.0,4.0,,,,,0,,
2023-02-09,475.14097423054864,476.5339668462431,468.6372050494013,472.5855712890625,979800,388.2887268066406,141.0,,4.0,4.0,,,,,0,,
2023-02-10,473.6807995317282,481.35659588163844,473.6807995317282,479.0125427246094,832500,389.19482421875,140.0,,4.0,4.0,,,,,0,,
2023-02-13,479.3679579266342,485.4106213277658,478.36887547405394,482.20196533203125,567800,393.7635803222656,139.0,,4.0,4.0,,,,,0,,
2023-02-14,483.2874721567553,488.71528782490986,480.9626224240194,481.9521179199219,516700,393.5823974609375,137.0,,4.0,4.0,,,,,0,,
2023-02-15,477.1487807205097,482.2115644661611,476.59160126920966,478.72430419921875,662700,394.8604736328125,135.0,,4.0,4.0,,,,,0,,
2023-02-16,479.56972325566306,490.99215166054387,477.7828497103856,485.80450439453125,713300,389.4237060546875,134.0,,4.0,4.0,,,,,0,,
2023-02-17,484.3634315246895,492.9518807985559,484.1809006651485,490.0794677734375,1352300,388.4508056640625,133.0,,1.0,4.0,,,,,0,,
2023-02-21,488.1293080976186,494.64272272235837,482.76874628376356,483.5853271484375,1136400,380.6582336425781,132.0,,1.0,4.0,,,,,0,,
2023-02-22,483.8830913243917,486.9572674873268,482.26916203173334,483.7870178222656,576500,380.13360595703125,130.0,,1.0,4.0,,,,,0,,
2023-02-23,482.13468936038777,491.6357936038895,479.20463789004117,490.5694274902344,998300,382.15570068359375,130.0,,1.0,4.0,,,,,0,,
2023-02-24,490.90563926842736,494.28723895184345,486.0734381602666,487.4664306640625,1205300,378.07330322265625,128.0,,1.0,4.0,,,,,0,,
2023-02-27,489.58949916280164,492.43312230354843,484.99746732414866,486.5921936035156,849400,379.3609924316406,126.0,,1.0,4.0,,,,,0,,
2023-02-28,486.1022534317789,488.76331647827527,471.51919286502954,475.55401611328125,1240400,377.9588928222656,128.0,,1.0,4.0,,,,,0,,
2023-03-01,472.50869063183336,477.340891724833,471.5480142370619,476.63958740234375,507900,376.5091247558594,126.0,,1.0,4.0,,,,,0,,
2023-03-02,476.2842176250829,478.4937619576872,472.3358510866197,476.2650146484375,815100,379.437255859375,124.0,,1.0,4.0,,,,,0,,
2023-03-03,477.07194997681916,480.94347505215836,471.9611440226063,480.53997802734375,842600,385.52264404296875,123.0,,4.0,4.0,,,,,0,,
2023-03-06,480.85701983563365,486.58264352287085,478.4937345551215,479.44482421875,819500,385.78973388671875,121.0,,4.0,3.0,,,,,0,,
2023-03-07,481.89449702533415,483.3451277888451,472.72963584730536,476.533935546875,647300,379.87603759765625,120.0,,4.0,3.0,,,,,0,,
2023-03-08,474.4012329995028,477.4273578350078,468.617942233742,470.0685729980469,637800,380.4960021972656,120.0,,4.0,3.0,,,,,0,,
2023-03-09,474.3916506603192,474.6894580239794,464.35256970848855,467.2057800292969,642500,373.4759521484375,118.0,,4.0,3.0,,,,,0,,
2023-03-10,467.34991650053956,472.78734903454335,459.69332358636643,460.798095703125,887400,368.0868835449219,118.0,,4.0,3.0,,,,,0,,
2023-03-13,458.29070654106516,472.42227877791197,458.069769712198,463.5072021484375,1017500,367.5622863769531,116.0,,4.0,3.0,,,,,0,,
2023-03-14,465.86080588743954,469.00223652094195,458.29067106272396,463.0172119140625,902500,373.6380615234375,115.0,,4.0,3.0,,,,,0,,
2023-03-15,456.5903517279922,467.5516747348107,456.5903517279922,464.8425598144531,867500,371.30133056640625,113.0,,4.0,3.0,,,,,0,,
2023-03-16,464.4871046289088,477.37939662710824,463.4976089706525,474.93927001953125,1086200,377.8157653808594,115.0,,4.0,3.0,,,,,0,,
2023-03-17,477.29286658458386,479.51205615076475,468.598756460389,476.0632019042969,1962700,373.3981018066406,114.0,,4.0,3.0,,,,,0,,
2023-03-20,476.3802204835734,485.3625507353611,474.5261220578108,474.9488220214844,1102300,376.98858642578125,112.0,,4.0,3.0,,,,,0,,
2023-03-21,477.8116436386296,487.5817360837675,477.8116436386296,481.17401123046875,944200,381.93865966796875,112.0,,1.0,3.0,,,,,0,,
2023-03-22,484.6996777374454,487.87951426733537,478.57055763142864,478.7338562011719,618600,375.4279479980469,110.0,,1.0,3.0,,,,,0,,
2023-03-23,479.71373094767245,482.92238636975515,468.2336370843777,472.0283203125,853200,376.4428405761719,110.0,,1.0,3.0,,,,,0,,
2023-03-24,472.5280169776912,483.5085440006288,472.29746396435644,482.6727600097656,659700,378.9130859375,113.0,,1.0,3.0,,,,,0,,
2023-03-27,488.8018441586233,490.8672929245161,483.2683377233749,487.05340576171875,665500,379.62152099609375,112.0,,1.0,3.0,,,,,0,,
2023-03-28,487.850719811448,488.92667274009347,461.41288525607615,464.4006042480469,1688900,378.7694396972656,128.0,,1.0,4.0,,-0.00011805287530228664,,,0,,
2023-03-29,464.58314156397506,466.850323935431,459.2129636747869,466.6485900878906,1228500,384.2747802734375,126.0,,4.0,4.0,,-0.00011253709064126896,,,0,,
2023-03-30,467.74097789231485,470.34915495667303,461.33119059667405,470.0122985839844,717700,386.5248718261719,125.0,,4.0,4.0,,-9.384103874780314e-05,,,0,,
2023-03-31,472.06224325886006,472.23550296688234,465.4792261138942,467.2212219238281,1274600,391.9727478027344,123.0,,4.0,4.0,,-9.04186464303855e-05,,,0,,
2023-04-03,481.2919692450305,491.8690946485221,473.8042652101668,491.07989501953125,1479000,393.4664306640625,139.0,,1.0,4.0,,-3.7147587767472214e-05,,,0,,
2023-04-04,491.20499088153707,491.6862058450762,482.61049868177605,484.4006042480469,957400,391.2834167480469,138.0,,1.0,4.0,,-8.893019659500284e-06,-0.00011805287530228664,,0,,
2023-04-05,488.6738177223882,497.7495252988888,483.5921886508992,496.835205078125,1546100,390.2589416503906,140.0,,1.0,4.0,,6.744679050615223e-05,-0.00011253709064126896,,0,,
2023-04-06,500.25191758400763,504.9100461118151,495.9305573334571,500.4347229003906,1082100,391.7812805175781,139.0,,1.0,4.0,,8.521927097697164e-05,-9.384103874780314e-05,,0,,
2023-04-10,499.93417067834525,505.1505237394745,499.20271463261173,504.8521728515625,809400,392.183349609375,137.0,,1.0,4.0,,0.00012117929906137899,-9.04186464303855e-05,,0,,
2023-04-11,507.01776454533217,514.6113516219248,507.01776454533217,513.7066650390625,856600,392.2886962890625,137.0,,1.0,4.0,,0.00014577288812419792,-3.7147587767472214e-05,,0,,
2023-04-12,511.14653183397417,516.1511794093877,509.5777662888377,512.0608520507812,751800,390.6898193359375,135.0,,1.0,4.0,,0.00018547099515718907,-8.893019659500284e-06,,0,,
2023-04-13,514.0530843048198,519.7121771554329,510.79043265013786,515.1502685546875,864900,395.87921142578125,133.0,,1.0,4.0,,0.00022289934846435357,6.744679050615223e-05,,0,,
2023-04-14,513.5430142742614,518.9614407594013,503.5529868610523,504.1496887207031,1007500,394.9121398925781,135.0,,1.0,4.0,,0.00021206967164455608,8.521927097697164e-05,,0,,
2023-04-17,502.84068396826996,504.64048178906745,495.0835019053629,499.3278503417969,708500,396.32916259765625,133.0,,1.0,4.0,,0.00017074797376021557,0.00012117929906137899,,0,,
2023-04-18,496.6619940478314,498.25002705839444,490.9066813955075,493.4186096191406,610100,396.5876770019531,132.0,,1.0,4.0,,9.814102198878995e-05,0.00014577288812419792,,0,,
2023-04-19,488.14447969898026,488.9144119063258,471.0998242312453,474.3817138671875,1389800,396.520751953125,141.0,,1.0,4.0,,1.2348308462994276e-05,0.00018547099515718907,,1,,
2023-04-20,473.6214002902977,473.6214002902977,468.69376352399746,471.8890380859375,1074200,394.3568420410156,139.0,,1.0,4.0,,-6.143728800304031e-05,0.00022289934846435357,,0,,
2023-04-21,476.98990451009786,479.2227490950528,467.3560004589375,472.7552185058594,1096900,394.6632385253906,137.0,,1.0,4.0,,-0.00011315639705498181,0.00021206967164455608,,0,,
2023-04-24,473.2653393114114,485.3053485319259,471.7158410423557,482.8800354003906,1040800,395.07489013671875,138.0,,4.0,4.0,,-0.00010314717409653476,0.00017074797376021557,,0,,
2023-04-25,485.93088366431516,489.7420981034735,481.0128806391348,482.84149169921875,867100,388.8035583496094,136.0,,4.0,4.0,,-9.024831761983785e-05,9.814102198878995e-05,,0,,
2023-04-26,490.83926811183875,494.1211283521186,477.3652489872,486.4794616699219,1487800,387.1567687988281,134.0,,4.0,4.0,,-6.514333773298302e-05,1.2348308462994276e-05,,0,,
2023-04-27,487.6920751624447,507.47002566312517,487.1434831138606,505.545166015625,1039300,394.86431884765625,142.0,,4.0,4.0,,-2.6023158731462837e-05,-6.143728800304031e-05,,0,,
2023-04-28,506.58466846017734,511.2716981176376,503.61079249278066,510.55950927734375,806100,398.2345275878906,141.0,,4.0,4.0,,1.4579038672037702e-05,-0.00011315639705498181,,0,,
2023-05-01,511.2716461632988,519.0192542941853,511.24280381052324,515.025146484375,792600,397.8323974609375,139.0,,4.0,4.0,,6.051898451676043e-05,-0.00010314717409653476,,0,,
2023-05-02,515.9586637996166,518.4610168716969,510.3477395821712,513.0328979492188,1026700,393.361083984375,137.0,,4.0,4.0,,6.889754408696011e-05,-9.024831761983785e-05,,0,,
2023-05-03,514.8999925576715,516.8248523429337,506.7867156118378,509.8857116699219,676100,390.6610107421875,136.0,,4.0,4.0,,6.468633968764632e-05,-6.514333773298302e-05,,0,,
2023-05-04,510.3476540154461,510.7614917683758,503.96673992747753,508.6441345214844,549300,387.89404296875,134.0,,4.0,4.0,,4.85421322935958e-05,-2.6023158731462837e-05,,0,,
2023-05-05,511.21404201235515,519.2214684683522,511.21404201235515,514.91943359375,549900,395.07489013671875,133.0,,1.0,4.0,,5.251144704267898e-05,1.4579038672037702e-05,,0,,
2023-05-08,512.8403458517039,517.2193898360774,511.05987416047066,515.8239135742188,672400,395.1802062988281,131.0,,1.0,4.0,,8.89388734963508e-05,6.051898451676043e-05,,0,,
2023-05-09,517.0173745577424,520.8767280087161,506.748263564761,510.2803649902344,941100,393.447265625,130.0,,1.0,4.0,,0.00010299431778117378,6.889754408696011e-05,,0,,
2023-05-10,510.18403379852856,513.1772352396772,507.87423743178516,509.7317199707031,646900,395.2855224609375,128.0,,1.0,4.0,,0.000145261646229497,6.468633968764632e-05,,0,,
2023-05-11,509.1254173891412,510.15522443177315,505.57404870644194,509.11578369140625,559000,394.59619140625,126.0,,1.0,4.0,,0.00016349894710855306,4.85421322935958e-05,,0,,
2023-05-12,509.53925467205295,510.07821306612107,504.37101081081045,507.5373840332031,459900,394.0791931152344,124.0,,1.0,4.0,,0.0001901367674764007,5.251144704267898e-05,,0,,
2023-05-15,505.48744074655207,506.6135261059592,501.5511350640341,502.8696594238281,447000,395.4387512207031,123.0,,1.0,4.0,,0.00015705879337001268,8.89388734963508e-05,,0,,
2023-05-16,504.1882123680834,507.19098934594797,497.5570553994379,498.8755798339844,630700,392.7962341308594,122.0,,1.0,4.0,,9.848952451824127e-05,0.00010299431778117378,,0,,
2023-05-17,500.07844435634365,501.2237380392535,493.0816204416349,500.7425231933594,637500,397.5643615722656,120.0,,1.0,3.0,,5.578840853693581e-05,0.000145261646229497,,0,,
2023-05-18,499.41446827090084,499.41446827090084,489.4822141301215,494.5638427734375,874500,401.3941650390625,119.0,,4.0,3.0,,-5.954074648778794e-06,0.00016349894710855306,,0,,
2023-05-19,494.6119875191746,499.38566125753005,492.0711877032396,494.22705078125,1034300,400.81011962890625,117.0,,4.0,3.0,,-4.134376278504572e-05,0.0001901367674764007,,0,,
2023-05-22,495.5936926908372,497.6917829831181,492.3406746824398,494.66973876953125,439400,400.972900390625,116.0,,4.0,3.0,,-8.221438059580677e-05,0.00015705879337001268,,0,,
2023-05-23,491.54186451120165,493.24535496844817,478.1640645576712,487.8846130371094,944900,396.4728088378906,116.0,,4.0,3.0,,-0.0001121285016105757,9.848952451824127e-05,,0,,
2023-05-24,489.4919356635987,492.7256865755146,485.89242725753127,487.595947265625,651000,393.6004943847656,114.0,,4.0,3.0,,-0.00015017038294042788,5.578840853693581e-05,,0,,
2023-05-25,483.12056271428025,483.5536385385398,477.3555877491065,481.2823181152344,722900,397.00897216796875,114.0,,4.0,3.0,,-0.00020450859423116192,-5.954074648778794e-06,,1,,
2023-05-26,480.95512894533124,484.3621098173512,476.66267022602375,477.9427185058594,648800,402.1505126953125,112.0,,4.0,3.0,,-0.0002321342230300265,-4.134376278504572e-05,,0,,
2023-05-30,475.4019002077215,482.6778684381324,473.6887760343397,476.49908447265625,705400,402.3037109375,111.0,,4.0,3.0,,-0.0002453993134094562,-8.221438059580677e-05,,0,,
2023-05-31,477.24019013591726,485.7577020586696,476.7108653502407,483.0147705078125,1992700,400.0728759765625,111.0,,4.0,3.0,,-0.00022035204266949404,-0.0001121285016105757,,0,,
2023-06-01,484.0829917998848,499.12574615833546,483.9578712160726,495.7957763671875,786500,403.8739318847656,115.0,,4.0,3.0,,-0.00014552063327864602,-0.00015017038294042788,,0,,
2023-06-02,495.0354518988157,503.36049441125857,493.3030897480244,501.21429443359375,785200,409.71441650390625,114.0,,4.0,3.0,,-5.1531455556693665e-05,-0.00020450859423116192,,0,,
2023-06-05,502.87931684355414,507.8262212217718,501.55115872267754,504.2555847167969,562400,408.9293212890625,113.0,,4.0,3.0,,4.0542270510142375e-05,-0.0002321342230300265,,0,,
2023-06-06,503.7166067432643,503.99569028982893,487.4900220361495,491.9172058105469,1005400,409.81976318359375,116.0,,4.0,3.0,,3.993850253594448e-05,-0.0002453993134094562,,0,,
2023-06-07,489.2319894093589,492.18665631944356,483.1686926481504,485.728759765625,924200,408.40264892578125,115.0,,4.0,3.0,,1.4332454463489869e-05,-0.00022035204266949404,,0,,
2023-06-08,482.7451855688795,490.9547110252845,482.49494440882296,490.67559814453125,561400,410.87298583984375,115.0,,4.0,3.0,,-2.2970962852973925e-05,-0.00014552063327864602,,0,,
2023-06-09,490.83923038208025,500.1459107142939,488.4716611417723,494.05377197265625,661200,411.6101379394531,113.0,,4.0,3.0,,-1.9522079504804538e-05,-5.1531455556693665e-05,,0,,
2023-06-12,494.2462574301982,497.3067776348718,489.41486963468776,493.9479064941406,486900,415.34423828125,112.0,,4.0,3.0,,-1.0108044206430092e-05,4.0542270510142375e-05,,0,,
2023-06-13,489.8383524625318,496.40216132029104,489.8383524625318,493.3704833984375,792600,418.08258056640625,110.0,,4.0,3.0,,-1.7512349833718564e-05,3.993850253594448e-05,,0,,
2023-06-14,439.3396202982946,442.71775868174797,418.6570109273051,437.9056091308594,6917300,418.5804138183594,195.0,,4.0,4.0,,-9.15267171793748e-05,1.4332454463489869e-05,,1,,
2023-06-15,439.1278909473867,451.90895916610265,437.22229849490316,446.4231262207031,2885900,423.7698974609375,194.0,,4.0,4.0,,-0.00015695727856868783,-2.2970962852973925e-05,,0,,
2023-06-16,434.6525987051684,443.57434292125424,427.0782798830026,428.9068908691406,5301400,422.326416015625,199.0,,4.0,4.0,,-0.00023765547642971147,-1.9522079504804538e-05,,0,,
2023-06-20,425.5961283316701,431.6979305233497,422.62222339198746,429.92706298828125,2218600,420.1353454589844,196.0,,4.0,4.0,,-0.0002570012201806326,-1.0108044206430092e-05,,0,,
2023-06-21,427.001284533074,440.24429991892555,426.81842050330084,435.7016296386719,1586800,417.9826354980469,194.0,,4.0,4.0,,-0.0002783299160504195,-1.7512349833718564e-05,,0,,
2023-06-22,438.5792847141186,441.29331450923956,435.03752062230274,439.2914733886719,1190400,419.4914245605469,191.0,,4.0,4.0,,-0.00027162788827003715,-9.15267171793748e-05,,0,,
2023-06-23,434.556329797157,437.9055963604735,428.6277581988302,429.19561767578125,1986000,416.3200988769531,191.0,,4.0,4.0,,-0.00027247888671687147,-0.00015695727856868783,,0,,
2023-06-26,429.24375703933,431.79419052869827,425.8944902449138,429.62872314453125,998100,414.619140625,188.0,,4.0,4.0,,-0.00027916024156623975,-0.00023765547642971147,,0,,
2023-06-27,428.74330703446446,430.2639334404919,424.74919922338796,429.1667785644531,1025500,419.16473388671875,185.0,,4.0,4.0,,-0.00028440068078231586,-0.0002570012201806326,,0,,
2023-06-28,427.8482270847968,430.4756714498757,425.6346499246133,428.1177062988281,820000,419.3761901855469,183.0,,4.0,4.0,,-0.0002720338920796344,-0.0002783299160504195,,0,,
2023-06-29,430.22485681542696,430.35985031955414,427.1775116286258,428.0357666015625,769100,421.029052734375,180.0,,4.0,4.0,,-0.0002568011313192389,-0.00027162788827003715,,0,,
2023-06-30,428.9036770770652,433.1178755963031,425.6055920365932,431.1891784667969,1295800,425.99749755859375,178.0,,4.0,4.0,,-0.0002486980689894314,-0.00027247888671687147,,0,,
2023-07-03,428.17074170634345,431.671331533081,426.84958894629784,430.35980224609375,569700,426.48760986328125,175.0,,4.0,4.0,,-0.00023737079025315703,-0.00027916024156623975,,0,,
2023-07-05,431.97995070032783,434.7476263682545,428.3829199645836,429.1254577636719,1346500,425.85333251953125,172.0,,4.0,4.0,,-0.00023134617785030762,-0.00028440068078231586,,0,,
2023-07-06,426.47350211857827,429.154389965613,424.8823328642215,425.26806640625,1358700,422.51861572265625,170.0,,4.0,4.0,,-0.00024130157089111018,-0.0002720338920796344,,0,,
2023-07-07,421.1117504581692,422.86687201858723,414.313104424459,414.804931640625,2189400,421.4518127441406,171.0,,4.0,4.0,,-0.00027325653431207493,-0.0002568011313192389,,1,,
2023-07-10,415.30632487946195,420.8609816079479,411.9793108119666,419.2023010253906,1578500,422.51861572265625,169.0,,4.0,4.0,,-0.00029380995574745906,-0.0002486980689894314,,0,,
2023-07-11,419.0672757843698,422.8571582718165,417.9293516338192,421.6324462890625,1215900,425.2095031738281,167.0,,4.0,4.0,,-0.0002896323465625802,-0.00023737079025315703,,0,,
2023-07-12,424.3615927946324,424.3615927946324,408.8548801410388,409.92529296875,3183700,428.6306457519531,169.0,,4.0,4.0,,-0.0002853322628546177,-0.00023134617785030762,,0,,
2023-07-13,412.2203898080715,412.9340276898246,408.1990731583746,409.1634216308594,2387500,432.0326232910156,166.0,,4.0,4.0,,-0.0002982718393365643,-0.00024130157089111018,,0,,
2023-07-14,420.26305072433524,424.19760895566714,417.65932751760477,419.424072265625,3255400,431.7635498046875,167.0,,4.0,4.0,,-0.0003104324696751466,-0.00027325653431207493,,0,,
2023-07-17,417.8811250726156,422.32678698777096,416.598554508907,418.9226379394531,1188600,433.26275634765625,165.0,,4.0,4.0,,-0.00031736557384943754,-0.00029380995574745906,,0,,
2023-07-18,419.1637614998035,428.14184451488524,417.3315050654246,425.0173645019531,2232700,436.482177734375,164.0,,4.0,4.0,,-0.0003138661514872285,-0.0002896323465625802,,0,,
2023-07-19,437.88172500906694,442.6359559918056,429.07721860489795,431.31451416015625,2068600,437.4527893066406,162.0,,4.0,4.0,,-0.00031315839944099727,-0.0002853322628546177,,0,,
2023-07-20,435.4033493282156,435.87587067746256,429.87762180853736,431.45916748046875,1897700,434.5505065917969,160.0,,4.0,4.0,,-0.0002965884122174676,-0.0002982718393365643,,0,,
2023-07-21,432.82852037445025,442.1345068585852,431.4109269151435,440.6011962890625,3147100,434.5505065917969,160.0,4.0,1.0,4.0,11.0,-0.00024772504758921395,-0.0003104324696751466,,0,2.0,1.0
2023-07-24,440.65910395599803,442.7420710311951,436.27130017408115,437.27423095703125,1440900,436.4918212890625,158.0,4.0,1.0,3.0,9.0,-0.00021733831591520402,-0.00031736557384943754,,0,2.0,1.0
2023-07-25,437.17777180321553,440.7458732400651,434.80548259054166,438.1421203613281,1549500,437.68341064453125,156.0,4.0,1.0,3.0,9.0,-0.0002185091049207122,-0.0003138661514872285,,0,2.0,1.0
2023-07-26,438.07463259697334,440.1962113114216,431.5942087587124,432.2306823730469,1226300,437.75067138671875,155.0,4.0,1.0,3.0,9.0,-0.0002666966829476809,-0.00031315839944099727,,0,2.0,1.0
2023-07-27,432.7996553632652,441.0737831272978,432.38499251355785,434.9212341308594,1811800,434.8484191894531,153.0,4.0,1.0,3.0,9.0,-0.00027807570290276255,-0.0002965884122174676,,0,2.0,1.0
2023-07-28,437.06208625020275,439.46330491585604,429.82947154200883,437.13922119140625,1504200,439.105712890625,151.0,4.0,1.0,3.0,9.0,-0.00020010019354430993,-0.00024772504758921395,,0,2.0,1.0
2023-07-31,438.81717224646763,441.8934464740316,435.4226465169724,440.5433349609375,1151200,439.9417724609375,149.0,4.0,1.0,3.0,9.0,-0.0001223411413905388,-0.00021733831591520402,,0,2.0,1.0
2023-08-01,441.8934259847926,444.72861294349974,438.8750104557922,441.7776794433594,1532600,438.682861328125,147.0,4.0,1.0,3.0,9.0,-4.078464759692795e-05,-0.0002185091049207122,,0,2.0,1.0
2023-08-02,466.8604664031849,471.3639875734961,461.1226095605728,466.503662109375,3297700,432.5804138183594,162.0,4.0,1.0,3.0,9.0,1.0609898052829148e-05,-0.0002666966829476809,,0,2.0,1.0
2023-08-03,465.96356722287345,474.2955231946911,463.620207364823,469.7823791503906,1871300,431.3406982421875,160.0,4.0,1.0,3.0,9.0,7.588012967651215e-05,-0.00027807570290276255,,0,2.0,1.0
2023-08-04,472.0100586875357,474.02554373498936,466.90867577017127,467.0147399902344,1425500,429.3898010253906,158.0,4.0,1.0,3.0,9.0,9.684415628119232e-05,-0.00020010019354430993,,0,2.0,1.0
2023-08-07,468.61555844925437,480.235947243218,467.45832836381464,477.0343322753906,1643500,433.1377868652344,158.0,4.0,1.0,3.0,9.0,0.00011274116357473515,-0.0001223411413905388,,0,2.0,1.0
2023-08-08,475.4816870307422,478.5001026585833,471.884656395111,475.635986328125,976600,431.25421142578125,156.0,4.0,1.0,3.0,9.0,0.00012489299329643903,-4.078464759692795e-05,,0,2.0,1.0
2023-08-09,475.89631689101475,480.72771214163896,473.2058058498705,475.7902526855469,876000,428.3712158203125,154.0,4.0,1.0,3.0,9.0,0.00015702764545830116,1.0609898052829148e-05,,0,2.0,1.0
2023-08-10,476.638870984742,482.5213729449845,476.0313267567536,477.38140869140625,746900,428.52496337890625,152.0,4.0,1.0,3.0,9.0,0.0001564512997162901,7.588012967651215e-05,,0,2.0,1.0
2023-08-11,478.2589873203612,479.4162172676967,475.38521825654544,476.3013610839844,657800,428.275146484375,149.0,4.0,1.0,3.0,9.0,0.00015171107657987377,9.684415628119232e-05,,0,2.0,1.0
2023-08-14,476.90890963016085,481.36419493724316,476.0602782517489,479.48370361328125,632800,430.6391906738281,147.0,4.0,1.0,3.0,9.0,0.00015247576407594033,0.00011274116357473515,,0,2.0,1.0
2023-08-15,478.26865591361695,479.0690522289176,474.80661886028975,477.6514587402344,889900,425.6227111816406,145.0,4.0,1.0,3.0,9.0,0.00015170592229966231,0.00012489299329643903,,0,2.0,1.0
2023-08-16,478.0951015555668,481.3449811041526,474.90310999901277,477.0246887207031,817700,422.4994201660156,143.0,4.0,1.0,3.0,9.0,0.00015257720272086046,0.00015702764545830116,,0,2.0,1.0
2023-08-17,475.39490933659255,478.0757971479545,469.8402522306295,471.3157043457031,1128500,419.280029296875,142.0,4.0,1.0,3.0,9.0,0.00014099367213536102,0.0001564512997162901,,0,2.0,1.0
2023-08-18,471.0843188168597,475.3660292071464,470.1681758211237,472.9069519042969,706600,419.48187255859375,140.0,4.0,1.0,3.0,9.0,0.000154006500453933,0.00015171107657987377,,0,2.0,1.0
2023-08-21,470.3899775205183,474.43060066856947,469.87887391950295,473.76519775390625,747700,422.2110900878906,138.0,4.0,1.0,1.0,7.0,0.0001797491079250982,0.00015247576407594033,,0,2.0,1.0
2023-08-22,470.92995799735576,475.11522708946046,466.0310804099281,466.92791748046875,725700,421.06744384765625,137.0,4.0,1.0,1.0,7.0,0.00018823856711679715,0.00015170592229966231,,0,2.0,1.0
2023-08-23,468.28770418869004,468.40342131643985,462.0965729878115,464.266357421875,725200,425.7572326660156,135.0,4.0,1.0,1.0,7.0,0.00018745862639393864,0.00015257720272086046,,0,2.0,1.0
2023-08-24,464.30493604207595,469.57027132135175,463.03198878743376,465.423583984375,830700,419.85662841796875,133.0,4.0,1.0,1.0,7.0,0.00017915073746460337,0.00014099367213536102,,0,2.0,1.0
2023-08-25,465.9538793001811,468.14296912738104,461.48894124598297,461.86505126953125,579200,422.8165283203125,132.0,4.0,1.0,1.0,7.0,0.00016737356859140642,0.000154006500453933,,0,2.0,1.0
2023-08-28,462.11585228904727,464.8931514844945,460.9972044023221,463.5045166015625,491900,425.4978332519531,130.0,4.0,1.0,1.0,7.0,0.00015395160634030752,0.0001797491079250982,,0,2.0,1.0
2023-08-29,463.1862345599455,465.1727901536615,460.37035336653,464.14093017578125,513400,431.64825439453125,128.0,4.0,1.0,1.0,7.0,0.0001413509505487296,0.00018823856711679715,,0,2.0,1.0
2023-08-30,464.5363453689664,466.71578257318623,457.6798411040974,458.3163146972656,1107900,433.4261474609375,127.0,4.0,4.0,1.0,8.0,0.0001325663996979066,0.00018745862639393864,,0,4.0,1.0
2023-08-31,460.16784990919774,460.16784990919774,444.83471332087083,445.1722412109375,1541100,432.7918701171875,132.0,4.0,4.0,1.0,8.0,8.578361713038579e-05,0.00017915073746460337,,0,4.0,2.0
2023-09-01,447.4577238011013,449.9843122741761,439.75258836259593,444.1885681152344,991300,433.5990905761719,130.0,4.0,4.0,1.0,8.0,1.985603446032348e-05,0.00016737356859140642,,0,4.0,3.0
2023-09-05,444.51652276350353,457.0144730489861,443.0217646956491,453.4560241699219,1159500,431.72509765625,131.0,4.0,4.0,1.0,8.0,1.3074780403435743e-06,0.00015395160634030752,,0,4.0,4.0
2023-09-06,452.655555562372,454.1502839623075,445.413288925567,448.48956298828125,956500,428.8228759765625,130.0,4.0,4.0,1.0,8.0,-2.9454645242342826e-06,0.0001413509505487296,,0,4.0,5.0
2023-09-07,450.5821967257369,458.03662144051066,449.03926262487437,455.1532287597656,829600,427.5063171386719,129.0,4.0,4.0,1.0,8.0,2.407807422949478e-05,0.0001325663996979066,,0,4.0,6.0
2023-09-08,455.12433130188896,455.12433130188896,448.04598671469216,451.0547790527344,909700,428.150146484375,128.0,4.0,4.0,1.0,8.0,9.286527920751457e-06,8.578361713038579e-05,,0,4.0,7.0
2023-09-11,452.10589879134534,456.06935724524703,448.49921516619304,450.52435302734375,757800,430.9659423828125,126.0,4.0,4.0,1.0,8.0,6.274941358062954e-06,1.985603446032348e-05,,0,4.0,8.0
2023-09-12,449.08745173300025,455.5485984032345,443.96676359326,452.3469543457031,808600,428.601806640625,124.0,4.0,4.0,1.0,8.0,-1.901932897969642e-05,1.3074780403435743e-06,,0,4.0,9.0
2023-09-13,454.237069623598,462.70404821762014,444.51644976011346,455.6546630859375,1605900,429.1015625,123.0,4.0,4.0,1.0,8.0,-1.7473135469372313e-05,-2.9454645242342826e-06,,0,4.0,10.0
2023-09-14,459.31922354983755,461.392596570602,451.42120621061997,454.75787353515625,656900,432.8014221191406,121.0,4.0,4.0,1.0,8.0,-3.564413900761521e-05,2.407807422949478e-05,,0,4.0,11.0
2023-09-15,453.66816706463123,458.05594151299925,452.33736126053986,453.98638916015625,1183000,427.5869140625,119.0,4.0,4.0,1.0,8.0,-6.49318348557889e-05,9.286527920751457e-06,,0,4.0,12.0
2023-09-18,457.7280582442624,457.7280582442624,452.07698956038604,457.1205139160156,649900,427.8376770019531,118.0,4.0,4.0,1.0,8.0,-0.00010408229532233474,6.274941358062954e-06,,0,4.0,13.0
2023-09-19,456.9854895588614,460.76571934446525,454.0827910441577,456.9083251953125,782800,426.9504089355469,116.0,4.0,4.0,1.0,8.0,-0.00010147315336293311,-1.901932897969642e-05,,0,4.0,14.0
2023-09-20,458.8080766090633,468.73123094373227,454.6806661940236,467.4872131347656,1035000,423.0253601074219,119.0,4.0,1.0,1.0,7.0,-5.476595174527699e-05,-1.7473135469372313e-05,,0,2.0,15.0
2023-09-21,469.24232997976065,481.0266697489992,468.70229717769905,476.4460144042969,2111600,416.03338623046875,120.0,4.0,1.0,1.0,7.0,5.627826114206205e-06,-3.564413900761521e-05,,0,2.0,16.0
2023-09-22,476.12779235041717,481.25810397000265,472.9550775661197,476.4460144042969,946200,415.09796142578125,118.0,4.0,1.0,1.0,7.0,4.668839382754317e-05,-6.49318348557889e-05,,0,2.0,17.0
2023-09-25,477.67076542248856,483.82331402319323,475.433499100982,483.2061462402344,679200,416.8435363769531,118.0,4.0,1.0,1.0,7.0,5.1205894110058834e-05,-0.00010408229532233474,,0,2.0,18.0
2023-09-26,482.47321356696966,482.93611145877935,474.9995124149032,475.423828125,756700,410.7195129394531,118.0,4.0,1.0,1.0,7.0,2.504746309290066e-05,-0.00010147315336293311,,0,2.0,19.0
2023-09-27,475.33703718120273,476.88000071423403,470.91068096259147,475.9735107421875,677900,410.8834228515625,116.0,4.0,1.0,1.0,7.0,-1.4993015820142014e-05,-5.476595174527699e-05,,0,2.0,20.0
2023-09-28,478.77998774147767,484.7986818347898,473.4665432570519,478.4128723144531,814300,413.265625,115.0,4.0,1.0,1.0,7.0,-3.9294536320727914e-05,5.627826114206205e-06,,0,2.0,21.0
2023-09-29,477.8235888491738,478.6157822129135,469.9500359080887,470.01763916015625,1005000,412.26263427734375,116.0,4.0,1.0,1.0,7.0,-6.675035329921777e-05,4.668839382754317e-05,,0,2.0,22.0
2023-10-02,469.74713283336337,477.1859670092429,463.0908512527831,475.0605773925781,1001000,412.0986022949219,115.0,4.0,1.0,1.0,7.0,-7.812409411735811e-05,5.1205894110058834e-05,,0,2.0,23.0
2023-10-03,472.4231706778333,474.7804101347174,468.7424052722983,471.87249755859375,625500,406.58221435546875,114.0,4.0,1.0,1.0,7.0,-0.00010117658560785086,2.504746309290066e-05,,0,2.0,24.0
2023-10-04,471.99810808810406,473.0608028748518,466.10500925472724,469.302734375,1140200,409.5429992675781,112.0,4.0,1.0,1.0,7.0,-0.00011092339053767664,-1.4993015820142014e-05,,0,2.0,25.0
2023-10-05,470.13353967320637,473.0800741009278,467.8245925814789,472.3941650390625,850000,409.38873291015625,111.0,4.0,1.0,1.0,7.0,-9.747708053722887e-05,-3.9294536320727914e-05,,0,2.0,26.0
2023-10-06,472.89655783634373,486.04490354616394,472.41351742997364,481.2724914550781,803800,414.249267578125,112.0,4.0,1.0,1.0,7.0,-4.7897724240468465e-05,-6.675035329921777e-05,,0,2.0,27.0
2023-10-09,481.45603872949573,485.93866802949384,478.21002122186775,484.5281982421875,716200,416.9013671875,111.0,4.0,1.0,1.0,7.0,2.2988808584065373e-05,-7.812409411735811e-05,,0,2.0,28.0
2023-10-10,484.5281650939711,486.44098617922936,481.513997762398,483.42681884765625,1014900,419.0712585449219,109.0,4.0,1.0,1.0,7.0,8.947946723633078e-05,-0.00010117658560785086,,0,2.0,29.0
2023-10-11,477.2439381862891,480.605910145898,470.0949458184496,476.6836242675781,1587300,420.7878723144531,109.0,4.0,1.0,1.0,7.0,0.00011280813752853769,-0.00011092339053767664,,1,2.0,30.0
2023-10-12,476.6642605783076,485.938642150026,472.5294359357325,482.8568420410156,1167500,418.2225646972656,109.0,4.0,1.0,1.0,7.0,0.0001408974395328386,-9.747708053722887e-05,,0,2.0,31.0
2023-10-13,490.527514449211,497.20310667274174,483.1563134045998,488.8078918457031,1533300,416.1395263671875,109.0,1.0,1.0,1.0,1.0,0.0001660715081263336,-4.7897724240468465e-05,,0,1.0,1.0
2023-10-16,497.53166443834,507.96532638503805,495.5318698957806,506.4292907714844,1482900,420.5178527832031,118.0,1.0,1.0,1.0,1.0,0.00024550607554588226,2.2988808584065373e-05,,0,1.0,2.0
2023-10-17,507.9749728420193,512.5445164248965,501.97558949526797,502.2364501953125,714100,420.49859619140625,116.0,1.0,1.0,1.0,1.0,0.00027676330745241413,8.947946723633078e-05,,0,1.0,3.0
2023-10-18,508.7380590684863,511.88749149841186,502.9415750276077,503.99462890625,1047200,414.8954162597656,115.0,1.0,1.0,1.0,1.0,0.00027954388256842664,0.00011280813752853769,,0,1.0,4.0
2023-10-19,503.3183842837325,507.17303691759605,500.28487667494363,504.98968505859375,836000,411.24993896484375,113.0,1.0,1.0,1.0,1.0,0.00023329894557058773,0.0001408974395328386,,0,1.0,5.0
2023-10-20,507.1731308801,509.25022839641883,501.87902642869574,503.47308349609375,1008700,406.1965026855469,111.0,1.0,1.0,1.0,1.0,0.00021144092225007535,0.0001660715081263336,,0,1.0,6.0
2023-10-23,502.23640905756355,503.1251868626512,495.7636560556468,497.99530029296875,568900,405.49249267578125,111.0,1.0,1.0,1.0,1.0,0.00018899990381340362,0.00024550607554588226,,0,1.0,7.0
2023-10-24,500.3042465598366,506.641734089393,498.3624147664318,498.8357849121094,545600,408.5496826171875,109.0,1.0,1.0,1.0,1.0,0.0001793483560390385,0.00027676330745241413,,0,1.0,8.0
2023-10-25,501.0964899861256,507.04752221463303,495.5994874644253,505.0381164550781,733800,402.6860656738281,109.0,1.0,1.0,1.0,1.0,0.0001881388157896898,0.00027954388256842664,,0,1.0,9.0
2023-10-26,501.222061477055,503.46337607030677,494.96187659014436,495.9569091796875,688200,397.864013671875,110.0,1.0,1.0,1.0,1.0,0.00017826018154496414,0.00023329894557058773,,0,1.0,10.0
2023-10-27,493.24221080374656,498.5942772074558,491.10718049120226,492.884765625,758600,396.06060791015625,109.0,1.0,1.0,1.0,1.0,0.00015742109418021214,0.00021144092225007535,,0,1.0,11.0
2023-10-30,494.03446913563937,502.8354522284844,491.51298258545256,500.4009094238281,1093800,400.79583740234375,109.0,1.0,1.0,1.0,1.0,0.00013953272044182227,0.00018899990381340362,,0,1.0,12.0
2023-10-31,502.9416337908428,507.6657829876964,500.86459547911295,505.9268493652344,1282800,403.3128967285156,109.0,1.0,1.0,1.0,1.0,0.00017042095523093614,0.0001793483560390385,,0,1.0,13.0
2023-11-01,483.3688694220197,498.49769845967796,472.15268535825135,472.76129150390625,2752700,407.6141662597656,141.0,1.0,4.0,4.0,6.0,0.00011271806507702476,0.0001881388157896898,,1,2.0,14.0
2023-11-02,468.05650589619887,471.4474591453366,455.79693743810645,465.0713195800781,2604500,415.42584228515625,141.0,1.0,4.0,4.0,6.0,1.2779220276878568e-05,0.00017826018154496414,,1,2.0,15.0
2023-11-03,462.23099963044075,467.3995376762999,458.9463308899471,460.8302001953125,1453000,419.2159118652344,139.0,1.0,4.0,4.0,6.0,-0.00011267235946267693,0.00015742109418021214,,0,2.0,16.0
2023-11-06,461.78664298122004,473.5245193278724,457.680799398228,470.7808532714844,1546400,420.1803283691406,140.0,1.0,4.0,4.0,6.0,-0.0001235623763499693,0.00013953272044182227,,0,2.0,17.0
2023-11-07,474.1428431579137,486.5569883573667,474.1235026715544,481.28216552734375,1845900,421.37615966796875,142.0,1.0,4.0,4.0,6.0,-8.502724749815696e-05,0.00017042095523093614,,0,2.0,18.0
2023-11-08,482.7022530892768,485.9869218261342,471.1092837951125,471.6986083984375,911400,421.684814453125,142.0,1.0,4.0,4.0,6.0,-5.598207378259586e-05,0.00011271806507702476,,0,2.0,19.0
2023-11-09,471.7179591238145,481.30149418629986,470.3461113362052,478.3839111328125,1056400,418.3962097167969,141.0,1.0,4.0,4.0,6.0,-3.26589793070369e-05,1.2779220276878568e-05,,0,2.0,20.0
2023-11-10,479.7267243377291,480.26772719827017,472.36519375166796,476.3840637207031,691800,424.9251403808594,139.0,1.0,4.0,4.0,6.0,-3.131153106321654e-05,-0.00011267235946267693,,0,2.0,21.0
2023-11-13,476.30683055402386,481.49467989522213,475.95905560671207,480.2870788574219,550500,424.5201416015625,138.0,1.0,4.0,4.0,6.0,-3.7368675824686706e-06,-0.0001235623763499693,,0,2.0,22.0
2023-11-14,474.3264078226138,488.23796679599366,473.55352541815154,484.92431640625,1121100,432.756103515625,136.0,1.0,4.0,4.0,6.0,2.4653591658484202e-05,-8.502724749815696e-05,,0,2.0,23.0
2023-11-15,483.17566622264644,491.95733717054895,478.7220183967777,489.60009765625,1107300,433.6723327636719,135.0,1.0,4.0,4.0,6.0,6.541322399602783e-05,-5.598207378259586e-05,,0,2.0,24.0
2023-11-16,489.880243546512,502.362020568293,489.880243546512,495.5124816894531,1053800,434.2026672363281,134.0,1.0,4.0,4.0,6.0,0.0001098326985847525,-3.26589793070369e-05,,0,2.0,25.0
2023-11-17,496.24668510874096,496.24668510874096,479.2147061565469,481.1951599121094,1499600,434.7427673339844,138.0,1.0,4.0,4.0,6.0,0.00010408210509629263,-3.131153106321654e-05,,0,2.0,26.0
2023-11-20,480.6832120371327,485.5522680463678,477.9492160522196,484.7697448730469,1066000,438.08929443359375,136.0,1.0,4.0,4.0,6.0,7.661601771172929e-05,-3.7368675824686706e-06,,0,2.0,27.0
2023-11-21,485.3687258115068,491.628940880381,483.3979124501566,489.87066650390625,708500,437.1344909667969,135.0,1.0,4.0,4.0,6.0,3.443750130087473e-05,2.4653591658484202e-05,,0,2.0,28.0
2023-11-22,493.32918452941885,499.29958664200734,489.8029952921484,498.11126708984375,892100,438.82220458984375,135.0,1.0,4.0,4.0,6.0,4.8109324319345e-05,6.541322399602783e-05,,0,2.0,29.0
2023-11-24,501.39589004910044,503.12515329801823,497.00023459790947,500.6809997558594,312000,439.09228515625,133.0,1.0,1.0,4.0,5.0,6.122059508252435e-05,0.0001098326985847525,,0,2.0,30.0
2023-11-27,502.6615281155109,509.29849888285173,493.1166445355563,493.38714599609375,986300,438.30145263671875,133.0,1.0,1.0,4.0,5.0,6.369492910244573e-05,0.00010408210509629263,,0,2.0,31.0
2023-11-28,494.47882339142154,497.9084281307479,493.0586833492249,493.135986328125,718100,438.73541259765625,131.0,1.0,1.0,4.0,5.0,3.7024814811250315e-05,7.661601771172929e-05,,0,2.0,32.0
2023-11-29,479.18576332850415,508.61254775910317,464.06657470869015,466.04705810546875,5041800,438.42681884765625,150.0,1.0,4.0,4.0,6.0,-3.3856666262587394e-05,3.443750130087473e-05,,0,2.0,33.0
2023-11-30,467.5058515668494,472.9738431591722,461.87358377752867,468.4139404296875,4128300,440.1530456542969,148.0,1.0,4.0,4.0,6.0,-9.489937557238496e-05,4.8109324319345e-05,,0,2.0,34.0
2023-12-01,466.6460150592757,487.6679430356776,464.19216153320133,478.4128723144531,2178500,442.7569885253906,148.0,1.0,4.0,4.0,6.0,-0.00012683946425521623,6.122059508252435e-05,,0,2.0,35.0
2023-12-04,479.17608421357687,481.8521174572985,470.21085543016915,475.2924499511719,1119400,440.4327697753906,147.0,1.0,4.0,4.0,6.0,-0.00011364626666267964,6.369492910244573e-05,,0,2.0,36.0
2023-12-05,475.85276226070243,485.6778170881403,471.7276078083519,483.3785400390625,1197100,440.345947265625,146.0,1.0,4.0,4.0,6.0,-3.096270436205414e-05,3.7024814811250315e-05,,0,2.0,37.0
2023-12-06,480.3933617443771,481.2724988353458,466.82957867041983,467.389892578125,1734100,438.57147216796875,151.0,1.0,4.0,4.0,6.0,-4.752381006533856e-06,-3.3856666262587394e-05,,0,2.0,38.0
2023-12-07,468.2014226595171,468.8873317864901,456.11574216943427,464.00860595703125,2022600,441.91796875,149.0,1.0,4.0,4.0,6.0,3.349082491702096e-05,-9.489937557238496e-05,,0,2.0,39.0
2023-12-08,466.317557556621,466.317557556621,458.94635611656196,465.2838439941406,1083100,443.81781005859375,147.0,1.0,4.0,4.0,6.0,1.1154376910619301e-05,-0.00012683946425521623,,0,2.0,40.0
2023-12-11,466.25958139039176,466.61702656933005,451.5268491850454,460.4437561035156,2389600,445.5440979003906,146.0,1.0,4.0,4.0,6.0,1.4808456294385622e-05,-0.00011364626666267964,,0,2.0,41.0
2023-12-12,463.71881832878364,467.4092543337712,461.593428618464,465.593017578125,1645700,447.5790100097656,144.0,1.0,4.0,4.0,6.0,1.0368953490469271e-05,-3.096270436205414e-05,,0,2.0,42.0
2023-12-13,465.5930020454106,472.30727567144635,463.8250575993416,471.5343933105469,1036100,453.751220703125,143.0,1.0,4.0,4.0,6.0,1.7140318128011834e-05,-4.752381006533856e-06,,0,2.0,43.0
2023-12-14,469.51527947934363,469.51527947934363,450.8409501628637,453.14019775390625,2396000,455.2074279785156,151.0,4.0,4.0,4.0,12.0,2.5809122862592234e-05,3.349082491702096e-05,,0,4.0,1.0
2023-12-15,451.7007156926653,452.02917961164894,443.68225721482145,445.8076171875,2763000,454.4578857421875,150.0,4.0,4.0,4.0,12.0,2.844064366647859e-05,1.1154376910619301e-05,,0,4.0,2.0
2023-12-18,445.4985430667201,446.39699119302105,440.43625929936104,444.4261779785156,1803600,457.0142822265625,148.0,4.0,4.0,4.0,12.0,1.3632665514089835e-05,1.4808456294385622e-05,,0,4.0,3.0
2023-12-19,442.47466537826995,448.01028935258347,441.0158739730237,447.855712890625,1331400,459.79327392578125,146.0,4.0,4.0,4.0,12.0,7.479950948958403e-06,1.0368953490469271e-05,,0,4.0,4.0
2023-12-20,446.5321558428898,446.5321558428898,436.2627131984331,436.5622253417969,1928000,453.4217834472656,148.0,4.0,4.0,4.0,12.0,-2.5508290833318776e-05,1.7140318128011834e-05,,0,4.0,5.0
2023-12-21,437.21916819332404,439.51844507495326,435.7700470812833,438.5426940917969,1554600,457.72119140625,146.0,4.0,4.0,4.0,12.0,-4.934623904722779e-05,2.5809122862592234e-05,,0,4.0,6.0
2023-12-22,439.450828453402,439.8469251097703,436.22412219689045,437.82781982421875,1054100,458.6410217285156,144.0,4.0,4.0,4.0,12.0,-7.674376933789887e-05,2.844064366647859e-05,,0,4.0,7.0
2023-12-26,436.55260833647947,438.1756170482473,434.50452170270864,437.4703674316406,912700,460.5776672363281,142.0,4.0,4.0,4.0,12.0,-6.602058860175475e-05,1.3632665514089835e-05,,0,4.0,8.0
2023-12-27,437.19983129589144,437.63457942604754,433.6833126993658,436.1081848144531,1517200,461.410400390625,140.0,4.0,4.0,4.0,12.0,-5.9796981661679877e-05,7.479950948958403e-06,,0,4.0,9.0
2023-12-28,436.2678818778758,444.50535807227334,435.5902851736851,441.0206298828125,1035000,461.5846862792969,139.0,4.0,4.0,4.0,12.0,-4.736489994503455e-05,-2.5508290833318776e-05,,0,4.0,10.0
2023-12-29,442.5113686774867,444.23436923876255,440.33341703619277,443.1502380371094,803900,460.2484436035156,137.0,4.0,4.0,4.0,12.0,-4.310214771156908e-05,-4.934623904722779e-05,,0,4.0,11.0
2024-01-02,445.0184492698372,456.45027358585247,443.47936691967647,455.0467224121094,1966900,457.6727294921875,140.0,4.0,4.0,4.0,12.0,-1.2615468919864813e-05,-7.674376933789887e-05,,0,4.0,12.0
2024-01-03,459.70266586328694,459.78978038209516,448.98713694448537,449.6453552246094,1307400,453.93499755859375,138.0,4.0,4.0,4.0,12.0,1.990447402459208e-05,-6.602058860175475e-05,,0,4.0,13.0
2024-01-04,454.0787306613571,456.27603127216946,451.24256068106456,451.6007080078125,951800,452.47283935546875,137.0,4.0,4.0,4.0,12.0,4.320992973733957e-05,-5.9796981661679877e-05,,0,4.0,14.0
2024-01-05,449.171085927304,449.86803166577556,439.20091866618645,443.59552001953125,1693100,453.09259033203125,137.0,4.0,4.0,4.0,12.0,1.3471959611522128e-05,-4.736489994503455e-05,,1,4.0,15.0
2024-01-08,444.282767146721,449.50984495725544,437.51657757908157,445.98638916015625,1584500,459.5609436035156,135.0,4.0,4.0,4.0,12.0,-2.833032646807981e-05,-4.310214771156908e-05,,0,4.0,16.0
2024-01-09,447.283508442485,447.283508442485,441.2820592498698,444.592529296875,1430300,458.86370849609375,133.0,4.0,4.0,4.0,12.0,-7.068201514360215e-05,-1.2615468919864813e-05,,0,4.0,17.0
2024-01-10,443.3922197051396,445.61855839058376,441.5530665032042,444.3795471191406,1151600,461.458740234375,131.0,4.0,4.0,4.0,12.0,-8.8207640698123e-05,1.990447402459208e-05,,0,4.0,18.0
2024-01-11,442.64690052081903,445.03780861895535,438.8427225309022,440.4205322265625,1162100,461.2555236816406,130.0,4.0,4.0,4.0,12.0,-0.00011292281487754883,4.320992973733957e-05,,0,4.0,19.0
2024-01-12,417.11167426732715,430.7408003560878,415.38867349056056,424.6618957519531,2743600,461.57501220703125,137.0,4.0,4.0,4.0,12.0,-0.00012847279960902821,1.3471959611522128e-05,,1,4.0,20.0
2024-01-16,427.3431528217923,427.3431528217923,419.67675021154196,424.7392883300781,1831300,459.88043212890625,135.0,4.0,4.0,4.0,12.0,-0.00015237223155433672,-2.833032646807981e-05,,0,4.0,21.0
2024-01-17,426.82040766168416,440.9432092905712,425.2909852126761,433.4220275878906,2529700,457.3241271972656,136.0,4.0,4.0,4.0,12.0,-0.00014363083906699842,-7.068201514360215e-05,,0,4.0,22.0
2024-01-18,379.8734731839343,402.41770002473385,377.99559258863917,398.78778076171875,9405300,461.3910217285156,175.0,4.0,4.0,4.0,12.0,-0.00017805727593468072,-8.8207640698123e-05,,1,4.0,23.0
2024-01-19,397.3552242532397,399.184718027836,388.1303891689995,388.6724548339844,3034000,467.1427917480469,176.0,4.0,4.0,4.0,12.0,-0.00023192014384754156,-0.00011292281487754883,,0,4.0,24.0
2024-01-22,387.1913927093494,398.53610169734765,384.28745726402923,396.5323791503906,2447800,468.1304931640625,176.0,4.0,4.0,4.0,12.0,-0.000283244758277309,-0.00012847279960902821,,0,4.0,25.0
2024-01-23,394.9642595343041,397.1325218849421,391.0633074264909,394.4705810546875,1615700,469.4957580566406,173.0,4.0,4.0,4.0,12.0,-0.00029062530960001194,-0.00015237223155433672,,0,4.0,26.0
2024-01-24,394.0349679010647,398.613486751981,388.1399830868014,389.5144958496094,2120400,470.009033203125,172.0,4.0,4.0,4.0,12.0,-0.0003074424710313762,-0.00014363083906699842,,0,4.0,27.0
2024-01-25,339.40228532553476,353.13790175972395,331.7165341445875,343.9808044433594,10864900,472.5653381347656,239.0,4.0,4.0,4.0,12.0,-0.0003627383486402707,-0.00017805727593468072,,1,4.0,28.0
2024-01-26,343.5549005656224,356.95171783656707,342.9160312882349,349.662841796875,4460500,471.96502685546875,237.0,4.0,4.0,4.0,12.0,-0.0004087739369412706,-0.00023192014384754156,,0,4.0,29.0
2024-01-29,351.3762170879422,355.9838044839394,346.633128054607,354.2220764160156,2854100,475.7026672363281,234.0,4.0,4.0,4.0,12.0,-0.0004265032659540728,-0.000283244758277309,,0,4.0,30.0
2024-01-30,358.5295516343289,365.8958534462966,354.17364861711116,364.7633056640625,3059400,475.3346862792969,234.0,4.0,4.0,4.0,12.0,-0.0004061771889288591,-0.00029062530960001194,,0,4.0,31.0
2024-01-31,367.8511478855877,371.1616470739105,363.4855853065242,365.95391845703125,2264300,467.5785827636719,230.0,4.0,4.0,4.0,12.0,-0.0003895676258775434,-0.0003074424710313762,,0,4.0,32.0
2024-02-01,363.05969119759783,367.3478287225119,358.15203327359524,363.7856750488281,3045500,473.6982727050781,227.0,4.0,4.0,4.0,12.0,-0.0003742187825468086,-0.0003627383486402707,,0,4.0,33.0
2024-02-02,366.26373706167163,370.5809132245769,362.23694265442936,366.738037109375,1784700,478.68511962890625,224.0,4.0,4.0,4.0,12.0,-0.0003752419358538555,-0.0004087739369412706,,0,4.0,34.0
2024-02-05,361.3560590110699,363.7856945496766,347.15583066239896,349.4595947265625,3401900,476.942138671875,230.0,4.0,4.0,4.0,12.0,-0.0003943556591748034,-0.0004265032659540728,,0,4.0,35.0
2024-02-06,349.87583829187287,356.62264957318524,347.5236281019938,354.6189270019531,2271400,478.3268737792969,228.0,4.0,4.0,4.0,12.0,-0.0004032406563390038,-0.0004061771889288591,,0,4.0,36.0
2024-02-07,356.8742857151144,359.9427903809613,353.9510014481826,356.767822265625,2309500,482.3162841796875,225.0,4.0,4.0,4.0,12.0,-0.0004115852133658852,-0.0003895676258775434,,0,4.0,37.0
2024-02-08,358.5682797149869,360.9882260395602,355.1803548605843,356.0224914550781,1579100,482.5293273925781,221.0,4.0,4.0,4.0,12.0,-0.0004038176888946708,-0.0003742187825468086,,0,4.0,38.0
2024-02-09,356.47741901609874,359.2748909620288,354.4059604599799,358.4230651855469,1122400,485.31805419921875,218.0,4.0,4.0,4.0,12.0,-0.0004000218386380925,-0.0003752419358538555,,0,4.0,39.0
2024-02-12,358.44243970080606,359.8072929800239,355.5288443978488,357.3196105957031,990300,485.10498046875,215.0,4.0,4.0,4.0,12.0,-0.000404468115915184,-0.0003943556591748034,,0,4.0,40.0
2024-02-13,357.9681506426327,361.3173482051388,352.6733067121957,352.808837890625,1255000,478.4236755371094,212.0,4.0,4.0,4.0,12.0,-0.00041360603978324507,-0.0004032406563390038,,0,4.0,41.0
2024-02-14,352.00540152125495,352.4603526313495,349.3338007520944,350.68896484375,1124700,482.7713928222656,209.0,4.0,4.0,4.0,12.0,-0.000432443986199043,-0.0004115852133658852,,1,4.0,42.0
2024-02-15,352.9830473994183,354.99642970472996,350.90189950864385,352.3248291015625,1245600,486.1024169921875,206.0,4.0,4.0,4.0,12.0,-0.0004443494015041143,-0.0004038176888946708,,0,4.0,43.0
2024-02-16,353.74769444481865,357.11624014577194,353.5637761978868,355.1706237792969,954700,483.68157958984375,204.0,4.0,4.0,4.0,12.0,-0.0004472237068412222,-0.0004000218386380925,,0,4.0,44.0
2024-02-20,354.66731230562004,357.40670797088694,353.3121483296876,355.3836364746094,1121000,481.0187683105469,201.0,4.0,4.0,4.0,12.0,-0.0004406292050296202,-0.000404468115915184,,0,4.0,45.0
2024-02-21,356.7678282276247,357.68739004075957,353.21533428031546,355.8288879394531,876700,481.4544982910156,198.0,4.0,4.0,4.0,12.0,-0.00043741930245824165,-0.00041360603978324507,,0,4.0,46.0
2024-02-22,355.2481142701272,357.5131804456984,351.25035828498943,356.29351806640625,1226200,491.4183654785156,195.0,4.0,4.0,4.0,12.0,-0.00043486795610732506,-0.000432443986199043,,0,4.0,47.0
2024-02-23,356.9710912696348,357.5809224190117,349.9725964482668,351.2890625,1371900,491.7572937011719,193.0,4.0,4.0,4.0,12.0,-0.00043223980313484406,-0.0004443494015041143,,0,4.0,48.0
2024-02-26,352.2376961398425,354.9673729475409,346.42982537735156,348.4238586425781,1217600,489.9562072753906,190.0,4.0,4.0,3.0,10.0,-0.0004292475429286128,-0.0004472237068412222,,0,4.0,49.0
2024-02-27,349.58543102336256,354.84154721358124,345.74255517853953,351.0858154296875,1454600,490.866455078125,188.0,4.0,4.0,3.0,10.0,-0.0004278477501569765,-0.0004406292050296202,,0,4.0,50.0
2024-02-28,348.46258166290295,349.7306311743421,339.28616410167075,339.91534423828125,2128500,490.2176818847656,190.0,4.0,4.0,3.0,10.0,-0.0004401183361208696,-0.00043741930245824165,,0,4.0,51.0
2024-02-29,340.4961252845094,342.1416710038738,335.23031990182454,339.10223388671875,2291600,491.9800109863281,187.0,4.0,4.0,3.0,10.0,-0.0004643975279632233,-0.00043486795610732506,,0,4.0,52.0
2024-03-01,338.8892853549603,340.8349020903896,335.17225138744686,340.7574768066406,1640000,496.59881591796875,185.0,4.0,4.0,3.0,10.0,-0.0004637986888994643,-0.00043223980313484406,,0,4.0,53.0
2024-03-04,339.760513597758,341.51255262943465,335.5014133524687,335.7240295410156,1792600,496.0662536621094,183.0,4.0,4.0,3.0,10.0,-0.00045252897956752383,-0.0004292475429286128,,0,4.0,54.0
2024-03-05,337.8245559025168,340.55426284219027,326.34434305322753,327.099365234375,2569500,491.1085510253906,184.0,4.0,4.0,3.0,10.0,-0.0004515285572131069,-0.0004278477501569765,,0,4.0,55.0
2024-03-06,326.6055995282009,331.1357314065426,325.74408456217486,328.22210693359375,1554600,493.5970764160156,181.0,4.0,4.0,3.0,10.0,-0.0004792722945623053,-0.0004401183361208696,,0,4.0,56.0
2024-03-07,327.9317507192182,331.19383349469655,323.8275313863148,329.80963134765625,1576300,498.4967041015625,179.0,4.0,4.0,3.0,10.0,-0.0005004517156041384,-0.0004643975279632233,,0,4.0,57.0
2024-03-08,329.6547968857876,333.40086942352286,327.6026869352199,328.4835510253906,1164300,495.50469970703125,176.0,4.0,4.0,3.0,10.0,-0.0004554512861159878,-0.0004637986888994643,,0,4.0,58.0
2024-03-11,327.7575062844843,338.01808367510154,327.7575062844843,335.8885192871094,1165000,495.07861328125,176.0,4.0,4.0,3.0,10.0,-0.0004011781165687111,-0.00045252897956752383,,0,4.0,59.0
2024-03-12,335.2399858775608,337.2146703181384,329.19980940092324,334.0977783203125,1315800,500.4043884277344,174.0,4.0,4.0,3.0,10.0,-0.0003608570917839811,-0.0004515285572131069,,0,4.0,60.0
2024-03-13,334.32040823389235,340.10890057067814,333.507309865057,334.14617919921875,1056000,499.61993408203125,171.0,4.0,4.0,3.0,10.0,-0.0003917070629275246,-0.0004792722945623053,,0,4.0,61.0
2024-03-14,333.8557634525576,338.2794320846561,332.03595922944044,337.718017578125,947500,498.6322937011719,169.0,4.0,4.0,3.0,10.0,-0.00043435304245823545,-0.0005004517156041384,,0,4.0,62.0
2024-03-15,335.68527240328876,338.0955294162137,333.4685933662156,337.001708984375,2469100,495.2084655761719,167.0,4.0,4.0,3.0,10.0,-0.0004690680440031976,-0.0004554512861159878,,0,4.0,63.0
2024-03-18,336.1015174232876,338.7344202931036,333.1491946258237,336.0724792480469,1008300,498.1515197753906,164.0,4.0,4.0,3.0,10.0,-0.0004876592762747412,-0.0004011781165687111,,0,4.0,64.0
2024-03-19,338.1148640255986,341.1736795019042,336.9823457707906,340.33154296875,1445800,500.9198303222656,163.0,4.0,4.0,3.0,10.0,-0.00046630223765717734,-0.0003608570917839811,,0,4.0,65.0
2024-03-20,338.32786483054304,340.8446150628578,336.207989363433,337.04046630859375,1464600,505.5529479980469,161.0,4.0,4.0,3.0,10.0,-0.00046090900761973293,-0.0003917070629275246,,0,4.0,66.0
2024-03-21,336.60482107566077,340.8445714676014,335.71429743281743,336.26605224609375,1460600,507.2236022949219,159.0,4.0,4.0,3.0,10.0,-0.00045043941748417024,-0.00043435304245823545,,0,4.0,67.0
2024-03-22,336.8759046787106,342.66442739178035,336.8759046787106,337.3792724609375,1116300,506.26202392578125,156.0,4.0,4.0,3.0,10.0,-0.0004679466220695445,-0.0004690680440031976,,0,4.0,68.0
2024-03-25,337.82445872820415,338.53109358872547,334.72691605839333,335.9756164550781,1004000,504.86334228515625,154.0,4.0,4.0,3.0,10.0,-0.00048122278276236177,-0.0004876592762747412,,0,4.0,69.0
2024-03-26,337.8245071969205,339.05382929631645,336.2273485294197,337.224365234375,1498400,503.93084716796875,152.0,4.0,4.0,3.0,10.0,-0.000479986220585779,-0.00046630223765717734,,0,4.0,70.0
2024-03-27,339.2476664037685,340.81009602634094,337.384431244936,339.1700439453125,1000300,508.165771484375,150.0,4.0,4.0,1.0,8.0,-0.00047445719337748526,-0.00046090900761973293,,0,4.0,71.0
2024-03-28,339.267173042154,340.56756423639325,335.6668346811695,336.4722900390625,1583000,508.06866455078125,148.0,4.0,4.0,1.0,8.0,-0.000462629304333275,-0.00045043941748417024,,0,4.0,72.0
2024-04-01,335.77353917234285,342.56664545617633,335.686202788279,341.0624694824219,1074400,507.18475341796875,147.0,4.0,4.0,1.0,8.0,-0.00045943791953656585,-0.0004679466220695445,,0,4.0,73.0
2024-04-02,306.16533187356197,310.6584918006627,290.3859344383622,295.3351745605469,9517500,503.9600830078125,244.0,4.0,4.0,4.0,12.0,-0.000480486358603976,-0.00048122278276236177,,1,4.0,74.0
2024-04-03,296.8102226547875,303.64215485034435,293.7533308087226,298.95489501953125,2835900,504.51361083984375,241.0,4.0,4.0,4.0,12.0,-0.0004912185553901322,-0.000479986220585779,,0,4.0,75.0
2024-04-04,299.9835520554116,305.14631965145446,298.9354858893987,300.8763732910156,1845600,498.35546875,237.0,4.0,4.0,4.0,12.0,-0.000494798040781318,-0.00047445719337748526,,0,4.0,76.0
2024-04-05,298.6152611231531,304.95225811630496,298.6152611231531,303.85565185546875,1238800,503.5617370605469,234.0,4.0,4.0,4.0,12.0,-0.00048768139916273277,-0.000462629304333275,,0,4.0,77.0
2024-04-08,302.6231528224353,309.37743252512854,301.53626064218474,307.6306457519531,1299700,503.84344482421875,231.0,4.0,4.0,4.0,12.0,-0.00048053700064700985,-0.00045943791953656585,,0,4.0,78.0
2024-04-09,307.14546831812834,310.1732482910156,306.46614579946475,310.1732482910156,850300,504.4262390136719,228.0,4.0,4.0,4.0,12.0,-0.0004842067768680254,-0.000480486358603976,,0,4.0,79.0
2024-04-10,307.4366257874393,311.82305131372107,306.07801020586476,309.7366027832031,1101200,499.3753662109375,225.0,4.0,4.0,4.0,12.0,-0.0004911534730175988,-0.0004912185553901322,,0,4.0,80.0
2024-04-11,311.2989331866167,311.2989331866167,306.1749915647058,306.941650390625,992400,503.14410400390625,222.0,4.0,4.0,4.0,12.0,-0.0005004330765135083,-0.000494798040781318,,0,4.0,81.0
2024-04-12,306.60200572199284,306.74756636373746,301.15780079599676,303.35101318359375,1467600,496.1991882324219,219.0,4.0,4.0,4.0,12.0,-0.0005113062085706691,-0.00048768139916273277,,0,4.0,82.0
2024-04-15,305.8548187043932,308.18387815429924,303.74894239875294,305.3404846191406,1184700,489.98272705078125,216.0,4.0,4.0,4.0,12.0,-0.0005185426215053172,-0.00048053700064700985,,0,4.0,83.0
2024-04-16,320.23671899757835,320.24643291192893,308.0091516152333,308.1352844238281,1683300,489.08905029296875,213.0,4.0,4.0,4.0,12.0,-0.0005156964527622093,-0.0004842067768680254,,0,4.0,84.0
2024-04-17,310.18296295575385,314.79257110120943,308.6981850956309,313.8997497558594,1958800,486.1945495605469,211.0,4.0,4.0,4.0,12.0,-0.0004892552746504556,-0.0004911534730175988,,0,4.0,85.0
2024-04-18,317.9173963398493,321.2168993526793,314.4820169788771,315.229248046875,1557400,485.194091796875,208.0,4.0,4.0,4.0,12.0,-0.00046650411445395154,-0.0005004330765135083,,0,4.0,86.0
2024-04-19,317.33508586572174,320.0038060067943,317.23803557383724,318.6257629394531,1143700,480.9591979980469,206.0,4.0,4.0,4.0,12.0,-0.0004461852309055386,-0.0005113062085706691,,0,4.0,87.0
2024-04-22,317.0827745912017,324.5358049390583,315.0351525381426,315.6853332519531,1591100,485.3883972167969,203.0,4.0,4.0,4.0,12.0,-0.0004426117968733649,-0.0005185426215053172,,0,4.0,88.0
2024-04-23,315.81154418877924,318.48026485394666,310.9981508450626,318.28619384765625,1624700,491.1483154296875,200.0,4.0,4.0,4.0,12.0,-0.00044358959045534405,-0.0005156964527622093,,0,4.0,89.0
2024-04-24,325.09863644436905,326.45725168848105,299.8671004815225,306.64080810546875,3489000,490.91522216796875,204.0,4.0,4.0,4.0,12.0,-0.0004751193839171842,-0.0004892552746504556,,0,4.0,90.0
2024-04-25,305.4278134107155,306.37882946036865,299.081102134905,302.2059326171875,1837600,489.0502624511719,202.0,4.0,4.0,4.0,12.0,-0.0004989124151233961,-0.00046650411445395154,,0,4.0,91.0
2024-04-26,300.10972658284624,301.7982892133882,296.7907959613199,296.8587341308594,1213100,493.68341064453125,200.0,4.0,4.0,4.0,12.0,-0.0005245503522843709,-0.0004461852309055386,,0,4.0,92.0
2024-04-29,296.49969394864036,298.4114694251914,292.89935573184437,294.1900329589844,1655700,495.4318542480469,198.0,4.0,4.0,4.0,12.0,-0.0005321670813873622,-0.0004426117968733649,,0,4.0,93.0
2024-04-30,294.65583809043295,297.0722335307648,292.10356631075115,293.1613464355469,1879000,487.5835876464844,195.0,4.0,4.0,3.0,10.0,-0.0005577700775165,-0.00044358959045534405,,0,4.0,94.0
2024-05-01,290.6479067714721,311.06605182000436,289.7841976076513,304.9231262207031,2625200,486.00030517578125,199.0,4.0,4.0,3.0,10.0,-0.0005543082059302182,-0.0004751193839171842,,0,4.0,95.0
2024-05-02,305.10750560511536,311.8132753951827,303.1957302547454,311.4930419921875,1677900,490.54608154296875,199.0,4.0,4.0,3.0,10.0,-0.0005259439079586943,-0.0004989124151233961,,0,4.0,96.0
2024-05-03,310.347952437894,311.5513230321364,307.24254967657976,311.06610107421875,1802600,496.6265563964844,196.0,4.0,4.0,3.0,10.0,-0.0004938153296756882,-0.0005245503522843709,,0,4.0,97.0
2024-05-06,311.96855381231586,313.3465969695691,308.6108267262895,309.7947692871094,1420300,501.755126953125,193.0,4.0,4.0,3.0,10.0,-0.0004844857006403249,-0.0005321670813873622,,0,4.0,98.0
2024-05-07,308.9019447016555,315.3748174823291,308.9019447016555,315.03515625,1072200,502.3088073730469,191.0,4.0,4.0,3.0,10.0,-0.0004890851852900469,-0.0005577700775165,,0,4.0,99.0
2024-05-08,315.40394321748806,317.64566598574567,312.71579498606667,314.5596618652344,1500200,502.3573913574219,188.0,4.0,4.0,3.0,10.0,-0.0004937659807496037,-0.0005543082059302182,,0,4.0,100.0
2024-05-09,315.7727447527792,325.09869611848274,315.11282041399875,324.78814697265625,1977600,505.2518310546875,191.0,4.0,4.0,3.0,10.0,-0.00047403116114063765,-0.0005259439079586943,,0,4.0,101.0
2024-05-10,326.06915020106646,328.4564339012427,324.3126491123859,325.6712646484375,1340000,505.90264892578125,188.0,4.0,1.0,3.0,9.0,-0.00046180553250512157,-0.0004938153296756882,,0,2.0,102.0
2024-05-13,325.49660037915567,334.45380846689835,325.49660037915567,329.5433349609375,1852800,505.9706726074219,186.0,4.0,1.0,3.0,9.0,-0.00043153464849597596,-0.0004844857006403249,,0,2.0,103.0
2024-05-14,331.12513309747726,334.65756287715834,328.3981882866732,334.3179016113281,2037800,508.2921447753906,184.0,4.0,1.0,3.0,9.0,-0.0003517179413178631,-0.0004890851852900469,,0,2.0,104.0
2024-05-15,335.04574995136437,337.09337232500854,332.36731536252466,336.88958740234375,1687100,514.5862426757812,182.0,4.0,1.0,3.0,9.0,-0.00027693770649894,-0.0004937659807496037,,0,2.0,105.0
2024-05-16,338.0734614978209,345.87583701049806,337.82113666296107,344.69189453125,2168300,513.5274658203125,182.0,4.0,1.0,3.0,9.0,-0.0002024567747084514,-0.00047403116114063765,,0,2.0,106.0
2024-05-17,345.08981642798506,346.234932988397,342.43078031417485,345.6720886230469,1435600,514.2657470703125,179.0,4.0,1.0,3.0,9.0,-0.0002029046762651862,-0.00046180553250512157,,0,2.0,107.0
2024-05-20,345.6720843791372,346.05054205114476,343.1003846838206,344.7210388183594,1430400,514.8583374023438,176.0,4.0,1.0,3.0,9.0,-0.00020297085565819395,-0.00043153464849597596,,0,2.0,108.0
2024-05-21,346.4095735697087,346.58427594290765,343.4982424805496,345.118896484375,953600,516.1209716796875,174.0,4.0,1.0,3.0,9.0,-0.00021742492184927988,-0.0003517179413178631,,0,2.0,109.0
2024-05-22,344.68219856515543,347.3315206223625,344.4007912053336,346.06024169921875,795400,514.635009765625,171.0,4.0,1.0,3.0,9.0,-0.00020607194150216272,-0.00027693770649894,,0,2.0,110.0
2024-05-23,343.62447878189874,344.1582406990296,341.140144754243,341.80975341796875,2132500,510.8758544921875,170.0,4.0,1.0,3.0,9.0,-0.00019718667642895115,-0.0002024567747084514,,1,2.0,111.0
2024-05-24,342.86753323182796,342.86753323182796,337.4233571477987,338.9760437011719,1583400,514.2560424804688,167.0,4.0,1.0,3.0,9.0,-0.00019320748126081056,-0.0002029046762651862,,0,2.0,112.0
2024-05-28,338.9372118344669,340.21817514552316,336.1132168161843,338.888671875,1604300,514.6155395507812,165.0,4.0,1.0,3.0,9.0,-0.00021360461630188336,-0.00020297085565819395,,0,2.0,113.0
2024-05-29,335.7347559867151,337.7338680076133,318.3929286126334,335.1039733886719,2159000,511.01177978515625,163.0,4.0,1.0,3.0,9.0,-0.0002476463228138859,-0.00021742492184927988,,0,2.0,114.0
2024-05-30,334.90015183435366,342.168766213855,333.11453884671033,337.1127624511719,1350100,507.621826171875,161.0,4.0,1.0,3.0,9.0,-0.00026565521965060966,-0.00020607194150216272,,0,2.0,115.0
2024-05-31,339.8009008525469,347.73912426722285,338.65578424189687,347.53533935546875,1757900,512.2455444335938,164.0,4.0,1.0,3.0,9.0,-0.00025057608218491943,-0.00019718667642895115,,0,2.0,116.0
2024-06-03,345.83698728168724,354.3380828492467,345.4294175470061,353.4355773925781,1285100,512.6630249023438,163.0,4.0,1.0,3.0,9.0,-0.00020650632147704257,-0.00019320748126081056,,0,2.0,117.0
2024-06-04,352.0091120247619,352.6592928262748,347.4577279517865,350.2040710449219,1526600,513.2361450195312,161.0,4.0,1.0,3.0,9.0,-0.00016472740651283472,-0.00021360461630188336,,0,2.0,118.0
2024-06-05,350.9998393402876,352.01879353905895,346.9433911450393,350.3302307128906,1275200,519.3359985351562,159.0,4.0,1.0,3.0,9.0,-0.00016123198155115046,-0.0002476463228138859,,0,2.0,119.0
2024-06-06,349.6217487438165,354.6971800668514,342.98391724527374,344.9248046875,1562500,519.3262939453125,158.0,4.0,1.0,3.0,9.0,-0.00016569741814995574,-0.00026565521965060966,,0,2.0,120.0
2024-06-07,345.1383448237982,345.38095578313107,340.15027890002443,341.4021301269531,875900,518.6950073242188,156.0,4.0,1.0,3.0,9.0,-0.00016594061954431513,-0.00025057608218491943,,0,2.0,121.0
2024-06-10,338.8692403924693,341.5476745005881,333.4735757511805,339.0148010253906,1168600,520.2975463867188,154.0,4.0,4.0,3.0,10.0,-0.00014784360584761918,-0.00020650632147704257,,0,4.0,122.0
2024-06-11,339.4515565227124,344.13878720365625,338.68489760253476,341.3730163574219,913000,521.5506591796875,152.0,4.0,4.0,3.0,10.0,-0.00011648629482741161,-0.00016472740651283472,,0,4.0,123.0
2024-06-12,342.32402526139737,342.32402526139737,337.9570284827261,341.9649658203125,1042100,525.8341674804688,150.0,4.0,4.0,1.0,8.0,-9.370921503098024e-05,-0.00016123198155115046,,0,4.0,124.0
2024-06-13,343.08099490876833,354.68749444678963,338.7916202884157,347.51593017578125,1480700,526.8929443359375,149.0,4.0,4.0,1.0,8.0,-7.58526011844995e-05,-0.00016569741814995574,,0,4.0,125.0
2024-06-14,344.2261066582289,348.9036528093079,342.7316445526728,348.3213806152344,867000,527.2135009765625,147.0,4.0,4.0,1.0,8.0,-8.535268852473739e-05,-0.00016594061954431513,,0,4.0,126.0
2024-06-17,345.04127387543593,346.3513789005777,342.74132685704626,344.7501525878906,610000,531.4094848632812,146.0,4.0,4.0,1.0,8.0,-0.00010502523599295263,-0.00014784360584761918,,0,4.0,127.0
2024-06-18,345.80798091870014,347.5839098668655,338.86931285355325,339.2186584472656,693500,532.759765625,145.0,4.0,4.0,1.0,8.0,-0.0001424439190067311,-0.00011648629482741161,,0,4.0,128.0
2024-06-20,340.34431918235873,347.865258242919,339.21860087877786,346.85601806640625,1473600,531.3123168945312,146.0,4.0,4.0,1.0,8.0,-0.00015219010838686637,-9.370921503098024e-05,,0,4.0,129.0
2024-06-21,347.8167512607819,349.88380120620667,344.2455253349554,344.9733581542969,1632800,530.60009765625,144.0,4.0,4.0,1.0,8.0,-0.00016157549153690968,-7.58526011844995e-05,,0,4.0,130.0
2024-06-24,346.21556617943224,348.22436249200155,343.4886212610528,347.4577331542969,1441500,528.875244140625,142.0,4.0,4.0,1.0,8.0,-0.0001698736990308523,-8.535268852473739e-05,,0,4.0,131.0
2024-06-25,346.83662109013625,348.11761406149833,345.17717042281447,345.2839050292969,611200,530.9119262695312,141.0,4.0,4.0,1.0,8.0,-0.00020955102919080278,-0.00010502523599295263,,0,4.0,132.0
2024-06-26,346.8850811195074,351.1064871412306,346.73949088516764,350.41748046875,642700,531.5745849609375,140.0,4.0,4.0,1.0,8.0,-0.00022810254580925583,-0.0001424439190067311,,0,4.0,133.0
2024-06-27,349.46654061589254,352.6884214900967,348.1661493363132,352.2517395019531,664100,532.4125366210938,138.0,4.0,4.0,1.0,8.0,-0.00022882004422966365,-0.00015219010838686637,,0,4.0,134.0
2024-06-28,362.01388464304716,378.00697595324357,359.9417826039266,363.4925537109375,5489700,530.3174438476562,143.0,4.0,1.0,1.0,7.0,-0.00017693687484469703,-0.00016157549153690968,,0,2.0,135.0
2024-07-01,363.3077307800015,369.6699535564758,361.44964929298925,363.3369140625,1054000,531.4088134765625,140.0,4.0,1.0,1.0,7.0,-0.0001518345001406212,-0.0001698736990308523,,0,2.0,136.0
2024-07-02,363.619031237061,368.02588492910564,363.02562794280146,364.6307678222656,1136600,534.9852294921875,138.0,4.0,1.0,1.0,7.0,-0.00013045933597975287,-0.00020955102919080278,,0,2.0,137.0
2024-07-03,365.59385844125836,365.77869579555505,352.91807131437304,352.9861755371094,750700,537.3726196289062,143.0,4.0,1.0,1.0,7.0,-0.00017354974433367556,-0.00022810254580925583,,0,2.0,138.0
2024-07-05,354.5912832772909,359.37754905254974,351.2253496416679,358.7938537597656,690200,540.471435546875,143.0,4.0,1.0,1.0,7.0,-0.00018369993879379848,-0.00022882004422966365,,0,2.0,139.0
2024-07-08,359.00787865308604,365.49654210361285,357.1789805683035,360.3600769042969,977700,541.0950317382812,141.0,4.0,1.0,1.0,7.0,-0.000179210461974902,-0.00017693687484469703,,0,2.0,140.0
2024-07-09,360.03902977720577,365.6619022935316,355.4084184032997,363.21038818359375,1352900,541.6212158203125,139.0,4.0,1.0,1.0,7.0,-0.00012994130452309135,-0.0001518345001406212,,0,2.0,141.0
2024-07-10,363.5314478531897,369.0667707472962,360.2433265206092,368.86248779296875,950400,546.9805908203125,139.0,4.0,1.0,1.0,7.0,-8.488917315119043e-05,-0.00013045933597975287,,0,2.0,142.0
2024-07-11,367.67570734894144,373.9503508294617,366.3137416124137,369.4073181152344,939800,542.2642822265625,137.0,4.0,1.0,1.0,7.0,-2.208585319069221e-05,-0.00017354974433367556,,0,2.0,143.0
2024-07-12,370.3022925776843,372.6857029327458,362.7532628864124,371.8296203613281,1071900,545.6845703125,135.0,4.0,1.0,1.0,7.0,4.9289845727815106e-05,-0.00018369993879379848,,0,2.0,144.0
2024-07-15,382.31659225850655,384.34003596907155,373.2694175993373,373.7655334472656,1567400,547.185302734375,133.0,4.0,1.0,1.0,7.0,0.00010139884379123277,-0.000179210461974902,,0,2.0,145.0
2024-07-16,384.2816365147816,390.20608040162665,380.3903738222349,384.84588623046875,1773700,550.4302368164062,137.0,4.0,1.0,1.0,7.0,0.0001350448304628755,-0.00012994130452309135,,0,2.0,146.0
2024-07-17,380.65306507933417,393.3774814232231,380.65306507933417,391.2373046875,1832400,542.712646484375,137.0,4.0,1.0,1.0,7.0,0.0001576022172140275,-8.488917315119043e-05,,0,2.0,147.0
2024-07-18,387.725377921887,395.41061512044627,376.3920822726215,378.3182678222656,1873300,538.5419311523438,143.0,4.0,1.0,1.0,7.0,0.00020619537756458406,-2.208585319069221e-05,,0,2.0,148.0
2024-07-19,375.5068443573599,378.7463074389761,369.8450500971161,376.8493347167969,1075200,534.9656982421875,140.0,4.0,1.0,1.0,7.0,0.0002291479878668634,4.9289845727815106e-05,,0,2.0,149.0
2024-07-22,372.588406760576,376.4796694943679,370.1077386429751,374.4951171875,702900,540.4810180664062,139.0,4.0,1.0,1.0,7.0,0.00023843305332655465,0.00010139884379123277,,0,2.0,150.0
2024-07-23,374.1351378296779,378.0361377793551,369.689363533908,375.3803405761719,816400,539.63330078125,137.0,4.0,1.0,1.0,7.0,0.0002243873472050306,0.0001350448304628755,,0,2.0,151.0
2024-07-24,374.53402706118476,378.2598979559923,370.87623069934347,375.7986755371094,866000,527.40380859375,135.0,4.0,1.0,1.0,7.0,0.00022750788450302253,0.0001576022172140275,,0,2.0,152.0
2024-07-25,381.5869121525753,387.5405387661034,375.43871054739924,375.89593505859375,1116600,524.6558227539062,133.0,4.0,1.0,1.0,7.0,0.00023325011524077355,0.00020619537756458406,,0,2.0,153.0
2024-07-26,377.17033806105775,389.651579168475,377.17033806105775,381.95660400390625,1004000,530.5319213867188,132.0,4.0,1.0,1.0,7.0,0.0002561213975382656,0.0002291479878668634,,0,2.0,154.0
2024-07-29,380.4292670553637,382.6472854410593,374.135148921047,381.46044921875,1297600,530.8436889648438,131.0,4.0,1.0,1.0,7.0,0.00028094360822945673,0.00023843305332655465,,0,2.0,155.0
2024-07-30,381.9176632556715,395.05067352604544,381.11994735857917,393.5233459472656,1715400,528.1541748046875,135.0,4.0,1.0,1.0,7.0,0.0003243950068121085,0.0002243873472050306,,0,2.0,156.0
2024-07-31,355.2042070286034,370.5357922084041,346.6920695161089,351.7798767089844,4378000,536.7392578125,203.0,4.0,4.0,4.0,12.0,0.00023437913910669006,0.00022750788450302253,,1,4.0,157.0
2024-08-01,351.44907027402115,353.8616635752084,341.3609775635476,349.2213439941406,1919100,529.138427734375,200.0,4.0,4.0,4.0,12.0,0.00013672481815113634,0.00023325011524077355,,0,4.0,158.0
2024-08-02,352.13982722970707,353.9881710667671,345.40792972456643,353.7352294921875,1076100,519.2868041992188,198.0,4.0,4.0,4.0,12.0,1.737298965422857e-05,0.0002561213975382656,,0,4.0,159.0
2024-08-05,349.30894923096935,352.4511250199844,342.46031821962663,346.6045227050781,1304200,504.1632385253906,197.0,4.0,4.0,4.0,12.0,6.045002294611173e-06,0.00028094360822945673,,0,4.0,160.0
2024-08-06,346.7698721082843,350.4276685982334,343.9973414576783,345.5927734375,930700,508.8114318847656,194.0,4.0,4.0,4.0,12.0,-8.123404911590536e-06,0.0003243950068121085,,0,4.0,161.0
2024-08-07,346.205695541904,347.314690128607,335.45606301839825,336.1662292480469,944000,505.4103698730469,195.0,4.0,4.0,4.0,12.0,-3.571659710792741e-05,0.00023437913910669006,,0,4.0,162.0
2024-08-08,334.48312982701555,341.2344715606162,333.84109774253886,340.7967224121094,908700,517.0942993164062,193.0,4.0,4.0,4.0,12.0,-4.965580682318643e-05,0.00013672481815113634,,0,4.0,163.0
2024-08-09,339.87254437115325,341.7208878720632,338.02420087024325,341.2928466796875,628100,519.3743896484375,190.0,4.0,4.0,4.0,12.0,-5.790471517462426e-05,1.737298965422857e-05,,0,4.0,164.0
2024-08-12,341.8960921640472,342.5575997198154,338.67607454831557,338.8219909667969,485900,519.6472778320312,187.0,4.0,4.0,4.0,12.0,-6.72140111346331e-05,6.045002294611173e-06,,0,4.0,165.0
2024-08-13,340.0282464762621,347.29518043077815,338.89003912474544,347.1395263671875,525900,528.1931762695312,188.0,4.0,4.0,4.0,12.0,-6.297749962043242e-05,-8.123404911590536e-06,,0,4.0,166.0
2024-08-14,345.7873356870881,350.75840942301386,345.7873356870881,346.6920471191406,541100,529.8594360351562,185.0,4.0,4.0,4.0,12.0,-6.630603741752376e-05,-3.571659710792741e-05,,0,4.0,167.0
2024-08-15,347.67454442280166,348.75435537331214,344.9993018083621,347.5188903808594,730600,538.94140625,182.0,4.0,4.0,4.0,12.0,-3.862014938818048e-05,-4.965580682318643e-05,,0,4.0,168.0
2024-08-16,347.76213492233666,347.77184289061194,340.5243844094841,340.8356628417969,754900,540.1497802734375,181.0,4.0,4.0,4.0,12.0,-4.427528315868235e-05,-5.790471517462426e-05,,0,4.0,169.0
2024-08-19,340.8551491040523,347.78159171912324,340.8551491040523,343.6471252441406,740600,545.3143310546875,179.0,4.0,4.0,4.0,12.0,-4.448211882542802e-05,-6.72140111346331e-05,,0,4.0,170.0
2024-08-20,344.143258874101,348.65710785600254,341.58474907581837,347.2757263183594,1025900,544.4276123046875,177.0,4.0,4.0,4.0,12.0,-4.3774553347992e-05,-6.297749962043242e-05,,0,4.0,171.0
2024-08-21,347.7134856902288,350.91405744566936,346.4390995819609,348.822509765625,768200,546.2984619140625,174.0,4.0,4.0,4.0,12.0,-2.5810381243173812e-05,-6.630603741752376e-05,,0,4.0,172.0
2024-08-22,349.6494159332809,350.2136359507135,339.016518256692,345.1063537597656,970500,542.0109252929688,172.0,4.0,4.0,4.0,12.0,-2.02562260560216e-05,-3.862014938818048e-05,,0,4.0,173.0
2024-08-23,345.62188520009306,346.44878430203534,341.2831364386184,343.30657958984375,999800,547.7698974609375,170.0,4.0,4.0,4.0,12.0,-3.2129474739872377e-05,-4.427528315868235e-05,,0,4.0,174.0
2024-08-26,344.551815407129,346.8768588963094,342.0711475503829,343.4039001464844,678400,546.4642944335938,167.0,4.0,4.0,4.0,12.0,-3.6919971042059244e-05,-4.448211882542802e-05,,0,4.0,175.0
2024-08-27,343.93893261122616,345.0965855135979,339.901753936691,343.8416748046875,793900,547.214599609375,165.0,4.0,4.0,4.0,12.0,-4.043866194373385e-05,-4.3774553347992e-05,,0,4.0,176.0
2024-08-28,344.4837188394583,345.9234966191992,339.5223830158159,342.8493957519531,595100,544.0376586914062,163.0,4.0,4.0,4.0,12.0,-5.19593951156302e-05,-2.5810381243173812e-05,,0,4.0,177.0
2024-08-29,343.7443948928996,343.7443948928996,338.79276709906077,341.8084716796875,608500,544.0864868164062,160.0,4.0,4.0,3.0,10.0,-6.156389402792062e-05,-2.02562260560216e-05,,0,4.0,178.0
2024-08-30,341.8182497498391,345.0382673605557,340.0963766384825,344.833984375,1135100,549.2803955078125,158.0,4.0,4.0,3.0,10.0,-6.364035692501349e-05,-3.2129474739872377e-05,,0,4.0,179.0
2024-09-03,345.34952839331874,354.60101399212,344.5518124983947,353.64764404296875,956800,537.9767456054688,160.0,4.0,4.0,3.0,10.0,-2.9920960072938523e-05,-3.6919971042059244e-05,,0,4.0,180.0
2024-09-04,349.4840367550299,372.316022194854,348.7349793611396,361.3037414550781,1473700,536.8756103515625,160.0,4.0,1.0,3.0,9.0,1.2156816167038354e-05,-4.043866194373385e-05,,0,2.0,181.0
2024-09-05,362.55864351210323,364.80584514314694,348.5501049962015,355.2138977050781,1281500,535.5698852539062,159.0,4.0,1.0,3.0,9.0,3.99150026801806e-05,-5.19593951156302e-05,,0,2.0,182.0
2024-09-06,357.9183584856194,359.1343780871052,347.4702978818285,348.1318054199219,1080100,526.5560302734375,159.0,4.0,1.0,3.0,9.0,2.7252104475574052e-05,-6.156389402792062e-05,,0,2.0,183.0
2024-09-09,347.2951057533126,347.2951057533126,329.03537096482046,334.4150390625,2058000,532.4515380859375,166.0,4.0,1.0,3.0,9.0,-3.461092402302738e-05,-6.364035692501349e-05,,1,2.0,184.0
2024-09-10,334.1621426207359,338.77327884408413,330.76702583923895,337.0027770996094,1162900,534.770751953125,164.0,4.0,4.0,3.0,10.0,-8.354198992770673e-05,-2.9920960072938523e-05,,0,4.0,185.0
2024-09-11,321.4377304512843,324.7161141389527,316.4082609425402,319.2683410644531,2677100,540.2568969726562,178.0,4.0,4.0,3.0,10.0,-0.0001548349363319279,1.2156816167038354e-05,,1,4.0,186.0
2024-09-12,320.65949182932155,322.0019821848818,312.55595047632164,315.6786804199219,1634700,544.8077392578125,176.0,4.0,4.0,3.0,10.0,-0.00017479599353315716,3.99150026801806e-05,,0,4.0,187.0
2024-09-13,316.2429039759039,316.8947035355254,311.84578784859343,312.818603515625,2062600,547.6530151367188,174.0,4.0,4.0,3.0,10.0,-0.00019775359855994594,2.7252104475574052e-05,,0,4.0,188.0
2024-09-16,312.7602182283154,313.6941129001274,304.7928560172278,306.6606750488281,2692200,548.4619140625,173.0,4.0,4.0,3.0,10.0,-0.00020092323882451774,-3.461092402302738e-05,,0,4.0,189.0
2024-09-17,306.0770293360098,307.3027867018418,302.3706036410219,303.3239440917969,1826300,548.6859741210938,171.0,4.0,4.0,3.0,10.0,-0.00022756131891646435,-8.354198992770673e-05,,0,4.0,190.0
2024-09-18,303.51845316951983,308.9954094944175,302.81802478237887,306.7190246582031,1785000,547.05859375,169.0,4.0,4.0,3.0,10.0,-0.00024410184743946844,-0.0001548349363319279,,0,4.0,191.0
2024-09-19,307.6335146866488,310.38657001187454,303.39202286324536,303.51849365234375,1100500,556.3938598632812,167.0,4.0,4.0,3.0,10.0,-0.00024093943140087172,-0.00017479599353315716,,0,4.0,192.0
2024-09-20,301.57285222506187,304.0146290125854,299.2770215357713,301.9717102050781,1830100,555.43212890625,165.0,4.0,4.0,3.0,10.0,-0.00024811634743072606,-0.00019775359855994594,,0,4.0,193.0
2024-09-23,301.4268819998481,305.989388969793,299.88010895133823,304.2674865722656,1533100,556.8200073242188,163.0,4.0,4.0,3.0,10.0,-0.00019360025050271703,-0.00020092323882451774,,0,4.0,194.0
2024-09-24,304.07303285251885,308.713353395353,302.54570496599945,303.7422790527344,1202800,558.4132690429688,161.0,4.0,4.0,3.0,10.0,-0.000145351167654545,-0.00022756131891646435,,0,4.0,195.0
2024-09-25,305.1139401107635,305.84355190898884,300.60006086884556,303.4698791503906,911800,557.1817016601562,158.0,4.0,4.0,3.0,10.0,-9.484476750303628e-05,-0.00024410184743946844,,0,4.0,196.0
2024-09-26,303.46984693072716,306.21316443792915,301.728498644542,304.53021240234375,1485200,559.3907470703125,156.0,4.0,4.0,3.0,10.0,-0.00011202111230107735,-0.00024093943140087172,,0,4.0,197.0
2024-09-27,307.48748340729253,313.38277213698126,305.3473073064011,310.88262939453125,1217300,558.5794067382812,156.0,4.0,4.0,3.0,10.0,-0.00011836830078712503,-0.00024811634743072606,,0,4.0,198.0
2024-09-30,312.8093617243847,316.43828704769464,308.2634478139185,308.9853210449219,1520600,560.8177490234375,154.0,4.0,4.0,3.0,10.0,-0.00011431715582679011,-0.00019360025050271703,,0,4.0,199.0
2024-10-01,307.2878987460765,307.678099647543,270.02313213282855,272.6082763671875,7056500,555.7938232421875,228.0,4.0,4.0,4.0,12.0,-0.00015967863297531277,-0.000145351167654545,,1,4.0,200.0
2024-10-02,214.37964624521175,243.762233297939,208.08756352492463,240.45523071289062,19640500,556.0283813476562,282.0,4.0,4.0,4.0,12.0,-0.00023887606013035822,-9.484476750303628e-05,,1,4.0,201.0
2024-10-03,239.6650610930246,239.77236858157116,231.20732866554587,235.8605499267578,5396800,555.0118408203125,279.0,4.0,4.0,4.0,12.0,-0.0003208415003756515,-0.00011202111230107735,,0,4.0,202.0
2024-10-04,235.78247784410382,240.9137072676972,233.7631652066727,234.1533660888672,3607800,560.055419921875,276.0,4.0,4.0,4.0,12.0,-0.0003556782863053819,-0.00011836830078712503,,0,4.0,203.0
2024-10-07,229.7342918385398,232.20234906959772,224.8469562116059,230.50494384765625,3252900,554.9922485351562,272.0,4.0,4.0,4.0,12.0,-0.00037308241988047355,-0.00011431715582679011,,1,4.0,204.0
2024-10-08,234.47530811867543,240.66984811658043,234.1241213412551,237.2457733154297,3205100,560.2410278320312,271.0,4.0,4.0,4.0,12.0,-0.0003816087244473883,-0.00015967863297531277,,0,4.0,205.0
2024-10-09,237.05067497063095,239.7821260543306,236.07515778968184,239.44068908691406,1841600,564.1216430664062,267.0,4.0,4.0,4.0,12.0,-0.000384529023568843,-0.00023887606013035822,,0,4.0,206.0
2024-10-10,239.70408289257722,246.09372340480795,239.47971810881896,245.28404235839844,2494100,563.1343994140625,265.0,4.0,4.0,4.0,12.0,-0.0003728788279321403,-0.0003208415003756515,,0,4.0,207.0
2024-10-11,240.90396314616478,254.10272420499277,240.68934817706446,251.75172424316406,4020200,566.5064697265625,264.0,4.0,4.0,4.0,12.0,-0.00035528982229270003,-0.0003556782863053819,,0,4.0,208.0
2024-10-14,253.63449407706966,264.66759218778816,253.05894245142267,261.0484313964844,2902300,571.1395874023438,265.0,4.0,4.0,4.0,12.0,-0.0003287077379483569,-0.00037308241988047355,,0,4.0,209.0
2024-10-15,245.08892349041693,258.84370577747904,245.08892349041693,251.293212890625,3151000,566.7020263671875,266.0,4.0,4.0,4.0,12.0,-0.0003150540280384532,-0.0003816087244473883,,0,4.0,210.0
2024-10-16,251.8980571780391,254.20026352230724,249.03003417599464,249.3129425048828,1773300,569.1651611328125,262.0,4.0,4.0,4.0,12.0,-0.00031445936820479885,-0.000384529023568843,,0,4.0,211.0
2024-10-17,243.00130904116696,260.1704154943782,241.2746396526575,259.8192138671875,3694500,569.2140502929688,264.0,4.0,4.0,4.0,12.0,-0.00030141351016106926,-0.0003728788279321403,,0,4.0,212.0
2024-10-18,258.0632896000682,265.3406384815284,252.63941716568215,260.5996398925781,4660800,571.403564453125,260.0,4.0,4.0,4.0,12.0,-0.0002759880766295169,-0.00035528982229270003,,0,4.0,213.0
2024-10-21,263.3896411933067,268.70622178482193,251.4297909222163,254.19052124023438,3500200,570.4652709960938,259.0,4.0,4.0,4.0,12.0,-0.00024961527632535606,-0.0003287077379483569,,0,4.0,214.0
2024-10-22,254.60020393189106,258.6486238011504,253.1466929478578,255.8878936767578,1859900,570.1622314453125,255.0,4.0,4.0,4.0,12.0,-0.00025767661987331775,-0.0003150540280384532,,0,4.0,215.0
2024-10-23,255.88790122411297,257.1560616108913,250.27867761184868,252.3175048828125,1518500,564.952392578125,252.0,4.0,4.0,4.0,12.0,-0.0002721141818884257,-0.00031445936820479885,,0,4.0,216.0
2024-10-24,256.3171260767396,258.66812593404234,251.78097737332854,252.24920654296875,1696200,566.1742553710938,248.0,4.0,4.0,4.0,12.0,-0.0002905541454026028,-0.00030141351016106926,,0,4.0,217.0
2024-10-25,256.59026559130467,260.2972187204788,253.40033534231154,254.34658813476562,1824300,565.9786376953125,245.0,4.0,4.0,4.0,12.0,-0.00029250760850221537,-0.0002759880766295169,,0,4.0,218.0
2024-10-28,254.62946056492862,259.30219577001276,252.57113379118823,254.69775390625,1630500,567.728271484375,241.0,4.0,4.0,4.0,12.0,-0.00029437752710263814,-0.00024961527632535606,,0,4.0,219.0
2024-10-29,254.19051129644967,257.79017196690864,251.12737315111607,251.45904541015625,1801000,568.6470947265625,238.0,4.0,4.0,4.0,12.0,-0.00029571562503399466,-0.00025767661987331775,,0,4.0,220.0
2024-10-30,253.6344083162919,266.5892722887075,253.4588224092802,259.7996826171875,3358200,566.9268798828125,239.0,4.0,1.0,4.0,11.0,-0.00029823825170870736,-0.0002721141818884257,,0,2.0,221.0
2024-10-31,251.0981281213385,258.9803239820895,249.7324099584628,251.51759338378906,1864900,555.8133544921875,240.0,4.0,1.0,4.0,11.0,-0.00031387144365837584,-0.0002905541454026028,,0,2.0,222.0
2024-11-01,252.72723947110714,258.5120491235751,251.84927997533774,254.3270721435547,1424000,558.1591186523438,236.0,4.0,1.0,4.0,11.0,-0.00032269414467785606,-0.00029250760850221537,,0,2.0,223.0
2024-11-04,254.51241908872012,255.6732868816261,245.6644862573997,249.2934112548828,1910900,556.956787109375,235.0,4.0,1.0,4.0,11.0,-0.0003508458119283473,-0.00029437752710263814,,0,2.0,224.0
2024-11-05,249.9275178831616,255.51721237121822,246.03519890684225,254.21978759765625,1460900,563.6915893554688,233.0,4.0,1.0,4.0,11.0,-0.0003578288243131891,-0.00029571562503399466,,0,2.0,225.0
2024-11-06,283.1535965365878,283.59256135935874,271.2132472601011,281.4464416503906,5199400,577.7081298828125,268.0,4.0,1.0,4.0,11.0,-0.0003116765917492781,-0.00029823825170870736,,0,2.0,226.0
2024-11-07,281.4172479306413,290.21640346281595,278.490695962949,280.7148742675781,2492800,582.1749267578125,264.0,4.0,1.0,4.0,11.0,-0.00025356124725224837,-0.00031387144365837584,,0,2.0,227.0
2024-11-08,281.64156109420935,286.0801821946815,278.9979178309005,281.0660095214844,1691700,584.6968383789062,260.0,4.0,1.0,4.0,11.0,-0.00020785216941663544,-0.00032269414467785606,,0,2.0,228.0
2024-11-11,266.3161710315533,276.65665835169756,264.09199321155717,275.5250549316406,2213200,585.25390625,257.0,4.0,1.0,4.0,11.0,-0.0002259473763029065,-0.0003508458119283473,,1,2.0,229.0
2024-11-12,276.36403562541557,278.98817951028053,267.53561608219496,273.203369140625,1684500,583.4359130859375,254.0,4.0,1.0,4.0,11.0,-0.0002116056945354736,-0.0003578288243131891,,0,2.0,230.0
2024-11-13,272.14979616113635,283.96329503257914,270.4719054048907,282.3341979980469,2191300,583.7194213867188,254.0,4.0,1.0,4.0,11.0,-0.00012195649853827582,-0.0003116765917492781,,0,2.0,231.0
2024-11-14,279.07593987846684,282.1293133945986,273.46671613119213,276.20794677734375,2049000,579.9658203125,252.0,4.0,1.0,4.0,11.0,-2.503811395036597e-05,-0.00025356124725224837,,0,2.0,232.0
2024-11-15,277.6321987815074,277.6321987815074,267.8672621636072,268.92083740234375,1842700,572.5372924804688,251.0,4.0,1.0,4.0,11.0,2.932901995348216e-05,-0.00020785216941663544,,0,2.0,233.0
2024-11-18,268.2672049801627,272.5887386282152,264.1797859117405,264.7065734863281,1929800,574.88330078125,248.0,4.0,1.0,4.0,11.0,1.4005493712245593e-05,-0.0002259473763029065,,0,2.0,234.0
2024-11-19,263.48719182314255,271.5547080481719,261.8385654351456,270.9791564941406,1447500,576.984619140625,247.0,4.0,1.0,4.0,11.0,9.526403398263569e-07,-0.0002116056945354736,,0,2.0,235.0
2024-11-20,276.2957512775564,288.47995175560027,275.5836129938837,286.7727966308594,2286700,577.18017578125,255.0,4.0,1.0,4.0,11.0,2.521628773079111e-05,-0.00012195649853827582,,0,2.0,236.0
2024-11-21,286.0313913139142,289.2603508805096,284.49008722915323,288.4701843261719,1214700,580.2786254882812,251.0,4.0,1.0,4.0,11.0,3.8432204414704694e-05,-2.503811395036597e-05,,0,2.0,237.0
2024-11-22,288.7531047857248,295.61098983356885,288.17755318309605,290.8114318847656,1450600,582.0772705078125,248.0,4.0,1.0,4.0,11.0,4.5921726155254636e-05,2.932901995348216e-05,,0,2.0,238.0
2024-11-25,304.3613703514568,305.33688756412175,296.196296044719,296.7328186035156,2656600,584.0516357421875,246.0,4.0,1.0,4.0,11.0,2.7464345223274958e-05,1.4005493712245593e-05,,0,2.0,239.0
2024-11-26,296.5571905450535,296.5571905450535,287.26051401911246,288.35308837890625,1556000,587.1012573242188,245.0,4.0,1.0,4.0,11.0,2.3646534233458006e-05,9.526403398263569e-07,,0,2.0,240.0
2024-11-27,289.40667742618984,291.86496985409957,287.7385217143461,289.4164123535156,995700,585.3223266601562,242.0,4.0,1.0,4.0,11.0,3.574275267857348e-05,2.521628773079111e-05,,0,2.0,241.0
2024-11-29,287.6995325856293,291.60160120744735,287.6312392398464,289.123779296875,533900,588.9584350585938,238.0,4.0,1.0,4.0,11.0,3.3018367950218e-05,3.8432204414704694e-05,,0,2.0,242.0
2024-12-02,288.7531296315653,289.7676759903145,284.53888762176985,285.9533996582031,1261300,590.0140380859375,235.0,4.0,1.0,4.0,11.0,1.4941015682984167e-05,4.5921726155254636e-05,,0,2.0,243.0
2024-12-03,283.8462635166143,287.68980397283894,279.79787276776744,284.0023498535156,1045900,590.2877197265625,232.0,4.0,1.0,4.0,11.0,-9.07632624606997e-06,2.7464345223274958e-05,,0,2.0,244.0
2024-12-04,282.656104336901,284.00232281538825,276.3250073331634,281.0269775390625,1269600,593.9530639648438,229.0,4.0,1.0,4.0,11.0,-3.0450121631837152e-05,2.3646534233458006e-05,,0,2.0,245.0
2024-12-05,281.3781698563596,281.3781698563596,275.0080440411788,276.1298828125,1081300,592.9755859375,227.0,4.0,1.0,4.0,11.0,-4.551477614425807e-05,3.574275267857348e-05,,0,2.0,246.0
2024-12-06,277.63221879308827,277.63221879308827,267.808752817235,274.8324890136719,1751000,594.0997314453125,223.0,4.0,1.0,3.0,9.0,-7.29447693128863e-05,3.3018367950218e-05,,0,2.0,247.0
2024-12-09,275.3982498142161,281.9146973633332,274.9690198778866,279.2320251464844,1125400,591.0404052734375,221.0,4.0,1.0,3.0,9.0,-7.448813416956812e-05,1.4941015682984167e-05,,0,2.0,248.0
2024-12-10,279.98316383772095,283.63158815364494,277.80775005387807,278.8222961425781,1131400,589.2027587890625,218.0,4.0,1.0,3.0,9.0,-7.9549240639613e-05,-9.07632624606997e-06,,0,2.0,249.0
2024-12-11,276.27620621995953,281.1050280643965,268.88179925492153,271.3888854980469,1812800,593.7576293945312,218.0,4.0,4.0,3.0,10.0,-8.898110459374144e-05,-3.0450121631837152e-05,,0,4.0,250.0
2024-12-12,271.19379422953966,273.0570357407618,266.06256399204227,266.1015930175781,1666300,590.6982421875,216.0,4.0,4.0,3.0,10.0,-0.00013768850116950736,-4.551477614425807e-05,,0,4.0,251.0
2024-12-13,265.1358106144942,267.5063101090481,262.54093146140593,267.40875244140625,1383400,590.5811157226562,213.0,4.0,4.0,3.0,10.0,-0.00016190489106595248,-7.29447693128863e-05,,0,4.0,252.0
2024-12-16,265.0968198200932,269.35982555402416,251.08840602299168,254.08322143554688,3129500,593.1028442382812,221.0,4.0,4.0,3.0,10.0,-0.00021217149262605595,-7.448813416956812e-05,,0,4.0,253.0
2024-12-17,252.08339685536058,253.8393158628269,227.29550185719603,228.16371154785156,5641300,590.6591186523438,262.0,4.0,4.0,4.0,12.0,-0.00026818586598937694,-7.9549240639613e-05,,0,4.0,254.0
2024-12-18,231.37316961593461,236.46537075064043,229.7343078133777,233.97781372070312,2677900,573.0554809570312,261.0,4.0,4.0,4.0,12.0,-0.0003415539318755154,-8.898110459374144e-05,,0,4.0,255.0
2024-12-19,232.10481773172634,234.12414563271037,225.97857044515408,230.00746154785156,2424500,572.8794555664062,258.0,4.0,4.0,4.0,12.0,-0.0004079625495572361,-0.00013768850116950736,,0,4.0,256.0
2024-12-20,229.57821632651647,246.35710933937068,228.91487176949175,241.05030822753906,4223200,579.7603149414062,262.0,4.0,4.0,4.0,12.0,-0.00041860351537704256,-0.00016190489106595248,,0,4.0,257.0
2024-12-23,241.21612836511528,250.22014743639045,238.52369152113647,249.478759765625,2089600,583.2320556640625,262.0,4.0,4.0,4.0,12.0,-0.0004048636486271391,-0.00021217149262605595,,0,4.0,258.0
2024-12-24,248.07399760457713,250.3664538223886,246.29854936560616,249.26412963867188,483200,589.7146606445312,259.0,4.0,4.0,4.0,12.0,-0.00036151053194674994,-0.00026818586598937694,,0,4.0,259.0
2024-12-26,248.21059690128993,252.04437232383967,247.3814013333802,249.86898803710938,846900,589.7540283203125,255.0,4.0,4.0,4.0,12.0,-0.00033649894169975,-0.0003415539318755154,,0,4.0,260.0
2024-12-27,247.78137791449646,251.06886623615725,246.80586067861262,249.3812255859375,1049900,583.5458374023438,251.0,4.0,4.0,4.0,12.0,-0.00033322836073602246,-0.0004079625495572361,,0,4.0,261.0
2024-12-30,247.39117360794762,250.07384597012478,244.36706426377242,248.03500366210938,951100,576.8866577148438,247.0,4.0,4.0,4.0,12.0,-0.0003303089921666335,-0.00041860351537704256,,0,4.0,262.0
2024-12-31,248.51954685853423,253.12050375137937,245.99391996965386,248.36293029785156,873800,574.7879638671875,244.0,4.0,4.0,4.0,12.0,-0.00032707231987622753,-0.0004048636486271391,,0,4.0,263.0
2025-01-02,251.5444183377164,253.62953219637416,246.68896142995965,247.32525634765625,878400,573.3756103515625,240.0,4.0,4.0,4.0,12.0,-0.0003258218014712574,-0.00036151053194674994,,0,4.0,264.0
2025-01-03,248.1475563565838,260.2176962356527,246.39527328169254,256.93829345703125,1373800,580.544921875,242.0,4.0,4.0,4.0,12.0,-0.0003117807834096936,-0.00033649894169975,,0,4.0,265.0
2025-01-06,258.32840686857213,265.640944380323,257.63334894725466,258.719970703125,1736900,583.8890991210938,239.0,4.0,4.0,4.0,12.0,-0.0003186076057081558,-0.00033322836073602246,,0,4.0,266.0
2025-01-07,260.24707671671,265.7388286619751,259.444351480243,261.5783996582031,976800,577.288818359375,236.0,4.0,4.0,4.0,12.0,-0.00032902224656386985,-0.0003303089921666335,,0,4.0,267.0
2025-01-08,261.0009095409678,263.2426555616235,254.96096062155087,262.4790954589844,892300,578.13232421875,232.0,4.0,1.0,4.0,11.0,-0.00034695422023463073,-0.00032707231987622753,,0,2.0,268.0
2025-01-10,262.35175273593643,269.6936861147406,261.4902944395855,263.3698425292969,1660800,569.3056030273438,229.0,4.0,1.0,4.0,11.0,-0.00035424191720965966,-0.0003258218014712574,,0,2.0,269.0
2025-01-13,275.9098576222309,284.5439782976034,273.0709827392888,281.3037109375,1989000,570.188232421875,243.0,4.0,1.0,4.0,11.0,-0.00030361477482089436,-0.0003117807834096936,,0,2.0,270.0
2025-01-14,277.5348591087879,282.2238853553462,275.2735461925492,276.67340087890625,1092700,570.972900390625,240.0,4.0,1.0,4.0,11.0,-0.0002650618210369658,-0.0003186076057081558,,0,2.0,271.0
2025-01-15,274.83303319667084,278.3767348465863,273.3842142882578,273.5995788574219,1204400,581.35888671875,237.0,4.0,1.0,4.0,11.0,-0.00023335823422694757,-0.00032902224656386985,,0,2.0,272.0
2025-01-16,269.2140673057544,273.4332299966534,262.7825254302826,269.9873962402344,1600200,580.2408447265625,234.0,4.0,1.0,4.0,11.0,-0.00026250158484492076,-0.00034695422023463073,,0,2.0,273.0
2025-01-17,269.59576689305726,281.0100286901864,265.1514418658414,276.67340087890625,1835500,586.06640625,233.0,4.0,1.0,4.0,11.0,-0.0002716685231339505,-0.00035424191720965966,,0,2.0,274.0
2025-01-21,277.1824260123687,278.9445077815333,274.4512186885239,278.67041015625,958700,591.4309692382812,230.0,4.0,1.0,4.0,11.0,-0.0002621695556038604,-0.00030361477482089436,,0,2.0,275.0
2025-01-22,275.20505929799407,279.84515203397524,272.42491720358805,278.9151916503906,908300,594.755615234375,227.0,4.0,1.0,4.0,11.0,-0.0002487576679996893,-0.0002650618210369658,,0,2.0,276.0
2025-01-23,283.5552999638073,300.8039464377716,276.21336554814206,287.6080322265625,5077400,598.0018920898438,227.0,4.0,1.0,4.0,11.0,-0.0001988473074977092,-0.00023335823422694757,,0,2.0,277.0
2025-01-24,285.45436196211773,292.2089343696514,283.71187771931164,288.4205017089844,1216100,596.2561645507812,224.0,4.0,1.0,4.0,11.0,-0.00015686247522209978,-0.00026250158484492076,,0,2.0,278.0
2025-01-27,291.8663231119287,297.25040766660743,290.49583483652765,291.48455810546875,2177700,587.8219604492188,221.0,4.0,1.0,4.0,11.0,-0.00010878963580023073,-0.0002716685231339505,,0,2.0,279.0
2025-01-28,290.44686202730486,297.55383238195117,290.2510652106237,296.72174072265625,1134300,592.8726806640625,219.0,4.0,1.0,4.0,11.0,-8.234221811321506e-05,-0.0002621695556038604,,0,2.0,280.0
2025-01-29,295.9680557521189,298.4447337597712,285.9438775510926,288.02899169921875,1252700,590.2149047851562,220.0,4.0,1.0,4.0,11.0,-6.754370512133549e-05,-0.0002487576679996893,,0,2.0,281.0
2025-01-30,286.67800479122036,291.7292580735782,282.6252436012446,290.6524353027344,1196000,593.3826904296875,217.0,4.0,1.0,4.0,11.0,-4.190809676838162e-05,-0.0001988473074977092,,0,2.0,282.0
2025-01-31,289.7616281980205,290.7405526176084,286.5409584927436,287.0500183105469,1250800,590.2246704101562,214.0,4.0,1.0,4.0,11.0,-3.690403380052704e-05,-0.00015686247522209978,,0,2.0,283.0
2025-02-03,285.09217412298415,289.37983805623935,283.8489209702048,286.8248596191406,1555600,586.2527465820312,211.0,4.0,1.0,4.0,11.0,3.05685584468165e-05,-0.00010878963580023073,,0,2.0,284.0
2025-02-04,283.9566250078476,291.28875964635796,280.20732760000215,289.3015441894531,1577000,590.1854858398438,208.0,4.0,1.0,3.0,9.0,8.082962978921804e-05,-8.234221811321506e-05,,0,2.0,285.0
2025-02-05,288.68478550864313,289.1253134169234,280.43246038888884,284.4068908691406,1102600,592.5784301757812,206.0,4.0,1.0,3.0,9.0,0.00011466761626088482,-6.754370512133549e-05,,0,2.0,286.0
2025-02-06,283.144096826233,285.5033083228968,271.4949019091419,273.68768310546875,1523500,594.6380004882812,210.0,4.0,1.0,3.0,9.0,4.802084708873948e-05,-4.190809676838162e-05,,0,2.0,287.0
2025-02-07,273.6876933712153,275.60640686437347,267.4519492044621,268.54833984375,984900,589.1949462890625,208.0,4.0,1.0,3.0,9.0,-4.4138806455780367e-05,-3.690403380052704e-05,,0,2.0,288.0
2025-02-10,266.9918461194918,266.9918461194918,253.6099655581992,261.1770324707031,3030500,593.1962280273438,209.0,4.0,4.0,3.0,10.0,-0.00013813897162889678,3.05685584468165e-05,,1,4.0,289.0
2025-02-11,267.86311610538445,267.86311610538445,237.63392272141283,251.9164276123047,4535200,593.6474609375,211.0,4.0,4.0,3.0,10.0,-0.00020224767541765387,8.082962978921804e-05,,0,4.0,290.0
2025-02-12,253.9330164202071,262.70417182044673,253.0226237796272,254.54974365234375,2649800,591.7349853515625,209.0,4.0,4.0,3.0,10.0,-0.000217265914159606,0.00011466761626088482,,0,4.0,291.0
2025-02-13,256.46841807957236,257.7018724992071,246.66938929279783,247.55043029785156,1735000,597.982177734375,209.0,4.0,4.0,3.0,10.0,-0.0002355157775043457,4.802084708873948e-05,,0,4.0,292.0
2025-02-14,248.64682308743798,252.8659852939693,244.61365892592448,248.48040771484375,2386200,597.9529418945312,206.0,4.0,4.0,3.0,10.0,-0.00022951090572978562,-4.4138806455780367e-05,,0,4.0,293.0
2025-02-18,247.57979730832474,253.70787419923408,245.79814755977725,251.8185272216797,1419000,599.7083740234375,204.0,4.0,4.0,3.0,10.0,-0.00023141342755752915,-0.00013813897162889678,,0,4.0,294.0
2025-02-19,251.14305765070907,260.3156049130366,249.74320284618014,259.92401123046875,1233200,601.12060546875,205.0,4.0,4.0,3.0,10.0,-0.000212484358507375,-0.00020224767541765387,,0,4.0,295.0
2025-02-20,257.7899834228839,266.3947384490629,256.556528949161,265.58221435546875,1037700,598.6197509765625,205.0,4.0,4.0,3.0,10.0,-0.0001810737473001907,-0.000217265914159606,,0,4.0,296.0
2025-02-21,252.5625196540904,258.4360666227902,247.81472987951045,250.51657104492188,2863200,588.3809814453125,217.0,4.0,4.0,3.0,10.0,-0.00020056038171865453,-0.0002355157775043457,,0,4.0,297.0
2025-02-24,252.59187228273527,254.40288847322557,248.49997528975499,249.625732421875,1721400,585.7035522460938,213.0,4.0,4.0,3.0,10.0,-0.00023202545409626378,-0.00022951090572978562,,0,4.0,298.0
2025-02-25,249.55721167839417,254.25606712891297,243.55641474535403,253.8057403564453,1770900,582.7907104492188,212.0,4.0,4.0,3.0,10.0,-0.0002746246450243784,-0.00023141342755752915,,0,4.0,299.0
2025-02-26,252.22967031317174,253.5903597259025,246.93368560195375,249.6942596435547,1490900,583.0848999023438,210.0,4.0,4.0,3.0,10.0,-0.00031083435053703127,-0.000212484358507375,,0,4.0,300.0
2025-02-27,253.58058013518573,257.6431103433157,251.37800027692717,255.92999267578125,1448300,573.7777709960938,209.0,4.0,4.0,3.0,10.0,-0.0003252221620513049,-0.0001810737473001907,,0,4.0,301.0
2025-02-28,254.9021824610697,265.5626554660361,254.9021824610697,264.7207946777344,2250700,582.73193359375,211.0,4.0,4.0,3.0,10.0,-0.00032029286108669545,-0.00020056038171865453,,0,4.0,302.0
2025-03-03,265.01444337639606,267.0310254681728,255.40139756062592,256.0279235839844,1561100,572.5225219726562,213.0,4.0,4.0,3.0,10.0,-0.00029421093059902643,-0.00023202545409626378,,0,4.0,303.0
2025-03-04,255.01961255489354,260.8246272489225,253.9232219743339,257.24176025390625,1317000,565.7456665039062,210.0,4.0,4.0,3.0,10.0,-0.0002764834693252992,-0.0002746246450243784,,0,4.0,304.0
2025-03-05,257.04596949055997,259.25834831213984,253.63933151683202,256.5956726074219,1033800,571.8262329101562,207.0,4.0,4.0,3.0,10.0,-0.00028939923449518534,-0.00031083435053703127,,0,4.0,305.0
2025-03-06,256.08663685091506,261.7154523231521,254.53015059221613,260.1589660644531,1434800,561.6756591796875,205.0,4.0,1.0,3.0,9.0,-0.00026927474875685546,-0.0003252221620513049,,0,2.0,306.0
2025-03-07,256.88937359378883,262.84122125055336,253.66870370972174,254.28543090820312,1553000,564.8236083984375,204.0,4.0,1.0,3.0,9.0,-0.00027450623701242677,-0.00032029286108669545,,0,2.0,307.0
2025-03-10,253.06177415723232,258.11302800452086,243.77177556476263,245.95477294921875,2108400,549.779296875,206.0,4.0,4.0,3.0,10.0,-0.0002883803401446581,-0.00029421093059902643,,0,4.0,308.0
2025-03-11,246.84560902008255,249.7627998892075,242.66559716314126,244.92691040039062,1387800,545.208984375,203.0,4.0,4.0,3.0,10.0,-0.00032495615376222897,-0.0002764834693252992,,0,4.0,309.0
2025-03-12,244.95626918101533,247.53084535102442,241.79434728356986,243.85987854003906,1150900,548.1021728515625,200.0,4.0,4.0,3.0,10.0,-0.0003462456755206874,-0.00028939923449518534,,0,4.0,310.0
2025-03-13,242.7634691177191,247.58955927533472,239.8364797628132,246.4246368408203,1074900,540.7957153320312,198.0,4.0,4.0,3.0,10.0,-0.0003456315132716629,-0.00026927474875685546,,0,4.0,311.0
2025-03-14,249.31248243355438,253.7861745315079,245.94499472858297,247.55043029785156,1331300,551.9662475585938,195.0,4.0,4.0,3.0,10.0,-0.00033974727485022786,-0.00027450623701242677,,0,4.0,312.0
2025-03-17,250.34033084497872,260.0316912982123,248.71532770483563,258.83740234375,1103900,556.22265625,201.0,4.0,4.0,3.0,10.0,-0.00029632861030958255,-0.0002883803401446581,,0,4.0,313.0
2025-03-18,259.54221554870196,265.6702914888241,258.29896251486883,264.0942077636719,1632500,550.2108154296875,200.0,4.0,4.0,3.0,10.0,-0.00023907660825533115,-0.00032495615376222897,,0,4.0,314.0
2025-03-19,262.77268202080865,263.97676984486526,258.61225312291975,261.7056579589844,1614200,556.2030639648438,198.0,4.0,4.0,3.0,10.0,-0.00019675037463859045,-0.0003462456755206874,,0,4.0,315.0
2025-03-20,260.9616592753562,262.8412073103574,259.4149718333136,261.2063903808594,1069900,554.5946655273438,195.0,4.0,4.0,3.0,10.0,-0.00018415260850729168,-0.0003456315132716629,,0,4.0,316.0
2025-03-21,260.5309667135137,263.63414048142414,257.68229298727715,260.5603332519531,1963600,554.7776489257812,192.0,4.0,4.0,3.0,10.0,-0.00019105386886371844,-0.00033974727485022786,,0,4.0,317.0
2025-03-24,260.49179665430546,266.9918393312334,259.9729679016675,265.99334716796875,1252800,564.712890625,191.0,4.0,4.0,3.0,10.0,-0.00017739097019583484,-0.00029632861030958255,,0,4.0,318.0
2025-03-25,266.72753230084675,268.2252854369603,263.2914980991267,268.0001220703125,1392700,566.0703125,189.0,4.0,1.0,3.0,9.0,-0.000151706414233939,-0.00023907660825533115,,0,2.0,319.0
2025-03-26,269.0084416492033,269.5468680508457,261.04001172430304,264.7795104980469,822600,559.3125,186.0,4.0,1.0,3.0,9.0,-7.948516538900502e-05,-0.00019675037463859045,,0,2.0,320.0
2025-03-27,265.62136925910016,269.0476049963822,261.6763047337202,264.6816101074219,1284400,557.8270263671875,184.0,4.0,1.0,3.0,9.0,3.034625755070311e-05,-0.00018415260850729168,,0,2.0,321.0
2025-03-28,265.13828368208897,266.827564264483,258.7052840653463,259.8543701171875,967900,546.5933837890625,183.0,4.0,1.0,3.0,9.0,0.00012753817549701176,-0.00019105386886371844,,0,2.0,322.0
2025-03-31,258.6561808924735,262.2311821824404,256.0928118130013,259.8740539550781,1201500,550.2625732421875,180.0,4.0,1.0,3.0,9.0,0.0001786494955661803,-0.00017739097019583484,,0,2.0,323.0
2025-04-01,260.34545939307486,263.44902302205287,257.2222637691865,260.01153564453125,927200,551.8167114257812,177.0,4.0,1.0,3.0,9.0,0.0001839882626844145,-0.000151706414233939,,0,2.0,324.0
2025-04-02,258.05706928018697,261.0525817871094,256.3383257169507,261.0525817871094,1117300,555.3088989257812,175.0,4.0,1.0,3.0,9.0,0.00016548861124946043,-7.948516538900502e-05,,0,2.0,325.0
2025-04-03,257.99816534956835,270.01954033535515,257.28119289760116,260.73834228515625,1808700,527.9428100585938,172.0,4.0,1.0,3.0,9.0,0.000139513780186844,3.034625755070311e-05,,0,2.0,326.0
2025-04-04,258.8820718228553,265.8748982309687,248.5696100758037,249.2374725341797,2435100,497.0354309082031,180.0,4.0,4.0,3.0,10.0,8.824636233960975e-05,0.00012753817549701176,,0,4.0,327.0
2025-04-07,242.9124979818563,251.8106920097745,237.89376590827146,250.1606903076172,1838800,496.150146484375,178.0,4.0,4.0,3.0,10.0,5.0969146385119046e-05,0.0001786494955661803,,0,4.0,328.0
2025-04-08,286.902492738206,287.51141423478225,269.7150570718989,276.9141540527344,4637900,488.3790283203125,223.0,4.0,1.0,4.0,11.0,6.695847020298059e-05,0.0001839882626844145,,0,2.0,329.0
2025-04-09,276.8257422247939,285.68465704559026,266.00257896444754,280.4302062988281,2653600,539.6682739257812,221.0,4.0,1.0,4.0,11.0,0.00013320151170069777,0.00016548861124946043,,0,2.0,330.0
2025-04-10,281.4712545760168,288.63105735081365,274.45879665129434,285.0658874511719,2277700,516.0205688476562,218.0,4.0,1.0,4.0,11.0,0.0002107438065799786,0.000139513780186844,,0,2.0,331.0
2025-04-11,284.8105343279287,290.96856623619755,279.8114494438257,289.7703552246094,1674600,525.227783203125,216.0,4.0,1.0,4.0,11.0,0.0002265431823468535,8.824636233960975e-05,,0,2.0,332.0
2025-04-14,290.7131881321533,292.6774664303435,276.8257261771444,279.7328796386719,1473200,530.3233032226562,218.0,4.0,1.0,4.0,11.0,0.00020255618403875969,5.0969146385119046e-05,,0,2.0,333.0
2025-04-15,281.52041403746784,283.5043245678155,275.30345568926685,281.65789794921875,1150900,528.837890625,215.0,4.0,1.0,4.0,11.0,0.00018557753378453017,6.695847020298059e-05,,0,2.0,334.0
2025-04-16,281.0489836571105,286.12662701687134,276.9632806018848,280.5087890625,1338400,517.0828247070312,212.0,4.0,1.0,4.0,11.0,0.00018090232243849903,0.00013320151170069777,,0,2.0,335.0
2025-04-17,252.37048885565727,265.49188459092994,251.46693754613142,259.7561950683594,3670300,517.8206787109375,234.0,4.0,1.0,4.0,11.0,0.00013712829673414112,0.0002107438065799786,,1,2.0,336.0
2025-04-21,257.8213693974274,259.4615250667339,239.2982086136523,241.51785278320312,2050400,505.4950866699219,251.0,4.0,4.0,4.0,12.0,5.035991566721404e-05,0.0002265431823468535,,0,4.0,337.0
2025-04-22,243.71784305735147,254.58030050445694,242.42142707124614,254.29550170898438,1340700,518.64697265625,257.0,4.0,4.0,4.0,12.0,1.717177789884815e-06,0.00020255618403875969,,0,4.0,338.0
2025-04-23,254.70797924232627,261.5829537155012,250.6517544938065,258.9017028808594,1092400,526.6836547851562,254.0,4.0,4.0,4.0,12.0,1.6805217580843736e-05,0.00018557753378453017,,0,4.0,339.0
2025-04-24,256.72140666777165,263.223164054732,255.1106838248624,263.0463562011719,1061100,537.769775390625,251.0,4.0,4.0,4.0,12.0,7.844493798086129e-05,0.00018090232243849903,,0,4.0,340.0
2025-04-25,261.3570620337596,262.53564112548355,257.3303150774771,259.6776123046875,1097900,541.6553344726562,248.0,4.0,4.0,4.0,12.0,8.38855970893034e-05,0.00013712829673414112,,0,4.0,341.0
2025-04-28,259.5008251665147,261.8874162708993,255.37582846528596,258.4990539550781,1717300,541.86181640625,245.0,4.0,4.0,4.0,12.0,8.363910809909055e-05,5.035991566721404e-05,,0,4.0,342.0
2025-04-29,259.7954573610552,259.7954573610552,253.33299443965004,254.7276153564453,2472500,545.2752685546875,242.0,4.0,4.0,4.0,12.0,4.297420977036341e-05,1.717177789884815e-06,,0,4.0,343.0
2025-04-30,268.5659852430646,271.2079421775391,249.95443478938867,257.5561828613281,3488800,545.4916381835938,239.0,4.0,4.0,4.0,12.0,3.637356190787185e-05,1.6805217580843736e-05,,0,4.0,344.0
2025-05-01,259.47134710565786,262.24098673055295,251.0347753170661,251.4669189453125,1755600,549.3574829101562,238.0,4.0,4.0,4.0,12.0,7.103186359184337e-06,7.844493798086129e-05,,0,4.0,345.0
2025-05-02,254.24637625580252,255.55263820901956,249.600861919976,253.8633575439453,1740000,557.51220703125,234.0,4.0,4.0,4.0,12.0,-1.6499121896220957e-05,8.38855970893034e-05,,0,4.0,346.0
2025-05-05,252.39014492525504,255.38565752614988,251.47673268103068,252.10531616210938,1348200,554.3153076171875,231.0,4.0,4.0,4.0,12.0,-6.29312325332398e-05,8.363910809909055e-05,,0,4.0,347.0
2025-05-06,250.51425575305385,253.39191644799493,246.3106861424534,247.273193359375,985500,549.6821899414062,229.0,4.0,4.0,4.0,12.0,-0.0001124342512363998,4.297420977036341e-05,,0,4.0,348.0
2025-05-07,250.31778822897647,250.31778822897647,245.53477559596809,248.5990447998047,782900,551.9938354492188,226.0,4.0,4.0,4.0,12.0,-0.00013750782699829082,3.637356190787185e-05,,0,4.0,349.0
2025-05-08,248.2258761554305,251.53566560227662,247.00801810649364,248.82498168945312,1234900,555.840087890625,223.0,4.0,4.0,4.0,12.0,-0.00014707880005871302,7.103186359184337e-06,,0,4.0,350.0
2025-05-09,248.82499088736554,249.62052130094497,244.15982933914728,245.07321166992188,1088200,555.1317749023438,220.0,4.0,4.0,4.0,12.0,-0.00015479259556519623,-1.6499121896220957e-05,,0,4.0,351.0
2025-05-12,246.24194218734718,251.03478629382792,243.12856271203242,248.34371948242188,1425100,573.4774780273438,218.0,4.0,4.0,4.0,12.0,-0.00014945490804592774,-6.29312325332398e-05,,0,4.0,352.0
2025-05-13,240.0642702200368,240.0642702200368,224.48755736477935,224.8018341064453,3848500,577.2647094726562,254.0,4.0,4.0,4.0,12.0,-0.0001843580179188539,-0.0001124342512363998,,1,4.0,353.0
2025-05-14,230.7339704266869,230.783080387208,224.3500652015961,226.3536376953125,2532300,578.00244140625,250.0,4.0,4.0,4.0,12.0,-0.00019546071344012257,-0.00013750782699829082,,0,4.0,354.0
2025-05-15,221.32508093677606,223.53489419890215,208.65547590883324,223.40721130371094,4230000,580.8256225585938,247.0,4.0,4.0,4.0,12.0,-0.0002392987974541373,-0.00014707880005871302,,1,4.0,355.0
2025-05-16,225.63666858217266,234.85895520883486,223.9277409535281,233.70985412597656,2572000,584.5045166015625,251.0,4.0,4.0,4.0,12.0,-0.00023939629729309618,-0.00015479259556519623,,0,4.0,356.0
2025-05-19,240.6241152659825,243.69821590151298,235.37949528913143,242.9223175048828,2095700,585.1439208984375,253.0,4.0,4.0,4.0,12.0,-0.0002167747002615177,-0.00014945490804592774,,0,4.0,357.0
2025-05-20,244.55265833197666,251.29994977228148,242.07766337680292,250.7499542236328,1878500,583.1765747070312,253.0,4.0,4.0,4.0,12.0,-0.0001660231939087385,-0.0001843580179188539,,0,4.0,358.0
2025-05-21,245.3187286393299,249.43389429288447,241.31159889742906,241.38035583496094,1554600,573.349609375,254.0,4.0,4.0,4.0,12.0,-0.0001696804608229792,-0.00019546071344012257,,0,4.0,359.0
2025-05-22,227.46343127356027,234.04376052747398,222.06166599275363,223.0830841064453,3009100,573.5758056640625,273.0,4.0,4.0,4.0,12.0,-0.00022250094802601285,-0.0002392987974541373,,1,4.0,360.0
2025-05-23,223.5545240332196,224.9196969469583,218.25097824986543,220.91256713867188,1674900,569.6607666015625,269.0,4.0,4.0,4.0,12.0,-0.00029855821823791367,-0.00023939629729309618,,0,4.0,361.0
2025-05-27,222.4643411222767,223.62327315198596,217.05275961471708,222.56256103515625,1555400,581.50439453125,265.0,4.0,4.0,4.0,12.0,-0.00033061686302482494,-0.0002167747002615177,,0,4.0,362.0
2025-05-28,222.94559795075776,228.40628949395352,222.62149021706026,223.7214813232422,1581100,578.1400756835938,261.0,4.0,4.0,4.0,12.0,-0.00033349836008799756,-0.0001660231939087385,,0,4.0,363.0
2025-05-29,225.11613997717564,227.25719630969002,222.0715023632503,225.97059631347656,1283000,580.4222412109375,258.0,4.0,4.0,4.0,12.0,-0.00032313908810284523,-0.0001696804608229792,,0,4.0,364.0
2025-05-30,225.48932916427768,229.67325163305262,224.29111817414775,228.9661102294922,2524800,579.7730712890625,255.0,4.0,4.0,4.0,12.0,-0.0003031904003566465,-0.00022250094802601285,,0,4.0,365.0
2025-06-02,228.1705994505845,228.69113205805587,221.91436219089542,227.2572021484375,1300500,583.0388793945312,251.0,4.0,4.0,4.0,12.0,-0.00027913645982041566,-0.00029855821823791367,,0,4.0,366.0
2025-06-03,225.45007187491044,231.09737266361242,223.05364966416462,229.25094604492188,1129400,586.36376953125,248.0,4.0,4.0,4.0,12.0,-0.00023612270041714023,-0.00033061686302482494,,0,4.0,367.0
2025-06-04,229.27058307328468,232.33485265956915,226.51077424893802,226.7071990966797,1106100,586.2063598632812,244.0,4.0,4.0,4.0,12.0,-0.00022276389635819197,-0.00033349836008799756,,0,4.0,368.0
2025-06-05,226.60898196897145,229.5946936419141,221.81615268280896,223.10275268554688,1708800,583.373291015625,242.0,4.0,4.0,4.0,12.0,-0.00023266540962018546,-0.00032313908810284523,,0,4.0,369.0
2025-06-06,226.55005057230105,227.93487045999208,223.34828213144738,226.5795135498047,3453600,589.3639526367188,239.0,4.0,4.0,4.0,12.0,-0.0002522619233749079,-0.0003031904003566465,,0,4.0,370.0
2025-06-09,227.85631507097202,232.09916399328276,226.874175781873,228.90721130371094,1251900,589.8952026367188,236.0,4.0,4.0,4.0,12.0,-0.00024028612063998003,-0.00027913645982041566,,0,4.0,371.0
2025-06-10,229.58486129576343,231.7652115879801,227.08041824514768,227.83665466308594,1137400,593.2396240234375,233.0,4.0,4.0,4.0,12.0,-0.0002211136131936068,-0.00023612270041714023,,0,4.0,372.0
2025-06-11,227.10986730413322,233.57234484786412,226.9134274809236,227.60093688964844,1293200,591.5476684570312,229.0,4.0,4.0,4.0,12.0,-0.00019953073635886942,-0.00022276389635819197,,0,4.0,373.0
2025-06-12,226.47148431313104,230.8812949066528,223.69202845872925,230.76344299316406,1419500,593.898681640625,227.0,4.0,4.0,4.0,12.0,-0.00014639123506443594,-0.00023266540962018546,,0,4.0,374.0
2025-06-13,228.19023013466676,232.20717607726684,227.06077598975665,231.05807495117188,1512500,587.2588500976562,223.0,4.0,4.0,4.0,12.0,-9.165879031829252e-05,-0.0002522619233749079,,0,4.0,375.0
2025-06-16,232.48217617414065,232.6786010165079,225.13576418231432,231.1857452392578,2307100,592.84619140625,220.0,4.0,4.0,4.0,12.0,-4.989916520793003e-05,-0.00024028612063998003,,0,4.0,376.0
2025-06-17,230.2527216543423,240.54553650702448,230.2527216543423,237.13751220703125,3163900,587.7802734375,219.0,4.0,1.0,4.0,11.0,-5.316820192256639e-05,-0.0002211136131936068,,0,2.0,377.0
2025-06-18,238.01160819411777,241.48838932612293,235.65448012780445,239.05267333984375,1686200,587.6917114257812,216.0,4.0,1.0,3.0,9.0,-5.670481688607238e-05,-0.00019953073635886942,,0,2.0,378.0
2025-06-20,239.45536042477846,241.9990974035683,235.035733942265,235.34019470214844,2045300,586.3114624023438,214.0,4.0,1.0,3.0,9.0,-7.375222831878998e-05,-0.00014639123506443594,,0,2.0,379.0
2025-06-23,234.74107690213938,236.28304258768236,229.47681036773693,230.46878051757812,1826800,592.1026611328125,213.0,4.0,1.0,3.0,9.0,-0.00010083543551646751,-9.165879031829252e-05,,0,2.0,380.0
2025-06-24,230.89111219405305,235.28127583110344,229.11344255313998,234.5250244140625,1281300,598.6438598632812,211.0,4.0,1.0,3.0,9.0,-0.00011072847068321463,-4.989916520793003e-05,,0,2.0,381.0
2025-06-25,234.70180588486048,236.73482623654465,232.37414077584756,234.25001525878906,1346200,598.9793090820312,208.0,4.0,1.0,3.0,9.0,-0.00011324547815395564,-5.316820192256639e-05,,0,2.0,382.0
2025-06-26,234.9178781574169,239.08213878328291,234.07323784412722,235.6151885986328,1096800,603.6656494140625,205.0,4.0,1.0,3.0,9.0,-6.429064665580121e-05,-5.670481688607238e-05,,0,2.0,383.0
2025-06-27,235.49199316523988,240.7067408146391,235.49199316523988,238.43946838378906,1755400,606.6648559570312,203.0,4.0,1.0,3.0,9.0,-2.3600656837846172e-05,-7.375222831878998e-05,,0,2.0,384.0
2025-06-30,237.6409877582784,241.20949146754162,237.51283208637267,241.00247192382812,1232900,609.5653686523438,200.0,4.0,1.0,3.0,9.0,2.1429334980992886e-05,-0.00010083543551646751,,0,2.0,385.0
2025-07-01,238.38031648206464,249.2829946660645,238.38031648206464,248.9872589111328,1456000,609.3681640625,202.0,4.0,1.0,3.0,9.0,3.063777990266854e-05,-0.00011072847068321463,,0,2.0,386.0
2025-07-02,244.65968798886615,247.25228304792785,238.37043383421963,240.322265625,2586900,612.1305541992188,205.0,4.0,1.0,3.0,9.0,-9.185801691416072e-06,-0.00011324547815395564,,0,2.0,387.0
2025-07-03,243.12189054267225,243.12189054267225,234.6836520952667,236.27073669433594,960800,616.9549560546875,203.0,4.0,1.0,3.0,9.0,-7.147496960732443e-05,-6.429064665580121e-05,,0,2.0,388.0
2025-07-07,235.60040847058642,235.64970026731828,231.04612923735843,233.83587646484375,1367200,612.357421875,201.0,4.0,1.0,3.0,9.0,-0.00012828604840726577,-2.3600656837846172e-05,,0,2.0,389.0
2025-07-08,233.8358614475274,236.3791495280193,231.3812745286651,234.11187744140625,912200,612.0220336914062,198.0,4.0,1.0,3.0,9.0,-0.00012962266698706112,2.1429334980992886e-05,,0,2.0,390.0
2025-07-09,233.38242168137933,234.37804982875107,230.40537454053435,233.3331298828125,770300,615.692138671875,195.0,4.0,1.0,3.0,9.0,-0.00010229844348768069,3.063777990266854e-05,,0,2.0,391.0
2025-07-10,231.22356203288865,233.52042138029307,228.14794644612985,228.87741088867188,1183200,617.4285888671875,194.0,4.0,4.0,3.0,10.0,-9.599419325304077e-05,-9.185801691416072e-06,,0,4.0,392.0
2025-07-11,226.1369612858872,228.54225663161742,225.21034467394145,227.38890075683594,1077600,615.2579956054688,191.0,4.0,4.0,3.0,10.0,-0.00010821881906641853,-7.147496960732443e-05,,0,4.0,393.0
2025-07-14,227.51705106534885,227.51705106534885,223.34722376368762,224.2245635986328,1234000,616.4320678710938,189.0,4.0,4.0,3.0,10.0,-0.00014949645981574296,-0.00012828604840726577,,0,4.0,394.0
2025-07-15,224.61885161688465,226.5312588816761,218.12259336352088,218.74362182617188,1469600,613.7979125976562,189.0,4.0,4.0,3.0,10.0,-0.00020203960161801156,-0.00012962266698706112,,0,4.0,395.0
2025-07-16,219.33510933849215,224.10626046644333,218.06346521058265,223.3373565673828,1097200,615.8499755859375,189.0,4.0,4.0,3.0,10.0,-0.00023843043510992975,-0.00010229844348768069,,0,4.0,396.0
2025-07-17,222.036141694476,224.48086141269795,213.56831632810054,220.37017822265625,1775500,619.6187133789062,187.0,4.0,4.0,3.0,10.0,-0.00027687907788965024,-9.599419325304077e-05,,0,4.0,397.0
2025-07-18,219.7787051487098,220.98135279273836,203.92742894511107,217.27484130859375,4320000,619.1650390625,185.0,4.0,4.0,3.0,10.0,-0.00029541857958413636,-0.00010821881906641853,,0,4.0,398.0
2025-07-21,220.5673323028773,223.47536786567244,217.81702447599352,220.2518768310547,2139300,620.3389892578125,183.0,4.0,4.0,3.0,10.0,-0.0003119370637133655,-0.00014949645981574296,,0,4.0,399.0
2025-07-22,220.8630622068003,228.630964973209,220.72505420196356,227.83248901367188,1622600,620.4277954101562,186.0,4.0,4.0,3.0,10.0,-0.00028838274773692213,-0.00020203960161801156,,0,4.0,400.0
2025-07-23,232.10090286965695,233.91472668293633,227.34947146294203,233.7471466064453,1914900,625.7060546875,187.0,4.0,4.0,3.0,10.0,-0.0002379545591355486,-0.00023843043510992975,,0,4.0,401.0
2025-07-24,231.4108677977516,234.35834283882994,224.71745677033988,225.94967651367188,1235000,625.9132690429688,190.0,4.0,4.0,3.0,10.0,-0.0002248161898866214,-0.00027687907788965024,,0,4.0,402.0
2025-07-25,227.81279752814856,236.40876386337848,227.81279752814856,234.5949249267578,1569800,628.5572509765625,194.0,4.0,1.0,3.0,9.0,-0.00019814404664819985,-0.00029541857958413636,,0,2.0,403.0
2025-07-28,233.72742152309868,236.0242656382411,227.81276739809488,228.22679138183594,1791700,628.3994140625,195.0,4.0,1.0,3.0,9.0,-0.00021729178250079638,-0.0003119370637133655,,0,2.0,404.0
2025-07-29,226.55099707479886,233.9048759733108,224.2738423869768,229.3111572265625,2089100,626.7418823242188,192.0,4.0,1.0,3.0,9.0,-0.00021348114806113482,-0.00028838274773692213,,0,2.0,405.0
2025-07-30,246.03974328911593,261.4769937296981,237.41420626692982,257.7507629394531,6384000,625.9526977539062,247.0,4.0,1.0,4.0,11.0,-0.0001504616039075117,-0.0002379545591355486,,0,2.0,406.0
2025-07-31,256.42986529744803,257.75080126782626,244.42310815541532,246.3157958984375,3140900,623.6046142578125,251.0,4.0,1.0,4.0,11.0,-8.839063657865302e-05,-0.0002248161898866214,,0,2.0,407.0
2025-08-01,245.96090008359778,248.4154870973254,241.34747682897031,243.74290466308594,1756100,613.3834838867188,248.0,4.0,1.0,4.0,11.0,-2.8119540350878144e-05,-0.00019814404664819985,,0,2.0,408.0
2025-08-04,245.2905784003038,247.09454980371112,241.8600830478253,243.83163452148438,1316300,622.7067260742188,244.0,4.0,1.0,4.0,11.0,-4.392913108323658e-05,-0.00021729178250079638,,0,2.0,409.0
2025-08-05,241.44606263591797,255.20751464424947,240.62788194793873,250.85037231445312,1936900,619.5496215820312,244.0,4.0,1.0,4.0,11.0,-1.704818730169454e-06,-0.00021348114806113482,,0,2.0,410.0
2025-08-06,249.8547323490318,255.7693719051883,248.83936947132054,252.9697723388672,1263400,624.2952270507812,240.0,4.0,1.0,4.0,11.0,4.0374845871207384e-05,-0.0001504616039075117,,0,2.0,411.0
2025-08-07,253.86684052596112,255.31593215504557,248.9576812545141,252.4966278076172,850400,623.7723388671875,237.0,4.0,1.0,4.0,11.0,7.725095620594016e-05,-8.839063657865302e-05,,0,2.0,412.0
2025-08-08,253.1078089531514,263.6161827953707,252.00372980731015,262.8866882324219,1678300,628.6361694335938,240.0,1.0,1.0,4.0,5.0,0.00010450749890327729,-2.8119540350878144e-05,,0,2.0,413.0
2025-08-11,263.44856774983253,268.07185839878184,261.23057232443637,262.8768310546875,1749500,627.39306640625,236.0,1.0,1.0,4.0,5.0,0.00012790240509253444,-4.392913108323658e-05,,0,2.0,414.0
2025-08-12,263.15286617726684,271.70939304214687,262.06850676271046,271.0292053222656,1547200,634.072265625,236.0,1.0,1.0,4.0,5.0,0.00015165219493709512,-1.704818730169454e-06,,0,2.0,415.0
2025-08-13,272.58668751830066,279.4575453956168,271.40377472064944,277.9788818359375,2064400,636.2428588867188,235.0,1.0,1.0,4.0,5.0,0.00014876583477288212,4.0374845871207384e-05,,0,2.0,416.0
2025-08-14,276.82557268742454,279.86174897294336,275.120169690647,277.3381652832031,1144800,636.3020629882812,232.0,1.0,1.0,4.0,5.0,0.0001798529242191957,7.725095620594016e-05,,0,2.0,417.0
2025-08-15,283.1148212045037,286.51572965733567,280.57150279903954,282.31634521484375,1738600,634.812255859375,230.0,1.0,1.0,4.0,5.0,0.00022426739613232865,0.00010450749890327729,,0,2.0,418.0
2025-08-18,285.2440665567369,286.7325976180167,282.9176501454417,283.1049499511719,1298000,634.6741333007812,226.0,1.0,1.0,4.0,5.0,0.0002783318297189941,0.00012790240509253444,,0,2.0,419.0
2025-08-19,282.6021966138808,287.8662357291066,281.1531049974121,284.1498718261719,1534200,631.2310180664062,223.0,1.0,1.0,4.0,5.0,0.00031987296057721046,0.00015165219493709512,,0,2.0,420.0
2025-08-20,284.199169001086,286.04259513328816,281.35029240312247,285.875,1247700,629.5537109375,220.0,1.0,1.0,4.0,5.0,0.0003421413677831905,0.00014876583477288212,,0,2.0,421.0
2025-08-21,286.1509995570349,292.5191028358487,284.1794479464494,290.2814025878906,1496200,627.0280151367188,218.0,1.0,1.0,4.0,5.0,0.0003688240753005008,0.0001798529242191957,,0,2.0,422.0
2025-08-22,292.6275278052144,297.3296671484155,291.6910288400387,295.24969482421875,1615500,636.6572265625,216.0,1.0,1.0,4.0,5.0,0.00040664108564217387,0.00022426739613232865,,0,2.0,423.0
2025-08-25,295.3285838574431,296.22564349268123,290.80387630729103,292.97259521484375,880100,633.855224609375,213.0,1.0,1.0,4.0,5.0,0.00044416344394897423,0.0002783318297189941,,0,2.0,424.0
2025-08-26,292.54863945709826,296.50160958403796,290.8038273232141,294.6187744140625,1010500,636.5091552734375,210.0,1.0,1.0,4.0,5.0,0.0004907023330348824,0.00031987296057721046,,0,2.0,425.0
2025-08-27,294.05689287898394,297.03395488412747,292.22336443224293,293.0317077636719,859300,637.9595336914062,207.0,1.0,1.0,4.0,5.0,0.000489303380024367,0.0003421413677831905,,0,2.0,426.0
2025-08-28,293.0119926516775,295.54544370785925,290.11380935851435,293.65277099609375,997500,640.21875,204.0,1.0,1.0,4.0,5.0,0.0005036514054095228,0.0003688240753005008,,0,2.0,427.0
2025-08-29,293.32742963553136,299.7448393919519,292.77539762245095,299.3406677246094,1100000,636.4006958007812,202.0,1.0,1.0,4.0,5.0,0.0005373042719997423,0.00040664108564217387,,0,2.0,428.0
2025-09-02,300.25746309042705,309.80963350107015,298.6999504813158,305.649658203125,1966100,631.6847534179688,201.0,1.0,1.0,4.0,5.0,0.0006086720539538877,0.00044416344394897423,,0,2.0,429.0
2025-09-03,304.51601933970824,309.80963080445144,301.78543108404034,307.5423583984375,1739400,635.1082153320312,199.0,1.0,1.0,3.0,3.0,0.0006531703921244936,0.0004907023330348824,,0,1.0,1.0
2025-09-04,306.5072549355443,309.24771039059254,303.638643816206,307.5620422363281,1621300,640.4161987304688,196.0,1.0,1.0,3.0,3.0,0.0006422075161349834,0.000489303380024367,,0,1.0,2.0
2025-09-05,307.029724798571,310.86440713254404,302.169857284183,303.54010009765625,1504600,638.5613403320312,194.0,1.0,1.0,3.0,3.0,0.0006237858709891233,0.0005036514054095228,,0,1.0,3.0
2025-09-08,305.4919046916113,307.15786814732894,298.463318647694,305.965087890625,1147300,640.1300659179688,191.0,1.0,1.0,3.0,3.0,0.0005879937522267325,0.0005373042719997423,,0,1.0,4.0
2025-09-09,307.70008070196496,310.0659366671613,267.3424159874695,269.1365051269531,4844000,641.60986328125,257.0,1.0,4.0,4.0,6.0,0.0004447286410484244,0.0006086720539538877,,0,2.0,5.0
2025-09-10,266.16931063827593,269.97439046102414,250.38703180228964,269.6885070800781,4315700,643.4647216796875,253.0,1.0,4.0,4.0,6.0,0.0002962355907336003,0.0006531703921244936,,0,2.0,6.0
2025-09-11,271.7882373447341,278.4717960641677,267.16494643690356,274.75543212890625,2057000,648.8119506835938,250.0,1.0,4.0,4.0,6.0,0.0001503571020714014,0.0006422075161349834,,0,2.0,7.0
2025-09-12,273.0500382096193,275.95808894880724,270.2997452971368,272.50787353515625,1138400,648.5949096679688,247.0,1.0,4.0,4.0,6.0,0.00013668378793181473,0.0006237858709891233,,0,2.0,8.0
2025-09-15,271.38409251085415,272.9613399633348,267.243851792022,271.5024108886719,1277600,652.0479736328125,243.0,1.0,4.0,4.0,6.0,0.00011701879530839027,0.0005879937522267325,,0,2.0,9.0
2025-09-16,268.13101669299823,269.6096803879964,261.07285837885496,268.44647216796875,2637100,651.1502075195312,240.0,1.0,4.0,4.0,6.0,0.00011369093594224766,0.0004447286410484244,,0,2.0,10.0
2025-09-17,269.1168028264811,269.95471830252916,263.85276348011394,265.55816650390625,1491900,650.3412475585938,237.0,1.0,4.0,4.0,6.0,9.078700416048371e-05,0.0002962355907336003,,0,2.0,11.0
2025-09-18,266.3960383478498,268.13101335509947,261.0334156740687,261.0925598144531,1355100,653.3799438476562,235.0,1.0,4.0,4.0,6.0,5.864572936842812e-05,0.0001503571020714014,,0,2.0,12.0
2025-09-19,259.9392062392404,259.9392062392404,246.68052559804633,249.06610107421875,4957800,656.6160278320312,240.0,1.0,4.0,4.0,6.0,1.3484075673887814e-05,0.00013668378793181473,,1,2.0,13.0
2025-09-22,247.23255405875372,254.9018729299868,244.96526689005435,254.2019805908203,1927000,659.7225952148438,238.0,1.0,4.0,4.0,6.0,-1.7091994851507292e-05,0.00011701879530839027,,0,2.0,14.0
2025-09-23,253.86682809811842,258.8942904478159,252.6444757928897,254.64559936523438,1612900,656.1311645507812,235.0,1.0,4.0,4.0,6.0,-3.466146467753674e-05,0.00011369093594224766,,0,2.0,15.0
2025-09-24,254.05413578705836,259.65333500980967,254.05413578705836,258.2436828613281,1569100,654.043701171875,232.0,1.0,4.0,4.0,6.0,-3.079808778178779e-05,9.078700416048371e-05,,0,2.0,16.0
2025-09-25,258.2732583341909,259.5449175333357,249.0858207031814,250.81092834472656,2208600,651.0263061523438,232.0,1.0,4.0,4.0,6.0,-5.409591668808502e-05,5.864572936842812e-05,,0,2.0,17.0
2025-09-26,253.43732635372945,255.14865189531403,250.430099183518,252.20079040527344,1255900,654.756103515625,229.0,1.0,4.0,4.0,6.0,-6.225468878388311e-05,1.3484075673887814e-05,,0,2.0,18.0
2025-09-29,252.6261595022588,253.33839671639242,249.7277467930833,252.47776794433594,1184600,656.59619140625,225.0,1.0,4.0,4.0,6.0,-7.343839585888729e-05,-1.7091994851507292e-05,,0,2.0,19.0
2025-09-30,250.93457881276808,259.0857292159187,250.93457881276808,257.364501953125,1603100,659.0694580078125,223.0,1.0,4.0,4.0,6.0,-7.880465514204437e-05,-3.466146467753674e-05,,0,2.0,20.0
2025-10-01,257.156748281985,258.95712980502555,241.82390551583586,244.10899353027344,2802400,661.3153076171875,232.0,4.0,4.0,4.0,12.0,-0.0001245036874659781,-3.079808778178779e-05,,0,4.0,1.0
2025-10-02,243.56492098205555,263.9922384491235,236.42277567260686,253.85276794433594,5300500,662.0769653320312,234.0,4.0,4.0,4.0,12.0,-0.00015097399662463709,-5.409591668808502e-05,,0,4.0,2.0
2025-10-03,253.71430072483003,284.40969258599654,252.26013592768246,280.6605529785156,4476300,662.0672607421875,268.0,1.0,4.0,4.0,6.0,-0.00011228371557145098,-6.225468878388311e-05,,0,2.0,3.0
2025-10-06,281.3430985194644,293.05541951123496,279.9482994824624,292.0167541503906,2777800,664.4415283203125,270.0,1.0,4.0,4.0,6.0,-2.5271374041766153e-05,-7.343839585888729e-05,-1.0,0,4.0,4.0
2025-10-07,295.07341945597506,295.52845062591786,287.65429517247924,292.0661926269531,1787400,661.9781494140625,266.0,1.0,4.0,4.0,6.0,4.630246372585452e-05,-7.880465514204437e-05,-1.0,0,4.0,5.0
2025-10-08,292.48170270689417,299.5249204853814,290.2658368636366,294.8261413574219,1551300,665.925537109375,262.0,1.0,4.0,4.0,6.0,7.719599540796246e-05,-0.0001245036874659781,-1.0,0,4.0,6.0
2025-10-09,297.7739587874207,297.7739587874207,286.9321537147792,287.4663391113281,948000,663.9963989257812,260.0,1.0,4.0,4.0,6.0,8.80803117127515e-05,-0.00015097399662463709,-1.0,0,4.0,7.0
2025-10-10,282.8862992136166,282.90607267963907,272.9545551522734,277.19830322265625,1610500,646.0499877929688,261.0,1.0,4.0,4.0,6.0,9.772407534882123e-05,-0.00011228371557145098,-1.0,1,4.0,8.0
2025-10-13,277.2180494487396,277.9698637226851,267.4347130036346,268.07769775390625,1671600,655.9630126953125,261.0,1.0,4.0,4.0,6.0,7.200416384786576e-05,-2.5271374041766153e-05,-1.0,0,4.0,9.0
2025-10-14,263.25034800303723,265.1100802618999,255.15856249998455,258.7889709472656,2745200,655.1616821289062,262.0,1.0,4.0,4.0,6.0,2.043214932824324e-05,4.630246372585452e-05,-1.0,1,4.0,10.0
2025-10-15,257.78987907261484,259.67928659967316,253.92203813776743,259.34295654296875,1422700,658.0703125,258.0,1.0,4.0,4.0,6.0,-3.799972498197482e-05,7.719599540796246e-05,-1.0,0,4.0,11.0
2025-10-16,259.3429445164262,264.496754851939,258.3834031506055,264.3978271484375,1521000,653.588623046875,256.0,1.0,4.0,4.0,6.0,-5.899453916621347e-05,8.80803117127515e-05,-1.0,0,4.0,12.0
2025-10-17,263.1316129739596,276.1299334587145,263.1316129739596,272.0444641113281,2142500,657.2986450195312,255.0,1.0,4.0,4.0,6.0,-3.884824739732703e-05,9.772407534882123e-05,-1.0,0,4.0,13.0
2025-10-20,272.6775653959993,280.97710763662724,272.6775653959993,280.9375305175781,1071300,664.1348266601562,255.0,1.0,4.0,4.0,6.0,3.0946739036135217e-06,7.200416384786576e-05,1.0,0,2.0,14.0
2025-10-21,281.6003044973285,292.30360523039826,278.8898304688623,292.0167541503906,1909900,664.1249389648438,257.0,1.0,1.0,4.0,5.0,8.007236562692315e-05,2.043214932824324e-05,1.0,0,1.0,1.0
2025-10-22,291.81889675752325,292.0167521527568,284.20191686845436,284.6174011230469,972200,660.6721801757812,255.0,1.0,1.0,4.0,5.0,0.0001295097194000755,-3.799972498197482e-05,1.0,0,1.0,2.0
2025-10-23,280.324204407376,289.9789680654134,277.67311116963447,288.1587829589844,881600,664.5899658203125,252.0,1.0,1.0,4.0,5.0,0.00016258214349360416,-5.899453916621347e-05,1.0,0,1.0,3.0
2025-10-24,287.8916846983788,288.8512259372855,284.5481280063432,287.5157775878906,791900,670.0213623046875,248.0,1.0,1.0,4.0,5.0,0.00015445327532185029,-3.884824739732703e-05,1.0,0,1.0,4.0
2025-10-27,287.30808595729013,291.3836537211051,287.1893847895668,289.1875915527344,1027000,677.9260864257812,245.0,1.0,1.0,4.0,5.0,0.0001654013997132891,3.0946739036135217e-06,1.0,0,1.0,5.0
2025-10-28,294.0050790378497,296.44844542859965,284.9043037559956,291.6210632324219,1329400,679.7266235351562,241.0,1.0,1.0,4.0,5.0,0.00018628463907648072,8.007236562692315e-05,1.0,0,1.0,6.0
2025-10-29,290.7109817294162,293.2928225870638,288.19836309110565,289.5140380859375,1337300,680.0531616210938,238.0,1.0,1.0,4.0,5.0,0.00020471466531141937,0.0001295097194000755,-1.0,0,2.0,7.0
2025-10-30,289.84047686109045,290.68131704668025,280.9375270598966,282.5301513671875,1790900,672.5739135742188,237.0,1.0,1.0,4.0,5.0,0.0002072232641162077,0.00016258214349360416,-1.0,0,2.0,8.0
2025-10-31,282.6191809954948,284.05352688286825,274.60652088620776,275.1901550292969,1782400,674.780029296875,236.0,1.0,1.0,4.0,5.0,0.0001977025482396957,0.00015445327532185029,-1.0,0,2.0,9.0
2025-11-03,274.99233913011426,277.7324886933857,268.4833065659327,276.90155029296875,1295100,676.04638671875,233.0,1.0,1.0,4.0,5.0,0.00021516235176269043,0.0001654013997132891,-1.0,0,2.0,10.0
2025-11-04,276.8718453297427,281.20458862722205,273.7162419986702,278.8304748535156,1413500,668.0327758789062,229.0,1.0,1.0,4.0,5.0,0.00024148487733331725,0.00018628463907648072,-1.0,0,2.0,11.0
2025-11-05,257.928316694618,262.8348525774551,248.45163531436475,262.0830383300781,3485400,670.3478393554688,241.0,1.0,4.0,4.0,6.0,0.00023151889274219823,0.00020471466531141937,-1.0,1,4.0,1.0
2025-11-06,258.9373415324472,261.5587594306482,248.12519646857632,248.4021759033203,2465900,663.1554565429688,249.0,4.0,4.0,4.0,12.0,0.00016035756319642734,0.0002072232641162077,-1.0,0,4.0,2.0
2025-11-07,248.3032516710432,253.4669785902876,245.89946259436215,249.3221435546875,1472200,663.808349609375,245.0,4.0,4.0,4.0,12.0,7.691865326021953e-05,0.0001977025482396957,-1.0,0,4.0,3.0
2025-11-10,245.46421649112992,246.81943845802064,235.07744176921307,235.84902954101562,1974400,674.1666259765625,253.0,4.0,4.0,4.0,12.0,-9.316974030948317e-07,0.00021516235176269043,-1.0,0,4.0,4.0
2025-11-11,237.39220250397307,242.85268252481035,235.9281661188076,240.84457397460938,1491900,675.7098999023438,251.0,4.0,4.0,4.0,12.0,-2.8884551405229463e-05,0.00024148487733331725,-1.0,0,4.0,5.0
2025-11-12,241.08199087671838,244.05952749091233,237.82745972017702,237.88681030273438,1829000,676.0859375,248.0,4.0,4.0,4.0,12.0,-1.7847503290451534e-05,0.00023151889274219823,-1.0,0,4.0,6.0
2025-11-13,237.90658261979237,240.3004848830769,233.50457194775575,234.1871337890625,1456900,664.8670043945312,245.0,4.0,4.0,4.0,12.0,1.2507795742216164e-05,0.00016035756319642734,-1.0,0,4.0,7.0
2025-11-14,232.8220182852267,234.87959061309584,228.2221671585019,234.5630340576172,1540400,664.758056640625,241.0,4.0,4.0,4.0,12.0,5.1186887320478455e-06,7.691865326021953e-05,-1.0,0,4.0,8.0
2025-11-17,233.9497374407639,236.4227790627593,230.77434535665262,231.58551025390625,1261600,658.5650024414062,238.0,4.0,4.0,4.0,12.0,-4.485802679874396e-05,-9.316974030948317e-07,-1.0,0,4.0,9.0
2025-11-18,230.42812762813895,236.34363893696923,228.32109134479924,231.57562255859375,1423200,653.0346069335938,235.0,4.0,4.0,4.0,12.0,-8.23910098135502e-05,-2.8884551405229463e-05,-1.0,0,4.0,10.0
2025-11-19,235.3148469780154,236.51179059770584,224.36421209456933,226.43167114257812,1493300,655.5574340820312,233.0,4.0,4.0,4.0,12.0,-0.00011049307540813907,-1.7847503290451534e-05,-1.0,0,4.0,11.0
2025-11-20,229.47846644231382,231.0612190662269,220.39746514914987,220.88217163085938,1442400,645.5652465820312,232.0,4.0,4.0,4.0,12.0,-0.00013353706172905124,1.2507795742216164e-05,-1.0,0,4.0,12.0
2025-11-21,220.9712206337762,229.2608459164432,219.11148849718467,224.65110778808594,1779600,651.9959106445312,230.0,4.0,4.0,4.0,12.0,-0.00014091020516853727,5.1186887320478455e-06,-1.0,0,4.0,13.0
2025-11-24,227.03510933819638,227.37145447294444,219.6456597085931,226.72845458984375,2121100,661.59228515625,227.0,4.0,4.0,4.0,12.0,-0.00011739621798458104,-4.485802679874396e-05,-1.0,0,4.0,14.0
2025-11-25,225.9370656090751,235.56215400374197,225.9370656090751,235.31484985351562,2181900,667.815185546875,229.0,4.0,4.0,4.0,12.0,-5.1828142810831865e-05,-8.23910098135502e-05,1.0,0,4.0,15.0
2025-11-26,235.07743751017705,243.51545409051792,233.01986512456583,243.33740234375,1993500,672.4254150390625,230.0,4.0,4.0,4.0,12.0,1.0953076384007126e-05,-0.00011049307540813907,1.0,0,4.0,16.0
2025-11-28,243.53525067787683,244.59370464958013,240.19169355425194,243.11978149414062,621900,676.0958862304688,227.0,4.0,4.0,4.0,12.0,4.398170187845835e-05,-0.00013353706172905124,1.0,0,4.0,17.0
2025-12-01,243.34728602623593,244.10898704221958,239.20246601583142,239.61793518066406,1623500,673.0091552734375,225.0,4.0,4.0,4.0,12.0,3.0187786523658347e-05,-0.00014091020516853727,1.0,0,4.0,18.0
2025-12-02,239.4794332255391,241.36884047647834,236.23480411847703,239.35084533691406,1696400,674.2556762695312,221.0,4.0,4.0,4.0,12.0,-4.560473451305589e-06,-0.00011739621798458104,-1.0,0,4.0,19.0
2025-12-03,240.16199924977252,255.55420676597143,238.99473093466995,254.1495361328125,2530800,676.5905151367188,233.0,4.0,1.0,4.0,11.0,-1.6765171611833247e-05,-5.1828142810831865e-05,1.0,0,2.0,20.0
2025-12-04,252.74484847019212,254.70350826161607,248.32304893520902,250.29159545898438,2097400,677.085205078125,230.0,4.0,1.0,4.0,11.0,-1.9703143188090397e-05,1.0953076384007126e-05,1.0,0,2.0,21.0
2025-12-05,259.68914388933865,261.94455664205486,253.37796702555573,255.06951904296875,1626900,678.3712158203125,228.0,1.0,1.0,4.0,5.0,-6.761192024698052e-06,4.398170187845835e-05,1.0,0,1.0,1.0
2025-12-08,257.1963323203261,259.5011938616428,253.45709454259355,253.62527465820312,1282100,676.3333129882812,225.0,1.0,1.0,4.0,5.0,-1.5580278239648308e-05,3.0187786523658347e-05,1.0,0,2.0,2.0
2025-12-09,252.90313264272305,255.86088076919174,247.13599775550304,247.68995666503906,970700,675.7495727539062,224.0,1.0,1.0,4.0,5.0,-3.68510690696047e-05,-4.560473451305589e-06,1.0,0,2.0,3.0
2025-12-10,246.5721221510909,254.07038572559745,244.8607816742703,253.892333984375,1046900,680.231201171875,223.0,1.0,1.0,4.0,5.0,-4.7432628630997445e-05,-1.6765171611833247e-05,1.0,0,1.0,4.0
2025-12-11,253.8626714177331,268.26566329605276,251.96337727826494,263.6163330078125,1902200,681.8141479492188,226.0,1.0,1.0,4.0,5.0,-1.9655549774223824e-05,-1.9703143188090397e-05,1.0,0,1.0,5.0
2025-12-12,264.4769336472626,272.0246610772533,264.3483608485892,265.5552062988281,1130700,674.4832763671875,223.0,1.0,1.0,4.0,5.0,2.8372506302175087e-05,-6.761192024698052e-06,1.0,0,1.0,6.0
2025-12-15,265.9311002110433,271.96532784719994,262.51832086271867,271.7773742675781,2028800,673.4641723632812,222.0,1.0,1.0,4.0,5.0,8.231397624455917e-05,-1.5580278239648308e-05,1.0,0,1.0,7.0
2025-12-16,265.2287801917337,267.4347443290203,253.28892722363025,255.37619018554688,2999800,671.6240844726562,234.0,1.0,1.0,4.0,5.0,6.980575051093824e-05,-3.68510690696047e-05,-1.0,0,2.0,8.0
2025-12-17,254.6936310582057,263.2107725587709,253.58571315782314,257.47332763671875,1081900,664.23388671875,231.0,1.0,1.0,4.0,5.0,5.1812052685314205e-05,-4.7432628630997445e-05,1.0,0,1.0,9.0
2025-12-18,256.5038482628162,263.8240751382657,254.63424461629327,257.8591003417969,1302000,669.2496337890625,228.0,1.0,1.0,4.0,5.0,2.6009662083161893e-05,-1.9655549774223824e-05,1.0,0,1.0,10.0
2025-12-19,257.0380409276339,259.89689142777235,255.47509196307567,256.602783203125,1860100,675.3153686523438,224.0,1.0,1.0,4.0,5.0,4.3658336105449104e-05,2.8372506302175087e-05,-1.0,0,2.0,11.0
2025-12-22,253.22955806798876,260.1639608686188,253.22955806798876,254.9013214111328,1111700,679.5224609375,221.0,1.0,1.0,4.0,5.0,6.909708698213966e-05,8.231397624455917e-05,-1.0,0,2.0,12.0
2025-12-23,253.73407209564326,255.32669642026818,252.8239945840369,254.34738159179688,924800,682.6282348632812,218.0,1.0,1.0,4.0,5.0,0.00010664448584888715,6.980575051093824e-05,-1.0,0,2.0,13.0
2025-12-24,255.3860660799372,256.45440673828125,253.90224116149005,256.45440673828125,365400,685.0294799804688,215.0,1.0,1.0,3.0,3.0,0.0001417159889987218,5.1812052685314205e-05,-1.0,0,1.0,14.0
2025-12-26,256.35019272696445,257.104551974771,252.4988802438851,256.91595458984375,557200,684.9600219726562,212.0,1.0,1.0,3.0,3.0,0.00017773066275748937,2.6009662083161893e-05,-1.0,0,1.0,15.0
2025-12-29,256.6975884171406,258.07732403575307,255.19877532604266,256.4295959472656,901400,682.51904296875,209.0,1.0,1.0,3.0,3.0,0.0001946025268659919,4.3658336105449104e-05,-1.0,0,1.0,16.0
2025-12-30,256.18141556259707,259.2882739956026,255.52629264100065,257.1343078613281,598700,681.685546875,206.0,1.0,1.0,3.0,3.0,0.00022239741010071415,6.909708698213966e-05,-1.0,0,1.0,17.0
2025-12-31,256.459372364399,259.6952746525683,254.21607516664693,254.23594665527344,617600,676.635009765625,203.0,1.0,1.0,3.0,3.0,0.0002478941023960201,0.00010664448584888715,-1.0,0,1.0,18.0
2026-01-02,254.14661120549115,264.0329492443357,254.14661120549115,262.5242004394531,1443200,677.8753051757812,205.0,4.0,1.0,3.0,9.0,0.00029418744772045897,0.0001417159889987218,1.0,0,1.0,19.0
2026-01-05,262.64330886602005,275.6265699167359,261.34299864130725,273.7604675292969,1214900,682.3900756835938,210.0,1.0,1.0,3.0,3.0,0.0003783680471531082,0.00017773066275748937,1.0,0,1.0,20.0
2026-01-06,272.81750975557253,282.33658874909094,272.6388481128932,277.7705993652344,1014700,686.4483642578125,208.0,1.0,1.0,3.0,3.0,0.0004724673325518858,0.0001946025268659919,1.0,0,1.0,21.0
2026-01-07,274.51487818574765,276.8177294065321,271.6363293057197,273.0259704589844,737100,684.2356567382812,206.0,1.0,1.0,3.0,3.0,0.0005217075946153923,0.00022239741010071415,1.0,0,1.0,22.0
2026-01-08,274.63396197202513,280.6193692992017,273.55202608676336,275.51739501953125,750200,684.1661987304688,203.0,1.0,1.0,3.0,3.0,0.0005327267597557555,0.0002478941023960201,1.0,0,1.0,23.0
2026-01-09,277.4231653394765,278.7532524216263,274.69350155422325,274.8027038574219,610600,688.6908569335938,200.0,1.0,1.0,3.0,3.0,0.0005077111277039477,0.00029418744772045897,1.0,0,1.0,24.0
2026-01-12,274.6835959410442,275.0607604004969,269.72057087986616,274.54461669921875,719000,689.7723388671875,197.0,1.0,1.0,3.0,3.0,0.0004714736706944499,0.0003783680471531082,1.0,0,1.0,25.0
2026-01-13,274.39575356004747,275.90450239207615,270.84221037364216,271.93408203125,441600,688.3931884765625,195.0,1.0,1.0,3.0,3.0,0.0004045548361793557,0.0004724673325518858,1.0,0,1.0,26.0
2026-01-14,271.1499343427506,276.41072898140163,270.7628038338431,272.1127624511719,941600,685.009521484375,192.0,1.0,1.0,3.0,3.0,0.0003807745165476803,0.0005217075946153923,1.0,0,1.0,27.0
2026-01-15,272.6686228947588,283.4979174740984,267.2192005009567,281.8502197265625,976900,686.875,195.0,1.0,1.0,3.0,3.0,0.0003963456603673461,0.0005327267597557555,1.0,0,1.0,28.0
2026-01-16,280.35135970850257,280.9866111591731,269.56174816344355,271.25909423828125,885500,686.299560546875,199.0,1.0,1.0,3.0,3.0,0.0003730335562584129,0.0005077111277039477,-1.0,0,1.0,29.0
2026-01-20,269.30367830743904,277.51251130653617,265.9089859417264,266.0181579589844,1537100,672.3286743164062,198.0,1.0,1.0,3.0,3.0,0.00031666927519540797,0.0004714736706944499,-1.0,0,1.0,30.0
2026-01-21,268.1721239807254,269.5518292705272,263.2090986512609,268.6684265136719,1255500,680.0880737304688,195.0,1.0,1.0,3.0,3.0,0.00020625319108828253,0.0004045548361793557,-1.0,0,1.0,31.0
2026-01-22,268.8471083153569,272.6884853617091,263.04036218607575,264.3208312988281,1096100,683.6403198242188,194.0,1.0,1.0,3.0,3.0,0.00016000248078162083,0.0003807745165476803,-1.0,0,1.0,32.0
2026-01-23,263.08997680644524,267.19937657252456,262.04775353981006,264.5292663574219,1268500,683.8883056640625,191.0,1.0,1.0,3.0,3.0,0.00014023342312293046,0.0003963456603673461,-1.0,0,1.0,33.0
2026-01-26,262.89146036107775,267.10009618869367,259.53645035846193,261.68048095703125,1707800,687.3612060546875,189.0,1.0,1.0,3.0,3.0,0.00014586877363055923,0.0003730335562584129,-1.0,0,1.0,34.0
2026-01-27,218.3532585995449,221.350930145521,204.68509771941092,206.39236450195312,10459200,690.099853515625,373.0,4.0,4.0,4.0,12.0,3.494427135426369e-05,0.00031666927519540797,-1.0,1,4.0,1.0
2026-01-28,205.22109603347764,206.45193175969123,189.9746817150678,192.57530212402344,8300200,690.0303955078125,379.0,4.0,4.0,4.0,12.0,-0.00011207629091022395,0.00020625319108828253,-1.0,0,4.0,2.0
2026-01-29,194.52081668755025,196.31742944004807,191.79115274634162,195.21563720703125,3255300,688.6610717773438,374.0,4.0,4.0,4.0,12.0,-0.0002405070847789295,0.00016000248078162083,-1.0,0,4.0,3.0
2026-01-30,193.32970257335137,196.03951029761126,190.97721815053262,193.7565155029297,3220400,686.6071166992188,369.0,4.0,4.0,4.0,12.0,-0.0002645931947821091,0.00014023342312293046,-1.0,0,4.0,4.0
2026-02-02,187.4137686633449,190.96729677973303,184.62455072361468,185.815673828125,2819800,690.0204467773438,368.0,4.0,4.0,4.0,12.0,-0.0002806133418001835,0.00014586877363055923,-1.0,1,4.0,5.0
2026-02-03,185.65683205974491,191.97973619277877,185.56750124500203,191.59262084960938,2541800,684.18603515625,365.0,4.0,4.0,4.0,12.0,-0.0002969681078472987,3.494427135426369e-05,-1.0,0,4.0,6.0
2026-02-04,188.62473543023057,194.8880708388546,188.59495849056603,190.649658203125,2104100,680.8718872070312,359.0,4.0,4.0,4.0,12.0,-0.00031516272558611914,-0.00011207629091022395,-1.0,0,4.0,7.0
2026-02-05,190.3518775747079,194.7491107430354,188.4063649828973,192.11871337890625,2019800,672.3683471679688,354.0,4.0,4.0,4.0,12.0,-0.0003197561173711256,-0.0002405070847789295,-1.0,0,4.0,8.0
2026-02-06,187.83065233394544,195.29504666857383,187.83065233394544,192.50582885742188,1986400,685.267578125,349.0,4.0,4.0,4.0,12.0,-0.00032771268208034156,-0.0002645931947821091,-1.0,0,4.0,9.0
2026-02-09,191.55291166943064,193.75649601573647,187.274786475551,188.08872985839844,2228200,688.57177734375,345.0,4.0,4.0,4.0,12.0,-0.0003389263137551696,-0.0002806133418001835,-1.0,0,4.0,10.0
2026-02-10,188.16815309745135,190.1434275217641,179.5523330899862,179.9593048095703,4244800,686.7559204101562,345.0,4.0,4.0,4.0,12.0,-0.00036361489629197565,-0.0002969681078472987,-1.0,0,4.0,11.0
2026-02-11,169.69578168458878,181.56733069726124,168.35575868494962,174.10293579101562,6919300,686.5972290039062,343.0,4.0,4.0,4.0,12.0,-0.0003961064809504377,-0.00031516272558611914,-1.0,0,4.0,12.0
2026-02-12,171.42289436934104,180.44567091585668,169.23916622148,177.507568359375,3327000,675.9900512695312,339.0,4.0,4.0,4.0,12.0,-0.0004173231730481705,-0.0003197561173711256,-1.0,0,4.0,13.0
2026-02-13,177.5174744361616,183.13562236711303,177.10058215397814,182.73858642578125,2740700,676.4663696289062,336.0,4.0,4.0,4.0,12.0,-0.0004202850186689269,-0.00032771268208034156,-1.0,0,4.0,14.0
2026-02-17,182.9172682446403,186.26234261471333,181.64673491700626,183.6220245361328,1987700,677.5578002929688,331.0,4.0,4.0,4.0,12.0,-0.00041360458407763666,-0.0003389263137551696,-1.0,0,4.0,15.0
2026-02-18,183.90986217681896,186.57997218067118,181.6963571595012,185.7362518310547,1415800,680.9711303710938,327.0,4.0,4.0,4.0,12.0,-0.00040755668527019394,-0.00036361489629197565,-1.0,0,4.0,16.0
2026-02-19,186.4707860802398,190.60002674057156,182.31176847995937,189.0912628173828,1653800,679.1751098632812,323.0,4.0,4.0,4.0,12.0,-0.0004024883193780135,-0.0003961064809504377,1.0,0,4.0,17.0
2026-02-20,189.14090062264546,190.39157756825435,186.1134521058664,188.4262237548828,1582500,684.0868530273438,318.0,4.0,4.0,4.0,12.0,-0.0004022647727878635,-0.0004173231730481705,1.0,0,4.0,18.0
2026-02-23,187.48325557852166,188.2177736569335,179.49278151803563,179.82034301757812,1259800,677.1013793945312,320.0,4.0,4.0,4.0,12.0,-0.0004204059042929014,-0.0004202850186689269,-1.0,0,4.0,19.0
2026-02-24,179.1652073221568,179.55232267673782,171.98867721986957,173.34854125976562,2041800,682.0228881835938,319.0,4.0,4.0,4.0,12.0,-0.0004602889240150197,-0.00041360458407763666,-1.0,0,4.0,20.0
2026-02-25,176.48517960855202,177.85496426813282,173.95403372065894,174.75804138183594,1894500,687.7779541015625,315.0,4.0,4.0,4.0,12.0,-0.0004969586661943766,-0.00040755668527019394,-1.0,0,4.0,21.0
2026-02-26,177.52741108175022,186.05388443386636,176.43553951861352,185.44839477539062,1925600,683.957763671875,320.0,4.0,4.0,4.0,12.0,-0.0004970028379591815,-0.0004024883193780135,1.0,0,4.0,22.0
2026-02-27,184.31684061299384,190.58017627449613,182.69888947812564,189.13096618652344,2346200,680.6734008789062,317.0,4.0,4.0,4.0,12.0,-0.00047339991463769,-0.0004022647727878635,1.0,0,4.0,23.0
2026-03-02,187.0365550122506,188.09864964441513,180.65411205954382,185.8950653076172,1271600,681.0604858398438,313.0,4.0,4.0,4.0,12.0,-0.0004566226727766792,-0.0004204059042929014,1.0,0,4.0,24.0
2026-03-03,183.1058564076349,183.48305117668147,175.40324660392622,180.2372283935547,1707300,675.057373046875,311.0,4.0,4.0,4.0,12.0,-0.0004417960829195913,-0.0004602889240150197,-1.0,0,4.0,25.0
2026-03-04,179.9493567515372,183.45326639355963,179.1751260504531,181.7559051513672,1441900,679.8201904296875,307.0,4.0,4.0,4.0,12.0,-0.00043325407270209244,-0.0004969586661943766,-1.0,0,4.0,26.0
2026-03-05,179.87988617517993,182.33162183040446,176.53481204424924,179.41336059570312,1734100,676.0297241210938,303.0,4.0,4.0,3.0,10.0,-0.0004260859904907744,-0.0004970028379591815,-1.0,0,4.0,27.0
2026-03-06,180.1181257865185,180.1181257865185,176.8723029105263,177.8251953125,1149900,667.1689453125,298.0,4.0,4.0,3.0,10.0,-0.0004381134525354212,-0.00047339991463769,-1.0,0,4.0,28.0
2026-03-09,176.63406508724802,177.94431101936522,172.53461654232,177.20977783203125,1747200,673.0133056640625,294.0,4.0,4.0,3.0,10.0,-0.0004520744125353755,-0.0004566226727766792,-1.0,0,4.0,29.0
2026-03-10,178.38106656916108,178.6490590371455,170.68837715697865,172.33609008789062,1405800,671.9317016601562,292.0,4.0,4.0,3.0,10.0,-0.0004618115390788285,-0.0004417960829195913,-1.0,0,4.0,30.0
2026-03-11,171.72068025191328,173.33863139232082,168.5244906563576,169.6858367919922,1379500,671.0883178710938,289.0,4.0,4.0,3.0,10.0,-0.0004427336170248632,-0.00043325407270209244,-1.0,0,4.0,31.0
2026-03-12,169.378129613995,169.67591416607527,162.39019654106158,162.4596710205078,1810000,660.8978881835938,290.0,4.0,4.0,3.0,10.0,-0.0004206931474365243,-0.0004260859904907744,-1.0,0,4.0,32.0
2026-03-13,164.22650612257854,167.90907760367878,163.77983686939774,164.20664978027344,1274900,657.1571655273438,286.0,4.0,4.0,3.0,10.0,-0.0003801273416663255,-0.0004381134525354212,-1.0,0,4.0,33.0
2026-03-16,166.35067942712394,171.82986363399712,165.93378711678974,168.73294067382812,1410600,663.8449096679688,285.0,4.0,4.0,3.0,10.0,-0.0003623338794368162,-0.0004520744125353755,-1.0,0,4.0,34.0
2026-03-17,170.30125871411062,171.81994325582616,167.98848708914383,169.50717163085938,1111400,665.5912475585938,280.0,4.0,4.0,3.0,10.0,-0.0003360019916622543,-0.0004618115390788285,-1.0,0,4.0,35.0
2026-03-18,167.75026209535713,171.1449697237963,166.32090832634026,169.15975952148438,1482700,656.3038330078125,276.0,4.0,4.0,3.0,10.0,-0.0003367804438425533,-0.0004427336170248632,1.0,0,4.0,36.0
2026-03-19,169.48730552606523,171.80007701781489,164.24635228282105,165.21910095214844,1502200,654.6864013671875,274.0,4.0,4.0,3.0,10.0,-0.00034437182142460124,-0.0004206931474365243,-1.0,0,4.0,37.0
2026-03-20,163.77984153131789,169.32850040635046,161.9038184977972,168.6436004638672,3986100,645.301025390625,272.0,4.0,4.0,3.0,10.0,-0.0003582677940510308,-0.0003801273416663255,1.0,0,4.0,38.0
2026-03-23,171.0953256741474,172.29638443519372,165.2985158831631,168.88182067871094,1654100,652.07666015625,268.0,4.0,4.0,3.0,10.0,-0.0003577373427650198,-0.0003623338794368162,1.0,0,4.0,39.0
2026-03-24,167.90907030086797,173.5371389964498,166.34075253790562,170.95635986328125,2042200,649.8877563476562,264.0,4.0,4.0,3.0,10.0,-0.0003491513420823833,-0.0003360019916622543,1.0,0,4.0,40.0
2026-03-25,172.71329214406208,173.87463832544753,168.03811533042622,172.95152282714844,1197600,653.5093994140625,261.0,4.0,4.0,3.0,10.0,-0.0003140554857814127,-0.0003367804438425533,1.0,0,4.0,41.0
2026-03-26,171.9489693437599,173.9044025127281,171.23429249287042,173.8448486328125,1198000,641.8385620117188,257.0,4.0,4.0,3.0,10.0,-0.0002751551582807999,-0.00034437182142460124,1.0,0,4.0,42.0
2026-03-27,173.09162497398813,174.18904194193527,166.71666602334238,168.69200134277344,1682500,630.8939819335938,256.0,4.0,4.0,3.0,10.0,-0.00028621395353798415,-0.0003582677940510308,1.0,0,4.0,43.0
2026-03-30,170.10866271611025,170.10866271611025,164.11281401852528,165.60928344726562,1766200,628.78466796875,254.0,4.0,4.0,3.0,10.0,-0.00035539451689681727,-0.0003577373427650198,1.0,0,4.0,44.0
2026-03-31,167.2154935389096,173.79996507366494,166.716670399091,172.9818878173828,1468100,647.0620727539062,257.0,4.0,4.0,3.0,10.0,-0.000402970880881137,-0.0003491513420823833,1.0,0,4.0,45.0
2026-04-01,173.12155980935088,178.41905918348945,171.6350613542386,176.53350830078125,1528900,651.9373779296875,255.0,4.0,4.0,3.0,10.0,-0.00039472043753153866,-0.0003140554857814127,1.0,0,4.0,46.0
2026-04-02,176.08456662267992,180.5739748368559,174.42847016129414,177.41143798828125,972900,652.5244140625,251.0,4.0,4.0,3.0,10.0,-0.000353778084110987,-0.0002751551582807999,1.0,0,4.0,47.0
2026-04-06,177.9800959480009,184.26527075734066,177.1221195108799,182.2200927734375,2055800,655.6088256835938,250.0,4.0,1.0,3.0,9.0,-0.00032001708566382117,-0.00028621395353798415,1.0,0,1.0,1.0
2026-04-07,201.5245494303514,203.02101885681444,189.60267937743765,196.6859588623047,5411500,655.8972778320312,267.0,4.0,1.0,3.0,9.0,-0.00022871630618625044,-0.00035539451689681727,1.0,0,1.0,2.0
2026-04-08,199.00050976337485,200.9958023742491,195.26930710080515,197.9230499267578,1985200,672.6027221679688,263.0,4.0,1.0,3.0,9.0,-0.00012016567613248863,-0.000402970880881137,1.0,0,1.0,3.0
2026-04-09,196.58620679765534,199.96822715155662,194.08210483770924,196.85557556152344,1319900,676.4829711914062,260.0,4.0,1.0,3.0,9.0,-3.81335342053865e-05,-0.00039472043753153866,1.0,0,1.0,4.0
2026-04-10,198.24229566261252,199.31974023076165,191.43834084046915,191.69772338867188,1371200,676.0353393554688,258.0,4.0,1.0,3.0,9.0,-6.839752310471057e-05,-0.000353778084110987,1.0,0,1.0,5.0
2026-04-13,190.55043432858903,197.98289586908228,189.57274526302498,197.76341247558594,1424200,682.641845703125,258.0,4.0,1.0,3.0,9.0,-0.00011719722385462862,-0.00032001708566382117,1.0,0,1.0,6.0
2026-04-14,198.04275848043696,201.3150370761731,195.08973400276005,195.74818420410156,1123400,690.959716796875,255.0,4.0,1.0,3.0,9.0,-0.00015947586100221686,-0.00022871630618625044,-1.0,0,2.0,7.0
2026-04-15,196.26695210947238,198.2722309127915,192.54573567718347,197.90309143066406,1294600,696.412109375,251.0,4.0,1.0,3.0,9.0,-0.00015816000230510477,-0.00012016567613248863,1.0,0,1.0,8.0
2026-04-16,198.35203934435705,201.27513561784988,195.74818196239332,200.28746032714844,1825300,698.1234130859375,248.0,4.0,1.0,3.0,9.0,-0.00015305237270592546,-3.81335342053865e-05,1.0,0,1.0,9.0
2026-04-17,201.32501546084347,205.04623169552846,199.85847426158685,204.6571502685547,1896600,706.5607299804688,246.0,4.0,1.0,3.0,9.0,-0.0001299220922966154,-6.839752310471057e-05,1.0,0,1.0,10.0
2026-04-20,203.8091467793566,210.09432123177194,203.44002253624748,209.84490966796875,1506700,705.1477661132812,245.0,4.0,1.0,3.0,9.0,-8.795256317394562e-05,-0.00011719722385462862,1.0,0,1.0,11.0
2026-04-21,221.18815593177288,223.21337659362558,215.9804413090449,216.848388671875,3067200,700.53125,245.0,4.0,1.0,3.0,9.0,-3.07277033875401e-05,-0.00015947586100221686,1.0,0,1.0,12.0
2026-04-22,218.74391305411308,219.342506898077,213.38655751984368,216.88829040527344,1639400,707.6253051757812,242.0,4.0,1.0,3.0,9.0,2.0900460153188302e-05,-0.00015816000230510477,1.0,0,1.0,13.0
2026-04-23,217.94580940656883,219.28265174607276,212.28914169680243,214.44406127929688,1228300,704.8792114257812,239.0,4.0,1.0,3.0,9.0,4.4592122149995145e-05,-0.00015305237270592546,1.0,0,1.0,14.0
2026-04-24,213.62600215971736,214.8930019710047,211.18175660283228,214.72340393066406,1011700,710.341552734375,235.0,4.0,1.0,3.0,9.0,7.638401271798513e-05,-0.0001299220922966154,1.0,0,1.0,15.0
2026-04-27,214.49395230075962,224.15116107876298,213.74571758343137,223.09365844726562,1348300,711.5653076171875,237.0,4.0,1.0,3.0,9.0,0.00012953550553311232,-8.795256317394562e-05,1.0,0,1.0,16.0
2026-04-28,224.47041434267712,233.65874333450202,224.47041434267712,229.17930603027344,2945000,708.1028442382812,237.0,4.0,1.0,3.0,9.0,0.00019296459247832663,-3.07277033875401e-05,1.0,0,1.0,17.0
2026-04-29,216.6787991390283,243.97440211363303,213.39653433559596,242.54776000976562,4028000,707.993408203125,246.0,4.0,1.0,3.0,9.0,0.0002633942292873641,2.0900460153188302e-05,1.0,0,1.0,18.0
2026-04-30,242.3681845694792,246.2390569252774,235.73382781416151,235.88348388671875,2164800,715.0377197265625,245.0,4.0,1.0,3.0,9.0,0.000297542953708212,4.4592122149995145e-05,1.0,0,1.0,19.0
2026-05-01,237.2003774870827,237.56951696758205,230.5760067008808,233.08010864257812,1493300,717.0177001953125,242.0,4.0,1.0,3.0,9.0,0.0003499145698987656,7.638401271798513e-05,1.0,0,1.0,20.0
2026-05-04,233.61882964283302,237.8288981997825,233.1599208747528,237.39991760253906,1058600,714.3909912109375,240.0,4.0,1.0,3.0,9.0,0.0003666883585320651,0.00012953550553311232,1.0,0,1.0,21.0
2026-05-05,237.3699768717333,242.12875398553334,237.04076698883546,238.96621704101562,1183400,720.1220092773438,236.0,4.0,1.0,3.0,9.0,0.0004114651893745122,0.00019296459247832663,1.0,0,1.0,22.0
2026-05-06,240.74202496078235,251.18738288509257,240.5025995926717,245.75021362304688,1544800,730.1312866210938,236.0,1.0,1.0,3.0,3.0,0.00044807250441844656,0.0002633942292873641,1.0,0,1.0,23.0
2026-05-07,245.2015029670993,247.72554685297132,239.085926362304,246.53834533691406,1178500,727.8926391601562,232.0,1.0,1.0,3.0,3.0,0.0004879628898278923,0.000297542953708212,1.0,0,1.0,24.0
2026-05-08,249.41156322791548,274.3227913809496,246.9174475956363,274.31280517578125,3151900,733.9021606445312,271.0,1.0,1.0,3.0,3.0,0.0005630570541939587,0.0003499145698987656,1.0,0,1.0,25.0
2026-05-11,271.4395794624955,283.63081790736294,269.32457427478727,273.6144714355469,2485000,735.5736694335938,267.0,1.0,1.0,3.0,3.0,0.0006435132024425535,0.0003666883585320651,1.0,0,1.0,26.0
2026-05-12,273.1655359709722,296.75986530900485,271.31988419301524,294.65484619140625,2904400,734.4593505859375,282.0,1.0,1.0,4.0,5.0,0.0007761675679279047,0.0004114651893745122,1.0,0,1.0,27.0
2026-05-13,297.63778973295024,307.7738796665441,291.38255847134764,304.1324768066406,3077800,738.5685424804688,281.0,1.0,1.0,4.0,5.0,0.0008542132167847955,0.00044807250441844656,1.0,0,1.0,28.0
2026-05-14,302.06734344506754,305.2697795215126,297.3883798941788,300.6407165527344,2036800,744.3989868164062,277.0,1.0,1.0,4.0,5.0,0.0009087016771104683,0.0004879628898278923,1.0,0,1.0,29.0
2026-05-15,301.28917346090867,310.20813354802715,294.3056495727419,304.4018249511719,1975700,735.4443969726562,274.0,1.0,1.0,4.0,5.0,0.0009240764722575847,0.0005630570541939587,1.0,0,1.0,30.0
2026-05-18,299.8326146003206,305.838434106926,292.6694913363705,305.2797546386719,1744700,734.927001953125,270.0,1.0,1.0,4.0,5.0,0.0009196982392937859,0.0006435132024425535,1.0,0,1.0,31.0
2026-05-19,304.062622859641,312.4528314756989,301.37895201145943,309.81903076171875,1720300,730.0317993164062,266.0,1.0,1.0,4.0,5.0,0.0008990097240074843,0.0007761675679279047,1.0,0,1.0,32.0
2026-05-20,313.7597622880416,314.91703565299133,303.33434624357335,303.3842468261719,1593900,737.5138549804688,264.0,1.0,1.0,4.0,5.0,0.000834788167747601,0.0008542132167847955,1.0,0,1.0,33.0
2026-05-21,302.97519616621076,305.9282205810518,299.2938790186219,302.9652099609375,939300,738.9764404296875,260.0,1.0,1.0,4.0,5.0,0.0007812940508192378,0.0009087016771104683,1.0,0,1.0,34.0
2026-05-22,304.32203483245735,308.48220283956135,301.2891815660556,307.2251892089844,677900,741.8817749023438,257.0,1.0,1.0,4.0,5.0,0.0007722348771652702,0.0009240764722575847,1.0,0,1.0,35.0
2026-05-26,304.8807201816573,305.73868139924065,299.603162646542,300.97991943359375,698100,746.8068237304688,255.0,1.0,1.0,4.0,5.0,0.0007587378692849601,0.0009196982392937859,-1.0,0,2.0,36.0
2026-05-27,303.9229649873946,306.97576004432517,301.32907867578285,305.5491027832031,724900,746.677490234375,252.0,1.0,1.0,4.0,5.0,0.0007779240059059903,0.0008990097240074843,1.0,0,1.0,37.0
2026-05-28,305.5890299633894,308.98102123037165,303.284469489442,307.9734191894531,576600,750.7965698242188,248.0,1.0,1.0,4.0,5.0,0.0007615431848506611,0.000834788167747601,1.0,0,1.0,38.0
2026-05-29,308.40240054506205,308.51212702230754,302.29681016026524,304.7011413574219,1575200,752.6671142578125,245.0,1.0,1.0,4.0,5.0,0.0007633449603021352,0.0007812940508192378,-1.0,0,2.0,39.0
2026-06-01,317.8001944946132,332.5254625969828,315.2562087855601,327.5372314453125,1954600,754.7167358398438,261.0,1.0,1.0,4.0,5.0,0.00076705474940464,0.0007722348771652702,1.0,0,1.0,40.0
2026-06-02,324.3846946829958,327.5372607059767,317.3812284808623,320.124755859375,919700,755.7415771484375,259.0,1.0,1.0,4.0,5.0,0.0007573044010423152,0.0007587378692849601,1.0,0,1.0,41.0
2026-06-03,320.44399967796284,331.4779651804919,320.44399967796284,326.7690734863281,1125100,750.4384155273438,256.0,1.0,1.0,4.0,5.0,0.0007689476745157993,0.0007779240059059903,1.0,0,1.0,42.0
2026-06-04,335.4884874047315,351.05177534981055,332.7649021194745,348.9766540527344,1892200,753.2740478515625,268.0,1.0,1.0,4.0,5.0,0.0007875193307793418,0.0007615431848506611,1.0,0,1.0,43.0
2026-06-05,348.01890985338974,351.0517629403504,341.90333354588984,349.2559814453125,1739400,733.83251953125,264.0,1.0,1.0,4.0,5.0,0.0008283892839149929,0.0007633449603021352,1.0,0,1.0,44.0
2026-06-08,344.81647566242845,355.1720485307729,343.11050911258326,355.1421203613281,1117700,735.4940795898438,261.0,1.0,1.0,4.0,5.0,0.0008804905319702393,0.00076705474940464,1.0,0,1.0,45.0
2026-06-09,356.48892803008494,364.36037170920173,354.4637073211379,362.3251647949219,1436000,733.3350219726562,259.0,1.0,1.0,4.0,5.0,0.0008906840139182439,0.0007573044010423152,1.0,0,1.0,46.0
2026-06-10,363.48242965577026,368.4706608863414,358.73362378162733,363.6021423339844,960800,721.7736206054688,255.0,1.0,1.0,4.0,5.0,0.0009097962057382129,0.0007689476745157993,1.0,0,1.0,47.0
2026-06-11,367.9818316460422,371.8227758628698,363.50237920442083,367.82220458984375,1097700,734.04150390625,252.0,1.0,1.0,4.0,5.0,0.000894116680478536,0.0007875193307793418,1.0,0,1.0,48.0
2026-06-12,369.86737169030897,378.60676283596035,364.6497011370317,378.3274230957031,980000,738.0113525390625,251.0,1.0,1.0,4.0,5.0,0.000920116264041006,0.0008283892839149929,1.0,0,1.0,49.0
2026-06-15,373.1596290558376,379.8937415533899,362.9337545225176,379.364990234375,1784600,751.0254516601562,247.0,1.0,1.0,4.0,5.0,0.000960897662065436,0.0008804905319702393,1.0,0,1.0,50.0
2026-06-16,379.5644807878849,379.96353319562104,367.8221954774965,368.62030029296875,1697100,746.5481567382812,247.0,1.0,1.0,4.0,5.0,0.0009794298310969345,0.0008906840139182439,1.0,0,1.0,51.0
2026-06-17,366.86447329806856,367.4231527728023,358.603963412221,361.14794921875,1420200,737.225341796875,245.0,1.0,1.0,4.0,5.0,0.0009448612460015163,0.0009097962057382129,1.0,1,2.0,52.0
2026-06-18,362.6743430383963,369.0193890725606,356.5787390145383,359.8011169433594,3571100,744.8902587890625,241.0,1.0,1.0,4.0,5.0,0.0008794265242011288,0.000894116680478536,-1.0,0,2.0,53.0
2026-06-22,362.3750736153279,369.0892136754255,355.5411904257576,359.8709716796875,1705900,742.546142578125,237.0,1.0,1.0,4.0,5.0,0.0008535591335262025,0.000920116264041006,-1.0,0,2.0,54.0
2026-06-23,361.04816760636925,365.12853706814536,357.88564608009705,358.2846984863281,1568500,731.7628784179688,234.0,1.0,1.0,4.0,5.0,0.0008091197666187194,0.000960897662065436,1.0,0,1.0,55.0
2026-06-24,361.0781138620788,364.7694173075446,352.22899615508356,360.788818359375,1663000,731.4237060546875,231.0,1.0,1.0,4.0,5.0,0.0007899724742583572,0.0009794298310969345,1.0,0,1.0,56.0
2026-06-25,357.7060509826988,378.7563929600007,357.7060509826988,375.114990234375,1151100,732.4810791015625,233.0,1.0,1.0,4.0,5.0,0.0007788096245524576,0.0009448612460015163,1.0,0,1.0,57.0
2026-06-26,374.3299865722656,385.489990234375,372.6099853515625,383.8399963378906,1704900,727.1842651367188,232.0,1.0,1.0,4.0,5.0,0.0007970959172015297,0.0008794265242011288,1.0,0,1.0,58.0
2026-06-29,381.3800048828125,390.0199890136719,377.5400085449219,388.8999938964844,1231100,739.1644897460938,229.0,1.0,1.0,4.0,5.0,0.0008049624571855139,0.0008535591335262025,1.0,0,1.0,59.0
2026-06-30,389.3599853515625,398.79998779296875,385.8399963378906,397.2200012207031,1548500,744.9202270507812,228.0,1.0,1.0,4.0,5.0,0.0008092375805156243,0.0008091197666187194,1.0,0,1.0,60.0
2026-07-01,395.6700134277344,414.82000732421875,391.9700012207031,409.4200134277344,1689300,743.9127197265625,228.0,1.0,1.0,4.0,5.0,0.0008404913303827927,0.0007899724742583572,1.0,0,1.0,61.0
2026-07-02,412.2200012207031,415.0,391.6400146484375,396.75,1398900,742.9351806640625,229.0,1.0,1.0,4.0,5.0,0.0008299366655322953,0.0007788096245524576,1.0,0,1.0,62.0
2026-07-06,398.0,400.0,388.1000061035156,392.8599853515625,1349400,749.4190673828125,226.0,1.0,1.0,4.0,5.0,0.0008178237346618523,0.0007970959172015297,1.0,0,1.0,63.0
2026-07-07,395.1499938964844,400.0,391.82000732421875,394.6199951171875,831100,745.85791015625,223.0,1.0,1.0,3.0,3.0,0.0007922670556807601,0.0008049624571855139,1.0,0,1.0,64.0
2026-07-08,396.20001220703125,405.04998779296875,393.3399963378906,396.2900085449219,1181900,743.5536499023438,219.0,1.0,1.0,3.0,3.0,0.0008086572446185225,0.0008092375805156243,1.0,0,1.0,65.0
2026-07-09,394.9599914550781,403.4100036621094,390.9700012207031,397.760009765625,1225700,749.8480224609375,216.0,1.0,1.0,3.0,3.0,0.0008241068712580127,0.0008404913303827927,1.0,0,1.0,66.0
2026-07-10,398.6600036621094,398.6600036621094,390.4599914550781,392.2200012207031,1788300,753.0799560546875,214.0,1.0,1.0,3.0,3.0,0.0008148692730502471,0.0008299366655322953,-1.0,0,1.0,67.0
2026-07-13,399.7099914550781,409.3699951171875,396.5199890136719,406.0,1156700,747.3142700195312,216.0,1.0,1.0,3.0,3.0,0.0008362961739683017,0.0008178237346618523,1.0,0,1.0,68.0
2026-07-14,410.0,412.6700134277344,403.80999755859375,406.7699890136719,967100,749.9677124023438,213.0,1.0,1.0,3.0,3.0,0.000862385502892656,0.0007922670556807601,1.0,0,1.0,69.0
2026-07-15,401.8299865722656,412.3299865722656,394.4599914550781,407.7799987792969,1565800,752.9403076171875,209.0,1.0,1.0,3.0,3.0,0.0008871802174477849,0.0008086572446185225,1.0,0,1.0,70.0
2026-07-16,424.5400085449219,428.8800048828125,385.2200012207031,386.4800109863281,2288100,748.8604125976562,219.0,1.0,1.0,3.0,3.0,0.0008337287579231302,0.0008241068712580127,-1.0,0,1.0,71.0
2026-07-17,387.5,401.3699951171875,385.7900085449219,400.0,2047900,741.4487915039062,221.0,1.0,1.0,3.0,3.0,0.0007841183496996609,0.0008148692730502471,1.0,0,1.0,72.0
2026-07-20,400.32000732421875,406.5400085449219,396.44000244140625,398.20001220703125,1052400,740.2518310546875,217.0,1.0,1.0,3.0,3.0,0.000745690917424284,0.0008362961739683017,1.0,0,1.0,73.0
2026-07-21,399.4200134277344,407.3399963378906,396.510009765625,404.3399963378906,724900,746.426513671875,215.0,1.0,1.0,3.0,3.0,0.0008237017272528581,0.000862385502892656,1.0,0,1.0,74.0
2026-07-22,400.67999267578125,404.6099853515625,394.8599853515625,397.6000061035156,689700,745.55859375,213.0,1.0,1.0,3.0,3.0,0.0008989428652288125,0.0008871802174477849,-1.0,0,1.0,75.0
2026-07-23,394.5,397.3999938964844,389.2099914550781,394.5,1182600,736.3515014648438,210.0,1.0,4.0,3.0,4.0,0.0009685706755792836,0.0008337287579231302,1.0,0,2.0,76.0
2026-07-24,395.489990234375,399.6099853515625,387.4100036621094,389.32000732421875,740300,737.099609375,208.0,1.0,4.0,3.0,4.0,0.0009559448440038598,0.0007841183496996609,-1.0,0,2.0,77.0
2026-07-27,390.5799865722656,391.4100036621094,376.510009765625,381.1499938964844,1361800,737.25927734375,207.0,1.0,4.0,3.0,4.0,0.0009248769341357841,0.000745690917424284,-1.0,0,2.0,78.0
2026-07-28,378.67999267578125,389.239990234375,371.5,388.7099914550781,2253600,739.0248413085938,206.0,1.0,4.0,3.0,4.0,0.00090990131760618,0.0008237017272528581,-1.0,0,2.0,79.0
2026-07-29,388.20001220703125,395.29998779296875,355.80999755859375,365.4100036621094,4110200,727.6531372070312,219.0,1.0,4.0,3.0,4.0,0.0008562289842608293,0.0008989428652288125,-1.0,0,4.0,1.0
2026-07-30,363.7699890136719,376.45001220703125,357.3800048828125,366.6600036621094,2368100,739.852783203125,216.0,1.0,4.0,3.0,4.0,0.0008114740870716794,0.0009685706755792836,-1.0,0,4.0,2.0
2026-07-31,371.69000244140625,372.1499938964844,362.8599853515625,363.8599853515625,1454600,745.1796264648438,213.0,1.0,4.0,3.0,4.0,0.0007647316176252919,0.0009559448440038598,-1.0,0,4.0,3.0
2026-08-03,365.0,374.5199890136719,360.760009765625,374.5,1394300,755.793212890625,214.0,1.0,4.0,3.0,4.0,0.0007895930878219227,0.0009248769341357841,-1.0,0,2.0,4.0
2026-08-04,374.6199951171875,374.6600036621094,360.17999267578125,362.1600036621094,1553400,769.4193725585938,215.0,1.0,4.0,3.0,4.0,0.0008004982550565733,0.00090990131760618,-1.0,0,4.0,5.0
2026-08-05,362.79998779296875,367.9200134277344,353.69000244140625,363.82000732421875,1492700,767.8831787109375,212.0,1.0,4.0,3.0,4.0,0.0008315391624954166,0.0008562289842608293,-1.0,0,4.0,6.0
2026-08-06,366.4599914550781,369.989990234375,355.7099914550781,367.239990234375,1371500,766.65625,210.0,1.0,4.0,3.0,4.0,0.0008477741994632448,0.0008114740870716794,-1.0,0,2.0,7.0
2026-08-07,364.0,385.6600036621094,363.7799987792969,385.0,1405000,771.3446044921875,216.0,1.0,4.0,3.0,4.0,0.000893546427770359,0.0007647316176252919,1.0,0,2.0,8.0
2026-08-10,385.0,393.4800109863281,384.0899963378906,385.70001220703125,1150400,771.1151733398438,213.0,1.0,4.0,3.0,4.0,0.0009105237850696441,0.0007895930878219227,1.0,0,2.0,9.0
2026-08-11,386.510009765625,389.5299987792969,371.9599914550781,372.82000732421875,732900,768.6513061523438,215.0,1.0,4.0,3.0,4.0,0.00088435648317147,0.0008004982550565733,-1.0,0,2.0,10.0
2026-08-12,371.9800109863281,389.4800109863281,370.3800048828125,388.8299865722656,1258700,770.5764770507812,219.0,1.0,4.0,3.0,4.0,0.0008512998345764299,0.0008315391624954166,1.0,0,2.0,11.0
2026-08-13,390.2699890136719,392.5799865722656,382.510009765625,384.9700012207031,754100,775.9531860351562,217.0,1.0,4.0,3.0,4.0,0.0008125396924178971,0.0008477741994632448,1.0,0,2.0,12.0
2026-08-14,384.0,389.70001220703125,380.0899963378906,389.04998779296875,761100,774.4169921875,214.0,1.0,4.0,3.0,4.0,0.0008282490409110815,0.000893546427770359,1.0,0,2.0,13.0
2026-08-17,386.5199890136719,387.0899963378906,380.05999755859375,384.30999755859375,756600,770.7560424804688,211.0,1.0,4.0,3.0,4.0,0.0008417670309493363,0.0009105237850696441,1.0,0,2.0,14.0
2026-08-18,384.0,392.5299987792969,381.69000244140625,382.0,741200,765.5490112304688,208.0,1.0,4.0,3.0,4.0,0.0008660557303296798,0.00088435648317147,1.0,0,2.0,15.0
2026-08-19,385.0,387.6099853515625,371.5,378.0199890136719,1141300,767.1549682617188,206.0,1.0,1.0,3.0,3.0,0.0008522487874574515,0.0008512998345764299,-1.0,0,1.0,1.0
2026-08-20,374.2900085449219,387.7900085449219,374.2900085449219,380.7300109863281,1316600,760.7109985351562,203.0,1.0,1.0,3.0,3.0,0.0008235426544722625,0.0008125396924178971,1.0,0,1.0,2.0
2026-08-21,381.69000244140625,387.9800109863281,378.6300048828125,378.8800048828125,1143600,763.8232421875,200.0,1.0,1.0,3.0,3.0,0.0008103100205385681,0.0008282490409110815,-1.0,0,1.0,3.0
2026-08-24,380.489990234375,389.8500061035156,379.2699890136719,386.6099853515625,1455000,761.5787963867188,199.0,1.0,1.0,3.0,3.0,0.000834185698279795,0.0008417670309493363,1.0,0,1.0,4.0
2026-08-25,388.989990234375,390.0,380.95001220703125,389.7099914550781,954800,764.0127563476562,196.0,1.0,1.0,3.0,3.0,0.0008677236114844342,0.0008660557303296798,1.0,0,1.0,5.0
2026-08-26,390.0,403.1499938964844,386.54998779296875,391.05999755859375,908100,764.182373046875,193.0,1.0,1.0,3.0,3.0,0.0009035000552478908,0.0008522487874574515,1.0,0,1.0,6.0
2026-08-27,386.6700134277344,397.0,386.45001220703125,392.6300048828125,899300,769.18994140625,191.0,1.0,1.0,3.0,3.0,0.000939443408875595,0.0008235426544722625,1.0,0,1.0,7.0
2026-08-28,392.7099914550781,397.3299865722656,385.2200012207031,385.5400085449219,746500,767.4442749023438,190.0,1.0,1.0,3.0,3.0,0.0009516462942218662,0.0008103100205385681,-1.0,0,1.0,8.0
2026-08-31,385.3599853515625,388.489990234375,382.1099853515625,383.2300109863281,1019900,765.1499633789062,187.0,1.0,1.0,3.0,3.0,0.0009721096668543768,0.000834185698279795,-1.0,0,1.0,9.0
2026-09-01,387.67999267578125,398.32000732421875,386.32000732421875,394.8800048828125,1059600,759.89306640625,189.0,1.0,1.0,3.0,3.0,0.0009962891250113591,0.0008677236114844342,1.0,0,1.0,10.0
2026-09-02,395.6700134277344,408.29998779296875,395.0,400.9700012207031,1138200,763.2646484375,187.0,1.0,1.0,3.0,3.0,0.0010831701773318222,0.0009035000552478908,1.0,0,1.0,11.0
2026-09-03,401.9599914550781,413.5,397.8699951171875,406.5199890136719,769500,771.2548217773438,185.0,1.0,1.0,3.0,3.0,0.0011584978204908977,0.000939443408875595,1.0,0,1.0,12.0
2026-09-04,404.3399963378906,409.05999755859375,398.5899963378906,401.5400085449219,783100,768.2822265625,183.0,1.0,1.0,3.0,3.0,0.0011973982166358533,0.0009516462942218662,1.0,0,1.0,13.0
2026-09-08,395.54998779296875,409.30999755859375,393.67999267578125,403.0899963378906,755400,764.0626831054688,181.0,1.0,1.0,3.0,3.0,0.0012056043020388983,0.0009721096668543768,1.0,0,1.0,14.0
2026-09-09,416.8399963378906,419.9700012207031,386.8299865722656,400.0199890136719,972700,760.5115356445312,178.0,1.0,1.0,3.0,3.0,0.0012034892946916854,0.0009962891250113591,1.0,0,1.0,15.0
2026-09-10,402.8399963378906,413.3399963378906,400.0899963378906,400.7300109863281,922200,755.9528198242188,176.0,1.0,1.0,3.0,3.0,0.001263278597971701,0.0010831701773318222,1.0,0,1.0,16.0
2026-09-11,404.760009765625,410.989990234375,401.1700134277344,409.79998779296875,684100,762.3967895507812,176.0,1.0,1.0,3.0,3.0,0.0013095043997994014,0.0011584978204908977,1.0,0,1.0,17.0
2026-09-14,409.010009765625,415.7699890136719,406.8900146484375,407.0199890136719,708800,758.9952392578125,173.0,1.0,1.0,3.0,3.0,0.0013547927840923525,0.0011973982166358533,1.0,0,1.0,18.0
2026-09-15,405.2900085449219,405.2900085449219,393.55999755859375,396.6199951171875,851900,755.513916015625,174.0,1.0,1.0,3.0,3.0,0.0013085381683925704,0.0012056043020388983,-1.0,1,1.0,19.0
2026-09-16,396.4100036621094,396.5199890136719,382.9200134277344,384.7200012207031,1036300,752.1821899414062,177.0,1.0,4.0,3.0,4.0,0.0012403339955760885,0.0012034892946916854,-1.0,0,2.0,20.0
2026-09-17,386.6199951171875,387.8299865722656,380.4100036621094,384.5199890136719,850200,760.7109985351562,174.0,1.0,4.0,3.0,4.0,0.0011772996353642921,0.001263278597971701,-1.0,0,2.0,21.0
2026-09-18,384.80999755859375,386.2200012207031,380.0400085449219,386.2200012207031,1680400,761.6900024414062,172.0,1.0,4.0,3.0,4.0,0.001182507925487634,0.0013095043997994014,-1.0,0,2.0,22.0
2026-09-21,386.20001220703125,386.6700134277344,374.3500061035156,378.5799865722656,925800,773.5,171.0,1.0,4.0,3.0,4.0,0.0012073070727810521,0.0013547927840923525,-1.0,0,4.0,1.0
2026-09-22,378.4200134277344,379.9100036621094,370.0,372.0,858100,773.3800048828125,170.0,1.0,4.0,3.0,4.0,0.0011932208305316485,0.0013085381683925704,-1.0,0,4.0,2.0
2026-09-23,370.0,377.67999267578125,369.1300048828125,374.7799987792969,798600,767.8099975585938,168.0,1.0,4.0,1.0,2.0,0.0011648989890839729,0.0012403339955760885,-1.0,0,4.0,3.0
2026-09-24,374.5400085449219,382.29998779296875,372.0799865722656,380.32000732421875,899000,767.1799926757812,167.0,1.0,4.0,1.0,2.0,0.0011389464671228012,0.0011772996353642921,-1.0,0,2.0,4.0
2026-09-25,389.70001220703125,413.57000732421875,386.7099914550781,397.92999267578125,1938500,771.3499755859375,175.0,1.0,4.0,1.0,2.0,0.0011549287541841073,0.001182507925487634,1.0,0,2.0,5.0
2026-09-28,397.42999267578125,408.19000244140625,389.1000061035156,389.6300048828125,1487500,765.6099853515625,175.0,1.0,4.0,1.0,2.0,0.001091445144838205,0.0012073070727810521,1.0,0,2.0,6.0
2026-09-29,386.7799987792969,395.2300109863281,385.5400085449219,386.8699951171875,1892600,764.2000122070312,173.0,1.0,4.0,1.0,2.0,0.001025611344328363,0.0011932208305316485,1.0,0,2.0,7.0
2026-09-30,385.5400085449219,391.3299865722656,378.5,381.57000732421875,1312700,762.6300048828125,171.0,1.0,4.0,1.0,2.0,0.000950230256670867,0.0011648989890839729,-1.0,0,2.0,8.0
2026-10-01,380.0,386.8599853515625,376.2300109863281,379.67999267578125,891900,763.989990234375,169.0,1.0,4.0,1.0,2.0,0.0009678461464492008,0.0011389464671228012,-1.0,0,2.0,9.0
2026-10-02,,,,,757751,,169.0,,4.0,1.0,,0.0009781715513917896,0.0011549287541841073,-1.0,0,,
