Date,Open,High,Low,Close,Volume,IndexClose,CVI,LTI,STI,VI,SecState,VWRS,VWRS_1wk,RS,GapDown,Thermostat,Days
2022-10-03,86.26957096096962,88.47042177391106,85.71935644834187,88.05301666259766,2187100,348.07989501953125,,,,,,,,,0,,
2022-10-04,88.95421097003803,89.9977235913824,88.64116442120319,89.32418823242188,3751000,358.86566162109375,114.0,,,3.0,,,,,0,,
2022-10-05,89.05856498938898,89.67518412902771,88.32811336940192,88.61270904541016,2246000,358.0301513671875,113.0,,,3.0,,,,,0,,
2022-10-06,88.32812154287393,89.049092014593,88.02455617124001,88.55579376220703,3296300,354.3367919921875,111.0,,,3.0,,,,,0,,
2022-10-07,87.7684035000132,87.98659446596821,84.62839904857026,85.39679718017578,3887300,344.4530334472656,120.0,,,3.0,,,,,1,,
2022-10-10,85.70035947077841,86.03239013387545,84.97939638607724,85.62447357177734,2320900,341.8229675292969,118.0,,,3.0,,,,,0,,
2022-10-11,85.61500562141582,87.2656419304228,85.05530988972474,86.12727355957031,3677100,339.658203125,117.0,,,3.0,,,,,0,,
2022-10-12,85.89011537762786,87.07591881408025,85.67192436078992,85.9565200805664,2670400,338.53778076171875,115.0,,,3.0,,,,,0,,
2022-10-13,84.45765243975957,88.09095546038233,84.04973581815482,87.72098541259766,3026700,347.4722595214844,117.0,,,3.0,,,,,0,,
2022-10-14,88.46093254980623,89.63724748158984,85.30195059412087,85.5201416015625,2929700,339.5537414550781,120.0,,,3.0,,,,,0,,
2022-10-17,86.29803083816844,87.84431589207675,86.28854238429044,87.0664291381836,3045100,348.2792663574219,121.0,,,3.0,,,,,0,,
2022-10-18,89.34318319952723,89.59931358248089,87.2656530583512,87.94867706298828,2829900,352.3714294433594,120.0,,,3.0,,,,,0,,
2022-10-19,87.64508074528031,88.07196697890264,85.90906321842265,86.92411041259766,2198100,349.8744201660156,119.0,,,3.0,,,,,0,,
2022-10-20,87.12334031730529,87.4174244698554,85.5296275618717,85.6908950805664,2487800,346.9405822753906,119.0,,,3.0,,,,,0,,
2022-10-21,85.67192340212877,88.35658408923261,84.89403664602327,88.27120971679688,4954400,355.3717041015625,124.0,,,3.0,,,,,0,,
2022-10-24,88.91629435362113,89.77006709820886,88.1953237867354,88.45145416259766,2282000,359.72015380859375,122.0,,,3.0,,,,,0,,
2022-10-25,88.13840379065827,90.29181970760996,87.6830520736554,90.2728500366211,3096600,365.4643859863281,123.0,,1.0,3.0,,,,,0,,
2022-10-26,90.27284983383971,91.06021783558411,88.98269508239468,89.06806945800781,2842400,362.7109680175781,123.0,,1.0,3.0,,,,,0,,
2022-10-27,89.66568756210643,91.51554481361828,89.10599195086067,90.71868133544922,2611600,360.7741394042969,124.0,,1.0,3.0,,,,,0,,
2022-10-28,90.50050607814111,91.84757684191594,90.21591040125632,91.71476745605469,1779500,369.357177734375,123.0,,1.0,3.0,,,,,0,,
2022-10-31,91.63888212067661,91.88553124582677,90.38667406328486,90.66178131103516,2007300,366.68914794921875,122.0,,1.0,3.0,,,,,0,,
2022-11-01,91.54400477823106,91.72424917619965,89.07753563068354,89.19136810302734,5011300,365.08465576171875,122.0,,1.0,3.0,,,,,0,,
2022-11-02,88.9731857920071,89.94079801020622,87.58816853504021,87.87275695800781,4570900,355.92242431640625,122.0,,1.0,3.0,,,,,0,,
2022-11-03,87.85379138671598,92.37881338470149,87.52176792565938,90.56690979003906,3604500,352.2575378417969,127.0,,1.0,3.0,,,,,0,,
2022-11-04,91.52505802228298,91.7432418072691,89.3526652012616,91.65786743164062,3173700,357.32763671875,126.0,,1.0,3.0,,,,,0,,
2022-11-07,92.67290494616788,92.76776776585656,91.648369123364,92.49266052246094,2081700,360.7456359863281,125.0,,1.0,3.0,,,,,0,,
2022-11-08,92.71085011100777,96.03109941258018,92.3598497221738,94.32353973388672,2934900,362.6920166015625,126.0,,1.0,3.0,,,,,0,,
2022-11-09,94.25713999853934,94.39943785218176,92.0942357833969,92.2649917602539,1676800,355.21978759765625,128.0,,1.0,4.0,,,,,0,,
2022-11-10,95.44293835122681,97.35919333486942,93.99151624324543,97.27381896972656,2863700,374.74053955078125,145.0,,1.0,4.0,,,,,0,,
2022-11-11,97.75764441894408,99.2659830120916,96.78053624555068,98.96241760253906,2450600,378.3675231933594,145.0,,1.0,4.0,,,,,0,,
2022-11-14,98.59243273986132,100.43280183115235,98.19400455645888,98.75370025634766,2817800,375.14886474609375,143.0,,1.0,4.0,,,,,0,,
2022-11-15,99.82569375256625,100.76484818012183,98.25094309291087,99.65493774414062,2745400,378.3485412597656,141.0,,1.0,4.0,,,,,0,,
2022-11-16,99.65491873147884,100.4897217036414,98.24143589457152,98.67781066894531,2261700,375.46221923828125,140.0,,1.0,4.0,,,,,0,,
2022-11-17,98.26040925369263,99.209051921357,97.21690376677564,98.75370025634766,2354200,374.3132629394531,138.0,,1.0,4.0,,,,,0,,
2022-11-18,100.01539265057599,100.14820203961136,97.91889330929604,98.85804748535156,1590600,376.01287841796875,136.0,,1.0,4.0,,,,,0,,
2022-11-21,98.61141283745728,100.85969880311704,97.81455638637986,99.93951416015625,1994700,374.6456604003906,134.0,,1.0,4.0,,,,,0,,
2022-11-22,100.50868631842013,100.81225167826426,99.417753056135,100.58457946777344,1518600,379.68719482421875,133.0,,1.0,4.0,,,,,0,,
2022-11-23,100.53714940008248,102.16880864880115,99.99642338893544,101.44784545898438,1347000,382.07989501953125,131.0,,1.0,4.0,,,,,0,,
2022-11-25,100.94507871138553,101.94114925841434,100.85969710017173,101.61861419677734,817700,381.99444580078125,129.0,,1.0,4.0,,,,,0,,
2022-11-28,100.95454246184849,101.45732187539735,99.30390638551084,99.68336486816406,2261300,375.8989562988281,130.0,,1.0,4.0,,,,,0,,
2022-11-29,99.54108343179948,100.85020781318345,99.40827402662588,99.93002319335938,1414100,375.2533264160156,128.0,,1.0,4.0,,,,,0,,
2022-11-30,99.70235509225294,102.8139022639319,99.23752215488592,102.74749755859375,3504400,387.0740051269531,132.0,,1.0,4.0,,,,,0,,
2022-12-01,103.29768503058965,104.32222070514264,102.71901250538296,103.90481567382812,1745100,386.7891540527344,131.0,,1.0,4.0,,,,,0,,
2022-12-02,102.42496716059121,104.07560365259043,101.85578291206429,103.63922882080078,1171800,386.3429260253906,129.0,,1.0,4.0,,,,,0,,
2022-12-05,103.27874686157206,103.6202588572414,101.22018643279573,101.59015655517578,1841600,379.3929138183594,130.0,,1.0,4.0,,,,,0,,
2022-12-06,101.6091218861646,101.9601222965972,100.05334841098531,100.30947875976562,1871100,373.9240417480469,129.0,,1.0,4.0,,,,,0,,
2022-12-07,99.63593855451705,100.51817652784969,97.93786730530395,98.21297454833984,3043800,373.2879333496094,130.0,,1.0,4.0,,,,,0,,
2022-12-08,98.57346868446268,99.6074857770674,98.042223838771,99.07624816894531,2133300,376.21221923828125,129.0,,1.0,4.0,,,,,0,,
2022-12-09,98.75370610738072,99.34186720170536,97.9663309095517,98.02325439453125,2155200,373.40179443359375,128.0,,1.0,4.0,,,,,0,,
2022-12-12,97.56790865725861,99.89208781513067,97.37818299593316,99.85414123535156,2226700,378.7852783203125,128.0,,4.0,4.0,,,,,0,,
2022-12-13,102.69057522322865,102.81389617224417,100.26205215752839,100.91661071777344,2295000,381.6526184082031,127.0,,4.0,4.0,,,,,0,,
2022-12-14,100.48819009505587,101.74488717154831,98.49841548689233,98.94587707519531,2237600,379.2125244140625,128.0,,4.0,4.0,,,,,0,,
2022-12-15,97.69868988134459,98.19374922075761,96.48006830833903,97.31787109375,2023900,369.93634033203125,128.0,,4.0,4.0,,,,,1,,
2022-12-16,96.29919093555705,96.87041552032038,95.29001999684334,95.92789459228516,6124800,365.56884765625,128.0,,4.0,4.0,,,,,0,,
2022-12-19,95.99454355503467,96.72761382130241,94.80448923325802,95.47091674804688,1674100,362.4688720703125,126.0,,4.0,4.0,,,,,0,,
2022-12-20,95.63276573189232,96.37536575596394,95.08058602757832,95.57564544677734,1639300,362.96490478515625,124.0,,4.0,4.0,,,,,0,,
2022-12-21,95.99454882058681,97.89863583987359,95.97550388282524,97.63206481933594,2415700,368.39208984375,126.0,,4.0,4.0,,,,,0,,
2022-12-22,96.47057251667569,97.59398417120181,95.91838552672719,97.54637908935547,2160400,363.13665771484375,124.0,,4.0,4.0,,,,,0,,
2022-12-23,97.58446172583275,98.26993422889868,97.25124794337451,97.87959289550781,1321200,365.2254943847656,122.0,,4.0,3.0,,,,,0,,
2022-12-27,97.86057053357507,98.20330683873757,96.76571885116797,97.21318054199219,2693500,363.7852478027344,121.0,,4.0,3.0,,,,,0,,
2022-12-28,97.87959817946707,98.55554824994894,97.31789595350233,97.36549377441406,1587300,359.26409912109375,119.0,,4.0,3.0,,,,,0,,
2022-12-29,98.19376616098769,99.6027937391166,97.93671761153641,99.10772705078125,993800,365.73101806640625,120.0,,4.0,3.0,,,,,0,,
2022-12-30,98.28897288016458,98.91732510205709,96.63241915697232,97.6701431274414,1175500,364.767578125,120.0,,4.0,3.0,,,,,0,,
2023-01-03,98.65075348901627,99.45998903923754,97.50829689148414,98.27945709228516,1919700,363.23199462890625,118.0,,4.0,3.0,,,,,0,,
2023-01-04,99.43142127351506,99.73607489013398,98.40321259360802,98.94587707519531,1527100,366.0361633300781,117.0,,4.0,3.0,,,,,0,,
2023-01-05,98.01288073792475,98.69835325728202,97.47021620401955,97.66062927246094,1223500,361.85845947265625,116.0,,4.0,3.0,,,,,0,,
2023-01-06,98.45081913493532,100.20257564064549,97.25124232388535,99.8693618774414,1594500,370.1566162109375,119.0,,1.0,3.0,,,,,0,,
2023-01-09,100.23113681019179,101.44975130726768,99.8217578216258,100.19305419921875,3975500,369.94677734375,117.0,,1.0,3.0,,,,,0,,
2023-01-10,100.0692907076004,101.72584432808443,99.82175736915534,101.53543853759766,1468100,372.5411682128906,117.0,,1.0,3.0,,,,,0,,
2023-01-11,102.12570047090769,103.83938163305228,101.76392656490617,103.47760772705078,2651600,377.2530212402344,118.0,,1.0,3.0,,,,,0,,
2023-01-12,103.77274753372454,104.33444974489653,102.55413294503235,103.80130767822266,2816200,378.6265563964844,116.0,,1.0,3.0,,,,,0,,
2023-01-13,102.90636100024373,103.06821388810403,101.27836776258329,102.46842193603516,1726300,380.0954895019531,116.0,,1.0,3.0,,,,,0,,
2023-01-17,102.29706277173848,103.20150838059926,101.83056352881906,102.25898742675781,2424000,379.399169921875,114.0,,1.0,3.0,,,,,0,,
2023-01-18,102.48747783006489,103.63944952153281,102.10665900113388,102.50651550292969,2399800,373.4091796875,113.0,,1.0,3.0,,,,,0,,
2023-01-19,101.92577360552004,102.63029101709388,101.20222578362883,101.79248809814453,2182400,370.6907958984375,111.0,,1.0,3.0,,,,,0,,
2023-01-20,101.91624945369927,103.36335223396395,101.39262267532222,103.27767181396484,1688900,377.5964050292969,111.0,,1.0,3.0,,,,,0,,
2023-01-23,103.36335423922205,104.32492013111676,102.49699850052644,103.45855712890625,1964000,382.1270751953125,110.0,,1.0,3.0,,,,,0,,
2023-01-24,103.5823466554065,103.62994447732892,100.71669338368537,101.15463256835938,2516200,381.71685791015625,112.0,,1.0,3.0,,,,,0,,
2023-01-25,99.88840204538945,101.85913179528413,99.20292956481471,101.38311004638672,2384100,381.8599548339844,111.0,,1.0,3.0,,,,,0,,
2023-01-26,101.8020100897886,103.08726734118153,101.2498231255259,103.0015869140625,1339900,386.0567932128906,111.0,,1.0,3.0,,,,,0,,
2023-01-27,102.2018556905985,103.25862442658479,101.32597752166839,102.76356506347656,3466400,386.9438171386719,110.0,,1.0,3.0,,,,,0,,
2023-01-30,102.11618465141184,102.97302522732825,101.44974986413675,101.54496002197266,1966300,382.08892822265625,109.0,,1.0,3.0,,,,,0,,
2023-01-31,101.64015020080696,102.43034066197694,101.40213936302355,102.39226531982422,2150500,387.7068786621094,108.0,,1.0,3.0,,,,,0,,
2023-02-01,101.69728710526734,104.30588428010041,101.65920449337368,103.78226470947266,2438300,391.82733154296875,108.0,,1.0,3.0,,,,,0,,
2023-02-02,105.04845906905392,105.95290460377807,102.33513699191002,103.13485717773438,3469000,397.5311584472656,107.0,,1.0,3.0,,,,,0,,
2023-02-03,102.18283317118915,103.43953033229192,101.21174470916864,102.49700927734375,2314100,393.3056945800781,106.0,,1.0,3.0,,,,,0,,
2023-02-06,101.4211997300371,103.38240714792481,100.54532139423443,103.12535858154297,2097400,390.9021911621094,104.0,,1.0,3.0,,,,,0,,
2023-02-07,102.33514801062813,104.39156534115602,102.04953933484263,104.10594940185547,2043700,396.0146179199219,104.0,,1.0,3.0,,,,,0,,
2023-02-08,103.28721746986676,104.60104240531857,103.1063341087016,104.01077270507812,2338300,391.68426513671875,102.0,,1.0,3.0,,,,,0,,
2023-02-09,104.4296462946662,104.62957454360027,102.13521813894279,102.38275146484375,3564500,388.2886962890625,103.0,,1.0,3.0,,,,,0,,
2023-02-10,102.00195017181173,103.66802646281008,101.77346174283078,103.49665832519531,1592900,389.1948547363281,102.0,,4.0,3.0,,,,,0,,
2023-02-13,103.82986586092579,104.12500429670028,103.42048684931733,103.9536361694336,1572900,393.7635803222656,101.0,,4.0,1.0,,,,,0,,
2023-02-14,103.83940561893205,104.77241163684049,102.6112683796267,103.2015380859375,1959400,393.5824279785156,100.0,,4.0,1.0,,,,,0,,
2023-02-15,102.88735100543815,104.02028520764077,102.4494118234268,103.43001556396484,1429900,394.8605041503906,99.0,,4.0,1.0,,,,,0,,
2023-02-16,102.18282179414464,103.04917752747116,101.84960805055752,101.9924087524414,2219900,389.4237365722656,99.0,,4.0,1.0,,,,,0,,
2023-02-17,101.6687350161076,102.37324523316043,101.1927132250013,101.973388671875,1700100,388.45086669921875,98.0,,4.0,1.0,,,,,0,,
2023-02-21,101.10701833472191,101.44023937561013,98.56506389424491,99.16485595703125,2639800,380.65814208984375,103.0,,4.0,1.0,,,,,0,,
2023-02-22,98.91731600095383,99.62182612083376,98.27944863209613,99.28861236572266,2323800,380.13360595703125,102.0,,4.0,1.0,,,,,0,,
2023-02-23,99.77415312609294,99.93599876393255,97.83198368147305,98.78402709960938,2729300,382.1556701660156,101.0,,4.0,1.0,,,,,0,,
2023-02-24,97.8986325040002,98.18424118905185,96.68001801534315,97.59397888183594,2765700,378.0733642578125,100.0,,4.0,1.0,,,,,0,,
2023-02-27,98.00335200800666,98.62217442037714,96.26111080564964,96.64192962646484,4052200,379.36102294921875,100.0,,4.0,1.0,,,,,0,,
2023-02-28,96.46104571590615,97.50829209785657,96.03262905259041,96.91802978515625,4180100,377.95892333984375,98.0,,4.0,1.0,,,,,0,,
2023-03-01,96.83234063186792,97.22268194173967,95.80413193922135,96.06118774414062,2864200,376.5090637207031,98.0,,4.0,1.0,,,,,0,,
2023-03-02,95.37573170405854,97.83200602712758,95.37573170405854,97.7844009399414,5821600,379.4372863769531,99.0,,4.0,1.0,,,,,0,,
2023-03-03,97.93672610419101,97.93672610419101,97.0418028108762,97.5654296875,2938200,385.522705078125,98.0,,4.0,1.0,,,,,0,,
2023-03-06,97.9652720327624,99.36477706035423,97.63205827941078,98.2889633178711,2383000,385.78973388671875,97.0,,4.0,1.0,,,,,0,,
2023-03-07,99.27908933041594,101.03085304709033,97.8224640210244,98.02239227294922,4810300,379.8760070800781,96.0,,4.0,1.0,,,,,0,,
2023-03-08,98.06048248763616,98.66026728992793,97.27028462337555,97.6891860961914,2651700,380.49609375,94.0,,4.0,1.0,,,,,0,,
2023-03-09,97.77486456530161,97.89863486897774,94.77593335047885,95.29955291748047,3507900,373.47589111328125,99.0,,4.0,1.0,,,,,0,,
2023-03-10,94.63313414018407,94.9377877979331,90.1775698559069,90.81543731689453,5375100,368.0869140625,117.0,,4.0,4.0,,,,,0,,
2023-03-13,89.8729124069579,93.47163585715852,89.64442398916371,92.98609161376953,5413900,367.562255859375,120.0,,4.0,4.0,,,,,0,,
2023-03-14,94.56648113920865,94.98537533355515,93.50018982079455,94.1094970703125,3523500,373.6380920410156,119.0,,4.0,4.0,,,,,0,,
2023-03-15,92.32917230306242,93.83339535764422,92.09116145261099,92.84326934814453,4261300,371.30120849609375,119.0,,4.0,4.0,,,,,0,,
2023-03-16,92.25045424513591,95.61613913284165,91.98272292782067,94.87989807128906,3963200,377.81573486328125,121.0,,4.0,4.0,,,,,0,,
2023-03-17,94.45918759373292,95.19542867764734,92.20264605806538,92.7476577758789,6094000,373.3981018066406,123.0,,4.0,4.0,,,,,0,,
2023-03-20,93.09188295613713,93.95242975340733,92.56599122032388,93.74207305908203,3112500,376.9886169433594,122.0,,4.0,4.0,,,,,0,,
2023-03-21,94.94683313869918,95.7021942506223,94.53568343104173,95.34841918945312,2618300,381.9386901855469,123.0,,4.0,4.0,,,,,0,,
2023-03-22,95.94124452322946,95.94124452322946,93.05363990925208,93.13013458251953,2157100,375.42791748046875,125.0,,4.0,4.0,,,,,0,,
2023-03-23,93.0918869986407,93.41697841676361,91.46641531815912,92.29827117919922,3436000,376.4428405761719,124.0,,4.0,4.0,,,,,0,,
2023-03-24,91.84886019400881,93.49345894134402,91.5237688250824,93.21617126464844,1995200,378.9130554199219,123.0,,4.0,4.0,,,,,0,,
2023-03-27,94.04804805780219,94.58349617671298,93.34049057282243,93.75164031982422,2229500,379.6215515136719,121.0,,4.0,4.0,,-2.9548420353509293e-05,,,0,,
2023-03-28,94.26796317468337,94.96596431196878,94.10541746289556,94.75560760498047,1752600,378.76947021484375,120.0,,4.0,4.0,,-2.9695194717043873e-05,,,0,,
2023-03-29,95.78825783170588,97.40417307527242,95.46315913353358,97.21293640136719,3677700,384.2748107910156,123.0,,4.0,4.0,,4.024665318477201e-06,,,0,,
2023-03-30,98.04481316429431,98.51333031443326,97.36593929105057,98.22648620605469,2908900,386.5247802734375,122.0,,4.0,4.0,,4.783241485858629e-05,,,0,,
2023-03-31,98.96271776310164,99.804137278293,98.7714883762188,99.71808624267578,3192300,391.97271728515625,122.0,,1.0,4.0,,0.00013685746293612788,,,0,,
2023-04-03,99.89974384508996,100.86546158318345,99.52683419684774,100.79853057861328,2661400,393.4663391113281,121.0,,1.0,4.0,,0.0002042203391231961,-2.9548420353509293e-05,,0,,
2023-04-04,101.20969964991595,102.09893019236308,100.52126215964284,101.39137268066406,3159700,391.28338623046875,120.0,,1.0,4.0,,0.00028059554286799065,-2.9695194717043873e-05,,0,,
2023-04-05,101.79293798860839,102.490938994459,100.84634028034066,101.56346130371094,2964600,390.2588806152344,118.0,,1.0,4.0,,0.0003171392544286524,4.024665318477201e-06,,0,,
2023-04-06,101.64951538780649,103.57140183092932,101.58258438207248,103.50447082519531,3104300,391.7812194824219,119.0,,1.0,4.0,,0.00035261282350074045,4.783241485858629e-05,,0,,
2023-04-10,102.81605611466189,103.03597649336088,101.10452596804768,101.71646881103516,1780900,392.18341064453125,120.0,,1.0,4.0,,0.00037077888634631925,0.00013685746293612788,,0,,
2023-04-11,101.85989070790417,102.48139718631093,101.24794788776228,101.47742462158203,2512300,392.2886962890625,118.0,,1.0,4.0,,0.00037808566062751163,0.0002042203391231961,,0,,
2023-04-12,102.22322265164078,102.93078007188865,101.8598766371067,102.39532470703125,2256500,390.6897277832031,117.0,,1.0,4.0,,0.00037929840691141675,0.00028059554286799065,,0,,
2023-04-13,102.43357475221205,103.22719051610213,102.09891969964788,102.79692077636719,1734300,395.8791809082031,115.0,,1.0,4.0,,0.000401025352305548,0.0003171392544286524,,0,,
2023-04-14,102.97858649351173,103.1602595055893,102.051116003529,102.79692077636719,2051200,394.91217041015625,114.0,,1.0,4.0,,0.0004272084780145993,0.00035261282350074045,,0,,
2023-04-17,102.6248118598202,103.25587463378906,102.33796050214968,103.25587463378906,2216500,396.3292236328125,112.0,,1.0,4.0,,0.000435052620167898,0.00037077888634631925,,0,,
2023-04-18,103.2080785820481,103.46623898712697,102.73955417682063,102.77780151367188,1923100,396.5876770019531,111.0,,1.0,4.0,,0.00040896345743746945,0.00037808566062751163,,0,,
2023-04-19,102.63438404126508,104.31723052278262,102.63438404126508,103.59054565429688,1580800,396.5207824707031,109.0,,1.0,4.0,,0.00038366415964765705,0.00037929840691141675,,0,,
2023-04-20,103.28454640709985,103.6670124082706,102.48137437008027,103.03594970703125,1502800,394.3568115234375,108.0,,1.0,4.0,,0.00037668333398557465,0.000401025352305548,,0,,
2023-04-21,103.19850397492542,103.73395204416548,102.3857682141338,103.60009002685547,1667000,394.6632385253906,107.0,,1.0,4.0,,0.00039521784624723695,0.0004272084780145993,,0,,
2023-04-24,104.03991331249689,104.15465529973876,102.9212062928841,103.19849395751953,1355600,395.0749206542969,105.0,,1.0,3.0,,0.0004457962265288305,0.000435052620167898,,0,,
2023-04-25,102.78735820618392,102.81604188314519,101.40092699021329,101.67820739746094,1859900,388.8036193847656,106.0,,1.0,3.0,,0.00045745374571627565,0.00040896345743746945,,1,,
2023-04-26,100.83678360869078,101.11407129899249,99.4121051194942,100.0240478515625,3437700,387.1567687988281,106.0,,4.0,3.0,,0.0004330872661428031,0.00038366415964765705,,1,,
2023-04-27,100.70293858057214,102.79693480149194,100.28222514570102,102.71087646484375,2007800,394.8642883300781,111.0,,4.0,3.0,,0.00042622514080124823,0.00037668333398557465,,0,,
2023-04-28,102.59613012301573,104.17379073523618,102.49095177620994,104.15467071533203,2179500,398.23455810546875,111.0,,4.0,3.0,,0.00043646293650129305,0.00039521784624723695,,0,,
2023-05-01,104.01124314965998,104.40327285245884,103.38973673750226,103.85826110839844,1616200,397.8323974609375,109.0,,4.0,3.0,,0.0004776371436867578,0.0004457962265288305,,0,,
2023-05-02,103.63836022700295,103.8487169563138,101.05672670076034,102.41447448730469,2163500,393.3610534667969,109.0,,4.0,3.0,,0.00043571143990080223,0.00045745374571627565,,0,,
2023-05-03,102.56745008484215,102.64394476247975,100.19617343754838,100.23442077636719,2684400,390.6610107421875,112.0,,4.0,3.0,,0.0003555681294205154,0.0004330872661428031,,0,,
2023-05-04,99.91887291365542,102.77779364630699,99.6893962050474,102.07023620605469,3122100,387.8939514160156,113.0,,4.0,3.0,,0.0003206015356602815,0.00042622514080124823,,0,,
2023-05-05,102.52920260795652,103.76264454450629,102.04155819203677,103.56185150146484,2010300,395.0749206542969,113.0,,4.0,3.0,,0.0003131866401325581,0.00043646293650129305,,0,,
2023-05-08,103.64788579275563,103.64788579275563,102.46224783004249,102.51961517333984,1594000,395.18023681640625,112.0,,4.0,3.0,,0.00032935514345822727,0.0004776371436867578,,0,,
2023-05-09,102.12761239979885,102.31884908597013,101.4104912402573,101.55391693115234,1975700,393.4472351074219,111.0,,4.0,3.0,,0.0002776356865969469,0.00043571143990080223,,1,,
2023-05-10,102.10847629954975,104.10685011455195,101.87899960721374,103.73394775390625,1748200,395.2855224609375,113.0,,4.0,3.0,,0.0002446559496388833,0.0003555681294205154,,0,,
2023-05-11,103.62877035833613,103.72439233469971,102.70129992402953,103.46622467041016,1320100,394.5962219238281,112.0,,4.0,3.0,,0.0002276710395931295,0.0003206015356602815,,0,,
2023-05-12,103.62878915844315,104.20249194097426,103.26545038511617,103.82958221435547,1621000,394.0791931152344,110.0,,4.0,3.0,,0.0002223808978531371,0.0003131866401325581,,0,,
2023-05-15,104.25029133807293,105.110838181401,104.11642930632564,105.04390716552734,2170600,395.43878173828125,110.0,,1.0,3.0,,0.0002075953247252234,0.00032935514345822727,,0,,
2023-05-16,105.00565553095657,105.33075423398986,104.17379240063019,104.22160339355469,2292900,392.7961730957031,108.0,,1.0,3.0,,0.0001859232348270911,0.0002776356865969469,,0,,
2023-05-17,104.67099732165123,104.84310667810374,102.54831769038132,103.8391342163086,3467800,397.5643005371094,107.0,,1.0,3.0,,0.00015366673064042444,0.0002446559496388833,,0,,
2023-05-18,104.13554713615082,104.21203450808632,102.7777923315013,103.79132843017578,2166700,401.3940734863281,105.0,,1.0,3.0,,0.00011206154382555819,0.0002276710395931295,,0,,
2023-05-19,104.19291489041012,104.38414426338531,103.20806975921528,103.29412078857422,3565600,400.8100891113281,104.0,,4.0,3.0,,7.419508401294317e-05,0.0002223808978531371,,0,,
2023-05-22,103.70526986504156,104.70924230428943,103.42798216948802,104.39370727539062,1736700,400.972900390625,104.0,,4.0,3.0,,8.772156410332786e-05,0.0002075953247252234,,0,,
2023-05-23,103.72440213666295,104.09730453593599,102.54832028861726,103.16026306152344,2321100,396.4727783203125,103.0,,4.0,3.0,,9.318911101620458e-05,0.0001859232348270911,,0,,
2023-05-24,102.69175945098866,102.87342519824045,101.59217212895896,101.90770721435547,1457600,393.6004638671875,103.0,,4.0,3.0,,7.665519116786277e-05,0.00015366673064042444,,0,,
2023-05-25,101.72600634332365,101.72600634332365,99.8901782858577,100.50212097167969,2835900,397.009033203125,103.0,,4.0,3.0,,-5.112768228737322e-06,0.00011206154382555819,,0,,
2023-05-26,100.43520001593156,101.15232110651995,100.03361395598597,100.54994201660156,1516200,402.1504821777344,102.0,,4.0,3.0,,-7.171894029294841e-05,7.419508401294317e-05,,0,,
2023-05-30,100.894145896805,100.98020421461634,99.25911080771391,99.82324981689453,1541200,402.3036804199219,101.0,,4.0,3.0,,-9.679981856207463e-05,8.772156410332786e-05,,0,,
2023-05-31,99.47904834671755,101.83120487981705,99.3165026343132,101.30531311035156,4457000,400.0727844238281,101.0,,4.0,3.0,,-6.492567092409772e-05,9.318911101620458e-05,,0,,
2023-06-01,101.44873385970102,101.84076357692088,100.63599804233628,101.70690155029297,1966400,403.8739318847656,100.0,,4.0,1.0,,-1.8401765158708372e-05,7.665519116786277e-05,,0,,
2023-06-02,102.29970992906047,104.22159645676177,101.84075652523894,103.2463150024414,2296900,409.71441650390625,101.0,,4.0,1.0,,4.313776613052752e-05,-5.112768228737322e-06,,0,,
2023-06-05,103.6957171374805,104.25029258703972,102.80648660454371,103.57141876220703,2181100,408.9292297363281,99.0,,4.0,1.0,,8.521204435283515e-05,-7.171894029294841e-05,,0,,
2023-06-06,103.74351694958183,104.42239070123323,103.13157420739091,103.68614959716797,2655100,409.81982421875,98.0,,4.0,1.0,,0.00011115585538709438,-9.679981856207463e-05,,0,,
2023-06-07,103.62878612080499,104.03993587893562,103.01684331264781,103.57141876220703,2296100,408.4026794433594,96.0,,1.0,1.0,,0.00011851213313593437,-6.492567092409772e-05,,0,,
2023-06-08,103.57141022806177,105.95225024783694,103.40886452880531,105.75145721435547,2463200,410.8729553222656,99.0,,1.0,1.0,,0.00016537822188759281,-1.8401765158708372e-05,,0,,
2023-06-09,105.67495151238167,105.84706085095772,104.93871046648725,105.1395034790039,2075700,411.6101989746094,98.0,,1.0,1.0,,0.0002017329407910628,4.313776613052752e-05,,0,,
2023-06-12,104.88135716225952,105.04390286630951,102.82560848037247,103.74352264404297,2904200,415.3442687988281,98.0,,1.0,1.0,,0.0002227946548430146,8.521204435283515e-05,,0,,
2023-06-13,103.84868979912777,104.7379201891706,103.51403476952726,104.21202850341797,1755500,418.0826416015625,97.0,,1.0,1.0,,0.00020794162454586883,0.00011115585538709438,,0,,
2023-06-14,104.394408065537,106.39091191986826,104.16403632133681,106.22773742675781,2096800,418.58050537109375,99.0,,1.0,1.0,,0.00023513209869009186,0.00011851213313593437,,0,,
2023-06-15,106.41971110900252,108.60819135984416,106.30452523990196,107.86909484863281,2220700,423.7698669433594,100.0,,1.0,1.0,,0.0002996135615377158,0.00016537822188759281,,0,,
2023-06-16,108.2914448071656,108.53140989558098,106.92844486252305,107.19720458984375,3806200,422.326416015625,99.0,,1.0,1.0,,0.0003332270217647098,0.0002017329407910628,,0,,
2023-06-20,106.7460688158132,107.9650955632329,106.44851445024534,107.66753387451172,3489800,420.1353759765625,97.0,,1.0,1.0,,0.0003335599576808918,0.0002227946548430146,,0,,
2023-06-21,107.6003489043452,107.6003489043452,106.33333347481774,106.7364730834961,1885300,417.9826354980469,97.0,,1.0,1.0,,0.0003107522867543467,0.00020794162454586883,,0,,
2023-06-22,106.56368418246691,106.62128077853465,105.76700572224904,106.23733520507812,1427400,419.491455078125,95.0,,1.0,1.0,,0.00030541457952126176,0.00023513209869009186,,0,,
2023-06-23,106.06456817446968,106.8516533648292,105.50784741654012,106.6308822631836,2727900,416.3200988769531,94.0,,1.0,1.0,,0.00028012711533487953,0.0002996135615377158,,0,,
2023-06-26,106.51569038911053,106.64046958208327,105.37345437742465,105.70940399169922,2640000,414.61907958984375,93.0,,1.0,1.0,,0.00025617420193144185,0.0003332270217647098,,0,,
2023-06-27,106.13176246600929,106.54450272444454,105.58464233953964,106.41972351074219,1708500,419.1647033691406,92.0,,1.0,1.0,,0.0002339405559567168,0.0003335599576808918,,0,,
2023-06-28,106.57329732377775,107.37958385483125,106.09336713150773,107.23560333251953,1774500,419.3760681152344,92.0,,1.0,1.0,,0.00023029697941407464,0.0003107522867543467,,0,,
2023-06-29,107.19720233000439,107.81151235754513,106.70767150947394,107.77311706542969,1725200,421.029052734375,91.0,,1.0,1.0,,0.0002528218623574397,0.00030541457952126176,,0,,
2023-06-30,108.60819792585464,109.52966296490901,108.32983755106429,108.54100799560547,3124900,425.9975280761719,90.0,,1.0,1.0,,0.00027018387908224966,0.00028012711533487953,,0,,
2023-07-03,108.0034874180053,108.39703369140625,106.93804912677288,108.39703369140625,1484300,426.48760986328125,88.0,,1.0,1.0,,0.0002894613570226991,0.00025617420193144185,,0,,
2023-07-05,107.80191040039062,108.32983650665382,107.0340265368251,107.80191040039062,2227900,425.85333251953125,87.0,,1.0,1.0,,0.000271918739686389,0.0002339405559567168,,0,,
2023-07-06,107.19720137324839,108.37783279501309,107.18760071951692,107.50435638427734,2989200,422.5186462402344,86.0,,1.0,1.0,,0.00023081708041737236,0.00023029697941407464,,0,,
2023-07-07,107.5331567249633,108.36823788821191,106.95724196413653,107.78272247314453,1642700,421.451904296875,85.0,,1.0,1.0,,0.00020488830540005263,0.0002528218623574397,,0,,
2023-07-10,108.08027109001907,109.0401314146607,107.89790260808127,108.6177978515625,1249000,422.5186462402344,84.0,,1.0,1.0,,0.00022631087518640563,0.00027018387908224966,,0,,
2023-07-11,108.76177470196345,109.89441021608401,108.48341431967117,109.817626953125,2355300,425.20947265625,85.0,,1.0,1.0,,0.00030638742767320916,0.0002894613570226991,,0,,
2023-07-12,110.90226891968832,111.28621453540406,110.18237363640391,110.74868774414062,1980700,428.6307067871094,84.0,,1.0,1.0,,0.00038571942214439466,0.000271918739686389,,0,,
2023-07-13,111.04626134896631,112.47645141464076,110.87348616952444,112.34207153320312,1996900,432.03265380859375,85.0,,1.0,1.0,,0.0004669427543486479,0.00023081708041737236,,0,,
2023-07-14,112.27487973149628,113.11955430412561,111.61257366742133,112.79320526123047,2115700,431.7635498046875,84.0,,1.0,1.0,,0.0004981337535809599,0.00020488830540005263,,0,,
2023-07-17,112.04449823135715,112.99475789644936,109.19371191292744,111.9581069946289,2818700,433.2626953125,83.0,,1.0,1.0,,0.0005010908186375511,0.00022631087518640563,,0,,
2023-07-18,111.48777843771518,112.34205354283189,111.22861204847794,111.4109878540039,2600200,436.482177734375,82.0,,1.0,1.0,,0.00046415769040560306,0.00030638742767320916,,0,,
2023-07-19,111.34380507168042,112.47644062309435,110.91187082609483,111.0174560546875,3044700,437.45281982421875,81.0,,1.0,1.0,,0.000438034478214953,0.00038571942214439466,,0,,
2023-07-20,111.00786402995625,111.33421307231922,110.364759277191,110.98866271972656,1986500,434.5505065917969,80.0,1.0,1.0,1.0,1.0,0.0004236593580352103,0.0004669427543486479,,0,1.0,1.0
2023-07-21,111.39179528749911,111.71814428769622,110.84467518711033,111.55496978759766,1608300,434.5505065917969,79.0,1.0,1.0,1.0,1.0,0.00042117225804009936,0.0004981337535809599,,0,1.0,2.0
2023-07-24,111.82372689890435,112.07329263173669,110.96945180286797,111.61255645751953,3312500,436.49176025390625,78.0,1.0,1.0,1.0,1.0,0.0004155715677773223,0.0005010908186375511,,0,1.0,3.0
2023-07-25,111.00784649064053,112.04449738462692,110.5759049565697,111.86212158203125,1850100,437.68341064453125,77.0,1.0,1.0,1.0,1.0,0.00042168195687865864,0.00046415769040560306,,0,1.0,4.0
2023-07-26,111.56457208167046,112.11169219010289,110.70069629910523,112.04450225830078,1616900,437.7507019042969,76.0,1.0,1.0,1.0,1.0,0.00042469597462786436,0.000438034478214953,,0,1.0,5.0
2023-07-27,112.30366795770475,112.52443907416823,110.21117197120769,110.31675720214844,2237700,434.8484191894531,78.0,1.0,1.0,1.0,1.0,0.00040923784918985576,0.0004236593580352103,,0,1.0,6.0
2023-07-28,111.03664652419533,111.57416598135256,110.06718551197673,110.50872039794922,1630500,439.10577392578125,77.0,1.0,1.0,1.0,1.0,0.0003749365168596441,0.00042117225804009936,,0,1.0,7.0
2023-07-31,110.54711446696167,110.58550975964108,109.75042862095867,110.19197082519531,1939000,439.94171142578125,76.0,1.0,1.0,1.0,1.0,0.0003109127310493897,0.0004155715677773223,,0,1.0,8.0
2023-08-01,109.45287934650003,110.59511555658167,109.21291424845958,110.4223403930664,1995400,438.6829528808594,74.0,1.0,4.0,1.0,2.0,0.00028252034135609327,0.00042168195687865864,,0,2.0,9.0
2023-08-02,110.38394927978516,110.59511974576415,109.61605800770771,110.38394927978516,2017500,432.5804138183594,73.0,1.0,4.0,1.0,2.0,0.0002652503262989501,0.00042469597462786436,,0,2.0,10.0
2023-08-03,105.58463035423415,107.73471532187396,103.00260386852628,107.57154083251953,5017100,431.3406982421875,80.0,1.0,4.0,1.0,2.0,0.00023773425229802196,0.00040923784918985576,,1,2.0,11.0
2023-08-04,108.78098280266083,111.82373856661613,108.39703717127773,109.42408752441406,2743100,429.3899230957031,82.0,1.0,4.0,3.0,4.0,0.0002241503618556131,0.0003749365168596441,,0,2.0,12.0
2023-08-07,109.58725176820359,111.4205885077561,109.46247256203762,111.4109878540039,3191000,433.1378173828125,85.0,1.0,4.0,3.0,4.0,0.00023039585766920995,0.0003109127310493897,,0,2.0,13.0
2023-08-08,111.52617829330256,111.61256221114778,109.64485285431016,110.25916290283203,1966900,431.25421142578125,85.0,1.0,4.0,3.0,4.0,0.0002639765972605672,0.00028252034135609327,,0,2.0,14.0
2023-08-09,108.95375963160956,110.77749591611648,108.89616302597406,109.61605834960938,1465900,428.3712158203125,84.0,1.0,4.0,3.0,4.0,0.0002594149863525599,0.0002652503262989501,,0,2.0,15.0
2023-08-10,110.04799030843583,111.05583927944569,109.9136104456345,110.19197082519531,1778200,428.5249938964844,83.0,1.0,4.0,3.0,4.0,0.00024830832985274536,0.00023773425229802196,,0,2.0,16.0
2023-08-11,110.12477638808224,110.23995493825471,109.08812549761201,109.41447448730469,1484700,428.27508544921875,82.0,1.0,4.0,3.0,4.0,0.00022956175294655624,0.0002241503618556131,,0,2.0,17.0
2023-08-14,109.34728386289326,110.39353540027172,109.07852414999691,110.30714416503906,1546700,430.63916015625,82.0,1.0,4.0,3.0,4.0,0.0002578975974903881,0.00023039585766920995,,0,2.0,18.0
2023-08-15,109.76964346119067,110.56632940540848,109.25131793084971,109.52967834472656,1491100,425.62274169921875,81.0,1.0,4.0,3.0,4.0,0.00026249738544210135,0.0002639765972605672,,0,2.0,19.0
2023-08-16,109.39529418945312,110.21117408891014,108.95375927119585,109.39529418945312,1565600,422.4993896484375,80.0,1.0,4.0,3.0,4.0,0.00029091556633652796,0.0002594149863525599,,0,2.0,20.0
2023-08-17,109.72164302170506,110.19197990341186,108.66579801707132,109.04974365234375,1518600,419.2800598144531,79.0,1.0,4.0,3.0,4.0,0.0002970280196735474,0.00024830832985274536,,0,2.0,21.0
2023-08-18,108.2722557301715,109.42408527751546,108.17626383193145,109.18412017822266,3858700,419.48187255859375,78.0,1.0,4.0,3.0,4.0,0.0003238568912897841,0.00022956175294655624,,0,2.0,22.0
2023-08-21,109.00173471680696,109.52006016420559,108.56019985194585,109.2896957397461,2339800,422.2110595703125,77.0,1.0,4.0,3.0,4.0,0.0003372552509412893,0.0002578975974903881,,0,2.0,23.0
2023-08-22,109.40488676899565,109.48167003199836,108.3970304643689,108.70418548583984,2877600,421.0674743652344,76.0,1.0,4.0,3.0,4.0,0.0003354348991771228,0.00026249738544210135,,0,2.0,24.0
2023-08-23,109.41448524331635,110.52792682546064,108.59860536572646,110.22077178955078,1788000,425.7572326660156,77.0,1.0,4.0,3.0,4.0,0.0003229927540062357,0.00029091556633652796,,0,2.0,25.0
2023-08-24,110.23037506263732,111.52619258155757,110.17278577669575,110.6335220336914,1618800,419.85662841796875,76.0,1.0,4.0,3.0,4.0,0.0003157929593535581,0.0002970280196735474,,0,2.0,26.0
2023-08-25,110.98864313562987,111.67974371886953,110.23035262475041,111.15182495117188,1500100,422.8165283203125,75.0,1.0,4.0,1.0,2.0,0.0003131368161469103,0.0003238568912897841,,0,2.0,27.0
2023-08-28,111.63174761920236,112.86996087087319,111.40137589145452,112.78357696533203,1831900,425.4977722167969,77.0,1.0,1.0,1.0,1.0,0.0003415874409408526,0.0003372552509412893,,0,1.0,28.0
2023-08-29,112.86038632228212,113.86823533707307,112.59162658500453,113.8106460571289,2433800,431.64825439453125,77.0,1.0,1.0,1.0,1.0,0.0003911786119247991,0.0003354348991771228,,0,1.0,29.0
2023-08-30,113.87782078782836,114.0218012916198,112.9851504521045,113.16752624511719,2801600,433.4261169433594,76.0,1.0,1.0,1.0,1.0,0.00046159104615802393,0.0003229927540062357,,0,1.0,30.0
2023-08-31,113.37870804205781,113.57067718425891,112.93717315647258,113.25392150878906,2713300,432.7918395996094,75.0,1.0,1.0,1.0,1.0,0.0005524117069371119,0.0003157929593535581,,0,1.0,31.0
2023-09-01,113.92581316168267,113.92581316168267,111.75652698912316,112.31324768066406,5990800,433.59912109375,75.0,1.0,1.0,1.0,1.0,0.0005777369014727962,0.0003131368161469103,,0,1.0,32.0
2023-09-05,111.16142597721769,111.35340244315985,109.89441059461298,110.03839111328125,4402000,431.72509765625,79.0,1.0,1.0,1.0,1.0,0.0005288593523489235,0.0003415874409408526,,1,1.0,33.0
2023-09-06,110.24956918559886,110.38394905947112,107.811522823246,109.04974365234375,3594200,428.8229064941406,78.0,1.0,1.0,1.0,1.0,0.00042728965265758826,0.0003911786119247991,,0,1.0,34.0
2023-09-07,108.93455112675291,110.85427186298053,108.44502761168535,110.6047134399414,2622800,427.5063171386719,80.0,1.0,1.0,1.0,1.0,0.0003704785153277998,0.00046159104615802393,,0,1.0,35.0
2023-09-08,110.79667077495372,110.8446667175051,109.93279507109747,110.34553527832031,2177700,428.15020751953125,78.0,1.0,1.0,1.0,1.0,0.00040196833449306237,0.0005524117069371119,,0,1.0,36.0
2023-09-11,110.79668059031799,110.79668059031799,109.85601422430791,110.41273498535156,1704000,430.96588134765625,77.0,1.0,1.0,1.0,1.0,0.0004249692456270348,0.0005777369014727962,,0,1.0,37.0
2023-09-12,110.3071477344429,111.54536844305665,110.1439732353547,111.33419799804688,2367300,428.60186767578125,77.0,1.0,1.0,1.0,1.0,0.0004484434387580424,0.0005288593523489235,,0,1.0,38.0
2023-09-13,111.07504436628379,112.26526918722561,110.48952894852093,112.08289337158203,3258200,429.1015625,76.0,1.0,1.0,1.0,1.0,0.00047367207328326066,0.00042728965265758826,,0,1.0,39.0
2023-09-14,112.84391266353403,112.84391266353403,111.53378981142116,112.61271667480469,1828400,432.8014221191406,76.0,1.0,1.0,1.0,1.0,0.0005273272888102228,0.0003704785153277998,,0,1.0,40.0
2023-09-15,111.90949900193904,112.7764932470075,111.15810643940931,111.47600555419922,3817900,427.5869140625,76.0,1.0,1.0,1.0,1.0,0.0005745902244634926,0.00040196833449306237,,0,1.0,41.0
2023-09-18,111.21590501605154,111.95766962663322,111.13884457630411,111.6397705078125,1593300,427.8376770019531,75.0,1.0,1.0,1.0,1.0,0.0005711784152477129,0.0004249692456270348,,0,1.0,42.0
2023-09-19,111.82279745100395,112.07325672579448,111.18699925440853,111.23516845703125,2091500,426.9504089355469,74.0,1.0,4.0,1.0,2.0,0.0005198646829686709,0.0004484434387580424,,0,2.0,43.0
2023-09-20,111.63976439625327,112.17922419289788,110.91727044735202,111.11956787109375,1621200,423.0252380371094,73.0,1.0,4.0,1.0,2.0,0.00045779806797548384,0.00047367207328326066,,0,2.0,44.0
2023-09-21,110.58973869620608,110.77276549111424,108.24885810703108,108.2970199584961,2362200,416.0334167480469,80.0,1.0,4.0,1.0,2.0,0.0003534655619429259,0.0005273272888102228,,1,2.0,45.0
2023-09-22,107.7383063601059,108.29703684123719,106.02358836936925,106.12955474853516,2268500,415.09796142578125,83.0,1.0,4.0,3.0,4.0,0.00022797852802742942,0.0005745902244634926,,0,2.0,46.0
2023-09-25,105.85018232049532,106.05247975346032,105.01209400529586,105.17585754394531,2569300,416.8434753417969,83.0,1.0,4.0,3.0,4.0,0.00010052389988576024,0.0005711784152477129,,0,2.0,47.0
2023-09-26,104.44372297284625,104.54968933946157,103.22993843639738,103.29737091064453,3731600,410.71954345703125,85.0,1.0,4.0,3.0,4.0,-5.245947187633303e-06,0.0005198646829686709,,1,2.0,48.0
2023-09-27,103.8368328347889,104.62675927056996,103.30700099084304,104.29922485351562,3876400,410.883544921875,85.0,1.0,4.0,3.0,4.0,-4.252769738088264e-05,0.00045779806797548384,,0,2.0,49.0
2023-09-28,104.73271769270585,107.2373617612688,104.69418380247097,106.75569915771484,3271100,413.2655029296875,89.0,1.0,4.0,4.0,6.0,-4.108596015389482e-05,0.0003534655619429259,,0,2.0,50.0
2023-09-29,107.2566354901094,107.35297389988455,105.25292444963146,105.98504638671875,2960800,412.26263427734375,89.0,1.0,4.0,4.0,6.0,2.0869673884965637e-06,0.00022797852802742942,,0,2.0,51.0
2023-10-02,105.40704809833379,105.76348109009157,104.2414254166461,105.21438598632812,2320400,412.0986022949219,88.0,1.0,4.0,4.0,6.0,1.8062294060066937e-05,0.00010052389988576024,,0,2.0,52.0
2023-10-03,104.9928219229928,105.26255182986112,103.0950699144838,103.6441650390625,2786400,406.5822448730469,89.0,1.0,4.0,4.0,6.0,-1.5027864215763165e-05,-5.245947187633303e-06,,0,2.0,53.0
2023-10-04,104.06802394725719,105.10841696481984,103.09506340215205,105.0313491821289,2750300,409.5429992675781,90.0,1.0,4.0,4.0,6.0,-3.117160594477802e-05,-4.252769738088264e-05,,0,2.0,54.0
2023-10-05,104.7327257064576,105.78274673474658,104.53042827943648,105.66715240478516,1368700,409.388671875,89.0,1.0,4.0,4.0,6.0,-3.8302326087642965e-05,-4.108596015389482e-05,,0,2.0,55.0
2023-10-06,105.33961301651942,107.28553410771276,104.71345014361883,106.8134994506836,2078600,414.249267578125,89.0,1.0,4.0,4.0,6.0,-5.3848047528265195e-06,2.0869673884965637e-06,,0,2.0,56.0
2023-10-09,106.42818120059248,108.28739930301079,106.38964730706806,108.01766204833984,2442800,416.9013977050781,89.0,1.0,4.0,4.0,6.0,2.1125784866802042e-05,1.8062294060066937e-05,,0,2.0,57.0
2023-10-10,107.83463847528961,108.45116609099401,107.1217724480904,107.66123962402344,1425300,419.0712585449219,87.0,1.0,4.0,4.0,6.0,2.6331394208736982e-05,-1.5027864215763165e-05,,0,2.0,58.0
2023-10-11,108.06584061927441,108.3644691329865,106.77498079788117,107.36260986328125,1302200,420.78790283203125,86.0,1.0,4.0,4.0,6.0,1.2156472504272137e-05,-3.117160594477802e-05,,0,2.0,59.0
2023-10-12,107.93097740797604,107.99840989118653,106.11992832347367,106.70755004882812,1794200,418.2225341796875,85.0,1.0,4.0,4.0,6.0,-2.7094483700489505e-05,-3.8302326087642965e-05,,0,2.0,60.0
2023-10-13,106.7846073717926,107.35297311704838,105.71531570746737,106.38001251220703,1512400,416.1394958496094,84.0,1.0,4.0,4.0,6.0,-4.693640988400222e-05,-5.3848047528265195e-06,,0,2.0,61.0
2023-10-16,107.05432561226183,108.00802284111562,106.67862937650293,107.81535339355469,1556600,420.51788330078125,85.0,1.0,1.0,4.0,5.0,-2.1107542357054846e-05,2.1125784866802042e-05,,0,2.0,62.0
2023-10-17,107.4589421891444,108.63419290373852,107.02544138618451,107.66123962402344,3162300,420.49853515625,84.0,1.0,1.0,4.0,5.0,4.102328498986292e-05,2.6331394208736982e-05,,0,2.0,63.0
2023-10-18,107.4781906808129,108.25848172940712,105.42631068100427,105.61897277832031,3336700,414.8953857421875,86.0,1.0,1.0,4.0,5.0,6.114929266148307e-05,1.2156472504272137e-05,,0,2.0,64.0
2023-10-19,105.32999899490353,106.37039222326935,104.95430266514751,105.55156707763672,2693900,411.2499694824219,85.0,1.0,1.0,4.0,5.0,2.1494160851744472e-05,-2.7094483700489505e-05,,0,2.0,65.0
2023-10-20,105.99468129129708,106.01395191301376,104.01023353062803,104.05839538574219,1952000,406.19647216796875,86.0,1.0,4.0,4.0,6.0,-6.253612958793016e-05,-4.693640988400222e-05,,0,2.0,66.0
2023-10-23,103.58636677961685,104.68455701718057,103.50929899287131,103.759765625,2627700,405.4925231933594,85.0,1.0,4.0,4.0,6.0,-9.655490278845021e-05,-2.1107542357054846e-05,,0,2.0,67.0
2023-10-24,104.03913487674993,105.11806188428676,102.78680901710162,103.00837707519531,2784900,408.5495910644531,84.0,1.0,4.0,4.0,6.0,-0.00010740512300406558,4.102328498986292e-05,,0,2.0,68.0
2023-10-25,102.74827949842732,103.12397577553189,101.80421747545384,102.81571197509766,3103700,402.68603515625,83.0,1.0,4.0,4.0,6.0,-0.00012355454298615563,6.114929266148307e-05,,0,2.0,69.0
2023-10-26,102.12211600885377,104.06802986003575,101.90054795842572,103.35517120361328,2725500,397.864013671875,82.0,1.0,4.0,4.0,6.0,-0.00015367658196186978,2.1494160851744472e-05,,0,2.0,70.0
2023-10-27,103.29738138498793,103.63454379041195,100.65786461203588,100.87943267822266,2508700,396.06060791015625,87.0,4.0,4.0,4.0,12.0,-0.0002010967911610965,-6.253612958793016e-05,,0,4.0,1.0
2023-10-30,101.4381493804633,102.53633955168253,101.18768276346593,102.14137268066406,1413700,400.7958679199219,88.0,4.0,4.0,4.0,12.0,-0.0002007729088408694,-9.655490278845021e-05,,0,4.0,2.0
2023-10-31,102.34366208515496,103.59598772252345,102.07393221854332,103.4996566772461,2401500,403.3129577636719,88.0,4.0,4.0,4.0,12.0,-0.00018770664766553662,-0.00010740512300406558,,0,4.0,3.0
2023-11-01,103.75013638383281,104.8772326195548,103.67307594216776,104.27996826171875,2643200,407.6141662597656,88.0,4.0,4.0,4.0,12.0,-0.00014567059530497226,-0.00012355454298615563,,0,4.0,4.0
2023-11-02,102.96983783271813,104.38592715982085,101.06245790813824,102.36294555664062,5667100,415.42584228515625,90.0,4.0,4.0,4.0,12.0,-0.0001391259790846058,-0.00015367658196186978,,0,4.0,5.0
2023-11-03,102.64231533705332,104.57859393008331,102.52671365330674,103.95243835449219,3156400,419.2159423828125,91.0,4.0,4.0,4.0,12.0,-0.00010926431724280846,-0.0002010967911610965,,0,4.0,6.0
2023-11-06,104.0391352050583,104.47262866191045,103.46114147939244,103.83683776855469,1702000,420.1803283691406,90.0,4.0,4.0,4.0,12.0,-8.198013138203172e-05,-0.0002007729088408694,,0,4.0,7.0
2023-11-07,104.14508649796583,104.59785051154397,103.8368227322768,104.25105285644531,2296500,421.376220703125,88.0,4.0,4.0,4.0,12.0,-2.0140015638341256e-05,-0.00018770664766553662,,0,4.0,8.0
2023-11-08,104.33776883897251,105.34926342085775,103.80794429336684,105.16622924804688,2686600,421.68475341796875,88.0,1.0,4.0,4.0,6.0,1.939392913044097e-05,-0.00014567059530497226,,0,2.0,9.0
2023-11-09,105.63824603866091,105.70567850936605,104.46298810672418,104.56895446777344,2220600,418.3962097167969,87.0,1.0,4.0,4.0,6.0,2.5312340882383594e-05,-0.0001391259790846058,,0,2.0,10.0
2023-11-10,105.16622380890092,106.02358275890023,104.57859477356357,105.75385284423828,2422700,424.9251403808594,87.0,1.0,1.0,4.0,5.0,2.180593790006769e-05,-0.00010926431724280846,,0,2.0,11.0
2023-11-13,105.38779307693815,105.51302272458621,104.6364004918717,104.67493438720703,1562800,424.52020263671875,87.0,1.0,1.0,4.0,5.0,1.2435888172168672e-05,-8.198013138203172e-05,,0,2.0,12.0
2023-11-14,105.00245798444999,107.54563619537231,104.94466081816182,106.39927673339844,2359800,432.7560729980469,88.0,1.0,1.0,4.0,5.0,7.32623177393198e-05,-2.0140015638341256e-05,,0,2.0,13.0
2023-11-15,106.18735319513284,107.227738954435,106.07175151094863,106.97727966308594,2130300,433.6722717285156,87.0,1.0,1.0,4.0,5.0,0.00013005273999886312,1.939392913044097e-05,,0,2.0,14.0
2023-11-16,107.7286687264474,108.29702711859387,107.43966820019715,108.15252685546875,2430900,434.20269775390625,87.0,1.0,1.0,4.0,5.0,0.00019993221610040653,2.5312340882383594e-05,,0,2.0,15.0
2023-11-17,108.51859446850327,108.51859446850327,107.2277347690598,107.31443786621094,1785500,434.7427978515625,87.0,1.0,1.0,4.0,5.0,0.00020939523163792726,2.180593790006769e-05,,0,2.0,16.0
2023-11-20,107.09286430808315,108.23922368635836,106.58230311091165,108.03692626953125,1749400,438.0892639160156,86.0,1.0,1.0,4.0,5.0,0.00019867823507164115,1.2435888172168672e-05,,0,2.0,17.0
2023-11-21,108.25848789201751,109.64567859034005,108.12362294630152,109.28924560546875,2050300,437.1344909667969,86.0,1.0,1.0,4.0,5.0,0.0001923034125769883,7.32623177393198e-05,,0,2.0,18.0
2023-11-22,109.75165356816639,110.69571561185735,109.48192365556581,110.12734985351562,2481500,438.82220458984375,86.0,1.0,1.0,4.0,5.0,0.00020113325426452953,0.00013005273999886312,,0,2.0,19.0
2023-11-24,110.26221091815296,110.55121144264709,109.59751412156966,110.19477844238281,809500,439.0921936035156,84.0,1.0,1.0,4.0,5.0,0.00022508728202345242,0.00019993221610040653,,0,2.0,20.0
2023-11-27,110.03101655839588,110.11771230729106,108.84612320970703,108.9906234741211,2240800,438.3014221191406,84.0,1.0,1.0,4.0,5.0,0.00021587871547966222,0.00020939523163792726,,0,2.0,21.0
2023-11-28,108.81723584034552,109.73239937621628,108.5475059054243,108.64383697509766,3058500,438.73541259765625,83.0,1.0,1.0,4.0,5.0,0.0001894253301427787,0.00019867823507164115,,0,2.0,22.0
2023-11-29,109.62642056241626,109.62642056241626,108.42226395408386,108.55712890625,2376900,438.4267883300781,82.0,1.0,1.0,4.0,5.0,0.0001399882031805478,0.0001923034125769883,,0,2.0,23.0
2023-11-30,108.71125753034202,109.73238733568552,108.54749399490753,109.66494750976562,6601300,440.1531066894531,82.0,1.0,1.0,4.0,5.0,0.00014536523015946758,0.00020113325426452953,,0,2.0,24.0
2023-12-01,109.04842609874642,110.07918392376712,108.5860340489817,110.05028533935547,3492100,442.7569885253906,81.0,1.0,1.0,3.0,3.0,0.00018564971383640692,0.00022508728202345242,,0,1.0,1.0
2023-12-04,109.73238261022165,111.04249818686817,109.6360442056783,110.8113021850586,3818200,440.43280029296875,80.0,1.0,1.0,3.0,3.0,0.00026580148032164316,0.00021587871547966222,,0,1.0,2.0
2023-12-05,110.50304862805734,110.6475488986595,109.47229081049257,109.89615631103516,2821400,440.345947265625,80.0,1.0,1.0,3.0,3.0,0.00027876141269194,0.0001894253301427787,,0,1.0,3.0
2023-12-06,110.11772457100118,110.45489434204721,108.43190511412932,108.9328384399414,2217600,438.5714416503906,80.0,1.0,1.0,3.0,3.0,0.0002510482290162519,0.0001399882031805478,,0,1.0,4.0
2023-12-07,109.1640277822971,109.47229159865954,107.71903976505017,108.40299987792969,2880100,441.91790771484375,79.0,1.0,1.0,3.0,3.0,0.0002013598316160563,0.00014536523015946758,,0,1.0,5.0
2023-12-08,108.21996325127873,109.27962698618391,108.08509829403424,109.18328857421875,2505800,443.8178405761719,78.0,1.0,1.0,3.0,3.0,0.00018509648362718563,0.00018564971383640692,,0,1.0,6.0
2023-12-11,109.74200914585715,112.44895805734492,109.69384729379931,111.8805923461914,3433100,445.5440979003906,84.0,1.0,1.0,3.0,3.0,0.00025764758786850627,0.00026580148032164316,,0,1.0,7.0
2023-12-12,112.1888530869875,113.73017195323939,111.94802178446102,113.60494232177734,4207900,447.5789794921875,85.0,1.0,1.0,3.0,3.0,0.00034635251444331154,0.00027876141269194,,0,1.0,8.0
2023-12-13,113.89498805527512,117.68472596233578,113.58562244815363,117.50103759765625,4580000,453.7511291503906,96.0,1.0,1.0,4.0,5.0,0.00045103206478729123,0.0002510482290162519,,0,2.0,9.0
2023-12-14,118.64181520057997,120.86537801958171,118.35178174008277,119.2315444946289,5157100,455.2073974609375,96.0,1.0,1.0,4.0,5.0,0.000510060530339111,0.0002013598316160563,,0,2.0,10.0
2023-12-15,118.89318592822588,119.29922690258655,117.52036913856314,119.00919342041016,4795600,454.4579162597656,95.0,1.0,1.0,4.0,5.0,0.0005637508952001866,0.00018509648362718563,,0,2.0,11.0
2023-12-18,119.09620360463886,119.73426692416714,118.35178779335524,119.45390319824219,1999400,457.0142517089844,94.0,1.0,1.0,4.0,5.0,0.0005844965526527399,0.00025764758786850627,,0,2.0,12.0
2023-12-19,119.45390090822191,119.84060974263102,118.98018645839595,119.65692138671875,1785000,459.7933349609375,92.0,1.0,1.0,4.0,5.0,0.0005873382687172898,0.00034635251444331154,,0,2.0,13.0
2023-12-20,119.46355859490005,119.92761062450596,118.24542847105921,118.29376983642578,2350500,453.42181396484375,92.0,1.0,1.0,4.0,5.0,0.000552570013973362,0.00045103206478729123,,0,2.0,14.0
2023-12-21,118.64182401519759,120.19832179206908,118.57415051950134,120.10164642333984,1895400,457.7211608886719,93.0,1.0,1.0,4.0,5.0,0.0005450202987172602,0.000510060530339111,,0,2.0,15.0
2023-12-22,120.75904185985233,121.7258102396413,120.16931255811247,121.54212188720703,2237000,458.6410217285156,93.0,1.0,1.0,4.0,5.0,0.0005618025036243885,0.0005637508952001866,,0,2.0,16.0
2023-12-26,121.57111493193274,122.68289996314167,121.57111493193274,122.44120788574219,2032000,460.57763671875,92.0,1.0,1.0,4.0,5.0,0.0006113101288316796,0.0005844965526527399,,0,2.0,17.0
2023-12-27,122.61523818023869,123.5916689555168,122.21885959505758,123.5433349609375,2202000,461.410400390625,92.0,1.0,1.0,4.0,5.0,0.0006690861546447133,0.0005873382687172898,,0,2.0,18.0
2023-12-28,123.63032665924449,124.46175535718818,123.5916550424199,124.32640838623047,2895700,461.584716796875,91.0,1.0,1.0,4.0,5.0,0.000690793686865317,0.000552570013973362,,0,2.0,19.0
2023-12-29,124.34573668104086,124.8677998351499,123.42730972676918,124.16204833984375,2966400,460.24847412109375,90.0,1.0,1.0,4.0,5.0,0.0006928052634357975,0.0005450202987172602,,0,2.0,20.0
2024-01-02,123.76568954576831,124.15239098898282,121.52277987032367,122.24785614013672,2228000,457.6727294921875,91.0,1.0,1.0,4.0,5.0,0.0006266330705824054,0.0005618025036243885,,0,2.0,21.0
2024-01-03,121.87081393422025,122.08350414803014,120.64302139430457,120.662353515625,3102100,453.93505859375,91.0,1.0,1.0,4.0,5.0,0.000542842084714455,0.0006113101288316796,,0,2.0,22.0
2024-01-04,120.70102644329815,122.30586543701081,120.22731201931067,121.44544219970703,2845500,452.472900390625,90.0,1.0,1.0,4.0,5.0,0.00047600543817649064,0.0006690861546447133,,0,2.0,23.0
2024-01-05,121.59044749056326,122.03516740533364,120.91371262175075,121.60978698730469,2061500,453.0926513671875,89.0,1.0,1.0,4.0,5.0,0.00045329374407144374,0.000690793686865317,,0,2.0,24.0
2024-01-08,122.93427779791679,124.22974396106792,122.73124993570804,124.14273834228516,3165500,459.5609436035156,92.0,1.0,1.0,4.0,5.0,0.0004817073965565311,0.0006928052634357975,,0,2.0,25.0
2024-01-09,123.46599326000944,124.22974119213012,122.50889459544251,122.8182601928711,1835600,458.8637390136719,92.0,1.0,1.0,4.0,5.0,0.0004917479616612959,0.0006266330705824054,,0,2.0,26.0
2024-01-10,122.99228639266151,123.44666875539498,121.98684629500528,123.40799713134766,1977000,461.45880126953125,91.0,1.0,1.0,4.0,5.0,0.000522313458618324,0.000542842084714455,,0,2.0,27.0
2024-01-11,123.55299805500015,123.90103525099732,121.97716092427478,122.55722045898438,1723300,461.2555236816406,90.0,1.0,1.0,4.0,5.0,0.0005154445207777022,0.00047600543817649064,,0,2.0,28.0
2024-01-12,123.07926555015938,123.63999291448992,122.43153258232401,122.74089813232422,1555000,461.5750427246094,89.0,1.0,1.0,4.0,5.0,0.0005282982731576717,0.00045329374407144374,,0,2.0,29.0
2024-01-16,122.26720021768209,122.62489980363989,121.66780115687581,121.8418197631836,2289100,459.8804931640625,88.0,1.0,1.0,4.0,5.0,0.0005003927890827998,0.0004817073965565311,,0,2.0,30.0
2024-01-17,120.97172572054525,122.08351084178268,120.50768102484138,121.64846801757812,1535700,457.3240966796875,86.0,1.0,1.0,3.0,3.0,0.00048066336380854177,0.0004917479616612959,,0,1.0,31.0
2024-01-18,121.59045361877952,122.54755960758324,121.22308429660241,122.421875,2267300,461.3910217285156,86.0,1.0,1.0,3.0,3.0,0.00047422258850777387,0.000522313458618324,,0,1.0,32.0
2024-01-19,122.86658730030861,123.07927751959093,121.51311749734339,122.24785614013672,3047200,467.142822265625,84.0,1.0,1.0,3.0,3.0,0.0004966736213192978,0.0005154445207777022,,0,1.0,33.0
2024-01-22,122.58622643370249,123.54332500922379,122.50888319757672,123.06961059570312,1904600,468.1304931640625,84.0,1.0,1.0,3.0,3.0,0.0005461306266066734,0.0005282982731576717,,0,1.0,34.0
2024-01-23,122.90525487306287,123.45631252494256,122.5572176849434,122.91492462158203,1543400,469.49578857421875,82.0,1.0,1.0,3.0,3.0,0.0005842052635030367,0.0005003927890827998,,0,1.0,35.0
2024-01-24,123.34031602150515,123.34031602150515,122.15118762697354,122.8182601928711,2278600,470.009033203125,81.0,1.0,1.0,3.0,3.0,0.0006083112116985176,0.00048066336380854177,,0,1.0,36.0
2024-01-25,123.25329487248324,123.47565483835358,122.04483443502028,123.05994415283203,2043500,472.56536865234375,80.0,1.0,1.0,3.0,3.0,0.0006162437693177418,0.00047422258850777387,,0,1.0,37.0
2024-01-26,122.86658859567683,123.39831414948856,122.15118206715887,123.03094482421875,1497800,471.9649963378906,79.0,1.0,1.0,3.0,3.0,0.0005894191038819503,0.0004966736213192978,,0,1.0,38.0
2024-01-29,122.96327312082352,123.9397038780429,122.62489828573871,123.92036437988281,1934300,475.70269775390625,78.0,1.0,1.0,3.0,3.0,0.00053670915334432,0.0005461306266066734,,0,1.0,39.0
2024-01-30,123.95903478861827,125.09981432188086,123.76568407555675,124.73245239257812,1646900,475.334716796875,78.0,1.0,1.0,3.0,3.0,0.00048373538249800436,0.0005842052635030367,,0,1.0,40.0
2024-01-31,125.0515015298275,125.61221423416949,122.77958983301855,123.09862518310547,2406400,467.5785217285156,79.0,1.0,1.0,3.0,3.0,0.00044253122522266725,0.0006083112116985176,,0,1.0,41.0
2024-02-01,122.84724631443399,125.54453072861853,122.84724631443399,125.4188461303711,2380800,473.6982727050781,81.0,1.0,1.0,3.0,3.0,0.0004520100288992193,0.0006162437693177418,,0,1.0,42.0
2024-02-02,125.29318078763478,125.64121797461154,123.43697999847312,124.42308044433594,1810900,478.68511962890625,81.0,1.0,1.0,3.0,3.0,0.0004451365213694149,0.0005894191038819503,,0,1.0,43.0
2024-02-05,123.73667825428086,123.73667825428086,122.31552760879724,122.53788757324219,2405500,476.9421691894531,82.0,1.0,1.0,3.0,3.0,0.00042999576345364955,0.00053670915334432,,0,1.0,44.0
2024-02-06,122.50889792730844,122.92460865164581,121.54212948706876,122.1318588256836,2901400,478.32684326171875,81.0,1.0,1.0,3.0,3.0,0.0003845421906120701,0.00048373538249800436,,0,1.0,45.0
2024-02-07,122.42187378555272,123.94937692811376,122.16084957583209,123.82369232177734,2243800,482.3162536621094,82.0,1.0,1.0,3.0,3.0,0.0003621592928262154,0.00044253122522266725,,0,1.0,46.0
2024-02-08,127.64243661628964,131.46116902378856,126.6466662980529,129.66297912597656,5492000,482.52935791015625,103.0,1.0,1.0,4.0,5.0,0.0003973490828856814,0.0004520100288992193,,0,2.0,47.0
2024-02-09,130.03998331483484,131.22911880417607,128.5028254403734,130.9874267578125,4066600,485.3179931640625,102.0,1.0,1.0,4.0,5.0,0.0004545636508666872,0.0004451365213694149,,0,2.0,48.0
2024-02-12,131.27748619497288,131.69320431475606,130.20437258567483,130.95846557617188,2099300,485.10504150390625,100.0,1.0,1.0,4.0,5.0,0.0004950821223901867,0.00042999576345364955,,0,2.0,49.0
2024-02-13,129.57596740385492,130.8521087720084,129.2182678165915,129.94334411621094,3024700,478.42364501953125,100.0,1.0,1.0,4.0,5.0,0.0004952031016272371,0.0003845421906120701,,0,2.0,50.0
2024-02-14,130.69742528976985,132.18624216843162,130.35905044148902,132.1185760498047,2125500,482.7713928222656,101.0,1.0,1.0,4.0,5.0,0.0005066108948017329,0.0003621592928262154,,0,2.0,51.0
2024-02-15,132.37957610644193,133.33668203310637,132.13788403168243,132.34091186523438,2020300,486.1023864746094,99.0,1.0,1.0,4.0,5.0,0.0005338936583290148,0.0003973490828856814,,0,2.0,52.0
2024-02-16,132.66960804120924,133.7427214310342,132.43759309316928,132.56326293945312,2084200,483.68157958984375,98.0,1.0,1.0,4.0,5.0,0.0005648115239519586,0.0004545636508666872,,0,2.0,53.0
2024-02-20,131.70285898129725,132.59228416596795,131.42250262758012,131.89620971679688,2501500,481.01873779296875,97.0,1.0,1.0,4.0,5.0,0.0005568654223739705,0.0004950821223901867,,0,2.0,54.0
2024-02-21,131.4901727848657,132.56328636431738,130.9197829345244,132.1475830078125,2585300,481.4544677734375,95.0,1.0,1.0,4.0,5.0,0.0005209686801259093,0.0004952031016272371,,0,2.0,55.0
2024-02-22,133.69441008373673,135.33792834383186,132.96933370488887,134.6611785888672,2839900,491.41839599609375,97.0,1.0,1.0,4.0,5.0,0.0005255537292432329,0.0005066108948017329,,0,2.0,56.0
2024-02-23,134.79652825455162,135.1349031387239,133.4623977222621,133.78143310546875,2174000,491.75732421875,96.0,1.0,1.0,4.0,5.0,0.0005361288464727536,0.0005338936583290148,,0,2.0,57.0
2024-02-26,133.84907478417347,134.3131194605737,133.24002075630887,133.3270263671875,2446600,489.9562683105469,95.0,1.0,1.0,4.0,5.0,0.0005685003118003452,0.0005648115239519586,,0,2.0,58.0
2024-02-27,133.18200330642122,134.332460009424,132.82430373553325,134.02310180664062,2023600,490.8664855957031,94.0,1.0,1.0,4.0,5.0,0.0005876211378396663,0.0005568654223739705,,0,2.0,59.0
2024-02-28,134.01344500336594,135.0478943811499,133.84909612826053,134.22613525390625,1646300,490.2177429199219,92.0,1.0,1.0,3.0,3.0,0.0006368502961797711,0.0005209686801259093,,0,1.0,60.0
2024-02-29,134.38081107486937,135.08654789463836,133.65573475612007,133.82008361816406,2873200,491.98004150390625,91.0,1.0,1.0,3.0,3.0,0.0006679221192174961,0.0005255537292432329,,0,1.0,61.0
2024-03-01,133.48171895345322,134.12945200583496,132.65995991963376,133.96510314941406,1423700,496.59881591796875,90.0,1.0,1.0,3.0,3.0,0.0006774641658993975,0.0005361288464727536,,0,1.0,62.0
2024-03-04,133.4623499590805,134.07140388022012,132.9306245106954,133.481689453125,1859000,496.0662841796875,89.0,1.0,1.0,3.0,3.0,0.0006657570942733508,0.0005685003118003452,,0,1.0,63.0
2024-03-05,133.29806329516978,135.18325917149062,133.22072003463884,134.78688049316406,2483700,491.1085205078125,88.0,1.0,1.0,3.0,3.0,0.0006736805466566204,0.0005876211378396663,,0,1.0,64.0
2024-03-06,134.05212292865082,135.15423842182602,132.94033030943632,134.79652404785156,2030500,493.5970764160156,87.0,1.0,1.0,3.0,3.0,0.0006795249151582741,0.0006368502961797711,,0,1.0,65.0
2024-03-07,135.34757179213233,135.76327511038514,133.7427327576141,134.2357940673828,2403100,498.4967956542969,86.0,1.0,1.0,3.0,3.0,0.0006794229899372697,0.0006679221192174961,,0,1.0,66.0
2024-03-08,133.5880645212564,135.212243275457,133.5880645212564,134.0521240234375,1316000,495.5046691894531,85.0,1.0,1.0,3.0,3.0,0.0006793979532900928,0.0006774641658993975,,0,1.0,67.0
2024-03-11,131.97353874669906,132.9403070717838,130.51372388643816,132.4182586669922,2380900,495.07861328125,85.0,1.0,1.0,3.0,3.0,0.0006564432662678294,0.0006657570942733508,,1,1.0,68.0
2024-03-12,132.49561055454166,133.62672779854174,132.09923197496394,132.43760681152344,1893300,500.4044189453125,84.0,1.0,1.0,3.0,3.0,0.0006401503967307145,0.0006736805466566204,,0,1.0,69.0
2024-03-13,132.4182576867391,133.13367155262284,132.19590510409554,132.90164184570312,2298700,499.6200256347656,83.0,1.0,4.0,3.0,4.0,0.0006186803476521393,0.0006795249151582741,,0,2.0,70.0
2024-03-14,132.7658258678912,132.92100552699694,130.56405072757806,131.37879943847656,2359300,498.63238525390625,83.0,1.0,4.0,3.0,4.0,0.000634884655524664,0.0006794229899372697,,0,2.0,71.0
2024-03-15,130.17610163561605,131.8346964520731,130.13729561408633,130.59317016601562,6698300,495.2084045410156,82.0,1.0,4.0,1.0,2.0,0.000642495132988451,0.0006793979532900928,,0,2.0,72.0
2024-03-18,131.05878850711852,131.55346926810907,130.1373449486422,130.3604278564453,3721400,498.1515197753906,81.0,1.0,4.0,1.0,2.0,0.0006607522994466888,0.0006564432662678294,,0,2.0,73.0
2024-03-19,130.47678205985886,132.40695983167853,130.38947591125773,131.4273223876953,4332400,500.9197692871094,80.0,1.0,4.0,1.0,2.0,0.0007092396768255256,0.0006401503967307145,,0,2.0,74.0
2024-03-20,131.2042378658552,132.31966677080817,130.11789127651178,132.00929260253906,2243100,505.552978515625,79.0,1.0,4.0,1.0,2.0,0.0007746239277943317,0.0006186803476521393,,0,2.0,75.0
2024-03-21,132.27119057732304,134.47296647000383,131.84441306859233,133.94920349121094,2640900,507.2236328125,81.0,1.0,4.0,1.0,2.0,0.0008151647691643465,0.000634884655524664,,0,2.0,76.0
2024-03-22,134.09468113632562,134.2304726264825,131.90261428088974,132.13539123535156,2024100,506.2621154785156,82.0,1.0,4.0,1.0,2.0,0.0007498867622816268,0.000642495132988451,,0,2.0,77.0
2024-03-25,131.98988566046364,132.26146859966985,131.1945250526739,131.72799682617188,1984500,504.8634338378906,81.0,1.0,4.0,1.0,2.0,0.0006753018105311155,0.0006607522994466888,,0,2.0,78.0
2024-03-26,131.9898921424172,133.80368146122436,131.90260079341985,132.99862670898438,2555100,503.930908203125,80.0,1.0,4.0,1.0,2.0,0.0006414883020631185,0.0007092396768255256,,0,2.0,79.0
2024-03-27,134.00739500860965,134.30807511996645,131.95110476291276,132.86285400390625,2050500,508.165771484375,79.0,1.0,4.0,1.0,2.0,0.0006644249991013515,0.0007746239277943317,,0,2.0,80.0
2024-03-28,133.23141281227302,133.79398170453976,132.26146950839805,133.29930114746094,2596800,508.06866455078125,78.0,1.0,4.0,1.0,2.0,0.000677169156945431,0.0008151647691643465,,0,2.0,81.0
2024-04-01,133.52241552977085,133.83278972990095,132.13538873497845,132.91134643554688,1640500,507.1847229003906,77.0,1.0,4.0,1.0,2.0,0.0006472038205561126,0.0007498867622816268,,0,2.0,82.0
2024-04-02,132.75616412603043,133.39633039779622,131.9317210186019,133.3672332763672,1834300,503.96002197265625,76.0,1.0,4.0,1.0,2.0,0.0006187638623249336,0.0006753018105311155,,0,2.0,83.0
2024-04-03,133.20233432610755,134.0073891569335,132.55247399764468,133.26052856445312,2426600,504.513671875,75.0,1.0,4.0,1.0,2.0,0.0006102057597510414,0.0006414883020631185,,0,2.0,84.0
2024-04-04,134.0946626495978,134.69602276593528,132.1547760289888,132.59124755859375,2744700,498.35552978515625,74.0,1.0,4.0,1.0,2.0,0.0006091867791401961,0.0006644249991013515,,0,2.0,85.0
2024-04-05,132.6300937863184,133.83281438360183,131.97052443927748,133.7261199951172,2328200,503.5617370605469,74.0,1.0,4.0,1.0,2.0,0.0006162227434165839,0.000677169156945431,,0,2.0,86.0
2024-04-08,134.04615603458245,134.04615603458245,132.67853248122427,132.76583862304688,1980800,503.8433532714844,74.0,1.0,4.0,1.0,2.0,0.0006123278605151783,0.0006472038205561126,,0,2.0,87.0
2024-04-09,133.299310369575,133.60969935236574,130.49617461945198,131.00054931640625,2140000,504.42626953125,75.0,1.0,4.0,1.0,2.0,0.0005780906396249166,0.0006187638623249336,,0,2.0,88.0
2024-04-10,129.46805313460547,130.75807975465116,128.46901252211708,128.9442901611328,2151900,499.3753662109375,77.0,1.0,4.0,1.0,2.0,0.0005053780969643788,0.0006102057597510414,,0,2.0,89.0
2024-04-11,128.98310677196673,130.29253666358238,128.36234340709078,129.46807861328125,2256600,503.14404296875,76.0,1.0,4.0,1.0,2.0,0.0004600223135095604,0.0006091867791401961,,0,2.0,90.0
2024-04-12,128.80849212514994,130.44769891101512,128.66299172867625,129.53594970703125,3255800,496.1991882324219,75.0,1.0,4.0,1.0,2.0,0.00045585598702897425,0.0006162227434165839,,0,2.0,91.0
2024-04-15,130.75806402804884,130.79687005114286,126.24783325393827,126.61640167236328,2264800,489.9827575683594,80.0,1.0,4.0,1.0,2.0,0.00045010819163121253,0.0006123278605151783,,0,2.0,92.0
2024-04-16,126.67462351646863,127.3632750943303,125.56888854905785,125.99565124511719,2637600,489.089111328125,79.0,1.0,4.0,1.0,2.0,0.0004197817635706107,0.0005780906396249166,,0,2.0,93.0
2024-04-17,128.0325329413713,128.0325329413713,126.09264607862326,126.81040954589844,2362400,486.19451904296875,78.0,1.0,4.0,1.0,2.0,0.0003964837915911474,0.0005053780969643788,,0,2.0,94.0
2024-04-18,127.54755708503298,127.54755708503298,126.26722469310559,127.04318237304688,2015000,485.1941223144531,77.0,1.0,4.0,1.0,2.0,0.0004149874951033159,0.0004600223135095604,,0,2.0,95.0
2024-04-19,127.42146082515029,127.81914117463218,126.32543483777098,127.26628112792969,2263400,480.95916748046875,76.0,1.0,4.0,1.0,2.0,0.0004368077156523557,0.00045585598702897425,,0,2.0,96.0
2024-04-22,128.12951764226867,128.39139168081624,127.17896253885746,127.69303131103516,1877300,485.38836669921875,75.0,1.0,4.0,1.0,2.0,0.00047733707641977826,0.00045010819163121253,,0,2.0,97.0
2024-04-23,128.03253224980136,128.4884068440977,127.45056027405558,128.3526153564453,2375900,491.1482238769531,74.0,1.0,4.0,1.0,2.0,0.0005195670288451958,0.0004197817635706107,,0,2.0,98.0
2024-04-24,128.0325437943451,128.6630011581155,127.10139150922339,128.58541870117188,2498900,490.9151916503906,73.0,1.0,4.0,1.0,2.0,0.000553176078182086,0.0003964837915911474,,0,2.0,99.0
2024-04-25,127.99373215206721,128.07131459663717,126.50970519680718,127.85794067382812,1923000,489.0502624511719,73.0,1.0,4.0,1.0,2.0,0.0005359240300824997,0.0004149874951033159,,0,2.0,100.0
2024-04-26,127.78035265610764,128.32351860828595,126.95589482144703,127.74154663085938,2406700,493.6834411621094,72.0,1.0,4.0,1.0,2.0,0.0005400500578952787,0.0004368077156523557,,0,2.0,101.0
2024-04-29,127.69305109457929,128.8763833044781,126.59702504454981,126.84920501708984,1557900,495.43182373046875,71.0,1.0,4.0,1.0,2.0,0.0005287797716720749,0.00047733707641977826,,0,2.0,102.0
2024-04-30,126.14114312083271,126.78130932189984,124.87051962487823,124.88990783691406,2304500,487.5835876464844,73.0,1.0,4.0,1.0,2.0,0.0005076555638499655,0.0005195670288451958,,0,2.0,103.0
2024-05-01,124.95781729312267,126.5485239699825,124.58923404355284,124.81231689453125,3116700,486.0003356933594,72.0,1.0,4.0,1.0,2.0,0.00044615812759648497,0.000553176078182086,,0,2.0,104.0
2024-05-02,125.46217916640555,126.28662213987975,120.60275347502014,122.73663330078125,4364100,490.54608154296875,75.0,1.0,4.0,1.0,2.0,0.0003626281676106151,0.0005359240300824997,,0,2.0,105.0
2024-05-03,123.95879949407805,127.72217073319015,123.95879949407805,126.57764434814453,3991200,496.6265563964844,85.0,1.0,4.0,3.0,4.0,0.00034002347938288886,0.0005400500578952787,,0,2.0,106.0
2024-05-06,126.88800941033102,127.81914683554075,126.4709260301639,127.33417510986328,1738900,501.755126953125,84.0,1.0,4.0,3.0,4.0,0.000337619083791594,0.0005287797716720749,,0,2.0,107.0
2024-05-07,128.24592104182278,129.76872452541448,127.64456085341664,129.70083618164062,2397900,502.30877685546875,86.0,1.0,4.0,4.0,6.0,0.0004163094069854273,0.0005076555638499655,,0,2.0,108.0
2024-05-08,129.2837523011406,129.79783593132677,128.27501765359196,129.38075256347656,1405200,502.3572998046875,85.0,1.0,4.0,4.0,6.0,0.0004400044027507009,0.00044615812759648497,,0,2.0,109.0
2024-05-09,129.39044462183995,130.99086012408205,129.09947343976125,130.89385986328125,1474200,505.2518615722656,85.0,1.0,1.0,4.0,5.0,0.00046738855232548787,0.0003626281676106151,,0,2.0,110.0
2024-05-10,131.213958670307,131.80562481162707,129.43896024634674,129.96273803710938,1933300,505.9027099609375,85.0,1.0,1.0,4.0,5.0,0.0004337133460010964,0.00034002347938288886,,0,2.0,111.0
2024-05-13,130.3603968051586,130.9326747021505,129.545647840165,129.72024536132812,1473800,505.9706115722656,83.0,1.0,1.0,4.0,5.0,0.0004327167286044603,0.000337619083791594,,0,2.0,112.0
2024-05-14,130.2149012652226,130.57377558666158,129.4583465983091,130.35069274902344,1415800,508.29205322265625,82.0,1.0,1.0,4.0,5.0,0.0004193137901123377,0.0004163094069854273,,0,2.0,113.0
2024-05-15,130.83569219821254,133.96860589620366,130.83569219821254,133.7261199951172,2508500,514.5863037109375,88.0,1.0,1.0,4.0,5.0,0.0004486356570838654,0.0004400044027507009,,0,2.0,114.0
2024-05-16,133.66791012035398,134.3371734971384,132.92104948827367,132.98895263671875,2205800,513.5275268554688,87.0,1.0,1.0,4.0,5.0,0.0004601988421662421,0.00046738855232548787,,0,2.0,115.0
2024-05-17,133.66791023174312,134.29838238148653,132.8919524783006,134.24017333984375,2060700,514.2657470703125,87.0,1.0,1.0,4.0,5.0,0.0004789582788569165,0.0004337133460010964,,0,2.0,116.0
2024-05-20,133.70672885688418,133.93950584473416,132.72707636580037,132.83377075195312,1418700,514.8582763671875,87.0,1.0,1.0,4.0,5.0,0.0004770882600813849,0.0004327167286044603,,0,2.0,117.0
2024-05-21,133.02771600404844,133.4157021992713,132.50395314069763,133.1441192626953,1681700,516.1209716796875,86.0,1.0,1.0,4.0,5.0,0.0005022243763578931,0.0004193137901123377,,0,2.0,118.0
2024-05-22,132.3778628914751,133.36720924226273,131.6892114082051,132.77554321289062,1295700,514.6348266601562,84.0,1.0,1.0,4.0,5.0,0.0005337164837375848,0.0004486356570838654,,0,2.0,119.0
2024-05-23,133.43512784009712,133.43512784009712,130.76778334621,131.33033752441406,1595900,510.8758239746094,85.0,1.0,1.0,4.0,5.0,0.0005345407276636425,0.0004601988421662421,,0,2.0,120.0
2024-05-24,131.72802706574672,132.44579059851065,131.6310415938577,132.24209594726562,926100,514.2560424804688,84.0,1.0,1.0,4.0,5.0,0.0005261074120878294,0.0004789582788569165,,0,2.0,121.0
2024-05-28,132.2711833253375,132.51366918744313,129.58445062932387,129.6620330810547,1815500,514.6154174804688,87.0,1.0,1.0,4.0,5.0,0.00047974503754766,0.0004770882600813849,,0,2.0,122.0
2024-05-29,128.72119815067103,128.9636840063688,127.90643442740335,127.9840316772461,1471400,511.0118713378906,87.0,1.0,4.0,4.0,6.0,0.0004559301302849373,0.0005022243763578931,,1,2.0,123.0
2024-05-30,128.35260799059728,129.58444021514205,127.82883028245199,129.23526000976562,2844900,507.6218566894531,87.0,1.0,4.0,4.0,6.0,0.0004414850698213389,0.0005337164837375848,,0,2.0,124.0
2024-05-31,129.32255195966042,130.2828012289306,128.9248716238874,129.8754119873047,2964500,512.2454223632812,86.0,1.0,4.0,4.0,6.0,0.0004627973747468918,0.0005345407276636425,,0,2.0,125.0
2024-06-03,130.36039214882192,130.77747552325172,128.5854086814018,129.6329345703125,2043400,512.6630859375,85.0,1.0,4.0,4.0,6.0,0.00048435122119749554,0.0005261074120878294,,0,2.0,126.0
2024-06-04,129.15767876288072,131.24305134764657,128.91519289022594,130.70957946777344,2235100,513.2361450195312,84.0,1.0,4.0,4.0,6.0,0.000478035839885508,0.00047974503754766,,0,2.0,127.0
2024-06-05,130.4573915722867,131.71832099361262,129.19646215096077,131.2721405029297,2259300,519.3359985351562,83.0,1.0,4.0,4.0,6.0,0.00044915939809354747,0.0004559301302849373,,0,2.0,128.0
2024-06-06,131.5534402208265,131.57282843449963,130.28281661757003,130.80657958984375,1242800,519.3262939453125,82.0,1.0,4.0,4.0,6.0,0.00039458765403302284,0.0004414850698213389,,0,2.0,129.0
2024-06-07,130.31190327684638,130.7483748520619,129.54563969354277,129.7687225341797,2843900,518.6949462890625,82.0,1.0,4.0,4.0,6.0,0.00032874578813868173,0.0004627973747468918,,0,2.0,130.0
2024-06-10,129.48743486407506,130.37008684852043,129.07036633525667,129.85601806640625,2323000,520.297607421875,80.0,1.0,4.0,4.0,6.0,0.0002781433444658491,0.00048435122119749554,,0,2.0,131.0
2024-06-11,129.56502509105044,130.66106573327008,128.93455307908766,130.54466247558594,2427200,521.5506591796875,80.0,1.0,4.0,4.0,6.0,0.0002740645727459767,0.000478035839885508,,0,2.0,132.0
2024-06-12,132.2614955450542,133.19264781214895,131.90262118802468,131.9608154296875,3516400,525.8341674804688,80.0,1.0,4.0,4.0,6.0,0.0003222129700588291,0.00044915939809354747,,0,2.0,133.0
2024-06-13,131.8926865701336,132.0386549767936,130.95845906895275,131.6299285888672,1971500,526.8928833007812,79.0,1.0,1.0,3.0,3.0,0.000374218808715284,0.00039458765403302284,,0,1.0,134.0
2024-06-14,131.06549461793512,132.19436647716503,130.40375136552498,132.0289306640625,1515300,527.2135620117188,78.0,1.0,1.0,3.0,3.0,0.000426515464982586,0.00032874578813868173,,0,1.0,135.0
2024-06-17,131.3574490046084,132.76853143322268,130.37456038313863,132.54470825195312,2077200,531.4094848632812,77.0,1.0,1.0,3.0,3.0,0.0004152005176359487,0.0002781433444658491,,0,1.0,136.0
2024-06-18,132.55442810162904,133.25509121533995,131.78562165785945,132.71986389160156,3034600,532.7597045898438,76.0,1.0,1.0,3.0,3.0,0.00038478293761440296,0.0002740645727459767,,0,1.0,137.0
2024-06-20,131.99000655687118,133.70276684688255,131.16281266807536,133.43028259277344,2286100,531.3123779296875,75.0,1.0,1.0,1.0,1.0,0.00032785468288591604,0.0003222129700588291,,0,1.0,138.0
2024-06-21,133.28428299761802,134.2768976127496,132.42789562838325,134.14065551757812,4971200,530.60009765625,74.0,1.0,1.0,1.0,1.0,0.000310693058504331,0.000374218808715284,,0,1.0,139.0
2024-06-24,134.4131366294034,135.8047660725369,133.80005463981078,134.99703979492188,2368900,528.875244140625,73.0,1.0,1.0,1.0,1.0,0.00030666151260147376,0.000426515464982586,,0,1.0,140.0
2024-06-25,134.9386554726634,135.35710803288694,132.95339654482362,133.64434814453125,2247100,530.9119262695312,74.0,1.0,1.0,1.0,1.0,0.00031992134367546545,0.0004152005176359487,,0,1.0,141.0
2024-06-26,132.9923545157544,134.00443670583948,132.92422603169393,133.7027587890625,2389200,531.5745239257812,73.0,1.0,1.0,1.0,1.0,0.0003425221104437456,0.00038478293761440296,,0,1.0,142.0
2024-06-27,133.52759230401475,133.92657752148574,132.93396276667292,133.78060913085938,2112300,532.4124755859375,71.0,1.0,1.0,1.0,1.0,0.00035558885598880094,0.00032785468288591604,,0,1.0,143.0
2024-06-28,134.1114786953142,134.38396291989608,132.55442810474284,133.21617126464844,4067400,530.3174438476562,71.0,1.0,1.0,1.0,1.0,0.0003315589219855016,0.000310693058504331,,0,1.0,144.0
2024-07-01,134.92893665166918,134.9775977328089,132.59335324973333,133.25509643554688,2386100,531.4088745117188,70.0,1.0,1.0,1.0,1.0,0.0002763607239211399,0.00030666151260147376,,0,1.0,145.0
2024-07-02,133.43027209247902,137.19640511840146,133.28430369972116,137.04071044921875,3321000,534.9851684570312,78.0,1.0,1.0,3.0,3.0,0.00027195949429868857,0.00031992134367546545,,0,1.0,146.0
2024-07-03,137.45917833541705,137.7900499619197,136.48601601091852,137.37159729003906,2070100,537.37255859375,77.0,1.0,1.0,3.0,3.0,0.00031250692022615406,0.0003425221104437456,,0,1.0,147.0
2024-07-05,137.37156995408463,137.37156995408463,135.8631656814178,137.01148986816406,2099900,540.4713134765625,76.0,1.0,1.0,3.0,3.0,0.0003683202692463425,0.00035558885598880094,,0,1.0,148.0
2024-07-08,137.34238192672956,138.37393145196813,137.0601565815824,137.3813018798828,2307400,541.0950317382812,75.0,1.0,1.0,1.0,1.0,0.0003889924746019315,0.0003315589219855016,,0,1.0,149.0
2024-07-09,137.51752770013476,138.66586664735868,136.55410676863218,138.6366729736328,2368000,541.6211547851562,75.0,1.0,1.0,1.0,1.0,0.0004337190200580515,0.0002763607239211399,,0,1.0,150.0
2024-07-10,139.16218535946646,140.5927348864184,138.9480885017406,140.5343475341797,2873900,546.9807739257812,76.0,1.0,1.0,1.0,1.0,0.0004946491654867648,0.00027195949429868857,,0,1.0,151.0
2024-07-11,141.54644804720007,143.3662715747666,141.3128986078427,143.20082092285156,3340300,542.2642211914062,79.0,1.0,1.0,3.0,3.0,0.0005883557206030984,0.00031250692022615406,,0,1.0,152.0
2024-07-12,143.76523475330933,145.4293484997299,143.54141162518243,144.41725158691406,3718900,545.6846313476562,79.0,1.0,1.0,3.0,3.0,0.0006780745180030135,0.0003683202692463425,,0,1.0,153.0
2024-07-15,144.91360284896982,145.1082323407153,143.52197302689677,143.8528594970703,2950900,547.1854858398438,78.0,1.0,1.0,3.0,3.0,0.0007305407354433039,0.0003889924746019315,,0,1.0,154.0
2024-07-16,144.0669370289827,145.341792085915,143.64848437730654,144.92332458496094,3823600,550.4302978515625,78.0,1.0,1.0,3.0,3.0,0.0007513049781561802,0.0004337190200580515,,0,1.0,155.0
2024-07-17,144.6119027702412,145.50721017462743,144.20316159608936,145.40016174316406,2794300,542.7125244140625,77.0,1.0,1.0,3.0,3.0,0.0007533071759368211,0.0004946491654867648,,0,1.0,156.0
2024-07-18,145.08875642819703,145.5850786797119,143.49277093063336,143.79444885253906,3255500,538.5418701171875,77.0,1.0,1.0,3.0,3.0,0.0007428838671220199,0.0005883557206030984,,0,1.0,157.0
2024-07-19,144.58271184527206,144.58271184527206,142.75316219972208,143.71658325195312,2584700,534.965576171875,76.0,1.0,1.0,3.0,3.0,0.0007185768730101488,0.0006780745180030135,,0,1.0,158.0
2024-07-22,143.7847240959725,145.45856437322146,143.7847240959725,145.2347412109375,2697300,540.4811401367188,76.0,1.0,1.0,3.0,3.0,0.0006997670065348414,0.0007305407354433039,,0,1.0,159.0
2024-07-23,145.8964779806014,145.97433273997595,144.39781469815284,144.5827178955078,3545700,539.6333618164062,75.0,1.0,1.0,1.0,1.0,0.0007104165255242901,0.0007513049781561802,,0,1.0,160.0
2024-07-24,144.2712774827083,145.04981011182915,143.22998693578828,143.55113220214844,2939500,527.4038696289062,75.0,1.0,1.0,1.0,1.0,0.0007215387963747507,0.0007533071759368211,,0,1.0,161.0
2024-07-25,144.0279939345724,146.3538508102205,143.59980022536934,145.0303497314453,3164800,524.6559448242188,75.0,1.0,1.0,1.0,1.0,0.0007124517326306377,0.0007428838671220199,,0,1.0,162.0
2024-07-26,145.73102660526501,147.64815715823124,145.5461234276781,146.94747924804688,2066900,530.5319213867188,76.0,1.0,1.0,1.0,1.0,0.0007256951839775096,0.0007185768730101488,,0,1.0,163.0
2024-07-29,147.044807836904,147.43406675992605,146.35385617187237,147.1031951904297,1186100,530.8438110351562,75.0,1.0,1.0,1.0,1.0,0.0007655868060819121,0.0006997670065348414,,0,1.0,164.0
2024-07-30,147.2978282729298,148.2904578550965,147.09345768128975,147.23944091796875,2477800,528.1541748046875,74.0,1.0,1.0,1.0,1.0,0.0008165975886227033,0.0007104165255242901,,0,1.0,165.0
2024-07-31,148.38776960940788,148.85489816164446,147.239445329366,147.49246215820312,3890300,536.7391967773438,73.0,1.0,1.0,1.0,1.0,0.0008360965584246721,0.0007215387963747507,,0,1.0,166.0
2024-08-01,146.24680133786248,149.16628768053891,144.3491381849779,146.94747924804688,4537000,529.138427734375,72.0,1.0,1.0,1.0,1.0,0.0007805118487922705,0.0007124517326306377,,0,1.0,167.0
2024-08-02,145.97432226438994,147.89145288473767,144.48538536523523,145.82835388183594,4482300,519.2868041992188,71.0,1.0,1.0,1.0,1.0,0.0006875001929514546,0.0007256951839775096,,0,1.0,168.0
2024-08-05,148.30017955676257,148.30017955676257,142.7336908666078,144.7870635986328,4003300,504.16314697265625,71.0,1.0,1.0,1.0,1.0,0.0005867225875118958,0.0007655868060819121,,0,1.0,169.0
2024-08-06,145.21526934512625,148.04717500208645,144.19344603238753,146.47064208984375,2949200,508.81134033203125,72.0,1.0,1.0,1.0,1.0,0.0005585275958366133,0.0008165975886227033,,0,1.0,170.0
2024-08-07,147.44380269157926,148.53375447611688,146.72367215190084,147.06427001953125,3314700,505.41046142578125,71.0,1.0,1.0,1.0,1.0,0.0005662364109168689,0.0008360965584246721,,0,1.0,171.0
2024-08-08,147.46327518261734,149.88645454117778,146.89883929330006,149.6334228515625,3647900,517.0941772460938,74.0,1.0,1.0,1.0,1.0,0.0006181552300199795,0.0007805118487922705,,0,1.0,172.0
2024-08-09,149.60422675438144,150.23679111892028,148.7283866795151,149.94483947753906,2787400,519.3743286132812,73.0,1.0,1.0,1.0,1.0,0.0006542571620980092,0.0006875001929514546,,0,1.0,173.0
2024-08-12,149.86699717956816,150.48009419252642,148.87436745603534,149.75994873046875,2829200,519.6473388671875,72.0,1.0,1.0,1.0,1.0,0.0006934548756482848,0.0005867225875118958,,0,1.0,174.0
2024-08-13,150.45088998455878,150.99585846938018,148.76730859839859,150.50927734375,3558200,528.1931762695312,71.0,1.0,1.0,1.0,1.0,0.0007198661166622225,0.0005585275958366133,,0,1.0,175.0
2024-08-14,150.71360115470907,152.33877998791732,149.67232548820022,151.9300537109375,1994600,529.8594970703125,71.0,1.0,1.0,1.0,1.0,0.0007109799513658602,0.0005662364109168689,,0,1.0,176.0
2024-08-15,152.50423860249418,152.961611126295,150.38273751152636,151.3267059326172,2659700,538.94140625,70.0,1.0,1.0,1.0,1.0,0.0006910118997841404,0.0006181552300199795,,0,1.0,177.0
2024-08-16,151.6868044456141,152.47506354050572,151.02506120273958,152.3388214111328,2004500,540.1497192382812,70.0,1.0,1.0,1.0,1.0,0.0006797170688602263,0.0006542571620980092,,0,1.0,178.0
2024-08-19,152.33880574906576,153.2633217275585,152.03712783998998,153.04922485351562,1369300,545.3143310546875,69.0,1.0,1.0,1.0,1.0,0.0007049929968605076,0.0006934548756482848,,0,1.0,179.0
2024-08-20,153.27306683958994,153.6136795945005,152.29017823289863,153.516357421875,2029100,544.4276123046875,68.0,1.0,1.0,1.0,1.0,0.0007300420733169711,0.0007198661166622225,,0,1.0,180.0
2024-08-21,153.52605600769814,154.2072813946456,152.74753816423134,153.86666870117188,2179700,546.298583984375,67.0,1.0,1.0,1.0,1.0,0.0007304486223026068,0.0007109799513658602,,0,1.0,181.0
2024-08-22,153.86666632452162,154.44082842245638,153.17571467244994,154.34352111816406,2288800,542.0109252929688,66.0,1.0,1.0,1.0,1.0,0.0007160121681123433,0.0006910118997841404,,0,1.0,182.0
2024-08-23,154.7133270750403,155.9492472641985,154.60627863583326,155.71568298339844,2665200,547.77001953125,66.0,1.0,1.0,1.0,1.0,0.0007187112405404577,0.0006797170688602263,,0,1.0,183.0
2024-08-26,156.20225886403767,156.78616212183363,155.57943565205113,156.00762939453125,926000,546.4641723632812,65.0,1.0,1.0,1.0,1.0,0.0007268392643104251,0.0007049929968605076,,0,1.0,184.0
2024-08-27,156.18280752058254,157.15596972492452,155.45293586732606,156.28985595703125,1344700,547.2144775390625,65.0,1.0,1.0,1.0,1.0,0.0007388769505341135,0.0007300420733169711,,0,1.0,185.0
2024-08-28,156.48447016459838,157.6230680507068,155.91030808386662,156.4552764892578,2341500,544.0379028320312,64.0,1.0,1.0,1.0,1.0,0.0007422243487293169,0.0007304486223026068,,0,1.0,186.0
2024-08-29,156.45530141942513,156.95160882857368,155.78381708104445,155.92005920410156,2119800,544.0864868164062,63.0,1.0,1.0,1.0,1.0,0.0007531777614959886,0.0007160121681123433,,0,1.0,187.0
2024-08-30,156.16333851692775,157.41871121397074,155.65729001806298,157.21435546875,3067700,549.2803344726562,63.0,1.0,1.0,1.0,1.0,0.0008002538479636318,0.0007187112405404577,,0,1.0,188.0
2024-09-03,157.10731506347656,158.04154250221774,155.9200559377317,157.10731506347656,2556000,537.9766845703125,62.0,1.0,1.0,1.0,1.0,0.0008315704219019974,0.0007268392643104251,,0,1.0,189.0
2024-09-04,157.29223699631729,158.3919003655917,156.86404318203876,158.0707550048828,2320700,536.8755493164062,62.0,1.0,1.0,1.0,1.0,0.0008710040539712427,0.0007388769505341135,,0,1.0,190.0
2024-09-05,157.82741913702102,158.54756442255442,156.72775608322027,158.2361602783203,1905500,535.5697631835938,61.0,1.0,1.0,1.0,1.0,0.0009070337585214029,0.0007422243487293169,,0,1.0,191.0
2024-09-06,158.59625378483133,159.3163991988151,155.42375018128084,156.1828155517578,2902200,526.5560913085938,62.0,1.0,1.0,1.0,1.0,0.0009105162190725125,0.0007531777614959886,,0,1.0,192.0
2024-09-09,157.09757833265488,158.4308207418817,156.63046460021573,157.36033630371094,3669100,532.4515991210938,62.0,1.0,1.0,1.0,1.0,0.0009021442677804903,0.0008002538479636318,,0,1.0,193.0
2024-09-10,157.7885131790714,158.3918689709029,156.67910890255231,157.62307739257812,2008500,534.770751953125,61.0,1.0,1.0,1.0,1.0,0.0008649219451468589,0.0008315704219019974,,0,1.0,194.0
2024-09-11,156.94187447383158,157.19489130383548,153.64285516099199,155.69622802734375,3072500,540.2568969726562,63.0,1.0,1.0,1.0,1.0,0.000828989622389675,0.0008710040539712427,,0,1.0,195.0
2024-09-12,155.75462533471034,157.2143687495637,155.3556252374904,156.81536865234375,4332200,544.8076782226562,63.0,1.0,1.0,1.0,1.0,0.0007834925678829249,0.0009070337585214029,,0,1.0,196.0
2024-09-13,156.99056001950947,157.29223797710156,156.387189255046,157.02947998046875,2418700,547.653076171875,62.0,1.0,1.0,1.0,1.0,0.000763243176087825,0.0009105162190725125,,0,1.0,197.0
2024-09-16,157.56621108588146,158.8836453331199,157.36126892788138,158.00535583496094,1681500,548.4617919921875,61.0,1.0,1.0,1.0,1.0,0.000812665578125466,0.0009021442677804903,,0,1.0,198.0
2024-09-17,157.88823084560366,159.33254956715857,157.8101732467997,158.88363647460938,2319400,548.6858520507812,61.0,1.0,1.0,1.0,1.0,0.000877929471700578,0.0008649219451468589,,0,1.0,199.0
2024-09-18,158.88363712257234,159.3325502169523,157.25391298370565,157.3319854736328,2917100,547.05859375,62.0,1.0,1.0,1.0,1.0,0.0008773348630999623,0.000828989622389675,,0,1.0,200.0
2024-09-19,158.26883900093975,158.47378116573938,154.14085439734617,155.03866577148438,4459100,556.3939208984375,64.0,1.0,4.0,1.0,2.0,0.0007996602404991372,0.0007834925678829249,,0,2.0,201.0
2024-09-20,155.18505823292804,155.99504363743708,154.41410163152992,155.9852752685547,4843400,555.43212890625,63.0,1.0,4.0,1.0,2.0,0.000712636843285709,0.000763243176087825,,0,2.0,202.0
2024-09-23,155.98525778079247,157.09776467980635,155.55586654068105,156.0926055908203,1639300,556.8201293945312,63.0,1.0,4.0,1.0,2.0,0.0006625473319868529,0.000812665578125466,,0,2.0,203.0
2024-09-24,155.7803217384055,155.9364518153415,153.68216282276248,154.92153930664062,2826700,558.413330078125,62.0,1.0,4.0,1.0,2.0,0.0006488579999199999,0.000877929471700578,,0,2.0,204.0
2024-09-25,155.07768936426672,155.94622530097058,154.68732693210507,155.6046600341797,2827100,557.1817626953125,62.0,1.0,4.0,1.0,2.0,0.0006432627964166709,0.0008773348630999623,,0,2.0,205.0
2024-09-26,155.7218063105735,156.45371926020212,154.0432847548273,154.3067626953125,3239900,559.3908081054688,62.0,1.0,4.0,1.0,2.0,0.0006017561364992138,0.0007996602404991372,,0,2.0,206.0
2024-09-27,154.4531273517804,155.44851806874073,153.93591014861343,154.794677734375,3329500,558.5794677734375,61.0,1.0,4.0,1.0,2.0,0.0005934549220276098,0.000712636843285709,,0,2.0,207.0
2024-09-30,155.11671481868436,156.9025838189701,154.40432387020007,156.76596069335938,1760300,560.8178100585938,63.0,1.0,4.0,1.0,2.0,0.0006039819187240351,0.0006625473319868529,,0,2.0,208.0
2024-10-01,157.18561738315293,158.21028350333475,155.47782066177564,157.25392150878906,3076900,555.7936401367188,62.0,1.0,4.0,1.0,2.0,0.0006779080297779745,0.0006488579999199999,,0,2.0,209.0
2024-10-02,156.64886753470518,157.263664186432,155.77056320383096,157.03921508789062,1982900,556.0283203125,61.0,1.0,4.0,1.0,2.0,0.0007228776413467992,0.0006432627964166709,,0,2.0,210.0
2024-10-03,157.25390046449203,159.41061001596702,156.80498740585068,159.32276916503906,2585800,555.01171875,63.0,1.0,4.0,1.0,2.0,0.0007588395508883539,0.0006017561364992138,,0,2.0,211.0
2024-10-04,159.62530190350637,160.22057665767863,158.56157736717716,158.83482360839844,2233000,560.055419921875,62.0,1.0,1.0,1.0,1.0,0.0007922664706446997,0.0005934549220276098,,0,1.0,212.0
2024-10-07,158.30786586261362,158.62014092481277,155.38996803880391,155.69248962402344,2688600,554.9921875,67.0,1.0,1.0,1.0,1.0,0.0007693004148268077,0.0006039819187240351,,0,1.0,213.0
2024-10-08,157.0587242045084,158.33712946201211,156.5219851942731,158.1809844970703,2006500,560.2412109375,70.0,1.0,4.0,1.0,2.0,0.0007383411004132013,0.0006779080297779745,,0,2.0,214.0
2024-10-09,158.09315615880422,158.92266324311925,157.8003880766458,157.8394317626953,1808500,564.12158203125,69.0,1.0,4.0,1.0,2.0,0.0006823771832368423,0.0007228776413467992,,0,2.0,215.0
2024-10-10,157.77113196254467,158.0346247576418,155.95598750117387,156.77572631835938,1734600,563.1343994140625,68.0,1.0,4.0,1.0,2.0,0.0006773975259648209,0.0007588395508883539,,0,2.0,216.0
2024-10-11,157.49787874627543,158.89340026022876,156.8537918936816,158.64942932128906,2609400,566.5065307617188,69.0,1.0,4.0,1.0,2.0,0.0006793037085632276,0.0007922664706446997,,0,2.0,217.0
2024-10-14,158.56158347234853,160.77684369757634,158.36640970550468,160.415771484375,2743000,571.1397094726562,70.0,1.0,1.0,1.0,1.0,0.0006910620080378614,0.0007693004148268077,,0,1.0,218.0
2024-10-15,161.90887803343531,163.19703685212846,160.9329942744115,161.19647216796875,2621800,566.7021484375,69.0,1.0,1.0,1.0,1.0,0.0007275675992362989,0.0007383411004132013,,0,1.0,219.0
2024-10-16,160.23038704759907,161.34289414743046,159.3813727819088,161.14772033691406,1735500,569.1652221679688,68.0,1.0,1.0,1.0,1.0,0.0007489198963216682,0.0006823771832368423,,0,1.0,220.0
2024-10-17,162.18214321075692,162.2797226635578,160.81589685428924,160.83541870117188,2145600,569.2140502929688,67.0,1.0,1.0,1.0,1.0,0.0007646261809386058,0.0006773975259648209,,0,1.0,221.0
2024-10-18,161.0208022758946,163.03112021268944,160.43526612947934,162.80667114257812,2310800,571.403564453125,68.0,1.0,1.0,1.0,1.0,0.0008079841557302522,0.0006793037085632276,,0,1.0,222.0
2024-10-21,161.73321676067278,162.6115211084007,161.59659362535575,162.32850646972656,2354300,570.4652099609375,67.0,1.0,1.0,1.0,1.0,0.0008544634739578657,0.0006910620080378614,,0,1.0,223.0
2024-10-22,161.26479394014405,162.65054711479064,161.0208229962104,161.9381561279297,2120800,570.1621704101562,66.0,1.0,1.0,1.0,1.0,0.0009000294225574057,0.0007275675992362989,,0,1.0,224.0
2024-10-23,161.6258714426986,162.02598737759064,160.01566911655,161.0208282470703,4461800,564.952392578125,66.0,1.0,1.0,1.0,1.0,0.0009240794538427072,0.0007489198963216682,,0,1.0,225.0
2024-10-24,161.3038113773162,163.50931808524012,160.80611604743785,162.87498474121094,4889900,566.1741943359375,67.0,1.0,1.0,1.0,1.0,0.0009203166865253727,0.0007646261809386058,,0,1.0,226.0
2024-10-25,163.2360723640567,163.59714457175025,161.24526125652696,161.32333374023438,2994100,565.9786376953125,67.0,1.0,1.0,1.0,1.0,0.0008902993942621955,0.0008079841557302522,,0,1.0,227.0
2024-10-28,162.36753578594386,162.92378175520287,161.7624777624155,162.42608642578125,2708600,567.7283935546875,67.0,1.0,1.0,1.0,1.0,0.0008301839308505144,0.0008544634739578657,,0,1.0,228.0
2024-10-29,161.62584757540807,163.12871675596958,161.577065304878,162.69932556152344,3430500,568.6471557617188,66.0,1.0,1.0,1.0,1.0,0.0007954602236392769,0.0009000294225574057,,0,1.0,229.0
2024-10-30,162.73836510361647,163.93871281031014,162.36753941276186,162.513916015625,2726300,566.9268188476562,65.0,1.0,1.0,1.0,1.0,0.0007869619439442814,0.0009240794538427072,,0,1.0,230.0
2024-10-31,155.47781881377165,155.74129672627237,150.23731252528594,152.1110076904297,8152800,555.813232421875,110.0,1.0,4.0,4.0,6.0,0.0006151301746675416,0.0009203166865253727,,1,2.0,231.0
2024-11-01,149.77864623093512,152.58919642961968,149.50539994948585,150.91067504882812,4510300,558.1590576171875,109.0,1.0,4.0,4.0,6.0,0.00042875845582455915,0.0008902993942621955,,0,2.0,232.0
2024-11-04,151.75968826547435,152.3061957157524,150.32513785145602,150.76429748535156,2540800,556.9569091796875,108.0,1.0,4.0,4.0,6.0,0.00023981269153518174,0.0008301839308505144,,0,2.0,233.0
2024-11-05,151.1351143182591,154.10180931051755,150.96921586466902,154.0432586669922,2192000,563.6914672851562,110.0,1.0,4.0,4.0,6.0,0.00023878298853004858,0.0007954602236392769,,0,2.0,234.0
2024-11-06,156.39513018141847,156.73669546283546,148.64662542896608,152.03292846679688,6013200,577.7079467773438,110.0,1.0,4.0,4.0,6.0,0.00023334532249743006,0.0007869619439442814,,0,2.0,235.0
2024-11-07,152.29638716963396,152.68674953113566,151.4180979151578,152.34518432617188,2431800,582.1749877929688,108.0,1.0,4.0,4.0,6.0,0.00023325999354776263,0.0006151301746675416,,0,2.0,236.0
2024-11-08,153.72121368551714,155.20454627587273,152.6282137511235,152.64773559570312,4946600,584.6968383789062,107.0,1.0,4.0,4.0,6.0,0.0002278633477388431,0.00042875845582455915,,0,2.0,237.0
2024-11-11,154.95080834732448,155.95596733885873,152.90144667850143,153.29180908203125,3079900,585.2539672851562,105.0,1.0,4.0,4.0,6.0,0.0002352616713464451,0.00023981269153518174,,0,2.0,238.0
2024-11-12,153.87734416281592,153.87734416281592,152.15979410553047,152.29641723632812,2047500,583.4358520507812,104.0,1.0,4.0,4.0,6.0,0.0002338907745132884,0.00023878298853004858,,0,2.0,239.0
2024-11-13,153.04785638582953,153.31134917823337,151.74992915981682,152.08172607421875,2040000,583.71923828125,103.0,1.0,4.0,4.0,6.0,0.0002317813849607688,0.00023334532249743006,,0,2.0,240.0
2024-11-14,151.89628619307237,153.85782188586074,151.76943144262552,152.69651794433594,2550100,579.9658813476562,101.0,1.0,4.0,4.0,6.0,0.00022451179407845029,0.00023325999354776263,,0,2.0,241.0
2024-11-15,152.03290860260879,153.17470558693665,151.38883670502236,151.7987060546875,2795400,572.5374145507812,100.0,1.0,4.0,4.0,6.0,0.00023379541451053708,0.0002278633477388431,,0,2.0,242.0
2024-11-18,151.25221725609995,153.9749261773267,151.115594136232,153.88710021972656,3973900,574.88330078125,100.0,1.0,4.0,4.0,6.0,0.00027652721581013554,0.0002352616713464451,,0,2.0,243.0
2024-11-19,153.76023516493473,154.7556407198536,152.97952521775917,154.12130737304688,2847500,576.9846801757812,99.0,1.0,4.0,3.0,4.0,0.00031189840937197345,0.0002338907745132884,,0,2.0,244.0
2024-11-20,154.2384571483598,154.47265975997604,151.45718200896164,152.01344299316406,1867700,577.1802978515625,99.0,1.0,4.0,3.0,4.0,0.00031788190633261253,0.0002317813849607688,,0,2.0,245.0
2024-11-21,152.92095683480645,155.20452088042907,151.7596529706098,154.5311737060547,2514300,580.2786254882812,100.0,1.0,1.0,3.0,3.0,0.0003097364980571528,0.00022451179407845029,,0,1.0,246.0
2024-11-22,154.5507055776317,155.52658933303164,154.20915519772433,155.44851684570312,2080100,582.0772094726562,99.0,1.0,1.0,3.0,3.0,0.00031066637796244506,0.00023379541451053708,,0,1.0,247.0
2024-11-25,156.141406710617,156.5220007938419,154.96058077041377,155.78033447265625,3062700,584.0516967773438,98.0,1.0,1.0,3.0,3.0,0.00032578014840611624,0.00027652721581013554,,0,1.0,248.0
2024-11-26,155.8584102063814,157.56620687781867,155.04842485531736,156.61959838867188,3463800,587.1011962890625,96.0,1.0,1.0,3.0,3.0,0.00032373650711718926,0.00031189840937197345,,0,1.0,249.0
2024-11-27,156.92210979100795,158.08341383465162,156.1316463369794,157.30270385742188,2481600,585.3223266601562,95.0,1.0,1.0,3.0,3.0,0.0003406733692737144,0.00031788190633261253,,0,1.0,250.0
2024-11-29,158.02484056077577,158.02484056077577,156.65860933565023,157.0782470703125,1439500,588.9584350585938,94.0,1.0,1.0,3.0,3.0,0.0003636195351889541,0.0003097364980571528,,0,1.0,251.0
2024-12-02,156.56101627387082,156.73668308469365,153.54553918711204,154.47262573242188,4154200,590.0139770507812,95.0,1.0,1.0,3.0,3.0,0.00034136114386898155,0.00031066637796244506,,0,1.0,252.0
2024-12-03,154.8239385276986,154.8239385276986,152.23785275453574,152.4915771484375,2908500,590.2877197265625,95.0,1.0,1.0,3.0,3.0,0.0002821419060683684,0.00032578014840611624,,0,1.0,253.0
2024-12-04,151.95488561848055,153.0868996031001,151.57429150063297,152.33547973632812,3249100,593.953125,94.0,1.0,1.0,3.0,3.0,0.0002256711047905791,0.00032373650711718926,,0,1.0,254.0
2024-12-05,152.6867483080883,153.61383471167628,151.83771948537395,152.59890747070312,4459600,592.9757080078125,93.0,1.0,1.0,3.0,3.0,0.00020920790266646324,0.0003406733692737144,,0,1.0,255.0
2024-12-06,153.30158445982403,153.83832353460795,151.76945461813742,152.1695556640625,3274900,594.0997314453125,91.0,1.0,1.0,3.0,3.0,0.000203609373307331,0.0003636195351889541,,0,1.0,256.0
2024-12-09,152.41351577784644,153.0088054564887,151.94509575080468,152.30618286132812,3750300,591.0404052734375,90.0,1.0,1.0,3.0,3.0,0.00020189376983885347,0.00034136114386898155,,0,1.0,257.0
2024-12-10,152.31597128588731,154.93133316865138,152.0134496387863,154.58978271484375,3232300,589.2026977539062,91.0,1.0,1.0,3.0,3.0,0.00020766149715974254,0.0002821419060683684,,0,1.0,258.0
2024-12-11,154.85320670582936,155.95595996883395,153.8187724442651,154.36526489257812,3249200,593.7576293945312,90.0,1.0,1.0,3.0,3.0,0.00021954290869609516,0.0002256711047905791,,0,1.0,259.0
2024-12-12,154.70685818839738,155.0776987988109,152.5599167987084,152.7746124267578,2007100,590.6983032226562,89.0,1.0,1.0,3.0,3.0,0.00020596555026457502,0.00020920790266646324,,0,1.0,260.0
2024-12-13,152.91123454002917,153.61387206515914,151.68161142564915,151.8280029296875,2411600,590.5808715820312,89.0,1.0,4.0,3.0,4.0,0.00022581447469046287,0.000203609373307331,,0,2.0,261.0
2024-12-16,152.21944853927806,152.46412713783462,151.07435449011302,151.2896728515625,2331500,593.1028442382812,87.0,1.0,4.0,1.0,2.0,0.00025575288598228183,0.00020189376983885347,,0,2.0,262.0
2024-12-17,150.8296910603417,151.00585250070048,149.33225908130018,149.53778076171875,3634100,590.6591186523438,87.0,1.0,4.0,1.0,2.0,0.0002870325440213813,0.00020766149715974254,,1,2.0,263.0
2024-12-18,149.73355235301082,151.1037468223646,146.34719325875122,146.41571044921875,4571900,573.055419921875,91.0,1.0,4.0,1.0,2.0,0.00022765603753399167,0.00021954290869609516,,0,2.0,264.0
2024-12-19,146.8071993416978,147.95229370448297,144.90849050743842,145.1335906982422,4870500,572.8794555664062,90.0,1.0,4.0,1.0,2.0,0.00016166220336772354,0.00020596555026457502,,0,2.0,265.0
2024-12-20,145.1923083047194,148.11865522805252,144.8497522413599,147.11058044433594,6446800,579.7603149414062,91.0,1.0,4.0,1.0,2.0,0.0001076818585885445,0.00022581447469046287,,0,2.0,266.0
2024-12-23,146.21017645478756,147.2182513184631,145.6033781693906,146.9637908935547,2853800,583.2320556640625,90.0,1.0,4.0,1.0,2.0,9.49431871870091e-05,0.00025575288598228183,,0,2.0,267.0
2024-12-24,146.96378315541483,147.36505971256486,146.41570538662413,147.2574005126953,1084600,589.7147216796875,88.0,1.0,4.0,1.0,2.0,8.85180163401076e-05,0.0002870325440213813,,0,2.0,268.0
2024-12-26,146.02422831711695,148.148037395878,146.02422831711695,147.8054962158203,1168100,589.7539672851562,87.0,1.0,4.0,1.0,2.0,9.621323473069743e-05,0.00022765603753399167,,0,2.0,269.0
2024-12-27,146.6897398005598,148.1284513667894,146.34718373850566,147.12037658691406,1212400,583.5458984375,86.0,1.0,4.0,1.0,2.0,9.536566956268136e-05,0.00016166220336772354,,0,2.0,270.0
2024-12-30,145.9850605903518,146.7582384859713,145.1923042229196,146.19058227539062,2444000,576.8866577148438,85.0,1.0,4.0,1.0,2.0,6.779851389465752e-05,0.0001076818585885445,,0,2.0,271.0
2024-12-31,146.38634955524262,146.8071896639595,145.35869624079498,145.8382568359375,1562100,574.7880859375,84.0,1.0,4.0,1.0,2.0,1.607054846141078e-05,9.49431871870091e-05,,0,2.0,272.0
2025-01-02,146.8463368799295,146.95399608685761,145.29998090259872,146.16123962402344,1921600,573.375732421875,83.0,1.0,4.0,1.0,2.0,-3.711374487866869e-05,8.85180163401076e-05,,0,2.0,273.0
2025-01-03,146.20038864578535,146.80718690611752,145.56421520879258,146.6505889892578,1227600,580.5448608398438,82.0,1.0,4.0,1.0,2.0,-5.954091754655928e-05,9.621323473069743e-05,,0,2.0,274.0
2025-01-06,145.75016458992894,145.99484322003573,142.77487901878976,143.45997619628906,3742900,583.8892211914062,86.0,1.0,4.0,1.0,2.0,-9.427209456853232e-05,9.536566956268136e-05,,0,2.0,275.0
2025-01-07,143.45995642833813,144.25271269120714,142.51060227961943,143.32293701171875,3135700,577.288818359375,85.0,1.0,4.0,1.0,2.0,-0.00013079023485654243,6.779851389465752e-05,,0,2.0,276.0
2025-01-08,141.84510424051052,143.4991343556176,140.76852710728116,143.45021057128906,3719000,578.1322631835938,83.0,1.0,4.0,1.0,2.0,-0.00016953331210036303,1.607054846141078e-05,,0,2.0,277.0
2025-01-10,141.70806935668796,142.3833847676767,139.41788095472495,139.76043701171875,3979400,569.3056640625,89.0,4.0,4.0,1.0,8.0,-0.00021227092536145055,-3.711374487866869e-05,,0,2.0,278.0
2025-01-13,139.37873149489093,140.87616344182842,139.26127560317192,140.8272247314453,3358000,570.1882934570312,89.0,4.0,4.0,1.0,8.0,-0.00024010601396693568,-5.954091754655928e-05,,0,2.0,279.0
2025-01-14,141.58084145503474,142.5595559432891,141.03276373105197,142.1582794189453,3229600,570.972900390625,88.0,4.0,4.0,1.0,8.0,-0.00026022776770204026,-9.427209456853232e-05,,0,2.0,280.0
2025-01-15,144.58551697085176,145.54466811952366,143.27404287042404,145.0846710205078,5105100,581.3589477539062,91.0,1.0,4.0,3.0,4.0,-0.00021213571611449,-0.00013079023485654243,,0,2.0,281.0
2025-01-16,145.26081659216632,147.05186607083277,144.84975825945588,147.03228759765625,2823400,580.2408447265625,92.0,1.0,4.0,3.0,4.0,-0.00014098241905157396,-0.00016953331210036303,,0,2.0,282.0
2025-01-17,147.6684556387944,147.854413792175,145.7697470280646,145.93612670898438,3364600,586.0664672851562,91.0,1.0,4.0,3.0,4.0,-9.47945987379978e-05,-0.00021227092536145055,,0,2.0,283.0
2025-01-21,146.55271947549323,148.56886902304066,146.42548180738632,148.49057006835938,4420600,591.430908203125,93.0,1.0,4.0,3.0,4.0,-6.058965228735502e-05,-0.00024010601396693568,,0,2.0,284.0
2025-01-22,148.63739620402836,151.505038030945,148.0795365926084,150.88844299316406,4981200,594.7556762695312,94.0,1.0,1.0,3.0,3.0,-2.814987105956773e-05,-0.00026022776770204026,,0,1.0,285.0
2025-01-23,150.6143933447611,155.25350605276833,150.02715859498804,154.32371520996094,3989100,598.0018920898438,97.0,1.0,1.0,3.0,3.0,4.847567284074168e-05,-0.00021213571611449,,0,1.0,286.0
2025-01-24,153.7658567145481,154.58797342278473,153.3547983604298,154.11819458007812,1944800,596.2561645507812,96.0,1.0,1.0,3.0,3.0,0.00010062348025414417,-0.00014098241905157396,,0,1.0,287.0
2025-01-27,154.08883521590226,157.48497620932542,153.94201905959278,157.40667724609375,3136300,587.8218994140625,99.0,1.0,1.0,4.0,5.0,0.00015575207640131547,-9.47945987379978e-05,,0,2.0,288.0
2025-01-28,156.89772646982638,156.99560389801968,154.6368982581502,155.45901489257812,2532300,592.8726806640625,99.0,1.0,1.0,4.0,5.0,0.00016824983731182551,-6.058965228735502e-05,,0,2.0,289.0
2025-01-29,155.20455704040646,155.47859592305775,153.59946575602055,153.87350463867188,2592800,590.2149047851562,98.0,1.0,1.0,4.0,5.0,0.0001657758525335,-2.814987105956773e-05,,0,2.0,290.0
2025-01-30,154.77393262916945,157.35773868235984,154.07903866355375,156.0462646484375,1941700,593.382568359375,99.0,1.0,1.0,4.0,5.0,0.00015861592388785478,4.847567284074168e-05,,0,2.0,291.0
2025-01-31,155.81133785528746,157.74918828976902,155.17517943474473,156.4279327392578,2624000,590.2246704101562,97.0,1.0,1.0,4.0,5.0,0.00015705874883911364,0.00010062348025414417,,0,2.0,292.0
2025-02-03,155.45901788022542,157.46538572475623,153.87350506421527,156.9760284423828,1986600,586.2527465820312,96.0,1.0,1.0,4.0,5.0,0.00018339332547002272,0.00015575207640131547,,0,2.0,293.0
2025-02-04,156.2028566431975,157.45561014056452,155.77221982835263,155.92881774902344,2472400,590.1854858398438,95.0,1.0,1.0,4.0,5.0,0.0002000803599186891,0.00016824983731182551,,0,2.0,294.0
2025-02-05,157.42625035540766,158.19942832322073,156.21263886767605,157.27943420410156,2971600,592.5785522460938,94.0,1.0,1.0,4.0,5.0,0.0002391054070329532,0.0001657758525335,,0,2.0,295.0
2025-02-06,162.00663977309196,166.13681691709112,160.50920750752837,164.11087036132812,4423800,594.6380615234375,110.0,1.0,1.0,4.0,5.0,0.0002919287668524964,0.00015861592388785478,,0,2.0,296.0
2025-02-07,162.92660809665344,164.29680245742483,160.64620146237078,163.27894592285156,3072900,589.1950073242188,108.0,1.0,1.0,4.0,5.0,0.00033493308941023756,0.00015705874883911364,,0,2.0,297.0
2025-02-10,163.74873281650994,164.17936961806276,162.2415189450743,163.56277465820312,3650200,593.1962890625,107.0,1.0,1.0,4.0,5.0,0.00035843138208124916,0.00018339332547002272,,0,2.0,298.0
2025-02-11,163.1712783006868,163.51383434018732,161.58576563167938,163.3865966796875,2168800,593.6474609375,105.0,1.0,1.0,4.0,5.0,0.00034997114405383085,0.0002000803599186891,,0,2.0,299.0
2025-02-12,162.23170439601867,163.30829628147512,160.841931647337,163.01467895507812,2557500,591.7349853515625,104.0,1.0,1.0,4.0,5.0,0.00034238547688213356,0.0002391054070329532,,0,2.0,300.0
2025-02-13,163.80744893151243,165.44190043271306,163.4746895697348,164.98191833496094,1853600,597.9822998046875,103.0,1.0,1.0,4.0,5.0,0.0003594854842373883,0.0002919287668524964,,0,2.0,301.0
2025-02-14,166.1661602786103,166.1661602786103,163.13213910553287,163.16151428222656,1776100,597.952880859375,103.0,1.0,1.0,4.0,5.0,0.000365432940366114,0.00033493308941023756,,0,2.0,302.0
2025-02-18,163.28873776827658,163.53341641451314,161.82066589085716,162.9559783935547,2230000,599.7083129882812,101.0,1.0,1.0,4.0,5.0,0.0003641631401329357,0.00035843138208124916,,0,2.0,303.0
2025-02-19,163.35726550442598,164.00322075635538,162.505773605428,163.4062042236328,2505500,601.12060546875,100.0,1.0,1.0,4.0,5.0,0.00034151611746629,0.00034997114405383085,,0,2.0,304.0
2025-02-20,163.4453284948726,163.91510729345796,162.30023427294645,163.2397918701172,1643400,598.6197509765625,98.0,1.0,1.0,3.0,3.0,0.0003539478983717046,0.00034238547688213356,,0,1.0,305.0
2025-02-21,163.18107992606954,164.90362716768553,162.79938183212047,164.29681396484375,2853100,588.3809814453125,97.0,1.0,1.0,3.0,3.0,0.0003860214558821914,0.0003594854842373883,,0,1.0,306.0
2025-02-24,164.83511352539062,166.27382520293142,163.7389579364071,164.83511352539062,3467500,585.7034301757812,96.0,1.0,1.0,3.0,3.0,0.0004254123049571513,0.000365432940366114,,0,1.0,307.0
2025-02-25,165.53977337899514,167.9571994390431,165.353815230684,167.5657196044922,3456400,582.7907104492188,97.0,1.0,1.0,3.0,3.0,0.0004913944759667442,0.0003641631401329357,,0,1.0,308.0
2025-02-26,166.93934578979736,168.95549534712575,166.52827254222677,167.5265655517578,3256000,583.0849609375,96.0,1.0,1.0,3.0,3.0,0.0005401744395171808,0.00034151611746629,,0,1.0,309.0
2025-02-27,167.52656034300747,169.82654540767095,166.7533824535664,167.20358276367188,2805700,573.7777709960938,94.0,1.0,1.0,3.0,3.0,0.0005670829202901413,0.0003539478983717046,,0,1.0,310.0
2025-02-28,167.3112565340884,169.84612374348862,167.03721764301807,169.542724609375,5508600,582.7318725585938,95.0,1.0,1.0,3.0,3.0,0.0005483079287412533,0.0003860214558821914,,0,1.0,311.0
2025-03-03,169.22954603456117,171.67633254850486,168.66188977124625,169.51336669921875,3658500,572.5223999023438,94.0,1.0,1.0,3.0,3.0,0.0005331460936602989,0.0004254123049571513,,0,1.0,312.0
2025-03-04,169.493786639945,170.4529376969177,166.10744249936658,166.23468017578125,3034200,565.74560546875,96.0,1.0,1.0,3.0,3.0,0.0004978164029999307,0.0004913944759667442,,0,1.0,313.0
2025-03-05,166.3814832403618,168.29977044162234,165.74532471921916,167.95721435546875,3216500,571.8261108398438,95.0,1.0,1.0,3.0,3.0,0.0004635454589307813,0.0005401744395171808,,0,1.0,314.0
2025-03-06,166.1857260483577,167.36996223717082,164.68829404941334,166.03890991210938,3104700,561.6755981445312,95.0,1.0,1.0,3.0,3.0,0.0004074072161154299,0.0005670829202901413,,0,1.0,315.0
2025-03-07,165.74529303000688,167.11548724465123,164.04232456266584,166.61634826660156,3541800,564.8236694335938,94.0,1.0,1.0,3.0,3.0,0.0003680503705115399,0.0005483079287412533,,0,1.0,316.0
2025-03-10,166.31297203209584,167.89849990806977,164.10108231628072,165.54957580566406,4806200,549.779296875,93.0,1.0,1.0,3.0,3.0,0.00031857164223180406,0.0005331460936602989,,0,1.0,317.0
2025-03-11,165.44191649323963,166.7240452186689,164.6197997782165,164.77639770507812,3855700,545.2090454101562,92.0,1.0,1.0,3.0,3.0,0.0002645909327223113,0.0004978164029999307,,0,1.0,318.0
2025-03-12,165.53978899710668,166.32276367407795,164.05213860426127,165.42234802246094,4066800,548.1022338867188,91.0,1.0,1.0,3.0,3.0,0.0002399380276497301,0.0004635454589307813,,0,1.0,319.0
2025-03-13,165.48105917907404,167.4287065247963,164.99170190030958,165.53977966308594,2919100,540.7957763671875,89.0,1.0,1.0,3.0,3.0,0.0002442876675062275,0.0004074072161154299,,0,1.0,320.0
2025-03-14,166.26402359751762,167.80059759275963,165.2853091001157,167.4188995361328,3018600,551.96630859375,89.0,1.0,1.0,3.0,3.0,0.0002923714147582444,0.0003680503705115399,,0,1.0,321.0
2025-03-17,167.7624262880653,170.45165573446053,166.96743909131953,169.61741638183594,2483400,556.22265625,90.0,1.0,1.0,3.0,3.0,0.00034104234670172224,0.00031857164223180406,,0,1.0,322.0
2025-03-18,169.8627572003639,170.51051501606813,168.76350231791625,169.6370086669922,2995100,550.2107543945312,89.0,1.0,1.0,3.0,3.0,0.00036871797208438446,0.0002645909327223113,,0,1.0,323.0
2025-03-19,169.95112101303735,171.2859190230829,168.97946162395226,170.47129821777344,2609300,556.2030029296875,87.0,1.0,1.0,1.0,1.0,0.0004046951975132449,0.0002399380276497301,,0,1.0,324.0
2025-03-20,169.92165531729916,172.64031242547892,169.8038689072832,172.3360595703125,2746700,554.5947875976562,87.0,1.0,1.0,1.0,1.0,0.0004353415742533802,0.0002442876675062275,,0,1.0,325.0
2025-03-21,172.41458855658215,172.72866569960806,169.89222202175358,171.15830993652344,4717100,554.777587890625,87.0,1.0,1.0,1.0,1.0,0.0004272085504687653,0.0002923714147582444,,0,1.0,326.0
2025-03-24,171.0896217179579,172.895520434028,170.93258314020667,172.00238037109375,2982400,564.712890625,86.0,1.0,1.0,1.0,1.0,0.0004060484854972825,0.00034104234670172224,,0,1.0,327.0
2025-03-25,172.88568858464555,173.21939929174485,171.24663781327354,172.37533569335938,2777100,566.0703125,84.0,1.0,1.0,1.0,1.0,0.0003721381680031072,0.00036871797208438446,,0,1.0,328.0
2025-03-26,172.66974701876785,173.54326836581816,171.7471792032703,172.50289916992188,2575200,559.3123779296875,83.0,1.0,1.0,1.0,1.0,0.0003791397676731882,0.0004046951975132449,,0,1.0,329.0
2025-03-27,172.6501390155651,174.16159401754766,171.87477046195949,173.091796875,2946000,557.8270874023438,82.0,1.0,1.0,1.0,1.0,0.00038602830156519297,0.0004353415742533802,,0,1.0,330.0
2025-03-28,172.86606517332075,173.73957160737524,171.24663303646338,171.47238159179688,3199200,546.5933837890625,82.0,1.0,1.0,1.0,1.0,0.00036147808140045754,0.0004272085504687653,,0,1.0,331.0
2025-03-31,169.6174218878798,170.32406554879702,168.11576105236358,169.3033447265625,6282800,550.2626342773438,82.0,1.0,1.0,1.0,1.0,0.0003260231360961929,0.0004060484854972825,,1,1.0,332.0
2025-04-01,168.61631036836965,169.50945039864288,167.42872675958606,168.3120574951172,3877200,551.8167114257812,82.0,1.0,1.0,1.0,1.0,0.00028648032966430403,0.0003721381680031072,,0,1.0,333.0
2025-04-02,167.03612701473838,168.81258260999417,166.46687348555892,167.281494140625,6613000,555.308837890625,81.0,1.0,1.0,1.0,1.0,0.00025851774507161047,0.0003791397676731882,,0,1.0,334.0
2025-04-03,166.08412126606703,169.37204713726885,164.180069744907,164.4548797607422,6043400,527.9428100585938,83.0,1.0,4.0,1.0,2.0,0.00021653558888867254,0.00038602830156519297,,0,2.0,335.0
2025-04-04,162.33491067181978,163.42434148546212,153.6489220004765,153.8354034423828,6340400,497.0354309082031,122.0,1.0,4.0,4.0,6.0,8.28371261211407e-05,0.00036147808140045754,,1,2.0,336.0
2025-04-07,149.50711920307523,156.5344382350324,147.68158694004777,151.78411865234375,6950500,496.150146484375,122.0,1.0,4.0,4.0,6.0,-4.7491660899567146e-05,0.0003260231360961929,,0,2.0,337.0
2025-04-08,155.60203349118933,155.84740065417762,146.69031131035584,148.81027221679688,6466300,488.3789978027344,123.0,4.0,4.0,4.0,12.0,-0.0001802516880779964,0.00028648032966430403,,0,4.0,1.0
2025-04-09,148.06436296633782,154.35558068476723,144.5114512017939,153.9040985107422,7429300,539.668212890625,130.0,4.0,4.0,4.0,12.0,-0.00019561692843926256,0.00025851774507161047,,0,4.0,2.0
2025-04-10,153.30537998771152,154.10036709357223,148.02508952833236,152.31410217285156,4719200,516.0205078125,128.0,4.0,4.0,4.0,12.0,-0.00020091622095922884,0.00021653558888867254,,0,4.0,3.0
2025-04-11,151.75466437940003,153.90408292797642,149.4383979722795,153.02076721191406,2786500,525.227783203125,127.0,4.0,4.0,4.0,12.0,-0.00018217703584341458,8.28371261211407e-05,,0,4.0,4.0
2025-04-14,155.34684526109885,157.31959171066444,154.28685740019105,156.828857421875,2946400,530.3232421875,129.0,1.0,4.0,4.0,6.0,-0.00017940419355491426,-4.7491660899567146e-05,,0,2.0,5.0
2025-04-15,157.55513915463817,158.00662125995518,155.0622157216872,156.9858856201172,2675600,528.8378295898438,127.0,1.0,4.0,4.0,6.0,-0.00015560703854486702,-0.0001802516880779964,,0,2.0,6.0
2025-04-16,156.87792567909216,157.39810280004744,154.4438879266957,155.50387573242188,2628900,517.082763671875,126.0,1.0,4.0,4.0,6.0,-0.00014327297244946747,-0.00019561692843926256,,0,2.0,7.0
2025-04-17,156.4951518967988,157.82994967773442,155.12110196466847,155.70016479492188,2742700,517.820556640625,124.0,1.0,4.0,4.0,6.0,-0.0001407182914812978,-0.00020091622095922884,,0,2.0,8.0
2025-04-21,154.5027678064797,154.89536418785784,150.29227457634138,152.1570587158203,2815000,505.4951477050781,126.0,1.0,4.0,4.0,6.0,-0.00017791800933072779,-0.00018217703584341458,,1,2.0,9.0
2025-04-22,153.62927350039857,157.98699633137488,153.62927350039857,157.70236206054688,2909600,518.6469116210938,134.0,1.0,4.0,4.0,6.0,-0.00015624363877693537,-0.00017940419355491426,,0,2.0,10.0
2025-04-23,159.09606833391973,160.12659839789308,156.5049917917708,158.0066375732422,2876100,526.6836547851562,132.0,1.0,4.0,4.0,6.0,-0.00014214323447016443,-0.00015560703854486702,,0,2.0,11.0
2025-04-24,158.08513860104588,160.27380916438761,157.04476941041477,159.95973205566406,1559700,537.769775390625,131.0,1.0,4.0,4.0,6.0,-8.862633283327128e-05,-0.00014327297244946747,,0,2.0,12.0
2025-04-25,159.4297702555985,160.59772034785138,158.6151494771698,160.2051239013672,1642800,541.6553344726562,129.0,1.0,4.0,4.0,6.0,-7.785374669845464e-05,-0.0001407182914812978,,0,2.0,13.0
2025-04-28,160.27381282502694,161.33380062714767,159.2825200319954,160.45046997070312,2337500,541.8618774414062,127.0,1.0,1.0,4.0,5.0,-3.667059823994031e-05,-0.00017791800933072779,,0,2.0,14.0
2025-04-29,160.44067975503873,163.5322999801701,160.38179403281117,163.2476806640625,2114600,545.2753295898438,127.0,1.0,1.0,4.0,5.0,1.0767488787970512e-05,-0.00015624363877693537,,0,2.0,15.0
2025-04-30,162.97283643249122,165.65224106355856,161.5006337817479,164.8572540283203,3672000,545.49169921875,126.0,1.0,1.0,4.0,5.0,6.702008953293635e-05,-0.00014214323447016443,,0,2.0,16.0
2025-05-01,163.15932622340193,169.11683213564535,159.92047722996807,167.674072265625,4008900,549.3574829101562,126.0,1.0,1.0,4.0,5.0,9.901430319866611e-05,-8.862633283327128e-05,,0,2.0,17.0
2025-05-02,169.88238849479612,171.26626275081003,168.05685638448585,170.2357177734375,2921400,557.5122680664062,126.0,1.0,1.0,4.0,5.0,0.00013305620229488114,-7.785374669845464e-05,,0,2.0,18.0
2025-05-05,170.50069823130036,171.92382447106166,169.391634104139,170.75587463378906,2239100,554.3153686523438,124.0,1.0,1.0,4.0,5.0,0.00016239972687639114,-3.667059823994031e-05,,0,2.0,19.0
2025-05-06,169.7547805949315,172.94455288631573,169.7547805949315,171.94345092773438,2744300,549.6820678710938,123.0,1.0,1.0,4.0,5.0,0.00019081382725494734,1.0767488787970512e-05,,0,2.0,20.0
2025-05-07,171.73735727483555,173.7395614403248,171.28589014263187,173.25863647460938,2025800,551.9938354492188,122.0,1.0,1.0,4.0,5.0,0.00020682843711141279,6.702008953293635e-05,,0,2.0,21.0
2025-05-08,173.90641134779025,175.4865762812299,173.13104282197918,173.1997528076172,4378300,555.8400268554688,120.0,1.0,1.0,4.0,5.0,0.00022028098806149398,9.901430319866611e-05,,0,2.0,22.0
2025-05-09,173.60217258253232,176.11472982874167,173.50401973109314,175.02529907226562,3313500,555.1317749023438,119.0,1.0,1.0,4.0,5.0,0.0002411018095657329,0.00013305620229488114,,0,2.0,23.0
2025-05-12,175.60436553147366,175.60436553147366,167.41892074923527,170.22592163085938,4617700,573.4774780273438,123.0,1.0,1.0,4.0,5.0,0.00022708322971610624,0.00016239972687639114,,0,2.0,24.0
2025-05-13,170.3044150216233,171.56069347926015,169.57812295429366,169.6370086669922,2122900,577.2646484375,121.0,1.0,1.0,4.0,5.0,0.00021613796127424446,0.00019081382725494734,,0,2.0,25.0
2025-05-14,169.8725814536091,170.77553073855236,167.75260575364388,168.7537078857422,4025800,578.0025024414062,120.0,1.0,1.0,4.0,5.0,0.00018386296699416605,0.00020682843711141279,,0,2.0,26.0
2025-05-15,169.03832912724786,171.97292556912035,168.67519054543223,171.6097869873047,2563600,580.8256225585938,120.0,1.0,1.0,4.0,5.0,0.0002023142892491126,0.00022028098806149398,,0,2.0,27.0
2025-05-16,172.2968159168232,172.99365023702566,170.5988794302211,172.9838409423828,2330900,584.504638671875,119.0,1.0,1.0,4.0,5.0,0.000243589107857853,0.0002411018095657329,,0,2.0,28.0
2025-05-19,171.7569936620127,174.12233642611753,171.3251451103562,173.4745635986328,2731500,585.1439208984375,117.0,1.0,1.0,4.0,5.0,0.000337729179072752,0.00022708322971610624,,0,2.0,29.0
2025-05-20,172.64031440695513,174.09289866432468,172.2869851248952,173.02308654785156,2150800,583.1766357421875,115.0,1.0,1.0,4.0,5.0,0.0004172714826760607,0.00021613796127424446,,0,2.0,30.0
2025-05-21,172.59124193310055,173.8867725672038,170.96200062680055,171.482177734375,4479600,573.3495483398438,114.0,1.0,1.0,4.0,5.0,0.0004782166933588677,0.00018386296699416605,,0,2.0,31.0
2025-05-22,171.285895794147,172.16921150005268,170.353503665464,170.77552795410156,2896200,573.575927734375,113.0,1.0,1.0,3.0,3.0,0.0004606949043697466,0.0002023142892491126,,0,1.0,1.0
2025-05-23,170.2847889483807,173.51381380354334,169.7057261133489,172.85623168945312,2248100,569.6607666015625,112.0,1.0,1.0,3.0,3.0,0.00045779358932518665,0.000243589107857853,,0,1.0,2.0
2025-05-27,173.82790660834948,175.64362953239987,173.27828658135678,175.2313995361328,2831500,581.5043334960938,112.0,1.0,1.0,3.0,3.0,0.00045853429000790427,0.000337729179072752,,0,1.0,3.0
2025-05-28,174.32842432394847,175.32952635361858,174.28917217471567,174.50509643554688,2297700,578.1400756835938,111.0,1.0,1.0,3.0,3.0,0.00047814354627782565,0.0004172714826760607,,0,1.0,4.0
2025-05-29,174.4658379257477,175.47674929864166,173.59233154598436,175.22157287597656,1789700,580.4222412109375,109.0,1.0,1.0,3.0,3.0,0.0004898754616180742,0.0004782166933588677,,0,1.0,5.0
2025-05-30,175.14305956421734,177.29247808257261,174.71121100651763,176.46804809570312,5439100,579.7730712890625,108.0,1.0,1.0,3.0,3.0,0.0005062038420489988,0.0004606949043697466,,0,1.0,6.0
2025-06-02,175.4374960651416,176.99802740093057,174.37750827780732,176.97840881347656,1854700,583.0388793945312,107.0,1.0,1.0,3.0,3.0,0.0005399309936628643,0.00045779358932518665,,0,1.0,7.0
2025-06-03,176.89991708540032,177.5378657254899,174.50513115320996,176.01658630371094,2387700,586.36376953125,105.0,1.0,1.0,3.0,3.0,0.0005766726807594604,0.00045853429000790427,,0,1.0,8.0
2025-06-04,176.45821314358133,176.61525169615146,174.6326811540102,175.81045532226562,1869900,586.2063598632812,104.0,1.0,1.0,3.0,3.0,0.000562658959824595,0.00047814354627782565,,0,1.0,9.0
2025-06-05,176.24231516154958,176.35026232534423,174.36770663202265,175.2510223388672,2438400,583.373291015625,102.0,1.0,1.0,3.0,3.0,0.000533904593453771,0.0004898754616180742,,0,1.0,10.0
2025-06-06,174.8976889719499,175.56509535958008,174.07325900136667,175.36878967285156,3245200,589.3639526367188,101.0,1.0,1.0,3.0,3.0,0.0004826725703889533,0.0005062038420489988,,0,1.0,11.0
2025-06-09,174.50510406289453,175.51601543005313,171.55087426331565,172.70901489257812,2776000,589.89501953125,101.0,1.0,1.0,3.0,3.0,0.00044723023697631277,0.0005399309936628643,,0,1.0,12.0
2025-06-10,172.73845202700318,173.07214771508316,171.5018071368136,172.27716064453125,1898200,593.2396850585938,100.0,1.0,4.0,1.0,2.0,0.00042654859415022,0.0005766726807594604,,0,2.0,13.0
2025-06-11,172.74828448178192,174.26956382096338,171.7079301523871,174.21067810058594,1677200,591.5476684570312,100.0,1.0,4.0,1.0,2.0,0.0004175539196164631,0.000562658959824595,,0,2.0,14.0
2025-06-12,173.7297511292123,175.82028403514227,173.71013253998964,175.7613983154297,1841500,593.8988037109375,99.0,1.0,4.0,1.0,2.0,0.0004389144658776675,0.000533904593453771,,0,2.0,15.0
2025-06-13,176.23375503302918,177.08992269437977,174.6296569858825,175.6039276123047,2500300,587.2588500976562,97.0,1.0,4.0,1.0,2.0,0.000463759457825617,0.0004826725703889533,,0,2.0,16.0
2025-06-16,176.7159815251808,178.74323816971108,176.15503370724156,176.94232177734375,2150700,592.84619140625,97.0,1.0,4.0,1.0,2.0,0.0004894895144695976,0.00044723023697631277,,0,2.0,17.0
2025-06-17,176.3518597551593,178.76291737555516,175.87949289875533,178.11341857910156,3230500,587.7802124023438,96.0,1.0,4.0,1.0,2.0,0.0004998568973600044,0.00042654859415022,,0,2.0,18.0
2025-06-18,178.1134003744802,178.447992904557,176.65691227366932,176.90293884277344,2055300,587.691650390625,95.0,1.0,4.0,1.0,2.0,0.0004930120561517898,0.0004175539196164631,,0,2.0,19.0
2025-06-20,176.1648538597507,178.0248140658258,174.6493368466142,175.5940704345703,3910100,586.3114624023438,94.0,1.0,4.0,1.0,2.0,0.000463419485000435,0.0004389144658776675,,0,2.0,20.0
2025-06-23,176.00740979221246,177.09976833640326,175.36773171641366,176.8734130859375,2017400,592.1027221679688,93.0,1.0,4.0,1.0,2.0,0.0004440046427260241,0.000463759457825617,,0,2.0,21.0
2025-06-24,177.52293620526837,178.42831220619547,175.6236182396461,177.9756317138672,2101700,598.643798828125,92.0,1.0,4.0,1.0,2.0,0.0004439716456009979,0.0004894895144695976,,0,2.0,22.0
2025-06-25,177.44420098345674,178.56608154225415,176.7848515776633,177.66070556640625,1560700,598.979248046875,91.0,1.0,4.0,1.0,2.0,0.00048613394316211175,0.0004998568973600044,,0,2.0,23.0
2025-06-26,178.15276236368143,178.73338147702415,177.35563866294473,177.92642211914062,1504500,603.6655883789062,89.0,1.0,4.0,1.0,2.0,0.0005291211760939793,0.0004930120561517898,,0,2.0,24.0
2025-06-27,177.83786413380992,179.7076601819782,177.55246488477374,178.861328125,2137100,606.6647338867188,88.0,1.0,4.0,1.0,2.0,0.0005782035291216593,0.000463419485000435,,0,2.0,25.0
2025-06-30,179.0680056091465,180.83938510087498,178.47753576772243,180.5540008544922,3214000,609.5653686523438,88.0,1.0,1.0,1.0,1.0,0.0005996396564373845,0.0004440046427260241,,0,1.0,26.0
2025-07-01,180.38668946232485,180.80984796743041,176.4600998831358,178.96957397460938,2223700,609.3681030273438,87.0,1.0,1.0,1.0,1.0,0.000611911835577397,0.0004439716456009979,,0,1.0,27.0
2025-07-02,178.22167397328732,178.9695894269256,176.74551438217654,178.85150146484375,1631100,612.130615234375,86.0,1.0,1.0,1.0,1.0,0.0006183243530669484,0.00048613394316211175,,0,1.0,28.0
2025-07-03,179.1073484264598,180.19970703125,178.90067949419327,180.19970703125,1082800,616.955078125,85.0,1.0,1.0,1.0,1.0,0.0006448645302112107,0.0005291211760939793,,0,1.0,29.0
2025-07-07,180.46542243632982,181.06572789440776,178.82196667778513,180.18002319335938,1634700,612.357421875,84.0,1.0,1.0,1.0,1.0,0.0007112263558679338,0.0005782035291216593,,0,1.0,30.0
2025-07-08,179.41240926601182,180.09144498577444,177.7394316327859,178.10354614257812,1950300,612.02197265625,84.0,1.0,1.0,1.0,1.0,0.0007411707275114142,0.0005996396564373845,,0,1.0,31.0
2025-07-09,177.73944843872943,179.29433827337212,175.88932369589136,179.2648162841797,1789000,615.6920776367188,84.0,1.0,1.0,1.0,1.0,0.0007465722299715127,0.000611911835577397,,0,1.0,32.0
2025-07-10,178.94005721513824,179.9438498843119,177.75913261295977,178.9302215576172,1894300,617.4285278320312,82.0,1.0,1.0,1.0,1.0,0.0006862375863485576,0.0006183243530669484,,0,1.0,33.0
2025-07-11,178.32005747399583,179.16638948750776,177.3162648495351,177.64102172851562,1576900,615.2581176757812,82.0,1.0,1.0,1.0,1.0,0.0006295180292981181,0.0006448645302112107,,0,1.0,34.0
2025-07-14,177.51310602849463,179.5009900192578,176.80454826393333,178.9302215576172,1773000,616.4320068359375,81.0,1.0,1.0,1.0,1.0,0.0005936157835394989,0.0007112263558679338,,0,1.0,35.0
2025-07-15,178.72356068191226,178.9302296293453,176.4305910093064,176.93247985839844,1513000,613.7978515625,81.0,1.0,1.0,1.0,1.0,0.000545623556158226,0.0007411707275114142,,0,1.0,36.0
2025-07-16,177.3359523323806,178.33974496336444,176.16486343227785,177.92642211914062,1629600,615.8499755859375,81.0,1.0,1.0,1.0,1.0,0.0005139858200294895,0.0007465722299715127,,0,1.0,37.0
2025-07-17,177.46391264698127,179.25497852419568,177.13915572619723,179.04832458496094,1806800,619.6187133789062,80.0,1.0,1.0,1.0,1.0,0.0004682936969847052,0.0006862375863485576,,0,1.0,38.0
2025-07-18,179.09750593820928,179.75685533883217,177.48357225195937,177.84768676757812,2483000,619.1649169921875,79.0,1.0,1.0,1.0,1.0,0.0004451776697162537,0.0006295180292981181,,0,1.0,39.0
2025-07-21,178.02483000433557,179.26481359691408,177.57214949932356,177.93626403808594,1757900,620.3389282226562,78.0,1.0,1.0,1.0,1.0,0.00041686253722371977,0.0005936157835394989,,0,1.0,40.0
2025-07-22,177.75912585002172,178.2610146573784,176.7651688761847,177.92642211914062,1952700,620.427734375,77.0,1.0,1.0,1.0,1.0,0.00039897689554111625,0.000545623556158226,,0,1.0,41.0
2025-07-23,177.75914593096513,178.7038796769805,176.87344115076957,178.12326049804688,1994100,625.7060546875,76.0,1.0,1.0,1.0,1.0,0.00042162965763828294,0.0005139858200294895,,0,1.0,42.0
2025-07-24,178.53655829118622,181.1050762650213,177.55245201793554,180.6622314453125,2981200,625.9132690429688,77.0,1.0,1.0,1.0,1.0,0.00047241695329236505,0.0004682936969847052,,0,1.0,43.0
2025-07-25,180.3965304719625,182.35490749104568,180.34732215179307,181.50857543945312,2588800,628.5572509765625,76.0,1.0,1.0,1.0,1.0,0.0005102831851408183,0.0004451776697162537,,0,1.0,44.0
2025-07-28,181.07557145331646,181.7250852591737,179.5305172499534,179.88479614257812,2353400,628.3994750976562,76.0,1.0,1.0,1.0,1.0,0.0004937953315821914,0.00041686253722371977,,0,1.0,45.0
2025-07-29,181.01652589197633,181.91206628165577,180.1898801551667,181.7742919921875,3035700,626.7420043945312,76.0,1.0,1.0,1.0,1.0,0.0004891821566296353,0.00039897689554111625,,0,1.0,46.0
2025-07-30,182.01046566845812,184.40185189742337,181.4396821858914,182.7879180908203,3507700,625.9526977539062,76.0,1.0,1.0,1.0,1.0,0.0004815615319050598,0.00042162965763828294,,0,1.0,47.0
2025-07-31,182.78792014949013,184.4018539742703,179.79622841518898,181.8923797607422,4429300,623.6045532226562,75.0,1.0,1.0,1.0,1.0,0.0004484494526826711,0.00047241695329236505,,0,1.0,48.0
2025-08-01,179.21560076533993,182.26633633370935,179.10734847055855,181.66603088378906,3795800,613.3834228515625,74.0,1.0,1.0,1.0,1.0,0.0004002241159847512,0.0005102831851408183,,0,1.0,49.0
2025-08-04,182.41397906053587,185.59263880950454,181.8924038236432,185.45486450195312,3777300,622.706787109375,78.0,1.0,1.0,1.0,1.0,0.00039236799458997794,0.0004937953315821914,,0,1.0,50.0
2025-08-05,186.1535454327741,186.22242506313813,183.7523237340066,184.4215087890625,2929400,619.5496826171875,77.0,1.0,1.0,1.0,1.0,0.00042433348533320276,0.0004891821566296353,,0,1.0,51.0
2025-08-06,184.85453406128516,185.54340550631474,183.8212193856052,185.0612030029297,2690500,624.295166015625,76.0,1.0,1.0,1.0,1.0,0.00045066785148553825,0.0004815615319050598,,0,1.0,52.0
2025-08-07,185.4548204684995,185.976395581552,184.31325361053672,185.0316619873047,2697700,623.7722778320312,75.0,1.0,1.0,1.0,1.0,0.0004338115611401888,0.0004484494526826711,,0,1.0,53.0
2025-08-08,185.5532614383607,186.34054954767754,183.41775239011875,183.4374237060547,2783600,628.63623046875,75.0,1.0,1.0,1.0,1.0,0.000423457459661277,0.0004002241159847512,,0,1.0,54.0
2025-08-11,183.43741521290139,184.11645098804442,181.74475111193564,182.97488403320312,2036900,627.39306640625,74.0,1.0,1.0,1.0,1.0,0.00040217502379483335,0.00039236799458997794,,0,1.0,55.0
2025-08-12,183.2405858587321,183.2405858587321,178.5956030278463,179.83558654785156,3849100,634.0723266601562,76.0,1.0,1.0,1.0,1.0,0.00034332421399841675,0.00042433348533320276,,0,1.0,56.0
2025-08-13,180.73112197301805,180.73112197301805,177.34580880258778,178.5267333984375,3723300,636.2428588867188,76.0,1.0,4.0,1.0,2.0,0.00028764698503370257,0.00045066785148553825,,0,2.0,57.0
2025-08-14,178.72354908197192,180.21939489046807,178.0937216388584,179.7765350341797,6079900,636.302001953125,75.0,1.0,4.0,1.0,2.0,0.000253899069922145,0.0004338115611401888,,0,2.0,58.0
2025-08-15,179.52067931267675,179.95368851108344,177.92643182424413,178.320068359375,2840900,634.812255859375,75.0,1.0,4.0,1.0,2.0,0.00024398867436615677,0.000423457459661277,,0,2.0,59.0
2025-08-18,178.06419634168955,178.56608514888035,175.11187744140625,175.11187744140625,3606100,634.6741333007812,78.0,1.0,4.0,1.0,2.0,0.00019577494856911018,0.00040217502379483335,,0,2.0,60.0
2025-08-19,175.29885597085993,175.8302667534134,174.25570571958346,175.43663024902344,2586500,631.2308349609375,77.0,1.0,4.0,1.0,2.0,0.00013788054270723319,0.00034332421399841675,,0,2.0,61.0
2025-08-20,175.61377839309236,178.8318104214985,175.13157588311267,178.41848754882812,2921700,629.5537109375,79.0,1.0,4.0,1.0,2.0,0.00012753524754495425,0.00028764698503370257,,0,2.0,62.0
2025-08-21,177.63119745186816,178.03468466217365,175.8598030058806,176.38137817382812,1973600,627.028076171875,79.0,1.0,4.0,1.0,2.0,0.00013173623985059387,0.000253899069922145,,0,2.0,63.0
2025-08-22,176.90293686740767,178.08387639893672,176.40104807789677,177.79847717285156,2247800,636.6571655273438,79.0,1.0,4.0,1.0,2.0,0.00014463290198978585,0.00024398867436615677,,0,2.0,64.0
2025-08-25,177.86737698019996,178.7629022953583,176.2140705978493,176.2928009033203,3101800,633.8552856445312,79.0,1.0,4.0,1.0,2.0,0.0001267093812292568,0.00019577494856911018,,0,2.0,65.0
2025-08-26,175.49568272475324,176.04677986410454,174.92489925434774,175.899169921875,2578900,636.5092163085938,78.0,1.0,4.0,1.0,2.0,0.00013680708522622502,0.00013788054270723319,,1,2.0,66.0
2025-08-27,175.50553499045986,176.3518671106305,174.45254893161194,174.48207092285156,1933700,637.95947265625,77.0,1.0,4.0,1.0,2.0,0.00012370669865705938,0.00012753524754495425,,0,2.0,67.0
2025-08-28,174.20652751004388,174.87571268641406,173.31098703907261,174.32461547851562,2170900,640.21875,76.0,1.0,4.0,1.0,2.0,0.00010989867926933208,0.00013173623985059387,,0,2.0,68.0
2025-08-29,174.1966392582587,174.93471893453736,173.3306359824883,173.7931671142578,1775500,636.400634765625,75.0,1.0,4.0,1.0,2.0,9.548180588349508e-05,0.00014463290198978585,,0,2.0,69.0
2025-09-02,172.76970586161414,174.18682138736898,170.899909830631,172.3071746826172,3226400,631.684814453125,75.0,1.0,4.0,1.0,2.0,7.782408674345314e-05,0.0001267093812292568,,0,2.0,70.0
2025-09-03,171.93321951139103,172.6712992416765,171.0081571801633,172.34654235839844,1903000,635.1082153320312,74.0,1.0,4.0,1.0,2.0,6.124129839631267e-05,0.00013680708522622502,,0,2.0,71.0
2025-09-04,173.11416895944302,173.25194326158203,170.46692021037586,171.7462615966797,2950100,640.4161376953125,73.0,1.0,4.0,1.0,2.0,3.66254392100377e-05,0.00012370669865705938,,0,2.0,72.0
2025-09-05,172.35639665635702,172.35639665635702,170.1421572260255,171.50022888183594,3104200,638.5613403320312,72.0,1.0,4.0,1.0,2.0,-3.8208998142476313e-07,0.00010989867926933208,,0,2.0,73.0
2025-09-08,170.63419804967157,171.3722778062189,169.2662908348547,171.12625122070312,2322600,640.1300048828125,71.0,1.0,4.0,1.0,2.0,-5.433865676608527e-05,9.548180588349508e-05,,0,2.0,74.0
2025-09-09,170.90974840729942,172.01194271670286,170.28975660012435,170.70309448242188,3466700,641.60986328125,70.0,1.0,4.0,1.0,2.0,-9.814707358567758e-05,7.782408674345314e-05,,0,2.0,75.0
2025-09-10,170.7424492558649,171.2246667662491,168.6069403091994,169.4926300048828,2381000,643.4646606445312,69.0,1.0,4.0,1.0,2.0,-0.00014578119044241224,6.124129839631267e-05,,0,2.0,76.0
2025-09-11,170.0043685289053,173.5963506273492,169.6008813296495,173.37001037597656,2697600,648.8119506835938,75.0,1.0,4.0,1.0,2.0,-0.0001435391818858289,3.66254392100377e-05,,0,2.0,77.0
2025-09-12,172.8287406744749,173.78332497061362,170.32911732195726,171.20497131347656,2300500,648.5948486328125,76.0,1.0,4.0,3.0,4.0,-0.00015355471397341788,-3.8208998142476313e-07,,0,2.0,78.0
2025-09-15,171.39196304137727,171.59861696277693,169.10882913458386,169.4926300048828,2669700,652.0480346679688,76.0,1.0,4.0,3.0,4.0,-0.00015572499166313267,-5.433865676608527e-05,,0,2.0,79.0
2025-09-16,169.3150109456151,169.61105590849763,168.01235287597916,169.14723205566406,3179400,651.150146484375,75.0,1.0,4.0,1.0,2.0,-0.00020755047961229357,-9.814707358567758e-05,,0,2.0,80.0
2025-09-17,169.57157549174727,170.8248876204068,168.80182852976412,169.98605346679688,2443000,650.3412475585938,74.0,1.0,4.0,1.0,2.0,-0.00023865424527367757,-0.00014578119044241224,,0,2.0,81.0
2025-09-18,169.90710736989826,171.02226020136968,167.6768167651928,168.8807830810547,5990200,653.3798828125,74.0,1.0,4.0,1.0,2.0,-0.0002661328682179526,-0.0001435391818858289,,0,2.0,82.0
2025-09-19,168.8512023646379,169.27554355530816,166.71958808965925,167.53868103027344,4806500,656.6160278320312,73.0,1.0,4.0,1.0,2.0,-0.0002778000109187366,-0.00015355471397341788,,0,2.0,83.0
2025-09-22,167.35115249659393,168.15050397369285,166.07809898561328,167.88404846191406,4257400,659.7225341796875,72.0,1.0,4.0,1.0,2.0,-0.0002792250756960696,-0.00015572499166313267,,0,2.0,84.0
2025-09-23,167.90379652957364,168.574866908639,165.2984954719277,165.8807373046875,2586600,656.1312866210938,73.0,1.0,4.0,1.0,2.0,-0.00027534231176798424,-0.00020755047961229357,,0,2.0,85.0
2025-09-24,165.32810835535116,166.23601474865623,164.3905974645217,165.84127807617188,3771900,654.0436401367188,72.0,1.0,4.0,1.0,2.0,-0.0002493770664468246,-0.00023865424527367757,,0,2.0,86.0
2025-09-25,164.86428069850533,165.62416458674448,163.27544078213535,165.08139038085938,2977400,651.0263061523438,71.0,1.0,4.0,1.0,2.0,-0.00023067945437899202,-0.0002661328682179526,,0,2.0,87.0
2025-09-26,165.82152693494857,166.82812496606445,165.337961740202,165.5254669189453,2564900,654.756103515625,70.0,1.0,4.0,1.0,2.0,-0.00013310467947082687,-0.0002778000109187366,,0,2.0,88.0
2025-09-29,166.0386360310691,166.6208778569632,164.63730135565575,165.7820587158203,2661000,656.5962524414062,69.0,1.0,4.0,1.0,2.0,-2.8205259339409677e-05,-0.0002792250756960696,,0,2.0,89.0
2025-09-30,165.68336791219818,166.97614775765425,165.34784025394382,166.26560974121094,2801300,659.0694580078125,68.0,1.0,4.0,1.0,2.0,0.0001068257934764621,-0.00027534231176798424,,0,2.0,90.0
2025-10-01,165.0123072352161,165.0123072352161,160.18657881427603,160.5023651123047,4121600,661.3153686523438,83.0,4.0,4.0,4.0,12.0,7.552895905350713e-05,-0.0002493770664468246,,1,4.0,1.0
2025-10-02,159.92012537675043,160.36420786380265,158.58786285735607,158.8641815185547,3335900,662.0769653320312,83.0,4.0,4.0,4.0,12.0,4.455853759988087e-06,-0.00023067945437899202,,0,4.0,2.0
2025-10-03,158.62734001576203,160.80828473391756,158.14377484643626,160.4826202392578,2910800,662.0672607421875,83.0,4.0,4.0,4.0,12.0,-9.071059978716413e-05,-0.00013310467947082687,-1.0,0,4.0,3.0
2025-10-06,159.93986963599951,160.531974610095,156.15032853389397,156.96942138671875,3908100,664.4415893554688,87.0,4.0,4.0,4.0,12.0,-0.00014317315028243344,-2.8205259339409677e-05,-1.0,0,4.0,4.0
2025-10-07,159.34775220623496,160.68987791763826,157.07797878953608,159.85104370117188,5758300,661.9781494140625,89.0,4.0,4.0,4.0,12.0,-0.0001493216013378765,0.0001068257934764621,-1.0,0,4.0,5.0
2025-10-08,160.5517162661794,160.5517162661794,154.38386199360343,157.2753448486328,5054400,665.925537109375,90.0,4.0,4.0,4.0,12.0,-0.00018598808615038882,7.552895905350713e-05,-1.0,0,4.0,6.0
2025-10-09,158.84446939125908,158.84446939125908,156.17994411487655,157.20628356933594,3838700,663.996337890625,89.0,4.0,4.0,4.0,12.0,-0.0001637180292797982,4.455853759988087e-06,-1.0,0,4.0,7.0
2025-10-10,157.52204758053023,157.65034375871932,155.36082919104587,155.42991638183594,4175400,646.0499877929688,89.0,4.0,4.0,4.0,12.0,-0.00016760166684578917,-9.071059978716413e-05,-1.0,0,4.0,8.0
2025-10-13,155.3904594334341,157.24573975193394,155.27202639225138,156.6634979248047,3074300,655.9629516601562,88.0,4.0,4.0,4.0,12.0,-0.00017907454065480908,-0.00014317315028243344,-1.0,0,4.0,9.0
2025-10-14,157.0779843722722,158.39050563404766,155.85427660248246,156.1898193359375,2849100,655.16162109375,87.0,4.0,4.0,4.0,12.0,-0.00019484698885249545,-0.0001493216013378765,-1.0,0,4.0,10.0
2025-10-15,156.11085830272705,156.75230911191645,153.85094810643795,155.3904571533203,4174200,658.0702514648438,86.0,4.0,4.0,4.0,12.0,-0.00023393010729364007,-0.00018598808615038882,-1.0,0,4.0,11.0
2025-10-16,155.4496569325966,155.4496569325966,151.1074788273671,151.34432983398438,5576400,653.5887451171875,92.0,4.0,4.0,4.0,12.0,-0.0002819169806710235,-0.0001637180292797982,-1.0,0,4.0,12.0
2025-10-17,151.7489558451525,151.99567001506347,150.72261646570956,151.58119201660156,4090300,657.2986450195312,91.0,4.0,4.0,4.0,12.0,-0.0003273655297428714,-0.00016760166684578917,-1.0,0,4.0,13.0
2025-10-20,151.92659323374076,153.37727385691704,151.245659668792,153.2489776611328,2884400,664.1348876953125,91.0,4.0,4.0,4.0,12.0,-0.000351587173040655,-0.00017907454065480908,-1.0,0,4.0,14.0
2025-10-21,153.03185336535986,155.29174825295365,152.9726293230822,154.72923278808594,3560000,664.1249389648438,90.0,4.0,4.0,4.0,12.0,-0.0003428260770176669,-0.00019484698885249545,-1.0,0,4.0,15.0
2025-10-22,154.4233373856473,155.33124377314866,153.50556785178046,154.8871612548828,4676300,660.6722412109375,89.0,4.0,4.0,4.0,12.0,-0.00034311371114516606,-0.00023393010729364007,-1.0,0,4.0,16.0
2025-10-23,155.92335891453945,156.3575782727335,153.79174482426222,155.38058471679688,5803100,664.5899658203125,88.0,4.0,4.0,4.0,12.0,-0.00036940623102779175,-0.0002819169806710235,-1.0,0,4.0,17.0
2025-10-24,156.16021406712943,156.58455523223512,155.50888501264112,155.5779571533203,4185800,670.0213623046875,87.0,4.0,4.0,4.0,12.0,-0.0003949738385823285,-0.0003273655297428714,-1.0,0,4.0,18.0
2025-10-27,156.17993091673785,158.09443526271167,155.92335360392482,157.73916625976562,4078300,677.926025390625,87.0,4.0,4.0,4.0,12.0,-0.00039190283715393094,-0.000351587173040655,-1.0,0,4.0,19.0
2025-10-28,157.45298922071817,158.0056265624316,155.11412860621493,155.2029571533203,3322400,679.7266235351562,89.0,4.0,4.0,4.0,12.0,-0.0003877352677014925,-0.0003428260770176669,-1.0,0,4.0,20.0
2025-10-29,153.7127773640567,154.08778768768926,148.0284888145434,148.6403350830078,7586500,680.0531616210938,105.0,4.0,4.0,4.0,12.0,-0.00042069280954395256,-0.00034311371114516606,-1.0,1,4.0,21.0
2025-10-30,144.62385372496934,150.21932945837332,144.13042537043737,146.56796264648438,6950500,672.5737915039062,106.0,4.0,4.0,4.0,12.0,-0.0004913424256404796,-0.00036940623102779175,-1.0,0,4.0,22.0
2025-10-31,146.3705968009306,147.04165214653068,143.1040883895604,144.3672637939453,7069600,674.780029296875,106.0,4.0,4.0,4.0,12.0,-0.0005339981832579664,-0.0003949738385823285,-1.0,0,4.0,23.0
2025-11-03,143.577776009012,144.28831398474387,141.28826140760114,143.67645263671875,4428200,676.04638671875,105.0,4.0,4.0,4.0,12.0,-0.0005516482093005486,-0.00039190283715393094,-1.0,0,4.0,24.0
2025-11-04,144.54489578166363,145.32450591521047,143.59750676514727,145.04818725585938,3135800,668.0328369140625,104.0,4.0,4.0,4.0,12.0,-0.0005338679466822668,-0.0003877352677014925,-1.0,0,4.0,25.0
2025-11-05,145.57123178906252,148.02851048406396,144.288330078125,144.288330078125,3980900,670.3478393554688,103.0,4.0,4.0,4.0,12.0,-0.0005414458853336114,-0.00042069280954395256,-1.0,0,4.0,26.0
2025-11-06,143.84420800720338,146.11398112645756,143.82448171776295,145.58108520507812,3497500,663.1554565429688,102.0,4.0,4.0,4.0,12.0,-0.0005378393586667846,-0.0004913424256404796,-1.0,0,4.0,27.0
2025-11-07,145.1962391809379,147.13046998811274,145.01859713475463,147.04165649414062,3487100,663.808349609375,101.0,4.0,4.0,4.0,12.0,-0.0005459471306954664,-0.0005339981832579664,1.0,0,4.0,28.0
2025-11-10,146.70610875040168,147.6830871669781,145.59095595111094,147.53506469726562,3231200,674.1666870117188,100.0,4.0,4.0,4.0,12.0,-0.0005314356771219307,-0.0005516482093005486,-1.0,0,4.0,29.0
2025-11-11,148.314671820933,150.14036255462844,148.1666493541952,149.99234008789062,2854600,675.7100219726562,101.0,4.0,4.0,4.0,12.0,-0.000496438442823451,-0.0005338679466822668,1.0,0,4.0,30.0
2025-11-12,150.07129662185264,152.1436865329692,149.70614942508848,152.0252685546875,3032100,676.0859375,101.0,4.0,4.0,4.0,12.0,-0.0004280448435842179,-0.0005414458853336114,1.0,0,4.0,31.0
2025-11-13,151.38382039943158,152.2029133141834,150.51539669345397,150.69302368164062,3484800,664.866943359375,100.0,4.0,4.0,4.0,12.0,-0.000375189501336817,-0.0005378393586667846,1.0,0,4.0,32.0
2025-11-14,151.6601445592106,151.6601445592106,148.9857710856352,150.07131958007812,2554300,664.7581787109375,99.0,4.0,4.0,4.0,12.0,-0.0003710006506484299,-0.0005459471306954664,1.0,0,4.0,33.0
2025-11-17,149.83445682523003,150.84105489070103,147.9199523890701,148.3541717529297,2737300,658.5650024414062,99.0,4.0,4.0,4.0,12.0,-0.00040363700067006387,-0.0005314356771219307,1.0,0,4.0,34.0
2025-11-18,148.68968926894692,151.98578685755587,147.89033779380543,150.77195739746094,5191000,653.03466796875,100.0,4.0,4.0,4.0,12.0,-0.00041718269383308185,-0.000496438442823451,1.0,0,4.0,35.0
2025-11-19,150.5153858667903,151.67000638166814,149.98247482408482,151.63052368164062,4432700,655.5574951171875,99.0,4.0,4.0,4.0,12.0,-0.0003955286355041369,-0.0004280448435842179,1.0,0,4.0,36.0
2025-11-20,151.63050669957323,152.64696776699083,149.14363897292787,149.6666717529297,4304300,645.5652465820312,99.0,4.0,4.0,4.0,12.0,-0.0003961149049199711,-0.000375189501336817,1.0,0,4.0,37.0
2025-11-21,151.01867523785637,153.30818994373402,150.35748307492733,152.4002685546875,4777400,651.995849609375,100.0,4.0,1.0,4.0,11.0,-0.00036684661089196217,-0.0003710006506484299,1.0,0,2.0,38.0
2025-11-24,152.01541224860927,152.25226329752806,150.21934073358668,150.89039611816406,4135700,661.59228515625,100.0,4.0,1.0,4.0,11.0,-0.00036736559014814474,-0.00040363700067006387,-1.0,0,2.0,39.0
2025-11-25,152.02528674380895,154.20623174870283,151.3936990203444,153.91018676757812,2274700,667.815185546875,102.0,4.0,1.0,4.0,11.0,-0.0003175469393033597,-0.00041718269383308185,1.0,0,2.0,40.0
2025-11-26,153.7917420886121,154.95624080653096,153.387127234016,154.23582458496094,2286800,672.4254760742188,100.0,4.0,1.0,4.0,11.0,-0.00029987410172746315,-0.0003955286355041369,1.0,0,2.0,41.0
2025-11-28,154.93649918763683,156.28848802433228,154.6601805211332,155.23255920410156,1323700,676.0958251953125,99.0,4.0,1.0,4.0,11.0,-0.0002259489572540216,-0.0003961149049199711,1.0,0,2.0,42.0
2025-12-01,154.44306947250521,155.42992614645092,153.9002952901875,154.87728881835938,2834000,673.0091552734375,98.0,4.0,1.0,4.0,11.0,-0.00018588650259030291,-0.00036684661089196217,1.0,0,2.0,43.0
2025-12-02,154.7884760713904,155.55822307608753,153.06147688373233,153.31805419921875,4802100,674.2556762695312,97.0,4.0,1.0,4.0,11.0,-0.00018090741111149427,-0.00036736559014814474,-1.0,0,2.0,44.0
2025-12-03,154.2654498087006,155.6569063406346,153.9299070793993,154.78848266601562,2848700,676.5905151367188,97.0,4.0,1.0,4.0,11.0,-0.00021526067816929874,-0.0003175469393033597,-1.0,0,2.0,45.0
2025-12-04,155.12402035026312,157.21615191456945,154.69966410268356,157.01878356933594,3804600,677.085205078125,97.0,4.0,1.0,4.0,11.0,-0.00022703992668290894,-0.00029987410172746315,1.0,0,2.0,46.0
2025-12-05,156.54507903578929,157.1075795097594,155.24242099798428,155.7457275390625,3852100,678.3712768554688,97.0,4.0,1.0,4.0,11.0,-0.00022612883609665735,-0.0002259489572540216,1.0,0,2.0,47.0
2025-12-08,155.75558328414186,155.77532463299303,153.71278283780302,154.96609497070312,5387600,676.3333129882812,95.0,4.0,1.0,3.0,9.0,-0.00023930207216417106,-0.00018588650259030291,-1.0,0,2.0,48.0
2025-12-09,155.51874951665295,157.2358856594115,155.33124432736886,155.9332275390625,3558500,675.74951171875,94.0,4.0,1.0,3.0,9.0,-0.00027055742178839413,-0.00018090741111149427,1.0,0,1.0,1.0
2025-12-10,155.7457287713315,159.23919479976558,155.439790551011,158.27207946777344,4524800,680.2312622070312,95.0,4.0,1.0,3.0,9.0,-0.0002421636248839856,-0.00021526067816929874,1.0,0,1.0,2.0
2025-12-11,159.03194678728764,161.31159835021575,158.88392430967315,160.95632934570312,3855900,681.8140869140625,97.0,4.0,1.0,3.0,9.0,-0.00014312383182286462,-0.00022703992668290894,1.0,0,1.0,3.0
2025-12-12,161.0550174251812,162.20963800735365,160.59119355137193,161.0648956298828,2700500,674.4832763671875,95.0,4.0,1.0,3.0,9.0,-3.6589459677862626e-05,-0.00022612883609665735,1.0,0,1.0,4.0
2025-12-15,161.30173058633514,161.30173058633514,158.4793197173171,159.27867126464844,3206800,673.4642333984375,95.0,4.0,1.0,3.0,9.0,2.6487670310108874e-05,-0.00023930207216417106,1.0,0,1.0,5.0
2025-12-16,159.8527643195462,160.34766451867793,158.28887787791132,158.4175567626953,4222000,671.6240844726562,94.0,4.0,1.0,3.0,9.0,2.8465608532603153e-05,-0.00027055742178839413,1.0,0,1.0,6.0
2025-12-17,158.00183386248088,160.1298985623915,157.962233390925,159.2192840576172,3563700,664.2337646484375,93.0,4.0,1.0,3.0,9.0,1.5340545274517276e-05,-0.0002421636248839856,1.0,0,1.0,7.0
2025-12-18,159.60530456186964,160.63469026838453,158.38785437456005,158.43734741210938,2639300,669.2496337890625,92.0,4.0,1.0,3.0,9.0,-6.6703553349989895e-06,-0.00014312383182286462,1.0,0,1.0,8.0
2025-12-19,158.33835737027573,159.4073435213114,158.03152168957325,158.6649932861328,5747900,675.3153686523438,90.0,4.0,1.0,3.0,9.0,-2.3744782433357537e-05,-3.6589459677862626e-05,-1.0,0,2.0,9.0
2025-12-22,158.51650978123828,160.52580315381442,158.0414098727826,159.80325317382812,2152100,679.5224609375,89.0,4.0,1.0,3.0,9.0,-3.243459833036527e-05,2.6487670310108874e-05,-1.0,0,2.0,10.0
2025-12-23,159.61519210977505,160.93162833079418,159.53600627281668,160.29815673828125,1997500,682.6282348632812,88.0,4.0,1.0,3.0,9.0,-3.4582240050088065e-05,2.8465608532603153e-05,-1.0,0,2.0,11.0
2025-12-24,160.28827251854906,161.53541553348552,160.12990083638587,160.9712371826172,761800,685.0294799804688,87.0,4.0,1.0,3.0,9.0,-4.5694921438195154e-05,1.5340545274517276e-05,-1.0,0,2.0,12.0
2025-12-26,160.79304880895427,161.88183513345686,160.53570617914153,161.85214233398438,1045000,684.9599609375,86.0,4.0,1.0,3.0,9.0,-5.48880889157383e-05,-6.6703553349989895e-06,1.0,0,1.0,13.0
2025-12-29,161.95112062786933,162.74296389033307,161.12958456458918,162.3074493408203,1582300,682.51904296875,85.0,4.0,1.0,3.0,9.0,-5.051361196575116e-05,-2.3744782433357537e-05,1.0,0,1.0,14.0
2025-12-30,161.84225542324805,162.29757024548047,161.33746266431768,161.49583435058594,1142500,681.685546875,84.0,4.0,1.0,1.0,7.0,-4.092186868651297e-05,-3.243459833036527e-05,1.0,0,1.0,15.0
2025-12-31,161.14939620577618,162.0996112086203,160.26847447851102,160.30807495117188,1342600,676.635009765625,83.0,4.0,1.0,1.0,7.0,-3.062669168780367e-05,-3.4582240050088065e-05,1.0,0,1.0,16.0
2026-01-02,159.69437563038645,159.892332668334,157.962225117826,158.358154296875,2068700,677.8753051757812,84.0,4.0,4.0,1.0,8.0,-7.245132949048599e-05,-4.5694921438195154e-05,-1.0,1,2.0,17.0
2026-01-05,157.85335170242072,164.70276814339448,157.58611648877206,163.93072509765625,3370200,682.3900756835938,95.0,4.0,1.0,3.0,9.0,-4.8689637841993484e-05,-5.48880889157383e-05,1.0,0,1.0,18.0
2026-01-06,164.24747902853332,165.28677245800273,163.48532849983508,164.31675720214844,2605100,686.4484252929688,94.0,4.0,1.0,3.0,9.0,-1.978272192677159e-05,-5.051361196575116e-05,1.0,0,1.0,19.0
2026-01-07,164.29695761460857,165.14818647870598,160.25857056887816,160.26846313476562,2544900,684.2356567382812,98.0,4.0,1.0,3.0,9.0,-3.5520144442037228e-06,-4.092186868651297e-05,-1.0,0,2.0,20.0
2026-01-08,159.70428641525368,162.61428664648167,159.59540777678515,160.32785034179688,2852400,684.1661987304688,97.0,4.0,1.0,3.0,9.0,-3.6582385950459807e-05,-3.062669168780367e-05,-1.0,0,2.0,21.0
2026-01-09,160.8821478592779,164.38604967834988,160.44664837672656,164.2870635986328,3310500,688.6908569335938,101.0,4.0,1.0,4.0,11.0,-6.071283495957163e-05,-7.245132949048599e-05,1.0,0,2.0,22.0
2026-01-12,164.97989762742492,167.90971299872868,164.01980528444108,164.55429077148438,4244600,689.7723999023438,100.0,4.0,1.0,4.0,11.0,-2.8264363469156017e-05,-4.8689637841993484e-05,1.0,0,2.0,23.0
2026-01-13,164.55430781816804,165.04920799205726,161.93134293781702,164.9898223876953,2968500,688.3932495117188,98.0,4.0,1.0,4.0,11.0,-7.670142131470992e-06,-1.978272192677159e-05,1.0,0,2.0,24.0
2026-01-14,164.74236903400868,171.284949807215,164.21777606834084,171.1760711669922,5261800,685.009521484375,109.0,4.0,1.0,4.0,11.0,3.5556210164492054e-05,-3.5520144442037228e-06,1.0,0,2.0,25.0
2026-01-15,172.00750393568904,172.60139018805904,169.4637248850832,171.51260375976562,4660100,686.8750610351562,107.0,1.0,1.0,4.0,5.0,8.52358884751831e-05,-3.6582385950459807e-05,1.0,0,1.0,26.0
2026-01-16,171.44333939548855,173.5714042820751,170.10710277162335,172.20547485351562,4415800,686.2994995117188,106.0,1.0,1.0,4.0,5.0,0.00013822715005039644,-6.071283495957163e-05,1.0,0,1.0,27.0
2026-01-20,169.25585289937973,172.5122892717636,167.69196659822333,169.20635986328125,3771000,672.3286743164062,107.0,1.0,1.0,4.0,5.0,0.00010776154254321604,-2.8264363469156017e-05,1.0,0,1.0,28.0
2026-01-21,169.71116803012254,171.49279650803618,169.57259659065917,170.14666748046875,2597700,680.0880737304688,106.0,1.0,1.0,4.0,5.0,8.045169006053735e-05,-7.670142131470992e-06,1.0,0,1.0,29.0
2026-01-22,170.21595627888732,173.0368931333797,169.9981990078593,172.57168579101562,2967900,683.6402587890625,106.0,1.0,1.0,4.0,5.0,7.570072277281429e-05,3.5556210164492054e-05,1.0,0,1.0,30.0
2026-01-23,172.3539407219159,172.65086874601738,170.88902532162604,171.16616821289062,2697900,683.8883666992188,105.0,1.0,1.0,4.0,5.0,9.639717882841598e-05,8.52358884751831e-05,1.0,0,1.0,31.0
2026-01-26,171.42351891194352,173.59118401754694,171.19586906845558,173.3140411376953,2615800,687.3612060546875,105.0,1.0,1.0,4.0,5.0,0.00010134330874881328,0.00013822715005039644,1.0,0,1.0,32.0
2026-01-27,172.77954700187718,173.59119053990588,171.08699685798578,171.51260375976562,2866900,690.099853515625,104.0,1.0,1.0,4.0,5.0,6.179795731375158e-05,0.00010776154254321604,-1.0,0,2.0,33.0
2026-01-28,170.76035343959214,171.97780359008047,169.61218145705388,170.68116760253906,3209300,690.0303344726562,103.0,1.0,1.0,4.0,5.0,3.079181801675827e-05,8.045169006053735e-05,-1.0,0,2.0,34.0
2026-01-29,171.27503980285243,174.25434841598857,171.27503980285243,173.3140411376953,3193100,688.6610717773438,103.0,1.0,1.0,4.0,5.0,3.5938096890848806e-05,7.570072277281429e-05,1.0,0,1.0,35.0
2026-01-30,172.462806841246,173.26454265440927,169.46371319037033,172.0074920654297,3305900,686.6071166992188,102.0,1.0,1.0,4.0,5.0,5.894844181172741e-05,9.639717882841598e-05,1.0,0,1.0,36.0
2026-02-02,172.22526354409223,173.6010854475884,169.42412669820914,171.4136199951172,3467200,690.0204467773438,101.0,1.0,1.0,4.0,5.0,8.07817373413202e-05,0.00010134330874881328,-1.0,0,2.0,37.0
2026-02-03,168.84014887951352,169.4538202757314,157.20999453528304,161.40675354003906,9070400,684.18603515625,129.0,4.0,4.0,4.0,12.0,1.3238280443003914e-05,6.179795731375158e-05,-1.0,0,4.0,1.0
2026-02-04,159.9418355410402,163.79215831308179,158.1997923555396,163.16859436035156,6603600,680.8719482421875,128.0,4.0,4.0,4.0,12.0,-4.067020753707116e-05,3.079181801675827e-05,-1.0,0,4.0,2.0
2026-02-05,166.95952313627646,172.532104185032,164.31675789784848,166.57350158691406,5663800,672.3682861328125,129.0,4.0,4.0,4.0,12.0,-7.173785776022256e-05,3.5938096890848806e-05,1.0,0,4.0,3.0
2026-02-06,168.11759672090466,172.08669071635865,165.10859517708485,167.27626037597656,3539800,685.2676391601562,127.0,4.0,4.0,4.0,12.0,-3.797975402399409e-05,5.894844181172741e-05,-1.0,0,4.0,4.0
2026-02-09,166.74177255585872,169.12717990593222,166.5537080740388,167.75135803222656,3332300,688.5718383789062,125.0,4.0,4.0,4.0,12.0,-8.783686166556041e-06,8.07817373413202e-05,-1.0,0,4.0,5.0
2026-02-10,162.82216210220767,166.49432814819895,161.9016550006276,163.12899780273438,4870100,686.7559814453125,129.0,4.0,4.0,4.0,12.0,-2.8477381890529405e-05,1.3238280443003914e-05,-1.0,1,4.0,6.0
2026-02-11,162.70338384298424,163.3071626512477,149.50934356970433,150.43975830078125,9096900,686.5972290039062,168.0,4.0,4.0,4.0,12.0,-0.00011625303208045398,-4.067020753707116e-05,-1.0,0,4.0,7.0
2026-02-12,150.09330910488552,150.57831666387122,142.70939260438584,148.30177307128906,11830400,675.9900512695312,167.0,4.0,4.0,4.0,12.0,-0.00021779660057087428,-7.173785776022256e-05,-1.0,0,4.0,8.0
2026-02-13,149.75679129801696,151.795777538825,149.43015538034078,150.72679138183594,4166300,676.4663696289062,166.0,4.0,4.0,4.0,12.0,-0.0002728046347327278,-3.797975402399409e-05,-1.0,0,4.0,9.0
2026-02-17,151.21180505435362,152.95384824883942,147.84647477228265,151.87496948242188,5868900,677.5578002929688,164.0,4.0,4.0,4.0,12.0,-0.00025528824206537474,-8.783686166556041e-06,-1.0,0,4.0,10.0
2026-02-18,153.19140237010146,154.33955928250202,152.10261595825529,153.60711669921875,3086400,680.97119140625,162.0,4.0,4.0,4.0,12.0,-0.00023535824489883634,-2.8477381890529405e-05,-1.0,0,4.0,11.0
2026-02-19,152.4292378239349,154.3593452822437,150.8455513896977,152.53811645507812,3727900,679.1751708984375,160.0,4.0,4.0,4.0,12.0,-0.00023081016766532032,-0.00011625303208045398,-1.0,0,4.0,12.0
2026-02-20,152.69650570874123,153.8248775145913,150.83567619963046,152.43914794921875,3370600,684.0867919921875,158.0,4.0,4.0,4.0,12.0,-0.00023037705148351792,-0.00021779660057087428,-1.0,0,4.0,13.0
2026-02-23,151.81557135192006,153.3101643333762,150.2219923014812,152.52822875976562,3639600,677.1013793945312,155.0,4.0,4.0,4.0,12.0,-0.0002267758387657269,-0.0002728046347327278,-1.0,0,4.0,14.0
2026-02-24,151.97393156889194,155.22049045104671,151.97393156889194,153.77537536621094,3114200,682.0228881835938,154.0,4.0,4.0,4.0,12.0,-0.00021960887097039521,-0.00025528824206537474,-1.0,0,4.0,15.0
2026-02-25,154.47814296965075,159.20938728419108,153.8446562667341,158.69468688964844,6195300,687.7780151367188,157.0,4.0,4.0,4.0,12.0,-0.0001929754864252334,-0.00023535824489883634,1.0,0,4.0,16.0
2026-02-26,159.8230468649961,161.56508986011383,159.18957531193936,161.2285614013672,3209600,683.9578247070312,156.0,4.0,4.0,4.0,12.0,-0.0001521957474879223,-0.00023081016766532032,1.0,0,4.0,17.0
2026-02-27,160.17938884286374,164.05940431504,159.3578527585004,162.4559326171875,4346800,680.6734619140625,154.0,4.0,4.0,4.0,12.0,-0.00011858963358649071,-0.00023037705148351792,1.0,0,4.0,18.0
2026-03-02,163.5743888459766,166.2864470504829,162.31735336456802,163.0992889404297,4452400,681.0604858398438,152.0,4.0,4.0,4.0,12.0,-0.00010842681723980095,-0.0002267758387657269,1.0,0,4.0,19.0
2026-03-03,161.70366692078483,165.07888950055448,161.3770310159858,163.0992889404297,4186400,675.0573120117188,150.0,4.0,4.0,4.0,12.0,-0.0001144317791050164,-0.00021960887097039521,1.0,0,4.0,20.0
2026-03-04,161.8026733013677,164.84135268896898,160.15960100545007,164.59390258789062,2840300,679.8201293945312,148.0,4.0,4.0,4.0,12.0,-9.72279293360863e-05,-0.0001929754864252334,1.0,0,4.0,21.0
2026-03-05,162.99041966235737,165.44512026894714,161.34734747837234,162.32725524902344,4117400,676.0297241210938,147.0,4.0,4.0,4.0,12.0,-0.00010636843720557374,-0.0001521957474879223,1.0,0,4.0,22.0
2026-03-06,162.3767467267822,165.59359779075652,160.92173903728605,164.4949188232422,4552900,667.1689453125,146.0,4.0,4.0,4.0,12.0,-0.00010229426073346026,-0.00011858963358649071,1.0,0,4.0,23.0
2026-03-09,163.27747330360017,164.6532951937448,160.84255778345937,164.10890197753906,3458700,673.0133056640625,144.0,4.0,4.0,4.0,12.0,-0.0001104374419761682,-0.00010842681723980095,1.0,0,4.0,24.0
2026-03-10,163.17848184920985,163.17848184920985,157.2297873452866,158.53631591796875,3398100,671.9317016601562,150.0,4.0,4.0,4.0,12.0,-0.0001260976075100163,-0.0001144317791050164,-1.0,0,4.0,25.0
2026-03-11,157.793987350208,158.2888875796729,152.07294190584633,155.41847229003906,4585300,671.08837890625,150.0,4.0,4.0,4.0,12.0,-0.00016500359742629143,-9.72279293360863e-05,-1.0,0,4.0,26.0
2026-03-12,156.24988301784515,158.14040530097174,155.36896131519185,156.9922332763672,3585900,660.89794921875,148.0,4.0,4.0,4.0,12.0,-0.00019496954114079992,-0.00010636843720557374,-1.0,0,4.0,27.0
2026-03-13,158.23938209432924,158.96194724680805,156.26968900194862,157.5762176513672,2483700,657.1571655273438,146.0,4.0,4.0,4.0,12.0,-0.00019224664039019625,-0.00010229426073346026,1.0,0,4.0,28.0
2026-03-16,159.18959313026113,159.8923429255299,158.23937814274052,159.84286499023438,3066900,663.844970703125,145.0,4.0,4.0,4.0,12.0,-0.0001637133696423481,-0.0001104374419761682,1.0,0,4.0,29.0
2026-03-17,160.12089045969924,161.7295419989515,159.03852652654663,159.69390869140625,2095500,665.5912475585938,143.0,4.0,4.0,4.0,12.0,-0.00014443795386405312,-0.0001260976075100163,1.0,0,4.0,30.0
2026-03-18,158.0455354192341,158.83993669934785,155.79142614309538,156.05953979492188,2938100,656.3038330078125,144.0,4.0,4.0,4.0,12.0,-0.0001225248701835319,-0.00016500359742629143,-1.0,1,4.0,31.0
2026-03-19,155.84107782718158,158.05545868816984,154.8679442215367,157.39015197753906,3286700,654.6864624023438,143.0,4.0,4.0,4.0,12.0,-0.00011077015618891668,-0.00019496954114079992,1.0,0,4.0,32.0
2026-03-20,157.995879312231,158.27391748187253,156.5957487888581,157.3206329345703,4516000,645.3009643554688,141.0,4.0,4.0,3.0,10.0,-0.00011398450604144758,-0.00019224664039019625,1.0,0,4.0,33.0
2026-03-23,158.16468391282106,158.64131860083933,155.43394003980697,156.0694580078125,3290500,652.07666015625,139.0,4.0,4.0,3.0,10.0,-0.00013190198646318918,-0.0001637133696423481,-1.0,0,4.0,34.0
2026-03-24,155.41408338059094,155.93044648962535,152.90180010770854,154.7289276123047,3106600,649.8877563476562,137.0,4.0,4.0,3.0,10.0,-0.00016600825256959562,-0.00014443795386405312,-1.0,0,4.0,35.0
2026-03-25,155.56304948064812,156.9333762337852,152.50461423205547,155.7318572998047,4118800,653.5094604492188,136.0,4.0,4.0,3.0,10.0,-0.0001565418554003705,-0.0001225248701835319,-1.0,0,4.0,36.0
2026-03-26,155.07647150163422,156.27800555990333,154.44095348746026,154.86795043945312,3031300,641.838623046875,134.0,4.0,4.0,3.0,10.0,-9.619090335184943e-05,-0.00011077015618891668,1.0,0,4.0,37.0
2026-03-27,154.5998404694591,155.39424179412595,151.3130199511957,151.60098266601562,2702200,630.89404296875,135.0,4.0,4.0,3.0,10.0,-4.194306772004017e-05,-0.00011398450604144758,1.0,0,4.0,38.0
2026-03-30,153.1103357171332,156.148906610651,152.8223578653221,155.84107971191406,2928500,628.78466796875,138.0,4.0,4.0,3.0,10.0,9.171619096262105e-06,-0.00013190198646318918,1.0,0,4.0,39.0
2026-03-31,156.98302148737037,157.82707569385786,154.8182935160126,156.17869567871094,3754900,647.0621337890625,136.0,4.0,4.0,3.0,10.0,8.040827749458438e-06,-0.00016600825256959562,-1.0,0,4.0,40.0
2026-04-01,155.67227402214047,157.39015602517043,154.15298855468396,156.9730987548828,2789300,651.9373779296875,134.0,4.0,4.0,3.0,10.0,3.383187531053292e-05,-0.0001565418554003705,-1.0,0,4.0,41.0
2026-04-02,157.02274544255388,162.5040823360918,156.93336412594172,161.83877563476562,4308400,652.5244750976562,139.0,4.0,1.0,3.0,9.0,6.556191294785844e-05,-9.619090335184943e-05,1.0,0,1.0,1.0
2026-04-06,162.12675108044238,165.83062854124452,162.12675108044238,165.2248992919922,2348200,655.6087646484375,140.0,4.0,1.0,3.0,9.0,0.00013294707084061572,-4.194306772004017e-05,1.0,0,1.0,2.0
2026-04-07,165.56251032326813,166.60516098931984,164.81776201208024,165.13552856445312,2568700,655.8972778320312,138.0,4.0,1.0,3.0,9.0,0.00018874452118516734,9.171619096262105e-06,1.0,0,1.0,3.0
2026-04-08,164.26169706825425,167.02222978733096,162.6530454533526,166.61509704589844,2509900,672.6027221679688,136.0,4.0,1.0,3.0,9.0,0.00021708306109586792,8.040827749458438e-06,1.0,0,1.0,4.0
2026-04-09,166.356910984381,166.5753717004058,160.52801907066967,160.83584594726562,3434300,676.4830322265625,142.0,4.0,1.0,3.0,9.0,0.0001690333051828235,3.383187531053292e-05,-1.0,0,2.0,5.0
2026-04-10,159.9421587744604,161.4713686799797,156.6751876120266,159.47544860839844,2754500,676.0353393554688,141.0,4.0,1.0,3.0,9.0,0.0001210666945256027,6.556191294785844e-05,-1.0,0,2.0,6.0
2026-04-13,159.34636160690974,163.45737198129112,159.34636160690974,163.1594696044922,1871600,682.6417846679688,142.0,4.0,1.0,3.0,9.0,8.444192456091191e-05,0.00013294707084061572,-1.0,0,2.0,7.0
2026-04-14,162.31541987881616,163.01051527769687,160.37906213286826,160.9053497314453,2684500,690.959716796875,141.0,4.0,1.0,3.0,9.0,8.098010908429013e-05,0.00018874452118516734,-1.0,0,2.0,8.0
2026-04-15,162.0473284258709,164.63905353016594,161.19334963264103,163.91416931152344,2001800,696.412109375,141.0,4.0,1.0,3.0,9.0,9.327970237686537e-05,0.00021708306109586792,-1.0,0,2.0,9.0
2026-04-16,163.91415795429063,164.72840829033206,161.75933934416025,162.6033935546875,2847500,698.1234130859375,140.0,4.0,1.0,3.0,9.0,7.253086047911653e-05,0.0001690333051828235,-1.0,0,2.0,10.0
2026-04-17,162.85163023651407,163.17932131071095,158.72075597941418,160.1109619140625,4881700,706.5607299804688,139.0,4.0,1.0,3.0,9.0,6.245766299643957e-05,0.0001210666945256027,-1.0,0,2.0,11.0
2026-04-20,160.27978337445555,161.85864628766612,159.17755517709367,159.48538208007812,2752600,705.1477661132812,137.0,4.0,1.0,3.0,9.0,3.0309455867417326e-05,8.444192456091191e-05,-1.0,0,2.0,12.0
2026-04-21,159.77333536478955,160.79612185722286,157.1915502501976,157.5192413330078,3103800,700.53125,136.0,4.0,1.0,3.0,9.0,-6.0104717350988716e-06,8.098010908429013e-05,-1.0,0,2.0,13.0
2026-04-22,158.47251364856442,159.16760907108323,156.9532282422219,157.70791625976562,2239000,707.6253051757812,134.0,4.0,1.0,3.0,9.0,-6.845543410636248e-06,9.327970237686537e-05,-1.0,0,2.0,14.0
2026-04-23,157.0525351992842,158.1348991614739,154.2224854172495,156.37728881835938,2593800,704.8792114257812,133.0,4.0,4.0,3.0,10.0,2.575390193581822e-05,7.253086047911653e-05,-1.0,0,4.0,1.0
2026-04-24,155.30485133815586,157.82707425926304,154.73885046577684,157.3404998779297,2975100,710.3414916992188,131.0,4.0,4.0,3.0,10.0,8.521941150774663e-05,6.245766299643957e-05,-1.0,0,4.0,2.0
2026-04-27,158.30371914279326,158.3235833428038,155.77157153549658,155.85101318359375,2956900,711.5653686523438,130.0,4.0,4.0,3.0,10.0,0.00011607944784522058,3.0309455867417326e-05,-1.0,0,4.0,3.0
2026-04-28,157.7873362028362,158.57181290937345,154.9573017102935,155.20555114746094,2772000,708.1029052734375,128.0,4.0,4.0,3.0,10.0,0.00011358578789767557,-6.0104717350988716e-06,-1.0,0,4.0,4.0
2026-04-29,153.91465892958115,155.3545027085336,152.88194788490898,155.09632873535156,2794900,707.993408203125,126.0,4.0,4.0,3.0,10.0,9.699863532895382e-05,-6.845543410636248e-06,-1.0,0,4.0,5.0
2026-04-30,153.9742348765521,160.21025978492685,151.43216295873611,156.98301696777344,5847300,715.0377197265625,125.0,4.0,4.0,3.0,10.0,0.00010757539872073443,2.575390193581822e-05,-1.0,0,4.0,6.0
2026-05-01,157.9462305252863,159.87264871674324,153.6564878300344,153.66641235351562,3222600,717.0177001953125,127.0,4.0,4.0,3.0,10.0,9.516148621566458e-05,8.521941150774663e-05,-1.0,0,4.0,7.0
2026-05-04,153.21955934725807,157.46958860196068,153.21955934725807,155.34457397460938,3988100,714.3909912109375,126.0,4.0,4.0,3.0,10.0,9.524019442905215e-05,0.00011607944784522058,-1.0,0,4.0,8.0
2026-05-05,155.91058526621092,156.3077934930274,152.37551538323945,154.1927032470703,4650500,720.1220092773438,124.0,4.0,4.0,3.0,10.0,6.526722182493193e-05,0.00011358578789767557,-1.0,0,4.0,9.0
2026-05-06,154.1827830133705,154.75872359432097,152.2265760037104,152.32586669921875,3104400,730.1312866210938,124.0,4.0,4.0,3.0,10.0,5.018078574007662e-05,9.699863532895382e-05,-1.0,0,4.0,10.0
2026-05-07,151.35271217306277,155.25520113057848,151.28321021098012,155.01687622070312,3549700,727.8926391601562,124.0,4.0,4.0,3.0,10.0,3.420517816666836e-05,0.00010757539872073443,-1.0,0,4.0,11.0
2026-05-08,154.98710159084976,155.87086904472605,152.5145315639188,154.7289276123047,2952900,733.9021606445312,122.0,4.0,4.0,3.0,10.0,3.0504913321273853e-05,9.516148621566458e-05,-1.0,0,4.0,12.0
2026-05-11,153.97423641913815,156.75463328908364,152.9713140959979,156.7149200439453,2886900,735.5736694335938,122.0,4.0,4.0,3.0,10.0,7.29212118480083e-05,9.524019442905215e-05,-1.0,0,4.0,13.0
2026-05-12,157.0028767649564,157.78733833012657,154.26220839637787,154.71897888183594,2810400,734.4593505859375,121.0,4.0,4.0,3.0,10.0,8.546855287334514e-05,6.526722182493193e-05,-1.0,0,4.0,14.0
2026-05-13,153.68627573089628,154.5303147806169,151.60097426322105,153.716064453125,2097900,738.5685424804688,120.0,4.0,4.0,3.0,10.0,7.163545091285991e-05,5.018078574007662e-05,-1.0,0,4.0,15.0
2026-05-14,154.7289292569365,154.90766159353416,152.9315904556859,154.62962341308594,1989700,744.3989868164062,118.0,4.0,4.0,3.0,10.0,3.141903962442945e-05,3.420517816666836e-05,-1.0,0,4.0,16.0
2026-05-15,155.27506445302924,155.90065792900987,152.96137771139087,153.27914428710938,2191100,735.4443969726562,117.0,4.0,4.0,1.0,8.0,-1.407409663116404e-06,3.0504913321273853e-05,-1.0,0,4.0,17.0
2026-05-18,153.2493404795075,156.07937490019714,152.56416962601062,154.89772033691406,3265400,734.927001953125,116.0,4.0,4.0,1.0,8.0,-2.688262030899311e-05,7.29212118480083e-05,-1.0,0,4.0,18.0
2026-05-19,155.54316688326583,156.28791519542753,153.0010950687315,153.0308837890625,3486300,730.03173828125,116.0,4.0,4.0,1.0,8.0,-6.140893094734178e-05,8.546855287334514e-05,-1.0,0,4.0,19.0
2026-05-20,152.1471235508453,152.66348664743032,150.45903032763943,150.62783813476562,3770400,737.5138549804688,116.0,4.0,4.0,1.0,8.0,-0.00011113657689538671,7.163545091285991e-05,-1.0,1,4.0,20.0
2026-05-21,149.3170771349579,150.77678514046227,148.62198169232352,150.4292449951172,4174900,738.9764404296875,114.0,4.0,4.0,1.0,8.0,-0.0001385798459653676,3.141903962442945e-05,-1.0,0,4.0,21.0
2026-05-22,150.22071123972245,152.64362838099933,150.10155634816604,151.8988800048828,2827800,741.8817749023438,113.0,4.0,4.0,1.0,8.0,-0.00014865520842698482,-1.407409663116404e-06,-1.0,0,4.0,22.0
2026-05-26,151.49174380047063,151.73999325351335,148.91988310341478,149.58518981933594,2955700,746.8068237304688,114.0,4.0,4.0,1.0,8.0,-0.0001513487003261679,-2.688262030899311e-05,-1.0,0,4.0,23.0
2026-05-27,148.81064098698175,149.49581184758534,147.07289495290607,148.6616973876953,3525800,746.6774291992188,112.0,4.0,4.0,1.0,8.0,-0.00015901527935929775,-6.140893094734178e-05,-1.0,0,4.0,24.0
2026-05-28,147.98646559524593,149.3965206975421,146.85444867357467,147.26158142089844,3994700,750.7965698242188,111.0,4.0,4.0,1.0,8.0,-0.00020338821735639112,-0.00011113657689538671,-1.0,0,4.0,25.0
2026-05-29,146.7650748638315,148.99931986806186,146.06997944845966,146.81472778320312,8078200,752.6671142578125,110.0,4.0,4.0,1.0,8.0,-0.00023487071330102638,-0.0001385798459653676,-1.0,0,4.0,26.0
2026-06-01,146.97359258569978,147.83751093776894,142.00860379979343,143.94496154785156,5439900,754.7166748046875,111.0,4.0,4.0,1.0,8.0,-0.00027926722389970323,-0.00014865520842698482,-1.0,0,4.0,27.0
2026-06-02,144.25280461605163,144.37195951166285,135.7130168851961,141.38304138183594,9903900,755.7415771484375,113.0,4.0,4.0,1.0,8.0,-0.00030853635117855687,-0.0001513487003261679,-1.0,0,4.0,28.0
2026-06-03,140.99576580915792,141.00569033265043,135.94139539372824,137.4805450439453,5909700,750.4384155273438,117.0,4.0,4.0,1.0,8.0,-0.00034971508480147125,-0.00015901527935929775,-1.0,0,4.0,29.0
2026-06-04,140.74751043104567,143.47825431904448,140.15170570379576,141.0652618408203,4707700,753.2740478515625,121.0,4.0,4.0,1.0,8.0,-0.0003619441676653832,-0.00020338821735639112,-1.0,0,4.0,30.0
2026-06-05,141.60148940917907,142.21714318381103,138.0266913424111,140.50918579101562,5650000,733.83251953125,119.0,4.0,4.0,1.0,8.0,-0.00037552902248271094,-0.00023487071330102638,-1.0,0,4.0,31.0
2026-06-08,140.01268229753353,140.01268229753353,137.43088209509963,138.0763397216797,6302200,735.4940795898438,120.0,4.0,4.0,1.0,8.0,-0.00038604079760664115,-0.00027926722389970323,-1.0,0,4.0,32.0
2026-06-09,137.53020040580878,141.47240303031856,136.93439564291194,140.5687713623047,5706700,733.3350830078125,120.0,4.0,4.0,1.0,8.0,-0.00038878886065764535,-0.00030853635117855687,1.0,0,4.0,33.0
2026-06-10,140.9461176891676,141.4823298629701,139.06935235294176,139.35731506347656,3296500,721.7736206054688,119.0,4.0,4.0,1.0,8.0,-0.00038494647809366437,-0.00034971508480147125,1.0,0,4.0,34.0
2026-06-11,139.21827912502906,140.4793904883818,137.76851092005356,138.00682067871094,3079400,734.04150390625,118.0,4.0,4.0,1.0,8.0,-0.0003748786503484332,-0.0003619441676653832,-1.0,0,4.0,35.0
2026-06-12,138.48347500169155,139.81408837059357,136.79536667929625,139.5459747314453,3172100,738.0113525390625,117.0,4.0,4.0,1.0,8.0,-0.00038975979948559485,-0.00037552902248271094,-1.0,0,4.0,36.0
2026-06-15,139.54596787563844,141.7486500983222,139.22703634049915,139.63568115234375,3519500,751.0254516601562,116.0,4.0,4.0,1.0,8.0,-0.000390122806203202,-0.00038604079760664115,-1.0,0,4.0,37.0
2026-06-16,140.58253410410165,141.5293825655373,137.004435758227,140.811767578125,4735900,746.5481567382812,114.0,4.0,4.0,1.0,8.0,-0.0003784673633316349,-0.00038878886065764535,-1.0,0,4.0,38.0
2026-06-17,139.3765365286345,140.32338498276945,133.28678577377195,134.14393615722656,6811200,737.225341796875,131.0,4.0,4.0,4.0,12.0,-0.0003974596617461635,-0.00038494647809366437,-1.0,0,4.0,39.0
2026-06-18,135.73863623036885,136.3266771794146,132.39973284757275,133.43629455566406,6109400,744.8902587890625,129.0,4.0,4.0,4.0,12.0,-0.00042942302214761513,-0.0003748786503484332,-1.0,0,4.0,40.0
2026-06-22,132.23030279663556,133.89476625180393,129.39971878454867,130.9047088623047,5650200,742.546142578125,130.0,4.0,4.0,4.0,12.0,-0.0004860476734754791,-0.00038975979948559485,-1.0,0,4.0,41.0
2026-06-23,133.15723695955066,133.40640842451373,131.6323088106342,132.55921936035156,4574900,731.7628784179688,129.0,4.0,4.0,4.0,12.0,-0.00050678056334772,-0.000390122806203202,-1.0,0,4.0,42.0
2026-06-24,132.55921558889102,132.82832502169606,129.4595220446115,129.58909606933594,3748900,731.4237060546875,131.0,4.0,4.0,4.0,12.0,-0.0005414921294873673,-0.0003784673633316349,-1.0,0,4.0,43.0
2026-06-25,129.62895517344398,129.7684905797619,123.91794968942068,124.0774154663086,6538100,732.4810791015625,142.0,4.0,4.0,4.0,12.0,-0.0005618652986667806,-0.0003974596617461635,-1.0,0,4.0,44.0
2026-06-26,125.91131612524084,127.43624414850575,123.32989600679117,123.44950103759766,5996600,727.1842651367188,140.0,4.0,4.0,4.0,12.0,-0.0005917647533119726,-0.00042942302214761513,-1.0,0,4.0,45.0
2026-06-29,125.58241049381566,125.98108633366549,121.38636419853921,122.50265502929688,6593500,739.1644897460938,138.0,4.0,4.0,4.0,12.0,-0.0006302930094115869,-0.0004860476734754791,-1.0,0,4.0,46.0
2026-06-30,121.89467516359696,124.13721819118808,121.3963322685767,122.70198822021484,7116500,744.9202270507812,136.0,4.0,4.0,4.0,12.0,-0.0006555748377686099,-0.00050678056334772,-1.0,0,4.0,47.0
2026-07-01,123.64884063492603,128.27346224033772,123.20033505670271,126.30999755859375,5893600,743.9127197265625,140.0,4.0,4.0,4.0,12.0,-0.0006433981277614538,-0.0005414921294873673,-1.0,0,4.0,48.0
2026-07-02,129.07081631362863,132.56917813798128,128.00435516460564,132.54925537109375,4601700,742.9351806640625,153.0,4.0,4.0,4.0,12.0,-0.0005493651993841217,-0.0005618652986667806,1.0,0,4.0,49.0
2026-07-06,133.2568940642873,135.05093162194217,131.22366163775786,134.462890625,7583700,749.4190673828125,152.0,4.0,4.0,4.0,12.0,-0.00045027792487462075,-0.0005917647533119726,1.0,0,4.0,50.0
2026-07-07,134.15391264089877,137.68217362546366,134.15391264089877,135.99777221679688,4311100,745.85791015625,150.0,4.0,4.0,4.0,12.0,-0.0003852841655848471,-0.0006302930094115869,1.0,0,4.0,51.0
2026-07-08,135.19046496773365,138.07088639947287,134.5027493137796,136.71539306640625,4791300,743.5536499023438,148.0,4.0,4.0,4.0,12.0,-0.00037814625971864453,-0.0006555748377686099,1.0,0,4.0,52.0
2026-07-09,134.4329827156928,134.8416123267688,131.0841178904835,134.66221618652344,5106800,749.8480224609375,147.0,4.0,4.0,4.0,12.0,-0.00039983935515679815,-0.0006433981277614538,1.0,0,4.0,53.0
2026-07-10,135.79844626240313,136.03765633995263,133.72533788163116,134.8117218017578,3013600,753.0799560546875,145.0,4.0,4.0,4.0,12.0,-0.0004253682998399549,-0.0005493651993841217,1.0,0,4.0,54.0
2026-07-13,135.54926642652944,137.7818480543955,135.13066022284545,137.21372985839844,3061800,747.3142700195312,145.0,4.0,4.0,4.0,12.0,-0.0004302151871615932,-0.00045027792487462075,1.0,0,4.0,55.0
2026-07-14,135.38979257683442,138.46954798414149,135.03098508804595,137.1539306640625,3802000,749.9677124023438,143.0,4.0,4.0,4.0,12.0,-0.00040582626628439273,-0.0003852841655848471,1.0,0,4.0,56.0
2026-07-15,138.53932870055652,141.03104324553055,137.8017757202855,139.3765411376953,3157800,752.9403076171875,142.0,4.0,4.0,4.0,12.0,-0.000361623711007077,-0.00037814625971864453,1.0,0,4.0,57.0
2026-07-16,140.53270064323505,141.92805470817828,138.74863971675632,141.29017639160156,2805900,748.8604125976562,141.0,4.0,4.0,4.0,12.0,-0.0003209727762370589,-0.00039983935515679815,1.0,0,4.0,58.0
2026-07-17,142.02772488768156,144.07093379613042,138.61906131536338,139.18716430664062,3152400,741.4487915039062,141.0,4.0,4.0,4.0,12.0,-0.0002828941066005353,-0.0004253682998399549,1.0,0,4.0,59.0
2026-07-20,137.9213847107589,141.67887919524244,137.3034291783672,141.10081481933594,3995300,740.2518310546875,140.0,4.0,4.0,4.0,12.0,-0.0002708077614713475,-0.0004302151871615932,1.0,0,4.0,60.0
2026-07-21,138.94797167154667,140.38320166350925,137.93134789253676,138.21041870117188,2284100,746.426513671875,141.0,4.0,4.0,4.0,12.0,-0.00028489101962422234,-0.00040582626628439273,1.0,0,4.0,61.0
2026-07-22,140.03436139510276,143.01445755028482,139.49615772975577,142.05763244628906,3541800,745.55859375,144.0,4.0,1.0,4.0,11.0,-0.0002640899086049949,-0.000361623711007077,1.0,0,2.0,62.0
2026-07-23,141.57922288614492,143.3931831589131,141.21043879346536,142.73538208007812,3261300,736.3515014648438,142.0,4.0,1.0,4.0,11.0,-0.0002503226648042451,-0.0003209727762370589,1.0,0,2.0,63.0
2026-07-24,143.2536533078301,145.62577050318347,142.30680478968944,145.30682373046875,3614700,737.099609375,142.0,4.0,1.0,4.0,11.0,-0.0002000997266657168,-0.0002828941066005353,1.0,0,2.0,64.0
2026-07-27,146.2636421662536,148.23707580566406,144.40980595704423,148.23707580566406,4314300,737.25927734375,142.0,4.0,1.0,4.0,11.0,-0.00016175286692621794,-0.0002708077614713475,1.0,0,2.0,65.0
2026-07-28,148.0377361213553,152.70223343070518,147.60916854043177,152.21385192871094,6963900,739.0248413085938,145.0,4.0,1.0,4.0,11.0,-6.252286541787965e-05,-0.00028489101962422234,1.0,0,2.0,66.0
2026-07-29,151.68562223607435,154.785315843855,151.03776730739887,153.76869201660156,4434200,727.6531372070312,143.0,4.0,1.0,4.0,11.0,1.6417426665947072e-05,-0.0002640899086049949,1.0,0,2.0,67.0
2026-07-30,154.51619461705954,158.0245328064364,150.55935087018307,155.75209045410156,7991600,739.852783203125,142.0,4.0,1.0,4.0,11.0,6.788774956275515e-05,-0.0002503226648042451,1.0,0,2.0,68.0
2026-07-31,154.50623023068604,155.17400786255385,151.07762879501664,151.97463989257812,5667800,745.1796264648438,144.0,4.0,1.0,4.0,11.0,7.42889637435572e-05,-0.0002000997266657168,1.0,0,2.0,69.0
2026-08-03,153.8583800820527,154.03779143199722,150.1208083805721,151.29690551757812,5682400,755.793212890625,142.0,4.0,1.0,4.0,11.0,7.374969405194098e-05,-0.00016175286692621794,-1.0,0,2.0,70.0
2026-08-04,149.5427330649243,150.9381023315454,147.19055393203254,148.7055206298828,3819500,769.4193725585938,142.0,4.0,1.0,4.0,11.0,8.123436603721612e-05,-6.252286541787965e-05,-1.0,0,2.0,71.0
2026-08-05,149.50287242841435,150.11085138461866,147.09089457822216,149.34339904785156,4533400,767.8831787109375,140.0,4.0,1.0,4.0,11.0,0.00012088564268422945,1.6417426665947072e-05,-1.0,0,2.0,72.0
2026-08-06,150.17064170157832,151.23710276520126,146.98125030979116,149.25369262695312,5233100,766.65625,138.0,4.0,1.0,4.0,11.0,0.00018719946523327357,6.788774956275515e-05,-1.0,0,2.0,73.0
2026-08-07,149.50287109897087,152.81187527923962,149.4131730262839,149.8018798828125,3132100,771.3446044921875,136.0,4.0,1.0,4.0,11.0,0.0002752685579842572,7.42889637435572e-05,-1.0,0,2.0,74.0
2026-08-10,149.6922457480666,151.89491289379586,149.2537015539254,150.04107666015625,2687200,771.1151733398438,134.0,4.0,1.0,4.0,11.0,0.000331947685266223,7.374969405194098e-05,-1.0,0,2.0,75.0
2026-08-11,149.64241162816077,151.1573783654781,149.04439403999842,150.7487335205078,5117000,768.6513061523438,132.0,4.0,1.0,4.0,11.0,0.00037340716603161453,8.123436603721612e-05,-1.0,0,2.0,76.0
2026-08-12,150.27031909068478,151.39656367886099,148.92478720635148,150.82846069335938,2037400,770.5764770507812,130.0,4.0,1.0,3.0,9.0,0.0003910725198587891,0.00012088564268422945,-1.0,0,2.0,77.0
2026-08-13,151.31684601983827,154.9049057882784,150.71882845432233,154.7255096435547,2364000,775.9531860351562,133.0,4.0,1.0,3.0,9.0,0.00041217789381919456,0.00018719946523327357,1.0,0,1.0,1.0
2026-08-14,154.7255131080516,154.94478520643597,152.75206422259217,154.21719360351562,1634000,774.4169921875,131.0,4.0,1.0,3.0,9.0,0.00038371048785596314,0.0002752685579842572,1.0,0,1.0,2.0
2026-08-17,153.5095517928265,155.60258285632878,153.48961381844504,153.798583984375,2639600,770.7560424804688,129.0,4.0,1.0,3.0,9.0,0.0003334942248617307,0.000331947685266223,1.0,0,1.0,3.0
2026-08-18,155.80193464786217,157.6358329062838,154.4265033499366,155.66238403320312,3619700,765.5490112304688,128.0,4.0,1.0,3.0,9.0,0.00026374369535649817,0.00037340716603161453,1.0,0,1.0,4.0
2026-08-19,155.78200020395943,159.1109272675002,154.48630556723558,156.71888732910156,3757100,767.1549682617188,127.0,4.0,1.0,3.0,9.0,0.00023120557090351948,0.0003910725198587891,1.0,0,1.0,5.0
2026-08-20,155.9115523751385,159.97803226363132,155.69229549072602,158.08433532714844,4522300,760.7109985351562,125.0,1.0,1.0,3.0,3.0,0.00023473373720563732,0.00041217789381919456,1.0,0,1.0,6.0
2026-08-21,159.46973413275194,161.54284250146398,159.02122854714736,160.71559143066406,3665400,763.8232421875,125.0,1.0,1.0,3.0,3.0,0.00026826651180618144,0.00038371048785596314,1.0,0,1.0,7.0
2026-08-24,160.99466109640034,162.48968984319404,160.05777398176127,162.4498291015625,3641800,761.5787963867188,124.0,1.0,1.0,3.0,3.0,0.00030691759249641947,0.0003334942248617307,1.0,0,1.0,8.0
2026-08-25,160.94482665284775,162.4199326594196,159.31026246866793,161.24383544921875,2119800,764.0127563476562,123.0,1.0,1.0,3.0,3.0,0.0003122067966016983,0.00026374369535649817,1.0,0,1.0,9.0
2026-08-26,160.62588608850257,162.75879307770705,160.43651335447208,161.38336181640625,1998900,764.182373046875,121.0,1.0,1.0,3.0,3.0,0.0002980434409678398,0.00023120557090351948,1.0,0,1.0,10.0
2026-08-27,161.31360640125777,162.84849587578103,160.40661865311196,160.70562744140625,3119500,769.18994140625,120.0,1.0,1.0,3.0,3.0,0.0002612412207796163,0.00023473373720563732,1.0,0,1.0,11.0
2026-08-28,161.87174413513102,162.41992436578298,160.8252210053806,161.79200744628906,3000900,767.4442749023438,118.0,1.0,1.0,3.0,3.0,0.0002616570331654201,0.00026826651180618144,1.0,0,1.0,12.0
2026-08-31,160.97471723523788,162.11093843292502,157.2371455049225,160.1674041748047,4121700,765.1499633789062,117.0,1.0,1.0,3.0,3.0,0.0002593338548585215,0.00030691759249641947,1.0,0,1.0,13.0
2026-09-01,160.05776939199325,160.75544641218016,157.44645745577148,159.07106018066406,2696900,759.89306640625,116.0,1.0,1.0,3.0,3.0,0.00029630447751332955,0.0003122067966016983,1.0,0,1.0,14.0
2026-09-02,158.3434670795293,159.44978891817362,156.42983218180746,157.3268585205078,3192900,763.2646484375,115.0,1.0,1.0,3.0,3.0,0.0002719854518465122,0.0002980434409678398,-1.0,0,1.0,15.0
2026-09-03,158.98134426921408,164.11428519266852,158.50293935017703,164.0445098876953,4676900,771.2548217773438,127.0,1.0,1.0,3.0,3.0,0.00028856443959141513,0.0002612412207796163,1.0,0,1.0,16.0
2026-09-04,161.60262849644513,162.02123469060297,160.51624466816278,160.7255401611328,3184100,768.2822265625,128.0,1.0,1.0,3.0,3.0,0.00024372719124372044,0.0002616570331654201,1.0,0,1.0,17.0
2026-09-08,159.46973384844645,160.09765079210476,157.06771733238168,157.23715209960938,5726000,764.0626831054688,130.0,1.0,1.0,3.0,3.0,0.00020109726087703839,0.0002593338548585215,-1.0,1,1.0,18.0
2026-09-09,156.97800901370306,157.47635189946087,155.35340633950292,155.9813232421875,3006300,760.5115356445312,128.0,1.0,1.0,3.0,3.0,0.00011178405304646673,0.00029630447751332955,-1.0,0,1.0,19.0
2026-09-10,156.01122460049717,157.2271824740059,154.7653673701168,155.29360961914062,3298700,755.9528198242188,126.0,1.0,1.0,3.0,3.0,5.052666266531681e-05,0.0002719854518465122,-1.0,0,1.0,20.0
2026-09-11,156.9481169820118,157.78532941918544,154.43646446227228,156.8783416748047,2486900,762.3967895507812,125.0,1.0,1.0,3.0,3.0,2.9218115032414882e-05,0.00028856443959141513,-1.0,0,1.0,21.0
2026-09-14,159.31025782425,159.99797347338838,156.439813004141,157.22718811035156,2315100,758.9952392578125,123.0,1.0,1.0,3.0,3.0,4.344352720054154e-05,0.00024372719124372044,1.0,0,1.0,22.0
2026-09-15,156.11089541880338,156.97800716317025,154.98463564363792,156.37998962402344,2191400,755.513916015625,122.0,1.0,1.0,3.0,3.0,7.383571464406281e-05,0.00020109726087703839,-1.0,0,1.0,23.0
2026-09-16,155.7899932861328,156.5800018310547,152.3000030517578,154.10000610351562,2896700,752.1821899414062,122.0,4.0,4.0,3.0,10.0,9.257623113186689e-05,0.00011178405304646673,-1.0,0,4.0,1.0
2026-09-17,154.3000030517578,154.3000030517578,152.61000061035156,153.3000030517578,3098900,760.7109985351562,120.0,4.0,4.0,3.0,10.0,7.973782255877126e-05,5.052666266531681e-05,-1.0,0,4.0,2.0
2026-09-18,152.47000122070312,156.0500030517578,152.0800018310547,155.47000122070312,4298100,761.6900024414062,120.0,4.0,4.0,3.0,10.0,9.928724557068957e-05,2.9218115032414882e-05,-1.0,0,4.0,3.0
2026-09-21,156.22000122070312,157.22000122070312,154.25999450683594,155.3699951171875,2986900,773.5,118.0,4.0,4.0,3.0,10.0,0.00011601414296198854,4.344352720054154e-05,-1.0,0,4.0,4.0
2026-09-22,155.9199981689453,155.9199981689453,152.50999450683594,152.92999267578125,2700800,773.3800048828125,118.0,4.0,4.0,3.0,10.0,0.00011963648524367686,7.383571464406281e-05,-1.0,0,4.0,5.0
2026-09-23,152.2899932861328,157.77000427246094,151.4199981689453,156.35000610351562,3042100,767.8099975585938,120.0,4.0,4.0,3.0,10.0,0.00011213903957793623,9.257623113186689e-05,1.0,0,4.0,6.0
2026-09-24,156.74000549316406,157.1999969482422,154.8699951171875,156.92999267578125,2683500,767.1799926757812,119.0,4.0,4.0,3.0,10.0,0.0001013209959604884,7.973782255877126e-05,1.0,0,4.0,7.0
2026-09-25,156.5800018310547,158.0800018310547,152.9499969482422,154.30999755859375,2506300,771.3499755859375,119.0,4.0,4.0,3.0,10.0,6.26307201254609e-05,9.928724557068957e-05,-1.0,0,4.0,8.0
2026-09-28,153.67999267578125,155.4600067138672,152.50999450683594,152.91000366210938,2346900,765.6099853515625,118.0,4.0,4.0,3.0,10.0,-1.7281453123815795e-05,0.00011601414296198854,-1.0,0,4.0,9.0
2026-09-29,153.00999450683594,154.80999755859375,151.5500030517578,152.19000244140625,1913300,764.2000122070312,117.0,1.0,4.0,3.0,4.0,-9.544351928747328e-05,0.00011963648524367686,-1.0,0,2.0,10.0
2026-09-30,152.27000427246094,153.85000610351562,151.5800018310547,152.02999877929688,2786600,762.6300048828125,115.0,1.0,4.0,3.0,4.0,-0.00011641149228775031,0.00011213903957793623,-1.0,0,2.0,11.0
2026-10-01,,,,,2698189,,115.0,,4.0,3.0,,-0.00012324193849967848,0.0001013209959604884,-1.0,0,,
