Date,Open,High,Low,Close,Volume,IndexClose,CVI,LTI,STI,VI,SecState,VWRS,VWRS_1wk,RS,GapDown,Thermostat,Days
2022-08-22,221.1300048828125,222.50999450683594,217.00999450683594,218.5399932861328,2130800,391.82244873046875,,,,,,,,,0,,
2022-08-23,216.99000549316406,218.52000427246094,214.86000061035156,216.80999755859375,1912800,390.87457275390625,63.0,,,3.0,,,,,0,,
2022-08-24,218.19000244140625,222.60000610351562,217.94000244140625,220.47000122070312,1798800,392.12579345703125,66.0,,,1.0,,,,,0,,
2022-08-25,222.83999633789062,225.1199951171875,220.89999389648438,225.02000427246094,1302500,397.66168212890625,71.0,,,1.0,,,,,0,,
2022-08-26,224.57000732421875,225.3800048828125,210.94000244140625,211.08999633789062,2475100,384.20111083984375,112.0,,,4.0,,,,,0,,
2022-08-29,209.27000427246094,211.67999267578125,207.83999633789062,208.89999389648438,1871900,381.6607360839844,111.0,,,4.0,,,,,0,,
2022-08-30,210.1199951171875,211.75,205.3800048828125,206.5,1562900,377.4709777832031,110.0,,,4.0,,,,,0,,
2022-08-31,208.50999450683594,210.47999572753906,205.19000244140625,205.74000549316406,1867000,374.5986328125,109.0,,,4.0,,,,,0,,
2022-09-01,203.85000610351562,206.44000244140625,200.19000244140625,206.11000061035156,1500700,375.774169921875,107.0,,,4.0,,,,,0,,
2022-09-02,207.72000122070312,209.3699951171875,202.0399932861328,203.6699981689453,1539800,371.8118896484375,107.0,,,4.0,,,,,0,,
2022-09-06,204.33999633789062,205.3800048828125,201.14999389648438,202.3000030517578,1445500,370.4089660644531,106.0,,,4.0,,,,,0,,
2022-09-07,203.36000061035156,211.3699951171875,202.44000244140625,210.8699951171875,1732500,377.0633544921875,118.0,,,4.0,,,,,0,,
2022-09-08,207.75999450683594,217.38999938964844,207.75999450683594,214.77999877929688,1827300,379.52789306640625,119.0,,,4.0,,,,,0,,
2022-09-09,215.86000061035156,221.88999938964844,215.4499969482422,221.32000732421875,1900400,385.42401123046875,124.0,,,4.0,,,,,0,,
2022-09-12,220.75999450683594,223.41000366210938,219.41000366210938,222.02000427246094,1313600,389.56640625,123.0,,1.0,4.0,,,,,0,,
2022-09-13,214.6199951171875,216.72999572753906,210.8800048828125,211.39999389648438,2375100,372.6271057128906,138.0,,1.0,4.0,,,,,1,,
2022-09-14,210.77999877929688,212.97999572753906,208.55999755859375,210.77999877929688,1490900,374.0489501953125,136.0,,1.0,4.0,,,,,0,,
2022-09-15,211.0,215.49000549316406,209.1699981689453,209.6199951171875,2117500,369.8022766113281,134.0,,1.0,4.0,,,,,0,,
2022-09-16,206.75,207.42999267578125,203.4600067138672,206.27999877929688,2800900,366.9811096191406,134.0,,4.0,4.0,,,,,1,,
2022-09-19,203.8699951171875,204.32000732421875,199.47999572753906,202.2100067138672,2076400,369.82696533203125,135.0,,4.0,4.0,,,,,0,,
2022-09-20,201.1300048828125,201.1699981689453,196.7100067138672,199.5500030517578,1627200,365.5818786621094,134.0,,4.0,4.0,,,,,0,,
2022-09-21,200.38999938964844,203.52000427246094,195.0,195.0399932861328,1583300,359.2047424316406,136.0,,4.0,4.0,,,,,0,,
2022-09-22,193.4499969482422,194.4499969482422,189.0800018310547,191.0800018310547,1907300,356.1874694824219,137.0,,4.0,4.0,,,,,1,,
2022-09-23,190.1999969482422,191.13999938964844,186.9499969482422,190.52000427246094,1918600,350.2196960449219,135.0,,4.0,4.0,,,,,0,,
2022-09-26,189.9499969482422,192.4600067138672,187.02000427246094,187.92999267578125,1751800,346.7550354003906,134.0,,4.0,4.0,,,,,0,,
2022-09-27,190.55999755859375,191.5,184.94000244140625,186.3800048828125,1815800,345.8699035644531,132.0,,4.0,4.0,,,,,0,,
2022-09-28,188.35000610351562,193.6300048828125,186.27000427246094,192.39999389648438,1592700,352.6754150390625,137.0,,4.0,4.0,,,,,0,,
2022-09-29,189.60000610351562,191.25,187.08999633789062,189.05999755859375,1719200,345.3083190917969,137.0,,4.0,4.0,,,,,0,,
2022-09-30,190.1199951171875,194.4600067138672,187.05999755859375,187.44000244140625,2094000,339.9686279296875,136.0,,4.0,4.0,,,,,0,,
2022-10-03,189.39999389648438,195.1699981689453,187.97000122070312,193.36000061035156,1644600,348.9441833496094,140.0,,4.0,4.0,,,,,0,,
2022-10-04,197.8699951171875,202.8000030517578,197.63999938964844,201.5399932861328,2079600,359.75677490234375,149.0,,4.0,4.0,,,,,0,,
2022-10-05,198.27000427246094,202.5800018310547,196.36000061035156,201.3800048828125,1647300,358.9192199707031,147.0,,4.0,4.0,,,,,0,,
2022-10-06,200.08999633789062,202.67999267578125,197.22999572753906,197.6999969482422,1502200,355.2167053222656,147.0,,4.0,4.0,,,,,0,,
2022-10-07,194.64999389648438,195.60000610351562,187.6199951171875,188.67999267578125,1897100,345.3083190917969,158.0,,4.0,4.0,,,,,1,,
2022-10-10,187.94000244140625,188.64999389648438,184.32000732421875,186.5500030517578,1635100,342.6717224121094,157.0,,4.0,4.0,,,,,0,,
2022-10-11,186.22000122070312,189.6699981689453,183.52999877929688,185.89999389648438,1663400,340.5016174316406,155.0,,4.0,4.0,,,,,0,,
2022-10-12,186.55999755859375,186.97000122070312,183.57000732421875,186.33999633789062,1628400,339.3784484863281,152.0,,4.0,4.0,,,,,0,,
2022-10-13,181.11000061035156,192.44000244140625,180.07000732421875,190.3800048828125,2067300,348.3350830078125,153.0,,4.0,4.0,,,,,0,,
2022-10-14,193.2899932861328,194.5,182.55999755859375,183.05999755859375,2430100,340.39697265625,160.0,,4.0,4.0,,,,,0,,
2022-10-17,186.25999450683594,190.75,185.82000732421875,190.1199951171875,2379900,349.14410400390625,166.0,,4.0,4.0,,,,,0,,
2022-10-18,195.94000244140625,199.77000427246094,192.39999389648438,193.72999572753906,2957800,353.2464599609375,165.0,,4.0,4.0,,,,,0,,
2022-10-19,217.94000244140625,220.97999572753906,210.36000061035156,211.13999938964844,5873000,350.7431945800781,200.0,,1.0,4.0,,,,,0,,
2022-10-20,211.41000366210938,221.0,211.1199951171875,212.0,3664900,347.8020324707031,198.0,,1.0,4.0,,,,,0,,
2022-10-21,210.5,219.0399932861328,206.77000427246094,218.49000549316406,3142800,356.2541809082031,199.0,,1.0,4.0,,,,,0,,
2022-10-24,218.83999633789062,221.55999755859375,217.63999938964844,220.27000427246094,2430500,360.61346435546875,196.0,,1.0,4.0,,,,,0,,
2022-10-25,231.02999877929688,238.07000732421875,226.11000061035156,237.8699951171875,4646800,366.37188720703125,220.0,,1.0,4.0,,,,,0,,
2022-10-26,237.75,249.13999938964844,235.94000244140625,241.66000366210938,3699800,363.61163330078125,218.0,,1.0,4.0,,,,,0,,
2022-10-27,242.44000244140625,244.10000610351562,238.32000732421875,241.69000244140625,2770200,361.6699523925781,214.0,,1.0,4.0,,,,,0,,
2022-10-28,240.94000244140625,248.11000061035156,240.39999389648438,244.16000366210938,2901600,370.27435302734375,212.0,,1.0,4.0,,,,,0,,
2022-10-31,243.0,248.41000366210938,242.7899932861328,246.47000122070312,2704400,367.59979248046875,209.0,,1.0,4.0,,,,,0,,
2022-11-01,248.07000732421875,251.2899932861328,245.19000244140625,246.86000061035156,2277400,365.9911804199219,206.0,,1.0,4.0,,,,,0,,
2022-11-02,245.42999267578125,247.97000122070312,236.0,236.1300048828125,2708300,356.80621337890625,212.0,,1.0,4.0,,,,,0,,
2022-11-03,233.00999450683594,236.16000366210938,231.07000732421875,234.19000244140625,2341300,353.13226318359375,209.0,,1.0,4.0,,,,,0,,
2022-11-04,237.9199981689453,240.77000427246094,233.6999969482422,239.52999877929688,1895900,358.21484375,208.0,,1.0,4.0,,,,,0,,
2022-11-07,241.72000122070312,244.1999969482422,239.8000030517578,242.3300018310547,2107900,361.6415100097656,206.0,,1.0,4.0,,,,,0,,
2022-11-08,242.17999267578125,245.75,237.55999755859375,240.6999969482422,1589700,363.5926208496094,203.0,,1.0,4.0,,,,,0,,
2022-11-09,238.75999450683594,241.1300048828125,235.5800018310547,236.1300048828125,1761500,356.10186767578125,201.0,,1.0,4.0,,,,,0,,
2022-11-10,248.66000366210938,258.7300109863281,247.02999877929688,257.8599853515625,3949800,375.6711120605469,232.0,,1.0,4.0,,,,,0,,
2022-11-11,255.74000549316406,267.6700134277344,255.74000549316406,265.0799865722656,3188300,379.3070983886719,231.0,,1.0,4.0,,,,,0,,
2022-11-14,262.19000244140625,263.0899963378906,257.8399963378906,259.44000244140625,2283600,376.0804138183594,230.0,,1.0,4.0,,,,,0,,
2022-11-15,262.9599914550781,266.1400146484375,261.0899963378906,264.17999267578125,2068400,379.2879943847656,228.0,,1.0,4.0,,,,,0,,
2022-11-16,264.8399963378906,265.3800048828125,260.989990234375,263.0400085449219,1619900,376.3945617675781,225.0,,1.0,4.0,,,,,0,,
2022-11-17,258.4599914550781,262.0,255.39999389648438,260.7699890136719,1981400,375.2427978515625,222.0,,1.0,4.0,,,,,0,,
2022-11-18,264.44000244140625,266.6000061035156,260.04998779296875,262.1099853515625,1579000,376.9465637207031,218.0,,1.0,4.0,,,,,0,,
2022-11-21,260.9599914550781,264.80999755859375,259.6400146484375,260.3500061035156,1805100,375.57598876953125,215.0,,1.0,4.0,,,,,0,,
2022-11-22,258.989990234375,263.75,258.4800109863281,262.8999938964844,1369100,380.63006591796875,213.0,,1.0,4.0,,,,,0,,
2022-11-23,264.489990234375,267.1099853515625,262.8299865722656,264.45001220703125,1532200,383.0286865234375,210.0,,1.0,4.0,,,,,0,,
2022-11-25,263.69000244140625,265.3500061035156,261.4100036621094,265.1300048828125,788100,382.9429931640625,206.0,,1.0,4.0,,,,,0,,
2022-11-28,264.5400085449219,266.5,261.82000732421875,262.6400146484375,1406500,376.8323669433594,204.0,,1.0,4.0,,,,,0,,
2022-11-29,262.0400085449219,262.989990234375,257.20001220703125,258.79998779296875,1497600,376.1851501464844,202.0,,1.0,4.0,,,,,0,,
2022-11-30,260.4800109863281,270.4800109863281,260.4800109863281,270.3900146484375,3377200,388.0351867675781,208.0,,1.0,4.0,,,,,0,,
2022-12-01,270.3900146484375,275.8299865722656,269.8999938964844,274.489990234375,1870200,387.7496643066406,205.0,,1.0,4.0,,,,,0,,
2022-12-02,268.1499938964844,272.9599914550781,267.42999267578125,272.25,1629100,387.30230712890625,203.0,,1.0,4.0,,,,,0,,
2022-12-05,269.1400146484375,271.25,267.2200012207031,269.7200012207031,1504900,380.3350524902344,200.0,,1.0,4.0,,,,,0,,
2022-12-06,269.0,269.4200134277344,264.510009765625,266.30999755859375,1477800,374.8525390625,198.0,,1.0,4.0,,,,,0,,
2022-12-07,266.19000244140625,268.6000061035156,265.1400146484375,267.9599914550781,1195600,374.2148742675781,195.0,,1.0,4.0,,,,,0,,
2022-12-08,270.7099914550781,274.20001220703125,268.6300048828125,272.0199890136719,1431600,377.14642333984375,193.0,,1.0,4.0,,,,,0,,
2022-12-09,270.489990234375,273.7900085449219,269.94000244140625,270.6000061035156,2102900,374.3290710449219,191.0,,1.0,4.0,,,,,0,,
2022-12-12,272.2200012207031,274.05999755859375,270.0,273.8399963378906,1887600,379.7259216308594,189.0,,1.0,4.0,,,,,0,,
2022-12-13,284.9200134277344,285.05999755859375,276.8800048828125,281.739990234375,2938200,382.60040283203125,190.0,,1.0,4.0,,,,,0,,
2022-12-14,280.75,285.0899963378906,277.3900146484375,280.6499938964844,2945100,380.1541442871094,187.0,,1.0,4.0,,,,,0,,
2022-12-15,275.0799865722656,275.2799987792969,266.3399963378906,267.29998779296875,2590300,370.85498046875,196.0,,1.0,4.0,,,,,1,,
2022-12-16,264.7099914550781,265.7799987792969,261.05999755859375,264.67999267578125,5296800,366.4765930175781,193.0,,1.0,4.0,,,,,1,,
2022-12-19,264.989990234375,264.989990234375,260.3900146484375,261.010009765625,2004200,363.3690185546875,191.0,,1.0,4.0,,,,,0,,
2022-12-20,261.1000061035156,262.1099853515625,257.760009765625,261.79998779296875,2056600,363.8662414550781,189.0,,1.0,4.0,,,,,0,,
2022-12-21,263.69000244140625,267.2699890136719,262.5400085449219,266.1600036621094,1626000,369.3069152832031,187.0,,1.0,4.0,,,,,0,,
2022-12-22,263.4800109863281,264.2900085449219,259.0,263.6099853515625,2015500,364.038330078125,185.0,,1.0,3.0,,,,,0,,
2022-12-23,261.9200134277344,263.989990234375,260.510009765625,262.6600036621094,1042000,366.1323547363281,182.0,,1.0,3.0,,,,,0,,
2022-12-27,262.760009765625,265.5,260.5899963378906,263.9700012207031,957400,364.6885986328125,180.0,,1.0,3.0,,,,,0,,
2022-12-28,262.94000244140625,267.510009765625,261.5400085449219,261.6499938964844,855600,360.15625,177.0,,1.0,3.0,,,,,0,,
2022-12-29,263.239990234375,269.8299865722656,261.8500061035156,267.7900085449219,814800,366.63916015625,178.0,,1.0,3.0,,,,,0,,
2022-12-30,265.30999755859375,265.4700012207031,261.42999267578125,265.3500061035156,871100,365.6733703613281,175.0,,4.0,3.0,,,,,0,,
2023-01-03,269.5899963378906,270.8900146484375,263.6700134277344,265.6300048828125,1391900,364.1340026855469,173.0,,4.0,3.0,,,,,0,,
2023-01-04,269.3599853515625,271.010009765625,266.8399963378906,270.0,1435400,366.94512939453125,172.0,,4.0,3.0,,,,,0,,
2023-01-05,267.69000244140625,271.8699951171875,266.510009765625,268.6199951171875,1803700,362.75701904296875,169.0,,4.0,3.0,,,,,0,,
2023-01-06,271.1700134277344,273.3999938964844,264.67999267578125,270.3900146484375,1659500,371.0757751464844,167.0,,4.0,3.0,,,,,0,,
2023-01-09,272.5899963378906,273.5799865722656,264.2099914550781,264.92999267578125,1509000,370.8655090332031,167.0,,4.0,3.0,,,,,0,,
2023-01-10,263.3299865722656,271.4100036621094,263.3299865722656,271.3599853515625,1316900,373.46630859375,168.0,,4.0,3.0,,,,,0,,
2023-01-11,261.3900146484375,265.489990234375,254.55999755859375,259.9599914550781,3506800,378.1899108886719,175.0,,4.0,3.0,,,,,0,,
2023-01-12,258.739990234375,260.3500061035156,254.97999572753906,256.94000244140625,1925100,379.5667724609375,173.0,,4.0,3.0,,,,,0,,
2023-01-13,255.39999389648438,259.79998779296875,253.77000427246094,258.8999938964844,1715900,381.0392761230469,171.0,,4.0,3.0,,,,,0,,
2023-01-17,258.4800109863281,261.9700012207031,254.86000061035156,261.7300109863281,1595300,380.3412170410156,169.0,,4.0,3.0,,,,,0,,
2023-01-18,261.57000732421875,264.8900146484375,255.61000061035156,256.3500061035156,1641600,374.3364562988281,169.0,,4.0,3.0,,,,,0,,
2023-01-19,254.83999633789062,255.67999267578125,250.6199951171875,252.5,1758500,371.6112976074219,168.0,,4.0,3.0,,,,,0,,
2023-01-20,252.44000244140625,256.8399963378906,248.9600067138672,256.7699890136719,1968300,378.53411865234375,167.0,,4.0,3.0,,,,,0,,
2023-01-23,256.7699890136719,257.8699951171875,254.00999450683594,255.97999572753906,2008600,383.0760192871094,164.0,,4.0,3.0,,,,,0,,
2023-01-24,254.60000610351562,259.3999938964844,254.22999572753906,257.9800109863281,3127200,382.66473388671875,162.0,,4.0,3.0,,,,,0,,
2023-01-25,241.08999633789062,247.0,238.83999633789062,243.8000030517578,5863600,382.8082275390625,178.0,,4.0,3.0,,,,,1,,
2023-01-26,246.47999572753906,250.82000732421875,243.5,250.5500030517578,1788300,387.01544189453125,179.0,,4.0,3.0,,,,,0,,
2023-01-27,248.5800018310547,250.2100067138672,246.88999938964844,247.25999450683594,1568500,387.9046630859375,177.0,,4.0,3.0,,,,,0,,
2023-01-30,245.0,246.80999755859375,241.97999572753906,242.22999572753906,1643000,383.0377197265625,177.0,,4.0,3.0,,,,,1,,
2023-01-31,243.1999969482422,245.72999572753906,241.19000244140625,245.69000244140625,1782600,388.6696472167969,175.0,,4.0,3.0,,,,,0,,
2023-02-01,246.8000030517578,253.5399932861328,244.66000366210938,251.19000244140625,1646600,392.80035400390625,175.0,,4.0,3.0,,,,,0,,
2023-02-02,253.85000610351562,261.95001220703125,252.8800048828125,260.8999938964844,2197300,398.5183410644531,180.0,,4.0,3.0,,,,,0,,
2023-02-03,257.80999755859375,260.5,252.92999267578125,254.67999267578125,1691300,394.2824401855469,180.0,,4.0,3.0,,,,,0,,
2023-02-06,251.75999450683594,252.97000122070312,248.24000549316406,248.97999572753906,1329100,391.87286376953125,180.0,,4.0,3.0,,,,,0,,
2023-02-07,247.80999755859375,254.5500030517578,246.89999389648438,253.05999755859375,1359500,396.9980163574219,179.0,,4.0,3.0,,,,,0,,
2023-02-08,249.14999389648438,253.22999572753906,248.1999969482422,248.85000610351562,1318900,392.65692138671875,178.0,,4.0,3.0,,,,,0,,
2023-02-09,250.52000427246094,251.07000732421875,243.64999389648438,244.17999267578125,1425900,389.2528991699219,177.0,,4.0,3.0,,,,,0,,
2023-02-10,242.91000366210938,246.52999877929688,242.60000610351562,245.27000427246094,1199400,390.1613464355469,175.0,,4.0,3.0,,,,,0,,
2023-02-13,246.08999633789062,246.5399932861328,244.74000549316406,245.1300048828125,1276800,394.74139404296875,172.0,,4.0,3.0,,9.005314501756064e-05,,,0,,
2023-02-14,243.4199981689453,245.66000366210938,239.6699981689453,241.08999633789062,1799200,394.5597229003906,171.0,,4.0,3.0,,8.066871679943718e-05,,,0,,
2023-02-15,239.75,245.5,239.10000610351562,244.77000427246094,1340800,395.8410339355469,170.0,,4.0,3.0,,8.409910672570143e-05,,,0,,
2023-02-16,240.77000427246094,244.05999755859375,238.5399932861328,240.16000366210938,1615200,390.3907470703125,169.0,,4.0,3.0,,6.857666925551796e-05,,,0,,
2023-02-17,238.9499969482422,240.02000427246094,236.61000061035156,238.91000366210938,1595600,389.4154968261719,167.0,,4.0,3.0,,8.070784546642205e-05,,,0,,
2023-02-21,236.5500030517578,236.97999572753906,232.8699951171875,233.5800018310547,1852000,381.6033935546875,167.0,,4.0,3.0,,7.446660743212566e-05,9.005314501756064e-05,,0,,
2023-02-22,233.8800048828125,236.49000549316406,232.9600067138672,233.5500030517578,1456200,381.07745361328125,165.0,,4.0,3.0,,9.491083382177488e-05,8.066871679943718e-05,,0,,
2023-02-23,234.85000610351562,235.82000732421875,231.92999267578125,234.89999389648438,1427100,383.10467529296875,163.0,,4.0,3.0,,8.877520056578408e-05,8.409910672570143e-05,,0,,
2023-02-24,230.61000061035156,232.38999938964844,229.0399932861328,231.0500030517578,1416900,379.01220703125,162.0,,4.0,3.0,,0.00010184237481267058,6.857666925551796e-05,,0,,
2023-02-27,233.9600067138672,233.9600067138672,231.0,231.74000549316406,1421500,380.3030090332031,159.0,,4.0,3.0,,0.00010521507865137763,8.070784546642205e-05,,0,,
2023-02-28,230.74000549316406,231.74000549316406,228.74000549316406,229.38999938964844,1366600,378.8974304199219,158.0,,4.0,3.0,,0.00011043022809645362,7.446660743212566e-05,,0,,
2023-03-01,228.47000122070312,229.2899932861328,226.27999877929688,227.3300018310547,1290800,377.444091796875,156.0,,4.0,3.0,,6.985089751129481e-05,9.491083382177488e-05,,0,,
2023-03-02,226.07000732421875,229.41000366210938,224.47999572753906,228.89999389648438,1153000,380.3795471191406,154.0,,4.0,3.0,,3.097247438710858e-05,8.877520056578408e-05,,0,,
2023-03-03,230.47999572753906,235.1999969482422,229.2899932861328,234.8699951171875,1458300,386.4800109863281,155.0,,4.0,3.0,,3.827634951259649e-06,0.00010184237481267058,,0,,
2023-03-06,233.58999633789062,236.77999877929688,233.0399932861328,234.85000610351562,1204900,386.7477722167969,153.0,,4.0,3.0,,4.897112324309971e-06,0.00010521507865137763,,0,,
2023-03-07,235.4199981689453,236.13999938964844,229.4199981689453,230.7100067138672,1680400,380.8193664550781,153.0,,4.0,3.0,,9.631154203425011e-06,0.00011043022809645362,,0,,
2023-03-08,230.0,231.7100067138672,227.9600067138672,231.08999633789062,661800,381.44091796875,151.0,,4.0,3.0,,7.126090809426405e-06,6.985089751129481e-05,,0,,
2023-03-09,232.72999572753906,235.25999450683594,228.17999267578125,228.57000732421875,1181600,374.40338134765625,149.0,,4.0,1.0,,3.124825479787356e-05,3.097247438710858e-05,,0,,
2023-03-10,228.77000427246094,229.75999450683594,223.38999938964844,224.75,1778500,369.00091552734375,149.0,,4.0,1.0,,3.3432527763287114e-05,3.827634951259649e-06,,0,,
2023-03-13,224.0,232.4499969482422,222.64999389648438,227.77999877929688,1539200,368.4750061035156,148.0,,4.0,1.0,,6.50619444765801e-05,4.897112324309971e-06,,0,,
2023-03-14,232.5399932861328,235.6199951171875,231.1699981689453,235.27999877929688,2109500,374.56597900390625,152.0,,4.0,1.0,,0.00012211191777549484,9.631154203425011e-06,,0,,
2023-03-15,232.00999450683594,235.80999755859375,229.72000122070312,234.17999267578125,1594000,372.2232666015625,150.0,,4.0,1.0,,0.00019048757644678566,7.126090809426405e-06,,0,,
2023-03-16,232.58999633789062,242.3699951171875,231.5,240.5,2072100,378.7539978027344,152.0,,1.0,1.0,,0.0002499059658697241,3.124825479787356e-05,,0,,
2023-03-17,240.38999938964844,242.0,236.25999450683594,237.8000030517578,2304600,374.3253173828125,151.0,,1.0,1.0,,0.00024589609916042017,3.3432527763287114e-05,,0,,
2023-03-20,238.1199951171875,242.02999877929688,237.5800018310547,240.5,995500,377.92474365234375,149.0,,1.0,1.0,,0.0002746416211360137,6.50619444765801e-05,,0,,
2023-03-21,242.4499969482422,247.3699951171875,242.1199951171875,246.67999267578125,1560300,382.8870849609375,151.0,,1.0,1.0,,0.0003169909375586462,0.00012211191777549484,,0,,
2023-03-22,245.44000244140625,248.27999877929688,240.5399932861328,240.80999755859375,1151800,376.3601989746094,152.0,,1.0,1.0,,0.0003329063361567743,0.00019048757644678566,,0,,
2023-03-23,244.1199951171875,247.30999755859375,242.2899932861328,244.47000122070312,1734900,377.37762451171875,151.0,,1.0,1.0,,0.00035956151916107106,0.0002499059658697241,,0,,
2023-03-24,248.0,257.4599914550781,248.0,256.4200134277344,3269600,379.85394287109375,163.0,,1.0,1.0,,0.0003988824676022376,0.00024589609916042017,,0,,
2023-03-27,257.510009765625,259.0199890136719,251.88999938964844,252.57000732421875,1682700,380.56427001953125,162.0,,1.0,1.0,,0.00045104442135844493,0.0002746416211360137,,0,,
2023-03-28,253.0,253.3699951171875,248.5,249.49000549316406,1179500,379.7100524902344,160.0,,1.0,1.0,,0.0004356768711969992,0.0003169909375586462,,0,,
2023-03-29,250.0,251.5500030517578,246.6300048828125,250.75999450683594,1538200,385.2290954589844,158.0,,1.0,1.0,,0.0003858061092936105,0.0003329063361567743,,0,,
2023-03-30,254.0500030517578,254.1999969482422,248.2899932861328,251.3000030517578,1908900,387.48468017578125,156.0,,1.0,1.0,,0.0003764696584866546,0.00035956151916107106,,0,,
2023-03-31,253.22000122070312,256.739990234375,252.07000732421875,255.47000122070312,1575200,392.9461364746094,155.0,,1.0,1.0,,0.0004493470895942302,0.0003988824676022376,,0,,
2023-04-03,254.3000030517578,254.44000244140625,250.00999450683594,253.52999877929688,1554700,394.4434814453125,153.0,,1.0,1.0,,0.0005125309939737582,0.00045104442135844493,,0,,
2023-04-04,253.5800018310547,256.2300109863281,253.11000061035156,254.7100067138672,1354800,392.2550048828125,151.0,,1.0,1.0,,0.0005942136441592908,0.0004356768711969992,,0,,
2023-04-05,254.22999572753906,258.8900146484375,253.75,257.989990234375,1366300,391.22802734375,150.0,,1.0,1.0,,0.0006340597509963678,0.0003858061092936105,,0,,
2023-04-06,258.3299865722656,259.3299865722656,255.24000549316406,256.8999938964844,1026500,392.7541809082031,147.0,,1.0,1.0,,0.0006554442430436229,0.0003764696584866546,,0,,
2023-04-10,255.60000610351562,259.1099853515625,252.0399932861328,258.94000244140625,1160800,393.15728759765625,146.0,,1.0,1.0,,0.0006935223792501197,0.0004493470895942302,,0,,
2023-04-11,259.6000061035156,263.6199951171875,259.1700134277344,262.7699890136719,1620600,393.2628479003906,145.0,,1.0,1.0,,0.0007068568488220241,0.0005125309939737582,,0,,
2023-04-12,265.0,265.8999938964844,261.4200134277344,261.7699890136719,1154200,391.6599426269531,143.0,,1.0,1.0,,0.0007372624577275813,0.0005942136441592908,,0,,
2023-04-13,264.0,266.70001220703125,262.8699951171875,266.55999755859375,1444500,396.86224365234375,143.0,,1.0,1.0,,0.0007017971904027771,0.0006340597509963678,,0,,
2023-04-14,265.5400085449219,268.3999938964844,264.57000732421875,267.0199890136719,1319600,395.892822265625,141.0,,1.0,1.0,,0.0006745890969642774,0.0006554442430436229,,0,,
2023-04-17,266.989990234375,268.94000244140625,265.8299865722656,268.8900146484375,1231000,397.3133544921875,139.0,,1.0,1.0,,0.0006187354907797347,0.0006935223792501197,,0,,
2023-04-18,270.0,270.2300109863281,266.45001220703125,269.2799987792969,2632800,397.5724792480469,137.0,,1.0,1.0,,0.0005863184783523688,0.0007068568488220241,,0,,
2023-04-19,292.0,304.8399963378906,292.0,298.57000732421875,6178200,397.5053405761719,195.0,,1.0,4.0,,0.0005680382059043936,0.0007372624577275813,,0,,
2023-04-20,298.9599914550781,302.2300109863281,296.760009765625,297.4100036621094,2809100,395.3360900878906,192.0,,1.0,4.0,,0.0005695537846008127,0.0007017971904027771,,0,,
2023-04-21,297.8699951171875,300.8800048828125,296.5,300.2200012207031,2180200,395.6432189941406,190.0,,1.0,4.0,,0.0005894164100729661,0.0006745890969642774,,0,,
2023-04-24,299.1099853515625,303.1000061035156,297.7300109863281,300.4599914550781,2154600,396.0560302734375,187.0,,1.0,4.0,,0.000610578824387716,0.0006187354907797347,,0,,
2023-04-25,299.8299865722656,301.57000732421875,292.9100036621094,294.9700012207031,2431200,389.76898193359375,186.0,,1.0,4.0,,0.00061241489569206,0.0005863184783523688,,0,,
2023-04-26,293.0299987792969,296.95001220703125,291.0199890136719,294.9599914550781,1649600,388.1181945800781,183.0,,1.0,4.0,,0.0005814884043100216,0.0005680382059043936,,0,,
2023-04-27,295.4100036621094,296.30999755859375,290.6700134277344,295.9200134277344,1487100,395.8448486328125,180.0,,1.0,4.0,,0.0005618833038504591,0.0005695537846008127,,0,,
2023-04-28,297.6199951171875,301.57000732421875,296.760009765625,301.2200012207031,1940800,399.22344970703125,179.0,,1.0,4.0,,0.0005729612120103661,0.0005894164100729661,,0,,
2023-05-01,301.0,308.4599914550781,300.260009765625,303.0199890136719,1440300,398.8203430175781,177.0,,1.0,4.0,,0.0006054783795636727,0.000610578824387716,,0,,
2023-05-02,300.7099914550781,302.8900146484375,297.6300048828125,301.2200012207031,1688400,394.337890625,174.0,,1.0,4.0,,0.0006010881965173208,0.00061241489569206,,0,,
2023-05-03,302.989990234375,307.760009765625,302.239990234375,305.05999755859375,1522400,391.6311340332031,173.0,,1.0,4.0,,0.0005940952238675594,0.0005814884043100216,,0,,
2023-05-04,303.5299987792969,304.989990234375,300.7900085449219,303.2099914550781,1402200,388.8572692871094,170.0,,1.0,4.0,,0.0006014197483398464,0.0005618833038504591,,0,,
2023-05-05,303.3299865722656,305.4800109863281,301.260009765625,304.8800048828125,1225600,396.0560302734375,168.0,,1.0,4.0,,0.0005845761781311339,0.0005729612120103661,,0,,
2023-05-08,304.5400085449219,304.6000061035156,301.010009765625,303.0899963378906,1048900,396.16156005859375,166.0,,1.0,4.0,,0.0005243801972044949,0.0006054783795636727,,0,,
2023-05-09,303.0799865722656,303.0799865722656,300.3299865722656,301.54998779296875,1122200,394.4242858886719,163.0,,1.0,4.0,,0.0004588682772014613,0.0006010881965173208,,0,,
2023-05-10,303.1000061035156,304.04998779296875,300.5299987792969,302.5899963378906,1274000,396.2671203613281,161.0,,1.0,4.0,,0.00043745896282399403,0.0005940952238675594,,0,,
2023-05-11,302.0,304.19000244140625,300.4100036621094,303.4700012207031,1305100,395.5760498046875,159.0,,1.0,4.0,,0.00046136323531543967,0.0006014197483398464,,0,,
2023-05-12,304.2799987792969,305.95001220703125,303.0899963378906,305.2699890136719,950200,395.0577697753906,157.0,,1.0,4.0,,0.0004809646725232157,0.0005845761781311339,,0,,
2023-05-15,305.010009765625,308.2799987792969,304.8500061035156,308.04998779296875,1308500,396.42071533203125,155.0,,1.0,3.0,,0.0004965976898191432,0.0005243801972044949,,0,,
2023-05-16,306.6700134277344,308.3599853515625,306.1000061035156,306.6099853515625,811900,393.7715759277344,153.0,,1.0,3.0,,0.00051292742325869,0.0004588682772014613,,0,,
2023-05-17,307.510009765625,308.7799987792969,303.9599914550781,308.2200012207031,1261600,398.5516052246094,150.0,,1.0,3.0,,0.0005237440691125021,0.00043745896282399403,,0,,
2023-05-18,307.8699951171875,312.6499938964844,307.0400085449219,312.2300109863281,1391600,402.390869140625,149.0,,1.0,3.0,,0.0005366384606116243,0.00046136323531543967,,0,,
2023-05-19,313.0,315.20001220703125,311.4200134277344,313.6099853515625,1370800,401.8053894042969,147.0,,1.0,3.0,,0.0005542953123658223,0.0004809646725232157,,0,,
2023-05-22,312.8299865722656,317.80999755859375,312.57000732421875,313.6199951171875,1046200,401.9685363769531,145.0,,1.0,3.0,,0.0005690480424562807,0.0004965976898191432,,0,,
2023-05-23,311.2300109863281,311.9200134277344,297.8299865722656,301.44000244140625,1631200,397.45733642578125,153.0,,4.0,3.0,,0.0005269998488854973,0.00051292742325869,,1,,
2023-05-24,300.010009765625,303.6499938964844,299.20001220703125,302.4800109863281,1192600,394.57781982421875,150.0,,4.0,3.0,,0.0004660082637724847,0.0005237440691125021,,0,,
2023-05-25,299.95001220703125,305.239990234375,297.3800048828125,303.7699890136719,1672900,397.9948425292969,148.0,,4.0,3.0,,0.0003955032723750192,0.0005366384606116243,,0,,
2023-05-26,302.760009765625,307.8599853515625,302.760009765625,306.8999938964844,1440600,403.1490783691406,147.0,,4.0,3.0,,0.00039072368426326757,0.0005542953123658223,,0,,
2023-05-30,308.8800048828125,313.1300048828125,305.9700012207031,307.07000732421875,1804700,403.3027038574219,145.0,,4.0,3.0,,0.00039500082540829825,0.0005690480424562807,,0,,
2023-05-31,307.0,308.260009765625,300.1400146484375,307.8399963378906,2454700,401.06634521484375,143.0,,4.0,3.0,,0.0004170156616057309,0.0005269998488854973,,0,,
2023-06-01,308.0,311.3299865722656,305.5799865722656,310.5400085449219,1175600,404.8768310546875,141.0,,4.0,3.0,,0.00039023952558083196,0.0004660082637724847,,0,,
2023-06-02,310.5400085449219,313.4700012207031,308.82000732421875,312.17999267578125,1276200,410.7318115234375,139.0,,4.0,3.0,,0.0003650674328287184,0.0003955032723750192,,0,,
2023-06-05,311.8500061035156,318.6199951171875,310.8699951171875,317.489990234375,1514700,409.94482421875,139.0,,4.0,3.0,,0.00034776605264910036,0.00039072368426326757,,0,,
2023-06-06,316.8999938964844,318.9200134277344,313.0,315.7200012207031,1132900,410.8374328613281,137.0,,4.0,3.0,,0.00036045551365618793,0.00039500082540829825,,0,,
2023-06-07,314.6700134277344,314.82000732421875,306.7900085449219,307.239990234375,1368600,409.4168395996094,140.0,1.0,4.0,3.0,4.0,0.00033420955121460475,0.0004170156616057309,,0,2.0,1.0
2023-06-08,306.32000732421875,311.2300109863281,304.7900085449219,310.82000732421875,1126600,411.8932189941406,139.0,1.0,4.0,3.0,4.0,0.0002999629943227894,0.00039023952558083196,,0,2.0,1.0
2023-06-09,310.82000732421875,313.5,308.6099853515625,312.760009765625,938500,412.6322937011719,137.0,1.0,4.0,3.0,4.0,0.00029964530417942527,0.0003650674328287184,,0,2.0,1.0
2023-06-12,313.8299865722656,316.2799987792969,312.0,313.6400146484375,1470300,416.37567138671875,135.0,1.0,4.0,1.0,2.0,0.0003345732749652762,0.00034776605264910036,,0,2.0,1.0
2023-06-13,313.4700012207031,316.9800109863281,312.69000244140625,315.45001220703125,1052700,419.1208190917969,133.0,1.0,4.0,1.0,2.0,0.00037476385756313977,0.00036045551365618793,,0,2.0,1.0
2023-06-14,323.07000732421875,327.4200134277344,319.25,323.07000732421875,2142400,419.6199035644531,135.0,1.0,4.0,1.0,2.0,0.0004086197176860534,0.00033420955121460475,,0,2.0,1.0
2023-06-15,322.239990234375,330.5299987792969,320.45001220703125,328.2699890136719,1783700,424.8221740722656,135.0,1.0,1.0,1.0,1.0,0.00044498027390084605,0.0002999629943227894,,0,1.0,1.0
2023-06-16,331.69000244140625,333.1400146484375,328.0,329.3599853515625,3113000,423.3751525878906,133.0,1.0,1.0,1.0,1.0,0.00048299560405405667,0.00029964530417942527,,0,1.0,2.0
2023-06-20,328.0,329.67999267578125,324.07000732421875,327.8299865722656,1726100,421.1786193847656,131.0,1.0,1.0,1.0,1.0,0.0004942553869454039,0.0003345732749652762,,0,1.0,3.0
2023-06-21,327.8299865722656,327.8299865722656,322.1499938964844,323.739990234375,1445200,419.02056884765625,130.0,1.0,1.0,1.0,1.0,0.000489152582062802,0.00037476385756313977,,0,1.0,4.0
2023-06-22,323.69000244140625,328.2799987792969,322.2799987792969,327.6199951171875,864400,420.5330505371094,130.0,1.0,1.0,1.0,1.0,0.0004884090427732319,0.0004086197176860534,,0,1.0,5.0
2023-06-23,324.7099914550781,328.67999267578125,323.7200012207031,327.260009765625,1589100,417.3539123535156,128.0,1.0,1.0,1.0,1.0,0.00048272265110221196,0.00044498027390084605,,0,1.0,6.0
2023-06-26,326.6000061035156,328.42999267578125,323.2300109863281,325.1600036621094,1309300,415.6487121582031,126.0,1.0,1.0,1.0,1.0,0.0004919468022618571,0.00048299560405405667,,0,1.0,7.0
2023-06-27,329.510009765625,330.989990234375,325.2900085449219,330.0199890136719,1268100,420.20556640625,126.0,1.0,1.0,1.0,1.0,0.0004926588343181913,0.0004942553869454039,,0,1.0,8.0
2023-06-28,330.0,334.510009765625,329.4800109863281,332.9800109863281,1089000,420.41754150390625,125.0,1.0,1.0,1.0,1.0,0.0005028384940371645,0.000489152582062802,,0,1.0,9.0
2023-06-29,335.0,340.5899963378906,334.6099853515625,338.489990234375,1679300,422.0745849609375,125.0,1.0,1.0,1.0,1.0,0.0005393570663937557,0.0004884090427732319,,0,1.0,10.0
2023-06-30,341.3299865722656,344.0799865722656,340.57000732421875,341.94000244140625,1506100,427.0553283691406,124.0,1.0,1.0,1.0,1.0,0.0005733940436566039,0.00048272265110221196,,0,1.0,11.0
2023-07-03,339.9200134277344,339.9200134277344,334.25,336.0299987792969,826000,427.546630859375,124.0,1.0,1.0,1.0,1.0,0.0005898212600607798,0.0004919468022618571,,1,1.0,12.0
2023-07-05,334.1600036621094,336.2799987792969,331.44000244140625,333.8900146484375,1048400,426.9107971191406,123.0,1.0,1.0,1.0,1.0,0.0005612878212388022,0.0004926588343181913,,0,1.0,13.0
2023-07-06,328.7799987792969,331.6499938964844,328.0199890136719,330.1400146484375,1166400,423.5678405761719,122.0,1.0,1.0,1.0,1.0,0.0005334128489511626,0.0005028384940371645,,0,1.0,14.0
2023-07-07,329.989990234375,332.9700012207031,327.6199951171875,331.2900085449219,2015400,422.4984436035156,120.0,1.0,1.0,1.0,1.0,0.0005575227721124691,0.0005393570663937557,,0,1.0,15.0
2023-07-10,333.3299865722656,341.1499938964844,333.3299865722656,340.2699890136719,2036700,423.5678405761719,124.0,1.0,1.0,1.0,1.0,0.0006223983488679183,0.0005733940436566039,,0,1.0,16.0
2023-07-11,340.9200134277344,342.760009765625,336.6400146484375,339.1099853515625,1850400,426.265380859375,122.0,1.0,1.0,1.0,1.0,0.0006701497597918104,0.0005898212600607798,,0,1.0,17.0
2023-07-12,342.8800048828125,348.6300048828125,341.45001220703125,347.5899963378906,1723500,429.695068359375,125.0,1.0,1.0,1.0,1.0,0.0007112504946225262,0.0005612878212388022,,0,1.0,18.0
2023-07-13,348.32000732421875,349.5799865722656,345.95001220703125,346.9700012207031,2314700,433.10552978515625,123.0,1.0,1.0,1.0,1.0,0.0007371685468871868,0.0005334128489511626,,0,1.0,19.0
2023-07-14,347.5,355.3800048828125,346.3999938964844,354.0,2072600,432.8357238769531,124.0,1.0,1.0,1.0,1.0,0.0007824088672258324,0.0005575227721124691,,0,1.0,20.0
2023-07-17,354.0,355.5400085449219,348.6000061035156,353.8399963378906,1812200,434.338623046875,122.0,1.0,1.0,1.0,1.0,0.000810702327598064,0.0006223983488679183,,0,1.0,21.0
2023-07-18,351.6099853515625,355.5,346.5400085449219,354.92999267578125,2236300,437.5660400390625,121.0,1.0,1.0,1.0,1.0,0.000831176512844544,0.0006701497597918104,,0,1.0,22.0
2023-07-19,357.6400146484375,358.07000732421875,348.0,349.70001220703125,2580100,438.5390930175781,121.0,1.0,1.0,1.0,1.0,0.0008418116741418902,0.0007112504946225262,,0,1.0,23.0
2023-07-20,350.04998779296875,353.4599914550781,346.8500061035156,347.6600036621094,3442600,435.62957763671875,119.0,1.0,1.0,1.0,1.0,0.0008335659272432754,0.0007371685468871868,,0,1.0,24.0
2023-07-21,335.9100036621094,345.3999938964844,329.5299987792969,336.6600036621094,9157600,435.62957763671875,125.0,1.0,1.0,1.0,1.0,0.0007942425888403476,0.0007824088672258324,,1,1.0,25.0
2023-07-24,336.760009765625,337.8500061035156,322.6400146484375,323.55999755859375,2998000,437.57568359375,135.0,1.0,4.0,1.0,2.0,0.0006905914101012593,0.000810702327598064,,0,2.0,26.0
2023-07-25,322.760009765625,331.55999755859375,322.4599914550781,330.8999938964844,2021400,438.7702941894531,136.0,1.0,4.0,1.0,2.0,0.0006087874346183751,0.000831176512844544,,0,2.0,27.0
2023-07-26,328.2699890136719,331.0199890136719,326.55999755859375,329.3699951171875,1258800,438.83770751953125,134.0,1.0,4.0,1.0,2.0,0.0005440122466043154,0.0008418116741418902,,0,2.0,28.0
2023-07-27,331.7099914550781,333.67999267578125,322.6600036621094,323.55999755859375,1641400,435.9282531738281,134.0,1.0,4.0,1.0,2.0,0.0005042735095273694,0.0008335659272432754,,0,2.0,29.0
2023-07-28,327.3999938964844,328.70001220703125,324.92999267578125,326.5299987792969,1467700,440.19610595703125,133.0,1.0,4.0,1.0,2.0,0.00045898435124943363,0.0007942425888403476,,0,2.0,30.0
2023-07-31,325.8900146484375,326.2699890136719,321.9100036621094,324.3999938964844,1439000,441.0342102050781,131.0,1.0,4.0,1.0,2.0,0.0004265894107061779,0.0006905914101012593,,0,2.0,31.0
2023-08-01,322.0,324.5199890136719,321.70001220703125,323.95001220703125,1346600,439.77215576171875,129.0,1.0,4.0,1.0,2.0,0.0004246908076418107,0.0006087874346183751,,0,2.0,32.0
2023-08-02,320.5899963378906,322.6199951171875,313.3399963378906,313.8699951171875,1907100,433.6546325683594,135.0,1.0,4.0,1.0,2.0,0.00038740094903903154,0.0005440122466043154,,0,2.0,33.0
2023-08-03,310.3800048828125,313.2900085449219,306.0899963378906,311.2799987792969,1635400,432.41180419921875,133.0,1.0,4.0,1.0,2.0,0.000356867169757141,0.0005042735095273694,,1,2.0,34.0
2023-08-04,311.8999938964844,313.2699890136719,308.25,309.30999755859375,1656900,430.4560852050781,131.0,1.0,4.0,1.0,2.0,0.0003213261674865578,0.00045898435124943363,,0,2.0,35.0
2023-08-07,310.0,312.8599853515625,307.6600036621094,309.239990234375,1658700,434.21337890625,129.0,1.0,4.0,1.0,2.0,0.00031727951276682055,0.0004265894107061779,,0,2.0,36.0
2023-08-08,306.239990234375,306.2699890136719,297.1700134277344,302.8699951171875,2272400,432.3251037597656,131.0,1.0,4.0,1.0,2.0,0.00029934081365234156,0.0004246908076418107,,1,2.0,37.0
2023-08-09,302.8699951171875,307.3999938964844,302.4700012207031,304.1000061035156,1219000,429.4349365234375,129.0,1.0,4.0,1.0,2.0,0.0002838871947489449,0.00038740094903903154,,0,2.0,38.0
2023-08-10,305.75,308.6000061035156,303.82000732421875,304.6700134277344,1054800,429.5890197753906,127.0,1.0,4.0,1.0,2.0,0.00027420884669120653,0.000356867169757141,,0,2.0,39.0
2023-08-11,302.92999267578125,306.0899963378906,302.5199890136719,304.489990234375,933700,429.33856201171875,125.0,1.0,4.0,1.0,2.0,0.00027283206942369025,0.0003213261674865578,,0,2.0,40.0
2023-08-14,304.8599853515625,305.8900146484375,303.2300109863281,305.0799865722656,950700,431.7085266113281,123.0,1.0,4.0,1.0,2.0,0.0002926756462742343,0.00031727951276682055,,0,2.0,41.0
2023-08-15,306.0899963378906,312.29998779296875,305.92999267578125,306.6199951171875,1342200,426.6795654296875,122.0,1.0,4.0,1.0,2.0,0.0003160192028423831,0.00029934081365234156,,0,2.0,42.0
2023-08-16,305.6000061035156,306.2699890136719,299.1000061035156,299.32000732421875,1441500,423.54864501953125,124.0,1.0,4.0,1.0,2.0,0.0003158813983611976,0.0002838871947489449,,0,2.0,43.0
2023-08-17,298.05999755859375,299.57000732421875,289.1099853515625,290.0799865722656,2061400,420.3211669921875,130.0,1.0,4.0,1.0,2.0,0.0002832944220831747,0.00027420884669120653,,0,2.0,44.0
2023-08-18,287.4599914550781,291.05999755859375,284.8800048828125,285.95001220703125,2983700,420.5234375,129.0,1.0,4.0,1.0,2.0,0.00022019577232796817,0.00027283206942369025,,0,2.0,45.0
2023-08-21,286.1199951171875,286.8800048828125,282.5,286.6700134277344,1776700,423.2595520019531,127.0,1.0,4.0,1.0,2.0,0.00018366434147220497,0.0002926756462742343,,0,2.0,46.0
2023-08-22,287.7300109863281,289.0799865722656,285.7300109863281,287.1600036621094,1161000,422.11309814453125,125.0,1.0,4.0,1.0,2.0,0.00017603637258334446,0.0003160192028423831,,0,2.0,47.0
2023-08-23,287.55999755859375,292.70001220703125,287.55999755859375,290.3900146484375,1321800,426.8144836425781,124.0,1.0,4.0,1.0,2.0,0.00018523067586507616,0.0003158813983611976,,0,2.0,48.0
2023-08-24,292.8800048828125,293.489990234375,285.4700012207031,285.6400146484375,1558800,420.8992614746094,125.0,1.0,4.0,1.0,2.0,0.00016302827949552534,0.0002832944220831747,,0,2.0,49.0
2023-08-25,287.2799987792969,298.3599853515625,286.739990234375,297.54998779296875,1920600,423.86651611328125,135.0,1.0,4.0,1.0,2.0,0.0001575684477579925,0.00022019577232796817,,0,2.0,50.0
2023-08-28,301.2200012207031,304.9100036621094,300.0,301.4800109863281,1450300,426.5544128417969,134.0,1.0,4.0,1.0,2.0,0.00018181470580500331,0.00018366434147220497,,0,2.0,51.0
2023-08-29,301.5,311.0799865722656,301.5,310.3900146484375,1804700,432.7200927734375,138.0,1.0,4.0,4.0,6.0,0.00025561895120231634,0.00017603637258334446,,0,2.0,52.0
2023-08-30,312.04998779296875,319.5199890136719,312.04998779296875,318.5799865722656,2092100,434.50244140625,140.0,1.0,1.0,4.0,5.0,0.00033617551213913115,0.00018523067586507616,,0,2.0,53.0
2023-08-31,319.6000061035156,321.30999755859375,312.4599914550781,312.67999267578125,2076900,433.86663818359375,141.0,1.0,1.0,4.0,5.0,0.0003837381421749676,0.00016302827949552534,,0,2.0,54.0
2023-09-01,317.54998779296875,318.20001220703125,309.20001220703125,310.4100036621094,1335700,434.6758117675781,139.0,1.0,1.0,4.0,5.0,0.0004087563298935518,0.0001575684477579925,,0,2.0,55.0
2023-09-05,310.0,311.3800048828125,306.67999267578125,307.67999267578125,944100,432.7972412109375,137.0,1.0,1.0,4.0,5.0,0.00039031330922848607,0.00018181470580500331,,0,2.0,56.0
2023-09-06,309.4800109863281,309.6499938964844,303.79998779296875,307.8399963378906,1171200,429.8876953125,135.0,1.0,1.0,4.0,5.0,0.0003724487451391349,0.00025561895120231634,,0,2.0,57.0
2023-09-07,305.5299987792969,305.9700012207031,295.010009765625,297.2200012207031,2117300,428.56787109375,142.0,1.0,1.0,4.0,5.0,0.0003096721544872832,0.00033617551213913115,,0,2.0,58.0
2023-09-08,297.54998779296875,300.2200012207031,296.5799865722656,298.2200012207031,1507500,429.2133483886719,140.0,1.0,1.0,4.0,5.0,0.0002756844012661189,0.0003837381421749676,,0,2.0,59.0
2023-09-11,300.0,304.19000244140625,298.70001220703125,302.3500061035156,1566500,432.03607177734375,139.0,1.0,1.0,4.0,5.0,0.0002475596122695802,0.0004087563298935518,,0,2.0,60.0
2023-09-12,300.9200134277344,302.8800048828125,300.0,301.54998779296875,1205400,429.6661376953125,137.0,1.0,1.0,4.0,5.0,0.00025567505576088015,0.00039031330922848607,,0,2.0,61.0
2023-09-13,301.04998779296875,304.95001220703125,300.1400146484375,302.70001220703125,1225300,430.1671447753906,135.0,1.0,1.0,4.0,5.0,0.00026553850962476806,0.0003724487451391349,,0,2.0,62.0
2023-09-14,305.2300109863281,305.8699951171875,299.80999755859375,303.739990234375,1348400,433.876220703125,133.0,1.0,1.0,4.0,5.0,0.0002834476260824854,0.0003096721544872832,,0,2.0,63.0
2023-09-15,303.739990234375,304.0400085449219,294.8500061035156,295.5400085449219,2791900,428.6487121582031,136.0,1.0,1.0,4.0,5.0,0.0002597250436847494,0.0002756844012661189,,0,2.0,64.0
2023-09-18,296.1300048828125,303.79998779296875,296.0,298.1700134277344,1007000,428.900146484375,135.0,1.0,1.0,4.0,5.0,0.00023735967397311847,0.0002475596122695802,,0,2.0,65.0
2023-09-19,298.1700134277344,300.4800109863281,295.25,299.6499938964844,1076500,428.0106201171875,133.0,1.0,1.0,4.0,5.0,0.00021832606543352752,0.00025567505576088015,,0,2.0,66.0
2023-09-20,303.1700134277344,303.3900146484375,291.7900085449219,291.9599914550781,1391200,424.0758056640625,136.0,1.0,4.0,4.0,6.0,0.00023330651984049548,0.00026553850962476806,,0,2.0,67.0
2023-09-21,290.05999755859375,290.6600036621094,283.739990234375,284.3500061035156,2039400,417.0665283203125,138.0,1.0,4.0,4.0,6.0,0.000200242851091729,0.0002834476260824854,,1,2.0,68.0
2023-09-22,286.489990234375,293.9200134277344,284.4200134277344,288.20001220703125,1962400,416.1286315917969,138.0,1.0,4.0,4.0,6.0,0.00015660332723599056,0.0002597250436847494,,0,2.0,69.0
2023-09-25,286.3999938964844,293.3900146484375,285.739990234375,293.25,1519300,417.87860107421875,138.0,1.0,4.0,4.0,6.0,0.00015462800929241934,0.00023735967397311847,,0,2.0,70.0
2023-09-26,291.7300109863281,292.8500061035156,288.95001220703125,290.739990234375,1297500,411.7394714355469,136.0,1.0,4.0,4.0,6.0,0.00017008855234799152,0.00021832606543352752,,0,2.0,71.0
2023-09-27,292.0,297.4599914550781,288.54998779296875,291.42999267578125,1749100,411.9037780761719,134.0,1.0,4.0,4.0,6.0,0.00017455100875024164,0.00023330651984049548,,0,2.0,72.0
2023-09-28,292.1300048828125,297.3999938964844,292.1300048828125,296.1499938964844,1206400,414.2917785644531,134.0,1.0,4.0,4.0,6.0,0.00018731767331837298,0.000200242851091729,,0,2.0,73.0
2023-09-29,297.8699951171875,298.3500061035156,291.70001220703125,292.2900085449219,1294200,413.2862854003906,133.0,1.0,4.0,4.0,6.0,0.0002086986029180978,0.00015660332723599056,,0,2.0,74.0
2023-10-02,291.9599914550781,296.3900146484375,290.010009765625,294.9800109863281,978200,413.1219177246094,132.0,1.0,4.0,4.0,6.0,0.00024612930994489623,0.00015462800929241934,,0,2.0,75.0
2023-10-03,291.5400085449219,292.8299865722656,286.4700012207031,288.0400085449219,1059900,407.59185791015625,134.0,1.0,4.0,4.0,6.0,0.00023209597000413838,0.00017008855234799152,,0,2.0,76.0
2023-10-04,289.6199951171875,290.82000732421875,285.4700012207031,290.2799987792969,1123900,410.5599670410156,132.0,1.0,4.0,4.0,6.0,0.00021589072253453055,0.00017455100875024164,,0,2.0,77.0
2023-10-05,291.8500061035156,292.45001220703125,284.79998779296875,290.0899963378906,963200,410.4052734375,130.0,1.0,4.0,4.0,6.0,0.00018790861664723642,0.00018731767331837298,,0,2.0,78.0
2023-10-06,286.4700012207031,296.7300109863281,284.989990234375,295.67999267578125,1444000,415.27789306640625,131.0,1.0,4.0,4.0,6.0,0.00020620185656989478,0.0002086986029180978,,0,2.0,79.0
2023-10-09,293.1300048828125,295.1300048828125,289.6000061035156,294.489990234375,920400,417.9366149902344,129.0,1.0,4.0,4.0,6.0,0.000201796670742532,0.00024612930994489623,,0,2.0,80.0
2023-10-10,295.1300048828125,301.07000732421875,292.5199890136719,297.8299865722656,1459800,420.1119079589844,128.0,1.0,4.0,4.0,6.0,0.00014648468638728333,0.00023209597000413838,,0,2.0,81.0
2023-10-11,298.6600036621094,298.7200012207031,278.2099914550781,281.7900085449219,3560400,421.83282470703125,147.0,1.0,4.0,4.0,6.0,6.416826264872567e-06,0.00021589072253453055,,0,2.0,82.0
2023-10-12,281.92999267578125,283.2699890136719,265.6000061035156,266.1199951171875,5153300,419.2611083984375,164.0,4.0,4.0,4.0,12.0,-0.00015746675887605516,0.00018790861664723642,,0,4.0,1.0
2023-10-13,266.8299865722656,273.7200012207031,265.5,273.1499938964844,2937700,417.1728210449219,166.0,4.0,4.0,4.0,12.0,-0.00024221383923213368,0.00020620185656989478,,0,4.0,2.0
2023-10-16,276.0,278.6099853515625,270.6000061035156,274.1600036621094,2283100,421.5621032714844,163.0,4.0,4.0,4.0,12.0,-0.00025759328264278437,0.000201796670742532,,0,4.0,3.0
2023-10-17,272.4100036621094,279.6199951171875,268.42999267578125,275.3699951171875,2518700,421.54278564453125,161.0,4.0,4.0,4.0,12.0,-0.00022021760833314716,0.00014648468638728333,,0,4.0,4.0
2023-10-18,275.0,278.70001220703125,273.04998779296875,275.5199890136719,1993100,415.9256591796875,159.0,4.0,4.0,4.0,12.0,-0.00020837309090786804,6.416826264872567e-06,,0,4.0,5.0
2023-10-19,277.1000061035156,278.1300048828125,271.7099914550781,273.45001220703125,3022800,412.2711486816406,157.0,4.0,4.0,4.0,12.0,-0.00020769576327793948,-0.00015746675887605516,,0,4.0,6.0
2023-10-20,260.04998779296875,269.489990234375,256.7200012207031,266.9100036621094,7002500,407.2051696777344,158.0,4.0,4.0,4.0,12.0,-0.0002331320387380676,-0.00024221383923213368,,1,4.0,7.0
2023-10-23,268.5,278.17999267578125,267.04998779296875,272.5899963378906,2556200,406.4993591308594,158.0,4.0,4.0,4.0,12.0,-0.0002432318205639482,-0.00025759328264278437,,0,4.0,8.0
2023-10-24,271.92999267578125,280.0199890136719,271.7699890136719,277.3900146484375,2529000,409.5641174316406,158.0,4.0,4.0,4.0,12.0,-0.00024287299952527653,-0.00022021760833314716,,0,4.0,9.0
2023-10-25,280.1300048828125,281.8800048828125,266.1300048828125,266.6099853515625,2618100,403.68597412109375,164.0,4.0,4.0,4.0,12.0,-0.0002446018314532516,-0.00020837309090786804,,0,4.0,10.0
2023-10-26,264.239990234375,264.239990234375,255.9499969482422,259.510009765625,2924900,398.8520202636719,166.0,4.0,4.0,4.0,12.0,-0.00028221419120126617,-0.00020769576327793948,,1,4.0,11.0
2023-10-27,263.82000732421875,264.7699890136719,257.010009765625,258.9800109863281,1861700,397.04412841796875,164.0,4.0,4.0,4.0,12.0,-0.0003210892378199563,-0.0002331320387380676,,0,4.0,12.0
2023-10-30,260.0799865722656,261.1499938964844,254.85000610351562,258.489990234375,2277800,401.7911071777344,161.0,4.0,4.0,4.0,12.0,-0.0003383395209385163,-0.0002432318205639482,,0,4.0,13.0
2023-10-31,260.3900146484375,263.95001220703125,260.1700134277344,262.2200012207031,2373300,404.3144836425781,160.0,4.0,4.0,4.0,12.0,-0.0003275327086167857,-0.00024287299952527653,,0,4.0,14.0
2023-11-01,262.1700134277344,272.17999267578125,262.0,270.4599914550781,2087300,408.62640380859375,163.0,4.0,4.0,4.0,12.0,-0.0002922293669754932,-0.0002446018314532516,,0,4.0,15.0
2023-11-02,274.57000732421875,278.1499938964844,272.6300048828125,277.8900146484375,1965800,416.4574279785156,165.0,4.0,4.0,4.0,12.0,-0.0002233373745050873,-0.00028221419120126617,,0,4.0,16.0
2023-11-03,280.2200012207031,281.5799865722656,277.3900146484375,278.5199890136719,1310900,420.25689697265625,163.0,4.0,4.0,4.0,12.0,-0.00016860786094429189,-0.0003210892378199563,,0,4.0,17.0
2023-11-06,278.1300048828125,279.5199890136719,273.70001220703125,277.260009765625,1156000,421.2237243652344,160.0,4.0,4.0,4.0,12.0,-0.00015418198850966644,-0.0003383395209385163,,0,4.0,18.0
2023-11-07,277.2200012207031,279.6199951171875,275.2699890136719,278.69000244140625,1810200,422.42254638671875,158.0,4.0,4.0,4.0,12.0,-0.00016473814715799704,-0.0003275327086167857,,0,4.0,19.0
2023-11-08,280.5,282.45001220703125,276.79998779296875,277.92999267578125,1620200,422.73193359375,156.0,4.0,4.0,4.0,12.0,-0.00017907112225927176,-0.0002922293669754932,,0,4.0,20.0
2023-11-09,277.9800109863281,278.95001220703125,271.8999938964844,272.3999938964844,1095200,419.4351501464844,156.0,4.0,4.0,4.0,12.0,-0.00020940271808323233,-0.0002233373745050873,,0,4.0,21.0
2023-11-10,273.4100036621094,278.54998779296875,269.489990234375,277.489990234375,1536400,425.9803771972656,156.0,4.0,4.0,4.0,12.0,-0.00022463847760207064,-0.00016860786094429189,,0,4.0,22.0
2023-11-13,285.3299865722656,289.989990234375,281.1199951171875,282.4800109863281,1772500,425.5743103027344,155.0,4.0,1.0,4.0,11.0,-0.00019819019964646602,-0.00015418198850966644,,0,2.0,23.0
2023-11-14,288.3699951171875,294.1400146484375,287.9800109863281,291.6199951171875,1847700,433.8307800292969,159.0,4.0,1.0,4.0,11.0,-0.00010974691982456237,-0.00016473814715799704,,0,2.0,24.0
2023-11-15,291.3900146484375,297.3399963378906,291.3900146484375,293.2200012207031,1889600,434.74920654296875,157.0,4.0,1.0,4.0,11.0,-4.281580815586568e-05,-0.00017907112225927176,,0,2.0,25.0
2023-11-16,296.7900085449219,305.29998779296875,295.0199890136719,303.95001220703125,2296100,435.2809143066406,162.0,1.0,1.0,4.0,5.0,2.206590052854811e-05,-0.00020940271808323233,,0,2.0,26.0
2023-11-17,306.3399963378906,311.239990234375,304.6199951171875,305.2799987792969,2993400,435.8223876953125,160.0,1.0,1.0,4.0,5.0,4.5496436265600474e-05,-0.00022463847760207064,,0,2.0,27.0
2023-11-20,305.44000244140625,312.20001220703125,305.0,311.3399963378906,1746300,439.1771240234375,160.0,1.0,1.0,4.0,5.0,8.736362908313636e-05,-0.00019819019964646602,,0,2.0,28.0
2023-11-21,311.0,312.2200012207031,308.8500061035156,311.82000732421875,1461600,438.219970703125,157.0,1.0,1.0,4.0,5.0,9.274877946189046e-05,-0.00010974691982456237,,0,2.0,29.0
2023-11-22,315.0,317.3900146484375,313.9200134277344,315.79998779296875,1199700,439.9118957519531,156.0,1.0,1.0,4.0,5.0,0.00013922837996541254,-4.281580815586568e-05,,0,2.0,30.0
2023-11-24,316.95001220703125,318.260009765625,316.0,318.010009765625,601300,440.1825866699219,154.0,1.0,1.0,4.0,5.0,0.0002027265401229082,2.206590052854811e-05,,0,2.0,31.0
2023-11-27,314.67999267578125,316.0,312.0199890136719,314.9800109863281,1084300,439.389892578125,152.0,1.0,1.0,4.0,5.0,0.00025072764090582484,4.5496436265600474e-05,,0,2.0,32.0
2023-11-28,311.8399963378906,312.760009765625,309.260009765625,310.95001220703125,1559000,439.8248291015625,151.0,1.0,1.0,4.0,5.0,0.0002568393385195303,8.736362908313636e-05,,0,2.0,33.0
2023-11-29,312.0,316.30999755859375,309.9599914550781,310.760009765625,1388900,439.51544189453125,149.0,1.0,1.0,4.0,5.0,0.00021830941689448145,9.274877946189046e-05,,0,2.0,34.0
2023-11-30,310.760009765625,311.989990234375,304.70001220703125,310.8399963378906,2437500,441.24603271484375,146.0,1.0,1.0,4.0,5.0,0.00020297837597246796,0.00013922837996541254,,0,2.0,35.0
2023-12-01,310.5899963378906,315.6400146484375,308.7300109863281,315.20001220703125,1388700,443.8564147949219,146.0,1.0,1.0,4.0,5.0,0.00020943858950143142,0.0002027265401229082,,0,2.0,36.0
2023-12-04,311.9200134277344,315.92999267578125,308.9100036621094,311.8399963378906,1431200,441.52642822265625,144.0,1.0,1.0,4.0,5.0,0.00022794203739726968,0.00025072764090582484,,0,2.0,37.0
2023-12-05,312.0,312.0,304.5,309.5199890136719,1246300,441.4394836425781,142.0,1.0,1.0,4.0,5.0,0.0002154087116430209,0.0002568393385195303,,0,2.0,38.0
2023-12-06,311.3900146484375,313.6000061035156,308.6099853515625,310.260009765625,1182600,439.6605529785156,140.0,1.0,1.0,3.0,3.0,0.00016971119960930837,0.00021830941689448145,,0,1.0,1.0
2023-12-07,310.9700012207031,312.75,307.7200012207031,311.55999755859375,1313400,443.0152893066406,138.0,1.0,1.0,3.0,3.0,0.00015248298543796648,0.00020297837597246796,,0,1.0,2.0
2023-12-08,310.5199890136719,312.8800048828125,308.5799865722656,310.4200134277344,1222900,444.919921875,136.0,1.0,1.0,3.0,3.0,0.00018547670035904957,0.00020943858950143142,,0,1.0,3.0
2023-12-11,310.0,319.79998779296875,309.79998779296875,315.42999267578125,1730900,446.6505126953125,136.0,1.0,1.0,3.0,3.0,0.00025933268020724966,0.00022794203739726968,,0,1.0,4.0
2023-12-12,316.9599914550781,321.3599853515625,314.3800048828125,320.7099914550781,1371300,448.6903991699219,136.0,1.0,1.0,3.0,3.0,0.0003193581996909029,0.0002154087116430209,,0,1.0,5.0
2023-12-13,320.67999267578125,329.45001220703125,320.2200012207031,328.9599914550781,1447000,454.8779602050781,138.0,1.0,1.0,3.0,3.0,0.0003790895635335911,0.00016971119960930837,,0,1.0,6.0
2023-12-14,330.0,332.6099853515625,324.8299865722656,326.17999267578125,2068800,456.3377380371094,137.0,1.0,1.0,3.0,3.0,0.0003834703286078348,0.00015248298543796648,,0,1.0,7.0
2023-12-15,325.8299865722656,327.0,322.5899963378906,324.3500061035156,3637200,455.5863952636719,135.0,1.0,1.0,3.0,3.0,0.0003408176033776111,0.00018547670035904957,,0,1.0,8.0
2023-12-18,325.7300109863281,331.989990234375,325.010009765625,328.4200134277344,1937800,458.1491394042969,134.0,1.0,1.0,3.0,3.0,0.0002891979487095049,0.00025933268020724966,,0,1.0,9.0
2023-12-19,328.4200134277344,336.5799865722656,328.0,335.7200012207031,2276700,460.9350280761719,135.0,1.0,1.0,3.0,3.0,0.00028890107057772383,0.0003193581996909029,,0,1.0,10.0
2023-12-20,334.04998779296875,334.04998779296875,325.260009765625,325.42999267578125,1845600,454.5477600097656,140.0,1.0,1.0,3.0,3.0,0.00027212920515594217,0.0003790895635335911,,0,1.0,11.0
2023-12-21,328.9700012207031,333.9800109863281,327.5299987792969,333.45001220703125,1969700,458.8577575683594,142.0,1.0,1.0,3.0,3.0,0.0002812369759769662,0.0003834703286078348,,0,1.0,12.0
2023-12-22,334.5199890136719,337.05999755859375,333.4599914550781,336.260009765625,1024900,459.77996826171875,140.0,1.0,1.0,3.0,3.0,0.00029848619227034,0.0003408176033776111,,0,1.0,13.0
2023-12-26,336.9200134277344,338.3500061035156,335.2099914550781,337.3900146484375,736700,461.7214050292969,138.0,1.0,1.0,3.0,3.0,0.0003613738678810617,0.0002891979487095049,,0,1.0,14.0
2023-12-27,337.0,337.6700134277344,335.07000732421875,337.4700012207031,750000,462.55615234375,136.0,1.0,1.0,3.0,3.0,0.00037837109656541166,0.00028890107057772383,,0,1.0,15.0
2023-12-28,337.010009765625,340.489990234375,336.3399963378906,338.3900146484375,740700,462.73089599609375,134.0,1.0,1.0,3.0,3.0,0.0003374091045634248,0.00027212920515594217,,0,1.0,16.0
2023-12-29,337.8299865722656,339.260009765625,336.6199951171875,337.3599853515625,1303300,461.3913269042969,132.0,1.0,1.0,3.0,3.0,0.00029353268974087286,0.0002812369759769662,,0,1.0,17.0
2024-01-02,333.0,336.20001220703125,328.3800048828125,330.9800109863281,1379200,458.8092346191406,133.0,1.0,1.0,3.0,3.0,0.00020515747730488157,0.00029848619227034,,1,1.0,18.0
2024-01-03,328.1000061035156,328.1000061035156,320.67999267578125,322.1300048828125,1596500,455.062255859375,136.0,1.0,1.0,3.0,3.0,0.0001159953323855374,0.0003613738678810617,,1,1.0,19.0
2024-01-04,320.42999267578125,326.4100036621094,320.260009765625,323.2699890136719,1471700,453.596435546875,134.0,1.0,1.0,3.0,3.0,1.2850686210834934e-05,0.00037837109656541166,,0,1.0,20.0
2024-01-05,322.54998779296875,327.5199890136719,321.30999755859375,322.5,1042100,454.2177734375,132.0,1.0,4.0,3.0,4.0,-3.977535032953865e-05,0.0003374091045634248,,0,2.0,21.0
2024-01-08,324.5,329.5299987792969,324.1199951171875,328.8599853515625,1463300,460.7021484375,133.0,1.0,4.0,3.0,4.0,-4.751933617668023e-05,0.00029353268974087286,,0,2.0,22.0
2024-01-09,326.0299987792969,332.79998779296875,325.7699890136719,330.55999755859375,1421600,460.00323486328125,131.0,1.0,4.0,3.0,4.0,-1.935322678948983e-05,0.00020515747730488157,,0,2.0,23.0
2024-01-10,348.0,364.8699951171875,345.5299987792969,364.45001220703125,4868400,462.6047668457031,185.0,1.0,1.0,4.0,5.0,8.974096152847445e-05,0.0001159953323855374,,0,2.0,24.0
2024-01-11,364.45001220703125,366.79998779296875,357.6300048828125,362.30999755859375,2230600,462.40081787109375,183.0,1.0,1.0,4.0,5.0,0.00019515397781806037,1.2850686210834934e-05,,0,2.0,25.0
2024-01-12,365.0,366.8599853515625,360.9599914550781,363.7099914550781,1456300,462.72119140625,180.0,1.0,1.0,4.0,5.0,0.0003015876873709818,-3.977535032953865e-05,,0,2.0,26.0
2024-01-16,363.3900146484375,364.4800109863281,359.3999938964844,362.3299865722656,1494800,461.02239990234375,177.0,1.0,1.0,4.0,5.0,0.00032229704457455735,-4.751933617668023e-05,,0,2.0,27.0
2024-01-17,358.3999938964844,361.2300109863281,355.1700134277344,358.8800048828125,1246100,458.45977783203125,175.0,1.0,1.0,4.0,5.0,0.0003201117183808154,-1.935322678948983e-05,,0,2.0,28.0
2024-01-18,369.8800048828125,374.17999267578125,366.7900085449219,371.92999267578125,2533100,462.5367126464844,179.0,1.0,1.0,4.0,5.0,0.00034132752715323604,8.974096152847445e-05,,0,2.0,29.0
2024-01-19,374.0,376.8999938964844,370.6600036621094,374.82000732421875,2392500,468.30279541015625,177.0,1.0,1.0,4.0,5.0,0.0003790413344711848,0.00019515397781806037,,0,2.0,30.0
2024-01-22,377.9100036621094,379.3900146484375,375.07000732421875,375.80999755859375,1813100,469.29296875,175.0,1.0,1.0,4.0,5.0,0.0004317034381060754,0.0003015876873709818,,0,2.0,31.0
2024-01-23,377.25,377.79998779296875,367.5,371.4100036621094,2393800,470.6615905761719,173.0,1.0,1.0,4.0,5.0,0.0004355449701754606,0.00032229704457455735,,0,2.0,32.0
2024-01-24,383.92999267578125,384.0,362.1400146484375,370.07000732421875,4949700,471.1761779785156,170.0,1.0,1.0,4.0,5.0,0.0004484410681949323,0.0003201117183808154,,0,2.0,33.0
2024-01-25,372.6099853515625,377.3299865722656,370.6000061035156,374.9700012207031,1873300,473.7388000488281,169.0,1.0,1.0,4.0,5.0,0.00046584338573984276,0.00034132752715323604,,0,2.0,34.0
2024-01-26,371.6000061035156,375.05999755859375,368.010009765625,374.760009765625,2144700,473.13702392578125,166.0,1.0,1.0,4.0,5.0,0.0004881706042901227,0.0003790413344711848,,0,2.0,35.0
2024-01-29,374.4100036621094,379.3399963378906,373.05999755859375,379.1600036621094,1603000,476.8840026855469,164.0,1.0,1.0,4.0,5.0,0.0004944332521843502,0.0004317034381060754,,0,2.0,36.0
2024-01-30,377.3699951171875,381.7900085449219,376.4200134277344,377.2900085449219,1375300,476.5151062011719,162.0,1.0,1.0,4.0,5.0,0.0004968914757679854,0.0004355449701754606,,0,2.0,37.0
2024-01-31,378.5,383.739990234375,375.6000061035156,378.2200012207031,1802100,468.7396545410156,160.0,1.0,1.0,4.0,5.0,0.000504304542692898,0.0004484410681949323,,0,2.0,38.0
2024-02-01,378.4100036621094,384.2900085449219,375.6700134277344,383.8299865722656,1630100,474.87457275390625,159.0,1.0,1.0,4.0,5.0,0.0005200110521086913,0.00046584338573984276,,0,2.0,39.0
2024-02-02,382.3299865722656,385.42999267578125,377.8999938964844,383.7699890136719,1773500,479.8738098144531,156.0,1.0,1.0,4.0,5.0,0.0005247510465439402,0.0004881706042901227,,0,2.0,40.0
2024-02-05,384.4700012207031,388.6199951171875,380.57000732421875,383.94000244140625,1575100,478.1264343261719,154.0,1.0,1.0,4.0,5.0,0.0005431889007890325,0.0004944332521843502,,0,2.0,41.0
2024-02-06,385.260009765625,389.7900085449219,384.1199951171875,389.69000244140625,1694300,479.5146179199219,153.0,1.0,1.0,4.0,5.0,0.0005555893961306906,0.0004968914757679854,,0,2.0,42.0
2024-02-07,390.3800048828125,392.0,385.7200012207031,391.3800048828125,1458800,483.513916015625,151.0,1.0,1.0,4.0,5.0,0.0005903943207155185,0.000504304542692898,,0,2.0,43.0
2024-02-08,389.510009765625,391.6000061035156,385.3599853515625,386.94000244140625,998700,483.7275390625,149.0,1.0,1.0,3.0,3.0,0.0006091738518877633,0.0005200110521086913,,0,1.0,44.0
2024-02-09,387.4599914550781,389.9200134277344,383.04998779296875,388.2200012207031,1233900,486.52313232421875,147.0,1.0,1.0,3.0,3.0,0.0006367117398428393,0.0005247510465439402,,0,1.0,45.0
2024-02-12,386.0899963378906,387.3599853515625,381.07000732421875,382.1300048828125,1569900,486.30963134765625,147.0,1.0,1.0,3.0,3.0,0.0006263290327405663,0.0005431889007890325,,0,1.0,46.0
2024-02-13,375.0,383.25,371.0,378.8900146484375,1705300,479.6116943359375,145.0,1.0,1.0,3.0,3.0,0.000609633421583486,0.0005555893961306906,,0,1.0,47.0
2024-02-14,380.0899963378906,381.9100036621094,378.0,381.760009765625,1147600,483.9702453613281,143.0,1.0,1.0,3.0,3.0,0.00059614567209225,0.0005903943207155185,,0,1.0,48.0
2024-02-15,382.0299987792969,383.0,377.5400085449219,380.1700134277344,1053100,487.3094787597656,141.0,1.0,1.0,3.0,3.0,0.0006268111870337067,0.0006091738518877633,,0,1.0,49.0
2024-02-16,378.2900085449219,381.1499938964844,376.0,378.6300048828125,1272000,484.88262939453125,139.0,1.0,1.0,3.0,3.0,0.0006399061572455213,0.0006367117398428393,,0,1.0,50.0
2024-02-20,379.69000244140625,382.8800048828125,374.6099853515625,377.6400146484375,1483400,482.21319580078125,137.0,1.0,1.0,3.0,3.0,0.00063363703520641,0.0006263290327405663,,0,1.0,51.0
2024-02-21,376.75,380.4700012207031,373.1499938964844,380.2300109863281,1215800,482.6500549316406,136.0,1.0,4.0,3.0,4.0,0.0005926020521501554,0.000609633421583486,,0,2.0,52.0
2024-02-22,382.42999267578125,389.67999267578125,382.2099914550781,389.0799865722656,1540700,492.6387023925781,137.0,1.0,4.0,3.0,4.0,0.0005936977581490933,0.00059614567209225,,0,2.0,53.0
2024-02-23,389.0799865722656,391.25,387.2799987792969,389.7699890136719,1000300,492.9784240722656,135.0,1.0,4.0,3.0,4.0,0.000553032834680457,0.0006268111870337067,,0,2.0,54.0
2024-02-26,389.3999938964844,391.80999755859375,386.1499938964844,388.2699890136719,1024500,491.17291259765625,133.0,1.0,4.0,3.0,4.0,0.0005289724577674755,0.0006399061572455213,,0,2.0,55.0
2024-02-27,386.4599914550781,389.4700012207031,385.2799987792969,386.4599914550781,1042900,492.08538818359375,131.0,1.0,4.0,3.0,4.0,0.00048505817516719804,0.00063363703520641,,0,2.0,56.0
2024-02-28,384.6000061035156,386.75,383.55999755859375,386.5899963378906,902800,491.43499755859375,129.0,1.0,4.0,1.0,2.0,0.0004924917027131557,0.0005926020521501554,,0,2.0,57.0
2024-02-29,384.4100036621094,389.260009765625,383.92999267578125,385.6000061035156,2134800,493.20166015625,128.0,1.0,4.0,1.0,2.0,0.0005167403723081704,0.0005936977581490933,,0,2.0,58.0
2024-03-01,383.4800109863281,399.6700134277344,382.32000732421875,397.8999938964844,2193900,497.83197021484375,133.0,1.0,4.0,1.0,2.0,0.0005527425488834344,0.000553032834680457,,0,2.0,59.0
2024-03-04,398.29998779296875,403.0,396.510009765625,400.5899963378906,1943700,497.298095703125,131.0,1.0,1.0,1.0,1.0,0.0005821367094042484,0.0005289724577674755,,0,1.0,60.0
2024-03-05,400.0,400.4100036621094,386.29998779296875,387.32000732421875,1610500,492.3280944824219,137.0,1.0,1.0,1.0,1.0,0.0005458302695854961,0.00048505817516719804,,0,1.0,61.0
2024-03-06,386.760009765625,393.1400146484375,386.760009765625,388.1600036621094,1203200,494.82275390625,135.0,1.0,1.0,1.0,1.0,0.0005112755144330625,0.0004924917027131557,,0,1.0,62.0
2024-03-07,393.29998779296875,396.6099853515625,390.3500061035156,392.67999267578125,1797500,499.734619140625,134.0,1.0,1.0,1.0,1.0,0.000496626586033592,0.0005167403723081704,,0,1.0,63.0
2024-03-08,392.0199890136719,395.92999267578125,390.7900085449219,391.8500061035156,1738000,496.73516845703125,132.0,1.0,1.0,1.0,1.0,0.0005337462268867333,0.0005527425488834344,,0,1.0,64.0
2024-03-11,391.0,391.0,377.44000244140625,378.8999938964844,1602300,496.3079833984375,138.0,1.0,1.0,1.0,1.0,0.0005140443931880557,0.0005821367094042484,,0,1.0,65.0
2024-03-12,378.8999938964844,390.260009765625,378.5199890136719,389.3999938964844,1446500,501.64697265625,141.0,1.0,1.0,1.0,1.0,0.0004914670415533509,0.0005458302695854961,,0,1.0,66.0
2024-03-13,389.6700134277344,390.69000244140625,380.989990234375,382.989990234375,1448000,500.8606262207031,141.0,1.0,1.0,1.0,1.0,0.0004540177401217908,0.0005112755144330625,,0,1.0,67.0
2024-03-14,383.2300109863281,384.42999267578125,376.6000061035156,384.30999755859375,1413000,499.87054443359375,139.0,1.0,1.0,1.0,1.0,0.00047432690052369507,0.000496626586033592,,0,1.0,68.0
2024-03-15,398.1600036621094,398.1600036621094,382.6300048828125,396.2799987792969,3906800,496.4381103515625,143.0,1.0,1.0,1.0,1.0,0.0004921221298055603,0.0005337462268867333,,0,1.0,69.0
2024-03-18,399.6000061035156,401.2699890136719,390.7900085449219,392.6199951171875,1654500,499.38848876953125,141.0,1.0,1.0,1.0,1.0,0.0005045483884477513,0.0005140443931880557,,0,1.0,70.0
2024-03-19,391.989990234375,392.5799865722656,381.7699890136719,390.5299987792969,1610700,502.1636962890625,139.0,1.0,1.0,1.0,1.0,0.0005034112310882863,0.0004914670415533509,,0,1.0,71.0
2024-03-20,390.3900146484375,390.6700134277344,384.3999938964844,390.3699951171875,930000,506.8083190917969,137.0,1.0,1.0,1.0,1.0,0.00048508336620618135,0.0004540177401217908,,0,1.0,72.0
2024-03-21,394.0,397.0,391.92999267578125,391.9599914550781,920800,508.48321533203125,135.0,1.0,1.0,1.0,1.0,0.0004802733537826354,0.00047432690052369507,,0,1.0,73.0
2024-03-22,392.45001220703125,394.510009765625,387.1700134277344,394.07000732421875,1562600,507.519287109375,134.0,1.0,1.0,1.0,1.0,0.0004906219527597648,0.0004921221298055603,,0,1.0,74.0
2024-03-25,393.5899963378906,396.8999938964844,390.5,391.7099914550781,1117300,506.1171569824219,132.0,1.0,1.0,1.0,1.0,0.0004941314165208315,0.0005045483884477513,,0,1.0,75.0
2024-03-26,394.3699951171875,399.55999755859375,392.2900085449219,397.6300048828125,1543000,505.18218994140625,131.0,1.0,1.0,1.0,1.0,0.0005305606611684439,0.0005034112310882863,,0,1.0,76.0
2024-03-27,403.0199890136719,403.760009765625,397.5,400.1000061035156,1374600,509.4277038574219,130.0,1.0,1.0,1.0,1.0,0.0005598921660785882,0.00048508336620618135,,0,1.0,77.0
2024-03-28,401.45001220703125,402.5,397.05999755859375,399.0899963378906,1124700,509.330322265625,128.0,1.0,1.0,1.0,1.0,0.0005963407843926285,0.0004802733537826354,,0,1.0,78.0
2024-04-01,399.0,399.6400146484375,392.2200012207031,394.8699951171875,1159800,508.44415283203125,127.0,1.0,1.0,1.0,1.0,0.000582524855575001,0.0004906219527597648,,0,1.0,79.0
2024-04-02,391.989990234375,391.989990234375,380.510009765625,382.3599853515625,2334100,505.2115478515625,132.0,1.0,1.0,1.0,1.0,0.0005242800108576277,0.0004941314165208315,,1,1.0,80.0
2024-04-03,383.7699890136719,388.2900085449219,382.2200012207031,383.4200134277344,1634200,505.7663879394531,131.0,1.0,1.0,1.0,1.0,0.0004698083916407593,0.0005305606611684439,,0,1.0,81.0
2024-04-04,387.760009765625,389.0299987792969,378.6199951171875,378.9200134277344,1602900,499.5931091308594,130.0,1.0,1.0,1.0,1.0,0.00044828931706011226,0.0005598921660785882,,0,1.0,82.0
2024-04-05,381.1199951171875,393.6600036621094,379.239990234375,388.3900146484375,1404400,504.8121337890625,132.0,1.0,4.0,1.0,2.0,0.0005096273002468266,0.0005963407843926285,,0,2.0,83.0
2024-04-08,388.3900146484375,389.8900146484375,383.0400085449219,386.92999267578125,947200,505.0945739746094,130.0,1.0,4.0,1.0,2.0,0.0005529329421593417,0.000582524855575001,,0,2.0,84.0
2024-04-09,389.95001220703125,391.17999267578125,383.80999755859375,390.9599914550781,1120400,505.6788330078125,129.0,1.0,4.0,1.0,2.0,0.00059215877147252,0.0005242800108576277,,0,2.0,85.0
2024-04-10,387.1600036621094,391.4599914550781,385.510009765625,388.4599914550781,1198800,500.6155090332031,127.0,1.0,4.0,1.0,2.0,0.0005813039045057186,0.0004698083916407593,,0,2.0,86.0
2024-04-11,387.5799865722656,392.79998779296875,387.5799865722656,392.260009765625,1186500,504.3935241699219,126.0,1.0,4.0,1.0,2.0,0.0006004922480805655,0.00044828931706011226,,0,2.0,87.0
2024-04-12,387.0,388.260009765625,380.7099914550781,384.79998779296875,1475900,497.43133544921875,127.0,1.0,4.0,1.0,2.0,0.0005913889088481357,0.0005096273002468266,,0,2.0,88.0
2024-04-15,392.25,392.2900085449219,376.3299865722656,377.3599853515625,1650700,491.199462890625,128.0,1.0,4.0,1.0,2.0,0.0005668457923935153,0.0005529329421593417,,0,2.0,89.0
2024-04-16,376.6300048828125,383.8500061035156,371.5400085449219,378.54998779296875,1603000,490.3035888671875,126.0,1.0,4.0,1.0,2.0,0.0005218904318580768,0.00059215877147252,,0,2.0,90.0
2024-04-17,378.92999267578125,379.7099914550781,371.1400146484375,374.1700134277344,1625500,487.4018859863281,125.0,1.0,4.0,1.0,2.0,0.00048809236033148023,0.0005813039045057186,,0,2.0,91.0
2024-04-18,372.57000732421875,375.3299865722656,369.1499938964844,372.6300048828125,2320500,486.39892578125,124.0,1.0,4.0,1.0,2.0,0.0004926096894337853,0.0006004922480805655,,0,2.0,92.0
2024-04-19,385.2699890136719,388.6499938964844,364.1700134277344,366.3399963378906,3975900,482.1534729003906,124.0,1.0,4.0,1.0,2.0,0.0005006508125848725,0.0005913889088481357,,0,2.0,93.0
2024-04-22,369.5400085449219,371.8299865722656,364.30999755859375,368.92999267578125,1603100,486.5936584472656,122.0,1.0,4.0,1.0,2.0,0.0005275827337738508,0.0005668457923935153,,0,2.0,94.0
2024-04-23,370.8800048828125,379.7699890136719,368.67999267578125,377.0799865722656,1858800,492.367919921875,124.0,1.0,4.0,1.0,2.0,0.0005732290581280384,0.0005218904318580768,,0,2.0,95.0
2024-04-24,374.0,383.6199951171875,372.8299865722656,375.010009765625,1325600,492.1342468261719,123.0,1.0,4.0,1.0,2.0,0.0005989658981470737,0.00048809236033148023,,0,2.0,96.0
2024-04-25,374.1199951171875,375.4599914550781,367.6600036621094,373.1199951171875,1262500,490.2646789550781,121.0,1.0,4.0,1.0,2.0,0.0005958033186631075,0.0004926096894337853,,0,2.0,97.0
2024-04-26,368.1000061035156,377.8299865722656,368.1000061035156,375.3299865722656,927700,494.9093933105469,119.0,1.0,4.0,1.0,2.0,0.0005445564430095583,0.0005006508125848725,,0,2.0,98.0
2024-04-29,375.3900146484375,377.989990234375,372.05999755859375,374.1400146484375,983200,496.6620788574219,118.0,1.0,4.0,1.0,2.0,0.0005010528464754022,0.0005275827337738508,,0,2.0,99.0
2024-04-30,373.17999267578125,373.67999267578125,368.75,370.6199951171875,1213200,488.7944030761719,117.0,1.0,4.0,1.0,2.0,0.00047226384973411017,0.0005732290581280384,,0,2.0,100.0
2024-05-01,369.57000732421875,379.5,368.6000061035156,371.70001220703125,952200,487.2071838378906,115.0,1.0,4.0,1.0,2.0,0.00045821582298438175,0.0005989658981470737,,0,2.0,101.0
2024-05-02,373.6400146484375,377.8800048828125,367.3900146484375,377.6499938964844,1208600,491.7641906738281,115.0,1.0,4.0,1.0,2.0,0.00048328967057963975,0.0005958033186631075,,0,2.0,102.0
2024-05-03,380.0,384.4700012207031,378.8699951171875,381.3599853515625,1028800,497.85980224609375,115.0,1.0,4.0,1.0,2.0,0.0005327460885653997,0.0005445564430095583,,0,2.0,103.0
2024-05-06,382.6300048828125,384.3500061035156,380.6000061035156,383.04998779296875,878200,503.0010681152344,113.0,1.0,4.0,1.0,2.0,0.0005691186524524973,0.0005010528464754022,,0,2.0,104.0
2024-05-07,385.010009765625,389.7799987792969,383.04998779296875,388.6499938964844,932800,503.5561218261719,113.0,1.0,1.0,1.0,1.0,0.0005919641205367708,0.00047226384973411017,,0,1.0,105.0
2024-05-08,384.92999267578125,386.010009765625,380.1300048828125,380.3699951171875,1108000,503.60479736328125,115.0,1.0,1.0,1.0,1.0,0.0005326230290287099,0.00045821582298438175,,0,1.0,106.0
2024-05-09,381.7900085449219,387.3299865722656,380.69000244140625,385.45001220703125,882200,506.5065002441406,115.0,1.0,1.0,1.0,1.0,0.0004893801740846175,0.00048328967057963975,,0,1.0,107.0
2024-05-10,385.54998779296875,389.760009765625,383.8800048828125,386.70001220703125,853100,507.158935546875,113.0,1.0,1.0,1.0,1.0,0.0004228537864894599,0.0005327460885653997,,0,1.0,108.0
2024-05-13,389.1600036621094,389.1600036621094,380.6499938964844,380.8800048828125,1070900,507.22705078125,113.0,1.0,1.0,1.0,1.0,0.0004016296758896926,0.0005691186524524973,,0,1.0,109.0
2024-05-14,382.3999938964844,384.80999755859375,379.6700134277344,384.19000244140625,913300,509.55419921875,112.0,1.0,1.0,1.0,1.0,0.00038930473684839007,0.0005919641205367708,,0,1.0,110.0
2024-05-15,387.2200012207031,399.6600036621094,386.0,399.3900146484375,1200800,515.864013671875,123.0,1.0,1.0,1.0,1.0,0.000420854964892082,0.0005326230290287099,,0,1.0,111.0
2024-05-16,398.2799987792969,401.3599853515625,396.0199890136719,396.42999267578125,1083800,514.8027954101562,121.0,1.0,1.0,1.0,1.0,0.00045885680453081404,0.0004893801740846175,,0,1.0,112.0
2024-05-17,396.19000244140625,398.9599914550781,393.9800109863281,398.82000732421875,720300,515.5427856445312,120.0,1.0,1.0,1.0,1.0,0.00047168135472163195,0.0004228537864894599,,0,1.0,113.0
2024-05-20,398.5799865722656,400.4100036621094,395.6000061035156,400.0299987792969,951200,516.1367797851562,118.0,1.0,1.0,1.0,1.0,0.00046912403288895655,0.0004016296758896926,,0,1.0,114.0
2024-05-21,400.0,403.0,397.1000061035156,402.1099853515625,1283200,517.402587890625,117.0,1.0,1.0,1.0,1.0,0.00048264267197164963,0.00038930473684839007,,0,1.0,115.0
2024-05-22,402.55999755859375,408.42999267578125,399.1700134277344,400.8999938964844,1355700,515.9127197265625,115.0,1.0,1.0,1.0,1.0,0.0005086795573118149,0.000420854964892082,,0,1.0,116.0
2024-05-23,402.4700012207031,405.3800048828125,396.3800048828125,398.3900146484375,1189400,512.1444702148438,114.0,1.0,1.0,1.0,1.0,0.0005094363554820545,0.00045885680453081404,,0,1.0,117.0
2024-05-24,397.6099853515625,407.3299865722656,397.010009765625,404.8500061035156,1082000,515.5330810546875,114.0,1.0,1.0,1.0,1.0,0.0005223548702265559,0.00047168135472163195,,0,1.0,118.0
2024-05-28,403.8500061035156,405.989990234375,398.2900085449219,401.0299987792969,964200,515.893310546875,113.0,1.0,1.0,1.0,1.0,0.0005456250708887596,0.00046912403288895655,,0,1.0,119.0
2024-05-29,396.5899963378906,403.0,396.1499938964844,398.3999938964844,958200,512.2807006835938,112.0,1.0,1.0,1.0,1.0,0.0005789234613779933,0.00048264267197164963,,0,1.0,120.0
2024-05-30,405.0,412.2900085449219,400.489990234375,403.3900146484375,1650900,508.8824768066406,111.0,1.0,1.0,1.0,1.0,0.0006133150928117727,0.0005086795573118149,,0,1.0,121.0
2024-05-31,404.94000244140625,408.8999938964844,396.4800109863281,402.1199951171875,1983000,513.5173950195312,110.0,1.0,1.0,1.0,1.0,0.000630313530574567,0.0005094363554820545,,0,1.0,122.0
2024-06-03,402.8900146484375,405.3299865722656,398.6000061035156,403.8599853515625,913100,513.9361572265625,108.0,1.0,1.0,1.0,1.0,0.0006755022820383013,0.0005223548702265559,,0,1.0,123.0
2024-06-04,402.54998779296875,408.010009765625,397.4700012207031,406.6099853515625,936200,514.5105590820312,107.0,1.0,1.0,1.0,1.0,0.0006932815511636078,0.0005456250708887596,,0,1.0,124.0
2024-06-05,407.7200012207031,418.1400146484375,407.3299865722656,417.239990234375,2226600,520.6256103515625,111.0,1.0,1.0,1.0,1.0,0.0007107484873418332,0.0005789234613779933,,0,1.0,125.0
2024-06-06,413.9200134277344,419.1700134277344,405.0799865722656,418.1499938964844,1733300,520.6159057617188,110.0,1.0,1.0,1.0,1.0,0.0006952774401482797,0.0006133150928117727,,0,1.0,126.0
2024-06-07,418.1300048828125,420.57000732421875,415.79998779296875,417.6099853515625,1199500,519.98291015625,108.0,1.0,1.0,1.0,1.0,0.0006961466083172822,0.000630313530574567,,0,1.0,127.0
2024-06-10,416.6000061035156,419.8699951171875,413.5199890136719,418.3800048828125,815800,521.5896606445312,106.0,1.0,1.0,1.0,1.0,0.000707408099906524,0.0006755022820383013,,0,1.0,128.0
2024-06-11,417.0400085449219,420.2200012207031,415.20001220703125,418.7799987792969,907900,522.845703125,105.0,1.0,1.0,1.0,1.0,0.0007252646987766635,0.0006932815511636078,,0,1.0,129.0
2024-06-12,421.05999755859375,428.8599853515625,420.8599853515625,428.1000061035156,1251700,527.139892578125,108.0,1.0,1.0,1.0,1.0,0.0007473820347454331,0.0007107484873418332,,0,1.0,130.0
2024-06-13,424.739990234375,428.0,422.510009765625,422.8999938964844,1142900,528.201171875,107.0,1.0,1.0,1.0,1.0,0.000767537555704452,0.0006952774401482797,,0,1.0,131.0
2024-06-14,418.79998779296875,426.32000732421875,413.9800109863281,425.7799987792969,941000,528.522705078125,106.0,1.0,1.0,1.0,1.0,0.0007707743945902977,0.0006961466083172822,,0,1.0,132.0
2024-06-17,425.3599853515625,431.6000061035156,423.5799865722656,430.0,1125200,532.7291259765625,105.0,1.0,1.0,1.0,1.0,0.0007611154214994852,0.000707408099906524,,0,1.0,133.0
2024-06-18,429.04998779296875,436.94000244140625,428.75,435.0,1384400,534.0826416015625,105.0,1.0,1.0,1.0,1.0,0.0007562054595107744,0.0007252646987766635,,0,1.0,134.0
2024-06-20,435.989990234375,437.20001220703125,428.6700134277344,432.54998779296875,1291400,532.6317749023438,104.0,1.0,1.0,1.0,1.0,0.0007511848735098345,0.0007473820347454331,,0,1.0,135.0
2024-06-21,436.0799865722656,436.0799865722656,430.0,432.55999755859375,2754800,531.9176635742188,102.0,1.0,1.0,1.0,1.0,0.0007633588258959194,0.000767537555704452,,0,1.0,136.0
2024-06-24,432.7799987792969,435.70001220703125,426.9700012207031,429.0400085449219,1610400,530.1885986328125,101.0,1.0,1.0,1.0,1.0,0.0007472792621329344,0.0007707743945902977,,0,1.0,137.0
2024-06-25,431.1199951171875,443.80999755859375,430.489990234375,442.30999755859375,2475200,532.2303466796875,108.0,1.0,1.0,1.0,1.0,0.0007864124196442549,0.0007611154214994852,,0,1.0,138.0
2024-06-26,441.25,443.8299865722656,437.7099914550781,442.55999755859375,1360300,532.89453125,106.0,1.0,1.0,1.0,1.0,0.0008434846391863117,0.0007562054595107744,,0,1.0,139.0
2024-06-27,442.1000061035156,445.7900085449219,439.6099853515625,445.1099853515625,1225800,533.7346801757812,105.0,1.0,1.0,1.0,1.0,0.0009195346323456331,0.0007511848735098345,,0,1.0,140.0
2024-06-28,444.739990234375,447.1099853515625,441.489990234375,444.8500061035156,3106100,531.6343383789062,104.0,1.0,1.0,1.0,1.0,0.0009304714712136802,0.0007633588258959194,,0,1.0,141.0
2024-07-01,445.8500061035156,448.1000061035156,433.7900085449219,436.239990234375,1658900,532.728515625,105.0,1.0,1.0,1.0,1.0,0.0008652682350961575,0.0007472792621329344,,0,1.0,142.0
2024-07-02,436.30999755859375,439.6400146484375,432.20001220703125,438.80999755859375,1091400,536.3136596679688,104.0,1.0,1.0,1.0,1.0,0.0008040016222418401,0.0007864124196442549,,0,1.0,143.0
2024-07-03,439.0,439.0,432.8999938964844,434.80999755859375,826400,538.7069091796875,103.0,1.0,1.0,1.0,1.0,0.0006866754221135713,0.0008434846391863117,,0,1.0,144.0
2024-07-05,437.94000244140625,445.04998779296875,433.44000244140625,443.760009765625,1114500,541.8134155273438,106.0,1.0,1.0,1.0,1.0,0.0006304709048524181,0.0009195346323456331,,0,1.0,145.0
2024-07-08,442.0400085449219,445.9599914550781,441.55999755859375,444.5299987792969,1280600,542.4385986328125,104.0,1.0,1.0,1.0,1.0,0.0005758258330152086,0.0009304714712136802,,0,1.0,146.0
2024-07-09,447.6199951171875,447.6199951171875,441.2699890136719,442.29998779296875,889100,542.9661254882812,103.0,1.0,1.0,1.0,1.0,0.0006067355122296313,0.0008652682350961575,,0,1.0,147.0
2024-07-10,441.69000244140625,445.4800109863281,438.8500061035156,444.739990234375,1082900,548.3389892578125,102.0,1.0,1.0,1.0,1.0,0.0006192499243547564,0.0008040016222418401,,0,1.0,148.0
2024-07-11,444.739990234375,449.0,442.70001220703125,443.5,1818500,543.61083984375,100.0,1.0,1.0,1.0,1.0,0.0006109383770735585,0.0006866754221135713,,0,1.0,149.0
2024-07-12,442.8399963378906,447.1400146484375,439.6099853515625,444.1600036621094,1151600,547.0396728515625,99.0,1.0,1.0,1.0,1.0,0.0006045683487869748,0.0006304709048524181,,0,1.0,150.0
2024-07-15,444.0,444.3999938964844,433.9100036621094,437.25,1573000,548.5441284179688,99.0,1.0,1.0,1.0,1.0,0.0005578063635340384,0.0005758258330152086,,0,1.0,151.0
2024-07-16,440.8399963378906,442.0899963378906,433.2200012207031,438.010009765625,1436100,551.7970581054688,98.0,1.0,1.0,1.0,1.0,0.0005413805953010169,0.0006067355122296313,,0,1.0,152.0
2024-07-17,430.010009765625,436.3299865722656,426.010009765625,426.2300109863281,2388600,544.0602416992188,103.0,1.0,4.0,1.0,2.0,0.0004762501444151169,0.0006192499243547564,,0,2.0,153.0
2024-07-18,425.0,427.3299865722656,413.82000732421875,416.1400146484375,3856000,539.879150390625,107.0,1.0,4.0,1.0,2.0,0.0003972969500847416,0.0006109383770735585,,0,2.0,154.0
2024-07-19,449.42999267578125,456.80999755859375,439.0,455.010009765625,4201300,536.294189453125,161.0,1.0,4.0,4.0,6.0,0.000340220334658722,0.0006045683487869748,,0,2.0,155.0
2024-07-22,462.3299865722656,468.7799987792969,459.17999267578125,461.1199951171875,2574400,541.8232421875,160.0,1.0,4.0,4.0,6.0,0.0003355207846922472,0.0005578063635340384,,0,2.0,156.0
2024-07-23,459.1000061035156,462.6099853515625,454.3599853515625,455.05999755859375,1753100,540.9732666015625,158.0,1.0,1.0,4.0,5.0,0.00037256486013708,0.0005413805953010169,,0,2.0,157.0
2024-07-24,455.25,460.5899963378906,452.25,454.0199890136719,2296500,528.7135009765625,156.0,1.0,1.0,4.0,5.0,0.0003696317037784474,0.0004762501444151169,,0,2.0,158.0
2024-07-25,453.2200012207031,457.3699951171875,436.20001220703125,436.739990234375,1819200,525.9586791992188,162.0,1.0,1.0,4.0,5.0,0.0003149636049974926,0.0003972969500847416,,0,2.0,159.0
2024-07-26,438.6000061035156,446.1600036621094,432.8699951171875,441.29998779296875,1196500,531.849365234375,161.0,1.0,1.0,4.0,5.0,0.0002695766776767894,0.000340220334658722,,0,2.0,160.0
2024-07-29,446.6000061035156,448.2699890136719,439.4100036621094,443.6600036621094,1120400,532.1619262695312,158.0,1.0,1.0,4.0,5.0,0.0002373003626433836,0.0003355207846922472,,0,2.0,161.0
2024-07-30,443.6600036621094,448.5799865722656,431.55999755859375,432.69000244140625,1547700,529.4657592773438,160.0,1.0,1.0,4.0,5.0,0.00021632288535548548,0.00037256486013708,,0,2.0,162.0
2024-07-31,438.5,447.30999755859375,432.4100036621094,444.6099853515625,1763200,538.0719604492188,162.0,1.0,1.0,4.0,5.0,0.00021015319200032786,0.0003696317037784474,,0,2.0,163.0
2024-08-01,443.29998779296875,452.7200012207031,443.29998779296875,450.94000244140625,2017900,530.452392578125,160.0,1.0,1.0,4.0,5.0,0.00020678057432487306,0.0003149636049974926,,0,2.0,164.0
2024-08-02,455.7300109863281,455.7300109863281,439.8900146484375,449.7300109863281,2059600,520.5762329101562,158.0,1.0,1.0,4.0,5.0,0.00023467829363420914,0.0002695766776767894,,0,2.0,165.0
2024-08-05,437.54998779296875,444.5799865722656,429.6000061035156,438.0,2465700,505.41510009765625,160.0,1.0,1.0,4.0,5.0,0.0002312110739263058,0.0002373003626433836,,0,2.0,166.0
2024-08-06,439.010009765625,456.239990234375,438.6600036621094,447.6600036621094,1686100,510.0747375488281,160.0,1.0,1.0,4.0,5.0,0.00023949400877167664,0.00021632288535548548,,0,2.0,167.0
2024-08-07,452.0,461.7099914550781,448.5899963378906,449.260009765625,1713000,506.66552734375,158.0,1.0,1.0,4.0,5.0,0.0002378117151228513,0.00021015319200032786,,0,2.0,168.0
2024-08-08,453.6000061035156,464.1400146484375,451.05999755859375,463.6099853515625,1289200,518.3781127929688,161.0,1.0,1.0,4.0,5.0,0.00027913410009248785,0.00020678057432487306,,0,2.0,169.0
2024-08-09,462.5899963378906,465.70001220703125,460.1199951171875,463.42999267578125,1022600,520.6640625,159.0,1.0,1.0,4.0,5.0,0.0002949166281408678,0.00023467829363420914,,0,2.0,170.0
2024-08-12,464.760009765625,466.82000732421875,458.2699890136719,465.5299987792969,1013800,520.9376220703125,157.0,1.0,1.0,4.0,5.0,0.0003269224490046836,0.0002312110739263058,,0,2.0,171.0
2024-08-13,468.2300109863281,470.489990234375,463.010009765625,469.2300109863281,891600,529.5046997070312,155.0,1.0,1.0,4.0,5.0,0.00034577304927944534,0.00023949400877167664,,0,2.0,172.0
2024-08-14,468.7799987792969,473.75,466.3399963378906,471.2099914550781,1109500,531.17529296875,153.0,1.0,1.0,4.0,5.0,0.0003576008512199682,0.0002378117151228513,,0,2.0,173.0
2024-08-15,476.8699951171875,480.5400085449219,474.1600036621094,480.1700134277344,1599900,540.2798461914062,153.0,1.0,1.0,4.0,5.0,0.00038597580251961916,0.00027913410009248785,,0,2.0,174.0
2024-08-16,478.010009765625,482.5,477.1000061035156,478.9800109863281,809100,541.4910278320312,150.0,1.0,1.0,4.0,5.0,0.00039167596621334416,0.0002949166281408678,,0,2.0,175.0
2024-08-19,475.44000244140625,482.7799987792969,475.44000244140625,482.1600036621094,977800,546.66845703125,148.0,1.0,1.0,4.0,5.0,0.00041475256888329854,0.0003269224490046836,,0,2.0,176.0
2024-08-20,483.0,488.4800109863281,482.3299865722656,483.2099914550781,885500,545.7794799804688,146.0,1.0,1.0,4.0,5.0,0.0004230097038748299,0.00034577304927944534,,0,2.0,177.0
2024-08-21,484.20001220703125,488.4700012207031,482.0,487.4200134277344,886300,547.6551513671875,145.0,1.0,1.0,4.0,5.0,0.000447220083037271,0.0003576008512199682,,0,2.0,178.0
2024-08-22,490.0,491.8299865722656,486.9200134277344,490.42999267578125,1137800,543.3568115234375,143.0,1.0,1.0,4.0,5.0,0.00045839150157209614,0.00038597580251961916,,0,2.0,179.0
2024-08-23,492.6199951171875,493.9700012207031,478.17999267578125,486.54998779296875,1155200,549.1302490234375,141.0,1.0,1.0,4.0,5.0,0.00045309675842771505,0.00039167596621334416,,0,2.0,180.0
2024-08-26,486.8800048828125,487.2799987792969,476.8800048828125,479.19000244140625,1170900,547.8212280273438,140.0,1.0,1.0,4.0,5.0,0.0004488889577712629,0.00041475256888329854,,0,2.0,181.0
2024-08-27,478.44000244140625,483.57000732421875,477.0,482.3500061035156,939900,548.5733642578125,139.0,1.0,1.0,4.0,5.0,0.000454354421314795,0.0004230097038748299,,0,2.0,182.0
2024-08-28,482.92999267578125,485.3599853515625,479.239990234375,482.2099914550781,960100,545.3887939453125,137.0,1.0,1.0,3.0,3.0,0.0004829928685771572,0.000447220083037271,,0,1.0,183.0
2024-08-29,482.2099914550781,491.6600036621094,481.25,487.1700134277344,939600,545.4375610351562,135.0,1.0,1.0,3.0,3.0,0.0005323581236475655,0.00045839150157209614,,0,1.0,184.0
2024-08-30,489.1600036621094,493.44000244140625,485.2799987792969,492.6300048828125,1097700,550.6443481445312,134.0,1.0,1.0,3.0,3.0,0.000551581290145709,0.00045309675842771505,,0,1.0,185.0
2024-09-03,491.6700134277344,493.4200134277344,480.79998779296875,483.44000244140625,1356300,539.3126220703125,135.0,1.0,1.0,3.0,3.0,0.0005167197220824739,0.0004488889577712629,,0,1.0,186.0
2024-09-04,480.9599914550781,484.6499938964844,478.2799987792969,481.7300109863281,1321000,538.2088012695312,133.0,1.0,1.0,3.0,3.0,0.0004655697435143789,0.000454354421314795,,0,1.0,187.0
2024-09-05,480.32000732421875,480.32000732421875,468.4599914550781,476.69000244140625,1194800,536.8998413085938,131.0,1.0,4.0,3.0,4.0,0.00042832068270331515,0.0004829928685771572,,0,2.0,188.0
2024-09-06,476.9200134277344,478.25,466.0,471.82000732421875,1700000,527.8636474609375,130.0,1.0,4.0,3.0,4.0,0.0004281187162639315,0.0005323581236475655,,0,2.0,189.0
2024-09-09,475.0,479.989990234375,473.9800109863281,479.3900146484375,1121500,533.7737426757812,130.0,1.0,4.0,3.0,4.0,0.00043270014882874284,0.000551581290145709,,0,2.0,190.0
2024-09-10,477.5,484.7900085449219,477.5,484.239990234375,1006500,536.0986938476562,129.0,1.0,4.0,3.0,4.0,0.00045822431244485457,0.0005167197220824739,,0,2.0,191.0
2024-09-11,484.17999267578125,491.8299865722656,477.0799865722656,490.92999267578125,1239200,541.5984497070312,128.0,1.0,4.0,3.0,4.0,0.0005193817132933679,0.0004655697435143789,,0,2.0,192.0
2024-09-12,491.9100036621094,494.1499938964844,486.04998779296875,494.010009765625,1128000,546.1605224609375,127.0,1.0,4.0,3.0,4.0,0.0005514852349012691,0.00042832068270331515,,0,2.0,193.0
2024-09-13,490.2799987792969,496.17999267578125,489.19000244140625,489.8599853515625,1238000,549.0130615234375,125.0,1.0,4.0,3.0,4.0,0.0005543318382226851,0.0004281187162639315,,0,2.0,194.0
2024-09-16,493.4700012207031,494.010009765625,488.57000732421875,491.3900146484375,921200,549.8238525390625,124.0,1.0,4.0,3.0,4.0,0.000533752133267062,0.00043270014882874284,,0,2.0,195.0
2024-09-17,491.2699890136719,491.2699890136719,482.3800048828125,483.32000732421875,1162600,550.0485229492188,124.0,1.0,4.0,3.0,4.0,0.0005149618562254911,0.00045822431244485457,,0,2.0,196.0
2024-09-18,484.2099914550781,488.75,479.5799865722656,482.0899963378906,982300,548.4170532226562,122.0,1.0,4.0,3.0,4.0,0.0004954983909495685,0.0005193817132933679,,0,2.0,197.0
2024-09-19,492.0,492.739990234375,486.9800109863281,490.010009765625,1225000,557.7755737304688,122.0,1.0,4.0,3.0,4.0,0.00048734542343974136,0.0005514852349012691,,0,2.0,198.0
2024-09-20,485.1099853515625,486.29998779296875,480.1600036621094,486.20001220703125,2734000,556.8114013671875,121.0,1.0,4.0,3.0,4.0,0.0004684970830266439,0.0005543318382226851,,1,2.0,199.0
2024-09-23,488.5,491.8299865722656,486.2699890136719,489.07000732421875,927200,558.2027587890625,119.0,1.0,4.0,3.0,4.0,0.0004955005677754846,0.000533752133267062,,0,2.0,200.0
2024-09-24,490.510009765625,490.510009765625,482.3500061035156,484.3999938964844,1120800,559.7998657226562,118.0,1.0,4.0,3.0,4.0,0.0004860701725215762,0.0005149618562254911,,0,2.0,201.0
2024-09-25,486.0,487.1199951171875,482.2900085449219,484.3900146484375,897800,558.5653076171875,117.0,1.0,4.0,3.0,4.0,0.0004999274035066872,0.0004954983909495685,,0,2.0,202.0
2024-09-26,488.25,490.95001220703125,484.760009765625,486.3299865722656,871400,560.77978515625,115.0,1.0,4.0,3.0,4.0,0.00047706662502693527,0.00048734542343974136,,0,2.0,203.0
2024-09-27,490.0299987792969,490.0299987792969,478.57000732421875,479.17999267578125,1013300,559.9664916992188,115.0,1.0,4.0,3.0,4.0,0.000445276397900734,0.0004684970830266439,,0,2.0,204.0
2024-09-30,480.0,492.25,478.69000244140625,491.2699890136719,1654100,562.2103881835938,118.0,1.0,4.0,3.0,4.0,0.00043028164256102443,0.0004955005677754846,,0,2.0,205.0
2024-10-01,492.5,496.4800109863281,481.7099914550781,484.760009765625,1181100,557.1738891601562,118.0,1.0,4.0,3.0,4.0,0.00041007658451645026,0.0004860701725215762,,0,2.0,206.0
2024-10-02,482.7200012207031,489.7099914550781,478.6199951171875,486.6199951171875,740900,557.4090576171875,116.0,1.0,4.0,3.0,4.0,0.00041555613200907997,0.0004999274035066872,,0,2.0,207.0
2024-10-03,484.4200134277344,486.0,478.55999755859375,479.6300048828125,764500,556.3900756835938,116.0,1.0,4.0,3.0,4.0,0.0003904460832293947,0.00047706662502693527,,0,2.0,208.0
2024-10-04,484.45001220703125,484.45001220703125,476.6000061035156,481.95001220703125,903700,561.4461059570312,115.0,1.0,4.0,3.0,4.0,0.0003959999435435919,0.000445276397900734,,0,2.0,209.0
2024-10-07,476.8599853515625,479.30999755859375,470.05999755859375,471.2300109863281,1175200,556.3704223632812,117.0,1.0,4.0,3.0,4.0,0.0003762298139537563,0.00043028164256102443,,0,2.0,210.0
2024-10-08,473.7900085449219,482.8800048828125,473.7900085449219,480.7900085449219,1040300,561.63232421875,119.0,1.0,4.0,3.0,4.0,0.0004011254975574581,0.00041007658451645026,,0,2.0,211.0
2024-10-09,480.6000061035156,490.5799865722656,478.489990234375,490.3800048828125,1061000,565.5223999023438,120.0,1.0,4.0,3.0,4.0,0.0004303622002088027,0.00041555613200907997,,0,2.0,212.0
2024-10-10,486.2300109863281,488.260009765625,483.20001220703125,483.8399963378906,942100,564.5326538085938,120.0,1.0,4.0,3.0,4.0,0.0004809310673669738,0.0003904460832293947,,0,2.0,213.0
2024-10-11,486.0,487.5799865722656,483.1199951171875,484.7799987792969,1170000,567.9132080078125,118.0,1.0,4.0,3.0,4.0,0.0004945149937924034,0.0003959999435435919,,0,2.0,214.0
2024-10-14,487.0400085449219,488.6300048828125,483.9700012207031,487.6099853515625,883500,572.557861328125,116.0,1.0,4.0,3.0,4.0,0.00047526462363801946,0.0003762298139537563,,0,2.0,215.0
2024-10-15,488.0,489.6300048828125,476.67999267578125,478.4700012207031,1313300,568.1093139648438,118.0,1.0,4.0,3.0,4.0,0.0004496525741019759,0.0004011254975574581,,0,2.0,216.0
2024-10-16,478.1099853515625,479.5199890136719,473.510009765625,476.5899963378906,1037500,570.5784912109375,116.0,1.0,4.0,3.0,4.0,0.00042930246292137815,0.0004303622002088027,,0,2.0,217.0
2024-10-17,481.05999755859375,481.05999755859375,472.1199951171875,473.7300109863281,1959000,570.6275634765625,114.0,1.0,4.0,3.0,4.0,0.0004190940588416028,0.0004809310673669738,,0,2.0,218.0
2024-10-18,496.0,523.3400268554688,495.0,521.1500244140625,4059200,572.8223876953125,172.0,1.0,1.0,4.0,5.0,0.00045536277914581656,0.0004945149937924034,,0,2.0,219.0
2024-10-21,519.0399780273438,522.6699829101562,514.5499877929688,518.8599853515625,1309600,571.8817138671875,170.0,1.0,1.0,4.0,5.0,0.00048521422506938287,0.00047526462363801946,,0,2.0,220.0
2024-10-22,515.0,519.1799926757812,511.80999755859375,517.5,1341500,571.5779418945312,167.0,1.0,1.0,4.0,5.0,0.0005123219127686102,0.0004496525741019759,,0,2.0,221.0
2024-10-23,513.8900146484375,516.0,507.2799987792969,512.5800170898438,1120000,566.355224609375,165.0,1.0,1.0,4.0,5.0,0.00048534310730902175,0.00042930246292137815,,0,2.0,222.0
2024-10-24,510.7900085449219,515.3099975585938,509.7799987792969,511.6300048828125,755400,567.5801391601562,163.0,1.0,1.0,4.0,5.0,0.000454687768085533,0.0004190940588416028,,0,2.0,223.0
2024-10-25,514.0,516.8900146484375,510.4599914550781,511.2699890136719,982200,567.384033203125,160.0,1.0,1.0,4.0,5.0,0.0004329123228819396,0.00045536277914581656,,0,2.0,224.0
2024-10-28,513.6599731445312,514.3300170898438,508.2799987792969,510.8800048828125,842800,569.13818359375,158.0,1.0,1.0,4.0,5.0,0.0004218173304131063,0.00048521422506938287,,0,2.0,225.0
2024-10-29,506.5199890136719,517.5,504.3500061035156,516.3099975585938,1064800,570.0591430664062,156.0,1.0,1.0,4.0,5.0,0.00044770499530296374,0.0005123219127686102,,0,2.0,226.0
2024-10-30,516.5599975585938,516.989990234375,508.010009765625,513.77001953125,1113100,568.3346557617188,154.0,1.0,1.0,4.0,5.0,0.0004614773598310101,0.00048534310730902175,,0,2.0,227.0
2024-10-31,510.010009765625,511.05999755859375,500.6700134277344,503.8399963378906,1468700,557.1935424804688,154.0,1.0,1.0,4.0,5.0,0.00045726010122120456,0.000454687768085533,,0,2.0,228.0
2024-11-01,502.0199890136719,510.80999755859375,502.010009765625,506.3399963378906,1041900,559.5452270507812,152.0,1.0,1.0,4.0,5.0,0.0004402875644208734,0.0004329123228819396,,0,2.0,229.0
2024-11-04,504.32000732421875,511.2099914550781,503.8500061035156,507.4200134277344,849500,558.3399658203125,150.0,1.0,1.0,4.0,5.0,0.00042906182938775547,0.0004218173304131063,,0,2.0,230.0
2024-11-05,506.3299865722656,518.25,506.3299865722656,515.1699829101562,1113400,565.0911865234375,149.0,1.0,1.0,4.0,5.0,0.00044300999857973785,0.00044770499530296374,,0,2.0,231.0
2024-11-06,523.1300048828125,525.0,506.79998779296875,515.5499877929688,1776100,579.1425170898438,147.0,1.0,1.0,4.0,5.0,0.0004462533232005024,0.0004614773598310101,,0,2.0,232.0
2024-11-07,516.0,524.8300170898438,515.5800170898438,524.280029296875,1209000,583.6205444335938,146.0,1.0,1.0,3.0,3.0,0.00046496163028847333,0.00045726010122120456,,0,1.0,233.0
2024-11-08,525.5,538.489990234375,524.0,536.4500122070312,1427700,586.148681640625,148.0,1.0,1.0,3.0,3.0,0.0005111543721702419,0.0004402875644208734,,0,1.0,234.0
2024-11-11,539.8900146484375,542.5900268554688,534.5700073242188,535.75,2097800,586.7071533203125,145.0,1.0,1.0,3.0,3.0,0.0005374816553790936,0.00042906182938775547,,0,1.0,235.0
2024-11-12,534.0,538.9099731445312,531.6900024414062,537.0700073242188,1455900,584.8846435546875,143.0,1.0,1.0,3.0,3.0,0.0005653950204450344,0.00044300999857973785,,0,1.0,236.0
2024-11-13,535.4299926757812,540.02001953125,534.0399780273438,536.6900024414062,1405200,585.1688232421875,141.0,1.0,1.0,3.0,3.0,0.0005689761509449117,0.0004462533232005024,,0,1.0,237.0
2024-11-14,537.3599853515625,544.3800048828125,537.1300048828125,537.7999877929688,1908300,581.4060668945312,139.0,1.0,1.0,3.0,3.0,0.0005917650940828714,0.00046496163028847333,,0,1.0,238.0
2024-11-15,533.2100219726562,536.97998046875,526.7100219726562,527.6099853515625,1447800,573.9591064453125,139.0,1.0,1.0,3.0,3.0,0.0005825644883353491,0.0005111543721702419,,1,1.0,239.0
2024-11-18,527.3599853515625,537.530029296875,526.6099853515625,531.6400146484375,1268000,576.310791015625,138.0,1.0,1.0,3.0,3.0,0.0005963274396208717,0.0005374816553790936,,0,1.0,240.0
2024-11-19,527.5700073242188,540.0800170898438,526.010009765625,538.8200073242188,1143200,578.4174194335938,137.0,1.0,1.0,3.0,3.0,0.0006009853268149839,0.0005653950204450344,,0,1.0,241.0
2024-11-20,538.780029296875,542.3699951171875,533.8300170898438,541.8200073242188,985400,578.6134033203125,135.0,1.0,1.0,3.0,3.0,0.0006227461093155439,0.0005689761509449117,,0,1.0,242.0
2024-11-21,544.8499755859375,551.780029296875,540.3599853515625,550.6199951171875,1396000,581.7196044921875,135.0,1.0,1.0,3.0,3.0,0.0006427001975788203,0.0005917650940828714,,0,1.0,243.0
2024-11-22,549.8400268554688,552.0,541.989990234375,547.8699951171875,1375400,583.5225830078125,133.0,1.0,1.0,3.0,3.0,0.0006614018371374131,0.0005825644883353491,,0,1.0,244.0
2024-11-25,548.8200073242188,549.3099975585938,533.5599975585938,536.5499877929688,2076800,585.5020141601562,134.0,1.0,1.0,3.0,3.0,0.0006364807331344558,0.0005963274396208717,,0,1.0,245.0
2024-11-26,542.0599975585938,545.0,537.280029296875,542.0999755859375,1152600,588.5592041015625,133.0,1.0,1.0,3.0,3.0,0.0006102221891273523,0.0006009853268149839,,0,1.0,246.0
2024-11-27,543.0800170898438,543.969970703125,538.22998046875,538.5499877929688,938400,586.7759399414062,131.0,1.0,1.0,3.0,3.0,0.0005872631271317087,0.0006227461093155439,,0,1.0,247.0
2024-11-29,539.0,543.1699829101562,536.030029296875,542.0,718600,590.4208984375,130.0,1.0,1.0,3.0,3.0,0.0006202079123816992,0.0006427001975788203,,0,1.0,248.0
2024-12-02,546.2999877929688,546.4500122070312,540.2000122070312,542.8499755859375,1005300,591.4791870117188,128.0,1.0,1.0,3.0,3.0,0.0005782682482473596,0.0006614018371374131,,0,1.0,249.0
2024-12-03,537.02001953125,541.989990234375,533.010009765625,541.7100219726562,1379300,591.7534790039062,126.0,1.0,1.0,3.0,3.0,0.0005280601838669418,0.0006364807331344558,,0,1.0,250.0
2024-12-04,542.010009765625,552.0800170898438,539.2000122070312,549.9500122070312,1350400,595.4281005859375,126.0,1.0,1.0,3.0,3.0,0.0004912111595850862,0.0006102221891273523,,0,1.0,251.0
2024-12-05,548.0,551.8099975585938,544.4299926757812,547.6500244140625,945200,594.4481201171875,124.0,1.0,1.0,3.0,3.0,0.0005075807041369803,0.0005872631271317087,,0,1.0,252.0
2024-12-06,548.2100219726562,556.22998046875,548.2100219726562,550.4099731445312,1026200,595.574951171875,122.0,1.0,1.0,3.0,3.0,0.0005370433382435734,0.0006202079123816992,,0,1.0,253.0
2024-12-09,552.3099975585938,553.5599975585938,532.1400146484375,538.8599853515625,1429200,592.5079956054688,124.0,1.0,1.0,3.0,3.0,0.000507605790030412,0.0005782682482473596,,0,1.0,254.0
2024-12-10,540.1599731445312,543.3300170898438,536.6799926757812,538.0900268554688,1048000,590.6658325195312,122.0,1.0,1.0,3.0,3.0,0.0004814426746382738,0.0005280601838669418,,0,1.0,255.0
2024-12-11,538.219970703125,548.530029296875,538.219970703125,543.5999755859375,999400,595.2321166992188,121.0,1.0,1.0,3.0,3.0,0.0004596206105349216,0.0004912111595850862,,0,1.0,256.0
2024-12-12,543.0999755859375,550.469970703125,541.3699951171875,544.719970703125,1213300,592.1651000976562,119.0,1.0,1.0,1.0,1.0,0.00048370575142570754,0.0005075807041369803,,0,1.0,257.0
2024-12-13,542.5900268554688,547.0999755859375,539.030029296875,539.5800170898438,1071400,592.0475463867188,118.0,1.0,4.0,1.0,2.0,0.000487721536813551,0.0005370433382435734,,0,2.0,258.0
2024-12-16,539.97998046875,547.9000244140625,539.1099853515625,541.989990234375,1534700,594.5755004882812,117.0,1.0,4.0,1.0,2.0,0.0004866390398295054,0.000507605790030412,,0,2.0,259.0
2024-12-17,539.5,546.010009765625,531.4199829101562,545.1599731445312,1475800,592.1258544921875,115.0,1.0,4.0,1.0,2.0,0.0004788444808308135,0.0004814426746382738,,0,2.0,260.0
2024-12-18,543.1199951171875,547.1900024414062,526.22998046875,526.469970703125,1488100,574.478515625,123.0,1.0,4.0,1.0,2.0,0.00042799575761286445,0.0004596206105349216,,0,2.0,261.0
2024-12-19,532.739990234375,536.5,523.4099731445312,523.9099731445312,2064500,574.302001953125,121.0,1.0,4.0,1.0,2.0,0.00038206786923166157,0.00048370575142570754,,0,2.0,262.0
2024-12-20,521.4500122070312,530.969970703125,516.1799926757812,524.4299926757812,3933900,581.2000122070312,120.0,1.0,4.0,1.0,2.0,0.00032066668757832847,0.000487721536813551,,0,2.0,263.0
2024-12-23,524.8800048828125,527.9400024414062,520.030029296875,527.219970703125,1069800,584.6803588867188,118.0,1.0,4.0,1.0,2.0,0.0003211497049064662,0.0004866390398295054,,0,2.0,264.0
2024-12-24,528.010009765625,537.3599853515625,527.260009765625,537.02001953125,629200,591.1791381835938,119.0,1.0,4.0,1.0,2.0,0.0003205893359236221,0.0004788444808308135,,0,2.0,265.0
2024-12-26,534.8599853515625,540.1300048828125,533.989990234375,538.8300170898438,765700,591.218505859375,117.0,1.0,4.0,1.0,2.0,0.0003346011894298486,0.00042799575761286445,,0,2.0,266.0
2024-12-27,536.010009765625,537.3400268554688,529.3099975585938,534.8800048828125,1013200,584.9949951171875,116.0,1.0,4.0,1.0,2.0,0.0003412161591863931,0.00038206786923166157,,0,2.0,267.0
2024-12-30,528.4299926757812,529.02001953125,520.5599975585938,526.9600219726562,899600,578.3192749023438,116.0,1.0,4.0,1.0,2.0,0.0003215004987296914,0.00032066668757832847,,1,2.0,268.0
2024-12-31,527.77001953125,529.8099975585938,520.010009765625,521.9600219726562,884000,576.2151489257812,115.0,1.0,4.0,1.0,2.0,0.0002987980844446853,0.0003211497049064662,,0,2.0,269.0
2025-01-02,521.1900024414062,528.8900146484375,520.9199829101562,524.030029296875,907700,574.799560546875,114.0,1.0,4.0,1.0,2.0,0.00028195283472914385,0.0003205893359236221,,0,2.0,270.0
2025-01-03,527.6099853515625,536.6500244140625,525.3499755859375,535.2899780273438,1250900,581.9865112304688,116.0,1.0,4.0,1.0,2.0,0.0003083311205685563,0.0003346011894298486,,0,2.0,271.0
2025-01-06,535.2899780273438,543.739990234375,532.1500244140625,542.3699951171875,1229200,585.3390502929688,115.0,1.0,4.0,1.0,2.0,0.0003448281121109826,0.0003412161591863931,,0,2.0,272.0
2025-01-07,547.6699829101562,550.0,530.4500122070312,531.8800048828125,1589500,578.7223510742188,117.0,1.0,4.0,1.0,2.0,0.0003658236039109526,0.0003215004987296914,,0,2.0,273.0
2025-01-08,533.3300170898438,547.469970703125,532.0,544.02001953125,1359300,579.5679321289062,119.0,1.0,4.0,1.0,2.0,0.00040485350322243247,0.0002987980844446853,,0,2.0,274.0
2025-01-10,540.5599975585938,550.1799926757812,537.1699829101562,547.469970703125,1732300,570.7193603515625,117.0,1.0,4.0,1.0,2.0,0.0003962178897769782,0.00028195283472914385,,0,2.0,275.0
2025-01-13,543.4000244140625,543.75,530.25,539.75,1461300,571.604248046875,117.0,1.0,4.0,1.0,2.0,0.00037215517590793345,0.0003083311205685563,,0,2.0,276.0
2025-01-14,539.280029296875,544.5499877929688,535.5900268554688,538.8800048828125,1355100,572.3908081054688,116.0,1.0,4.0,1.0,2.0,0.0003172167950317014,0.0003448281121109826,,0,2.0,277.0
2025-01-15,555.0499877929688,584.5999755859375,549.1699829101562,580.1099853515625,3553400,582.802490234375,152.0,1.0,1.0,4.0,5.0,0.000339591636783199,0.0003658236039109526,,0,2.0,278.0
2025-01-16,582.5999755859375,585.5,573.0,584.0800170898438,2119400,581.6817016601562,150.0,1.0,1.0,4.0,5.0,0.00041521811336551535,0.00040485350322243247,,0,2.0,279.0
2025-01-17,597.6799926757812,597.6799926757812,583.239990234375,592.6400146484375,2635200,587.521728515625,149.0,1.0,1.0,4.0,5.0,0.0004915397829130114,0.0003962178897769782,,0,2.0,280.0
2025-01-21,598.1099853515625,606.27001953125,593.8200073242188,604.1199951171875,1993500,592.8995971679688,149.0,1.0,1.0,4.0,5.0,0.0005353330841460993,0.00037215517590793345,,0,2.0,281.0
2025-01-22,608.030029296875,614.719970703125,602.4500122070312,610.4500122070312,2100600,596.2326049804688,147.0,1.0,1.0,4.0,5.0,0.0005832307964232759,0.0003172167950317014,,0,2.0,282.0
2025-01-23,612.0,616.0,602.0,608.6599731445312,2322200,599.48681640625,145.0,1.0,1.0,4.0,5.0,0.0006035851890901029,0.000339591636783199,,0,2.0,283.0
2025-01-24,581.9000244140625,591.9099731445312,573.3200073242188,584.0499877929688,4357700,597.73681640625,154.0,1.0,1.0,4.0,5.0,0.0005679823927695128,0.00041521811336551535,,1,2.0,284.0
2025-01-27,574.6799926757812,579.3400268554688,563.3499755859375,573.47998046875,2441600,589.2816162109375,154.0,1.0,1.0,4.0,5.0,0.0004891711282014631,0.0004915397829130114,,0,2.0,285.0
2025-01-28,566.5999755859375,584.47998046875,563.8499755859375,574.1400146484375,2332100,594.3449096679688,151.0,1.0,1.0,4.0,5.0,0.0004382853949886406,0.0005353330841460993,,0,2.0,286.0
2025-01-29,571.1099853515625,578.4099731445312,569.489990234375,572.7100219726562,1597900,591.6804809570312,149.0,1.0,1.0,4.0,5.0,0.00042278216418363085,0.0005832307964232759,,0,2.0,287.0
2025-01-30,581.239990234375,584.4199829101562,577.3499755859375,580.1799926757812,1986700,594.856201171875,148.0,1.0,1.0,4.0,5.0,0.00043882226065530047,0.0006035851890901029,,0,2.0,288.0
2025-01-31,576.739990234375,586.8900146484375,570.8599853515625,571.8800048828125,1826100,591.6903076171875,147.0,1.0,1.0,4.0,5.0,0.0004128968554779372,0.0005679823927695128,,0,2.0,289.0
2025-02-03,564.8699951171875,583.5800170898438,563.27001953125,578.5499877929688,1830800,587.70849609375,146.0,1.0,1.0,4.0,5.0,0.00040843955492476654,0.0004891711282014631,,0,2.0,290.0
2025-02-04,573.2100219726562,582.8499755859375,573.0800170898438,579.6500244140625,1416100,591.6510009765625,144.0,1.0,1.0,4.0,5.0,0.00040698738052669293,0.0004382853949886406,,0,2.0,291.0
2025-02-05,580.4600219726562,592.6400146484375,580.1599731445312,590.9000244140625,1521400,594.0498657226562,144.0,1.0,1.0,4.0,5.0,0.0004547914808962597,0.00042278216418363085,,0,2.0,292.0
2025-02-06,592.780029296875,592.8599853515625,585.4000244140625,588.5,1007800,596.1145629882812,142.0,1.0,1.0,4.0,5.0,0.0004890482741640089,0.00043882226065530047,,0,2.0,293.0
2025-02-07,590.5,594.0800170898438,582.1599731445312,582.97998046875,1061000,590.6580200195312,140.0,1.0,1.0,4.0,5.0,0.0004856528080624666,0.0004128968554779372,,0,2.0,294.0
2025-02-10,590.0,595.9600219726562,586.77001953125,595.7000122070312,1249000,594.6693115234375,141.0,1.0,1.0,4.0,5.0,0.0004744021414289303,0.00040843955492476654,,0,2.0,295.0
2025-02-11,591.22998046875,592.8300170898438,587.0,591.6500244140625,837100,595.1216430664062,140.0,1.0,1.0,4.0,5.0,0.0004567263157295313,0.00040698738052669293,,0,2.0,296.0
2025-02-12,586.489990234375,591.8200073242188,581.0499877929688,589.6099853515625,1115400,593.2044067382812,138.0,1.0,1.0,4.0,5.0,0.00045861134063972627,0.0004547914808962597,,0,2.0,297.0
2025-02-13,590.8599853515625,593.1699829101562,583.22998046875,591.3900146484375,1270400,599.4671630859375,136.0,1.0,1.0,4.0,5.0,0.0004608281103558251,0.0004890482741640089,,0,2.0,298.0
2025-02-14,593.1599731445312,599.260009765625,588.52001953125,595.5499877929688,1188800,599.4376831054688,134.0,1.0,1.0,4.0,5.0,0.00048544583559373324,0.0004856528080624666,,0,2.0,299.0
2025-02-18,595.4600219726562,601.5900268554688,586.6099853515625,600.8900146484375,1696000,601.1975708007812,133.0,1.0,1.0,4.0,5.0,0.0005234365660985611,0.0004744021414289303,,0,2.0,300.0
2025-02-19,601.3300170898438,609.0800170898438,596.469970703125,608.47998046875,1286300,602.61328125,132.0,1.0,1.0,4.0,5.0,0.0005592764991587011,0.0004567263157295313,,0,2.0,301.0
2025-02-20,607.1500244140625,608.1699829101562,597.77001953125,606.5700073242188,1328200,600.106201171875,130.0,1.0,1.0,3.0,3.0,0.000570042232119775,0.00045861134063972627,,0,1.0,302.0
2025-02-21,605.0900268554688,607.3499755859375,590.3699951171875,591.7899780273438,1675100,589.8419799804688,132.0,1.0,1.0,3.0,3.0,0.0005497043126042666,0.0004608281103558251,,0,1.0,303.0
2025-02-24,594.469970703125,600.5800170898438,590.6599731445312,591.010009765625,1441500,587.157958984375,130.0,1.0,1.0,3.0,3.0,0.0005014677731354698,0.00048544583559373324,,0,1.0,304.0
2025-02-25,583.7000122070312,584.8800048828125,556.2000122070312,573.739990234375,2549500,584.2379150390625,135.0,1.0,1.0,3.0,3.0,0.0004191857376211171,0.0005234365660985611,,1,1.0,305.0
2025-02-26,570.8499755859375,586.739990234375,569.6400146484375,580.9299926757812,1098300,584.5328369140625,134.0,1.0,4.0,3.0,4.0,0.00038599018753182574,0.0005592764991587011,,0,2.0,306.0
2025-02-27,581.8300170898438,583.25,562.4000244140625,563.77001953125,1482900,575.2025756835938,138.0,1.0,4.0,3.0,4.0,0.0003393534994462919,0.000570042232119775,,0,2.0,307.0
2025-02-28,566.9500122070312,574.0,556.75,573.1500244140625,2401400,584.178955078125,138.0,1.0,4.0,3.0,4.0,0.0003263746168710679,0.0005497043126042666,,0,2.0,308.0
2025-03-03,573.780029296875,584.9000244140625,563.9600219726562,566.97998046875,1708300,573.9441528320312,136.0,1.0,4.0,3.0,4.0,0.00027175909023577865,0.0005014677731354698,,0,2.0,309.0
2025-03-04,563.6900024414062,565.7999877929688,545.5399780273438,557.9600219726562,2209300,567.150390625,136.0,1.0,4.0,3.0,4.0,0.0002198496311108778,0.0004191857376211171,,0,2.0,310.0
2025-03-05,554.1699829101562,569.0,554.1699829101562,568.02001953125,2039200,573.2460327148438,136.0,1.0,4.0,3.0,4.0,0.00018496088594852943,0.00038599018753182574,,0,2.0,311.0
2025-03-06,558.9500122070312,561.6900024414062,537.510009765625,538.5700073242188,2367200,563.0703125,153.0,1.0,4.0,3.0,4.0,0.00010115036558866942,0.0003393534994462919,,0,2.0,312.0
2025-03-07,533.1799926757812,534.239990234375,502.8399963378906,518.260009765625,3687900,566.2262573242188,159.0,1.0,4.0,4.0,6.0,1.704780344717761e-05,0.0003263746168710679,,1,2.0,313.0
2025-03-10,503.9100036621094,503.9100036621094,476.3699951171875,482.6099853515625,5517400,551.14453125,184.0,4.0,4.0,4.0,12.0,-9.714407773068263e-05,0.00027175909023577865,,0,4.0,1.0
2025-03-11,481.2300109863281,496.19000244140625,478.45001220703125,493.7200012207031,3223400,546.5628662109375,184.0,4.0,4.0,4.0,12.0,-0.00013680941706754204,0.0002198496311108778,,0,4.0,2.0
2025-03-12,511.05999755859375,519.510009765625,496.30999755859375,497.29998779296875,2558700,549.4632568359375,182.0,4.0,4.0,4.0,12.0,-0.00013647543078640202,0.00018496088594852943,,0,4.0,3.0
2025-03-13,498.7099914550781,500.760009765625,474.3699951171875,476.7799987792969,3645400,542.1386108398438,188.0,4.0,4.0,4.0,12.0,-0.0001322996695271201,0.00010115036558866942,,0,4.0,4.0
2025-03-14,482.69000244140625,492.2799987792969,476.57000732421875,484.44000244140625,4239200,553.3369750976562,187.0,4.0,4.0,4.0,12.0,-0.00014449828838386544,1.704780344717761e-05,,0,4.0,5.0
2025-03-17,480.0,495.82000732421875,474.8999938964844,488.79998779296875,3211500,557.60400390625,184.0,4.0,4.0,4.0,12.0,-0.00015616574825511961,-9.714407773068263e-05,,0,4.0,6.0
2025-03-18,487.3399963378906,488.54998779296875,478.4100036621094,483.95001220703125,1728800,551.5770263671875,182.0,4.0,4.0,4.0,12.0,-0.00015662252831144148,-0.00013680941706754204,,0,4.0,7.0
2025-03-19,486.0,496.2699890136719,482.79998779296875,492.05999755859375,2098400,557.5843505859375,181.0,4.0,4.0,4.0,12.0,-0.00014377131998592795,-0.00013647543078640202,,0,4.0,8.0
2025-03-20,490.3999938964844,500.2900085449219,490.2799987792969,491.80999755859375,2108800,555.9718627929688,178.0,4.0,4.0,4.0,12.0,-0.00014655609946069426,-0.0001322996695271201,,0,4.0,9.0
2025-03-21,483.1099853515625,492.75,477.2799987792969,492.489990234375,3377200,556.1552734375,175.0,4.0,4.0,4.0,12.0,-0.0001381124610662025,-0.00014449828838386544,,0,4.0,10.0
2025-03-24,504.739990234375,510.7799987792969,501.8399963378906,508.5799865722656,1905100,566.1151733398438,178.0,1.0,4.0,4.0,6.0,-0.00011314521070956216,-0.00015616574825511961,,0,2.0,11.0
2025-03-25,514.0,520.3900146484375,511.95001220703125,519.8099975585938,2527100,567.4760131835938,178.0,1.0,4.0,4.0,6.0,-8.529292445737072e-05,-0.00015662252831144148,,0,2.0,12.0
2025-03-26,520.8900146484375,520.8900146484375,506.69000244140625,509.0299987792969,1979500,560.7013549804688,178.0,1.0,4.0,4.0,6.0,-6.361504831332783e-05,-0.00014377131998592795,,0,2.0,13.0
2025-03-27,505.9800109863281,513.0499877929688,502.2900085449219,507.8999938964844,1472900,559.2123413085938,175.0,1.0,4.0,4.0,6.0,-7.464409331914246e-05,-0.00014655609946069426,,0,2.0,14.0
2025-03-28,505.05999755859375,505.19000244140625,488.57000732421875,491.8399963378906,1967300,547.9506225585938,178.0,4.0,4.0,4.0,12.0,-9.736346336781743e-05,-0.0001381124610662025,,0,4.0,15.0
2025-03-31,484.4599914550781,497.7699890136719,479.4800109863281,495.2699890136719,2289700,551.6289672851562,176.0,4.0,4.0,4.0,12.0,-0.00011344641665650401,-0.00011314521070956216,,0,4.0,16.0
2025-04-01,492.260009765625,497.29998779296875,486.239990234375,496.3599853515625,1609800,553.1869506835938,173.0,4.0,4.0,4.0,12.0,-0.00011841814419301644,-8.529292445737072e-05,,0,4.0,17.0
2025-04-02,488.6000061035156,508.6199951171875,486.42999267578125,507.04998779296875,1432200,556.687744140625,173.0,4.0,4.0,4.0,12.0,-0.000107790833101917,-6.361504831332783e-05,,0,4.0,18.0
2025-04-03,487.5799865722656,504.0899963378906,484.8800048828125,494.6099853515625,2729000,529.2537231445312,174.0,4.0,4.0,4.0,12.0,-0.0001209708200959865,-7.464409331914246e-05,,0,4.0,19.0
2025-04-04,476.8399963378906,480.55999755859375,451.0199890136719,451.5799865722656,4108600,498.2696838378906,211.0,4.0,4.0,4.0,12.0,-0.00016857648938225491,-9.736346336781743e-05,,1,4.0,20.0
2025-04-07,430.9700012207031,479.8900146484375,425.0,463.6199951171875,4125800,497.3821716308594,211.0,4.0,4.0,4.0,12.0,-0.0002067963627888546,-0.00011344641665650401,,0,4.0,21.0
2025-04-08,479.5799865722656,488.4700012207031,450.9100036621094,457.6300048828125,3157700,489.5917663574219,209.0,4.0,4.0,4.0,12.0,-0.00022658182379382212,-0.00011841814419301644,,0,4.0,22.0
2025-04-09,450.0,529.1900024414062,442.8999938964844,522.9500122070312,6038200,541.0084228515625,274.0,1.0,1.0,4.0,5.0,-0.00014401175550806292,-0.000107790833101917,,0,2.0,23.0
2025-04-10,509.0,510.6000061035156,472.0199890136719,489.5199890136719,4056200,517.3018798828125,285.0,4.0,1.0,4.0,11.0,-9.425175553428874e-05,-0.0001209708200959865,,0,2.0,24.0
2025-04-11,489.2699890136719,496.6099853515625,480.2900085449219,493.6000061035156,2843700,526.531982421875,281.0,4.0,1.0,4.0,11.0,-3.679045608632404e-05,-0.00016857648938225491,,0,2.0,25.0
2025-04-14,502.2699890136719,506.1400146484375,487.20001220703125,490.1300048828125,1518100,531.64013671875,277.0,4.0,1.0,4.0,11.0,-8.207709794273359e-05,-0.0002067963627888546,,0,2.0,26.0
2025-04-15,487.4599914550781,494.6400146484375,483.69000244140625,488.2699890136719,1733400,530.151123046875,273.0,4.0,1.0,4.0,11.0,-0.00010339912210335472,-0.00022658182379382212,,0,2.0,27.0
2025-04-16,483.8999938964844,492.0400085449219,477.6199951171875,481.3399963378906,1990500,518.366943359375,270.0,4.0,1.0,4.0,11.0,-0.00013587633948064805,-0.00014401175550806292,,0,2.0,28.0
2025-04-17,484.8500061035156,489.25,481.3900146484375,482.739990234375,1625900,519.1064453125,266.0,4.0,1.0,4.0,11.0,-0.00012747315929967953,-9.425175553428874e-05,,0,2.0,29.0
2025-04-21,475.94000244140625,478.8999938964844,463.04998779296875,468.32000732421875,2648500,506.7503356933594,265.0,4.0,1.0,4.0,11.0,-0.000126049841767973,-3.679045608632404e-05,,1,2.0,30.0
2025-04-22,475.5299987792969,482.5899963378906,464.7099914550781,478.739990234375,3114400,519.9349365234375,263.0,4.0,1.0,4.0,11.0,-8.889556618640029e-05,-8.207709794273359e-05,,0,2.0,31.0
2025-04-23,500.0,517.3099975585938,485.0899963378906,487.92999267578125,3770000,527.9915161132812,260.0,4.0,1.0,4.0,11.0,-6.446520561272406e-05,-0.00010339912210335472,,0,2.0,32.0
2025-04-24,490.82000732421875,511.760009765625,489.42999267578125,508.1300048828125,2287100,539.1051635742188,262.0,4.0,1.0,4.0,11.0,-1.9537011759400673e-05,-0.00013587633948064805,,0,2.0,33.0
2025-04-25,513.1799926757812,515.3599853515625,505.75,514.5900268554688,2016000,543.0003662109375,259.0,1.0,1.0,4.0,5.0,2.006025502516071e-05,-0.00012747315929967953,,0,2.0,34.0
2025-04-28,515.9099731445312,518.4000244140625,508.1700134277344,514.010009765625,1388100,543.2074584960938,255.0,1.0,1.0,4.0,5.0,5.820622064022774e-05,-0.000126049841767973,,0,2.0,35.0
2025-04-29,512.9000244140625,516.780029296875,507.510009765625,514.8900146484375,1321500,546.6293334960938,251.0,1.0,1.0,4.0,5.0,7.654946197649913e-05,-8.889556618640029e-05,,0,2.0,36.0
2025-04-30,509.989990234375,517.5999755859375,501.6700134277344,515.7999877929688,1652200,546.84619140625,247.0,1.0,1.0,4.0,5.0,7.810621873383213e-05,-6.446520561272406e-05,,0,2.0,37.0
2025-05-01,518.1199951171875,524.4400024414062,512.6699829101562,517.1799926757812,1673400,550.7216796875,244.0,4.0,1.0,4.0,11.0,7.131743981216154e-05,-1.9537011759400673e-05,,0,2.0,38.0
2025-05-02,526.739990234375,535.5999755859375,525.02001953125,529.4199829101562,1440600,558.8966674804688,242.0,1.0,1.0,4.0,5.0,8.38303199993287e-05,2.006025502516071e-05,,0,2.0,39.0
2025-05-05,528.3200073242188,536.0599975585938,522.9500122070312,531.8200073242188,1376000,555.6918334960938,239.0,1.0,1.0,4.0,5.0,8.9033944887271e-05,5.820622064022774e-05,,0,2.0,40.0
2025-05-06,526.1599731445312,533.5599975585938,523.5900268554688,530.4600219726562,1128100,551.0471801757812,235.0,1.0,1.0,4.0,5.0,8.215945949652244e-05,7.654946197649913e-05,,0,2.0,41.0
2025-05-07,532.739990234375,539.0499877929688,528.8699951171875,536.1500244140625,1311400,553.3645629882812,232.0,1.0,1.0,4.0,5.0,6.0068761126167356e-05,7.810621873383213e-05,,0,2.0,42.0
2025-05-08,540.0,546.5599975585938,538.010009765625,538.1599731445312,1472800,557.2202758789062,229.0,1.0,1.0,4.0,5.0,4.9024200857696324e-05,7.131743981216154e-05,,0,2.0,43.0
2025-05-09,540.0,542.739990234375,532.9000244140625,536.510009765625,925600,556.51025390625,226.0,1.0,1.0,3.0,3.0,5.723823737600091e-05,8.38303199993287e-05,,0,1.0,1.0
2025-05-12,551.969970703125,561.6199951171875,547.6799926757812,561.4299926757812,2037100,574.9015502929688,231.0,1.0,1.0,3.0,3.0,0.00010625616918342367,8.9033944887271e-05,,0,1.0,2.0
2025-05-13,561.6699829101562,568.6900024414062,559.8800048828125,563.9500122070312,1529300,578.6982421875,227.0,1.0,1.0,3.0,3.0,0.00015435947292383534,8.215945949652244e-05,,0,1.0,3.0
2025-05-14,563.0,566.7999877929688,560.2899780273438,565.9400024414062,1409700,579.437744140625,224.0,1.0,1.0,3.0,3.0,0.00020387706075602007,6.0068761126167356e-05,,0,1.0,4.0
2025-05-15,559.3200073242188,564.0599975585938,549.5499877929688,560.280029296875,1794600,582.2678833007812,221.0,1.0,1.0,3.0,3.0,0.00019364183067484977,4.9024200857696324e-05,,0,1.0,5.0
2025-05-16,563.5800170898438,563.9400024414062,555.6199951171875,563.5999755859375,1422900,585.9559936523438,218.0,1.0,1.0,3.0,3.0,0.00018875418122314856,5.723823737600091e-05,,0,1.0,6.0
2025-05-19,554.3400268554688,562.6099853515625,553.9400024414062,561.6300048828125,1420400,586.596923828125,215.0,1.0,1.0,3.0,3.0,0.00021973471322203416,0.00010625616918342367,,0,1.0,7.0
2025-05-20,557.2899780273438,558.0,553.0,557.1599731445312,1234600,584.6246948242188,212.0,1.0,1.0,3.0,3.0,0.00025147731278175276,0.00015435947292383534,,0,1.0,8.0
2025-05-21,556.5599975585938,558.760009765625,545.530029296875,547.0700073242188,1507800,574.7733154296875,210.0,1.0,1.0,3.0,3.0,0.00026764184422665684,0.00020387706075602007,,0,1.0,9.0
2025-05-22,544.8099975585938,546.0399780273438,540.7899780273438,542.6699829101562,1129100,575.0001831054688,207.0,1.0,1.0,3.0,3.0,0.0001809232294377034,0.00019364183067484977,,0,1.0,10.0
2025-05-23,535.5,542.0700073242188,529.1500244140625,539.5399780273438,1138500,571.0753784179688,204.0,1.0,1.0,3.0,3.0,0.00013589953657347294,0.00018875418122314856,,0,1.0,11.0
2025-05-27,548.6599731445312,553.1599731445312,547.0900268554688,550.1900024414062,1244600,582.9483032226562,203.0,1.0,1.0,3.0,3.0,0.0001032334747088019,0.00021973471322203416,,0,1.0,12.0
2025-05-28,550.510009765625,556.1599731445312,549.4299926757812,552.4099731445312,1012100,579.5757446289062,200.0,1.0,1.0,3.0,3.0,0.00014300162274865543,0.00025147731278175276,,0,1.0,13.0
2025-05-29,556.469970703125,559.7999877929688,551.4000244140625,555.75,1139200,581.8635864257812,197.0,1.0,1.0,3.0,3.0,0.0001672451237030028,0.00026764184422665684,,0,1.0,14.0
2025-05-30,554.52001953125,555.0,545.72998046875,552.3400268554688,2091000,581.2127685546875,195.0,1.0,1.0,3.0,3.0,0.0001803053970594355,0.0001809232294377034,,0,1.0,15.0
2025-06-02,549.0599975585938,554.7000122070312,542.52001953125,553.2899780273438,1059400,584.4866943359375,192.0,1.0,1.0,3.0,3.0,0.00018964274541602072,0.00013589953657347294,,0,1.0,16.0
2025-06-03,550.6799926757812,555.1300048828125,548.02001953125,551.8499755859375,1714400,587.8197631835938,189.0,1.0,1.0,3.0,3.0,0.00020313827970544075,0.0001032334747088019,,0,1.0,17.0
2025-06-04,552.5800170898438,559.6900024414062,550.9299926757812,557.9500122070312,1147200,587.6619873046875,187.0,1.0,1.0,3.0,3.0,0.00022429648986250486,0.00014300162274865543,,0,1.0,18.0
2025-06-05,560.7000122070312,563.9400024414062,557.2100219726562,558.0599975585938,1243400,584.8218994140625,184.0,1.0,1.0,3.0,3.0,0.00023321068605223962,0.0001672451237030028,,0,1.0,19.0
2025-06-06,562.1799926757812,564.1500244140625,555.760009765625,557.0800170898438,1104200,590.8275146484375,181.0,1.0,1.0,3.0,3.0,0.00020681523164331266,0.0001803053970594355,,0,1.0,20.0
2025-06-09,531.5,531.5900268554688,498.1700134277344,526.1500244140625,4806200,591.3599853515625,195.0,1.0,4.0,3.0,4.0,0.0001264984226118783,0.00018964274541602072,,1,2.0,21.0
2025-06-10,525.8099975585938,531.9299926757812,520.2999877929688,529.5999755859375,2027600,594.7127685546875,192.0,1.0,4.0,3.0,4.0,6.42428172198318e-05,0.00020313827970544075,,0,2.0,22.0
2025-06-11,529.1400146484375,529.3400268554688,521.5,522.4099731445312,1676800,593.0166625976562,190.0,4.0,4.0,3.0,10.0,1.1213431040621257e-05,0.00022429648986250486,,0,4.0,1.0
2025-06-12,520.260009765625,522.0,511.760009765625,513.0,2392800,595.3734741210938,189.0,4.0,4.0,3.0,10.0,-8.247939764198222e-06,0.00023321068605223962,,0,4.0,2.0
2025-06-13,503.2900085449219,518.1699829101562,500.2900085449219,512.1799926757812,2183000,588.7171020507812,186.0,4.0,4.0,3.0,10.0,-2.592137515183108e-05,0.00020681523164331266,,0,4.0,3.0
2025-06-16,514.0,523.530029296875,514.0,519.0399780273438,1514600,594.318359375,184.0,4.0,4.0,3.0,10.0,-2.4205836649809165e-05,0.0001264984226118783,,0,4.0,4.0
2025-06-17,515.8099975585938,517.719970703125,508.989990234375,512.1099853515625,1506000,589.2398681640625,183.0,4.0,4.0,3.0,10.0,-2.0355073120019646e-05,6.42428172198318e-05,,0,4.0,5.0
2025-06-18,512.1099853515625,513.9600219726562,506.5400085449219,509.489990234375,1173800,589.1510620117188,180.0,4.0,4.0,3.0,10.0,-3.5211222720987736e-05,1.1213431040621257e-05,,0,4.0,6.0
2025-06-20,514.7000122070312,515.010009765625,508.760009765625,509.3599853515625,2829900,587.7673950195312,177.0,4.0,4.0,3.0,10.0,-6.69086563239517e-05,-8.247939764198222e-06,,0,4.0,7.0
2025-06-23,508.0,515.3599853515625,503.17999267578125,515.0900268554688,1218500,593.5730590820312,175.0,4.0,4.0,3.0,10.0,-8.07868632249383e-05,-2.592137515183108e-05,,0,4.0,8.0
2025-06-24,518.7999877929688,523.969970703125,510.7799987792969,523.0800170898438,1593600,600.13037109375,174.0,1.0,4.0,3.0,4.0,-7.083506433962606e-05,-2.4205836649809165e-05,,0,2.0,9.0
2025-06-25,524.2999877929688,528.1400146484375,521.260009765625,521.6300048828125,1178000,600.4666748046875,172.0,1.0,4.0,3.0,4.0,-5.617488740617581e-05,-2.0355073120019646e-05,,0,2.0,10.0
2025-06-26,527.010009765625,539.6300048828125,525.8400268554688,534.1900024414062,1966300,605.1646118164062,172.0,1.0,4.0,3.0,4.0,-2.7236851217709347e-05,-3.5211222720987736e-05,,0,2.0,11.0
2025-06-27,536.8699951171875,544.239990234375,533.0900268554688,533.7100219726562,2016500,608.1712646484375,170.0,1.0,4.0,1.0,2.0,-1.613890771546901e-05,-6.69086563239517e-05,,0,2.0,12.0
2025-06-30,534.4199829101562,544.5,534.4199829101562,543.4099731445312,1584100,611.0790405273438,169.0,1.0,1.0,1.0,1.0,7.665205455096079e-06,-8.07868632249383e-05,,0,1.0,1.0
2025-07-01,542.5800170898438,545.8099975585938,531.6699829101562,537.989990234375,1649300,610.8812866210938,167.0,1.0,1.0,1.0,1.0,-1.5864078882747694e-06,-7.083506433962606e-05,,0,1.0,2.0
2025-07-02,535.3400268554688,550.7000122070312,535.3400268554688,540.5999755859375,1487500,613.650634765625,164.0,1.0,1.0,1.0,1.0,1.690714817945003e-05,-5.617488740617581e-05,,0,1.0,3.0
2025-07-03,543.9299926757812,547.0,542.3900146484375,544.469970703125,704800,618.4869995117188,162.0,1.0,1.0,1.0,1.0,2.219694764074792e-05,-2.7236851217709347e-05,,0,1.0,4.0
2025-07-07,543.22998046875,544.8800048828125,532.8800048828125,534.7100219726562,1191600,613.8781127929688,162.0,1.0,1.0,1.0,1.0,2.7524069015048653e-05,-1.613890771546901e-05,,0,1.0,5.0
2025-07-08,534.0,539.5900268554688,525.6699829101562,527.2999877929688,1608700,613.5418090820312,161.0,1.0,1.0,1.0,1.0,-8.1515941444323e-06,7.665205455096079e-06,,0,1.0,6.0
2025-07-09,529.8200073242188,530.7100219726562,523.1599731445312,528.1300048828125,1380900,617.2210693359375,158.0,1.0,1.0,1.0,1.0,-3.0091229685177772e-05,-1.5864078882747694e-06,,0,1.0,7.0
2025-07-10,527.0999755859375,528.5499877929688,520.25,526.0499877929688,1424600,618.9617919921875,156.0,1.0,1.0,1.0,1.0,-8.133712393936167e-05,1.690714817945003e-05,,0,1.0,8.0
2025-07-11,522.8699951171875,522.8699951171875,508.1300048828125,512.0599975585938,2951300,616.7858276367188,158.0,4.0,4.0,1.0,8.0,-0.00014132938826851534,2.219694764074792e-05,,0,4.0,1.0
2025-07-14,509.8800048828125,522.0999755859375,509.8800048828125,516.4400024414062,2082700,617.9628295898438,156.0,4.0,4.0,1.0,8.0,-0.00021029526736454784,2.7524069015048653e-05,,0,4.0,2.0
2025-07-15,519.2100219726562,521.280029296875,510.8399963378906,512.22998046875,1674300,615.3221435546875,154.0,4.0,4.0,1.0,8.0,-0.0002482955740824556,-8.1515941444323e-06,,0,4.0,3.0
2025-07-16,512.510009765625,515.1400146484375,506.2099914550781,512.6400146484375,1863700,617.3792724609375,152.0,4.0,4.0,1.0,8.0,-0.00026818579339790374,-3.0091229685177772e-05,,0,4.0,4.0
2025-07-17,510.8299865722656,517.6699829101562,509.25,516.1599731445312,2003500,621.1573486328125,150.0,4.0,4.0,1.0,8.0,-0.00027545971948744985,-8.133712393936167e-05,,0,4.0,5.0
2025-07-18,520.2100219726562,520.9600219726562,513.27001953125,518.6199951171875,1904100,620.7025146484375,148.0,4.0,4.0,1.0,8.0,-0.00025533571480454713,-0.00014132938826851534,,0,4.0,6.0
2025-07-21,518.1799926757812,523.0900268554688,514.9600219726562,516.1199951171875,1639700,621.8793334960938,146.0,4.0,4.0,1.0,8.0,-0.0002297417661125809,-0.00021029526736454784,,0,4.0,7.0
2025-07-22,516.0499877929688,519.8300170898438,508.2699890136719,511.0,2416700,621.9683837890625,144.0,4.0,4.0,1.0,8.0,-0.00022655792608563334,-0.0002482955740824556,,0,4.0,8.0
2025-07-23,522.5,530.3499755859375,491.8599853515625,501.95001220703125,4659900,627.259765625,144.0,4.0,4.0,1.0,8.0,-0.00022875472423489586,-0.00026818579339790374,,0,4.0,9.0
2025-07-24,503.5199890136719,505.739990234375,486.5400085449219,488.6099853515625,2608000,627.4674682617188,147.0,4.0,4.0,1.0,8.0,-0.00026049231698725277,-0.00027545971948744985,,0,4.0,10.0
2025-07-25,492.4800109863281,497.5,490.760009765625,495.8599853515625,1871100,630.1181030273438,146.0,4.0,4.0,1.0,8.0,-0.00025833019895975137,-0.00025533571480454713,,0,4.0,11.0
2025-07-28,498.0,502.80999755859375,493.2200012207031,493.95001220703125,2473700,629.9598388671875,144.0,4.0,4.0,1.0,8.0,-0.0002674382945251495,-0.0002297417661125809,,0,4.0,12.0
2025-07-29,497.25,502.4200134277344,496.1700134277344,496.8699951171875,1831100,628.29833984375,142.0,4.0,4.0,1.0,8.0,-0.00024341732865919857,-0.00022655792608563334,,0,4.0,13.0
2025-07-30,497.7099914550781,503.2200012207031,496.95001220703125,500.510009765625,1758800,627.5070190429688,140.0,4.0,4.0,1.0,8.0,-0.0002484853650087212,-0.00022875472423489586,,0,4.0,14.0
2025-07-31,497.239990234375,498.9700012207031,479.6000061035156,481.0899963378906,2602200,625.153076171875,148.0,4.0,4.0,1.0,8.0,-0.00027513698090804044,-0.00026049231698725277,,0,4.0,15.0
2025-08-01,475.4599914550781,486.05999755859375,473.239990234375,483.1199951171875,2982900,614.9066162109375,146.0,4.0,4.0,1.0,8.0,-0.00029950282864092096,-0.00025833019895975137,,0,4.0,16.0
2025-08-04,486.75,490.0,478.82000732421875,483.3599853515625,2493500,624.2530517578125,144.0,4.0,4.0,1.0,8.0,-0.0003275507288075646,-0.0002674382945251495,,0,4.0,17.0
2025-08-05,483.2200012207031,486.510009765625,476.75,477.0,2610100,621.088134765625,143.0,4.0,4.0,1.0,8.0,-0.0003461283034676573,-0.00024341732865919857,,0,4.0,18.0
2025-08-06,477.0400085449219,480.989990234375,473.260009765625,474.05999755859375,2191700,625.8455200195312,141.0,4.0,4.0,1.0,8.0,-0.000381525140259176,-0.0002484853650087212,,0,4.0,19.0
2025-08-07,478.4200134277344,479.1300048828125,463.8999938964844,469.80999755859375,1777900,625.3212890625,140.0,4.0,4.0,1.0,8.0,-0.00040785360735726665,-0.00027513698090804044,,0,4.0,20.0
2025-08-08,470.739990234375,474.0799865722656,469.1099853515625,470.0799865722656,1446200,630.1972045898438,138.0,4.0,4.0,1.0,8.0,-0.00043629709353107545,-0.00029950282864092096,,0,4.0,21.0
2025-08-11,468.1600036621094,475.8299865722656,468.04998779296875,471.8500061035156,1418200,628.9509887695312,136.0,4.0,4.0,1.0,8.0,-0.00045505990616955157,-0.0003275507288075646,,0,4.0,22.0
2025-08-12,473.57000732421875,479.4599914550781,473.0,478.19000244140625,1529500,635.6468505859375,135.0,4.0,4.0,1.0,8.0,-0.0004777916516688771,-0.0003461283034676573,,0,4.0,23.0
2025-08-13,481.6300048828125,482.69000244140625,474.9100036621094,482.3500061035156,1740200,637.82275390625,133.0,4.0,4.0,1.0,8.0,-0.0004710529750403507,-0.000381525140259176,,0,4.0,24.0
2025-08-14,482.5,483.6000061035156,473.7900085449219,477.0799865722656,1894900,637.882080078125,132.0,4.0,4.0,1.0,8.0,-0.00044712145108903156,-0.00040785360735726665,,0,4.0,25.0
2025-08-15,480.0199890136719,482.0400085449219,476.5,480.260009765625,1436500,636.388671875,131.0,4.0,4.0,1.0,8.0,-0.0004218766132953302,-0.00043629709353107545,,0,4.0,26.0
2025-08-18,480.8399963378906,487.20001220703125,479.6600036621094,481.2799987792969,1640700,636.2501831054688,129.0,4.0,4.0,1.0,8.0,-0.00039135280961692084,-0.00045505990616955157,,0,4.0,27.0
2025-08-19,480.989990234375,485.5299987792969,476.79998779296875,479.20001220703125,1884900,632.7984008789062,127.0,4.0,4.0,1.0,8.0,-0.0004004095790138582,-0.0004777916516688771,,0,4.0,28.0
2025-08-20,479.3900146484375,483.6400146484375,478.0799865722656,480.45001220703125,1409300,631.1170043945312,125.0,4.0,4.0,1.0,8.0,-0.0003850937698961685,-0.0004710529750403507,,0,4.0,29.0
2025-08-21,478.2200012207031,479.32000732421875,461.25,469.8800048828125,2465300,628.5851440429688,127.0,4.0,4.0,1.0,8.0,-0.00041436449009024445,-0.00044712145108903156,-1.0,0,4.0,30.0
2025-08-22,473.0,478.9700012207031,469.8500061035156,476.1600036621094,2023900,638.2380981445312,126.0,4.0,4.0,1.0,8.0,-0.0003884524877852233,-0.0004218766132953302,-1.0,0,4.0,31.0
2025-08-25,475.25,477.8699951171875,467.79998779296875,468.44000244140625,1662300,635.4293212890625,126.0,4.0,4.0,1.0,8.0,-0.0003938707284316359,-0.00039135280961692084,-1.0,0,4.0,32.0
2025-08-26,468.6400146484375,474.5899963378906,464.79998779296875,474.260009765625,2931100,638.0897216796875,126.0,4.0,4.0,1.0,8.0,-0.00036562099073306946,-0.0004004095790138582,-1.0,0,4.0,33.0
2025-08-27,471.3500061035156,475.6000061035156,470.1300048828125,471.1499938964844,1618700,639.543701171875,124.0,4.0,4.0,1.0,8.0,-0.0003519865285613222,-0.0003850937698961685,-1.0,0,4.0,34.0
2025-08-28,470.8599853515625,474.239990234375,468.0,473.8399963378906,1548900,641.80859375,123.0,4.0,4.0,1.0,8.0,-0.00030273252050624894,-0.00041436449009024445,-1.0,0,4.0,35.0
2025-08-29,474.2300109863281,475.3999938964844,468.7799987792969,473.29998779296875,1654200,637.9810180664062,121.0,4.0,4.0,1.0,8.0,-0.00023156174833972054,-0.0003884524877852233,-1.0,0,4.0,36.0
2025-09-02,470.55999755859375,472.57000732421875,464.75,469.07000732421875,2230400,633.2533569335938,120.0,4.0,4.0,1.0,8.0,-0.00019758275211015892,-0.0003938707284316359,-1.0,0,4.0,37.0
2025-09-03,470.1099853515625,471.0,434.79998779296875,441.17999267578125,5051700,636.6853637695312,144.0,4.0,4.0,4.0,12.0,-0.0002282225803880466,-0.00036562099073306946,-1.0,0,4.0,38.0
2025-09-04,440.69000244140625,455.2799987792969,437.4100036621094,454.5199890136719,3939600,642.0064086914062,148.0,4.0,4.0,4.0,12.0,-0.0002398385031150167,-0.0003519865285613222,-1.0,0,4.0,39.0
2025-09-05,454.8299865722656,467.989990234375,454.7799987792969,466.8599853515625,2623800,640.14697265625,150.0,4.0,4.0,4.0,12.0,-0.0002034898212755344,-0.00030273252050624894,1.0,0,4.0,40.0
2025-09-08,466.70001220703125,470.2799987792969,462.6199951171875,470.0,1936500,641.7196044921875,148.0,4.0,4.0,4.0,12.0,-0.00013261754154982332,-0.00023156174833972054,1.0,0,4.0,41.0
2025-09-09,470.0,472.69000244140625,464.3599853515625,467.5400085449219,1489400,643.2031860351562,146.0,4.0,4.0,4.0,12.0,-0.00011082495416011075,-0.00019758275211015892,-1.0,0,4.0,42.0
2025-09-10,467.989990234375,468.0400085449219,446.5299987792969,449.9800109863281,2560300,645.0625610351562,153.0,4.0,4.0,4.0,12.0,-0.00015469984093300507,-0.0002282225803880466,-1.0,0,4.0,43.0
2025-09-11,451.1600036621094,463.04998779296875,449.75,455.8500061035156,2182300,650.4231567382812,152.0,4.0,4.0,4.0,12.0,-0.00018443312941458868,-0.0002398385031150167,-1.0,0,4.0,44.0
2025-09-12,453.19000244140625,454.1499938964844,448.1499938964844,449.67999267578125,2219100,650.2055053710938,151.0,4.0,4.0,4.0,12.0,-0.000211719278517413,-0.0002034898212755344,-1.0,0,4.0,45.0
2025-09-15,449.2900085449219,450.5799865722656,433.0199890136719,433.989990234375,3474800,653.6671142578125,156.0,4.0,4.0,4.0,12.0,-0.00024203039637632124,-0.00013261754154982332,-1.0,0,4.0,46.0
2025-09-16,433.6499938964844,437.1700134277344,429.7200012207031,434.5,2940500,652.7671508789062,154.0,4.0,4.0,4.0,12.0,-0.0002906812642456361,-0.00011082495416011075,-1.0,0,4.0,47.0
2025-09-17,434.6000061035156,438.7900085449219,430.5899963378906,433.6600036621094,1638200,651.9561157226562,152.0,4.0,4.0,4.0,12.0,-0.00033102043531955315,-0.00015469984093300507,-1.0,0,4.0,48.0
2025-09-18,435.0,436.3299865722656,429.79998779296875,435.8299865722656,1980600,655.0023803710938,150.0,4.0,4.0,4.0,12.0,-0.0003228999957288857,-0.00018443312941458868,-1.0,0,4.0,49.0
2025-09-19,439.4599914550781,440.5,434.739990234375,438.7200012207031,3780700,658.2465209960938,148.0,4.0,4.0,4.0,12.0,-0.00027782667277218644,-0.000211719278517413,-1.0,0,4.0,50.0
2025-09-22,438.1199951171875,447.1300048828125,433.80999755859375,444.54998779296875,2653100,661.3607177734375,147.0,4.0,4.0,4.0,12.0,-0.0002367204475255408,-0.00024203039637632124,-1.0,0,4.0,51.0
2025-09-23,444.75,450.989990234375,443.1700134277344,447.75,2241500,657.7605590820312,145.0,4.0,4.0,4.0,12.0,-0.00019928529935653216,-0.0002906812642456361,1.0,0,4.0,52.0
2025-09-24,450.94000244140625,451.3399963378906,443.54998779296875,443.989990234375,2437200,655.6678466796875,143.0,4.0,4.0,4.0,12.0,-0.0002144539346419171,-0.00033102043531955315,-1.0,0,4.0,53.0
2025-09-25,440.3900146484375,442.1700134277344,433.42999267578125,438.1199951171875,3129000,652.6429443359375,142.0,4.0,4.0,4.0,12.0,-0.0002402262122847895,-0.0003228999957288857,-1.0,1,4.0,54.0
2025-09-26,441.42999267578125,443.4599914550781,438.5,441.1199951171875,1940500,656.3818969726562,140.0,4.0,4.0,4.0,12.0,-0.00020775838614008039,-0.00027782667277218644,-1.0,0,4.0,55.0
2025-09-29,442.05999755859375,443.260009765625,437.7699890136719,439.2200012207031,3024400,658.2266845703125,138.0,4.0,4.0,4.0,12.0,-0.00017309433932992887,-0.0002367204475255408,-1.0,0,4.0,56.0
2025-09-30,439.0,448.19000244140625,438.0,447.2300109863281,2134200,660.7060546875,138.0,4.0,4.0,4.0,12.0,-0.00011571767831061779,-0.00019928529935653216,1.0,0,4.0,57.0
2025-10-01,447.0,448.30999755859375,430.3399963378906,438.0400085449219,2502300,662.9574584960938,139.0,4.0,4.0,4.0,12.0,-0.00020783672820412212,-0.0002144539346419171,-1.0,0,4.0,58.0
2025-10-02,437.1199951171875,443.3599853515625,433.0,443.010009765625,1910800,663.7210693359375,138.0,4.0,4.0,4.0,12.0,-0.00023452550363383185,-0.0002402262122847895,-1.0,0,4.0,59.0
2025-10-03,443.8500061035156,456.5899963378906,443.489990234375,452.3500061035156,2197700,663.7113037109375,139.0,4.0,4.0,4.0,12.0,-0.00025445393121517964,-0.00020775838614008039,1.0,0,4.0,60.0
2025-10-06,459.7099914550781,460.29998779296875,449.0799865722656,449.69000244140625,2478900,666.0914916992188,137.0,4.0,4.0,4.0,12.0,-0.00019474348512976374,-0.00017309433932992887,1.0,0,4.0,61.0
2025-10-07,449.239990234375,451.0,439.4700012207031,440.94000244140625,1917500,663.6220092773438,138.0,4.0,4.0,4.0,12.0,-0.0001840117959788674,-0.00011571767831061779,-1.0,0,4.0,62.0
2025-10-08,442.30999755859375,450.5299987792969,439.4200134277344,448.0899963378906,1767300,667.5791625976562,137.0,4.0,4.0,4.0,12.0,-0.00018429081498830225,-0.00020783672820412212,-1.0,0,4.0,63.0
2025-10-09,447.760009765625,450.2900085449219,443.260009765625,443.760009765625,1583800,665.6452026367188,136.0,4.0,4.0,4.0,12.0,-0.00018340400405667022,-0.00023452550363383185,-1.0,0,4.0,64.0
2025-10-10,444.05999755859375,446.989990234375,429.25,429.5899963378906,2773400,647.6542358398438,141.0,4.0,4.0,4.0,12.0,-0.0001876982166826291,-0.00025445393121517964,-1.0,0,4.0,65.0
2025-10-13,432.42999267578125,438.1000061035156,430.0,435.7300109863281,1863200,657.5919189453125,140.0,4.0,4.0,4.0,12.0,-0.00020635374065141395,-0.00019474348512976374,-1.0,0,4.0,66.0
2025-10-14,430.29998779296875,439.2099914550781,427.8399963378906,436.3900146484375,2085700,656.78857421875,138.0,4.0,4.0,4.0,12.0,-0.00022353510884796747,-0.0001840117959788674,-1.0,0,4.0,67.0
2025-10-15,437.0,440.82000732421875,432.7799987792969,435.6099853515625,1910700,659.7044067382812,136.0,4.0,4.0,4.0,12.0,-0.00022289423851604303,-0.00018429081498830225,-1.0,0,4.0,68.0
2025-10-16,438.4700012207031,439.489990234375,433.80999755859375,434.6199951171875,1966400,655.211669921875,134.0,4.0,4.0,4.0,12.0,-0.00025318635718838274,-0.00018340400405667022,-1.0,0,4.0,69.0
2025-10-17,437.1700134277344,449.0899963378906,434.57000732421875,446.1300048828125,2209200,658.9308471679688,137.0,4.0,4.0,4.0,12.0,-0.0002627422165565663,-0.0001876982166826291,1.0,0,4.0,70.0
2025-10-20,452.5,461.8299865722656,451.3500061035156,458.4700012207031,3410000,665.7840576171875,140.0,4.0,1.0,4.0,11.0,-0.0002555060086189762,-0.00020635374065141395,1.0,0,2.0,71.0
2025-10-21,459.4700012207031,466.9800109863281,456.30999755859375,462.739990234375,4779600,665.7741088867188,139.0,4.0,1.0,4.0,11.0,-0.0002091296931707655,-0.00022353510884796747,1.0,0,2.0,72.0
2025-10-22,543.0,549.8499755859375,522.1699829101562,527.030029296875,8347500,662.312744140625,224.0,4.0,1.0,4.0,11.0,-5.928735572710542e-05,-0.00022289423851604303,1.0,0,2.0,73.0
2025-10-23,525.3699951171875,552.5,525.0800170898438,551.2999877929688,4011300,666.2402954101562,229.0,1.0,1.0,4.0,5.0,8.599442827141803e-05,-0.00025318635718838274,1.0,0,1.0,1.0
2025-10-24,547.6300048828125,552.4500122070312,541.4600219726562,546.510009765625,2692300,671.6851806640625,226.0,1.0,1.0,4.0,5.0,0.00022087876587538363,-0.0002627422165565663,1.0,0,1.0,2.0
2025-10-27,544.75,551.6300048828125,538.75,551.25,2135500,679.6094970703125,223.0,1.0,1.0,4.0,5.0,0.00026267253395714096,-0.0002555060086189762,1.0,0,1.0,3.0
2025-10-28,546.6199951171875,552.2000122070312,539.0,545.3900146484375,1586400,681.41455078125,220.0,1.0,1.0,4.0,5.0,0.00027626823030613037,-0.0002091296931707655,1.0,0,1.0,4.0
2025-10-29,543.0,544.9500122070312,534.4500122070312,537.5900268554688,1721800,681.7418212890625,217.0,1.0,1.0,4.0,5.0,0.0002807424364037863,-5.928735572710542e-05,1.0,0,1.0,5.0
2025-10-30,534.3699951171875,538.0,529.3099975585938,530.02001953125,1777000,674.2440185546875,215.0,1.0,1.0,4.0,5.0,0.0002490856647456761,8.599442827141803e-05,1.0,0,1.0,6.0
2025-10-31,528.6300048828125,538.1400146484375,526.2000122070312,534.280029296875,1757600,676.4556884765625,212.0,1.0,1.0,4.0,5.0,0.00021830095184757216,0.00022087876587538363,1.0,0,1.0,7.0
2025-11-03,532.0599975585938,544.8400268554688,527.5999755859375,544.2100219726562,2075000,677.7251586914062,210.0,1.0,1.0,4.0,5.0,0.00020509222391134707,0.00026267253395714096,1.0,0,1.0,8.0
2025-11-04,545.0900268554688,546.0,535.4000244140625,538.8200073242188,1780200,669.691650390625,208.0,1.0,1.0,4.0,5.0,0.00019150151891104693,0.00027626823030613037,1.0,0,1.0,9.0
2025-11-05,538.0,552.0,536.1500244140625,548.5499877929688,2863400,672.012451171875,206.0,1.0,1.0,4.0,5.0,0.00020954936946992323,0.0002807424364037863,1.0,0,1.0,10.0
2025-11-06,547.030029296875,548.5499877929688,538.0700073242188,547.780029296875,2052500,664.80224609375,203.0,1.0,1.0,4.0,5.0,0.00022470232442941792,0.0002490856647456761,1.0,0,1.0,11.0
2025-11-07,543.239990234375,562.6500244140625,541.739990234375,560.0,2712200,665.4567260742188,202.0,1.0,1.0,4.0,5.0,0.00026796593684374906,0.00021830095184757216,1.0,0,1.0,12.0
2025-11-10,560.0,578.2999877929688,560.0,576.2000122070312,3070200,675.8406982421875,203.0,1.0,1.0,4.0,5.0,0.0003178379802295899,0.00020509222391134707,1.0,0,1.0,13.0
2025-11-11,575.0599975585938,579.219970703125,570.5,572.1699829101562,1609700,677.387939453125,200.0,1.0,1.0,4.0,5.0,0.00035426163541269097,0.00019150151891104693,1.0,0,1.0,14.0
2025-11-12,574.1300048828125,580.469970703125,569.7100219726562,572.4500122070312,1633200,677.7647705078125,197.0,1.0,1.0,4.0,5.0,0.00039054603779249507,0.00020954936946992323,1.0,0,1.0,15.0
2025-11-13,566.8599853515625,573.3200073242188,561.0,565.510009765625,2116700,666.5180053710938,195.0,1.0,1.0,4.0,5.0,0.0003843124483351385,0.00022470232442941792,1.0,0,1.0,16.0
2025-11-14,559.5,560.02001953125,548.9199829101562,549.510009765625,1879900,666.4088134765625,196.0,1.0,1.0,4.0,5.0,0.0003446747844347497,0.00026796593684374906,-1.0,1,2.0,17.0
2025-11-17,546.5700073242188,554.3499755859375,544.1099853515625,546.7100219726562,1470200,660.2003173828125,193.0,1.0,1.0,4.0,5.0,0.0002869168848597148,0.0003178379802295899,-1.0,0,2.0,18.0
2025-11-18,546.0599975585938,549.2100219726562,538.8300170898438,546.77001953125,2297400,654.65625,191.0,1.0,1.0,4.0,5.0,0.0002525077460950942,0.00035426163541269097,1.0,0,1.0,19.0
2025-11-19,544.9299926757812,566.8599853515625,544.1900024414062,564.6400146484375,2440600,657.185302734375,193.0,1.0,1.0,4.0,5.0,0.0002802664985693708,0.00039054603779249507,1.0,0,1.0,20.0
2025-11-20,566.9199829101562,574.4500122070312,550.0,552.22998046875,1909000,647.1683349609375,192.0,1.0,1.0,4.0,5.0,0.00029581563619850815,0.0003843124483351385,1.0,0,1.0,21.0
2025-11-21,551.1699829101562,564.0,548.0399780273438,561.6099853515625,2622300,653.6148681640625,191.0,1.0,1.0,4.0,5.0,0.0003366344271719482,0.0003446747844347497,1.0,0,1.0,22.0
2025-11-24,562.9299926757812,570.77001953125,560.0,568.47998046875,2399900,663.2351684570312,189.0,1.0,1.0,4.0,5.0,0.0003579330980793399,0.0002869168848597148,1.0,0,1.0,23.0
2025-11-25,564.4400024414062,580.0,561.2899780273438,578.8699951171875,1684800,669.4735107421875,188.0,1.0,1.0,4.0,5.0,0.0004098610777692493,0.0002525077460950942,1.0,0,1.0,24.0
2025-11-26,579.8499755859375,582.4099731445312,573.75,574.22998046875,1158900,674.09521484375,185.0,1.0,1.0,4.0,5.0,0.0004248694944575251,0.0002802664985693708,1.0,0,1.0,25.0
2025-11-28,571.4099731445312,574.0,568.27001953125,573.47998046875,1003900,677.7747192382812,182.0,1.0,1.0,3.0,3.0,0.0004601952665319023,0.00029581563619850815,-1.0,0,1.0,26.0
2025-12-01,568.989990234375,573.5399780273438,566.6300048828125,567.3699951171875,1206100,674.6803588867188,180.0,1.0,1.0,3.0,3.0,0.0004520244730495786,0.0003366344271719482,-1.0,0,1.0,27.0
2025-12-02,568.5999755859375,570.75,561.3900146484375,567.719970703125,1748800,675.9299926757812,178.0,1.0,1.0,3.0,3.0,0.0004370127779435823,0.0003579330980793399,-1.0,0,1.0,28.0
2025-12-03,569.47998046875,571.77001953125,563.0399780273438,569.7100219726562,1090600,678.2706298828125,175.0,1.0,1.0,3.0,3.0,0.00040814735384993073,0.0004098610777692493,-1.0,0,1.0,29.0
2025-12-04,571.97998046875,574.22998046875,564.719970703125,568.6300048828125,1147800,678.7665405273438,172.0,1.0,1.0,3.0,3.0,0.0003478349419842306,0.0004248694944575251,-1.0,0,1.0,30.0
2025-12-05,569.5,576.8800048828125,569.4299926757812,575.3400268554688,1096600,680.0557861328125,171.0,1.0,1.0,3.0,3.0,0.0002840222238594313,0.0004601952665319023,1.0,0,1.0,31.0
2025-12-08,576.1500244140625,576.1500244140625,562.6699829101562,566.8900146484375,1298500,678.0127563476562,169.0,1.0,1.0,3.0,3.0,0.00021103564449179838,0.0004520244730495786,-1.0,0,1.0,32.0
2025-12-09,566.5,569.0,557.5,558.1300048828125,1230000,677.4276123046875,168.0,1.0,1.0,3.0,3.0,0.00018787367063125425,0.0004370127779435823,-1.0,0,1.0,33.0
2025-12-10,557.760009765625,560.0499877929688,546.5499877929688,555.9199829101562,1562900,681.9203491210938,166.0,1.0,1.0,3.0,3.0,0.0001778522944966346,0.00040814735384993073,-1.0,0,1.0,34.0
2025-12-11,545.469970703125,553.3900146484375,542.7100219726562,547.3599853515625,1573800,683.5072021484375,165.0,1.0,4.0,3.0,4.0,0.0001580660244079159,0.0003478349419842306,-1.0,0,2.0,35.0
2025-12-12,546.0,548.989990234375,537.6900024414062,542.3200073242188,2116200,676.1581420898438,163.0,1.0,4.0,3.0,4.0,0.00013789743057146918,0.0002840222238594313,-1.0,0,2.0,36.0
2025-12-15,546.0499877929688,561.6199951171875,546.0499877929688,559.52001953125,2928100,675.1365966796875,166.0,1.0,4.0,3.0,4.0,0.00013993789863201862,0.00021103564449179838,1.0,0,2.0,37.0
2025-12-16,559.0499877929688,559.6900024414062,546.1300048828125,554.5800170898438,1959400,673.2918701171875,164.0,1.0,4.0,3.0,4.0,0.0001307693408613405,0.00018787367063125425,1.0,0,2.0,38.0
2025-12-17,554.6799926757812,561.4600219726562,554.0,556.8599853515625,1705500,665.8832397460938,161.0,1.0,4.0,3.0,4.0,0.00013751249275321544,0.0001778522944966346,1.0,0,2.0,39.0
2025-12-18,557.2899780273438,566.8499755859375,557.260009765625,561.8900146484375,1545600,670.9114990234375,160.0,1.0,4.0,3.0,4.0,0.00011714762742899706,0.0001580660244079159,1.0,0,2.0,40.0
2025-12-19,561.6300048828125,574.5700073242188,561.3099975585938,572.469970703125,4065300,676.9923095703125,159.0,1.0,4.0,3.0,4.0,0.00014232022575217428,0.00013789743057146918,1.0,0,2.0,41.0
2025-12-22,576.0,583.4500122070312,573.2999877929688,579.8300170898438,1453000,681.2098388671875,158.0,1.0,4.0,3.0,4.0,0.0001617272862827932,0.00013993789863201862,1.0,0,2.0,42.0
2025-12-23,577.1400146484375,579.2000122070312,573.6799926757812,577.3400268554688,1282800,684.3233032226562,156.0,1.0,1.0,3.0,3.0,0.0001711971617520598,0.0001307693408613405,1.0,0,1.0,43.0
2025-12-24,577.3400268554688,579.8499755859375,575.030029296875,577.1500244140625,355200,686.7305297851562,153.0,1.0,1.0,3.0,3.0,0.0001652102034790102,0.00013751249275321544,1.0,0,1.0,44.0
2025-12-26,578.2100219726562,579.4000244140625,575.9600219726562,577.8099975585938,494800,686.660888671875,151.0,1.0,1.0,3.0,3.0,0.00016854232907139103,0.00011714762742899706,1.0,0,1.0,45.0
2025-12-29,577.8099975585938,580.5,574.219970703125,575.4000244140625,695100,684.2138671875,149.0,1.0,1.0,1.0,1.0,0.00018460020883593852,0.00014232022575217428,1.0,0,1.0,46.0
2025-12-30,572.2100219726562,574.77001953125,570.4500122070312,572.6300048828125,724900,683.3782958984375,147.0,1.0,1.0,1.0,1.0,0.00019988297515334086,0.0001617272862827932,-1.0,0,1.0,47.0
2025-12-31,572.5,573.280029296875,565.77001953125,566.3599853515625,992500,678.3152465820312,145.0,1.0,1.0,1.0,1.0,0.00020879078629131584,0.0001711971617520598,-1.0,0,1.0,48.0
2026-01-02,566.780029296875,567.3900146484375,555.4000244140625,561.97998046875,1298000,679.55859375,144.0,1.0,1.0,1.0,1.0,0.00021134515987362293,0.0001652102034790102,-1.0,0,1.0,49.0
2026-01-05,561.1500244140625,567.0800170898438,558.0,566.3800048828125,1395000,684.0845947265625,142.0,1.0,1.0,1.0,1.0,0.00020541744514585825,0.00016854232907139103,-1.0,0,1.0,50.0
2026-01-06,565.0,594.6199951171875,564.3499755859375,592.8499755859375,2629500,688.1529541015625,153.0,1.0,1.0,1.0,1.0,0.0002409774848314188,0.00018460020883593852,1.0,0,1.0,51.0
2026-01-07,592.8900146484375,603.8800048828125,590.7999877929688,592.27001953125,1863500,685.9347534179688,151.0,1.0,1.0,1.0,1.0,0.0002807701804437954,0.00019988297515334086,1.0,0,1.0,52.0
2026-01-08,582.6900024414062,589.9500122070312,582.6900024414062,585.0800170898438,1491200,685.8651123046875,149.0,1.0,1.0,1.0,1.0,0.0003042989364093986,0.00020879078629131584,1.0,1,1.0,53.0
2026-01-09,587.3200073242188,589.5800170898438,579.6199951171875,586.239990234375,1490700,690.4010009765625,147.0,1.0,1.0,1.0,1.0,0.00028096676248737175,0.00021134515987362293,1.0,0,1.0,54.0
2026-01-12,581.969970703125,582.1900024414062,566.7999877929688,572.75,1826000,691.4852294921875,149.0,1.0,1.0,1.0,1.0,0.0002478006338655331,0.00020541744514585825,-1.0,0,1.0,55.0
2026-01-13,571.4500122070312,572.5900268554688,556.0399780273438,561.8200073242188,1515800,690.1026000976562,149.0,1.0,1.0,1.0,1.0,0.00022286174169038078,0.0002409774848314188,-1.0,0,1.0,56.0
2026-01-14,533.9600219726562,551.0,528.0,546.760009765625,3602100,686.7105712890625,151.0,1.0,4.0,1.0,2.0,0.00018483126866799618,0.0002807701804437954,-1.0,1,4.0,1.0
2026-01-15,553.739990234375,553.739990234375,535.6900024414062,541.3400268554688,1909000,688.5806884765625,149.0,1.0,4.0,1.0,2.0,0.00014226725063867272,0.0003042989364093986,-1.0,0,4.0,2.0
2026-01-16,542.0,543.0,532.6300048828125,535.0,3015500,688.0037231445312,148.0,1.0,4.0,1.0,2.0,9.990929905036372e-05,0.00028096676248737175,-1.0,0,4.0,3.0
2026-01-20,527.0,532.6099853515625,525.22998046875,527.4400024414062,2149700,673.9981689453125,147.0,1.0,4.0,1.0,2.0,5.6210918416734345e-05,0.0002478006338655331,-1.0,1,4.0,4.0
2026-01-21,527.5900268554688,530.0499877929688,518.6400146484375,523.6900024414062,2033900,681.77685546875,145.0,1.0,4.0,1.0,2.0,1.8228300286592964e-05,0.00022286174169038078,-1.0,0,4.0,5.0
2026-01-22,525.4099731445312,532.0,522.719970703125,525.8099975585938,2911800,685.3379516601562,143.0,1.0,4.0,1.0,2.0,1.7463759151264426e-05,0.00018483126866799618,-1.0,0,4.0,6.0
2026-01-23,530.0,540.0,521.1799926757812,523.989990234375,2799100,685.5865478515625,141.0,1.0,4.0,1.0,2.0,4.023878083246787e-05,0.00014226725063867272,-1.0,0,4.0,7.0
2026-01-26,523.9500122070312,533.969970703125,518.6500244140625,528.8099975585938,2565100,689.068115234375,140.0,1.0,4.0,1.0,2.0,8.36387630359469e-05,9.990929905036372e-05,-1.0,0,4.0,8.0
2026-01-27,532.6099853515625,535.0,523.5399780273438,525.0399780273438,1503500,691.8134765625,138.0,1.0,4.0,1.0,2.0,0.00010513522661669439,5.6210918416734345e-05,-1.0,0,4.0,9.0
2026-01-28,523.9099731445312,529.3599853515625,520.239990234375,522.0399780273438,1851300,691.7438354492188,136.0,1.0,4.0,1.0,2.0,0.00011853122856834167,1.8228300286592964e-05,-1.0,0,4.0,10.0
2026-01-29,521.1699829101562,522.0,502.4800109863281,507.54998779296875,2167100,690.3711547851562,139.0,1.0,4.0,1.0,2.0,8.867633089871769e-05,1.7463759151264426e-05,-1.0,0,4.0,11.0
2026-01-30,506.70001220703125,511.0299987792969,501.3900146484375,504.2200012207031,1698300,688.3121337890625,138.0,1.0,4.0,1.0,2.0,5.094458847541166e-05,4.023878083246787e-05,-1.0,0,4.0,12.0
2026-02-02,502.0,504.20001220703125,496.1499938964844,496.7300109863281,2133900,691.73388671875,137.0,4.0,4.0,1.0,8.0,-4.854596048973308e-06,8.36387630359469e-05,-1.0,0,4.0,13.0
2026-02-03,495.2099914550781,499.0,476.7900085449219,478.8800048828125,3796500,685.885009765625,144.0,4.0,4.0,1.0,8.0,-6.0759020413434905e-05,0.00010513522661669439,-1.0,0,4.0,14.0
2026-02-04,480.1099853515625,481.19000244140625,465.69000244140625,478.489990234375,3405300,682.5626831054688,142.0,4.0,4.0,1.0,8.0,-0.00012281676754427682,0.00011853122856834167,-1.0,0,4.0,15.0
2026-02-05,482.7799987792969,489.510009765625,475.1700134277344,476.32000732421875,2912000,674.0379638671875,140.0,4.0,4.0,1.0,8.0,-0.00016885616349578386,8.867633089871769e-05,-1.0,0,4.0,16.0
2026-02-06,482.1700134277344,491.6499938964844,480.07000732421875,488.1499938964844,2521100,686.96923828125,142.0,4.0,4.0,1.0,8.0,-0.00015706935145109953,5.094458847541166e-05,-1.0,0,4.0,17.0
2026-02-09,486.04998779296875,493.5400085449219,483.8999938964844,492.8399963378906,2207800,690.2816162109375,140.0,4.0,4.0,1.0,8.0,-0.0001341825218029458,-4.854596048973308e-06,-1.0,0,4.0,18.0
2026-02-10,494.2200012207031,500.3800048828125,493.5299987792969,495.1499938964844,1813100,688.4613037109375,138.0,4.0,4.0,1.0,8.0,-0.00010042301076678053,-6.0759020413434905e-05,-1.0,0,4.0,19.0
2026-02-11,492.75,500.3399963378906,490.6600036621094,496.1199951171875,1933700,688.3021850585938,136.0,4.0,4.0,1.0,8.0,-9.175500153840678e-05,-0.00012281676754427682,-1.0,0,4.0,20.0
2026-02-12,496.1199951171875,497.8399963378906,475.8299865722656,478.6000061035156,2966500,677.668701171875,143.0,4.0,4.0,1.0,8.0,-0.00010686644043378205,-0.00016885616349578386,-1.0,0,4.0,21.0
2026-02-13,480.5,495.57000732421875,479.6099853515625,485.8399963378906,1984300,678.1461181640625,142.0,4.0,4.0,1.0,8.0,-0.00012133767812305147,-0.00015706935145109953,-1.0,0,4.0,22.0
2026-02-17,481.2200012207031,495.19000244140625,481.2200012207031,493.3500061035156,1583200,679.2402954101562,142.0,4.0,4.0,1.0,8.0,-0.00010866678832321215,-0.0001341825218029458,1.0,0,4.0,23.0
2026-02-18,494.239990234375,502.8800048828125,490.6400146484375,500.760009765625,1464300,682.662109375,141.0,4.0,4.0,1.0,8.0,-6.912833834431743e-05,-0.00010042301076678053,1.0,0,4.0,24.0
2026-02-19,495.7099914550781,503.7300109863281,495.25,499.5299987792969,1434200,680.8616943359375,139.0,4.0,4.0,1.0,8.0,-5.406111497955048e-05,-9.175500153840678e-05,1.0,0,4.0,25.0
2026-02-20,497.1499938964844,504.75,495.2300109863281,504.04998779296875,1553600,685.7855834960938,138.0,4.0,4.0,1.0,8.0,-5.1766220720359916e-05,-0.00010686644043378205,1.0,0,4.0,26.0
2026-02-23,498.8800048828125,502.70001220703125,486.45001220703125,492.1000061035156,1764900,678.7827758789062,139.0,4.0,4.0,1.0,8.0,-7.094028589265328e-05,-0.00012133767812305147,-1.0,0,4.0,27.0
2026-02-24,489.69000244140625,496.2699890136719,487.510009765625,494.0199890136719,1404500,683.7164916992188,137.0,4.0,4.0,1.0,8.0,-6.650468509232701e-05,-0.00010866678832321215,-1.0,0,4.0,28.0
2026-02-25,494.0,506.5199890136719,494.0,506.1700134277344,2062000,689.4859008789062,139.0,4.0,4.0,1.0,8.0,-1.848559608972846e-05,-6.912833834431743e-05,1.0,0,4.0,29.0
2026-02-26,508.6700134277344,511.8800048828125,501.3999938964844,506.8800048828125,1570300,685.6561889648438,137.0,4.0,4.0,1.0,8.0,4.100185595085565e-05,-5.406111497955048e-05,1.0,0,4.0,30.0
2026-02-27,499.7099914550781,504.95001220703125,499.2099914550781,503.510009765625,1634200,682.3637084960938,136.0,4.0,4.0,1.0,8.0,7.901834989350837e-05,-5.1766220720359916e-05,1.0,0,4.0,31.0
2026-03-02,492.5899963378906,499.6199951171875,490.3999938964844,496.25,1743200,682.7516479492188,135.0,4.0,4.0,1.0,8.0,4.554249872910015e-05,-7.094028589265328e-05,-1.0,0,4.0,32.0
2026-03-03,487.17999267578125,497.9599914550781,486.9800109863281,497.4200134277344,1841100,676.7337036132812,133.0,4.0,4.0,1.0,8.0,2.6209203532859968e-05,-6.650468509232701e-05,1.0,0,4.0,33.0
2026-03-04,495.19000244140625,505.44000244140625,492.5,501.17999267578125,1501000,681.50830078125,132.0,4.0,4.0,1.0,8.0,4.958769240852367e-05,-1.848559608972846e-05,1.0,0,4.0,34.0
2026-03-05,495.20001220703125,502.4800109863281,488.80999755859375,496.70001220703125,1541200,677.7084350585938,130.0,4.0,4.0,1.0,8.0,8.00823755081966e-05,4.100185595085565e-05,1.0,0,4.0,35.0
2026-03-06,490.19000244140625,491.07000732421875,478.20001220703125,490.1600036621094,2088000,668.8256225585938,130.0,4.0,4.0,1.0,8.0,9.316313290991969e-05,7.901834989350837e-05,1.0,0,4.0,36.0
2026-03-09,485.010009765625,493.8900146484375,480.2300109863281,493.55999755859375,1651600,674.6845092773438,128.0,4.0,4.0,1.0,8.0,0.00010856605383936041,4.554249872910015e-05,-1.0,0,4.0,37.0
2026-03-10,493.95001220703125,496.0,484.3800048828125,485.8500061035156,1547200,673.6002807617188,128.0,4.0,4.0,1.0,8.0,0.0001106783696655498,2.6209203532859968e-05,-1.0,0,4.0,38.0
2026-03-11,489.2300109863281,493.5799865722656,479.1099853515625,492.8699951171875,1537900,672.7548217773438,127.0,4.0,4.0,1.0,8.0,0.00013744104234897884,4.958769240852367e-05,1.0,0,4.0,39.0
2026-03-12,490.54998779296875,491.54998779296875,473.1000061035156,479.2699890136719,1805200,662.5390625,131.0,4.0,4.0,1.0,8.0,0.000101942937821647,8.00823755081966e-05,-1.0,0,4.0,40.0
2026-03-13,478.0,482.67999267578125,458.0,472.1600036621094,2489800,658.7890014648438,131.0,4.0,4.0,1.0,8.0,8.563760349777731e-05,9.316313290991969e-05,-1.0,0,4.0,41.0
2026-03-16,473.32000732421875,486.1300048828125,472.95001220703125,483.4599914550781,1297400,665.493408203125,133.0,4.0,4.0,1.0,8.0,7.115561820101324e-05,0.00010856605383936041,-1.0,0,4.0,42.0
2026-03-17,487.5400085449219,494.42999267578125,482.19000244140625,482.760009765625,1057200,667.2440185546875,131.0,4.0,4.0,1.0,8.0,8.875154515951445e-05,0.0001106783696655498,-1.0,0,4.0,43.0
2026-03-18,478.5400085449219,483.260009765625,472.3399963378906,477.7300109863281,1483400,657.9335327148438,130.0,4.0,4.0,1.0,8.0,0.0001271175127726738,0.00013744104234897884,1.0,0,4.0,44.0
2026-03-19,477.5,483.0400085449219,475.80999755859375,479.92999267578125,1258500,656.3121337890625,128.0,4.0,4.0,1.0,8.0,0.00016345761988963,0.000101942937821647,1.0,0,4.0,45.0
2026-03-20,480.29998779296875,484.9200134277344,473.19000244140625,477.9700012207031,2227600,646.9034423828125,126.0,4.0,4.0,1.0,8.0,0.00019702513270771903,8.563760349777731e-05,1.0,0,4.0,46.0
2026-03-23,488.1499938964844,489.0,478.0299987792969,478.0400085449219,1501700,653.6959228515625,124.0,4.0,4.0,1.0,8.0,0.0002054186562703241,7.115561820101324e-05,1.0,0,4.0,47.0
2026-03-24,473.75,476.1300048828125,468.3599853515625,471.9100036621094,1332700,651.5015869140625,124.0,4.0,4.0,1.0,8.0,0.00016462141575284987,8.875154515951445e-05,-1.0,1,4.0,48.0
2026-03-25,474.4599914550781,480.17999267578125,468.5,469.9800109863281,1428200,655.1322021484375,122.0,4.0,4.0,1.0,8.0,0.0001331456299128568,0.0001271175127726738,-1.0,0,4.0,49.0
2026-03-26,469.1000061035156,478.25,465.0,468.54998779296875,1605500,643.432373046875,120.0,4.0,4.0,1.0,8.0,9.478022170237236e-05,0.00016345761988963,1.0,0,4.0,50.0
2026-03-27,465.4200134277344,466.2099914550781,451.55999755859375,452.6600036621094,2107200,632.4606323242188,128.0,4.0,4.0,1.0,8.0,5.590757785559996e-05,0.00019702513270771903,-1.0,0,4.0,51.0
2026-03-30,453.04998779296875,459.0,450.2699890136719,452.7799987792969,2195600,630.3460693359375,126.0,4.0,4.0,1.0,8.0,2.7848606040895395e-06,0.0002054186562703241,-1.0,0,4.0,52.0
2026-03-31,455.0299987792969,463.0,448.3999938964844,460.989990234375,1960300,648.6688842773438,126.0,4.0,4.0,1.0,8.0,-1.457700665637769e-05,0.00016462141575284987,-1.0,0,4.0,53.0
2026-04-01,462.8900146484375,468.3299865722656,460.760009765625,464.45001220703125,1427200,653.5562744140625,125.0,4.0,4.0,1.0,8.0,-5.146624096728315e-06,0.0001331456299128568,-1.0,0,4.0,54.0
2026-04-02,456.260009765625,463.92999267578125,450.3999938964844,452.07000732421875,1647800,654.144775390625,128.0,4.0,4.0,1.0,8.0,-6.418163912119211e-06,9.478022170237236e-05,-1.0,0,4.0,55.0
2026-04-06,451.05999755859375,458.9200134277344,449.7300109863281,452.5799865722656,1152300,657.23681640625,126.0,4.0,4.0,1.0,8.0,-9.48170721762183e-06,5.590757785559996e-05,-1.0,0,4.0,56.0
2026-04-07,451.010009765625,453.4200134277344,447.7799987792969,452.95001220703125,1796800,657.5260009765625,124.0,4.0,4.0,1.0,8.0,-2.201940527027825e-06,2.7848606040895395e-06,-1.0,0,4.0,57.0
2026-04-08,469.989990234375,471.9800109863281,460.239990234375,462.2799987792969,2253900,674.27294921875,126.0,4.0,4.0,1.0,8.0,4.139687294913146e-05,-1.457700665637769e-05,-1.0,0,4.0,58.0
2026-04-09,459.32000732421875,460.6499938964844,451.0299987792969,454.94000244140625,1551500,678.162841796875,126.0,4.0,4.0,1.0,8.0,3.517655127296129e-05,-5.146624096728315e-06,-1.0,0,4.0,59.0
2026-04-10,455.69000244140625,455.7900085449219,448.2200012207031,450.6199951171875,1466300,677.7140502929688,125.0,4.0,4.0,1.0,8.0,1.567448056573007e-05,-6.418163912119211e-06,-1.0,0,4.0,60.0
2026-04-13,448.1700134277344,459.25,448.1700134277344,458.9599914550781,1691000,684.3369750976562,125.0,4.0,4.0,1.0,8.0,-2.3592997105742798e-05,-9.48170721762183e-06,-1.0,0,4.0,61.0
2026-04-14,459.92999267578125,471.239990234375,459.5,467.2200012207031,1973600,692.675537109375,126.0,4.0,4.0,1.0,8.0,-2.6471080042833257e-05,-2.201940527027825e-06,-1.0,0,4.0,62.0
2026-04-15,469.54998779296875,473.989990234375,465.7900085449219,468.3599853515625,1935100,698.1414184570312,124.0,4.0,4.0,1.0,8.0,-2.453596163442473e-05,4.139687294913146e-05,-1.0,0,4.0,63.0
2026-04-16,469.0799865722656,471.79998779296875,454.0,458.0799865722656,2209600,699.8569946289062,126.0,4.0,4.0,1.0,8.0,-0.00012744331004633044,3.517655127296129e-05,-1.0,0,4.0,64.0
2026-04-17,463.6000061035156,474.2799987792969,463.0199890136719,469.2099914550781,2720700,708.3152465820312,128.0,4.0,1.0,1.0,7.0,-0.00023150400899214538,1.567448056573007e-05,-1.0,0,2.0,65.0
2026-04-20,471.3599853515625,472.57000732421875,463.6499938964844,465.6000061035156,2442700,706.8988037109375,127.0,4.0,1.0,1.0,7.0,-0.0003291071672900422,-2.3592997105742798e-05,-1.0,0,2.0,66.0
2026-04-21,469.04998779296875,471.0799865722656,451.2900085449219,451.2900085449219,3379600,702.2708129882812,132.0,4.0,1.0,1.0,7.0,-0.00035562718120439406,-2.6471080042833257e-05,-1.0,0,2.0,67.0
2026-04-22,461.3599853515625,491.1499938964844,460.010009765625,483.6199951171875,4437800,709.3825073242188,160.0,4.0,1.0,4.0,11.0,-0.0002970367520641303,-2.453596163442473e-05,1.0,0,2.0,68.0
2026-04-23,484.5,489.8599853515625,477.19000244140625,478.82000732421875,2889700,706.6295776367188,159.0,4.0,1.0,4.0,11.0,-0.00024944976097435596,-0.00012744331004633044,1.0,0,2.0,69.0
2026-04-24,480.75,482.8399963378906,471.0,482.2200012207031,2655200,712.10546875,157.0,4.0,1.0,4.0,11.0,-0.0001446082893480248,-0.00023150400899214538,1.0,0,2.0,70.0
2026-04-27,481.0,486.7699890136719,469.20001220703125,470.989990234375,2028000,713.332275390625,158.0,4.0,1.0,4.0,11.0,-0.0001454294257681124,-0.0003291071672900422,-1.0,0,2.0,71.0
2026-04-28,472.4200134277344,473.8599853515625,463.3800048828125,466.6400146484375,1836400,709.8612060546875,156.0,4.0,1.0,4.0,11.0,-0.00016435097435033258,-0.00035562718120439406,-1.0,0,2.0,72.0
2026-04-29,463.5,463.5,449.5899963378906,453.8299865722656,2059300,709.7515258789062,158.0,4.0,1.0,4.0,11.0,-0.00022263629113213165,-0.0002970367520641303,-1.0,0,2.0,73.0
2026-04-30,452.67999267578125,458.2900085449219,449.8299865722656,457.6099853515625,2000300,716.8132934570312,156.0,4.0,1.0,4.0,11.0,-0.0002616302878143716,-0.00024944976097435596,-1.0,0,2.0,74.0
2026-05-01,458.8599853515625,463.1400146484375,456.3599853515625,457.7799987792969,1461900,718.7982177734375,154.0,4.0,1.0,4.0,11.0,-0.0002738475900430277,-0.0001446082893480248,-1.0,0,2.0,75.0
2026-05-04,457.55999755859375,461.239990234375,449.2300109863281,452.3500061035156,1797600,716.1649780273438,152.0,4.0,4.0,4.0,12.0,-0.00028824165306452456,-0.0001454294257681124,-1.0,0,4.0,76.0
2026-05-05,453.92999267578125,458.260009765625,441.9800109863281,451.3800048828125,2952300,721.9102172851562,150.0,4.0,4.0,4.0,12.0,-0.00032503553455765774,-0.00016435097435033258,-1.0,0,4.0,77.0
2026-05-06,451.6199951171875,455.0,446.8999938964844,451.7300109863281,1982700,731.9443359375,148.0,4.0,4.0,4.0,12.0,-0.0003543595769243623,-0.00022263629113213165,-1.0,0,4.0,78.0
2026-05-07,453.0400085449219,462.3999938964844,452.0,453.489990234375,1563000,729.7001342773438,146.0,4.0,4.0,4.0,12.0,-0.0003623952037332011,-0.0002616302878143716,-1.0,0,4.0,79.0
2026-05-08,454.30999755859375,454.32000732421875,447.0,450.05999755859375,2402300,735.724609375,144.0,4.0,4.0,4.0,12.0,-0.0003537952246620965,-0.0002738475900430277,-1.0,0,4.0,80.0
2026-05-11,446.9100036621094,448.75,417.739990234375,420.05999755859375,4032900,737.4002685546875,170.0,4.0,4.0,4.0,12.0,-0.00035989518384979693,-0.00028824165306452456,-1.0,0,4.0,81.0
2026-05-12,425.0,435.55999755859375,420.0,431.8699951171875,2351600,736.2831420898438,172.0,4.0,4.0,4.0,12.0,-0.00034694190721729757,-0.00032503553455765774,-1.0,0,4.0,82.0
2026-05-13,430.9599914550781,438.7799987792969,426.6600036621094,432.2699890136719,1996700,740.4025268554688,169.0,4.0,4.0,4.0,12.0,-0.0003412117762689349,-0.0003543595769243623,-1.0,0,4.0,83.0
2026-05-14,432.0,434.9100036621094,426.5299987792969,428.05999755859375,2171900,746.2474975585938,167.0,4.0,4.0,4.0,12.0,-0.00035209850759088373,-0.0003623952037332011,-1.0,0,4.0,84.0
2026-05-15,430.0,431.9800109863281,420.55999755859375,421.1199951171875,2375100,737.2706298828125,166.0,4.0,4.0,4.0,12.0,-0.0003755726046419802,-0.0003537952246620965,-1.0,0,4.0,85.0
2026-05-18,421.9599914550781,440.6099853515625,421.9599914550781,439.9200134277344,2119600,736.751953125,174.0,4.0,4.0,4.0,12.0,-0.00036005656902534365,-0.00035989518384979693,1.0,0,4.0,86.0
2026-05-19,440.79998779296875,447.79998779296875,436.3900146484375,441.5799865722656,2799100,731.8446044921875,172.0,4.0,4.0,4.0,12.0,-0.0003241075514128916,-0.00034694190721729757,1.0,0,4.0,87.0
2026-05-20,440.3800048828125,449.7699890136719,434.5,449.0299987792969,1737900,739.3452758789062,171.0,4.0,4.0,4.0,12.0,-0.000301046866542104,-0.0003412117762689349,1.0,0,4.0,88.0
2026-05-21,446.2099914550781,447.57000732421875,435.1499938964844,439.79998779296875,2088400,740.8114624023438,171.0,4.0,4.0,4.0,12.0,-0.0003160671108958947,-0.00035209850759088373,-1.0,0,4.0,89.0
2026-05-22,439.5,443.8599853515625,434.7699890136719,438.1000061035156,2009100,743.7239990234375,168.0,4.0,4.0,4.0,12.0,-0.0003284628470681046,-0.0003755726046419802,-1.0,0,4.0,90.0
2026-05-26,439.4200134277344,442.94000244140625,434.1499938964844,436.6400146484375,1688500,748.6613159179688,166.0,4.0,4.0,4.0,12.0,-0.00034565292274751566,-0.00036005656902534365,-1.0,0,4.0,91.0
2026-05-27,432.2200012207031,439.20001220703125,414.29998779296875,418.54998779296875,3122600,748.5316162109375,173.0,4.0,4.0,4.0,12.0,-0.0003867521475048081,-0.0003241075514128916,-1.0,0,4.0,92.0
2026-05-28,419.5799865722656,425.0,414.75,423.6300048828125,2183900,752.6609497070312,171.0,4.0,4.0,4.0,12.0,-0.00042216407496880915,-0.000301046866542104,-1.0,0,4.0,93.0
2026-05-29,423.7900085449219,426.80999755859375,419.8299865722656,424.6400146484375,3440400,754.5361328125,169.0,4.0,4.0,4.0,12.0,-0.00044094503394792394,-0.0003160671108958947,-1.0,0,4.0,94.0
2026-06-01,420.4700012207031,423.95001220703125,411.8299865722656,412.260009765625,3033600,756.5908203125,171.0,4.0,4.0,4.0,12.0,-0.0004594216330100351,-0.0003284628470681046,-1.0,0,4.0,95.0
2026-06-02,408.5,414.0,396.67999267578125,402.29998779296875,3985900,757.6182250976562,172.0,4.0,4.0,4.0,12.0,-0.0004902186504087363,-0.00034565292274751566,-1.0,0,4.0,96.0
2026-06-03,400.5,407.8500061035156,399.44000244140625,407.2900085449219,2651400,752.3018798828125,170.0,4.0,4.0,4.0,12.0,-0.0005073022734080271,-0.0003867521475048081,-1.0,0,4.0,97.0
2026-06-04,413.8599853515625,423.5,412.6199951171875,418.82000732421875,2353900,755.1445922851562,172.0,4.0,4.0,4.0,12.0,-0.000492030714026356,-0.00042216407496880915,-1.0,0,4.0,98.0
2026-06-05,420.0,428.4599914550781,419.5,422.05999755859375,2775600,735.65478515625,170.0,4.0,4.0,4.0,12.0,-0.0004570246884872242,-0.00044094503394792394,1.0,0,4.0,99.0
2026-06-08,422.5400085449219,424.3900146484375,417.1400146484375,418.6099853515625,2180400,737.3204345703125,168.0,4.0,4.0,4.0,12.0,-0.0004498074429134964,-0.0004594216330100351,1.0,0,4.0,100.0
2026-06-09,421.1300048828125,430.8500061035156,417.54998779296875,426.6099853515625,2275500,735.1560668945312,167.0,4.0,4.0,4.0,12.0,-0.00043490578781819645,-0.0004902186504087363,1.0,0,4.0,101.0
2026-06-10,424.1400146484375,426.20001220703125,411.9200134277344,412.0199890136719,2004800,723.56591796875,171.0,4.0,4.0,4.0,12.0,-0.0004470184802297524,-0.0005073022734080271,1.0,0,4.0,102.0
2026-06-11,412.1600036621094,416.19000244140625,406.82000732421875,412.8999938964844,1998400,735.8642578125,169.0,4.0,4.0,4.0,12.0,-0.00044590317273135715,-0.000492030714026356,-1.0,0,4.0,103.0
2026-06-12,415.010009765625,415.760009765625,402.7300109863281,411.05999755859375,1777000,739.843994140625,166.0,4.0,4.0,4.0,12.0,-0.00046368378839448484,-0.0004570246884872242,-1.0,0,4.0,104.0
2026-06-15,412.94000244140625,420.5899963378906,412.8800048828125,416.54998779296875,2601700,752.890380859375,165.0,4.0,4.0,4.0,12.0,-0.00046394022592966623,-0.0004498074429134964,-1.0,0,4.0,105.0
2026-06-16,419.0,422.4599914550781,412.92999267578125,417.07000732421875,1845400,748.4019775390625,162.0,4.0,4.0,4.0,12.0,-0.00047374481594710666,-0.00043490578781819645,-1.0,0,4.0,106.0
2026-06-17,415.0,418.239990234375,400.1000061035156,402.17999267578125,2239400,739.0560302734375,168.0,4.0,4.0,4.0,12.0,-0.0004929893316367153,-0.0004470184802297524,-1.0,0,4.0,107.0
2026-06-18,403.6000061035156,409.6400146484375,400.92999267578125,406.7799987792969,4404200,746.739990234375,166.0,4.0,4.0,4.0,12.0,-0.0005092688242830378,-0.00044590317273135715,-1.0,0,4.0,108.0
2026-06-22,401.3299865722656,408.5299987792969,399.5,402.95001220703125,2680700,744.3900146484375,164.0,4.0,4.0,4.0,12.0,-0.000534667615594461,-0.00046368378839448484,-1.0,0,4.0,109.0
2026-06-23,403.25,407.3299865722656,399.2900085449219,403.17999267578125,2705200,733.5800170898438,161.0,4.0,4.0,4.0,12.0,-0.0005391759492497794,-0.00046394022592966623,-1.0,0,4.0,110.0
2026-06-24,406.0,412.5400085449219,400.1199951171875,401.8299865722656,2438800,733.239990234375,159.0,4.0,4.0,4.0,12.0,-0.0005245201543540291,-0.00047374481594710666,-1.0,0,4.0,111.0
2026-06-25,403.2099914550781,412.4700012207031,398.8900146484375,399.69000244140625,2818100,734.2999877929688,157.0,4.0,4.0,4.0,12.0,-0.000512988260991957,-0.0004929893316367153,-1.0,0,4.0,112.0
2026-06-26,399.4800109863281,409.7799987792969,399.2900085449219,404.70001220703125,3413200,728.989990234375,155.0,4.0,4.0,4.0,12.0,-0.000492717463638246,-0.0005092688242830378,1.0,0,4.0,113.0
2026-06-29,409.67999267578125,415.989990234375,405.1400146484375,405.9700012207031,2328700,741.0,153.0,4.0,4.0,4.0,12.0,-0.0004957418036243424,-0.000534667615594461,-1.0,0,4.0,114.0
2026-06-30,405.4100036621094,406.55999755859375,397.5199890136719,397.67999267578125,2585400,746.77001953125,154.0,4.0,4.0,4.0,12.0,-0.0005106875386410585,-0.0005391759492497794,-1.0,0,4.0,115.0
2026-07-01,403.0,408.6199951171875,399.989990234375,402.3800048828125,1939300,745.760009765625,152.0,4.0,4.0,4.0,12.0,-0.0005455294528355351,-0.0005245201543540291,-1.0,0,4.0,116.0
2026-07-02,409.80999755859375,426.0199890136719,406.4700012207031,426.010009765625,3139900,744.780029296875,169.0,4.0,4.0,4.0,12.0,-0.0005161340512913453,-0.000512988260991957,1.0,0,4.0,117.0
2026-07-06,428.92999267578125,440.1700134277344,420.510009765625,432.8299865722656,3412900,751.280029296875,168.0,4.0,1.0,4.0,11.0,-0.0004569591199283127,-0.000492717463638246,1.0,0,2.0,118.0
2026-07-07,439.5,443.8399963378906,424.8599853515625,427.29998779296875,2492100,747.7100219726562,166.0,4.0,1.0,4.0,11.0,-0.0003832460866892427,-0.0004957418036243424,1.0,0,2.0,119.0
2026-07-08,427.29998779296875,428.4700012207031,414.5899963378906,415.1000061035156,1614800,745.4000244140625,168.0,4.0,1.0,4.0,11.0,-0.0003869940112447144,-0.0005106875386410585,-1.0,0,2.0,120.0
2026-07-09,415.1000061035156,416.25,409.0,411.54998779296875,1953500,751.7100219726562,166.0,4.0,1.0,4.0,11.0,-0.00039205424979889546,-0.0005455294528355351,-1.0,0,2.0,121.0
2026-07-10,412.8999938964844,415.9100036621094,403.25,406.7799987792969,1859900,754.9500122070312,165.0,4.0,1.0,4.0,11.0,-0.00039063028791762165,-0.0005161340512913453,-1.0,0,2.0,122.0
2026-07-13,407.260009765625,414.5799865722656,406.82000732421875,407.1199951171875,1801600,749.1699829101562,162.0,4.0,1.0,4.0,11.0,-0.0003794151432688038,-0.0004569591199283127,-1.0,0,2.0,123.0
2026-07-14,396.1000061035156,397.3800048828125,378.5,379.5,5748100,751.8300170898438,186.0,4.0,4.0,4.0,12.0,-0.0003974641476904208,-0.0003832460866892427,-1.0,1,4.0,124.0
2026-07-15,378.54998779296875,393.9599914550781,378.5,388.9700012207031,4141600,754.8099975585938,186.0,4.0,4.0,4.0,12.0,-0.00039767173758769426,-0.0003869940112447144,-1.0,0,4.0,125.0
2026-07-16,394.0,405.5,393.67999267578125,402.3299865722656,5664600,750.719970703125,189.0,4.0,4.0,4.0,12.0,-0.0003628375928310811,-0.00039205424979889546,-1.0,0,4.0,126.0
2026-07-17,365.0299987792969,367.739990234375,344.54998779296875,345.4200134277344,11563800,743.2899780273438,279.0,4.0,4.0,4.0,12.0,-0.00034203589202334866,-0.00039063028791762165,-1.0,1,4.0,127.0
2026-07-20,347.010009765625,355.0799865722656,342.1000061035156,353.1700134277344,5717900,742.0900268554688,277.0,4.0,4.0,4.0,12.0,-0.0003480817584391919,-0.0003794151432688038,-1.0,0,4.0,128.0
2026-07-21,347.010009765625,362.8500061035156,347.0,350.05999755859375,5161000,748.280029296875,273.0,4.0,4.0,4.0,12.0,-0.0003927782320326755,-0.0003974641476904208,-1.0,0,4.0,129.0
2026-07-22,351.8599853515625,355.0,340.6099853515625,340.69000244140625,4563800,747.4099731445312,271.0,4.0,4.0,4.0,12.0,-0.0004052170647633968,-0.00039767173758769426,-1.0,0,4.0,130.0
2026-07-23,338.5,340.54998779296875,328.57000732421875,332.0199890136719,4892600,738.1799926757812,270.0,4.0,4.0,4.0,12.0,-0.00042744937412652224,-0.0003628375928310811,-1.0,1,4.0,131.0
2026-07-24,334.6000061035156,341.8299865722656,332.1499938964844,337.5,3438600,738.9299926757812,267.0,4.0,4.0,4.0,12.0,-0.0004317731676862038,-0.00034203589202334866,-1.0,0,4.0,132.0
2026-07-27,344.0,359.260009765625,343.3900146484375,356.8299865722656,5120000,739.0900268554688,273.0,4.0,4.0,4.0,12.0,-0.00039894910896369024,-0.0003480817584391919,1.0,0,4.0,133.0
2026-07-28,365.5,374.70001220703125,360.4800109863281,361.79998779296875,4086300,740.8599853515625,270.0,4.0,4.0,4.0,12.0,-0.00034364858553286113,-0.0003927782320326755,1.0,0,4.0,134.0
2026-07-29,361.4599914550781,361.79998779296875,351.94000244140625,353.1000061035156,2735600,729.4600219726562,268.0,4.0,4.0,4.0,12.0,-0.00031405475681920786,-0.0004052170647633968,1.0,0,4.0,135.0
2026-07-30,346.8299865722656,355.05999755859375,346.45001220703125,352.9700012207031,2772300,741.6900024414062,264.0,4.0,4.0,4.0,12.0,-0.00031418429013788254,-0.00042744937412652224,-1.0,0,4.0,136.0
2026-07-31,350.7699890136719,355.0899963378906,348.8800048828125,353.3299865722656,2461900,747.030029296875,260.0,4.0,4.0,4.0,12.0,-0.0003287442832030104,-0.0004317731676862038,-1.0,0,4.0,137.0
2026-08-03,361.760009765625,375.8500061035156,360.9800109863281,375.4100036621094,3502100,757.6699829101562,269.0,4.0,4.0,4.0,12.0,-0.0003038335890548687,-0.00039894910896369024,1.0,0,4.0,138.0
2026-08-04,376.30999755859375,376.30999755859375,364.260009765625,368.2699890136719,3938800,771.3300170898438,266.0,4.0,4.0,4.0,12.0,-0.0002864613877849296,-0.00034364858553286113,-1.0,0,4.0,139.0
2026-08-05,372.79998779296875,376.6300048828125,369.4800109863281,375.20001220703125,3286400,769.7899780273438,264.0,4.0,4.0,4.0,12.0,-0.00026196581234351485,-0.00031405475681920786,1.0,0,4.0,140.0
2026-08-06,374.3900146484375,378.6400146484375,371.67999267578125,373.7099914550781,2594600,768.5599975585938,260.0,4.0,1.0,4.0,11.0,-0.00025733639953417836,-0.00031418429013788254,1.0,0,2.0,141.0
2026-08-07,374.54998779296875,379.8999938964844,372.6300048828125,378.80999755859375,2465700,773.260009765625,257.0,4.0,1.0,4.0,11.0,-0.0002407935513363794,-0.0003287442832030104,1.0,0,2.0,142.0
2026-08-10,379.239990234375,393.6300048828125,378.0,393.3800048828125,3221600,773.030029296875,258.0,4.0,1.0,4.0,11.0,-0.00021942488393270415,-0.0003038335890548687,1.0,0,2.0,143.0
2026-08-11,392.2200012207031,402.1400146484375,392.2200012207031,401.2300109863281,4123900,770.5599975585938,256.0,4.0,1.0,4.0,11.0,-0.0001988527092828768,-0.0002864613877849296,1.0,0,2.0,144.0
2026-08-12,403.80999755859375,404.9800109863281,397.1700134277344,401.2699890136719,3142600,772.489990234375,252.0,4.0,1.0,4.0,11.0,-0.00017598516376151954,-0.00026196581234351485,1.0,0,2.0,145.0
2026-08-13,403.7200012207031,404.69000244140625,398.0,401.2699890136719,2355600,777.8800048828125,248.0,4.0,1.0,4.0,11.0,-0.00017139346859072237,-0.00025733639953417836,1.0,0,2.0,146.0
2026-08-14,401.0199890136719,402.4599914550781,394.05999755859375,394.510009765625,1986200,776.3400268554688,246.0,4.0,1.0,4.0,11.0,-0.00019058229965069682,-0.0002407935513363794,1.0,0,2.0,147.0
2026-08-17,392.1000061035156,396.989990234375,389.6700134277344,390.3299865722656,2157800,772.6699829101562,242.0,4.0,1.0,4.0,11.0,-0.0002270206379689423,-0.00021942488393270415,1.0,0,2.0,148.0
2026-08-18,394.0,399.8699951171875,390.8399963378906,391.17999267578125,2385000,767.4500122070312,239.0,4.0,1.0,4.0,11.0,-0.00026022980835638677,-0.0001988527092828768,1.0,0,2.0,149.0
2026-08-19,394.17999267578125,405.2200012207031,394.0,397.7200012207031,2123014,769.0599975585938,236.0,4.0,1.0,4.0,11.0,-0.0002599223460880388,-0.00017598516376151954,1.0,0,2.0,150.0
