Date,Open,High,Low,Close,Volume,IndexClose,CVI,LTI,STI,VI,SecState,VWRS,VWRS_1wk,RS,GapDown,Thermostat,Days
2022-10-04,3.789247085182903,3.8090166495516478,3.7233472318483414,3.7760672569274902,55391124,358.8656921386719,,,,,,,,,0,,
2022-10-05,3.723346913495312,3.7958364967452125,3.716756821916696,3.782656669616699,42645327,358.0301818847656,14.0,,,3.0,,,,,0,,
2022-10-06,3.7562962025536923,3.782656568161138,3.6640370590998863,3.6772165298461914,46414931,354.33685302734375,41.0,,,1.0,,,,,0,,
2022-10-07,3.670626724459496,3.6772164597069557,3.6047268797839824,3.664036989212036,45566767,344.4530029296875,41.0,,,1.0,,,,,0,,
2022-10-10,3.6706274525477216,3.716757388573566,3.637677345659787,3.6442670822143555,38089194,341.8229675292969,41.0,,,1.0,,,,,0,,
2022-10-11,3.6442651882118993,3.6772152779749683,3.5717756315846056,3.5849554538726807,46465010,339.6582336425781,46.0,,,1.0,,,,,0,,
2022-10-12,3.5981363110568263,3.5981363110568263,3.49269627831121,3.5124669075012207,25835006,338.5378723144531,53.0,,,1.0,,,,,0,,
2022-10-13,3.5058775024075013,3.6310871207555735,3.5058775024075013,3.5520074367523193,55900407,347.4722900390625,54.0,,,1.0,,,,,0,,
2022-10-14,3.584957128139211,3.6179072332908206,3.5058774454213544,3.519057273864746,42723164,339.5538024902344,55.0,,,1.0,,,,,0,,
2022-10-17,3.5783677966139416,3.624498096044351,3.5717780590057373,3.5717780590057373,35015478,348.27923583984375,58.0,,,1.0,,,,,0,,
2022-10-18,3.6442664288655933,3.6838066212480527,3.6047269485405518,3.6772165298461914,45110622,352.3714599609375,69.0,,,1.0,,,,,0,,
2022-10-19,3.6508565202674546,3.6969864480230665,3.6442664288655933,3.6772165298461914,32801030,349.8742980957031,68.0,,,1.0,,,,,0,,
2022-10-20,3.756297301549562,3.7958375055004674,3.7497075642484226,3.7694778442382812,63454911,346.9405822753906,75.0,,,1.0,,,,,0,,
2022-10-21,3.7497052692047954,3.9803551903223027,3.7497052692047954,3.9474050998687744,71579428,355.37176513671875,97.0,,,4.0,,,,,0,,
2022-10-24,3.782656496010739,3.7958363225343605,3.637676624107388,3.664036989212036,78484383,359.7201843261719,139.0,,,4.0,,,,,0,,
2022-10-25,3.6310873888548136,3.6969872490661237,3.6179075592240664,3.624497652053833,41362204,365.4644470214844,138.0,,,4.0,,,,,0,,
2022-10-26,3.578366393924196,3.617906584218147,3.5124669075012207,3.5124669075012207,57853133,362.71099853515625,143.0,,4.0,4.0,,,,,1,,
2022-10-27,3.5783673582742517,3.6969872490661237,3.5717776214732706,3.624497652053833,61549545,360.7741394042969,147.0,,4.0,4.0,,,,,0,,
2022-10-28,3.5717768695133003,3.657446990177929,3.5651867780709336,3.63767671585083,54950160,369.357177734375,145.0,,4.0,4.0,,,,,0,,
2022-10-31,3.6376772900891923,3.848557045275681,3.6310871976065235,3.8353772163391113,87421374,366.68927001953125,160.0,,1.0,4.0,,,,,0,,
2022-11-01,3.863728108829362,3.956035551601546,3.7977942720224234,3.909881830215454,73112037,365.08465576171875,160.0,,1.0,4.0,,,,,0,,
2022-11-02,3.8703228659110005,3.890102985984259,3.7714219093322754,3.7714219093322754,25257403,355.9224548339844,165.0,,1.0,4.0,,,,,0,,
2022-11-03,3.7582321683798763,3.8966936328760733,3.7582321683798763,3.883507013320923,37772860,352.2575378417969,167.0,,1.0,4.0,,,,,0,,
2022-11-04,3.982409896089667,4.002190013409401,3.9164756967407115,3.936256170272827,57078387,357.3276062011719,166.0,,1.0,4.0,,,,,0,,
2022-11-07,3.8901019284156426,3.9164751772018316,3.7318602984245044,3.7582335472106934,54498320,360.7455749511719,175.0,,1.0,4.0,,,,,1,,
2022-11-08,3.731861312973327,3.791202029405534,3.7120815491124994,3.7714219093322754,60405895,362.6920166015625,172.0,,1.0,4.0,,,,,0,,
2022-11-09,3.672521424328812,3.6857080540000884,3.52087322394051,3.5406529903411865,81247543,355.21978759765625,190.0,,4.0,4.0,,,,,1,,
2022-11-10,3.356038681209361,3.38241194280987,3.290104814783074,3.329664707183838,78752451,374.7406005859375,205.0,,4.0,4.0,,,,,1,,
2022-11-11,3.309883961703084,3.402191774897014,3.263729876999918,3.27691650390625,75787050,378.36749267578125,204.0,,4.0,4.0,,,,,0,,
2022-11-14,3.303290161746541,3.3098836526903357,3.2373566771580706,3.2637295722961426,65545296,375.1488037109375,201.0,,4.0,4.0,,,,,0,,
2022-11-15,3.3164757015776707,3.3230691903626974,3.257135371149186,3.2966959476470947,27696978,378.3485412597656,198.0,,4.0,4.0,,,,,0,,
2022-11-16,3.270323108094699,3.2901035811973856,3.1648286763965316,3.1912026405334473,64311686,375.4621887207031,200.0,,4.0,4.0,,,,,0,,
2022-11-17,3.112081816759822,3.2043892663895313,3.105488325725593,3.1912026405334473,79059267,374.3133239746094,197.0,,4.0,4.0,,,,,0,,
2022-11-18,3.2769144256886027,3.2966952440341193,3.2175741079251097,3.2571346759796143,83755779,376.0128173828125,196.0,,4.0,4.0,,,,,0,,
2022-11-21,3.3164766860607564,3.3296633113329555,3.210982615246088,3.2901034355163574,70464329,374.6456604003906,194.0,,4.0,4.0,,,,,0,,
2022-11-22,3.2901038951300334,3.309884013907711,3.184609809578285,3.2043895721435547,106646231,379.6872863769531,194.0,,4.0,4.0,,,,,0,,
2022-11-23,3.164828584406867,3.204389173249989,3.145048824303851,3.1846094131469727,54865865,382.0798645019531,192.0,,4.0,4.0,,,,,0,,
2022-11-25,3.230762826372186,3.243950165911317,3.171422470039154,3.2043895721435547,25035448,381.9944763183594,189.0,,4.0,4.0,,,,,0,,
2022-11-28,3.1516429074651664,3.1912035082146053,3.1054891701012126,3.1252689361572266,36286704,375.89898681640625,189.0,,4.0,4.0,,,,,0,,
2022-11-29,3.1714227199554443,3.23076308096465,3.1582360918019883,3.1714227199554443,36356157,375.2532653808594,187.0,,4.0,4.0,,,,,0,,
2022-11-30,3.1912024062340345,3.290103339636625,3.1714219345836385,3.2835094928741455,51898651,387.0740661621094,191.0,,4.0,4.0,,,,,0,,
2022-12-01,3.285488551200268,3.3052809450659644,3.2459048327500137,3.278891086578369,56797063,386.78912353515625,188.0,,4.0,4.0,,,,,0,,
2022-12-02,3.3184750632137914,3.364656952812591,3.265696066324018,3.3250725269317627,60324319,386.3429260253906,186.0,,1.0,4.0,,,,,0,,
2022-12-05,3.2393088594600155,3.2656976579118937,3.1535425021808368,3.1667370796203613,65718532,379.3929138183594,195.0,,1.0,4.0,,,,,0,,
2022-12-06,3.1997236038293253,3.265696830743765,3.1931261385670493,3.2590997219085693,47942215,373.924072265625,196.0,,1.0,4.0,,,,,0,,
2022-12-07,3.265696830743765,3.311878731152618,3.2459051478110976,3.2590997219085693,52549673,373.28790283203125,193.0,,1.0,4.0,,,,,0,,
2022-12-08,3.232710799142919,3.25250355710161,3.1205556392669678,3.1205556392669678,49658144,376.212158203125,199.0,,1.0,4.0,,,,,0,,
2022-12-09,3.13603331235564,3.13603331235564,3.08219575881958,3.08219575881958,23933719,373.4018859863281,197.0,,1.0,4.0,,,,,0,,
2022-12-12,3.0148990005992267,3.0552773475646973,2.9812511658752205,3.0552773475646973,66618587,378.7853088378906,194.0,,4.0,4.0,,,,,1,,
2022-12-13,3.0552772051369588,3.068736411114262,2.9139535427093506,2.9139535427093506,65942753,381.6526184082031,202.0,,4.0,4.0,,,,,0,,
2022-12-14,2.8937651917691594,2.981251498771472,2.8331982099213064,2.934143543243408,70301517,379.21258544921875,199.0,,4.0,4.0,,,,,0,,
2022-12-15,2.961061959458667,3.0081697331988906,2.9206836079844183,2.934143543243408,37731506,369.9363098144531,196.0,,4.0,4.0,,,,,0,,
2022-12-16,2.9745212031289503,3.021629162099228,2.954332571280148,2.9812517166137695,44119360,365.56884765625,195.0,,4.0,4.0,,,,,0,,
2022-12-19,3.0283582052835203,3.088925907481137,3.0014397920911295,3.08219575881958,27678624,362.4689025878906,197.0,,4.0,4.0,,,,,0,,
2022-12-20,3.1966009837865776,3.2235193967198836,3.1494932157898385,3.1764116287231445,32009629,362.96490478515625,198.0,,4.0,4.0,,,,,0,,
2022-12-21,3.1696812463704864,3.2235187892425987,3.156222042440242,3.2033298015594482,40585306,368.3921813964844,196.0,,4.0,4.0,,,,,0,,
2022-12-22,3.2167888241711946,3.2504377410390592,3.1562218645356794,3.210059404373169,25118044,363.1365661621094,193.0,,4.0,4.0,,,,,0,,
2022-12-23,3.3042764831479152,3.3244651134632366,3.257168345968008,3.277357339859009,20034273,365.22540283203125,192.0,,1.0,4.0,,,,,0,,
2022-12-27,3.0956553844680066,3.1225737949813084,3.068736246803499,3.08892560005188,22700448,363.78515625,206.0,,1.0,4.0,,,,,1,,
2022-12-28,3.142763362158911,3.2167895414728878,3.142763362158911,3.196600914001465,18419181,359.2640686035156,208.0,,1.0,4.0,,,,,0,,
2022-12-29,3.2504385368044617,3.25716795824997,3.1629524222564913,3.1764116287231445,20013652,365.7309265136719,205.0,,1.0,4.0,,,,,0,,
2022-12-30,3.151495912719743,3.205367336105874,3.151495912719743,3.1716973781585693,11966293,364.76763916015625,202.0,,1.0,4.0,,,,,0,,
2023-01-03,3.01681580685861,3.0504859436504606,2.9090724241643873,2.9225401878356934,35651998,363.23199462890625,228.0,,1.0,4.0,,,,,1,,
2023-01-04,2.962945192036878,2.9764127782845526,2.91580727589409,2.9427435398101807,53745328,366.0362854003906,225.0,,1.0,4.0,,,,,0,,
2023-01-05,2.989881363544346,3.11109254648244,2.983147479676905,3.0976247787475586,35145320,361.85845947265625,232.0,,1.0,4.0,,,,,0,,
2023-01-06,3.164963926233401,3.232303119804084,3.13802766671416,3.2188353538513184,35398772,370.15667724609375,235.0,,1.0,4.0,,,,,0,,
2023-01-09,3.171697205800288,3.259238946183304,3.1514957414592617,3.2457704544067383,25074876,369.94677734375,232.0,,1.0,4.0,,,,,0,,
2023-01-10,3.2794413422753697,3.34678053855896,3.2659735757800257,3.34678053855896,31752552,372.5412292480469,232.0,,1.0,4.0,,,,,0,,
2023-01-11,3.373716177639811,3.420854261206665,3.340046221894001,3.4141201972961426,30890792,377.2530212402344,230.0,,1.0,4.0,,,,,0,,
2023-01-12,3.3737176499893007,3.4612586999965282,3.3131121397656993,3.4073872566223145,48550863,378.62652587890625,227.0,,1.0,4.0,,,,,0,,
2023-01-13,3.360247430823105,3.4006507110487134,3.3400452450002565,3.3871829509735107,21375745,380.0954895019531,224.0,,1.0,4.0,,,,,0,,
2023-01-17,3.360249438251195,3.441056774590469,3.340047240359463,3.4343230724334717,22530951,379.399169921875,221.0,,1.0,4.0,,,,,0,,
2023-01-18,3.488194461863333,3.5083962956767585,3.4073867628027226,3.441056728363037,36152331,373.40911865234375,218.0,,1.0,4.0,,,,,0,,
2023-01-19,3.3804512723360136,3.44779084055438,3.340047240359463,3.4343230724334717,32588932,370.6908874511719,215.0,,1.0,4.0,,,,,0,,
2023-01-20,3.3467815396621616,3.4006533493716367,3.340047836303711,3.340047836303711,33716947,377.59649658203125,215.0,,1.0,4.0,,,,,0,,
2023-01-23,3.2861742719693563,3.360248243623949,3.252505045540544,3.2727065086364746,50966985,382.1271057128906,213.0,,1.0,4.0,,,,,0,,
2023-01-24,3.3333128188692878,3.3467805855537436,3.2861750897633812,3.306377649307251,30496621,381.7169189453125,211.0,,1.0,4.0,,,,,0,,
2023-01-25,3.292910599315662,3.400653871469309,3.272708758524793,3.3804523944854736,28625245,381.8600158691406,210.0,,1.0,4.0,,,,,0,,
2023-01-26,3.373716330297475,3.3804503945127076,3.326578608404483,3.360248565673828,24237363,386.0567626953125,207.0,,1.0,4.0,,,,,0,,
2023-01-27,3.2996432839699006,3.3198458461313383,3.2525062763703825,3.2659740447998047,26274270,386.9438781738281,207.0,,1.0,4.0,,,,,1,,
2023-01-30,3.2457702727889743,3.259238763811908,3.212101046168964,3.25250506401062,23550085,382.0888977050781,204.0,,4.0,4.0,,,,,0,,
2023-01-31,3.3400469045587937,3.373716867186333,3.333312839271911,3.3535146713256836,16902774,387.70684814453125,206.0,,4.0,4.0,,,,,0,,
2023-02-01,3.335323196927032,3.348799086252266,3.2544674969493355,3.3083717823028564,40236229,391.82733154296875,203.0,,4.0,4.0,,,,,0,,
2023-02-02,3.4161799515227886,3.4229180781246633,3.342061286954741,3.355537176132202,47348523,397.5312194824219,201.0,,4.0,4.0,,,,,0,,
2023-02-03,3.3083715435304146,3.3353229562094473,3.267943150419933,3.281419038772583,37509665,393.3058166503906,201.0,,4.0,4.0,,,,,1,,
2023-02-06,3.2207766311199943,3.2948949271252324,3.1803486020357794,3.281419038772583,39227293,390.90216064453125,198.0,,4.0,4.0,,,,,0,,
2023-02-07,3.220775369842322,3.234251252917723,3.12644309623614,3.1466574668884277,33385091,396.0145263671875,203.0,,4.0,4.0,,,,,0,,
2023-02-08,3.335322183923552,3.4363929612839246,3.328584423320473,3.429654836654663,53223921,391.684326171875,232.0,,4.0,4.0,,,,,0,,
2023-02-09,3.362275460967279,3.382489475509386,3.281419038772583,3.281419038772583,47259583,388.2887268066406,236.0,,4.0,4.0,,,,,0,,
2023-02-10,3.281418750549268,3.342060788849099,3.247728122561194,3.3151090145111084,50702090,389.19482421875,233.0,,4.0,4.0,,,,,0,,
2023-02-13,3.3892264688159837,3.483559121989939,3.3690128228856713,3.470083236694336,30815901,393.76361083984375,238.0,,1.0,4.0,,,,,0,,
2023-02-14,3.4768215819069197,3.4970352291194824,3.389226683811104,3.402702569961548,53625457,393.5823974609375,236.0,,1.0,4.0,,,,,0,,
2023-02-15,3.4498688658697425,3.497035010486805,3.409440481893557,3.45660662651062,52103724,394.8604736328125,233.0,,1.0,4.0,,,,,0,,
2023-02-16,3.409440481893557,3.476821364537989,3.3892264719185565,3.45660662651062,25078502,389.4237060546875,230.0,,1.0,4.0,,,,,0,,
2023-02-17,3.4566066233463655,3.5037727679202515,3.449868862711656,3.470083236694336,26621195,388.4507751464844,227.0,,1.0,4.0,,,,,0,,
2023-02-21,3.4566060922526325,3.4835585867550627,3.3622741816247665,3.3757500648498535,33860838,380.6582336425781,226.0,,1.0,4.0,,,,,0,,
2023-02-22,3.3824889227489856,3.4296550703148494,3.3622749115102164,3.402702569961548,42643174,380.1336364746094,223.0,,1.0,4.0,,,,,0,,
2023-02-23,3.523987805399899,3.5442014530479806,3.4296551442094927,3.449869155883789,26403999,382.1556396484375,221.0,,1.0,4.0,,,,,0,,
2023-02-24,3.3487973973305993,3.3622740079116684,3.281417620660236,3.294893503189087,33357899,378.0732727050781,226.0,,1.0,4.0,,,,,1,,
2023-02-27,3.3151078351310272,3.321845958331493,3.247726967152476,3.2544658184051514,23901768,379.36102294921875,224.0,,1.0,4.0,,,,,0,,
2023-02-28,3.274680905581904,3.2814190317569563,3.22077662423402,3.24099063873291,31634946,377.95892333984375,220.0,,1.0,4.0,,,,,0,,
2023-03-01,3.2025591718353215,3.290207624435425,3.1486212702701555,3.290207624435425,51206162,376.50909423828125,218.0,,4.0,4.0,,,,,0,,
2023-03-02,3.2093016498037614,3.2093016498037614,3.08794116973877,3.0879411697387695,65561498,379.4373474121094,231.0,,4.0,4.0,,,,,0,,
2023-03-03,3.1283949553077295,3.1688485722891,3.101426362991333,3.101426362991333,67750454,385.5226135253906,228.0,,4.0,4.0,,,,,0,,
2023-03-06,3.10816789933983,3.249754264318024,3.1014259343192836,3.216043710708618,36475236,385.7896728515625,230.0,,4.0,4.0,,,,,0,,
2023-03-07,3.1755903899848765,3.209301675186598,3.1216524793634703,3.20255970954895,29627270,379.8760070800781,227.0,,4.0,4.0,,,,,0,,
2023-03-08,3.256497837596159,3.323920048247794,3.249754778748187,3.276724100112915,23662705,380.4960632324219,226.0,,4.0,4.0,,,,,0,,
2023-03-09,3.249754355731407,3.2767236735855696,3.1890744833195828,3.209301471710205,34941607,373.47601318359375,224.0,,4.0,4.0,,,,,0,,
2023-03-10,3.121651785139351,3.1688477196272054,3.0609719223748906,3.074456214904785,36702402,368.0869140625,228.0,,4.0,4.0,,,,,1,,
2023-03-13,3.027260927054118,3.0946836749356206,2.9800651674510714,3.0205187797546387,51061704,367.56231689453125,226.0,,4.0,4.0,,,,,0,,
2023-03-14,3.0205187797546387,3.0609723920582055,3.0002923378562003,3.0205187797546387,47717995,373.6380920410156,223.0,,4.0,4.0,,,,,0,,
2023-03-15,2.966580959682847,3.000292241477349,2.8991587603471762,2.973323106765747,74566242,371.30126953125,221.0,,4.0,4.0,,,,,1,,
2023-03-16,3.000292630462394,3.0811989523266248,2.9665813442972557,3.0609726905822754,42503702,377.8158264160156,221.0,,4.0,4.0,,,,,0,,
2023-03-17,3.0407458524814186,3.0407458524814186,2.946354518434146,2.973323106765747,46282370,373.3980407714844,221.0,,4.0,4.0,,,,,0,,
2023-03-20,3.020518346385896,3.0340026390501964,2.9463541903523045,2.966580629348755,34152359,376.98858642578125,218.0,,4.0,4.0,,,,,0,,
2023-03-21,3.027261899822477,3.087941973523177,3.0205197503565024,3.0407469272613525,33686923,381.9386291503906,217.0,,4.0,4.0,,,,,0,,
2023-03-22,3.0407459501597676,3.1014260043617727,3.0205187797546387,3.0205187797546387,38651955,375.4279479980469,214.0,,4.0,4.0,,,,,0,,
2023-03-23,3.0744568317992127,3.0879411270347514,2.8856746951081744,2.9193854331970215,56678098,376.4428405761719,216.0,,4.0,4.0,,,,,0,,
2023-03-24,2.9221168215063615,3.0245276727949477,2.8948069168995794,2.983563184738159,31938364,378.9130859375,215.0,,4.0,4.0,,,,,0,,
2023-03-27,3.051837251874465,3.0928017479394367,3.0245282640624884,3.0859744548797607,37394665,379.6216125488281,217.0,,4.0,4.0,,,,,0,,
2023-03-28,3.1064549672052695,3.154246922565335,3.1064549672052695,3.1132824420928955,29071647,378.76947021484375,214.0,,4.0,4.0,,-0.00025852921707503255,,,0,,
2023-03-29,3.1132826886591674,3.181556336382626,3.099628106655814,3.1679017543792725,25654519,384.2748107910156,212.0,,4.0,4.0,,-0.00023664515139340607,,,0,,
2023-03-30,3.27713942527771,3.3181039078483496,3.1883840914591084,3.27713942527771,32125422,386.52484130859375,214.0,,4.0,4.0,,-0.00020058494186437636,,,0,,
2023-03-31,3.3249316215515137,3.359068631333148,3.2771396603158807,3.3249316215515137,80508148,391.9727783203125,212.0,,1.0,4.0,,-0.0001487305076949603,,,0,,
2023-04-03,3.238834866375521,3.266167214273227,3.184171278049635,3.218336343765259,28145986,393.4664001464844,213.0,,1.0,4.0,,-0.0001336510429266756,,,1,,
2023-04-04,3.266167381932246,3.3003328185581595,3.245668858269753,3.293498992919922,23889872,391.2834167480469,212.0,,1.0,4.0,,-0.00012278862059887286,-0.00025852921707503255,,0,,
2023-04-05,3.307165536726815,3.3413302350396736,3.245668858269753,3.293498992919922,33129373,390.2589416503906,209.0,,1.0,4.0,,-0.00011716602661158129,-0.00023664515139340607,,0,,
2023-04-06,3.300333908378663,3.3071666288035866,3.2456699300393783,3.279834270477295,21720856,391.7812194824219,206.0,,1.0,4.0,,-9.988219285779678e-05,-0.00020058494186437636,,0,,
2023-04-10,3.279832205980554,3.320830348506982,3.2661664045760226,3.3003318309783936,19245138,392.183349609375,203.0,,1.0,4.0,,-8.470399020379341e-05,-0.0001487305076949603,,0,,
2023-04-11,3.3959942011138144,3.4848236078355423,3.3891614821907776,3.464324712753296,50439687,392.28875732421875,211.0,,1.0,4.0,,-4.134357565573413e-05,-0.0001336510429266756,,0,,
2023-04-12,3.5326535637766483,3.6009833192635035,3.498488501454985,3.553152084350586,40413317,390.689697265625,211.0,,1.0,4.0,,2.125465624308733e-05,-0.00012278862059887286,,0,,
2023-04-13,3.539486883979085,3.5941508453448883,3.5189883599125773,3.5258214473724365,35683155,395.8792419433594,208.0,,1.0,4.0,,5.096478806052336e-05,-0.00011716602661158129,,0,,
2023-04-14,3.498489499661058,3.607817065802605,3.491656411415781,3.594151258468628,30547833,394.91217041015625,206.0,,1.0,4.0,,8.233292745060466e-05,-9.988219285779678e-05,,0,,
2023-04-17,3.6009852386462406,3.6214837701462232,3.532655446738514,3.5599870681762695,24804656,396.3292236328125,204.0,,1.0,4.0,,8.690249697131602e-05,-8.470399020379341e-05,,0,,
2023-04-18,3.5258214473724365,3.566818495505452,3.491656010073141,3.5258214473724365,23278958,396.5876770019531,201.0,,1.0,4.0,,9.713730995256889e-05,-4.134357565573413e-05,,0,,
2023-04-19,3.4779881518623097,3.491653949560965,3.409658425056401,3.4164915084838867,22328144,396.5207214355469,203.0,,1.0,4.0,,5.620771983122689e-05,2.125465624308733e-05,,1,,
2023-04-20,3.3959931849375335,3.457490220939206,3.3959931849375335,3.4301586151123047,17663243,394.3568420410156,200.0,,1.0,4.0,,3.9148012735710956e-05,5.096478806052336e-05,,0,,
2023-04-21,3.4301604016636063,3.43699312210083,3.389162233257013,3.43699312210083,6341288,394.66326904296875,197.0,,1.0,4.0,,2.8982789864454944e-05,8.233292745060466e-05,,0,,
2023-04-24,3.409658425056401,3.457488901579852,3.361827579376633,3.4164915084838867,18537580,395.0749206542969,194.0,,1.0,4.0,,5.040080091476921e-05,8.690249697131602e-05,,0,,
2023-04-25,3.4164928121988543,3.450657134904252,3.3891604680590373,3.4301586151123047,23945389,388.8035583496094,191.0,,1.0,4.0,,6.626847271154529e-05,9.713730995256889e-05,,0,,
2023-04-26,3.4301601913981945,3.4574918097849885,3.3959947455231334,3.409661293029785,14191278,387.1567687988281,189.0,,1.0,3.0,,6.924352558675218e-05,5.620771983122689e-05,,0,,
2023-04-27,3.471157294868492,3.518988166140645,3.4506576644611853,3.5121543407440186,19528275,394.8643493652344,190.0,,1.0,3.0,,0.00010237316964127842,3.9148012735710956e-05,,0,,
2023-04-28,3.4779892726013255,3.53265321932336,3.4574900157132356,3.5189874172210693,19740939,398.2344665527344,187.0,,1.0,3.0,,0.0001119408864737341,2.8982789864454944e-05,,0,,
2023-05-01,3.4916558178062553,3.5394866890784082,3.4916558178062553,3.5121543407440186,6988344,397.8323669433594,185.0,,1.0,3.0,,0.00013930015456812915,5.040080091476921e-05,,0,,
2023-05-02,3.5012137545504887,3.52172898195312,3.3507706008180467,3.357609748840332,25942074,393.3611145019531,192.0,,4.0,3.0,,9.559835431499743e-05,6.626847271154529e-05,,0,,
2023-05-03,3.3644477447481145,3.412315869176593,3.343932517612453,3.371286153793335,22225948,390.66107177734375,189.0,,4.0,3.0,,6.556059756008895e-05,6.924352558675218e-05,,0,,
2023-05-04,3.41231643790481,3.425992888830662,3.316580173091562,3.384962797164917,40415470,387.89404296875,186.0,,4.0,3.0,,5.380586893302011e-05,0.00010237316964127842,,0,,
2023-05-05,3.439667128340814,3.5901102084675482,3.4191526498631615,3.569594621658325,41261707,395.0749206542969,197.0,,4.0,3.0,,0.0001486628144506834,0.0001119408864737341,,0,,
2023-05-08,3.5627572935456087,3.6379790332840516,3.542242441546002,3.5490808486938477,39583281,395.1802062988281,195.0,,4.0,3.0,,0.00024264317270688836,0.00013930015456812915,,0,,
2023-05-09,3.549081799343898,3.6653329047764163,3.54224339036433,3.617464780807495,31618631,393.4472351074219,194.0,,1.0,3.0,,0.0003113541737125209,9.559835431499743e-05,,0,,
2023-05-10,3.6311422182239204,3.720039693858979,3.60378858042228,3.7132012844085693,25645455,395.2855529785156,194.0,,1.0,3.0,,0.0003168881205633688,6.556059756008895e-05,,0,,
2023-05-11,3.6721706834619634,3.7747457025370608,3.6653326444121594,3.726877212524414,33606140,394.5962219238281,191.0,,1.0,3.0,,0.00033900495663909304,5.380586893302011e-05,,0,,
2023-05-12,3.6995250297494517,3.747393528978773,3.6858485795725557,3.7063634395599365,16146156,394.0791320800781,188.0,,1.0,3.0,,0.00034814190317001675,0.0001486628144506834,,0,,
2023-05-15,3.726878997955287,3.7610710568046657,3.685849635668572,3.75423264503479,20039598,395.4388122558594,186.0,,1.0,3.0,,0.00033869959987759484,0.00024264317270688836,,0,,
2023-05-16,3.7610710382859494,3.7952627275227955,3.6995260715484624,3.699526071548462,28086617,392.7961730957031,185.0,,1.0,3.0,,0.0003201834776858088,0.0003113541737125209,,0,,
2023-05-17,3.75423264503479,3.7610710568046657,3.6995260897641438,3.75423264503479,21034938,397.5643310546875,183.0,,1.0,3.0,,0.0003232071711663917,0.0003168881205633688,,0,,
2023-05-18,3.6995248349518035,3.720039693858979,3.658495117137452,3.7132012844085693,16213003,401.3941955566406,181.0,,1.0,3.0,,0.00032324825909766535,0.00033900495663909304,,0,,
2023-05-19,3.6379794659210956,3.665332358877488,3.6174642420378396,3.651655912399292,24319732,400.8100891113281,180.0,,1.0,3.0,,0.0003129715507620885,0.00034814190317001675,,0,,
2023-05-22,3.6926874093264628,3.6926874093264628,3.5969507694244385,3.5969507694244385,22845585,400.97283935546875,178.0,,1.0,3.0,,0.0002899987497603036,0.00033869959987759484,,0,,
2023-05-23,3.637979811040986,3.699524380197306,3.603788137435913,3.603788137435913,30336302,396.4728698730469,176.0,,1.0,3.0,,0.00024917022552395097,0.0003201834776858088,,0,,
2023-05-24,3.637979573006286,3.6653324667678207,3.6037879016383902,3.624302387237549,23756744,393.60040283203125,173.0,,1.0,3.0,,0.00020366838600770592,0.0003232071711663917,,0,,
2023-05-25,3.6858488626897565,3.706363724252924,3.6243035391120495,3.6926872730255127,27469358,397.0090026855469,173.0,,1.0,3.0,,0.00018035865324956765,0.00032324825909766535,,0,,
2023-05-26,3.7268761135023323,3.774744589398998,3.6311406394845767,3.6790080070495605,32900847,402.1505432128906,170.0,,1.0,3.0,,0.0001704928322454201,0.0003129715507620885,,0,,
2023-05-30,3.590111296972437,3.596949335390297,3.5080511415184326,3.576434850692749,45232419,402.3037414550781,172.0,,4.0,3.0,,0.00017847879078104778,0.0002899987497603036,,1,,
2023-05-31,3.542242872181697,3.562757726675325,3.4738602701655865,3.5148892402648926,22434873,400.0728759765625,171.0,,4.0,3.0,,0.00014265530855563977,0.00024917022552395097,,0,,
2023-06-01,3.558689063780913,3.6476568727029255,3.5450019645302695,3.620281934738159,22531405,403.8739318847656,173.0,,4.0,3.0,,0.0001514779112021171,0.00020366838600770592,,0,,
2023-06-02,3.716093987088495,3.7297810909372435,3.6750319360785224,3.702406883239746,20313217,409.7144470214844,173.0,,4.0,3.0,,0.0001941136859710097,0.00018035865324956765,,0,,
2023-06-05,3.7024063017615103,3.76399918373712,3.7024063017615103,3.736624240875244,22836521,408.92938232421875,171.0,,4.0,3.0,,0.00027739222270733267,0.0001704928322454201,,0,,
2023-06-06,3.722935964660731,3.8050600278741697,3.722935964660731,3.770841360092163,19260660,409.8197937011719,169.0,,4.0,3.0,,0.0003438682934943408,0.00017847879078104778,,0,,
2023-06-07,3.8050600278741697,3.8324338529047095,3.7571542627110492,3.770841360092163,17233383,408.4027099609375,167.0,,1.0,3.0,,0.0003968221172908383,0.00014265530855563977,,0,,
2023-06-08,3.7776873044069172,3.82559272787331,3.764000199015907,3.8119056224823,9468708,410.8729248046875,165.0,,1.0,3.0,,0.00044560510706196104,0.0001514779112021171,,0,,
2023-06-09,3.8050607335975517,3.880340337753296,3.791372894214381,3.880340337753296,17661431,411.6101989746094,164.0,,1.0,3.0,,0.0004849773160736526,0.0001941136859710097,,0,,
2023-06-12,3.89402683945789,3.9145580407809293,3.825590610909526,3.846121072769165,20079366,415.34423828125,162.0,,1.0,3.0,,0.00048578693540626865,0.00027739222270733267,,0,,
2023-06-13,3.866651778452927,3.9077138021774727,3.846120211993228,3.8871822357177734,25466441,418.0826110839844,160.0,,1.0,3.0,,0.00047736486562147015,0.0003438682934943408,,0,,
2023-06-14,3.9008706846042576,3.976151025943173,3.8871835850992023,3.9693076610565186,37344020,418.5804138183594,161.0,,1.0,3.0,,0.00048586902237483044,0.0003968221172908383,,0,,
2023-06-15,3.982994435406192,4.044586932748401,3.982994435406192,4.03774356842041,29713152,423.7698669433594,160.0,,1.0,3.0,,0.0005230283683791932,0.00044560510706196104,,0,,
2023-06-16,3.9693073370184955,4.071961868987225,3.9624636029587896,4.03774356842041,20730388,422.326416015625,158.0,,1.0,3.0,,0.0005574469739052051,0.0004849773160736526,,0,,
2023-06-20,4.109577068846039,4.137204137803395,4.054322184637019,4.1302971839904785,24132447,420.1352844238281,158.0,,1.0,3.0,,0.0005613915214468457,0.00048578693540626865,,0,,
2023-06-21,4.123386896518019,4.199361827572192,4.123386896518019,4.185548305511475,19208089,417.982666015625,157.0,,1.0,3.0,,0.000592466218412953,0.00047736486562147015,,0,,
2023-06-22,4.1579218894075085,4.164829585588103,4.1095747327883005,4.13720178604126,20356158,419.491455078125,155.0,,1.0,3.0,,0.0005879485617874938,0.00048586902237483044,,0,,
2023-06-23,4.095760857974651,4.151015716145208,4.075040752594414,4.102667808532715,19050829,416.3200988769531,154.0,,1.0,3.0,,0.0005743295341121399,0.0005230283683791932,,0,,
2023-06-26,4.137202364104346,4.171736745216211,4.08885445443593,4.116482257843018,10214335,414.619140625,151.0,,1.0,3.0,,0.0005255275095738778,0.0005574469739052051,,0,,
2023-06-27,4.07504115410602,4.1026682127664005,3.9990658099224383,4.047413349151611,23521986,419.1646728515625,151.0,,1.0,3.0,,0.000538477677819449,0.0005613915214468457,,0,,
2023-06-28,3.999066285652755,4.012879816626207,3.9576253195853384,3.964531898498535,20180543,419.3761901855469,151.0,,1.0,3.0,,0.0005354805337450791,0.000592466218412953,,0,,
2023-06-29,3.9921580789021935,4.033599408965647,3.9852511283671217,4.0197858810424805,14740897,421.0290222167969,150.0,,1.0,1.0,,0.0005281756454924603,0.0005879485617874938,,0,,
2023-06-30,4.075039386749268,4.102666433427715,4.047411593777115,4.075039386749268,18446826,425.9974670410156,149.0,,1.0,1.0,,0.0004813094757193167,0.0005743295341121399,,0,,
2023-07-03,4.1054509706700015,4.133097141612571,4.091628071898772,4.119274616241455,8147630,426.4876403808594,148.0,,1.0,1.0,,0.0004778125055873738,0.0005255275095738778,,0,,
2023-07-05,4.070892253779042,4.146918733155226,4.057069359365189,4.105449676513672,19878372,425.8533630371094,146.0,,1.0,1.0,,0.00047002952580818,0.000538477677819449,,0,,
2023-07-06,4.050159421303479,4.070894333617814,3.9672212656468835,4.001779079437256,17317225,422.51861572265625,148.0,,1.0,1.0,,0.0004469527995744342,0.0005354805337450791,,0,,
2023-07-07,4.0639805656576105,4.160741189773365,4.0639805656576105,4.146918296813965,21249528,421.4518737792969,153.0,,1.0,1.0,,0.0004411272860961063,0.0005281756454924603,,0,,
2023-07-10,4.112364160080091,4.1261870628174036,4.0570718023304035,4.06398344039917,14098712,422.51861572265625,154.0,,1.0,1.0,,0.0004210277834270682,0.0004813094757193167,,0,,
2023-07-11,3.974130809828834,4.036334393807378,3.918838486247913,4.029422760009766,22118879,425.20947265625,152.0,,1.0,1.0,,0.00040788770763245806,0.0004778125055873738,,1,,
2023-07-12,4.057068315810159,4.098536988385187,4.022510528564453,4.022510528564453,16383633,428.6306457519531,149.0,,1.0,1.0,,0.00037201368967942444,0.00047002952580818,,0,,
2023-07-13,4.077804716445112,4.13309667873787,4.057070183910319,4.098538875579834,16912518,432.03265380859375,149.0,,1.0,1.0,,0.0003907855546590305,0.0004469527995744342,,0,,
2023-07-14,4.1054507044670805,4.119274349142191,4.029423832654725,4.036335468292236,21411887,431.7635498046875,149.0,,1.0,1.0,,0.0004348874127276553,0.0004411272860961063,,0,,
2023-07-17,4.029422823737493,4.105449676513672,4.008688668816711,4.105449676513672,14139500,433.2627258300781,148.0,,1.0,1.0,,0.0004813771186064836,0.0004210277834270682,,0,,
2023-07-18,4.112361618781136,4.133095773373995,4.029422760009766,4.029422760009766,19127533,436.482177734375,148.0,,1.0,1.0,,0.00045826767488745625,0.00040788770763245806,,0,,
2023-07-19,4.050159421303479,4.070894333617814,3.987955431160847,4.001779079437256,27232222,437.4527587890625,146.0,,1.0,1.0,,0.00041430376027875616,0.00037201368967942444,,0,,
2023-07-20,4.015600478800179,4.0778044456742135,3.9879539393894565,4.070892810821533,38658187,434.55047607421875,146.0,,1.0,1.0,,0.0003782573037058306,0.0003907855546590305,,0,,
2023-07-21,4.153831346675977,4.181477888823662,4.11927428919162,4.167654991149902,29372912,434.55047607421875,147.0,1.0,1.0,1.0,1.0,0.00041379336949664956,0.0004348874127276553,,0,1.0,1.0
2023-07-24,4.160742009474383,4.250592511711584,4.119273695826534,4.133096218109131,30987210,436.4917907714844,146.0,1.0,1.0,1.0,1.0,0.00045698103624887214,0.0004813771186064836,,0,1.0,2.0
2023-07-25,4.153829929993643,4.1745648295326765,4.1054492445358095,4.146918296813965,26794770,437.6833801269531,144.0,1.0,1.0,1.0,1.0,0.00046854659805033123,0.00045826767488745625,,0,1.0,3.0
2023-07-26,4.15383195417521,4.188389763513824,4.105451245141233,4.181478500366211,25468594,437.750732421875,142.0,1.0,1.0,1.0,1.0,0.0004612912908131314,0.00041430376027875616,,0,1.0,4.0
2023-07-27,4.133095559069367,4.153830085987112,4.063980718276865,4.077803611755371,17623135,434.8484191894531,144.0,1.0,1.0,1.0,1.0,0.0004302201879514858,0.0003782573037058306,,0,1.0,5.0
2023-07-28,4.119272884295121,4.146918296813965,4.084714718396732,4.146918296813965,15335268,439.10577392578125,144.0,1.0,1.0,1.0,1.0,0.0004290433803095536,0.00041379336949664956,,0,1.0,6.0
2023-07-31,4.160742266664944,4.195300441507748,4.140008108559366,4.1538310050964355,13769576,439.94183349609375,142.0,1.0,1.0,1.0,1.0,0.00040479286475880467,0.00045698103624887214,,0,1.0,7.0
2023-08-01,4.1012676237998305,4.128932571715742,4.066687559850967,4.108183860778809,15898483,438.6828308105469,140.0,1.0,1.0,1.0,1.0,0.0004255998923046872,0.00046854659805033123,,1,1.0,8.0
2023-08-02,4.108184825726191,4.1220176765819385,4.039023560637554,4.094352722167969,19060799,432.58038330078125,138.0,1.0,4.0,1.0,2.0,0.00038641431092502565,0.0004612912908131314,,0,2.0,9.0
2023-08-03,4.06668751228746,4.115100423276723,3.9767775535583496,3.9767775535583496,15710518,431.3406982421875,142.0,1.0,4.0,1.0,2.0,0.00033373926910140457,0.0004302201879514858,,0,2.0,10.0
2023-08-04,3.990611952308555,4.045941137246235,3.921451031609837,3.9283668994903564,27945105,429.3898620605469,141.0,1.0,4.0,1.0,2.0,0.00025587604303005233,0.0004290433803095536,,0,2.0,11.0
2023-08-07,3.949114629059621,3.956030494543268,3.8799526113840286,3.886868476867676,25463495,433.13787841796875,139.0,1.0,4.0,1.0,2.0,0.00019563736775313296,0.00040479286475880467,,0,2.0,12.0
2023-08-08,3.8246237641580976,3.921449999130089,3.8038757923303588,3.8522887229919434,31582602,431.2541809082031,138.0,1.0,4.0,1.0,2.0,0.00015230439749100964,0.0004255998923046872,,0,2.0,13.0
2023-08-09,3.8315385893914082,3.859203164363601,3.7623773387852695,3.8384552001953125,28521349,428.3712158203125,136.0,1.0,4.0,1.0,2.0,0.00011659824967505693,0.00038641431092502565,,0,2.0,14.0
2023-08-10,3.8937852819946785,3.9698624143140195,3.8799524307250977,3.8799524307250977,28612669,428.5250244140625,135.0,1.0,4.0,1.0,2.0,0.00012518381751635427,0.00033373926910140457,,0,2.0,15.0
2023-08-11,3.886869462216927,3.9145344257599466,3.852289378734811,3.8592052459716797,16133127,428.2750549316406,133.0,1.0,4.0,1.0,2.0,0.00012670959813781144,0.00025587604303005233,,0,2.0,16.0
2023-08-14,3.824624395104361,3.824624395104361,3.762379348406144,3.7692952156066895,12220878,430.6391906738281,135.0,1.0,4.0,1.0,2.0,0.00011861222194759809,0.00019563736775313296,,1,2.0,17.0
2023-08-15,3.7347132599543804,3.76237746218523,3.7001324466927734,3.741629123687744,24081575,425.6227111816406,133.0,1.0,4.0,1.0,2.0,7.777016592932617e-05,0.00015230439749100964,,1,2.0,18.0
2023-08-16,3.7623777587940945,3.8107906769877817,3.720880704878986,3.734713554382324,26547210,422.4994201660156,131.0,1.0,4.0,1.0,2.0,3.978558878559809e-05,0.00011659824967505693,,0,2.0,19.0
2023-08-17,3.748545961308411,3.769293929479483,3.6863009358489256,3.6932168006896973,21993683,419.280029296875,130.0,1.0,4.0,1.0,2.0,4.020894441699055e-05,0.00012518381751635427,,0,2.0,20.0
2023-08-18,3.6655512597824695,3.7692933259185937,3.6655512597824695,3.741629123687744,15625316,419.4818420410156,129.0,1.0,4.0,1.0,2.0,6.051054779908252e-05,0.00012670959813781144,,0,2.0,21.0
2023-08-21,3.7070479393005367,3.734712886059145,3.6793837398392477,3.707047939300537,17278590,422.21112060546875,128.0,1.0,4.0,1.0,2.0,8.886094950611004e-05,0.00011861222194759809,,0,2.0,22.0
2023-08-22,3.755461686039784,3.8107908445942686,3.734713718642781,3.7900428771972656,17698366,421.06744384765625,130.0,1.0,4.0,1.0,2.0,0.00011011744285892548,7.777016592932617e-05,,0,2.0,23.0
2023-08-23,3.8107892448328156,3.935279612495235,3.796957147825252,3.921447515487671,28251355,425.7572326660156,136.0,1.0,4.0,1.0,2.0,0.00019218574604311692,3.978558878559809e-05,,0,2.0,24.0
2023-08-24,3.859203164363601,3.8868673656871082,3.824622352236189,3.8384552001953125,15334702,419.856689453125,137.0,1.0,4.0,1.0,2.0,0.00024337160901256148,4.020894441699055e-05,,0,2.0,25.0
2023-08-25,3.824623370446836,3.831539609443332,3.7554621014282334,3.796959161758423,19503689,422.8164978027344,136.0,1.0,4.0,1.0,2.0,0.00025682219010654696,6.051054779908252e-05,,0,2.0,26.0
2023-08-28,3.762376344833463,3.935279612495235,3.7485442478258992,3.921447515487671,29395572,425.497802734375,141.0,1.0,1.0,1.0,1.0,0.00022452169994869285,8.886094950611004e-05,,0,1.0,27.0
2023-08-29,3.9698613953026602,4.039022644707586,3.9560292948811466,4.018274307250977,25984109,431.6482849121094,143.0,1.0,1.0,1.0,1.0,0.00023847473374536606,0.00011011744285892548,,0,1.0,28.0
2023-08-30,3.9767785499850037,3.983694414967267,3.8937851810077273,3.9007010459899902,21624551,433.4261474609375,146.0,1.0,1.0,1.0,1.0,0.0002597367668394476,0.00019218574604311692,,0,1.0,29.0
2023-08-31,3.8315382144243024,3.8453710610296974,3.7692928334162388,3.8038740158081055,31037969,432.7918395996094,148.0,1.0,1.0,4.0,5.0,0.000252551841672699,0.00024337160901256148,,1,2.0,30.0
2023-09-01,3.902831154698043,3.9097511701732746,3.8474721524546163,3.861311435699463,29987791,433.5990905761719,147.0,1.0,1.0,4.0,5.0,0.00024272367596388645,0.00025682219010654696,,0,2.0,31.0
2023-09-05,3.7644331752294007,3.8059528993100535,3.722913451148748,3.7298338413238525,21225509,431.7251281738281,153.0,1.0,1.0,4.0,5.0,0.00022041206181981965,0.00022452169994869285,,1,2.0,32.0
2023-09-06,3.7229121941440146,3.771351544338994,3.67447359165449,3.6883132457733154,13322494,428.8228759765625,151.0,1.0,1.0,4.0,5.0,0.00020580202570970527,0.00023847473374536606,,0,2.0,33.0
2023-09-07,3.6952327646140026,3.6952327646140026,3.646793416008997,3.6675527095794678,11861037,427.50628662109375,149.0,1.0,1.0,4.0,5.0,0.00015577384853204424,0.0002597367668394476,,0,2.0,34.0
2023-09-08,3.688312752150458,3.7505917481291955,3.6675523391188576,3.695232391357422,13557251,428.1501770019531,147.0,1.0,1.0,4.0,5.0,0.0001643036669203112,0.000252551841672699,,0,2.0,35.0
2023-09-11,3.7713513569269423,3.8405511194931923,3.750592063706672,3.819791078567505,15581809,430.96588134765625,152.0,1.0,1.0,4.0,5.0,0.00019347549246386385,0.00024272367596388645,,0,2.0,36.0
2023-09-12,3.805951425136422,3.8543907729242752,3.799031411494526,3.819791078567505,13737965,428.60186767578125,150.0,1.0,1.0,4.0,5.0,0.0002333715119343903,0.00022041206181981965,,0,2.0,37.0
2023-09-13,3.875150050929951,3.930509412142349,3.868230411167932,3.8820700645446777,17034315,429.1015625,149.0,1.0,1.0,4.0,5.0,0.00026443727552782524,0.00020580202570970527,,0,2.0,38.0
2023-09-14,3.902830123901367,3.937429444433702,3.882070082958715,3.902830123901367,16499539,432.8014221191406,147.0,1.0,1.0,4.0,5.0,0.00030216120244480404,0.00015577384853204424,,0,2.0,39.0
2023-09-15,3.923589328263374,3.9305089672421487,3.8751496122959592,3.8959100246429443,24617484,427.5869445800781,145.0,1.0,1.0,4.0,5.0,0.00035265920065567156,0.0001643036669203112,,0,2.0,40.0
2023-09-18,3.9166699814169594,3.9443492897439394,3.8751502712210315,3.8889899253845215,12793156,427.8376770019531,143.0,1.0,1.0,4.0,5.0,0.00036823132038651935,0.00019347549246386385,,0,2.0,41.0
2023-09-19,3.905760253916695,3.9267209551734523,3.8568509443713217,3.863837718963623,16057103,426.9504089355469,141.0,1.0,1.0,4.0,5.0,0.0003525906591078075,0.0002333715119343903,,0,2.0,42.0
2023-09-20,3.9197314652635162,3.9896025601033647,3.9127443180315726,3.926718235015869,15509864,423.02532958984375,141.0,1.0,1.0,4.0,5.0,0.00034540423704684754,0.00026443727552782524,,0,2.0,43.0
2023-09-21,3.835887557985206,3.849861476243027,3.7939650482524923,3.800952196121216,12995170,416.0334777832031,145.0,1.0,1.0,4.0,5.0,0.00030081354083048525,0.00030216120244480404,,1,2.0,44.0
2023-09-22,3.807940244674683,3.842875995744752,3.7939663217264075,3.8079402446746826,19889249,415.097900390625,143.0,1.0,1.0,4.0,5.0,0.00024964245968840947,0.00035265920065567156,,0,2.0,45.0
2023-09-25,3.7939661804366147,3.8219147802518454,3.76601833558086,3.773005485534668,11020125,416.8434753417969,142.0,1.0,1.0,4.0,5.0,0.00019997109826710099,0.00036823132038651935,,0,2.0,46.0
2023-09-26,3.7380690848075977,3.7730044474852926,3.6961465740984374,3.7031333446502686,10916795,410.7195129394531,142.0,1.0,1.0,4.0,5.0,0.00018425583391238059,0.0003525906591078075,,0,2.0,47.0
2023-09-27,3.7310835506510815,3.7310835506510815,3.619290643710301,3.6472384929656982,20465492,410.8835144042969,141.0,1.0,1.0,4.0,5.0,0.00016995537756847516,0.00034540423704684754,,0,2.0,48.0
2023-09-28,3.654226656185967,3.7730063450611424,3.647238749680772,3.7380709648132324,17266014,413.2655029296875,143.0,1.0,1.0,4.0,5.0,0.00016837102198108772,0.00030081354083048525,,0,2.0,49.0
2023-09-29,3.773005072268061,3.793965764874131,3.738069703805318,3.7520432472229004,17386452,412.2625427246094,141.0,1.0,1.0,4.0,5.0,0.00018859562086352843,0.00024964245968840947,,0,2.0,50.0
2023-10-02,3.7338631806803715,3.747847515779987,3.670933106090577,3.7058937549591064,11503576,412.0986328125,140.0,1.0,1.0,4.0,5.0,0.00017914048306672513,0.00019997109826710099,,0,2.0,51.0
2023-10-03,3.6569494402921157,3.684918115610221,3.580034261003523,3.5940182209014893,19408743,406.5822448730469,144.0,1.0,4.0,4.0,6.0,0.0001061567770337837,0.00018425583391238059,,0,2.0,52.0
2023-10-04,3.614995372637615,3.6919097900390625,3.5940179234822867,3.6919097900390625,17459643,409.54296875,147.0,1.0,4.0,4.0,6.0,4.423495642498195e-05,0.00016995537756847516,,0,2.0,53.0
2023-10-05,3.6989014597493717,3.754839173121875,3.6569484580407328,3.7408552169799805,40319618,409.3886413574219,146.0,1.0,4.0,4.0,6.0,8.818365233048934e-06,0.00016837102198108772,,0,2.0,54.0
2023-10-06,3.6639419010540077,3.8317562415511515,3.642964825171013,3.7688257694244385,30760950,414.2492370605469,144.0,1.0,4.0,4.0,6.0,3.582661620217582e-05,0.00018859562086352843,,0,2.0,55.0
2023-10-09,3.740854277293256,3.7478462536078485,3.6919081765257675,3.7338619232177734,18897080,416.9013671875,142.0,1.0,4.0,4.0,6.0,4.818217236957829e-05,0.00017914048306672513,,0,2.0,56.0
2023-10-10,3.7828090190887447,3.838747116471988,3.77581704023661,3.782809019088745,24444475,419.0712890625,141.0,1.0,4.0,4.0,6.0,8.524069098040922e-05,0.0001061567770337837,,0,2.0,57.0
2023-10-11,3.8247623218829356,3.8597233452299777,3.789800920774912,3.8527309894561768,17222053,420.78790283203125,141.0,1.0,4.0,4.0,6.0,0.00010071343970524556,4.423495642498195e-05,,0,2.0,58.0
2023-10-12,3.8317551376198535,3.866715787402583,3.754839592636096,3.782809019088745,10177173,418.2226257324219,142.0,1.0,1.0,4.0,5.0,0.00010997286904920495,8.818365233048934e-06,,0,2.0,59.0
2023-10-13,3.8177700466325017,3.8597238085504477,3.7688246836234476,3.782809019088745,15639252,416.1394958496094,139.0,1.0,1.0,4.0,5.0,0.0001241663970194436,3.582661620217582e-05,,0,2.0,60.0
2023-10-16,3.817769765853882,3.845739190249514,3.7898010969802485,3.817769765853882,14443144,420.51788330078125,138.0,1.0,1.0,4.0,5.0,0.00013755669510510452,4.818217236957829e-05,,0,2.0,61.0
2023-10-17,3.7758174988499498,3.8387475827288586,3.7618324061639594,3.789801836013794,16923168,420.4985656738281,136.0,1.0,1.0,4.0,5.0,0.000170617818862026,8.524069098040922e-05,,0,2.0,62.0
2023-10-18,3.7338629479722942,3.768824350183935,3.670932877304533,3.6849172115325928,26118709,414.8953857421875,140.0,1.0,1.0,4.0,5.0,0.0001485761249532652,0.00010071343970524556,,0,2.0,63.0
2023-10-19,3.6779238461356925,3.7967919766144465,3.6709318698211,3.7338619232177734,15283943,411.24993896484375,139.0,1.0,1.0,4.0,5.0,0.00014096482090373658,0.00010997286904920495,,0,2.0,64.0
2023-10-20,3.733861923217773,3.7478462536078485,3.684916200211175,3.7338619232177734,18294778,406.19647216796875,137.0,1.0,1.0,4.0,5.0,0.00011424155608257572,0.0001241663970194436,,0,2.0,65.0
2023-10-23,3.7198788865605255,3.8037856536046046,3.70589379578481,3.747847557067871,13429222,405.4924621582031,135.0,1.0,1.0,4.0,5.0,0.00013965230535893872,0.00013755669510510452,,0,2.0,66.0
2023-10-24,3.7758181280521037,3.8177711465346857,3.7408567126749146,3.7688257694244385,11187015,408.5496520996094,133.0,1.0,1.0,4.0,5.0,0.000154667920232097,0.000170617818862026,,0,2.0,67.0
2023-10-25,3.7898004648813837,3.817769129090138,3.761831045150757,3.761831045150757,12296449,402.6860046386719,131.0,1.0,1.0,4.0,5.0,0.0001618077630295476,0.0001485761249532652,,0,2.0,68.0
2023-10-26,3.768824633370161,3.887693183164824,3.768824633370161,3.8807008266448975,16357461,397.864013671875,136.0,1.0,1.0,4.0,5.0,0.00015154523865462018,0.00014096482090373658,,0,2.0,69.0
2023-10-27,3.9156616377923052,3.9226539946012196,3.7828091249891562,3.7967934608459473,11305641,396.0606689453125,137.0,1.0,1.0,4.0,5.0,0.00012006736896286655,0.00011424155608257572,,0,2.0,70.0
2023-10-30,3.8317554968845817,3.845739833661048,3.7268716488973657,3.775817394256592,26402752,400.79583740234375,135.0,1.0,1.0,4.0,5.0,8.491462106577432e-05,0.00013965230535893872,,0,2.0,71.0
2023-10-31,3.7338638430484763,3.761832518209205,3.6849180948755746,3.7128875255584717,16751972,403.31298828125,135.0,1.0,1.0,4.0,5.0,2.4980503900580518e-05,0.000154667920232097,,0,2.0,72.0
2023-11-01,3.7436750812970216,3.834643094052655,3.7436750812970216,3.799654960632324,15642198,407.6141662597656,137.0,1.0,1.0,4.0,5.0,-5.809462498963061e-06,0.0001618077630295476,,0,2.0,73.0
2023-11-02,3.848638019679216,3.939606033623859,3.8276455173983743,3.932607650756836,12943732,415.4258117675781,143.0,1.0,1.0,4.0,5.0,2.8429632316920786e-05,0.00015154523865462018,,0,2.0,74.0
2023-11-03,3.939606217183354,4.023576230219166,3.9326078339902524,3.9885880947113037,15573312,419.2159423828125,142.0,1.0,1.0,4.0,5.0,9.623357639191529e-05,0.00012006736896286655,,0,2.0,75.0
2023-11-06,3.9955853030504764,4.023575047135189,3.9745920498728085,4.002582550048828,11864323,420.1803283691406,140.0,1.0,1.0,4.0,5.0,0.00016819810458352605,8.491462106577432e-05,,0,2.0,76.0
2023-11-07,4.107547206821132,4.191517231826658,4.107547206821132,4.149531841278076,25800223,421.3761901855469,146.0,1.0,1.0,4.0,5.0,0.0002284596608683923,2.4980503900580518e-05,,0,2.0,77.0
2023-11-08,4.170525432926252,4.170525432926252,4.100549524456099,4.1285400390625,14854990,421.6848449707031,144.0,1.0,1.0,4.0,5.0,0.0002950409868926083,-5.809462498963061e-06,,0,2.0,78.0
2023-11-09,4.121543649111973,4.191518822520977,4.114546396403246,4.142536163330078,22108909,418.3961181640625,142.0,1.0,1.0,4.0,5.0,0.00034349421579923017,2.8429632316920786e-05,,0,2.0,79.0
2023-11-10,4.177522635633139,4.254495037734793,4.1705253851076165,4.226505279541016,21470690,424.92510986328125,143.0,1.0,1.0,4.0,5.0,0.0003785164607769911,9.623357639191529e-05,,0,2.0,80.0
2023-11-13,4.163527011871338,4.191516765059027,4.142534129911907,4.163527011871338,13993230,424.5201416015625,142.0,1.0,1.0,4.0,5.0,0.00039616115475476534,0.00016819810458352605,,0,2.0,81.0
2023-11-14,4.282486582500996,4.303479095220611,4.247498809271015,4.275489330291748,16090073,432.75616455078125,145.0,1.0,1.0,4.0,5.0,0.00045392780784845357,0.0002284596608683923,,0,2.0,82.0
2023-11-15,4.317472742607341,4.338466007251597,4.289483361280392,4.303478240966797,11562718,433.67230224609375,143.0,1.0,1.0,4.0,5.0,0.0004692719672506226,0.0002950409868926083,,0,2.0,83.0
2023-11-16,4.296480298526124,4.380450326607797,4.289483048216539,4.338465690612793,18006429,434.2027282714844,141.0,1.0,1.0,4.0,5.0,0.00049449078471034,0.00034349421579923017,,0,2.0,84.0
2023-11-17,4.317470391501509,4.366453388844572,4.303475897481754,4.345460891723633,12822274,434.7428283691406,139.0,1.0,1.0,4.0,5.0,0.0004964020741918209,0.0003785164607769911,,0,2.0,85.0
2023-11-20,4.366455349318723,4.443428503398069,4.35945772112136,4.4294328689575195,16429973,438.0893249511719,139.0,1.0,1.0,4.0,5.0,0.0005526348655385138,0.00039616115475476534,,0,2.0,86.0
2023-11-21,4.40843998523355,4.429432110137767,4.352459725336445,4.366454601287842,15644237,437.1344909667969,139.0,1.0,1.0,4.0,5.0,0.0005648983475971492,0.00045392780784845357,,0,2.0,87.0
2023-11-22,4.429431280365037,4.443426909786128,4.380448656642506,4.4084391593933105,19531674,438.8221740722656,137.0,1.0,1.0,4.0,5.0,0.0005492174282662705,0.0004692719672506226,,0,2.0,88.0
2023-11-24,4.38044826090998,4.401441136076573,4.32446801655704,4.345460891723633,12125479,439.09222412109375,137.0,1.0,1.0,4.0,5.0,0.00048807674925029277,0.00049449078471034,,0,2.0,89.0
2023-11-27,4.373451075040757,4.401441578073715,4.3244684508244635,4.352458953857422,13998328,438.30145263671875,135.0,1.0,1.0,4.0,5.0,0.0004671534596032633,0.0004964020741918209,,0,2.0,90.0
2023-11-28,4.380449081461773,4.471417090086969,4.366454206774826,4.464419841766357,24800690,438.73541259765625,137.0,1.0,1.0,4.0,5.0,0.0004799870160194799,0.0005526348655385138,,0,2.0,91.0
2023-11-29,4.429431750746484,4.485412006101512,4.429431750746484,4.457422256469727,17903893,438.4267883300781,135.0,1.0,1.0,4.0,5.0,0.0005030508687871364,0.0005648983475971492,,0,2.0,92.0
2023-11-30,4.443428955623822,4.499409230808419,4.415438439985661,4.4784159660339355,15456386,440.1531066894531,133.0,1.0,1.0,4.0,5.0,0.0005445699403481503,0.0005492174282662705,,0,2.0,93.0
2023-12-01,4.439206288450319,4.5162276031874775,4.418200647286713,4.502223968505859,12947697,442.7569580078125,131.0,1.0,1.0,4.0,5.0,0.000570247111958107,0.00048807674925029277,,0,2.0,94.0
2023-12-04,4.481215323538679,4.516225338391809,4.432202059308637,4.4532084465026855,9211290,440.43280029296875,130.0,1.0,1.0,3.0,3.0,0.000574884146916039,0.0004671534596032633,,0,1.0,95.0
2023-12-05,4.446206222260894,4.54423236756041,4.446206222260894,4.523226737976074,13195145,440.3459777832031,130.0,1.0,1.0,3.0,3.0,0.0005654921777698027,0.0004799870160194799,,0,1.0,96.0
2023-12-06,4.537231228906185,4.544233232861651,4.453209072851711,4.481215953826904,20056366,438.5715026855469,129.0,1.0,1.0,3.0,3.0,0.0005267924526688414,0.0005030508687871364,,0,1.0,97.0
2023-12-07,4.508733602773369,4.558125019073486,4.473453856330115,4.558125019073486,25613731,441.91790771484375,129.0,1.0,1.0,3.0,3.0,0.0005301531843850607,0.0005445699403481503,,0,1.0,98.0
2023-12-08,4.5087327648519056,4.607515960294595,4.5087327648519056,4.593404293060303,20177597,443.81787109375,128.0,1.0,1.0,3.0,3.0,0.0005045839953772384,0.000570247111958107,,0,1.0,99.0
2023-12-11,4.536958293362173,4.5651816367366544,4.522845859273372,4.529901504516602,10434477,445.54412841796875,127.0,1.0,1.0,3.0,3.0,0.0004953115408894096,0.000574884146916039,,0,1.0,100.0
2023-12-12,4.508733786145667,4.51578943076069,4.45228634202101,4.4875664710998535,11383251,447.57891845703125,126.0,1.0,1.0,3.0,3.0,0.0004640236272737543,0.0005654921777698027,,1,1.0,101.0
2023-12-13,4.544014401717255,4.678076630611978,4.515790293064699,4.671020984649658,24214816,453.7511291503906,135.0,1.0,1.0,3.0,3.0,0.0005112435203168458,0.0005267924526688414,,0,1.0,102.0
2023-12-14,4.713355500431599,4.762746914905517,4.656908060689775,4.699243068695068,26945119,455.2073669433594,134.0,1.0,1.0,3.0,3.0,0.0005559018814783929,0.0005301531843850607,,0,1.0,103.0
2023-12-15,4.692188422243379,4.699244449584725,4.628685319773752,4.642796993255615,15905734,454.4578857421875,133.0,1.0,1.0,3.0,3.0,0.0005714660474534923,0.0005045839953772384,,0,1.0,104.0
2023-12-18,4.685131613464729,4.755690725766116,4.6569082735047616,4.741579055786133,13172485,457.0142517089844,134.0,1.0,1.0,3.0,3.0,0.0005563907566985883,0.0004953115408894096,,0,1.0,105.0
2023-12-19,4.805082030709018,4.819194462762151,4.762747021753973,4.769803047180176,11775836,459.7933044433594,132.0,1.0,1.0,3.0,3.0,0.0005521220354016519,0.0004640236272737543,,0,1.0,106.0
2023-12-20,4.741578777756253,4.7486344217321586,4.678075313568115,4.678075313568115,14055205,453.42181396484375,133.0,1.0,1.0,3.0,3.0,0.0005262041581808903,0.0005112435203168458,,1,1.0,107.0
2023-12-21,4.741579055786133,4.76274713255721,4.706299690235806,4.741579055786133,11894007,457.7210998535156,132.0,1.0,1.0,3.0,3.0,0.0004921962346145486,0.0005559018814783929,,0,1.0,108.0
2023-12-22,4.783915120115094,4.868585526363612,4.776859094094069,4.812138080596924,17530229,458.6410217285156,132.0,1.0,1.0,3.0,3.0,0.00047207097754757126,0.0005714660474534923,,0,1.0,109.0
2023-12-26,4.840362696862249,4.946201573573902,4.83330705129539,4.9320902824401855,18694953,460.5776672363281,134.0,1.0,1.0,3.0,3.0,0.0005289481494612462,0.0005563907566985883,,0,1.0,110.0
2023-12-27,4.932089143824102,4.974423769853528,4.91797671234597,4.967368125915527,16431786,461.41046142578125,132.0,1.0,1.0,3.0,3.0,0.000574556557773428,0.0005521220354016519,,0,1.0,111.0
2023-12-28,4.925033493270933,4.9532576003415585,4.90386617536956,4.9320902824401855,13089889,461.5846252441406,131.0,1.0,1.0,3.0,3.0,0.0005943799226849684,0.0005262041581808903,,0,1.0,112.0
2023-12-29,4.913732638498856,4.927852387796898,4.864312943827236,4.906672954559326,7108555,460.24847412109375,129.0,1.0,1.0,3.0,3.0,0.0005821895486001474,0.0004921962346145486,,0,1.0,113.0
2024-01-02,4.850193205561106,4.871372638846851,4.77959369607235,4.807833194732666,11228936,457.6726989746094,130.0,1.0,1.0,3.0,3.0,0.0005353727243804001,0.00047207097754757126,,0,1.0,114.0
2024-01-03,4.814893255269208,4.843133518976209,4.758413872112245,4.765474319458008,19508221,453.9350280761719,129.0,1.0,1.0,3.0,3.0,0.0004795861574011747,0.0005289481494612462,,0,1.0,115.0
2024-01-04,4.694874573497241,4.77253492607071,4.68075482146311,4.737234592437744,18648614,452.4728698730469,127.0,1.0,1.0,3.0,3.0,0.00042407783009272126,0.000574556557773428,,0,1.0,116.0
2024-01-05,4.800773297847175,4.8784336382740525,4.786653929440463,4.864313125610352,21800846,453.0926208496094,130.0,1.0,1.0,3.0,3.0,0.00042264371532473754,0.0005943799226849684,,0,1.0,117.0
2024-01-08,4.8360728128637245,4.857252243331863,4.8078325551223875,4.843132495880127,12273449,459.5609130859375,129.0,1.0,1.0,3.0,3.0,0.0004395779483344967,0.0005821895486001474,,0,1.0,118.0
2024-01-09,4.800773489783793,4.807833555688409,4.751353791289503,4.772534370422363,28913594,458.86376953125,128.0,1.0,1.0,3.0,3.0,0.00045963561179637383,0.0005353727243804001,,0,1.0,119.0
2024-01-10,4.800773129358095,4.814892878688253,4.772534012116763,4.807833194732666,9251965,461.4588623046875,127.0,1.0,1.0,3.0,3.0,0.00045623782975286187,0.0004795861574011747,,0,1.0,120.0
2024-01-11,4.843133686008365,4.850193752178606,4.772534549982059,4.821954250335693,13506380,461.2554626464844,125.0,1.0,1.0,3.0,3.0,0.00043304302832919867,0.00042407783009272126,,0,1.0,121.0
2024-01-12,4.829012381017595,4.86431193767067,4.81489187180234,4.8360724449157715,12607118,461.574951171875,123.0,1.0,1.0,3.0,3.0,0.0004254931041462015,0.00042264371532473754,,0,1.0,122.0
2024-01-16,4.821954759917833,4.829014445415113,4.716055281848912,4.723114967346191,21085810,459.8804016113281,125.0,1.0,4.0,3.0,4.0,0.0003875967389741542,0.0004395779483344967,,0,2.0,123.0
2024-01-17,4.7019329892394826,4.730173246229887,4.6878132421632035,4.708993434906006,14755739,457.32415771484375,124.0,1.0,4.0,3.0,4.0,0.00036071442429362204,0.00045963561179637383,,0,2.0,124.0
2024-01-18,4.680753096150588,4.708993352647681,4.659573666615599,4.701932907104492,16596637,461.39105224609375,122.0,1.0,4.0,3.0,4.0,0.0003380804073254676,0.00045623782975286187,,0,2.0,125.0
2024-01-19,4.67369341344523,4.723113099477312,4.67369341344523,4.701932907104492,25662223,467.1428527832031,120.0,1.0,4.0,3.0,4.0,0.0003289709574894791,0.00043304302832919867,,0,2.0,126.0
2024-01-22,4.666634204433757,4.708994215522519,4.518374737751571,4.560734748840332,28381423,468.13055419921875,125.0,1.0,4.0,3.0,4.0,0.0002950445612569898,0.0004254931041462015,,0,2.0,127.0
2024-01-23,4.588974526630429,4.624274855866068,4.5466152758046885,4.61015510559082,17184778,469.49578857421875,124.0,1.0,4.0,3.0,4.0,0.00025411697803180564,0.0003875967389741542,,0,2.0,128.0
2024-01-24,4.72311425204982,4.730174317896948,4.61015510559082,4.61015510559082,23450268,470.0090026855469,123.0,1.0,4.0,3.0,4.0,0.00022463727143594793,0.00036071442429362204,,0,2.0,129.0
2024-01-25,4.638395453383381,4.659575654793506,4.610155947674704,4.617215633392334,16914784,472.5653076171875,121.0,1.0,4.0,3.0,4.0,0.0002573051992434276,0.0003380804073254676,,0,2.0,130.0
2024-01-26,4.6807527415863035,4.708992995944214,4.666632995826235,4.687812805175781,10838618,471.9649963378906,121.0,1.0,4.0,3.0,4.0,0.00030894209314061017,0.0003289709574894791,,0,2.0,131.0
2024-01-29,4.666634604809317,4.6807543554376565,4.603095154853263,4.645454406738281,12572448,475.70263671875,120.0,1.0,4.0,3.0,4.0,0.00034616165395287557,0.0002950445612569898,,0,2.0,132.0
2024-01-30,4.610154752857021,4.638394251246844,4.596035003662109,4.596035003662109,14337322,475.3347473144531,119.0,1.0,4.0,3.0,4.0,0.00034448321694020547,0.00025411697803180564,,0,2.0,133.0
2024-01-31,4.694873691410677,4.758413517173856,4.6525148246858485,4.659574508666992,22062909,467.5785217285156,118.0,1.0,4.0,3.0,4.0,0.0003331714870469856,0.00022463727143594793,,0,2.0,134.0
2024-02-01,4.683590888977051,4.70478354058167,4.620012934163192,4.683590888977051,20609610,473.6982727050781,117.0,1.0,4.0,3.0,4.0,0.00033097375254337904,0.0002573051992434276,,0,2.0,135.0
2024-02-02,4.58469321060449,4.662400263309948,4.563500551525862,4.634142875671387,14832103,478.6851501464844,116.0,1.0,4.0,3.0,4.0,0.00032985312935089405,0.00030894209314061017,,0,2.0,136.0
2024-02-05,4.641207101847821,4.718914152531861,4.6058861315190205,4.676528453826904,16950813,476.942138671875,115.0,1.0,4.0,3.0,4.0,0.00034285547225688424,0.00034616165395287557,,0,2.0,137.0
2024-02-06,4.725978128346615,4.980290412902832,4.711849816513046,4.980290412902832,72132445,478.3268127441406,142.0,1.0,1.0,4.0,5.0,0.00039986142466598337,0.00034448321694020547,,0,2.0,138.0
2024-02-07,4.853132523015809,4.916710473348042,4.839004216825356,4.909646511077881,48634705,482.3162841796875,141.0,1.0,1.0,4.0,5.0,0.0004474294609904652,0.0003331714870469856,,0,2.0,139.0
2024-02-08,4.909648490097831,4.930840767100796,4.775428191410494,4.789556503295898,28086277,482.529296875,143.0,1.0,1.0,4.0,5.0,0.00043152839345157257,0.00033097375254337904,,0,2.0,140.0
2024-02-09,4.810748444176164,4.888455489892562,4.775427857755613,4.881391525268555,16765001,485.3180236816406,143.0,1.0,1.0,4.0,5.0,0.00039142060759831624,0.00032985312935089405,,0,2.0,141.0
2024-02-12,4.8672640318502705,4.944971102804219,4.853135716363432,4.923778057098389,9004744,485.10498046875,142.0,1.0,1.0,4.0,5.0,0.00038947224392182385,0.00034285547225688424,,0,2.0,142.0
2024-02-13,4.824878608182394,4.867263550450803,4.761299859003576,4.810749530792236,23909699,478.4237060546875,143.0,1.0,1.0,4.0,5.0,0.0003844825059372213,0.00039986142466598337,,0,2.0,143.0
2024-02-14,4.81781290162425,4.909648649283247,4.775428346244088,4.846070289611816,22133948,482.77142333984375,141.0,1.0,1.0,4.0,5.0,0.00036992701819008137,0.0004474294609904652,,0,2.0,144.0
2024-02-15,4.853134038323135,4.909648044030729,4.846069692197123,4.895519733428955,23047373,486.10235595703125,140.0,1.0,1.0,4.0,5.0,0.000360939926168769,0.00043152839345157257,,0,2.0,145.0
2024-02-16,4.881389898696975,4.937903886759047,4.867260829206261,4.909646511077881,22690818,483.6815490722656,138.0,1.0,1.0,4.0,5.0,0.0003993680135104768,0.00039142060759831624,,0,2.0,146.0
2024-02-20,5.036805007090181,5.135704727984586,5.022676693619738,5.107448101043701,34712174,481.0187683105469,146.0,1.0,1.0,4.0,5.0,0.0004389547196277645,0.00038947224392182385,,0,2.0,147.0
2024-02-21,5.100382636452355,5.107447746823403,5.065062046051025,5.065062046051025,21043889,481.4544372558594,144.0,1.0,1.0,4.0,5.0,0.000438502172977355,0.0003844825059372213,,0,2.0,148.0
2024-02-22,5.061415328703007,5.105174215882847,5.024949655055604,5.039536476135254,18606693,491.4183654785156,143.0,1.0,1.0,4.0,5.0,0.0004410360617435039,0.00036992701819008137,,0,2.0,149.0
2024-02-23,4.9666047527292045,5.039536494301692,4.959311539170478,4.995777606964111,26246738,491.7572937011719,141.0,1.0,1.0,4.0,5.0,0.000444033289648464,0.000360939926168769,,0,2.0,150.0
2024-02-26,5.017656441523167,5.046829295652913,5.003070408473072,5.039536476135254,11940007,489.9562072753906,139.0,1.0,1.0,4.0,5.0,0.000465772556541288,0.0003993680135104768,,0,2.0,151.0
2024-02-27,5.068708272051955,5.156225647731813,5.054122239779358,5.134346008300781,13939639,490.86651611328125,140.0,1.0,1.0,4.0,5.0,0.0005032727189875834,0.0004389547196277645,,0,2.0,152.0
2024-02-28,5.097880698258678,5.134345578883007,5.076000666642856,5.112466335296631,14830517,490.2176818847656,138.0,1.0,1.0,4.0,5.0,0.0005578831393083253,0.000438502172977355,,0,2.0,153.0
2024-02-29,4.995777491307218,5.0176563434473245,4.944725785607584,4.973897457122803,28909288,491.9800109863281,141.0,1.0,1.0,4.0,5.0,0.0005811161904207542,0.0004410360617435039,,1,2.0,154.0
2024-03-01,5.032242774963379,5.054122810881552,4.981191853248048,5.032242774963379,19162429,496.598876953125,139.0,1.0,1.0,4.0,5.0,0.0005819699268376304,0.000444033289648464,,0,2.0,155.0
2024-03-04,5.003071308135986,5.054123418028562,4.995778487306917,5.003071308135986,15037629,496.0663146972656,138.0,1.0,1.0,4.0,5.0,0.0005441562104835676,0.000465772556541288,,0,2.0,156.0
2024-03-05,4.995776111657881,5.017654957755856,4.952017237417948,4.959310054779053,12904417,491.1085205078125,136.0,1.0,1.0,4.0,5.0,0.0005438956776070107,0.0005032727189875834,,0,2.0,157.0
2024-03-06,5.024949955010389,5.068708844802332,4.988484673201038,5.032242774963379,18217734,493.5970458984375,136.0,1.0,1.0,4.0,5.0,0.0005362444653582884,0.0005578831393083253,,0,2.0,158.0
2024-03-07,5.054122527404367,5.054122527404367,4.959311539170478,4.995777606964111,15549632,498.4967346191406,134.0,1.0,1.0,4.0,5.0,0.0005380252238025041,0.0005811161904207542,,0,2.0,159.0
2024-03-08,4.968780976455532,5.034447477014455,4.968780976455532,4.990670204162598,11512640,495.504638671875,132.0,1.0,1.0,4.0,5.0,0.0005336343048409905,0.0005819699268376304,,0,2.0,160.0
2024-03-11,5.005262304095732,5.041744347910067,4.983373866181929,4.997966289520264,13398178,495.07861328125,130.0,1.0,1.0,4.0,5.0,0.0005221830761204972,0.0005441562104835676,,0,2.0,161.0
2024-03-12,5.0271517181374,5.07822579701498,4.997966868082308,5.056337356567383,12824880,500.404296875,129.0,1.0,1.0,4.0,5.0,0.0005503530924237635,0.0005438956776070107,,0,2.0,162.0
2024-03-13,5.041744231620437,5.136595572412932,5.027151020243902,5.129299163818359,22298346,499.61993408203125,129.0,1.0,1.0,4.0,5.0,0.0005884546110622353,0.0005362444653582884,,0,2.0,163.0
2024-03-14,5.1220021586793845,5.136594578858577,5.049039269408795,5.07092809677124,18805307,498.6323547363281,128.0,1.0,1.0,4.0,5.0,0.0006219084391509625,0.0005380252238025041,,0,2.0,164.0
2024-03-15,5.063633564388526,5.085522399855271,5.019855499267578,5.019855499267578,12706595,495.2084045410156,127.0,1.0,1.0,4.0,5.0,0.0006131052388011735,0.0005336343048409905,,0,2.0,165.0
2024-03-18,5.100115355621125,5.107411370949043,4.997966804968444,5.03444766998291,14515090,498.1515197753906,125.0,1.0,1.0,4.0,5.0,0.0006105531795172034,0.0005221830761204972,,0,2.0,166.0
2024-03-19,5.027151584625244,5.06363323750639,5.019855175211529,5.027151584625244,9721027,500.9197998046875,123.0,1.0,1.0,3.0,3.0,0.0006200824804523092,0.0005503530924237635,,0,1.0,167.0
2024-03-20,5.056336834144774,5.129299345931437,5.027151198730262,5.107410907745361,18587432,505.5529479980469,123.0,1.0,1.0,3.0,3.0,0.0006340844439339126,0.0005884546110622353,,0,1.0,168.0
2024-03-21,5.100113602270068,5.100113602270068,5.012557506561279,5.012557506561279,11108612,507.2236022949219,124.0,1.0,1.0,3.0,3.0,0.000600940095076564,0.0006219084391509625,,0,1.0,169.0
2024-03-22,5.028086142551578,5.0428744514406425,4.968932507516433,4.991115570068359,11201858,506.2620544433594,122.0,1.0,1.0,3.0,3.0,0.000575998083399058,0.0006131052388011735,,0,1.0,170.0
2024-03-25,4.9763269014195215,5.013298675602433,4.9763269014195215,4.9837212562561035,8597431,504.86346435546875,120.0,1.0,1.0,3.0,3.0,0.0005585768103232128,0.0006105531795172034,,0,1.0,171.0
2024-03-26,5.020693170545977,5.094635528421798,5.01329921439367,5.087241172790527,10634905,503.93084716796875,122.0,1.0,1.0,3.0,3.0,0.0006029626712097412,0.0006200824804523092,,0,1.0,172.0
2024-03-27,5.087241320070968,5.146395367875776,5.065059051492884,5.1316070556640625,9558555,508.1658020019531,121.0,1.0,1.0,3.0,3.0,0.000643652289699004,0.0006340844439339126,,0,1.0,173.0
2024-03-28,5.111635324422508,5.163416610348907,5.0968398149039515,5.126430034637451,9949893,508.0687255859375,119.0,1.0,1.0,3.0,3.0,0.0006734946063657866,0.000600940095076564,,0,1.0,174.0
2024-04-01,5.111634850703326,5.119032005299366,4.882313866235404,4.904505729675293,14509198,507.1847839355469,132.0,1.0,1.0,3.0,3.0,0.0005923253582467977,0.000575998083399058,,0,1.0,175.0
2024-04-02,4.882311944471064,4.934094004519852,4.852721739127056,4.897106647491455,14977920,503.9600524902344,130.0,1.0,4.0,3.0,4.0,0.0005083213581074134,0.0005585768103232128,,0,2.0,176.0
2024-04-03,4.874915823516977,4.911902389062424,4.823133352867923,4.867517471313477,21855004,504.5136413574219,128.0,1.0,4.0,3.0,4.0,0.0004057809550364665,0.0006029626712097412,,0,2.0,177.0
2024-04-04,4.934095352260495,4.948890059322038,4.786146283386455,4.800940990447998,30974974,498.3555603027344,128.0,1.0,4.0,3.0,4.0,0.0003600835191467637,0.000643652289699004,,0,2.0,178.0
2024-04-05,4.830531104800175,4.837928258353371,4.756556771706232,4.793543338775635,23793113,503.561767578125,126.0,1.0,4.0,3.0,4.0,0.00032151651650097176,0.0006734946063657866,,0,2.0,179.0
2024-04-08,4.837928331248856,4.94149287872289,4.837928331248856,4.882313251495361,13822034,503.8434143066406,126.0,1.0,4.0,3.0,4.0,0.0003363568024474186,0.0005923253582467977,,0,2.0,180.0
2024-04-09,4.948889122892979,4.985876083374023,4.919298915065511,4.985876083374023,22057244,504.4262390136719,128.0,1.0,4.0,3.0,4.0,0.00038266789280064933,0.0005083213581074134,,0,2.0,181.0
2024-04-10,4.889711184772743,4.904505894112625,4.763954756602501,4.778749465942383,24511322,499.37542724609375,138.0,1.0,4.0,4.0,6.0,0.0003630421319397628,0.0004057809550364665,,1,2.0,182.0
2024-04-11,4.763954260544475,4.800941229868717,4.74176159936784,4.7713518142700195,14075146,503.14410400390625,136.0,1.0,4.0,4.0,6.0,0.0003386961869808266,0.0003600835191467637,,0,2.0,183.0
2024-04-12,4.712170955162621,4.7195685069594,4.667786044033591,4.697376251220703,18551176,496.1991882324219,136.0,1.0,4.0,4.0,6.0,0.0002928146359803687,0.00032151651650097176,,1,2.0,184.0
2024-04-15,4.630799856731562,4.675184779094174,4.534633657292495,4.5420308113098145,36919825,489.98272705078125,142.0,1.0,4.0,4.0,6.0,0.00026197766954126075,0.0003363568024474186,,0,2.0,185.0
2024-04-16,4.468056285513296,4.490248545934658,4.401479504249212,4.4384660720825195,42076561,489.089111328125,143.0,1.0,4.0,4.0,6.0,0.0001941451577132468,0.00038266789280064933,,1,2.0,186.0
2024-04-17,4.453261742754498,4.482851962588083,4.3940825020427505,4.475454807281494,26436176,486.194580078125,141.0,1.0,4.0,4.0,6.0,0.00014450965335011584,0.0003630421319397628,,0,2.0,187.0
2024-04-18,4.497646074855671,4.527236290755004,4.40147987144161,4.460659503936768,20631703,485.1941223144531,139.0,1.0,4.0,4.0,6.0,0.00012828367771953984,0.0003386961869808266,,0,2.0,188.0
2024-04-19,4.460660097016509,4.5346344476450495,4.460660097016509,4.475454807281494,16556529,480.9591369628906,137.0,1.0,4.0,4.0,6.0,0.0001192614882282599,0.0002928146359803687,,0,2.0,189.0
2024-04-22,4.46805655756406,4.542030896689983,4.445863896139712,4.5124406814575195,13126372,485.38836669921875,136.0,1.0,4.0,4.0,6.0,0.00012224044526350656,0.00026197766954126075,,0,2.0,190.0
2024-04-23,4.527235923078867,4.667787039275418,4.512440416679052,4.623402118682861,32994093,491.14825439453125,138.0,1.0,4.0,4.0,6.0,0.00015245742373304802,0.0001941451577132468,,0,2.0,191.0
2024-04-24,4.5790191095952215,4.616005683265838,4.542031336969253,4.593813419342041,20616635,490.9151916503906,136.0,1.0,4.0,4.0,6.0,0.0001994666536166026,0.00014450965335011584,,0,2.0,192.0
2024-04-25,4.527235963755828,4.586415591976482,4.505043303434289,4.519838809967041,16023792,489.05023193359375,136.0,1.0,4.0,4.0,6.0,0.00019534207474027879,0.00012828367771953984,,0,2.0,193.0
2024-04-26,4.586416034457937,4.68258224020376,4.586416034457937,4.660390377044678,21707374,493.6834716796875,140.0,1.0,4.0,4.0,6.0,0.00017581925536007905,0.0001192614882282599,,0,2.0,194.0
2024-04-29,4.652992211617816,4.652992211617816,4.5864154319315995,4.608607292175293,13929215,495.4318542480469,139.0,1.0,4.0,4.0,6.0,0.0001388573008673903,0.00012224044526350656,,0,2.0,195.0
2024-04-30,4.593813688356796,4.616005953580178,4.460660097016509,4.475454807281494,28030647,487.5835876464844,143.0,1.0,4.0,4.0,6.0,0.0001060263409619987,0.00015245742373304802,,0,2.0,196.0
2024-05-01,4.46805655756406,4.586415819886934,4.453261050296082,4.5124406814575195,13298927,486.0002746582031,141.0,1.0,4.0,4.0,6.0,5.207350038587814e-05,0.0001994666536166026,,0,2.0,197.0
2024-05-02,4.6034752773212855,4.647882047102015,4.559068507540556,4.625678062438965,23368125,490.54608154296875,143.0,1.0,4.0,4.0,6.0,2.819482768757812e-05,0.00019534207474027879,,0,2.0,198.0
2024-05-03,4.714491506269251,4.75149628066346,4.677485932178144,4.692287921905518,18930051,496.6265563964844,142.0,1.0,1.0,4.0,5.0,5.059672067698148e-05,0.00017581925536007905,,0,2.0,199.0
2024-05-06,4.721892356872559,4.773699916914721,4.692287579878844,4.721892356872559,15670636,501.7550964355469,140.0,1.0,1.0,4.0,5.0,8.630141867918544e-05,0.0001388573008673903,,0,2.0,200.0
2024-05-07,4.744094163688383,4.862511647901792,4.7218913852087905,4.832907676696777,24023339,502.308837890625,142.0,1.0,1.0,4.0,5.0,0.00013359401447230615,0.0001060263409619987,,0,2.0,201.0
2024-05-08,4.7736991285392,4.855110652433141,4.7662979355130775,4.840308666229248,14223455,502.35736083984375,140.0,1.0,1.0,4.0,5.0,0.00014025462801323124,5.207350038587814e-05,,0,2.0,202.0
2024-05-09,4.68488551553037,4.6996883011264,4.618275979210821,4.6552815437316895,21465591,505.2518310546875,147.0,1.0,1.0,4.0,5.0,0.00010660794600299011,2.819482768757812e-05,,1,2.0,203.0
2024-05-10,4.721892701057162,4.744095485723998,4.692287921905518,4.692287921905518,23027885,505.9026794433594,146.0,1.0,1.0,4.0,5.0,4.4773721496188064e-05,5.059672067698148e-05,,0,2.0,204.0
2024-05-13,4.729293530175147,4.7959030842023855,4.699689550506452,4.751496315002441,23897009,505.9706115722656,145.0,1.0,1.0,4.0,5.0,3.200783852142351e-05,8.630141867918544e-05,,0,2.0,205.0
2024-05-14,4.766297748331919,4.840308476141554,4.751494963012651,4.818105697631836,21915959,508.2920837402344,144.0,1.0,1.0,4.0,5.0,6.41530601679868e-05,0.00013359401447230615,,0,2.0,206.0
2024-05-15,4.818106711762724,4.832908700500886,4.7662987515580975,4.795902729034424,23782463,514.5863037109375,142.0,1.0,1.0,4.0,5.0,0.00010317054630670092,0.00014025462801323124,,0,2.0,207.0
2024-05-16,4.847710009006091,4.855110802412479,4.781100069410042,4.788501262664795,19570309,513.5274658203125,140.0,1.0,1.0,4.0,5.0,0.00011550451091428536,0.00010660794600299011,,0,2.0,208.0
2024-05-17,4.795901713069665,4.840308469573863,4.781099727467158,4.832907676696777,13098386,514.2657470703125,138.0,1.0,1.0,4.0,5.0,0.00014146180314123834,4.4773721496188064e-05,,0,2.0,209.0
2024-05-20,4.795901293281012,4.855110030205133,4.788500501051724,4.810703277587891,11504709,514.8582153320312,136.0,1.0,1.0,4.0,5.0,0.00014527093954539016,3.200783852142351e-05,,0,2.0,210.0
2024-05-21,4.810703569853903,4.832907547283942,4.744094036653745,4.773698806762695,15586001,516.1209106445312,135.0,1.0,1.0,4.0,5.0,0.00011833739222197537,6.41530601679868e-05,,0,2.0,211.0
2024-05-22,4.692286510019807,4.721891280263523,4.647880554199219,4.647880554199219,14702035,514.6348876953125,137.0,1.0,1.0,4.0,5.0,7.047421984548282e-05,0.00010317054630670092,,1,2.0,212.0
2024-05-23,4.640479219397217,4.662682396551099,4.603473657575204,4.6182756423950195,12398759,510.8758850097656,136.0,1.0,4.0,4.0,6.0,2.8571638556773398e-05,0.00011550451091428536,,0,2.0,213.0
2024-05-24,4.618276673727385,4.640480255687985,4.551667127390802,4.566468715667725,13642793,514.2560424804688,135.0,1.0,4.0,4.0,6.0,9.510272222556751e-06,0.00014146180314123834,,0,2.0,214.0
2024-05-28,4.596072615525404,4.610874600829222,4.529463081885735,4.551666259765625,22434986,514.6153564453125,133.0,1.0,4.0,4.0,6.0,1.5021801176790559e-05,0.00014527093954539016,,0,2.0,215.0
2024-05-29,4.440649921797286,4.492457874077989,4.425847935323057,4.47765588760376,18397767,511.01177978515625,133.0,1.0,4.0,4.0,6.0,1.6179718044126855e-05,0.00011833739222197537,,1,2.0,216.0
2024-05-30,4.492457389831543,4.52946295180079,4.455451428013979,4.492457389831543,12019317,507.6219177246094,131.0,1.0,4.0,4.0,6.0,2.8418719698013927e-05,7.047421984548282e-05,,0,2.0,217.0
2024-05-31,4.425848755875459,4.455452734312494,4.3740411938379955,4.4332499504089355,32031043,512.245361328125,130.0,1.0,4.0,4.0,6.0,1.6680257140508866e-07,2.8571638556773398e-05,,0,2.0,218.0
2024-06-03,4.411046072710191,4.4998583858471815,4.381441301917301,4.485056400299072,22109362,512.6630249023438,129.0,1.0,4.0,4.0,6.0,-1.0519963848433465e-05,9.510272222556751e-06,,0,2.0,219.0
2024-06-04,4.405826066322428,4.4576584764173175,4.39101594905306,4.442849159240723,17531022,513.2362060546875,128.0,1.0,4.0,4.0,6.0,-3.20482256907139e-05,1.5021801176790559e-05,,0,2.0,220.0
2024-06-05,4.450254204337366,4.450254204337366,4.383611674180494,4.428040027618408,16202806,519.3359985351562,126.0,1.0,4.0,4.0,6.0,-4.605414371252087e-05,1.6179718044126855e-05,,0,2.0,221.0
2024-06-06,4.465063841181069,4.52430190608051,4.4576581829643285,4.5168962478637695,16715262,519.3262329101562,127.0,1.0,4.0,4.0,6.0,-6.159881853429108e-05,2.8418719698013927e-05,,0,2.0,222.0
2024-06-07,4.435445665437988,4.479874426724332,4.368803123578181,4.398421764373779,17097763,518.695068359375,130.0,1.0,4.0,4.0,6.0,-8.803793962561839e-05,1.6680257140508866e-07,,0,2.0,223.0
2024-06-10,4.316968572197691,4.331777889405574,4.272539820481269,4.309564113616943,35924258,520.297607421875,131.0,4.0,4.0,4.0,12.0,-0.000133340769328478,-1.0519963848433465e-05,,1,4.0,1.0
2024-06-11,4.353993892669678,4.39842185477622,4.324374451172353,4.353993892669678,12673965,521.5507202148438,130.0,4.0,4.0,4.0,12.0,-0.00017943008941258504,-3.20482256907139e-05,,0,4.0,2.0
2024-06-12,4.35399394890992,4.383612590696864,4.265136423363143,4.346589088439941,47318272,525.8341674804688,128.0,4.0,4.0,4.0,12.0,-0.00019682968238094023,-4.605414371252087e-05,,0,4.0,3.0
2024-06-13,4.339182748032709,4.3613973239141135,4.272539820481269,4.309564113616943,22012377,526.8930053710938,127.0,4.0,4.0,4.0,12.0,-0.00018753997407228496,-6.159881853429108e-05,,0,4.0,4.0
2024-06-14,4.279944864053995,4.339182935538104,4.26513554620617,4.294754981994629,19061819,527.2135009765625,125.0,4.0,4.0,4.0,12.0,-0.00020556106593211203,-8.803793962561839e-05,,0,4.0,5.0
2024-06-17,4.30956322487983,4.39101505279541,4.30956322487983,4.39101505279541,25407072,531.4095458984375,127.0,4.0,4.0,4.0,12.0,-0.00022722241764970758,-0.000133340769328478,,0,4.0,6.0
2024-06-18,4.346589032295347,4.4354457566013945,4.346589032295347,4.353993892669678,20037785,532.7596435546875,125.0,4.0,4.0,4.0,12.0,-0.00027030284797613906,-0.00017943008941258504,,0,4.0,7.0
2024-06-20,4.413231841056206,4.442850081511323,4.331778779467731,4.361398220062256,27134670,531.3125,124.0,4.0,4.0,3.0,10.0,-0.0003033624314782455,-0.00019682968238094023,,0,4.0,8.0
2024-06-21,4.339184116922492,4.428041248340859,4.339184116922492,4.413232326507568,31755271,530.6000366210938,123.0,4.0,4.0,3.0,10.0,-0.0003289287451074048,-0.00018753997407228496,,0,4.0,9.0
2024-06-24,4.505732902411502,4.572871491416024,4.483353104062155,4.4982733726501465,25704824,528.8753051757812,124.0,4.0,1.0,3.0,9.0,-0.0002849064632543664,-0.00020556106593211203,,0,2.0,10.0
2024-06-25,4.468433929201941,4.505733192497141,4.438595002191925,4.446054935455322,14416859,530.9120483398438,123.0,4.0,1.0,3.0,9.0,-0.000232814570785179,-0.00022722241764970758,,0,2.0,11.0
2024-06-26,4.341619071170765,4.386378288269043,4.319239664132612,4.386378288269043,15520287,531.5745239257812,123.0,4.0,1.0,3.0,9.0,-0.00021236244014578092,-0.00027030284797613906,,1,2.0,12.0
2024-06-27,4.408755669682752,4.438595405447342,4.363996469057692,4.401296138763428,17919641,532.41259765625,121.0,4.0,1.0,3.0,9.0,-0.0002371100703233295,-0.0003033624314782455,,0,2.0,13.0
2024-06-28,4.349076931418065,4.371456329845178,4.296858200747528,4.356536865234375,27205143,530.3174438476562,120.0,4.0,1.0,3.0,9.0,-0.00027828711373951265,-0.0003289287451074048,,0,2.0,14.0
2024-07-01,4.356537538603232,4.386377278480655,4.267019931058476,4.274479866027832,16401195,531.408935546875,121.0,4.0,1.0,3.0,9.0,-0.00031706242101628873,-0.0002849064632543664,,0,2.0,15.0
2024-07-02,4.2543270733070155,4.3215012550354,4.246863633766526,4.3215012550354,25473012,534.985107421875,120.0,4.0,1.0,3.0,9.0,-0.00034054270761519945,-0.000232814570785179,,0,2.0,16.0
2024-07-03,4.396137935082005,4.485702424471163,4.396137935082005,4.478238582611084,18256596,537.3726806640625,128.0,4.0,1.0,3.0,9.0,-0.0003033446855779955,-0.00021236244014578092,,0,2.0,17.0
2024-07-05,4.478237976105429,4.523020617967864,4.418528459010338,4.500629901885986,23189678,540.4713134765625,126.0,4.0,1.0,3.0,9.0,-0.0002449547319905893,-0.0002371100703233295,,0,2.0,18.0
2024-07-08,4.47823704020799,4.508092397365466,4.433454810937393,4.4633097648620605,23790734,541.094970703125,125.0,4.0,1.0,3.0,9.0,-0.00019691188707357415,-0.00027828711373951265,,0,2.0,19.0
2024-07-09,4.478238547918611,4.575267684882069,4.470775109349298,4.560340404510498,16496027,541.6212158203125,126.0,1.0,1.0,3.0,3.0,-0.00014775045982886326,-0.00031706242101628873,,0,1.0,1.0
2024-07-10,4.634975413827094,4.649902688415244,4.57526591224171,4.627511978149414,16402101,546.9806518554688,126.0,1.0,1.0,3.0,3.0,-8.319303088777815e-05,-0.00034054270761519945,,0,1.0,2.0
2024-07-11,4.634977307752573,4.65736843040056,4.590195062456599,4.620050430297852,15763656,542.2642211914062,124.0,4.0,1.0,3.0,9.0,-1.9494908342615375e-05,-0.0003033446855779955,,0,2.0,3.0
2024-07-12,4.6125857818716325,4.627513869025212,4.567803939808612,4.620050430297852,12591709,545.6846313476562,122.0,4.0,1.0,3.0,9.0,1.535118820757346e-05,-0.0002449547319905893,,0,2.0,4.0
2024-07-15,4.605119685072984,4.620048168149975,4.567801703242552,4.59765625,16647396,547.1853637695312,121.0,4.0,1.0,3.0,9.0,3.789332454303156e-05,-0.00019691188707357415,,0,2.0,5.0
2024-07-16,4.642439860769131,4.672294413855552,4.605120661329002,4.649903297424316,22202041,550.4302368164062,120.0,4.0,1.0,3.0,9.0,7.385099941544388e-05,-0.00014775045982886326,,0,2.0,6.0
2024-07-17,4.597657786365596,4.679759228698458,4.590194348798609,4.657367706298828,13873698,542.7125244140625,118.0,4.0,1.0,3.0,9.0,9.39786740951138e-05,-8.319303088777815e-05,,0,2.0,7.0
2024-07-18,4.605121960198362,4.612585802191557,4.530485153198242,4.530485153198242,13293716,538.5418701171875,122.0,4.0,1.0,3.0,9.0,7.665179645576163e-05,-1.9494908342615375e-05,,0,2.0,8.0
2024-07-19,4.642440210409438,4.664830925294166,4.575266856056641,4.582730293273926,16294126,534.9656372070312,122.0,4.0,1.0,3.0,9.0,4.8293882002967474e-05,1.535118820757346e-05,,0,2.0,9.0
2024-07-22,4.620048168149975,4.657366149980407,4.590192814927016,4.59765625,12477842,540.4810791015625,120.0,4.0,1.0,3.0,9.0,2.4139109769334136e-05,3.789332454303156e-05,,0,2.0,10.0
2024-07-23,4.567802521593638,4.627512432271458,4.560339085183531,4.575266361236572,12711807,539.63330078125,118.0,4.0,1.0,3.0,9.0,4.785015256638473e-05,7.385099941544388e-05,,0,2.0,11.0
2024-07-24,4.523021204544932,4.5678038522150946,4.515557765960693,4.515557765960693,14640853,527.4038696289062,118.0,4.0,1.0,3.0,9.0,5.317669620896127e-05,9.39786740951138e-05,,0,2.0,12.0
2024-07-25,4.500629901885986,4.552875174898963,4.478237976105429,4.500629901885986,15718222,524.6558837890625,116.0,4.0,1.0,3.0,9.0,4.543241124714689e-05,7.665179645576163e-05,,0,2.0,13.0
2024-07-26,4.508092990177713,4.530484107757434,4.47823762909427,4.523020267486572,11091617,530.5317993164062,115.0,4.0,1.0,3.0,9.0,3.283462640447953e-05,4.8293882002967474e-05,,0,2.0,14.0
2024-07-29,4.552875756242352,4.590194965253639,4.515557756929899,4.560340404510498,17310541,530.8436889648438,114.0,4.0,1.0,3.0,9.0,4.295478571834472e-05,2.4139109769334136e-05,,0,2.0,15.0
2024-07-30,4.560339085183531,4.59765707369972,4.515556450558752,4.575266361236572,16549278,528.1542358398438,112.0,4.0,1.0,3.0,9.0,3.603831222532074e-05,4.785015256638473e-05,,0,2.0,16.0
2024-07-31,4.530485660833331,4.560341032151363,4.478239164259775,4.493166446685791,17595263,536.7391357421875,113.0,4.0,4.0,3.0,10.0,-1.57989698909577e-05,5.317669620896127e-05,,0,4.0,1.0
2024-08-01,4.485700219524183,4.493163654482661,4.3364258750961255,4.3438897132873535,14312736,529.1383666992188,120.0,4.0,4.0,3.0,10.0,-9.398746508375794e-05,4.543241124714689e-05,,0,4.0,2.0
2024-08-02,4.353599305020822,4.361066996025221,4.286391296303926,4.301326274871826,22363154,519.2867431640625,119.0,4.0,4.0,3.0,10.0,-0.00016350813300554208,3.283462640447953e-05,,0,4.0,3.0
2024-08-05,4.196780240732909,4.32372979048008,4.196780240732909,4.286391735076904,34409210,504.1630859375,118.0,4.0,4.0,3.0,10.0,-0.00021874158709309595,4.295478571834472e-05,,0,4.0,4.0
2024-08-06,4.39093757387394,4.502951320427122,4.376001789057499,4.443210601806641,33013581,508.8113098144531,126.0,4.0,4.0,3.0,10.0,-0.0002109118617641298,3.603831222532074e-05,,0,4.0,5.0
2024-08-07,4.473081130387642,4.517886876810153,4.420808095762155,4.4954833984375,27692673,505.410400390625,125.0,4.0,4.0,3.0,10.0,-0.00016605380336848395,-1.57989698909577e-05,,0,4.0,6.0
2024-08-08,4.51788658306511,4.555223828534249,4.4954831061490905,4.510418891906738,21443611,517.09423828125,123.0,4.0,4.0,3.0,10.0,-0.00010197100302678591,-9.398746508375794e-05,,0,4.0,7.0
2024-08-09,4.607495807345727,4.704574963348528,4.577626259857574,4.6821722984313965,22695916,519.3743286132812,132.0,4.0,4.0,4.0,12.0,-4.601717408209628e-05,-0.00016350813300554208,,0,4.0,8.0
2024-08-12,4.719510459288369,4.741913530116961,4.689640505065295,4.697107791900635,16572504,519.6472778320312,130.0,4.0,1.0,4.0,11.0,-1.4014297004587753e-05,-0.00021874158709309595,,0,2.0,9.0
2024-08-13,4.734446821503027,4.891266345977783,4.734446821503027,4.891266345977783,31062668,528.1932373046875,139.0,1.0,1.0,4.0,5.0,7.357056955488047e-05,-0.0002109118617641298,,0,2.0,10.0
2024-08-14,4.936069839133076,5.025680501229185,4.921135266704823,5.010745525360107,34090610,529.8595581054688,141.0,1.0,1.0,4.0,5.0,0.0001438294477997128,-0.00016605380336848395,,0,2.0,11.0
2024-08-15,5.00327897735222,5.085421961913123,4.995811286595453,5.055552005767822,23855088,538.94140625,139.0,1.0,1.0,4.0,5.0,0.00021485282588253873,-0.00010197100302678591,,0,2.0,12.0
2024-08-16,5.122758870678896,5.130226559771532,5.010745148052535,5.033147811889648,27348921,540.1497802734375,138.0,1.0,1.0,4.0,5.0,0.00021516046758309035,-4.601717408209628e-05,,0,2.0,13.0
2024-08-19,5.070487790760161,5.175034267669822,5.055552810310751,5.130228519439697,20962426,545.3143920898438,138.0,1.0,1.0,4.0,5.0,0.0002120669093882511,-1.4014297004587753e-05,,0,2.0,14.0
2024-08-20,5.077954057731646,5.107824819503257,5.040616815839734,5.100357532501221,21467291,544.4276123046875,136.0,1.0,1.0,4.0,5.0,0.0002009919819478421,7.357056955488047e-05,,0,2.0,15.0
2024-08-21,5.115291785549918,5.122759071494483,5.033148009192421,5.077953338623047,21066209,546.2984619140625,134.0,1.0,1.0,4.0,5.0,0.00020199126878468957,0.0001438294477997128,,0,2.0,16.0
2024-08-22,4.898732700202066,4.951005730571712,4.868862742940181,4.913667678833008,32396436,542.0109252929688,140.0,1.0,1.0,4.0,5.0,0.00014579683314511812,0.00021485282588253873,,1,2.0,17.0
2024-08-23,4.980876064567633,5.033148686982124,4.958472993394598,5.003278732299805,24775084,547.7699584960938,140.0,1.0,1.0,4.0,5.0,0.00012889374130735476,0.00021516046758309035,,0,2.0,18.0
2024-08-26,4.951005264006764,5.003278692891248,4.951005264006764,4.988343715667725,14418105,546.4642333984375,138.0,1.0,1.0,4.0,5.0,0.00011502796263565704,0.0002120669093882511,,0,2.0,19.0
2024-08-27,4.965940660404292,4.995811424254446,4.943538394398466,4.980876445770264,15265249,547.2146606445312,136.0,1.0,1.0,4.0,5.0,0.00012777283713364917,0.0002009919819478421,,0,2.0,20.0
2024-08-28,4.921134896144874,5.055550879167555,4.913666400170651,5.033147811889648,21802432,544.0379028320312,134.0,1.0,1.0,4.0,5.0,0.00013181257265436043,0.00020199126878468957,,0,2.0,21.0
2024-08-29,4.951004974829197,4.9584726647252175,4.913666928789932,4.921135425567627,17840558,544.0864868164062,136.0,1.0,1.0,4.0,5.0,0.00012336863020910582,0.00014579683314511812,,0,2.0,22.0
2024-08-30,4.816588184637851,4.90619883487874,4.801653210744626,4.868861198425293,22043421,549.2804565429688,135.0,1.0,1.0,4.0,5.0,0.00010936220640957774,0.00012889374130735476,,1,2.0,23.0
2024-09-03,4.886046364822465,4.908459349333396,4.833749266421408,4.89351749420166,18196660,537.976806640625,133.0,1.0,1.0,4.0,5.0,7.994384767047784e-05,0.00011502796263565704,,0,2.0,24.0
2024-09-04,4.960756346511905,5.035466427899459,4.945814491685053,4.953285217285156,18676259,536.8755493164062,132.0,1.0,1.0,4.0,5.0,7.045714434974314e-05,0.00012777283713364917,,0,2.0,25.0
2024-09-05,4.975697499189212,5.042937249114718,4.960755646470892,5.035465717315674,16384086,535.5697631835938,132.0,1.0,1.0,4.0,5.0,0.0001109487172580685,0.00013181257265436043,,0,2.0,26.0
2024-09-06,5.042937639732024,5.050408768483179,4.923401597846633,4.938343048095703,17588126,526.5560913085938,133.0,1.0,4.0,4.0,6.0,0.00013734275027863898,0.00012336863020910582,,0,2.0,27.0
2024-09-09,4.938342511571949,5.013052580086808,4.938342511571949,5.005581855773926,15991049,532.4515380859375,132.0,1.0,4.0,4.0,6.0,0.00016480494098614732,0.00010936220640957774,,0,2.0,28.0
2024-09-10,4.960756346511905,4.975698201338758,4.908459249177953,4.953285217285156,19348014,534.770751953125,131.0,1.0,4.0,4.0,6.0,0.0001456006341290014,7.994384767047784e-05,,0,2.0,29.0
2024-09-11,4.960755508154984,4.990640020011563,4.915929143996692,4.9458136558532715,18408871,540.2568359375,129.0,1.0,4.0,4.0,6.0,0.00013172525876789455,7.045714434974314e-05,,0,2.0,30.0
2024-09-12,4.908458419659126,4.96822623249255,4.848690203199123,4.9458136558532715,19050035,544.8076171875,127.0,1.0,4.0,4.0,6.0,0.00012481027568667994,0.0001109487172580685,,0,2.0,31.0
2024-09-13,4.9906411621752165,5.020524873617859,4.923402205989265,4.983170032501221,15954906,547.653076171875,126.0,1.0,4.0,4.0,6.0,0.00016722253881867083,0.00013734275027863898,,0,2.0,32.0
2024-09-16,5.027994632720947,5.050408421059163,4.9906402024146885,5.027994632720947,12507527,548.4617919921875,124.0,1.0,4.0,4.0,6.0,0.00024100350024047927,0.00016480494098614732,,0,2.0,33.0
2024-09-17,4.990639844573313,5.035465399902675,4.983168716871805,5.020523548126221,11928224,548.6859741210938,122.0,1.0,4.0,4.0,6.0,0.0002870062551096983,0.0001456006341290014,,0,2.0,34.0
2024-09-18,5.057879145669777,5.095233575976035,4.9906402024146885,5.027994632720947,17011655,547.05859375,121.0,1.0,4.0,4.0,6.0,0.0002708249361079417,0.00013172525876789455,,0,2.0,35.0
2024-09-19,5.072820634783655,5.0802913588586,5.005581696349767,5.020523548126221,16044753,556.3938598632812,119.0,1.0,4.0,3.0,4.0,0.00022554232802367738,0.00012481027568667994,,0,2.0,36.0
2024-09-20,4.990638852866082,5.00558070167339,4.856159791841416,4.863631725311279,20835530,555.4320678710938,125.0,1.0,4.0,3.0,4.0,0.00016979778871886142,0.00016722253881867083,,1,2.0,37.0
2024-09-23,4.861374738992654,4.906527088162427,4.831272901838259,4.883950710296631,23502839,556.8200073242188,123.0,1.0,4.0,3.0,4.0,0.00012691029142257955,0.00024100350024047927,,0,2.0,38.0
2024-09-24,4.981781743610569,5.026934104401989,4.9065283510407705,4.929104328155518,20910308,558.4132690429688,122.0,1.0,4.0,3.0,4.0,0.00010526051408142317,0.0002870062551096983,,0,2.0,39.0
2024-09-25,4.959206017045267,4.9742561258990685,4.929104173090018,4.966731071472168,24250052,557.1817016601562,121.0,1.0,4.0,3.0,4.0,0.000100200727230875,0.0002708249361079417,,0,2.0,40.0
2024-09-26,5.041983456864266,5.117236425507678,5.041983456864266,5.079610347747803,50935148,559.3908081054688,123.0,1.0,4.0,3.0,4.0,0.00012296903376650707,0.00022554232802367738,,0,2.0,41.0
2024-09-27,5.07961023161369,5.117236308513328,5.057033853662628,5.10218620300293,28069962,558.5794067382812,121.0,1.0,4.0,3.0,4.0,0.00011940676410262288,0.00016979778871886142,,0,2.0,42.0
2024-09-30,5.079611059995321,5.132287657557663,5.004356861114502,5.004356861114502,39908905,560.81787109375,122.0,1.0,4.0,3.0,4.0,8.736676681668199e-05,0.00012691029142257955,,0,2.0,43.0
2024-10-01,5.004355493074353,5.01188095156139,4.883950190090648,4.906526565551758,34185782,555.7938232421875,123.0,1.0,4.0,3.0,4.0,3.6279314993104235e-05,0.00010526051408142317,,0,2.0,44.0
2024-10-02,5.029247077892273,5.036775594954972,4.931372288587282,4.94642972946167,25591071,556.0282592773438,122.0,1.0,4.0,3.0,4.0,8.583312847508149e-06,0.000100200727230875,,0,2.0,45.0
2024-10-03,4.825968832675987,4.841027087850903,4.750680810793506,4.803382873535156,27349940,555.0117797851562,127.0,1.0,4.0,3.0,4.0,-8.590681367210069e-06,0.00012296903376650707,,1,2.0,46.0
2024-10-04,4.795854852635536,4.863613963067693,4.788326333753577,4.8485565185546875,19395261,560.0553588867188,125.0,1.0,4.0,3.0,4.0,2.2960664593588963e-05,0.00011940676410262288,,0,2.0,47.0
2024-10-07,4.810912297148541,4.893728852093704,4.810912297148541,4.8485565185546875,19905224,554.9922485351562,124.0,1.0,4.0,3.0,4.0,4.881117751422235e-05,8.736676681668199e-05,,0,2.0,48.0
2024-10-08,4.79585364896415,4.863612742390017,4.79585364896415,4.833497047424316,21607556,560.2411499023438,122.0,1.0,4.0,3.0,4.0,8.947481341162597e-05,3.6279314993104235e-05,,0,2.0,49.0
2024-10-09,4.728096254241308,4.758211146528667,4.667865656168325,4.690451622009277,19186902,564.12158203125,127.0,1.0,4.0,3.0,4.0,5.9146535392515525e-05,8.583312847508149e-06,,1,2.0,50.0
2024-10-10,4.697978549333368,4.735622758797593,4.66786366986074,4.720565319061279,38396124,563.1343383789062,125.0,1.0,4.0,3.0,4.0,2.4378932752245538e-05,-8.590681367210069e-06,,0,2.0,51.0
2024-10-11,4.6753925750105,4.6829214988790016,4.622690921428977,4.660335540771484,20189947,566.5064697265625,125.0,1.0,4.0,3.0,4.0,-1.1248615587810534e-05,2.2960664593588963e-05,,0,2.0,52.0
2024-10-14,4.660335153367062,4.743151682040231,4.6528054166265065,4.720565319061279,16100383,571.1395874023438,124.0,1.0,4.0,3.0,4.0,-1.2943263180146424e-05,4.881117751422235e-05,,0,2.0,53.0
2024-10-15,4.667864919513846,4.713037250816058,4.645277736990069,4.68292236328125,21105524,566.7020263671875,123.0,1.0,4.0,3.0,4.0,-2.2521583013771422e-05,8.947481341162597e-05,,0,2.0,54.0
2024-10-16,4.675391884996455,4.705506762527993,4.630219161950214,4.667863368988037,31320539,569.1651611328125,121.0,1.0,4.0,3.0,4.0,-2.4897920977907468e-05,5.9146535392515525e-05,,0,2.0,55.0
2024-10-17,4.60763447223568,4.713037395337744,4.60763447223568,4.675393581390381,16940276,569.2140502929688,119.0,1.0,4.0,3.0,4.0,-5.279165527786138e-05,2.4378932752245538e-05,,0,2.0,56.0
2024-10-18,4.705507458808225,4.713036382679641,4.645276881334882,4.652805805206299,13472390,571.4035034179688,117.0,1.0,4.0,3.0,4.0,-6.440031713765561e-05,-1.1248615587810534e-05,,0,2.0,57.0
2024-10-21,4.645277235958874,4.675392933743594,4.622691276118384,4.637748718261719,12019431,570.4652709960938,116.0,1.0,4.0,3.0,4.0,-7.01468367359242e-05,-1.2943263180146424e-05,,0,2.0,58.0
2024-10-22,4.637747677958632,4.675391884996455,4.607632800427094,4.667863368988037,17145349,570.162109375,114.0,1.0,4.0,3.0,4.0,-4.840294233761627e-05,-2.2521583013771422e-05,,0,2.0,59.0
2024-10-23,4.6302214306854275,4.697980548455684,4.622692504239021,4.690451622009277,18042232,564.952392578125,113.0,1.0,4.0,3.0,4.0,-4.245155960812592e-05,-2.4897920977907468e-05,,0,2.0,60.0
2024-10-24,4.690450552054543,4.765738579096995,4.667864591365751,4.743152618408203,20854565,566.1741943359375,112.0,1.0,4.0,3.0,4.0,-3.926909624770054e-05,-5.279165527786138e-05,,0,2.0,61.0
2024-10-25,4.720565711472515,4.728094635341017,4.652805803404996,4.660335540771484,14463651,565.9786376953125,113.0,1.0,4.0,3.0,4.0,-6.695447288477559e-05,-6.440031713765561e-05,,0,2.0,62.0
2024-10-28,4.728095794389438,4.758210683747841,4.705508610497904,4.735624313354492,22832443,567.7283935546875,114.0,1.0,4.0,3.0,4.0,-8.446313244076424e-05,-7.01468367359242e-05,,0,2.0,63.0
2024-10-29,4.735623391204959,4.7431523154530275,4.6151626369809255,4.6226911544799805,24097550,568.6470947265625,117.0,1.0,4.0,3.0,4.0,-0.00013064193954742968,-4.840294233761627e-05,,0,2.0,64.0
2024-10-30,4.600105195233802,4.637748596227104,4.592575457487705,4.6226911544799805,12316050,566.9268798828125,115.0,1.0,4.0,3.0,4.0,-0.00013749916359995486,-4.245155960812592e-05,,0,2.0,65.0
2024-10-31,4.600104293673902,4.630219171266031,4.547402241015343,4.554931163787842,15685705,555.8132934570312,115.0,4.0,4.0,3.0,10.0,-0.00016696839300476665,-3.926909624770054e-05,,0,4.0,66.0
2024-11-01,4.5624609173544615,4.5850472850494555,4.46458611501076,4.4721150398254395,26954863,558.1591796875,116.0,4.0,4.0,3.0,10.0,-0.0001830347921887123,-6.695447288477559e-05,,0,4.0,67.0
2024-11-04,4.615161645778669,4.645276116056193,4.554931078227917,4.577517032623291,31949694,556.9569091796875,119.0,4.0,4.0,3.0,10.0,-0.0001980942102775787,-8.446313244076424e-05,,0,4.0,68.0
2024-11-05,4.690451165818703,4.8109123502486835,4.660336683209394,4.735624313354492,67373845,563.6915283203125,126.0,4.0,1.0,3.0,9.0,-0.00015681621412513532,-0.00013064193954742968,,0,2.0,69.0
2024-11-06,4.690450578069362,4.833497708218698,4.622691475380052,4.788325786590576,38389666,577.7080078125,125.0,1.0,1.0,3.0,3.0,-9.176384812623556e-05,-0.00013749916359995486,,0,1.0,1.0
2024-11-07,4.810910500836675,4.818439016907614,4.69044936271441,4.705506801605225,25991360,582.1749267578125,125.0,1.0,1.0,3.0,3.0,-7.549549589739221e-05,-0.00016696839300476665,,0,1.0,2.0
2024-11-08,4.600104331970215,4.622690286977874,4.539873762786665,4.600104331970215,22378676,584.69677734375,127.0,4.0,1.0,3.0,9.0,-0.00012005752128610974,-0.0001830347921887123,,1,2.0,3.0
2024-11-11,4.5624595941100665,4.6226901616608185,4.547402155596841,4.577517032623291,21759605,585.25390625,125.0,4.0,1.0,3.0,9.0,-0.0001711125019564548,-0.0001980942102775787,,0,2.0,4.0
2024-11-12,4.572245917795013,4.587310794111953,4.527050474944502,4.542116165161133,18895608,583.435791015625,124.0,4.0,1.0,3.0,9.0,-0.00017283005779305272,-0.00015681621412513532,,0,2.0,5.0
2024-11-13,4.4969202860531565,4.504452520005983,4.436659972731709,4.466789722442627,24951493,583.7192993164062,124.0,4.0,4.0,3.0,10.0,-0.0001693250297372091,-9.176384812623556e-05,,1,4.0,1.0
2024-11-14,4.489388211957783,4.50445268039985,4.436660130711629,4.451725006103516,35871007,579.9658813476562,123.0,4.0,4.0,3.0,10.0,-0.00015655422754456036,-7.549549589739221e-05,,0,4.0,2.0
2024-11-15,4.4667896597038945,4.542115660722413,4.4667896597038945,4.4893879890441895,15491962,572.5372924804688,121.0,4.0,4.0,3.0,10.0,-0.00015787069022961,-0.00012005752128610974,,0,4.0,3.0
2024-11-18,4.4818553482473575,4.519517331382117,4.474322300500726,4.4893879890441895,20789757,574.8832397460938,119.0,4.0,4.0,3.0,10.0,-0.00013033809582823982,-0.0001711125019564548,,0,4.0,4.0
2024-11-19,4.496920947160294,4.527050701300686,4.481856070090098,4.504453182220459,16643883,576.9846801757812,118.0,4.0,4.0,3.0,10.0,-0.00011489537494111349,-0.00017283005779305272,,0,4.0,5.0
2024-11-20,4.4893879890441895,4.496920222891221,4.4667896597038945,4.4893879890441895,7484485,577.18017578125,116.0,4.0,4.0,3.0,10.0,-8.304835392983852e-05,-0.0001693250297372091,,0,4.0,6.0
2024-11-21,4.429128190290889,4.45925794307328,4.4065298583294785,4.4140625,28257360,580.2786254882812,117.0,4.0,4.0,3.0,10.0,-8.852497563163998e-05,-0.00015655422754456036,,1,4.0,7.0
2024-11-22,4.39899766861413,4.43666047040221,4.391465026866544,4.406529903411865,15322579,582.0772094726562,115.0,4.0,4.0,3.0,10.0,-8.77476908020884e-05,-0.00015787069022961,,0,4.0,8.0
2024-11-25,4.43666047040221,4.451725346947531,4.39899766861413,4.406529903411865,20562251,584.0516967773438,113.0,4.0,4.0,3.0,10.0,-0.00011297769908372435,-0.00013033809582823982,,0,4.0,9.0
2024-11-26,4.459258099168916,4.557181223463933,4.451725457234716,4.511985778808594,24127802,587.1012573242188,116.0,4.0,4.0,3.0,10.0,-9.089338120381545e-05,-0.00011489537494111349,,0,4.0,10.0
2024-11-27,4.489387876402933,4.4969201100609775,4.293541255348207,4.323671817779541,38829270,585.3223266601562,128.0,4.0,4.0,3.0,10.0,-0.00010129710596671288,-8.304835392983852e-05,,0,4.0,11.0
2024-11-29,4.014838897930956,4.105228560870118,3.9771756905608133,4.037436008453369,31744734,588.9583740234375,157.0,4.0,4.0,4.0,12.0,-0.00013933604640124566,-8.852497563163998e-05,,1,4.0,12.0
2024-12-02,4.002013206481934,4.039696277228288,3.956792462924397,4.002013206481934,35879504,590.01416015625,155.0,4.0,4.0,4.0,12.0,-0.00020877738245362711,-8.77476908020884e-05,,0,4.0,13.0
2024-12-03,4.009550585550347,4.039697211994274,3.9718666917288092,4.032160758972168,30408360,590.28759765625,153.0,4.0,4.0,4.0,12.0,-0.00024756825071423755,-0.00011297769908372435,,0,4.0,14.0
2024-12-04,4.054770469665527,4.099991223067394,4.032160703731214,4.054770469665527,47008850,593.9531860351562,151.0,4.0,4.0,4.0,12.0,-0.0002481939967733752,-9.089338120381545e-05,,0,4.0,15.0
2024-12-05,4.175359222207656,4.1979698058533295,4.145212591702373,4.167822360992432,42793070,592.9757690429688,154.0,4.0,4.0,4.0,12.0,-0.00021480920242161823,-0.00010129710596671288,,0,4.0,16.0
2024-12-06,4.137674600227621,4.152747911362792,4.0396966527270735,4.0472331047058105,32774744,594.0997314453125,156.0,4.0,4.0,4.0,12.0,-0.0002230910734950923,-0.00013933604640124566,,0,4.0,17.0
2024-12-09,4.092453852466716,4.130138148248884,4.0472331047058105,4.0472331047058105,19067144,591.0403442382812,154.0,4.0,4.0,4.0,12.0,-0.00022465131149027064,-0.00020877738245362711,,0,4.0,18.0
2024-12-10,4.084918104179238,4.167821940470709,4.084918104179238,4.145212173461914,29722669,589.2027587890625,155.0,4.0,4.0,4.0,12.0,-0.00023468245830172917,-0.00024756825071423755,,0,4.0,19.0
2024-12-11,4.155866737236259,4.277650129351305,4.094974835571214,4.231982231140137,67287850,593.7576293945312,156.0,4.0,4.0,4.0,12.0,-0.00018995527238401073,-0.0002481939967733752,,0,4.0,20.0
2024-12-12,4.193924441513033,4.201536032320633,4.049306683459013,4.094974994659424,45163986,590.6981811523438,160.0,4.0,4.0,4.0,12.0,-0.00018969187612820915,-0.00021480920242161823,,0,4.0,21.0
2024-12-13,4.079752632717964,4.087363813072522,4.0036379506666675,4.011249542236328,37485872,590.5809326171875,160.0,4.0,4.0,4.0,12.0,-0.00020898570966270446,-0.0002230910734950923,,0,4.0,22.0
2024-12-16,3.9960270703930107,4.034083797453866,3.9351351556932643,3.965580701828003,34031581,593.1026611328125,158.0,4.0,4.0,4.0,12.0,-0.0002483665926742402,-0.00022465131149027064,,0,4.0,23.0
2024-12-17,3.9199118221109304,4.034083220613336,3.90468822879014,3.9808037281036377,48851448,590.6591186523438,156.0,4.0,4.0,4.0,12.0,-0.0002619273034339905,-0.00023468245830172917,,0,4.0,24.0
2024-12-18,3.9199121872536207,3.9199121872536207,3.7296244492821238,3.7752935886383057,58504155,573.055419921875,170.0,4.0,4.0,4.0,12.0,-0.00030153203216686154,-0.00018995527238401073,,0,4.0,25.0
2024-12-19,3.8666325299025903,3.897078079736773,3.8057406078038563,3.8209633827209473,99944309,572.8794555664062,168.0,4.0,4.0,4.0,12.0,-0.0003281673043026479,-0.00018969187612820915,,0,4.0,26.0
2024-12-20,3.9123002134617506,3.9351354025330267,3.843797113538884,3.859020709991455,52890933,579.7603149414062,166.0,4.0,4.0,4.0,12.0,-0.000340123464220095,-0.00020898570966270446,,0,4.0,27.0
2024-12-23,3.8057398105689977,3.813350990825544,3.7600706729542273,3.782904624938965,20095568,583.2321166992188,166.0,4.0,4.0,4.0,12.0,-0.0003424379339152105,-0.0002483665926742402,,1,4.0,28.0
2024-12-24,3.79051660142899,3.813351378163347,3.79051660142899,3.798128604888916,7322466,589.7147216796875,164.0,4.0,4.0,4.0,12.0,-0.00035855489928253583,-0.0002619273034339905,,0,4.0,29.0
2024-12-26,3.7600712122799895,3.828574311705238,3.7600712122799895,3.8057403564453125,24407086,589.7539672851562,161.0,4.0,4.0,4.0,12.0,-0.0003752569479524109,-0.00030153203216686154,,0,4.0,30.0
2024-12-27,3.7600717777675485,3.8285748874951686,3.7600717777675485,3.7905173301696777,18254103,583.5459594726562,159.0,4.0,4.0,4.0,12.0,-0.0003791462555570067,-0.0003281673043026479,,0,4.0,31.0
2024-12-30,3.7981287638818992,3.828574311705238,3.775293986191659,3.8057403564453125,22152756,576.8867797851562,157.0,4.0,4.0,4.0,12.0,-0.0003877689903503481,-0.000340123464220095,,0,4.0,32.0
2024-12-31,3.798128363923954,3.798128363923954,3.752459635782886,3.7752935886383057,8225127,574.7879028320312,155.0,4.0,4.0,4.0,12.0,-0.00041362396150502155,-0.0003424379339152105,,0,4.0,33.0
2025-01-02,3.709034426113428,3.823275772582651,3.701418226625068,3.769962787628174,29507625,573.375732421875,152.0,4.0,4.0,4.0,12.0,-0.0004332455580462815,-0.00035855489928253583,,0,4.0,34.0
2025-01-03,3.762346532942275,3.7775785185656554,3.701417767520766,3.709033966064453,26377146,580.544921875,152.0,4.0,4.0,4.0,12.0,-0.0004583986398815462,-0.0003752569479524109,,0,4.0,35.0
2025-01-06,3.8004272523375597,3.8918199923278425,3.792810642053023,3.861356019973755,25869562,583.88916015625,159.0,4.0,4.0,4.0,12.0,-0.00044123167821645917,-0.0003791462555570067,,0,4.0,36.0
2025-01-07,3.9451315209747686,4.006060272546561,3.9146667337249714,3.9375157356262207,27144414,577.2888793945312,159.0,4.0,4.0,4.0,12.0,-0.0004009560282776569,-0.0003877689903503481,,0,4.0,37.0
2025-01-08,3.861355727560317,3.8842039108276367,3.8308909345852533,3.8842039108276367,30327011,578.1322631835938,158.0,4.0,4.0,4.0,12.0,-0.0003488409775951873,-0.00041362396150502155,,1,4.0,38.0
2025-01-10,3.8461222456350574,3.868971247826398,3.8156582809262916,3.8385064601898193,36432295,569.3056030273438,156.0,4.0,4.0,4.0,12.0,-0.0003438921853103946,-0.0004332455580462815,,0,4.0,39.0
2025-01-13,3.8308913235174016,3.8994362917423824,3.8308913235174016,3.8765881061553955,18597968,570.1883544921875,155.0,4.0,4.0,4.0,12.0,-0.00036159669490106844,-0.0004583986398815462,,0,4.0,40.0
2025-01-14,3.8385071328290192,3.89943589585119,3.823275147805466,3.8842039108276367,21008766,570.972900390625,152.0,4.0,4.0,4.0,12.0,-0.00036314562358168455,-0.00044123167821645917,,0,4.0,41.0
2025-01-15,3.9984454456991614,4.089837772037474,3.9755964383205833,4.082221984863281,43961306,581.3589477539062,165.0,4.0,1.0,4.0,11.0,-0.0002667464637015124,-0.0004009560282776569,,0,2.0,42.0
2025-01-16,4.074606218023137,4.089837792447534,3.998445465653135,4.044142246246338,18321630,580.2408447265625,163.0,4.0,1.0,4.0,11.0,-0.0001715419630708019,-0.0003488409775951873,,0,2.0,43.0
2025-01-17,4.059374010760859,4.1126865756589135,4.04414202570312,4.0517578125,23573085,586.0664672851562,160.0,4.0,1.0,4.0,11.0,-9.752793367953079e-05,-0.0003438921853103946,,0,2.0,44.0
2025-01-21,4.112686889775986,4.143150862218228,4.097454080626843,4.120302677154541,19223045,591.4309692382812,160.0,4.0,1.0,4.0,11.0,-9.835398443782695e-05,-0.00036159669490106844,,0,2.0,45.0
2025-01-22,4.173615133585805,4.2040791022032575,4.1583823263491615,4.165998935699463,17541559,594.7556762695312,158.0,4.0,1.0,4.0,11.0,-0.00010088363409636696,-0.00036314562358168455,,0,2.0,46.0
2025-01-23,4.17361665908736,4.211696428045758,4.135535655736632,4.158383846282959,33917035,598.0018920898438,156.0,4.0,1.0,4.0,11.0,-7.804958709593026e-05,-0.0002667464637015124,,0,2.0,47.0
2025-01-24,4.173615133585805,4.2040791022032575,4.143150342040435,4.165998935699463,14527779,596.2562255859375,153.0,4.0,1.0,4.0,11.0,-4.4538206203337804e-05,-0.0001715419630708019,,0,2.0,48.0
2025-01-27,4.188847728265529,4.303089067351318,4.165999542741175,4.280240058898926,40750045,587.8219604492188,155.0,4.0,1.0,4.0,11.0,1.2508344559794424e-05,-9.752793367953079e-05,,0,2.0,49.0
2025-01-28,4.257391616914026,4.348785167601124,4.257391616914026,4.333552360534668,35293403,592.8726196289062,154.0,4.0,1.0,4.0,11.0,5.022654281635813e-05,-9.835398443782695e-05,,0,2.0,50.0
2025-01-29,4.333552413481159,4.348785220733726,4.2954722469375595,4.310704231262207,20960273,590.21484375,152.0,4.0,1.0,4.0,11.0,6.459313378303604e-05,-0.00010088363409636696,,0,2.0,51.0
2025-01-30,4.341168220370005,4.440177559070674,4.325936235973574,4.417329788208008,46396123,593.3826904296875,153.0,4.0,1.0,4.0,11.0,8.923793706803588e-05,-7.804958709593026e-05,,0,2.0,52.0
2025-01-31,4.4554095434671055,4.47064235079146,4.402096980883654,4.417329788208008,26982962,590.2247314453125,151.0,4.0,1.0,4.0,11.0,0.00011482398428247281,-4.4538206203337804e-05,,0,2.0,53.0
2025-02-03,4.318321059187413,4.41733041186667,4.303089072640462,4.386865615844727,22989476,586.252685546875,149.0,4.0,1.0,4.0,11.0,0.00012047454233607445,1.2508344559794424e-05,,0,2.0,54.0
2025-02-04,4.404391374444673,4.48059263804849,4.36629177183881,4.4577317237854,36326246,590.1854858398438,149.0,4.0,1.0,4.0,11.0,0.00014934066235491568,5.022654281635813e-05,,0,2.0,55.0
2025-02-05,4.427252124698362,4.541553408980694,4.427252124698362,4.518692493438721,44423117,592.5784301757812,148.0,4.0,1.0,4.0,11.0,0.00016400079418942142,6.459313378303604e-05,,0,2.0,56.0
2025-02-06,4.472971868473684,4.541552543640137,4.450111368965958,4.541552543640137,29798240,594.6380004882812,145.0,4.0,1.0,4.0,11.0,0.0001922219590169445,8.923793706803588e-05,,0,2.0,57.0
2025-02-07,4.511072484804547,4.556792666617051,4.427251877029343,4.4577317237854,58802473,589.1949462890625,146.0,4.0,1.0,4.0,11.0,0.00015773328942264258,0.00011482398428247281,,0,2.0,58.0
2025-02-10,4.495832812932073,4.541553408980694,4.488212644977563,4.518692493438721,28869407,593.1962890625,145.0,4.0,1.0,4.0,11.0,0.00014777962917827668,0.00012047454233607445,,0,2.0,59.0
2025-02-11,4.587272091124312,4.610133003283102,4.541552736877016,4.602512836456299,30795393,593.6473999023438,145.0,4.0,1.0,4.0,11.0,0.0001591766689329442,0.00014934066235491568,,0,2.0,60.0
2025-02-12,4.533932672891937,4.541552839891586,4.419631814610763,4.465351581573486,38573212,591.7349853515625,148.0,4.0,1.0,4.0,11.0,0.00015302226744720005,0.00016400079418942142,,0,2.0,61.0
2025-02-13,4.404391462533277,4.480592727661133,4.404391462533277,4.480592727661133,21649704,597.9822998046875,146.0,4.0,1.0,4.0,11.0,0.00013626054825699227,0.0001922219590169445,,0,2.0,62.0
2025-02-14,4.5491731867361,4.663474059879673,4.5491731867361,4.640613555908203,26270191,597.9529418945312,152.0,4.0,1.0,4.0,11.0,0.0001654707836404847,0.00015773328942264258,,0,2.0,63.0
2025-02-18,4.594893081307877,4.65585359256554,4.594893081307877,4.602512836456299,30020421,599.7084350585938,150.0,4.0,1.0,4.0,11.0,0.00020896346773908772,0.00014777962917827668,,0,2.0,64.0
2025-02-19,4.589741162152942,4.629652112364135,4.581758885862445,4.597723007202148,26120635,601.1206665039062,148.0,4.0,1.0,4.0,11.0,0.0002630687583415555,0.0001591766689329442,,0,2.0,65.0
2025-02-20,4.597723007202148,4.613687128541851,4.57377704081324,4.597723007202148,21872792,598.6198120117188,146.0,4.0,1.0,4.0,11.0,0.00023415762584173393,0.00015302226744720005,,0,2.0,66.0
2025-02-21,4.57377815246582,4.589742277685589,4.541849039543492,4.57377815246582,28115168,588.3809814453125,144.0,4.0,1.0,3.0,9.0,0.00019657326313048202,0.00013626054825699227,,0,2.0,67.0
2025-02-24,4.573778441308147,4.597724415029334,4.485973806468119,4.509921073913574,26344969,585.7034912109375,143.0,4.0,1.0,3.0,9.0,0.00014975246892987373,0.0001654707836404847,,0,2.0,68.0
2025-02-25,4.5578131675720215,4.605705102956772,4.541848182880705,4.5578131675720215,31978132,582.790771484375,141.0,4.0,1.0,3.0,9.0,0.00015607237649362834,0.00020896346773908772,,0,2.0,69.0
2025-02-26,4.533867072516338,4.557814340093214,4.493956972348196,4.501938819885254,22632921,583.0848999023438,140.0,4.0,1.0,3.0,9.0,0.00016394495230549248,0.0002630687583415555,,0,2.0,70.0
2025-02-27,4.525885224979279,4.541849351294821,4.493956972348196,4.501938819885254,13675763,573.77783203125,138.0,4.0,1.0,3.0,9.0,0.0001601976574889739,0.00023415762584173393,,0,2.0,71.0
2025-02-28,4.438080995324919,4.4700088103258455,4.342294531632767,4.382205486297607,29508192,582.7318115234375,141.0,4.0,4.0,3.0,10.0,6.620681375524503e-05,0.00019657326313048202,,1,4.0,72.0
2025-03-03,4.4300991058736825,4.5179024375866215,4.382205869835907,4.398169994354248,13518729,572.5224609375,139.0,4.0,4.0,3.0,10.0,1.1712976460788833e-05,0.00014975246892987373,,0,4.0,73.0
2025-03-04,4.368622303009033,4.416540788393148,4.2807702363037485,4.368622303009033,24444928,565.74560546875,137.0,4.0,4.0,3.0,10.0,-5.020989403134845e-05,0.00015607237649362834,,0,4.0,74.0
2025-03-05,4.4325128446155135,4.520364015958752,4.424525786116576,4.504391193389893,28236626,571.8261108398438,141.0,4.0,4.0,3.0,10.0,-2.0173696270317154e-05,0.00016394495230549248,,0,4.0,75.0
2025-03-06,4.50439090518252,4.56029685928731,4.480431025647763,4.528350353240967,24852582,561.675537109375,140.0,4.0,4.0,3.0,10.0,-9.396224492231023e-06,0.0001601976574889739,,0,4.0,76.0
2025-03-07,4.512376931732826,4.560296252954723,4.496404112309696,4.5363359451293945,20735146,564.8236694335938,137.0,4.0,4.0,3.0,10.0,2.1912094305066773e-05,6.620681375524503e-05,,0,4.0,77.0
2025-03-10,4.456471988425,4.52835077070305,4.456471988425,4.496405124664307,38758231,549.779296875,136.0,4.0,4.0,3.0,10.0,1.1359906313710186e-05,1.1712976460788833e-05,,0,4.0,78.0
2025-03-11,4.480431704900226,4.512378215789795,4.4404998607173916,4.512378215789795,35227689,545.208984375,134.0,4.0,4.0,3.0,10.0,-1.4408055869168263e-05,-5.020989403134845e-05,,0,4.0,79.0
2025-03-12,4.480431704900226,4.5203644120358115,4.448486056963408,4.512378215789795,27842569,548.1022338867188,132.0,4.0,4.0,3.0,10.0,-5.3795867895298003e-05,-2.0173696270317154e-05,,0,4.0,80.0
2025-03-13,4.496404736458739,4.600228724335344,4.496404736458739,4.5682830810546875,37359315,540.795654296875,131.0,4.0,4.0,3.0,10.0,-6.118001892974392e-05,-9.396224492231023e-06,,0,4.0,81.0
2025-03-14,4.680093067013256,4.82385059985299,4.664120247517872,4.7839179039001465,37580817,551.9663696289062,144.0,1.0,1.0,3.0,3.0,-1.487885782158427e-05,2.1912094305066773e-05,,0,1.0,1.0
2025-03-17,4.8318389366618675,5.015528799036794,4.8318389366618675,4.9995551109313965,42925065,556.2227172851562,154.0,1.0,1.0,3.0,3.0,9.357615718186498e-05,1.1359906313710186e-05,,0,1.0,2.0
2025-03-18,4.999553565215766,5.071432766346864,4.967607924787262,5.015527248382568,40648641,550.2108764648438,152.0,1.0,1.0,3.0,3.0,0.00019081916461975278,-1.4408055869168263e-05,,0,1.0,3.0
2025-03-19,5.0426807799995474,5.0953916417221174,4.9987547742465885,5.033895492553711,12795072,556.203125,149.0,1.0,1.0,3.0,3.0,0.00025354694696086557,-5.3795867895298003e-05,,0,1.0,4.0
2025-03-20,5.051465578571619,5.051465578571619,4.928473702603053,4.972399711608887,23804124,554.5946655273438,148.0,1.0,1.0,3.0,3.0,0.00023952449359722526,-6.118001892974392e-05,,0,1.0,5.0
2025-03-21,4.93725942217573,4.981184568229047,4.910903126410217,4.972399711608887,17489194,554.7776489257812,146.0,1.0,1.0,3.0,3.0,0.00020539836048573734,-1.487885782158427e-05,,0,1.0,6.0
2025-03-24,4.902119028097332,4.963614754443491,4.884548019256754,4.910903453826904,15166853,564.712890625,145.0,1.0,1.0,3.0,3.0,0.0001657318685673444,9.357615718186498e-05,,0,1.0,7.0
2025-03-25,4.9811844425025225,5.095391890444557,4.9811844425025225,4.989969730377197,14987324,566.0703125,144.0,1.0,1.0,3.0,3.0,0.00016628993712127288,0.00019081916461975278,,0,1.0,8.0
2025-03-26,4.981184341287203,4.998754916679528,4.910902902670382,4.937259197235107,16601746,559.3124389648438,143.0,1.0,1.0,3.0,3.0,0.00016987620159198582,0.00025354694696086557,,0,1.0,9.0
2025-03-27,4.902119462498141,4.937260188864428,4.88454845210051,4.919689178466797,19053146,557.8271484375,141.0,1.0,1.0,3.0,3.0,0.00018425907666248917,0.00023952449359722526,,0,1.0,10.0
2025-03-28,4.875763493024371,4.91968864110082,4.796696759467416,4.849407196044922,14211631,546.5933837890625,140.0,1.0,1.0,3.0,3.0,0.00017704517309320245,0.00020539836048573734,,0,1.0,11.0
2025-03-31,4.770341966136646,4.858193137041236,4.770341966136646,4.831838130950928,12866966,550.2625122070312,138.0,1.0,1.0,3.0,3.0,0.00015974537720103355,0.0001657318685673444,,0,1.0,12.0
2025-04-01,4.823052193494308,4.893333207073928,4.814266473516973,4.849407196044922,14804808,551.8167724609375,136.0,1.0,1.0,3.0,3.0,0.00014276450252515284,0.00016628993712127288,,0,1.0,13.0
2025-04-02,4.878415162962024,4.895994432249981,4.808095495544582,4.86083459854126,10948797,555.308837890625,134.0,1.0,1.0,3.0,3.0,0.00013831617683804874,0.00016987620159198582,,0,1.0,14.0
2025-04-03,4.948734409359818,5.071794054196977,4.948734409359818,5.001474380493164,39863060,527.9427490234375,138.0,1.0,1.0,3.0,3.0,0.0001890863205008728,0.00018425907666248917,,0,1.0,15.0
2025-04-04,4.816885028197771,4.834465593821941,4.66745691191229,4.6850361824035645,25863300,497.03546142578125,162.0,1.0,1.0,4.0,5.0,0.00015847776711527047,0.00017704517309320245,,1,2.0,16.0
2025-04-07,4.588346897577495,4.772935702331196,4.553187063570465,4.658666133880615,41270246,496.150146484375,160.0,1.0,1.0,4.0,5.0,0.00012657856917688043,0.00015974537720103355,,0,2.0,17.0
2025-04-08,4.728985760900468,4.764145594602708,4.553187024100207,4.605926990509033,52701495,488.3790283203125,158.0,1.0,1.0,4.0,5.0,4.341263647489582e-05,0.00014276450252515284,,0,2.0,18.0
2025-04-09,4.500447224267459,4.85204424544341,4.500447224267459,4.843255043029785,51260525,539.6683349609375,170.0,1.0,1.0,4.0,5.0,8.122622027786394e-05,0.00013831617683804874,,0,2.0,19.0
2025-04-10,4.7377759032522615,4.808095571784736,4.60592706439255,4.720195770263672,41166319,516.0205688476562,172.0,1.0,1.0,4.0,5.0,8.994902483383624e-05,0.0001890863205008728,,0,2.0,20.0
2025-04-11,4.711405589499425,4.843255288583151,4.702615954929255,4.808095455169678,33551941,525.2277221679688,171.0,1.0,1.0,4.0,5.0,0.00013998781784495634,0.00015847776711527047,,0,2.0,21.0
2025-04-14,4.869625851886862,4.904785691048879,4.808096241281082,4.887205123901367,25962489,530.3233032226562,170.0,1.0,1.0,4.0,5.0,0.00015761881788092251,0.00012657856917688043,,0,2.0,22.0
2025-04-15,4.895994517445203,4.93115435176574,4.860834683124666,4.91357421875,24529656,528.837890625,167.0,1.0,1.0,4.0,5.0,0.00020699776128766517,4.341263647489582e-05,,0,2.0,23.0
2025-04-16,4.895994517445203,4.957524119578408,4.869625181343479,4.91357421875,22391170,517.0828857421875,165.0,1.0,1.0,4.0,5.0,0.00021597486147172354,8.122622027786394e-05,,0,2.0,24.0
2025-04-17,4.860834294792571,4.992683555033412,4.860834294792571,4.975103855133057,21868445,517.8206176757812,163.0,1.0,1.0,4.0,5.0,0.00021568376075292405,8.994902483383624e-05,,0,2.0,25.0
2025-04-21,4.992684313352444,5.019053651352657,4.939945205641046,5.001474380493164,14064959,505.4950866699219,161.0,1.0,1.0,4.0,5.0,0.00020822599163995603,0.00013998781784495634,,0,2.0,26.0
2025-04-22,5.010263941814895,5.177273042073042,5.010263941814895,5.142113208770752,26531358,518.6470336914062,163.0,1.0,1.0,4.0,5.0,0.00025179475380834117,0.00015761881788092251,,0,2.0,27.0
2025-04-23,5.221222154707939,5.291541390631905,5.221222154707939,5.256381988525391,35354132,526.68359375,164.0,1.0,1.0,4.0,5.0,0.00029992781975050144,0.00020699776128766517,,0,2.0,28.0
2025-04-24,5.353070917216473,5.405810883062466,5.282751250562437,5.3970208168029785,32650176,537.769775390625,165.0,1.0,1.0,4.0,5.0,0.0003774017633822314,0.00021597486147172354,,0,2.0,29.0
2025-04-25,5.3794415477058655,5.414601381032884,5.353070917216473,5.3970208168029785,21951875,541.6552734375,163.0,1.0,1.0,4.0,5.0,0.00041698909063368875,0.00021568376075292405,,0,2.0,30.0
2025-04-28,5.405810918703259,5.476130585820917,5.388230786068378,5.458550453186035,22932023,541.8618774414062,161.0,1.0,1.0,4.0,5.0,0.0004419780632929384,0.00020822599163995603,,0,2.0,31.0
2025-04-29,5.467340406295014,5.555239340805622,5.449759842313227,5.546450138092041,37440500,545.2752685546875,160.0,1.0,1.0,4.0,5.0,0.0004376825746810818,0.00025179475380834117,,0,2.0,32.0
2025-04-30,5.502500239125812,5.555239340805622,5.467340406295014,5.546450138092041,25678003,545.4916381835938,158.0,1.0,1.0,4.0,5.0,0.00042782686832108357,0.00029992781975050144,,0,2.0,33.0
2025-05-01,5.537662037220904,5.546452106475848,5.467342346603509,5.528871536254883,19323315,549.3574829101562,155.0,1.0,1.0,4.0,5.0,0.0004148835267964748,0.0003774017633822314,,0,2.0,34.0
2025-05-02,5.581609603262043,5.599188870953109,5.414600947955272,5.449759483337402,17516180,557.5122680664062,154.0,1.0,1.0,4.0,5.0,0.00038671358910513496,0.00041698909063368875,,0,2.0,35.0
2025-05-05,5.513958761692567,5.513958761692567,5.390839547919715,5.408428192138672,20567040,554.3153076171875,152.0,1.0,1.0,4.0,5.0,0.00036608268532682854,0.0004419780632929384,,0,2.0,36.0
2025-05-06,5.338075486587202,5.390840129173439,5.320486408551797,5.373251914978027,22655056,549.6821899414062,150.0,1.0,1.0,4.0,5.0,0.0003645779151847998,0.0004376825746810818,,0,2.0,37.0
2025-05-07,5.364456653594971,5.4084278292722665,5.338074552876483,5.364456653594971,17682216,551.9938354492188,148.0,1.0,1.0,4.0,5.0,0.000369752278422556,0.00042782686832108357,,0,2.0,38.0
2025-05-08,5.496370405051553,5.584312766907711,5.469987869262695,5.469987869262695,26396840,555.840087890625,148.0,1.0,1.0,4.0,5.0,0.0004037975100284512,0.0004148835267964748,,0,2.0,39.0
2025-05-09,5.628282967819245,5.821755036917295,5.628282967819245,5.812961578369141,66149175,555.1317749023438,168.0,1.0,1.0,4.0,5.0,0.00046964789452222415,0.00038671358910513496,,0,2.0,40.0
2025-05-12,5.733812995729164,5.7601950965459165,5.619488111310339,5.672253608703613,52014279,573.4775390625,169.0,1.0,1.0,4.0,5.0,0.0005253447192332647,0.00036608268532682854,,0,2.0,41.0
2025-05-13,5.742607760011556,5.839343576863972,5.707430903010699,5.8217549324035645,27986027,577.2647705078125,170.0,1.0,1.0,4.0,5.0,0.0005784491458775311,0.0003645779151847998,,0,2.0,42.0
2025-05-14,5.830548749515562,5.856931282000617,5.804166217030507,5.839343070983887,25967433,578.0025024414062,168.0,1.0,1.0,4.0,5.0,0.000590743019732071,0.000369752278422556,,0,2.0,43.0
2025-05-15,5.865725603468942,5.892108135953998,5.777784116465369,5.839343070983887,59180916,580.8256225585938,165.0,1.0,1.0,4.0,5.0,0.0006229472416004039,0.0004037975100284512,,0,2.0,44.0
2025-05-16,5.812962180875377,5.918492332790569,5.777785319596976,5.909698009490967,42152132,584.504638671875,163.0,1.0,1.0,4.0,5.0,0.0006238333012725412,0.00046964789452222415,,0,2.0,45.0
2025-05-19,5.918492016563193,6.024021730919882,5.9096976937334755,5.988844871520996,38146153,585.1438598632812,162.0,1.0,1.0,4.0,5.0,0.0006776181455251076,0.0005253447192332647,,0,2.0,46.0
2025-05-20,5.962461111186958,5.980050185156312,5.865725307594533,5.944873332977295,31704018,583.176513671875,160.0,1.0,1.0,4.0,5.0,0.0007279141459195405,0.0005784491458775311,,0,2.0,47.0
2025-05-21,5.918492097038501,5.927285556147815,5.79537287150832,5.848138809204102,29816028,573.3495483398438,159.0,1.0,1.0,4.0,5.0,0.0007777875882836036,0.000590743019732071,,0,2.0,48.0
2025-05-22,5.830549359305376,5.927285177894419,5.795372501673014,5.812961578369141,56712521,573.5758666992188,157.0,1.0,1.0,4.0,5.0,0.0007275913561849913,0.0006229472416004039,,0,2.0,49.0
2025-05-23,5.645871972890222,5.874520914212009,5.6194890040423315,5.848138809204102,39590522,569.6607666015625,155.0,1.0,1.0,4.0,5.0,0.0007171380809060183,0.0006238333012725412,,0,2.0,50.0
2025-05-27,5.927285776636127,6.015228577480477,5.8921093473704,5.918492317199707,41274366,581.50439453125,154.0,1.0,1.0,4.0,5.0,0.0007406632425782832,0.0006776181455251076,,0,2.0,51.0
2025-05-28,5.865725603468942,5.909696778890647,5.821754428047237,5.839343070983887,49839228,578.1400756835938,152.0,1.0,1.0,4.0,5.0,0.0007924096542732993,0.0007279141459195405,,0,2.0,52.0
2025-05-29,5.874521380100319,5.883315703747064,5.804167654766412,5.830550193786621,38385834,580.4223022460938,150.0,1.0,1.0,4.0,5.0,0.0007995574697532299,0.0007777875882836036,,0,2.0,53.0
2025-05-30,5.786579503703598,5.821755500295841,5.716225782839117,5.79537296295166,38312807,579.7730712890625,148.0,1.0,1.0,4.0,5.0,0.0007727878438926274,0.0007275913561849913,,0,2.0,54.0
2025-06-02,5.812961773020279,5.8217552318628885,5.7250189781145995,5.751402378082275,27429724,583.038818359375,146.0,1.0,1.0,3.0,3.0,0.0007371752452394593,0.0007171380809060183,,0,1.0,55.0
2025-06-03,5.754041314237609,5.806830164758334,5.718848315105635,5.798031806945801,28526571,586.3636474609375,145.0,1.0,1.0,3.0,3.0,0.0007269395887257567,0.0007406632425782832,,0,1.0,56.0
2025-06-04,5.824427532768142,5.8420242516697,5.736445666733303,5.745244026184082,29429160,586.2063598632812,143.0,1.0,1.0,3.0,3.0,0.0007020401197604069,0.0007924096542732993,,0,1.0,57.0
2025-06-05,5.798032644167215,5.815629794451423,5.736445426940918,5.736445426940918,26135117,583.3733520507812,141.0,1.0,1.0,3.0,3.0,0.0006803417343853018,0.0007995574697532299,,0,1.0,58.0
2025-06-06,5.762839557607668,5.798032561318547,5.727646553896789,5.771637916564941,24594752,589.364013671875,139.0,1.0,1.0,3.0,3.0,0.0006242461118987344,0.0007727878438926274,,0,1.0,59.0
2025-06-09,5.736445344972276,5.798032561318547,5.657260978593244,5.771637916564941,27520570,589.8952026367188,137.0,1.0,1.0,3.0,3.0,0.0006078234145938597,0.0007371752452394593,,0,1.0,60.0
2025-06-10,5.789235632578748,5.850823287064313,5.736445905792367,5.754042625427246,20780868,593.2396240234375,135.0,1.0,1.0,3.0,3.0,0.0006165376438208641,0.0007269395887257567,,0,1.0,61.0
2025-06-11,5.753153393651503,5.886328028757057,5.717640012272695,5.841937065124512,36159077,591.5477294921875,135.0,1.0,1.0,3.0,3.0,0.0006526058328164126,0.0007020401197604069,,0,1.0,62.0
2025-06-12,5.841937306983612,5.912963200577774,5.841937306983612,5.868572235107422,27756852,593.898681640625,133.0,1.0,1.0,3.0,3.0,0.0006763069147648505,0.0006803417343853018,,0,1.0,63.0
2025-06-13,5.753154736579568,5.833059972346731,5.735398259771355,5.824181079864502,29168570,587.2588500976562,131.0,1.0,1.0,3.0,3.0,0.0007243985832119555,0.0006242461118987344,,1,1.0,64.0
2025-06-16,5.9218413668453955,6.010625037669368,5.9218413668453955,5.983989238739014,21041458,592.8462524414062,134.0,1.0,1.0,3.0,3.0,0.0007825225517918618,0.0006078234145938597,,0,1.0,65.0
2025-06-17,5.966233202257381,6.019502619858208,5.966233202257381,5.983989238739014,15391702,587.7803344726562,132.0,1.0,1.0,3.0,3.0,0.0008372982116250461,0.0006165376438208641,,0,1.0,66.0
2025-06-18,5.992868642555155,6.01062555266216,5.930720329284668,5.930720329284668,26765168,587.6917114257812,131.0,1.0,1.0,3.0,3.0,0.000871153376827635,0.0006526058328164126,,0,1.0,67.0
2025-06-20,5.93959899334813,5.9573554680279575,5.868572658576792,5.88632869720459,18076294,586.3115234375,129.0,1.0,1.0,3.0,3.0,0.0008763277864450971,0.0006763069147648505,,0,1.0,68.0
2025-06-23,5.859694308879585,5.912964173895823,5.815302463998008,5.904086589813232,18913890,592.102783203125,128.0,1.0,1.0,3.0,3.0,0.0008730935941080473,0.0007243985832119555,,0,1.0,69.0
2025-06-24,5.930720130337014,6.081651244871442,5.930720130337014,6.028381824493408,32953305,598.6438598632812,129.0,1.0,1.0,3.0,3.0,0.000853793974136862,0.0007825225517918618,,0,1.0,70.0
2025-06-25,5.957355937643822,5.957355937643822,5.833059732982755,5.850815773010254,35039879,598.9791870117188,133.0,1.0,1.0,3.0,3.0,0.000809270893917001,0.0008372982116250461,,0,1.0,71.0
2025-06-26,5.895206911179195,5.912963385131947,5.850815072219298,5.85969352722168,40830127,603.6655883789062,131.0,1.0,1.0,3.0,3.0,0.0007719923607896903,0.000871153376827635,,0,1.0,72.0
2025-06-27,5.85969256460876,5.904084832328039,5.8419365296249275,5.877449035644531,23519535,606.664794921875,129.0,1.0,1.0,3.0,3.0,0.0007493568809041881,0.0008763277864450971,,0,1.0,73.0
2025-06-30,5.841937326988292,6.055016316656426,5.841937326988292,6.028381824493408,47892631,609.5653076171875,132.0,1.0,1.0,3.0,3.0,0.0007868831292958321,0.0008730935941080473,,0,1.0,74.0
2025-07-01,6.03726027924908,6.090529699627114,6.001746896278392,6.028381824493408,19790729,609.3680419921875,130.0,1.0,1.0,3.0,3.0,0.0007949251110725143,0.000853793974136862,,0,1.0,75.0
2025-07-02,5.986634698950615,6.075458056368769,5.959988433341245,6.0488104820251465,25958884,612.1305541992188,128.0,1.0,1.0,3.0,3.0,0.0007930377470277634,0.000809270893917001,,0,1.0,76.0
2025-07-03,6.075459573416955,6.173164025864044,6.075459573416955,6.146517753601074,17431823,616.9550170898438,128.0,1.0,1.0,3.0,3.0,0.0007889647133929563,0.0007719923607896903,,0,1.0,77.0
2025-07-07,6.128753422279309,6.146518624208935,6.031048955993121,6.075460433959961,22437829,612.357421875,127.0,1.0,1.0,3.0,3.0,0.0008187071918972123,0.0007493568809041881,,0,1.0,78.0
2025-07-08,6.0488104820251465,6.075458056368769,5.995517514561656,6.0488104820251465,22037777,612.0220336914062,126.0,1.0,1.0,3.0,3.0,0.0008408379579330884,0.0007868831292958321,,0,1.0,79.0
2025-07-09,6.048811844577392,6.048811844577392,5.8800492160709945,5.906696796417236,21482710,615.6921997070312,128.0,1.0,1.0,3.0,3.0,0.000803600396307308,0.0007949251110725143,,0,1.0,80.0
2025-07-10,5.729051496916256,5.737933878510704,5.6402294259512145,5.657993316650391,53999089,617.4285888671875,139.0,1.0,4.0,3.0,4.0,0.0006677080012436965,0.0007930377470277634,,1,2.0,81.0
2025-07-11,5.586934748695058,5.631346653585461,5.5514060972723955,5.595817565917969,42011537,615.2579956054688,138.0,1.0,4.0,3.0,4.0,0.0005432013579240463,0.0007889647133929563,,1,2.0,82.0
2025-07-14,5.586934363247057,5.613581068098087,5.5425228976654735,5.5691704750061035,24755947,616.4320678710938,136.0,1.0,4.0,3.0,4.0,0.00044724377552259406,0.0008187071918972123,,0,2.0,83.0
2025-07-15,5.595817383431032,5.631346469939875,5.533641591101762,5.586934566497803,26335555,613.7979125976562,134.0,1.0,4.0,3.0,4.0,0.00044191177399030584,0.0008408379579330884,,0,2.0,84.0
2025-07-16,5.613581322387877,5.649110409213618,5.578052235562137,5.622463703155518,41243157,615.8499145507812,132.0,1.0,4.0,3.0,4.0,0.0004419994997631117,0.000803600396307308,,0,2.0,85.0
2025-07-17,5.63134760452452,5.746815959269185,5.6224647858016095,5.7290520668029785,34158199,619.6187133789062,133.0,1.0,4.0,3.0,4.0,0.0004598453773737413,0.0006677080012436965,,0,2.0,86.0
2025-07-18,5.702404392675617,5.746814988831531,5.578052367716977,5.595817565917969,30225968,619.1649780273438,135.0,1.0,4.0,3.0,4.0,0.0004570927895741039,0.0005432013579240463,,0,2.0,87.0
2025-07-21,5.622463520916116,5.7024040727441445,5.604699632446252,5.675756931304932,21927876,620.3389892578125,134.0,1.0,4.0,3.0,4.0,0.0004510997846961427,0.00044724377552259406,,0,2.0,88.0
2025-07-22,5.68463977434409,5.7112864817067415,5.586934889851141,5.604700088500977,28687663,620.4277954101562,133.0,1.0,4.0,3.0,4.0,0.00041099046947149984,0.00044191177399030584,,0,2.0,89.0
2025-07-23,5.604700893335403,5.737934449280985,5.595818510857397,5.7290520668029785,34811322,625.7059936523438,135.0,1.0,4.0,3.0,4.0,0.00041475780299216514,0.0004419994997631117,,0,2.0,90.0
2025-07-24,5.6757574415370975,5.6757574415370975,5.604700136290596,5.640229225158691,19197758,625.9132690429688,134.0,1.0,4.0,3.0,4.0,0.0003895327893134794,0.0004598453773737413,,0,2.0,91.0
2025-07-25,5.684640025188875,5.7024047883777715,5.6402294259512145,5.657993316650391,27838840,628.5572509765625,132.0,1.0,4.0,3.0,4.0,0.0003816987730298686,0.0004570927895741039,,0,2.0,92.0
2025-07-28,5.586934599108417,5.586934599108417,5.427054363252637,5.489230155944824,27539419,628.3994140625,137.0,1.0,4.0,3.0,4.0,0.0003222132958777243,0.0004510997846961427,,1,2.0,93.0
2025-07-29,5.48922964295843,5.578051697081053,5.48922964295843,5.551405429840088,26274167,626.741943359375,136.0,1.0,4.0,3.0,4.0,0.0002953389909015033,0.00041099046947149984,,0,2.0,94.0
2025-07-30,5.498112364731833,5.640228707152046,5.435937010228996,5.578052043914795,34305592,625.9526977539062,134.0,1.0,4.0,3.0,4.0,0.00025740857594498966,0.00041475780299216514,,0,2.0,95.0
2025-07-31,5.506993812449167,5.613581068098087,5.489229924208213,5.5691704750061035,19048511,623.6046752929688,132.0,1.0,4.0,3.0,4.0,0.0002467366375639658,0.0003895327893134794,,0,2.0,96.0
2025-08-01,5.702404206712745,5.737933293221587,5.569170677610605,5.586934566497803,25840022,613.3834228515625,130.0,1.0,4.0,3.0,4.0,0.00024907757788391693,0.0003816987730298686,,0,2.0,97.0
2025-08-04,5.7140116691589355,5.74067152767079,5.660692825041225,5.7140116691589355,34915455,622.706787109375,132.0,1.0,1.0,3.0,3.0,0.00028023177779274377,0.0003222132958777243,,0,1.0,98.0
2025-08-05,5.705126410155283,5.811764552115657,5.687353168268686,5.7584452629089355,45212674,619.5496215820312,130.0,1.0,1.0,3.0,3.0,0.00031233384882243625,0.0002953389909015033,,0,1.0,99.0
2025-08-06,5.9361738886718864,6.060584374999936,5.865081808096158,5.909514904022217,37056413,624.2952880859375,133.0,1.0,1.0,3.0,3.0,0.0003589913418930884,0.00025740857594498966,,0,1.0,100.0
2025-08-07,5.927287199773752,6.078357978333623,5.909514834518321,6.06947135925293,36170716,623.7722778320312,136.0,1.0,1.0,3.0,3.0,0.0004244475333959658,0.0002467366375639658,,0,1.0,101.0
2025-08-08,6.087244228115012,6.105017467746804,6.025038762309767,6.096130847930908,28884084,628.6361694335938,134.0,1.0,1.0,3.0,3.0,0.00048223849290747684,0.00024907757788391693,,0,1.0,102.0
2025-08-11,6.051698185304441,6.113904524015714,6.025038762309767,6.096130847930908,26910810,627.3931274414062,132.0,1.0,1.0,3.0,3.0,0.0005124858015657259,0.00028023177779274377,,0,1.0,103.0
2025-08-12,6.140563636492178,6.336066221280295,6.140563636492178,6.3094072341918945,52323794,634.0723266601562,138.0,1.0,1.0,3.0,3.0,0.0005224633408832961,0.00031233384882243625,,0,1.0,104.0
2025-08-13,6.2472010524467265,6.30051945697706,6.211655012973532,6.229427814483643,26041078,636.2428588867188,137.0,1.0,1.0,3.0,3.0,0.0005299722395298397,0.0003589913418930884,,0,1.0,105.0
2025-08-14,6.176109186402617,6.273860689210341,6.140563145704082,6.193881988525391,30037272,636.3020629882812,135.0,1.0,1.0,3.0,3.0,0.0005369750089089911,0.0004244475333959658,,0,1.0,106.0
2025-08-15,6.211655227101152,6.256087014181592,6.14945020144495,6.193881988525391,27858616,634.8123168945312,133.0,1.0,1.0,3.0,3.0,0.0005310508043599255,0.00048223849290747684,,0,1.0,107.0
2025-08-18,6.2205418463890325,6.264973633469473,6.176109186402617,6.193881988525391,20772422,634.6741333007812,131.0,1.0,1.0,3.0,3.0,0.0005399665078233374,0.0005124858015657259,,0,1.0,108.0
2025-08-19,5.97171992895975,6.025038334712072,5.882854610013599,5.909514904022217,37425050,631.2308959960938,144.0,1.0,1.0,3.0,3.0,0.0004871480387990464,0.0005224633408832961,,1,1.0,109.0
2025-08-20,5.924776602475588,6.005569325330012,5.924776602475588,5.951707363128662,28858849,629.5537719726562,143.0,1.0,1.0,3.0,3.0,0.00045327679390672564,0.0005299722395298397,,0,1.0,110.0
2025-08-21,5.942729690096706,5.987614580539374,5.906822747711915,5.960683822631836,20414291,627.028076171875,141.0,1.0,1.0,3.0,3.0,0.00045595522925980284,0.0005369750089089911,,0,1.0,111.0
2025-08-22,6.032499009096689,6.203060609750236,6.005568253251136,6.176130294799805,35120013,636.6572265625,147.0,1.0,1.0,4.0,5.0,0.0005446322608260571,0.0005310508043599255,,0,2.0,112.0
2025-08-25,6.194084116794695,6.229991941540046,6.158176292049345,6.167153358459473,24858432,633.8552856445312,145.0,1.0,1.0,4.0,5.0,0.0006201323806083197,0.0005399665078233374,,0,2.0,113.0
2025-08-26,6.158175876215434,6.176130448718463,6.059429915952545,6.104314804077148,31781268,636.5091552734375,143.0,1.0,1.0,4.0,5.0,0.0006308031307833598,0.0004871480387990464,,0,2.0,114.0
2025-08-27,6.077384176985934,6.256922410622444,6.050452538105415,6.247945785522461,39578059,637.95947265625,144.0,1.0,1.0,4.0,5.0,0.0006274130817475006,0.00045327679390672564,,0,2.0,115.0
2025-08-28,6.301807120755801,6.445437968123529,6.265899298690086,6.382599830627441,30784949,640.21875,145.0,1.0,1.0,4.0,5.0,0.0006259299814633895,0.00045595522925980284,,0,2.0,116.0
2025-08-29,6.373623729878494,6.427484809789147,6.355669154784549,6.409531116485596,20059559,636.400634765625,143.0,1.0,1.0,4.0,5.0,0.0006754270264868919,0.0005446322608260571,,0,2.0,117.0
2025-09-02,6.268533405258292,6.349360079385915,6.232610487988291,6.295475482940674,34437535,631.6847534179688,143.0,1.0,1.0,4.0,5.0,0.0006812050463391147,0.0006201323806083197,,1,2.0,118.0
2025-09-03,6.304455574859875,6.340378487869647,6.19668683583056,6.232609748840332,24819498,635.108154296875,142.0,1.0,1.0,4.0,5.0,0.0006776540868801578,0.0006308031307833598,,0,2.0,119.0
2025-09-04,6.232610699322429,6.322417333921862,6.178726983211063,6.277514457702637,33227491,640.4160766601562,140.0,1.0,1.0,4.0,5.0,0.0006396647573063027,0.0006274130817475006,,0,2.0,120.0
2025-09-05,6.43916679699106,6.49305051199543,6.349360164236626,6.376302242279053,23365756,638.561279296875,140.0,1.0,1.0,4.0,5.0,0.0006311470823081811,0.0006259299814633895,,0,2.0,121.0
2025-09-08,6.3583400881538354,6.3583400881538354,6.250572217634599,6.331398010253906,23023487,640.1300048828125,138.0,1.0,1.0,4.0,5.0,0.0005932663203173702,0.0006754270264868919,,0,2.0,122.0
2025-09-09,6.286495297594777,6.349360294678774,6.259552777918357,6.277514457702637,17360341,641.6099243164062,136.0,1.0,1.0,4.0,5.0,0.000575628615446013,0.0006812050463391147,,0,2.0,123.0
2025-09-10,6.304456461805236,6.376302297932444,6.295475622019214,6.322417259216309,25366428,643.4647216796875,135.0,1.0,1.0,4.0,5.0,0.000556803694521619,0.0006776540868801578,,0,2.0,124.0
2025-09-11,6.340379465712452,6.475089858924229,6.322417344816728,6.358340263366699,34092897,648.8119506835938,133.0,1.0,1.0,4.0,5.0,0.0005819302407496494,0.0006396647573063027,,0,2.0,125.0
2025-09-12,6.2685342732958445,6.3224179950416985,6.250573032713892,6.2595534324646,29587986,648.594970703125,133.0,1.0,1.0,4.0,5.0,0.0005792931607343018,0.0006311470823081811,,0,2.0,126.0
2025-09-15,6.33139903539932,6.475090728905354,6.313438235331893,6.412225723266602,30932857,652.0479736328125,135.0,1.0,1.0,4.0,5.0,0.000605311766073702,0.0005932663203173702,,0,2.0,127.0
2025-09-16,6.475090728905354,6.49305152897278,6.38528408208491,6.412225723266602,36648945,651.1502685546875,133.0,1.0,1.0,4.0,5.0,0.0005960286061871621,0.000575628615446013,,0,2.0,128.0
2025-09-17,6.4571295370912605,6.609800739207516,6.43916741487192,6.5289740562438965,31227540,650.3411865234375,133.0,1.0,1.0,4.0,5.0,0.0006248461406392708,0.000556803694521619,,0,2.0,129.0
2025-09-18,6.5289734933564025,6.537954774232025,6.4661089380319146,6.493050575256348,25008297,653.3799438476562,131.0,1.0,1.0,4.0,5.0,0.0006115821412178638,0.0005819302407496494,,0,2.0,130.0
2025-09-19,6.5110127259382145,6.627762320571647,6.502031886101683,6.582858562469482,39105186,656.6160278320312,131.0,1.0,1.0,4.0,5.0,0.0006248566018801112,0.0005792931607343018,,0,2.0,131.0
2025-09-22,6.511012642853032,6.555916400382193,6.421206009955677,6.5020318031311035,28107670,659.7225341796875,130.0,1.0,1.0,4.0,5.0,0.000606601263502152,0.000605311766073702,,0,2.0,132.0
2025-09-23,6.546935778014058,6.681646172912867,6.5289736568933865,6.6547040939331055,22669270,656.1312255859375,132.0,1.0,1.0,4.0,5.0,0.0006226089892377137,0.0005960286061871621,,0,2.0,133.0
2025-09-24,6.573877674113693,6.600819754151652,6.537955194783426,6.54693603515625,32691376,654.043701171875,132.0,1.0,1.0,4.0,5.0,0.0005947172834217422,0.0006248461406392708,,0,2.0,134.0
2025-09-25,6.511013036058809,6.573877594667307,6.448148036369801,6.466109275817871,36256824,651.0263061523438,131.0,1.0,1.0,4.0,5.0,0.0005556050062445878,0.0006115821412178638,,0,2.0,135.0
2025-09-26,6.528973440135923,6.528973440135923,6.466108885323871,6.5020318031311035,25272904,654.756103515625,129.0,1.0,1.0,4.0,5.0,0.0005506773538889174,0.0006248566018801112,,0,2.0,136.0
2025-09-29,6.609800199818096,6.654703957920262,6.5648964417159315,6.582858562469482,26564112,656.5962524414062,128.0,1.0,1.0,4.0,5.0,0.000601980072199127,0.000606601263502152,,0,2.0,137.0
2025-09-30,6.645723028558929,6.663684266909544,6.51999347794365,6.59183931350708,53526731,659.0695190429688,126.0,1.0,1.0,4.0,5.0,0.0006852709472900667,0.0006226089892377137,,0,2.0,138.0
2025-10-01,6.6457236000553435,6.69062736141409,6.4481481968862155,6.45712947845459,33785339,661.3153076171875,128.0,1.0,1.0,4.0,5.0,0.000682405208982599,0.0005947172834217422,,0,2.0,139.0
2025-10-02,6.48677664381706,6.531698259069263,6.343025445193012,6.3969316482543945,31426639,662.0769653320312,126.0,1.0,1.0,4.0,5.0,0.0006664365255812624,0.0005556050062445878,,0,2.0,140.0
2025-10-03,6.387949216792233,6.441855430603027,6.325057089586687,6.441855430603027,28587547,662.0671997070312,125.0,1.0,1.0,4.0,5.0,0.0006392031135020033,0.0005506773538889174,,0,2.0,141.0
2025-10-06,6.4508401521589525,6.459825183208191,6.378964757676327,6.405917644500732,26420942,664.4415893554688,123.0,1.0,1.0,3.0,3.0,0.0006087884489292978,0.000601980072199127,-1.0,0,1.0,142.0
2025-10-07,6.28911989788051,6.3160732247449625,6.208259476022511,6.235212802886963,29124795,661.9781494140625,127.0,1.0,4.0,3.0,4.0,0.0005362458847918047,0.0006852709472900667,-1.0,1,2.0,143.0
2025-10-08,6.316073658619349,6.316073658619349,6.226228641213199,6.253182411193848,24403584,665.925537109375,125.0,1.0,4.0,3.0,4.0,0.00047384603844633644,0.000682405208982599,-1.0,0,2.0,144.0
2025-10-09,6.271150742939856,6.298104069906652,6.199274910185304,6.2262282371521,32990694,663.9963989257812,123.0,1.0,4.0,3.0,4.0,0.00042326532882760266,0.0006664365255812624,-1.0,0,2.0,145.0
2025-10-10,6.235212969349392,6.244197558965619,6.055523383348106,6.073493003845215,43173274,646.0499877929688,126.0,1.0,4.0,3.0,4.0,0.00036796533074827994,0.0006392031135020033,-1.0,0,2.0,146.0
2025-10-13,6.1813063498714245,6.208259234422338,6.136383846002444,6.172321319580078,21056084,655.9630126953125,126.0,1.0,4.0,3.0,4.0,0.00030210611261446496,0.0006087884489292978,-1.0,0,2.0,147.0
2025-10-14,6.118414723168119,6.2172447692170705,6.100446426185874,6.163337230682373,27623673,655.1616821289062,124.0,1.0,4.0,3.0,4.0,0.00025270342005018334,0.0005362458847918047,-1.0,0,2.0,148.0
2025-10-15,6.154352141526636,6.244197149264598,6.154352141526636,6.172321319580078,26013989,658.0702514648438,123.0,1.0,4.0,3.0,4.0,0.0002378031350929716,0.00047384603844633644,-1.0,0,2.0,149.0
2025-10-16,6.172321820438156,6.28013557371357,6.1363843439443455,6.163337230682373,28538313,653.5886840820312,121.0,1.0,4.0,3.0,4.0,0.00021861054646633046,0.00042326532882760266,-1.0,0,2.0,150.0
2025-10-17,6.136384108105875,6.25318200538354,6.136384108105875,6.2262282371521,22915234,657.2986450195312,120.0,1.0,4.0,3.0,4.0,0.00020449959751677935,0.00036796533074827994,1.0,0,2.0,151.0
2025-10-20,6.325055828310088,6.432869558226548,6.307087535220859,6.3969316482543945,27493378,664.1348266601562,124.0,1.0,4.0,3.0,4.0,0.00021915031834878517,0.00030210611261446496,1.0,0,2.0,152.0
2025-10-21,6.334042192629535,6.3969334424037845,6.307089304171643,6.316073894500732,20444367,664.1249389648438,123.0,1.0,4.0,3.0,4.0,0.00023320525678371427,0.00025270342005018334,1.0,0,2.0,153.0
2025-10-22,6.316072813030513,6.369979021980889,6.289119487923019,6.352010726928711,26293634,660.6721801757812,121.0,1.0,4.0,3.0,4.0,0.00025307151281377544,0.0002378031350929716,1.0,0,2.0,154.0
2025-10-23,6.4059168306964684,6.414901419339648,6.325056415437068,6.378963947296143,17965981,664.5899658203125,120.0,1.0,4.0,3.0,4.0,0.00026433026773344724,0.00021861054646633046,1.0,0,2.0,155.0
2025-10-24,6.414901524669789,6.450839438567986,6.343026138138008,6.352010726928711,17863599,670.0213623046875,118.0,1.0,4.0,3.0,4.0,0.00029107956995926915,0.00020449959751677935,-1.0,0,2.0,156.0
2025-10-27,6.4418555382236145,6.477793455962526,6.39693303073381,6.414902210235596,21810353,677.926025390625,117.0,1.0,1.0,3.0,3.0,0.0003165088136859785,0.00021915031834878517,-1.0,0,1.0,157.0
2025-10-28,6.405917513464511,6.459825051069266,6.387949216792233,6.441855430603027,16458576,679.7266235351562,116.0,1.0,1.0,3.0,3.0,0.00033304106333801236,0.00023320525678371427,-1.0,0,1.0,158.0
2025-10-29,6.513730630606859,6.639512666446686,6.513730630606859,6.603574752807617,27647775,680.0531616210938,119.0,1.0,1.0,3.0,3.0,0.0003437600748045888,0.00025307151281377544,1.0,0,1.0,159.0
2025-10-30,6.558653724505261,6.6395132652729245,6.549669134969009,6.585607051849365,23675580,672.5739135742188,117.0,1.0,1.0,3.0,3.0,0.0003154184833063489,0.00026433026773344724,1.0,0,1.0,160.0
2025-10-31,6.612560272216797,6.648498190913941,6.58560738477478,6.612560272216797,18426082,674.780029296875,115.0,1.0,1.0,3.0,3.0,0.00029497562294587354,0.00029107956995926915,1.0,0,1.0,161.0
2025-11-03,6.684435737582243,6.756311570976209,6.6754511480918355,6.711389064788818,15600071,676.04638671875,115.0,1.0,1.0,3.0,3.0,0.00027967055263021246,0.0003165088136859785,1.0,0,1.0,162.0
2025-11-04,6.678133644915574,6.714086003085539,6.6331939697265625,6.6331939697265625,20513274,668.0328369140625,115.0,1.0,1.0,3.0,3.0,0.0002720021515285592,0.00033304106333801236,1.0,0,1.0,163.0
2025-11-05,6.624205999593413,6.7500385953900155,6.5702767983049055,6.723074436187744,27090854,670.3478393554688,115.0,1.0,1.0,3.0,3.0,0.00027663064134842607,0.0003437600748045888,1.0,0,1.0,164.0
2025-11-06,6.803966573518357,6.884858600389378,6.71408546458139,6.732061862945557,25135193,663.1554565429688,113.0,1.0,1.0,3.0,3.0,0.00027600115799646476,0.0003154184833063489,1.0,0,1.0,165.0
2025-11-07,6.687121726704901,6.812954315914261,6.678133526960675,6.803966999053955,21486418,663.808349609375,112.0,1.0,1.0,3.0,3.0,0.0003064107504315554,0.00029497562294587354,1.0,0,1.0,166.0
2025-11-10,6.839918429618196,6.884858097923058,6.821941591124072,6.857893943786621,14261998,674.1666259765625,111.0,1.0,1.0,3.0,3.0,0.00032050662539300667,0.00027967055263021246,1.0,0,1.0,167.0
2025-11-11,6.992716225991794,7.064620942320324,6.974740267630645,7.037656784057617,23294377,675.7099609375,115.0,1.0,1.0,3.0,3.0,0.00036752957685044535,0.0002720021515285592,1.0,0,1.0,168.0
2025-11-12,7.010691774815013,7.010691774815013,6.821941807003197,6.866882801055908,30930179,676.0859375,118.0,1.0,1.0,3.0,3.0,0.00039636740098407896,0.00027663064134842607,1.0,0,1.0,169.0
2025-11-13,6.95676306986058,6.983726783588479,6.803966337712258,6.82194185256958,22966528,664.8670043945312,117.0,1.0,1.0,3.0,3.0,0.00041184966462988226,0.00027600115799646476,1.0,0,1.0,170.0
2025-11-14,6.875870116982622,6.929798868403961,6.821941807003197,6.866882801055908,12517796,664.7581176757812,115.0,1.0,1.0,3.0,3.0,0.00039114801820792244,0.0003064107504315554,1.0,0,1.0,171.0
2025-11-17,6.875871130914737,6.893847531186664,6.777002253745079,6.794979095458984,13990799,658.56494140625,115.0,1.0,1.0,3.0,3.0,0.0003851064263296689,0.00032050662539300667,1.0,0,1.0,172.0
2025-11-18,6.759027004241943,6.821943083361342,6.714086443222948,6.759027004241943,17657599,653.0346069335938,113.0,1.0,1.0,3.0,3.0,0.0003992554609148003,0.00036752957685044535,1.0,0,1.0,173.0
2025-11-19,6.705097675323486,6.794978789755443,6.68712171730227,6.705097675323486,19668674,655.5574340820312,112.0,1.0,1.0,3.0,3.0,0.0004047289760213076,0.00039636740098407896,1.0,0,1.0,174.0
2025-11-20,6.741049617721299,6.785990616554942,6.606228828430176,6.606228828430176,20125273,645.5652465820312,112.0,1.0,1.0,3.0,3.0,0.0004002635127283976,0.00041184966462988226,1.0,0,1.0,175.0
2025-11-21,6.597241611556599,6.6691454450125915,6.579264770308665,6.6331939697265625,20344972,651.995849609375,111.0,1.0,4.0,3.0,4.0,0.000400705887396817,0.00039114801820792244,-1.0,0,2.0,176.0
2025-11-24,6.687121844818558,6.714086003085539,6.62420576982358,6.6331939697265625,14007073,661.59228515625,109.0,1.0,4.0,3.0,4.0,0.0004081728998842513,0.0003851064263296689,-1.0,0,2.0,177.0
2025-11-25,6.651169625367535,6.696110184377777,6.624205907980158,6.669145584106445,19351846,667.815185546875,108.0,1.0,4.0,3.0,4.0,0.0004339405312692813,0.0003992554609148003,-1.0,0,2.0,178.0
2025-11-26,6.768015163444405,6.89384776235753,6.759026963007041,6.884859561920166,26459773,672.4254150390625,114.0,1.0,4.0,3.0,4.0,0.00046892578374333106,0.0004047289760213076,1.0,0,2.0,179.0
2025-11-28,7.0376572332564775,7.06462139324025,6.983728030404941,7.010693073272705,17479100,676.0958251953125,115.0,1.0,4.0,3.0,4.0,0.0005272708335491051,0.0004002635127283976,1.0,0,2.0,180.0
2025-12-01,7.001704871392773,7.010693071866227,6.893847790037326,6.911823749542236,25140446,673.0090942382812,115.0,1.0,1.0,3.0,3.0,0.0005562531790453524,0.000400705887396817,1.0,0,1.0,181.0
2025-12-02,7.022419939222978,7.103344430439662,6.950487597892264,7.094352722167969,37401772,674.2556762695312,119.0,1.0,1.0,3.0,3.0,0.0005552816812743835,0.0004081728998842513,1.0,0,1.0,182.0
2025-12-03,7.112337051406036,7.14830344526074,7.067378948684081,7.121327877044678,22471304,676.5905151367188,117.0,1.0,1.0,3.0,3.0,0.0005489901998778305,0.0004339405312692813,1.0,0,1.0,183.0
2025-12-04,7.238217781511738,7.310150559422716,7.229226073869304,7.256200313568115,29944881,677.085205078125,118.0,1.0,1.0,3.0,3.0,0.0005862724833427384,0.00046892578374333106,1.0,0,1.0,184.0
2025-12-05,7.238217321075859,7.2921662386559385,6.752672205098754,6.788638591766357,59821576,678.3712158203125,148.0,1.0,1.0,4.0,5.0,0.0005010540355628142,0.0005272708335491051,-1.0,0,2.0,185.0
2025-12-08,6.914520305480981,6.941495426781292,6.779646465436302,6.80662202835083,22876403,676.3333129882812,146.0,1.0,1.0,4.0,5.0,0.0004043246612397151,0.0005562531790453524,-1.0,0,2.0,186.0
2025-12-09,6.680740384524384,6.833597660064697,6.653765701080293,6.833597660064697,21112425,675.7495727539062,144.0,1.0,1.0,4.0,5.0,0.00029100911576283606,0.0005552816812743835,-1.0,0,2.0,187.0
2025-12-10,6.74368099916713,6.833597640827629,6.716706757413253,6.752673149108887,16073459,680.231201171875,142.0,1.0,1.0,4.0,5.0,0.00029033390294187837,0.0005489901998778305,-1.0,0,2.0,188.0
2025-12-11,6.880978279471514,6.976019887873373,6.871473558486687,6.90949010848999,18019232,681.8141479492188,144.0,1.0,1.0,4.0,5.0,0.00029198955447218674,0.0005862724833427384,-1.0,0,2.0,189.0
2025-12-12,7.023540071614239,7.033044326235571,6.880978586230361,6.9570112228393555,16176150,674.4832763671875,142.0,1.0,1.0,4.0,5.0,0.00028655908235016844,0.0005010540355628142,1.0,0,1.0,190.0
2025-12-15,7.052052687422994,7.137590049306579,7.014037067581135,7.080565452575684,18116876,673.4641723632812,142.0,1.0,1.0,4.0,5.0,0.0003212914088273376,0.0004043246612397151,1.0,0,1.0,191.0
2025-12-16,6.947507643100146,6.9760208765211456,6.823954654956974,6.833459377288818,21707971,671.6240844726562,148.0,1.0,1.0,4.0,5.0,0.00030163739993660884,0.00029100911576283606,-1.0,1,2.0,192.0
2025-12-17,6.7003998116408905,6.785937166202422,6.671887982503318,6.6908955574035645,30389841,664.2338256835938,148.0,1.0,4.0,4.0,6.0,0.0002693031425545214,0.00029033390294187837,-1.0,1,4.0,1.0
2025-12-18,6.700400255860093,6.785937616092531,6.671888424832259,6.757425785064697,15761678,669.2495727539062,147.0,1.0,4.0,4.0,6.0,0.00019852313787805143,0.00029198955447218674,-1.0,0,4.0,2.0
2025-12-19,6.8714736024850165,6.909490152731742,6.7479210978479705,6.766928672790527,18409911,675.3153686523438,145.0,1.0,4.0,4.0,6.0,0.00017593984045087712,0.00028655908235016844,-1.0,0,4.0,3.0
2025-12-22,6.766929106357663,6.776433361225097,6.7099049775147614,6.757425785064697,16814544,679.5224609375,143.0,1.0,4.0,4.0,6.0,0.00016117141810699146,0.0003212914088273376,-1.0,0,4.0,4.0
2025-12-23,6.804945179464907,6.93800333787007,6.785937137856855,6.90949010848999,11358428,682.6282348632812,144.0,1.0,4.0,4.0,6.0,0.000165071572830345,0.00030163739993660884,1.0,0,2.0,5.0
2025-12-24,6.918995380401611,6.9475072116903505,6.909490658659968,6.918995380401611,4231652,685.0294799804688,142.0,1.0,4.0,4.0,6.0,0.0001638323328378145,0.0002693031425545214,-1.0,0,4.0,6.0
2025-12-26,6.890482777757872,6.966515880457878,6.852466226407868,6.947506904602051,7077233,684.9600219726562,140.0,1.0,4.0,4.0,6.0,0.00018874708724496693,0.00019852313787805143,1.0,0,2.0,7.0
2025-12-29,6.862256044884479,6.901412959443506,6.82309866353821,6.872045040130615,9105400,682.51904296875,138.0,1.0,4.0,4.0,6.0,0.00020880831765224305,0.00017593984045087712,-1.0,0,4.0,8.0
2025-12-30,7.048250675201416,7.087407587091308,7.009093763311525,7.048250675201416,12728300,681.685546875,141.0,1.0,1.0,4.0,5.0,0.00027320635766719953,0.00016117141810699146,1.0,0,1.0,1.0
2025-12-31,7.06782912926328,7.0776185906267495,6.999304766867832,7.009093761444092,4320100,676.635009765625,139.0,1.0,1.0,4.0,5.0,0.00032558404209821886,0.000165071572830345,1.0,0,1.0,2.0
2026-01-02,7.126565932507995,7.1559333870155895,7.077619552612305,7.077619552612305,8485700,677.8753051757812,137.0,1.0,1.0,4.0,5.0,0.0003909468505346058,0.0001638323328378145,1.0,0,1.0,3.0
2026-01-05,7.080557194172786,7.296009627512837,7.060970609323691,7.217663288116455,24901300,682.3900756835938,138.0,1.0,1.0,4.0,5.0,0.00043660342439747255,0.00018874708724496693,1.0,0,1.0,4.0
2026-01-06,7.335182230391825,7.354769280708369,7.2764224803851425,7.296009063720703,24279900,686.4483642578125,137.0,1.0,1.0,4.0,5.0,0.000493426814239632,0.00020880831765224305,1.0,0,1.0,5.0
2026-01-07,7.188283486065924,7.198076544784344,7.119730207112946,7.149110317230225,16684400,684.2356567382812,137.0,1.0,1.0,4.0,5.0,0.0005015371677927961,0.00027320635766719953,1.0,1,2.0,6.0
2026-01-08,7.2078706596179485,7.305803589711729,7.188284073599193,7.256836891174316,23564300,684.1661987304688,137.0,1.0,1.0,4.0,5.0,0.0005168359611522591,0.00032558404209821886,1.0,0,1.0,7.0
2026-01-09,7.2960095191101315,7.344976213995841,7.266629875763514,7.315596103668213,17491900,688.6908569335938,135.0,1.0,1.0,4.0,5.0,0.0005128904141349018,0.0003909468505346058,1.0,0,1.0,8.0
2026-01-12,7.237249374389648,7.296009124888961,7.198076207390106,7.237249374389648,13719900,689.7723388671875,134.0,1.0,1.0,4.0,5.0,0.0005196923257759155,0.00043660342439747255,1.0,0,1.0,9.0
2026-01-13,7.237249713620043,7.237249713620043,7.139316791530796,7.149110317230225,17623200,688.3931884765625,133.0,1.0,1.0,4.0,5.0,0.00046668030658744323,0.000493426814239632,-1.0,0,2.0,10.0
2026-01-14,7.188283422317132,7.217663065192851,7.149110253828837,7.207870006561279,19725000,685.009521484375,132.0,1.0,1.0,4.0,5.0,0.0004397659286403919,0.0005015371677927961,1.0,0,1.0,11.0
2026-01-15,7.227456506951978,7.3645625950702955,7.217662981453028,7.2862162590026855,21679900,686.875,131.0,1.0,1.0,4.0,5.0,0.0004293247474156422,0.0005168359611522591,1.0,0,1.0,12.0
2026-01-16,7.198076459900818,7.256836212461441,7.178489875713944,7.227456569671631,10231700,686.299560546875,129.0,1.0,1.0,4.0,5.0,0.0004604283076152928,0.0005128904141349018,1.0,0,1.0,13.0
2026-01-20,7.1295233388589265,7.344975755550097,7.1295233388589265,7.296009063720703,24422600,672.3286743164062,128.0,1.0,1.0,4.0,5.0,0.0004621545265344261,0.0005196923257759155,1.0,0,1.0,14.0
2026-01-21,7.472288624031094,7.70732761912916,7.472288624031094,7.697534561157227,25929700,680.0880737304688,146.0,1.0,1.0,4.0,5.0,0.0005302590364149928,0.00046668030658744323,1.0,0,1.0,15.0
2026-01-22,7.815054421675055,8.059886486116236,7.775881254005986,8.040300369262695,40713900,683.6403198242188,155.0,1.0,1.0,4.0,5.0,0.0006179436788971627,0.0004397659286403919,1.0,0,1.0,16.0
2026-01-23,7.9913345333083,8.138234628294784,7.952161361437654,8.118647575378418,32606900,683.8883056640625,153.0,1.0,1.0,4.0,5.0,0.0007201793284659122,0.0004293247474156422,1.0,0,1.0,17.0
2026-01-26,8.09906088362964,8.236166508499254,8.08926735786409,8.216580390930176,17770900,687.3612060546875,152.0,1.0,1.0,4.0,5.0,0.0007701773181637414,0.0004604283076152928,1.0,0,1.0,18.0
2026-01-27,8.500585917914911,8.676864708100528,8.471205341248973,8.598518371582031,35707400,690.099853515625,162.0,1.0,1.0,4.0,5.0,0.00080383739476491,0.0004621545265344261,1.0,0,1.0,19.0
2026-01-28,8.686656709622389,8.765003032395388,8.627897434523558,8.696450233459473,67236400,690.0303955078125,160.0,1.0,1.0,4.0,5.0,0.0008259110241248894,0.0005302590364149928,1.0,0,1.0,20.0
2026-01-29,8.833557448335037,8.921696367798496,8.549550838870221,8.745417594909668,35563400,688.6610717773438,158.0,1.0,1.0,4.0,5.0,0.000824841057627666,0.0006179436788971627,1.0,0,1.0,21.0
2026-01-30,8.667070116596692,8.716035865150493,8.353683908873995,8.412444114685059,41981100,686.6071166992188,165.0,1.0,1.0,4.0,5.0,0.0007787972529260164,0.0007201793284659122,1.0,0,1.0,22.0
2026-02-02,8.480998001205204,8.569137854283165,8.432031312388348,8.520171165466309,16936800,690.0204467773438,163.0,1.0,1.0,4.0,5.0,0.0007632093933464843,0.0007701773181637414,1.0,0,1.0,23.0
2026-02-03,8.758231216335778,8.807214801556265,8.572094713638942,8.611281394958496,30776800,684.18603515625,161.0,1.0,1.0,4.0,5.0,0.0007533752750371564,0.00080383739476491,1.0,0,1.0,24.0
2026-02-04,8.474127632073522,8.493721440080884,8.19982085995975,8.317380905151367,39701100,680.8718872070312,166.0,1.0,1.0,4.0,5.0,0.0007372844412150402,0.0008259110241248894,1.0,1,2.0,25.0
2026-02-05,8.415347839572087,8.591688369534358,8.395754032116653,8.503518104553223,35801700,672.3683471679688,166.0,1.0,1.0,4.0,5.0,0.0007173644842469076,0.000824841057627666,1.0,0,1.0,26.0
2026-02-06,8.591690319077156,8.836607362139318,8.572096507175683,8.80721664428711,29313000,685.267578125,170.0,1.0,1.0,4.0,5.0,0.0007206983401853028,0.0007787972529260164,1.0,0,1.0,27.0
2026-02-09,8.865994758689787,9.150098414780473,8.865994758689787,9.130504608154297,26413100,688.57177734375,175.0,1.0,1.0,4.0,5.0,0.0007901518318037043,0.0007632093933464843,1.0,0,1.0,28.0
2026-02-10,9.179489742893553,9.248066209114743,9.071726591076786,9.110913276672363,25947200,686.7559204101562,172.0,1.0,1.0,4.0,5.0,0.0008531763462404753,0.0007533752750371564,1.0,0,1.0,29.0
2026-02-11,9.326439825062321,9.40481319045913,9.228472651174206,9.375422477722168,38063700,686.5972290039062,174.0,1.0,1.0,4.0,5.0,0.0009298742518247662,0.0007372844412150402,1.0,0,1.0,30.0
2026-02-12,9.287251529672817,9.306845336732854,9.003147867291284,9.091318130493164,30247100,675.9900512695312,177.0,1.0,1.0,4.0,5.0,0.0009260905115596277,0.0007173644842469076,1.0,0,1.0,31.0
2026-02-13,8.865995554248425,8.973758697509766,8.689655015926045,8.973758697509766,24309800,676.4663696289062,175.0,1.0,1.0,4.0,5.0,0.0008825148017929583,0.0007206983401853028,1.0,1,2.0,32.0
2026-02-17,9.032539381486115,9.032539381486115,8.846401934992107,8.983555793762207,23494200,677.5578002929688,172.0,1.0,1.0,4.0,5.0,0.0008102998640561184,0.0007901518318037043,1.0,0,1.0,33.0
2026-02-18,9.032539381486115,9.120709652532307,8.885588618314388,8.983555793762207,25359700,680.9711303710938,170.0,1.0,1.0,4.0,5.0,0.0007865145731340914,0.0008531763462404753,1.0,0,1.0,34.0
2026-02-19,9.003148640898933,9.21867586565809,8.993352670811328,9.081522941589355,27652800,679.1751098632812,168.0,1.0,1.0,4.0,5.0,0.0007821359658238878,0.0009298742518247662,1.0,0,1.0,35.0
2026-02-20,9.120708417476527,9.326438710631159,9.071724836385595,9.316641807556152,21995900,684.0868530273438,169.0,1.0,1.0,4.0,5.0,0.000805407344177869,0.0009260905115596277,1.0,0,1.0,36.0
2026-02-23,9.218675893695899,9.277456385821434,8.944369110439926,8.983555793762207,26030200,677.1013793945312,174.0,1.0,1.0,4.0,5.0,0.0007784157118777367,0.0008825148017929583,1.0,0,1.0,37.0
2026-02-24,8.983554047905328,9.159894555727831,8.924773567203143,9.140300750732422,29787300,682.0228881835938,173.0,1.0,1.0,4.0,5.0,0.0007730422557941266,0.0008102998640561184,1.0,0,1.0,38.0
2026-02-25,9.140302305920786,9.169692084130416,8.963961768094595,9.071725845336914,28581000,687.7779541015625,171.0,1.0,1.0,4.0,5.0,0.0007447421274790501,0.0007865145731340914,-1.0,0,2.0,39.0
2026-02-26,9.071725845336914,9.101115623546544,8.934571989884965,9.071725845336914,20238300,683.957763671875,168.0,1.0,1.0,4.0,5.0,0.000780569913655694,0.0007821359658238878,-1.0,0,2.0,40.0
2026-02-27,8.93457090569243,9.003147357954687,8.817010872835382,8.865994453430176,14299700,680.6734008789062,168.0,1.0,1.0,4.0,5.0,0.0007613709907430222,0.000805407344177869,-1.0,0,2.0,41.0
2026-03-02,8.660264381864254,8.76802751447691,8.621077703252004,8.67985725402832,38856200,681.0604858398438,168.0,1.0,4.0,4.0,6.0,0.0007124437990766588,0.0007784157118777367,-1.0,1,4.0,1.0
2026-03-03,8.182998250325328,8.349598281860137,7.95759782282505,8.2319974899292,40625200,675.057373046875,181.0,1.0,4.0,4.0,6.0,0.0006009292182724615,0.0007730422557941266,-1.0,1,4.0,2.0
2026-03-04,8.388798306361952,8.496597942857273,8.359397640826376,8.437797546386719,34517300,679.8201904296875,181.0,1.0,4.0,4.0,6.0,0.0005384581125425512,0.0007447421274790501,-1.0,0,4.0,3.0
2026-03-05,8.23199842356028,8.26139909217778,8.026198416241236,8.094799041748047,26476800,676.0297241210938,187.0,1.0,4.0,4.0,6.0,0.0004371339151997564,0.000780569913655694,-1.0,1,4.0,4.0
2026-03-06,7.908597034693564,8.045797324895375,7.8889975272936,7.977197647094727,26417800,667.1689453125,186.0,1.0,4.0,4.0,6.0,0.00037032061053725356,0.0007613709907430222,-1.0,0,4.0,5.0
2026-03-09,7.967399083357218,8.18299931720595,7.908598679725488,8.124198913574219,40223900,673.0133056640625,185.0,1.0,4.0,4.0,6.0,0.000290793340524722,0.0007124437990766588,-1.0,0,4.0,6.0
2026-03-10,8.182998946477639,8.43779819173631,8.09479881232628,8.31039810180664,36102500,671.9317016601562,185.0,1.0,4.0,4.0,6.0,0.00028761627319789435,0.0006009292182724615,-1.0,0,4.0,7.0
2026-03-11,8.290797497608184,8.43779707873648,8.21239759639302,8.280997276306152,24459000,671.0883178710938,182.0,1.0,4.0,4.0,6.0,0.00028097672679485157,0.0005384581125425512,-1.0,0,4.0,8.0
2026-03-12,8.02619748666572,8.094798104227365,7.918397851355398,7.937998294830322,27881000,660.8978881835938,188.0,1.0,4.0,4.0,6.0,0.0002409093909231341,0.0004371339151997564,-1.0,1,4.0,9.0
2026-03-13,8.06539731873021,8.104598205095426,7.790997656377692,7.820397853851318,20422200,657.1571655273438,187.0,1.0,4.0,4.0,6.0,0.00017075430393595202,0.00037032061053725356,-1.0,0,4.0,10.0
2026-03-16,8.016398833995824,8.084998522386284,7.9575984335178145,8.035998344421387,21071000,663.8449096679688,187.0,1.0,4.0,4.0,6.0,0.0001555442637078124,0.000290793340524722,-1.0,0,4.0,11.0
2026-03-17,8.163397173096707,8.163397173096707,7.928197476694043,7.977197647094727,26234600,665.5912475585938,185.0,1.0,4.0,4.0,6.0,0.00015824415916370566,0.00028761627319789435,-1.0,0,4.0,12.0
2026-03-18,7.96739863073861,8.09479871920265,7.888998720083917,7.898798942565918,38659200,656.3038330078125,183.0,1.0,4.0,4.0,6.0,0.0001743178087947158,0.00028097672679485157,-1.0,0,4.0,13.0
2026-03-19,7.653798788169326,7.996798642914876,7.653798788169326,7.957598686218262,58161900,654.6864013671875,180.0,1.0,4.0,4.0,6.0,0.00017585375564759678,0.0002409093909231341,1.0,0,2.0,14.0
2026-03-20,7.83999924095311,7.859599687663847,7.634199223494061,7.683199405670166,32058500,645.301025390625,184.0,1.0,4.0,4.0,6.0,0.00015935615878879945,0.00017075430393595202,-1.0,0,4.0,15.0
2026-03-23,7.967906461269355,8.145849131391577,7.859162723262767,8.046992301940918,30268300,652.07666015625,192.0,1.0,4.0,4.0,6.0,0.00016057617565447187,0.0001555442637078124,1.0,0,2.0,16.0
2026-03-24,7.878937205728967,8.056880415497595,7.859165737976896,7.958023548126221,38487600,649.8877563476562,190.0,1.0,4.0,4.0,6.0,0.0001304564156828112,0.00015824415916370566,1.0,0,2.0,17.0
2026-03-25,8.135964764025662,8.244708523396326,8.086536810978384,8.116193771362305,31211300,653.5093994140625,189.0,1.0,4.0,4.0,6.0,0.00015173422446537277,0.0001743178087947158,1.0,0,2.0,18.0
2026-03-26,8.03710818863415,8.076651118084174,7.859164534720143,7.8690505027771,18705900,641.8385620117188,191.0,1.0,4.0,4.0,6.0,0.0001399328398325745,0.00017585375564759678,1.0,1,2.0,19.0
2026-03-27,7.819621818467591,7.888822182586291,7.730650460473737,7.780078887939453,31278400,630.8939819335938,188.0,1.0,4.0,4.0,6.0,0.00013334536635367772,0.00015935615878879945,1.0,0,2.0,20.0
2026-03-30,7.85916474899573,7.898707679523868,7.720764492147245,7.780078887939453,22584400,628.78466796875,186.0,1.0,4.0,4.0,6.0,0.0001121791657272882,0.00016057617565447187,1.0,0,2.0,21.0
2026-03-31,7.987677869903573,8.30402124921773,7.948134947489303,8.284250259399414,33432600,647.0620727539062,202.0,1.0,4.0,4.0,6.0,0.00015221350400651743,0.0001304564156828112,1.0,0,2.0,22.0
2026-04-01,8.39299488067627,8.481966711099625,8.31390901869503,8.39299488067627,21749700,651.9373779296875,200.0,1.0,1.0,4.0,5.0,0.0002062512222552942,0.00015173422446537277,1.0,0,1.0,1.0
2026-04-02,8.168508682030055,8.415739567492627,8.138840296734639,8.2476224899292,23448700,652.5244140625,198.0,1.0,1.0,4.0,5.0,0.00024434598477070403,0.0001399328398325745,1.0,0,1.0,2.0
2026-04-06,8.28718063342019,8.38607243653021,8.28718063342019,8.336627006530762,12712800,655.6088256835938,196.0,1.0,1.0,4.0,5.0,0.0002529385915576773,0.00013334536635367772,1.0,0,1.0,3.0
2026-04-07,8.257513591430277,8.316848487581572,8.128953392287576,8.297070503234863,19800900,655.8972778320312,193.0,1.0,1.0,4.0,5.0,0.00025330625859899564,0.0001121791657272882,1.0,0,1.0,4.0
2026-04-08,8.880533883908313,8.890423346709985,8.643192435334662,8.722306251525879,24316800,672.6027221679688,202.0,1.0,1.0,4.0,5.0,0.0002882450426152416,0.00015221350400651743,1.0,0,1.0,5.0
2026-04-09,8.75197439835227,8.93986947084222,8.75197439835227,8.910202026367188,15194600,676.4829711914062,201.0,1.0,1.0,4.0,5.0,0.0003264029105417283,0.0002062512222552942,1.0,0,1.0,6.0
2026-04-10,9.048650881543223,9.117876177297564,8.979426528899953,9.058540344238281,18239000,676.0353393554688,199.0,1.0,1.0,4.0,5.0,0.00038052765614068565,0.00024434598477070403,1.0,0,1.0,7.0
2026-04-13,8.959647742673582,9.08820697372947,8.86075501081876,9.068428993225098,22436600,682.641845703125,196.0,1.0,1.0,4.0,5.0,0.000415119552186002,0.0002529385915576773,1.0,0,1.0,8.0
2026-04-14,9.16732365700205,9.285994394369922,9.157434193110266,9.206880569458008,22517300,690.959716796875,195.0,1.0,1.0,4.0,5.0,0.0004410211544924462,0.00025330625859899564,1.0,0,1.0,9.0
2026-04-15,9.295882095958987,9.36510739398988,9.226657741039196,9.285993576049805,22895200,696.412109375,192.0,1.0,1.0,4.0,5.0,0.0004858460443584697,0.0002882450426152416,1.0,0,1.0,10.0
2026-04-16,9.325550612766982,9.335439132811624,9.157433511563571,9.22665786743164,14402200,698.1234130859375,189.0,1.0,1.0,4.0,5.0,0.0005133468422802704,0.0003264029105417283,1.0,0,1.0,11.0
2026-04-17,9.454110532629716,9.46399905239004,9.25632504764585,9.276103973388672,27982700,706.5607299804688,187.0,1.0,1.0,4.0,5.0,0.0005529975393644442,0.00038052765614068565,1.0,0,1.0,12.0
2026-04-20,9.30577098986837,9.325549914699325,9.157432826080383,9.177210807800293,11908900,705.1477661132812,185.0,1.0,1.0,4.0,5.0,0.0005630752102905179,0.000415119552186002,-1.0,0,2.0,13.0
2026-04-21,9.196989987559554,9.256324877475015,8.979426523943701,8.9893159866333,13088900,700.53125,184.0,1.0,1.0,4.0,5.0,0.0005589671264276371,0.0004410211544924462,-1.0,0,2.0,14.0
2026-04-22,9.137653172476563,9.137653172476563,8.910201213727259,8.920090675354004,17121100,707.6253051757812,182.0,1.0,1.0,4.0,5.0,0.0005209024599235931,0.0004858460443584697,-1.0,0,2.0,15.0
2026-04-23,8.929981099769678,8.95964949098195,8.682750165001107,8.712418556213379,22502600,704.8792114257812,182.0,1.0,1.0,4.0,5.0,0.0004553590842867185,0.0005133468422802704,-1.0,0,2.0,16.0
2026-04-24,8.662971776249481,8.7816425062255,8.613525402981692,8.751975059509277,13547300,710.341552734375,179.0,1.0,1.0,4.0,5.0,0.0004441887442317041,0.0005529975393644442,-1.0,0,2.0,17.0
2026-04-27,8.821199687173408,8.821199687173408,8.702528953552246,8.702528953552246,8728700,711.5653076171875,177.0,1.0,1.0,4.0,5.0,0.00044952563211363893,0.0005630752102905179,-1.0,0,2.0,18.0
2026-04-28,8.593746476430125,8.840977399657946,8.583857956265469,8.751975059509277,21242900,708.1028442382812,174.0,1.0,4.0,4.0,6.0,0.0004650018024223235,0.0005589671264276371,-1.0,0,4.0,1.0
2026-04-29,8.593744922452455,8.672859671241543,8.425628792719642,8.435517311096191,19138700,707.993408203125,179.0,1.0,4.0,4.0,6.0,0.0004311035872941983,0.0005209024599235931,-1.0,0,4.0,2.0
2026-04-30,8.58385780487225,8.64319269725821,8.534411432476546,8.603635787963867,13584600,715.0377197265625,178.0,1.0,4.0,4.0,6.0,0.0004112705082004507,0.0004553590842867185,-1.0,0,4.0,3.0
2026-05-01,8.564078736334661,8.623414570845569,8.514632364760754,8.524521827697754,10251800,717.0177001953125,176.0,1.0,4.0,4.0,6.0,0.0003909799078954101,0.0004441887442317041,-1.0,0,4.0,4.0
2026-05-04,8.534410169922003,8.59374505353014,8.35640363287565,8.376182556152344,20203200,714.3909912109375,175.0,1.0,4.0,4.0,6.0,0.0003946554408884504,0.00044952563211363893,-1.0,0,4.0,5.0
2026-05-05,8.517649768924995,8.537435704028608,8.418722923742877,8.478078842163086,27081200,720.1220092773438,173.0,1.0,4.0,4.0,6.0,0.00037090203809196556,0.0004650018024223235,-1.0,0,4.0,6.0
2026-05-06,8.646253911193678,8.666039842623135,8.300008602184425,8.35936450958252,50797400,730.1312866210938,172.0,1.0,4.0,4.0,6.0,0.0003512385951707318,0.0004311035872941983,-1.0,0,4.0,7.0
2026-05-07,8.329687820597893,8.34947281158621,8.092262268066406,8.092262268066406,40198100,727.8926391601562,175.0,1.0,4.0,4.0,6.0,0.00030269811638245696,0.0004112705082004507,-1.0,0,4.0,8.0
2026-05-08,8.28022289276123,8.359364733710704,8.250544938266469,8.28022289276123,36416000,733.9021606445312,175.0,1.0,4.0,4.0,6.0,0.0003061092853753093,0.0003909799078954101,-1.0,0,4.0,9.0
2026-05-11,8.28022392795918,8.309901886164296,8.052691342644492,8.092262268066406,36143400,735.5736694335938,175.0,1.0,4.0,4.0,6.0,0.0002955507777468042,0.0003946554408884504,-1.0,0,4.0,10.0
2026-05-12,8.032904686782244,8.092261541306966,7.973548775702719,8.0131196975708,17045600,734.4593505859375,173.0,1.0,4.0,4.0,6.0,0.00030827557463549874,0.00037090203809196556,-1.0,0,4.0,11.0
2026-05-13,7.983440049078875,8.141723721691104,7.746014540160531,7.7657999992370605,48931800,738.5685424804688,176.0,1.0,4.0,4.0,6.0,0.00023106186765659028,0.0003512385951707318,-1.0,0,4.0,12.0
2026-05-14,7.924084887506317,8.052690619438883,7.904298954849678,8.0131196975708,21684600,744.3989868164062,178.0,1.0,4.0,4.0,6.0,0.00019668688871664534,0.00030269811638245696,-1.0,0,4.0,13.0
2026-05-15,7.8152648739849395,7.8152648739849395,7.696552104469651,7.755908489227295,23646500,735.4443969726562,181.0,1.0,4.0,4.0,6.0,0.00015555886635640107,0.0003061092853753093,-1.0,1,4.0,14.0
2026-05-18,7.795478790342622,7.83504971035674,7.736122410321443,7.805371284484863,22103200,734.927001953125,179.0,1.0,4.0,4.0,6.0,0.00016783993596498504,0.0002955507777468042,-1.0,0,4.0,15.0
2026-05-19,7.60751726853482,7.7163375427903755,7.558053378857946,7.5976243019104,26761800,730.0317993164062,180.0,1.0,4.0,4.0,6.0,0.00013830165793486963,0.00030827557463549874,-1.0,1,4.0,16.0
2026-05-20,7.686658390427572,7.8845129870486215,7.686658390427572,7.854835033416748,29471300,737.5138549804688,183.0,1.0,4.0,4.0,6.0,0.00012450061023546098,0.00023106186765659028,-1.0,0,4.0,17.0
2026-05-21,7.746015073283274,8.003226530703387,7.726229612845003,7.914191722869873,23969100,738.9764404296875,181.0,1.0,4.0,4.0,6.0,9.256887673523712e-05,0.00019668688871664534,-1.0,0,4.0,18.0
2026-05-22,7.844942405145589,7.864727865658692,7.716337147671711,7.7361226081848145,15269700,741.8817749023438,181.0,1.0,4.0,4.0,6.0,5.8617044261231336e-05,0.00015555886635640107,-1.0,0,4.0,19.0
2026-05-26,7.914191412403063,7.933977343787736,7.755907735106223,7.854835033416748,15518400,746.8068237304688,179.0,1.0,4.0,4.0,6.0,3.2010126010369436e-05,0.00016783993596498504,-1.0,0,4.0,20.0
2026-05-27,7.884513886394541,7.973549172613662,7.84494296255668,7.874621391296387,13540000,746.677490234375,177.0,1.0,4.0,4.0,6.0,4.792822238733087e-06,0.00013830165793486963,-1.0,0,4.0,21.0
2026-05-28,7.78558585489731,7.894406121222603,7.746014934728581,7.795478820800781,17313900,750.7965698242188,174.0,1.0,4.0,4.0,6.0,-8.436507622737895e-06,0.00012450061023546098,-1.0,0,4.0,22.0
2026-05-29,7.755907900632052,7.844942235150403,7.736122440547688,7.795478820800781,22119200,752.6671142578125,172.0,1.0,4.0,4.0,6.0,-4.0108248490183985e-05,9.256887673523712e-05,-1.0,0,4.0,23.0
2026-06-01,7.726229724181636,7.775693611851392,7.676766308234472,7.706444263458252,14165700,754.7167358398438,170.0,1.0,4.0,4.0,6.0,-3.89479635355349e-05,5.8617044261231336e-05,-1.0,0,4.0,24.0
2026-06-02,7.739103217366347,7.857861718648654,7.729206439640654,7.778689384460449,16407600,755.7415771484375,168.0,1.0,4.0,4.0,6.0,-1.6410372566645358e-05,3.2010126010369436e-05,-1.0,0,4.0,25.0
2026-06-03,7.620343958241323,7.659930123850033,7.48179237861084,7.511482238769531,21312600,750.4384155273438,172.0,1.0,4.0,4.0,6.0,-8.202692459332644e-06,4.792822238733087e-06,-1.0,1,4.0,26.0
2026-06-04,7.65993047980846,7.6797240354369425,7.560965061187744,7.560965061187744,11843900,753.2740478515625,170.0,1.0,4.0,4.0,6.0,-6.69616502049145e-06,-8.436507622737895e-06,-1.0,0,4.0,27.0
2026-06-05,7.471896193865532,7.541171748847726,7.4521031107414295,7.461999416351318,25289600,733.83251953125,168.0,1.0,4.0,4.0,6.0,-2.5136504389036435e-05,-4.0108248490183985e-05,-1.0,1,4.0,28.0
2026-06-08,7.4422066064136905,7.4817927741150125,7.313551325432223,7.353137493133545,27243200,735.4940795898438,167.0,1.0,4.0,4.0,6.0,-3.380112525473621e-05,-3.89479635355349e-05,-1.0,0,4.0,29.0
2026-06-09,7.432310054773549,7.491689304362814,7.3630340276339075,7.452103137969971,25359000,733.3350219726562,166.0,1.0,4.0,4.0,6.0,-5.071969668708646e-05,-1.6410372566645358e-05,-1.0,0,4.0,30.0
2026-06-10,7.3630338073132675,7.551068328004971,7.3630338073132675,7.541171550750732,26484600,721.7736206054688,164.0,1.0,4.0,4.0,6.0,-4.035760037745022e-05,-8.202692459332644e-06,1.0,0,2.0,31.0
2026-06-11,7.551068564890198,7.847964813266597,7.511482398440011,7.828171730041504,33977200,734.04150390625,169.0,1.0,4.0,4.0,6.0,2.9892547031142038e-05,-6.69616502049145e-06,1.0,0,2.0,32.0
2026-06-12,7.927137419073455,7.9964129726700675,7.857861393572525,7.907343864440918,30594300,738.0113525390625,167.0,1.0,1.0,4.0,5.0,9.554727982538865e-05,-2.5136504389036435e-05,1.0,0,2.0,33.0
2026-06-15,8.105275284178322,8.134965618297342,7.8281721057283775,7.867758274078369,22138500,751.0254516601562,165.0,1.0,1.0,4.0,5.0,0.00013769132391443085,-3.380112525473621e-05,1.0,0,2.0,34.0
2026-06-16,7.847965189903373,7.887551358253365,7.788585937378385,7.867758274078369,20413100,746.5481567382812,163.0,1.0,1.0,4.0,5.0,0.00014258705464534175,-5.071969668708646e-05,1.0,0,2.0,35.0
2026-06-17,7.986516727918635,8.115172010183345,7.847965139582058,7.887551307678223,32710200,737.225341796875,160.0,1.0,1.0,3.0,3.0,0.000137840964149357,-4.035760037745022e-05,1.0,0,1.0,1.0
2026-06-18,7.867758200358686,7.927137924231646,7.709413528442383,7.709413528442383,20208400,744.8902587890625,161.0,1.0,1.0,3.0,3.0,0.0001318873471676588,2.9892547031142038e-05,-1.0,0,1.0,2.0
2026-06-22,7.8412659946107555,7.971121470922228,7.811299639342956,7.921176910400391,26547500,742.546142578125,163.0,1.0,1.0,3.0,3.0,0.00014262643635994595,9.554727982538865e-05,1.0,0,1.0,3.0
2026-06-23,7.821288422460748,7.98111025724405,7.821288422460748,7.931166172027588,23430500,731.7628784179688,160.0,1.0,1.0,3.0,3.0,0.00017135631488566076,0.00013769132391443085,1.0,0,1.0,4.0
2026-06-24,7.921177071682307,7.951143903866885,7.801310695557272,7.871232986450195,17448700,731.4237060546875,158.0,1.0,1.0,3.0,3.0,0.00019101789875222548,0.00014258705464534175,1.0,0,1.0,5.0
2026-06-25,7.941154794622946,8.10097662932725,7.911188438769209,8.021065711975098,24731700,732.4810791015625,158.0,1.0,1.0,3.0,3.0,0.0002024328901597973,0.000137840964149357,1.0,0,1.0,6.0
2026-06-26,7.99109965723344,8.220843315124512,7.99109965723344,8.220843315124512,28498400,727.1842651367188,159.0,1.0,1.0,3.0,3.0,0.0002341210446203527,0.0001318873471676588,1.0,0,1.0,7.0
2026-06-29,8.140931765957447,8.220842680148415,8.100976308861963,8.210854530334473,16814100,739.1644897460938,157.0,1.0,1.0,3.0,3.0,0.0002565027177357528,0.00014262643635994595,1.0,0,1.0,8.0
2026-06-30,8.011077868760536,8.200866066591496,8.001088765555401,8.160910606384277,27735500,744.9202270507812,155.0,1.0,1.0,3.0,3.0,0.00026592286655749935,0.00017135631488566076,1.0,0,1.0,9.0
2026-07-01,8.061020851601189,8.220842679979846,8.0310544969335,8.120954513549805,18388700,743.9127197265625,153.0,1.0,1.0,3.0,3.0,0.0002564959935341979,0.00019101789875222548,1.0,0,1.0,10.0
2026-07-02,8.263849268565957,8.303819478627009,8.07399005605223,8.113960266113281,14869700,742.9351806640625,150.0,1.0,1.0,3.0,3.0,0.00027351443891097715,0.0002024328901597973,1.0,0,1.0,11.0
2026-07-06,8.163922879234423,8.303819084287063,8.103967090507597,8.283833503723145,18339700,749.4190673828125,151.0,1.0,1.0,3.0,3.0,0.00028272258203011763,0.0002341210446203527,1.0,0,1.0,12.0
2026-07-07,8.293826487439492,8.38375969614475,8.183907697704196,8.223877906799316,21819900,745.85791015625,149.0,1.0,1.0,3.0,3.0,0.0002794283098806714,0.0002565027177357528,1.0,0,1.0,13.0
2026-07-08,8.163923455049268,8.20389366603134,8.054005613089823,8.1539306640625,25140800,743.5536499023438,147.0,1.0,1.0,3.0,3.0,0.00028878040395521393,0.00026592286655749935,1.0,0,1.0,14.0
2026-07-09,8.133945648922149,8.333796694345246,8.123952858409757,8.27384090423584,22953800,749.8480224609375,146.0,1.0,1.0,3.0,3.0,0.00029760825457078463,0.0002564959935341979,1.0,0,1.0,15.0
2026-07-10,8.443713767957597,8.663550374537005,8.433720978348335,8.613587379455566,22526400,753.0799560546875,154.0,1.0,1.0,3.0,3.0,0.00033485327205700965,0.00027351443891097715,1.0,0,1.0,16.0
2026-07-13,8.633573925006083,8.663551344224288,8.443714713039174,8.463700294494629,19344200,747.3142700195312,154.0,1.0,1.0,3.0,3.0,0.00035109433573370417,0.00028272258203011763,1.0,0,1.0,17.0
2026-07-14,8.603594971101387,8.663550758448936,8.493677139423278,8.54364013671875,14810500,749.9677124023438,152.0,1.0,1.0,3.0,3.0,0.00037381622548303227,0.0002794283098806714,1.0,0,1.0,18.0
2026-07-15,8.51366271924299,8.563624763571884,8.443714141845703,8.443714141845703,13069000,752.9403076171875,151.0,1.0,1.0,3.0,3.0,0.00034310682053649116,0.00028878040395521393,1.0,0,1.0,19.0
2026-07-16,8.383759307749362,8.393751144836532,8.273840523106285,8.29382610321045,26370000,748.8604125976562,150.0,1.0,1.0,3.0,3.0,0.00027728773691558913,0.00029760825457078463,-1.0,1,1.0,20.0
2026-07-17,8.193900108337402,8.273840522821482,8.153929901095363,8.193900108337402,23231100,741.4487915039062,149.0,1.0,1.0,3.0,3.0,0.00020718122782814802,0.00033485327205700965,-1.0,1,1.0,21.0
2026-07-20,8.273840143103088,8.353780553918394,8.273840143103088,8.313810348510742,15102000,740.2518310546875,148.0,1.0,1.0,3.0,3.0,0.00016945793871502498,0.00035109433573370417,1.0,0,1.0,22.0
2026-07-21,8.333796310029564,8.39375114440918,8.293826102788184,8.39375114440918,12831900,746.426513671875,147.0,1.0,1.0,3.0,3.0,0.00016999964863183392,0.00037381622548303227,1.0,0,1.0,23.0
2026-07-22,8.433721731267108,8.493677521310348,8.323803894646945,8.473691940307617,18798500,745.55859375,145.0,1.0,1.0,3.0,3.0,0.00018799952046341328,0.00034310682053649116,1.0,0,1.0,24.0
2026-07-23,8.403743935030654,8.433721352222495,8.29382610335063,8.343789100646973,22073100,736.3515014648438,144.0,1.0,1.0,3.0,3.0,0.0001762643115822356,0.00027728773691558913,1.0,0,1.0,25.0
2026-07-24,8.30381927577302,8.363774112917472,8.263849066688401,8.27384090423584,30083600,737.099609375,143.0,1.0,1.0,3.0,3.0,0.00016798206117617213,0.00020718122782814802,-1.0,0,1.0,26.0
2026-07-27,8.343789671115633,8.413737300333917,8.283833879667839,8.363774299621582,19920900,737.25927734375,141.0,1.0,1.0,1.0,1.0,0.0001219815457746354,0.00016945793871502498,1.0,0,1.0,27.0
2026-07-28,8.433721158534032,8.47369136486017,8.303818702697754,8.303818702697754,10527600,739.0248413085938,140.0,1.0,1.0,1.0,1.0,8.67644577307863e-05,0.00016999964863183392,-1.0,0,1.0,28.0
2026-07-29,8.253855895538244,8.28383331272802,8.143937110900879,8.143937110900879,21096800,727.6531372070312,140.0,1.0,1.0,1.0,1.0,5.006873390189988e-05,0.00018799952046341328,-1.0,1,1.0,29.0
2026-07-30,8.193900293487149,8.45370712291347,8.193900293487149,8.433721542358398,12744400,739.852783203125,146.0,1.0,4.0,1.0,2.0,5.749017466352011e-05,0.0001762643115822356,1.0,0,2.0,30.0
2026-07-31,8.493677905857465,8.563625536603963,8.423730275110968,8.453707695007324,10878900,745.1796264648438,144.0,1.0,4.0,1.0,2.0,6.423669789837993e-05,0.00016798206117617213,1.0,0,2.0,31.0
2026-08-03,8.453707121930734,8.513662910624042,8.413736913790173,8.483684539794922,13177900,755.793212890625,142.0,1.0,4.0,1.0,2.0,7.535480529719417e-05,0.0001219815457746354,-1.0,0,2.0,32.0
2026-08-04,8.486682993071247,8.516671959384418,8.176804634249113,8.186800003051758,16828500,769.4193725585938,148.0,1.0,4.0,1.0,2.0,1.0421105354675378e-05,8.67644577307863e-05,-1.0,0,2.0,33.0
2026-08-05,8.39671818915751,8.486683183512344,8.19679650909219,8.206792831420898,26570600,767.8831787109375,146.0,1.0,4.0,1.0,2.0,-4.565161819180719e-05,5.006873390189988e-05,-1.0,0,2.0,34.0
2026-08-06,8.306753868535884,8.366729893886069,8.166808220549228,8.176804542541504,17817400,766.65625,144.0,1.0,4.0,1.0,2.0,-9.173574171028838e-05,5.749017466352011e-05,-1.0,0,2.0,35.0
2026-08-07,8.19679641252952,8.19679641252952,7.926901909295402,7.936898231506348,27126200,771.3446044921875,147.0,1.0,4.0,1.0,2.0,-0.00011772436647932871,6.423669789837993e-05,-1.0,0,4.0,1.0
2026-08-10,7.946894001959349,7.976882491657883,7.856929486165494,7.876921653747559,14854900,771.1151733398438,145.0,1.0,4.0,1.0,2.0,-0.00015679758277837682,7.535480529719417e-05,-1.0,0,4.0,2.0
2026-08-11,7.876921989396215,7.896914157830179,7.477078144066036,7.4970703125,32778400,768.6513061523438,158.0,4.0,4.0,1.0,8.0,-0.0002416849919529149,1.0421105354675378e-05,-1.0,0,4.0,3.0
2026-08-12,7.467081860069033,7.517062519737393,7.377117339977239,7.397109508514404,32415900,770.5764770507812,157.0,4.0,4.0,1.0,8.0,-0.0003074929014246133,-4.565161819180719e-05,-1.0,0,4.0,4.0
2026-08-13,7.387113113281615,7.487073954984506,7.32713660825988,7.337132930755615,24080900,775.9531860351562,155.0,4.0,4.0,1.0,8.0,-0.0003696891694204188,-9.173574171028838e-05,-1.0,0,4.0,5.0
2026-08-14,7.317140834365746,7.467081860069033,7.23717168356619,7.397109508514404,31065200,774.4169921875,153.0,4.0,4.0,1.0,8.0,-0.0003773140936448982,-0.00011772436647932871,-1.0,0,4.0,6.0
2026-08-17,7.417101308078325,7.447089321066832,7.317140470365182,7.3571248054504395,14307200,770.7560424804688,151.0,4.0,4.0,1.0,8.0,-0.00039446404375942726,-0.00015679758277837682,-1.0,0,4.0,7.0
2026-08-18,7.337132764746529,7.4370936041877185,7.267159938812256,7.267159938812256,19682200,765.5490112304688,150.0,4.0,4.0,1.0,8.0,-0.0003997872994685186,-0.0002416849919529149,-1.0,0,4.0,8.0
2026-08-19,7.507066393992885,7.527058561784906,7.35712489722728,7.367120742797852,17928400,767.1549682617188,149.0,4.0,4.0,1.0,8.0,-0.0004105317182713382,-0.0003074929014246133,-1.0,0,4.0,9.0
2026-08-20,7.317140633055635,7.357124969029909,7.15720281250765,7.16719913482666,31383200,760.7109985351562,151.0,4.0,4.0,1.0,8.0,-0.00041531984940034453,-0.0003696891694204188,-1.0,0,4.0,10.0
2026-08-21,7.267159959226399,7.517062296856813,7.267159959226399,7.477077960968018,23793800,763.8232421875,160.0,4.0,4.0,1.0,8.0,-0.0003775543523200841,-0.0003773140936448982,1.0,0,4.0,11.0
2026-08-24,7.367120691473808,7.587035012304866,7.367120691473808,7.517062187194824,16967400,761.5787963867188,158.0,4.0,4.0,1.0,8.0,-0.0003213217477924475,-0.00039446404375942726,1.0,0,4.0,12.0
2026-08-25,7.537054683103691,7.6769998627678335,7.437093840486447,7.657007694244385,12818100,764.0127563476562,157.0,4.0,4.0,1.0,8.0,-0.00025131266722691555,-0.0003997872994685186,1.0,0,4.0,13.0
2026-08-26,7.716984219504237,7.766964879265831,7.597031208057489,7.607027530670166,26139000,764.182373046875,155.0,4.0,4.0,1.0,8.0,-0.00019957065444637203,-0.0004105317182713382,1.0,0,4.0,14.0
2026-08-27,7.597030950694108,7.627019440865327,7.477077943310988,7.5270586013793945,22478900,769.18994140625,154.0,4.0,4.0,1.0,8.0,-0.00017987452013500552,-0.00041531984940034453,-1.0,0,4.0,15.0
2026-08-28,7.547050971910358,7.547050971910358,7.38711314778775,7.4970703125,14861100,767.4442749023438,151.0,4.0,4.0,1.0,8.0,-0.00016687868882652693,-0.0003775543523200841,-1.0,0,4.0,16.0
2026-08-31,7.657007713780863,7.686996204967998,7.547051024946792,7.607027530670166,14608800,765.1499633789062,150.0,4.0,4.0,1.0,8.0,-0.00017920033529498927,-0.0003213217477924475,1.0,0,4.0,17.0
2026-09-01,7.597030897906126,7.82694106545168,7.597030897906126,7.676999568939209,16113200,759.89306640625,149.0,4.0,4.0,1.0,8.0,-0.00018842606746691137,-0.00025131266722691555,1.0,0,4.0,18.0
2026-09-02,7.829999923706055,8.130000114440918,7.789999961853027,8.079999923706055,24591400,763.2646484375,162.0,1.0,1.0,1.0,1.0,-0.0001269777304811558,-0.00019957065444637203,1.0,0,1.0,1.0
2026-09-03,8.25,8.3100004196167,8.100000381469727,8.220000267028809,19403500,771.2548217773438,162.0,1.0,1.0,1.0,1.0,-3.6232238561858264e-05,-0.00017987452013500552,1.0,0,1.0,2.0
2026-09-04,8.050000190734863,8.279999732971191,8.050000190734863,8.149999618530273,15712700,768.2822265625,160.0,1.0,1.0,1.0,1.0,3.270484354939953e-05,-0.00016687868882652693,1.0,0,1.0,3.0
2026-09-08,8.34000015258789,8.449999809265137,8.270000457763672,8.3100004196167,24858200,764.0626831054688,159.0,1.0,1.0,1.0,1.0,4.90048622353118e-05,-0.00017920033529498927,1.0,0,1.0,4.0
2026-09-09,8.1899995803833,8.229999542236328,8.050000190734863,8.079999923706055,35701700,760.5115356445312,162.0,1.0,1.0,1.0,1.0,2.655184525019519e-05,-0.00018842606746691137,1.0,1,1.0,5.0
2026-09-10,8.029999732971191,8.390000343322754,8.010000228881836,8.300000190734863,35221200,755.9528198242188,163.0,1.0,1.0,1.0,1.0,4.672390352709605e-05,-0.0001269777304811558,1.0,0,1.0,6.0
2026-09-11,8.34000015258789,8.369999885559082,8.239999771118164,8.329999923706055,25160000,762.3967895507812,161.0,1.0,1.0,1.0,1.0,6.134140793111793e-05,-3.6232238561858264e-05,1.0,0,1.0,7.0
2026-09-14,8.050000190734863,8.270000457763672,8.039999961853027,8.229999542236328,25465300,758.9952392578125,159.0,1.0,1.0,1.0,1.0,6.06364176279523e-05,3.270484354939953e-05,1.0,0,1.0,8.0
2026-09-15,8.1899995803833,8.300000190734863,8.170000076293945,8.260000228881836,18294800,755.513916015625,157.0,1.0,1.0,1.0,1.0,4.163075804259535e-05,4.90048622353118e-05,1.0,0,1.0,9.0
2026-09-16,8.229999542236328,8.289999961853027,8.109999656677246,8.289999961853027,28560100,752.1821899414062,155.0,1.0,1.0,1.0,1.0,2.4720680743873473e-05,2.655184525019519e-05,1.0,0,1.0,10.0
2026-09-17,8.3100004196167,8.359999656677246,8.100000381469727,8.289999961853027,22450000,760.7109985351562,153.0,1.0,1.0,1.0,1.0,5.19364538936016e-05,4.672390352709605e-05,1.0,0,1.0,11.0
2026-09-18,8.210000038146973,8.25,8.100000381469727,8.199999809265137,19480500,761.6900024414062,151.0,1.0,1.0,1.0,1.0,6.858363115888391e-05,6.134140793111793e-05,-1.0,0,1.0,12.0
2026-09-21,8.359999656677246,8.460000038146973,8.329999923706055,8.449999809265137,16833900,773.5,154.0,1.0,1.0,1.0,1.0,0.00011850420641045007,6.06364176279523e-05,1.0,0,1.0,13.0
2026-09-22,8.3100004196167,8.489999771118164,8.279999732971191,8.430000305175781,20324700,773.3800048828125,152.0,1.0,1.0,1.0,1.0,0.0001316214480878609,4.163075804259535e-05,1.0,0,1.0,14.0
2026-09-23,8.4399995803833,8.5,8.170000076293945,8.180000305175781,17557400,767.8099975585938,155.0,1.0,1.0,1.0,1.0,0.0001384362064854102,2.4720680743873473e-05,-1.0,0,1.0,15.0
2026-09-24,8.149999618530273,8.210000038146973,8.039999961853027,8.079999923706055,15327500,767.1799926757812,154.0,1.0,4.0,1.0,2.0,0.00010982020059793745,5.19364538936016e-05,-1.0,0,2.0,16.0
2026-09-25,8.039999961853027,8.149999618530273,8.010000228881836,8.109999656677246,15929400,771.3499755859375,152.0,1.0,4.0,1.0,2.0,0.00010817648504420021,6.858363115888391e-05,-1.0,0,2.0,17.0
2026-09-28,8.0,8.079999923706055,7.949999809265137,7.989999771118164,21535200,765.6099853515625,151.0,4.0,4.0,1.0,8.0,0.00010061476590710928,0.00011850420641045007,-1.0,0,4.0,1.0
2026-09-29,7.980000019073486,8.09000015258789,7.920000076293945,8.09000015258789,16621400,764.2000122070312,150.0,4.0,4.0,1.0,8.0,8.33032804568342e-05,0.0001316214480878609,-1.0,0,4.0,2.0
2026-09-30,8.300000190734863,8.619999885559082,8.260000228881836,8.529999732971191,54101500,762.6300048828125,164.0,1.0,4.0,1.0,2.0,0.00010790762197283964,0.0001384362064854102,1.0,0,2.0,3.0
2026-10-01,8.510000228881836,8.579999923706055,8.270000457763672,8.449999809265137,50919800,763.989990234375,162.0,1.0,1.0,1.0,1.0,0.00012677045206595355,0.00010982020059793745,1.0,0,1.0,1.0
2026-10-02,,,,,44951884,,162.0,,1.0,1.0,,0.00016180854582124998,0.00010817648504420021,-1.0,0,,
