Date,Open,High,Low,Close,Volume,IndexClose,CVI,LTI,STI,VI,SecState,VWRS,VWRS_1wk,RS,GapDown,Thermostat,Days
2022-09-30,67.77781869816387,68.16915023337089,67.294400201152,67.40950012207031,6294500,339.12646484375,,,,,,,,,0,,
2022-10-03,67.8994440350145,68.27747586913259,67.70656980939548,68.10002899169922,11519500,348.0799560546875,81.0,,,3.0,,,,,0,,
2022-10-04,68.91780252244742,69.58900089312715,68.87922533252323,69.56585693359375,7552300,358.8656921386719,85.0,,,3.0,,,,,0,,
2022-10-05,68.93323331332397,69.49642852969085,68.74035912616522,69.32669830322266,5714200,358.0301513671875,84.0,,,3.0,,,,,0,,
2022-10-06,69.31899977158696,69.54273459338542,69.04897701633178,69.10298156738281,6514200,354.3368225097656,83.0,,,3.0,,,,,0,,
2022-10-07,68.82522412220607,68.91780585086373,68.32375005923662,68.33146667480469,6324900,344.4529113769531,83.0,,,3.0,,,,,1,,
2022-10-10,68.26202316767986,68.33145503780891,67.13563292869078,67.46737670898438,4814600,341.822998046875,83.0,,,3.0,,,,,0,,
2022-10-11,67.56771871906318,68.18491287919865,67.47513694631772,67.67572784423828,10130800,339.65826416015625,82.0,,,3.0,,,,,0,,
2022-10-12,67.80685424804688,68.02287241335875,67.65255724026797,67.80685424804688,5861800,338.5378723144531,81.0,,,3.0,,,,,0,,
2022-10-13,66.79621412253525,68.0846127471366,66.56476265962432,67.93802642822266,7327000,347.4722595214844,80.0,,,3.0,,,,,0,,
2022-10-14,68.30833912172021,68.50892997230025,67.54455880650804,67.6911392211914,7471800,339.5538024902344,79.0,,,3.0,,,,,0,,
2022-10-17,68.3391911040958,68.72493952186191,68.3006139078977,68.51663208007812,7332200,348.2792053222656,79.0,,,3.0,,,,,0,,
2022-10-18,69.22640504894405,69.4192792338852,68.72493099088643,69.00267028808594,9850500,352.3714294433594,79.0,,,3.0,,,,,0,,
2022-10-19,68.64008251647572,68.7712355813735,68.15403568553592,68.39320373535156,5498700,349.8743591308594,79.0,,,3.0,,,,,0,,
2022-10-20,68.53205634948831,68.87922752564887,67.88399603165486,67.97657775878906,8320100,346.94049072265625,78.0,,1.0,3.0,,,,,0,,
2022-10-21,67.82998493660078,68.6940633148058,67.72969248977661,68.48575592041016,10444100,355.3716735839844,77.0,,1.0,3.0,,,,,0,,
2022-10-24,68.62464277074174,68.79437302029605,68.26204419384851,68.67093658447266,7349100,359.72021484375,76.0,,1.0,3.0,,,,,0,,
2022-10-25,68.8406730148144,69.29585337398348,68.79437919692705,69.28042602539062,9536800,365.4644470214844,76.0,,1.0,3.0,,,,,0,,
2022-10-26,69.11067212053108,69.72786591605194,69.03352363184752,69.45012664794922,9913000,362.7109375,75.0,,1.0,1.0,,,,,0,,
2022-10-27,69.68158472146,70.17534215992494,69.41156204199525,70.0133285522461,15063600,360.7741394042969,75.0,,1.0,1.0,,,,,0,,
2022-10-28,70.36051369433973,70.67683024311053,70.13678477698248,70.5456771850586,34620100,369.35723876953125,74.0,,1.0,1.0,,,,,0,,
2022-10-31,70.11362736306748,70.20620909844028,69.44242891128849,69.4732894897461,12130100,366.6892395019531,76.0,,1.0,1.0,,,,,0,,
2022-11-01,70.2340225772321,70.27279828086378,69.52835091860076,69.91608428955078,12149800,365.0845947265625,76.0,,1.0,1.0,,,,,0,,
2022-11-02,69.86955737015667,70.60625437862738,69.22591850740056,69.26469421386719,13962300,355.92242431640625,76.0,,1.0,1.0,,,,,0,,
2022-11-03,68.4116601444256,69.03978615813648,68.28758265629786,68.85367584228516,11808700,352.2574768066406,75.0,,1.0,1.0,,,,,1,,
2022-11-04,69.28020371663494,69.5903916317435,68.80717439361385,69.27245330810547,11264600,357.3276062011719,74.0,,1.0,1.0,,,,,0,,
2022-11-07,69.38877451581398,69.51284613205196,69.07083027583356,69.27245330810547,6133000,360.74560546875,73.0,,1.0,1.0,,,,,0,,
2022-11-08,69.27245781020974,69.43530514504835,68.9855329347268,69.13287353515625,10279100,362.6919860839844,72.0,,1.0,1.0,,,,,0,,
2022-11-09,69.05532064108975,69.08633410658943,68.17903937399917,68.31086730957031,11407900,355.2198486328125,73.0,,1.0,1.0,,,,,0,,
2022-11-10,70.18747518297822,70.48215032566279,69.72994686749595,70.44337463378906,18266500,374.7406005859375,83.0,,1.0,3.0,,,,,0,,
2022-11-11,70.50543493020793,70.90868095015722,70.19524704940271,70.6915512084961,6021000,378.3675231933594,82.0,,1.0,3.0,,,,,0,,
2022-11-14,70.58296112104142,70.58296112104142,70.14094543457031,70.14094543457031,8685300,375.1488342285156,81.0,,1.0,3.0,,,,,0,,
2022-11-15,71.00947046772183,71.02497719525277,70.42787056569843,70.91641235351562,15907400,378.3485107421875,82.0,,1.0,3.0,,,,,0,,
2022-11-16,70.86214130340844,70.93193637934766,70.66052423145314,70.7225570678711,8437900,375.46221923828125,81.0,,1.0,3.0,,,,,0,,
2022-11-17,70.09441911280612,70.49766502120802,70.0866627909376,70.3968505859375,8376800,374.3133239746094,80.0,,1.0,3.0,,,,,1,,
2022-11-18,70.7380512481481,70.76907061643006,70.3658247451041,70.58295440673828,10139600,376.0128173828125,78.0,,1.0,3.0,,,,,0,,
2022-11-21,70.4821746121479,70.69155395426928,70.38136606141587,70.52095031738281,8761800,374.6456298828125,77.0,,1.0,3.0,,,,,0,,
2022-11-22,70.7148191860906,71.07928952767897,70.59849798314973,71.071533203125,6290300,379.687255859375,77.0,,1.0,3.0,,,,,0,,
2022-11-23,71.03274514367847,71.55230638793842,71.0094820904043,71.46701049804688,5456000,382.079833984375,76.0,,1.0,3.0,,,,,0,,
2022-11-25,71.5057600553354,71.52127269735769,71.21108493664572,71.29638671875,1980000,381.994384765625,75.0,,1.0,1.0,,,,,0,,
2022-11-28,71.16456297702956,71.24211436541422,70.53643696222775,70.55970001220703,7446500,375.8989562988281,75.0,,1.0,1.0,,,,,0,,
2022-11-29,70.63726670170442,70.95521092383025,70.42013694822437,70.88542175292969,7366600,375.2532958984375,74.0,,1.0,1.0,,,,,0,,
2022-11-30,70.89316893657279,71.99433030276127,70.72256530478604,71.98657989501953,10897800,387.0739440917969,76.0,,1.0,1.0,,,,,0,,
2022-12-01,72.22520462227311,72.22520462227311,71.78847059796854,72.17841339111328,10624600,386.7891845703125,75.0,,1.0,1.0,,,,,0,,
2022-12-02,71.67148657001415,72.2018090066932,71.6012937732196,72.17841339111328,10759600,386.34295654296875,74.0,,1.0,1.0,,,,,0,,
2022-12-05,71.92886261838068,71.93665719154531,71.33614780479623,71.51551818847656,7544800,379.39288330078125,74.0,,1.0,1.0,,,,,0,,
2022-12-06,71.53892849252348,71.63251098237171,71.10218838969095,71.18017578125,7952100,373.9240417480469,73.0,,1.0,1.0,,,,,0,,
2022-12-07,71.1801377829639,71.64807378263183,71.1801377829639,71.53108978271484,6129000,373.2878723144531,73.0,,1.0,1.0,,,,,0,,
2022-12-08,71.67150789406551,71.7182991391469,71.39074852346403,71.60911560058594,5848700,376.21221923828125,71.0,,1.0,1.0,,,,,0,,
2022-12-09,71.47651838853596,71.88985681585304,71.43752172744544,71.6480941772461,7279500,373.40191650390625,70.0,,1.0,1.0,,,,,0,,
2022-12-12,71.82747740104536,71.96785707603338,71.68709772605733,71.8898696899414,4346700,378.78521728515625,70.0,,1.0,1.0,,,,,0,,
2022-12-13,73.02068490141305,73.20786172513448,72.23300474762416,72.66973876953125,12476500,381.6526184082031,70.0,,1.0,1.0,,,,,0,,
2022-12-14,72.70094374233413,72.75553550170719,71.804074024015,72.28760528564453,10749800,379.2125244140625,69.0,,1.0,1.0,,,,,0,,
2022-12-15,71.99125404637225,72.09264300524296,71.63250730357932,71.98345947265625,6767900,369.9363098144531,69.0,,1.0,1.0,,,,,0,,
2022-12-16,71.6481089871066,71.7884886659722,71.41414087231183,71.61691284179688,9097500,365.5688171386719,68.0,,1.0,1.0,,,,,0,,
2022-12-19,71.27552668157145,71.48742002005943,71.10286974555632,71.25198364257812,6416600,362.46893310546875,67.0,,1.0,1.0,,,,,0,,
2022-12-20,70.93804081834907,71.21271950195579,70.71829787146368,71.03221893310547,5925100,362.9648742675781,66.0,,1.0,1.0,,,,,0,,
2022-12-21,71.33831509709543,71.76995146765525,71.29907270543167,71.66007995605469,5622300,368.39208984375,67.0,,1.0,1.0,,,,,0,,
2022-12-22,71.4795555270649,71.4795555270649,70.94589151086963,71.18132781982422,7904100,363.13665771484375,66.0,,4.0,1.0,,,,,0,,
2022-12-23,70.89880754425155,71.44032129542941,70.89880754425155,71.40108489990234,6014300,365.2254333496094,65.0,,4.0,1.0,,,,,0,,
2022-12-27,71.4011024441765,71.4011024441765,70.60845281418138,70.61630249023438,4848700,363.78521728515625,66.0,,4.0,1.0,,,,,0,,
2022-12-28,70.7575362813405,70.82816537278718,69.58818054199219,69.58818054199219,10456900,359.2641296386719,68.0,,4.0,1.0,,,,,0,,
2022-12-29,70.09046459252167,70.60843530772253,69.76869980470808,70.58489227294922,10216300,365.7309875488281,70.0,,4.0,1.0,,,,,0,,
2022-12-30,70.40437302942608,70.67905169828381,70.29450156188298,70.63196563720703,6459100,364.7676696777344,69.0,,4.0,1.0,,,,,0,,
2023-01-03,71.0322321382033,71.16564666825069,70.64767592211753,70.77324676513672,7580400,363.2320251464844,68.0,,4.0,1.0,,,,,0,,
2023-01-04,71.28334867859084,71.6835921611636,71.00867001774313,71.64435577392578,9397600,366.03619384765625,69.0,,4.0,1.0,,,,,0,,
2023-01-05,71.29121445562049,71.58944222628222,71.23627870642716,71.5109634399414,7616200,361.8584899902344,68.0,,4.0,1.0,,,,,0,,
2023-01-06,71.91119839455222,72.79017626343892,71.76209051470886,72.54689025878906,13860600,370.15667724609375,70.0,,1.0,1.0,,,,,0,,
2023-01-09,72.766660042395,72.9707097275578,72.65678851674174,72.86083221435547,11436600,369.94677734375,69.0,,1.0,1.0,,,,,0,,
2023-01-10,72.75877477767665,72.93928133155971,72.60966092827525,72.7666244506836,6315900,372.54119873046875,68.0,,1.0,1.0,,,,,0,,
2023-01-11,73.04916296914212,73.30029865239788,72.9392914819394,73.28459930419922,6302700,377.2530822753906,68.0,,1.0,1.0,,,,,0,,
2023-01-12,73.48865168048958,73.7554867219747,73.10410146082434,73.677001953125,7904200,378.6266174316406,67.0,,1.0,1.0,,,,,0,,
2023-01-13,73.31597648354052,73.8574901183004,73.31597648354052,73.7397689819336,9905700,380.0954284667969,66.0,,1.0,1.0,,,,,0,,
2023-01-17,73.62205756850548,73.684842981199,73.42585764449814,73.52788543701172,7199300,379.3991394042969,65.0,,1.0,1.0,,,,,0,,
2023-01-18,73.95953319888304,74.17927618999589,73.5514399278945,73.59852600097656,7616800,373.4092712402344,64.0,,1.0,1.0,,,,,0,,
2023-01-19,73.2846123127493,73.41018317044042,73.04132626040783,73.1119613647461,8192600,370.6908264160156,64.0,,1.0,1.0,,,,,1,,
2023-01-20,73.19042813671427,73.29244995117188,72.86865735738733,73.29244995117188,7524000,377.596435546875,63.0,,1.0,1.0,,,,,0,,
2023-01-23,73.20610711895081,73.47294210153734,73.09623565186986,73.19825744628906,5153700,382.12701416015625,62.0,,1.0,1.0,,,,,0,,
2023-01-24,73.08055664805313,73.32384266043891,72.97852884604848,73.29244995117188,4948100,381.7169494628906,61.0,,1.0,1.0,,,,,0,,
2023-01-25,73.08055664805313,73.35523536970597,72.970685159392,73.29244995117188,5979600,381.8599548339844,60.0,,1.0,1.0,,,,,0,,
2023-01-26,73.40231803820764,73.53573255574956,73.174725397229,73.48079681396484,7797700,386.0567626953125,60.0,,1.0,1.0,,,,,0,,
2023-01-27,73.26890691610835,73.43371414910004,73.13549239238371,73.29244995117188,8356900,386.9438171386719,59.0,,1.0,1.0,,,,,0,,
2023-01-30,73.08053955724694,73.17471167547767,72.89218334569412,72.90788269042969,4564000,382.0888977050781,58.0,,1.0,1.0,,,,,0,,
2023-01-31,73.01776784571459,73.48079681396484,73.01776784571459,73.48079681396484,8814700,387.7068176269531,58.0,,1.0,1.0,,,,,0,,
2023-02-01,73.45557259773138,74.42582644002373,73.32146743349537,74.16551208496094,11313900,391.827392578125,59.0,,1.0,1.0,,,,,0,,
2023-02-02,74.78074966230135,74.81229742413885,74.52043549013061,74.64664459228516,11691500,397.5311279296875,59.0,,1.0,1.0,,,,,0,,
2023-02-03,74.17337476525758,74.35480755705358,73.86573282904408,73.88939666748047,11319000,393.3057556152344,60.0,,1.0,1.0,,,,,1,,
2023-02-06,73.59753256295602,73.61330644871262,73.36088214871666,73.4555435180664,6153000,390.90216064453125,59.0,,1.0,1.0,,,,,1,,
2023-02-07,73.35298782381447,73.9130540179716,73.3372139389982,73.73951721191406,9792200,396.0146179199219,59.0,,1.0,1.0,,,,,0,,
2023-02-08,73.58175265892937,73.70796781806237,73.28200068339355,73.4555435180664,7233600,391.68426513671875,58.0,,1.0,1.0,,,,,0,,
2023-02-09,73.59757853744611,73.66857009510248,72.91129672206563,72.92707061767578,10584500,388.2887268066406,58.0,,1.0,1.0,,,,,0,,
2023-02-10,72.66672705384786,72.80082616559439,72.27231365346104,72.35908508300781,10315100,389.19488525390625,58.0,,1.0,1.0,,,,,1,,
2023-02-13,72.43798453564293,72.79295427677202,72.34332312948139,72.56419372558594,11064800,393.76361083984375,57.0,,1.0,1.0,,,,,0,,
2023-02-14,72.47741349544135,72.74561777127573,72.1382176872892,72.57207489013672,8297500,393.5823974609375,56.0,,1.0,1.0,,,,,0,,
2023-02-15,72.35911692982496,72.48532614399531,72.15402018624044,72.46166229248047,12888100,394.86053466796875,56.0,,1.0,1.0,,,,,0,,
2023-02-16,72.1539706303006,72.1539706303006,71.78322116247243,71.84632873535156,20721800,389.4237365722656,56.0,,4.0,1.0,,,,,1,,
2023-02-17,71.53082375867,72.24076917456678,71.40460856550095,72.08300018310547,22064600,388.45086669921875,55.0,,4.0,1.0,,,,,0,,
2023-02-21,71.48348497066574,71.56236644501213,70.67098833191278,70.94708251953125,21320600,380.6581726074219,59.0,,4.0,1.0,,,,,0,,
2023-02-22,71.1758427172325,71.72801905367281,71.1758427172325,71.46770477294922,19434300,380.13360595703125,59.0,,4.0,1.0,,,,,0,,
2023-02-23,71.76746202136825,72.28808455889761,71.7043544355251,72.18553924560547,8112400,382.1556701660156,59.0,,4.0,1.0,,,,,0,,
2023-02-24,71.56237464206673,71.88579052941357,71.45193936167792,71.76747131347656,10289200,378.0733337402344,59.0,,4.0,1.0,,,,,0,,
2023-02-27,72.01991539421226,72.33544141414761,71.97258167660351,72.22500610351562,11241700,379.3609924316406,59.0,,4.0,1.0,,,,,0,,
2023-02-28,72.11453755702347,72.16975518689098,71.98832841087072,72.09087371826172,5876900,377.95892333984375,58.0,,4.0,1.0,,,,,0,,
2023-03-01,72.11468782539353,72.11468782539353,71.71012679401088,71.8846435546875,7943700,376.5090637207031,57.0,,4.0,1.0,,,,,0,,
2023-03-02,71.55147858378143,72.03536380644623,71.47215442722307,71.92430877685547,7619000,379.4373474121094,56.0,,4.0,1.0,,,,,0,,
2023-03-03,72.27335566455183,72.77310338992716,72.16230061446844,72.66204833984375,9086100,385.5226135253906,57.0,,4.0,1.0,,,,,0,,
2023-03-06,72.7730644215775,72.93964690750141,72.6461470260349,72.71753692626953,7973300,385.78973388671875,56.0,,1.0,1.0,,,,,0,,
2023-03-07,72.74131720808715,72.74925143478849,72.24156986265413,72.24950408935547,7568100,379.87603759765625,56.0,,1.0,1.0,,,,,0,,
2023-03-08,72.19401197514344,72.36852873582006,71.74185766431978,71.8846435546875,9483500,380.4960021972656,56.0,,1.0,1.0,,,,,0,,
2023-03-09,71.9480885446779,72.2415945123578,71.3531484319533,71.4404067993164,13965800,373.4759521484375,56.0,,1.0,1.0,,,,,0,,
2023-03-10,71.46420399050702,71.90843006018113,71.1548356136511,71.41661071777344,13675800,368.08685302734375,55.0,,4.0,1.0,,,,,0,,
2023-03-13,71.25795962991609,71.93222385923588,70.82166780692138,71.05171203613281,12999900,367.5622863769531,55.0,,4.0,1.0,,,,,0,,
2023-03-14,71.59908933660142,71.90052360040823,71.28972084026,71.60701751708984,10239500,373.63818359375,55.0,,4.0,1.0,,,,,0,,
2023-03-15,70.78202878674132,71.35316635470056,70.69477039746033,71.28177642822266,14736300,371.30120849609375,54.0,,4.0,1.0,,,,,0,,
2023-03-16,70.91688126114012,71.91638260743454,70.91688126114012,71.74979400634766,9364800,377.8158264160156,54.0,,4.0,1.0,,,,,0,,
2023-03-17,71.39283157698586,72.1860852611746,71.20245238735325,71.32144165039062,10148100,373.3981018066406,54.0,,4.0,1.0,,,,,0,,
2023-03-20,71.321442984497,71.5276845887713,71.0437993482012,71.13105773925781,6394300,376.9886169433594,53.0,,4.0,1.0,,,,,0,,
2023-03-21,71.72596560878382,72.04326815545105,71.51972409768644,71.94014739990234,8515800,381.9385986328125,55.0,,4.0,1.0,,,,,0,,
2023-03-22,72.05915978431307,72.78895775324376,71.67046718432654,72.01950073242188,16284200,375.4279479980469,54.0,,1.0,1.0,,,,,0,,
2023-03-23,71.92428763066273,72.37644184735895,71.52766091243645,71.78150177001953,9072300,376.44281005859375,53.0,,1.0,1.0,,,,,0,,
2023-03-24,71.4959401728339,71.72598442822552,71.40868179830453,71.58319854736328,8894100,378.91302490234375,53.0,,1.0,1.0,,0.00016411860341851588,,,0,,
2023-03-27,71.70218934093363,71.89256850218621,71.44834844191539,71.4721450805664,6638400,379.62158203125,52.0,,1.0,1.0,,0.00015396750975373128,,,0,,
2023-03-28,71.36904043197956,71.5038921161877,71.19452363968864,71.456298828125,6668300,378.7695007324219,51.0,,1.0,1.0,,0.00011865168152205381,,,0,,
2023-03-29,71.68633177527894,72.33679950120828,71.67046331374333,72.29713439941406,8579400,384.27484130859375,53.0,,1.0,1.0,,0.00011268056940379443,,,0,,
2023-03-30,72.52716465121324,72.78100551829611,72.30505464902117,72.7730712890625,6932600,386.5247802734375,53.0,,1.0,1.0,,0.0001358391043079747,,,0,,
2023-03-31,72.89208035223896,73.6536031606866,72.89208035223896,73.62980651855469,14994100,391.9728088378906,54.0,,1.0,1.0,,0.00024384880299935775,0.00016411860341851588,,0,,
2023-04-03,73.5692138671875,73.65690113935345,73.31412527955702,73.5692138671875,10463800,393.4664001464844,54.0,,1.0,1.0,,0.0003291063486536149,0.00015396750975373128,,0,,
2023-04-04,73.63300264022428,73.65691624994052,73.29022671010797,73.31414031982422,12885200,391.2834167480469,53.0,,1.0,1.0,,0.00040343256178809983,0.00011865168152205381,,0,,
2023-04-05,73.33805652242758,73.34602975321253,72.79599238312052,72.89962005615234,12247400,390.2589416503906,53.0,,1.0,1.0,,0.00039820039203414845,0.00011268056940379443,,0,,
2023-04-06,72.90758268913342,73.3460190916778,72.69235414357034,73.25035858154297,10350000,391.78125,53.0,,1.0,1.0,,0.0003793912566841556,0.0001358391043079747,,0,,
2023-04-10,73.08295895095158,73.18658661133178,72.79598349566075,73.10687255859375,9664600,392.183349609375,52.0,,1.0,1.0,,0.000359121318663334,0.00024384880299935775,,0,,
2023-04-11,73.18659295894703,73.4576280599146,73.10687889929524,73.31414031982422,6563500,392.2887268066406,51.0,,1.0,1.0,,0.0003506716928350476,0.0003291063486536149,,0,,
2023-04-12,73.74458671731372,73.77647355025893,73.22643632508937,73.26629638671875,8284400,390.68975830078125,50.0,,1.0,1.0,,0.0003392831925841987,0.00040343256178809983,,0,,
2023-04-13,73.46558643653854,74.00764436529012,73.4336996027664,73.82430267333984,33827500,395.8791809082031,51.0,,1.0,1.0,,0.00035224524926142004,0.00039820039203414845,,0,,
2023-04-14,73.79242929033177,73.91200341832521,73.44168013669578,73.6409683227539,10099400,394.912109375,50.0,,1.0,1.0,,0.0003838776330663072,0.0003793912566841556,,0,,
2023-04-17,73.51342018162214,73.55327416603657,73.20253112694529,73.4416732788086,7307800,396.3291931152344,50.0,,1.0,1.0,,0.00038923931925400587,0.000359121318663334,,0,,
2023-04-18,73.57717799506261,73.7605196637921,73.36991664268976,73.52137756347656,5151600,396.5876770019531,49.0,,1.0,1.0,,0.0003606196494719393,0.0003506716928350476,,0,,
2023-04-19,73.28224541825458,73.38587307622315,73.17064453066006,73.25035858154297,5054100,396.52069091796875,48.0,,1.0,1.0,,0.00031662111404437583,0.0003392831925841987,,0,,
2023-04-20,72.9633968864953,73.27428600079568,72.9633968864953,73.20254516601562,3930000,394.3569030761719,48.0,,1.0,1.0,,0.00030753834196283977,0.00035224524926142004,,0,,
2023-04-21,73.2902012019591,73.46557572123089,73.10685345495929,73.40180206298828,6451900,394.6632080078125,47.0,,1.0,1.0,,0.0003057594221174647,0.0003838776330663072,,0,,
2023-04-24,73.53735136001912,73.66489873692348,73.37792322068235,73.6170654296875,5963400,395.07489013671875,47.0,,1.0,1.0,,0.00031377088456942395,0.00038923931925400587,,0,,
2023-04-25,73.61705136596144,73.70473865038308,73.40182281079447,73.48153686523438,6849200,388.8036193847656,46.0,,1.0,1.0,,0.00034761321697591665,0.0003606196494719393,,0,,
2023-04-26,73.44167256901618,73.5054462416136,73.10686991056801,73.1945571899414,7100200,387.1567077636719,46.0,,1.0,1.0,,0.0003398931982084228,0.00031662111404437583,,0,,
2023-04-27,73.4416732788086,73.64893467585723,73.21049827475285,73.4416732788086,6370000,394.8642883300781,45.0,,1.0,1.0,,0.00036832537211653,0.00030753834196283977,,0,,
2023-04-28,73.59313083672444,73.8880795003853,73.5532707723569,73.72864532470703,6786600,398.2345275878906,45.0,,1.0,1.0,,0.00038004818477224066,0.0003057594221174647,,0,,
2023-05-01,73.60844485328843,73.70462534007252,73.3118990533596,73.40807342529297,9543500,397.8324279785156,44.0,,1.0,1.0,,0.00041669746065688866,0.00031377088456942395,,0,,
2023-05-02,73.43211123736238,73.48821498351846,73.1115157815349,73.38401794433594,7238500,393.361083984375,44.0,,1.0,1.0,,0.0004211389113500128,0.00034761321697591665,,0,,
2023-05-03,73.47218046426059,73.80880293485929,73.28784220815399,73.29585266113281,8232500,390.6610412597656,43.0,,1.0,1.0,,0.0003974700317559733,0.0003398931982084228,,0,,
2023-05-04,73.11954450514706,73.14358809823251,72.80695945048407,73.0794677734375,8203500,387.89398193359375,43.0,,1.0,1.0,,0.0003911641406896614,0.00036832537211653,,1,,
2023-05-05,73.3198951747601,73.57637028647302,73.20768158071478,73.45614624023438,5907600,395.07489013671875,43.0,,1.0,1.0,,0.0003550061192273929,0.00038004818477224066,,0,,
2023-05-08,73.4400935952231,73.4400935952231,73.09545468215246,73.31185913085938,5314700,395.18023681640625,42.0,,1.0,1.0,,0.0003307005926001356,0.00041669746065688866,,0,,
2023-05-09,73.17563580692018,73.22372298490716,73.03937861120762,73.13555908203125,4694000,393.4472351074219,42.0,,1.0,1.0,,0.00030548324380419125,0.0004211389113500128,,0,,
2023-05-10,73.568359375,73.6725502951637,73.31990081122913,73.568359375,6867400,395.2856750488281,42.0,,1.0,1.0,,0.00030947598822722295,0.0003974700317559733,,0,,
2023-05-11,73.52023793407216,73.53626494707035,73.37597035770203,73.4641342163086,3867600,394.5962219238281,41.0,,1.0,1.0,,0.0003007248957209693,0.0003911641406896614,,0,,
2023-05-12,73.45614205430806,73.56834952711021,73.07944291782285,73.191650390625,6958900,394.0791931152344,41.0,,1.0,1.0,,0.0002687801986855579,0.0003550061192273929,,0,,
2023-05-15,73.21569631537683,73.28783318725424,73.09547227214705,73.20767974853516,4895300,395.43878173828125,40.0,,1.0,1.0,,0.0002141154004260468,0.0003307005926001356,,0,,
2023-05-16,72.99127642842144,73.03936359652315,72.62259387166205,72.68671417236328,8177700,392.7961730957031,41.0,,4.0,1.0,,0.00015555133404073399,0.00030548324380419125,,1,,
2023-05-17,72.7748789257083,73.10348476973932,72.71877519063722,72.85502624511719,5546400,397.5643310546875,40.0,,4.0,1.0,,0.00011494934612508913,0.00030947598822722295,,0,,
2023-05-18,72.670688083203,72.94319633017122,72.58252418990584,72.88709259033203,5056100,401.3941650390625,40.0,,4.0,1.0,,9.638385100103792e-05,0.0003007248957209693,,0,,
2023-05-19,72.84702246632669,73.11151417016872,72.83900589852401,72.92716979980469,8463500,400.8100891113281,39.0,,4.0,1.0,,9.776565744686749e-05,0.0002687801986855579,,0,,
2023-05-22,72.98328048779312,73.37601285444117,72.98328048779312,73.24777221679688,7194100,400.972900390625,39.0,,4.0,1.0,,0.0001343074906079018,0.0002141154004260468,,0,,
2023-05-23,73.07944739623082,73.1916548759092,72.79892869703487,72.88709259033203,7275900,396.4728088378906,39.0,,4.0,1.0,,0.00014034344753481923,0.00015555133404073399,,0,,
2023-05-24,72.71076029658676,72.78289105125921,72.19781010275375,72.37413787841797,8761700,393.6004638671875,40.0,,4.0,1.0,,9.851925040399192e-05,0.00011494934612508913,,1,,
2023-05-25,72.62261268361789,72.63062925199425,72.27797362163503,72.30201721191406,7021200,397.0090026855469,39.0,,4.0,1.0,,-1.2144530760102049e-06,9.638385100103792e-05,,0,,
2023-05-26,72.3901675146836,72.81495383604668,72.34208034316292,72.75885009765625,6411400,402.1504821777344,40.0,,4.0,1.0,,-4.597939242958552e-05,9.776565744686749e-05,,0,,
2023-05-30,73.10347849679098,73.10347849679098,72.83898686207377,73.06340789794922,6329000,402.3037109375,39.0,,4.0,1.0,,-7.514472593588653e-06,0.0001343074906079018,,0,,
2023-05-31,72.86303275477283,72.97524020942782,72.67868844221236,72.80692291259766,7077700,400.0728759765625,39.0,,4.0,1.0,,4.6092327914355295e-05,0.00014034344753481923,,0,,
2023-06-01,72.86658008325988,73.34220317897757,72.82627085215113,73.29383087158203,9280300,403.87396240234375,40.0,,4.0,1.0,,9.367199928568826e-05,9.851925040399192e-05,,0,,
2023-06-02,73.54374219161748,73.80976222448618,73.3663914028213,73.66465759277344,10203200,409.71441650390625,40.0,,1.0,1.0,,0.00012406387905916516,-1.2144530760102049e-06,,0,,
2023-06-05,73.62439162228122,73.64051163378605,73.41479457074638,73.57601928710938,7425600,408.9292907714844,39.0,,1.0,1.0,,0.00015215485314840147,-4.597939242958552e-05,,0,,
2023-06-06,73.53567165678325,73.76138858314964,73.40668704153104,73.7372055053711,6176800,409.81976318359375,39.0,,1.0,1.0,,0.0001579043415295057,-7.514472593588653e-06,,0,,
2023-06-07,73.80977135671527,73.91457291778464,73.26966199697415,73.35833740234375,8158500,408.4026794433594,39.0,,1.0,1.0,,0.00011425371291990039,4.6092327914355295e-05,,0,,
2023-06-08,73.34222439691571,73.84202456543585,73.34222439691571,73.8339614868164,7125500,410.8729553222656,39.0,,1.0,1.0,,0.00011510239032048997,9.367199928568826e-05,,0,,
2023-06-09,73.8581595453957,73.9952011466617,73.81785029781031,73.84203338623047,8677200,411.6101989746094,38.0,,1.0,1.0,,0.00012332198870260112,0.00012406387905916516,,0,,
2023-06-12,73.90651389028577,73.94682313141789,73.6243676533409,73.79365539550781,9344400,415.34423828125,38.0,,1.0,1.0,,0.00016497705353476,0.00015215485314840147,,0,,
2023-06-13,73.93069892247892,74.09998666910559,73.8017204180463,73.89845275878906,7104100,418.08258056640625,37.0,,1.0,1.0,,0.00019541401109717863,0.0001579043415295057,,0,,
2023-06-14,73.96292757854872,74.17252451775614,73.59210600938196,73.95486450195312,8465300,418.5804138183594,37.0,,1.0,1.0,,0.00022945016402690054,0.00011425371291990039,,0,,
2023-06-15,74.10804314413647,74.30957703649513,74.00324773422744,74.29345703125,10476300,423.7699279785156,37.0,,1.0,1.0,,0.00026365728573179287,0.00011510239032048997,,0,,
2023-06-16,74.28539739825166,74.28539739825166,74.05161733423554,74.09192657470703,5403700,422.326416015625,36.0,,1.0,1.0,,0.00028321468474349867,0.00012332198870260112,,0,,
2023-06-20,74.05162049873422,74.10804974760977,73.89845275878906,73.89845275878906,5713400,420.1352844238281,36.0,,1.0,1.0,,0.0002694862146369861,0.00016497705353476,,0,,
2023-06-21,73.7533536490273,73.85009214737876,73.57600281054663,73.72110748291016,6862300,417.9826354980469,36.0,,1.0,1.0,,0.00027037892750139783,0.00019541401109717863,,1,,
2023-06-22,73.55179175376425,73.61628406147385,73.43087021438997,73.50342559814453,5619200,419.491455078125,35.0,,1.0,1.0,,0.00028444325364007953,0.00022945016402690054,,0,,
2023-06-23,73.31802830840294,73.40670371394789,73.15680365304468,73.27772521972656,4754900,416.32012939453125,35.0,,4.0,1.0,,0.00027343871219988715,0.00026365728573179287,,1,,
2023-06-26,73.350264461428,73.47924908837668,73.24546906477634,73.41475677490234,6627200,414.6191101074219,35.0,,4.0,1.0,,0.0002548596904475391,0.00028321468474349867,,0,,
2023-06-27,73.47928465832517,73.71306479509411,73.43897540530936,73.6324462890625,6312500,419.1647033691406,34.0,,4.0,1.0,,0.0002289701661503993,0.0002694862146369861,,0,,
2023-06-28,73.68077724086426,74.05966186523438,73.57597570201504,74.05966186523438,6037000,419.3761291503906,35.0,,4.0,1.0,,0.00024945649222462136,0.00027037892750139783,,0,,
2023-06-29,73.76138503781017,73.87424349556883,73.567914274556,73.86618041992188,7734400,421.0290222167969,35.0,,4.0,1.0,,0.0002696440911729016,0.00028444325364007953,,0,,
2023-06-30,74.12417496544954,74.39020122184827,74.05162570479204,74.18866729736328,8812200,425.99749755859375,35.0,,1.0,1.0,,0.00025889667937561126,0.00027343871219988715,,0,,
2023-07-03,74.24863336861374,74.24863336861374,74.03790524767264,74.14327239990234,4006500,426.48760986328125,34.0,,1.0,1.0,,0.0002418742002552723,0.0002548596904475391,,0,,
2023-07-05,74.08653465882175,74.11894866013992,73.77854599463707,73.89201354980469,8569400,425.8533630371094,34.0,,1.0,1.0,,0.00020489530584964102,0.0002289701661503993,,0,,
2023-07-06,73.35711107657649,73.39763167833388,73.1382763297133,73.3652114868164,9427300,422.51861572265625,35.0,,4.0,1.0,,0.00013143807400844214,0.00024945649222462136,,1,,
2023-07-07,73.21932210965333,73.86771355873283,73.21932210965333,73.42194366455078,9675400,421.4518737792969,34.0,,4.0,1.0,,7.06745499722333e-05,0.0002696440911729016,,0,,
2023-07-10,73.46246986481545,73.85150596787362,73.45436327129865,73.7623519897461,8166500,422.51861572265625,34.0,,4.0,1.0,,5.364524805908872e-05,0.00025889667937561126,,0,,
2023-07-11,73.92443768643935,74.15137280890592,73.84339031177534,74.14327239990234,6652200,425.20941162109375,35.0,,4.0,1.0,,0.00011431418705223991,0.0002418742002552723,,0,,
2023-07-12,74.56472225340359,74.84028456320782,74.56472225340359,74.75113677978516,11186500,428.6306457519531,36.0,,1.0,1.0,,0.000187338715455482,0.00020489530584964102,,0,,
2023-07-13,75.12396208338158,75.30227002304149,74.97807433125243,75.20500946044922,9669800,432.0326843261719,36.0,,1.0,1.0,,0.00025536692420922367,0.00013143807400844214,,0,,
2023-07-14,75.14825254972868,75.1887731340322,74.62954207591741,74.67816925048828,7127000,431.7635498046875,37.0,,1.0,1.0,,0.00026969531298648165,7.06745499722333e-05,,0,,
2023-07-17,74.65388007073773,74.92134198535541,74.5647260991985,74.82408142089844,4686300,433.2626953125,36.0,,1.0,1.0,,0.0002684662806990925,5.364524805908872e-05,,0,,
2023-07-18,74.8889086497379,75.13205074291645,74.85648846727725,75.01048278808594,7835600,436.4821472167969,36.0,,1.0,1.0,,0.00023870567198269274,0.00011431418705223991,,0,,
2023-07-19,75.0591027555042,75.2211974687097,75.03478916687506,75.07530975341797,4847400,437.4527282714844,36.0,1.0,1.0,1.0,1.0,0.00024172784068294013,0.000187338715455482,,0,1.0,1.0
2023-07-20,74.84029348672331,74.8727136770691,74.55662455059645,74.77545928955078,5435300,434.5504455566406,35.0,1.0,1.0,1.0,1.0,0.00022358049718360418,0.00025536692420922367,,1,1.0,2.0
2023-07-21,74.82407821445581,75.08343352504157,74.80787121283348,74.93754577636719,7344600,434.5504455566406,35.0,1.0,1.0,1.0,1.0,0.00023156520212796352,0.00026969531298648165,,0,1.0,3.0
2023-07-24,74.96996788776383,75.14827582777878,74.79976654052734,74.79976654052734,4423400,436.4917907714844,35.0,1.0,1.0,1.0,1.0,0.00022236410558777286,0.0002684662806990925,,0,1.0,4.0
2023-07-25,74.74303018728553,74.85649774820706,74.64576962784493,74.75113677978516,5415800,437.6833801269531,34.0,1.0,1.0,1.0,1.0,0.00022013808547913165,0.00023870567198269274,,0,1.0,5.0
2023-07-26,74.78354880393276,75.17258484788273,74.71871461620621,75.09153747558594,7947400,437.75067138671875,34.0,1.0,1.0,1.0,1.0,0.00019533022620812066,0.00024172784068294013,,0,1.0,6.0
2023-07-27,75.23742670821854,75.30226708074653,74.36210022964536,74.50798797607422,10458100,434.8484191894531,35.0,1.0,1.0,1.0,1.0,0.00013564023212123217,0.00022358049718360418,,0,1.0,7.0
2023-07-28,74.83218480702615,75.01049274246355,74.78355143512245,74.93754577636719,5542700,439.105712890625,36.0,1.0,1.0,1.0,1.0,0.00012907910109641733,0.00023156520212796352,,0,1.0,8.0
2023-07-31,75.05911697624653,75.25363190564944,75.03480338301092,75.1725845336914,5026900,439.9418029785156,35.0,1.0,1.0,1.0,1.0,0.00013576952236648315,0.00022236410558777286,,0,1.0,9.0
2023-08-01,75.0340169973362,75.0340169973362,74.68354283849338,74.74874877929688,6976500,438.6828308105469,36.0,1.0,1.0,1.0,1.0,0.00016329439943980317,0.00022013808547913165,,1,1.0,10.0
2023-08-02,74.49607752993896,74.52052820117522,74.25155838081575,74.455322265625,6354000,432.5804138183594,36.0,1.0,4.0,1.0,2.0,0.00015021233387874978,0.00019533022620812066,,1,2.0,11.0
2023-08-03,74.17006426407225,74.34122520462975,74.07225534730462,74.20266723632812,7921400,431.3406982421875,35.0,1.0,4.0,1.0,2.0,0.00012902417875385174,0.00013564023212123217,,0,2.0,12.0
2023-08-04,74.67539882341119,74.93621637545235,74.56943761208197,74.6346435546875,9497100,429.38983154296875,36.0,1.0,4.0,1.0,2.0,0.00017319029619263722,0.00012907910109641733,,0,2.0,13.0
2023-08-07,74.80581864321638,74.822123241143,74.58575631826395,74.78952026367188,3654500,433.1378173828125,35.0,1.0,4.0,1.0,2.0,0.0002314180138508579,0.00013576952236648315,,0,2.0,14.0
2023-08-08,74.77319636465204,74.98511255432167,74.65093678528955,74.91990661621094,8316700,431.254150390625,35.0,1.0,4.0,1.0,2.0,0.0002853552881055472,0.00016329439943980317,,0,2.0,15.0
2023-08-09,74.9280776977539,75.04218500886446,74.78136740941432,74.9280776977539,6529800,428.3711853027344,34.0,1.0,4.0,1.0,2.0,0.0002991575519806808,0.00015021233387874978,,0,2.0,16.0
2023-08-10,75.13997767762136,75.3192909043803,74.7079992050007,74.8873062133789,11190600,428.52490234375,34.0,1.0,4.0,1.0,2.0,0.0003049462542903066,0.00012902417875385174,,0,2.0,17.0
2023-08-11,74.67540943291614,74.83841809420846,74.56130212633515,74.78136444091797,6174400,428.27508544921875,33.0,1.0,4.0,1.0,2.0,0.00030485393688043744,0.00017319029619263722,,0,2.0,18.0
2023-08-14,74.67541295171401,74.91992595517425,74.56130563975614,74.78952026367188,8179700,430.63922119140625,33.0,1.0,4.0,1.0,2.0,0.0003287909109659427,0.0002314180138508579,,0,2.0,19.0
2023-08-15,74.64278771022343,74.77319336282915,74.53682651045224,74.55313110351562,8657800,425.6227111816406,33.0,1.0,4.0,1.0,2.0,0.00032199608383518897,0.0002853552881055472,,0,2.0,20.0
2023-08-16,74.5531249998183,74.73243819855344,74.3330565401416,74.35751342773438,17441500,422.4993896484375,32.0,1.0,4.0,1.0,2.0,0.00029708739014707363,0.0002991575519806808,,0,2.0,21.0
2023-08-17,74.39012046182523,74.42272343141117,73.87663768220314,74.00704956054688,16681900,419.2800598144531,33.0,1.0,4.0,1.0,2.0,0.000252816600934408,0.0003049462542903066,,0,2.0,22.0
2023-08-18,73.84403835459636,74.30861981194298,73.83588605720266,74.0396499633789,7923900,419.4818420410156,32.0,1.0,4.0,1.0,2.0,0.00022515804867545436,0.00030485393688043744,,0,2.0,23.0
2023-08-21,74.01520223431895,74.11301115179207,73.83588899480881,74.0641098022461,6346000,422.21112060546875,32.0,1.0,4.0,1.0,2.0,0.00021541230938454959,0.0003287909109659427,,0,2.0,24.0
2023-08-22,74.21895805112162,74.24340872322698,74.03964483117502,74.10485076904297,4675200,421.0674743652344,31.0,1.0,4.0,1.0,2.0,0.00020144896587910035,0.00032199608383518897,,0,2.0,25.0
2023-08-23,74.38197120525788,74.83024802655557,74.38197120525788,74.71614074707031,7450200,425.75726318359375,33.0,1.0,4.0,1.0,2.0,0.000209269582165587,0.00029708739014707363,,0,2.0,26.0
2023-08-24,74.7487499862388,74.75690228356606,74.21896259082247,74.27601623535156,5549400,419.856689453125,33.0,1.0,4.0,1.0,2.0,0.00016423922146541266,0.000252816600934408,,0,2.0,27.0
2023-08-25,74.3657010706401,74.69987698567923,74.25974603870202,74.58576965332031,7969600,422.8165588378906,33.0,1.0,4.0,1.0,2.0,0.0001476424868134758,0.00022515804867545436,,0,2.0,28.0
2023-08-28,74.76505988639524,74.9525192095587,74.69985393991172,74.90361785888672,5707900,425.4977722167969,33.0,1.0,4.0,1.0,2.0,0.0001458562575801568,0.00021541230938454959,,0,2.0,29.0
2023-08-29,74.82212395239462,75.38450821856662,74.78952097461358,75.36820983886719,9102900,431.64825439453125,34.0,1.0,1.0,1.0,1.0,0.00022813186377531334,0.00020144896587910035,,0,1.0,30.0
2023-08-30,75.40892893903093,75.50673783351678,75.29482167132063,75.35187530517578,7039300,433.4261169433594,33.0,1.0,1.0,1.0,1.0,0.00029481883425921317,0.000209269582165587,,0,1.0,31.0
2023-08-31,75.28669436135397,75.40894773696193,75.1970377403206,75.36004638671875,5730400,432.7919006347656,33.0,1.0,1.0,1.0,1.0,0.00034473653202102186,0.00016423922146541266,,0,1.0,32.0
2023-09-01,75.46822167216438,75.64033567241181,75.24692777684169,75.39445495605469,6341100,433.59912109375,32.0,1.0,1.0,1.0,1.0,0.0003798919383780797,0.0001476424868134758,,0,1.0,33.0
2023-09-05,75.36166313541959,75.36166313541959,74.91089020315407,74.95186614990234,7499500,431.72509765625,33.0,1.0,1.0,1.0,1.0,0.0003606593964503351,0.0001458562575801568,,0,1.0,34.0
2023-09-06,74.9518742613509,74.9518742613509,74.64862846117393,74.84532928466797,8299100,428.8229064941406,32.0,1.0,1.0,1.0,1.0,0.0003404671830488531,0.00022813186377531334,,0,1.0,35.0
2023-09-07,74.67321062122124,75.07480993457976,74.67321062122124,75.06661224365234,8330700,427.50628662109375,32.0,1.0,1.0,1.0,1.0,0.0002970144162991657,0.00029481883425921317,,0,1.0,36.0
2023-09-08,75.16498445648438,75.25514032007416,74.9436967704961,75.00106811523438,6906700,428.150146484375,32.0,1.0,1.0,1.0,1.0,0.00031956341377079863,0.00034473653202102186,,0,1.0,37.0
2023-09-11,75.09123229980469,75.12401682228912,74.94370507512892,75.09123229980469,6025500,430.9659423828125,31.0,1.0,1.0,1.0,1.0,0.0003364203128989964,0.0003798919383780797,,0,1.0,38.0
2023-09-12,74.97647619195097,75.14039252205686,74.9354939829209,75.0092544555664,5837800,428.601806640625,31.0,1.0,1.0,1.0,1.0,0.0003277661300924621,0.0003606593964503351,,0,1.0,39.0
2023-09-13,75.02564751845784,75.29611508246849,75.02564751845784,75.19776153564453,5726000,429.1015930175781,31.0,1.0,1.0,1.0,1.0,0.0003144853977458726,0.0003404671830488531,,0,1.0,40.0
2023-09-14,75.36165446334014,75.38624753216602,75.19773818919786,75.30428314208984,7379200,432.8014831542969,30.0,1.0,1.0,1.0,1.0,0.0003248927886191486,0.0002970144162991657,,0,1.0,41.0
2023-09-15,75.074830295403,75.2223575070766,75.02565664251438,75.05844116210938,7372400,427.5869140625,30.0,1.0,1.0,1.0,1.0,0.00037083618869262705,0.00031956341377079863,,0,1.0,42.0
2023-09-18,75.00926768614634,75.14860346962112,74.99287855144782,75.07483673095703,4641500,427.83770751953125,30.0,1.0,1.0,1.0,1.0,0.00038780016005066,0.0003364203128989964,,0,1.0,43.0
2023-09-19,74.91090121435398,75.02564388692446,74.81254767229072,74.88631439208984,5843500,426.9504089355469,29.0,1.0,1.0,1.0,1.0,0.00036739723961587135,0.0003277661300924621,,0,1.0,44.0
2023-09-20,75.03384852521083,75.1649803404285,74.77977008127685,74.7961654663086,7060000,423.02532958984375,29.0,1.0,4.0,1.0,2.0,0.00031065389110696397,0.0003144853977458726,,0,2.0,45.0
2023-09-21,74.47653553580999,74.54209832685794,74.25524157537248,74.27163696289062,11285100,416.03338623046875,30.0,1.0,4.0,1.0,2.0,0.0002136736567793878,0.0003248927886191486,,1,2.0,46.0
2023-09-22,74.39456686753046,74.65683677581087,74.36178860037728,74.3863754272461,10555500,415.0979309082031,30.0,1.0,4.0,1.0,2.0,0.00010965569943252025,0.00037083618869262705,,0,2.0,47.0
2023-09-25,74.16505775767988,74.40274076306844,74.09949499133594,74.27980041503906,8635200,416.843505859375,29.0,1.0,4.0,1.0,2.0,4.192815557364706e-05,0.00038780016005066,,0,2.0,48.0
2023-09-26,74.17326414774838,74.24702461341349,73.87820977907484,73.92738342285156,10719400,410.71954345703125,30.0,1.0,4.0,1.0,2.0,9.125314062138509e-06,0.00036739723961587135,,0,2.0,49.0
2023-09-27,74.12410631198975,74.19786679338532,73.69791379834452,73.82085418701172,11470800,410.8834228515625,29.0,1.0,4.0,1.0,2.0,7.67186171724619e-06,0.00031065389110696397,,0,2.0,50.0
2023-09-28,73.79624443319076,74.19784374192913,73.6487172632248,74.14047241210938,8217200,413.2655334472656,29.0,1.0,4.0,1.0,2.0,2.163339683861666e-05,0.0002136736567793878,,0,2.0,51.0
2023-09-29,74.5011133192316,74.53389783727945,74.04213631956901,74.09131622314453,12216400,412.2625427246094,29.0,1.0,4.0,1.0,2.0,6.156956169121778e-05,0.00010965569943252025,,0,2.0,52.0
2023-10-02,73.89431676931069,73.92728765913479,73.53164326979984,73.6387939453125,17973600,412.0986022949219,30.0,1.0,4.0,1.0,2.0,5.2792418322153446e-05,4.192815557364706e-05,,1,2.0,53.0
2023-10-03,73.35854176845447,73.51515190366806,72.83926446700646,72.88871765136719,14311800,406.5821838378906,32.0,1.0,4.0,1.0,2.0,-1.155103491086046e-05,9.125314062138509e-06,,1,2.0,54.0
2023-10-04,73.12778807008225,73.27615398518971,72.7980853377816,73.16075897216797,46175000,409.54296875,32.0,1.0,4.0,1.0,2.0,-8.908139940257663e-05,7.67186171724619e-06,,0,2.0,55.0
2023-10-05,73.11951436420212,73.34206629163256,73.06181688089681,73.25963592529297,14096900,409.3886413574219,32.0,1.0,4.0,1.0,2.0,-0.0001371864915024337,2.163339683861666e-05,,0,2.0,56.0
2023-10-06,72.88871502503677,73.50690496148505,72.78156436659823,73.39151000976562,14645500,414.249267578125,32.0,1.0,4.0,1.0,2.0,-0.00011919439837800586,6.156956169121778e-05,,0,2.0,57.0
2023-10-09,73.41623905731124,73.96848724309527,73.41623905731124,73.93551635742188,8491900,416.9013671875,33.0,1.0,4.0,1.0,2.0,-8.056111095142313e-05,5.2792418322153446e-05,,0,2.0,58.0
2023-10-10,73.71299969796046,74.14160880298665,73.64705790070845,73.95203399658203,14646500,419.07122802734375,32.0,1.0,4.0,1.0,2.0,-3.6438257223314635e-05,-1.155103491086046e-05,,0,2.0,59.0
2023-10-11,74.125106917292,74.18280440250733,73.6305561456528,73.9849853515625,9031700,420.78790283203125,32.0,1.0,4.0,1.0,2.0,-2.67419791925056e-05,-8.908139940257663e-05,,0,2.0,60.0
2023-10-12,73.87784268305877,73.90257557169782,73.35856521563704,73.56462860107422,12197400,418.22259521484375,32.0,1.0,4.0,1.0,2.0,-6.506336080452834e-05,-0.0001371864915024337,,0,2.0,61.0
2023-10-13,73.88608025025523,73.99323093704407,73.4327383281584,73.4986801147461,10090500,416.1395568847656,32.0,1.0,4.0,1.0,2.0,-0.00011297065039670756,-0.00011919439837800586,,0,2.0,62.0
2023-10-16,73.44097472792666,73.65528236701887,73.41624813275337,73.47394561767578,8622800,420.5179138183594,31.0,1.0,4.0,1.0,2.0,-0.00015140764903132813,-8.056111095142313e-05,,0,2.0,63.0
2023-10-17,73.15248080440234,73.35029983676851,73.02884155096586,73.12775421142578,9423500,420.49859619140625,32.0,1.0,4.0,1.0,2.0,-0.00015936962047815193,-3.6438257223314635e-05,,1,2.0,64.0
2023-10-18,73.02884694664561,73.16896850956802,72.71563293154479,72.74860382080078,9025500,414.8954162597656,32.0,1.0,4.0,1.0,2.0,-0.00018257027151366315,-2.67419791925056e-05,,0,2.0,65.0
2023-10-19,72.80629587169751,73.09478327046652,72.4930755914166,72.5013198852539,11498600,411.24993896484375,32.0,1.0,4.0,1.0,2.0,-0.00023341440507376979,-6.506336080452834e-05,,0,2.0,66.0
2023-10-20,72.56727654027021,72.78982221108573,72.50957904868434,72.61672973632812,9869300,406.1965026855469,31.0,1.0,4.0,1.0,2.0,-0.00027209522989355263,-0.00011297065039670756,,0,2.0,67.0
2023-10-23,72.43538368594263,73.10303318996276,72.3694481958311,72.9134521484375,7845000,405.49249267578125,31.0,1.0,4.0,1.0,2.0,-0.0002700250758048936,-0.00015140764903132813,,0,2.0,68.0
2023-10-24,73.10301845307649,73.32556405051733,73.02058810208453,73.28435516357422,7739400,408.5496826171875,32.0,1.0,4.0,1.0,2.0,-0.00021275686770470478,-0.00015936962047815193,,0,2.0,69.0
2023-10-25,73.15249256052145,73.17721915747177,72.82278992788987,72.92994689941406,10243600,402.6860046386719,32.0,1.0,4.0,1.0,2.0,-0.00018817088669709082,-0.00018257027151366315,,0,2.0,70.0
2023-10-26,72.83105623986732,73.26790968752914,72.78984104012103,73.16075897216797,8869500,397.86407470703125,32.0,1.0,4.0,1.0,2.0,-0.00017975174240364783,-0.00023341440507376979,,0,2.0,71.0
2023-10-27,73.25965507203975,73.30911456248079,72.92171437823039,73.037109375,10484300,396.06060791015625,31.0,1.0,4.0,1.0,2.0,-0.00019739105290120487,-0.00027209522989355263,,0,2.0,72.0
2023-10-30,73.061810272603,73.20193182102014,72.97114190867343,73.0535659790039,6721500,400.79583740234375,31.0,1.0,4.0,1.0,2.0,-0.00019078079323514585,-0.0002700250758048936,,0,2.0,73.0
2023-10-31,73.06180501393251,73.50690250794503,73.06180501393251,73.29259490966797,12154700,403.31298828125,31.0,1.0,4.0,1.0,2.0,-0.00017705529733852294,-0.00021275686770470478,,0,2.0,74.0
2023-11-01,73.40949891176707,73.98974943905797,73.40949891176707,73.9731674194336,13927900,407.6142272949219,33.0,1.0,1.0,1.0,1.0,-0.00011981523732958871,-0.00018817088669709082,,0,1.0,75.0
2023-11-02,74.37104529685982,74.91813172326367,74.37104529685982,74.78550720214844,13005500,415.4258728027344,36.0,1.0,1.0,1.0,1.0,-7.474249911511343e-06,-0.00017975174240364783,,0,1.0,76.0
2023-11-03,75.40719769430399,75.647586350732,75.15023334482665,75.6310043334961,14638200,419.2159118652344,38.0,1.0,1.0,1.0,1.0,0.00013240181055556628,-0.00019739105290120487,,0,1.0,77.0
2023-11-06,75.39888798770707,75.58125218695854,75.2165237884556,75.36573028564453,29125500,420.1803283691406,38.0,1.0,1.0,1.0,1.0,0.00022986938508359016,-0.00019078079323514585,,0,1.0,78.0
2023-11-07,75.15853984535916,75.3906375605397,75.07564870767874,75.26630401611328,13276300,421.3761291503906,37.0,1.0,1.0,1.0,1.0,0.0002688015012733003,-0.00017705529733852294,,0,1.0,79.0
2023-11-08,75.2580134691298,75.37406232743564,75.1668313198626,75.30774688720703,12539800,421.6847839355469,37.0,1.0,1.0,1.0,1.0,0.0002777043000824724,-0.00011981523732958871,,0,1.0,80.0
2023-11-09,75.22482561866993,75.32429873917015,74.78549707045268,74.81036376953125,9789800,418.39617919921875,37.0,1.0,1.0,1.0,1.0,0.000250460452342538,-7.474249911511343e-06,,0,1.0,81.0
2023-11-10,74.97617415368025,75.19998717786258,74.95959845612778,75.19169616699219,6244600,424.9252014160156,38.0,1.0,1.0,1.0,1.0,0.0002306591939885558,0.00013240181055556628,,0,1.0,82.0
2023-11-13,75.00101947799772,75.15851068122187,74.91812204829598,75.05904388427734,6600500,424.5201416015625,37.0,1.0,1.0,1.0,1.0,0.00022288694026664064,0.00022986938508359016,,0,1.0,83.0
2023-11-14,75.75534962012767,76.02889600653528,75.75534962012767,75.8299560546875,11882200,432.7561340332031,39.0,1.0,1.0,1.0,1.0,0.00031100719028967396,0.0002688015012733003,,0,1.0,84.0
2023-11-15,75.86312531272047,75.86312531272047,75.52326974510206,75.59786987304688,9697800,433.6722717285156,39.0,1.0,1.0,1.0,1.0,0.00037349195098467083,0.0002777043000824724,,0,1.0,85.0
2023-11-16,75.66415583771914,75.75533795247803,75.53153133164281,75.70560455322266,6178800,434.20269775390625,38.0,1.0,1.0,1.0,1.0,0.00041553222194425955,0.000250460452342538,,0,1.0,86.0
2023-11-17,75.73048338918431,75.87139892578125,75.58127684332077,75.87139892578125,6776300,434.7428283691406,38.0,1.0,1.0,1.0,1.0,0.00039234317748749575,0.0002306591939885558,,0,1.0,87.0
2023-11-20,75.8050806336422,76.05376030874062,75.78850493992283,75.9294204711914,5392900,438.0892639160156,37.0,1.0,1.0,1.0,1.0,0.0003831422261462274,0.00022288694026664064,,0,1.0,88.0
2023-11-21,75.92113599338408,76.04547584162968,75.89626928857244,76.02890014648438,4636600,437.134521484375,37.0,1.0,1.0,1.0,1.0,0.00037082190082006407,0.00031100719028967396,,0,1.0,89.0
2023-11-22,76.12837657054861,76.29416516385542,75.98746100937896,76.21955871582031,5564900,438.82220458984375,36.0,1.0,1.0,1.0,1.0,0.00036394122176286784,0.00037349195098467083,,0,1.0,90.0
2023-11-24,76.16981971457582,76.17811072468024,76.07863757599029,76.15324401855469,1532400,439.09222412109375,36.0,1.0,1.0,1.0,1.0,0.0003693490863299644,0.00041553222194425955,,0,1.0,91.0
2023-11-27,76.16151534009589,76.30243719039214,76.07033321751047,76.26927947998047,5819300,438.3014221191406,35.0,1.0,1.0,1.0,1.0,0.00038976974847356144,0.00039234317748749575,,0,1.0,92.0
2023-11-28,76.2443963672087,76.60083377218051,76.17808096065923,76.55109405517578,6148400,438.7354431152344,35.0,1.0,1.0,1.0,1.0,0.00043287364018022265,0.0003831422261462274,,0,1.0,93.0
2023-11-29,76.8826973217152,77.19768614993748,76.81638188708274,76.94901275634766,9195600,438.4267883300781,35.0,1.0,1.0,1.0,1.0,0.0004834096221926156,0.00037082190082006407,,0,1.0,94.0
2023-11-30,76.94071008580876,76.94071008580876,76.57598157479181,76.82466125488281,8173200,440.15313720703125,35.0,1.0,1.0,1.0,1.0,0.0005310774570435554,0.00036394122176286784,,0,1.0,95.0
2023-12-01,76.75379904376926,77.47065734863281,76.65377008511702,77.47065734863281,9126200,442.7570495605469,36.0,1.0,1.0,1.0,1.0,0.0005899611603111269,0.0003693490863299644,,0,1.0,96.0
2023-12-04,77.00385581913825,77.32061098342334,77.00385581913825,77.2789306640625,3905600,440.4327392578125,36.0,1.0,1.0,1.0,1.0,0.0006149100615700896,0.00038976974847356144,,0,1.0,97.0
2023-12-05,77.15392685346937,77.42900180816117,77.15392685346937,77.38732147216797,3877300,440.34600830078125,35.0,1.0,1.0,1.0,1.0,0.0006366962781646558,0.00043287364018022265,,0,1.0,98.0
2023-12-06,77.47900165909817,77.52901932679414,77.32896137506117,77.35397338867188,4271400,438.5714416503906,35.0,1.0,1.0,1.0,1.0,0.0006003174599133143,0.0004834096221926156,,0,1.0,99.0
2023-12-07,77.46232192528406,77.62903050096398,77.41231062448499,77.4873275756836,6103700,441.9179382324219,34.0,1.0,1.0,1.0,1.0,0.0006089565162454412,0.0005310774570435554,,0,1.0,100.0
2023-12-08,77.19558847360348,77.40397738399339,77.1622454847981,77.36229705810547,7106200,443.81787109375,34.0,1.0,1.0,1.0,1.0,0.0006077656680168369,0.0005899611603111269,,1,1.0,101.0
2023-12-11,77.303955078125,77.33729806980323,77.07889783370378,77.303955078125,4797100,445.5440673828125,33.0,1.0,1.0,1.0,1.0,0.0006397486634190698,0.0006149100615700896,,0,1.0,102.0
2023-12-12,77.31230037859815,77.54569498485843,77.11224876745021,77.5123519897461,8280200,447.57891845703125,33.0,1.0,1.0,1.0,1.0,0.0006598824033380617,0.0006366962781646558,,0,1.0,103.0
2023-12-13,77.59569445977004,78.67098203987429,77.57902614451982,78.66265106201172,8382700,453.75115966796875,38.0,1.0,1.0,1.0,1.0,0.0007115635966724959,0.0006003174599133143,,0,1.0,104.0
2023-12-14,79.09610811392587,79.31283439919741,78.89605650572767,79.04609680175781,9342500,455.2074279785156,38.0,1.0,1.0,1.0,1.0,0.0007478226649523819,0.0006089565162454412,,0,1.0,105.0
2023-12-15,78.99608580210304,79.02109781982556,78.69601154422432,78.88772583007812,7087800,454.4579162597656,38.0,1.0,1.0,1.0,1.0,0.0007327087551196893,0.0006077656680168369,,0,1.0,106.0
2023-12-18,79.04446796261112,79.0863752948845,78.68403165034796,78.95226287841797,5908900,457.0142822265625,37.0,1.0,1.0,1.0,1.0,0.0006709762420984401,0.0006397486634190698,,0,1.0,107.0
2023-12-19,79.01931061732975,79.28754182750478,79.01931061732975,79.21210479736328,4371100,459.7933349609375,37.0,1.0,1.0,1.0,1.0,0.0006370792427611414,0.0006598824033380617,,0,1.0,108.0
2023-12-20,79.28756393607372,79.55580161618073,79.18698120117188,79.18698120117188,4538700,453.4217834472656,37.0,1.0,1.0,1.0,1.0,0.0006311437405997133,0.0007115635966724959,,0,1.0,109.0
2023-12-21,79.53900214645729,79.63959123676568,79.3126846871831,79.5473861694336,5366600,457.72113037109375,36.0,1.0,1.0,1.0,1.0,0.0006725209515080263,0.0007478226649523819,,0,1.0,110.0
2023-12-22,79.71503223365845,79.76532997888896,79.43841701786694,79.4719467163086,3523900,458.6410217285156,36.0,1.0,1.0,1.0,1.0,0.0007058048561472127,0.0007327087551196893,,0,1.0,111.0
2023-12-26,79.49709153482691,79.66474002522882,79.49709153482691,79.63121032714844,1668800,460.57763671875,36.0,1.0,1.0,1.0,1.0,0.0007561240498964693,0.0006709762420984401,,0,1.0,112.0
2023-12-27,79.75695873491709,80.12577268659791,79.64798559873701,79.96651458740234,3698100,461.4104309082031,35.0,1.0,1.0,1.0,1.0,0.0008097885745822711,0.0006370792427611414,,0,1.0,113.0
2023-12-28,79.9413492082427,79.9581108584506,79.56414492964207,79.6814956665039,3349300,461.584716796875,35.0,1.0,1.0,1.0,1.0,0.0008039285054257066,0.0006311437405997133,,0,1.0,114.0
2023-12-29,79.59768738356976,79.86591859583838,79.40489959716797,79.40489959716797,4821300,460.2484436035156,35.0,1.0,1.0,1.0,1.0,0.0007694804145007774,0.0006725209515080263,,0,1.0,115.0
2024-01-02,79.11149120743454,79.25399398993052,79.05281584821896,79.16178894042969,6452700,457.67266845703125,35.0,1.0,1.0,1.0,1.0,0.0006774478143323453,0.0007058048561472127,,1,1.0,116.0
2024-01-03,78.59180093290023,79.06958785191448,78.54150319738542,78.90193939208984,6921500,453.93505859375,35.0,1.0,1.0,1.0,1.0,0.000599843746072264,0.0007561240498964693,,0,1.0,117.0
2024-01-04,78.76783824534101,78.8600433126019,78.56666646001533,78.59181213378906,3843600,452.4728698730469,35.0,1.0,1.0,1.0,1.0,0.0005357851507685043,0.0008097885745822711,,0,1.0,118.0
2024-01-05,78.45768897290955,78.9690056282563,78.45768897290955,78.69239044189453,5797300,453.09259033203125,34.0,1.0,1.0,1.0,1.0,0.0005059200582904264,0.0008039285054257066,,0,1.0,119.0
2024-01-08,78.66723115358036,79.17854772042702,78.66723115358036,79.11148834228516,4572200,459.56097412109375,34.0,1.0,1.0,1.0,1.0,0.0005169851144814758,0.0007694804145007774,,0,1.0,120.0
2024-01-09,78.99415121382555,79.3294417670651,78.93547584664377,79.24562072753906,5452300,458.86370849609375,34.0,1.0,1.0,1.0,1.0,0.0005399597747842873,0.0006774478143323453,,0,1.0,121.0
2024-01-10,79.37973171932488,79.50546647397609,79.31267872596148,79.41326141357422,8315800,461.4588317871094,34.0,1.0,1.0,1.0,1.0,0.0005728036577684786,0.000599843746072264,,0,1.0,122.0
2024-01-11,79.4216467715766,79.64796421764659,79.18694530301946,79.61444091796875,8059500,461.2554931640625,33.0,1.0,1.0,1.0,1.0,0.00059857443497604,0.0005357851507685043,,0,1.0,123.0
2024-01-12,79.76534122660718,79.94974500133489,79.6312224139285,79.7318115234375,4919600,461.5750427246094,33.0,1.0,1.0,1.0,1.0,0.0006162422103350401,0.0005059200582904264,,0,1.0,124.0
2024-01-16,79.54737229135016,79.58090198226992,79.12826074755499,79.19532012939453,6187900,459.8804626464844,34.0,1.0,4.0,1.0,2.0,0.0005921892650483076,0.0005169851144814758,,1,2.0,125.0
2024-01-17,79.01092832351046,79.01092832351046,78.73431310571738,78.8935775756836,5805300,457.3240966796875,33.0,1.0,4.0,1.0,2.0,0.0005280095756841652,0.0005399597747842873,,1,2.0,126.0
2024-01-18,78.98577974728984,79.05283274705953,78.85166095747871,79.0276870727539,5007400,461.39105224609375,33.0,1.0,4.0,1.0,2.0,0.0004916640892168747,0.0005728036577684786,,0,2.0,127.0
2024-01-19,79.07795865321424,79.14501803135609,78.76782022079315,79.11148834228516,6425900,467.1427917480469,33.0,1.0,4.0,1.0,2.0,0.00047277907035955276,0.00059857443497604,,0,2.0,128.0
2024-01-22,79.22885268255263,79.43840847893543,79.17017731537085,79.24562072753906,4349200,468.1304626464844,32.0,1.0,4.0,1.0,2.0,0.0004949591801457072,0.0006162422103350401,,0,2.0,129.0
2024-01-23,79.25399548972047,79.27075713761303,79.04443971782288,79.19532012939453,6349200,469.49578857421875,32.0,1.0,4.0,1.0,2.0,0.0004963949733421997,0.0005921892650483076,,0,2.0,130.0
2024-01-24,79.37973695181105,79.46356439052771,79.05283040525035,79.1534194946289,4486600,470.009033203125,31.0,1.0,4.0,1.0,2.0,0.0005232548835933872,0.0005280095756841652,,0,2.0,131.0
2024-01-25,79.44679648920904,79.74017333984375,79.32944574895514,79.74017333984375,5285100,472.56536865234375,32.0,1.0,4.0,1.0,2.0,0.0005790475174563543,0.0004916640892168747,,0,2.0,132.0
2024-01-26,79.7234160800883,79.82400517518995,79.63959503173828,79.63959503173828,4925900,471.96502685546875,32.0,1.0,4.0,1.0,2.0,0.0006050342986172902,0.00047277907035955276,,0,2.0,133.0
2024-01-29,79.74019385438696,79.93298806019553,79.61446545400892,79.86592864990234,4786000,475.70269775390625,32.0,1.0,4.0,1.0,2.0,0.0005933833541628041,0.0004949591801457072,,0,2.0,134.0
2024-01-30,79.84914645231929,79.89943779953218,79.56414722946292,79.74017333984375,4222100,475.334716796875,31.0,1.0,4.0,1.0,2.0,0.00053047133681347,0.0004963949733421997,,0,2.0,135.0
2024-01-31,79.74018841974136,79.96651231527156,79.4719571919871,79.52225494384766,8741500,467.57855224609375,31.0,1.0,4.0,1.0,2.0,0.0004813670548617954,0.0005232548835933872,,0,2.0,136.0
2024-02-01,79.76840332636745,80.05500983996943,79.54080952159104,79.9285659790039,7185600,473.69830322265625,31.0,1.0,4.0,1.0,2.0,0.0004758506739327275,0.0005790475174563543,,0,2.0,137.0
2024-02-02,79.46492213079202,79.72624109759865,79.46492213079202,79.61665344238281,7061100,478.6851501464844,31.0,1.0,4.0,1.0,2.0,0.00046655689562448963,0.0006050342986172902,,0,2.0,138.0
2024-02-05,79.4227929637158,79.4312242690091,79.08561149520114,79.23734283447266,7441700,476.9421691894531,32.0,1.0,4.0,1.0,2.0,0.0004428478571950225,0.0005933833541628041,,1,2.0,139.0
2024-02-06,79.3047588664095,79.68408389592057,79.3047588664095,79.5576400756836,6262000,478.3267822265625,32.0,1.0,4.0,1.0,2.0,0.0004129486994241833,0.00053047133681347,,0,2.0,140.0
2024-02-07,79.74308147517813,79.79366285648747,79.50705646639835,79.67564392089844,5663900,482.3163146972656,31.0,1.0,4.0,1.0,2.0,0.00042239385579413404,0.0004813670548617954,,0,2.0,141.0
2024-02-08,79.67565753455087,79.77681388325432,79.59136379289811,79.69252014160156,5003100,482.529296875,31.0,1.0,4.0,1.0,2.0,0.0004621779354577402,0.0004758506739327275,,0,2.0,142.0
2024-02-09,79.75995613464785,79.92854361462905,79.6250810057028,79.86953735351562,8006100,485.3180847167969,30.0,1.0,4.0,1.0,2.0,0.0004935853445886059,0.00046655689562448963,,0,2.0,143.0
2024-02-12,79.71779317864785,79.9622494869933,79.65035562506309,79.68407440185547,4691500,485.1050109863281,30.0,1.0,4.0,1.0,2.0,0.0005028230535446755,0.0004428478571950225,,0,2.0,144.0
2024-02-13,79.05185018503565,79.23730021452944,78.90011892737692,79.04341888427734,7445000,478.4236755371094,32.0,1.0,4.0,1.0,2.0,0.0004669545913810814,0.0004129486994241833,,1,2.0,145.0
2024-02-14,79.19516718478295,79.46491098631435,79.19516718478295,79.3721923828125,6055300,482.7713928222656,32.0,1.0,4.0,1.0,2.0,0.0004313545718676376,0.00042239385579413404,,0,2.0,146.0
2024-02-15,79.47334947761692,79.69251834593588,79.39748704119889,79.59136199951172,5432600,486.1023864746094,31.0,1.0,4.0,1.0,2.0,0.00043447219838654497,0.0004621779354577402,,0,2.0,147.0
2024-02-16,79.40592956542969,79.45651096548616,79.26262953287299,79.40592956542969,4466200,483.6816101074219,31.0,1.0,4.0,1.0,2.0,0.00046487580778107365,0.0004935853445886059,,0,2.0,148.0
2024-02-20,79.37220687751437,79.59980063894415,79.27948182587983,79.5407943725586,4186600,481.01873779296875,31.0,1.0,4.0,1.0,2.0,0.00048453040616319444,0.0005028230535446755,,0,2.0,149.0
2024-02-21,79.54080389841323,79.5998101718654,79.27949132043952,79.41436004638672,3763900,481.4544372558594,30.0,1.0,4.0,1.0,2.0,0.0004416573521993092,0.0004669545913810814,,0,2.0,150.0
2024-02-22,79.65880397050935,79.8021039791375,79.59979770629774,79.78524780273438,6819200,491.41839599609375,31.0,1.0,4.0,1.0,2.0,0.0004237313906599029,0.0004313545718676376,,0,2.0,151.0
2024-02-23,79.86954266652423,79.94540510820218,79.77681761700636,79.827392578125,3469700,491.7572937011719,30.0,1.0,4.0,1.0,2.0,0.0004126090398536866,0.00043447219838654497,,0,2.0,152.0
2024-02-26,79.87796280249856,79.87796280249856,79.54921273878972,79.58293151855469,4442400,489.95623779296875,30.0,1.0,4.0,1.0,2.0,0.0004085742914120263,0.00046487580778107365,,0,2.0,153.0
2024-02-27,79.65880869205066,79.6672399963522,79.50707737062729,79.64195251464844,3916200,490.866455078125,30.0,1.0,4.0,1.0,2.0,0.00040468718758907853,0.00048453040616319444,,0,2.0,154.0
2024-02-28,79.57452734340802,79.73468356289058,79.54080855214805,79.65882110595703,2649100,490.2177429199219,29.0,1.0,4.0,1.0,2.0,0.00042327414398303227,0.0004416573521993092,,0,2.0,155.0
2024-02-29,79.76840412264727,79.93699808268491,79.67567905242706,79.75997924804688,4570900,491.98004150390625,29.0,1.0,4.0,1.0,2.0,0.00047136563446715287,0.0004237313906599029,,0,2.0,156.0
2024-03-01,79.74216241476306,80.1066692106062,79.64891603903399,80.03038024902344,7082900,496.5987548828125,29.0,1.0,1.0,1.0,1.0,0.0005188376567705333,0.0004126090398536866,,0,1.0,157.0
2024-03-04,80.02189705065575,80.1151434211513,79.88626361453198,80.06427764892578,9054600,496.0662841796875,28.0,1.0,1.0,1.0,1.0,0.0005440257328352666,0.0004085742914120263,,0,1.0,158.0
2024-03-05,80.03882499935771,80.24227509508714,79.95405735981531,79.97100830078125,5659100,491.1085510253906,28.0,1.0,1.0,1.0,1.0,0.0005515848354873935,0.00040468718758907853,,0,1.0,159.0
2024-03-06,80.14904424105003,80.2677202528161,80.03036822928395,80.15751647949219,5176100,493.59710693359375,28.0,1.0,1.0,1.0,1.0,0.0005540356884236306,0.00042327414398303227,,0,1.0,160.0
2024-03-07,80.33553421019977,80.36097032877464,80.17447759670621,80.24229431152344,4144100,498.49676513671875,27.0,1.0,1.0,1.0,1.0,0.0005632139352287433,0.00047136563446715287,,0,1.0,161.0
2024-03-08,80.35251767474952,80.6068207367283,80.25927127848264,80.2762222290039,6891800,495.5046691894531,27.0,1.0,1.0,1.0,1.0,0.0005726984106130688,0.0005188376567705333,,0,1.0,162.0
2024-03-11,80.25927127848264,80.30165835582577,80.16602488221577,80.2762222290039,3554300,495.07861328125,27.0,1.0,1.0,1.0,1.0,0.0005768442902023629,0.0005440257328352666,,0,1.0,163.0
2024-03-12,80.3779033640563,80.3779033640563,80.1066430325873,80.31856536865234,4302700,500.40435791015625,26.0,1.0,1.0,1.0,1.0,0.000581814284413882,0.0005515848354873935,,0,1.0,164.0
2024-03-13,80.31011296558394,80.58137338588962,80.24230271102644,80.3779296875,4224900,499.6199951171875,26.0,1.0,1.0,1.0,1.0,0.0006042063988904817,0.0005540356884236306,,0,1.0,165.0
2024-03-14,80.38639360617752,80.38639360617752,79.88625345825379,79.97949981689453,7989600,498.63226318359375,26.0,1.0,1.0,1.0,1.0,0.0006212433734631824,0.0005632139352287433,,0,1.0,166.0
2024-03-15,79.9286609433185,80.12362594858297,79.8523655088627,79.98799896240234,5499800,495.2084045410156,26.0,1.0,1.0,1.0,1.0,0.0006106801315743209,0.0005726984106130688,,0,1.0,167.0
2024-03-18,80.17446713619492,80.2253264319932,80.07274207724134,80.132080078125,2633500,498.1514587402344,26.0,1.0,1.0,1.0,1.0,0.0006141651746298409,0.0005768442902023629,,0,1.0,168.0
2024-03-19,80.10665416130708,80.48811183227512,80.10665416130708,80.47116088867188,3844400,500.91986083984375,26.0,1.0,1.0,1.0,1.0,0.0006671528466954552,0.000581814284413882,,0,1.0,169.0
2024-03-20,80.45421268864537,80.77633236695064,80.36096632725429,80.74242401123047,7672900,505.5530090332031,26.0,1.0,1.0,1.0,1.0,0.0007488292504876674,0.0006042063988904817,,0,1.0,170.0
2024-03-21,80.8526466906756,80.90351247389778,80.5898649355728,80.73397064208984,6484500,507.2236633300781,26.0,1.0,1.0,1.0,1.0,0.000791819000406093,0.0006212433734631824,,0,1.0,171.0
2024-03-22,80.8102415038819,80.895009160323,80.5898404232489,80.62374877929688,3440500,506.2620849609375,25.0,1.0,1.0,1.0,1.0,0.0007917569099967709,0.0006106801315743209,,0,1.0,172.0
2024-03-25,80.57289095200362,80.58136319065228,80.42877881932557,80.54745483398438,4082400,504.8634033203125,25.0,1.0,1.0,1.0,1.0,0.0007868740938279673,0.0006141651746298409,,1,1.0,173.0
2024-03-26,80.58135966319026,80.60678931273857,80.36943729381106,80.39486694335938,2885300,503.930908203125,25.0,1.0,1.0,1.0,1.0,0.0008199538645265214,0.0006671528466954552,,0,1.0,174.0
2024-03-27,80.54745512087887,80.82719421386719,80.4881171133381,80.82719421386719,2982700,508.1658935546875,25.0,1.0,1.0,1.0,1.0,0.0008898675198514644,0.0007488292504876674,,0,1.0,175.0
2024-03-28,80.73393581755555,80.82718216798825,80.6067811153876,80.70002746582031,4443900,508.0686340332031,25.0,1.0,1.0,1.0,1.0,0.0009291365433765743,0.000791819000406093,,0,1.0,176.0
2024-04-01,80.6991788065074,80.6991788065074,80.2645315098318,80.29862213134766,4982400,507.1847839355469,26.0,1.0,1.0,1.0,1.0,0.0008954581575950517,0.0007917569099967709,,0,1.0,177.0
2024-04-02,80.06001745629442,80.1708071316982,80.00036047690422,80.1452407836914,4547800,503.96002197265625,25.0,1.0,1.0,1.0,1.0,0.0008068173053669371,0.0007868740938279673,,1,1.0,178.0
2024-04-03,80.05149492575218,80.23899015140486,79.94922302936256,80.18785095214844,4728300,504.513671875,25.0,1.0,1.0,1.0,1.0,0.0007401791178183122,0.0008199538645265214,,0,1.0,179.0
2024-04-04,80.34976011397592,80.46055626674298,80.00886037844631,80.07704162597656,4142300,498.3554992675781,25.0,1.0,1.0,1.0,1.0,0.0007195799378028649,0.0008898675198514644,,0,1.0,180.0
2024-04-05,80.10262910910454,80.16228609090788,80.0259300619817,80.03445434570312,4187600,503.561767578125,24.0,1.0,1.0,1.0,1.0,0.000723692497872989,0.0009291365433765743,,0,1.0,181.0
2024-04-08,80.06000998394082,80.30716216181044,80.02591935573923,80.24750518798828,5265500,503.8434143066406,24.0,1.0,1.0,1.0,1.0,0.0007461855827167189,0.0008954581575950517,,0,1.0,182.0
2024-04-09,80.41796062591801,80.520232521713,80.30717094873252,80.4690933227539,6703600,504.4263000488281,24.0,1.0,1.0,1.0,1.0,0.0007980076089828969,0.0008068173053669371,,0,1.0,183.0
2024-04-10,79.90661907645134,80.04297511045944,79.57424352228479,79.71912384033203,7596000,499.3753967285156,27.0,1.0,4.0,1.0,2.0,0.0007715164773568583,0.0007401791178183122,,1,2.0,184.0
2024-04-11,79.76171659354966,79.82138006798394,79.4378653870166,79.64240264892578,7295800,503.14410400390625,27.0,1.0,4.0,1.0,2.0,0.0007365462599000041,0.0007195799378028649,,0,2.0,185.0
2024-04-12,79.57422364610886,79.66797124075208,79.48899383125358,79.63388061523438,6803700,496.1991271972656,26.0,1.0,4.0,1.0,2.0,0.0006911837322960248,0.000723692497872989,,0,2.0,186.0
2024-04-15,79.66797675637814,79.68501881925587,79.0714005216985,79.15662384033203,4675800,489.9827880859375,27.0,1.0,4.0,1.0,2.0,0.0006626764754082575,0.0007461855827167189,,0,2.0,187.0
2024-04-16,79.10548707377676,79.12252913577642,78.80720222286685,78.89242553710938,7126000,489.0890808105469,27.0,1.0,4.0,1.0,2.0,0.0005986798487255742,0.0007980076089828969,,0,2.0,188.0
2024-04-17,79.10549486941642,79.26742373392035,78.94356600491248,78.99470520019531,7747200,486.194580078125,27.0,1.0,4.0,1.0,2.0,0.0005155974787838637,0.0007715164773568583,,0,2.0,189.0
2024-04-18,78.99471183897207,79.15663421496136,78.88391565831682,79.09697723388672,4907000,485.1941223144531,26.0,1.0,4.0,1.0,2.0,0.0005038366640506847,0.0007365462599000041,,0,2.0,190.0
2024-04-19,79.19923127700277,79.36116011861164,79.14809859107231,79.2588882446289,7423300,480.9591369628906,26.0,1.0,4.0,1.0,2.0,0.0005189065530656274,0.0006911837322960248,,0,2.0,191.0
2024-04-22,79.37820929486473,79.70206050498872,79.37820929486473,79.66797637939453,4778500,485.388427734375,27.0,1.0,4.0,1.0,2.0,0.0005603389248114572,0.0006626764754082575,,0,2.0,192.0
2024-04-23,79.75320550795708,80.06001467763622,79.65945790043718,79.97478485107422,3304700,491.1483154296875,27.0,1.0,4.0,1.0,2.0,0.0005999466408835447,0.0005986798487255742,,0,2.0,193.0
2024-04-24,79.97477305178303,80.0003458972524,79.64239758402235,79.83841705322266,4677700,490.91522216796875,27.0,1.0,4.0,1.0,2.0,0.0006240560195353191,0.0005155974787838637,,0,2.0,194.0
2024-04-25,79.37822387092814,79.64241815659217,79.15663800114216,79.61685180664062,4208800,489.05023193359375,26.0,1.0,4.0,1.0,2.0,0.0005931177196778452,0.0005038366640506847,,0,2.0,195.0
2024-04-26,79.64242328605222,79.91514187330603,79.61685693445405,79.88105773925781,5454900,493.6834411621094,26.0,1.0,4.0,1.0,2.0,0.0005431624258693542,0.0005189065530656274,,0,2.0,196.0
2024-04-29,79.91511991657491,80.12818145751953,79.91511991657491,80.12818145751953,5915000,495.4317932128906,26.0,1.0,4.0,1.0,2.0,0.0004952108650098449,0.0005603389248114572,,0,2.0,197.0
2024-04-30,79.87250309385757,80.04294970780519,79.58273604760076,79.62535095214844,9199700,487.5835876464844,27.0,1.0,4.0,1.0,2.0,0.00044828774732662513,0.0005999466408835447,,0,2.0,198.0
2024-05-01,79.59021972613075,80.31883110398694,79.59021972613075,79.97595977783203,12350300,486.0003662109375,28.0,1.0,1.0,1.0,1.0,0.0004118935221209027,0.0006240560195353191,,0,1.0,199.0
2024-05-02,80.14739321692815,80.46455637865706,79.99309850849939,80.43883514404297,6454500,490.5461120605469,28.0,1.0,1.0,1.0,1.0,0.0004085940398334339,0.0005931177196778452,,0,1.0,200.0
2024-05-03,80.85886238122276,81.14173709896731,80.6531317465807,80.80742645263672,5511000,496.6265563964844,29.0,1.0,1.0,1.0,1.0,0.0004690687902026075,0.0005431624258693542,,0,1.0,201.0
2024-05-06,80.85886189069083,80.98744190159934,80.85886189069083,80.89315032958984,5666700,501.75518798828125,28.0,1.0,1.0,1.0,1.0,0.0005219030539669285,0.0004952108650098449,,0,1.0,202.0
2024-05-07,81.00457327273132,81.03886170757589,80.77313451234335,80.92742919921875,7029300,502.3087158203125,28.0,1.0,1.0,1.0,1.0,0.0005654571510115037,0.00044828774732662513,,0,1.0,203.0
2024-05-08,80.77315182451873,80.81600747237204,80.68742744910884,80.7560043334961,3619200,502.3573303222656,28.0,1.0,1.0,1.0,1.0,0.0005452392210452869,0.0004118935221209027,,0,1.0,204.0
2024-05-09,80.73028600201734,80.7817153930664,80.59313223941803,80.7817153930664,4237900,505.2518615722656,27.0,1.0,1.0,1.0,1.0,0.0005251397417207877,0.0004085940398334339,,0,1.0,205.0
2024-05-10,80.7474190876187,80.78170752492883,80.50740656629846,80.59312438964844,4200400,505.9027099609375,27.0,1.0,1.0,1.0,1.0,0.00048373518319079993,0.0004690687902026075,,0,1.0,206.0
2024-05-13,80.74742842903414,80.77314966488039,80.54170432122446,80.6017074584961,2690000,505.9705810546875,27.0,1.0,1.0,1.0,1.0,0.00048087625649523226,0.0005219030539669285,,0,1.0,207.0
2024-05-14,80.6188514255945,80.72171020507812,80.5931301908724,80.72171020507812,2637600,508.2921142578125,26.0,1.0,1.0,1.0,1.0,0.0004920592951662638,0.0005654571510115037,,0,1.0,208.0
2024-05-15,80.95314450725357,81.16744232177734,80.90170858466966,81.16744232177734,5704700,514.5861206054688,27.0,1.0,1.0,1.0,1.0,0.000531542051179756,0.0005452392210452869,,0,1.0,209.0
2024-05-16,81.13315763935033,81.17601328032713,80.95314825160636,81.00457763671875,3437700,513.5275268554688,27.0,1.0,1.0,1.0,1.0,0.0005517032246435591,0.0005251397417207877,,0,1.0,210.0
2024-05-17,80.92744711103902,81.02173215291702,80.86743743189129,80.99601745605469,3223400,514.2657470703125,26.0,1.0,1.0,1.0,1.0,0.0005656777044708014,0.00048373518319079993,,0,1.0,211.0
2024-05-20,80.97887794789489,81.04745483398438,80.90172731608126,81.04745483398438,2926200,514.8582763671875,26.0,1.0,1.0,1.0,1.0,0.0005558280985240976,0.00048087625649523226,,0,1.0,212.0
2024-05-21,81.01315138085435,81.12458389521473,80.98743668829816,81.00457763671875,2126500,516.1209106445312,25.0,1.0,1.0,1.0,1.0,0.0005457278846440892,0.0004920592951662638,,0,1.0,213.0
2024-05-22,80.83314514160156,80.92743671121406,80.74742077660777,80.83314514160156,3049400,514.6348266601562,25.0,1.0,1.0,1.0,1.0,0.0005250713985060282,0.000531542051179756,,1,1.0,214.0
2024-05-23,80.91028546258417,80.92743295072647,80.49883730507665,80.53311920166016,3400200,510.87591552734375,25.0,1.0,4.0,1.0,2.0,0.0004983804411027329,0.0005517032246435591,,0,2.0,215.0
2024-05-24,80.6445586196006,80.83314175091513,80.55026705394333,80.81599426269531,2073200,514.256103515625,25.0,1.0,4.0,1.0,2.0,0.00048075768012652346,0.0005656777044708014,,0,2.0,216.0
2024-05-28,80.8760177051662,80.8760177051662,80.4902841413942,80.51599884033203,3250100,514.6154174804688,26.0,1.0,4.0,1.0,2.0,0.00046084144758396975,0.0005558280985240976,,0,2.0,217.0
2024-05-29,80.27598172629294,80.37027331030346,80.19883109398803,80.2502670288086,4331700,511.01177978515625,26.0,1.0,4.0,1.0,2.0,0.0004425906479801514,0.0005457278846440892,,1,2.0,218.0
2024-05-30,80.3959719957745,80.58455512623651,80.33596886697755,80.53311920166016,4046400,507.6219177246094,26.0,1.0,4.0,1.0,2.0,0.00044411513740508414,0.0005250713985060282,,0,2.0,219.0
2024-05-31,80.64457588775252,80.87601470947266,80.61886118976717,80.87601470947266,4956400,512.2454833984375,26.0,1.0,4.0,1.0,2.0,0.000462574673187479,0.0004983804411027329,,0,2.0,220.0
2024-06-03,81.17855571913174,81.17855571913174,80.89408006286563,81.1009750366211,5434800,512.6630859375,26.0,1.0,4.0,1.0,2.0,0.000506232820899515,0.00048075768012652346,,0,2.0,221.0
2024-06-04,81.01479259342425,81.19582080863664,80.99754805281437,81.06651306152344,3640000,513.2362060546875,25.0,1.0,4.0,1.0,2.0,0.0005268752747222151,0.00046084144758396975,,0,2.0,222.0
2024-06-05,81.24752202355967,81.35096951210939,81.0664938512454,81.33372497558594,2707700,519.3359985351562,26.0,1.0,1.0,1.0,1.0,0.0005261626996415149,0.0004425906479801514,,0,1.0,223.0
2024-06-06,81.28203111600672,81.29926908130693,81.14410108614172,81.21306610107422,1741300,519.3262329101562,25.0,1.0,1.0,1.0,1.0,0.00047555376637815417,0.00044411513740508414,,0,1.0,224.0
2024-06-07,81.03203769000487,81.05789792633081,80.85100945885748,80.97169494628906,2627100,518.6950073242188,25.0,1.0,1.0,1.0,1.0,0.00041041900838522245,0.000462574673187479,,1,1.0,225.0
2024-06-10,80.9027249152117,81.0751374414707,80.8423821752374,81.04927062988281,2482100,520.2976684570312,25.0,1.0,1.0,1.0,1.0,0.00035353894385704,0.000506232820899515,,0,1.0,226.0
2024-06-11,80.73032834485657,81.18721008300781,80.73032834485657,81.18721008300781,2745100,521.5505981445312,25.0,1.0,1.0,1.0,1.0,0.0003318678835163777,0.0005268752747222151,,0,1.0,227.0
2024-06-12,81.5665202131169,81.7561641699057,81.46307267379557,81.47169494628906,4927000,525.8341064453125,25.0,1.0,1.0,1.0,1.0,0.0003593057429063895,0.0005261626996415149,,0,1.0,228.0
2024-06-13,81.66992741729118,81.66992741729118,81.37683604233042,81.48889923095703,4640300,526.8929443359375,24.0,1.0,1.0,1.0,1.0,0.00038083179511755344,0.00047555376637815417,,0,1.0,229.0
2024-06-14,81.20445227110487,81.32513777134896,81.08376677086078,81.1613540649414,3429200,527.2134399414062,25.0,1.0,1.0,1.0,1.0,0.000348645900395964,0.00041041900838522245,,1,1.0,230.0
2024-06-17,81.0234179477589,81.33375394708769,80.97169747349278,81.24755096435547,1905000,531.4095458984375,24.0,1.0,1.0,1.0,1.0,0.00028776061326325574,0.00035353894385704,,0,1.0,231.0
2024-06-18,81.2302851088115,81.54923669309791,81.2302851088115,81.52337646484375,3148600,532.7597045898438,24.0,1.0,1.0,1.0,1.0,0.00024189982087861515,0.0003318678835163777,,0,1.0,232.0
2024-06-20,81.46304742742343,81.47166969724479,81.28201922236406,81.43718719482422,4863400,531.3124389648438,24.0,1.0,1.0,1.0,1.0,0.00023227175950582925,0.0003593057429063895,,0,1.0,233.0
2024-06-21,81.45441147159013,81.56648122984319,81.36820851845498,81.52337646484375,3041400,530.60009765625,24.0,1.0,1.0,1.0,1.0,0.00024560552818970685,0.00038083179511755344,,0,1.0,234.0
2024-06-24,81.51477366956593,81.66994165302283,81.47167547113447,81.4975357055664,4145700,528.8753662109375,23.0,1.0,1.0,1.0,1.0,0.0002603980082986072,0.000348645900395964,,0,1.0,235.0
2024-06-25,81.49755355705442,81.57513427734375,81.41996625989835,81.57513427734375,2807200,530.9119873046875,23.0,1.0,1.0,1.0,1.0,0.00031508263954732504,0.00028776061326325574,,0,1.0,236.0
2024-06-26,81.38546306073938,81.41132329217282,81.29063782757378,81.3595962524414,4143100,531.5745239257812,23.0,1.0,1.0,1.0,1.0,0.00034147948453231027,0.00024189982087861515,,1,1.0,237.0
2024-06-27,81.35962513447421,81.47169494628906,81.3251426213671,81.47169494628906,2321700,532.41259765625,23.0,1.0,1.0,1.0,1.0,0.00037124702811435444,0.00023227175950582925,,0,1.0,238.0
2024-06-28,81.52340128159658,81.67856927522044,81.26478576660156,81.26478576660156,3428800,530.3175048828125,23.0,1.0,1.0,1.0,1.0,0.0003454469574777714,0.00024560552818970685,,0,1.0,239.0
2024-07-01,81.4156335310872,81.45030586204788,81.19022369384766,81.19022369384766,3874300,531.4088745117188,22.0,1.0,1.0,1.0,1.0,0.00031479107373630556,0.0002603980082986072,,0,1.0,240.0
2024-07-02,81.19888581363976,81.47631072998047,81.19888581363976,81.47631072998047,2668400,534.9851684570312,23.0,1.0,1.0,1.0,1.0,0.00028106043336635097,0.00031508263954732504,,0,1.0,241.0
2024-07-03,81.35495689552401,81.79710526965924,81.35495689552401,81.66706085205078,1475500,537.37255859375,22.0,1.0,1.0,1.0,1.0,0.0002921605559994212,0.00034147948453231027,,0,1.0,242.0
2024-07-05,81.65838883632595,82.01383649099192,81.65838883632595,82.00516510009766,2237000,540.4713745117188,23.0,1.0,1.0,1.0,1.0,0.00032830684896802354,0.00037124702811435444,,0,1.0,243.0
2024-07-08,81.96181499740983,82.0225015002816,81.84911338188589,81.91846466064453,2792600,541.0950927734375,23.0,1.0,1.0,1.0,1.0,0.0003481983359023778,0.0003454469574777714,,0,1.0,244.0
2024-07-09,81.91843965732288,81.94444720571089,81.79706668862505,81.86642456054688,2743500,541.6212158203125,22.0,1.0,1.0,1.0,1.0,0.0003912477624902332,0.00031479107373630556,,0,1.0,245.0
2024-07-10,81.92711839681593,82.05716276475651,81.88376806939198,82.0224838256836,2095600,546.9806518554688,22.0,1.0,1.0,1.0,1.0,0.000433172116781307,0.00028106043336635097,,0,1.0,246.0
2024-07-11,82.30861885227313,82.37797014872902,82.2479323339152,82.3172836303711,2858300,542.2642822265625,22.0,1.0,1.0,1.0,1.0,0.0005082795173213377,0.0002921605559994212,,0,1.0,247.0
2024-07-12,82.35194896434552,82.58603022096105,82.32594140568453,82.56868743896484,2333100,545.6845703125,22.0,1.0,1.0,1.0,1.0,0.0005763275457918866,0.00032830684896802354,,0,1.0,248.0
2024-07-15,82.53400848930575,82.60336638862394,82.4559858133228,82.56868743896484,3067700,547.1853637695312,22.0,1.0,1.0,1.0,1.0,0.0006153266319222562,0.0003481983359023778,,0,1.0,249.0
2024-07-16,82.62070734740138,82.92413988230582,82.58602839850757,82.89813232421875,3884000,550.4302368164062,22.0,1.0,1.0,1.0,1.0,0.0006387489864510977,0.0003912477624902332,,0,1.0,250.0
2024-07-17,82.57736264593883,82.82010869043665,82.56869125454001,82.80277252197266,2542200,542.7124633789062,22.0,1.0,1.0,1.0,1.0,0.0006215111733605094,0.000433172116781307,,0,1.0,251.0
2024-07-18,82.76808962476221,82.84611230063096,82.53400836848934,82.6120376586914,3201300,538.5419311523438,22.0,1.0,1.0,1.0,1.0,0.0005847148537904576,0.0005082795173213377,,0,1.0,252.0
2024-07-19,82.9674690485401,82.9674690485401,82.42129058155551,82.54266357421875,2366100,534.9656982421875,22.0,1.0,1.0,1.0,1.0,0.0005227227853873717,0.0005763275457918866,,0,1.0,253.0
2024-07-22,82.70741572236268,82.83746014963127,82.67273676746878,82.82878875732422,2443200,540.4810791015625,22.0,1.0,1.0,1.0,1.0,0.000492380974439083,0.0006153266319222562,,0,1.0,254.0
2024-07-23,82.8201063846207,82.99350113610136,82.77676265750061,82.86345672607422,2395300,539.6332397460938,22.0,1.0,1.0,1.0,1.0,0.0005149350199147993,0.0006387489864510977,,0,1.0,255.0
2024-07-24,82.75941835492318,82.87211998056523,82.55135127130197,82.56868743896484,3663100,527.4038696289062,22.0,1.0,1.0,1.0,1.0,0.0005321420072999032,0.0006215111733605094,,0,1.0,256.0
2024-07-25,82.62069818740558,82.88945174362003,82.57734785251118,82.60335540771484,2813900,524.6558227539062,21.0,1.0,1.0,1.0,1.0,0.0005209637243579862,0.0005847148537904576,,0,1.0,257.0
2024-07-26,82.91548283739183,82.92415422969889,82.76810223984344,82.82878875732422,2366000,530.5318603515625,21.0,1.0,1.0,1.0,1.0,0.0005121078913533861,0.0005227227853873717,,0,1.0,258.0
2024-07-29,82.95014998934761,82.96748615716065,82.67272500400531,82.75074768066406,3218600,530.8436889648438,21.0,1.0,1.0,1.0,1.0,0.0005287489883537415,0.000492380974439083,,0,1.0,259.0
2024-07-30,82.83745482916125,82.84611960657746,82.63805250491201,82.76809692382812,3269900,528.1542358398438,21.0,1.0,1.0,1.0,1.0,0.0005576679134344185,0.0005149350199147993,,0,1.0,260.0
2024-07-31,83.03682156623786,83.13218699921295,82.88076964085425,83.08883666992188,2624200,536.7392578125,21.0,1.0,1.0,1.0,1.0,0.0005840556530830949,0.0005321420072999032,,0,1.0,261.0
2024-08-01,83.13682048812906,83.22399208247391,82.8665798996638,82.89273071289062,6243300,529.138427734375,21.0,1.0,1.0,1.0,1.0,0.0005748717891042981,0.0005209637243579862,,0,1.0,262.0
2024-08-02,82.70967039814762,82.87530108700169,82.5266080503036,82.63121795654297,5903700,519.2867431640625,21.0,1.0,1.0,1.0,1.0,0.0005403319286881844,0.0005121078913533861,,0,1.0,263.0
2024-08-05,81.68101748991324,82.2825127227863,81.56769509636035,82.10816955566406,6754700,504.1631774902344,23.0,1.0,4.0,1.0,2.0,0.0004420981835579157,0.0005287489883537415,,1,2.0,264.0
2024-08-06,82.45683775492395,82.74450990309597,82.0471307372183,82.4306869506836,5942700,508.8113708496094,23.0,1.0,4.0,1.0,2.0,0.0004188557555059802,0.0005576679134344185,,0,2.0,265.0
2024-08-07,82.97989404622635,82.97989404622635,82.51787869353471,82.55274200439453,4326700,505.4104309082031,23.0,1.0,4.0,1.0,2.0,0.0004132881084377437,0.0005840556530830949,,0,2.0,266.0
2024-08-08,82.80553474295016,82.93629542135837,82.69221236873737,82.87527465820312,2213900,517.0942993164062,23.0,1.0,4.0,1.0,2.0,0.0004772332917214834,0.0005748717891042981,,0,2.0,267.0
2024-08-09,82.94502833363364,83.00604910691195,82.73581520393168,82.85785675048828,8261000,519.3743896484375,23.0,1.0,4.0,1.0,2.0,0.0004947890810131063,0.0005403319286881844,,0,2.0,268.0
2024-08-12,82.94503109024768,82.9624627471499,82.77940042123106,82.8840103149414,2907800,519.6472778320312,22.0,1.0,4.0,1.0,2.0,0.0005314103835575623,0.0004420981835579157,,0,2.0,269.0
2024-08-13,83.0147709943475,83.31987487078686,82.98861353285353,83.2937240600586,3076100,528.1931762695312,23.0,1.0,4.0,1.0,2.0,0.0005740590364715297,0.0004188557555059802,,0,2.0,270.0
2024-08-14,83.24142103385658,83.51166161353308,83.23270853024188,83.48550415039062,4581100,529.8595581054688,23.0,1.0,1.0,1.0,1.0,0.0006046821556566234,0.0004132881084377437,,0,1.0,271.0
2024-08-15,83.57266873791716,83.59881954602078,83.42446974072158,83.56394958496094,2902800,538.9414672851562,23.0,1.0,1.0,1.0,1.0,0.0006195764355032989,0.0004772332917214834,,0,1.0,272.0
2024-08-16,83.52036858354226,83.86906157724529,83.52036858354226,83.84291076660156,2343300,540.1497802734375,23.0,1.0,1.0,1.0,1.0,0.0006222606140924935,0.0004947890810131063,,0,1.0,273.0
2024-08-19,83.7731627166368,83.99981413818676,83.72958025337742,83.97366333007812,1739400,545.3143310546875,22.0,1.0,1.0,1.0,1.0,0.0006562594534075271,0.0005314103835575623,,0,1.0,274.0
2024-08-20,84.0521168942534,84.0521168942534,83.75573219731606,83.92135620117188,2452200,544.427734375,22.0,1.0,1.0,1.0,1.0,0.0006908648851908617,0.0005740590364715297,,0,1.0,275.0
2024-08-21,83.98237771514219,84.13928921807701,83.92135694459894,84.06083679199219,2269400,546.298583984375,22.0,1.0,1.0,1.0,1.0,0.0007096274965493276,0.0006046821556566234,,0,1.0,276.0
2024-08-22,84.11315331808896,84.11315331808896,83.88650850205084,83.9911117553711,2865400,542.0109252929688,22.0,1.0,1.0,1.0,1.0,0.0006815918696368662,0.0006195764355032989,,0,1.0,277.0
2024-08-23,84.14801199454006,84.43568420410156,84.11314203119028,84.43568420410156,3216100,547.7699584960938,22.0,1.0,1.0,1.0,1.0,0.0006784154380195731,0.0006222606140924935,,0,1.0,278.0
2024-08-26,84.52285478107932,84.52285478107932,84.28749084472656,84.28749084472656,2693900,546.4641723632812,22.0,1.0,1.0,1.0,1.0,0.0006671476345100503,0.0006562594534075271,,0,1.0,279.0
2024-08-27,84.21775491336297,84.41824889629055,84.15673413802426,84.3223648071289,2205000,547.214599609375,22.0,1.0,1.0,1.0,1.0,0.0006651172415910017,0.0006908648851908617,,0,1.0,280.0
2024-08-28,84.33979672954963,84.38338584811409,84.22647433235406,84.3310775756836,2742700,544.0377807617188,22.0,1.0,1.0,1.0,1.0,0.0006414696616872844,0.0007096274965493276,,0,1.0,281.0
2024-08-29,84.36595402491196,84.43569395966914,84.29621409015478,84.38339233398438,3434900,544.0865478515625,21.0,1.0,1.0,1.0,1.0,0.000645030733018073,0.0006815918696368662,,0,1.0,282.0
2024-08-30,84.48798945783497,84.48798945783497,84.31364628435253,84.40081787109375,2420700,549.2803955078125,21.0,1.0,1.0,1.0,1.0,0.0006692159785174107,0.0006784154380195731,,0,1.0,283.0
2024-09-03,84.28423953512531,84.38064837873081,84.05634767265518,84.0826416015625,3764800,537.9767456054688,21.0,1.0,1.0,1.0,1.0,0.0006554305817736001,0.0006671476345100503,,0,1.0,284.0
2024-09-04,84.08261705250354,84.5121000359791,84.08261705250354,84.44197845458984,3089700,536.8755493164062,22.0,1.0,1.0,1.0,1.0,0.0006362172148227167,0.0006651172415910017,,0,1.0,285.0
2024-09-05,84.50336714023872,84.740019194891,84.49460026794368,84.68743133544922,5246000,535.5697021484375,22.0,1.0,1.0,1.0,1.0,0.0006569903845277019,0.0006414696616872844,,0,1.0,286.0
2024-09-06,84.72248877317212,84.83643135982614,84.4069482547229,84.57347869873047,4007300,526.5560302734375,22.0,1.0,1.0,1.0,1.0,0.0007048031347347345,0.000645030733018073,,0,1.0,287.0
2024-09-09,84.67867892734377,84.80138841177776,84.59103025091454,84.75756072998047,2301900,532.4515991210938,21.0,1.0,1.0,1.0,1.0,0.0007499457710682856,0.0006692159785174107,,0,1.0,288.0
2024-09-10,84.86272528850292,84.86272528850292,84.49459691270015,84.57347869873047,2480100,534.770751953125,21.0,1.0,1.0,1.0,1.0,0.000726563642710479,0.0006554305817736001,,0,1.0,289.0
2024-09-11,84.5208835563815,84.74000852601984,84.36311331075537,84.71371459960938,5823400,540.2569580078125,21.0,1.0,1.0,1.0,1.0,0.0007124727292595214,0.0006362172148227167,,0,1.0,290.0
2024-09-12,84.65237224840398,84.89779118032324,84.62607831815039,84.81014251708984,3656100,544.8077392578125,21.0,1.0,1.0,1.0,1.0,0.0006818633197949296,0.0006569903845277019,,0,1.0,291.0
2024-09-13,84.91530573446236,85.11690364866213,84.91530573446236,85.06431579589844,1794600,547.653076171875,21.0,1.0,1.0,1.0,1.0,0.000707331135592615,0.0007048031347347345,,0,1.0,292.0
2024-09-16,85.09061301400607,85.32726504776093,85.04678534356528,85.23961639404297,2507200,548.4619140625,21.0,1.0,1.0,1.0,1.0,0.0007605976949023982,0.0007499457710682856,,0,1.0,293.0
2024-09-17,85.3272818751702,85.37987642750406,85.21333927158257,85.29222106933594,2793300,548.6859130859375,21.0,1.0,1.0,1.0,1.0,0.0008503538917686619,0.000726563642710479,,0,1.0,294.0
2024-09-18,85.29221818703256,85.739235087357,85.21333639194486,85.38863372802734,5362600,547.0586547851562,20.0,1.0,1.0,1.0,1.0,0.0009004111299334189,0.0007124727292595214,,0,1.0,295.0
2024-09-19,85.80059239395402,85.80935926717018,85.54640656800471,85.57270050048828,3615800,556.393798828125,20.0,1.0,1.0,1.0,1.0,0.0009384974035426498,0.0006818633197949296,,0,1.0,296.0
2024-09-20,85.65159372833621,85.68665453597754,85.43246869595187,85.66912078857422,4114600,555.4320068359375,20.0,1.0,1.0,1.0,1.0,0.0009558495692337307,0.000707331135592615,,0,1.0,297.0
2024-09-23,85.5639394612756,85.66035500419724,85.51134490966797,85.51134490966797,5527400,556.820068359375,20.0,1.0,1.0,1.0,1.0,0.0009759507037366289,0.0007605976949023982,,0,1.0,298.0
2024-09-24,85.55516815185547,85.59899582806175,85.41492493772697,85.55516815185547,2437400,558.4132690429688,20.0,1.0,1.0,1.0,1.0,0.0009819091878038963,0.0008503538917686619,,0,1.0,299.0
2024-09-25,85.47625965906057,85.52885419562675,85.44120555090038,85.45873260498047,2368300,557.1817016601562,19.0,1.0,1.0,1.0,1.0,0.0009731368539692161,0.0009004111299334189,,0,1.0,300.0
2024-09-26,85.60777807468777,85.60777807468777,85.42371382408416,85.49383544921875,5016400,559.3907470703125,19.0,1.0,1.0,1.0,1.0,0.0009662824809001259,0.0009384974035426498,,0,1.0,301.0
2024-09-27,85.61652848653284,85.74800483658721,85.59023455395496,85.71294403076172,3013800,558.5794677734375,19.0,1.0,1.0,1.0,1.0,0.0009640643297656562,0.0009558495692337307,,0,1.0,302.0
2024-09-30,85.7392379633396,85.7742987691651,85.58146768070735,85.71294403076172,3398900,560.8178100585938,19.0,1.0,1.0,1.0,1.0,0.0009439129579415687,0.0009759507037366289,,0,1.0,303.0
2024-10-01,85.7111773445171,85.80811628770817,85.58780173017695,85.6759262084961,4639200,555.793701171875,19.0,1.0,1.0,1.0,1.0,0.0009520391753624706,0.0009819091878038963,,0,1.0,304.0
2024-10-02,85.6406547047672,85.67590583240451,85.48202799213186,85.6670913696289,2503200,556.0283203125,18.0,1.0,1.0,1.0,1.0,0.000978066733511763,0.0009731368539692161,,0,1.0,305.0
2024-10-03,85.57899891175659,85.63187226125027,85.42037213980791,85.5173110961914,2653200,555.0117797851562,18.0,1.0,1.0,1.0,1.0,0.0010068812833861802,0.0009662824809001259,,0,1.0,306.0
2024-10-04,85.50846765080945,85.50846765080945,85.3322187299172,85.4379653930664,2728400,560.0552978515625,18.0,1.0,1.0,1.0,1.0,0.0010298283351146556,0.0009640643297656562,,0,1.0,307.0
2024-10-07,85.30578313379681,85.31459087352611,85.01496635955915,85.0237808227539,2147600,554.9921264648438,19.0,1.0,4.0,1.0,2.0,0.0009700061602592433,0.0009439129579415687,,1,2.0,308.0
2024-10-08,85.13835491977997,85.20885718914685,85.05023044480458,85.20004272460938,3399100,560.2410888671875,19.0,1.0,4.0,1.0,2.0,0.0009453885137756234,0.0009520391753624706,,0,2.0,309.0
2024-10-09,85.13835225769826,85.21766226565632,85.06784999053582,85.1119155883789,5893100,564.1214599609375,19.0,1.0,4.0,1.0,2.0,0.0008886516125885036,0.000978066733511763,,0,2.0,310.0
2024-10-10,85.12954030779548,85.1383547723177,84.96210582267221,85.10310363769531,2306400,563.1343994140625,18.0,1.0,4.0,1.0,2.0,0.000898646441822869,0.0010068812833861802,,0,2.0,311.0
2024-10-11,85.1383322212886,85.31458112425013,85.12070329691363,85.29695892333984,3369400,566.5065307617188,18.0,1.0,4.0,1.0,2.0,0.0008878450227851019,0.0010298283351146556,,0,2.0,312.0
2024-10-14,85.38509701714793,85.38509701714793,85.12071689699987,85.34984588623047,1618200,571.1395874023438,18.0,1.0,4.0,1.0,2.0,0.0008798585100115026,0.0009700061602592433,,0,2.0,313.0
2024-10-15,85.41153368446959,85.4732214827087,85.32340921890881,85.34984588623047,1357900,566.7020874023438,18.0,1.0,4.0,1.0,2.0,0.000885046862208239,0.0009453885137756234,,0,2.0,314.0
2024-10-16,85.45559027489048,85.5701513957021,85.4027169458182,85.52609252929688,2918500,569.1651611328125,18.0,1.0,4.0,1.0,2.0,0.0009050210492535339,0.0008886516125885036,,0,2.0,315.0
2024-10-17,85.56134163461785,85.59659276375808,85.21765152983225,85.31459045410156,3056800,569.2139892578125,18.0,1.0,4.0,1.0,2.0,0.0008938606408376326,0.000898646441822869,,0,2.0,316.0
2024-10-18,85.47323873686472,85.56136322021484,85.40274318426488,85.56136322021484,2896300,571.403564453125,18.0,1.0,4.0,1.0,2.0,0.0008771165618276067,0.0008878450227851019,,0,2.0,317.0
2024-10-21,85.46443987664365,85.46443987664365,85.12074292596621,85.21768188476562,3355100,570.4651489257812,19.0,1.0,4.0,1.0,2.0,0.0008215146843324486,0.0008798585100115026,,0,2.0,318.0
2024-10-22,85.15598031323529,85.217668120374,84.97973135668659,85.06785583496094,2365900,570.1621704101562,18.0,1.0,4.0,1.0,2.0,0.0008003198941687615,0.000885046862208239,,0,2.0,319.0
2024-10-23,84.99735825853273,84.99735825853273,84.73298480910468,84.78585815429688,4278100,564.9524536132812,19.0,1.0,4.0,1.0,2.0,0.000701342297898399,0.0009050210492535339,,0,2.0,320.0
2024-10-24,84.93564120564864,85.10308237239869,84.87395341634043,85.05020904541016,4286100,566.1742553710938,19.0,1.0,4.0,1.0,2.0,0.0006329150470466854,0.0008938606408376326,,0,2.0,321.0
2024-10-25,85.16480392840623,85.24412067380183,84.90923820752535,84.91805267333984,5020600,565.9786376953125,19.0,1.0,4.0,1.0,2.0,0.0005467464435928536,0.0008771165618276067,,0,2.0,322.0
2024-10-28,85.11191395485655,85.2264750941971,85.06784835785919,85.16478729248047,4230400,567.7283935546875,19.0,1.0,4.0,1.0,2.0,0.0005354578338003813,0.0008215146843324486,,0,2.0,323.0
2024-10-29,85.0326040249027,85.21766744485186,84.90922841160327,85.19123077392578,3368400,568.6470947265625,19.0,1.0,4.0,1.0,2.0,0.0005305432583054892,0.0008003198941687615,,0,2.0,324.0
2024-10-30,85.21765194878023,85.34984200283965,84.98852969344036,85.0237808227539,4051400,566.9268798828125,19.0,1.0,4.0,1.0,2.0,0.0005316064065508155,0.000701342297898399,,0,2.0,325.0
2024-10-31,85.05904450981686,85.07667344020248,84.82992220253946,84.86517333984375,3915200,555.8132934570312,18.0,1.0,4.0,1.0,2.0,0.0005172177972443253,0.0006329150470466854,,0,2.0,326.0
2024-11-01,85.11416398527113,85.20277706444026,84.81287140320264,84.8394546508789,3066800,558.1591186523438,18.0,1.0,4.0,1.0,2.0,0.00048789312683201764,0.0005467464435928536,,0,2.0,327.0
2024-11-04,85.21165318234932,85.21165318234932,84.99897364754796,85.0521469116211,3260200,556.9569091796875,18.0,1.0,4.0,1.0,2.0,0.0004969592628536263,0.0005354578338003813,,0,2.0,328.0
2024-11-05,85.06101531729362,85.30027813703167,85.06101531729362,85.26483154296875,5746200,563.6915283203125,18.0,1.0,4.0,1.0,2.0,0.0005056641237900267,0.0005305432583054892,,0,2.0,329.0
2024-11-06,85.38886940324758,85.5040657339302,85.19391656613483,85.45976257324219,6357600,577.7080078125,18.0,1.0,4.0,1.0,2.0,0.0005495234558952133,0.0005316064065508155,,0,2.0,330.0
2024-11-07,85.44204162630497,85.85853057700342,85.40659503893221,85.83194732666016,5837100,582.175048828125,19.0,1.0,1.0,1.0,1.0,0.0005927583200984986,0.0005172177972443253,,0,1.0,331.0
2024-11-08,85.95602129942729,86.03577106372211,85.85854485812493,86.01805114746094,5349200,584.69677734375,19.0,1.0,1.0,1.0,1.0,0.0006438321495260354,0.00048789312683201764,,0,1.0,332.0
2024-11-11,86.09779728611406,86.10665386280304,85.91170100371642,85.96487426757812,1937600,585.2538452148438,19.0,1.0,1.0,1.0,1.0,0.0006638887782903623,0.0004969592628536263,,0,1.0,333.0
2024-11-12,85.87625384033966,85.87625384033966,85.48634815547025,85.54837799072266,4133000,583.4358520507812,20.0,1.0,1.0,1.0,1.0,0.0006304261130055622,0.0005056641237900267,,1,1.0,334.0
2024-11-13,85.70788902430665,85.76105552584494,85.55724609611796,85.61041259765625,2530300,583.7193603515625,19.0,1.0,1.0,1.0,1.0,0.0006214005176311748,0.0005495234558952133,,0,1.0,335.0
2024-11-14,85.6990363229134,85.72561957698169,85.42433368321288,85.43319702148438,3238800,579.9658203125,19.0,1.0,1.0,1.0,1.0,0.0005940124956283999,0.0005927583200984986,,0,1.0,336.0
2024-11-15,85.34457556826214,85.43319542783159,85.19393262418781,85.38888549804688,4064300,572.537353515625,19.0,1.0,1.0,1.0,1.0,0.0006142388025910598,0.0006438321495260354,,0,1.0,337.0
2024-11-18,85.38000436515448,85.5395106140909,85.33570120534944,85.53064727783203,2567900,574.88330078125,19.0,1.0,1.0,1.0,1.0,0.0006467070540097589,0.0006638887782903623,,0,1.0,338.0
2024-11-19,85.45089586885784,85.73446177691503,85.45089586885784,85.67243194580078,3117600,576.9847412109375,19.0,1.0,1.0,1.0,1.0,0.0006918620356639195,0.0006304261130055622,,0,1.0,339.0
2024-11-20,85.64586120549764,85.65472454287818,85.53952143916779,85.61927795410156,3447800,577.1802368164062,18.0,1.0,1.0,1.0,1.0,0.0007206759989241614,0.0006214005176311748,,0,1.0,340.0
2024-11-21,85.70787333321294,85.82306965237127,85.64584350585938,85.64584350585938,3638000,580.2786865234375,18.0,1.0,1.0,1.0,1.0,0.0007009199484878052,0.0005940124956283999,,0,1.0,341.0
2024-11-22,85.69014666211528,85.76103982501769,85.619260259957,85.64584350585938,2484200,582.0773315429688,18.0,1.0,1.0,1.0,1.0,0.0006827146420078193,0.0006142388025910598,,0,1.0,342.0
2024-11-25,85.91172143192419,86.05350782160883,85.91172143192419,85.9914779663086,3732400,584.0516357421875,18.0,1.0,1.0,1.0,1.0,0.0006834038623086719,0.0006467070540097589,,0,1.0,343.0
2024-11-26,85.96487033912173,85.96487033912173,85.75219081488513,85.83194732666016,3404800,587.1011962890625,18.0,1.0,1.0,1.0,1.0,0.0006835901970709273,0.0006918620356639195,,0,1.0,344.0
2024-11-27,85.90284431162601,86.08893383302811,85.89398097420337,86.08007049560547,1980700,585.3223266601562,18.0,1.0,1.0,1.0,1.0,0.0007157846155648164,0.0007206759989241614,,0,1.0,345.0
2024-11-29,86.22186553505774,86.29275195934139,86.10666241919763,86.27503204345703,982900,588.9584350585938,18.0,1.0,1.0,1.0,1.0,0.0007553145012791588,0.0007009199484878052,,0,1.0,346.0
2024-12-02,86.44783994907937,86.44783994907937,86.10037416282027,86.23401641845703,3129200,590.0140380859375,18.0,1.0,1.0,1.0,1.0,0.0007823392717802167,0.0006827146420078193,,0,1.0,347.0
2024-12-03,86.23403814305075,86.34095333396037,86.19839974608088,86.2518539428711,2005200,590.2877197265625,18.0,1.0,1.0,1.0,1.0,0.000787662924209833,0.0006834038623086719,,0,1.0,348.0
2024-12-04,86.33202595250752,86.43893432617188,86.2340220784299,86.43893432617188,2434900,593.953125,18.0,1.0,1.0,1.0,1.0,0.0007923446508581567,0.0006835901970709273,,0,1.0,349.0
2024-12-05,86.38548394914261,86.4211223410451,86.30530266535816,86.36766815185547,1608400,592.9756469726562,18.0,1.0,1.0,1.0,1.0,0.0008396446086471487,0.0007157846155648164,,0,1.0,350.0
2024-12-06,86.48349612616215,86.66168130544438,86.43004193184326,86.51913452148438,2373800,594.0997924804688,18.0,1.0,1.0,1.0,1.0,0.0008807884058016358,0.0007553145012791588,,0,1.0,351.0
2024-12-09,86.55477857044816,86.66168696606906,86.3765865821978,86.3944091796875,1596000,591.0403442382812,17.0,1.0,1.0,1.0,1.0,0.0008990390245236024,0.0007823392717802167,,0,1.0,352.0
2024-12-10,86.21621719143714,86.41222497984788,86.21621719143714,86.3944091796875,2227700,589.2026977539062,17.0,1.0,1.0,1.0,1.0,0.0008883909954323538,0.000787662924209833,,0,1.0,353.0
2024-12-11,86.57258556096488,86.57258556096488,86.41221618652344,86.41221618652344,3612800,593.7576904296875,17.0,1.0,1.0,1.0,1.0,0.0008772793571345393,0.0007923446508581567,,0,1.0,354.0
2024-12-12,86.40331501238546,86.7151424754351,86.18058013916016,86.18058013916016,3723800,590.6982421875,17.0,1.0,1.0,1.0,1.0,0.0008546360534812657,0.0008396446086471487,,0,1.0,355.0
2024-12-13,86.25184647706767,86.25184647706767,85.91329193115234,85.91329193115234,3253200,590.5809936523438,17.0,1.0,1.0,1.0,1.0,0.0008184470522507683,0.0008807884058016358,,0,1.0,356.0
2024-12-16,86.04695029522378,86.15385869953676,86.0024005952068,86.05585479736328,3640800,593.1027221679688,17.0,1.0,1.0,1.0,1.0,0.0008102079971277166,0.0008990390245236024,,0,1.0,357.0
2024-12-17,85.93112315800931,86.03803835886073,85.9043960571289,85.9043960571289,3090600,590.6592407226562,17.0,1.0,1.0,1.0,1.0,0.0007844698231211329,0.0008883909954323538,,0,1.0,358.0
2024-12-18,85.98457827115823,86.01130537020906,85.0134506225586,85.0134506225586,5433100,573.0554809570312,22.0,1.0,4.0,1.0,2.0,0.0006594595649512448,0.0008772793571345393,,0,2.0,359.0
2024-12-19,85.25531782863439,85.37177898043328,84.88803462226579,84.89698791503906,6862100,572.8794555664062,22.0,1.0,4.0,1.0,2.0,0.0004971285551077917,0.0008546360534812657,,0,2.0,360.0
2024-12-20,84.91489678465656,85.52405550572244,84.91489678465656,85.44342803955078,4355300,579.7603149414062,23.0,1.0,4.0,1.0,2.0,0.0003737165730760597,0.0008184470522507683,,0,2.0,361.0
2024-12-23,85.57781512358368,85.57781512358368,85.22844533302445,85.27323913574219,2839700,583.2320556640625,23.0,1.0,4.0,1.0,2.0,0.0003458171298367151,0.0008102079971277166,,0,2.0,362.0
2024-12-24,85.2911580747783,85.52407356174662,85.21053742615955,85.49720001220703,1843700,589.7147216796875,23.0,1.0,4.0,1.0,2.0,0.00033500401199277143,0.0007844698231211329,,0,2.0,363.0
2024-12-26,85.41656923652572,85.73010536002714,85.34490188413257,85.70323181152344,1527600,589.7539672851562,23.0,1.0,4.0,1.0,2.0,0.00034623179716142326,0.0006594595649512448,,0,2.0,364.0
2024-12-27,85.59573972360127,85.66740024318274,85.42553146612326,85.47927856445312,1587600,583.5458374023438,23.0,1.0,4.0,1.0,2.0,0.00036649851830196394,0.0004971285551077917,,0,2.0,365.0
2024-12-30,85.41657010742618,85.64052546000704,85.37178313765499,85.54198455810547,1844200,576.88671875,22.0,1.0,4.0,1.0,2.0,0.0003924583897700413,0.0003737165730760597,,0,2.0,366.0
2024-12-31,85.56886534269907,85.74803374065945,85.4255374589063,85.52407836914062,1825000,574.7879638671875,22.0,1.0,4.0,1.0,2.0,0.0003764758762792128,0.0003458171298367151,,0,2.0,367.0
2025-01-02,85.77488708496094,85.8286341743996,85.61363898207101,85.77488708496094,3681500,573.3756713867188,22.0,1.0,4.0,1.0,2.0,0.0003792182198047811,0.00033500401199277143,,0,2.0,368.0
2025-01-03,85.93617287756625,85.98096669479335,85.87346563419449,85.95408630371094,1540400,580.544921875,22.0,1.0,4.0,1.0,2.0,0.00037928551841114483,0.00034623179716142326,,0,2.0,369.0
2025-01-06,86.09739084741145,86.15113794156744,85.97197640466446,86.05259704589844,2800100,583.88916015625,22.0,1.0,4.0,1.0,2.0,0.00038678524689670567,0.00036649851830196394,,0,2.0,370.0
2025-01-07,86.09739134871279,86.18697211768587,85.7480215655156,85.79280853271484,3764900,577.288818359375,22.0,1.0,4.0,1.0,2.0,0.0003751856886204375,0.0003924583897700413,,0,2.0,371.0
2025-01-08,85.61365135750647,85.90927406129921,85.61365135750647,85.88240051269531,3348200,578.1322631835938,22.0,1.0,4.0,1.0,2.0,0.00036948753765876267,0.0003764758762792128,,0,2.0,372.0
2025-01-10,85.55092745080906,85.68530200220148,85.3717659386682,85.4075927734375,3055400,569.3056640625,23.0,1.0,4.0,1.0,2.0,0.0003205850209360224,0.0003792182198047811,,0,2.0,373.0
2025-01-13,85.23740582136043,85.39865394342235,85.21948556636757,85.37178039550781,4508500,570.1882934570312,22.0,1.0,4.0,1.0,2.0,0.00028335353245951216,0.00037928551841114483,,0,2.0,374.0
2025-01-14,85.5061352534293,85.54196892344186,85.38968095181882,85.44342803955078,3827800,570.972900390625,22.0,1.0,4.0,1.0,2.0,0.00022787212827064728,0.00038678524689670567,,0,2.0,375.0
2025-01-15,86.04365169498094,86.24072666993419,85.95406408368609,86.23177337646484,2864800,581.35888671875,25.0,1.0,4.0,1.0,2.0,0.0002631236952849565,0.0003751856886204375,,0,2.0,376.0
2025-01-16,86.1242498642532,86.36612541629678,86.0346691109151,86.33029174804688,2611500,580.2408447265625,25.0,1.0,4.0,1.0,2.0,0.00030862606864681723,0.00036948753765876267,,0,2.0,377.0
2025-01-17,86.446771346129,86.47364489653873,86.33927030991465,86.4019775390625,3528800,586.0664672851562,24.0,1.0,4.0,1.0,2.0,0.0003603341109556292,0.0003205850209360224,,0,2.0,378.0
2025-01-21,86.60800771269308,86.68862835296555,86.55426061917811,86.65280151367188,2929100,591.430908203125,24.0,1.0,4.0,1.0,2.0,0.0003807513375617697,0.00028335353245951216,,0,2.0,379.0
2025-01-22,86.64384264893297,86.68862961598984,86.50946807861328,86.50946807861328,1906900,594.7557373046875,24.0,1.0,4.0,1.0,2.0,0.0003876900799742739,0.00022787212827064728,,0,2.0,380.0
2025-01-23,86.45571853361997,86.64384019290517,86.4019646062711,86.63488006591797,2916300,598.0018310546875,24.0,1.0,1.0,1.0,1.0,0.0003853632403991521,0.0002631236952849565,,0,1.0,381.0
2025-01-24,86.6617648180284,86.83197307992216,86.63489126816627,86.72447204589844,1795900,596.2562255859375,23.0,1.0,1.0,1.0,1.0,0.0003929154666960052,0.00030862606864681723,,0,1.0,382.0
2025-01-27,86.58115973762547,86.84094882396715,86.56323947811144,86.82302856445312,1766500,587.8218383789062,23.0,1.0,1.0,1.0,1.0,0.0004238716540869646,0.0003603341109556292,,0,1.0,383.0
2025-01-28,86.73343817010077,86.8051055310711,86.64385738617571,86.76927185058594,2537900,592.8727416992188,23.0,1.0,1.0,1.0,1.0,0.0004775217204557917,0.0003807513375617697,,0,1.0,384.0
2025-01-29,86.71551394426281,86.81405484467702,86.59009949547652,86.69759368896484,2532100,590.2149047851562,22.0,1.0,1.0,1.0,1.0,0.0005074094592571435,0.0003876900799742739,,0,1.0,385.0
2025-01-30,86.80508741472893,86.93050185296498,86.76029361482706,86.87675476074219,2657100,593.382568359375,22.0,1.0,1.0,1.0,1.0,0.0005390373181840127,0.0003853632403991521,,0,1.0,386.0
2025-01-31,86.94842218766831,86.984255863525,86.63488606714091,86.67967987060547,1906900,590.2246704101562,22.0,1.0,1.0,1.0,1.0,0.0005247607657810751,0.0003929154666960052,,0,1.0,387.0
2025-02-03,86.36979067716004,86.7030933543368,86.35177747393344,86.5679702758789,3205900,586.2527465820312,22.0,1.0,1.0,1.0,1.0,0.0005093329810159641,0.0004238716540869646,,0,1.0,388.0
2025-02-04,86.56797958032304,86.8292157273809,86.53194629735168,86.82020568847656,2385800,590.1854858398438,22.0,1.0,1.0,1.0,1.0,0.0005253871324632179,0.0004775217204557917,,0,1.0,389.0
2025-02-05,86.90128416974102,87.12648703869023,86.86525088599161,87.0544204711914,2153500,592.5784301757812,22.0,1.0,1.0,1.0,1.0,0.0005780575441872887,0.0005074094592571435,,0,1.0,390.0
2025-02-06,87.09043742926801,87.10845063144295,86.93730115652403,86.94630432128906,1935700,594.6380004882812,22.0,1.0,1.0,1.0,1.0,0.0005978715456537871,0.0005390373181840127,,0,1.0,391.0
2025-02-07,86.91029149261453,86.91029149261453,86.694091796875,86.694091796875,2258200,589.1950073242188,22.0,1.0,1.0,1.0,1.0,0.0005540875954027618,0.0005247607657810751,,1,1.0,392.0
2025-02-10,86.90125246745258,86.97331900866094,86.85620916103645,86.89224243164062,1692700,593.1962280273438,22.0,1.0,1.0,1.0,1.0,0.0005001258522535963,0.0005093329810159641,,0,1.0,393.0
2025-02-11,86.82019035355177,86.86523366747153,86.75713383765095,86.79316711425781,2457100,593.6473999023438,21.0,1.0,1.0,1.0,1.0,0.0004684806334495709,0.0005253871324632179,,0,1.0,394.0
2025-02-12,86.49589617119989,86.72109899143308,86.46887293239504,86.59498596191406,4031500,591.7349853515625,21.0,1.0,1.0,1.0,1.0,0.0004469664026412979,0.0005780575441872887,,1,1.0,395.0
2025-02-13,86.62202652332891,87.03639893782996,86.62202652332891,86.98234558105469,2115700,597.9822387695312,22.0,1.0,4.0,1.0,2.0,0.00044349892902111634,0.0005978715456537871,,0,2.0,396.0
2025-02-14,87.08143643382253,87.23457272246718,87.08143643382253,87.09044647216797,2240200,597.9529418945312,22.0,1.0,4.0,1.0,2.0,0.0004636360609388639,0.0005540875954027618,,0,2.0,397.0
2025-02-18,87.01837213683302,87.11746193184389,86.99134889685641,87.03639221191406,2369700,599.7083129882812,21.0,1.0,4.0,1.0,2.0,0.00046516934539902235,0.0005001258522535963,,0,2.0,398.0
2025-02-19,86.98233880834813,87.10845184326172,86.88324901339533,87.10845184326172,3102200,601.1206665039062,21.0,1.0,4.0,1.0,2.0,0.00045741664626404156,0.0004684806334495709,,0,2.0,399.0
2025-02-20,87.12647997190776,87.18953649519321,87.03640020616363,87.17151641845703,2834100,598.6197509765625,21.0,1.0,4.0,1.0,2.0,0.0004384324627955902,0.0004469664026412979,,0,2.0,400.0
2025-02-21,87.13548916437063,87.23457209487538,87.01837928465912,87.04540252685547,2720800,588.3809204101562,20.0,1.0,4.0,1.0,2.0,0.0004497803308835043,0.00044349892902111634,,0,2.0,401.0
2025-02-24,87.09944923301168,87.22556226872834,86.98233936224264,87.12647247314453,2541900,585.7035522460938,20.0,1.0,4.0,1.0,2.0,0.0004576023282341904,0.0004636360609388639,,0,2.0,402.0
2025-02-25,87.3426742553711,87.36969749828494,87.20755116815617,87.3426742553711,3911000,582.7907104492188,20.0,1.0,1.0,1.0,1.0,0.0005012823167229388,0.00046516934539902235,,0,1.0,403.0
2025-02-26,87.36068768211277,87.46878064553961,87.34266760644485,87.42374420166016,1585300,583.0848999023438,20.0,1.0,1.0,1.0,1.0,0.0005578853553748807,0.00045741664626404156,,0,1.0,404.0
2025-02-27,87.44177093573688,87.4507809749651,87.20755802432716,87.24359130859375,4080500,573.7777709960938,20.0,1.0,1.0,1.0,1.0,0.000582574426561431,0.0004384324627955902,,0,1.0,405.0
2025-02-28,87.34266041517077,87.50480671960605,87.24357062509118,87.4867935180664,3046600,582.73193359375,20.0,1.0,1.0,1.0,1.0,0.0005491874685844669,0.0004497803308835043,,0,1.0,406.0
2025-03-03,87.50311439790462,87.52122606889893,87.17704903829492,87.29479217529297,2491100,572.5225219726562,20.0,1.0,1.0,1.0,1.0,0.00048110026762676644,0.0004576023282341904,,0,1.0,407.0
2025-03-04,87.14081798940926,87.28573899689488,86.94155505922353,87.19515991210938,4355700,565.74560546875,20.0,1.0,1.0,1.0,1.0,0.0004264610636198769,0.0005012823167229388,,0,1.0,408.0
2025-03-05,87.1770499829525,87.33102337382165,87.0411882632739,87.23139190673828,2859900,571.826171875,19.0,1.0,1.0,1.0,1.0,0.00040149626757355266,0.0005578853553748807,,0,1.0,409.0
2025-03-06,87.0955462750762,87.10459865651833,86.86911235515582,86.92345428466797,3210900,561.675537109375,20.0,1.0,1.0,1.0,1.0,0.0003605547764565186,0.000582574426561431,,0,1.0,410.0
2025-03-07,86.99590526882275,87.13176007772292,86.9415564350486,87.05024719238281,2866200,564.8236694335938,19.0,1.0,4.0,1.0,2.0,0.0003438766943482611,0.0005491874685844669,,0,2.0,411.0
2025-03-10,86.94157524048336,86.96874620814046,86.68797032872962,86.71514129638672,2660200,549.7792358398438,20.0,1.0,4.0,1.0,2.0,0.00027551339639995997,0.00048110026762676644,,0,2.0,412.0
2025-03-11,86.73323821988016,86.76946847111293,86.27131115442964,86.32565307617188,11627200,545.2090454101562,21.0,1.0,4.0,1.0,2.0,0.00019553674599798198,0.0004264610636198769,,0,2.0,413.0
2025-03-12,86.6154884642531,86.62454775464492,86.37094290538487,86.40717315673828,5348300,548.1022338867188,20.0,1.0,4.0,1.0,2.0,0.00011644438624661497,0.00040149626757355266,,0,2.0,414.0
2025-03-13,86.39811430149973,86.39811430149973,85.87278601955009,85.91807556152344,5638500,540.7957153320312,21.0,1.0,4.0,1.0,2.0,4.379181975567855e-05,0.0003605547764565186,,0,2.0,415.0
2025-03-14,86.0448784939113,86.43434506245019,86.0448784939113,86.3437728881836,4565800,551.96630859375,22.0,1.0,4.0,1.0,2.0,3.0537691709595786e-05,0.0003438766943482611,,0,2.0,416.0
2025-03-17,86.37093514963813,86.58830972802545,86.31659323259461,86.57019805908203,3428000,556.22265625,22.0,1.0,4.0,1.0,2.0,2.9170041903200565e-05,0.00027551339639995997,,0,2.0,417.0
2025-03-18,86.51584615962334,86.57019498495018,86.37093208258216,86.41622161865234,3055800,550.2109375,22.0,1.0,4.0,1.0,2.0,6.446008542010814e-05,0.00019553674599798198,,0,2.0,418.0
2025-03-19,86.43434542072994,87.07741684396647,86.43434542072994,86.93250274658203,4234500,556.2030639648438,23.0,1.0,4.0,1.0,2.0,0.00010600590610021646,0.00011644438624661497,,0,2.0,419.0
2025-03-20,86.77849434674994,87.01398745273003,86.76038268177227,86.82378387451172,2674300,554.5946655273438,23.0,1.0,4.0,1.0,2.0,0.00011684130220763166,4.379181975567855e-05,,0,2.0,420.0
2025-03-21,86.83286204539338,86.83286204539338,86.53396768167417,86.73323059082031,3032800,554.777587890625,22.0,1.0,4.0,1.0,2.0,0.0001266812858295422,3.0537691709595786e-05,,0,2.0,421.0
2025-03-24,86.89625908401311,87.08646269447149,86.8690881268352,87.06834411621094,5012700,564.712890625,23.0,1.0,4.0,1.0,2.0,0.00013450561336230437,2.9170041903200565e-05,,0,2.0,422.0
2025-03-25,87.08645867824798,87.15891916752268,86.9324853211987,86.97776794433594,1918000,566.0703125,22.0,1.0,4.0,1.0,2.0,0.00014308907256212772,6.446008542010814e-05,,0,2.0,423.0
2025-03-26,86.94154922155988,86.96872018108556,86.42528025993155,86.56114196777344,4132700,559.3124389648438,23.0,1.0,4.0,1.0,2.0,0.00012867003545210902,0.00010600590610021646,,0,2.0,424.0
2025-03-27,86.53397114409032,86.63360260264986,86.39810943603516,86.39810943603516,3350100,557.8270874023438,23.0,1.0,4.0,1.0,2.0,8.84232961935524e-05,0.00011684130220763166,,0,2.0,425.0
2025-03-28,86.47057007128265,86.48868174095225,86.09016281629961,86.23507690429688,3376900,546.5933837890625,23.0,1.0,4.0,1.0,2.0,4.043485469556448e-05,0.0001266812858295422,,0,2.0,426.0
2025-03-31,85.92713803359348,86.35282795692105,85.9090194520477,86.31660461425781,3886900,550.2625732421875,22.0,1.0,4.0,1.0,2.0,2.284355451778331e-05,0.00013450561336230437,,0,2.0,427.0
2025-04-01,86.21824605995754,86.57346539271784,86.21824605995754,86.54613494873047,3196500,551.8167114257812,22.0,1.0,4.0,1.0,2.0,4.1695481697374926e-05,0.00014308907256212772,,0,2.0,428.0
2025-04-02,86.37306117127034,86.7100601196289,86.37306117127034,86.7100601196289,2812800,555.3088989257812,22.0,1.0,4.0,1.0,2.0,8.159526362945723e-05,0.00012867003545210902,,0,2.0,429.0
2025-04-03,85.81746310400978,86.01784461956828,85.38026643833622,85.5260009765625,8935500,527.9428100585938,29.0,1.0,4.0,4.0,6.0,4.532982304823874e-05,8.84232961935524e-05,,1,2.0,430.0
2025-04-04,84.47856344314215,84.669834828378,83.86831564991266,84.20531463623047,27966300,497.0354309082031,35.0,1.0,4.0,1.0,2.0,-7.28874786901731e-05,4.043485469556448e-05,,1,2.0,431.0
2025-04-07,83.02125490406137,85.13435729371587,82.9848212655666,83.44023132324219,39352700,496.150146484375,37.0,1.0,4.0,1.0,2.0,-0.00022664828587925362,2.284355451778331e-05,,0,2.0,432.0
2025-04-08,84.72447798515324,84.72447798515324,82.72067665495138,83.0941162109375,14542700,488.3790588378906,37.0,1.0,4.0,1.0,2.0,-0.0003282416057365296,4.1695481697374926e-05,,0,2.0,433.0
2025-04-09,82.63869817380514,85.42580503262887,82.34723606405237,85.33472442626953,16541400,539.6682739257812,51.0,1.0,4.0,4.0,6.0,-0.0002778485290774458,8.159526362945723e-05,,0,2.0,434.0
2025-04-10,84.64251977856725,84.697166765797,83.49488440369699,83.9502944946289,10429700,516.0205078125,55.0,1.0,4.0,1.0,2.0,-0.00023091723462060343,4.532982304823874e-05,,0,2.0,435.0
2025-04-11,83.74989463770054,84.65161142394366,83.38557220378956,84.1506576538086,6063400,525.2278442382812,55.0,1.0,4.0,1.0,2.0,-0.00015952835659330136,-7.28874786901731e-05,,0,2.0,436.0
2025-04-14,84.97040524186947,84.97040524186947,84.42391458917093,84.64250946044922,3731300,530.3232421875,54.0,1.0,4.0,1.0,2.0,-0.00017899450878938898,-0.00022664828587925362,,0,2.0,437.0
2025-04-15,84.7609058625764,85.04326478418974,84.6698252535742,84.88842010498047,4907900,528.8379516601562,54.0,1.0,4.0,1.0,2.0,-0.0001487637124390406,-0.0003282416057365296,,0,2.0,438.0
2025-04-16,84.89754512375694,85.07060317548262,84.6243032488812,84.8155746459961,2983700,517.0828857421875,53.0,1.0,4.0,1.0,2.0,-0.0001248858539622689,-0.0002778485290774458,,0,2.0,439.0
2025-04-17,85.216310763189,85.38025862919575,85.08879652840649,85.36204528808594,2019200,517.8206787109375,53.0,1.0,4.0,1.0,2.0,-8.838095841701415e-05,-0.00023091723462060343,,0,2.0,440.0
2025-04-21,84.89754249129193,85.12524752113093,84.6425139697132,84.8428955078125,2340500,505.4951171875,53.0,1.0,4.0,1.0,2.0,-8.587811752106293e-05,-0.00015952835659330136,,0,2.0,441.0
2025-04-22,85.14346878387452,85.3984973083554,85.05238121169754,85.16168212890625,2619500,518.64697265625,52.0,1.0,4.0,1.0,2.0,-6.687670094222566e-05,-0.00017899450878938898,,0,2.0,442.0
2025-04-23,86.31842111307935,86.50058930943386,85.61709266688143,85.65352630615234,2494800,526.6836547851562,52.0,1.0,4.0,1.0,2.0,-5.567600137644898e-05,-0.0001487637124390406,,0,2.0,443.0
2025-04-24,85.93587109884307,86.49147189024919,85.86300382642787,86.39128112792969,3289500,537.769775390625,53.0,1.0,1.0,1.0,1.0,-3.809050332681982e-06,-0.0001248858539622689,,0,1.0,444.0
2025-04-25,86.28200319791434,86.69186952063565,86.28200319791434,86.54613494873047,2518600,541.6553344726562,52.0,1.0,1.0,1.0,1.0,4.742690041147682e-05,-8.838095841701415e-05,,0,1.0,445.0
2025-04-28,86.58254504516694,86.60986853271669,86.27286958759645,86.55522155761719,3655400,541.86181640625,51.0,1.0,1.0,1.0,1.0,7.905078550935942e-05,-8.587811752106293e-05,,0,1.0,446.0
2025-04-29,86.40949652629698,86.81936274965784,86.34573940379627,86.77381896972656,10706400,545.2753295898438,50.0,1.0,1.0,1.0,1.0,9.490764048279873e-05,-6.687670094222566e-05,,0,1.0,447.0
2025-04-30,86.35484404011008,86.36395418604924,86.10892569179515,86.26376342773438,3607300,545.4916381835938,50.0,1.0,1.0,1.0,1.0,7.917494850824101e-05,-5.567600137644898e-05,,0,1.0,448.0
2025-05-01,86.45520310694972,86.54679531424317,86.27201869236285,86.37277221679688,3304100,549.3575439453125,50.0,1.0,1.0,1.0,1.0,5.8949016421242215e-05,-3.809050332681982e-06,,0,1.0,449.0
2025-05-02,86.64755600618453,86.69335560763854,86.42773329288899,86.62007904052734,2085900,557.5122680664062,49.0,1.0,1.0,1.0,1.0,4.120491091980354e-05,4.742690041147682e-05,,0,1.0,450.0
2025-05-05,86.47352720319846,86.72998818317095,86.44604325131202,86.58343505859375,10392700,554.3153076171875,48.0,1.0,1.0,1.0,1.0,3.4528366676557544e-05,7.905078550935942e-05,,0,1.0,451.0
2025-05-06,86.47350531566885,86.60173577319834,86.3727518150334,86.5376205444336,2333500,549.6822509765625,48.0,1.0,1.0,1.0,1.0,2.5747698789299058e-05,9.490764048279873e-05,,0,1.0,452.0
2025-05-07,86.62006922143699,86.7025070971016,86.42772349560259,86.55595397949219,2732700,551.9938354492188,47.0,1.0,1.0,1.0,1.0,1.3187202653320698e-05,7.917494850824101e-05,,0,1.0,453.0
2025-05-08,86.79410342816406,86.88569563700601,86.5284811308961,86.58343505859375,2892300,555.8400268554688,46.0,1.0,1.0,1.0,1.0,2.1172527217429507e-05,5.8949016421242215e-05,,0,1.0,454.0
2025-05-09,86.73913804703473,86.80325328872715,86.60175323486328,86.60175323486328,2810800,555.1318359375,45.0,1.0,1.0,1.0,1.0,4.167583609753175e-05,4.120491091980354e-05,,0,1.0,455.0
2025-05-12,87.46273032690264,87.62759909329229,87.22459198836891,87.60928344726562,5212100,573.4774169921875,47.0,1.0,1.0,1.0,1.0,9.732138685094939e-05,3.4528366676557544e-05,,0,1.0,456.0
2025-05-13,87.61844310012101,87.90238103038456,87.55432087015207,87.74667358398438,6494800,577.2646484375,47.0,1.0,1.0,1.0,1.0,0.00014201610467255664,2.5747698789299058e-05,,0,1.0,457.0
2025-05-14,87.49936298125145,87.71003133121903,87.3802938196401,87.42608642578125,3307400,578.0023803710938,46.0,1.0,1.0,1.0,1.0,0.00016809349255719926,1.3187202653320698e-05,,0,1.0,458.0
2025-05-15,87.26122678091372,87.5818099975586,87.26122678091372,87.5818099975586,3230100,580.82568359375,46.0,1.0,1.0,1.0,1.0,0.00015612310790392569,2.1172527217429507e-05,,0,1.0,459.0
2025-05-16,87.7741493002585,87.7741493002585,87.55431962701061,87.69171142578125,2957700,584.5045166015625,45.0,1.0,1.0,1.0,1.0,0.00016732604823370967,4.167583609753175e-05,,0,1.0,460.0
2025-05-19,87.27953481715885,87.64591058344533,87.27037350129166,87.63674926757812,2499700,585.1439819335938,44.0,1.0,1.0,1.0,1.0,0.0002193383882761753,9.732138685094939e-05,,0,1.0,461.0
2025-05-20,87.47188244222951,87.6459125073439,87.46272112616121,87.60011291503906,3371800,583.176513671875,44.0,1.0,1.0,1.0,1.0,0.0002857003266565335,0.00014201610467255664,,0,1.0,462.0
2025-05-21,87.34366883618121,87.47189933375309,86.99561562677724,87.01393127441406,4321300,573.3495483398438,44.0,1.0,1.0,1.0,1.0,0.0003051652670315512,0.00016809349255719926,,0,1.0,463.0
2025-05-22,86.97727767088477,87.25206125330288,86.94063939402658,87.16046905517578,3929200,573.5758666992188,44.0,1.0,1.0,1.0,1.0,0.00026331539384751224,0.00015612310790392569,,0,1.0,464.0
2025-05-23,86.91316435305819,87.1787866251194,86.88568739181684,87.12383270263672,3067300,569.6607666015625,43.0,1.0,1.0,1.0,1.0,0.00023010299110570484,0.00016732604823370967,,0,1.0,465.0
2025-05-27,87.52684933764056,87.69171811112696,87.40778016324836,87.68256378173828,4232700,581.5043334960938,43.0,1.0,1.0,1.0,1.0,0.00022962303419962795,0.0002193383882761753,,0,1.0,466.0
2025-05-28,87.67338754301042,87.70086450257551,87.49019616584893,87.63674926757812,4053800,578.14013671875,43.0,1.0,1.0,1.0,1.0,0.00025433695992219314,0.0002857003266565335,,0,1.0,467.0
2025-05-29,87.82910447159485,87.82910447159485,87.66423570833663,87.74667358398438,4426600,580.4221801757812,42.0,1.0,1.0,1.0,1.0,0.0002566800033100263,0.0003051652670315512,,0,1.0,468.0
2025-05-30,87.7924664548887,87.8749043307831,87.67339728752708,87.84742736816406,3634000,579.7730102539062,41.0,1.0,1.0,1.0,1.0,0.0002499678249687827,0.00026331539384751224,,0,1.0,469.0
2025-06-02,87.77928204955619,87.86217621192928,87.6319052800336,87.84375762939453,3986000,583.0388793945312,41.0,1.0,1.0,1.0,1.0,0.00024411912018971864,0.00023010299110570484,,0,1.0,470.0
2025-06-03,87.945081598402,88.09245134764599,87.88060601548683,88.04639434814453,3547200,586.3637084960938,40.0,1.0,1.0,1.0,1.0,0.0002557039363494002,0.00022962303419962795,,0,1.0,471.0
2025-06-04,88.1384826558227,88.28585236211016,88.12005705046836,88.24900817871094,2736400,586.206298828125,40.0,1.0,1.0,1.0,1.0,0.00026677901041594336,0.00025433695992219314,,0,1.0,472.0
2025-06-05,88.3503300919604,88.3503300919604,88.02795226345152,88.0647964477539,2813300,583.373291015625,39.0,1.0,1.0,1.0,1.0,0.0002726138308730946,0.0002566800033100263,,0,1.0,473.0
2025-06-06,88.21217731020613,88.21217731020613,88.03717619678163,88.07402038574219,3378300,589.364013671875,39.0,1.0,1.0,1.0,1.0,0.00024500255581521094,0.0002499678249687827,,0,1.0,474.0
2025-06-09,88.06481029997663,88.22139283740934,88.06481029997663,88.16613006591797,2462700,589.8951416015625,38.0,1.0,1.0,1.0,1.0,0.00022108378808076767,0.00024411912018971864,,0,1.0,475.0
2025-06-10,88.12008198864858,88.40562273397391,88.12008198864858,88.35956573486328,8874800,593.2398071289062,38.0,1.0,1.0,1.0,1.0,0.0002258127593141842,0.0002557039363494002,,0,1.0,476.0
2025-06-11,88.45165576484733,88.49771275513677,88.31349182128906,88.31349182128906,5528100,591.547607421875,37.0,1.0,1.0,1.0,1.0,0.0002385698041993874,0.00026677901041594336,,0,1.0,477.0
2025-06-12,88.30429576894858,88.44245270041029,88.30429576894858,88.42403411865234,3882300,593.8987426757812,37.0,1.0,1.0,1.0,1.0,0.0002631408534207252,0.0002726138308730946,,0,1.0,478.0
2025-06-13,88.12929412440207,88.34114648046548,88.12008131918765,88.14771270751953,5845100,587.2589111328125,36.0,1.0,1.0,1.0,1.0,0.0002827274437764197,0.00024500255581521094,,0,1.0,479.0
2025-06-16,88.38719361863478,88.4516691984462,88.1753482966735,88.35034942626953,4509600,592.84619140625,36.0,1.0,1.0,1.0,1.0,0.0003155551295037268,0.00022108378808076767,,0,1.0,480.0
2025-06-17,88.3319105692336,88.39638613424617,88.16611525529994,88.2305908203125,3902700,587.7802734375,35.0,1.0,1.0,1.0,1.0,0.0003157481744316219,0.0002258127593141842,,0,1.0,481.0
2025-06-18,88.23980040056313,88.5529654113845,88.23980040056313,88.3687515258789,3852300,587.691650390625,35.0,1.0,1.0,1.0,1.0,0.0003187689000465874,0.0002385698041993874,,0,1.0,482.0
2025-06-20,88.44243054759514,88.67270141210152,88.42401197045064,88.6358642578125,3987200,586.3115234375,35.0,1.0,1.0,1.0,1.0,0.00032223555323751025,0.0002631408534207252,,0,1.0,483.0
2025-06-23,88.59902965600624,88.82008774218778,88.58060404956036,88.81087493896484,3594400,592.102783203125,34.0,1.0,1.0,1.0,1.0,0.0003453035378383016,0.0002827274437764197,,0,1.0,484.0
2025-06-24,88.93061567746993,89.12404237124069,88.87534588831436,89.05035400390625,5622100,598.6438598632812,34.0,1.0,1.0,1.0,1.0,0.00037298023579139566,0.0003155551295037268,,0,1.0,485.0
2025-06-25,89.1056266842917,89.17931505982855,88.98588834452705,89.07799530029297,2386300,598.9793701171875,34.0,1.0,1.0,1.0,1.0,0.000370881075877364,0.0003157481744316219,,0,1.0,486.0
2025-06-26,89.20693525333974,89.36351776123047,89.13324688704668,89.36351776123047,3703100,603.6655883789062,33.0,1.0,1.0,1.0,1.0,0.00037676457654955086,0.0003187689000465874,,0,1.0,487.0
2025-06-27,89.34511109607024,89.4187994721885,89.24379133573524,89.28984832763672,3664300,606.6648559570312,33.0,1.0,1.0,1.0,1.0,0.00036513473087657387,0.00032223555323751025,,0,1.0,488.0
2025-06-30,89.44643367618974,89.6122290140273,89.38195810188128,89.59380340576172,4183000,609.5653686523438,33.0,1.0,1.0,1.0,1.0,0.0003829967412710349,0.0003453035378383016,,0,1.0,489.0
2025-07-01,89.4919265657332,89.66790463736521,89.46413385980505,89.52897644042969,4003100,609.3681030273438,32.0,1.0,1.0,1.0,1.0,0.00038384232967015344,0.00037298023579139566,,0,1.0,490.0
2025-07-02,89.51970613092085,89.70494842529297,89.41782074905403,89.70494842529297,3310000,612.1305541992188,32.0,1.0,1.0,1.0,1.0,0.0004045084314081497,0.000370881075877364,,0,1.0,491.0
2025-07-03,89.66789272735006,89.77904233667623,89.6215856900359,89.7605209350586,1623300,616.9549560546875,31.0,1.0,1.0,1.0,1.0,0.0004269399901241141,0.00037676457654955086,,0,1.0,492.0
2025-07-07,89.73274754627667,89.73274754627667,89.42709842128909,89.43635559082031,5591600,612.357421875,31.0,1.0,1.0,1.0,1.0,0.00046443026626963546,0.00036513473087657387,,0,1.0,493.0
2025-07-08,89.42708006986055,89.44560147166382,89.25109495329876,89.29740905761719,5351700,612.0220336914062,31.0,1.0,1.0,1.0,1.0,0.00047052135090702696,0.0003829967412710349,,0,1.0,494.0
2025-07-09,89.40856258103084,89.5474978445074,89.37151270633436,89.52897644042969,3079400,615.692138671875,31.0,1.0,1.0,1.0,1.0,0.00048122935147096253,0.00038384232967015344,,0,1.0,495.0
2025-07-10,89.54748626253378,89.54748626253378,89.44560088693144,89.48265075683594,5878500,617.4285278320312,30.0,1.0,1.0,1.0,1.0,0.0004480386422180195,0.0004045084314081497,,0,1.0,496.0
2025-07-11,89.3714947172494,89.3992803510437,89.23255948173833,89.32518768310547,4637200,615.2579956054688,30.0,1.0,1.0,1.0,1.0,0.0004178239729068194,0.0004269399901241141,,1,1.0,497.0
2025-07-14,89.27887544298514,89.41781068139161,89.24182557497409,89.4085464477539,3874900,616.43212890625,29.0,1.0,1.0,1.0,1.0,0.00037843272928108636,0.00046443026626963546,,0,1.0,498.0
2025-07-15,89.46412839692911,89.4733926316728,89.12142944335938,89.12142944335938,5614500,613.7978515625,29.0,1.0,1.0,1.0,1.0,0.00034685652481317684,0.00047052135090702696,,0,1.0,499.0
2025-07-16,89.21403808138868,89.3714947172494,89.00100311139975,89.32518768310547,6758900,615.8499755859375,29.0,1.0,1.0,1.0,1.0,0.00033938579346084373,0.00048122935147096253,,0,1.0,500.0
2025-07-17,89.21406339086344,89.47340546857006,89.21406339086344,89.43635559082031,3659900,619.6187133789062,29.0,1.0,1.0,1.0,1.0,0.0003267278817746099,0.0004480386422180195,,0,1.0,501.0
2025-07-18,89.55675998232738,89.61233125980006,89.49192446976228,89.5660171508789,3330100,619.1649169921875,28.0,1.0,1.0,1.0,1.0,0.00034066124003199767,0.0004178239729068194,,0,1.0,502.0
2025-07-21,89.6586386187266,89.806831036344,89.6586386187266,89.6864242553711,3413900,620.3389892578125,28.0,1.0,1.0,1.0,1.0,0.0003491187877794597,0.00037843272928108636,,0,1.0,503.0
2025-07-22,89.79755582223979,89.86239132199614,89.70493468923632,89.85313415527344,3233000,620.427734375,28.0,1.0,1.0,1.0,1.0,0.00036920101815344684,0.00034685652481317684,,0,1.0,504.0
2025-07-23,89.89946316712937,89.9365130426966,89.816106247009,89.9179916381836,2253700,625.7059936523438,27.0,1.0,1.0,1.0,1.0,0.0003949198475574384,0.00033938579346084373,,0,1.0,505.0
2025-07-24,89.797564357544,89.89019256589131,89.77904295579864,89.7883071899414,2159000,625.9132690429688,27.0,1.0,1.0,1.0,1.0,0.0003946050548491219,0.0003267278817746099,,0,1.0,506.0
2025-07-25,89.86239194350372,89.9735415438003,89.77903504318594,89.88092041015625,2646700,628.5572509765625,27.0,1.0,1.0,1.0,1.0,0.00039655785794187154,0.00034066124003199767,,0,1.0,507.0
2025-07-28,90.07544373974358,90.07544373974358,89.81610169047106,89.84388732910156,3914800,628.3993530273438,26.0,1.0,1.0,1.0,1.0,0.00039390631968932766,0.0003491187877794597,,0,1.0,508.0
2025-07-29,89.88092470777283,89.95502444484693,89.84387483923578,89.86239624023438,4625900,626.7420043945312,26.0,1.0,1.0,1.0,1.0,0.00041094017309642954,0.00036920101815344684,,0,1.0,509.0
2025-07-30,89.83461944466156,89.90871918902663,89.60306304342613,89.70494842529297,4811700,625.9526977539062,26.0,1.0,1.0,1.0,1.0,0.0003938295664931522,0.0003949198475574384,,0,1.0,510.0
2025-07-31,89.78831850454114,89.86241118739949,89.69569028452138,89.74200439453125,4112000,623.6046142578125,25.0,1.0,1.0,1.0,1.0,0.00038724214449141546,0.0003946050548491219,,0,1.0,511.0
2025-08-01,89.78763917296358,89.82489630691697,89.57341242924947,89.7410659790039,5545100,613.3834838867188,25.0,1.0,1.0,1.0,1.0,0.0003824947210056667,0.00039655785794187154,,0,1.0,512.0
2025-08-04,89.83420242922985,90.08568629897044,89.83420242922985,90.07637023925781,4039900,622.706787109375,25.0,1.0,1.0,1.0,1.0,0.00040590692963010183,0.00039390631968932766,,0,1.0,513.0
2025-08-05,90.06705921224363,90.07637527247681,89.90872171863889,90.01117706298828,3428100,619.5496215820312,25.0,1.0,1.0,1.0,1.0,0.00040919748824609273,0.00041094017309642954,,0,1.0,514.0
2025-08-06,90.04843233205301,90.1602037343197,89.95529304986664,90.13225555419922,3844600,624.2952270507812,24.0,1.0,1.0,1.0,1.0,0.0004209580982318019,0.0003938295664931522,,0,1.0,515.0
2025-08-07,90.20676722082128,90.23470829406419,90.01117260204931,90.06705474853516,5105700,623.7723388671875,24.0,1.0,1.0,1.0,1.0,0.0004091637781745107,0.00038724214449141546,,0,1.0,516.0
2025-08-08,90.12294286252418,90.12294286252418,90.00185540523925,90.08568572998047,2676200,628.6361694335938,24.0,1.0,1.0,1.0,1.0,0.00039234130904152413,0.0003824947210056667,,0,1.0,517.0
2025-08-11,90.08568686807813,90.16020113410693,90.0204886618208,90.06705474853516,4523500,627.39306640625,23.0,1.0,1.0,1.0,1.0,0.00037146885585184124,0.00040590692963010183,,0,1.0,518.0
2025-08-12,90.14157846346518,90.25334987422458,90.08569631112161,90.24403381347656,4989500,634.072265625,23.0,1.0,1.0,1.0,1.0,0.00036735940813398764,0.00040919748824609273,,0,1.0,519.0
2025-08-13,90.34647666749423,90.5234462668682,90.31853559518703,90.50481414794922,3622300,636.2427978515625,23.0,1.0,1.0,1.0,1.0,0.0003925379337822233,0.0004209580982318019,,0,1.0,520.0
2025-08-14,90.35580522423597,90.35580522423597,90.17883560038499,90.24403381347656,3696200,636.302001953125,23.0,1.0,1.0,1.0,1.0,0.00039393068924993714,0.0004091637781745107,,0,1.0,521.0
2025-08-15,90.2999060999745,90.2999060999745,90.21608288061738,90.27196502685547,2417900,634.812255859375,23.0,1.0,1.0,1.0,1.0,0.00039577283243931173,0.00039234130904152413,,0,1.0,522.0
2025-08-18,90.21609440050601,90.33717476817337,90.21609440050601,90.22541046142578,2616000,634.6741943359375,22.0,1.0,1.0,1.0,1.0,0.0003865547801743575,0.00037146885585184124,,0,1.0,523.0
2025-08-19,90.24402841580917,90.29060161069135,90.18814626680802,90.2160873413086,3010700,631.2310180664062,22.0,1.0,1.0,1.0,1.0,0.0003888356380980645,0.00036735940813398764,,0,1.0,524.0
2025-08-20,90.19744498977832,90.23470212024361,90.11362177578472,90.15087890625,2974300,629.5537719726562,22.0,1.0,1.0,1.0,1.0,0.00038836728297714896,0.0003925379337822233,,0,1.0,525.0
2025-08-21,90.13225144541802,90.13225144541802,89.97391396231203,89.99254608154297,2822800,627.028076171875,22.0,1.0,1.0,1.0,1.0,0.0003633641388191366,0.00039393068924993714,,0,1.0,526.0
2025-08-22,90.16951147764327,90.77492746283374,90.1322543440546,90.74698638916016,5337000,636.6572265625,24.0,1.0,1.0,1.0,1.0,0.0003901079810628664,0.00039577283243931173,,0,1.0,527.0
2025-08-25,90.70973002708845,90.75630322098831,90.62590680535473,90.63521575927734,2940100,633.855224609375,24.0,1.0,1.0,1.0,1.0,0.000413064210544458,0.0003865547801743575,,0,1.0,528.0
2025-08-26,90.70041413100576,90.84944266689729,90.67247305704403,90.830810546875,2947600,636.5091552734375,24.0,1.0,1.0,1.0,1.0,0.00047389645891811566,0.0003888356380980645,,0,1.0,529.0
2025-08-27,90.77491778919394,90.9891445079813,90.75629277742024,90.97051239013672,2558400,637.9595336914062,23.0,1.0,1.0,1.0,1.0,0.0005059477222415042,0.00038836728297714896,,0,1.0,530.0
2025-08-28,90.96121049703467,91.00777658311848,90.88669623201487,90.9798355102539,3687500,640.21875,23.0,1.0,1.0,1.0,1.0,0.0005388214482804665,0.0003633641388191366,,0,1.0,531.0
2025-08-29,90.95189146263642,90.96120752197706,90.81217899681171,90.82149505615234,4222100,636.400634765625,23.0,1.0,1.0,1.0,1.0,0.0005472834980190529,0.0003901079810628664,,0,1.0,532.0
2025-09-02,90.55833781802316,90.72690585274792,90.492783979232,90.68944549560547,4715600,631.6846923828125,23.0,1.0,1.0,1.0,1.0,0.0005366565599844836,0.000413064210544458,,1,1.0,533.0
2025-09-03,90.72690919124936,90.97039794921875,90.72690919124936,90.97039794921875,2730300,635.108154296875,23.0,1.0,1.0,1.0,1.0,0.000541467770878702,0.00047389645891811566,,0,1.0,534.0
2025-09-04,91.02658267916033,91.2326110735492,90.97976259078364,91.22325134277344,2824100,640.4161376953125,23.0,1.0,1.0,1.0,1.0,0.0005809866216528891,0.0005059477222415042,,0,1.0,535.0
2025-09-05,91.4573843619493,91.55103169494494,91.2794494278741,91.31690979003906,3907400,638.561279296875,22.0,1.0,1.0,1.0,1.0,0.0006265183854466896,0.0005388214482804665,,0,1.0,536.0
2025-09-08,91.40118414706482,91.41991789931396,91.30753682031829,91.32626342773438,4116600,640.1300048828125,22.0,1.0,1.0,1.0,1.0,0.0006520962029985377,0.0005472834980190529,,0,1.0,537.0
2025-09-09,91.32625637176956,91.39181020991067,91.12023512677781,91.21388244628906,3018800,641.60986328125,22.0,1.0,1.0,1.0,1.0,0.0006465213538365188,0.0005366565599844836,,0,1.0,538.0
2025-09-10,91.31691338070071,91.41992759449658,91.27008613994484,91.29817962646484,4428200,643.4646606445312,21.0,1.0,1.0,1.0,1.0,0.0006317480935180758,0.000541467770878702,,0,1.0,539.0
2025-09-11,91.39182622451793,91.61658840452903,91.39182622451793,91.56039428710938,4214400,648.8119506835938,21.0,1.0,1.0,1.0,1.0,0.0006555760050327473,0.0005809866216528891,,0,1.0,540.0
2025-09-12,91.59784756929702,91.61658132193324,91.44801327237326,91.4854736328125,2843100,648.594970703125,21.0,1.0,1.0,1.0,1.0,0.0006766030454938458,0.0006265183854466896,,0,1.0,541.0
2025-09-15,91.6165917724108,91.76642608642578,91.6165917724108,91.76642608642578,2914700,652.0480346679688,21.0,1.0,1.0,1.0,1.0,0.0007090255898654701,0.0006520962029985377,,0,1.0,542.0
2025-09-16,91.78515430094211,91.81324778657205,91.66340633676765,91.70086669921875,4549200,651.1502075195312,21.0,1.0,1.0,1.0,1.0,0.0007000483435202412,0.0006465213538365188,,0,1.0,543.0
2025-09-17,91.72893785293647,91.81322543413957,91.4386290456597,91.58847045898438,6119100,650.3412475585938,21.0,1.0,1.0,1.0,1.0,0.0007040582145273272,0.0006317480935180758,,0,1.0,544.0
2025-09-18,91.72894841862845,91.86005609797311,91.62593422131012,91.79450225830078,3508500,653.3800048828125,21.0,1.0,1.0,1.0,1.0,0.0007165455369717684,0.0006555760050327473,,0,1.0,545.0
2025-09-19,91.87880302882895,91.89752963792188,91.78515569369698,91.86006927490234,4084600,656.615966796875,20.0,1.0,1.0,1.0,1.0,0.0007682851854784526,0.0006766030454938458,,0,1.0,546.0
2025-09-22,91.78514442290727,91.9630721943592,91.78514442290727,91.9537124633789,2430600,659.7225341796875,20.0,1.0,1.0,1.0,1.0,0.0008134581119152382,0.0007090255898654701,,0,1.0,547.0
2025-09-23,91.98181720502023,92.00054381410584,91.83197575300062,91.89752960205078,5978700,656.1312255859375,20.0,1.0,1.0,1.0,1.0,0.0008300086357076256,0.0007000483435202412,,0,1.0,548.0
2025-09-24,91.90688384713927,91.90688384713927,91.73831580920239,91.75704956054688,4449100,654.043701171875,20.0,1.0,1.0,1.0,1.0,0.0007973326767104078,0.0007040582145273272,,0,1.0,549.0
2025-09-25,91.58848379210164,91.59784352317311,91.46673583984375,91.46673583984375,3963400,651.0263061523438,20.0,1.0,1.0,1.0,1.0,0.0007769416769375939,0.0007165455369717684,,1,1.0,550.0
2025-09-26,91.55104210497144,91.69151669285468,91.52294861636167,91.63532257080078,3098500,654.756103515625,20.0,1.0,1.0,1.0,1.0,0.0008447987906840662,0.0007682851854784526,,0,1.0,551.0
2025-09-29,91.76640874579866,91.83196258544922,91.71022178176464,91.83196258544922,3484900,656.59619140625,20.0,1.0,1.0,1.0,1.0,0.000981336431810064,0.0008134581119152382,,0,1.0,552.0
2025-09-30,91.76642608642578,91.80388645113803,91.67277874706217,91.76642608642578,6957400,659.0695190429688,19.0,1.0,1.0,1.0,1.0,0.00113391826149557,0.0008300086357076256,-1.0,0,1.0,553.0
2025-10-01,91.79281229260248,91.96231099650703,91.74572652540922,91.94347381591797,3689400,661.3153686523438,19.0,1.0,1.0,1.0,1.0,0.0011281653627441348,0.0007973326767104078,-1.0,0,1.0,554.0
2025-10-02,91.94344805869005,91.97169663738063,91.80219798095978,91.8963623046875,3352600,662.0769653320312,19.0,1.0,1.0,1.0,1.0,0.0011353254219471224,0.0007769416769375939,-1.0,0,1.0,555.0
2025-10-03,91.90578387807479,91.92462105399873,91.78337097167969,91.78337097167969,2630100,662.0671997070312,19.0,1.0,1.0,1.0,1.0,0.0011002517860670231,0.0008447987906840662,-1.0,0,1.0,556.0
2025-10-06,91.85871229456986,91.88696087632702,91.79279654237706,91.80220794677734,3428300,664.4415283203125,19.0,1.0,1.0,1.0,1.0,0.0010978666507160024,0.000981336431810064,-1.0,0,1.0,557.0
2025-10-07,91.8116175280526,91.8587032825472,91.69861602783203,91.69861602783203,3080700,661.9780883789062,18.0,1.0,1.0,1.0,1.0,0.0010406929730654474,0.00113391826149557,-1.0,0,1.0,558.0
2025-10-08,91.79278307979953,91.79278307979953,91.55736868731206,91.56678009033203,3025500,665.925537109375,18.0,1.0,1.0,1.0,1.0,0.0009789157608831804,0.0011281653627441348,-1.0,0,1.0,559.0
2025-10-09,91.52911229283883,91.56677945748976,91.14303642765174,91.28428649902344,8213500,663.9963989257812,18.0,1.0,4.0,1.0,2.0,0.0009136481231418458,0.0011353254219471224,-1.0,0,2.0,560.0
2025-10-10,91.3407891648339,91.3407891648339,90.7004616956887,90.71929168701172,7701800,646.0499877929688,20.0,1.0,4.0,1.0,2.0,0.0007979891406733747,0.0011002517860670231,1.0,0,2.0,561.0
2025-10-13,90.97353797758979,91.26544952392578,90.95470080308465,91.26544952392578,4094200,655.9630126953125,21.0,1.0,4.0,1.0,2.0,0.0007188245586934387,0.0010978666507160024,1.0,0,2.0,562.0
2025-10-14,90.907636386329,91.46321098800274,90.87938780445111,91.32196807861328,6901300,655.1616821289062,21.0,1.0,4.0,1.0,2.0,0.0006825307708827693,0.0010406929730654474,1.0,0,2.0,563.0
2025-10-15,91.60444492384629,91.70802782864669,91.44436486525547,91.66094207763672,7376100,658.0703125,21.0,1.0,4.0,1.0,2.0,0.000679246919082951,0.0009789157608831804,1.0,0,1.0,564.0
2025-10-16,91.70802718826577,91.70802718826577,91.27486558225102,91.37844848632812,7403300,653.5886840820312,21.0,1.0,4.0,1.0,2.0,0.0006206339319530441,0.0009136481231418458,1.0,0,2.0,565.0
2025-10-17,91.27486854261623,91.58561726492621,91.27486854261623,91.56678009033203,5945500,657.298583984375,21.0,1.0,4.0,1.0,2.0,0.0005819500890915383,0.0007979891406733747,1.0,0,1.0,566.0
2025-10-20,91.59502771898151,91.79278212878603,91.59502771898151,91.7645263671875,3115500,664.1348266601562,21.0,1.0,4.0,1.0,2.0,0.0005625087359791557,0.0007188245586934387,-1.0,0,2.0,567.0
2025-10-21,91.7551247332354,91.82104048209581,91.62329323551461,91.689208984375,4900900,664.1249389648438,21.0,1.0,4.0,1.0,2.0,0.0005950922922295997,0.0006825307708827693,-1.0,0,2.0,568.0
2025-10-22,91.6515437137818,91.68921088309317,91.46320786722498,91.59503936767578,6877900,660.6721801757812,21.0,1.0,4.0,1.0,2.0,0.0006045205777116627,0.000679246919082951,-1.0,0,2.0,569.0
2025-10-23,91.62328348058004,91.7645263671875,91.59502771898151,91.7645263671875,3572600,664.5899658203125,20.0,1.0,4.0,1.0,2.0,0.0006118301441667022,0.0006206339319530441,-1.0,0,2.0,570.0
2025-10-24,92.04703913292484,92.05645772141608,91.90578904266833,92.0376205444336,4028600,670.0213623046875,21.0,1.0,1.0,1.0,1.0,0.0006146290378421523,0.0005819500890915383,-1.0,0,1.0,571.0
2025-10-27,92.16002664672042,92.35777386933877,92.1129408956926,92.30126953125,3414100,677.926025390625,21.0,1.0,1.0,1.0,1.0,0.0006413975879723363,0.0005625087359791557,-1.0,0,1.0,572.0
2025-10-28,92.30126859060091,92.30126859060091,92.18827428412878,92.19769287109375,3366700,679.7266235351562,20.0,1.0,1.0,1.0,1.0,0.0006704033003582174,0.0005950922922295997,-1.0,0,1.0,573.0
2025-10-29,92.22594408564277,92.24477407583443,91.8681096135076,91.92461395263672,5685600,680.0531616210938,20.0,1.0,1.0,1.0,1.0,0.0006693162864130877,0.0006045205777116627,-1.0,0,1.0,574.0
2025-10-30,91.82103983487565,91.91520416340137,91.69861974194224,91.70803833007812,5222100,672.5739135742188,20.0,1.0,1.0,1.0,1.0,0.0006341297077821014,0.0006118301441667022,-1.0,0,1.0,575.0
2025-10-31,91.83986982686969,91.92462275153727,91.6703711618123,91.70803833007812,3228600,674.7799682617188,20.0,1.0,1.0,1.0,1.0,0.0005518399085776426,0.0006146290378421523,-1.0,0,1.0,576.0
2025-11-03,91.74875099192022,91.76768460385503,91.44576263427734,91.44576263427734,4404500,676.04638671875,20.0,1.0,1.0,1.0,1.0,0.0004588094853995657,0.0006413975879723363,-1.0,0,1.0,577.0
2025-11-04,91.23745383917097,91.52150857571093,91.2279834216031,91.42681884765625,5333100,668.0328369140625,20.0,1.0,4.0,1.0,2.0,0.00040254159491946473,0.0006704033003582174,1.0,0,2.0,578.0
2025-11-05,91.47416473768604,91.58778807833886,91.43629029080176,91.51203918457031,3326700,670.3478393554688,20.0,1.0,4.0,1.0,2.0,0.000393176747572604,0.0006693162864130877,1.0,0,2.0,579.0
2025-11-06,91.61617959331949,91.63511320226935,91.40787377581537,91.55936431884766,5003100,663.1553955078125,19.0,1.0,4.0,1.0,2.0,0.00042868204241142794,0.0006341297077821014,1.0,0,2.0,580.0
2025-11-07,91.50256471369664,91.6445920772684,91.34160373942748,91.6161880493164,3894500,663.808349609375,19.0,1.0,4.0,1.0,2.0,0.0004515310654863419,0.0005518399085776426,1.0,0,2.0,581.0
2025-11-10,91.78662212902987,92.01386158311284,91.74874768271403,91.92864227294922,3900700,674.1665649414062,19.0,1.0,4.0,1.0,2.0,0.0004872286155896497,0.0004588094853995657,-1.0,0,2.0,582.0
2025-11-11,91.95705791164205,92.0990780623354,91.95705791164205,92.08961486816406,1769000,675.7099609375,19.0,1.0,1.0,1.0,1.0,0.0005443530785746997,0.00040254159491946473,-1.0,0,1.0,583.0
2025-11-12,92.11801408930678,92.1558885354519,91.84342977261369,91.87183380126953,11206100,676.0859985351562,19.0,1.0,1.0,1.0,1.0,0.0005716704915397351,0.000393176747572604,-1.0,0,1.0,584.0
2025-11-13,91.7487382389396,91.7487382389396,91.4078754809944,91.46468353271484,4900200,664.8670043945312,20.0,1.0,4.0,1.0,2.0,0.0005455183943830257,0.00042868204241142794,1.0,1,2.0,585.0
2025-11-14,91.36054606837709,91.69193846579374,91.30373800705209,91.49310302734375,4951800,664.7581176757812,20.0,1.0,4.0,1.0,2.0,0.00046491132759972673,0.0004515310654863419,1.0,0,2.0,586.0
2025-11-17,91.47415779120645,91.54043626226778,91.25638154411267,91.3321304321289,4918100,658.56494140625,19.0,1.0,4.0,1.0,2.0,0.0004093902631236543,0.0004872286155896497,1.0,0,2.0,587.0
2025-11-18,91.20905639946034,91.42682545256942,91.1995859812083,91.28480529785156,5667600,653.03466796875,19.0,1.0,4.0,1.0,2.0,0.00038508573402707406,0.0005443530785746997,1.0,0,2.0,588.0
2025-11-19,91.36054992675781,91.5499221788596,91.32267547633745,91.36054992675781,5138100,655.5574340820312,19.0,1.0,4.0,1.0,2.0,0.0003832211967128422,0.0005716704915397351,1.0,0,2.0,589.0
2025-11-20,91.67299085756513,91.78661418668074,91.34159851074219,91.34159851074219,7773700,645.5652465820312,19.0,1.0,4.0,1.0,2.0,0.00039521494996872674,0.0005455183943830257,1.0,0,2.0,590.0
2025-11-21,91.48363110299924,91.70140013317238,91.37000776737948,91.6161880493164,5874100,651.9959106445312,19.0,1.0,4.0,1.0,2.0,0.0004463982430474574,0.00046491132759972673,1.0,0,1.0,591.0
2025-11-24,91.7203409057224,91.91917632506382,91.68246646054139,91.88130187988281,5947500,661.59228515625,19.0,1.0,4.0,1.0,2.0,0.00048164112013829525,0.0004093902631236543,-1.0,0,2.0,592.0
2025-11-25,91.89077812749514,92.28844899140974,91.84343326206196,92.24110412597656,8260300,667.815185546875,19.0,1.0,1.0,1.0,1.0,0.0005402836208362663,0.00038508573402707406,-1.0,0,1.0,593.0
2025-11-26,92.2411131775405,92.43994862900941,92.18430511249593,92.38314056396484,5126800,672.4254150390625,19.0,1.0,1.0,1.0,1.0,0.0005614403031741695,0.0003832211967128422,-1.0,0,1.0,594.0
2025-11-28,92.45887756347656,92.54408965007326,92.39259908818624,92.45887756347656,1931200,676.0958251953125,19.0,1.0,1.0,1.0,1.0,0.0006049826601350924,0.00039521494996872674,-1.0,0,1.0,595.0
2025-12-01,92.18090128936593,92.36177387720396,92.17137938587415,92.30465698242188,5179800,673.0090942382812,19.0,1.0,1.0,1.0,1.0,0.0005886503507424415,0.0004463982430474574,-1.0,1,1.0,596.0
2025-12-02,92.37128803508942,92.50456562046142,92.31417114509675,92.44744873046875,4015000,674.2557373046875,19.0,1.0,1.0,1.0,1.0,0.000579979325463567,0.00048164112013829525,-1.0,0,1.0,597.0
2025-12-03,92.50458075460851,92.68546061995623,92.43794195102011,92.59026336669922,3997600,676.5905151367188,19.0,1.0,1.0,1.0,1.0,0.000567477000066579,0.0005402836208362663,-1.0,0,1.0,598.0
2025-12-04,92.60930591495585,92.64738627134396,92.43794794275205,92.61882781982422,8274600,677.085205078125,18.0,1.0,1.0,1.0,1.0,0.0006109153712836445,0.0005614403031741695,-1.0,0,1.0,599.0
2025-12-05,92.58074746343611,92.71402507925181,92.542667107048,92.61882781982422,3637500,678.3712158203125,18.0,1.0,1.0,1.0,1.0,0.0006337640124216411,0.0006049826601350924,-1.0,0,1.0,600.0
2025-12-08,92.61883122599761,92.61883122599761,92.34275407934476,92.41891479492188,8986700,676.3333740234375,18.0,1.0,1.0,1.0,1.0,0.000625110718864335,0.0005886503507424415,-1.0,0,1.0,601.0
2025-12-09,92.40938497736326,92.46650187761279,92.28562927246094,92.28562927246094,7049400,675.7495727539062,18.0,1.0,1.0,1.0,1.0,0.0005604869491301895,0.000579979325463567,-1.0,0,1.0,602.0
2025-12-10,92.26657518716408,92.69497368057625,92.24753864356282,92.60929107666016,6958500,680.2312622070312,18.0,1.0,1.0,1.0,1.0,0.0005299988076186984,0.000567477000066579,-1.0,0,1.0,603.0
2025-12-11,92.60930675602906,92.65690901771784,92.542667947516,92.59978485107422,5288200,681.8141479492188,18.0,1.0,1.0,1.0,1.0,0.0005245157549226712,0.0006109153712836445,-1.0,0,1.0,604.0
2025-12-12,92.580736002749,92.580736002749,92.39034150746299,92.40937805175781,4152500,674.4832153320312,18.0,1.0,1.0,1.0,1.0,0.0005295416685012055,0.0006337640124216411,1.0,0,1.0,605.0
2025-12-15,92.56168652900367,92.56168652900367,92.43792358757956,92.50456237792969,4423200,673.4641723632812,18.0,1.0,1.0,1.0,1.0,0.0005224808350223196,0.000625110718864335,1.0,0,1.0,606.0
2025-12-16,92.48554067251722,92.54265756967028,92.39034342290057,92.51409912109375,4883200,671.6240844726562,17.0,1.0,1.0,1.0,1.0,0.0005224997215207298,0.0005604869491301895,1.0,0,1.0,607.0
2025-12-17,92.50457529940083,92.51409720309046,92.33321734840963,92.40937805175781,4450400,664.2338256835938,17.0,1.0,1.0,1.0,1.0,0.0005340750944502425,0.0005299988076186984,1.0,0,1.0,608.0
2025-12-18,92.69738955273732,92.73566350560918,92.56343436769082,92.66868591308594,4284400,669.2495727539062,17.0,1.0,1.0,1.0,1.0,0.0005438828003332701,0.0005245157549226712,1.0,0,1.0,609.0
2025-12-19,92.70696172472553,92.77393931859167,92.6112804906325,92.63998413085938,2493600,675.3153686523438,17.0,1.0,1.0,1.0,1.0,0.0005418700051512338,0.0005295416685012055,-1.0,0,1.0,610.0
2025-12-22,92.75479311378076,92.76435612585519,92.59212700839576,92.72608947753906,4116300,679.5225219726562,17.0,1.0,1.0,1.0,1.0,0.000542056348492225,0.0005224808350223196,-1.0,0,1.0,611.0
2025-12-23,92.69739127491509,92.83134646245028,92.61128035436113,92.80264282226562,2883200,682.6282348632812,17.0,1.0,1.0,1.0,1.0,0.000527996674086239,0.0005224997215207298,-1.0,0,1.0,612.0
2025-12-24,92.83133076421504,93.02270049976819,92.82176775244412,93.01313018798828,1189700,685.0294799804688,17.0,1.0,1.0,1.0,1.0,0.0005410763333674554,0.0005340750944502425,-1.0,0,1.0,613.0
2025-12-26,93.04184211470503,93.08011606522643,92.95573120103911,92.96530151367188,1496000,684.9600219726562,17.0,1.0,1.0,1.0,1.0,0.0005685783836609607,0.0005438828003332701,-1.0,0,1.0,614.0
2025-12-29,92.89831477149956,93.02270693321431,92.87918144662548,92.99400329589844,1969900,682.51904296875,16.0,1.0,1.0,1.0,1.0,0.0006291493484733982,0.0005418700051512338,-1.0,0,1.0,615.0
2025-12-30,93.0131249628991,93.1183764865385,92.98442132918082,93.0992431640625,3102000,681.685546875,16.0,1.0,1.0,1.0,1.0,0.0006748773053241803,0.000542056348492225,1.0,0,1.0,616.0
2025-12-31,93.12795202932017,93.147085352871,92.99399686443746,93.01313018798828,2906500,676.635009765625,16.0,1.0,1.0,1.0,1.0,0.0007159657815700585,0.000527996674086239,1.0,0,1.0,617.0
2026-01-02,93.11838749858293,93.11838749858293,92.9557286882712,93.04183959960938,4176800,677.8753051757812,16.0,1.0,1.0,1.0,1.0,0.0007342329066497548,0.0005410763333674554,1.0,0,1.0,618.0
2026-01-05,93.11838976959817,93.33846315951206,93.10881945699072,93.29061889648438,4074200,682.3900756835938,16.0,1.0,1.0,1.0,1.0,0.000774805800316634,0.0005685783836609607,-1.0,0,1.0,619.0
2026-01-06,93.32889556884766,93.36716952038415,93.23321434001136,93.32889556884766,2812900,686.4484252929688,16.0,1.0,1.0,1.0,1.0,0.0008030333141151022,0.0006291493484733982,-1.0,0,1.0,620.0
2026-01-07,93.39586738014256,93.42457101701643,93.25234189576388,93.30018615722656,2263700,684.2356567382812,15.0,1.0,1.0,1.0,1.0,0.0008266859479069566,0.0006748773053241803,-1.0,0,1.0,621.0
2026-01-08,93.20450242655467,93.39586486723789,93.20450242655467,93.37672424316406,4207700,684.1661987304688,15.0,1.0,1.0,1.0,1.0,0.0008050297499046566,0.0007159657815700585,-1.0,0,1.0,622.0
2026-01-09,93.43414578777491,93.51069368976415,93.40544214953137,93.47241973876953,3106900,688.69091796875,15.0,1.0,1.0,1.0,1.0,0.0007740803618298864,0.0007342329066497548,-1.0,0,1.0,623.0
2026-01-12,93.30975666904953,93.49155611720819,93.30975666904953,93.46285247802734,2747000,689.7723999023438,15.0,1.0,1.0,1.0,1.0,0.0007306859032551078,0.000774805800316634,-1.0,0,1.0,624.0
2026-01-13,93.52982057922027,93.52982057922027,93.42456904623012,93.49154663085938,2683600,688.3931884765625,15.0,1.0,1.0,1.0,1.0,0.0006959051394464143,0.0008030333141151022,-1.0,0,1.0,625.0
2026-01-14,93.46284114168732,93.53938903689154,93.3958635583859,93.52024841308594,3743800,685.009521484375,14.0,1.0,1.0,1.0,1.0,0.0007097072051189406,0.0008266859479069566,1.0,0,1.0,626.0
2026-01-15,93.58722599638736,93.58722599638736,93.48197446548383,93.52024841308594,3245500,686.875,14.0,1.0,1.0,1.0,1.0,0.0007271843673610886,0.0008050297499046566,-1.0,0,1.0,627.0
2026-01-16,93.61592745176887,93.64463838680858,93.52024623499656,93.59679412841797,2861200,686.299560546875,14.0,1.0,1.0,1.0,1.0,0.0007510330768344069,0.0007740803618298864,1.0,0,1.0,628.0
2026-01-20,93.14708785434236,93.44370912741329,93.14708785434236,93.37672424316406,3367000,672.3286743164062,14.0,1.0,1.0,1.0,1.0,0.000715864198737068,0.0007306859032551078,1.0,1,1.0,629.0
2026-01-21,93.48197500948191,93.69247807251395,93.46284168557406,93.63507080078125,3689500,680.088134765625,14.0,1.0,1.0,1.0,1.0,0.0007284223549194006,0.0006959051394464143,1.0,0,1.0,630.0
2026-01-22,93.73075594405594,93.79773353055091,93.65420804520186,93.6924819946289,3226400,683.6402587890625,14.0,1.0,1.0,1.0,1.0,0.0007528883619803824,0.0007097072051189406,1.0,0,1.0,631.0
2026-01-23,93.7116232778836,93.73075660272687,93.54895716667322,93.64464569091797,4119700,683.8883056640625,14.0,1.0,1.0,1.0,1.0,0.0008048303362204226,0.0007271843673610886,-1.0,0,1.0,632.0
2026-01-26,93.74032625641506,93.7881632181918,93.64464503285217,93.6924819946289,1966800,687.3612060546875,14.0,1.0,1.0,1.0,1.0,0.0007912201692213007,0.0007510330768344069,-1.0,0,1.0,633.0
2026-01-27,93.6924701156294,93.74031437134954,93.65419617105502,93.68290710449219,3218500,690.099853515625,14.0,1.0,1.0,1.0,1.0,0.00076629366410265,0.000715864198737068,-1.0,0,1.0,634.0
2026-01-28,93.69248211348686,93.69248211348686,93.52982330322266,93.52982330322266,5057100,690.0303955078125,14.0,1.0,1.0,1.0,1.0,0.0007268522922933793,0.0007284223549194006,-1.0,0,1.0,635.0
2026-01-29,93.59679783630067,93.62550147246859,93.40543539517513,93.53939056396484,3679200,688.6610717773438,13.0,1.0,1.0,1.0,1.0,0.0007354006134933332,0.0007528883619803824,-1.0,0,1.0,636.0
2026-01-30,93.49154259996575,93.64463838680858,93.44370564158406,93.59679412841797,4831000,686.6071166992188,13.0,1.0,1.0,1.0,1.0,0.0007460592533010422,0.0008048303362204226,1.0,0,1.0,637.0
2026-02-02,93.57755381614768,93.73153110564535,93.5486849098772,93.7122802734375,4192400,690.0203857421875,13.0,1.0,1.0,1.0,1.0,0.0007885087979824342,0.0007912201692213007,-1.0,0,1.0,638.0
2026-02-03,93.71227810352485,93.77002325677,93.44282519518443,93.62567138671875,5756200,684.18603515625,13.0,1.0,1.0,1.0,1.0,0.0007786487902263203,0.00076629366410265,1.0,0,1.0,639.0
2026-02-04,93.58717243138612,93.64491023973137,93.39470817554147,93.45244598388672,6130100,680.8719482421875,13.0,1.0,4.0,1.0,2.0,0.0007308681408532574,0.0007268522922933793,1.0,0,2.0,640.0
2026-02-05,93.4235858545897,93.50057450097508,93.30810288501166,93.40433502197266,4256000,672.3682861328125,13.0,1.0,4.0,1.0,2.0,0.0006683300650018317,0.0007354006134933332,1.0,0,2.0,641.0
2026-02-06,93.59680278123763,93.75077272562254,93.52943955393651,93.73152923583984,4339700,685.2676391601562,14.0,1.0,4.0,1.0,2.0,0.0006532142525569991,0.0007460592533010422,-1.0,0,2.0,642.0
2026-02-09,93.71227180888299,93.89511798813557,93.7026537356891,93.86624908447266,4766600,688.5718383789062,14.0,1.0,4.0,1.0,2.0,0.0006762508509631169,0.0007885087979824342,-1.0,0,2.0,643.0
2026-02-10,93.92400331191725,94.0009919631715,93.72191360890625,93.81814575195312,3191500,686.7559814453125,13.0,1.0,4.0,1.0,2.0,0.0007104347974332016,0.0007786487902263203,-1.0,0,2.0,644.0
2026-02-11,93.91437530044715,93.94325155040116,93.66417320384595,93.80852508544922,3284500,686.5972290039062,13.0,1.0,4.0,1.0,2.0,0.0007333126167565385,0.0007308681408532574,-1.0,0,2.0,645.0
2026-02-12,93.90474928727716,93.94324360858657,93.67378335942074,93.7026596069336,5057000,675.9900512695312,13.0,1.0,4.0,1.0,2.0,0.0007424355196207523,0.0006683300650018317,1.0,0,1.0,646.0
2026-02-13,93.77003076088556,93.9047572258375,93.73153643632192,93.80852508544922,5124200,676.4663696289062,13.0,1.0,4.0,1.0,2.0,0.0007085796639387229,0.0006532142525569991,1.0,0,1.0,647.0
2026-02-17,93.76039526036503,93.79888958078864,93.66416313032644,93.7219009399414,3970700,677.5578002929688,13.0,1.0,4.0,1.0,2.0,0.000668496810392126,0.0006762508509631169,1.0,0,1.0,648.0
2026-02-18,93.77963215314233,93.94323483894519,93.76038866530456,93.85662078857422,2987300,680.9711303710938,13.0,1.0,4.0,1.0,2.0,0.0006267307322895228,0.0007104347974332016,1.0,0,1.0,649.0
2026-02-19,93.83738306029245,93.88549545386013,93.77001983566502,93.8758773803711,2319600,679.1751098632812,13.0,1.0,4.0,1.0,2.0,0.0006038566491667215,0.0007333126167565385,1.0,0,1.0,650.0
2026-02-20,93.86624866723488,93.97210620822209,93.81812893331686,93.9432373046875,3551500,684.0867919921875,12.0,1.0,4.0,1.0,2.0,0.0006108708222453617,0.0007424355196207523,-1.0,0,2.0,651.0
2026-02-23,93.94324938949161,93.97211829673988,93.77964667834891,93.82776641845703,2880600,677.1013793945312,12.0,1.0,4.0,1.0,2.0,0.0006190402602881587,0.0007085796639387229,1.0,0,1.0,652.0
2026-02-24,93.77002067598116,93.81813306998,93.55830558467173,93.7219009399414,4108700,682.02294921875,12.0,1.0,4.0,1.0,2.0,0.000624928226132671,0.000668496810392126,-1.0,0,2.0,653.0
2026-02-25,93.8277602361828,93.885498046875,93.77964049924526,93.885498046875,2226400,687.7779541015625,12.0,1.0,4.0,1.0,2.0,0.0006083339647311496,0.0006267307322895228,-1.0,0,2.0,654.0
2026-02-26,93.9528696250108,93.9528696250108,93.68341669510693,93.80852508544922,5252700,683.957763671875,12.0,1.0,4.0,1.0,2.0,0.0005744584037314962,0.0006038566491667215,-1.0,0,2.0,655.0
2026-02-27,93.69303100640649,93.74115074191789,93.567929972934,93.58717346191406,4561900,680.6734619140625,12.0,1.0,4.0,1.0,2.0,0.0005170633426054406,0.0006108708222453617,1.0,0,2.0,656.0
2026-03-02,93.27271708706802,93.68876787728763,93.27271708706802,93.54363250732422,6697400,681.0604858398438,12.0,1.0,4.0,1.0,2.0,0.000451197495905368,0.0006190402602881587,-1.0,0,2.0,657.0
2026-03-03,93.07920490632645,93.52428869568838,93.00180576990392,93.33077239990234,8192900,675.057373046875,13.0,1.0,4.0,1.0,2.0,0.00038005417237744706,0.000624928226132671,1.0,0,2.0,658.0
2026-03-04,93.43720237312075,93.70811779911294,93.41785443493204,93.65974426269531,4650500,679.8201904296875,13.0,1.0,4.0,1.0,2.0,0.0003860143710752125,0.0006083339647311496,1.0,0,2.0,659.0
2026-03-05,93.5533129717424,93.5533129717424,93.19531336601926,93.25336456298828,10917500,676.0297241210938,14.0,1.0,4.0,1.0,2.0,0.0003191351455676843,0.0005744584037314962,1.0,0,2.0,660.0
2026-03-06,93.24369855289729,93.24369855289729,92.74056354982928,92.79862213134766,12683000,667.1690063476562,16.0,1.0,4.0,1.0,2.0,0.00023574258983463181,0.0005170633426054406,1.0,0,2.0,661.0
2026-03-09,92.595421024556,93.32109049146284,92.5760730868041,93.30174255371094,15327600,673.0133056640625,17.0,1.0,4.0,1.0,2.0,0.00013991962080150714,0.000451197495905368,1.0,0,2.0,662.0
2026-03-10,93.22433405491151,93.56297832254934,93.18563079833984,93.18563079833984,9012700,671.9317016601562,17.0,1.0,4.0,1.0,2.0,0.0001137385705540592,0.00038005417237744706,1.0,0,2.0,663.0
2026-03-11,93.11790651846103,93.1953130354063,92.94374554628001,92.99212646484375,11885100,671.08837890625,17.0,1.0,4.0,1.0,2.0,0.00012464801263201058,0.0003860143710752125,1.0,0,2.0,664.0
2026-03-12,92.86635163301753,92.86635163301753,92.34386868709575,92.37289428710938,15827100,660.89794921875,19.0,1.0,4.0,1.0,2.0,5.2693359936023313e-05,0.0003191351455676843,1.0,1,2.0,665.0
2026-03-13,92.576085022966,92.73089069061548,92.10198297705551,92.1600341796875,9139200,657.1571655273438,19.0,1.0,4.0,1.0,2.0,-2.906174218180561e-05,0.00023574258983463181,1.0,0,2.0,666.0
2026-03-16,92.55672813620828,92.7599147076728,92.50834721742977,92.54705047607422,9701500,663.8449096679688,19.0,1.0,4.0,1.0,2.0,-7.632840297668715e-05,0.00013991962080150714,1.0,0,2.0,667.0
2026-03-17,92.75024293406497,92.93408157882075,92.71153967296416,92.91472625732422,7336500,665.5912475585938,20.0,1.0,4.0,1.0,2.0,-4.658647898737046e-05,0.0001137385705540592,1.0,0,2.0,668.0
2026-03-18,92.7792653767781,92.84699423592637,92.44062108103672,92.47932434082031,6817100,656.3038330078125,21.0,1.0,4.0,1.0,2.0,-2.0331331997842428e-05,0.00012464801263201058,1.0,0,2.0,669.0
2026-03-19,91.96651852889951,92.730883914004,91.96651852889951,92.68251037597656,12000400,654.6864624023438,21.0,1.0,4.0,1.0,2.0,1.1916269638119376e-05,5.2693359936023313e-05,1.0,0,2.0,670.0
2026-03-20,92.53737692893674,92.55673225006514,91.76332648542716,91.86975860595703,13185800,645.3009643554688,24.0,1.0,4.0,1.0,2.0,-3.4977278885546446e-05,-2.906174218180561e-05,1.0,0,2.0,671.0
2026-03-23,92.29547676588507,92.74055313746413,92.11163814518606,92.40190887451172,10876900,652.07666015625,24.0,1.0,4.0,1.0,2.0,-4.33403557666662e-05,-7.632840297668715e-05,1.0,0,2.0,672.0
2026-03-24,92.21807754205985,92.42126411588968,91.976187709135,92.14067840576172,11737000,649.8877563476562,24.0,1.0,4.0,1.0,2.0,-9.856678749575259e-05,-4.658647898737046e-05,1.0,0,2.0,673.0
2026-03-25,92.46964243268593,92.64380340276574,92.3728879786175,92.4502944946289,6863100,653.5094604492188,25.0,1.0,4.0,1.0,2.0,-8.431677691000411e-05,-2.0331331997842428e-05,1.0,0,2.0,674.0
2026-03-26,92.19873262811083,92.3341903484412,91.70527528582619,91.86975860595703,8017500,641.838623046875,26.0,1.0,4.0,1.0,2.0,-0.00011534575629598127,1.1916269638119376e-05,1.0,1,2.0,675.0
2026-03-27,91.61819796291589,91.7149524223287,91.42468166219818,91.58917236328125,6037000,630.89404296875,26.0,1.0,4.0,1.0,2.0,-0.00013847968661837942,-3.4977278885546446e-05,1.0,0,2.0,676.0
2026-03-30,91.93748846699748,92.01489498856954,91.62786976260142,91.68592834472656,7247800,628.78466796875,25.0,1.0,4.0,1.0,2.0,-0.00017729213978856647,-4.33403557666662e-05,1.0,0,2.0,677.0
2026-03-31,92.0439127904646,92.66315014679317,92.0439127904646,92.61477661132812,7848800,647.0621337890625,28.0,1.0,4.0,1.0,2.0,-0.00012835795147698377,-9.856678749575259e-05,1.0,0,1.0,678.0
2026-04-01,92.83368410553005,92.96016526728634,92.73639604290447,92.88233184814453,9431100,651.9373779296875,28.0,1.0,1.0,1.0,1.0,-5.6261082308451195e-05,-8.431677691000411e-05,-1.0,0,1.0,679.0
2026-04-02,92.52235149341412,93.19365169782449,92.52235149341412,93.12554931640625,6299800,652.5244750976562,28.0,1.0,1.0,1.0,1.0,3.537595879906988e-05,-0.00011534575629598127,-1.0,0,1.0,680.0
2026-04-06,93.05744703271216,93.32985655867117,93.05744703271216,93.3104019165039,4402300,655.6087646484375,28.0,1.0,1.0,1.0,1.0,9.077716377425078e-05,-0.00013847968661837942,-1.0,0,1.0,681.0
2026-04-07,93.27149670121338,93.33959909109379,92.85315132834695,93.32013702392578,5015100,655.8972778320312,27.0,1.0,1.0,1.0,1.0,0.00012288384606373864,-0.00017729213978856647,-1.0,0,1.0,682.0
2026-04-08,94.2735587141109,94.2735587141109,93.71900867437034,93.86494445800781,3341100,672.6027221679688,28.0,1.0,1.0,1.0,1.0,0.00016306325362554515,-0.00012835795147698377,-1.0,0,1.0,683.0
2026-04-09,93.85522658657176,94.13736716180472,93.65091942987274,93.9525146484375,3177900,676.4830322265625,28.0,1.0,1.0,1.0,1.0,0.0001721798418114557,-5.6261082308451195e-05,-1.0,0,1.0,684.0
2026-04-10,94.07899314245645,94.07899314245645,93.63146209716797,93.63146209716797,5009100,676.0353393554688,28.0,1.0,1.0,1.0,1.0,0.00018395082928453137,3.537595879906988e-05,-1.0,0,1.0,685.0
2026-04-13,93.51471112073159,93.98169676906062,93.51471112073159,93.96224212646484,4602600,682.6417846679688,28.0,1.0,1.0,1.0,1.0,0.0001859114986207467,9.077716377425078e-05,-1.0,0,1.0,686.0
2026-04-14,94.05953225518228,94.34167282595156,94.01088451371739,94.244384765625,3358700,690.959716796875,28.0,1.0,1.0,1.0,1.0,0.00020677556386323415,0.00012288384606373864,-1.0,0,1.0,687.0
2026-04-15,94.22492134676423,94.22492134676423,94.07898554706867,94.18600463867188,4964400,696.412109375,27.0,1.0,1.0,1.0,1.0,0.0002422869458021136,0.00016306325362554515,-1.0,0,1.0,688.0
2026-04-16,94.25410503856885,94.25410503856885,94.0108811850627,94.08871459960938,3653500,698.1234130859375,27.0,1.0,1.0,1.0,1.0,0.0002488614920297976,0.0001721798418114557,-1.0,0,1.0,689.0
2026-04-17,94.35139663950021,94.60434409247443,94.27356322815307,94.44868469238281,2504600,706.5607299804688,27.0,1.0,1.0,1.0,1.0,0.00027055720868441176,0.00018395082928453137,-1.0,0,1.0,690.0
2026-04-20,94.45841018617102,94.47787225069737,94.28329614105063,94.36112213134766,2368600,705.1477661132812,27.0,1.0,1.0,1.0,1.0,0.00028506368204634833,0.0001859114986207467,-1.0,0,1.0,691.0
2026-04-21,94.429219693061,94.429219693061,94.05952213455753,94.12762451171875,6234000,700.53125,26.0,1.0,1.0,1.0,1.0,0.00028048830601873413,0.00020677556386323415,-1.0,0,1.0,692.0
2026-04-22,94.22491590766418,94.35139705731403,94.18599920181828,94.28329467773438,2452300,707.6253051757812,26.0,1.0,1.0,1.0,1.0,0.00026514930657045615,0.0002422869458021136,-1.0,0,1.0,693.0
2026-04-23,94.24439346292014,94.34168153222488,93.86496479680892,94.11791229248047,2688800,704.8792114257812,26.0,1.0,1.0,1.0,1.0,0.0002533040374028731,0.0002488614920297976,-1.0,0,1.0,694.0
2026-04-24,93.89414212216978,94.32221107354883,93.89414212216978,94.26383972167969,1556900,710.3414916992188,26.0,1.0,1.0,1.0,1.0,0.00030393429851246855,0.00027055720868441176,-1.0,0,1.0,695.0
2026-04-27,94.25410158139793,94.34166602520189,94.22491590766418,94.28329467773438,2257200,711.5653686523438,25.0,1.0,1.0,1.0,1.0,0.00035250406465124075,0.00028506368204634833,-1.0,0,1.0,696.0
2026-04-28,94.12762942187634,94.20546283486432,94.08871271538236,94.17627716064453,2192700,708.1029052734375,25.0,1.0,1.0,1.0,1.0,0.0003868460990824472,0.00028048830601873413,-1.0,1,1.0,697.0
2026-04-29,94.27356669188832,94.27356669188832,93.69955454036652,93.88440704345703,3112300,707.993408203125,25.0,1.0,1.0,1.0,1.0,0.0003621078068074504,0.00026514930657045615,-1.0,0,1.0,698.0
2026-04-30,93.93305008124078,94.24437629988203,93.8941333760853,94.20545959472656,4095300,715.0377197265625,25.0,1.0,1.0,1.0,1.0,0.00035370474943151726,0.0002533040374028731,-1.0,0,1.0,699.0
2026-05-01,94.2905697199602,94.51556347138771,94.27100861529003,94.30035400390625,2796500,717.0177001953125,25.0,1.0,1.0,1.0,1.0,0.0003533485832957495,0.00030393429851246855,-1.0,0,1.0,700.0
2026-05-04,94.24165992578236,94.26122849453873,93.83080954056568,94.00688934326172,3643700,714.3909912109375,25.0,1.0,4.0,1.0,2.0,0.0003861939643036427,0.00035250406465124075,-1.0,1,2.0,701.0
2026-05-05,94.01667047263726,94.24165676322964,94.01667047263726,94.12427520751953,1926200,720.1220092773438,24.0,1.0,4.0,1.0,2.0,0.00037641821916564207,0.0003868460990824472,-1.0,0,2.0,702.0
2026-05-06,94.34925800899353,94.51556097880284,94.16340139825166,94.43730163574219,1566000,730.1312866210938,24.0,1.0,4.0,1.0,2.0,0.0003911741401136791,0.0003621078068074504,-1.0,0,2.0,703.0
2026-05-07,94.42751235678415,94.4959874125344,94.09492136120326,94.10469818115234,2647800,727.8926391601562,24.0,1.0,4.0,1.0,2.0,0.00037656905536719937,0.00035370474943151726,-1.0,0,2.0,704.0
2026-05-08,94.22209134605865,94.42751652237158,94.22209134605865,94.41773223876953,6326100,733.9021606445312,25.0,1.0,4.0,1.0,2.0,0.0004189546364644294,0.0003533485832957495,-1.0,0,2.0,705.0
2026-05-11,94.39817910779966,94.43730878229113,94.21231501977078,94.22209930419922,3337700,735.5736694335938,24.0,1.0,4.0,1.0,2.0,0.000442031550430638,0.0003861939643036427,-1.0,0,2.0,706.0
2026-05-12,94.0460219968332,94.18297212957721,93.860157903871,94.08515167236328,2056300,734.4593505859375,24.0,1.0,4.0,1.0,2.0,0.00048197422994221976,0.00037641821916564207,-1.0,1,2.0,707.0
2026-05-13,94.01667660599128,94.15362673873527,93.94820153961928,94.08515167236328,3258800,738.5685424804688,24.0,1.0,4.0,1.0,2.0,0.0004503817979534236,0.0003911741401136791,-1.0,0,2.0,708.0
2026-05-14,94.12427155787931,94.27100596004938,94.01666682716939,94.02645111083984,1494700,744.3989868164062,23.0,1.0,4.0,1.0,2.0,0.0004067014406043575,0.00037656905536719937,-1.0,0,2.0,709.0
2026-05-15,93.8210264281265,93.92862369618244,93.62537806979353,93.63516235351562,3634500,735.4443969726562,24.0,1.0,4.0,1.0,2.0,0.00033421219448169,0.0004189546364644294,-1.0,1,2.0,710.0
2026-05-18,93.7525418305567,93.85036973916912,93.55690093977499,93.68406677246094,2912900,734.927001953125,23.0,1.0,4.0,1.0,2.0,0.0002819997602408659,0.000442031550430638,-1.0,0,2.0,711.0
2026-05-19,93.53734290129485,93.56668828955162,93.31234915262321,93.4590835571289,2057100,730.03173828125,23.0,1.0,4.0,1.0,2.0,0.00021598629421531754,0.00048197422994221976,-1.0,0,2.0,712.0
2026-05-20,93.61559329211933,94.06558078229997,93.5079885614094,94.02645111083984,3132700,737.5138549804688,24.0,1.0,4.0,1.0,2.0,0.00018936405774581778,0.0004503817979534236,-1.0,0,2.0,713.0
2026-05-21,93.9384026833619,94.21230290636294,93.8112368550318,94.10469818115234,2138400,738.9764404296875,24.0,1.0,4.0,1.0,2.0,0.00016842687392437867,0.0004067014406043575,-1.0,0,2.0,714.0
2026-05-22,94.24165402310962,94.35904303862858,94.06558169466383,94.15361785888672,1339000,741.8817749023438,24.0,1.0,4.0,1.0,2.0,0.00018048210678134083,0.00033421219448169,-1.0,0,2.0,715.0
2026-05-26,94.43729467121408,94.49598544257039,94.2709991768904,94.45685577392578,3257200,746.8068237304688,24.0,1.0,4.0,1.0,2.0,0.00020113529915563152,0.0002819997602408659,-1.0,0,2.0,716.0
2026-05-27,94.47643047716014,94.52533696872703,94.36882574720265,94.41773223876953,1545400,746.6774291992188,23.0,1.0,1.0,1.0,1.0,0.00021186473379360875,0.00021598629421531754,-1.0,0,1.0,717.0
2026-05-28,94.35903765701737,94.59380821144379,94.31990798740941,94.51555633544922,3602900,750.7965698242188,23.0,1.0,1.0,1.0,1.0,0.00021579901135027147,0.00018936405774581778,-1.0,0,1.0,718.0
2026-05-29,94.55468758687901,94.7111988047078,94.52533473676597,94.66228485107422,2644300,752.6671142578125,23.0,1.0,1.0,1.0,1.0,0.00021797215014453947,0.00016842687392437867,-1.0,0,1.0,719.0
2026-06-01,94.55705825972015,94.6849151137152,94.38002165215485,94.58656311035156,2904600,754.7166748046875,22.0,1.0,1.0,1.0,1.0,0.0002198210667877456,0.00018048210678134083,-1.0,0,1.0,720.0
2026-06-02,94.61606281762003,94.69474741754438,94.57672802143432,94.62590026855469,2075600,755.7415771484375,22.0,1.0,1.0,1.0,1.0,0.00023058277340095042,0.00020113529915563152,-1.0,0,1.0,721.0
2026-06-03,94.49804953421335,94.51771693357841,94.34068032418509,94.41936492919922,2346600,750.4384155273438,22.0,1.0,1.0,1.0,1.0,0.00022859997115297383,0.00021186473379360875,-1.0,1,1.0,722.0
2026-06-04,94.48820230498363,94.6455714987273,94.4390225559947,94.56688690185547,2041200,753.2740478515625,22.0,1.0,1.0,1.0,1.0,0.00023298869107451768,0.00021579901135027147,-1.0,0,1.0,723.0
2026-06-05,94.43903479215147,94.48821454751247,94.04562676437205,94.15381622314453,4676300,733.83251953125,22.0,1.0,1.0,1.0,1.0,0.00020420943584150485,0.00021797215014453947,1.0,0,1.0,724.0
2026-06-08,94.32100061214578,94.34066800894347,94.17346887294732,94.22264862060547,2569100,735.4940795898438,22.0,1.0,1.0,1.0,1.0,0.00018371548221043628,0.0002198210667877456,1.0,0,1.0,725.0
2026-06-09,94.3406753540039,94.55705425450473,94.10462905517416,94.3406753540039,2888700,733.3350830078125,22.0,1.0,1.0,1.0,1.0,0.00017345749386019015,0.00023058277340095042,1.0,0,1.0,726.0
2026-06-10,94.25216823008938,94.39969999239524,94.12430386766165,94.15381622314453,3498600,721.7736206054688,22.0,1.0,1.0,1.0,1.0,0.00017473727845998487,0.00022859997115297383,1.0,0,1.0,727.0
2026-06-11,94.27183517298701,94.74393530932183,94.22266292164151,94.69475555419922,3647800,734.04150390625,23.0,1.0,1.0,1.0,1.0,0.00021258036963197008,0.00023298869107451768,1.0,0,1.0,728.0
2026-06-12,94.73408390079152,94.79309359522333,94.57672221438138,94.71441650390625,2875700,738.0113525390625,22.0,1.0,1.0,1.0,1.0,0.00023335857088689735,0.00020420943584150485,1.0,0,1.0,729.0
2026-06-15,94.99964804373951,95.01932294709609,94.83244888409372,94.86195373535156,2432300,751.0254516601562,22.0,1.0,1.0,1.0,1.0,0.0002705803686271881,0.00018371548221043628,-1.0,0,1.0,730.0
2026-06-16,94.86194492460832,94.95046697393697,94.75375547752681,94.84227752685547,1710300,746.5481567382812,22.0,1.0,1.0,1.0,1.0,0.0002708240648102532,0.00017345749386019015,-1.0,0,1.0,731.0
2026-06-17,94.79310156957654,94.89146107360524,94.41936096710799,94.4783706665039,8763000,737.225341796875,22.0,1.0,1.0,1.0,1.0,0.00025395871043346036,0.00017473727845998487,1.0,0,1.0,732.0
2026-06-18,94.73409321711935,94.86195006888727,94.69475091570382,94.80294036865234,3823000,744.8902587890625,22.0,1.0,1.0,1.0,1.0,0.0002344420590363024,0.00021258036963197008,-1.0,0,1.0,733.0
2026-06-22,94.76358874800742,94.88161564064703,94.66523675602907,94.71441650390625,1733200,742.546142578125,22.0,1.0,1.0,1.0,1.0,0.000214825972592061,0.00023335857088689735,-1.0,0,1.0,734.0
2026-06-23,94.62589512893253,94.763589419433,94.62589512893253,94.66523742675781,1873700,731.7628784179688,22.0,1.0,1.0,1.0,1.0,0.0002120417024049572,0.0002705803686271881,1.0,0,1.0,735.0
2026-06-24,94.73408853490173,94.79309823222012,94.59639423864127,94.60623168945312,2729800,731.4237060546875,21.0,1.0,1.0,1.0,1.0,0.00020707627922181239,0.0002708240648102532,1.0,0,1.0,736.0
2026-06-25,94.70459300597916,94.79310756066732,94.6160709475139,94.69475555419922,2709300,732.4810791015625,21.0,1.0,1.0,1.0,1.0,0.0002094898851122335,0.00025395871043346036,1.0,0,1.0,737.0
2026-06-26,94.61606728470178,94.77343649198028,94.59639988568037,94.6357421875,2103900,727.1842651367188,21.0,1.0,1.0,1.0,1.0,0.00021890373455025838,0.0002344420590363024,1.0,0,1.0,738.0
2026-06-29,94.7242602292973,94.84228713910541,94.61607077125082,94.81278228759766,2277000,739.1644897460938,21.0,1.0,1.0,1.0,1.0,0.00023129444916843788,0.000214825972592061,-1.0,0,1.0,739.0
2026-06-30,94.80293918812528,94.90129118855101,94.75375943602408,94.78327178955078,4469300,744.9202270507812,20.0,1.0,1.0,1.0,1.0,0.0002446456885412953,0.0002120417024049572,-1.0,0,1.0,740.0
2026-07-01,94.74470138053418,94.85349025994377,94.69524914612924,94.82381439208984,1689500,743.9127197265625,20.0,1.0,1.0,1.0,1.0,0.00026636037699827325,0.00020707627922181239,-1.0,0,1.0,741.0
2026-07-02,94.96227025079362,95.01172248449907,94.88315724035698,94.93260192871094,2195400,742.9351806640625,20.0,1.0,1.0,1.0,1.0,0.0002959917839905394,0.0002094898851122335,-1.0,0,1.0,742.0
2026-07-06,94.92272529426923,95.1501874791043,94.92272529426923,95.09085083007812,1716000,749.4190673828125,20.0,1.0,1.0,1.0,1.0,0.0002983016393549686,0.00021890373455025838,-1.0,0,1.0,743.0
2026-07-07,95.10073987221828,95.10073987221828,94.92272238524322,94.99195098876953,2279500,745.85791015625,19.0,1.0,1.0,1.0,1.0,0.00029354659948874066,0.00023129444916843788,-1.0,0,1.0,744.0
2026-07-08,94.79414517816947,94.85348936796765,94.69524825564119,94.84359741210938,2989300,743.5536499023438,19.0,1.0,1.0,1.0,1.0,0.0002616738832420786,0.0002446456885412953,-1.0,1,1.0,745.0
2026-07-09,94.91282893028256,95.09084641444679,94.85349228401174,94.94249725341797,2655000,749.8480224609375,19.0,1.0,1.0,1.0,1.0,0.00023760919680840365,0.00026636037699827325,-1.0,0,1.0,746.0
2026-07-10,95.00183337543598,95.02161728765158,94.80403952539022,94.8732681274414,2389400,753.0799560546875,19.0,1.0,1.0,1.0,1.0,0.00021486373993162748,0.0002959917839905394,-1.0,0,1.0,747.0
2026-07-13,94.81392803733512,94.8633727253746,94.62601860487135,94.70513916015625,3234500,747.3142700195312,19.0,1.0,4.0,1.0,2.0,0.0001871294616425796,0.0002983016393549686,-1.0,0,2.0,748.0
2026-07-14,94.84359741210938,94.97216265686097,94.75458490008785,94.84359741210938,2297200,749.9677124023438,18.0,1.0,4.0,1.0,2.0,0.00018096121636881272,0.00029354659948874066,-1.0,0,2.0,749.0
2026-07-15,94.94249015274434,95.07105539183308,94.84359323457214,95.01171875,1807300,752.9403076171875,18.0,1.0,4.0,1.0,2.0,0.00018456570339073976,0.0002616738832420786,-1.0,0,2.0,750.0
2026-07-16,94.94249351922333,95.06117435244889,94.94249351922333,95.02161407470703,1653500,748.8604125976562,18.0,1.0,4.0,1.0,2.0,0.00020442891079683104,0.00023760919680840365,1.0,0,1.0,751.0
2026-07-17,95.03149556215331,95.08094779414743,94.89303836699122,94.92271423339844,1387300,741.4487915039062,18.0,1.0,4.0,1.0,2.0,0.0002096643394587293,0.00021486373993162748,1.0,0,1.0,752.0
2026-07-20,94.96227211940538,95.02161631008997,94.86337519539994,94.8930435180664,1897200,740.2518310546875,18.0,1.0,4.0,1.0,2.0,0.00019886554458826695,0.0001871294616425796,1.0,0,1.0,753.0
2026-07-21,94.94249433463764,94.94249433463764,94.78425322231118,94.84359741210938,2091100,746.426513671875,17.0,1.0,4.0,1.0,2.0,0.00020798454996303554,0.00018096121636881272,-1.0,0,2.0,754.0
2026-07-22,94.79414075336118,94.84359298499275,94.63590719377228,94.69524383544922,2546100,745.55859375,17.0,1.0,4.0,1.0,2.0,0.00020718886965556986,0.00018456570339073976,-1.0,0,2.0,755.0
2026-07-23,94.36888220144773,94.51723135882919,94.24031695590463,94.34910583496094,3439400,736.3515014648438,18.0,1.0,4.0,1.0,2.0,0.0001805389895567933,0.00020442891079683104,1.0,1,2.0,756.0
2026-07-24,94.3589944213858,94.51722798368446,94.26998191199486,94.3392105102539,2602400,737.099609375,17.0,1.0,4.0,1.0,2.0,0.0001425859951396426,0.0002096643394587293,1.0,0,2.0,757.0
2026-07-27,94.48756782628618,94.56668838694738,94.37877894171504,94.408447265625,1704500,737.25927734375,17.0,1.0,4.0,1.0,2.0,9.087741454228397e-05,0.00019886554458826695,1.0,0,2.0,758.0
2026-07-28,94.4776726549218,94.56668516897466,94.39855209695297,94.55679321289062,1216600,739.0248413085938,17.0,1.0,4.0,1.0,2.0,9.056339998045626e-05,0.00020798454996303554,1.0,0,2.0,759.0
2026-07-29,94.52711993925041,94.62601685885599,94.23042163508238,94.3392105102539,2210500,727.6531372070312,17.0,1.0,4.0,1.0,2.0,6.728079367606192e-05,0.00020718886965556986,1.0,0,2.0,760.0
2026-07-30,94.46777457869686,94.64579204991792,94.46777457869686,94.60623931884766,3477300,739.852783203125,17.0,1.0,4.0,1.0,2.0,9.172095952970348e-05,0.0001805389895567933,-1.0,0,2.0,761.0
2026-07-31,94.59635401580249,94.70514289727423,94.3194396067296,94.62602233886719,4787100,745.1796264648438,17.0,1.0,4.0,1.0,2.0,0.00010288472004595182,0.0001425859951396426,-1.0,0,2.0,762.0
2026-08-03,94.76226152450771,94.94126494385577,94.70259624710539,94.92137145996094,3460600,755.793212890625,17.0,1.0,4.0,1.0,2.0,0.0001372410194995389,9.087741454228397e-05,-1.0,0,2.0,763.0
2026-08-04,94.9611491277296,95.28932332180503,94.92136974779855,95.21971130371094,3982700,769.4193725585938,18.0,1.0,1.0,1.0,1.0,0.00017090832010302365,9.056339998045626e-05,-1.0,0,1.0,764.0
2026-08-05,95.2396042705734,95.25949775558625,95.1103269665558,95.1401596069336,3009000,767.8831787109375,17.0,1.0,1.0,1.0,1.0,0.00020377227678373952,6.728079367606192e-05,-1.0,0,1.0,765.0
2026-08-06,95.1699880294716,95.20976741059283,95.04071073118345,95.08049011230469,2389400,766.65625,17.0,1.0,1.0,1.0,1.0,0.00023272362684266968,9.172095952970348e-05,-1.0,0,1.0,766.0
2026-08-07,95.31916018003204,95.36888630393261,95.22966226158056,95.27938079833984,9024100,771.3446044921875,17.0,1.0,1.0,1.0,1.0,0.00024464692337208593,0.00010288472004595182,-1.0,0,1.0,767.0
2026-08-10,95.249547074062,95.25949381615708,95.0605969099613,95.12026977539062,2415300,771.1151733398438,17.0,1.0,1.0,1.0,1.0,0.0002463442184893158,0.0001372410194995389,-1.0,0,1.0,768.0
2026-08-11,95.20976797481687,95.25949409829839,95.16004943847656,95.16004943847656,1330600,768.6513061523438,17.0,1.0,1.0,1.0,1.0,0.00023587682102005453,0.00017090832010302365,-1.0,0,1.0,769.0
2026-08-12,95.31916046142578,95.36888658547315,95.28932782185389,95.31916046142578,2058800,770.5764770507812,17.0,1.0,1.0,1.0,1.0,0.00023070406167385014,0.00020377227678373952,-1.0,0,1.0,770.0
2026-08-13,95.46833066481943,95.62744819108859,95.40866538603912,95.50811004638672,1814500,775.9531860351562,17.0,1.0,1.0,1.0,1.0,0.0002452599992632225,0.00023272362684266968,-1.0,0,1.0,771.0
2026-08-14,95.53794411251629,95.54789085484195,95.38877332619657,95.4384994506836,1997200,774.4169921875,16.0,1.0,1.0,1.0,1.0,0.00026990355966317403,0.00024464692337208593,-1.0,0,1.0,772.0
2026-08-17,95.36888658547315,95.41860512237922,95.30921371918805,95.31916046142578,1911600,770.7560424804688,16.0,1.0,1.0,1.0,1.0,0.00026806375792385044,0.0002463442184893158,-1.0,0,1.0,773.0
2026-08-18,95.2296636873513,95.27938222485498,95.13021902520256,95.20977020263672,2256500,765.5490112304688,16.0,1.0,1.0,1.0,1.0,0.00024258429676331185,0.00023587682102005453,1.0,1,1.0,774.0
2026-08-19,95.38877133888225,95.46833010154742,95.26944078202568,95.42855072021484,1587100,767.1549682617188,16.0,1.0,1.0,1.0,1.0,0.00024612337131793555,0.00023070406167385014,1.0,0,1.0,775.0
2026-08-20,95.2197152380372,95.32910664058222,95.16004995924582,95.2396011352539,3290400,760.7109985351562,16.0,1.0,1.0,1.0,1.0,0.0002515510674489915,0.0002452599992632225,1.0,0,1.0,776.0
2026-08-21,95.33905029296875,95.36888293139761,95.25949153239779,95.33905029296875,2841500,763.8232421875,16.0,1.0,1.0,1.0,1.0,0.0002833270138686172,0.00026990355966317403,1.0,0,1.0,777.0
2026-08-24,95.31915733205747,95.42854873165727,95.28932469346499,95.4186019897461,2008800,761.5787963867188,16.0,1.0,1.0,1.0,1.0,0.00030992162422675915,0.00026806375792385044,1.0,0,1.0,778.0
2026-08-25,95.52799702584376,95.68711455391559,95.4882176438258,95.66722106933594,2004000,764.0127563476562,16.0,1.0,1.0,1.0,1.0,0.0003486211241757945,0.00024258429676331185,1.0,0,1.0,779.0
2026-08-26,95.58766596079082,95.66721713441333,95.50810720002727,95.64733123779297,1627800,764.182373046875,16.0,1.0,1.0,1.0,1.0,0.00038269658679737905,0.00024612337131793555,1.0,0,1.0,780.0
2026-08-27,95.68711598129372,95.71694862146687,95.55783109102147,95.59761047363281,1577700,769.18994140625,15.0,1.0,1.0,1.0,1.0,0.00041857251487735866,0.0002515510674489915,-1.0,0,1.0,781.0
2026-08-28,95.61750287683897,95.71694753867166,95.34899394403523,95.4384994506836,1930300,767.4442749023438,15.0,1.0,1.0,1.0,1.0,0.0004188504624758666,0.0002833270138686172,-1.0,0,1.0,782.0
2026-08-31,95.3987149537979,95.54788573211994,95.31915619374068,95.52799224853516,3080800,765.1499633789062,15.0,1.0,1.0,1.0,1.0,0.0004254092384248349,0.00030992162422675915,1.0,0,1.0,783.0
2026-09-01,95.37999725341797,95.4800033569336,95.18000030517578,95.20999908447266,3396800,759.89306640625,16.0,1.0,1.0,1.0,1.0,0.0003803874966345634,0.0003486211241757945,1.0,0,1.0,784.0
2026-09-02,95.22000122070312,95.36000061035156,95.18000030517578,95.20999908447266,3814900,763.2646484375,15.0,1.0,4.0,1.0,2.0,0.0004149285848989484,0.00038269658679737905,-1.0,0,2.0,785.0
2026-09-03,95.31999969482422,95.44999694824219,95.29000091552734,95.30000305175781,1101300,771.2548217773438,15.0,1.0,4.0,1.0,2.0,0.0004694852015965445,0.00041857251487735866,-1.0,0,2.0,786.0
2026-09-04,95.30000305175781,95.36000061035156,95.26000213623047,95.2699966430664,1394800,768.2822265625,15.0,1.0,4.0,1.0,2.0,0.000528367906391191,0.0004188504624758666,-1.0,0,2.0,787.0
2026-09-08,95.30000305175781,95.4000015258789,95.19999694824219,95.20999908447266,1435300,764.0626831054688,15.0,1.0,4.0,1.0,2.0,0.0005154934545122793,0.0004254092384248349,1.0,0,2.0,788.0
2026-09-09,95.16000366210938,95.18000030517578,95.0199966430664,95.04000091552734,2097000,760.5115356445312,15.0,1.0,4.0,1.0,2.0,0.0004654054666189298,0.0003803874966345634,1.0,1,2.0,789.0
2026-09-10,94.7699966430664,94.9000015258789,94.62000274658203,94.62999725341797,6495000,755.9528198242188,16.0,1.0,4.0,1.0,2.0,0.000392043833876105,0.0004149285848989484,1.0,1,2.0,790.0
2026-09-11,94.80999755859375,94.91999816894531,94.61000061035156,94.61000061035156,1963200,762.3967895507812,16.0,1.0,4.0,1.0,2.0,0.0003691837869926936,0.0004694852015965445,-1.0,0,2.0,791.0
2026-09-14,94.4800033569336,94.62999725341797,94.3499984741211,94.48999786376953,3021500,758.9952392578125,15.0,1.0,4.0,1.0,2.0,0.0003179204999209396,0.000528367906391191,-1.0,0,2.0,792.0
2026-09-15,94.4800033569336,94.4800033569336,94.26000213623047,94.30000305175781,4307000,755.513916015625,15.0,1.0,4.0,1.0,2.0,0.0002929989529004775,0.0005154934545122793,1.0,0,2.0,793.0
2026-09-16,94.44999694824219,94.69000244140625,94.29000091552734,94.38999938964844,4813500,752.1821899414062,15.0,1.0,4.0,1.0,2.0,0.00022366884090574058,0.0004654054666189298,1.0,0,2.0,794.0
2026-09-17,94.70999908447266,94.77999877929688,94.66000366210938,94.73999786376953,1988900,760.7109985351562,16.0,1.0,4.0,1.0,2.0,0.0002422733434927105,0.000392043833876105,-1.0,0,2.0,795.0
2026-09-18,94.58999633789062,94.6500015258789,94.44000244140625,94.55000305175781,2454100,761.6900024414062,16.0,1.0,4.0,1.0,2.0,0.0002780822580001937,0.0003691837869926936,-1.0,1,2.0,796.0
2026-09-21,94.69000244140625,94.79000091552734,94.6500015258789,94.70999908447266,1305300,773.5,16.0,1.0,4.0,1.0,2.0,0.0003354508534260151,0.0003179204999209396,-1.0,0,2.0,797.0
2026-09-22,94.73999786376953,94.79000091552734,94.62000274658203,94.72000122070312,1866800,773.3800048828125,16.0,1.0,4.0,1.0,2.0,0.0002999147534628774,0.0002929989529004775,-1.0,0,2.0,798.0
2026-09-23,94.52999877929688,94.55999755859375,93.93000030517578,93.97000122070312,3715900,767.8099975585938,19.0,1.0,4.0,1.0,2.0,0.0001864111883451772,0.00022366884090574058,-1.0,1,2.0,799.0
2026-09-24,93.8499984741211,94.01000213623047,93.66000366210938,93.68000030517578,5104000,767.1799926757812,19.0,1.0,4.0,1.0,2.0,3.584121264829428e-05,0.0002422733434927105,-1.0,0,2.0,800.0
2026-09-25,93.73999786376953,93.75,93.43000030517578,93.61000061035156,5303400,771.3499755859375,19.0,1.0,4.0,1.0,2.0,-9.836546694024157e-05,0.0002780822580001937,-1.0,0,2.0,801.0
2026-09-28,93.55000305175781,93.55000305175781,93.05999755859375,93.16000366210938,6156400,765.6099853515625,20.0,1.0,4.0,1.0,2.0,-0.0001798999697704331,0.0003354508534260151,-1.0,0,2.0,802.0
