Date,Open,High,Low,Close,Volume,IndexClose,CVI,LTI,STI,VI,SecState,VWRS,VWRS_1wk,RS,GapDown,Thermostat,Days
2022-10-03,87.37116807908303,88.40838613539326,87.18564772855294,87.70004272460938,27200900,348.07989501953125,,,,,,,,,0,,
2022-10-04,88.38310201375373,88.64452001578587,88.00363319294651,88.10482788085938,21918800,358.8656921386719,37.0,,,3.0,,,,,0,,
2022-10-05,87.42180592265255,87.60732636597032,86.8146504476635,87.43867492675781,24999500,358.0301513671875,37.0,,,1.0,,,,,1,,
2022-10-06,87.43024493339982,87.64949696259471,87.02547245132004,87.23628997802734,22017200,354.3367919921875,37.0,,,1.0,,,,,0,,
2022-10-07,86.72190111400857,86.78093620214887,86.32556953873541,86.36772918701172,20895500,344.4529113769531,39.0,,,1.0,,,,,1,,
2022-10-10,86.34239806772985,86.39299219916919,85.24614470653016,85.59188842773438,6179400,341.8228759765625,40.0,,,1.0,,,,,0,,
2022-10-11,85.81958380124017,86.15689308298442,85.20400031317337,85.4148178100586,30332900,339.658203125,40.0,,,1.0,,,,,0,,
2022-10-12,85.3135986328125,85.57501662886659,85.0268900074057,85.3135986328125,18941200,338.5378723144531,39.0,,,1.0,,,,,0,,
2022-10-13,83.65237664216126,85.70995738324541,83.63551407392708,85.46540832519531,20727700,347.47216796875,39.0,,,1.0,,,,,0,,
2022-10-14,86.00511873169278,86.00511873169278,84.55469307914181,84.64745330810547,20681900,339.5537414550781,40.0,,,1.0,,,,,0,,
2022-10-17,85.38951721459614,85.73525454972201,84.993179307432,85.05220794677734,16585700,348.279296875,40.0,,,1.0,,,,,0,,
2022-10-18,85.56659337449608,85.68465063972336,84.75705508423536,85.55815887451172,23532600,352.37139892578125,40.0,,,1.0,,,,,0,,
2022-10-19,84.7823853805892,85.03536257652723,84.27642455507221,84.38604736328125,16461800,349.8743591308594,44.0,,,1.0,,,,,0,,
2022-10-20,84.17521161602308,84.63901269208712,83.56805618322635,83.65238189697266,21437300,346.9405822753906,45.0,,,1.0,,,,,0,,
2022-10-21,83.25606666002624,84.02343916872722,82.98622046314973,83.88851928710938,18871700,355.3717346191406,45.0,,4.0,1.0,,,,,0,,
2022-10-24,83.80414741461337,84.31011442345188,83.34035290136175,83.8463134765625,16517100,359.72015380859375,44.0,,4.0,1.0,,,,,0,,
2022-10-25,84.57154994494482,85.3304942395062,84.57154994494482,84.96788787841797,23143100,365.4643249511719,47.0,,4.0,1.0,,,,,0,,
2022-10-26,85.17868803205768,85.77740884425783,85.09436233509003,85.35577392578125,22201400,362.71099853515625,47.0,,4.0,1.0,,,,,0,,
2022-10-27,85.65091864389564,86.08941613630677,85.33890648242341,85.75211334228516,21002900,360.7740783691406,46.0,,4.0,1.0,,,,,0,,
2022-10-28,85.4147889268139,86.05567570204643,85.37262286823965,85.92918395996094,19532300,369.3571472167969,46.0,,1.0,1.0,,,,,0,,
2022-10-31,85.6256316747962,85.74368895335292,85.14496805963267,85.46540832519531,21884100,366.6892395019531,46.0,,1.0,1.0,,,,,0,,
2022-11-01,86.35944838238281,86.43557662021958,85.58974459599803,86.080322265625,26415300,365.0846252441406,46.0,,1.0,1.0,,,,,0,,
2022-11-02,86.19874899846252,87.05303473937204,85.44595252231169,85.6658706665039,23174200,355.92236328125,46.0,,1.0,1.0,,,,,0,,
2022-11-03,84.86230572120856,85.58126145784742,84.59163980436152,85.36134338378906,52723900,352.2574768066406,45.0,,1.0,1.0,,,,,0,,
2022-11-04,85.6066775267584,85.89426383491463,85.14147368139378,85.53055572509766,16698200,357.3275146484375,45.0,,1.0,1.0,,,,,0,,
2022-11-07,85.57282296895158,85.62357727775729,85.03995112538749,85.21757507324219,13428300,360.7456359863281,44.0,,1.0,1.0,,,,,0,,
2022-11-08,85.42901744527416,85.84347324777033,85.30214137625309,85.57280731201172,19206000,362.69195556640625,44.0,,1.0,1.0,,,,,0,,
2022-11-09,85.310611094613,85.78427492215634,85.13298715928423,85.3529052734375,12204000,355.2197570800781,44.0,,1.0,1.0,,,,,0,,
2022-11-10,87.2052803367289,88.29640442148276,87.17990640853239,88.21182250976562,28447600,374.7406005859375,62.0,,1.0,1.0,,,,,0,,
2022-11-11,88.06807032945672,88.59248227859278,87.94965431170412,88.44869232177734,8578600,378.36749267578125,61.0,,1.0,1.0,,,,,0,,
2022-11-14,88.14415610896454,88.34715399166072,87.97499228224876,88.0003662109375,22576600,375.14886474609375,61.0,,1.0,1.0,,,,,0,,
2022-11-15,88.91385296304603,89.26064069150644,88.66010080802788,89.226806640625,25504400,378.3485107421875,63.0,,1.0,1.0,,,,,0,,
2022-11-16,89.48900707400405,90.16566864249205,89.30292304538487,89.98804473876953,24648800,375.462158203125,63.0,,1.0,1.0,,,,,0,,
2022-11-17,89.25221393662807,89.58209444276716,88.99846813992049,89.50596618652344,24106600,374.3132629394531,62.0,,1.0,1.0,,,,,0,,
2022-11-18,89.76814828302251,89.90348450122447,89.32831848023831,89.49748229980469,14214100,376.0128479003906,61.0,,1.0,1.0,,,,,0,,
2022-11-21,89.82735582774447,89.96269204528735,89.35369197271643,89.36215209960938,9664100,374.6456604003906,61.0,,1.0,1.0,,,,,0,,
2022-11-22,89.81886853407558,90.27561841753842,89.70890628518528,90.15719604492188,15050400,379.68731689453125,61.0,,1.0,1.0,,,,,0,,
2022-11-23,90.47020761877326,91.0961216141521,90.43637355778152,91.06229400634766,12511500,382.0799560546875,62.0,,1.0,1.0,,,,,0,,
2022-11-25,91.11303148233974,91.17223946902742,90.92694739469655,91.15531921386719,4413900,381.9944152832031,61.0,,1.0,1.0,,,,,0,,
2022-11-28,91.22301414863581,91.24838808564981,90.41101589824603,90.49559783935547,18815800,375.8989562988281,61.0,,1.0,1.0,,,,,0,,
2022-11-29,90.08957354172666,90.34331928506643,89.8611952742158,90.04727935791016,23040000,375.2532653808594,60.0,,1.0,1.0,,,,,1,,
2022-11-30,89.99652617796097,91.16377201594658,89.64973196009518,91.14685821533203,20930100,387.0740051269531,61.0,,1.0,1.0,,,,,0,,
2022-12-01,91.57453760553072,92.32973853176381,91.31149198313713,92.28731536865234,30830200,386.78912353515625,63.0,,1.0,1.0,,,,,0,,
2022-12-02,91.6424470457118,92.84737396240234,91.46425417554113,92.84737396240234,16908900,386.3429260253906,62.0,,1.0,1.0,,,,,0,,
2022-12-05,92.24487704839235,92.24487704839235,91.65938177742697,92.05819702148438,19612000,379.3929138183594,63.0,,1.0,1.0,,,,,0,,
2022-12-06,92.38066358848414,92.47400361900723,92.09215627399796,92.3382339477539,18220800,373.92401123046875,62.0,,1.0,1.0,,,,,0,,
2022-12-07,92.82186368649502,93.40735882240249,92.72852369457205,93.36492919921875,22116700,373.28790283203125,63.0,,1.0,1.0,,,,,0,,
2022-12-08,93.11885775978737,93.36493534798564,92.83884423942906,93.06794738769531,18285600,376.2121887207031,62.0,,1.0,1.0,,,,,0,,
2022-12-09,92.74550660825398,92.83035938852353,92.33820419956704,92.37214660644531,15568800,373.4018859863281,62.0,,1.0,1.0,,,,,1,,
2022-12-12,93.01704494937235,93.11886570224114,92.19395933646945,92.25335693359375,13988400,378.7853088378906,61.0,,1.0,1.0,,,,,0,,
2022-12-13,93.98439941050847,94.09470740574015,92.89826800749138,93.05948638916016,19976000,381.6526794433594,61.0,,1.0,1.0,,,,,0,,
2022-12-14,93.05102982854223,93.28013310091663,92.29582221490985,93.14436340332031,19894900,379.2125549316406,60.0,,1.0,1.0,,,,,0,,
2022-12-15,93.22264099121094,93.3843549470228,92.90773254272668,93.22264099121094,16931200,369.93634033203125,59.0,,1.0,1.0,,,,,0,,
2022-12-16,92.328959545456,92.94175690080075,92.328959545456,92.82260131835938,16643900,365.5688171386719,59.0,,1.0,1.0,,,,,0,,
2022-12-19,92.28640818232466,92.30342762675065,91.66509131814658,91.88638305664062,14746200,362.4689025878906,60.0,,1.0,1.0,,,,,1,,
2022-12-20,91.00974678278396,91.08634403238115,90.66078644085846,90.80548095703125,18678000,362.9649353027344,61.0,,1.0,1.0,,,,,1,,
2022-12-21,91.38423646845277,91.51189854682212,91.07783449337968,91.42678833007812,15087800,368.39208984375,61.0,,1.0,1.0,,,,,0,,
2022-12-22,91.38424092919432,91.52892895407112,91.18848157698352,91.40126037597656,13957300,363.13665771484375,60.0,,1.0,1.0,,,,,0,,
2022-12-23,91.03526637929386,91.33315535271089,90.92462375873684,91.12037658691406,5992400,365.2254333496094,59.0,,1.0,1.0,,,,,0,,
2022-12-27,90.49054436626224,90.67779070072247,89.911785920427,89.94583129882812,10456200,363.78515625,61.0,,4.0,1.0,,,,,1,,
2022-12-28,90.2777665994301,90.41394811450998,89.66496276855469,89.66496276855469,10050900,359.26409912109375,60.0,,4.0,1.0,,,,,0,,
2022-12-29,89.98840576597132,90.33735959348449,89.92882796646941,90.30331420898438,14253300,365.73095703125,60.0,,4.0,1.0,,,,,0,,
2022-12-30,90.05647647854867,90.16712558488304,89.5117633955695,89.7330551147461,8528200,364.7676086425781,60.0,,4.0,1.0,,,,,0,,
2023-01-03,91.02676061483646,91.0608059992776,90.090535269931,90.35438537597656,15589800,363.23193359375,60.0,,4.0,1.0,,,,,0,,
2023-01-04,91.09484531610919,91.15442311153956,90.66077481026343,91.00973510742188,13951700,366.0362243652344,60.0,,4.0,1.0,,,,,0,,
2023-01-05,90.29480107329965,91.0352735744547,90.29480107329965,90.941650390625,9848100,361.8585510253906,59.0,,4.0,1.0,,,,,0,,
2023-01-06,91.09484096618382,92.57577930580236,90.97568538101294,92.43109130859375,20695600,370.15673828125,62.0,,4.0,1.0,,,,,0,,
2023-01-09,92.2949261870287,93.01837274422037,92.20980947977655,92.79708099365234,20449600,369.94683837890625,61.0,,1.0,1.0,,,,,0,,
2023-01-10,92.35450915983769,92.62686575522035,92.13321739687258,92.482177734375,19225200,372.5411376953125,60.0,,1.0,1.0,,,,,0,,
2023-01-11,93.04391391009104,93.31627051583195,92.91624533069825,93.27371215820312,19541700,377.2530212402344,61.0,,1.0,1.0,,,,,0,,
2023-01-12,93.5205003859468,94.34608285593829,92.97578738391985,94.32906341552734,18372500,378.6265869140625,62.0,,1.0,1.0,,,,,0,,
2023-01-13,94.00565625229994,94.38014895850067,93.8865006627802,94.0226821899414,21077700,380.0954895019531,61.0,,1.0,1.0,,,,,0,,
2023-01-17,93.63117851660562,93.97162587183885,93.55457477726885,93.68224334716797,20745100,379.399169921875,60.0,,1.0,1.0,,,,,0,,
2023-01-18,95.05252316539348,95.28232135754534,94.3631220954458,94.78016662597656,27794600,373.4091796875,61.0,,1.0,1.0,,,,,0,,
2023-01-19,94.3631263870294,94.66952831949493,94.26950321358201,94.58441162109375,18085800,370.6908264160156,61.0,,1.0,1.0,,,,,0,,
2023-01-20,94.11631458099667,94.20142479705889,93.72480239231591,94.09078216552734,15440000,377.5964660644531,60.0,,1.0,1.0,,,,,1,,
2023-01-23,93.75032964365988,94.06523807509302,93.69075184634877,93.81842041015625,18814700,382.1270751953125,59.0,,1.0,1.0,,,,,0,,
2023-01-24,93.8694881157046,94.42271424683332,93.55457318112533,94.31206512451172,12419700,381.7170104980469,59.0,,1.0,1.0,,,,,0,,
2023-01-25,94.22695332163887,94.4397320997548,93.90353191656014,94.35462188720703,15450000,381.8600158691406,58.0,,1.0,1.0,,,,,0,,
2023-01-26,94.41419507669448,94.54186363603074,93.93757271489795,94.32057189941406,13250300,386.0567626953125,57.0,,1.0,1.0,,,,,0,,
2023-01-27,93.93757514900852,94.18439930518963,93.86097141402475,94.0482177734375,8924900,386.94384765625,56.0,,1.0,1.0,,,,,0,,
2023-01-30,93.75884088731354,94.15035304722296,93.63117232585567,93.69075012207031,20019800,382.0889587402344,56.0,,1.0,1.0,,,,,0,,
2023-01-31,94.19289413906382,94.44823123279434,93.6907394131504,94.36312103271484,27212200,387.7069091796875,56.0,,1.0,1.0,,,,,0,,
2023-02-01,94.65512954531194,95.53448974618344,94.15141437825025,95.32105255126953,29127300,391.8274230957031,57.0,,1.0,1.0,,,,,0,,
2023-02-02,95.92719066571843,96.05525425502931,95.36371347818444,95.45762634277344,18958900,397.5311584472656,56.0,,1.0,1.0,,,,,0,,
2023-02-03,94.5099942548769,94.68074793152094,94.15996061653345,94.37339782714844,16053900,393.3058166503906,57.0,,1.0,1.0,,,,,1,,
2023-02-06,93.89530065371116,93.92091207683671,93.58795054903099,93.64771270751953,18455400,390.9021911621094,57.0,,1.0,1.0,,,,,1,,
2023-02-07,93.4854830063317,94.01480954724015,93.22082299267034,93.34034729003906,25191300,396.01458740234375,57.0,,1.0,1.0,,,,,0,,
2023-02-08,93.42571056803365,93.6049969943407,93.01590836962826,93.43424987792969,16484400,391.6842956542969,56.0,,1.0,1.0,,,,,0,,
2023-02-09,93.8781884308753,93.88672774005659,92.59756562422963,92.64878845214844,21637500,388.2887268066406,56.0,,4.0,1.0,,,,,0,,
2023-02-10,92.52927420571686,92.58903634929361,91.96580349679108,91.99995422363281,16092100,389.1948547363281,56.0,,4.0,1.0,,,,,1,,
2023-02-13,92.08531875344866,92.34144592285156,92.00847799719398,92.34144592285156,32223500,393.7637023925781,56.0,,4.0,1.0,,,,,0,,
2023-02-14,92.2987571214076,92.50365495151269,91.53892142591602,92.11093139648438,31922200,393.5823974609375,55.0,,4.0,1.0,,,,,0,,
2023-02-15,91.96578495214429,92.02554708367018,91.53037141469353,91.7608871459961,24279600,394.8604736328125,54.0,,4.0,1.0,,,,,0,,
2023-02-16,91.3169437425406,91.50476946492464,90.97544302125911,91.02667236328125,27909900,389.42376708984375,55.0,,4.0,1.0,,,,,1,,
2023-02-17,90.72788653873592,91.3852767944336,90.68520300480425,91.3852767944336,18528900,388.45086669921875,54.0,,4.0,1.0,,,,,0,,
2023-02-21,90.65100913737888,90.71077126731753,90.05338783799236,90.08753204345703,21136000,380.658203125,57.0,,4.0,1.0,,,,,0,,
2023-02-22,90.44615643185901,90.727888605704,90.30101417514183,90.34370422363281,20971700,380.1335754394531,56.0,,4.0,1.0,,,,,0,,
2023-02-23,90.60834653111303,91.08645022889513,90.54005158593183,91.05229949951172,21144600,382.1557312011719,56.0,,4.0,1.0,,,,,0,,
2023-02-24,90.3692626953125,90.54001627563623,90.1387535038543,90.3692626953125,26721100,378.0733337402344,56.0,,4.0,1.0,,,,,1,,
2023-02-27,90.60834990112205,90.74495282373637,90.32661777200525,90.39491271972656,19660700,379.36102294921875,56.0,,4.0,1.0,,,,,0,,
2023-02-28,90.01925096640883,90.49734807946268,89.87410875973065,90.42904663085938,18239100,377.9589538574219,55.0,,4.0,1.0,,,,,0,,
2023-03-01,90.1823133571276,90.26798781604269,89.75393452600991,89.86531066894531,27249600,376.50909423828125,55.0,,4.0,1.0,,,,,0,,
2023-03-02,89.47120922685029,89.94242858886719,89.38553476190431,89.94242858886719,23715100,379.4372863769531,54.0,,4.0,1.0,,,,,0,,
2023-03-03,90.4821700484033,91.01336210997415,90.33652282615606,90.96195220947266,27316900,385.52264404296875,55.0,,4.0,1.0,,,,,0,,
2023-03-06,91.24468541825088,91.27895650701834,90.6620899822877,90.71349334716797,14688600,385.7896728515625,54.0,,4.0,1.0,,,,,0,,
2023-03-07,90.89343133211806,90.98767521248956,90.25086298588143,90.45648956298828,22431700,379.8759765625,54.0,,4.0,1.0,,,,,0,,
2023-03-08,90.7306309259472,90.96195260130446,90.08806272751491,90.31082153320312,29396500,380.49609375,53.0,,4.0,1.0,,,,,0,,
2023-03-09,90.37936770907467,90.67066872532355,90.09664263657801,90.22515106201172,24552400,373.4759826660156,52.0,,4.0,1.0,,,,,0,,
2023-03-10,91.24466722676507,91.79299146464118,91.03047786707783,91.51882934570312,36906000,368.0869140625,55.0,,1.0,1.0,,,,,0,,
2023-03-13,92.0243413448559,92.75258403229861,91.2275564773724,91.59596252441406,47445400,367.562255859375,54.0,,1.0,1.0,,,,,0,,
2023-03-14,91.53598200994143,92.16141795563486,91.18471478080336,91.32179260253906,49782100,373.6380615234375,54.0,,1.0,1.0,,,,,0,,
2023-03-15,91.93010118205473,92.61550340042709,91.66450185784056,92.19569396972656,50591500,371.30126953125,54.0,,1.0,1.0,,,,,0,,
2023-03-16,92.58125472843102,92.7868813266252,91.78446963592432,92.05863189697266,37961900,377.8157958984375,54.0,,1.0,1.0,,,,,0,,
2023-03-17,92.34133717357732,92.88966153894891,92.19568994389405,92.52125549316406,32011600,373.3981018066406,53.0,,1.0,1.0,,,,,0,,
2023-03-20,92.59835931092263,92.76970820952246,92.15284171609672,92.24708557128906,24035100,376.98858642578125,53.0,,1.0,1.0,,,,,0,,
2023-03-21,92.63263892065403,92.74401506133697,92.2727957420205,92.69261169433594,29109400,381.9386291503906,52.0,,1.0,1.0,,,,,0,,
2023-03-22,92.62407131391744,93.89206899255908,92.36704140083326,93.23236846923828,31434700,375.42791748046875,52.0,,1.0,1.0,,,,,0,,
2023-03-23,93.13815669616523,93.57510508435078,92.85542500166021,93.49799346923828,28703800,376.44281005859375,51.0,,1.0,1.0,,,,,0,,
2023-03-24,93.75497452070577,93.97773330339459,93.54078514334297,93.78924560546875,26204100,378.9130554199219,51.0,,1.0,1.0,,,,,0,,
2023-03-27,92.94105513996813,93.3779967523772,92.64118479004624,92.6668930053711,16527900,379.62158203125,53.0,,1.0,1.0,,0.00023728376920323474,,,1,,
2023-03-28,92.56409104694484,92.70973826885083,92.30706115466462,92.51268768310547,14138000,378.7694396972656,52.0,,1.0,1.0,,0.00021686911445696524,,,0,,
2023-03-29,92.32420401733884,92.97533510967563,92.28993292776187,92.94107055664062,17506000,384.27484130859375,52.0,,1.0,1.0,,0.00023540852610063112,,,0,,
2023-03-30,92.94108689908136,93.25808309445954,92.92394808300826,93.06959533691406,18267200,386.5248718261719,51.0,,1.0,1.0,,0.00026034962017720456,,,0,,
2023-03-31,93.47226195629048,93.97775238852371,93.2666419424961,93.90921020507812,19187400,391.9728088378906,52.0,,1.0,1.0,,0.0003444221136867284,,,0,,
2023-04-03,93.8232614780578,94.55377013823015,93.67716105739952,94.47642517089844,20093500,393.4664001464844,51.0,,1.0,1.0,,0.0004290879105150589,0.00023728376920323474,,0,,
2023-04-04,94.03811415789404,94.70846341285642,93.92639146769388,94.59674072265625,20317700,391.2834167480469,51.0,,1.0,1.0,,0.0005283146961937255,0.00021686911445696524,,0,,
2023-04-05,94.72565741434629,95.03505039300208,94.57955699578129,94.90613555908203,14674800,390.25897216796875,50.0,,1.0,1.0,,0.0005934203460925471,0.00023540852610063112,,0,,
2023-04-06,94.95770241201333,95.05223952328907,94.73425701888983,94.82019805908203,14191300,391.78131103515625,49.0,,1.0,1.0,,0.000619876301840958,0.00026034962017720456,,0,,
2023-04-10,94.34751161613167,94.44204872651905,93.97795924558488,94.38188934326172,10825500,392.18341064453125,49.0,,1.0,1.0,,0.0006308359661794274,0.0003444221136867284,,1,,
2023-04-11,94.39908449414096,94.4936216141081,94.14985742173491,94.35611724853516,14510100,392.2886657714844,48.0,,1.0,1.0,,0.0006275832911652691,0.0004290879105150589,,0,,
2023-04-12,94.76004004000231,94.8030072822767,94.01233921011148,94.15843963623047,20049200,390.6897888183594,48.0,,1.0,1.0,,0.0006216508446635861,0.0005283146961937255,,0,,
2023-04-13,94.45064640709714,94.57956124681148,94.14984948568444,94.32173156738281,18589100,395.8791809082031,47.0,,1.0,1.0,,0.0006445692251977074,0.0005934203460925471,,0,,
2023-04-14,94.05531816186132,94.16704086615258,93.70295134874952,94.01234436035156,16218900,394.9122009277344,47.0,,1.0,1.0,,0.0006745699219820926,0.000619876301840958,,0,,
2023-04-17,93.72875036871704,93.82328750404486,93.31623064808906,93.41935729980469,11891400,396.3291931152344,47.0,,1.0,1.0,,0.0006779296722332169,0.0006308359661794274,,0,,
2023-04-18,93.59981334354875,93.8748285919043,93.59121727291493,93.72872161865234,10522400,396.5876770019531,46.0,,1.0,1.0,,0.0006594027332511624,0.0006275832911652691,,0,,
2023-04-19,93.4881004148189,93.50529255908751,93.2130851184579,93.2646484375,14023700,396.52069091796875,46.0,,1.0,1.0,,0.0006063068415304162,0.0006216508446635861,,1,,
2023-04-20,93.47948586569545,93.76309717813265,93.46230028170558,93.61699676513672,16076100,394.35687255859375,46.0,,1.0,1.0,,0.000601875391099013,0.0006445692251977074,,0,,
2023-04-21,93.9779361245092,94.02090991206933,93.37634243994391,93.67713928222656,18480700,394.6632080078125,45.0,,1.0,1.0,,0.0005779514026119031,0.0006745699219820926,,0,,
2023-04-24,93.76311362648012,94.11548045045173,93.76311362648012,94.0896987915039,7974300,395.0749206542969,45.0,,1.0,1.0,,0.0005710931298317698,0.0006779296722332169,,0,,
2023-04-25,94.49361645300974,94.7342605541617,94.45924528115505,94.50221252441406,17038800,388.8035583496094,44.0,,1.0,1.0,,0.0005835159385110302,0.0006594027332511624,,0,,
2023-04-26,94.5967555691625,94.64831888705815,94.0037511858355,94.0896987915039,19635200,387.15679931640625,44.0,,1.0,1.0,,0.0005755888846832304,0.0006063068415304162,,0,,
2023-04-27,93.93498485090747,94.01232981339928,93.70293684967102,93.74591064453125,14629500,394.8642883300781,44.0,,1.0,1.0,,0.0005624743510508853,0.000601875391099013,,0,,
2023-04-28,94.38188806179463,94.52798848245291,94.11546887625529,94.47642517089844,18882100,398.2344665527344,44.0,,1.0,1.0,,0.0005560532727135621,0.0005779514026119031,,0,,
2023-05-01,93.94349159457708,93.97798604645338,92.79657574148024,92.95179748535156,20789900,397.83233642578125,49.0,,4.0,1.0,,0.0004940830589269296,0.0005710931298317698,,1,,
2023-05-02,93.28811042941649,94.09008834514847,93.18462707349676,94.07283782958984,21547100,393.3611145019531,51.0,,4.0,1.0,,0.00048510966388189836,0.0005835159385110302,,0,,
2023-05-03,94.25394889717502,94.46953431864235,93.85726593202759,94.22807312011719,15750800,390.6610412597656,50.0,,4.0,1.0,,0.0004383378807298044,0.0005755888846832304,,0,,
2023-05-04,93.70203657469476,94.2194401921443,93.60717847726221,93.9693603515625,17811700,387.89398193359375,50.0,,4.0,1.0,,0.0004558535153237914,0.0005624743510508853,,0,,
2023-05-05,93.71928381424331,93.84001110993194,93.42608425389653,93.59855651855469,12130800,395.0749206542969,49.0,,4.0,1.0,,0.000379749016096814,0.0005560532727135621,,0,,
2023-05-08,93.08116323316553,93.15877082653326,92.80521415817208,92.92594146728516,16424800,395.18023681640625,50.0,,4.0,1.0,,0.00028007581321481495,0.0004940830589269296,,1,,
2023-05-09,92.94318737128181,93.1242783387804,92.86557977627315,92.89144897460938,15860300,393.44720458984375,49.0,,4.0,1.0,,0.00021539090841336852,0.00048510966388189836,,0,,
2023-05-10,93.49509809538716,93.64169462508653,93.34850156568781,93.62445068359375,15815700,395.28558349609375,49.0,,4.0,1.0,,0.00021447202853959913,0.0004383378807298044,,0,,
2023-05-11,94.20220346240725,94.21082872138443,93.87451599186852,93.98661804199219,12261800,394.5962219238281,49.0,,4.0,1.0,,0.00023503983464662862,0.0004558535153237914,,0,,
2023-05-12,93.98661130041549,94.05560020899458,93.39160005656808,93.40884399414062,10797200,394.0792236328125,49.0,,4.0,1.0,,0.00022081513432018767,0.000379749016096814,,0,,
2023-05-15,92.93453770960996,93.00352660648832,92.78794123810094,92.9086685180664,20334800,395.4386901855469,49.0,,4.0,1.0,,0.0001758050159142104,0.00028007581321481495,,1,,
2023-05-16,92.51202786388147,92.60688598884121,92.34818081546995,92.44303894042969,25934500,392.7961730957031,48.0,,4.0,1.0,,0.00011925246193484627,0.00021539090841336852,,1,,
2023-05-17,92.61547048763751,92.68445938072628,92.3395214944254,92.43437957763672,25387100,397.5643310546875,48.0,,4.0,1.0,,6.169156953694797e-05,0.00021447202853959913,,0,,
2023-05-18,92.21018795242198,92.21018795242198,91.91698838599108,92.04634094238281,21383500,401.39410400390625,47.0,,4.0,1.0,,2.6452037170610282e-08,0.00023503983464662862,,1,,
2023-05-19,92.03774088920864,92.18433741251899,91.83939938538325,91.93425750732422,22194600,400.8100280761719,47.0,,4.0,1.0,,-4.742171366298471e-05,0.00022081513432018767,,0,,
2023-05-22,91.99462313862071,92.2102085878039,91.83940135204297,91.89976501464844,15526700,400.972900390625,46.0,,4.0,1.0,,-6.57736832075844e-05,0.0001758050159142104,,0,,
2023-05-23,91.79629312908,92.17572567249734,91.6583218454761,92.08949279785156,15529300,396.4728088378906,45.0,,4.0,1.0,,-3.9042781662268166e-05,0.00011925246193484627,,0,,
2023-05-24,92.14120761646537,92.17570207332159,91.67554231762367,91.72728729248047,16688900,393.6004638671875,45.0,,4.0,1.0,,-3.5399126969475635e-05,6.169156953694797e-05,,0,,
2023-05-25,91.83076245235827,91.89112610599797,91.39097293833113,91.42546081542969,18743200,397.0090026855469,45.0,,4.0,1.0,,-7.83674640013756e-05,2.6452037170610282e-08,,0,,
2023-05-26,91.44270754415201,91.84800916428674,91.37371863452387,91.81351470947266,15848500,402.15045166015625,44.0,,4.0,1.0,,-0.00012887777093594462,-4.742171366298471e-05,,0,,
2023-05-30,92.2188273079763,92.5033950805664,92.16708233002284,92.5033950805664,21581400,402.3037109375,45.0,,4.0,1.0,,-0.00010870477733951953,-6.57736832075844e-05,,0,,
2023-05-31,92.47750467440729,92.90867544332079,92.33090819197122,92.8051986694336,24052300,400.07281494140625,44.0,,4.0,1.0,,-5.834548533930641e-05,-3.9042781662268166e-05,,0,,
2023-06-01,93.09851233095156,93.31479918115811,92.95143885694331,93.08985900878906,26084500,403.87396240234375,44.0,,4.0,1.0,,-1.5813923287843263e-05,-3.5399126969475635e-05,,0,,
2023-06-02,93.16772660947944,93.22828666410177,92.76110627106488,92.8389663696289,17086600,409.71441650390625,43.0,,4.0,1.0,,-2.476383080088187e-05,-7.83674640013756e-05,,0,,
2023-06-05,92.54480976833204,92.99468346996417,92.44098971385529,92.63997650146484,14211100,408.9293212890625,43.0,,4.0,1.0,,-2.923289306541171e-05,-0.00012887777093594462,,0,,
2023-06-06,92.66592087770618,92.8476010050075,92.41502738746637,92.82164764404297,25228400,409.8197021484375,42.0,,1.0,1.0,,-3.343213368133211e-05,-0.00010870477733951953,,0,,
2023-06-07,92.75243898465314,92.84760571338214,91.93919843025986,91.9911117553711,26526700,408.4027099609375,43.0,,1.0,1.0,,-7.652361275296126e-05,-5.834548533930641e-05,,0,,
2023-06-08,92.08626732472428,92.65726102735307,92.06031396558876,92.60535430908203,16579800,410.8729553222656,44.0,,1.0,1.0,,-9.82357763038046e-05,-1.5813923287843263e-05,,0,,
2023-06-09,92.40638970024587,92.50155644024916,92.2074094988213,92.3631362915039,12060000,411.6101989746094,43.0,,1.0,1.0,,-0.00012477079123306207,-2.476383080088187e-05,,0,,
2023-06-12,92.5620979884945,92.6659180297114,92.06896434367556,92.65726470947266,14229300,415.3442687988281,43.0,,1.0,1.0,,-9.793587432499946e-05,-2.923289306541171e-05,,0,,
2023-06-13,92.80432181242753,92.90814183536676,92.09490149038002,92.24198150634766,19385200,418.0825500488281,43.0,,1.0,1.0,,-7.05294851129108e-05,-3.343213368133211e-05,,0,,
2023-06-14,92.51019629702206,92.7610897931895,92.0776226692609,92.52749633789062,30280100,418.5804748535156,42.0,,1.0,1.0,,-2.8346468560150884e-05,-7.652361275296126e-05,,0,,
2023-06-15,93.01198439177632,93.34939129738514,92.80434429559412,93.33208465576172,23426200,423.7698669433594,43.0,,1.0,1.0,,2.0020256956675096e-05,-9.82357763038046e-05,,0,,
2023-06-16,93.03792832436739,93.25421511889105,92.83029484977843,93.1677017211914,13184500,422.3265075683594,43.0,,1.0,1.0,,4.0819483041926245e-05,-0.00012477079123306207,,0,,
2023-06-20,93.30612493253179,93.60892513479952,93.30612493253179,93.50511169433594,22272700,420.13531494140625,42.0,,1.0,1.0,,7.487632961864498e-05,-9.793587432499946e-05,,0,,
2023-06-21,93.11579833957721,93.51376529190644,92.8389514770634,93.40129852294922,17521700,417.98260498046875,42.0,,1.0,1.0,,0.0001256964373678282,-7.05294851129108e-05,,0,,
2023-06-22,93.0552139179637,93.26285396086813,92.76106709133792,92.91679382324219,16007900,419.4914245605469,42.0,,1.0,1.0,,0.00016635049074855283,-2.8346468560150884e-05,,0,,
2023-06-23,93.5397356236554,93.5397356236554,93.00334188033341,93.1763687133789,13102800,416.3200378417969,41.0,,1.0,1.0,,0.00017011317386025004,2.0020256956675096e-05,,0,,
2023-06-26,93.41860862141964,93.45320870503303,93.22827515879541,93.28018188476562,14642200,414.61907958984375,41.0,,1.0,1.0,,0.00015283700556368356,4.0819483041926245e-05,,0,,
2023-06-27,93.37535551187676,93.54838234492226,92.9687351936142,93.1763687133789,15749300,419.1647033691406,40.0,,1.0,1.0,,0.0001427757556858872,7.487632961864498e-05,,0,,
2023-06-28,93.30612282961503,93.6002763055808,93.11578939232234,93.58296966552734,17806000,419.3761291503906,40.0,,1.0,1.0,,0.0001586084747812103,0.0001256964373678282,,0,,
2023-06-29,92.89084179367975,92.96870186046898,92.5793883254264,92.87353515625,25554500,421.02899169921875,41.0,,1.0,1.0,,0.00015009784887867275,0.00016635049074855283,,1,,
2023-06-30,93.11579515375213,93.6175821375623,92.9514216663692,93.55702209472656,20938600,425.9975280761719,41.0,,1.0,1.0,,0.00014509336775160773,0.00017011317386025004,,0,,
2023-07-03,93.62474350081342,93.87644703877508,93.294921875,93.294921875,11810800,426.4875793457031,41.0,,1.0,1.0,,0.00011981263240553695,0.00015283700556368356,,0,,
2023-07-05,93.13868383934458,93.19943940353629,92.51376568088135,92.62660217285156,21463300,425.85333251953125,41.0,,1.0,1.0,,9.388044951910524e-05,0.0001427757556858872,,1,,
2023-07-06,91.89753573385376,91.94961666557282,91.43752833847427,91.6892318725586,35240800,422.5186462402344,43.0,,4.0,1.0,,2.4078168467716796e-05,0.0001586084747812103,,1,,
2023-07-07,91.71526212112754,91.99300278922674,91.5850697344242,91.60243225097656,17148000,421.45184326171875,43.0,,4.0,1.0,,-6.052976038651303e-05,0.00015009784887867275,,0,,
2023-07-10,91.72393610920797,92.16658754017008,91.63714339890502,92.07978820800781,16360600,422.5186462402344,42.0,,4.0,1.0,,-0.00010166851206558449,0.00014509336775160773,,0,,
2023-07-11,92.29677832921146,92.57452561230609,92.18394846184904,92.51376342773438,21693900,425.20941162109375,42.0,,4.0,1.0,,-7.126372974993265e-05,0.00011981263240553695,,0,,
2023-07-12,92.97377587833228,93.45982037207898,92.97377587833228,93.32962799072266,23217300,428.63067626953125,43.0,,4.0,1.0,,-1.4936095447098502e-05,9.388044951910524e-05,,0,,
2023-07-13,93.72887306840718,94.02397621983633,93.62472446825734,93.9892578125,21637500,432.0326843261719,44.0,,1.0,1.0,,2.577799564415552e-05,2.4078168467716796e-05,,0,,
2023-07-14,93.84171796883781,93.94586657833369,93.23415571871979,93.26019287109375,23784000,431.7635498046875,44.0,,1.0,1.0,,1.8591341270304224e-05,-6.052976038651303e-05,,0,,
2023-07-17,93.24282694179767,93.49453042409,93.17339012836689,93.41641235351562,12260100,433.2626953125,44.0,,1.0,1.0,,1.3161674418670998e-05,-0.00010166851206558449,,0,,
2023-07-18,93.79828981035831,93.8937637546371,93.61602317724181,93.65074157714844,17403600,436.48211669921875,43.0,,1.0,1.0,,1.647522183521892e-06,-7.126372974993265e-05,,0,,
2023-07-19,93.96321360627049,94.18887330422191,93.80698409591871,94.1801986694336,20871600,437.4527282714844,43.0,,1.0,1.0,,3.159428411163341e-05,-1.4936095447098502e-05,,0,,
2023-07-20,93.79830381230018,93.82434096065248,93.29489687129356,93.54660034179688,37868000,434.5505065917969,44.0,1.0,1.0,1.0,1.0,3.186452974657495e-05,2.577799564415552e-05,,0,1.0,1.0
2023-07-21,93.89379165064715,93.91982880284837,93.63340688491556,93.7115249633789,16517800,434.5505065917969,43.0,1.0,1.0,1.0,1.0,5.221537456498869e-05,1.8591341270304224e-05,,0,1.0,2.0
2023-07-24,93.8764105372355,93.9979216294379,93.5726261848716,93.59866333007812,17999400,436.4917297363281,43.0,1.0,1.0,1.0,1.0,4.295459693919937e-05,1.3161674418670998e-05,,0,1.0,3.0
2023-07-25,93.35567500519272,93.64209695006379,93.33831910937946,93.4511489868164,15029800,437.6833801269531,42.0,1.0,1.0,1.0,1.0,4.6365303995913844e-05,1.647522183521892e-06,,0,1.0,4.0
2023-07-26,93.78962735494294,93.96321938927238,93.46849367968676,93.88510131835938,17816800,437.7507019042969,42.0,1.0,1.0,1.0,1.0,1.967071589921687e-05,3.159428411163341e-05,,0,1.0,5.0
2023-07-27,93.77226137247342,93.85037281312255,92.62658055661133,92.73941040039062,29142600,434.8484191894531,44.0,1.0,1.0,1.0,1.0,-3.1706076356579856e-05,3.186452974657495e-05,,0,1.0,6.0
2023-07-28,93.15603693175032,93.39037790653697,92.99112615054467,93.34698486328125,18719300,439.105712890625,45.0,1.0,1.0,1.0,1.0,-3.807167888911113e-05,5.221537456498869e-05,,0,1.0,7.0
2023-07-31,93.37304270132013,93.76361328645237,93.37304270132013,93.60738372802734,24906600,439.9417724609375,44.0,1.0,1.0,1.0,1.0,-3.276067793748993e-05,4.295459693919937e-05,,0,1.0,8.0
2023-08-01,93.01427227077943,93.16232709774559,92.59622768597664,92.67461395263672,22977700,438.682861328125,46.0,1.0,4.0,1.0,2.0,-1.5899437130448526e-05,4.6365303995913844e-05,,1,2.0,9.0
2023-08-02,92.14335811251901,92.21302667733835,91.78627764772256,92.1085205078125,28516700,432.5804138183594,46.0,1.0,4.0,1.0,2.0,-5.5939620239894866e-05,1.967071589921687e-05,,1,2.0,10.0
2023-08-03,91.36823288666895,91.40306384419189,91.06340552930111,91.28113555908203,27632700,431.3407287597656,47.0,1.0,4.0,1.0,2.0,-0.00011285257071923054,-3.1706076356579856e-05,,1,2.0,11.0
2023-08-04,91.61209334832384,92.35237415210545,91.60338228627649,92.2304458618164,19998900,429.3898620605469,48.0,1.0,4.0,1.0,2.0,-0.00010163348599278904,-3.807167888911113e-05,,0,2.0,12.0
2023-08-07,92.15206790671886,92.1956165762912,91.88208476023378,92.00401306152344,10726300,433.1377868652344,47.0,1.0,4.0,1.0,2.0,-8.22475349110127e-05,-3.276067793748993e-05,,0,2.0,13.0
2023-08-08,92.43076090277428,92.57882239062032,92.24786845324049,92.36979675292969,17616200,431.2542724609375,47.0,1.0,4.0,1.0,2.0,-3.9119784291894134e-05,-1.5899437130448526e-05,,0,2.0,14.0
2023-08-09,92.49170961798471,92.58751135812409,92.3697813386424,92.45687866210938,11514100,428.37115478515625,46.0,1.0,4.0,1.0,2.0,-3.245074459958332e-05,-5.5939620239894866e-05,,0,2.0,15.0
2023-08-10,92.57009532121064,92.80524081721009,91.77755486567838,91.8036880493164,22056400,428.52490234375,47.0,1.0,4.0,1.0,2.0,-2.3482158091731363e-05,-0.00011285257071923054,,0,2.0,16.0
2023-08-11,91.4814241336673,91.80366687829478,91.42917106762712,91.4901351928711,12803100,428.27508544921875,46.0,1.0,4.0,1.0,2.0,-3.247021985879105e-05,-0.00010163348599278904,,0,2.0,17.0
2023-08-14,91.46402668258503,91.70788989392075,91.19404357577613,91.455322265625,9829300,430.63916015625,46.0,1.0,4.0,1.0,2.0,-4.053311691578703e-05,-8.22475349110127e-05,,0,2.0,18.0
2023-08-15,91.24628617638761,91.40305204337396,90.97630310058594,90.97630310058594,17279900,425.6226806640625,45.0,1.0,4.0,1.0,2.0,-5.0062230074533755e-05,-3.9119784291894134e-05,,0,2.0,19.0
2023-08-16,90.89794765644773,91.15051532288663,90.45377647446247,90.5669937133789,20773700,422.4993896484375,45.0,1.0,4.0,1.0,2.0,-6.997647780242688e-05,-3.245074459958332e-05,,0,2.0,20.0
2023-08-17,90.45375945726391,90.53213907455407,90.05313702039766,90.3231201171875,29797400,419.2800598144531,45.0,1.0,4.0,1.0,2.0,-8.259686270754766e-05,-2.3482158091731363e-05,,0,2.0,21.0
2023-08-18,90.34052177155961,90.7585595915796,90.24472005351517,90.66275787353516,17884100,419.4818420410156,44.0,1.0,4.0,1.0,2.0,-6.833061510403637e-05,-3.247021985879105e-05,,0,2.0,22.0
2023-08-21,90.26216175880207,90.32312590212993,89.93121450139269,90.12281799316406,19065100,422.2110290527344,44.0,1.0,4.0,1.0,2.0,-6.503491185375861e-05,-4.053311691578703e-05,,0,2.0,23.0
2023-08-22,90.2099010410493,90.46246865476886,90.07926170366434,90.40150451660156,18361500,421.0675048828125,44.0,1.0,4.0,1.0,2.0,-6.6854953366363e-05,-5.0062230074533755e-05,,0,2.0,24.0
2023-08-23,90.99372575133253,91.69045777397766,90.99372575133253,91.67304229736328,22620400,425.7572326660156,47.0,1.0,4.0,1.0,2.0,-5.367682443470727e-05,-6.997647780242688e-05,,0,2.0,25.0
2023-08-24,91.51628584251932,91.63821412513816,91.34209783549737,91.3595199584961,20129900,419.8566589355469,47.0,1.0,4.0,1.0,2.0,-5.0638745605265956e-05,-8.259686270754766e-05,,0,2.0,26.0
2023-08-25,91.3246601334359,91.69915595165904,91.01983950106624,91.41175079345703,18521400,422.8164978027344,46.0,1.0,4.0,1.0,2.0,-4.4551121715347986e-05,-6.833061510403637e-05,,0,2.0,27.0
2023-08-28,91.82981995047436,91.83852436760246,91.48145057214674,91.69918060302734,15271000,425.497802734375,46.0,1.0,4.0,1.0,2.0,-5.45519934352412e-05,-6.503491185375861e-05,,0,2.0,28.0
2023-08-29,91.64693277481241,92.46559321952326,91.57725756623466,92.43075561523438,21843300,431.6482849121094,46.0,1.0,4.0,1.0,2.0,-6.4506296326381695e-06,-6.6854953366363e-05,,0,2.0,29.0
2023-08-30,92.47429885931302,92.54397406380522,92.2652798904297,92.30011749267578,21533500,433.4261169433594,46.0,1.0,4.0,1.0,2.0,1.5637363905105796e-05,-5.367682443470727e-05,,0,2.0,30.0
2023-08-31,92.45687866210938,92.6658976203258,92.37849239990767,92.45687866210938,20534800,432.7919006347656,45.0,4.0,1.0,1.0,7.0,2.0266199605415416e-05,-5.0638745605265956e-05,,0,2.0,31.0
2023-09-01,92.45424686639149,92.4804665164086,91.69385034280265,91.7987289428711,16514200,433.59912109375,45.0,4.0,1.0,1.0,7.0,-2.079028105188451e-05,-4.4551121715347986e-05,,0,2.0,32.0
2023-09-05,91.51904956990742,91.55401132908034,91.11699934182937,91.14321899414062,16272800,431.7251281738281,46.0,4.0,1.0,1.0,7.0,-6.585761429240272e-05,-5.45519934352412e-05,,1,2.0,33.0
2023-09-06,91.26558053420584,91.29180018614854,90.85478820504055,91.05581665039062,17733800,428.8228759765625,45.0,4.0,1.0,1.0,7.0,-0.00012000022878789193,-6.4506296326381695e-06,,0,2.0,34.0
2023-09-07,91.16944096409486,91.46661259048234,91.08203989807755,91.45787048339844,17295600,427.5063171386719,45.0,4.0,1.0,1.0,7.0,-0.00014145595306528868,1.5637363905105796e-05,,0,2.0,35.0
2023-09-08,91.6938452908112,91.92982879623654,91.52777862548828,91.52777862548828,18608800,428.15008544921875,44.0,4.0,1.0,1.0,7.0,-0.0001379640342177539,2.0266199605415416e-05,,0,2.0,36.0
2023-09-11,91.4141629779873,91.45786684339349,91.2393608529098,91.35298156738281,13686300,430.96600341796875,44.0,4.0,1.0,1.0,7.0,-0.00012874041209243867,-2.079028105188451e-05,,1,2.0,37.0
2023-09-12,91.36172109606258,91.37920530904114,91.1694347629391,91.3267593383789,15839800,428.6018371582031,43.0,4.0,1.0,1.0,7.0,-0.00014218606319860527,-6.585761429240272e-05,,0,2.0,38.0
2023-09-13,91.23060704903006,91.61517967682089,91.17816775188504,91.52777862548828,19975200,429.1015319824219,42.0,4.0,1.0,1.0,7.0,-0.00015492644592475396,-0.00012000022878789193,,0,2.0,39.0
2023-09-14,91.59773035872067,91.68513143698499,91.30930079900106,91.36174011230469,16821000,432.80145263671875,42.0,4.0,1.0,1.0,7.0,-0.00015803695883336586,-0.00014145595306528868,,0,2.0,40.0
2023-09-15,91.27433262016557,91.31803649036407,91.0296069509125,91.22189331054688,21796400,427.5869445800781,41.0,4.0,1.0,1.0,7.0,-0.00014367337171670722,-0.0001379640342177539,,0,2.0,41.0
2023-09-18,91.04706423092193,91.42289475883614,91.04706423092193,91.39667510986328,12182200,427.83770751953125,41.0,4.0,1.0,1.0,7.0,-0.0001320190423586563,-0.00012874041209243867,,0,2.0,42.0
2023-09-19,91.1781908684134,91.27433404973641,91.05582803187036,91.09078979492188,14577800,426.950439453125,40.0,4.0,1.0,1.0,7.0,-0.0001246993265814425,-0.00014218606319860527,,0,2.0,43.0
2023-09-20,91.38792793594061,91.58021424210821,91.10824058195296,91.12572479248047,23735800,423.0252990722656,40.0,4.0,4.0,1.0,8.0,-0.0001339684398495327,-0.00015492644592475396,,0,2.0,44.0
2023-09-21,90.38281659713357,90.40029414146028,90.13808429864656,90.2080078125,30183800,416.03338623046875,42.0,4.0,4.0,1.0,8.0,-0.00018458156456126998,-0.00015803695883336586,,1,2.0,45.0
2023-09-22,90.41777529570093,90.84605183394709,90.30415458235781,90.7586441040039,21849000,415.0979309082031,42.0,4.0,4.0,1.0,8.0,-0.0002142861507590832,-0.00014367337171670722,,0,2.0,46.0
2023-09-25,90.07689149252572,90.33910130215871,89.84965010366776,89.87586975097656,25968600,416.8434753417969,43.0,4.0,4.0,1.0,8.0,-0.00026330034010969193,-0.0001320190423586563,,0,2.0,47.0
2023-09-26,90.068190703982,90.12937212732928,89.50007367674294,89.6224365234375,39047500,410.71954345703125,43.0,4.0,4.0,1.0,8.0,-0.0002892437028493958,-0.0001246993265814425,,0,2.0,48.0
2023-09-27,90.04195844085895,90.12062407613246,88.88824691361917,89.20289611816406,35741200,410.8834533691406,43.0,4.0,4.0,1.0,8.0,-0.00034219682996175694,-0.0001339684398495327,,0,2.0,49.0
2023-09-28,88.81830844064258,89.37768318631518,88.53862106780629,89.36019897460938,34650100,413.2655334472656,42.0,4.0,4.0,1.0,8.0,-0.0003521969952138616,-0.00018458156456126998,,0,2.0,50.0
2023-09-29,89.8321984340469,89.95456127799429,88.95817430969419,89.16793823242188,28143000,412.2626037597656,42.0,4.0,4.0,1.0,8.0,-0.0003482464461970138,-0.0002142861507590832,,0,2.0,51.0
2023-10-02,88.73708912454312,88.88626167560301,88.27203869250846,88.35101318359375,18787800,412.09857177734375,43.0,4.0,4.0,1.0,8.0,-0.0003639966512068756,-0.00026330034010969193,,1,2.0,52.0
2023-10-03,88.07021893901474,88.21060835064151,87.21030952540212,87.3331527709961,30830200,406.58221435546875,45.0,4.0,4.0,1.0,8.0,-0.0004058034964008152,-0.0002892437028493958,,1,2.0,53.0
2023-10-04,87.82454178561207,88.14042638750507,87.45601198155558,88.0965576171875,25863600,409.54302978515625,46.0,4.0,4.0,1.0,8.0,-0.0004304153686871177,-0.00034219682996175694,,0,2.0,54.0
2023-10-05,88.21941236915623,88.40367729517115,87.85088251712642,87.99127197265625,21155700,409.388671875,45.0,4.0,4.0,1.0,8.0,-0.000445484159995454,-0.0003521969952138616,,0,2.0,55.0
2023-10-06,87.14889576619586,87.92105433595327,87.01727607848183,87.72801971435547,21667900,414.249267578125,45.0,4.0,4.0,1.0,8.0,-0.00043968023871794295,-0.0003482464461970138,,0,2.0,56.0
2023-10-09,88.16676276088762,88.84240078923003,88.01759018535576,88.81607818603516,6398600,416.9013977050781,47.0,4.0,4.0,1.0,8.0,-0.00042112691521271347,-0.0003639966512068756,,0,2.0,57.0
2023-10-10,88.41243033116923,89.20214172971735,88.24571162079376,88.85115814208984,23168100,419.0712585449219,47.0,4.0,4.0,1.0,8.0,-0.0003775118736967234,-0.0004058034964008152,,0,2.0,58.0
2023-10-11,89.37763358099019,89.44783164008079,89.00032738144743,89.39517974853516,22655800,420.7878723144531,47.0,4.0,4.0,1.0,8.0,-0.000338587220876988,-0.0004304153686871177,,0,2.0,59.0
2023-10-12,89.2635835296977,89.36009751101439,88.27205416847286,88.46509552001953,27899900,418.22259521484375,48.0,4.0,4.0,1.0,8.0,-0.0003583239790436198,-0.000445484159995454,,0,2.0,60.0
2023-10-13,89.1933681904879,89.26356624918009,88.7809629637405,88.95645141601562,20716300,416.1394958496094,48.0,4.0,4.0,1.0,8.0,-0.00037567495138346105,-0.00043968023871794295,,0,2.0,61.0
2023-10-16,88.46507500126063,88.57914182141921,88.29835629187454,88.34223175048828,25991800,420.5179138183594,48.0,4.0,4.0,1.0,8.0,-0.00040851507005983237,-0.00042112691521271347,,1,2.0,62.0
2023-10-17,87.57007505543928,87.93860481548961,87.35948088302031,87.64026641845703,24273500,420.49859619140625,49.0,4.0,4.0,1.0,8.0,-0.0004202315184871066,-0.0003775118736967234,,1,2.0,63.0
2023-10-18,87.31563790628819,87.36828311771389,86.8242580533053,86.9383316040039,32144400,414.8953552246094,49.0,4.0,4.0,1.0,8.0,-0.0004529754906421467,-0.000338587220876988,,0,2.0,64.0
2023-10-19,86.79791448489458,87.06993029863251,86.22756695251866,86.23634338378906,41211800,411.24993896484375,50.0,4.0,4.0,1.0,8.0,-0.0005038257915453856,-0.0003583239790436198,,0,2.0,65.0
2023-10-20,86.30654312152768,86.6575267401503,86.30654312152768,86.57855224609375,27130800,406.19647216796875,49.0,4.0,4.0,1.0,8.0,-0.0005246493145029701,-0.00037567495138346105,,0,2.0,66.0
2023-10-23,86.32408858111137,87.49110625830505,86.20124531977052,87.25419616699219,21103000,405.492431640625,50.0,4.0,4.0,1.0,8.0,-0.0005209108424234685,-0.00040851507005983237,,0,2.0,67.0
2023-10-24,87.38579968430568,87.79820488597267,87.23663383949781,87.74555969238281,24517600,408.5496520996094,50.0,4.0,4.0,1.0,8.0,-0.0004719875469934328,-0.0004202315184871066,,0,2.0,68.0
2023-10-25,87.2541973715789,87.30684257160729,86.7452714564519,86.94708251953125,20957000,402.68603515625,50.0,4.0,4.0,1.0,8.0,-0.00047241073587418633,-0.0004529754906421467,,0,2.0,69.0
2023-10-26,87.02606270207878,87.63150931980049,86.89444299894933,87.578857421875,28046100,397.8640441894531,51.0,4.0,4.0,1.0,8.0,-0.0004538656751478145,-0.0005038257915453856,,0,2.0,70.0
2023-10-27,87.47357178969001,87.58763863491858,87.14013429763388,87.40337371826172,21362800,396.0605773925781,50.0,4.0,4.0,1.0,8.0,-0.000444003796563978,-0.0005246493145029701,,0,2.0,71.0
2023-10-30,87.15767432246037,87.33316278072121,86.87688877256967,87.14012145996094,20961500,400.7957763671875,49.0,4.0,4.0,1.0,8.0,-0.00042431926920313893,-0.0005209108424234685,,0,2.0,72.0
2023-10-31,87.25419736764188,87.6578261882381,86.99095797860028,87.01728057861328,28805700,403.31298828125,49.0,4.0,4.0,1.0,8.0,-0.0004434616893872171,-0.0004719875469934328,,0,2.0,73.0
2023-11-01,87.4259305276311,88.29781684166554,87.3819001411091,88.26258850097656,32111800,407.6141662597656,52.0,4.0,4.0,1.0,8.0,-0.0004275041713206068,-0.00047241073587418633,,0,2.0,74.0
2023-11-02,89.12563460488646,89.38103496468678,88.97591923783295,89.31058502197266,31295500,415.42584228515625,53.0,4.0,1.0,1.0,7.0,-0.0003472650933200231,-0.0004538656751478145,,0,2.0,75.0
2023-11-03,90.34101326083416,90.62283326626944,89.72452737955025,89.7509536743164,38496200,419.2159423828125,53.0,4.0,1.0,1.0,7.0,-0.00024548271881715336,-0.000444003796563978,,0,2.0,76.0
2023-11-06,89.59242369165635,89.59242369165635,89.16969035135631,89.27537536621094,17827700,420.1802978515625,53.0,4.0,1.0,1.0,7.0,-0.0001773848357068463,-0.00042431926920313893,,1,2.0,77.0
2023-11-07,89.61003514389711,90.18248388667446,89.54838723123608,89.98873138427734,25518200,421.3761901855469,53.0,4.0,1.0,1.0,7.0,-0.00013682562354541529,-0.0004434616893872171,,0,2.0,78.0
2023-11-08,90.12962986259471,90.52594359593665,90.12082781809582,90.4466781616211,26997000,421.684814453125,53.0,4.0,1.0,1.0,7.0,-8.342908330004552e-05,-0.0004275041713206068,,0,2.0,79.0
2023-11-09,90.32338338570347,90.32338338570347,89.37224519680913,89.53076934814453,23864100,418.3961486816406,54.0,4.0,1.0,1.0,7.0,-6.14392954909813e-05,-0.0003472650933200231,,0,2.0,80.0
2023-11-10,90.10322289439858,90.12964246982666,89.8037920807218,89.97992706298828,18498900,424.9251403808594,53.0,4.0,1.0,1.0,7.0,-4.833351621415469e-05,-0.00024548271881715336,,0,2.0,81.0
2023-11-13,89.68049182097216,90.05037929693837,89.52196765711257,89.98873138427734,21439200,424.5201721191406,53.0,4.0,1.0,1.0,7.0,-4.9689630684810154e-05,-0.0001773848357068463,,0,2.0,82.0
2023-11-14,91.42426198455202,91.63563204139436,91.29216409792475,91.39784240722656,28387800,432.756103515625,56.0,4.0,1.0,1.0,7.0,3.344056052941914e-05,-0.00013682562354541529,,0,2.0,83.0
2023-11-15,91.0807729867595,91.10719255797778,90.68446598024973,90.92224884033203,23895000,433.6723327636719,56.0,4.0,1.0,1.0,7.0,8.124790398079041e-05,-8.342908330004552e-05,,1,2.0,84.0
2023-11-16,91.38900982306276,91.71486686976051,91.31855987492935,91.67082977294922,21223000,434.20269775390625,56.0,4.0,1.0,1.0,7.0,0.00013652538361658853,-6.14392954909813e-05,,0,2.0,85.0
2023-11-17,91.98789774593938,92.10239153450841,91.72369526587346,91.93505859375,25810200,434.7427978515625,55.0,4.0,1.0,1.0,7.0,0.00013691695734378788,-4.833351621415469e-05,,0,2.0,86.0
2023-11-20,91.82055714347345,92.3665795482304,91.8029396160902,92.304931640625,18529400,438.0892333984375,55.0,4.0,1.0,1.0,7.0,0.00014663900722833653,-4.9689630684810154e-05,,0,2.0,87.0
2023-11-21,92.32255781788294,92.44585364464555,92.07596616435771,92.33135986328125,20273200,437.1345520019531,54.0,4.0,1.0,1.0,7.0,0.00013636433737315286,3.344056052941914e-05,,0,2.0,88.0
2023-11-22,92.68361538514235,92.80691118377136,92.34014755765904,92.70123291015625,18588000,438.8222351074219,53.0,4.0,1.0,1.0,7.0,0.00012907386420977514,8.124790398079041e-05,,0,2.0,89.0
2023-11-24,92.34895039276608,92.48985698824787,92.20803707816764,92.22565460205078,6391400,439.0921936035156,53.0,4.0,1.0,1.0,7.0,0.00013682606211421567,0.00013652538361658853,,0,2.0,90.0
2023-11-27,92.52508275571424,92.99184633894697,92.36655864073741,92.97423553466797,17919500,438.30145263671875,53.0,4.0,1.0,1.0,7.0,0.00015799311243853585,0.00013691695734378788,,0,2.0,91.0
2023-11-28,92.81573511672156,93.37937506518432,92.7276676346089,93.34414672851562,21320800,438.7353820800781,53.0,4.0,1.0,1.0,7.0,0.00020458015612907654,0.00014663900722833653,,0,2.0,92.0
2023-11-29,93.82852079298748,94.1543778429481,93.70522498362243,94.10153198242188,20661800,438.4267883300781,53.0,4.0,1.0,1.0,7.0,0.00027172100858032937,0.00013636433737315286,,0,2.0,93.0
2023-11-30,93.89018027799513,93.91659985195795,93.42341655366897,93.60836029052734,41950900,440.1531066894531,53.0,4.0,1.0,1.0,7.0,0.00032925388979130276,0.00012907386420977514,,0,2.0,94.0
2023-12-01,93.73652524237225,94.77961395830152,93.6127695255824,94.73541259765625,27733500,442.7569274902344,55.0,1.0,1.0,1.0,1.0,0.0003907719108381868,0.00013682606211421567,,0,1.0,95.0
2023-12-04,94.41718307945575,94.54093879807374,94.09895216181499,94.3022689819336,28914300,440.4327392578125,54.0,1.0,1.0,1.0,1.0,0.0004171944399179687,0.00015799311243853585,,0,1.0,96.0
2023-12-05,94.72659169376928,95.17741326678305,94.61167083681218,95.05365753173828,33315200,440.345947265625,54.0,1.0,1.0,1.0,1.0,0.00044836945067026874,0.00020458015612907654,,0,1.0,97.0
2023-12-06,95.33654520747048,95.6370997188883,95.22163107485413,95.40726470947266,22544300,438.571533203125,54.0,1.0,1.0,1.0,1.0,0.0004346744940133401,0.00027172100858032937,,0,1.0,98.0
2023-12-07,95.28347170239172,95.67242206716232,95.18623411119908,95.41606903076172,20253300,441.91796875,53.0,1.0,1.0,1.0,1.0,0.00045049691188643685,0.00032925388979130276,,0,1.0,99.0
2023-12-08,94.88569047557795,95.14204354104427,94.744258255013,94.90337371826172,21624200,443.8177795410156,53.0,1.0,1.0,1.0,1.0,0.00042994631267508554,0.0003907719108381868,,1,1.0,100.0
2023-12-11,94.77961634235024,94.90337206225298,94.39066594026677,94.8768539428711,17714600,445.5440673828125,52.0,1.0,1.0,1.0,1.0,0.00042484125498306826,0.0004171944399179687,,0,1.0,101.0
2023-12-12,94.8680032207832,95.45142876793908,94.70888777557526,95.41606903076172,22111100,447.5789794921875,52.0,1.0,1.0,1.0,1.0,0.00042772742292056725,0.00044836945067026874,,0,1.0,102.0
2023-12-13,95.77851109580106,97.19286710655334,95.58403587978862,97.01607513427734,33623500,453.75115966796875,56.0,1.0,1.0,1.0,1.0,0.00049195000586778,0.0004346744940133401,,0,1.0,103.0
2023-12-14,97.79942772267522,98.35833663228618,97.69297403963947,98.0478286743164,28202300,455.2073974609375,57.0,1.0,1.0,1.0,1.0,0.0005517231780610057,0.00045049691188643685,,0,1.0,104.0
2023-12-15,97.95912589528098,98.09219978227357,97.71072491605163,97.90589904785156,17904100,454.45794677734375,56.0,1.0,1.0,1.0,1.0,0.0005681231655464896,0.00042994631267508554,,0,1.0,105.0
2023-12-18,97.62199557465517,97.72845602084121,97.44456149767848,97.49779510498047,19714500,457.0142517089844,56.0,1.0,1.0,1.0,1.0,0.0005306778813028656,0.00042484125498306826,,0,1.0,106.0
2023-12-19,97.68407134965871,97.91473220776258,97.55099751735202,97.6219711303711,18086800,459.7933044433594,55.0,1.0,1.0,1.0,1.0,0.0005143680662501055,0.00042772742292056725,,0,1.0,107.0
2023-12-20,97.80829882829707,97.95911272134438,97.50667104220244,97.8792724609375,23942000,453.42181396484375,54.0,1.0,1.0,1.0,1.0,0.0005042884221517943,0.00049195000586778,,0,1.0,108.0
2023-12-21,98.10991382325975,98.21637425834055,97.6131119963838,97.8437728881836,24168300,457.7211608886719,53.0,1.0,1.0,1.0,1.0,0.0005156848500528892,0.0005517231780610057,,0,1.0,109.0
2023-12-22,97.97685885668926,98.03008569660358,97.53328380828833,97.67522430419922,11037100,458.64105224609375,53.0,1.0,1.0,1.0,1.0,0.0005230982469415793,0.0005681231655464896,,0,1.0,110.0
2023-12-26,97.710711775521,97.94137269739335,97.6663515630162,97.8792724609375,5816000,460.57769775390625,52.0,1.0,1.0,1.0,1.0,0.0005553048069277638,0.0005306778813028656,,0,1.0,111.0
2023-12-27,98.3760681800782,98.82851659924988,98.22525429649356,98.79302978515625,13646400,461.4103698730469,53.0,1.0,1.0,1.0,1.0,0.0006122731992150029,0.0005143680662501055,,0,1.0,112.0
2023-12-28,98.65996708072576,98.81965437799543,98.40269272576802,98.5357666015625,14288800,461.5847473144531,52.0,1.0,1.0,1.0,1.0,0.0006187385624240111,0.0005042884221517943,,0,1.0,113.0
2023-12-29,98.20750763361292,98.48252875109365,98.08330716833171,98.17202758789062,17956700,460.2484436035156,51.0,1.0,1.0,1.0,1.0,0.0006046730864382293,0.0005156848500528892,,0,1.0,114.0
2024-01-02,97.5332738786735,97.73731458985091,97.40020002401751,97.50666046142578,20622000,457.6727600097656,51.0,1.0,1.0,1.0,1.0,0.0005255952998901787,0.0005230982469415793,,1,1.0,115.0
2024-01-03,96.78808053199421,97.38246951127132,96.62839323339841,97.2848892211914,35384900,453.9350280761719,51.0,1.0,1.0,1.0,1.0,0.0004588953038299607,0.0005553048069277638,,1,1.0,116.0
2024-01-04,96.69937604777365,96.92116360751625,96.58404895333841,96.74373626708984,43111300,452.4728698730469,51.0,1.0,4.0,1.0,2.0,0.00038572500107148525,0.0006122731992150029,,0,2.0,117.0
2024-01-05,96.45097007078633,97.20504638119071,96.32676958523355,96.39774322509766,24385500,453.0926208496094,50.0,1.0,4.0,1.0,2.0,0.0003440775474484398,0.0006187385624240111,,0,2.0,118.0
2024-01-08,96.48643277318243,97.18728206271541,96.46868598344294,97.13404846191406,29182300,459.5609436035156,50.0,1.0,4.0,1.0,2.0,0.0003334577609392976,0.0006046730864382293,,0,2.0,119.0
2024-01-09,96.98323776310268,97.40019934619494,96.93887755572025,97.3026123046875,55126300,458.8636779785156,50.0,1.0,4.0,1.0,2.0,0.00034087514519950046,0.0005255952998901787,,0,2.0,120.0
2024-01-10,97.6308847883689,97.72847185441225,97.11633603439829,97.17843627929688,32323500,461.4588317871094,49.0,1.0,4.0,1.0,2.0,0.00035426348622358793,0.0004588953038299607,,0,2.0,121.0
2024-01-11,97.34696884604688,97.88812409891217,97.04533433772396,97.76392364501953,50960900,461.2554626464844,49.0,1.0,4.0,1.0,2.0,0.0003654720576863369,0.00038572500107148525,,0,2.0,122.0
2024-01-12,98.07444709969334,98.34058807091469,97.70183891051437,97.97686004638672,30479000,461.5750427246094,48.0,1.0,4.0,1.0,2.0,0.00037098700426045194,0.0003440775474484398,,0,2.0,123.0
2024-01-16,97.45341897326536,97.5776194226502,96.78805652223932,96.98323059082031,27124600,459.88043212890625,50.0,1.0,4.0,1.0,2.0,0.00035781981550552536,0.0003334577609392976,,1,2.0,124.0
2024-01-17,96.76146529760666,96.92115259321093,96.43321730985944,96.77920532226562,34414000,457.3241271972656,49.0,1.0,4.0,1.0,2.0,0.00031088622315767356,0.00034087514519950046,,0,2.0,125.0
2024-01-18,96.93003217239061,96.99213241528562,96.48645707502088,96.59291076660156,28325100,461.3910217285156,48.0,1.0,4.0,1.0,2.0,0.00028203973681980606,0.00035426348622358793,,0,2.0,126.0
2024-01-19,96.55739399285973,96.71708124911189,96.21140606571618,96.69046783447266,25621500,467.1427917480469,48.0,1.0,4.0,1.0,2.0,0.00025806964650998355,0.0003654720576863369,,0,2.0,127.0
2024-01-22,97.13405418944399,97.20502781575266,96.8412998256514,96.95662689208984,17679900,468.1305236816406,47.0,1.0,4.0,1.0,2.0,0.00025787128575997326,0.00037098700426045194,,0,2.0,128.0
2024-01-23,96.73481179534309,96.73481179534309,96.40656394360195,96.60173797607422,25439500,469.4958190917969,47.0,1.0,4.0,1.0,2.0,0.0002446139633177915,0.00035781981550552536,,1,2.0,129.0
2024-01-24,97.04536506047327,97.09859190944442,96.33564215490136,96.41548919677734,26828300,470.0090026855469,46.0,1.0,4.0,1.0,2.0,0.0002602485017235097,0.00031088622315767356,,0,2.0,130.0
2024-01-25,96.93000639538367,97.08969365870722,96.74370571624237,97.05420684814453,39484000,472.5653381347656,46.0,1.0,4.0,1.0,2.0,0.00030933857240416225,0.00028203973681980606,,0,2.0,131.0
2024-01-26,97.0897132853539,97.09857991347417,96.75259190106799,96.77920532226562,26642300,471.9650573730469,46.0,1.0,4.0,1.0,2.0,0.00032292035012191684,0.00025806964650998355,,0,2.0,132.0
2024-01-29,97.16956288190592,97.39135043774645,96.98326214721016,97.17843627929688,27060700,475.7027282714844,45.0,1.0,4.0,1.0,2.0,0.00032152133455443647,0.00025787128575997326,,0,2.0,133.0
2024-01-30,97.42680663497278,97.50665364955518,97.0009716835062,97.48890686035156,30459200,475.334716796875,45.0,1.0,4.0,1.0,2.0,0.0002735408139610652,0.0002446139633177915,,0,2.0,134.0
2024-01-31,97.90589590775716,98.15429687901964,97.47119420804782,97.73733520507812,44733000,467.57855224609375,44.0,1.0,4.0,1.0,2.0,0.0002637622501030079,0.0002602485017235097,,0,2.0,135.0
2024-02-01,98.38632557220176,98.74244429081318,98.02130201771517,98.49315643310547,42478500,473.6982421875,45.0,1.0,1.0,1.0,1.0,0.00029433816575557994,0.00030933857240416225,,0,1.0,136.0
2024-02-02,97.46044111325111,97.67410967457742,97.2378677140859,97.59398651123047,39604900,478.68505859375,46.0,1.0,1.0,1.0,1.0,0.000312896092363003,0.00032292035012191684,,1,1.0,137.0
2024-02-05,96.908483765746,96.91738860607765,96.43662911421316,96.6592025756836,39266800,476.9421081542969,47.0,1.0,1.0,1.0,1.0,0.00029060311932574266,0.00032152133455443647,,1,1.0,138.0
2024-02-06,96.81943632973994,97.36251601024603,96.79272860650221,97.20226287841797,26095200,478.3268127441406,47.0,1.0,1.0,1.0,1.0,0.0002553271879582407,0.0002735408139610652,,0,1.0,139.0
2024-02-07,96.97079673977096,97.31801077005008,96.82835326723715,96.9173812866211,23574200,482.3162536621094,47.0,1.0,1.0,1.0,1.0,0.0002467449231169794,0.0002637622501030079,,0,1.0,140.0
2024-02-08,96.63246891780923,96.66808147717698,96.32086751384288,96.4188003540039,26063900,482.529296875,46.0,1.0,1.0,1.0,1.0,0.00025900727538678814,0.00029433816575557994,,1,1.0,141.0
2024-02-09,96.16951158266832,96.36537726124746,96.15170869934346,96.29415893554688,19029200,485.3180847167969,46.0,1.0,1.0,1.0,1.0,0.00022786189301921814,0.000312896092363003,,0,1.0,142.0
2024-02-12,96.34757220548039,96.39208280898949,96.02706597365058,96.30305480957031,30378900,485.10498046875,45.0,1.0,1.0,1.0,1.0,0.00020868878877962222,0.00029060311932574266,,0,1.0,143.0
2024-02-13,95.4394807321103,95.60863870656807,95.14568897700177,95.24362182617188,41494100,478.4236145019531,47.0,1.0,4.0,1.0,2.0,0.00016785366914079253,0.0002553271879582407,,1,2.0,144.0
2024-02-14,95.35044293590337,95.72436461668548,95.33264005260946,95.68875885009766,41932200,482.7713928222656,47.0,1.0,4.0,1.0,2.0,0.00014922172188295155,0.0002467449231169794,,0,2.0,145.0
2024-02-15,96.22294872368282,96.2407516097656,95.81341441975727,96.0359878540039,33255200,486.1023864746094,46.0,1.0,4.0,1.0,2.0,0.0001365833868780217,0.00025900727538678814,,0,2.0,146.0
2024-02-16,95.58192117313087,95.78668489681583,95.47508349616407,95.68875885009766,26189800,483.6816101074219,46.0,1.0,4.0,1.0,2.0,0.0001526366580779447,0.00022786189301921814,,1,2.0,147.0
2024-02-20,96.00924682617188,96.10717965359133,95.81338796373328,96.00924682617188,22386600,481.01873779296875,45.0,1.0,4.0,1.0,2.0,0.00017820092380778168,0.00020868878877962222,,0,2.0,148.0
2024-02-21,96.08047650029948,96.08047650029948,95.63532973357192,95.76887512207031,23606200,481.4544372558594,45.0,1.0,4.0,1.0,2.0,0.00015451669772897867,0.00016785366914079253,,0,2.0,149.0
2024-02-22,95.91133663432258,96.08939264500643,95.7955941142168,95.92023468017578,28705900,491.41845703125,44.0,1.0,4.0,1.0,2.0,0.00014246445975139244,0.00014922172188295155,,0,2.0,150.0
2024-02-23,95.96475522920774,96.34758177790604,95.91133978272943,96.20513153076172,29856300,491.7572937011719,44.0,1.0,4.0,1.0,2.0,0.00012637605478382189,0.0001365833868780217,,0,2.0,151.0
2024-02-26,96.23183195818443,96.23183195818443,95.68875911122429,95.90242767333984,26696200,489.95623779296875,43.0,1.0,4.0,1.0,2.0,0.00013481713516655156,0.0001526366580779447,,0,2.0,152.0
2024-02-27,95.84010023492287,96.00925138744692,95.7154596836312,95.76887512207031,33453800,490.8664245605469,43.0,1.0,4.0,1.0,2.0,0.00014169244072833145,0.00017820092380778168,,0,2.0,153.0
2024-02-28,95.65315598205233,95.82230716388564,95.61754341945537,95.7599868774414,32713500,490.21771240234375,42.0,1.0,4.0,1.0,2.0,0.0001596493770044009,0.00015451669772897867,,0,2.0,154.0
2024-02-29,95.90241445850576,96.28524092542865,95.72435168761127,95.8489990234375,45656400,491.97998046875,41.0,1.0,4.0,1.0,2.0,0.00018711681136927467,0.00014246445975139244,,0,2.0,155.0
2024-03-01,95.64617640302181,96.53079439168795,95.3870445038596,96.43250274658203,42971500,496.598876953125,42.0,1.0,4.0,1.0,2.0,0.00022748855148370427,0.00012637605478382189,,0,2.0,156.0
2024-03-04,96.17335302952122,96.38781120672199,96.10187378774012,96.25377655029297,31472000,496.0662841796875,41.0,1.0,4.0,1.0,2.0,0.0002460022796795846,0.00013481713516655156,,0,2.0,157.0
2024-03-05,96.76313774679629,97.04013780414024,96.62910304194692,96.781005859375,33394200,491.1085205078125,41.0,1.0,1.0,1.0,1.0,0.0002734937225413665,0.00014169244072833145,,0,1.0,158.0
2024-03-06,96.9954493025707,97.36180350144149,96.96863691186454,97.04012298583984,33176900,493.5970764160156,41.0,1.0,1.0,1.0,1.0,0.00029640271987773075,0.0001596493770044009,,0,1.0,159.0
2024-03-07,97.38860198557765,97.42434501996343,97.04011592192468,97.28137969970703,22875700,498.49676513671875,40.0,1.0,1.0,1.0,1.0,0.00033757089699559904,0.00018711681136927467,,0,1.0,160.0
2024-03-08,97.47798441499756,97.66563710423209,97.32608158779695,97.41543579101562,29591100,495.504638671875,40.0,1.0,1.0,1.0,1.0,0.00036223591820765724,0.00022748855148370427,,0,1.0,161.0
2024-03-11,97.43328857421875,97.65667744013066,97.28138578154756,97.43328857421875,25360200,495.0785827636719,39.0,1.0,1.0,1.0,1.0,0.0003805325336692893,0.0002460022796795846,,0,1.0,162.0
2024-03-12,97.28137704590421,97.36179375811342,97.03117581202912,97.12053680419922,30852100,500.4043273925781,39.0,1.0,1.0,1.0,1.0,0.00037446233721987664,0.0002734937225413665,,0,1.0,163.0
2024-03-13,97.1473445255167,97.34392780498425,96.98650428025114,97.02224731445312,31089900,499.6199951171875,38.0,1.0,1.0,1.0,1.0,0.00036364526711816125,0.00029640271987773075,,0,1.0,164.0
2024-03-14,96.72738337177054,96.72738337177054,96.23592511733153,96.30741119384766,48815400,498.63232421875,39.0,1.0,1.0,1.0,1.0,0.0003279294952179589,0.00033757089699559904,,1,1.0,165.0
2024-03-15,96.35209581476734,96.46825558110592,96.17338061583747,96.33422088623047,34525600,495.2084045410156,38.0,1.0,1.0,1.0,1.0,0.0002800788095515554,0.00036223591820765724,,0,1.0,166.0
2024-03-18,96.3878285771773,96.4325022591806,96.15550225198422,96.17337036132812,18279900,498.1514892578125,38.0,1.0,1.0,1.0,1.0,0.00026822005103659943,0.0003805325336692893,,0,1.0,167.0
2024-03-19,96.33420422503909,96.6648221729125,96.28059308327617,96.45037078857422,22721000,500.9198303222656,38.0,1.0,1.0,1.0,1.0,0.0003052249935137474,0.00037446233721987664,,0,1.0,168.0
2024-03-20,96.48611640511704,96.79885943591722,96.084012379271,96.62908172607422,41915400,505.552978515625,37.0,1.0,1.0,1.0,1.0,0.00037169324101649,0.00036364526711816125,,0,1.0,169.0
2024-03-21,96.92394408503039,96.99543014488638,96.62013173928528,96.77204132080078,26546700,507.2236328125,37.0,1.0,1.0,1.0,1.0,0.0004189327317105315,0.0003279294952179589,,0,1.0,170.0
2024-03-22,97.29924440641787,97.32604997694833,97.05798745435725,97.1026611328125,20877600,506.2619934082031,36.0,1.0,1.0,1.0,1.0,0.0004654554854452652,0.0002800788095515554,,0,1.0,171.0
2024-03-25,97.09372177286693,97.09372177286693,96.71842336726583,96.77204132080078,23291000,504.8633728027344,36.0,1.0,1.0,1.0,1.0,0.0005130846499371778,0.00026822005103659943,,0,1.0,172.0
2024-03-26,96.94182253474841,96.94182253474841,96.62014204835994,96.7452392578125,27266700,503.9308776855469,36.0,1.0,1.0,1.0,1.0,0.0005709816875419208,0.0003052249935137474,,0,1.0,173.0
2024-03-27,96.8793037544149,97.41543579101562,96.81675513043297,97.41543579101562,30600500,508.16583251953125,36.0,1.0,1.0,1.0,1.0,0.0006291791809925061,0.00037169324101649,,0,1.0,174.0
2024-03-28,97.29925186149774,97.56732122191482,97.21883514374481,97.32605743408203,23066200,508.0687255859375,36.0,1.0,1.0,1.0,1.0,0.0006663083134139827,0.0004189327317105315,,0,1.0,175.0
2024-04-01,96.88743970432736,96.89641101890855,96.31339874707513,96.39412689208984,20817100,507.18475341796875,38.0,1.0,1.0,1.0,1.0,0.0006372347159950809,0.0004654554854452652,,1,1.0,176.0
2024-04-02,95.90977568186244,96.29546008001861,95.68554072579741,96.2506103515625,32433900,503.9600830078125,37.0,1.0,1.0,1.0,1.0,0.0005598969714043731,0.0005130846499371778,,1,1.0,177.0
2024-04-03,95.90082394512892,96.47486500239384,95.74834578622306,96.31341552734375,25198700,504.5135803222656,37.0,1.0,1.0,1.0,1.0,0.0004898033668517733,0.0005709816875419208,,0,1.0,178.0
2024-04-04,96.67216253609851,96.67216253609851,96.23266398659798,96.4210205078125,31423800,498.3555603027344,36.0,1.0,1.0,1.0,1.0,0.00046925002080399383,0.0006291791809925061,,0,1.0,179.0
2024-04-05,96.0443233026984,96.31340115890023,95.95463068396445,95.99947357177734,25134900,503.56170654296875,36.0,1.0,1.0,1.0,1.0,0.000467729193536734,0.0006663083134139827,,0,1.0,180.0
2024-04-08,95.90978772357668,96.16990112644295,95.8470022017199,95.99050903320312,37054400,503.8434143066406,36.0,1.0,1.0,1.0,1.0,0.00045421507543566515,0.0006372347159950809,,0,1.0,181.0
2024-04-09,96.37619043105474,96.53763988830903,96.32237622633946,96.48382568359375,21967300,504.4262390136719,36.0,1.0,1.0,1.0,1.0,0.00047771080653217726,0.0005598969714043731,,0,1.0,182.0
2024-04-10,95.73935108624123,95.73935108624123,94.96798232086132,95.11149597167969,45351600,499.3753662109375,40.0,1.0,4.0,1.0,2.0,0.0004513687355918686,0.0004898033668517733,,1,2.0,183.0
2024-04-11,95.35368322666295,95.43441138001393,94.72582800330517,94.9141845703125,38047900,503.1441345214844,40.0,1.0,4.0,1.0,2.0,0.00044829376395704714,0.00046925002080399383,,0,2.0,184.0
2024-04-12,95.33573948843583,95.37161790436552,95.0935618916875,95.12944030761719,35119700,496.19915771484375,39.0,1.0,4.0,1.0,2.0,0.00043181914016684336,0.000467729193536734,,0,2.0,185.0
2024-04-15,94.61817961275023,94.61817961275023,93.95444606260249,94.08001708984375,27018500,489.9827575683594,41.0,1.0,4.0,1.0,2.0,0.00040326768564832947,0.00045421507543566515,,1,2.0,186.0
2024-04-16,93.69436405874046,93.87375618850064,93.44322192018626,93.76612091064453,34191600,489.0890808105469,41.0,1.0,4.0,1.0,2.0,0.0003477276406904737,0.00047771080653217726,,1,2.0,187.0
2024-04-17,94.21455823717518,94.42982187498775,94.00825907040354,94.27734375,26726300,486.194580078125,41.0,1.0,4.0,1.0,2.0,0.00026578607376014367,0.0004513687355918686,,0,2.0,188.0
2024-04-18,94.3401466140915,94.36705371837843,93.93652636356967,94.08900451660156,25997900,485.1941223144531,41.0,1.0,4.0,1.0,2.0,0.00025033189124900717,0.00044829376395704714,,0,2.0,189.0
2024-04-19,94.42086731105124,94.43880994253144,94.09797521860533,94.18766784667969,20265600,480.9591369628906,40.0,1.0,4.0,1.0,2.0,0.0002432845526801325,0.00043181914016684336,,0,2.0,190.0
2024-04-22,94.15178242631116,94.45673870771118,94.10693269405428,94.42086029052734,26642400,485.38836669921875,40.0,1.0,4.0,1.0,2.0,0.0002464666568808592,0.00040326768564832947,,0,2.0,191.0
2024-04-23,94.3311486229431,94.9590105322275,94.19660629644595,94.58229064941406,26338800,491.1482849121094,39.0,1.0,4.0,1.0,2.0,0.0002576835909518074,0.0003477276406904737,,0,2.0,192.0
2024-04-24,94.37602619200263,94.42984040123669,93.94549198880304,94.2145767211914,24538400,490.9151611328125,39.0,1.0,4.0,1.0,2.0,0.00027874479736727007,0.00026578607376014367,,0,2.0,193.0
2024-04-25,93.55083898748033,93.98136632887841,93.40732531160849,93.9365234375,29826400,489.0502624511719,39.0,1.0,4.0,1.0,2.0,0.00025710432525142,0.00025033189124900717,,0,2.0,194.0
2024-04-26,94.29529571533203,94.46571649785949,94.23251019173384,94.29529571533203,11784100,493.6834411621094,38.0,1.0,4.0,1.0,2.0,0.00022566950902302182,0.0002432845526801325,,0,2.0,195.0
2024-04-29,94.5643703724237,94.77963402425334,94.44777065333017,94.68994140625,18052100,495.4318542480469,38.0,1.0,4.0,1.0,2.0,0.00020069682509210542,0.0002464666568808592,,0,2.0,196.0
2024-04-30,94.30426587197297,94.53747217523241,94.08900219986897,94.16972351074219,26008100,487.58355712890625,38.0,1.0,4.0,1.0,2.0,0.00020272461395068702,0.0002576835909518074,,0,2.0,197.0
2024-05-01,94.44436258069292,95.04770232331971,94.23725159239623,94.56143188476562,30342900,486.0003356933594,38.0,1.0,4.0,1.0,2.0,0.00019533075610828152,0.00027874479736727007,,0,2.0,198.0
2024-05-02,94.6334678383813,95.20078679254672,94.48939152337691,95.14675903320312,28044200,490.5461120605469,39.0,1.0,4.0,1.0,2.0,0.00019040404156832306,0.00025710432525142,,0,2.0,199.0
2024-05-03,95.8401471212929,96.16432744038448,95.45293212183712,95.8131332397461,24166800,496.6265563964844,39.0,1.0,4.0,1.0,2.0,0.00023132104525955765,0.00022566950902302182,,0,2.0,200.0
2024-05-06,95.92119992170056,96.09229701841575,95.85816523400534,96.08329010009766,18519800,501.755126953125,39.0,1.0,4.0,1.0,2.0,0.00027266293460111244,0.00020069682509210542,,0,2.0,201.0
2024-05-07,96.35343600771188,96.49751920974977,96.03826259108548,96.12831115722656,28680400,502.3088073730469,38.0,1.0,4.0,1.0,2.0,0.00031923029262510356,0.00020272461395068702,,0,2.0,202.0
2024-05-08,95.90319983875668,96.03827614216029,95.82215817887423,95.88519287109375,19916700,502.3572998046875,38.0,1.0,4.0,1.0,2.0,0.00028755561768306555,0.00019533075610828152,,0,2.0,203.0
2024-05-09,95.81314417735948,96.14632458149117,95.71408868687014,96.03826904296875,25583500,505.2519226074219,37.0,1.0,1.0,1.0,1.0,0.00026682302840657317,0.00019040404156832306,,0,1.0,204.0
2024-05-10,95.84914021969604,95.92117493668046,95.624015412243,95.73207092285156,16291500,505.90277099609375,37.0,1.0,1.0,1.0,1.0,0.00020710948840330285,0.00023132104525955765,,0,1.0,205.0
2024-05-13,95.95720859239904,96.0382571064831,95.74109067194958,95.76810455322266,20464200,505.9706726074219,36.0,1.0,1.0,1.0,1.0,0.00019982722383533478,0.00027266293460111244,,0,1.0,206.0
2024-05-14,96.02025097481014,96.1553272622761,95.90318852314785,96.04727172851562,25440400,508.2921447753906,36.0,1.0,1.0,1.0,1.0,0.00019167115046407645,0.00031923029262510356,,0,1.0,207.0
2024-05-15,96.80367737381509,97.05581608540687,96.57855254271318,96.9027328491211,33780900,514.5863037109375,38.0,1.0,1.0,1.0,1.0,0.0002359709966575155,0.00028755561768306555,,0,1.0,208.0
2024-05-16,97.0378162072866,97.05582317217313,96.70462895963206,96.7496566772461,23586600,513.527587890625,37.0,1.0,1.0,1.0,1.0,0.0002545172481256403,0.00026682302840657317,,0,1.0,209.0
2024-05-17,96.57857153381077,96.75866868600053,96.49752987640517,96.52454376220703,21862800,514.2657470703125,37.0,1.0,1.0,1.0,1.0,0.00027739782131939306,0.00020710948840330285,,0,1.0,210.0
2024-05-20,96.45247830837647,96.56054069513488,96.40745059632772,96.4794921875,17885200,514.8580932617188,36.0,1.0,1.0,1.0,1.0,0.0002601026646112047,0.00019982722383533478,,0,1.0,211.0
2024-05-21,96.74967160868648,96.7856924142838,96.58758141863164,96.64160919189453,17411900,516.1209716796875,36.0,1.0,1.0,1.0,1.0,0.0002444218833208242,0.00019167115046407645,,0,1.0,212.0
2024-05-22,96.36243654198657,96.64158913961134,96.35342962488954,96.49751281738281,26735600,514.6348876953125,35.0,1.0,1.0,1.0,1.0,0.00022759088870185943,0.0002359709966575155,,0,1.0,213.0
2024-05-23,96.62360029537305,96.65061418146523,95.96623262931055,96.07429504394531,24876100,510.8758850097656,35.0,1.0,1.0,1.0,1.0,0.0002220506511038474,0.0002545172481256403,,0,1.0,214.0
2024-05-24,96.09228004139968,96.3444187476342,96.01123840165194,96.33541870117188,11189500,514.256103515625,35.0,1.0,1.0,1.0,1.0,0.0002091236313985122,0.00027739782131939306,,0,1.0,215.0
2024-05-28,96.47048952437791,96.47048952437791,95.6960595607924,95.75909423828125,15989600,514.615478515625,35.0,1.0,4.0,1.0,2.0,0.00019579365999056346,0.0002601026646112047,,0,2.0,216.0
2024-05-29,95.41691617731773,95.42592309504653,95.04771499362013,95.24581909179688,30015700,511.0118408203125,36.0,1.0,4.0,1.0,2.0,0.00015551828039940218,0.0002444218833208242,,1,2.0,217.0
2024-05-30,95.6330200421479,95.85814486039237,95.56998536785002,95.83113098144531,21036300,507.62188720703125,36.0,1.0,4.0,1.0,2.0,0.00013859198654498264,0.00022759088870185943,,0,2.0,218.0
2024-05-31,96.20934392901769,96.37143408122265,96.05626069367541,96.2543716430664,19901400,512.2453002929688,36.0,1.0,4.0,1.0,2.0,0.00013430018813016725,0.0002220506511038474,,0,2.0,219.0
2024-06-03,96.5481575429389,96.93684528899796,96.5029654633107,96.91876983642578,20154900,512.6631469726562,37.0,1.0,1.0,1.0,1.0,0.00019227004236425918,0.0002091236313985122,,0,1.0,220.0
2024-06-04,97.18993511248821,97.44303970271751,97.03626964071663,97.29840850830078,24545200,513.236083984375,37.0,1.0,1.0,1.0,1.0,0.0002549076004583792,0.00019579365999056346,,0,1.0,221.0
2024-06-05,97.461133655622,97.65095696203342,97.10860367280138,97.62384033203125,26584700,519.3361206054688,36.0,1.0,1.0,1.0,1.0,0.00029845950839263924,0.00015551828039940218,,0,1.0,222.0
2024-06-06,97.47018631645429,97.65096846870196,97.43402850672534,97.56057739257812,22687100,519.3262329101562,36.0,1.0,1.0,1.0,1.0,0.00028450031217055913,0.00013859198654498264,,0,1.0,223.0
2024-06-07,96.74701313128956,96.90067860144585,96.60238883478802,96.6837387084961,26228700,518.6949462890625,37.0,1.0,1.0,1.0,1.0,0.00021119731223886401,0.00013430018813016725,,1,1.0,224.0
2024-06-10,96.49391971409426,96.57526959140556,96.40352866272778,96.48487854003906,19415700,520.2975463867188,37.0,1.0,1.0,1.0,1.0,0.00012388007306567166,0.00019227004236425918,,1,1.0,225.0
2024-06-11,96.53912394622724,96.96396260042918,96.47584951718477,96.90068817138672,19042600,521.550537109375,37.0,1.0,1.0,1.0,1.0,7.803790487540242e-05,0.0002549076004583792,,0,1.0,226.0
2024-06-12,97.87690754175748,98.13000520468694,97.4611032531742,97.49726104736328,27209400,525.8341064453125,37.0,1.0,1.0,1.0,1.0,0.00011190281045780552,0.00029845950839263924,,0,1.0,227.0
2024-06-13,97.94019249407168,98.12098148446668,97.67805363029505,97.9582748413086,26782700,526.8929443359375,37.0,1.0,1.0,1.0,1.0,0.0001631418428728528,0.00028450031217055913,,0,1.0,228.0
2024-06-14,98.01251807736621,98.14810810987991,97.84981141762889,98.03963470458984,28561900,527.2134399414062,37.0,1.0,1.0,1.0,1.0,0.0001903485897529104,0.00021119731223886401,,0,1.0,229.0
2024-06-17,97.46112085999181,97.63286868931847,97.3797709806657,97.57862854003906,24678700,531.4095458984375,37.0,1.0,1.0,1.0,1.0,0.0001591615598830229,0.00012388007306567166,,1,1.0,230.0
2024-06-18,97.78651449860932,98.12096891570214,97.75035670516193,98.03057098388672,25576600,532.7596435546875,37.0,1.0,1.0,1.0,1.0,0.000131364670482729,7.803790487540242e-05,,0,1.0,231.0
2024-06-20,97.47919622511994,97.723259655671,97.42496297228429,97.7051773071289,21206300,531.3123779296875,36.0,1.0,1.0,1.0,1.0,8.266361326619013e-05,0.00011190281045780552,,1,1.0,232.0
2024-06-21,97.79555132812843,97.94017559910148,97.49725471772985,97.7322769165039,21091200,530.6000366210938,36.0,1.0,1.0,1.0,1.0,7.222352435507091e-05,0.0001631418428728528,,0,1.0,233.0
2024-06-24,97.83172607421875,98.00346699473737,97.77748592885959,97.83172607421875,18597600,528.8753051757812,35.0,1.0,1.0,1.0,1.0,6.304018103497535e-05,0.0001903485897529104,,0,1.0,234.0
2024-06-25,97.75941257465185,97.88596142254592,97.64189800418238,97.79557037353516,16251600,530.911865234375,35.0,1.0,1.0,1.0,1.0,0.00010025243665685289,0.0001591615598830229,,0,1.0,235.0
2024-06-26,97.1718693796586,97.35265149436484,97.07243714765148,97.26226043701172,26381300,531.57470703125,35.0,1.0,4.0,1.0,2.0,0.00010854266735272563,0.000131364670482729,,1,2.0,236.0
2024-06-27,97.56056845098334,97.6057674331012,97.42497840102612,97.45209503173828,19939400,532.41259765625,35.0,1.0,4.0,1.0,2.0,0.00011982228272782349,8.266361326619013e-05,,0,2.0,237.0
2024-06-28,97.69613560200092,97.72325222635723,96.8012456198739,96.828369140625,27395800,530.3174438476562,35.0,1.0,4.0,1.0,2.0,7.891376097803788e-05,7.222352435507091e-05,,0,2.0,238.0
2024-07-01,96.46191171288751,96.78847131687675,96.1988563458797,96.25328063964844,22429100,531.408935546875,36.0,1.0,4.0,1.0,2.0,2.309106611278368e-05,6.304018103497535e-05,,1,2.0,239.0
2024-07-02,96.74309969344672,96.89730644047606,96.52539564348254,96.8700942993164,19845700,534.985107421875,36.0,1.0,4.0,1.0,2.0,-2.0409143254208372e-05,0.00010025243665685289,,0,2.0,240.0
2024-07-03,97.19665124103126,97.58670806884766,97.09686877898379,97.58670806884766,14318900,537.37255859375,37.0,1.0,4.0,1.0,2.0,9.697967991783472e-07,0.00010854266735272563,,0,2.0,241.0
2024-07-05,97.95862078998643,98.14911269746894,97.69555855945718,98.09468841552734,18800300,540.4713134765625,37.0,1.0,4.0,1.0,2.0,6.0821607319830405e-05,0.00011982228272782349,,0,2.0,242.0
2024-07-08,98.16726041041944,98.24889683472215,97.9495563582585,98.08561706542969,18136600,541.094970703125,37.0,1.0,4.0,1.0,2.0,9.480338820119089e-05,7.891376097803788e-05,,0,2.0,243.0
2024-07-09,97.92236733674109,98.07658105332314,97.68652409150107,97.90422821044922,20384700,541.6212158203125,36.0,1.0,1.0,1.0,1.0,0.00011980063166533104,2.309106611278368e-05,,0,1.0,244.0
2024-07-10,98.02212428283997,98.15819191697392,97.87699054826783,98.14005279541016,17263200,546.980712890625,36.0,1.0,1.0,1.0,1.0,0.0001472111905194728,-2.0409143254208372e-05,,0,1.0,245.0
2024-07-11,98.74781155986182,98.89294529126241,98.58453178660665,98.66616821289062,31411700,542.2642822265625,36.0,1.0,1.0,1.0,1.0,0.00021185804891617698,9.697967991783472e-07,,0,1.0,246.0
2024-07-12,98.72058586629375,99.02899932861328,98.62987643153426,99.02899932861328,20301300,545.6845703125,36.0,1.0,1.0,1.0,1.0,0.0002785034938469638,6.0821607319830405e-05,,0,1.0,247.0
2024-07-15,98.69339444208077,98.83852818401994,98.46661734724206,98.48475646972656,18291500,547.185302734375,36.0,1.0,1.0,1.0,1.0,0.00029916569016409373,9.480338820119089e-05,,0,1.0,248.0
2024-07-16,98.72061058238249,99.07438231099661,98.63896722617801,99.05623626708984,20090700,550.4302368164062,36.0,1.0,1.0,1.0,1.0,0.00030444489361165046,0.00011980063166533104,,0,1.0,249.0
2024-07-17,98.78409125079301,99.1469359402257,98.72966004893166,99.10157775878906,21313500,542.7125854492188,36.0,1.0,1.0,1.0,1.0,0.00027918500647275836,0.0001472111905194728,,0,1.0,250.0
2024-07-18,98.86573147511258,99.09250854964444,98.63895440058073,98.67523956298828,28091700,538.5418701171875,36.0,1.0,1.0,1.0,1.0,0.00025617950179247166,0.00021185804891617698,,0,1.0,251.0
2024-07-19,98.48473833404124,98.49381135395657,98.24888826104754,98.31238555908203,16576600,534.9656372070312,36.0,1.0,1.0,1.0,1.0,0.00019766577718351123,0.0002785034938469638,,1,1.0,252.0
2024-07-22,98.62081742857958,98.65710259177776,98.14911722769065,98.25797271728516,22556800,540.4811401367188,35.0,1.0,1.0,1.0,1.0,0.00013956585446473039,0.00029916569016409373,,0,1.0,253.0
2024-07-23,98.38497449768752,98.48475697358207,98.18540954589844,98.18540954589844,24425700,539.63330078125,35.0,1.0,1.0,1.0,1.0,0.0001259305409138063,0.00030444489361165046,,0,1.0,254.0
2024-07-24,98.30332442323999,98.39403386491401,97.58670806884766,97.58670806884766,28026100,527.40380859375,35.0,1.0,1.0,1.0,1.0,0.00010199865416528406,0.00027918500647275836,,0,1.0,255.0
2024-07-25,97.77721117608539,98.22169233569844,97.75906513325931,97.97677612304688,29760400,524.6559448242188,35.0,1.0,1.0,1.0,1.0,7.776023931550508e-05,0.00025617950179247166,,0,1.0,256.0
2024-07-26,98.52103424072266,98.56639242456104,98.28518414199996,98.52103424072266,21119900,530.5319213867188,35.0,1.0,1.0,1.0,1.0,7.248136799525281e-05,0.00019766577718351123,,0,1.0,257.0
2024-07-29,98.81130337661608,98.84758853762261,98.530102029674,98.72966003417969,24734600,530.8436889648438,35.0,1.0,1.0,1.0,1.0,0.00010941330676664153,0.00013956585446473039,,0,1.0,258.0
2024-07-30,98.80224442213265,98.86574173276213,98.59361336750194,98.81131744384766,14952000,528.154296875,34.0,1.0,1.0,1.0,1.0,0.00014574267851477844,0.0001259305409138063,,0,1.0,259.0
2024-07-31,99.22860570439835,99.41002464973097,98.95647036571025,99.3828125,29226900,536.7391967773438,35.0,1.0,1.0,1.0,1.0,0.00018964828947124423,0.00010199865416528406,,0,1.0,260.0
2024-08-01,99.73964353334472,99.99454476608622,99.63950277111945,99.71233367919922,34564600,529.1383666992188,35.0,1.0,1.0,1.0,1.0,0.0002301169439162885,7.776023931550508e-05,,0,1.0,261.0
2024-08-02,100.24033950357153,100.76835312754157,100.24033950357153,100.68641662597656,46697900,519.2866821289062,37.0,1.0,1.0,1.0,1.0,0.0003177427005404768,7.248136799525281e-05,,0,1.0,262.0
2024-08-05,100.65001196912527,100.74105407963634,100.14931508900376,100.43152618408203,56991100,504.1631774902344,36.0,1.0,1.0,1.0,1.0,0.00036394434898171115,0.00010941330676664153,,0,1.0,263.0
2024-08-06,100.32227994779818,100.35869540294186,99.75785775691585,99.77606201171875,47432500,508.811279296875,37.0,1.0,1.0,1.0,1.0,0.000387353723967856,0.00014574267851477844,,0,1.0,264.0
2024-08-07,99.72145544783233,99.93083566058826,99.17523743974618,99.32089233398438,46819000,505.41046142578125,37.0,1.0,1.0,1.0,1.0,0.0003472496261406355,0.00018964828947124423,,0,1.0,265.0
2024-08-08,99.26627614912695,99.43014225193768,99.08419884292665,99.36641693115234,23536800,517.0941772460938,36.0,1.0,1.0,1.0,1.0,0.00032114111889133964,0.0002301169439162885,,0,1.0,266.0
2024-08-09,100.04007916600189,100.06738902379068,99.78517789925493,99.87621307373047,23199700,519.3743896484375,36.0,1.0,1.0,1.0,1.0,0.0003264372891385048,0.0003177427005404768,,0,1.0,267.0
2024-08-12,99.83067009601311,100.19481068863418,99.73052934938133,100.0855712890625,24281800,519.6472778320312,36.0,1.0,1.0,1.0,1.0,0.0003704388793745045,0.00036394434898171115,,0,1.0,268.0
2024-08-13,100.55899152825091,100.78658294677734,100.41333663207423,100.78658294677734,31245000,528.1932373046875,37.0,1.0,1.0,1.0,1.0,0.0004454297186762852,0.000387353723967856,,0,1.0,269.0
2024-08-14,100.90492619372405,101.36010902270088,100.89582753793243,101.23265838623047,28985600,529.8594970703125,37.0,1.0,1.0,1.0,1.0,0.0004993358469098174,0.0003472496261406355,,0,1.0,270.0
2024-08-15,100.60449966481009,101.05968244338243,100.54077435363148,100.92312622070312,29546000,538.94140625,36.0,1.0,1.0,1.0,1.0,0.000512151777170355,0.00032114111889133964,,0,1.0,271.0
2024-08-16,101.0323577249594,101.28725893217499,100.52254836499121,101.2235336303711,21411500,540.1495971679688,36.0,1.0,1.0,1.0,1.0,0.000493497076459634,0.0003264372891385048,,0,1.0,272.0
2024-08-19,101.20533435844993,101.5694819597564,101.18713010387663,101.46023559570312,16004100,545.3143310546875,36.0,1.0,1.0,1.0,1.0,0.00048559105914756126,0.0003704388793745045,,0,1.0,273.0
2024-08-20,101.63321562203294,101.7788774527422,101.46024393445028,101.72425079345703,27114000,544.4275512695312,35.0,1.0,1.0,1.0,1.0,0.0005237872242611895,0.0004454297186762852,,0,1.0,274.0
2024-08-21,101.80618837502358,102.21585012348837,101.66052654278995,101.95184326171875,23819100,546.2985229492188,35.0,1.0,1.0,1.0,1.0,0.0005570465425889943,0.0004993358469098174,,0,1.0,275.0
2024-08-22,101.72427229754248,101.79710322829328,101.31461046676404,101.53309631347656,17926300,542.0109252929688,35.0,1.0,1.0,1.0,1.0,0.0005409156769272273,0.000512151777170355,,0,1.0,276.0
2024-08-23,101.8243982917323,102.23406700850913,101.69694765421207,102.11571502685547,22650200,547.77001953125,35.0,1.0,1.0,1.0,1.0,0.0005247682519243518,0.000493497076459634,,0,1.0,277.0
2024-08-26,102.32507317474393,102.32507317474393,101.95182002387457,101.98823547363281,15312500,546.4641723632812,35.0,1.0,1.0,1.0,1.0,0.000501656783512633,0.00048559105914756126,,0,1.0,278.0
2024-08-27,101.57859412613774,101.95184040608964,101.54217866909933,101.90632629394531,15922700,547.214599609375,34.0,1.0,1.0,1.0,1.0,0.0005010159250146946,0.0005237872242611895,,0,1.0,279.0
2024-08-28,101.84258410626516,101.92451366187305,101.63319699937203,101.6969223022461,22104600,544.0377807617188,34.0,1.0,1.0,1.0,1.0,0.0004671470421348449,0.0005570465425889943,,0,1.0,280.0
2024-08-29,101.49663119075386,101.63318738271634,101.36007499879138,101.52394104003906,20079400,544.0865478515625,33.0,1.0,1.0,1.0,1.0,0.0004414632419637358,0.0005409156769272273,,1,1.0,281.0
2024-08-30,101.65141363166781,101.78796289831389,101.20532954216574,101.24174499511719,25275500,549.2803955078125,33.0,1.0,1.0,1.0,1.0,0.0004265483600490063,0.0005247682519243518,,0,1.0,282.0
2024-09-03,101.68489928332438,101.89504477885868,101.39251778928887,101.54784393310547,27734500,537.9767456054688,33.0,1.0,1.0,1.0,1.0,0.0004462090020520971,0.000501656783512633,,0,1.0,283.0
2024-09-04,101.61179914318586,102.21483987783314,101.59352835013192,102.17829132080078,31915900,536.8756103515625,33.0,1.0,1.0,1.0,1.0,0.0004920300011306635,0.0005010159250146946,,0,1.0,284.0
2024-09-05,102.47979481740096,102.70821803305573,102.0960385171992,102.68080139160156,35538500,535.56982421875,34.0,1.0,1.0,1.0,1.0,0.0005832044673619207,0.0004671470421348449,,0,1.0,285.0
2024-09-06,102.6990976984283,103.30213147177528,102.45239667725372,102.63513946533203,42004600,526.5560302734375,33.0,1.0,1.0,1.0,1.0,0.0006494048058162702,0.0004414632419637358,,0,1.0,286.0
2024-09-09,102.61685490337086,102.96406269225714,102.49807732718163,102.86355590820312,35440300,532.4515380859375,33.0,1.0,1.0,1.0,1.0,0.0006874858860702603,0.0004265483600490063,,0,1.0,287.0
2024-09-10,102.90925028355258,103.16509020449467,102.7996115740739,103.14681243896484,30489500,534.770751953125,32.0,1.0,1.0,1.0,1.0,0.0006926793810144504,0.0004462090020520971,,0,1.0,288.0
2024-09-11,102.9366490889576,103.34780812008309,102.85441310017818,103.1924819946289,36948000,540.2569580078125,32.0,1.0,1.0,1.0,1.0,0.0006979833338079084,0.0004920300011306635,,0,1.0,289.0
2024-09-12,103.11939239501953,103.20162141886208,102.84528170702899,103.11939239501953,30255700,544.8076782226562,32.0,1.0,1.0,1.0,1.0,0.0006823065742572786,0.0005832044673619207,,0,1.0,290.0
2024-09-13,103.44831734819392,103.5853726854535,103.33867168420144,103.43917846679688,25536600,547.653076171875,31.0,1.0,1.0,1.0,1.0,0.0006641068664831949,0.0006494048058162702,,0,1.0,291.0
2024-09-16,103.56710419023536,103.96913135659199,103.44832660514119,103.89603424072266,25722000,548.4619750976562,31.0,1.0,1.0,1.0,1.0,0.0006552776881015507,0.0006874858860702603,,0,1.0,292.0
2024-09-17,104.06963928240721,104.08791007611134,103.74070922833498,103.9051742553711,31732800,548.6859741210938,31.0,1.0,1.0,1.0,1.0,0.0006728218808864073,0.0006926793810144504,,0,1.0,293.0
2024-09-18,103.64933479442024,104.2249588673553,103.44832122170266,103.4757308959961,35015500,547.0586547851562,31.0,1.0,1.0,1.0,1.0,0.0006661443348308667,0.0006979833338079084,,0,1.0,294.0
2024-09-19,103.52141243126475,103.75896757554601,103.37521821546963,103.56709289550781,31216900,556.3939208984375,31.0,1.0,1.0,1.0,1.0,0.0006710041225708469,0.0006823065742572786,,0,1.0,295.0
2024-09-20,103.41176088356113,103.7041423275861,103.23815700491635,103.65845489501953,29958900,555.4320068359375,30.0,1.0,1.0,1.0,1.0,0.0007008249949498136,0.0006641068664831949,,0,1.0,296.0
2024-09-23,103.33868703687436,103.72243646147432,103.21077056200771,103.51229095458984,22919400,556.8201293945312,30.0,1.0,1.0,1.0,1.0,0.0007337340221765802,0.0006552776881015507,,0,1.0,297.0
2024-09-24,103.24730687019965,103.76811159061944,103.15593896626928,103.68588256835938,24719900,558.4132690429688,29.0,1.0,1.0,1.0,1.0,0.0007602001267353664,0.0006728218808864073,,0,1.0,298.0
2024-09-25,103.39349040887309,103.43003198992976,103.04628265052308,103.07369232177734,32881300,557.1817016601562,30.0,1.0,1.0,1.0,1.0,0.0007016030374505849,0.0006661443348308667,,0,1.0,299.0
2024-09-26,103.25643508167828,103.32952521471513,102.80872054811364,103.07369232177734,20877100,559.3906860351562,30.0,1.0,1.0,1.0,1.0,0.0006577286581162001,0.0006710041225708469,,0,1.0,300.0
2024-09-27,103.36607873886967,103.5670922989682,103.292988602317,103.48486328125,25232000,558.5795288085938,30.0,1.0,1.0,1.0,1.0,0.0006283183535485698,0.0007008249949498136,,0,1.0,301.0
2024-09-30,103.43003337663427,103.53967903404487,103.09197146540126,103.2290267944336,22728400,560.8178100585938,29.0,1.0,1.0,1.0,1.0,0.0006293689143848899,0.0007337340221765802,,0,1.0,302.0
2024-10-01,103.71598644171868,103.89022420389949,103.50507367354076,103.72515869140625,36591300,555.7937622070312,30.0,1.0,1.0,1.0,1.0,0.0006729786623100503,0.0007602001267353664,,0,1.0,303.0
2024-10-02,103.11072207484642,103.51420999543195,103.06486783560109,103.4958724975586,29446700,556.0283203125,29.0,1.0,1.0,1.0,1.0,0.0006890203837460362,0.0007016030374505849,,0,1.0,304.0
2024-10-03,103.23913671002732,103.28498396673623,102.82646942138672,102.82646942138672,24163200,555.0117797851562,30.0,1.0,1.0,1.0,1.0,0.0006805194745002516,0.0006577286581162001,,0,1.0,305.0
2024-10-04,102.29458370143362,102.377112949908,102.14785570897817,102.2670669555664,33618100,560.0553588867188,31.0,1.0,1.0,1.0,1.0,0.0006331418666056827,0.0006283183535485698,,1,1.0,306.0
2024-10-07,101.90024683811372,102.092822054228,101.6801548799476,101.74434661865234,27106300,554.9922485351562,31.0,1.0,1.0,1.0,1.0,0.0005622343820507115,0.0006293689143848899,,1,1.0,307.0
2024-10-08,101.62515483149625,101.94611358642578,101.48759908041897,101.94611358642578,27316000,560.2410278320312,31.0,1.0,1.0,1.0,1.0,0.0005377136674176928,0.0006729786623100503,,0,1.0,308.0
2024-10-09,101.7260091203259,101.85439259773541,101.5609436498887,101.74434661865234,29951900,564.1215209960938,30.0,1.0,1.0,1.0,1.0,0.0005131692481028637,0.0006890203837460362,,0,1.0,309.0
2024-10-10,101.54262924427525,101.68935025337834,101.3317094854926,101.63433074951172,25932500,563.1343383789062,30.0,1.0,1.0,1.0,1.0,0.0005123696289278059,0.0006805194745002516,,0,1.0,310.0
2024-10-11,101.48759093460231,101.80854966377038,101.39588944003651,101.61597442626953,20079000,566.5065307617188,30.0,1.0,1.0,1.0,1.0,0.0005100033884964165,0.0006331418666056827,,0,1.0,311.0
2024-10-14,101.33168837565151,101.64347482777816,101.21247714331629,101.62513732910156,4335400,571.1396484375,29.0,1.0,1.0,1.0,1.0,0.0005133484481145605,0.0005622343820507115,,0,1.0,312.0
2024-10-15,101.83608454542994,102.2212350890252,101.83608454542994,102.120361328125,28673200,566.7020263671875,30.0,1.0,1.0,1.0,1.0,0.0005376697742910798,0.0005377136674176928,,0,1.0,313.0
2024-10-16,102.40462506890846,102.51467106579636,102.23955957176457,102.4413070678711,20474300,569.1651611328125,29.0,1.0,1.0,1.0,1.0,0.0005785745409889577,0.0005131692481028637,,0,1.0,314.0
2024-10-17,102.04696581980079,102.08364781211169,101.63430564995876,101.6801528930664,31476700,569.214111328125,31.0,1.0,4.0,1.0,2.0,0.0005473658891991864,0.0005123696289278059,,1,2.0,315.0
2024-10-18,101.84524325613125,101.92777950810026,101.54262898924853,101.56096649169922,27372400,571.4035034179688,30.0,1.0,4.0,1.0,2.0,0.0004887996325431236,0.0005100033884964165,,0,2.0,316.0
2024-10-21,101.06575530739734,101.12994705122699,100.48802961293043,100.52471160888672,28320400,570.4652709960938,33.0,1.0,4.0,1.0,2.0,0.0003703165131355007,0.0005133484481145605,,1,2.0,317.0
2024-10-22,100.61640718111695,100.63474467982859,100.27710398576478,100.51553344726562,26001200,570.1621704101562,32.0,1.0,4.0,1.0,2.0,0.0003036362869284045,0.0005376697742910798,,0,2.0,318.0
2024-10-23,100.17623901367188,100.37798649902005,100.02951802202128,100.17623901367188,25425800,564.952392578125,32.0,1.0,4.0,1.0,2.0,0.00021825824321777135,0.0005785745409889577,,0,2.0,319.0
2024-10-24,100.33213795799274,100.66226193404923,100.20374747193546,100.4788589477539,21021100,566.1741943359375,32.0,1.0,4.0,1.0,2.0,0.00017702667058693564,0.0005473658891991864,,0,2.0,320.0
2024-10-25,100.7631466324463,100.81817313141886,100.185420866056,100.24044036865234,16040900,565.9786987304688,32.0,1.0,4.0,1.0,2.0,0.00012584716355868727,0.0004887996325431236,,0,2.0,321.0
2024-10-28,100.35048082343228,100.40550032298746,99.92864833529889,100.15790557861328,20935200,567.7283325195312,31.0,1.0,4.0,1.0,2.0,9.022130153710796e-05,0.0003703165131355007,,0,2.0,322.0
2024-10-29,99.71772664569097,100.30462461740443,99.64436964650857,100.27711486816406,24075800,568.6470336914062,31.0,1.0,4.0,1.0,2.0,6.670072891248577e-05,0.0003036362869284045,,0,2.0,323.0
2024-10-30,100.57974745285384,100.82734222033356,100.1028954206654,100.14874267578125,25259100,566.9268798828125,30.0,1.0,4.0,1.0,2.0,6.488464305118837e-05,0.00021825824321777135,,0,2.0,324.0
2024-10-31,99.98367296717522,100.24961222263612,99.69939620971327,99.94699096679688,29424400,555.8132934570312,30.0,1.0,4.0,1.0,2.0,7.23996519155677e-05,0.00017702667058693564,,0,2.0,325.0
2024-11-01,100.21846244781027,100.37490831440277,99.35339726824243,99.3994140625,25142200,558.1591186523438,31.0,1.0,4.0,1.0,2.0,4.3624848382508614e-05,0.00012584716355868727,,0,2.0,326.0
2024-11-04,100.2184642028553,100.38411483543565,99.86875341119838,100.13563537597656,24713500,556.9569091796875,32.0,1.0,4.0,1.0,2.0,4.0680959521344923e-05,9.022130153710796e-05,,0,2.0,327.0
2024-11-05,100.08962236918975,100.63258402327936,99.85034768070736,100.61418151855469,23732500,563.6915283203125,32.0,1.0,4.0,1.0,2.0,3.845456887725031e-05,6.670072891248577e-05,,0,2.0,328.0
2024-11-06,99.454635005331,99.98839895992394,99.30739389234043,99.56507110595703,38097900,577.7079467773438,35.0,1.0,4.0,1.0,2.0,3.5692261447088266e-05,6.488464305118837e-05,,0,2.0,329.0
2024-11-07,100.15404824703921,100.85345581135492,100.05281691146085,100.74302673339844,24596700,582.1749877929688,38.0,1.0,4.0,1.0,2.0,5.132850356495712e-05,7.23996519155677e-05,,0,2.0,330.0
2024-11-08,100.96389667937434,101.3044027352374,100.85346057502419,101.09273529052734,21113600,584.69677734375,37.0,1.0,4.0,1.0,2.0,7.605698348247439e-05,4.3624848382508614e-05,,0,2.0,331.0
2024-11-11,100.90867223134835,100.98229629368727,100.73381683858764,100.89946746826172,7971100,585.2538452148438,37.0,1.0,4.0,1.0,2.0,0.00012150962936348088,4.0680959521344923e-05,,0,2.0,332.0
2024-11-12,100.46694573487241,100.6786131816752,99.90557448593653,99.9884033203125,36203300,583.4358520507812,38.0,1.0,4.0,1.0,2.0,8.56437591988857e-05,3.845456887725031e-05,,1,2.0,333.0
2024-11-13,100.53134838829395,100.54055315085049,99.54664943004344,99.61106872558594,22942500,583.7192993164062,38.0,1.0,4.0,1.0,2.0,4.164638954839883e-05,3.5692261447088266e-05,,0,2.0,334.0
2024-11-14,99.87795479956644,100.05281018948654,99.48223424739466,99.58346557617188,26889100,579.9659423828125,38.0,1.0,4.0,1.0,2.0,8.10256651801668e-06,5.132850356495712e-05,,0,2.0,335.0
2024-11-15,99.30739718567646,99.8687614075706,99.0221056715591,99.6294937133789,27276300,572.537353515625,37.0,1.0,4.0,1.0,2.0,3.3250793097778344e-05,7.605698348247439e-05,,0,2.0,336.0
2024-11-18,99.50986642349008,99.9792111542871,99.42704459985579,99.81356048583984,19399100,574.88330078125,37.0,1.0,4.0,1.0,2.0,8.532478281462725e-05,0.00012150962936348088,,0,2.0,337.0
2024-11-19,100.05281478843457,100.22767018639192,99.95158345500423,100.02520751953125,21473200,576.9846801757812,36.0,1.0,4.0,1.0,2.0,0.00012653555370107823,8.56437591988857e-05,,0,2.0,338.0
2024-11-20,99.67552121250264,99.94240324609935,99.63870917119493,99.78595733642578,24792000,577.1802368164062,36.0,1.0,4.0,1.0,2.0,0.00013235192339063986,4.164638954839883e-05,,1,2.0,339.0
2024-11-21,99.82275906489762,100.08043630625164,99.5834843317068,99.66631317138672,22507400,580.2787475585938,35.0,1.0,4.0,1.0,2.0,9.740348515130306e-05,8.10256651801668e-06,,0,2.0,340.0
2024-11-22,99.83194773257159,99.93317204291496,99.59267303796165,99.7583236694336,13813000,582.0772705078125,35.0,1.0,4.0,1.0,2.0,6.482588977170353e-05,3.3250793097778344e-05,,0,2.0,341.0
2024-11-25,100.82585412234593,101.05592407572564,100.69701551014752,101.0007095336914,21678000,584.0516967773438,38.0,1.0,1.0,1.0,1.0,8.160354696903117e-05,8.532478281462725e-05,,0,1.0,342.0
2024-11-26,100.76142923933206,100.78903650882117,100.4117254571742,100.74302673339844,25005000,587.1012573242188,38.0,1.0,1.0,1.0,1.0,9.760819373648485e-05,0.00012653555370107823,,0,1.0,343.0
2024-11-27,101.03752857365728,101.21238399712539,100.82586111255492,101.11115264892578,23584000,585.3222045898438,38.0,1.0,1.0,1.0,1.0,0.00014113078466337846,0.00013235192339063986,,0,1.0,344.0
2024-11-29,101.54365830294644,101.7553257223786,101.4976485308451,101.73692321777344,11838900,588.9583740234375,38.0,1.0,1.0,1.0,1.0,0.00018787511642791584,9.740348515130306e-05,,0,1.0,345.0
2024-12-02,101.90592713331,101.97980715939721,101.40724752560203,101.89669036865234,33409400,590.0140991210938,37.0,1.0,1.0,1.0,1.0,0.0002527584029496819,6.482588977170353e-05,,0,1.0,346.0
2024-12-03,102.0074982146465,102.08137823190269,101.48111542147207,101.5365219116211,27394800,590.2877197265625,37.0,1.0,1.0,1.0,1.0,0.0002888495710819192,8.160354696903117e-05,,0,1.0,347.0
2024-12-04,101.35185037672206,102.1275695854226,101.30567359476181,102.02599334716797,22704100,593.9530639648438,37.0,1.0,1.0,1.0,1.0,0.00029536140209766084,9.760819373648485e-05,,0,1.0,348.0
2024-12-05,101.77665033238507,102.08140018491484,101.73971031581287,101.99828338623047,16792500,592.9757080078125,37.0,1.0,1.0,1.0,1.0,0.0003035800010459029,0.00014113078466337846,,0,1.0,349.0
2024-12-06,102.43231542447239,102.44155218962015,101.98904933560361,102.2291488647461,16668800,594.0997924804688,36.0,1.0,1.0,1.0,1.0,0.0003309013767005768,0.00018787511642791584,,0,1.0,350.0
2024-12-09,102.08139346771733,102.13679996613587,101.88746367766517,101.97057342529297,21149300,591.0403442382812,36.0,1.0,1.0,1.0,1.0,0.00033555576911345903,0.0002527584029496819,,0,1.0,351.0
2024-12-10,101.739695722082,101.95209902550765,101.68428922796521,101.8135757446289,19497500,589.2027587890625,35.0,1.0,1.0,1.0,1.0,0.00034188500154418025,0.0002888495710819192,,0,1.0,352.0
2024-12-11,101.99826145109293,102.12754795849814,101.51805543010016,101.5365219116211,24516500,593.7576293945312,35.0,1.0,1.0,1.0,1.0,0.00032074632697796446,0.00029536140209766084,,0,1.0,353.0
2024-12-12,101.296419391744,101.32412263598924,100.89008635458423,100.9639663696289,24747600,590.6983032226562,35.0,1.0,1.0,1.0,1.0,0.00029135451499125886,0.0003035800010459029,,1,1.0,354.0
2024-12-13,100.82546489313842,100.83470165841176,100.33602201746488,100.40066528320312,13195000,590.5809936523438,36.0,1.0,1.0,1.0,1.0,0.0002382113099233934,0.0003309013767005768,,1,1.0,355.0
2024-12-16,100.68694278649424,100.71464603705414,100.38219293916,100.52995300292969,18893000,593.102783203125,35.0,1.0,4.0,1.0,2.0,0.00022693605411328857,0.00033555576911345903,,0,2.0,356.0
2024-12-17,100.51146664830588,100.67769317604476,100.4283569072298,100.53917694091797,29945700,590.6590576171875,35.0,1.0,4.0,1.0,2.0,0.0002186274425496154,0.00034188500154418025,,0,2.0,357.0
2024-12-18,100.42333047379971,100.6364804998621,99.2092817749668,99.29268646240234,36753900,573.0554809570312,38.0,1.0,4.0,1.0,2.0,0.00018255731668381445,0.00032074632697796446,,0,2.0,358.0
2024-12-19,99.0332101652244,99.16295552269086,98.54203030187396,98.75518035888672,40479900,572.87939453125,38.0,1.0,4.0,1.0,2.0,0.00012818715379651384,0.00029135451499125886,,1,2.0,359.0
2024-12-20,99.24634588532129,99.59851786522056,98.98685520787383,99.1444091796875,27608300,579.7603149414062,38.0,1.0,4.0,1.0,2.0,7.381147985224477e-05,0.0002382113099233934,,0,2.0,360.0
2024-12-23,99.1722099403131,99.23708260915042,98.7459028207263,98.85710906982422,13091800,583.2321166992188,38.0,1.0,4.0,1.0,2.0,3.6109290155169886e-05,0.00022693605411328857,,0,2.0,361.0
2024-12-24,98.66250682513123,99.17222578356218,98.6254357126461,99.16295623779297,6215300,589.7146606445312,37.0,1.0,4.0,1.0,2.0,-7.580602676079651e-06,0.0002186274425496154,,0,2.0,362.0
2024-12-26,98.69957794701753,99.29270160565274,98.69957794701753,99.25563049316406,12454800,589.7540283203125,37.0,1.0,4.0,1.0,2.0,-1.2255007843717487e-05,0.00018255731668381445,,0,2.0,363.0
2024-12-27,99.07954357639834,99.20001937935075,98.80151379039594,98.83858489990234,13908400,583.5458984375,37.0,1.0,4.0,1.0,2.0,7.4857557276715535e-06,0.00012818715379651384,,0,2.0,364.0
2024-12-30,99.19075798241627,99.32977288683695,99.13515484888471,99.26490020751953,9141400,576.8866577148438,37.0,1.0,4.0,1.0,2.0,3.4082865603879966e-05,7.381147985224477e-05,,0,2.0,365.0
2024-12-31,99.43170837472181,99.52438261306536,98.8571167840459,99.01466369628906,10768700,574.7880249023438,36.0,1.0,4.0,1.0,2.0,1.9768745501650966e-05,3.6109290155169886e-05,,0,2.0,366.0
2025-01-02,99.27415398357672,99.45023290198708,98.81077575617678,99.02392578125,19098100,573.375732421875,36.0,1.0,4.0,1.0,2.0,2.086864927314781e-07,-7.580602676079651e-06,,0,2.0,367.0
2025-01-03,99.1629250068439,99.21852812276379,98.73661795341607,98.79222106933594,22610500,580.5448608398438,35.0,1.0,4.0,1.0,2.0,-3.2753335746710723e-05,-1.2255007843717487e-05,,0,2.0,368.0
2025-01-06,98.71809399327176,98.7829666619812,98.48640488065364,98.5420150756836,24302200,583.88916015625,35.0,1.0,4.0,1.0,2.0,-6.17077993194292e-05,7.4857557276715535e-06,,0,2.0,369.0
2025-01-07,98.4122763196193,98.52348257593498,97.93035897361447,98.08790588378906,25115700,577.288818359375,35.0,1.0,4.0,1.0,2.0,-9.675572581989684e-05,3.4082865603879966e-05,,0,2.0,370.0
2025-01-08,97.96740790304412,98.3381118382159,97.89326570189186,98.24543762207031,30143800,578.1322631835938,35.0,1.0,4.0,1.0,2.0,-0.00011675774498534007,1.9768745501650966e-05,,0,2.0,371.0
2025-01-10,97.63378935473449,97.99522380000184,97.51331356317554,97.68013000488281,24613500,569.3056640625,35.0,1.0,4.0,1.0,2.0,-0.00015736206248522926,2.086864927314781e-07,,0,2.0,372.0
2025-01-13,97.6338116600507,97.65235075258164,97.3372498148845,97.4021224975586,18873300,570.1882934570312,35.0,1.0,4.0,1.0,2.0,-0.0001863686595931166,-3.2753335746710723e-05,,0,2.0,373.0
2025-01-14,97.49478183315682,97.56892405075372,97.25383023185344,97.51332092285156,27585200,570.9729614257812,34.0,1.0,4.0,1.0,2.0,-0.000230705192578428,-6.17077993194292e-05,,0,2.0,374.0
2025-01-15,98.62544295351474,98.8293305518561,98.4400944480729,98.6810531616211,32123600,581.3587646484375,37.0,1.0,4.0,1.0,2.0,-0.0001884639476922922,-9.675572581989684e-05,,0,2.0,375.0
2025-01-16,98.63470506194666,99.07955134029048,98.4308174789804,98.87566375732422,24583300,580.2408447265625,37.0,1.0,4.0,1.0,2.0,-0.00014502707348510956,-0.00011675774498534007,,0,2.0,376.0
2025-01-17,99.14440857272899,99.17221013505807,98.89418037058606,98.95905303955078,18912000,586.0663452148438,36.0,1.0,4.0,1.0,2.0,-0.0001006719248306155,-0.00015736206248522926,,0,2.0,377.0
2025-01-21,99.3761139626095,99.55219290972965,99.27417017031223,99.53366088867188,20670600,591.430908203125,37.0,1.0,1.0,1.0,1.0,-9.62388839479997e-05,-0.0001863686595931166,,0,1.0,378.0
2025-01-22,99.53366783925175,99.6356116386679,99.20930441865143,99.21856689453125,18418900,594.7557373046875,37.0,1.0,1.0,1.0,1.0,-0.00010037723869402654,-0.000230705192578428,,0,1.0,379.0
2025-01-23,98.78298279641993,99.0888141719697,98.76445077544346,99.07955169677734,18118300,598.0018920898438,36.0,1.0,1.0,1.0,1.0,-0.0001241612375573302,-0.0001884639476922922,,1,1.0,380.0
2025-01-24,99.04248077097773,99.38537618912696,98.94053697893558,99.274169921875,13020200,596.2562255859375,36.0,1.0,1.0,1.0,1.0,-0.0001518810777389392,-0.00014502707348510956,,0,1.0,381.0
2025-01-27,99.76533529809392,99.98775487087987,99.63558995808621,99.95995330810547,18954300,587.8218994140625,36.0,1.0,1.0,1.0,1.0,-0.00015808373953478608,-0.0001006719248306155,,0,1.0,382.0
2025-01-28,99.70048517573643,99.87656413665883,99.60781092199954,99.82096099853516,22253100,592.8727416992188,36.0,1.0,1.0,1.0,1.0,-0.0001383706188982988,-9.62388839479997e-05,,0,1.0,383.0
2025-01-29,99.98773910865847,100.01554066705019,99.37608361227171,99.69117736816406,24969100,590.2149047851562,35.0,1.0,1.0,1.0,1.0,-0.00010747853015416504,-0.00010037723869402654,,0,1.0,384.0
2025-01-30,99.95995301727231,100.0989679013306,99.77460455225508,99.91361236572266,22709300,593.3826293945312,35.0,1.0,1.0,1.0,1.0,-5.80450872365501e-05,-0.0001241612375573302,,0,1.0,385.0
2025-01-31,99.9970390847689,100.10824535218033,99.38537633163898,99.58926391601562,28454600,590.2246704101562,35.0,1.0,1.0,1.0,1.0,-2.808420809808904e-05,-0.0001518810777389392,,0,1.0,386.0
2025-02-03,99.85806207966141,100.15570132341668,99.54181639151433,99.74644470214844,21155000,586.2526245117188,34.0,1.0,1.0,1.0,1.0,-2.0547760905303644e-05,-0.00015808373953478608,,0,1.0,387.0
2025-02-04,99.50461275793685,100.05338220351756,99.46740696727865,99.94176483154297,25086200,590.185546875,34.0,1.0,1.0,1.0,1.0,-1.323956133076064e-05,-0.0001383706188982988,,0,1.0,388.0
2025-02-05,100.49055007066879,100.8532976906326,100.23941273606023,100.63936614990234,30119200,592.578369140625,35.0,1.0,1.0,1.0,1.0,3.230560125026933e-05,-0.00010747853015416504,,0,1.0,389.0
2025-02-06,100.57425976271419,100.7230829411543,100.35103209133376,100.4533462524414,22557700,594.6380004882812,34.0,1.0,1.0,1.0,1.0,5.988511505117705e-05,-5.80450872365501e-05,,0,1.0,390.0
2025-02-07,100.11848846450192,100.19290004425856,99.89526082151083,100.01617431640625,23911000,589.1950073242188,34.0,1.0,1.0,1.0,1.0,5.462040208993708e-05,-2.808420809808904e-05,,1,1.0,391.0
2025-02-10,100.10919100356546,100.31381931153179,99.9417684876184,100.04408264160156,15302300,593.1962890625,34.0,1.0,1.0,1.0,1.0,1.4744153680429744e-05,-2.0547760905303644e-05,,0,1.0,392.0
2025-02-11,99.73716172384098,99.89528104061856,99.70925205357412,99.82086944580078,19478800,593.6474609375,33.0,1.0,1.0,1.0,1.0,-1.6715405915014358e-05,-1.323956133076064e-05,,1,1.0,393.0
2025-02-12,99.12326802617785,99.40230793415587,98.9279429291051,99.28138732910156,31480600,591.7350463867188,34.0,1.0,1.0,1.0,1.0,-6.086603070187331e-05,3.230560125026933e-05,,1,1.0,394.0
2025-02-13,99.8208596142368,100.23011624914575,99.78365382049238,100.05339050292969,20735100,597.9822998046875,35.0,1.0,1.0,1.0,1.0,-7.613128432167186e-05,5.988511505117705e-05,,0,1.0,395.0
2025-02-14,100.57426275738034,100.77889108568857,100.44404602050781,100.44404602050781,14409400,597.9529418945312,35.0,1.0,1.0,1.0,1.0,-4.8770438523082466e-05,5.462040208993708e-05,,0,1.0,396.0
2025-02-18,100.31382284461573,100.41613700220242,99.96037845240318,100.0347900390625,17640000,599.7083740234375,35.0,1.0,1.0,1.0,1.0,-3.093614552188838e-05,1.4744153680429744e-05,,1,1.0,397.0
2025-02-19,99.99758812126943,100.23941514286531,99.89527395971741,100.0905990600586,26007400,601.12060546875,34.0,4.0,1.0,1.0,7.0,-2.1756565887127233e-05,-1.6715405915014358e-05,,0,2.0,398.0
2025-02-20,100.2487131705478,100.40683246792332,100.18360480714145,100.33242797851562,23814800,598.6196899414062,34.0,4.0,1.0,1.0,7.0,-2.369037752802513e-05,-6.086603070187331e-05,,0,2.0,399.0
2025-02-21,100.47194339871766,100.99281741555794,100.44404082744185,100.68587493896484,30130700,588.3809204101562,34.0,4.0,1.0,1.0,7.0,2.9202700066416295e-05,-7.613128432167186e-05,,0,2.0,400.0
2025-02-24,100.74169123968473,101.08583954819001,100.62077771867061,100.94631958007812,23399500,585.7034912109375,33.0,4.0,1.0,1.0,7.0,8.492707415380764e-05,-4.8770438523082466e-05,,0,2.0,401.0
2025-02-25,101.57878754953441,101.75551328702453,101.43926760395165,101.71830749511719,26835200,582.7907104492188,34.0,4.0,1.0,1.0,7.0,0.00017201142307766176,-3.093614552188838e-05,,0,2.0,402.0
2025-02-26,101.75551706999265,101.9787447334565,101.56019197742687,101.93223571777344,22983100,583.0850219726562,34.0,4.0,1.0,1.0,7.0,0.00024034578437507028,-2.1756565887127233e-05,,0,2.0,403.0
2025-02-27,101.64390686247019,101.80202617290287,101.44858175612157,101.50438690185547,27258200,573.7777709960938,34.0,4.0,1.0,1.0,7.0,0.0002653283541831994,-2.369037752802513e-05,,0,2.0,404.0
2025-02-28,101.85781762957629,101.99733756172026,101.5229726309422,101.9508285522461,29596100,582.7318725585938,34.0,4.0,1.0,1.0,7.0,0.00022532508981140152,2.9202700066416295e-05,,0,2.0,405.0
2025-03-03,101.71276315141397,102.27295684814453,101.64740733884955,102.27295684814453,42545300,572.5224609375,34.0,4.0,1.0,1.0,7.0,0.00018592031969600435,8.492707415380764e-05,,0,2.0,406.0
2025-03-04,102.10490270110806,102.28230011043948,101.81547082125125,101.93684387207031,46053300,565.7455444335938,34.0,4.0,1.0,1.0,7.0,0.0001589833438675758,0.00017201142307766176,,0,2.0,407.0
2025-03-05,102.07689092022953,102.1889253872831,101.51669721521336,101.61006164550781,45483500,571.8261108398438,33.0,4.0,1.0,1.0,7.0,0.00011971274895579308,0.00024034578437507028,,0,2.0,408.0
2025-03-06,101.47933850170845,101.61938156963215,101.10587369966515,101.2926025390625,40519900,561.6755981445312,33.0,4.0,1.0,1.0,7.0,6.424246808692103e-05,0.0002653283541831994,,0,2.0,409.0
2025-03-07,101.79679260299325,101.79679260299325,101.0218542814125,101.13389587402344,30747100,564.8236694335938,33.0,4.0,1.0,1.0,7.0,2.5853550281746746e-05,0.00022532508981140152,,0,2.0,410.0
2025-03-10,101.60070499568634,101.82478101319072,101.34862036639996,101.47933197021484,34294800,549.779296875,33.0,4.0,1.0,1.0,7.0,2.0818087690507212e-05,0.00018592031969600435,,0,2.0,411.0
2025-03-11,101.40465434069762,101.47001015340099,100.78843628670916,100.81645202636719,42262600,545.2090454101562,33.0,4.0,1.0,1.0,7.0,-2.7731503932093953e-05,0.0001589833438675758,,0,2.0,412.0
2025-03-12,100.86313404810093,100.89114266544509,100.48033773898135,100.51768493652344,35875600,548.1021118164062,33.0,4.0,1.0,1.0,7.0,-8.382563275363652e-05,0.00011971274895579308,,0,2.0,413.0
2025-03-13,100.17222445383528,100.8631297709416,100.06952144576213,100.83512115478516,43907900,540.7957153320312,33.0,4.0,4.0,1.0,8.0,-0.0001201641344898565,6.424246808692103e-05,,0,2.0,414.0
2025-03-14,100.83512266610843,101.03119010539149,100.71374961986159,100.78843688964844,31358100,551.9662475585938,32.0,4.0,4.0,1.0,8.0,-0.00011570192024330102,2.5853550281746746e-05,,0,2.0,415.0
2025-03-17,101.16189425951234,101.35796168431337,100.94715679945594,100.99383544921875,17561400,556.2227172851562,32.0,4.0,4.0,1.0,8.0,-8.723478529603798e-05,2.0818087690507212e-05,,0,2.0,416.0
2025-03-18,100.96584093307514,101.45134739649423,100.85379933615154,101.23660278320312,27948100,550.2108154296875,32.0,4.0,4.0,1.0,8.0,-7.336420333899658e-05,-2.7731503932093953e-05,,0,2.0,417.0
2025-03-19,101.25524334399535,101.936817061176,101.09652313699704,101.83411407470703,27469800,556.2030639648438,32.0,4.0,4.0,1.0,8.0,-3.2945020721111774e-05,-8.382563275363652e-05,,0,2.0,418.0
2025-03-20,102.36632015247437,102.37565873223794,101.67541483820519,101.68475341796875,26937300,554.5947265625,32.0,4.0,4.0,1.0,8.0,-1.5145794032344887e-05,-0.0001201641344898565,,0,2.0,419.0
2025-03-21,101.75010663261837,101.8621410939244,101.47934481238039,101.5447006225586,26447400,554.777587890625,31.0,4.0,4.0,1.0,8.0,-9.03481690330204e-06,-0.00011570192024330102,,0,2.0,420.0
2025-03-24,101.43265213656723,101.43265213656723,101.03117872328895,101.10587310791016,25243300,564.712890625,32.0,1.0,4.0,1.0,2.0,-3.687220004898621e-05,-8.723478529603798e-05,,1,2.0,421.0
2025-03-25,101.10586939342645,101.41397837623303,101.0125049777043,101.20857238769531,22744000,566.0703125,31.0,1.0,4.0,1.0,2.0,-4.840897749661656e-05,-7.336420333899658e-05,,0,2.0,422.0
2025-03-26,101.04052848381357,101.04052848381357,100.75109661543718,100.79777526855469,17115600,559.3123779296875,31.0,1.0,4.0,1.0,2.0,-7.967169181084594e-05,-3.2945020721111774e-05,,0,2.0,423.0
2025-03-27,100.62036725118274,100.71373879406615,100.49899421798239,100.6763916015625,22028900,557.8270263671875,31.0,1.0,4.0,1.0,2.0,-8.259559415123318e-05,-1.5145794032344887e-05,,1,2.0,424.0
2025-03-28,101.11523583382731,101.32997333683339,100.97518561002971,101.28329467773438,27257000,546.5933837890625,31.0,1.0,4.0,1.0,2.0,-7.097687717110513e-05,-9.03481690330204e-06,,0,2.0,425.0
2025-03-31,101.5353491937789,101.60070499568634,101.11520577055218,101.47933197021484,29834300,550.2625732421875,31.0,1.0,4.0,1.0,2.0,-2.5440924863489433e-05,-3.687220004898621e-05,,0,2.0,426.0
2025-04-01,101.72020101798786,102.06698765931151,101.67334259662996,101.84204864501953,22059200,551.816650390625,31.0,1.0,4.0,1.0,2.0,4.3724010276692756e-05,-4.840897749661656e-05,,0,2.0,427.0
2025-04-02,102.1701018764335,102.1701018764335,101.55151055384769,102.07637786865234,24769000,555.308837890625,31.0,1.0,1.0,1.0,1.0,9.504089510821495e-05,-7.967169181084594e-05,,0,1.0,428.0
2025-04-03,102.26382390050092,102.66684356175722,101.92641175848713,102.06700134277344,41675700,527.9427490234375,30.0,1.0,1.0,1.0,1.0,0.00013513617114569929,-8.259559415123318e-05,,0,1.0,429.0
2025-04-04,102.28256640661893,102.60123660947434,101.6920987301736,101.95452880859375,60793800,497.0354309082031,30.0,1.0,1.0,1.0,1.0,0.00012993684690408127,-7.097687717110513e-05,,0,1.0,430.0
2025-04-07,101.0079133502433,101.47654059575014,99.68638823626983,99.96756744384766,62583200,496.1501159667969,40.0,1.0,1.0,1.0,1.0,4.112627409396884e-05,-2.5440924863489433e-05,,1,1.0,431.0
2025-04-08,100.13624554834281,100.20186021371569,98.38358459132928,98.7022476196289,56747700,488.3790588378906,43.0,1.0,4.0,1.0,2.0,-9.395507822127884e-05,4.3724010276692756e-05,,0,2.0,432.0
2025-04-09,97.55879340281679,100.38930529885181,97.25887232284116,100.35181427001953,77380700,539.6683349609375,48.0,1.0,4.0,1.0,2.0,-0.00017385375775360798,9.504089510821495e-05,,0,2.0,433.0
2025-04-10,99.31146870320718,99.67699732262953,98.46793836966211,98.6460189819336,55825000,516.0205688476562,53.0,1.0,4.0,1.0,2.0,-0.00021206057767240766,0.00013513617114569929,,0,2.0,434.0
2025-04-11,97.97118367769558,98.8147139162088,96.95894739147968,98.62726593017578,41686900,525.2278442382812,52.0,1.0,4.0,1.0,2.0,-0.00020261701276755932,0.00012993684690408127,,0,2.0,435.0
2025-04-14,99.33957925587067,99.43330325384817,98.86158472098064,99.23648071289062,28111900,530.3232421875,52.0,1.0,4.0,1.0,2.0,-0.00022520317615177838,4.112627409396884e-05,,0,2.0,436.0
2025-04-15,99.28335232601066,99.9206855619784,99.23648674883002,99.77072143554688,20502600,528.837890625,51.0,1.0,4.0,1.0,2.0,-0.00018099653316565561,-9.395507822127884e-05,,0,2.0,437.0
2025-04-16,99.86444443320721,100.20185653943597,99.61138177819437,100.1924819946289,24639800,517.0828857421875,51.0,1.0,4.0,1.0,2.0,-0.0001235882413339468,-0.00017385375775360798,,0,2.0,438.0
2025-04-17,100.2018592598558,100.28620871336176,99.88318908390691,100.05189514160156,11483700,517.8206176757812,50.0,1.0,4.0,1.0,2.0,-7.46156793306319e-05,-0.00021206057767240766,,0,2.0,439.0
2025-04-21,99.54578579644506,99.70511732320799,98.8897105976075,98.97406005859375,23506700,505.4951171875,52.0,1.0,4.0,1.0,2.0,-8.371390812617612e-05,-0.00020261701276755932,,1,2.0,440.0
2025-04-22,99.5176640163933,99.56452959268192,99.18025188902757,99.21774291992188,20939300,518.6470336914062,51.0,1.0,4.0,1.0,2.0,-0.00010345292989564322,-0.00022520317615177838,,0,2.0,441.0
2025-04-23,100.80170026240435,100.91416619910791,99.6394998114615,99.65824890136719,31155900,526.6837158203125,51.0,1.0,4.0,1.0,2.0,-0.00010759980215948777,-0.00018099653316565561,,0,2.0,442.0
2025-04-24,100.34245082992528,100.73610310088797,100.16437736161802,100.67986297607422,23838700,537.7697143554688,52.0,1.0,4.0,1.0,2.0,-5.473098596657845e-05,-0.0001235882413339468,,0,2.0,443.0
2025-04-25,101.06413909048368,101.26096164748661,100.89543302009785,101.21409606933594,14575300,541.6553955078125,52.0,1.0,4.0,1.0,2.0,5.123538360515395e-06,-7.46156793306319e-05,,0,2.0,444.0
2025-04-28,101.12035722851161,101.55149331165006,101.11098268412015,101.44839477539062,18297900,541.8618774414062,51.0,1.0,1.0,1.0,1.0,5.4304280678033245e-05,-8.371390812617612e-05,,0,1.0,445.0
2025-04-29,101.27971193542994,101.69210617495737,101.27034453957441,101.68273162841797,19346200,545.2752685546875,50.0,1.0,1.0,1.0,1.0,8.646199490132648e-05,-0.00010345292989564322,,0,1.0,446.0
2025-04-30,101.3453172438439,101.49528138245982,101.04539611729575,101.2047348022461,35129300,545.4916381835938,50.0,1.0,1.0,1.0,1.0,8.177977443438908e-05,-0.00010759980215948777,,0,1.0,447.0
2025-05-01,101.40422695072994,101.40422695072994,100.77373865557135,100.8490219116211,28056300,549.3574829101562,49.0,1.0,1.0,1.0,1.0,4.408615072012439e-05,-5.473098596657845e-05,,0,1.0,448.0
2025-05-02,100.53848425393973,100.72669239479225,100.4067421450462,100.60436248779297,20302100,557.5122680664062,49.0,1.0,1.0,1.0,1.0,4.515522899505148e-06,5.123538360515395e-06,,1,1.0,449.0
2025-05-05,100.35028617181867,100.51025771157848,100.03034309229905,100.46321105957031,20005800,554.3153076171875,48.0,1.0,1.0,1.0,1.0,-2.7622302695753307e-05,5.4304280678033245e-05,,0,1.0,450.0
2025-05-06,100.18090582178361,100.67023983920173,100.09621753765755,100.66082763671875,29906500,549.6821899414062,47.0,1.0,1.0,1.0,1.0,-2.9855856553696665e-05,8.646199490132648e-05,,0,1.0,451.0
2025-05-07,100.86784362792969,100.9713563073886,100.68904769442678,100.86784362792969,19892000,551.993896484375,47.0,1.0,1.0,1.0,1.0,-3.481677862885599e-05,8.177977443438908e-05,,0,1.0,452.0
2025-05-08,101.0183982991753,101.09368154974837,100.35968780517578,100.35968780517578,25149700,555.8399658203125,47.0,1.0,1.0,1.0,1.0,-1.738439680196362e-05,4.408615072012439e-05,,0,1.0,453.0
2025-05-09,100.62316253772521,100.71726300238709,100.29380732170603,100.32203674316406,18254700,555.1318359375,46.0,1.0,1.0,1.0,1.0,-1.9843610165857213e-07,4.515522899505148e-06,,0,1.0,454.0
2025-05-12,100.30323028564453,100.52908005652118,100.2091298041492,100.30323028564453,28270900,573.4774169921875,45.0,1.0,1.0,1.0,1.0,1.2186217632615635e-06,-2.7622302695753307e-05,,0,1.0,455.0
2025-05-13,100.39733639616209,100.51966630227629,100.19031103242543,100.38792419433594,32005700,577.2647094726562,45.0,4.0,4.0,1.0,8.0,-2.368500810362665e-06,-2.9855856553696665e-05,,0,2.0,456.0
2025-05-14,100.29382674094505,100.4161566507509,99.84213437194246,99.87977600097656,25340600,578.00244140625,44.0,4.0,4.0,1.0,8.0,-3.53173635165663e-05,-3.481677862885599e-05,,0,2.0,457.0
2025-05-15,100.11501085582216,100.65139139875404,100.0491398129851,100.59493255615234,30008300,580.8255615234375,45.0,4.0,4.0,1.0,8.0,-4.428700119319713e-05,-1.738439680196362e-05,,0,2.0,458.0
2025-05-16,101.05603083467567,101.06544303500218,100.64198017317274,100.78313446044922,21888400,584.5045166015625,44.0,4.0,4.0,1.0,8.0,-4.321651155715675e-05,-1.9843610165857213e-07,,0,2.0,459.0
2025-05-19,99.89860660947562,100.84903087883863,99.80449894134242,100.79257202148438,33615600,585.1439208984375,44.0,4.0,4.0,1.0,8.0,-1.4992538022767675e-05,1.2186217632615635e-06,,0,2.0,460.0
2025-05-20,100.50084306197103,100.67022678767009,100.32204713500923,100.54788970947266,23036200,583.1764526367188,43.0,4.0,4.0,1.0,8.0,1.948608984301049e-05,-2.368500810362665e-06,,0,2.0,461.0
2025-05-21,100.08680353033485,100.25618727493945,99.34339749453727,99.42809295654297,35452800,573.3495483398438,45.0,4.0,4.0,1.0,8.0,1.3169182786637845e-05,-3.53173635165663e-05,,1,2.0,462.0
2025-05-22,99.31514185231254,99.98326445206362,99.17398757249923,99.93621063232422,34010700,573.5758056640625,45.0,4.0,4.0,1.0,8.0,-2.989135971983552e-06,-4.428700119319713e-05,,0,2.0,463.0
2025-05-23,100.1338574777349,100.28441681788627,99.83272443861857,100.01152038574219,21447200,569.6608276367188,44.0,4.0,4.0,1.0,8.0,-1.768754558321245e-05,-4.321651155715675e-05,,0,2.0,464.0
2025-05-27,100.61375304255758,100.99957429127134,100.23734399438462,100.91487884521484,29208400,581.5043334960938,45.0,4.0,4.0,1.0,8.0,1.6929472063830717e-05,-1.4992538022767675e-05,,0,2.0,465.0
2025-05-28,100.71726606544583,100.78313711065297,100.37849863883613,100.67021942138672,29079800,578.1400756835938,45.0,4.0,4.0,1.0,8.0,3.819997328980467e-05,1.948608984301049e-05,,0,2.0,466.0
2025-05-29,100.99958019865097,101.21601056791057,100.87724312268125,101.12191009521484,31012800,580.4223022460938,45.0,4.0,1.0,1.0,7.0,4.643954828409308e-05,1.3169182786637845e-05,,0,2.0,467.0
2025-05-30,101.1125093993723,101.41363525390625,101.01840891596919,101.41363525390625,29890800,579.77294921875,44.0,4.0,1.0,1.0,7.0,3.181217092388874e-05,-2.989135971983552e-06,,0,2.0,468.0
2025-06-02,101.05094209196041,101.13594990453892,100.76759953042783,101.12650299072266,24225900,583.0389404296875,44.0,4.0,1.0,1.0,7.0,3.0378299343165462e-05,-1.768754558321245e-05,,0,2.0,469.0
2025-06-03,101.28707835943176,101.44764709274972,101.05095592289437,101.17374420166016,24080000,586.3637084960938,43.0,4.0,1.0,1.0,7.0,3.4943351885156085e-05,1.6929472063830717e-05,,0,2.0,470.0
2025-06-04,101.65540706653374,102.05209815164092,101.55151264018227,101.9104232788086,28006400,586.2063598632812,43.0,4.0,1.0,1.0,7.0,6.759434910767123e-05,3.819997328980467e-05,,0,2.0,471.0
2025-06-05,101.94820334826635,101.99542350178024,101.54207255745342,101.59873962402344,29760700,583.3732299804688,43.0,4.0,1.0,1.0,7.0,9.084890138251688e-05,4.643954828409308e-05,,0,2.0,472.0
2025-06-06,101.26817489335274,101.3909559458141,100.97538542662288,100.98482513427734,31093100,589.3639526367188,43.0,4.0,1.0,1.0,7.0,6.718473346890673e-05,3.181217092388874e-05,,1,2.0,473.0
2025-06-09,101.05094119650609,101.41929156735307,101.00372103961105,101.28706359863281,18850000,589.8950805664062,43.0,4.0,1.0,1.0,7.0,3.04511271566291e-05,3.0378299343165462e-05,,0,2.0,474.0
2025-06-10,101.67429816004018,101.71207860550561,101.30594782410623,101.53262329101562,20359000,593.2396850585938,42.0,4.0,1.0,1.0,7.0,2.205509026087156e-05,3.4943351885156085e-05,,0,2.0,475.0
2025-06-11,101.70263755154653,101.97654039253747,101.58929620862088,101.85375213623047,20584700,591.5477294921875,42.0,4.0,1.0,1.0,7.0,4.923587322263342e-05,6.759434910767123e-05,,0,2.0,476.0
2025-06-12,102.22212920784649,102.42047119140625,102.08045430362239,102.42047119140625,26497300,593.898681640625,42.0,4.0,1.0,1.0,7.0,9.176136321868349e-05,9.084890138251688e-05,,0,2.0,477.0
2025-06-13,102.11821710771929,102.18433109081165,101.53263096755572,101.80653381347656,34794500,587.2589111328125,42.0,4.0,1.0,1.0,7.0,0.00012775163294962409,6.718473346890673e-05,,0,2.0,478.0
2025-06-16,101.816000361534,102.11823680050951,101.60821145863486,101.6270980834961,21286000,592.84619140625,42.0,4.0,1.0,1.0,7.0,0.0001662316789998505,3.04511271566291e-05,,0,2.0,479.0
2025-06-17,101.89153942683674,102.04266122755351,101.6743108456615,101.97654724121094,27241300,587.7802734375,41.0,4.0,1.0,1.0,7.0,0.00018820040131970926,2.205509026087156e-05,,0,2.0,480.0
2025-06-18,102.21266263307918,102.4015576651226,101.86319889732691,102.0521011352539,29762000,587.691650390625,41.0,4.0,1.0,1.0,7.0,0.00020755341775991008,4.923587322263342e-05,,0,2.0,481.0
2025-06-20,101.87265190608358,102.29766935655331,101.7404239345648,102.1371078491211,20437500,586.3114624023438,40.0,4.0,1.0,1.0,7.0,0.00021591566899274858,9.176136321868349e-05,,0,2.0,482.0
2025-06-23,102.37323416213681,102.66602365225872,102.29767325956205,102.39212799072266,34072400,592.1027221679688,40.0,4.0,1.0,1.0,7.0,0.00023117718366818824,0.00012775163294962409,,0,2.0,483.0
2025-06-24,102.26933702158789,102.96825733723506,102.25989010754446,102.87380981445312,38185300,598.643798828125,39.0,4.0,1.0,1.0,7.0,0.0002692270691911558,0.0001662316789998505,,0,2.0,484.0
2025-06-25,102.67546144300661,102.8076894078208,102.50545303026212,102.75102233886719,30675200,598.9793090820312,39.0,1.0,1.0,1.0,1.0,0.0003001665681182924,0.00018820040131970926,,0,1.0,485.0
2025-06-26,102.86436639007123,103.13826203447844,102.65657752392741,103.12882232666016,31026000,603.6655883789062,39.0,1.0,1.0,1.0,1.0,0.000331357996848092,0.00020755341775991008,,0,1.0,486.0
2025-06-27,102.94936198568338,103.32715925066076,102.83602064442513,102.95880889892578,24704800,606.6648559570312,38.0,1.0,1.0,1.0,1.0,0.00034270519357810434,0.00021591566899274858,,0,1.0,487.0
2025-06-30,103.29882196811643,103.62939186076898,103.17603371807175,103.52549743652344,40575000,609.5654296875,38.0,1.0,1.0,1.0,1.0,0.0003758437355545078,0.00023117718366818824,,0,1.0,488.0
2025-07-01,103.57480295606446,103.71699935165528,103.356767518504,103.650634765625,28691300,609.3681030273438,38.0,1.0,1.0,1.0,1.0,0.0003985586621176066,0.0002692270691911558,,0,1.0,489.0
2025-07-02,103.30938586081295,103.6316909790039,103.2335468097998,103.6316909790039,24284500,612.1305541992188,37.0,1.0,1.0,1.0,1.0,0.00042598796686528837,0.0003001665681182924,,0,1.0,490.0
2025-07-03,103.47052122680331,103.59375423991528,103.30936869448564,103.38520050048828,17340500,616.9549560546875,37.0,1.0,1.0,1.0,1.0,0.0004355788506195135,0.000331357996848092,,0,1.0,491.0
2025-07-07,103.195601981202,103.195601981202,102.65526153193974,102.7690200805664,18303300,612.357421875,37.0,1.0,1.0,1.0,1.0,0.0004510077770228736,0.00034270519357810434,,1,1.0,492.0
2025-07-08,102.53204158916947,102.56047942184651,102.38984519337512,102.47515869140625,29374900,612.0220336914062,37.0,1.0,1.0,1.0,1.0,0.00043956517729191384,0.0003758437355545078,,1,1.0,493.0
2025-07-09,102.71215419919983,103.08186050294964,102.61735900918362,103.06290435791016,33182900,615.692138671875,37.0,1.0,1.0,1.0,1.0,0.0004532479756363024,0.0003985586621176066,,0,1.0,494.0
2025-07-10,103.02497248382218,103.17664332318252,102.82590043893194,103.08184814453125,29758900,617.4285278320312,37.0,1.0,1.0,1.0,1.0,0.00041798605067480953,0.00042598796686528837,,0,1.0,495.0
2025-07-11,102.62682622753509,102.65526405728929,102.38035298231813,102.45619201660156,23776000,615.2579345703125,37.0,1.0,1.0,1.0,1.0,0.0003764076708457597,0.0004355788506195135,,1,1.0,496.0
2025-07-14,102.39930457289091,102.56046432168152,102.24763374347441,102.42774963378906,18216500,616.4320068359375,36.0,1.0,1.0,1.0,1.0,0.0003077936281131454,0.0004510077770228736,,0,1.0,497.0
2025-07-15,102.64579419476587,102.64579419476587,102.02014017087274,102.05805969238281,31329400,613.7978515625,36.0,1.0,1.0,1.0,1.0,0.0002465583557390075,0.00043956517729191384,,0,1.0,498.0
2025-07-16,102.295046803375,102.4751554821588,101.75469906979691,102.21920776367188,41794100,615.8499145507812,36.0,1.0,1.0,1.0,1.0,0.0002241196271261593,0.0004532479756363024,,0,1.0,499.0
2025-07-17,102.41828900364028,102.57944155315519,102.33296826822033,102.46568298339844,19396900,619.6187133789062,35.0,1.0,1.0,1.0,1.0,0.00022463334668690628,0.00041798605067480953,,0,1.0,500.0
2025-07-18,102.7500686228121,102.78798814341873,102.5320404198352,102.6552734375,17446200,619.1649169921875,35.0,1.0,1.0,1.0,1.0,0.0002451285724032574,0.0003764076708457597,,0,1.0,501.0
2025-07-21,103.19560213961832,103.31883514318021,103.02496793262048,103.05340576171875,17147100,620.3389892578125,35.0,1.0,1.0,1.0,1.0,0.00025526208560732784,0.0003077936281131454,,0,1.0,502.0
2025-07-22,103.10080894153313,103.35675664073212,103.06288942453914,103.29988098144531,19568700,620.4277954101562,34.0,1.0,1.0,1.0,1.0,0.00027815762825552043,0.0002465583557390075,,0,1.0,503.0
2025-07-23,103.10082864470468,103.21457998501684,102.99655176114537,103.13874816894531,20810400,625.7060546875,34.0,1.0,1.0,1.0,1.0,0.0003017355294131938,0.0002241196271261593,,0,1.0,504.0
2025-07-24,102.79746256026701,103.19560664986038,102.77849918510054,102.98705291748047,23064800,625.9132080078125,34.0,1.0,1.0,1.0,1.0,0.0003034756009584895,0.00022463334668690628,,0,1.0,505.0
2025-07-25,103.03446970681142,103.36625649832153,102.94914897047475,103.31885528564453,26008500,628.5572509765625,33.0,1.0,1.0,1.0,1.0,0.00029457470122278673,0.0002451285724032574,,0,1.0,506.0
2025-07-28,103.19561889029053,103.27145793513489,103.0723858667255,103.11029815673828,21887900,628.3994140625,33.0,1.0,1.0,1.0,1.0,0.00027262555246680307,0.00025526208560732784,,0,1.0,507.0
2025-07-29,103.2809211431696,103.80230547917915,103.26196500022772,103.7928237915039,26131300,626.741943359375,34.0,1.0,1.0,1.0,1.0,0.0002981017845039543,0.00027815762825552043,,0,1.0,508.0
2025-07-30,103.41363400099651,103.75490242714734,103.30936436805843,103.40415954589844,23313300,625.95263671875,34.0,1.0,1.0,1.0,1.0,0.0002823534614030949,0.0003017355294131938,,0,1.0,509.0
2025-07-31,103.71699470715733,103.80230820124596,103.41363855286316,103.43260192871094,31745000,623.6046142578125,33.0,1.0,1.0,1.0,1.0,0.00028988143795244457,0.0003034756009584895,,0,1.0,510.0
2025-08-01,104.05509838676149,104.4167947982277,103.8647333832444,104.35016632080078,46073800,613.3834838867188,35.0,1.0,1.0,1.0,1.0,0.00030107426875721665,0.00029457470122278673,,0,1.0,511.0
2025-08-04,104.49296191722158,104.5976648659932,104.30259688052445,104.53103637695312,31779600,622.7067260742188,34.0,1.0,1.0,1.0,1.0,0.0003458442698226151,0.00027262555246680307,,0,1.0,512.0
2025-08-05,104.35016935460521,104.63572413014225,104.3311357584839,104.60717010498047,25922900,619.5496826171875,34.0,1.0,1.0,1.0,1.0,0.0003925018211044437,0.0002981017845039543,,0,1.0,513.0
2025-08-06,104.36919980560364,104.62619326839342,103.96942896928226,104.57860565185547,31825300,624.2952270507812,33.0,1.0,1.0,1.0,1.0,0.0004076391558916304,0.0002823534614030949,,0,1.0,514.0
2025-08-07,104.61669249053637,104.77850347745235,104.40728661948755,104.47391510009766,29018100,623.7722778320312,33.0,1.0,1.0,1.0,1.0,0.00039716241814792503,0.00028988143795244457,,0,1.0,515.0
2025-08-08,104.35967370018159,104.35967370018159,104.1217138445606,104.14075469970703,16946300,628.6361694335938,33.0,1.0,1.0,1.0,1.0,0.00035584962228397076,0.00030107426875721665,,1,1.0,516.0
2025-08-11,104.29306135806401,104.43583874590615,104.17883799539837,104.30258178710938,24444300,627.3931274414062,32.0,1.0,1.0,1.0,1.0,0.0003323344833031242,0.0003458442698226151,,0,1.0,517.0
2025-08-12,104.1217317618259,104.4167997097445,104.00750839716721,104.39776611328125,26380500,634.0723876953125,32.0,1.0,1.0,1.0,1.0,0.00031689719666692836,0.0003925018211044437,,0,1.0,518.0
2025-08-13,104.75946445305263,105.00694478334842,104.74995128562732,104.94983673095703,27701400,636.242919921875,32.0,1.0,1.0,1.0,1.0,0.0003443124376545179,0.0004076391558916304,,0,1.0,519.0
2025-08-14,104.70236577198565,104.75947382948847,104.4644058497766,104.58814239501953,18817700,636.302001953125,32.0,1.0,1.0,1.0,1.0,0.00032785598921603493,0.00039716241814792503,,0,1.0,520.0
2025-08-15,104.55006990842391,104.63573925825483,104.35018444143262,104.45488739013672,20932000,634.812255859375,32.0,1.0,1.0,1.0,1.0,0.0003147533825193089,0.00035584962228397076,,0,1.0,521.0
2025-08-18,104.53103268453899,104.5500662827521,104.1693362228066,104.26451873779297,19579900,634.674072265625,31.0,1.0,1.0,1.0,1.0,0.00028033911281813575,0.0003323344833031242,,0,1.0,522.0
2025-08-19,104.3977689105719,104.49295141935796,104.33114042822565,104.42632293701172,26744200,631.23095703125,31.0,1.0,1.0,1.0,1.0,0.0002749737246401477,0.00031689719666692836,,0,1.0,523.0
2025-08-20,104.38824576105053,104.57861803562206,104.31209685122192,104.47391510009766,25054700,629.5537109375,30.0,1.0,1.0,1.0,1.0,0.00027801152841093615,0.0003443124376545179,,0,1.0,524.0
2025-08-21,104.28354833817312,104.29306876789491,103.93137232002859,104.07414245605469,25157900,627.028076171875,30.0,1.0,1.0,1.0,1.0,0.0002607134113041855,0.00032785598921603493,,1,1.0,525.0
2025-08-22,104.36921565034945,104.99742602251742,104.2835463084411,104.8927230834961,34562900,636.6572265625,32.0,1.0,1.0,1.0,1.0,0.00027072689967991634,0.0003147533825193089,,0,1.0,526.0
2025-08-25,104.67380727381438,104.83561827113691,104.5881379292576,104.61669921875,18983100,633.855224609375,32.0,1.0,1.0,1.0,1.0,0.00027378716487537545,0.00028033911281813575,,0,1.0,527.0
2025-08-26,104.59765806401302,104.71188143577976,104.37873901224368,104.69284057617188,23246400,636.5092163085938,31.0,1.0,1.0,1.0,1.0,0.00032509816866296723,0.0002749737246401477,,0,1.0,528.0
2025-08-27,104.39776123824015,104.75945764982964,104.31209190325669,104.73090362548828,25171700,637.9595336914062,31.0,1.0,1.0,1.0,1.0,0.00034648272307052555,0.00027801152841093615,,0,1.0,529.0
2025-08-28,104.77850697689827,104.99742602251742,104.70235806452641,104.8927230834961,26892700,640.21875,30.0,1.0,1.0,1.0,1.0,0.0003821705399546006,0.0002607134113041855,,0,1.0,530.0
2025-08-29,104.69283799826385,104.71187885740288,104.46439852231556,104.51199340820312,32201100,636.400634765625,30.0,1.0,1.0,1.0,1.0,0.0003686706390805409,0.00027072689967991634,,0,1.0,531.0
2025-09-02,104.00002074394419,104.20060771760598,103.93315841939027,104.16240692138672,31044800,631.6847534179688,30.0,1.0,1.0,1.0,1.0,0.0003403786011657338,0.00027378716487537545,,1,1.0,532.0
2025-09-03,104.36298223229495,104.90743461066104,104.34387454887383,104.78325653076172,34520600,635.1082763671875,31.0,1.0,1.0,1.0,1.0,0.0003258462142348481,0.00032509816866296723,,0,1.0,533.0
2025-09-04,105.14622183391944,105.50918763006366,105.041151445243,105.4996337890625,43026600,640.416015625,32.0,1.0,1.0,1.0,1.0,0.0003612286626375734,0.00034648272307052555,,0,1.0,534.0
2025-09-05,106.22558601104575,106.3211025707182,106.08230752781391,106.1873779296875,36249000,638.5612182617188,32.0,1.0,1.0,1.0,1.0,0.00043853617225730093,0.0003821705399546006,,0,1.0,535.0
2025-09-08,106.51213611403452,106.62675306327715,106.42616611465664,106.55989074707031,28998000,640.1299438476562,32.0,1.0,1.0,1.0,1.0,0.0004958762031136836,0.0003686706390805409,,0,1.0,536.0
2025-09-09,106.44528976544679,106.55036017631119,106.13963237587227,106.3688735961914,24412500,641.6099243164062,32.0,1.0,1.0,1.0,1.0,0.0005231618737349063,0.0003403786011657338,,0,1.0,537.0
2025-09-10,106.57899637937975,106.97061642749946,106.55034214262047,106.68406677246094,30188100,643.4646606445312,32.0,1.0,1.0,1.0,1.0,0.0005048082207361602,0.0003258462142348481,,0,1.0,538.0
2025-09-11,106.87510588958796,107.29538748556159,106.85600549315559,107.1807632446289,28405600,648.81201171875,32.0,1.0,1.0,1.0,1.0,0.0005140720444576822,0.0003612286626375734,,0,1.0,539.0
2025-09-12,106.95152275439847,107.01838507352123,106.70317387446559,106.98973083496094,26728500,648.5949096679688,31.0,1.0,1.0,1.0,1.0,0.0005321055912851158,0.00043853617225730093,,0,1.0,540.0
2025-09-15,107.19987247670672,107.38135175149668,107.19987247670672,107.32404327392578,21863600,652.0480346679688,31.0,1.0,1.0,1.0,1.0,0.0005670261223440692,0.0004958762031136836,,0,1.0,541.0
2025-09-16,107.2571774922551,107.36224788937452,107.13300669904399,107.22852325439453,28232600,651.150146484375,31.0,1.0,1.0,1.0,1.0,0.0005605930131242801,0.0005231618737349063,,0,1.0,542.0
2025-09-17,107.41955672546202,107.59148944064822,106.80824202423246,107.03748321533203,34969800,650.3412475585938,31.0,1.0,1.0,1.0,1.0,0.0005531321368785339,0.0005048082207361602,,0,1.0,543.0
2025-09-18,106.71271678149164,106.8655418006351,106.52167639825547,106.81778717041016,37159300,653.3798828125,30.0,1.0,1.0,1.0,1.0,0.0005425620055796253,0.0005140720444576822,,0,1.0,544.0
2025-09-19,106.73181915283203,106.8273357024964,106.55988644845792,106.73181915283203,26845400,656.6160278320312,30.0,1.0,1.0,1.0,1.0,0.000527386898948331,0.0005321055912851158,,0,1.0,545.0
2025-09-22,106.63630520511383,106.69361367882166,106.43571825969059,106.49302673339844,25908600,659.7224731445312,29.0,1.0,1.0,1.0,1.0,0.0005111824318900429,0.0005670261223440692,,0,1.0,546.0
2025-09-23,106.64586992620745,106.74138648794673,106.49303759746738,106.70317840576172,31575400,656.1312866210938,29.0,1.0,1.0,1.0,1.0,0.0004928885569616807,0.0005605930131242801,,0,1.0,547.0
2025-09-24,106.49302565649343,106.52167989305758,106.18736832073292,106.2733383178711,34756700,654.043701171875,29.0,1.0,1.0,1.0,1.0,0.0004624228511981994,0.0005531321368785339,,0,1.0,548.0
2025-09-25,106.02498980549097,106.10140596154497,105.71933246872072,106.0822982788086,36991200,651.0263061523438,29.0,1.0,4.0,1.0,2.0,0.00041289110799814377,0.0005425620055796253,,1,2.0,549.0
2025-09-26,106.16826220866852,106.39750337628354,106.01542990529495,106.22557067871094,31962100,654.7560424804688,29.0,1.0,4.0,1.0,2.0,0.00038224708170188034,0.000527386898948331,,0,2.0,550.0
2025-09-29,106.46437813943423,106.69361933386176,106.42617005912196,106.5790023803711,31961900,656.5962524414062,28.0,1.0,4.0,1.0,2.0,0.0004491476086753744,0.0005111824318900429,,0,2.0,551.0
2025-09-30,106.64587071566332,106.84645768303463,106.38796798086692,106.47393798828125,34939700,659.0695190429688,28.0,1.0,4.0,1.0,2.0,0.0005672980972035188,0.0004928885569616807,,0,2.0,552.0
2025-10-01,106.83439777685574,106.90150451660156,106.63307755761828,106.90150451660156,30262700,661.3153686523438,28.0,1.0,4.0,1.0,2.0,0.000644378584357334,0.0004624228511981994,-1.0,0,2.0,553.0
2025-10-02,106.88231977915972,107.11240628342587,106.80563159182324,107.07405853271484,18259400,662.0770263671875,28.0,1.0,4.0,1.0,2.0,0.0006986137566996034,0.00041289110799814377,-1.0,0,2.0,554.0
2025-10-03,107.07405569100492,107.1507438763061,106.87273549067918,106.9398422241211,19971200,662.0672607421875,28.0,1.0,4.0,1.0,2.0,0.0007259375415234768,0.00038224708170188034,-1.0,0,2.0,555.0
2025-10-06,106.64265576709732,106.86315351331973,106.56596757692444,106.5947265625,19553600,664.4415283203125,27.0,1.0,4.0,1.0,2.0,0.0007354303410083987,0.0004491476086753744,-1.0,1,2.0,556.0
2025-10-07,106.73852573786452,106.88232798555057,106.57555327039388,106.79605102539062,29459500,661.9781494140625,27.0,1.0,4.0,1.0,2.0,0.0006996819568372761,0.0005672980972035188,-1.0,0,2.0,557.0
2025-10-08,106.99736075638295,107.00694952237824,106.65223832140707,106.66182708740234,22462100,665.925537109375,27.0,1.0,4.0,1.0,2.0,0.0006416942927190729,0.000644378584357334,-1.0,0,2.0,558.0
2025-10-09,106.57555244722772,106.6139002005869,106.36464346079536,106.450927734375,29660700,663.996337890625,27.0,1.0,4.0,1.0,2.0,0.0006183413202060284,0.0006986137566996034,-1.0,1,2.0,559.0
2025-10-10,106.87273993035822,106.93984666658785,106.6810011739266,106.74810791015625,39146400,646.0499877929688,26.0,1.0,4.0,1.0,2.0,0.000638549856394381,0.0007259375415234768,-1.0,0,2.0,560.0
2025-10-13,106.79606323953828,107.17953350586275,106.72895649148802,107.1124267578125,11235900,655.9630126953125,26.0,1.0,4.0,1.0,2.0,0.0006984493430032584,0.0007354303410083987,1.0,0,1.0,561.0
2025-10-14,106.91107826856924,107.49586866455448,106.87273783212136,107.46710968017578,43975300,655.1616821289062,26.0,1.0,4.0,1.0,2.0,0.0007804085121129368,0.0006996819568372761,1.0,0,1.0,562.0
2025-10-15,107.62050068230954,107.85057987142463,107.28496700774889,107.46710968017578,45017200,658.0703125,26.0,1.0,1.0,1.0,1.0,0.0007739544877400298,0.0006416942927190729,1.0,0,1.0,563.0
2025-10-16,107.41918373075058,107.79306516716763,107.35207699380614,107.77388763427734,39858400,653.588623046875,26.0,1.0,1.0,1.0,1.0,0.0007296174675587709,0.0006183413202060284,1.0,0,1.0,564.0
2025-10-17,107.64925728777578,107.67801627151894,107.47669607123147,107.56297302246094,35433500,657.2986450195312,26.0,1.0,1.0,1.0,1.0,0.0006376568030554497,0.000638549856394381,1.0,0,1.0,565.0
2025-10-20,107.81222814677976,107.90809386253683,107.77388039765987,107.88892364501953,26361100,664.1348876953125,26.0,1.0,1.0,1.0,1.0,0.0005885270735291826,0.0006984493430032584,-1.0,0,1.0,566.0
2025-10-21,108.15736832540992,108.22447506886186,107.89853011897712,107.90811157226562,27353800,664.1249389648438,25.0,1.0,1.0,1.0,1.0,0.0005820067566171529,0.0007804085121129368,-1.0,0,1.0,567.0
2025-10-22,107.89851386985757,108.02313857061846,107.76430040316573,108.0135498046875,41003600,660.6722412109375,25.0,1.0,1.0,1.0,1.0,0.0006151275662139123,0.0007739544877400298,1.0,0,1.0,568.0
2025-10-23,107.8697599878482,108.03273977109184,107.81224201381293,107.87934875488281,27558500,664.5899658203125,25.0,1.0,1.0,1.0,1.0,0.0006354325725148698,0.0007296174675587709,-1.0,0,1.0,569.0
2025-10-24,108.11901089084965,108.12859965736622,107.8985204595693,108.06149291992188,29474600,670.0213623046875,24.0,1.0,1.0,1.0,1.0,0.0006566743499083369,0.0006376568030554497,-1.0,0,1.0,570.0
2025-10-27,108.05189071950265,108.26279967213033,107.89850704473658,108.2436294555664,23513400,677.9261474609375,24.0,1.0,1.0,1.0,1.0,0.0006662920850503533,0.0005885270735291826,-1.0,0,1.0,571.0
2025-10-28,108.18612811932942,108.26282363072767,108.04232586397936,108.25323486328125,34236300,679.7266235351562,24.0,1.0,1.0,1.0,1.0,0.0006852312533940464,0.0005820067566171529,-1.0,0,1.0,572.0
2025-10-29,108.19571807709731,108.22447706566642,107.55340961876536,107.63968658447266,36236000,680.0531616210938,25.0,1.0,1.0,1.0,1.0,0.0006561954365292347,0.0006151275662139123,-1.0,0,1.0,573.0
2025-10-30,107.00696566609977,107.3808471413821,106.91109261985382,107.06448364257812,46045200,672.5738525390625,25.0,1.0,1.0,1.0,1.0,0.0006099201781088583,0.0006354325725148698,-1.0,1,1.0,574.0
2025-10-31,107.16034468967662,107.16034468967662,106.59473177480409,106.6330795288086,57255300,674.780029296875,26.0,1.0,4.0,1.0,2.0,0.0005413262229090993,0.0006566743499083369,-1.0,0,2.0,575.0
2025-11-03,106.40407822747284,106.43294887005764,106.22127486813153,106.34635162353516,53372100,676.0463256835938,25.0,1.0,4.0,1.0,2.0,0.0004895361434235353,0.0006662920850503533,-1.0,1,2.0,576.0
2025-11-04,106.2790104893916,106.76008513799863,106.26938694104682,106.49068450927734,62636700,668.0327758789062,25.0,1.0,4.0,1.0,2.0,0.0004758660870059382,0.0006852312533940464,-1.0,0,2.0,577.0
2025-11-05,106.46181206831491,106.52916221971525,106.15392461325395,106.17316436767578,43258300,670.3478393554688,25.0,1.0,4.0,1.0,2.0,0.00046266216246778035,0.0006561954365292347,-1.0,0,2.0,578.0
2025-11-06,106.6061396709798,106.73121643066406,106.53878951720885,106.73121643066406,37814800,663.1554565429688,26.0,1.0,4.0,1.0,2.0,0.0004749320760270893,0.0006099201781088583,1.0,0,2.0,579.0
2025-11-07,106.4618122754008,106.64461563491962,106.40407833079111,106.51953887939453,42671600,663.808349609375,26.0,1.0,4.0,1.0,2.0,0.00045739312563084595,0.0005413262229090993,1.0,0,2.0,580.0
2025-11-10,106.57726287841797,106.7023469715017,106.5195362758352,106.57726287841797,45229000,674.1666259765625,25.0,1.0,4.0,1.0,2.0,0.00047133797369103373,0.0004895361434235353,-1.0,0,2.0,581.0
2025-11-11,106.84665506171591,107.07756877860956,106.77930492176299,107.00059509277344,11282600,675.7100219726562,25.0,1.0,4.0,1.0,2.0,0.0005185041247856524,0.0004758660870059382,-1.0,0,2.0,582.0
2025-11-12,106.93325460762344,106.98136500076849,106.79855431555575,106.89476776123047,39067900,676.0859985351562,25.0,1.0,4.0,1.0,2.0,0.0005496722056725676,0.00046266216246778035,-1.0,0,2.0,583.0
2025-11-13,106.59649140848552,106.71195193415859,106.3655776977539,106.3655776977539,34125900,664.8670043945312,26.0,1.0,4.0,1.0,2.0,0.0005359111053223348,0.0004749320760270893,1.0,1,2.0,584.0
2025-11-14,106.45218002034538,106.53877725986851,106.06731889709722,106.07694244384766,31437600,664.758056640625,25.0,1.0,4.0,1.0,2.0,0.00043793765786537237,0.00045739312563084595,1.0,0,2.0,585.0
2025-11-17,106.13467119182427,106.39445557503765,106.07694459138375,106.14429473876953,34343300,658.56494140625,25.0,1.0,4.0,1.0,2.0,0.0003880021586893685,0.00047133797369103373,1.0,0,2.0,586.0
2025-11-18,106.32711363524746,106.39446378783214,106.08657632735706,106.19241333007812,30566000,653.0346069335938,25.0,1.0,4.0,1.0,2.0,0.00036161327870271753,0.0005185041247856524,1.0,0,2.0,587.0
2025-11-19,106.41369272171062,106.48104286744666,106.14429213876646,106.20201873779297,29144800,655.5574340820312,24.0,1.0,4.0,1.0,2.0,0.0003659454874770144,0.0005496722056725676,1.0,0,2.0,588.0
2025-11-20,106.48105192646706,106.61575222939895,106.25013817010037,106.34635162353516,49362200,645.5652465820312,24.0,1.0,4.0,1.0,2.0,0.0003729190918233148,0.0005359111053223348,1.0,0,2.0,589.0
2025-11-21,106.70234838052257,106.76007498386763,106.42332422999496,106.72158813476562,41000500,651.995849609375,24.0,1.0,4.0,1.0,2.0,0.0004051091001354727,0.00043793765786537237,1.0,0,1.0,590.0
2025-11-24,106.97174845810989,107.14493560791016,106.88515121290182,107.14493560791016,28437900,661.59228515625,24.0,1.0,4.0,1.0,2.0,0.00042879830308452057,0.0003880021586893685,1.0,0,1.0,591.0
2025-11-25,107.21227779261517,107.66448905797358,107.18341449322894,107.44319152832031,47560900,667.8152465820312,24.0,1.0,1.0,1.0,1.0,0.00044692334333942216,0.00036161327870271753,-1.0,0,1.0,592.0
2025-11-26,107.44320123161661,107.81843883875626,107.31812447610871,107.80882263183594,24585400,672.4254760742188,24.0,1.0,1.0,1.0,1.0,0.0004902845804882337,0.0003659454874770144,-1.0,0,1.0,593.0
2025-11-28,107.74145998588158,107.77993949033247,107.45281231819418,107.6259994506836,25471200,676.0958251953125,24.0,1.0,1.0,1.0,1.0,0.0005155623894194311,0.0003729190918233148,-1.0,0,1.0,594.0
2025-12-01,106.97221767665904,107.0881060969732,106.86599583447777,107.04947662353516,24610100,673.0091552734375,25.0,1.0,1.0,1.0,1.0,0.0004891557396553889,0.0004051091001354727,-1.0,1,1.0,595.0
2025-12-02,107.03980649069503,107.24261304750475,106.95289571019195,107.1170654296875,34955000,674.2556762695312,25.0,1.0,1.0,1.0,1.0,0.00041388702013480153,0.00042879830308452057,-1.0,0,1.0,596.0
2025-12-03,107.19432789473316,107.45506761263711,107.14603921431997,107.3584976196289,20997800,676.5905151367188,24.0,1.0,1.0,1.0,1.0,0.0003656581519973123,0.00044692334333942216,-1.0,0,1.0,597.0
2025-12-04,107.23295923013333,107.25227028194348,107.05913029256867,107.16535949707031,29846500,677.0851440429688,24.0,1.0,1.0,1.0,1.0,0.00035807162498446236,0.0004902845804882337,-1.0,0,1.0,598.0
2025-12-05,107.21363068156157,107.22328989046326,106.90460230706613,107.05912017822266,25470000,678.3712768554688,24.0,1.0,1.0,1.0,1.0,0.00036684813216265373,0.0005155623894194311,-1.0,0,1.0,599.0
2025-12-08,107.07844191654665,107.08810112641251,106.62456220230871,106.8370132446289,28815200,676.333251953125,24.0,1.0,1.0,1.0,1.0,0.0003485197781775222,0.0004891557396553889,-1.0,0,1.0,600.0
2025-12-09,107.05912982753212,107.0784408792584,106.61490195964497,106.70181274414062,29239900,675.7495727539062,23.0,1.0,1.0,1.0,1.0,0.000316095089717123,0.00041388702013480153,-1.0,0,1.0,601.0
2025-12-10,106.67284909474688,107.25227646408854,106.64387883145261,107.1943359375,34019300,680.2312622070312,24.0,1.0,1.0,1.0,1.0,0.00029919701384137,0.0003656581519973123,-1.0,0,1.0,602.0
2025-12-11,107.37781620845368,107.4936972531192,106.99152886799283,107.03981018066406,41927200,681.8141479492188,24.0,1.0,1.0,1.0,1.0,0.0003084244566184886,0.00035807162498446236,-1.0,0,1.0,603.0
2025-12-12,106.51833938037133,106.62456859180641,106.32519201057171,106.39279174804688,39040100,674.4832763671875,25.0,1.0,4.0,1.0,2.0,0.00029227276257340096,0.00036684813216265373,-1.0,1,2.0,604.0
2025-12-15,106.74044368815758,106.81770263176521,106.44107449145095,106.5183334350586,22151200,673.4642333984375,24.0,1.0,4.0,1.0,2.0,0.0002813436977116702,0.0003485197781775222,1.0,0,2.0,605.0
2025-12-16,106.4024409210477,106.7983800981032,106.34450039948301,106.75975799560547,31692600,671.6240844726562,24.0,1.0,4.0,1.0,2.0,0.0002798196904135671,0.000316095089717123,1.0,0,2.0,606.0
2025-12-17,106.64386749267578,106.78872616156396,106.56660855355969,106.64386749267578,22248000,664.2338256835938,24.0,1.0,4.0,1.0,2.0,0.00030847879337269946,0.00029919701384137,1.0,0,2.0,607.0
2025-12-18,107.04947662353516,107.13639478072545,106.84667741384939,107.04947662353516,31844300,669.2496948242188,24.0,1.0,4.0,1.0,2.0,0.00032696047260569416,0.0003084244566184886,1.0,0,1.0,608.0
2025-12-19,106.9195624758019,106.97773179739663,106.74504711410498,106.77413177490234,28594900,675.3153686523438,24.0,1.0,4.0,1.0,2.0,0.00030320795344028316,0.00029227276257340096,-1.0,0,2.0,609.0
2025-12-22,106.82261215820955,106.85169681928393,106.65779414751294,106.75474548339844,17335000,679.5225219726562,24.0,1.0,4.0,1.0,2.0,0.000289641773483265,0.0002813436977116702,-1.0,0,2.0,610.0
2025-12-23,106.56084542186983,106.90986876022447,106.50266870138324,106.86139678955078,16137300,682.628173828125,23.0,1.0,4.0,1.0,2.0,0.00027743822996337286,0.0002798196904135671,-1.0,0,2.0,611.0
2025-12-24,107.06499242136236,107.27828979492188,106.97773104267317,107.27828979492188,6400600,685.0294799804688,24.0,1.0,1.0,1.0,1.0,0.0003208637797335245,0.00030847879337269946,-1.0,0,1.0,612.0
2025-12-26,107.37522624768253,107.42370560655901,107.10375959056219,107.2685775756836,10589300,684.9600219726562,23.0,1.0,1.0,1.0,1.0,0.00037576603352628633,0.00032696047260569416,-1.0,0,1.0,613.0
2025-12-29,107.3170730176564,107.41402435302734,107.2201142853727,107.41402435302734,18943900,682.51904296875,23.0,1.0,1.0,1.0,1.0,0.00042121099967468617,0.00030320795344028316,-1.0,0,1.0,614.0
2025-12-30,107.20071013062226,107.38492281671721,107.11345616157406,107.28797149658203,21486400,681.6856079101562,23.0,1.0,1.0,1.0,1.0,0.00044427672195432717,0.000289641773483265,-1.0,0,1.0,615.0
2025-12-31,107.16194191848015,107.25889325109618,106.83230590820312,106.83230590820312,19124600,676.635009765625,23.0,1.0,1.0,1.0,1.0,0.00044158512461055216,0.00027743822996337286,1.0,0,1.0,616.0
2026-01-02,106.95834331109833,107.03590733697881,106.68687661742929,106.80322265625,25676200,677.8753051757812,23.0,1.0,1.0,1.0,1.0,0.00043108656481170415,0.0003208637797335245,-1.0,0,1.0,617.0
2026-01-05,106.93894939788815,107.14254940556435,106.81290601438941,107.10376739501953,27771000,682.3900146484375,23.0,1.0,1.0,1.0,1.0,0.00044664934896481074,0.00037576603352628633,-1.0,0,1.0,618.0
2026-01-06,106.94863935284022,107.11346474688378,106.77412400384458,107.10376739501953,31037300,686.4483642578125,22.0,1.0,1.0,1.0,1.0,0.0004697731378889164,0.00042121099967468617,-1.0,0,1.0,619.0
2026-01-07,107.37523046913012,107.42370982991255,107.16193311674647,107.18132781982422,28107400,684.2356567382812,22.0,1.0,1.0,1.0,1.0,0.0004812195224827187,0.00044427672195432717,-1.0,0,1.0,620.0
2026-01-08,106.84199344011094,107.02620614574165,106.83230348490791,106.88077545166016,26395600,684.1661987304688,22.0,1.0,1.0,1.0,1.0,0.0004313336813777585,0.00044158512461055216,-1.0,1,1.0,621.0
2026-01-09,106.95832891084441,107.30735958340244,106.8613775900031,107.2685775756836,29660300,688.6908569335938,22.0,1.0,1.0,1.0,1.0,0.00038514606525807943,0.00043108656481170415,-1.0,0,1.0,622.0
2026-01-12,107.00682189097829,107.27828858265453,106.9583425259307,107.1425552368164,28990100,689.7723999023438,22.0,1.0,1.0,1.0,1.0,0.0003277241977529515,0.00044664934896481074,-1.0,0,1.0,623.0
2026-01-13,107.33646212644354,107.41402615480646,107.16194676108339,107.375244140625,31139200,688.3931884765625,22.0,1.0,1.0,1.0,1.0,0.0003279489931160786,0.0004697731378889164,-1.0,0,1.0,624.0
2026-01-14,107.4237106892525,107.65639534966333,107.39461863440316,107.64669799804688,27251900,685.0096435546875,22.0,1.0,1.0,1.0,1.0,0.0003624896727514751,0.0004812195224827187,1.0,0,1.0,625.0
2026-01-15,107.79214275701779,107.81153006586973,107.46249933123119,107.51097869873047,34534800,686.8750610351562,22.0,1.0,1.0,1.0,1.0,0.0004026388858534732,0.0004313336813777585,1.0,0,1.0,626.0
2026-01-16,107.44311141241165,107.49159077963571,107.18134206137532,107.20072937011719,38762100,686.2994995117188,22.0,1.0,1.0,1.0,1.0,0.0004015046983445575,0.00038514606525807943,-1.0,0,1.0,627.0
2026-01-20,106.50266046770425,106.79352185691185,106.46387845601573,106.55113983154297,43500200,672.32861328125,23.0,1.0,4.0,1.0,2.0,0.00030961259619682836,0.0003277241977529515,1.0,1,2.0,628.0
2026-01-21,106.77412739979734,107.28798350817537,106.67717606880781,107.19102478027344,38616500,680.0880737304688,24.0,1.0,4.0,1.0,2.0,0.00028143382391584835,0.0003279489931160786,1.0,0,1.0,629.0
2026-01-22,107.21042511265264,107.4915891651207,107.11347377657364,107.3946304321289,36342900,683.6403198242188,24.0,1.0,4.0,1.0,2.0,0.00028703421171881254,0.0003624896727514751,1.0,0,1.0,630.0
2026-01-23,107.38493726808596,107.48188860126841,107.14255523667357,107.46249389648438,30615300,683.8883056640625,23.0,1.0,4.0,1.0,2.0,0.0003336409787509685,0.0004026388858534732,1.0,0,1.0,631.0
2026-01-26,107.6661049530337,107.73397162824767,107.51097689716585,107.54975891113281,23629800,687.3612060546875,23.0,1.0,4.0,1.0,2.0,0.00032172605460234423,0.0004015046983445575,-1.0,0,2.0,632.0
2026-01-27,107.46249530517599,107.61762335783149,107.36554397072264,107.43341064453125,27166000,690.0997924804688,23.0,1.0,4.0,1.0,2.0,0.0002896615143788244,0.00030961259619682836,-1.0,0,2.0,633.0
2026-01-28,107.33645911610623,107.3655437766984,107.09407708195454,107.27828979492188,31045900,690.0303344726562,23.0,1.0,4.0,1.0,2.0,0.00028099958869607066,0.00028143382391584835,-1.0,1,2.0,634.0
2026-01-29,107.06499862806662,107.33646533854778,106.9583499351043,107.30738067626953,45815500,688.6610717773438,22.0,1.0,4.0,1.0,2.0,0.00029195425555524155,0.00028703421171881254,-1.0,0,2.0,635.0
2026-01-30,107.22981403168646,107.36554738361832,107.15225000289314,107.20072937011719,39631400,686.6071166992188,22.0,1.0,4.0,1.0,2.0,0.000304228547923712,0.0003336409787509685,-1.0,0,2.0,636.0
2026-02-02,107.18904024351751,107.3544686622191,107.0722633115654,107.10145568847656,35480300,690.0205078125,22.0,1.0,4.0,1.0,2.0,0.00029948170862089356,0.00032172605460234423,-1.0,0,2.0,637.0
2026-02-03,107.0820055695768,107.17931597555365,106.94576951634757,107.1501235961914,32761700,684.18603515625,21.0,1.0,4.0,1.0,2.0,0.00028137276416207433,0.0002896615143788244,1.0,0,2.0,638.0
2026-02-04,107.01387786865234,107.09172915611913,106.87764182773918,107.01387786865234,31344400,680.8719482421875,21.0,1.0,4.0,1.0,2.0,0.00024949419077054596,0.00028099958869607066,1.0,0,2.0,639.0
2026-02-05,107.22796810163834,107.56855821314718,107.15985007933658,107.52963256835938,23929700,672.3683471679688,22.0,1.0,4.0,1.0,2.0,0.0002619314294681768,0.00029195425555524155,1.0,0,1.0,640.0
2026-02-06,107.50044318972208,107.62694597058073,107.34474060622728,107.58802032470703,29022200,685.267578125,21.0,1.0,4.0,1.0,2.0,0.0002918591958548513,0.000304228547923712,-1.0,0,2.0,641.0
2026-02-09,107.40313278719174,107.6366792381261,107.32528149544434,107.58802032470703,27356900,688.5718383789062,21.0,1.0,4.0,1.0,2.0,0.00033219583389368005,0.00029948170862089356,-1.0,0,2.0,642.0
2026-02-10,107.91887759284307,108.05511363239819,107.7923673958938,107.84102630615234,34509800,686.7559204101562,21.0,1.0,1.0,1.0,1.0,0.00034571604464582033,0.00028137276416207433,1.0,0,1.0,643.0
2026-02-11,107.65613277278324,107.92861227978585,107.62694039596695,107.72425079345703,29955300,686.5972290039062,21.0,1.0,1.0,1.0,1.0,0.00033720888757416334,0.00024949419077054596,-1.0,0,1.0,644.0
2026-02-12,108.00646503001133,108.29840367080983,107.98700591863519,108.23028564453125,39724200,675.9901123046875,21.0,1.0,1.0,1.0,1.0,0.00038147008055889714,0.0002619314294681768,1.0,0,1.0,645.0
2026-02-13,108.55140618286111,108.60005766875773,108.4248959860538,108.59032440185547,33609900,676.46630859375,22.0,1.0,1.0,1.0,1.0,0.00041717853619205715,0.0002918591958548513,1.0,0,1.0,646.0
2026-02-17,108.57086965893568,108.73629808139067,108.49301836920122,108.69737243652344,33132600,677.5578002929688,21.0,1.0,1.0,1.0,1.0,0.0004885970257526986,0.00033219583389368005,1.0,0,1.0,647.0
2026-02-18,108.57086529235829,108.72656786556504,108.51248053955942,108.59032440185547,40087000,680.9711303710938,21.0,1.0,1.0,1.0,1.0,0.0004958913127270023,0.00034571604464582033,1.0,0,1.0,648.0
2026-02-19,108.41517864795627,108.67791748046875,108.4054453802905,108.67791748046875,30394400,679.1751098632812,21.0,1.0,1.0,1.0,1.0,0.000505097421236662,0.00033720888757416334,1.0,0,1.0,649.0
2026-02-20,108.61952420256223,108.68764222226336,108.4054368765566,108.59032440185547,44837400,684.0868530273438,21.0,1.0,1.0,1.0,1.0,0.0004785523431115293,0.00038147008055889714,-1.0,0,1.0,650.0
2026-02-23,108.61953040974231,108.82388448052372,108.58060476421618,108.70710754394531,33323600,677.1013793945312,20.0,1.0,1.0,1.0,1.0,0.0005071020469710528,0.00041717853619205715,1.0,0,1.0,651.0
2026-02-24,108.62925856644782,108.73630223784754,108.47356340533507,108.67791748046875,37797100,682.0228881835938,20.0,1.0,1.0,1.0,1.0,0.0005293414942864749,0.0004885970257526986,1.0,0,1.0,652.0
2026-02-25,108.60005324997904,108.76548165904968,108.5708608747674,108.64871215820312,33682200,687.7780151367188,20.0,1.0,1.0,1.0,1.0,0.0005459280371771866,0.0004958913127270023,-1.0,0,1.0,653.0
2026-02-26,108.63898373506615,108.7362941315456,108.54167333858669,108.71683502197266,33031800,683.957763671875,19.0,1.0,1.0,1.0,1.0,0.0005066073870150337,0.000505097421236662,-1.0,0,1.0,654.0
2026-02-27,108.69737659149237,108.92119720195758,108.65845836944511,108.67791748046875,48343700,680.6734619140625,19.0,1.0,1.0,1.0,1.0,0.0004349266353653104,0.0004785523431115293,1.0,0,1.0,655.0
2026-03-02,108.2316647399192,108.3683770571959,108.07543379852038,108.30978393554688,54854600,681.0604858398438,19.0,1.0,1.0,1.0,1.0,0.0003495363103333167,0.0005071020469710528,-1.0,1,1.0,656.0
2026-03-03,107.57743166299593,108.51483964722794,107.57743166299593,108.2609634399414,78775000,675.057373046875,19.0,1.0,4.0,1.0,2.0,0.00029635904994630854,0.0005293414942864749,1.0,0,1.0,657.0
2026-03-04,108.31954483545232,108.55389495979631,108.22189957113034,108.35860443115234,49023300,679.8201293945312,19.0,1.0,4.0,1.0,2.0,0.0002959579082582208,0.0005459280371771866,1.0,0,1.0,658.0
2026-03-05,107.82154305365817,107.99730750734425,107.69460495649558,107.928955078125,47318400,676.02978515625,19.0,1.0,4.0,1.0,2.0,0.000261080171021351,0.0005066073870150337,1.0,1,2.0,659.0
2026-03-06,107.37237474259655,107.91919420619145,107.1868435175098,107.56767272949219,58242900,667.1689453125,20.0,1.0,4.0,1.0,2.0,0.00018768849981796738,0.0004349266353653104,1.0,0,2.0,660.0
2026-03-09,107.25519382277727,108.26096167316084,107.25519382277727,108.2121353149414,44312100,673.0133666992188,21.0,1.0,4.0,1.0,2.0,0.0001214902599489965,0.0003495363103333167,1.0,0,1.0,661.0
2026-03-10,107.80201932137646,108.09495511730894,107.46025716786045,107.47001647949219,71501200,671.9317626953125,23.0,1.0,4.0,1.0,2.0,7.732424181846389e-05,0.00029635904994630854,-1.0,0,2.0,662.0
2026-03-11,107.05990203627833,107.17708082471938,106.44473015913931,106.59120178222656,66523500,671.08837890625,25.0,1.0,4.0,1.0,2.0,2.1701688482607803e-05,0.0002959579082582208,-1.0,1,2.0,663.0
2026-03-12,106.39590506763332,106.41543859086738,105.80025925655133,106.01508331298828,72750200,660.89794921875,26.0,1.0,4.0,1.0,2.0,-7.641201359005353e-05,0.000261080171021351,1.0,1,2.0,664.0
2026-03-13,106.2299090421932,106.42519957847125,105.47802483282418,105.62449645996094,54605100,657.1571655273438,26.0,1.0,4.0,1.0,2.0,-0.0001476334741460409,0.00018768849981796738,1.0,0,2.0,665.0
2026-03-16,106.33732048050182,106.46425858339069,106.00531763084848,106.13226318359375,65430000,663.844970703125,26.0,1.0,4.0,1.0,2.0,-0.00014985649425285758,0.0001214902599489965,-1.0,0,2.0,666.0
2026-03-17,106.44472118324796,106.75719047621908,106.42518766189349,106.72789764404297,53953900,665.5912475585938,27.0,1.0,4.0,1.0,2.0,-0.00010864278877976459,7.732424181846389e-05,1.0,0,2.0,667.0
2026-03-18,106.56189372966787,106.74742493537745,106.15177917480469,106.15177917480469,60360000,656.3037719726562,28.0,1.0,4.0,1.0,2.0,-6.68027325532608e-05,2.1701688482607803e-05,1.0,0,2.0,668.0
2026-03-19,105.76119484123558,106.77672195730487,105.76119484123558,106.62049102783203,60271200,654.6864624023438,28.0,1.0,4.0,1.0,2.0,-2.935402035362611e-05,-7.641201359005353e-05,1.0,0,2.0,669.0
2026-03-20,106.13227130720506,106.2396833447389,105.21438933186381,105.3120346069336,66608900,645.301025390625,32.0,1.0,4.0,1.0,2.0,-8.180112759164557e-05,-0.0001476334741460409,1.0,0,2.0,670.0
2026-03-23,105.65378116047451,106.34707964555001,105.50731699447137,106.00531005859375,54512800,652.07666015625,33.0,1.0,4.0,1.0,2.0,-9.742712688402431e-05,-0.00014985649425285758,1.0,0,2.0,671.0
2026-03-24,105.52684624018724,106.07366567599254,105.40966745400493,105.79048919677734,46515300,649.8877563476562,33.0,1.0,4.0,1.0,2.0,-0.0001472271776250784,-0.00010864278877976459,1.0,0,2.0,672.0
2026-03-25,106.43496100995695,106.48378736650945,106.13225845892843,106.17131805419922,48616300,653.5093994140625,32.0,1.0,4.0,1.0,2.0,-0.0001330258244151088,-6.68027325532608e-05,1.0,0,2.0,673.0
2026-03-26,105.73191238935685,106.02485565443438,105.30226425387161,105.34132385253906,42072700,641.8385620117188,34.0,1.0,4.0,1.0,2.0,-0.00016740870667923644,-2.935402035362611e-05,1.0,1,2.0,674.0
2026-03-27,104.94097648690364,105.33156502552085,104.83356445253749,105.08744812011719,42578500,630.8939819335938,33.0,1.0,4.0,1.0,2.0,-0.00021379260128855378,-8.180112759164557e-05,1.0,0,2.0,675.0
2026-03-30,105.88815314152612,106.03461732746906,105.65379554430368,105.7612075805664,42677000,628.78466796875,34.0,1.0,4.0,1.0,2.0,-0.00023303065934622127,-9.742712688402431e-05,1.0,0,2.0,676.0
2026-03-31,106.16156605299706,106.6302663616997,106.04438725089285,106.42520904541016,57883800,647.0620727539062,35.0,1.0,4.0,1.0,2.0,-0.00020396159745976778,-0.0001472271776250784,1.0,0,2.0,677.0
2026-04-01,106.37225317576146,106.82327299360298,106.37225317576146,106.5389404296875,37445300,651.9373779296875,34.0,1.0,1.0,1.0,1.0,-0.0001498122996689026,-0.0001330258244151088,-1.0,0,1.0,678.0
2026-04-02,106.29381994833383,107.11741939931524,106.25459985822033,106.98995971679688,27148600,652.5244140625,34.0,1.0,1.0,1.0,1.0,-0.00010438507808248144,-0.00016740870667923644,-1.0,0,1.0,679.0
2026-04-06,106.74483238134842,107.12721888292457,106.74483238134842,106.8232650756836,29080500,655.6088256835938,34.0,1.0,1.0,1.0,1.0,-8.88017525418254e-05,-0.00021379260128855378,-1.0,0,1.0,680.0
2026-04-07,106.73502574913834,107.01936577313741,106.15653880914942,106.94092559814453,41258900,655.8972778320312,33.0,1.0,1.0,1.0,1.0,-8.562251742885008e-05,-0.00023303065934622127,-1.0,0,1.0,681.0
2026-04-08,107.83317027898897,107.85277658332586,107.1566368321259,107.35272979736328,63694700,672.6027221679688,33.0,1.0,1.0,1.0,1.0,-9.202904489432413e-05,-0.00020396159745976778,-1.0,0,1.0,682.0
2026-04-09,107.17624313646279,107.64687672568647,107.02917715276831,107.35272979736328,39122000,676.4829711914062,33.0,1.0,1.0,1.0,1.0,-8.780749276214875e-05,-0.0001498122996689026,-1.0,0,1.0,683.0
2026-04-10,107.33312362448667,107.41156380286455,107.01937039144231,107.06838989257812,22857000,676.0353393554688,32.0,1.0,1.0,1.0,1.0,-9.717589037061554e-05,-0.00010438507808248144,-1.0,0,1.0,684.0
2026-04-13,107.00956811110713,107.53902811727664,106.98015491306451,107.4802017211914,19904200,682.641845703125,32.0,1.0,1.0,1.0,1.0,-9.500299329795276e-05,-8.88017525418254e-05,-1.0,0,1.0,685.0
2026-04-14,107.57823358456218,107.93120687402727,107.52920660751063,107.83316040039062,29507800,690.959716796875,32.0,1.0,1.0,1.0,1.0,-7.924572658867977e-05,-8.562251742885008e-05,-1.0,0,1.0,686.0
2026-04-15,107.70570586895772,107.81355924673198,107.61746627648823,107.79395294189453,30074300,696.412109375,32.0,1.0,1.0,1.0,1.0,-4.5427117093795533e-05,-9.202904489432413e-05,-1.0,0,1.0,687.0
2026-04-16,107.86257958747528,107.87237899905692,107.2742932325027,107.29389953613281,25833300,698.1234130859375,32.0,1.0,1.0,1.0,1.0,-5.5042554243765546e-05,-8.780749276214875e-05,-1.0,0,1.0,688.0
2026-04-17,107.98023788255604,108.1371182414731,107.82336500410622,107.89199829101562,44767700,706.5607299804688,32.0,1.0,1.0,1.0,1.0,-4.530046617230816e-05,-9.717589037061554e-05,-1.0,0,1.0,689.0
2026-04-20,107.8919937817877,107.9704339579679,107.65668073371401,107.88218688964844,19935900,705.1477661132812,32.0,1.0,1.0,1.0,1.0,-3.1452048596889143e-05,-9.500299329795276e-05,-1.0,0,1.0,690.0
2026-04-21,107.79394279328987,107.88218237745177,107.44096949570906,107.47038269042969,26008100,700.53125,32.0,1.0,1.0,1.0,1.0,-2.6402061677224375e-05,-7.924572658867977e-05,-1.0,0,1.0,691.0
2026-04-22,107.81355899437638,107.9606324619486,107.63707232938317,107.6762924194336,17815000,707.6253051757812,31.0,1.0,1.0,1.0,1.0,-3.3288803351504626e-05,-4.5427117093795533e-05,-1.0,0,1.0,692.0
2026-04-23,107.65667408355856,107.80374005422824,107.12721414774829,107.38213348388672,25668600,704.8792114257812,31.0,1.0,1.0,1.0,1.0,-2.511607198327787e-05,-5.5042554243765546e-05,-1.0,0,1.0,693.0
2026-04-24,107.36254006215312,107.58805371168017,107.18605339570897,107.46058654785156,23212600,710.341552734375,31.0,1.0,1.0,1.0,1.0,4.1463422454497754e-05,-4.530046617230816e-05,-1.0,0,1.0,694.0
2026-04-27,107.38214526586815,107.45077855319995,107.06839202657034,107.1566390991211,21833200,711.5653076171875,30.0,1.0,1.0,1.0,1.0,9.239638771647977e-05,-3.1452048596889143e-05,-1.0,0,1.0,695.0
2026-04-28,106.94093170385261,107.20565795898438,106.82327143464558,107.20565795898438,25603500,708.1028442382812,30.0,1.0,1.0,1.0,1.0,0.00012203599174946554,-2.6402061677224375e-05,-1.0,0,1.0,696.0
2026-04-29,106.91151316317215,106.91151316317215,106.45068648239436,106.6075668334961,21800900,707.993408203125,31.0,1.0,1.0,1.0,1.0,8.42780334743193e-05,-3.3288803351504626e-05,-1.0,0,1.0,697.0
2026-04-30,106.76444744657667,106.94093411413132,106.61737397686989,106.72522735595703,45530700,715.0377197265625,30.0,1.0,1.0,1.0,1.0,6.432479010384447e-05,-2.511607198327787e-05,-1.0,0,1.0,698.0
2026-05-01,106.848264552209,107.30105223060339,106.7596715772033,106.89747619628906,34755500,717.0177001953125,30.0,1.0,1.0,1.0,1.0,3.2966447479771054e-05,4.1463422454497754e-05,-1.0,0,1.0,699.0
2026-05-04,106.75967018276467,106.76951551536747,106.22813486903863,106.55296325683594,21983900,714.3909912109375,30.0,1.0,1.0,1.0,1.0,6.057386931016756e-05,9.239638771647977e-05,-1.0,0,1.0,700.0
2026-05-05,106.76952260013921,107.08450567623464,106.71046562018034,106.94670104980469,33609700,720.1220092773438,30.0,1.0,1.0,1.0,1.0,6.465203312721583e-05,0.00012203599174946554,-1.0,0,1.0,701.0
2026-05-06,107.46838800442666,107.60619262693139,107.38964036019861,107.47823333740234,28417400,730.1312866210938,30.0,1.0,1.0,1.0,1.0,0.00010135215689601638,8.42780334743193e-05,-1.0,0,1.0,702.0
2026-05-07,107.65541427512808,107.67509743174658,106.97622897006269,107.03528594970703,24184900,727.8926391601562,30.0,1.0,1.0,1.0,1.0,9.516384183942167e-05,6.432479010384447e-05,-1.0,0,1.0,703.0
2026-05-08,107.43886360917146,107.57666823692715,107.37979911885547,107.48807525634766,17503300,733.9021606445312,30.0,1.0,1.0,1.0,1.0,0.00013708941042756164,3.2966447479771054e-05,-1.0,0,1.0,704.0
2026-05-11,107.33058906634699,107.4683936961501,107.18293910304676,107.2223129272461,23050600,735.5736694335938,30.0,1.0,1.0,1.0,1.0,0.000161776496529114,6.057386931016756e-05,-1.0,0,1.0,705.0
2026-05-12,106.90732767720694,106.95654683390606,106.74983238360089,106.85810852050781,26579400,734.4593505859375,30.0,1.0,4.0,1.0,2.0,0.00017955885896846094,6.465203312721583e-05,-1.0,1,2.0,706.0
2026-05-13,106.82857468790412,106.9270054865909,106.60218460190337,106.91716766357422,19083000,738.5685424804688,29.0,1.0,4.0,1.0,2.0,0.0001370116953740205,0.00010135215689601638,-1.0,0,2.0,707.0
2026-05-14,107.18293282296437,107.23215197777695,106.82857593572201,106.8482666015625,18038000,744.3989868164062,29.0,1.0,4.0,1.0,2.0,8.771191236116581e-05,9.516384183942167e-05,-1.0,0,2.0,708.0
2026-05-15,106.17892797464474,106.25766810962384,106.00174952881143,106.16908264160156,49718000,735.4443969726562,30.0,1.0,4.0,1.0,2.0,2.8412663367717665e-05,0.00013708941042756164,-1.0,1,2.0,709.0
2026-05-18,106.26751377864166,106.415163735601,105.81472608447807,105.97222137451172,31145200,734.927001953125,29.0,1.0,4.0,1.0,2.0,-3.2693257823811386e-05,0.000161776496529114,-1.0,0,2.0,710.0
2026-05-19,105.53911989113942,105.71629834266065,105.2536653020336,105.44068908691406,36965500,730.0317993164062,30.0,4.0,4.0,1.0,8.0,-0.00012000172853884063,0.00017955885896846094,-1.0,1,2.0,711.0
2026-05-20,105.48989678359416,106.38563434101466,105.48989678359416,106.2576675415039,34281700,737.5138549804688,31.0,4.0,4.0,1.0,8.0,-0.00014521177803333732,0.0001370116953740205,-1.0,0,2.0,712.0
2026-05-21,105.96237560495548,106.48406560891264,105.77535182625812,106.4742202758789,25440400,738.9764404296875,31.0,4.0,4.0,1.0,8.0,-0.0001552063878510901,8.771191236116581e-05,-1.0,0,2.0,713.0
2026-05-22,106.82857695164164,106.82857695164164,106.40531774950975,106.67108917236328,19668800,741.8817749023438,31.0,4.0,4.0,1.0,8.0,-0.00011595453798289765,2.8412663367717665e-05,-1.0,0,2.0,714.0
2026-05-26,107.26167739667666,107.29120588480357,106.97622282846909,107.07465362548828,23730300,746.8068237304688,31.0,4.0,4.0,1.0,8.0,-7.794806576205793e-05,-3.2693257823811386e-05,-1.0,0,2.0,715.0
2026-05-27,107.20262977004097,107.36011755704921,107.1140367881452,107.2223129272461,16208400,746.677490234375,30.0,4.0,4.0,1.0,8.0,-4.431191631270849e-05,-0.00012000172853884063,-1.0,0,2.0,716.0
2026-05-28,107.28136298067872,107.69478435317941,107.16324902549734,107.54713439941406,24176800,750.7965698242188,30.0,4.0,4.0,1.0,8.0,-1.865316548183392e-05,-0.00014521177803333732,-1.0,0,2.0,717.0
2026-05-29,107.67509733745256,107.8818042758156,107.57666653486856,107.64556884765625,26551200,752.6671142578125,30.0,4.0,1.0,1.0,7.0,6.36914874700593e-06,-0.0001552063878510901,-1.0,0,2.0,718.0
2026-06-01,107.26318606952225,107.65840934755599,107.13474170792053,107.62876892089844,19298000,754.7167358398438,29.0,4.0,1.0,1.0,7.0,2.329553333863091e-05,-0.00011595453798289765,-1.0,0,2.0,719.0
2026-06-02,107.75720823568064,107.83625439523665,107.5892408003166,107.61888122558594,14394700,755.7415771484375,29.0,4.0,1.0,1.0,7.0,3.554825536208116e-05,-7.794806576205793e-05,-1.0,0,2.0,720.0
2026-06-03,107.29282365452299,107.40151024156013,107.1742619510329,107.32247161865234,24018700,750.4384155273438,28.0,1.0,1.0,1.0,1.0,2.856513044653812e-05,-4.431191631270849e-05,-1.0,1,1.0,721.0
2026-06-04,107.5793611902683,107.66829000684966,107.5003225667322,107.54972076416016,17881600,753.2740478515625,28.0,1.0,1.0,1.0,1.0,2.701287297216432e-05,-1.865316548183392e-05,-1.0,0,1.0,722.0
2026-06-05,107.11498425463952,107.17426510813084,106.8482053374145,106.87784576416016,30790300,733.83251953125,29.0,1.0,1.0,1.0,1.0,1.7082872854981635e-06,6.36914874700593e-06,1.0,1,1.0,723.0
2026-06-08,107.13474025608998,107.19402110860175,106.73951698341209,106.76915740966797,21944000,735.4940795898438,29.0,1.0,1.0,1.0,1.0,-1.5174619573940886e-05,2.329553333863091e-05,1.0,0,1.0,724.0
2026-06-09,107.02605378785601,107.1544981478614,106.75928241299654,107.11498260498047,37925400,733.3350219726562,29.0,1.0,1.0,1.0,1.0,-7.740882829977381e-06,3.554825536208116e-05,1.0,0,1.0,725.0
2026-06-10,107.05569090502327,107.21378322468809,106.78891953840977,106.86796569824219,20870100,721.7736206054688,28.0,1.0,1.0,1.0,1.0,1.5453814969887204e-06,2.856513044653812e-05,1.0,0,1.0,726.0
2026-06-11,107.13474066081685,107.84614104667314,106.95689056435276,107.7769775390625,34849400,734.04150390625,30.0,1.0,1.0,1.0,1.0,5.5750811939300055e-05,2.701287297216432e-05,1.0,0,1.0,727.0
2026-06-12,107.57935755510479,107.76709029845536,107.34222661599547,107.70780944824219,23423000,738.0113525390625,30.0,1.0,1.0,1.0,1.0,7.752306860559901e-05,1.7082872854981635e-06,1.0,0,1.0,728.0
2026-06-15,107.974593653001,108.03387451026396,107.67818182842865,107.68805694580078,27040500,751.0254516601562,29.0,1.0,1.0,1.0,1.0,0.00011902517696881004,-1.5174619573940886e-05,-1.0,0,1.0,729.0
2026-06-16,107.8066151481177,108.02398832014396,107.74733429693119,107.81649780273438,24297100,746.5481567382812,29.0,1.0,1.0,1.0,1.0,0.0001218797610675045,-7.740882829977381e-06,-1.0,0,1.0,730.0
2026-06-17,107.7769822452588,108.00423054950667,107.41139938149215,107.4706802368164,31079300,737.225341796875,29.0,1.0,1.0,1.0,1.0,0.00011232698159078743,1.5453814969887204e-06,1.0,0,1.0,731.0
2026-06-18,108.1326726744542,108.15243044502301,107.72756676435577,107.76708984375,41725500,744.8902587890625,29.0,1.0,1.0,1.0,1.0,9.290140449280974e-05,5.5750811939300055e-05,-1.0,0,1.0,732.0
2026-06-22,107.43115447801863,107.5101930981839,107.2928199316521,107.48055267333984,22557300,742.546142578125,28.0,1.0,1.0,1.0,1.0,5.70418134413671e-05,7.752306860559901e-05,-1.0,1,1.0,733.0
2026-06-23,107.48055689202103,107.81649930937157,107.42127604000612,107.6090087890625,27509300,731.7628784179688,28.0,1.0,1.0,1.0,1.0,4.0374419902922034e-05,0.00011902517696881004,1.0,0,1.0,734.0
2026-06-24,108.08326203582153,108.3006351934971,108.00421588062018,108.10302734375,31462200,731.4237060546875,28.0,1.0,1.0,1.0,1.0,6.236971909055869e-05,0.0001218797610675045,1.0,0,1.0,735.0
2026-06-25,108.27099409171797,108.39943843942346,108.11290178230547,108.19194793701172,33772500,732.4810791015625,28.0,1.0,1.0,1.0,1.0,0.00010862660178688882,0.00011232698159078743,1.0,0,1.0,736.0
2026-06-26,107.98445743459997,108.34015759252188,107.95481701114919,108.19194793701172,26033500,727.1842651367188,28.0,1.0,1.0,1.0,1.0,0.0001607775093118477,9.290140449280974e-05,1.0,0,1.0,737.0
2026-06-29,108.31052589134512,108.42908759469609,108.23147973027326,108.38956451416016,43883300,739.1644897460938,27.0,1.0,1.0,1.0,1.0,0.0001875515181920642,5.70418134413671e-05,-1.0,0,1.0,738.0
2026-06-30,108.19195352441724,108.25123437438029,107.7473320731812,107.76708984375,32665400,744.9202270507812,28.0,1.0,1.0,1.0,1.0,0.00017768808563932174,4.0374419902922034e-05,-1.0,0,1.0,739.0
2026-07-01,107.42203728473102,107.73933320383371,107.34272086970643,107.54102325439453,25563100,743.9127197265625,28.0,1.0,1.0,1.0,1.0,0.00016153111958197388,6.236971909055869e-05,-1.0,1,1.0,740.0
2026-07-02,107.6500910900287,107.79882165989049,107.50136052016688,107.71949768066406,18406000,742.9351806640625,27.0,1.0,1.0,1.0,1.0,0.0001696645343170491,0.00010862660178688882,-1.0,0,1.0,741.0
2026-07-06,107.68974786138519,107.75915444865737,107.52119008725998,107.74923706054688,17471600,749.4190673828125,27.0,1.0,1.0,1.0,1.0,0.0001647107112275942,0.0001607775093118477,-1.0,0,1.0,742.0
2026-07-07,107.37246447242447,107.42203628575996,106.85686617342846,106.96593475341797,32025000,745.85791015625,28.0,1.0,4.0,1.0,2.0,0.00012820613258060075,0.0001875515181920642,-1.0,1,2.0,743.0
2026-07-08,106.767630706284,106.83703729567259,106.48008696031673,106.7577133178711,31080600,743.5536499023438,28.0,1.0,4.0,1.0,2.0,4.2721418849528886e-05,0.00017768808563932174,-1.0,1,2.0,744.0
2026-07-09,106.79737854003906,107.09483968342482,106.7279719485492,106.79737854003906,24612700,749.8480224609375,28.0,1.0,4.0,1.0,2.0,-2.8490775510558528e-05,0.00016153111958197388,-1.0,0,2.0,745.0
2026-07-10,106.80729102376938,106.80729102376938,106.4106787057193,106.54949188232422,34114000,753.0799560546875,27.0,1.0,4.0,1.0,2.0,-7.356217875260962e-05,0.0001696645343170491,-1.0,0,2.0,746.0
2026-07-13,106.44042877534687,106.51975275598322,106.03390661290008,106.0537338256836,29936100,747.3142700195312,28.0,1.0,4.0,1.0,2.0,-0.00012053934138335093,0.0001647107112275942,-1.0,0,2.0,747.0
2026-07-14,106.25204104094618,106.48008802346382,106.11322029603207,106.3016128540039,33688900,749.9677124023438,28.0,1.0,4.0,1.0,2.0,-0.00013044730165165787,0.00012820613258060075,-1.0,0,2.0,748.0
2026-07-15,106.36110139547912,106.74780389753481,106.36110139547912,106.6684799194336,27178700,752.9403076171875,28.0,1.0,4.0,1.0,2.0,-0.0001256725940346384,4.2721418849528886e-05,-1.0,0,2.0,749.0
2026-07-16,106.44041891636836,106.65855606053793,106.35118511998105,106.58914947509766,33413200,748.8604125976562,27.0,1.0,4.0,1.0,2.0,-0.00010945364611715434,-2.8490775510558528e-05,-1.0,0,2.0,750.0
2026-07-17,106.75771970786454,106.8767056816887,106.61890652077867,106.64865112304688,25761500,741.4487915039062,27.0,1.0,4.0,1.0,2.0,-0.00010890308383545626,-7.356217875260962e-05,1.0,0,2.0,751.0
2026-07-20,106.61889636955897,106.64864096899518,106.20245684795073,106.24211883544922,29445700,740.2518310546875,27.0,4.0,4.0,1.0,8.0,-0.00013621715798127593,-0.00012053934138335093,1.0,0,2.0,752.0
2026-07-21,106.10331196087766,106.14297395073086,105.86534002175844,105.94466400146484,26033300,746.426513671875,27.0,4.0,4.0,1.0,8.0,-0.00014988564746992337,-0.00013044730165165787,-1.0,1,2.0,753.0
2026-07-22,105.85542330835005,105.92482989488812,105.71661013527391,105.76618194580078,20115500,745.55859375,26.0,4.0,4.0,1.0,8.0,-0.0001756849034618475,-0.0001256725940346384,-1.0,0,2.0,754.0
2026-07-23,105.23076156092847,105.41915411840564,105.17127235951503,105.35966491699219,35690700,736.3515014648438,27.0,4.0,4.0,1.0,8.0,-0.00020044218023512143,-0.00010945364611715434,1.0,1,2.0,755.0
2026-07-24,105.1811873428313,105.58770948444548,105.1811873428313,105.32991790771484,27980000,737.099609375,26.0,4.0,4.0,1.0,8.0,-0.00022620002056394526,-0.00010890308383545626,1.0,0,2.0,756.0
2026-07-27,105.65712338993409,105.71662015885835,105.52822759264221,105.60755157470703,33698100,737.25927734375,26.0,4.0,4.0,1.0,8.0,-0.00025322969381449896,-0.00013621715798127593,1.0,0,2.0,757.0
2026-07-28,105.7166154350255,106.03390378435583,105.66703605726256,105.92483520507812,23347600,739.0248413085938,26.0,4.0,4.0,1.0,8.0,-0.00023976161536532959,-0.00014988564746992337,1.0,0,2.0,758.0
2026-07-29,105.81577086269482,105.8950948443913,105.25060073142214,105.32000732421875,44523200,727.6531372070312,27.0,4.0,4.0,1.0,8.0,-0.00025124915352381843,-0.0001756849034618475,1.0,0,2.0,759.0
2026-07-30,105.44889556959703,105.64720550963702,105.39932375815006,105.50839233398438,30975700,739.852783203125,26.0,4.0,4.0,1.0,8.0,-0.0002663599700852719,-0.00020044218023512143,-1.0,0,2.0,760.0
2026-07-31,105.33982931569328,105.44889789393171,105.10186494715073,105.34974670410156,40904000,745.1796264648438,26.0,4.0,4.0,1.0,8.0,-0.00029862851775554905,-0.00022620002056394526,-1.0,0,2.0,761.0
2026-08-03,105.56683954088442,105.80583412124632,105.51704552112119,105.66641998291016,30003200,755.793212890625,26.0,4.0,4.0,1.0,8.0,-0.0003006395307236924,-0.00025322969381449896,-1.0,0,2.0,762.0
2026-08-04,106.08466358735804,106.33361849396407,106.03487716453732,106.31370544433594,30075900,769.4193725585938,27.0,4.0,4.0,1.0,8.0,-0.00026007330614081776,-0.00023976161536532959,-1.0,0,2.0,763.0
2026-08-05,106.31370574239963,106.49295357955855,106.17429160210946,106.29378509521484,24602300,767.8831787109375,27.0,4.0,4.0,1.0,8.0,-0.00021836058482495842,-0.00025124915352381843,-1.0,0,2.0,764.0
2026-08-06,105.97512150150085,106.06474921746377,105.80583399051619,105.91537475585938,32079900,766.65625,27.0,4.0,4.0,1.0,8.0,-0.00022454854477091705,-0.0002663599700852719,-1.0,1,2.0,765.0
2026-08-07,106.25395060550157,106.29378430207308,105.96516960098448,106.10458374023438,22803900,771.3446044921875,26.0,4.0,4.0,1.0,8.0,-0.00027021389418773785,-0.00029862851775554905,-1.0,0,2.0,766.0
2026-08-10,105.82574571265972,105.8855000550525,105.48717069493674,105.51704406738281,26021600,771.1151733398438,27.0,4.0,4.0,1.0,8.0,-0.0003411874536672752,-0.0003006395307236924,-1.0,1,2.0,767.0
2026-08-11,105.72616861421062,105.83570938164276,105.51704740297676,105.54692077636719,24716700,768.6513061523438,27.0,4.0,4.0,1.0,8.0,-0.0003733652373120986,-0.00026007330614081776,-1.0,0,2.0,768.0
2026-08-12,105.90541823702205,105.94525193471428,105.64650300077305,105.67638397216797,23031500,770.5764770507812,26.0,4.0,4.0,1.0,8.0,-0.0003866153117007114,-0.00021836058482495842,-1.0,0,2.0,769.0
2026-08-13,106.15437016282318,106.41328539178761,106.06475004366287,106.10458374023438,25741000,775.9531860351562,27.0,4.0,4.0,1.0,8.0,-0.0003430217584167762,-0.00022454854477091705,-1.0,0,2.0,770.0
2026-08-14,105.94525193471428,105.9950459562048,105.5767959291869,105.67638397216797,29528400,774.4169921875,27.0,4.0,4.0,1.0,8.0,-0.0003247073620197393,-0.00027021389418773785,-1.0,1,2.0,771.0
2026-08-17,105.51704816833347,105.5767949155477,105.2282595609632,105.25813293457031,25578600,770.7560424804688,27.0,4.0,4.0,1.0,8.0,-0.000339119516075152,-0.0003411874536672752,-1.0,1,2.0,772.0
2026-08-18,105.04900951358194,105.4672595277922,104.97930244413034,105.39754486083984,33979400,765.5490112304688,27.0,4.0,4.0,1.0,8.0,-0.00036052332851132287,-0.0003733652373120986,1.0,0,2.0,773.0
2026-08-19,106.09462308700034,106.18424320588214,105.84566818232769,106.12449645996094,37259700,767.1549682617188,28.0,4.0,1.0,1.0,7.0,-0.000316715489050852,-0.0003866153117007114,1.0,0,1.0,774.0
2026-08-20,105.58675718004301,105.85563274245104,105.51705010784481,105.61663055419922,26597500,760.7109985351562,28.0,4.0,1.0,1.0,7.0,-0.0002759475769363295,-0.0003430217584167762,1.0,0,1.0,775.0
2026-08-21,105.52700501790831,105.5767914397808,105.37763055728949,105.47721099853516,24263700,763.8232421875,28.0,4.0,1.0,1.0,7.0,-0.00025211254536967263,-0.0003247073620197393,1.0,0,1.0,776.0
2026-08-24,105.67638301349635,105.88550422635771,105.65646236608045,105.73612976074219,23581900,761.5787963867188,28.0,4.0,1.0,1.0,7.0,-0.00024390991248283544,-0.000339119516075152,1.0,0,1.0,777.0
2026-08-25,106.1643293988616,106.44315767450524,106.06474895720325,106.41328430175781,30966800,764.0127563476562,28.0,4.0,1.0,1.0,7.0,-0.00019018755670992756,-0.00036052332851132287,1.0,0,1.0,778.0
2026-08-26,106.25395077079556,106.35353881112964,106.14441000442869,106.3336181640625,19195700,764.182373046875,28.0,4.0,1.0,1.0,7.0,-0.00014617627146149695,-0.000316715489050852,1.0,0,1.0,779.0
2026-08-27,106.3336151566097,106.4132825476234,106.18424069783414,106.28382873535156,21807300,769.18994140625,28.0,4.0,1.0,1.0,7.0,-0.00011840264016716297,-0.0002759475769363295,-1.0,0,2.0,780.0
2026-08-28,106.30374777601533,106.50290866727444,105.86558469824408,105.9054183959961,27002300,767.4442749023438,28.0,4.0,1.0,1.0,7.0,-0.00014581987655853078,-0.00025211254536967263,-1.0,0,2.0,781.0
2026-08-31,105.75603851702847,105.79587221274211,105.56683795926443,105.76599884033203,29345400,765.1499633789062,27.0,4.0,1.0,1.0,7.0,-0.0001533172542147829,-0.00024390991248283544,-1.0,1,2.0,782.0
2026-09-01,105.5199966430664,105.72000122070312,105.20999908447266,105.22000122070312,34399700,759.89306640625,28.0,4.0,1.0,1.0,7.0,-0.0001649201801856926,-0.00019018755670992756,1.0,0,1.0,783.0
2026-09-02,105.37999725341797,105.41999816894531,105.19999694824219,105.3499984741211,26691200,763.2646484375,27.0,4.0,4.0,1.0,8.0,-0.00012203561935799701,-0.00014617627146149695,-1.0,0,2.0,784.0
2026-09-03,105.69999694824219,105.7699966430664,105.47000122070312,105.5,16263200,771.2548217773438,27.0,4.0,4.0,1.0,8.0,-7.075005321677797e-05,-0.00011840264016716297,-1.0,0,2.0,785.0
2026-09-04,105.55999755859375,105.68000030517578,105.47000122070312,105.4800033569336,20428600,768.2822265625,27.0,4.0,4.0,1.0,8.0,-3.5180325988054386e-05,-0.00014581987655853078,-1.0,0,2.0,786.0
2026-09-08,105.7300033569336,105.7300033569336,105.31999969482422,105.4800033569336,19467300,764.0626831054688,26.0,4.0,4.0,1.0,8.0,-4.2903645194222077e-05,-0.0001533172542147829,1.0,0,2.0,787.0
2026-09-09,105.41999816894531,105.52999877929688,105.08000183105469,105.30999755859375,34130300,760.5115356445312,26.0,4.0,4.0,1.0,8.0,-7.862898320006919e-05,-0.0001649201801856926,1.0,0,2.0,788.0
2026-09-10,104.73999786376953,104.83000183105469,104.33000183105469,104.36000061035156,35685400,755.9528198242188,28.0,4.0,4.0,1.0,8.0,-0.00013929240082628892,-0.00012203561935799701,1.0,1,2.0,789.0
2026-09-11,104.80000305175781,104.87000274658203,104.30999755859375,104.31999969482422,27934300,762.3967895507812,28.0,4.0,4.0,1.0,8.0,-0.00015503870328239928,-7.075005321677797e-05,-1.0,0,2.0,790.0
2026-09-14,104.25,104.6500015258789,104.05000305175781,104.30000305175781,30889400,758.9952392578125,28.0,4.0,4.0,1.0,8.0,-0.00018191283320437347,-3.5180325988054386e-05,-1.0,0,2.0,791.0
2026-09-15,104.19999694824219,104.33999633789062,104.1500015258789,104.27999877929688,30710000,755.513916015625,27.0,4.0,4.0,1.0,8.0,-0.00017684078409649492,-4.2903645194222077e-05,1.0,0,2.0,792.0
2026-09-16,104.61000061035156,105.06999969482422,104.38999938964844,104.44999694824219,39080800,752.1821899414062,27.0,4.0,4.0,1.0,8.0,-0.00021153485825024646,-7.862898320006919e-05,1.0,0,2.0,793.0
2026-09-17,105.01000213623047,105.16000366210938,104.9000015258789,105.16000366210938,29644300,760.7109985351562,28.0,4.0,4.0,1.0,8.0,-0.00017860019257665027,-0.00013929240082628892,1.0,0,2.0,794.0
2026-09-18,104.79000091552734,104.81999969482422,104.54000091552734,104.69999694824219,29164800,761.6900024414062,28.0,4.0,4.0,1.0,8.0,-0.0001466033127545605,-0.00015503870328239928,-1.0,1,2.0,795.0
2026-09-21,105.04000091552734,105.11000061035156,104.88999938964844,105.08999633789062,23076500,773.5,28.0,4.0,4.0,1.0,8.0,-0.00010064863592588266,-0.00018191283320437347,-1.0,0,2.0,796.0
2026-09-22,105.12000274658203,105.19000244140625,104.88999938964844,105.08999633789062,23657500,773.3800048828125,28.0,4.0,4.0,1.0,8.0,-0.0001106993542405923,-0.00017684078409649492,-1.0,0,2.0,797.0
2026-09-23,104.86000061035156,104.91000366210938,103.68000030517578,103.88999938964844,35099900,767.8099975585938,32.0,4.0,4.0,1.0,8.0,-0.00015974704352081885,-0.00021153485825024646,-1.0,0,2.0,798.0
2026-09-24,103.8499984741211,103.98999786376953,103.11000061035156,103.1500015258789,40152500,767.1799926757812,33.0,4.0,4.0,1.0,8.0,-0.00024356905341289112,-0.00017860019257665027,-1.0,0,2.0,799.0
2026-09-25,103.16999816894531,103.2699966430664,102.73999786376953,103.20999908447266,44044100,771.3499755859375,32.0,4.0,4.0,1.0,8.0,-0.00033207734784161365,-0.0001466033127545605,-1.0,0,2.0,800.0
2026-09-28,102.54000091552734,102.69999694824219,102.18000030517578,102.47000122070312,44667300,765.6099853515625,33.0,4.0,4.0,1.0,8.0,-0.00039371920626886365,-0.00010064863592588266,-1.0,1,2.0,801.0
2026-09-29,102.5999984741211,102.5999984741211,102.04000091552734,102.41000366210938,55436100,764.2000122070312,33.0,4.0,4.0,1.0,8.0,-0.0004211234084716689,-0.0001106993542405923,-1.0,0,2.0,802.0
