Date,Open,High,Low,Close,Volume,IndexClose,CVI,LTI,STI,VI,SecState,VWRS,VWRS_1wk,RS,GapDown,Thermostat,Days
2022-10-03,236.25364646548124,243.84011832530587,234.4657438395497,242.44845581054688,588500,348.0798645019531,,,,,,,,,0,,
2022-10-04,246.1402285480692,253.4077765348811,245.26077310331644,253.18551635742188,855000,358.86572265625,344.0,,,3.0,,,,,0,,
2022-10-05,249.63871704139106,255.2536771677871,248.83659252038805,253.0695343017578,820200,358.0301208496094,339.0,,,3.0,,,,,0,,
2022-10-06,252.4220591314888,253.7363908425851,244.2653809454143,245.54107666015625,863500,354.3367919921875,336.0,,,3.0,,,,,0,,
2022-10-07,242.74807858023442,243.77250760401515,235.6158293827987,237.22010803222656,961800,344.4529724121094,335.0,,,3.0,,,,,1,,
2022-10-10,238.99830642211646,238.99830642211646,232.90013128494928,234.91030883789062,762800,341.8229675292969,330.0,,,3.0,,,,,0,,
2022-10-11,233.77958722610225,236.5145879561816,230.31977819651877,232.79383850097656,901800,339.658203125,325.0,,,3.0,,,,,0,,
2022-10-12,233.06440722627886,234.07916230642306,230.2230989004994,231.50845336914062,758200,338.53790283203125,321.0,,,3.0,,,,,0,,
2022-10-13,224.71443285324156,235.59643540373753,222.43365619341049,233.71189880371094,866700,347.47222900390625,316.0,,,3.0,,,,,0,,
2022-10-14,236.14733866229653,239.21092209778726,227.12086505256593,227.35281372070312,770300,339.5538330078125,314.0,,,3.0,,,,,0,,
2022-10-17,232.29125983358998,236.72717275276418,232.29125983358998,234.90061950683594,785700,348.2792663574219,312.0,,,3.0,,,,,0,,
2022-10-18,242.26484709172396,242.72874445730085,237.02679433122609,237.67430114746094,1023200,352.3714599609375,308.0,,,3.0,,,,,0,,
2022-10-19,234.99725329831912,237.17172201010592,231.46977298459583,233.76022338867188,729800,349.8743591308594,304.0,,,3.0,,,,,0,,
2022-10-20,234.09849575225255,237.17175293383002,228.00997961608422,229.4403076171875,730400,346.9405212402344,301.0,,,3.0,,,,,0,,
2022-10-21,228.8218073462003,234.39810202310875,225.39097531625708,233.9052276611328,990300,355.3717956542969,298.0,,,3.0,,,,,0,,
2022-10-24,235.63513144732377,238.33146650993763,232.2429503807199,236.7561798095703,1306300,359.7201232910156,294.0,,,3.0,,,,,0,,
2022-10-25,233.03541630877976,250.2282250155079,231.70173735608927,248.9718475341797,1602300,365.46441650390625,297.0,,,3.0,,,,,0,,
2022-10-26,248.46931440358364,254.05528211984736,246.3334962783954,248.3436737060547,1156700,362.71099853515625,293.0,,1.0,3.0,,,,,0,,
2022-10-27,250.25721711729264,254.83808875003635,249.37776172702232,252.23838806152344,1017400,360.77410888671875,289.0,,1.0,3.0,,,,,0,,
2022-10-28,251.51355068833817,260.92657480944246,250.46014492779963,260.0567932128906,858600,369.3572082519531,288.0,,1.0,3.0,,,,,0,,
2022-10-31,257.83406032760627,259.6799465439911,255.0217433901692,255.97850036621094,882600,366.6891784667969,285.0,,1.0,3.0,,,,,0,,
2022-11-01,259.8731998761991,261.6514287603255,254.76077340113383,255.4759521484375,789500,365.08465576171875,280.0,,1.0,3.0,,,,,0,,
2022-11-02,254.58683794474996,257.7277377903449,247.49323998648902,247.51255798339844,939600,355.92236328125,280.0,,1.0,3.0,,,,,0,,
2022-11-03,243.8787838123451,248.4403377234065,243.52119443921822,246.07257080078125,540300,352.25750732421875,276.0,,1.0,3.0,,,,,0,,
2022-11-04,249.79333463365472,252.20941129104173,245.4733883905218,250.26687622070312,577100,357.3276062011719,272.0,,1.0,3.0,,,,,0,,
2022-11-07,253.96829262292613,255.80450477024462,251.38791007612897,255.51458740234375,524100,360.74560546875,270.0,,1.0,3.0,,,,,0,,
2022-11-08,256.925628799214,260.93631063817537,255.28268467572286,258.1723327636719,733200,362.6920166015625,266.0,,1.0,3.0,,,,,0,,
2022-11-09,256.3844149221102,258.5395365601397,252.92457641546955,253.6687469482422,514500,355.21978759765625,263.0,,1.0,3.0,,,,,0,,
2022-11-10,268.841675360468,284.75878959565097,265.7684329235561,284.38189697265625,1585500,374.7406311035156,303.0,,1.0,3.0,,,,,0,,
2022-11-11,287.27154396312994,302.3575139990768,285.3096906962775,299.95111083984375,1882100,378.3675842285156,307.0,,1.0,3.0,,,,,0,,
2022-11-14,296.0467243998327,297.2741103516866,283.5991208731636,283.74407958984375,1075400,375.1488952636719,312.0,,1.0,3.0,,,,,0,,
2022-11-15,292.38394103154775,294.3844300891119,285.89917004800293,288.71148681640625,861900,378.3485412597656,308.0,,1.0,3.0,,,,,0,,
2022-11-16,288.00601130583647,289.08840892944943,284.3625488308869,286.77862548828125,801200,375.462158203125,303.0,,1.0,3.0,,,,,0,,
2022-11-17,281.2990107067621,281.2990107067621,275.8966662530736,280.0716247558594,845300,374.3133850097656,301.0,,1.0,3.0,,,,,1,,
2022-11-18,284.66210909884325,286.42101979298184,277.9067689353391,282.5166320800781,697500,376.0128173828125,296.0,,1.0,3.0,,,,,0,,
2022-11-21,280.3905333648011,284.1982725417633,278.9118956280809,282.1397705078125,555100,374.6456298828125,292.0,,1.0,3.0,,,,,0,,
2022-11-22,283.38948641943944,286.03419436243115,281.20979084256015,285.16229248046875,381600,379.6872863769531,288.0,,1.0,3.0,,,,,0,,
2022-11-23,285.34626700342716,289.76377959828096,284.01907973911415,288.64971923828125,397900,382.0798645019531,284.0,,1.0,3.0,,,,,0,,
2022-11-25,287.2257301507648,292.883247326648,286.48949755739073,291.5948181152344,430400,381.9944152832031,280.0,,1.0,3.0,,,,,0,,
2022-11-28,286.7704591910891,291.61422768365946,282.28515440074295,282.76953125,727400,375.8989562988281,279.0,,1.0,3.0,,,,,0,,
2022-11-29,281.9944685112848,283.7188486549978,279.11726927308814,280.48321533203125,576200,375.2533874511719,276.0,,1.0,3.0,,,,,0,,
2022-11-30,280.17316958256487,289.1341387579374,275.54252939666236,288.9500732421875,1354400,387.073974609375,274.0,,1.0,3.0,,,,,0,,
2022-12-01,291.26536498428,299.2188211425808,291.26536498428,296.5159912109375,832500,386.78912353515625,273.0,,1.0,3.0,,,,,0,,
2022-12-02,291.8660815279319,294.34608836268757,288.17513270104894,292.3020324707031,479300,386.3428955078125,269.0,,1.0,3.0,,,,,0,,
2022-12-05,288.0976418224092,289.13418568607,281.42291545446676,282.1979064941406,702400,379.3929748535156,270.0,,1.0,3.0,,,,,0,,
2022-12-06,283.9610471311789,285.1622921204359,282.0622983756406,283.4573059082031,647400,373.9240417480469,266.0,,1.0,3.0,,,,,0,,
2022-12-07,282.05257484781083,284.7747698103126,280.5025633392094,281.5972595214844,596000,373.2879333496094,262.0,,1.0,3.0,,,,,0,,
2022-12-08,282.07198129940394,285.2494917286004,279.9600761131848,280.8028869628906,842700,376.2122497558594,258.0,,1.0,3.0,,,,,0,,
2022-12-09,279.4854231061844,281.65542178350853,278.47791104999186,278.97198486328125,620400,373.4018249511719,254.0,,1.0,3.0,,,,,0,,
2022-12-12,279.7178334383775,281.99440972872367,278.46816290019257,281.94598388671875,870200,378.7853698730469,251.0,,1.0,3.0,,,,,0,,
2022-12-13,297.7754720944532,300.93361814029515,288.9985672622297,292.20513916015625,1067600,381.6526184082031,252.0,,1.0,3.0,,,,,0,,
2022-12-14,290.81986613446867,295.73142481620266,285.65639247180343,288.3204650878906,1041100,379.21246337890625,249.0,,1.0,3.0,,,,,0,,
2022-12-15,283.37008720658656,284.1450781576292,277.47038211704586,277.8966064453125,717900,369.9363708496094,250.0,,1.0,3.0,,,,,1,,
2022-12-16,273.52761582850314,275.51354910764996,270.4275921320614,272.9560546875,1024200,365.5687561035156,248.0,,1.0,3.0,,,,,1,,
2022-12-19,271.0281182441604,272.43282244881163,267.56969120025104,269.6234436035156,525100,362.4688720703125,245.0,,1.0,3.0,,,,,0,,
2022-12-20,268.31564576424705,270.892533503672,266.2231347525935,266.29095458984375,583800,362.9649353027344,242.0,,1.0,3.0,,,,,0,,
2022-12-21,269.49755967958725,273.6825822233795,267.9766094698645,273.59539794921875,644500,368.39215087890625,241.0,,1.0,3.0,,,,,0,,
2022-12-22,271.48348800543886,272.2197501710117,266.59129435644024,270.46630859375,446100,363.13653564453125,238.0,,1.0,3.0,,,,,0,,
2022-12-23,269.6913836366387,271.8613826806204,268.21885894477714,270.1079406738281,320600,365.2254638671875,234.0,,1.0,3.0,,,,,0,,
2022-12-27,269.1487390639978,270.2047062665121,266.60094250356656,267.72467041015625,424700,363.7852783203125,231.0,,1.0,3.0,,,,,0,,
2022-12-28,267.60846221596796,270.62130102870407,264.17909605007713,264.48907470703125,395700,359.2641296386719,228.0,,1.0,3.0,,,,,0,,
2022-12-29,267.37599171614863,274.23475414765784,267.1144388890364,274.0894470214844,316700,365.73101806640625,230.0,,1.0,3.0,,,,,0,,
2022-12-30,270.56317086491805,270.9119079310634,266.4169071046866,269.9140930175781,432000,364.7676086425781,228.0,,4.0,3.0,,,,,0,,
2023-01-03,274.6416664891341,275.9979157194871,266.2231946997074,267.8313293457031,613800,363.2319641113281,225.0,,4.0,3.0,,,,,0,,
2023-01-04,272.6750500669732,276.6856742019175,271.1250385471257,275.2325439453125,588600,366.0362243652344,224.0,,4.0,3.0,,,,,0,,
2023-01-05,271.71598704781286,272.96565775246347,267.2790795481073,268.0444030761719,407700,361.8584899902344,224.0,,4.0,3.0,,,,,0,,
2023-01-06,270.01096458780364,280.7253754519524,267.05627837097774,280.64788818359375,572800,370.1567077636719,229.0,,4.0,3.0,,,,,0,,
2023-01-09,283.1570184442583,288.45610220100843,281.3260598174762,281.7038879394531,752300,369.9468078613281,226.0,,1.0,3.0,,,,,0,,
2023-01-10,280.8028726109795,288.1460406260018,280.8028726109795,287.96197509765625,472400,372.5411682128906,225.0,,1.0,3.0,,,,,0,,
2023-01-11,290.57759598247,298.4341719151408,289.599145581836,297.8238525390625,769400,377.2530517578125,226.0,,1.0,3.0,,,,,0,,
2023-01-12,299.98420525559106,303.12295706079806,294.6948195487396,302.6385803222656,789500,378.6265563964844,224.0,,1.0,3.0,,,,,0,,
2023-01-13,299.36418531099304,305.1573416786017,299.26733361563606,304.7020263671875,835800,380.0954284667969,221.0,,1.0,3.0,,,,,0,,
2023-01-17,304.7698246320733,307.3176507966174,302.72573959096474,303.78167724609375,1659600,379.3991394042969,217.0,,1.0,3.0,,,,,0,,
2023-01-18,306.83331386894133,311.57050322136706,304.9926585247155,306.59112548828125,1811500,373.4091491699219,215.0,,1.0,3.0,,,,,0,,
2023-01-19,302.4932541435834,307.31765679826776,298.5891790596949,303.1810607910156,880500,370.6908264160156,212.0,,1.0,3.0,,,,,0,,
2023-01-20,305.1670953074688,312.3165019409865,303.29737830313695,310.45648193359375,2579700,377.5964660644531,211.0,,1.0,3.0,,,,,0,,
2023-01-23,308.2185819483764,314.4185977283222,308.1604591101275,310.1851501464844,917400,382.1270446777344,208.0,,1.0,3.0,,,,,0,,
2023-01-24,307.55012742369166,309.9526463764261,304.1207322843544,305.50604248046875,1117400,381.7169494628906,206.0,,1.0,1.0,,,,,0,,
2023-01-25,301.0304627650222,306.0001731093364,297.98859205094226,305.86456298828125,1261400,381.8600158691406,203.0,,1.0,1.0,,,,,0,,
2023-01-26,307.35639819526796,308.9742294741793,304.2273434548485,308.26702880859375,913300,386.0567932128906,200.0,,1.0,1.0,,,,,0,,
2023-01-27,305.6901627609619,310.89239402011526,305.47703580305983,309.59423828125,630100,386.94378662109375,197.0,,1.0,1.0,,,,,0,,
2023-01-30,305.757968119799,308.86765850751414,303.6170312104758,304.3823547363281,973500,382.0888671875,196.0,,1.0,1.0,,,,,0,,
2023-01-31,309.2358563533796,314.11838321700566,306.64930056323215,312.6652526855469,1526700,387.70684814453125,196.0,,1.0,1.0,,,,,0,,
2023-02-01,310.7761531775741,315.9686880160021,308.5673960801869,313.1689758300781,1516500,391.827392578125,194.0,,1.0,1.0,,,,,0,,
2023-02-02,318.60365463602795,325.413990533368,316.00740236095896,319.194580078125,1196900,397.5311584472656,192.0,,1.0,1.0,,,,,0,,
2023-02-03,312.59735482190507,315.1161196940006,308.10235420629635,314.224853515625,1053600,393.3057861328125,191.0,,1.0,1.0,,,,,1,,
2023-02-06,309.5069965643434,310.1463773193745,303.8010547386962,304.6922912597656,865200,390.9021301269531,193.0,,1.0,1.0,,,,,0,,
2023-02-07,302.3382737754811,308.4123475273755,300.3910697960464,307.9570617675781,834800,396.01458740234375,190.0,,1.0,1.0,,,,,0,,
2023-02-08,306.63954319689947,307.3564113241354,301.3888862354392,302.24139404296875,549800,391.68426513671875,189.0,,1.0,1.0,,,,,0,,
2023-02-09,305.2639337585192,305.2639337585192,296.3998442007384,297.41705322265625,865800,388.28875732421875,188.0,,1.0,1.0,,,,,0,,
2023-02-10,295.1404838307311,297.6398551826063,293.9586032221044,297.1845397949219,525400,389.1948547363281,185.0,,1.0,1.0,,,,,0,,
2023-02-13,298.2598091491051,303.76232150644915,297.99822680345125,303.75262451171875,588600,393.7636413574219,185.0,,1.0,1.0,,,,,0,,
2023-02-14,303.20051942073655,304.6923787133338,299.3932952155647,299.4126892089844,695500,393.58233642578125,183.0,,1.0,1.0,,,,,0,,
2023-02-15,296.1092111335695,301.15640880841227,296.1092111335695,300.75921630859375,610000,394.8605041503906,180.0,,1.0,1.0,,,,,0,,
2023-02-16,295.4795239384263,296.60328158202066,292.67011504743465,293.0479431152344,649500,389.42376708984375,181.0,,4.0,1.0,,,,,0,,
2023-02-17,290.47102281679236,292.65071801863354,288.4366347156056,292.0307312011719,851000,388.4508361816406,178.0,,4.0,1.0,,,,,1,,
2023-02-21,287.74883068166685,288.8144653695103,283.37974324351296,285.62725830078125,819600,380.6581726074219,178.0,,4.0,1.0,,,,,0,,
2023-02-22,286.247327854509,287.64233542060657,282.79856736166073,285.21075439453125,858500,380.133544921875,176.0,,4.0,1.0,,,,,0,,
2023-02-23,286.53162348249055,287.9885639408761,281.1312332213971,285.9877014160156,574700,382.1556396484375,173.0,,4.0,1.0,,,,,0,,
2023-02-24,279.71323206077597,281.9763338384114,278.11057338923877,280.9370422363281,550700,378.07330322265625,172.0,,4.0,1.0,,,,,0,,
2023-02-27,285.5895205844614,285.5895205844614,280.5679184949747,281.3935241699219,395600,379.3609924316406,170.0,,4.0,1.0,,,,,0,,
2023-02-28,280.92728820947696,285.43407557491025,279.78113911310805,281.82086181640625,832700,377.95892333984375,167.0,,4.0,1.0,,,,,0,,
2023-03-01,280.1016412857564,284.47246230123596,280.1016412857564,280.9757995605469,465600,376.5091247558594,165.0,,4.0,1.0,,,,,0,,
2023-03-02,276.96444501857945,282.2677013241394,276.62448623096503,282.0054626464844,745900,379.43731689453125,162.0,,4.0,1.0,,,,,0,,
2023-03-03,284.81250165732195,290.79567523264006,283.8120701938139,290.0477600097656,708900,385.52264404296875,165.0,,4.0,1.0,,,,,0,,
2023-03-06,290.1643268403689,295.46761281485954,290.0769139473657,294.7682800292969,888500,385.7897033691406,164.0,,4.0,1.0,,,,,0,,
2023-03-07,295.03051770911753,295.3413388664343,284.3365625448878,285.0650329589844,806900,379.8760986328125,168.0,,4.0,1.0,,,,,0,,
2023-03-08,284.92908576603713,287.25046288972055,282.9864978687286,285.6769714355469,856200,380.4960632324219,165.0,,4.0,1.0,,,,,0,,
2023-03-09,287.2116259960858,294.2535069650109,285.1233203403463,286.58026123046875,1124700,373.4759826660156,163.0,,4.0,1.0,,,,,0,,
2023-03-10,287.18246391672443,287.9789023412898,275.7406236193101,276.9061584472656,1162100,368.0869445800781,167.0,,4.0,1.0,,,,,0,,
2023-03-13,272.1177151589698,281.4032829008498,270.2431249592904,277.119873046875,1515200,367.5622863769531,164.0,,4.0,1.0,,,,,0,,
2023-03-14,281.60722599182446,287.71667276362194,280.451383909551,284.6085205078125,896500,373.63812255859375,166.0,,4.0,1.0,,,,,0,,
2023-03-15,280.5096492564211,284.6959233373045,278.85846751263,284.3851318359375,960200,371.30126953125,164.0,,4.0,1.0,,,,,0,,
2023-03-16,282.83101769351214,291.69893400555037,282.14140745926704,289.39697265625,652500,377.8157653808594,163.0,,4.0,1.0,,,,,0,,
2023-03-17,287.7555021038224,291.1550303025831,282.69504021462006,285.8031921386719,1673700,373.3981018066406,161.0,,4.0,1.0,,,,,0,,
2023-03-20,286.87167650810204,286.87167650810204,280.1503092744851,283.07391357421875,952000,376.98858642578125,160.0,,4.0,1.0,,,,,0,,
2023-03-21,286.8910798183395,290.0477850518541,285.36614125310336,288.56170654296875,776300,381.9385986328125,159.0,,4.0,1.0,,,,,0,,
2023-03-22,288.1342594803014,291.951436465629,282.4230479936734,282.4813232421875,844000,375.4279479980469,160.0,,4.0,1.0,,,,,0,,
2023-03-23,282.44250229322444,285.76431013586006,280.51933010328247,282.0345458984375,676400,376.4428405761719,157.0,,4.0,1.0,,,,,0,,
2023-03-24,279.14013795376013,284.97759350506476,276.9450044919203,284.32684326171875,569100,378.9129943847656,155.0,,4.0,1.0,,,,,0,,
2023-03-27,287.9109898691953,288.1343685258613,283.22934552323784,284.76397705078125,703400,379.6215515136719,153.0,,4.0,1.0,,0.00018626955073051775,,,0,,
2023-03-28,284.6570854691685,286.33740479849575,283.61779397317514,285.5506591796875,540600,378.76947021484375,151.0,,4.0,1.0,,0.00014482170177735728,,,0,,
2023-03-29,289.0570446544071,291.3784214536967,288.11488847020973,290.9510498046875,517100,384.2748107910156,151.0,,4.0,1.0,,0.00015268968179003433,,,0,,
2023-03-30,293.9037455569682,295.2344131309436,290.33911441754174,292.3011169433594,448700,386.52484130859375,149.0,,4.0,1.0,,0.00016380963462076434,,,0,,
2023-03-31,294.45749544118564,297.41993031318395,292.35949682393596,297.2353820800781,641500,391.9727783203125,148.0,,4.0,1.0,,0.00024578025610276646,,,0,,
2023-04-03,295.42870104102354,297.05074495201796,292.58281755915925,295.5646667480469,937500,393.4664306640625,146.0,,4.0,1.0,,0.0003105439670165879,0.00018626955073051775,,0,,
2023-04-04,297.18681343920105,301.38281045066134,293.7095941127243,295.215087890625,743400,391.28338623046875,144.0,,4.0,1.0,,0.00037344667527342825,0.00014482170177735728,,0,,
2023-04-05,294.52546850565784,295.31221421614106,291.6601395609827,294.1563720703125,584200,390.2589416503906,142.0,,4.0,1.0,,0.00039689461459294144,0.00015268968179003433,,0,,
2023-04-06,293.3501531175519,294.1466211755194,287.6583854773986,290.0477600097656,564500,391.7812805175781,141.0,,4.0,1.0,,0.00039738217591590115,0.00016380963462076434,,0,,
2023-04-10,286.6093624869131,288.25085138610734,282.6270816058962,287.1727294921875,492600,392.1833801269531,140.0,,4.0,1.0,,0.00039683056965648234,0.00024578025610276646,,0,,
2023-04-11,288.2897345231557,291.59212779110595,288.2897345231557,290.7276916503906,415000,392.28875732421875,139.0,,4.0,1.0,,0.0003860588814286928,0.0003105439670165879,,0,,
2023-04-12,293.96201457224464,295.10813395485985,289.2318192823842,289.6203308105469,786000,390.68975830078125,137.0,,4.0,1.0,,0.0003865689261727779,0.00037344667527342825,,0,,
2023-04-13,290.7761581533422,295.2829746521691,289.0958392082637,295.1761169433594,622000,395.8792419433594,137.0,,4.0,1.0,,0.0004062250446219963,0.00039689461459294144,,0,,
2023-04-14,295.1276801582166,297.28395396783867,292.2040758089054,293.6416015625,520200,394.9121398925781,135.0,,4.0,1.0,,0.0004377113624027005,0.00039738217591590115,,0,,
2023-04-17,292.50512136911277,295.34131230183607,291.19386881337266,294.65167236328125,446500,396.3291931152344,133.0,,4.0,1.0,,0.00045076871833581064,0.00039683056965648234,,0,,
2023-04-18,296.0794471414953,296.9050527192987,293.60266004961653,296.5650939941406,632200,396.5876770019531,132.0,,1.0,1.0,,0.0004239164937722128,0.0003860588814286928,,0,,
2023-04-19,294.9819715332258,296.8856992920943,293.9524023627075,294.43804931640625,736100,396.5207214355469,130.0,,1.0,1.0,,0.0003747803949532954,0.0003865689261727779,,0,,
2023-04-20,291.592054946848,295.6326400404404,291.592054946848,294.03973388671875,604500,394.3568420410156,128.0,,1.0,1.0,,0.0003504018306760463,0.0004062250446219963,,0,,
2023-04-21,295.2247421928592,295.27329502292764,291.2229871114244,294.87506103515625,522200,394.6632385253906,126.0,,1.0,1.0,,0.00032638831991307074,0.0004377113624027005,,0,,
2023-04-24,295.49666612078084,295.9045928383868,292.00972561220567,293.9620056152344,748300,395.0748596191406,125.0,,1.0,1.0,,0.00032105677953553737,0.00045076871833581064,,0,,
2023-04-25,297.94439143798985,307.4630594056371,296.5748635389433,297.65301513671875,1142100,388.8035888671875,124.0,,1.0,1.0,,0.00034183413764810516,0.0004239164937722128,,0,,
2023-04-26,297.9249706338978,299.93552635796334,295.22477494055494,296.16693115234375,989600,387.1567687988281,122.0,,1.0,1.0,,0.0003470620508446957,0.0003747803949532954,,0,,
2023-04-27,299.3916147780453,303.2767902810733,296.67200378254046,302.4609069824219,730100,394.86431884765625,124.0,,1.0,1.0,,0.00039391943761763436,0.0003504018306760463,,0,,
2023-04-28,302.2083575518649,304.42290615979664,300.1491898624428,304.1315002441406,578300,398.2344970703125,122.0,,1.0,1.0,,0.00041692909649883916,0.00032638831991307074,,0,,
2023-05-01,303.26707961673526,305.9186927706188,302.9659809043275,304.28692626953125,560600,397.8323669433594,120.0,,1.0,1.0,,0.0004662006842330524,0.00032105677953553737,,0,,
2023-05-02,301.7810246166698,302.21808908389426,295.35103414175154,296.9925231933594,598400,393.3611145019531,123.0,,1.0,1.0,,0.0004332111844370785,0.00034183413764810516,,1,,
2023-05-03,298.216327584283,300.14919271792905,291.32985825269293,291.6115417480469,700200,390.66107177734375,124.0,,1.0,1.0,,0.0003549696926101798,0.0003470620508446957,,0,,
2023-05-04,290.78594859539294,292.6993986065935,287.94006481655435,291.0481872558594,947200,387.8940124511719,122.0,,4.0,1.0,,0.00029598947157679695,0.00039391943761763436,,0,,
2023-05-05,294.6516435825169,296.8953593071765,294.3019920772909,295.8949279785156,873700,395.0748596191406,122.0,,4.0,1.0,,0.00023075447791043159,0.00041692909649883916,,0,,
2023-05-08,296.953659895564,297.81809595159604,295.380139063192,297.1576232910156,494200,395.1802062988281,121.0,,4.0,1.0,,0.0001820143991131262,0.0004662006842330524,,0,,
2023-05-09,295.8852485600753,298.7602700398485,295.3704640082085,297.1479187011719,584500,393.44720458984375,119.0,,4.0,1.0,,0.00013869271740114881,0.0004332111844370785,,0,,
2023-05-10,299.8966661055309,302.06263218567915,298.30373013625183,301.6643981933594,1072100,395.2855224609375,119.0,,4.0,1.0,,0.00014584990624280989,0.0003549696926101798,,0,,
2023-05-11,302.17920636134727,302.4220298165474,299.74127902738155,300.08123779296875,846200,394.59613037109375,117.0,,4.0,1.0,,0.00016688539649842432,0.00029598947157679695,,0,,
2023-05-12,301.13990997845536,302.3734423185093,299.0613272122906,300.8193664550781,630500,394.0791931152344,116.0,,4.0,1.0,,0.00017321009716282716,0.00023075447791043159,,0,,
2023-05-15,301.97529016569104,305.0348602512014,300.99430340957093,302.1501159667969,725000,395.4387512207031,114.0,,4.0,1.0,,0.00016176702418282002,0.0001820143991131262,,0,,
2023-05-16,300.94564935521487,301.9169430968628,298.21631631250676,298.6048278808594,871600,392.796142578125,114.0,,4.0,1.0,,0.00015556674000035767,0.00013869271740114881,,0,,
2023-05-17,301.0427645749266,302.4219849967997,297.90547532774264,300.5959777832031,876200,397.5643310546875,112.0,,4.0,1.0,,0.00013551045601686577,0.00014584990624280989,,0,,
2023-05-18,300.8297278623905,306.10725470964144,299.90468529105163,305.8930358886719,452400,401.3940734863281,113.0,,4.0,1.0,,0.00014377111278611977,0.00016688539649842432,,0,,
2023-05-19,306.8180452097608,309.6028598651013,304.7440245122903,306.7498779296875,589800,400.8100891113281,111.0,,4.0,1.0,,0.00016764463912526668,0.00017321009716282716,,0,,
2023-05-22,306.64278373432603,313.7411549408284,306.64278373432603,312.9329833984375,700100,400.9728698730469,113.0,,1.0,1.0,,0.00024172420596780544,0.00016176702418282002,,0,,
2023-05-23,309.9923337792083,311.53082230674994,303.65346032522274,304.5687561035156,695800,396.4727783203125,117.0,,1.0,1.0,,0.0002611574076945647,0.00015556674000035767,,0,,
2023-05-24,302.7966050600248,303.74111120331844,300.1675587639178,300.9075927734375,639900,393.6004638671875,117.0,,1.0,1.0,,0.00024351786344496573,0.00013551045601686577,,0,,
2023-05-25,302.3778596038327,302.82576076888483,300.3817234157893,301.5307312011719,542800,397.0090026855469,115.0,,1.0,1.0,,0.0001515635950405369,0.00014377111278611977,,0,,
2023-05-26,301.6281395062459,305.0653574486581,300.91734550271434,304.77325439453125,764300,402.1505432128906,114.0,,1.0,1.0,,0.0001235596651790365,0.00016764463912526668,,0,,
2023-05-30,306.9544338119531,311.2193175847819,304.75385434233937,305.29913330078125,698000,402.3036804199219,113.0,,1.0,1.0,,0.0001454170719402566,0.00024172420596780544,,0,,
2023-05-31,304.82191893421657,308.6681107492986,302.67001392724165,308.55126953125,2860600,400.0728454589844,112.0,,1.0,1.0,,0.00019883511153299623,0.0002611574076945647,,0,,
2023-06-01,308.2299253079667,316.4091671262445,308.2299253079667,315.1628112792969,750700,403.8739318847656,114.0,,1.0,1.0,,0.00026223696277221113,0.00024351786344496573,,0,,
2023-06-02,317.21728891494655,321.0342698122254,316.457791404195,318.3954772949219,917200,409.71441650390625,113.0,,1.0,1.0,,0.00032053890201357753,0.0001515635950405369,,0,,
2023-06-05,317.8015818005032,321.7451215628128,317.2855132672198,320.157958984375,694000,408.9293212890625,112.0,,1.0,1.0,,0.00038133095461317907,0.0001235596651790365,,0,,
2023-06-06,319.7100514449643,322.6993680390728,319.7100514449643,321.998291015625,561600,409.8197326660156,110.0,,1.0,1.0,,0.0004156257033987668,0.0001454170719402566,,0,,
2023-06-07,322.7091259375623,323.4491302491045,317.7431659916925,318.8726806640625,542600,408.4027099609375,110.0,,1.0,1.0,,0.00039082262485934095,0.00019883511153299623,,0,,
2023-06-08,318.15207532230147,325.1238880556659,316.24359956884445,324.4812316894531,603400,410.8729248046875,111.0,,1.0,1.0,,0.000385340372070665,0.00026223696277221113,,0,,
2023-06-09,325.09480668341115,329.3694374808573,323.8874074219352,326.6625061035156,1017400,411.6101989746094,109.0,,1.0,1.0,,0.0003954388080023937,0.00032053890201357753,,0,,
2023-06-12,326.90583529919803,328.53192513422994,324.19890474983526,326.7695007324219,595000,415.3442687988281,108.0,,1.0,1.0,,0.0004590335004305885,0.00038133095461317907,,0,,
2023-06-13,326.68182856506667,331.8620065700006,326.68182856506667,329.89508056640625,1500600,418.0826110839844,107.0,,1.0,1.0,,0.0005198992634941586,0.0004156257033987668,,0,,
2023-06-14,329.8950810544465,334.1015427360503,329.7685228924073,331.7548828125,467500,418.5804748535156,106.0,,1.0,1.0,,0.0005909596940972952,0.00039082262485934095,,0,,
2023-06-15,332.1443516287702,340.8007037678971,331.52118865106405,339.1551208496094,572900,423.7698669433594,108.0,,1.0,1.0,,0.0006688381645345211,0.000385340372070665,,0,,
2023-06-16,341.180537433886,341.8329108458052,332.7773593155561,332.864990234375,1243300,422.326416015625,110.0,,1.0,1.0,,0.0007007083760921358,0.0003954388080023937,,0,,
2023-06-20,329.44718449307777,332.4072905012342,329.44718449307777,331.2485656738281,728700,420.13531494140625,108.0,,1.0,1.0,,0.0006817008662763952,0.0004590335004305885,,1,,
2023-06-21,329.31090775385593,330.4793496378849,325.3673383921568,329.6419677734375,764800,417.98260498046875,107.0,,1.0,1.0,,0.0006424298063329802,0.0005198992634941586,,0,,
2023-06-22,327.33431308012337,328.20090537714776,324.2476184721129,327.0129699707031,845100,419.4914855957031,106.0,,1.0,1.0,,0.0006212580627725433,0.0005909596940972952,,0,,
2023-06-23,324.7831268532484,329.34014265931233,322.9038611390096,328.41510009765625,934300,416.320068359375,104.0,,1.0,1.0,,0.0005920735452736111,0.0006688381645345211,,0,,
2023-06-26,327.7432529739629,328.56117131753166,325.39659250130296,325.96136474609375,525200,414.61907958984375,103.0,,1.0,1.0,,0.0005704572620284211,0.0007007083760921358,,0,,
2023-06-27,328.09372417772755,330.6935300977398,326.90578908498173,329.9242858886719,379800,419.1647033691406,103.0,,1.0,1.0,,0.0005707024996128197,0.0006817008662763952,,0,,
2023-06-28,329.8659287384521,332.76761461245155,328.4053539852153,332.61181640625,563200,419.3761291503906,102.0,,1.0,1.0,,0.0005841175140639345,0.0006424298063329802,,0,,
2023-06-29,332.89414831050345,335.7763403672818,331.47253076915166,335.3966064453125,384500,421.0290222167969,101.0,,1.0,1.0,,0.0006362192156986585,0.0006212580627725433,,0,,
2023-06-30,338.06465041272344,341.74529777266343,336.9059253442728,338.5807189941406,1037200,425.9974670410156,101.0,,1.0,1.0,,0.000643456528293238,0.0005920735452736111,,0,,
2023-07-03,336.72090283422966,337.47065384688534,332.8162901330698,337.2856750488281,333000,426.4875793457031,99.0,,1.0,1.0,,0.0006438072006676607,0.0005704572620284211,,0,,
2023-07-05,335.4453637617824,338.18150499026484,333.9458318995253,337.8406982421875,655700,425.85333251953125,98.0,,1.0,1.0,,0.0005893719850706465,0.0005707024996128197,,0,,
2023-07-06,333.5270694261962,334.15026217090156,329.69062452356735,333.2252197265625,957300,422.51861572265625,98.0,,1.0,1.0,,0.0005024295802819318,0.0005841175140639345,,0,,
2023-07-07,330.75205306044916,335.38695366253137,329.89517768371405,330.64495849609375,812400,421.4518737792969,97.0,,1.0,1.0,,0.0004327979104677855,0.0006362192156986585,,0,,
2023-07-10,331.1999528875013,335.53297359199104,331.1999528875013,333.1084289550781,467500,422.51861572265625,96.0,,1.0,1.0,,0.000393495951662856,0.000643456528293238,,0,,
2023-07-11,332.8260131251449,333.57576408445277,329.145366180008,330.3430480957031,746200,425.2094421386719,96.0,,4.0,1.0,,0.00039834700527302313,0.0006438072006676607,,0,,
2023-07-12,335.2116302665284,339.0870026696923,333.95552774188315,338.0840759277344,892800,428.630615234375,99.0,,4.0,1.0,,0.000419904135847196,0.0005893719850706465,,0,,
2023-07-13,340.08024812434707,342.53400310653143,338.64888362253856,341.2973937988281,728400,432.0325927734375,99.0,,4.0,1.0,,0.0004417962784708333,0.0005024295802819318,,0,,
2023-07-14,342.008148497013,344.4521862390651,341.0052217652748,343.8679504394531,572800,431.7635192871094,98.0,,4.0,1.0,,0.0004641629489326238,0.0004327979104677855,,0,,
2023-07-17,344.9390661814702,347.7238810762074,342.70924710163126,347.04229736328125,665100,433.26275634765625,97.0,,1.0,1.0,,0.0004720042047001479,0.000393495951662856,,0,,
2023-07-18,346.23405410224285,350.42105232654234,345.8056462372597,349.99261474609375,585000,436.48211669921875,96.0,,1.0,1.0,,0.0004779575762800154,0.00039834700527302313,,0,,
2023-07-19,349.59342194836313,351.89140826246074,348.3178557538672,350.09002685546875,720000,437.4527893066406,95.0,,1.0,1.0,,0.0004924174910265571,0.000419904135847196,,0,,
2023-07-20,348.11334498280723,351.5116055664538,347.8212122458553,349.4181213378906,747900,434.5505065917969,94.0,1.0,1.0,1.0,1.0,0.000498022743263017,0.0004417962784708333,,0,1.0,1.0
2023-07-21,350.0996878767314,350.1678551502405,347.2759165167718,348.376220703125,2170100,434.5505065917969,92.0,1.0,1.0,1.0,1.0,0.0004908491057427297,0.0004641629489326238,,0,1.0,2.0
2023-07-24,347.8212523255045,349.8368525524183,345.99066060533943,347.49993896484375,1001600,436.4917297363281,91.0,1.0,1.0,1.0,1.0,0.0004795361153130258,0.0004720042047001479,,0,1.0,3.0
2023-07-25,345.23114120236596,353.6440652463148,342.59237805218476,352.1932373046875,1119300,437.6833801269531,92.0,1.0,1.0,1.0,1.0,0.00047134310311081155,0.0004779575762800154,,0,1.0,4.0
2023-07-26,351.41427396438763,352.2516855946538,344.9196016413958,349.8076477050781,1005900,437.75067138671875,91.0,1.0,1.0,1.0,1.0,0.0004474296552780886,0.0004924174910265571,,0,1.0,5.0
2023-07-27,349.46685730439503,349.46685730439503,338.6975548404033,342.1542663574219,1309300,434.848388671875,94.0,1.0,1.0,1.0,1.0,0.0003753619633941466,0.000498022743263017,,0,1.0,6.0
2023-07-28,346.156189635161,347.6946485142895,342.1931566474289,344.1697998046875,668500,439.105712890625,93.0,1.0,1.0,1.0,1.0,0.00032533218084037594,0.0004908491057427297,,0,1.0,7.0
2023-07-31,345.4258566679978,345.5914015134388,340.98571272696546,343.4784240722656,698000,439.9417724609375,92.0,1.0,1.0,1.0,1.0,0.00029172387394123717,0.0004795361153130258,,0,1.0,8.0
2023-08-01,341.2389216873216,344.04319993713693,340.5183513502501,343.09869384765625,569700,438.6828918457031,90.0,1.0,1.0,1.0,1.0,0.0003208131334821159,0.00047134310311081155,,0,1.0,9.0
2023-08-02,338.9507336559257,340.61578061967595,333.1960653363122,334.6371765136719,1059900,432.5804138183594,95.0,1.0,4.0,1.0,2.0,0.0003048481622737207,0.0004474296552780886,,0,2.0,10.0
2023-08-03,332.2222784749808,333.0499433022235,327.85030164294966,329.164794921875,890000,431.3406677246094,97.0,1.0,4.0,1.0,2.0,0.0002728424821294059,0.0003753619633941466,,1,2.0,11.0
2023-08-04,329.45694363302596,334.3060321951363,327.42187996148874,331.11224365234375,802500,429.389892578125,96.0,1.0,4.0,1.0,2.0,0.00024806410275232264,0.00032533218084037594,,0,2.0,12.0
2023-08-07,333.13763888239805,333.4394886273937,330.29437355945885,333.4102783203125,547700,433.1378173828125,95.0,1.0,4.0,1.0,2.0,0.0002434157294484216,0.00029172387394123717,,0,2.0,13.0
2023-08-08,330.956456863511,330.956456863511,324.91940374598414,328.94085693359375,582700,431.25421142578125,95.0,1.0,4.0,1.0,2.0,0.00024504818956194214,0.0003208131334821159,,0,2.0,14.0
2023-08-09,328.45404576701344,331.9204740121573,328.0742820814738,328.9019470214844,499600,428.3712158203125,94.0,1.0,4.0,1.0,2.0,0.00022161182816716964,0.0003048481622737207,,0,2.0,15.0
2023-08-10,330.1288548073562,333.0110473648019,328.47352484947197,330.3722839355469,515300,428.52496337890625,92.0,1.0,4.0,1.0,2.0,0.00022611989996371642,0.0002728424821294059,,0,2.0,16.0
2023-08-11,328.81431157694095,329.86591227197033,326.633196229936,327.850341796875,359500,428.2750549316406,92.0,1.0,4.0,1.0,2.0,0.00022347860448687065,0.00024806410275232264,,0,2.0,17.0
2023-08-14,327.95741837213956,330.52804393207583,326.9544916685583,329.8756408691406,350500,430.6391906738281,91.0,1.0,4.0,1.0,2.0,0.0002513809716487327,0.0002434157294484216,,0,2.0,18.0
2023-08-15,327.92823822203627,329.0480062421299,322.9330678752557,323.9944152832031,469200,425.62274169921875,93.0,1.0,4.0,1.0,2.0,0.00023390339642197192,0.00024504818956194214,,0,2.0,19.0
2023-08-16,322.5241151084429,326.7208306915679,322.2319823399256,322.8454284667969,512600,422.4994201660156,91.0,1.0,4.0,1.0,2.0,0.00022281041881954224,0.00022161182816716964,,0,2.0,20.0
2023-08-17,323.5774400304901,324.9633193304635,320.3762167061437,320.6104431152344,682300,419.2800598144531,91.0,1.0,4.0,1.0,2.0,0.00020397723103518758,0.00022611989996371642,,0,2.0,21.0
2023-08-18,316.85287961166927,319.839385252431,315.2522829563497,319.16595458984375,658600,419.4818115234375,89.0,1.0,4.0,1.0,2.0,0.00020845231439015337,0.00022347860448687065,,1,2.0,22.0
2023-08-21,319.3220894143866,320.3078417094785,315.3498317219999,316.979736328125,517100,422.2110900878906,89.0,1.0,4.0,1.0,2.0,0.00020419159334171205,0.0002513809716487327,,0,2.0,23.0
2023-08-22,318.4047239344932,321.5669295007897,316.98956627951435,319.15625,592000,421.0675354003906,88.0,1.0,4.0,1.0,2.0,0.00020585235863321513,0.00023390339642197192,,0,2.0,24.0
2023-08-23,320.72754781087093,327.9205381840547,319.56612558887537,326.63226318359375,392500,425.7572326660156,92.0,1.0,4.0,1.0,2.0,0.00022070166630026823,0.00022281041881954224,,0,2.0,25.0
2023-08-24,327.4325847828768,330.52646454278965,322.9821039021481,323.0894775390625,443100,419.8566589355469,92.0,1.0,4.0,1.0,2.0,0.00020896949004253383,0.00020397723103518758,,0,2.0,26.0
2023-08-25,325.285374630946,327.59844952009,323.1479695292881,326.3979797363281,487000,422.81658935546875,92.0,1.0,4.0,1.0,2.0,0.0001763102403346011,0.00020845231439015337,,0,2.0,27.0
2023-08-28,326.39804411206177,329.39431958968066,326.27116153452886,326.69085693359375,369100,425.497802734375,90.0,1.0,4.0,1.0,2.0,0.00015337451323703912,0.00020419159334171205,,0,2.0,28.0
2023-08-29,326.04661898259866,330.3018901878074,325.98806239057353,329.6772766113281,414100,431.6483154296875,90.0,1.0,4.0,1.0,2.0,0.00017811970358397777,0.00020585235863321513,,0,2.0,29.0
2023-08-30,329.716308305585,332.54668270041753,329.3942470359453,330.6922912597656,380600,433.42608642578125,88.0,1.0,4.0,1.0,2.0,0.00020886103987792826,0.00022070166630026823,,0,2.0,30.0
2023-08-31,330.68250287376645,331.83415544139854,328.0375680134017,328.71099853515625,698100,432.7918701171875,88.0,1.0,4.0,1.0,2.0,0.0002379527753227369,0.00020896949004253383,,0,2.0,31.0
2023-09-01,331.5316411421448,334.791420527323,330.08717569518063,331.1705322265625,409500,433.59912109375,87.0,1.0,4.0,1.0,2.0,0.0002740097692775253,0.0001763102403346011,,0,2.0,32.0
2023-09-05,330.66310147099205,332.2051716307589,327.6765952145734,330.17510986328125,550200,431.7251281738281,86.0,1.0,4.0,1.0,2.0,0.0002835404990146459,0.00015337451323703912,,0,2.0,33.0
2023-09-06,329.8335099281715,333.5617428397497,329.20886642980037,332.4979248046875,536500,428.8228759765625,85.0,1.0,4.0,1.0,2.0,0.00027609168760484173,0.00017811970358397777,,0,2.0,34.0
2023-09-07,330.7997013245216,334.8305161349964,330.2336144693219,333.9033203125,559500,427.50628662109375,84.0,1.0,4.0,1.0,2.0,0.0002527466901984056,0.00020886103987792826,,0,2.0,35.0
2023-09-08,334.2741855878741,334.8500119976499,331.170566721094,331.6097412109375,537400,428.15020751953125,83.0,1.0,4.0,1.0,2.0,0.0002693416836308205,0.0002379527753227369,,0,2.0,36.0
2023-09-11,333.04441128525275,333.1908325550035,329.64800969204265,331.5999755859375,521000,430.9659729003906,82.0,1.0,4.0,1.0,2.0,0.0002893290746202903,0.0002740097692775253,,0,2.0,37.0
2023-09-12,329.5992273299447,333.1518199269993,329.0917268666393,331.0632019042969,458200,428.601806640625,81.0,1.0,4.0,1.0,2.0,0.0002999376045235229,0.0002835404990146459,,0,2.0,38.0
2023-09-13,331.60972272267895,335.9430894886987,330.79966996348287,334.9573669433594,553300,429.1015625,81.0,1.0,1.0,1.0,1.0,0.00032951069201159693,0.00027609168760484173,,0,1.0,39.0
2023-09-14,337.9634220541816,342.0430242080699,335.7967384104304,340.4814453125,557600,432.8014831542969,83.0,1.0,1.0,1.0,1.0,0.00039504943397767575,0.0002527466901984056,,0,1.0,40.0
2023-09-15,335.728376421868,338.568490473431,332.7906878998219,332.9956359863281,933600,427.58685302734375,87.0,1.0,1.0,1.0,1.0,0.0004362453291123407,0.0002693416836308205,,0,1.0,41.0
2023-09-18,332.3222428802907,336.684888493629,331.68785982731504,335.152587890625,361200,427.83770751953125,86.0,1.0,1.0,1.0,1.0,0.0004470473435690218,0.0002893290746202903,,0,1.0,42.0
2023-09-19,334.48890426589554,335.40633069421415,330.0189151066603,332.5076599121094,332500,426.9504089355469,86.0,1.0,1.0,1.0,1.0,0.00039541351582822703,0.0002999376045235229,,0,1.0,43.0
2023-09-20,333.57150827787746,334.70365226687534,327.6180053118718,327.783935546875,371800,423.02532958984375,87.0,1.0,1.0,1.0,1.0,0.00035208655057896284,0.00032951069201159693,,0,1.0,44.0
2023-09-21,325.64648923591983,327.2275769200933,316.15016398522124,316.48199462890625,663500,416.0333557128906,98.0,1.0,4.0,4.0,6.0,0.00024398504481191888,0.00039504943397767575,,1,2.0,45.0
2023-09-22,316.49181466286416,319.780873112533,316.0818886346576,316.4332580566406,387600,415.09796142578125,96.0,1.0,4.0,4.0,6.0,0.00014212355507056045,0.0004362453291123407,,0,2.0,46.0
2023-09-25,315.4377460897812,316.8529036971998,313.9835110344867,315.0570983886719,417100,416.843505859375,95.0,1.0,4.0,4.0,6.0,7.350260196777837e-05,0.0004470473435690218,,0,2.0,47.0
2023-09-26,311.92417127797495,313.0855934252392,307.55175673623677,307.85430908203125,1051700,410.7195739746094,99.0,1.0,4.0,4.0,6.0,3.1492000835206154e-05,0.00039541351582822703,,1,2.0,48.0
2023-09-27,309.07428731549913,311.3580839467403,305.3948421514946,306.9564208984375,951600,410.8834533691406,97.0,1.0,4.0,4.0,6.0,1.186095521400166e-05,0.00035208655057896284,,0,2.0,49.0
2023-09-28,307.53229539727687,312.0511021307942,307.53229539727687,310.81158447265625,603500,413.2655334472656,98.0,1.0,4.0,4.0,6.0,1.5948829695098606e-05,0.00024398504481191888,,0,2.0,50.0
2023-09-29,313.22225856338304,314.5007940800986,307.7567470819307,308.57659912109375,730400,412.2625732421875,97.0,1.0,4.0,4.0,6.0,5.4408917969931844e-05,0.00014212355507056045,,0,2.0,51.0
2023-10-02,306.40012601264317,311.84609841372367,306.16589960797205,308.6253662109375,652200,412.0986328125,95.0,1.0,4.0,4.0,6.0,7.859872471600697e-05,7.350260196777837e-05,,0,2.0,52.0
2023-10-03,306.80030008769774,307.53228742855373,299.5487526459317,300.4075927734375,537200,406.5822448730469,101.0,1.0,4.0,4.0,6.0,4.676600199991328e-05,3.1492000835206154e-05,,0,2.0,53.0
2023-10-04,301.8227481677226,307.3565849822955,300.40756087846495,306.9368896484375,896700,409.54296875,103.0,1.0,4.0,4.0,6.0,2.245959975098977e-05,1.186095521400166e-05,,0,2.0,54.0
2023-10-05,306.0097085911555,307.33703113302585,304.1162992475891,306.4488830566406,596200,409.388671875,102.0,1.0,4.0,4.0,6.0,-7.017697060762753e-06,1.5948829695098606e-05,,0,2.0,55.0
2023-10-06,304.66282945717484,311.0652749786602,303.3452465687318,309.4939270019531,643700,414.2492980957031,101.0,1.0,4.0,4.0,6.0,8.516931991590757e-06,5.4408917969931844e-05,,0,2.0,56.0
2023-10-09,307.5810576971987,311.699707432517,307.09306616355735,310.7237243652344,437700,416.9013977050781,100.0,1.0,4.0,4.0,6.0,9.56836027584083e-06,7.859872471600697e-05,,0,2.0,57.0
2023-10-10,310.4406644690086,316.94071492647913,309.8550984874114,314.1396484375,845900,419.0712890625,100.0,1.0,4.0,4.0,6.0,4.030791321468568e-05,4.676600199991328e-05,,0,2.0,58.0
2023-10-11,316.6088995849209,318.1997567426741,315.0083028500954,317.7019958496094,575600,420.78790283203125,99.0,1.0,4.0,4.0,6.0,6.398848370244287e-05,2.245959975098977e-05,,0,2.0,59.0
2023-10-12,319.5271012495484,319.5271012495484,310.51876708233226,312.2462463378906,545100,418.2225646972656,101.0,1.0,4.0,4.0,6.0,6.67317662727744e-05,-7.017697060762753e-06,,0,2.0,60.0
2023-10-13,312.58784395122836,313.48576144491443,307.190658981634,309.7770080566406,453900,416.1394348144531,100.0,1.0,4.0,4.0,6.0,4.6736368117158746e-05,8.516931991590757e-06,,0,2.0,61.0
2023-10-16,312.63665270089666,317.29211114088093,311.01654696857696,313.70050048828125,498000,420.51788330078125,100.0,1.0,1.0,4.0,5.0,1.80869978887267e-05,9.56836027584083e-06,,0,2.0,62.0
2023-10-17,311.67044639111435,317.0578624983808,310.7725585988905,313.68096923828125,390200,420.4986267089844,98.0,1.0,1.0,4.0,5.0,2.1403414552084092e-05,4.030791321468568e-05,,0,2.0,63.0
2023-10-18,311.3288477759566,311.4850086502456,306.43919256912744,306.47821044921875,526300,414.8953552246094,102.0,1.0,1.0,4.0,5.0,-1.810488414221017e-05,6.398848370244287e-05,,0,2.0,64.0
2023-10-19,306.8295415218499,308.9083900856327,302.9646571662275,304.0967712402344,548700,411.24993896484375,101.0,1.0,1.0,4.0,5.0,-7.623884949776605e-05,6.67317662727744e-05,,0,2.0,65.0
2023-10-20,302.92560269271235,304.1260426983017,300.43682821804373,302.1643371582031,1334900,406.19647216796875,100.0,1.0,4.0,4.0,6.0,-0.00014571068436529123,4.6736368117158746e-05,,0,2.0,66.0
2023-10-23,299.802479855177,305.2289434784589,299.78297091575524,301.6275634765625,708800,405.492431640625,98.0,4.0,4.0,4.0,12.0,-0.00015298561110233279,1.80869978887267e-05,,0,4.0,1.0
2023-10-24,302.55475209871395,304.1943965101612,295.78142720121673,298.2701721191406,1543100,408.54962158203125,98.0,4.0,4.0,4.0,12.0,-0.00014057363668917898,2.1403414552084092e-05,,0,4.0,2.0
2023-10-25,311.35809177487147,317.155433286331,304.7799757626289,306.7124328613281,1442000,402.68603515625,104.0,4.0,4.0,4.0,12.0,-9.402383973693953e-05,-1.810488414221017e-05,,0,4.0,3.0
2023-10-26,304.63359187172995,307.6591452609109,302.55474322531705,302.642578125,832600,397.8640441894531,104.0,4.0,4.0,4.0,12.0,-9.942052534620318e-05,-7.623884949776605e-05,,0,4.0,4.0
2023-10-27,303.27695059596255,303.8820552958217,293.7513766844908,294.71759033203125,805800,396.06060791015625,109.0,4.0,4.0,4.0,12.0,-0.00012716531555991513,-0.00014571068436529123,,0,4.0,5.0
2023-10-30,297.46008216607413,300.3587527175608,291.6822499996224,298.9631042480469,779000,400.7958984375,109.0,4.0,4.0,4.0,12.0,-0.000171138150142241,-0.00015298561110233279,,0,4.0,6.0
2023-10-31,298.855795522042,302.08629740360675,296.6793721342223,300.6028137207031,730500,403.31292724609375,107.0,4.0,4.0,4.0,12.0,-0.00017952843336992773,-0.00014057363668917898,,0,4.0,7.0
2023-11-01,301.27622896739706,307.4151710763061,299.85130196479986,305.3656005859375,1000000,407.6141052246094,108.0,4.0,4.0,4.0,12.0,-0.0001397377013609806,-9.402383973693953e-05,,0,4.0,8.0
2023-11-02,311.3288261835313,319.50756897624836,309.9136686200185,318.98052978515625,1365200,415.4258728027344,122.0,1.0,1.0,4.0,5.0,-4.508473936278596e-05,-9.942052534620318e-05,,0,2.0,9.0
2023-11-03,322.07438767562087,328.07667712537545,321.32289149351385,323.4602966308594,950900,419.2159729003906,121.0,1.0,1.0,4.0,5.0,6.450238417604798e-05,-0.00012716531555991513,,0,2.0,10.0
2023-11-06,323.2846185716289,325.6952979160567,321.80113504607306,325.4317932128906,643700,420.18035888671875,120.0,1.0,1.0,4.0,5.0,0.00016309206039107324,-0.000171138150142241,,0,2.0,11.0
2023-11-07,325.9588437237967,330.35076763692314,324.0751737202848,327.8034362792969,655000,421.3761901855469,119.0,1.0,1.0,4.0,5.0,0.00021551813703386138,-0.00017952843336992773,,0,2.0,12.0
2023-11-08,327.45212062072426,331.1706140897949,326.73964218910737,330.59478759765625,534000,421.684814453125,117.0,1.0,1.0,4.0,5.0,0.0002562750089046386,-0.0001397377013609806,,0,2.0,13.0
2023-11-09,331.834245771913,334.89884692655124,329.68707109129764,331.7171325683594,887500,418.3960876464844,116.0,1.0,1.0,4.0,5.0,0.0002740447644737052,-4.508473936278596e-05,,0,2.0,14.0
2023-11-10,333.7569023947471,336.74340794449154,330.68256195055574,336.2944641113281,762200,424.9251708984375,116.0,1.0,1.0,4.0,5.0,0.0002796351559640564,6.450238417604798e-05,,0,2.0,15.0
2023-11-13,334.4693743931281,336.80195819407385,333.94233525174093,335.2599182128906,744000,424.5201110839844,114.0,1.0,1.0,4.0,5.0,0.0002972066572353705,0.00016309206039107324,,0,2.0,16.0
2023-11-14,339.8666300463537,344.67821992663187,336.3238063733483,342.73602294921875,1125800,432.75616455078125,116.0,1.0,1.0,4.0,5.0,0.0003741611998196328,0.00021551813703386138,,0,2.0,17.0
2023-11-15,342.3357782720691,345.40034915036836,341.9648999972289,342.2772216796875,839400,433.6723327636719,114.0,1.0,1.0,4.0,5.0,0.000425325885011117,0.0002562750089046386,,0,2.0,18.0
2023-11-16,344.4244473255518,346.21051316762333,343.7119986889519,345.078369140625,960300,434.20269775390625,113.0,1.0,1.0,4.0,5.0,0.0004707168987927812,0.0002740447644737052,,0,2.0,19.0
2023-11-17,346.06411176193166,349.0701567130646,344.8051148722859,348.10394287109375,865800,434.7427673339844,112.0,1.0,1.0,4.0,5.0,0.0004670281614358598,0.0002796351559640564,,0,2.0,20.0
2023-11-20,347.9086493465386,353.1887207707788,347.22544935596335,352.43719482421875,1312600,438.0893249511719,112.0,1.0,1.0,4.0,5.0,0.00048779957146027187,0.0002972066572353705,,0,2.0,21.0
2023-11-21,353.0130814907484,355.89221362066127,352.1444422786574,355.0626220703125,1006900,437.134521484375,111.0,1.0,1.0,4.0,5.0,0.0004899566911400568,0.0003741611998196328,,0,2.0,22.0
2023-11-22,356.9112211972149,360.57892104989673,355.9722685444995,356.54931640625,1276500,438.82220458984375,109.0,1.0,1.0,4.0,5.0,0.0004806111095617055,0.000425325885011117,,0,2.0,23.0
2023-11-24,356.95027443085996,356.95027443085996,353.29236514823873,354.4269104003906,425100,439.0921630859375,108.0,1.0,1.0,4.0,5.0,0.0004673399969026231,0.0004707168987927812,,0,2.0,24.0
2023-11-27,353.42925574965585,354.2508466240555,351.50251978641205,353.3705749511719,800100,438.30145263671875,106.0,1.0,1.0,4.0,5.0,0.0004654743615901653,0.0004670281614358598,,0,2.0,25.0
2023-11-28,352.353442666532,354.8474662973943,350.6222694624101,353.25323486328125,727400,438.7353820800781,105.0,1.0,1.0,4.0,5.0,0.0004669248053639824,0.00048779957146027187,,0,2.0,26.0
2023-11-29,355.2680102037902,356.07981101832513,353.48797618745,353.9476623535156,922300,438.4267578125,103.0,1.0,1.0,3.0,3.0,0.00045855901534066617,0.0004899566911400568,,0,1.0,1.0
2023-11-30,352.5197070712073,357.1850399293215,350.80811397432103,356.9502868652344,1882000,440.153076171875,102.0,1.0,1.0,3.0,3.0,0.0004801456377374624,0.0004806111095617055,,0,1.0,2.0
2023-12-01,356.0114131880355,363.04361903965764,353.7716626982269,362.90667724609375,937600,442.7569885253906,103.0,1.0,1.0,3.0,3.0,0.0005349167405561786,0.0004673399969026231,,0,1.0,3.0
2023-12-04,360.6668768338677,366.1635305735883,360.41257347224814,365.7331848144531,998200,440.43280029296875,102.0,1.0,1.0,3.0,3.0,0.0006085450247911354,0.0004654743615901653,,0,1.0,4.0
2023-12-05,365.15613548916525,367.6501589866949,361.1167713592473,367.4154357910156,883600,440.345947265625,101.0,1.0,1.0,3.0,3.0,0.000658752545352697,0.0004669248053639824,,0,1.0,5.0
2023-12-06,368.61846033715864,369.8801273907466,364.80402923282156,365.234375,890700,438.5715026855469,100.0,1.0,1.0,3.0,3.0,0.0006676898261696365,0.00045855901534066617,,0,1.0,6.0
2023-12-07,365.9777259221412,367.47414611043416,363.3076299655415,364.45196533203125,866600,441.9179992675781,98.0,1.0,1.0,3.0,3.0,0.0006501116505970238,0.0004801456377374624,,0,1.0,7.0
2023-12-08,363.8260245083733,370.0171183908105,361.86991797830706,366.3885192871094,1282200,443.81787109375,97.0,1.0,1.0,1.0,1.0,0.0006534266176438401,0.0005349167405561786,,0,1.0,8.0
2023-12-11,366.3004398584431,370.5060861383675,363.8357567674886,369.3030700683594,858600,445.5440673828125,96.0,1.0,1.0,1.0,1.0,0.0007144587196417461,0.0006085450247911354,,0,1.0,9.0
2023-12-12,370.0561933462185,372.3546243290809,369.66497803692204,372.21771240234375,813900,447.5789794921875,96.0,1.0,1.0,1.0,1.0,0.000793434513826602,0.000658752545352697,,0,1.0,10.0
2023-12-13,373.4402585223671,382.67308258749546,371.865577440015,382.24273681640625,952300,453.7511901855469,101.0,1.0,1.0,1.0,1.0,0.0008647026778503,0.0006676898261696365,,0,1.0,11.0
2023-12-14,386.04732695195446,388.1990556899455,381.9101814821881,383.025146484375,855600,455.2074279785156,99.0,1.0,1.0,1.0,1.0,0.0008862050190407549,0.0006501116505970238,,0,1.0,12.0
2023-12-15,384.46291536901487,384.46291536901487,378.18383075924964,380.5213623046875,1182100,454.4579162597656,98.0,1.0,1.0,1.0,1.0,0.0008437572039759712,0.0006534266176438401,,0,1.0,13.0
2023-12-18,381.1961593698388,382.9566428428145,378.8488381232682,382.408935546875,665700,457.01422119140625,97.0,1.0,1.0,1.0,1.0,0.0007724522720549292,0.0007144587196417461,,0,1.0,14.0
2023-12-19,381.7243527350473,384.46288947576943,380.8147406677611,381.9590759277344,772400,459.79327392578125,96.0,1.0,1.0,1.0,1.0,0.0006936015689839557,0.000793434513826602,,0,1.0,15.0
2023-12-20,382.5166429205922,385.030247008037,373.60656203888885,374.0564880371094,894300,453.4218444824219,98.0,1.0,1.0,1.0,1.0,0.0006266899193524878,0.0008647026778503,,0,1.0,16.0
2023-12-21,375.3670900263884,377.8024332288211,372.5796321097791,377.6557312011719,661000,457.72119140625,98.0,1.0,1.0,1.0,1.0,0.0005780286626948668,0.0008862050190407549,,0,1.0,17.0
2023-12-22,380.1301667277178,380.91259736183497,376.9319434547989,379.0738525390625,477500,458.64105224609375,97.0,1.0,1.0,1.0,1.0,0.0005429756923422497,0.0008437572039759712,,0,1.0,18.0
2023-12-26,377.90018191780223,380.7952108924212,377.17643213610086,379.797607421875,253300,460.5776672363281,95.0,1.0,1.0,1.0,1.0,0.0005615111456853036,0.0007724522720549292,,0,1.0,19.0
2023-12-27,379.5432794738968,382.33073674816944,377.97838856133916,381.6460876464844,347200,461.410400390625,94.0,1.0,1.0,1.0,1.0,0.0005874438234616106,0.0006936015689839557,,0,1.0,20.0
2023-12-28,381.8417118910997,383.6413260017606,381.2450839830838,382.056884765625,294100,461.5847473144531,93.0,1.0,1.0,1.0,1.0,0.0005944047232211025,0.0006266899193524878,,0,1.0,21.0
2023-12-29,382.0569047215005,384.8150217532584,380.2083699509138,381.9884338378906,578600,460.2484436035156,91.0,1.0,1.0,1.0,1.0,0.0006042039227636835,0.0005780286626948668,,0,1.0,22.0
2024-01-02,377.5578974109318,380.0519212758679,371.2885724550595,373.4305114746094,736100,457.6727294921875,95.0,1.0,1.0,1.0,1.0,0.0005314292242443228,0.0005429756923422497,,1,1.0,23.0
2024-01-03,370.96576621895935,371.57215436132515,365.38106156422907,366.994873046875,791000,453.93505859375,97.0,1.0,4.0,1.0,2.0,0.00043287612863416306,0.0005615111456853036,,0,2.0,24.0
2024-01-04,367.6110155877588,370.2811112360389,366.11459557225953,366.2710876464844,640400,452.47283935546875,95.0,1.0,4.0,1.0,2.0,0.00031133618084374206,0.0005874438234616106,,0,2.0,25.0
2024-01-05,366.1244277587614,368.27615671703853,362.27089580027433,363.5325927734375,738400,453.09259033203125,94.0,1.0,4.0,1.0,2.0,0.00023208403656658277,0.0005944047232211025,,0,2.0,26.0
2024-01-08,364.9018555357398,368.37396221621805,363.84557123961383,367.45458984375,846300,459.56097412109375,94.0,1.0,4.0,1.0,2.0,0.00020051117487435705,0.0006042039227636835,,0,2.0,27.0
2024-01-09,364.32479624545533,366.88729070782693,363.20980133402225,364.8822937011719,835800,458.86370849609375,93.0,1.0,4.0,1.0,2.0,0.00017999001190266103,0.0005314292242443228,,0,2.0,28.0
2024-01-10,366.82859216257623,368.40327316956365,364.36390910341845,368.32501220703125,698800,461.4587707519531,93.0,1.0,4.0,1.0,2.0,0.0002003806037641456,0.00043287612863416306,,0,2.0,29.0
2024-01-11,368.23702201072297,368.550006191578,362.8870699259773,368.5304260253906,984400,461.2554931640625,91.0,1.0,4.0,1.0,2.0,0.0002181118058776054,0.00031133618084374206,,0,2.0,30.0
2024-01-12,371.51348426627686,371.66018626497686,367.6208220964996,371.4548034667969,475000,461.5750732421875,91.0,1.0,4.0,1.0,2.0,0.0002520795974705556,0.00023208403656658277,,0,2.0,31.0
2024-01-16,368.2370353460427,373.557647222002,367.6795378501706,373.3522644042969,667700,459.88043212890625,90.0,1.0,4.0,1.0,2.0,0.00026497261209907475,0.00020051117487435705,,0,2.0,32.0
2024-01-17,370.69193943674827,375.27901116618114,370.69193943674827,372.912109375,536200,457.3241271972656,88.0,1.0,4.0,1.0,2.0,0.0002702774936042774,0.00017999001190266103,,0,2.0,33.0
2024-01-18,372.892522170461,376.012513844482,370.77992396233384,374.7899475097656,500900,461.3909606933594,87.0,1.0,4.0,1.0,2.0,0.000284387263610173,0.0002003806037641456,,0,2.0,34.0
2024-01-19,377.0003794597837,379.61179464614,374.9758320128993,378.35009765625,582200,467.14276123046875,87.0,1.0,4.0,1.0,2.0,0.00030921100725212104,0.0002181118058776054,,0,2.0,35.0
2024-01-22,379.103198721281,381.8711060811045,378.6044118697485,380.25732421875,681000,468.1304931640625,86.0,1.0,4.0,1.0,2.0,0.0003560022359183239,0.0002520795974705556,,0,2.0,36.0
2024-01-23,381.5091922379982,381.5091922379982,376.81451929724517,381.2646789550781,434400,469.4958190917969,85.0,1.0,1.0,1.0,1.0,0.000383764336000997,0.00026497261209907475,,0,1.0,37.0
2024-01-24,382.88829041438987,383.48488855959056,380.9712845872106,381.382080078125,450300,470.009033203125,83.0,1.0,1.0,1.0,1.0,0.0004279529497239765,0.0002702774936042774,,0,1.0,38.0
2024-01-25,382.8882887726278,384.1597460309972,380.912602147763,383.98370361328125,413600,472.56536865234375,83.0,1.0,1.0,1.0,1.0,0.00047909957423725337,0.000284387263610173,,0,1.0,39.0
2024-01-26,383.75863633100784,384.110750918561,380.4039218312663,380.7462463378906,417700,471.9650573730469,82.0,1.0,1.0,1.0,1.0,0.0005024340442359626,0.00030921100725212104,,0,1.0,40.0
2024-01-29,380.18883763000036,382.80025278321875,377.1959972531249,382.682861328125,649100,475.70269775390625,81.0,1.0,1.0,1.0,1.0,0.0004869722959147136,0.0003560022359183239,,0,1.0,41.0
2024-01-30,383.39686227183586,388.55119199645026,382.4090189682529,387.8078918457031,716400,475.33477783203125,82.0,1.0,1.0,1.0,1.0,0.0004714237078856918,0.000383764336000997,,0,1.0,42.0
2024-01-31,388.6490153301894,390.595331747156,382.9078475260749,383.4360046386719,614600,467.5785827636719,82.0,1.0,1.0,1.0,1.0,0.00045784984060523367,0.0004279529497239765,,0,1.0,43.0
2024-02-01,383.3870272013279,393.70550537109375,382.40897409601234,393.70550537109375,652600,473.69830322265625,89.0,1.0,1.0,1.0,1.0,0.0004794247844059432,0.00047909957423725337,,0,1.0,44.0
2024-02-02,391.22126290075994,394.32170454228645,385.68547844897654,390.8300476074219,682700,478.6850891113281,88.0,1.0,1.0,1.0,1.0,0.0004729881556206675,0.0005024340442359626,,0,1.0,45.0
2024-02-05,387.85672705387844,390.54637302413437,384.5509028675141,388.27728271484375,727800,476.9421081542969,87.0,1.0,1.0,1.0,1.0,0.0004928508771250969,0.0004869722959147136,,0,1.0,46.0
2024-02-06,388.84460997264136,389.53901937311866,386.1060431596953,389.3140563964844,401000,478.32684326171875,86.0,1.0,1.0,1.0,1.0,0.000504196025752467,0.0004714237078856918,,0,1.0,47.0
2024-02-07,392.86437169621456,397.3829723535753,390.57573096772586,395.9648132324219,779400,482.3162536621094,88.0,1.0,1.0,1.0,1.0,0.0005404149929473623,0.00045784984060523367,,0,1.0,48.0
2024-02-08,391.4266564156041,391.82766180278634,384.76611662031524,389.2651672363281,720900,482.529296875,90.0,1.0,1.0,3.0,3.0,0.0005470129661742071,0.0004794247844059432,,0,1.0,49.0
2024-02-09,389.2651474084765,396.4440538317093,387.42640274054514,396.2778015136719,939500,485.31805419921875,92.0,1.0,1.0,3.0,3.0,0.0005642981934691539,0.0004729881556206675,,0,1.0,50.0
2024-02-12,398.65445837156733,398.67400868878866,392.19930179883204,392.2873229980469,1026600,485.1050109863281,91.0,1.0,1.0,3.0,3.0,0.000554121922935674,0.0004928508771250969,,0,1.0,51.0
2024-02-13,370.12462699629253,377.3426636407136,357.73271094991117,361.1265563964844,2001900,478.4236145019531,144.0,1.0,4.0,4.0,6.0,0.0004213599700670708,0.000504196025752467,,1,2.0,52.0
2024-02-14,361.8797488545291,363.47398063189087,355.5126118301375,358.43701171875,1422700,482.7713623046875,142.0,1.0,4.0,4.0,6.0,0.00025797541964998796,0.0005404149929473623,,0,2.0,53.0
2024-02-15,359.90401411944794,367.46434597636346,359.90401411944794,365.0485534667969,1262400,486.10235595703125,142.0,1.0,4.0,4.0,6.0,0.00012907973533028848,0.0005470129661742071,,0,2.0,54.0
2024-02-16,364.0216252791031,367.2981094901175,360.6962503468946,362.6230163574219,985700,483.6816101074219,141.0,1.0,4.0,4.0,6.0,0.00014026354813707334,0.0005642981934691539,,0,2.0,55.0
2024-02-20,361.3515092668141,367.8066660411181,360.1680733099993,367.0829162597656,964900,481.01873779296875,140.0,1.0,4.0,4.0,6.0,0.0001736189757825215,0.000554121922935674,,0,2.0,56.0
2024-02-21,365.60596533593394,368.745506900683,363.6107289906492,367.6109619140625,719100,481.4544372558594,137.0,1.0,4.0,4.0,6.0,0.00017143077469450516,0.0004213599700670708,,0,2.0,57.0
2024-02-22,372.97317604179506,376.6491888933795,370.3754363609667,374.3651428222656,790300,491.4184265136719,138.0,1.0,4.0,4.0,6.0,0.00019919614508165934,0.00025797541964998796,,0,2.0,58.0
2024-02-23,375.37481708793206,378.9037953828414,375.37481708793206,377.9039306640625,549100,491.75732421875,136.0,1.0,4.0,4.0,6.0,0.00022178618377575231,0.00012907973533028848,,0,2.0,59.0
2024-02-26,378.2567919339533,379.36450185504356,372.3947962966659,372.6202392578125,536700,489.95623779296875,136.0,1.0,4.0,4.0,6.0,0.0002326895297408227,0.00014026354813707334,,0,2.0,60.0
2024-02-27,372.2183267450797,372.2183267450797,368.3070588769968,370.2185974121094,548000,490.8664855957031,134.0,1.0,4.0,4.0,6.0,0.00021532374166174134,0.0001736189757825215,,1,2.0,61.0
2024-02-28,369.65980122946536,373.855355385948,369.1598539859369,372.3653259277344,538500,490.2176818847656,132.0,1.0,4.0,4.0,6.0,0.0001925226367327312,0.00017143077469450516,,0,2.0,62.0
2024-02-29,373.4142388510607,376.26682810219177,370.8949378055492,371.9340515136719,1690200,491.97998046875,130.0,1.0,4.0,4.0,6.0,0.0001893420308265282,0.00019919614508165934,,0,2.0,63.0
2024-03-01,370.92434019966413,376.08053950861904,370.0616979049594,374.5023193359375,617200,496.598876953125,129.0,1.0,4.0,4.0,6.0,0.0002038720118398016,0.00022178618377575231,,0,2.0,64.0
2024-03-04,371.5223023258783,376.9137869242749,370.16952504016996,374.9532470703125,795100,496.0663146972656,127.0,1.0,4.0,4.0,6.0,0.0002129266896725888,0.0002326895297408227,,0,2.0,65.0
2024-03-05,373.30640077269544,377.2961065552204,372.7966412647682,374.9532470703125,796100,491.1085510253906,125.0,1.0,4.0,4.0,6.0,0.00022204858084547596,0.00021532374166174134,,0,2.0,66.0
2024-03-06,375.747285640284,381.92297458096465,375.747285640284,381.35443115234375,816800,493.59710693359375,125.0,1.0,1.0,4.0,5.0,0.0002274939880193853,0.0001925226367327312,,0,2.0,67.0
2024-03-07,385.2363409390363,386.69696374539154,381.4917318547577,383.8541564941406,672100,498.4967041015625,124.0,1.0,1.0,4.0,5.0,0.000236715865303404,0.0001893420308265282,,0,2.0,68.0
2024-03-08,384.3834324605992,385.44214071643853,378.68806667469346,379.374267578125,493400,495.50469970703125,123.0,1.0,1.0,4.0,5.0,0.0002461449762612587,0.0002038720118398016,,0,2.0,69.0
2024-03-11,378.3253876303739,379.1194038981775,375.3159516983226,377.25689697265625,411000,495.0785827636719,121.0,1.0,1.0,3.0,3.0,0.00024389661646343768,0.0002129266896725888,,0,1.0,70.0
2024-03-12,379.7075952348292,383.0601019241221,377.42354935358514,381.25640869140625,337400,500.4043884277344,120.0,1.0,1.0,3.0,3.0,0.0002555051660697941,0.00022204858084547596,,0,1.0,71.0
2024-03-13,381.6582980553337,383.55021187571265,379.44287839937755,381.3446044921875,339900,499.6199951171875,118.0,1.0,1.0,3.0,3.0,0.0002653721293916055,0.0002274939880193853,,0,1.0,72.0
2024-03-14,380.63884181902824,384.24625827595156,373.4828825448544,375.8453369140625,457100,498.63232421875,118.0,1.0,1.0,3.0,3.0,0.0002827558615003761,0.000236715865303404,,0,1.0,73.0
2024-03-15,371.24783448116267,378.2763831442052,371.24783448116267,376.58050537109375,1153100,495.2084045410156,117.0,1.0,1.0,3.0,3.0,0.00027244199102996214,0.0002461449762612587,,0,1.0,74.0
2024-03-18,378.2763913551374,381.4916756454346,376.07078393271036,376.5020751953125,797900,498.15155029296875,115.0,1.0,1.0,3.0,3.0,0.00026992178478774744,0.00024389661646343768,,0,1.0,75.0
2024-03-19,377.7960429679834,382.09944252433274,377.0216213102017,379.560546875,689900,500.91973876953125,114.0,1.0,1.0,3.0,3.0,0.0002908882637066776,0.0002555051660697941,,0,1.0,76.0
2024-03-20,380.92307595066563,383.07968169175285,378.85472082597744,382.5111083984375,568000,505.5529479980469,113.0,1.0,1.0,3.0,3.0,0.0003341397138866243,0.0002653721293916055,,0,1.0,77.0
2024-03-21,386.22635956035924,387.9810511438291,383.31495661781616,387.81439208984375,732600,507.2237243652344,112.0,1.0,1.0,3.0,3.0,0.0003704284013472809,0.0002827558615003761,,0,1.0,78.0
2024-03-22,389.6768936314699,390.14743396964366,379.93300808833766,379.9918518066406,495200,506.2620849609375,114.0,1.0,1.0,3.0,3.0,0.00036893665563967807,0.00027244199102996214,,0,1.0,79.0
2024-03-25,379.09002768565813,380.6486534455061,377.40396203527143,378.9429931640625,728500,504.8634338378906,113.0,1.0,1.0,3.0,3.0,0.0003454715314021377,0.00026992178478774744,,0,1.0,80.0
2024-03-26,380.80544957946876,384.26580113284757,378.6880630037791,383.2071228027344,736200,503.930908203125,112.0,1.0,1.0,3.0,3.0,0.00035898268391163895,0.0002908882637066776,,0,1.0,81.0
2024-03-27,387.0203680969272,388.1868917051369,379.8153781390042,382.54052734375,470000,508.1658935546875,110.0,1.0,1.0,3.0,3.0,0.00042296244598014803,0.0003341397138866243,,0,1.0,82.0
2024-03-28,384.5697171064027,387.7359999413877,383.44241260180866,385.2755126953125,566200,508.0687561035156,109.0,1.0,1.0,3.0,3.0,0.0005138015776074349,0.0003704284013472809,,0,1.0,83.0
2024-04-01,386.2264066566112,390.3043337279179,384.834409997733,386.11859130859375,698200,507.18487548828125,108.0,1.0,1.0,3.0,3.0,0.0005517478412079721,0.00036893665563967807,,0,1.0,84.0
2024-04-02,387.4811167764401,387.4811167764401,380.91329593953054,383.48162841796875,1181500,503.9600524902344,106.0,1.0,1.0,3.0,3.0,0.0005480828858317352,0.0003454715314021377,,0,1.0,85.0
2024-04-03,383.5012434356092,386.3342082744097,382.7562286377181,384.6971740722656,623400,504.5135803222656,105.0,1.0,1.0,3.0,3.0,0.0005186886056684057,0.00035898268391163895,,0,1.0,86.0
2024-04-04,387.8045682495563,394.44101474628553,383.47179196075683,383.84429931640625,892600,498.3554992675781,103.0,1.0,1.0,3.0,3.0,0.0004965774195717021,0.00042296244598014803,,0,1.0,87.0
2024-04-05,383.2071255912347,386.0204954406697,380.1290637207479,384.7265319824219,619700,503.5617980957031,102.0,1.0,1.0,3.0,3.0,0.00048210799965719384,0.0005138015776074349,,0,1.0,88.0
2024-04-08,385.7068461628249,390.45134947218975,384.59913625318495,388.25555419921875,698900,503.8434143066406,101.0,1.0,1.0,3.0,3.0,0.0004912668968141905,0.0005517478412079721,,0,1.0,89.0
2024-04-09,393.1470507020853,393.1470507020853,386.5302287592503,390.03961181640625,398800,504.4262390136719,100.0,1.0,1.0,1.0,1.0,0.0005175053593686837,0.0005480828858317352,,0,1.0,90.0
2024-04-10,381.9720193384063,384.0011854582187,376.46290661600955,376.8746032714844,591500,499.3753662109375,109.0,1.0,1.0,1.0,1.0,0.0004854881851543351,0.0005186886056684057,,1,1.0,91.0
2024-04-11,377.22753660126847,379.0900437565276,374.0122519590464,375.9825744628906,661600,503.1440734863281,107.0,1.0,4.0,1.0,2.0,0.00045303323497194884,0.0004965774195717021,,0,2.0,92.0
2024-04-12,372.77712700997824,374.5121943852644,368.444319835724,369.71868896484375,624400,496.19915771484375,108.0,1.0,4.0,1.0,2.0,0.0003978400576203681,0.00048210799965719384,,0,2.0,93.0
2024-04-15,374.4337436153242,377.02164093198166,364.63104333994374,366.1700744628906,771600,489.9827575683594,107.0,1.0,4.0,1.0,2.0,0.0003874215202956417,0.0004912668968141905,,0,2.0,94.0
2024-04-16,365.63088661633395,367.83649404931043,362.9841756460415,363.4154968261719,900000,489.0890808105469,106.0,1.0,4.0,1.0,2.0,0.0003572682140954815,0.0005175053593686837,,0,2.0,95.0
2024-04-17,367.6012595278518,370.91457700020425,365.9053816143285,368.003173828125,576000,486.19451904296875,106.0,1.0,4.0,1.0,2.0,0.0003648256801776074,0.0004854881851543351,,0,2.0,96.0
2024-04-18,369.748001868263,372.47315096338224,362.1313155994115,367.2091064453125,789600,485.19415283203125,105.0,1.0,4.0,1.0,2.0,0.0003483861609791363,0.00045303323497194884,,0,2.0,97.0
2024-04-19,368.561922292134,368.94421203289943,364.01345517068916,367.27777099609375,820300,480.95916748046875,103.0,1.0,4.0,1.0,2.0,0.00034795672852719887,0.0003978400576203681,,0,2.0,98.0
2024-04-22,369.16969980632166,372.9633400413442,367.4051958005309,371.7772216796875,504900,485.3883972167969,103.0,1.0,4.0,1.0,2.0,0.0003688147357328721,0.0003874215202956417,,0,2.0,99.0
2024-04-23,371.5223222616849,376.1099785864182,369.6598152835717,374.6297912597656,572200,491.1483459472656,102.0,1.0,4.0,1.0,2.0,0.00042698362879078043,0.0003572682140954815,,0,2.0,100.0
2024-04-24,373.76715905628555,374.95327738750757,370.1499603400158,373.688720703125,582500,490.9151916503906,100.0,1.0,4.0,1.0,2.0,0.00046874709123036597,0.0003648256801776074,,0,2.0,101.0
2024-04-25,372.5025878692015,373.4142317598012,365.2780029909496,367.7776794433594,897800,489.0502624511719,101.0,1.0,4.0,1.0,2.0,0.00043104889738742534,0.0003483861609791363,,0,2.0,102.0
2024-04-26,367.55224245604813,371.51251165215484,364.63102713424735,368.7089538574219,718500,493.6834716796875,100.0,1.0,4.0,1.0,2.0,0.00036622823616466933,0.00034795672852719887,,0,2.0,103.0
2024-04-29,369.0912361971667,370.5420465139316,364.68983363030725,367.2287292480469,966200,495.43182373046875,99.0,1.0,4.0,1.0,2.0,0.00029323234829781137,0.0003688147357328721,,0,2.0,104.0
2024-04-30,364.9741647917649,366.79745278826596,362.1705767959637,363.0234069824219,1116100,487.58349609375,98.0,1.0,4.0,1.0,2.0,0.0002354069975944562,0.00042698362879078043,,0,2.0,105.0
2024-05-01,362.56262083404044,370.1597127681489,362.2685518221316,365.5328674316406,944500,486.00030517578125,97.0,1.0,4.0,1.0,2.0,0.0001970697615903635,0.00046874709123036597,,0,2.0,106.0
2024-05-02,361.5627937889077,370.19897034835145,352.94621186046936,368.9736328125,1346800,490.5461120605469,97.0,1.0,4.0,1.0,2.0,0.00017558664757237204,0.00043104889738742534,,0,2.0,107.0
2024-05-03,373.4828653773519,375.3845915470513,370.44402243187085,373.0515441894531,793000,496.6265869140625,96.0,1.0,4.0,1.0,2.0,0.0001781898474181604,0.00036622823616466933,,0,2.0,108.0
2024-05-06,374.9826505407581,380.3055090158554,374.33566880501405,380.0506591796875,781300,501.75518798828125,98.0,1.0,4.0,1.0,2.0,0.00021027785443012128,0.00029323234829781137,,0,2.0,109.0
2024-05-07,382.30528748004684,386.75572151063204,381.1191691952211,386.19696044921875,753600,502.3087463378906,99.0,1.0,4.0,1.0,2.0,0.0002671938807758955,0.0002354069975944562,,0,2.0,110.0
2024-05-08,387.0399670864017,388.88287935930947,385.96169408522184,388.1280822753906,550800,502.35736083984375,98.0,1.0,4.0,1.0,2.0,0.00030226102628173944,0.0001970697615903635,,0,2.0,111.0
2024-05-09,387.87320294984744,394.1959560334404,386.2361689015665,393.6077880859375,560400,505.2518310546875,98.0,1.0,1.0,1.0,1.0,0.00033477206135369854,0.00017558664757237204,,0,1.0,112.0
2024-05-10,395.3036694655796,396.0682788296818,392.019759151186,392.4510803222656,667300,505.90264892578125,97.0,1.0,1.0,1.0,1.0,0.0003253955383526167,0.0001781898474181604,,0,1.0,113.0
2024-05-13,393.3726137135296,394.8233943779876,389.5985676832172,389.6377868652344,354300,505.97064208984375,96.0,1.0,1.0,1.0,1.0,0.00031415347862654195,0.00021027785443012128,,0,1.0,114.0
2024-05-14,391.54920061706315,394.490010329379,386.87332394404774,394.1665344238281,749700,508.29205322265625,96.0,1.0,1.0,1.0,1.0,0.00029166543211953496,0.0002671938807758955,,0,1.0,115.0
2024-05-15,396.42119788959394,405.88079778526264,395.5487731107046,401.81268310546875,808300,514.5863037109375,98.0,1.0,1.0,1.0,1.0,0.00030177556542016376,0.00030226102628173944,,0,1.0,116.0
2024-05-16,401.4885015647429,407.1564019274002,401.4885015647429,404.7301025390625,541500,513.5274658203125,97.0,1.0,1.0,1.0,1.0,0.00034148803873494844,0.00033477206135369854,,0,1.0,117.0
2024-05-17,406.3902210454771,407.00907925261254,402.12701225787055,406.5965270996094,875000,514.2657470703125,96.0,1.0,1.0,1.0,1.0,0.0003792083424331265,0.0003253955383526167,,0,1.0,118.0
2024-05-20,404.8185639281882,406.8912474941603,403.7675181159126,405.27044677734375,420400,514.858154296875,95.0,1.0,1.0,1.0,1.0,0.00039184070079858563,0.00031415347862654195,,0,1.0,119.0
2024-05-21,405.0936482031687,407.92266753172584,403.0897332816773,405.64373779296875,485600,516.1209716796875,93.0,1.0,1.0,1.0,1.0,0.0003952091673178207,0.00029166543211953496,,0,1.0,120.0
2024-05-22,405.84020181647,410.3588207998592,405.16240747007987,407.7458801269531,820900,514.634765625,92.0,1.0,1.0,1.0,1.0,0.00042367782117472475,0.00030177556542016376,,0,1.0,121.0
2024-05-23,407.9913742006696,408.30571962637737,399.35688752204794,399.8185729980469,707800,510.8758239746094,95.0,1.0,1.0,1.0,1.0,0.0004211851750758923,0.00034148803873494844,,0,1.0,122.0
2024-05-24,400.8402282317305,404.22919967892585,399.1310234901712,403.3352966308594,498500,514.2560424804688,94.0,1.0,1.0,1.0,1.0,0.00043380029978867064,0.0003792083424331265,,0,1.0,123.0
2024-05-28,402.49043948032823,402.61814418005224,396.58679510470756,398.6201477050781,545900,514.6152954101562,94.0,1.0,1.0,1.0,1.0,0.00039556717746114245,0.00039184070079858563,,0,1.0,124.0
2024-05-29,393.82656992089176,397.3137480834704,392.7165581178214,392.8049621582031,656100,511.0118408203125,95.0,1.0,1.0,1.0,1.0,0.0003758744649181281,0.0003952091673178207,,0,1.0,125.0
2024-05-30,392.23516542448954,392.6772155568814,388.0112573982943,388.5024108886719,704100,507.6219177246094,95.0,1.0,1.0,1.0,1.0,0.0003176838449577203,0.00042367782117472475,,1,1.0,126.0
2024-05-31,388.13895736291386,391.6556031209208,386.70479758225923,389.9660339355469,2244100,512.2454223632812,93.0,1.0,4.0,1.0,2.0,0.00028624051923038254,0.0004211851750758923,,0,2.0,127.0
2024-06-03,391.16447106329423,394.77938368934633,388.4729594142984,394.5436096191406,660100,512.6631469726562,93.0,1.0,4.0,1.0,2.0,0.0002892070965217539,0.00043380029978867064,,0,2.0,128.0
2024-06-04,394.64184198696233,400.20170327101414,394.00334842482454,399.30780029296875,611500,513.2362060546875,93.0,1.0,4.0,1.0,2.0,0.00031666018998445896,0.00039556717746114245,,0,2.0,129.0
2024-06-05,399.7596512762083,402.99144972379327,395.94829529166225,402.8539123535156,482300,519.3360595703125,93.0,1.0,4.0,1.0,2.0,0.0003340380009398227,0.0003758744649181281,,0,2.0,130.0
2024-06-06,403.45315337036016,404.20951900802856,398.7282588510996,399.6221618652344,577600,519.3262939453125,92.0,1.0,4.0,1.0,2.0,0.00030890597495309146,0.0003176838449577203,,0,2.0,131.0
2024-06-07,396.42966833235306,399.6614369834679,394.96601042471633,396.557373046875,631500,518.6950073242188,91.0,1.0,4.0,1.0,2.0,0.00028273428805275584,0.00028624051923038254,,0,2.0,132.0
2024-06-10,395.19192807219434,395.8304216287692,392.6870572050041,394.7498779296875,562300,520.297607421875,90.0,1.0,4.0,1.0,2.0,0.0002514362973209873,0.0002892070965217539,,0,2.0,133.0
2024-06-11,392.92281546823205,396.42965879091764,391.8226363813421,396.18408203125,485600,521.5505981445312,89.0,1.0,4.0,1.0,2.0,0.0002561777517606219,0.00031666018998445896,,0,2.0,134.0
2024-06-12,400.87948195761913,409.03261784817806,398.7576952971374,404.7694091796875,744600,525.8341064453125,92.0,1.0,4.0,1.0,2.0,0.0003016289343571687,0.0003340380009398227,,0,2.0,135.0
2024-06-13,403.7282314579439,404.6319672100041,400.6339699860924,403.3549499511719,481300,526.8930053710938,91.0,1.0,4.0,1.0,2.0,0.00035598686432419726,0.00030890597495309146,,0,2.0,136.0
2024-06-14,400.18201353367397,401.16432041195867,395.14277445165305,400.8990783691406,462000,527.2135009765625,90.0,1.0,4.0,1.0,2.0,0.00037881075291311595,0.00028273428805275584,,0,2.0,137.0
2024-06-17,400.2213213240536,405.73207901042514,399.6515964719927,405.0149841308594,437600,531.4095458984375,90.0,1.0,4.0,1.0,2.0,0.0003643248257748214,0.0002514362973209873,,0,2.0,138.0
2024-06-18,404.95604120643236,413.4136896789954,404.71046446828416,412.6474914550781,809000,532.7597045898438,92.0,1.0,1.0,1.0,1.0,0.00035360593458416033,0.0002561777517606219,,0,1.0,139.0
2024-06-20,412.6573783090541,416.48836993173984,410.51595606581344,415.23101806640625,761700,531.3124389648438,91.0,1.0,1.0,1.0,1.0,0.00036193004364150436,0.0003016289343571687,,0,1.0,140.0
2024-06-21,415.3783461725568,416.10527377679466,412.3233856260324,414.425537109375,1037300,530.6001586914062,90.0,1.0,1.0,1.0,1.0,0.00035801231105144675,0.00035598686432419726,,0,1.0,141.0
2024-06-24,415.5354918833958,421.2034223981812,413.0797244097814,418.1091613769531,534500,528.8753662109375,89.0,1.0,1.0,1.0,1.0,0.00035123061511957735,0.00037881075291311595,,0,1.0,142.0
2024-06-25,418.5118731327119,420.11303829235703,415.5846175439112,419.9656982421875,528100,530.9119262695312,88.0,1.0,1.0,1.0,1.0,0.0003776575721780766,0.0003643248257748214,,0,1.0,143.0
2024-06-26,416.74377117008794,416.74377117008794,410.30967190324094,412.2349853515625,933400,531.5745849609375,90.0,1.0,1.0,1.0,1.0,0.0003965753592617785,0.00035360593458416033,,0,1.0,144.0
2024-06-27,412.0875920563374,413.25653970765626,408.96383321881433,411.9795227050781,526100,532.41259765625,89.0,1.0,1.0,1.0,1.0,0.0004023403534063638,0.00036193004364150436,,0,1.0,145.0
2024-06-28,411.99918930035835,417.31344345687256,411.28209444336875,413.4824523925781,923600,530.3175048828125,88.0,1.0,1.0,1.0,1.0,0.00037715659584189044,0.00035801231105144675,,0,1.0,146.0
2024-07-01,416.5275996944766,420.024609911367,410.90880294526585,414.03253173828125,668400,531.4088745117188,87.0,1.0,1.0,1.0,1.0,0.0003567447175237557,0.00035123061511957735,,0,1.0,147.0
2024-07-02,413.53165274807606,419.06201652646524,410.72223886051296,418.47265625,401500,534.9852294921875,87.0,1.0,1.0,1.0,1.0,0.0003619918127961714,0.0003776575721780766,,0,1.0,148.0
2024-07-03,418.07966044474955,419.7888949791378,417.9126850451925,418.45294189453125,195500,537.3726196289062,85.0,1.0,1.0,1.0,1.0,0.00036780890026275325,0.0003965753592617785,,0,1.0,149.0
2024-07-05,418.45294600269233,425.12281887327964,415.7614344369816,424.6120300292969,536900,540.4713745117188,86.0,1.0,1.0,1.0,1.0,0.0004050766258292638,0.0004023403534063638,,0,1.0,150.0
2024-07-08,425.1227925444033,426.4587455593868,423.05994199307236,424.8477478027344,499100,541.0950927734375,85.0,1.0,1.0,1.0,1.0,0.00041715819600348535,0.00037715659584189044,,0,1.0,151.0
2024-07-09,428.0893853366733,429.56284585982974,425.19159762771085,428.23675537109375,375100,541.6212158203125,85.0,1.0,1.0,1.0,1.0,0.0004566441366592869,0.0003567447175237557,,0,1.0,152.0
2024-07-10,429.11101989268366,429.58253808156223,423.1484087410325,429.5530700683594,573400,546.980712890625,83.0,1.0,1.0,1.0,1.0,0.0004788546159570937,0.0003619918127961714,,0,1.0,153.0
2024-07-11,432.2641982739246,435.93804696547704,431.28189124003075,435.4075927734375,637100,542.2643432617188,84.0,1.0,1.0,1.0,1.0,0.0005358795231336508,0.00036780890026275325,,0,1.0,154.0
2024-07-12,436.9400124705377,443.20713647485144,436.0363067390059,438.0893249511719,786400,545.6846313476562,83.0,1.0,1.0,1.0,1.0,0.0005873415860902065,0.0004050766258292638,,0,1.0,155.0
2024-07-15,440.3878718154611,441.6255582236381,438.09907976798087,438.7965393066406,673800,547.1854858398438,82.0,1.0,1.0,1.0,1.0,0.0006461547156348782,0.00041715819600348535,,0,1.0,156.0
2024-07-16,443.32497390877114,444.59215834433274,440.74150167824206,444.35638427734375,770900,550.4302368164062,83.0,1.0,1.0,1.0,1.0,0.0006918296911930969,0.0004566441366592869,,0,1.0,157.0
2024-07-17,443.020440922638,450.1323337517032,440.0833526920677,447.9810791015625,908800,542.7125244140625,82.0,1.0,1.0,1.0,1.0,0.0007243509714880544,0.0004788546159570937,,0,1.0,158.0
2024-07-18,443.6098032514524,449.14999859427166,440.5351778496045,440.8887939453125,847000,538.5418090820312,84.0,1.0,1.0,1.0,1.0,0.0006936157513843235,0.0005358795231336508,,0,1.0,159.0
2024-07-19,443.39370613250156,443.39370613250156,433.7179768923474,434.31719970703125,1314800,534.9656982421875,85.0,1.0,1.0,1.0,1.0,0.0006183378592606138,0.0005873415860902065,,0,1.0,160.0
2024-07-22,437.7650665010043,442.40155629470974,435.6727479955799,442.3917236328125,1222800,540.4810180664062,88.0,1.0,1.0,1.0,1.0,0.0005644640603503682,0.0006461547156348782,,0,1.0,161.0
2024-07-23,442.2640811758568,449.5724474850822,432.2150700062644,443.89471435546875,1449600,539.6332397460938,86.0,1.0,1.0,1.0,1.0,0.0005710572681962432,0.0006918296911930969,,0,1.0,162.0
2024-07-24,443.02044166317387,444.58230614178837,423.3841350058006,426.13458251953125,1281900,527.4039306640625,102.0,1.0,1.0,4.0,5.0,0.0005268474344789976,0.0007243509714880544,,0,2.0,163.0
2024-07-25,428.25637520735023,439.40556542425287,428.2072718494094,429.47442626953125,1073200,524.6558227539062,101.0,1.0,1.0,4.0,5.0,0.0004478448117836165,0.0006936157513843235,,0,2.0,164.0
2024-07-26,432.3133225473085,444.6117955618333,431.9105730745412,440.8102722167969,884300,530.5318603515625,105.0,1.0,1.0,4.0,5.0,0.000382684762489974,0.0006183378592606138,,0,2.0,165.0
2024-07-29,441.9595684182888,444.0027537409218,438.3250206112161,442.1953125,567900,530.8436889648438,104.0,1.0,1.0,4.0,5.0,0.00040964245671615187,0.0005644640603503682,,0,2.0,166.0
2024-07-30,446.72367691221405,450.9279490455052,442.68641013415026,449.9554748535156,1009000,528.1541748046875,105.0,1.0,1.0,4.0,5.0,0.00046852920796960305,0.0005710572681962432,,0,2.0,167.0
2024-07-31,454.46435165954324,454.4741843229066,445.9281009785648,448.4035339355469,918500,536.7392578125,104.0,1.0,1.0,4.0,5.0,0.0004831266050131242,0.0005268474344789976,,0,2.0,168.0
2024-08-01,450.4859275180456,453.59982344585285,448.6686538495665,452.7255859375,1086200,529.1384887695312,103.0,1.0,1.0,4.0,5.0,0.0004973503976639675,0.0004478448117836165,,0,2.0,169.0
2024-08-02,448.5115979914877,453.71784364056754,441.9203257030795,452.4408264160156,1283800,519.2867431640625,101.0,1.0,1.0,4.0,5.0,0.00047227865763695446,0.000382684762489974,,0,2.0,170.0
2024-08-05,444.8475281758488,444.8475281758488,431.4587091112373,432.382080078125,1326100,504.1631774902344,117.0,1.0,1.0,4.0,5.0,0.00039971960072467697,0.00040964245671615187,,0,2.0,171.0
2024-08-06,435.16202284339533,447.53909766020115,435.16202284339533,441.07550048828125,879900,508.8113098144531,119.0,1.0,4.0,4.0,6.0,0.0003796428972162359,0.00046852920796960305,,0,2.0,172.0
2024-08-07,444.1992571605067,453.7963861856878,442.5293231951327,443.069580078125,713800,505.4104309082031,117.0,1.0,4.0,4.0,6.0,0.00038387719951029096,0.0004831266050131242,,0,2.0,173.0
2024-08-08,443.2365655654885,452.93193085526985,442.04798248969064,451.6451110839844,630000,517.0941162109375,118.0,1.0,4.0,4.0,6.0,0.00048031330042450516,0.0004973503976639675,,0,2.0,174.0
2024-08-09,451.7924445655661,457.0674282803366,449.8965992785214,456.7039794921875,649000,519.3744506835938,118.0,1.0,4.0,4.0,6.0,0.0005309056485837059,0.00047227865763695446,,0,2.0,175.0
2024-08-12,456.5762754034677,456.7727487918496,451.3995283757736,452.4309387207031,581200,519.6472778320312,117.0,1.0,4.0,4.0,6.0,0.0005515736830510857,0.00039971960072467697,,0,2.0,176.0
2024-08-13,456.02616432469875,458.6587697074274,453.78650570015236,456.2521057128906,893100,528.1932373046875,115.0,1.0,1.0,4.0,5.0,0.0005617203676449553,0.0003796428972162359,,0,2.0,177.0
2024-08-14,456.17359524199225,458.76687032192183,453.6686942235332,457.9024353027344,807100,529.8594970703125,114.0,1.0,1.0,4.0,5.0,0.0005419941444301568,0.00038387719951029096,,0,2.0,178.0
2024-08-15,458.3248009369356,461.4681954244662,456.78260168260107,458.8552551269531,528100,538.9414672851562,112.0,1.0,1.0,4.0,5.0,0.0005421016287376039,0.00048031330042450516,,0,2.0,179.0
2024-08-16,459.1898293355786,460.4790249970666,456.3359519128793,459.298095703125,429700,540.149658203125,111.0,1.0,1.0,4.0,5.0,0.0005317211201319611,0.0005309056485837059,,0,2.0,180.0
2024-08-19,460.47902012045404,464.43508215838716,459.97712067100224,462.6046447753906,479800,545.3143920898438,109.0,1.0,1.0,4.0,5.0,0.0005504697431284506,0.0005515736830510857,,0,2.0,181.0
2024-08-20,464.33666541484337,466.9937412764125,463.0179780716054,466.0096435546875,601800,544.4275512695312,108.0,1.0,1.0,4.0,5.0,0.0005716761277029596,0.0005617203676449553,,0,2.0,182.0
2024-08-21,465.4093493294373,469.2571751988902,463.93320268023814,467.9089660644531,527900,546.298583984375,107.0,1.0,1.0,4.0,5.0,0.0005980695397889615,0.0005419941444301568,,0,2.0,183.0
2024-08-22,467.6235545509301,473.06561382467044,467.6235545509301,472.3669128417969,990000,542.0108032226562,106.0,1.0,1.0,4.0,5.0,0.0006091668651189938,0.0005421016287376039,,0,2.0,184.0
2024-08-23,474.4334912401443,475.87026542484483,468.0762287207239,471.7567443847656,520100,547.7699584960938,104.0,1.0,1.0,4.0,5.0,0.0006158072977880761,0.0005317211201319611,,0,2.0,185.0
2024-08-26,474.26624468525057,475.5258886656725,471.1761932156468,472.1799621582031,453700,546.4642333984375,103.0,1.0,1.0,4.0,5.0,0.0006174318688670475,0.0005504697431284506,,0,2.0,186.0
2024-08-27,472.0028055124808,477.6810386807638,469.2768355423706,476.4804382324219,515900,547.2144775390625,102.0,1.0,1.0,4.0,5.0,0.0006127966463553741,0.0005716761277029596,,0,2.0,187.0
2024-08-28,476.69691681758496,480.8695114607851,473.12463738432126,474.8566589355469,612300,544.0377807617188,101.0,1.0,1.0,3.0,3.0,0.0005973509453719078,0.0005980695397889615,,0,1.0,188.0
2024-08-29,475.78177961307074,478.8226383073589,474.35482574503317,475.3782958984375,596600,544.0865478515625,99.0,1.0,1.0,3.0,3.0,0.0006028792864399051,0.0006091668651189938,,0,1.0,189.0
2024-08-30,476.7658368613704,480.4070105394882,473.0459485776675,479.98382568359375,822600,549.2803344726562,99.0,1.0,1.0,3.0,3.0,0.0006412040519704457,0.0006158072977880761,,0,1.0,190.0
2024-09-03,480.9679341132732,482.3850373035177,472.5932825192485,474.30560302734375,793100,537.9767456054688,98.0,1.0,1.0,3.0,3.0,0.0006567701558404059,0.0006174318688670475,,0,1.0,191.0
2024-09-04,474.3351286060618,478.5273947472253,472.878653084198,476.7855224609375,577400,536.8755493164062,97.0,1.0,1.0,3.0,3.0,0.000658132152814799,0.0006127966463553741,,0,1.0,192.0
2024-09-05,476.3918439997257,479.0489197580762,473.2230482575773,476.1556701660156,551200,535.5697021484375,96.0,1.0,1.0,3.0,3.0,0.0006719899662158956,0.0005973509453719078,,0,1.0,193.0
2024-09-06,476.8445720156312,479.12768609562346,466.38363773759124,467.87945556640625,689100,526.55615234375,97.0,1.0,1.0,3.0,3.0,0.0006851211753620172,0.0006028792864399051,,0,1.0,194.0
2024-09-09,471.48124429302175,479.32450466597635,471.05808946264915,474.5811462402344,778200,532.4515991210938,98.0,1.0,1.0,3.0,3.0,0.0006905773004575224,0.0006412040519704457,,0,1.0,195.0
2024-09-10,475.9982145827604,478.281328433725,471.72723420751083,476.4410705566406,687700,534.7706909179688,97.0,1.0,1.0,3.0,3.0,0.0006548200083930108,0.0006567701558404059,,0,1.0,196.0
2024-09-11,474.2268802010863,474.2268802010863,460.1739354693354,470.9793395996094,764100,540.2568969726562,96.0,1.0,1.0,3.0,3.0,0.0006224078225523435,0.000658132152814799,,0,1.0,197.0
2024-09-12,468.69620664692036,472.25866559272333,466.02931025550356,471.13677978515625,860400,544.8076782226562,95.0,1.0,1.0,1.0,1.0,0.0005834755425114072,0.0006719899662158956,,0,1.0,198.0
2024-09-13,472.44562424814677,474.6992164552786,467.96799159672406,469.375244140625,743200,547.653076171875,94.0,1.0,1.0,1.0,1.0,0.0005471145488635136,0.0006851211753620172,,0,1.0,199.0
2024-09-16,471.2942816114342,478.69468626538435,470.95969196287524,477.1299743652344,954000,548.4619750976562,95.0,1.0,1.0,1.0,1.0,0.000567398128143975,0.0006905773004575224,,0,1.0,200.0
2024-09-17,477.2775683726602,477.5924868671445,472.5539110845181,475.05352783203125,613000,548.6859741210938,94.0,1.0,1.0,1.0,1.0,0.0006155262160723679,0.0006548200083930108,,0,1.0,201.0
2024-09-18,474.758277586286,481.2238071104249,473.1148511367262,476.9626770019531,619500,547.0586547851562,93.0,1.0,1.0,1.0,1.0,0.0006549255280675066,0.0006224078225523435,,0,1.0,202.0
2024-09-19,483.2116641440017,484.64846847555486,479.32449606896466,482.3161315917969,697900,556.3938598632812,92.0,1.0,1.0,1.0,1.0,0.0006818011882195425,0.0005834755425114072,,0,1.0,203.0
2024-09-20,480.76126876020373,487.2267981337278,480.0133448658574,486.7937927246094,1466200,555.4320678710938,92.0,1.0,1.0,1.0,1.0,0.0006846208352563546,0.0005471145488635136,,0,1.0,204.0
2024-09-23,481.45996364123636,486.15412903230225,470.0050816849527,471.3828125,957900,556.8201293945312,101.0,1.0,1.0,1.0,1.0,0.0006255420212998272,0.000567398128143975,,0,1.0,205.0
2024-09-24,469.80822019259665,471.91420361534995,464.52362052627194,471.7567443847656,810600,558.4132080078125,99.0,1.0,1.0,1.0,1.0,0.000563480549569774,0.0006155262160723679,,0,1.0,206.0
2024-09-25,472.65227320753155,473.1541425918402,467.2889289512848,468.5780944824219,545200,557.1817016601562,98.0,1.0,1.0,1.0,1.0,0.0004915614553976838,0.0006549255280675066,,0,1.0,207.0
2024-09-26,467.70236403540537,470.3298885343213,463.7659725492708,466.4919128417969,592100,559.3906860351562,97.0,1.0,1.0,1.0,1.0,0.0004789404367172446,0.0006818011882195425,,0,1.0,208.0
2024-09-27,466.9346958635562,469.66063572971746,465.4782204298719,465.9604187011719,582600,558.5794067382812,95.0,1.0,1.0,1.0,1.0,0.0004515300329392023,0.0006846208352563546,,0,1.0,209.0
2024-09-30,465.7438915879444,469.10951881995135,463.94300607332104,467.04290771484375,1366200,560.8178100585938,94.0,1.0,1.0,1.0,1.0,0.00043614550962753693,0.0006255420212998272,,0,1.0,210.0
2024-10-01,469.3261057646078,469.3261057646078,461.54188822499884,463.9037170410156,1137400,555.793701171875,93.0,1.0,1.0,1.0,1.0,0.00044297821244793626,0.000563480549569774,,0,1.0,211.0
2024-10-02,464.70078777593665,466.96423060889475,460.88248372001965,462.7129211425781,717600,556.0282592773438,92.0,1.0,1.0,1.0,1.0,0.000451019439154061,0.0004915614553976838,,0,1.0,212.0
2024-10-03,463.8642686462492,464.49410557778026,459.08156833058155,460.193603515625,576100,555.0117797851562,91.0,1.0,1.0,1.0,1.0,0.0004631172217802685,0.0004789404367172446,,0,1.0,213.0
2024-10-04,461.8961441309206,462.1224974439606,451.60248921459004,453.2065734863281,1308900,560.0553588867188,92.0,1.0,4.0,1.0,2.0,0.0004404145111049115,0.0004515300329392023,,0,2.0,214.0
2024-10-07,454.4858744046386,456.6213798478724,449.3882550011534,450.2444152832031,1022300,554.9921875,91.0,1.0,4.0,1.0,2.0,0.00042249502330228035,0.00043614550962753693,,0,2.0,215.0
2024-10-08,456.3064375449399,464.1989207211644,455.23377460123663,463.5100402832031,1049100,560.2410888671875,98.0,1.0,4.0,1.0,2.0,0.00041973915103817554,0.00044297821244793626,,0,2.0,216.0
2024-10-09,463.52971196446975,466.66898619341987,461.36471493117034,465.5176086425781,1086600,564.12158203125,97.0,1.0,4.0,1.0,2.0,0.0004424345461776277,0.000451019439154061,,0,2.0,217.0
2024-10-10,464.49411535397627,465.9013678601197,460.341221850156,461.9354553222656,556100,563.1343383789062,96.0,1.0,4.0,1.0,2.0,0.00045872371822666534,0.0004631172217802685,,0,2.0,218.0
2024-10-11,464.0807932050036,467.7318173979365,463.51988032475845,467.5546569824219,527500,566.5065307617188,96.0,1.0,4.0,1.0,2.0,0.0004611964989012828,0.0004404145111049115,,0,2.0,219.0
2024-10-14,467.495653127578,472.55393029188315,467.239808118656,471.81585693359375,459200,571.1395874023438,95.0,1.0,1.0,1.0,1.0,0.00046226432486941044,0.00042249502330228035,,0,1.0,220.0
2024-10-15,473.3510223119468,481.5288722906789,473.3510223119468,479.4327392578125,752900,566.7019653320312,96.0,1.0,1.0,1.0,1.0,0.00050041183984393,0.00041973915103817554,,0,1.0,221.0
2024-10-16,477.2381694441035,482.5621113252218,475.0632920049594,482.2472229003906,587800,569.1652221679688,95.0,1.0,1.0,1.0,1.0,0.0005519644683725245,0.0004424345461776277,,0,1.0,222.0
2024-10-17,482.3456113423768,486.34104518968894,477.198770090623,478.3796691894531,703500,569.2139892578125,94.0,1.0,1.0,1.0,1.0,0.0005907374951276784,0.00045872371822666534,,0,1.0,223.0
2024-10-18,479.7082850537858,481.23365459916096,476.2639428982861,480.6923828125,656000,571.403564453125,93.0,1.0,1.0,1.0,1.0,0.0006232321188512051,0.0004611964989012828,,0,1.0,224.0
2024-10-21,478.9012980978071,481.3812133812051,476.2737441400745,479.2161865234375,886200,570.4652099609375,92.0,1.0,1.0,1.0,1.0,0.0006339957831868193,0.00046226432486941044,,0,1.0,225.0
2024-10-22,467.87943849584707,467.87943849584707,457.1134066660808,460.29205322265625,1254000,570.1622924804688,106.0,1.0,1.0,4.0,5.0,0.0005693530909617314,0.00050041183984393,,1,2.0,226.0
2024-10-23,462.5259385753499,465.5372752622156,458.1762133430552,461.404052734375,695000,564.9523315429688,104.0,1.0,4.0,4.0,6.0,0.0004870228412313513,0.0005519644683725245,,0,2.0,227.0
2024-10-24,458.5994141960054,463.20498457985684,456.1194685798694,459.5146179199219,796000,566.1741943359375,103.0,1.0,4.0,4.0,6.0,0.00039517805274926393,0.0005907374951276784,,0,2.0,228.0
2024-10-25,461.0399792172553,462.24057976190426,453.9052700046787,455.4404602050781,481700,565.9786987304688,102.0,1.0,4.0,4.0,6.0,0.000368235695666937,0.0006232321188512051,,0,2.0,229.0
2024-10-28,459.6621896526758,460.55772216075064,453.9741061657423,454.7909240722656,455200,567.7283325195312,101.0,1.0,4.0,4.0,6.0,0.00031342891627333356,0.0006339957831868193,,0,2.0,230.0
2024-10-29,452.6849835755123,456.4934372191239,451.4843830699556,453.1770324707031,675000,568.6470336914062,99.0,1.0,4.0,4.0,6.0,0.000266992005619973,0.0005693530909617314,,0,2.0,231.0
2024-10-30,452.064982708467,455.9029579617867,449.9688496768093,451.6614990234375,565600,566.9267578125,98.0,1.0,4.0,4.0,6.0,0.00022511355958195747,0.0004870228412313513,,0,2.0,232.0
2024-10-31,449.9787086394708,452.45862422647514,446.73119798751657,446.81976318359375,688200,555.813232421875,98.0,1.0,4.0,4.0,6.0,0.00018737473699382973,0.00039517805274926393,,0,2.0,233.0
2024-11-01,448.72891231251674,452.23229797375984,447.70544222191114,449.10284423828125,582600,558.1591186523438,96.0,1.0,4.0,4.0,6.0,0.00016130582170043126,0.000368235695666937,,0,2.0,234.0
2024-11-04,448.66987589808485,451.2777290250562,446.9477047722365,451.1202697753906,542100,556.9569091796875,95.0,1.0,4.0,3.0,4.0,0.00016853696519587865,0.00031342891627333356,,0,2.0,235.0
2024-11-05,451.3957527124128,454.8499450683594,451.1202065721731,454.8499450683594,454500,563.6914672851562,94.0,1.0,4.0,3.0,4.0,0.00019015572968836424,0.000266992005619973,,0,2.0,236.0
2024-11-06,466.58042391802064,468.9422525292471,443.27699623130013,453.8068542480469,1335400,577.7078857421875,93.0,1.0,4.0,3.0,4.0,0.00020072988023813062,0.00022511355958195747,,0,2.0,237.0
2024-11-07,456.78862061120594,459.170120112369,453.41314283833384,458.1663513183594,741100,582.1749267578125,93.0,1.0,4.0,3.0,4.0,0.0002069504532487157,0.00018737473699382973,,0,2.0,238.0
2024-11-08,461.71898420284424,471.72727173105454,460.1641229415186,469.5917663574219,720000,584.6968383789062,97.0,1.0,4.0,3.0,4.0,0.00025015515370831187,0.00016130582170043126,,0,2.0,239.0
2024-11-11,471.195844028529,473.0558032023928,468.7749719584201,470.8415832519531,704300,585.25390625,96.0,1.0,4.0,3.0,4.0,0.00029861758412710063,0.00016853696519587865,,0,2.0,240.0
2024-11-12,470.5561980848185,472.4751707364342,466.9248748740658,467.9188232421875,530600,583.4359130859375,95.0,1.0,4.0,3.0,4.0,0.00032819401234764073,0.00019015572968836424,,0,2.0,241.0
2024-11-13,468.7749250449945,475.33883960088184,468.36159081474096,471.7961120605469,911700,583.7193603515625,94.0,1.0,4.0,3.0,4.0,0.0003539190566633818,0.00020072988023813062,,0,2.0,242.0
2024-11-14,477.6416643330122,479.6886044488408,473.1837027752571,474.4236755371094,857200,579.9658813476562,93.0,1.0,4.0,3.0,4.0,0.0003848295617091731,0.0002069504532487157,,0,2.0,243.0
2024-11-15,471.37296258231584,472.0815141499585,464.8582404079709,465.7832946777344,653000,572.5374145507812,95.0,1.0,4.0,3.0,4.0,0.0004137262058116148,0.00025015515370831187,,1,2.0,244.0
2024-11-18,463.35254514607254,466.1178572069755,460.3707303956341,464.43505859375,525100,574.88330078125,94.0,1.0,4.0,3.0,4.0,0.0004265634133524671,0.00029861758412710063,,0,2.0,245.0
2024-11-19,462.0535706343061,464.84840467591386,460.5282311153534,461.3253479003906,545000,576.9847412109375,93.0,1.0,4.0,3.0,4.0,0.0004108629745690714,0.00032819401234764073,,0,2.0,246.0
2024-11-20,465.02551951240383,470.8612114641844,456.19816224687014,467.04290771484375,934000,577.1802368164062,93.0,1.0,1.0,3.0,3.0,0.00041605839963428684,0.0003539190566633818,,0,1.0,247.0
2024-11-21,469.9067035480323,471.79618455451316,466.73790740344333,470.3200378417969,723600,580.27880859375,92.0,1.0,1.0,3.0,3.0,0.0004156337966316724,0.0003848295617091731,,0,1.0,248.0
2024-11-22,471.1678379130834,476.39286711516195,470.27070974674143,473.8592224121094,436000,582.0772705078125,91.0,1.0,1.0,3.0,3.0,0.0004295131097319749,0.0004137262058116148,,0,1.0,249.0
2024-11-25,477.3096930930254,487.7597212279066,476.50128793502716,487.0400390625,1204000,584.0516967773438,97.0,1.0,1.0,3.0,3.0,0.0004481043315574166,0.0004265634133524671,,0,1.0,250.0
2024-11-26,488.390627249763,494.1184197142783,485.5316650867145,492.5903625488281,721300,587.1012573242188,97.0,1.0,1.0,3.0,3.0,0.0004681880956118357,0.0004108629745690714,,0,1.0,251.0
2024-11-27,495.04511085356495,496.81966083845816,490.45104123785865,493.7930908203125,559700,585.3223266601562,96.0,1.0,1.0,3.0,3.0,0.0005024504844748356,0.00041605839963428684,,0,1.0,252.0
2024-11-29,491.19048227758844,495.5183833988078,491.19048227758844,492.9058837890625,507200,588.9583740234375,94.0,1.0,1.0,3.0,3.0,0.0005298712297191721,0.0004156337966316724,,0,1.0,253.0
2024-12-02,492.44251632734967,493.14246221807093,486.6555749051079,490.3722229003906,734000,590.0140380859375,93.0,1.0,1.0,3.0,3.0,0.0005344199035442768,0.0004295131097319749,,0,1.0,254.0
2024-12-03,490.8650960686219,491.58477816036446,485.8471178737448,486.7048034667969,398600,590.2876586914062,92.0,1.0,1.0,3.0,3.0,0.0005086225083233551,0.0004481043315574166,,0,1.0,255.0
2024-12-04,485.81757341721084,491.53549777965793,484.24020563542916,491.1510314941406,500000,593.9530639648438,92.0,1.0,1.0,3.0,3.0,0.0005210991520796368,0.0004681880956118357,,0,1.0,256.0
2024-12-05,488.98211724364313,489.967968286473,482.5248049474216,484.2106018066406,529000,592.9756469726562,93.0,1.0,1.0,3.0,3.0,0.0005257632317364512,0.0005024504844748356,,0,1.0,257.0
2024-12-06,485.2655024861064,489.78068733011185,485.2655024861064,487.75970458984375,642200,594.0997314453125,92.0,1.0,1.0,3.0,3.0,0.0005615755239890989,0.0005298712297191721,,0,1.0,258.0
2024-12-09,484.3092316848954,485.8077145590298,480.3855333895555,483.5796813964844,412100,591.0403442382812,91.0,1.0,1.0,3.0,3.0,0.0005299507666950654,0.0005344199035442768,,0,1.0,259.0
2024-12-10,483.09661830689254,486.66539451193546,478.9264572800439,484.5063781738281,445400,589.2028198242188,90.0,1.0,1.0,3.0,3.0,0.0005213653413094349,0.0005086225083233551,,0,1.0,260.0
2024-12-11,485.48239855579305,493.82269064953385,482.9783282741937,490.4905090332031,540000,593.7576293945312,90.0,1.0,1.0,3.0,3.0,0.0005288595023785237,0.0005210991520796368,,0,1.0,261.0
2024-12-12,489.770810559821,491.70310036225743,487.5132332205,487.7399597167969,328000,590.6982421875,89.0,1.0,1.0,3.0,3.0,0.0005440118850219526,0.0005257632317364512,,0,1.0,262.0
2024-12-13,487.9962914857503,489.4947743176108,479.9320367581506,482.10089111328125,406300,590.5809936523438,89.0,1.0,1.0,3.0,3.0,0.0005458192187474328,0.0005615755239890989,,0,1.0,263.0
2024-12-16,483.3036448536846,485.73869833063196,481.8938849685542,482.27838134765625,465700,593.1028442382812,88.0,1.0,1.0,3.0,3.0,0.0005374016898006292,0.0005299507666950654,,0,1.0,264.0
2024-12-17,479.86302904759617,480.7700253089153,475.4365671795709,478.7588806152344,574500,590.6591796875,87.0,1.0,4.0,3.0,4.0,0.0005241488504050897,0.0005213653413094349,,1,2.0,265.0
2024-12-18,478.27579719216635,482.03188731999705,462.72890673723174,463.438720703125,776900,573.055419921875,97.0,1.0,4.0,3.0,4.0,0.00044884585766172773,0.0005288595023785237,,0,2.0,266.0
2024-12-19,463.083826901863,467.6680282905134,455.26600517041675,455.5519104003906,828900,572.8795166015625,98.0,1.0,4.0,3.0,4.0,0.00033572864325247866,0.0005440118850219526,,0,2.0,267.0
2024-12-20,455.55191280524383,464.4935891419982,451.0663025155725,459.75164794921875,1592300,579.7603759765625,97.0,1.0,4.0,3.0,4.0,0.00023709623934224848,0.0005458192187474328,,0,2.0,268.0
2024-12-23,458.4700689999785,468.4961885147258,457.8687142347692,467.0568542480469,638600,583.2321166992188,98.0,1.0,4.0,3.0,4.0,0.00021584643971664223,0.0005374016898006292,,0,2.0,269.0
2024-12-24,468.3581918346823,474.21415058180463,468.3581918346823,473.5832214355469,183600,589.7147216796875,99.0,1.0,4.0,3.0,4.0,0.00022399639919890938,0.0005241488504050897,,0,2.0,270.0
2024-12-26,470.9903835286892,475.22953140891747,470.9903835286892,474.3817138671875,347300,589.75390625,97.0,1.0,4.0,3.0,4.0,0.00024180010815332887,0.00044884585766172773,,0,2.0,271.0
2024-12-27,471.1185221828082,474.7464469617133,467.78634069563384,470.0143737792969,305000,583.5459594726562,97.0,1.0,4.0,3.0,4.0,0.00023168872920060256,0.00033572864325247866,,0,2.0,272.0
2024-12-30,465.6273385590979,469.3735607685433,462.65991707014035,466.830078125,299900,576.88671875,96.0,1.0,4.0,3.0,4.0,0.0002018061421750418,0.00023709623934224848,,0,2.0,273.0
2024-12-31,469.9354667834141,470.2115038713335,465.3019849443537,466.67230224609375,297200,574.7880859375,94.0,1.0,4.0,3.0,4.0,0.00016768450723496383,0.00021584643971664223,,0,2.0,274.0
2025-01-02,468.14121909787593,473.3761158963136,463.58659202230723,466.1498107910156,428000,573.3756713867188,93.0,1.0,4.0,3.0,4.0,0.00015391182614938074,0.00022399639919890938,,0,2.0,275.0
2025-01-03,468.1905756809814,473.1986863111649,466.1695627615434,472.3705749511719,412300,580.5448608398438,93.0,1.0,4.0,3.0,4.0,0.00017643289170744076,0.00024180010815332887,,0,2.0,276.0
2025-01-06,471.94662286106853,473.0409031016254,466.09066513032866,466.4455871582031,552600,583.88916015625,93.0,1.0,4.0,3.0,4.0,0.00015845564363963362,0.00023168872920060256,,0,2.0,277.0
2025-01-07,466.44563053320326,466.9681304426109,456.0054403124859,457.4349365234375,719700,577.288818359375,96.0,1.0,4.0,3.0,4.0,0.00010548690951654389,0.0002018061421750418,,0,2.0,278.0
2025-01-08,456.54768848153554,466.66250115229434,455.76885762359746,465.42034912109375,507700,578.1322631835938,97.0,1.0,4.0,3.0,4.0,6.040597303700227e-05,0.00016768450723496383,,0,2.0,279.0
2025-01-10,457.10961846977904,459.2291924367669,443.09081383632287,446.40325927734375,1131500,569.3056030273438,111.0,1.0,4.0,4.0,6.0,-3.3532091721911713e-06,0.00015391182614938074,,0,2.0,280.0
2025-01-13,444.20478848197587,451.7662798794066,444.10622743770364,451.4015197753906,637600,570.1884155273438,111.0,1.0,4.0,4.0,6.0,-3.4810979857016184e-05,0.00017643289170744076,,0,2.0,281.0
2025-01-14,454.3097337780023,457.38561437781783,452.8802677829218,456.03497314453125,393100,570.9729614257812,110.0,1.0,4.0,4.0,6.0,-8.83782097408831e-05,0.00015845564363963362,,0,2.0,282.0
2025-01-15,465.08517184066415,467.7765263623436,460.59953082821335,464.68096923828125,681900,581.35888671875,111.0,1.0,4.0,4.0,6.0,-3.770460488272542e-05,0.00010548690951654389,,0,2.0,283.0
2025-01-16,467.5694682749128,472.88322025612734,460.23473353078293,472.2226867675781,557100,580.2408447265625,112.0,1.0,4.0,4.0,6.0,3.388741530225351e-05,6.040597303700227e-05,,0,2.0,284.0
2025-01-17,475.2393753975427,475.2393753975427,468.5947486593936,469.11724853515625,768400,586.06640625,111.0,1.0,4.0,4.0,6.0,7.807067755990865e-05,-3.3532091721911713e-06,,0,2.0,285.0
2025-01-21,470.8917479160376,478.0490361649799,470.8917479160376,477.89129638671875,731400,591.4310302734375,112.0,1.0,4.0,4.0,6.0,8.899988649617206e-05,-3.4810979857016184e-05,,0,2.0,286.0
2025-01-22,478.17724334746976,478.29554067004324,475.0915244785926,477.7730407714844,413300,594.7556762695312,110.0,1.0,4.0,4.0,6.0,8.138401123781026e-05,-8.83782097408831e-05,,0,2.0,287.0
2025-01-23,475.673197396225,479.9517879345304,472.3607518513914,479.2419738769531,517100,598.0018920898438,109.0,1.0,4.0,4.0,6.0,9.568035091477133e-05,-3.770460488272542e-05,,0,2.0,288.0
2025-01-24,476.63930042727816,484.3880756283347,476.63930042727816,482.72198486328125,500400,596.2562255859375,107.0,1.0,4.0,4.0,6.0,0.00010269291391120897,3.388741530225351e-05,,0,2.0,289.0
2025-01-27,480.42495862001215,489.45535818126024,472.96205867576384,489.07086181640625,612400,587.8218383789062,107.0,1.0,4.0,4.0,6.0,0.00013013214401313975,7.807067755990865e-05,,0,2.0,290.0
2025-01-28,487.9962993877171,490.95385271733966,484.68385409971825,486.02459716796875,638300,592.8727416992188,106.0,1.0,4.0,4.0,6.0,0.00017141638502301767,8.899988649617206e-05,,0,2.0,291.0
2025-01-29,482.8698759944562,486.04431786643136,480.28695082321843,483.3825378417969,732800,590.2149047851562,105.0,1.0,4.0,4.0,6.0,0.00018806603317014675,8.138401123781026e-05,,0,2.0,292.0
2025-01-30,489.17934843106275,495.98171529003866,489.17934843106275,492.13690185546875,646900,593.3826293945312,106.0,1.0,4.0,4.0,6.0,0.00021605824782639285,9.568035091477133e-05,,0,2.0,293.0
2025-01-31,492.29458918532004,498.6237664636028,491.1806027181597,492.37347412109375,535800,590.2247924804688,104.0,1.0,4.0,4.0,6.0,0.00021706374374503637,0.00010269291391120897,,0,2.0,294.0
2025-02-03,485.2753346319368,491.3383429505168,480.1587650287747,489.44549560546875,584700,586.2527465820312,103.0,1.0,4.0,4.0,6.0,0.0002212434000588025,0.00013013214401313975,,0,2.0,295.0
2025-02-04,487.59210521727044,490.4017869459439,484.4176633853895,486.15277099609375,567600,590.1854858398438,102.0,1.0,4.0,4.0,6.0,0.0002168788080120715,0.00017141638502301767,,0,2.0,296.0
2025-02-05,489.7708104797846,490.85525269816094,484.693683373054,488.82440185546875,854200,592.578369140625,101.0,1.0,4.0,4.0,6.0,0.00023841771064208578,0.00018806603317014675,,0,2.0,297.0
2025-02-06,489.93843106844207,497.75622320964436,489.02159674975434,495.7253723144531,1621600,594.6380615234375,101.0,1.0,1.0,4.0,5.0,0.00028306725155663085,0.00021605824782639285,,0,2.0,298.0
2025-02-07,494.5719210308797,499.1068118980612,493.37901957078003,496.1788330078125,829100,589.1948852539062,100.0,1.0,1.0,3.0,3.0,0.0002972185092607362,0.00021706374374503637,,0,1.0,299.0
2025-02-10,498.26889891191655,498.3477537657642,490.9538701787351,497.0957336425781,847900,593.1962890625,98.0,1.0,1.0,3.0,3.0,0.0002897497425944746,0.0002212434000588025,,0,1.0,300.0
2025-02-11,499.73777584745034,505.7810177111995,497.18442515403365,505.3374328613281,1004600,593.6474609375,99.0,1.0,1.0,3.0,3.0,0.00028847509169534154,0.0002168788080120715,,0,1.0,301.0
2025-02-12,501.8672492035364,505.00224862153453,490.76655569228006,498.2886047363281,1184900,591.7350463867188,100.0,1.0,1.0,3.0,3.0,0.0002794802487242055,0.00023841771064208578,,0,1.0,302.0
2025-02-13,510.7793635077109,520.6181996453446,500.2800539834675,520.0167846679688,1386200,597.9822998046875,114.0,1.0,1.0,4.0,5.0,0.00032330022296528463,0.00028306725155663085,,0,2.0,303.0
2025-02-14,522.5799965753686,524.4037971416892,514.9593262380558,515.4424438476562,779800,597.9528198242188,113.0,1.0,1.0,4.0,5.0,0.00033527306707432794,0.0002972185092607362,,0,2.0,304.0
2025-02-18,514.8114406137985,514.860721132967,501.44330251599314,512.228515625,1044800,599.7083129882812,112.0,1.0,1.0,4.0,5.0,0.000360705092984916,0.0002897497425944746,,1,2.0,305.0
2025-02-19,511.3313658432088,512.4946629039079,506.0570866026091,511.92291259765625,655400,601.1206665039062,110.0,1.0,1.0,4.0,5.0,0.00033039025672144956,0.00028847509169534154,,0,2.0,306.0
2025-02-20,510.690636029469,511.3018589335918,500.59549971504237,504.38116455078125,830400,598.6196899414062,110.0,1.0,1.0,4.0,5.0,0.0002993588709345653,0.0002794802487242055,,0,2.0,307.0
2025-02-21,500.5757763596443,504.3614410655849,491.94957902447277,493.20159912109375,1348200,588.380859375,113.0,1.0,1.0,4.0,5.0,0.00025861680423128777,0.00032330022296528463,,0,2.0,308.0
2025-02-24,497.03659404764676,500.1912997175201,490.4510854141339,493.8621520996094,827200,585.70361328125,111.0,1.0,1.0,4.0,5.0,0.00021752158282214548,0.00033527306707432794,,0,2.0,309.0
2025-02-25,498.39566535743904,499.1660736132525,490.94836545634433,495.7288513183594,999700,582.7907104492188,110.0,1.0,1.0,4.0,5.0,0.0002242835241155671,0.000360705092984916,,0,2.0,310.0
2025-02-26,493.49668039257966,501.1118734863782,490.8496094804779,492.212646484375,915100,583.0848999023438,109.0,1.0,1.0,4.0,5.0,0.00023638062829856247,0.00033039025672144956,,0,2.0,311.0
2025-02-27,493.68431914236527,497.9808396776909,486.227162342578,486.7901611328125,1038200,573.7777709960938,108.0,1.0,1.0,4.0,5.0,0.0002333661426718192,0.0002993588709345653,,0,2.0,312.0
2025-02-28,492.923802179947,497.75369162212866,487.9161331630756,497.7438049316406,869500,582.73193359375,111.0,1.0,4.0,4.0,6.0,0.00021287554391867316,0.00025861680423128777,,0,2.0,313.0
2025-03-03,498.7907500855951,501.09208820454506,492.2620381023067,495.82763671875,1189700,572.5225219726562,109.0,1.0,4.0,4.0,6.0,0.0001976019794631902,0.00021752158282214548,,0,2.0,314.0
2025-03-04,491.72866789382215,492.62748256302297,472.73510041373146,475.38214111328125,1103400,565.7456665039062,122.0,1.0,4.0,4.0,6.0,0.00014841804572863335,0.0002242835241155671,,0,2.0,315.0
2025-03-05,474.58208936677005,479.8070542131605,471.2831602054356,476.2513122558594,801900,571.8260498046875,120.0,1.0,4.0,4.0,6.0,7.590310183299387e-05,0.00023638062829856247,,0,2.0,316.0
2025-03-06,468.2410849291526,471.9350901560441,461.52467616657293,464.44830322265625,1098700,561.675537109375,123.0,1.0,4.0,4.0,6.0,-1.3338412502014881e-05,0.0002333661426718192,,0,2.0,317.0
2025-03-07,461.94937255065815,462.2753017489255,447.7856645426476,455.8354797363281,1245400,564.8236694335938,124.0,1.0,4.0,4.0,6.0,-6.418456789684226e-05,0.00021287554391867316,,0,2.0,318.0
2025-03-10,448.6746363872284,452.87238033045946,440.85200382332715,444.7534484863281,1198400,549.779296875,127.0,4.0,4.0,4.0,12.0,-0.00013044801513821254,0.0001976019794631902,,0,4.0,1.0
2025-03-11,445.4349769202508,445.5534966349895,435.74559838982987,438.39263916015625,1050400,545.2091064453125,126.0,4.0,4.0,4.0,12.0,-0.0002036503356957852,0.00014841804572863335,,0,4.0,2.0
2025-03-12,441.9977847283444,443.933677200369,431.5083672632657,436.6839294433594,1116700,548.1022338867188,124.0,4.0,4.0,4.0,12.0,-0.0002560752769078774,7.590310183299387e-05,,0,4.0,3.0
2025-03-13,435.7060648555517,437.5530673373377,430.1255407926985,432.4169921875,725000,540.7957763671875,123.0,4.0,4.0,4.0,12.0,-0.0002940069099671707,-1.3338412502014881e-05,,0,4.0,4.0
2025-03-14,437.10856493018224,443.81508616575155,435.4393421027778,441.3458251953125,873900,551.9662475585938,125.0,4.0,4.0,4.0,12.0,-0.000295259379025799,-6.418456789684226e-05,,0,4.0,5.0
2025-03-17,438.9654717224059,451.1537407474142,438.9654717224059,448.0128479003906,975100,556.2227172851562,125.0,4.0,4.0,4.0,12.0,-0.00028754798409737556,-0.00013044801513821254,,0,4.0,6.0
2025-03-18,446.3930245859604,449.48451410036597,441.06928329490705,444.5657653808594,611800,550.2107543945312,123.0,4.0,4.0,4.0,12.0,-0.00026034795182389706,-0.0002036503356957852,,0,4.0,7.0
2025-03-19,445.2176724913827,456.63553364929516,443.459559756475,454.6502380371094,1004600,556.203125,125.0,4.0,4.0,4.0,12.0,-0.00021624896935971743,-0.0002560752769078774,,0,4.0,8.0
2025-03-20,452.08224586722594,456.1911004552667,450.64020564900744,454.1366882324219,778100,554.5946655273438,123.0,4.0,4.0,4.0,12.0,-0.00018175213087742826,-0.0002940069099671707,,0,4.0,9.0
2025-03-21,450.5216896668921,454.2255817988839,447.3709096818896,453.8403625488281,1091200,554.777587890625,121.0,4.0,4.0,4.0,12.0,-0.00016228119373226354,-0.000295259379025799,,0,4.0,10.0
2025-03-24,460.48756399440015,465.1001569795315,456.3293367529472,463.38153076171875,910900,564.7129516601562,123.0,1.0,4.0,4.0,6.0,-0.00014681795663048643,-0.00028754798409737556,,0,2.0,11.0
2025-03-25,466.0088422894089,472.4881811832864,463.3420281708513,471.3720703125,754800,566.0703735351562,123.0,1.0,4.0,4.0,6.0,-0.00011610141626560019,-0.00026034795182389706,,0,2.0,12.0
2025-03-26,472.33015417319484,474.94756503463657,461.4357748899363,464.31988525390625,649200,559.3124389648438,123.0,1.0,4.0,4.0,6.0,-9.862277981961843e-05,-0.00021624896935971743,,0,2.0,13.0
2025-03-27,464.11246824995794,466.0582171207687,459.59865158426345,463.2136535644531,526700,557.8271484375,121.0,1.0,1.0,4.0,5.0,-9.775020843098873e-05,-0.00018175213087742826,,0,2.0,14.0
2025-03-28,462.7987721389976,465.5149592441998,454.5613210443022,455.7070617675781,535600,546.5933227539062,122.0,1.0,1.0,4.0,5.0,-0.00014087721859656208,-0.00016228119373226354,,0,2.0,15.0
2025-03-31,452.941486602699,462.5814915351917,450.4327390399399,459.9640808105469,866500,550.2625732421875,121.0,1.0,1.0,4.0,5.0,-0.00014511830904070334,-0.00014681795663048643,,0,2.0,16.0
2025-04-01,457.38615544024253,464.21119668740295,456.6947804227485,463.0160827636719,674200,551.8167114257812,119.0,1.0,1.0,4.0,5.0,-0.00014197534175714035,-0.00011610141626560019,,0,2.0,17.0
2025-04-02,457.66271531401327,466.1174930599437,456.77378734558164,465.10015869140625,638800,555.3088989257812,118.0,1.0,1.0,4.0,5.0,-0.00012240682371649132,-9.862277981961843e-05,,0,2.0,18.0
2025-04-03,449.5043073312354,452.92175633481355,436.22955693147316,436.9505920410156,1164800,527.9427490234375,144.0,4.0,1.0,4.0,11.0,-0.0001629334118349909,-9.775020843098873e-05,,1,2.0,19.0
2025-04-04,423.28070654054665,425.73022429208703,395.6546133988555,397.48187255859375,2309200,497.0354309082031,191.0,4.0,4.0,4.0,12.0,-0.00024180740645978718,-0.00014087721859656208,,1,4.0,20.0
2025-04-07,386.8443414715152,410.5492490661288,374.05355635831535,393.10638427734375,2384200,496.1501159667969,189.0,4.0,4.0,4.0,12.0,-0.000320524111669019,-0.00014511830904070334,,0,4.0,21.0
2025-04-08,411.1714832327384,414.6580786448323,385.9059871793666,391.8223571777344,1311500,488.3790588378906,186.0,4.0,4.0,4.0,12.0,-0.0003643038914402099,-0.00014197534175714035,,0,4.0,22.0
2025-04-09,384.5824813429344,434.76774261924646,380.8687029222255,433.1972961425781,2532700,539.6682739257812,229.0,4.0,4.0,4.0,12.0,-0.0003127284437839009,-0.00012240682371649132,,0,4.0,23.0
2025-04-10,424.80183533049836,426.431541767474,402.82540966009526,417.8286437988281,1330400,516.0205078125,231.0,4.0,4.0,4.0,12.0,-0.00026629649651671664,-0.0001629334118349909,,0,4.0,24.0
2025-04-11,414.9148629240255,425.4635691250904,407.3490735294904,423.1622009277344,883800,525.2278442382812,228.0,4.0,4.0,4.0,12.0,-0.0002119924397721606,-0.00024180740645978718,,0,4.0,25.0
2025-04-14,431.6071167478032,433.80967845846055,427.6760420458819,432.28863525390625,743300,530.3231811523438,227.0,4.0,4.0,4.0,12.0,-0.00021769538633782358,-0.000320524111669019,,0,4.0,26.0
2025-04-15,432.41699288100943,435.85421519224553,428.71310122153636,429.7008056640625,777000,528.837890625,223.0,4.0,4.0,4.0,12.0,-0.00019982492046672124,-0.0003643038914402099,,0,4.0,27.0
2025-04-16,426.9451274524779,431.22187438071177,415.1321607424211,420.4559020996094,635000,517.0829467773438,222.0,4.0,4.0,4.0,12.0,-0.00018450823887807433,-0.0003127284437839009,,0,4.0,28.0
2025-04-17,425.1574029339315,425.93766776598085,416.56436195230907,419.6361083984375,953300,517.8206787109375,219.0,4.0,4.0,4.0,12.0,-0.00017519572283525165,-0.00026629649651671664,,0,4.0,29.0
2025-04-21,413.8481585413705,418.06564563039194,401.7487792045404,408.2182312011719,1215900,505.4951477050781,219.0,4.0,4.0,4.0,12.0,-0.00018067293026384035,-0.0002119924397721606,,0,4.0,30.0
2025-04-22,415.81368291613074,426.33275932526965,403.9711163156557,424.5845031738281,1095600,518.64697265625,222.0,4.0,4.0,4.0,12.0,-0.00015413950419516971,-0.00021769538633782358,,0,4.0,31.0
2025-04-23,437.7111227317044,443.47931330098726,424.15981600598917,425.47344970703125,1147900,526.6836547851562,219.0,4.0,4.0,4.0,12.0,-0.00012463433239434134,-0.00019982492046672124,,0,4.0,32.0
2025-04-24,428.01181364233884,435.7455558396812,424.16965926711515,434.1750793457031,974100,537.7697143554688,217.0,4.0,4.0,4.0,12.0,-7.178320288531703e-05,-0.00018450823887807433,,0,4.0,33.0
2025-04-25,431.4292993459286,434.3627828200899,428.19951658845747,433.2269287109375,691300,541.6553344726562,214.0,4.0,4.0,4.0,12.0,-4.8525431479402684e-05,-0.00017519572283525165,,0,4.0,34.0
2025-04-28,434.5208608375083,437.77041728717677,429.31566864568487,434.3727111816406,618400,541.8618774414062,211.0,4.0,4.0,4.0,12.0,-3.286455724558012e-05,-0.00018067293026384035,,0,4.0,35.0
2025-04-29,433.9677161818383,443.53857508441746,432.35775304320674,441.50390625,673000,545.2752075195312,209.0,4.0,4.0,4.0,12.0,-2.841137669925474e-05,-0.00015413950419516971,,0,4.0,36.0
2025-04-30,437.86915326190797,448.8524221552482,432.98989076440387,447.54864501953125,838000,545.49169921875,207.0,4.0,1.0,4.0,11.0,-1.712302477283097e-05,-0.00012463433239434134,,0,2.0,37.0
2025-05-01,445.16828404398115,451.163657556632,444.88187144321694,446.30413818359375,624600,549.3575439453125,204.0,4.0,1.0,4.0,11.0,-1.704286031168066e-05,-7.178320288531703e-05,,0,2.0,38.0
2025-05-02,452.4674159472767,460.9715368192705,452.4674159472767,459.03564453125,733600,557.5122680664062,204.0,4.0,1.0,4.0,11.0,-2.900623053638847e-07,-4.8525431479402684e-05,,0,2.0,39.0
2025-05-05,456.2206745631833,462.1567878899551,455.2724867411484,458.96649169921875,555700,554.3153076171875,201.0,4.0,1.0,4.0,11.0,4.567435122228624e-06,-3.286455724558012e-05,,0,2.0,40.0
2025-05-06,454.87743840128627,461.1987411663048,453.3958816528124,457.2281799316406,457500,549.6821899414062,198.0,4.0,1.0,4.0,11.0,3.532536477109553e-06,-2.841137669925474e-05,,0,2.0,41.0
2025-05-07,458.22566056314236,464.4086992872412,457.84047155015895,462.1172180175781,827700,551.9938354492188,196.0,4.0,1.0,4.0,11.0,-1.7543250571375607e-05,-1.712302477283097e-05,,0,2.0,42.0
2025-05-08,463.60869293316165,473.1005176841053,463.60869293316165,465.87054443359375,775600,555.8400268554688,193.0,4.0,1.0,4.0,11.0,-2.2530474495519932e-05,-1.704286031168066e-05,,0,2.0,43.0
2025-05-09,465.6730556192079,467.3126487548732,462.86797837317164,464.8829040527344,613100,555.1317749023438,191.0,4.0,1.0,4.0,11.0,-1.2883707334529543e-05,-2.900623053638847e-07,,0,2.0,44.0
2025-05-12,478.78978549286586,481.5356029641603,471.9351134346072,481.0713806152344,918600,573.4774780273438,193.0,1.0,1.0,4.0,5.0,2.8766124795478427e-05,4.567435122228624e-06,,0,2.0,45.0
2025-05-13,480.7552211641694,484.87396169901365,478.73043923836553,478.7403259277344,477400,577.2646484375,191.0,1.0,1.0,4.0,5.0,5.525633725288574e-05,3.532536477109553e-06,,0,2.0,46.0
2025-05-14,479.68856286373943,480.3503079876795,471.94496333357057,473.1598205566406,612100,578.00244140625,188.0,1.0,1.0,4.0,5.0,7.546185630399176e-05,-1.7543250571375607e-05,,0,2.0,47.0
2025-05-15,473.1598507764585,482.6023038262693,472.2906960954206,481.3380432128906,570500,580.8255615234375,187.0,1.0,1.0,4.0,5.0,7.657399935391706e-05,-2.2530474495519932e-05,,0,2.0,48.0
2025-05-16,481.90204734249994,484.40576759244095,479.68532338382926,483.8218994140625,504900,584.5045776367188,185.0,1.0,1.0,4.0,5.0,0.00010648410517765591,-1.2883707334529543e-05,,0,2.0,49.0
2025-05-19,478.9530533730131,488.17622632970017,477.30038588214455,486.98870849609375,551500,585.1439819335938,182.0,1.0,1.0,3.0,3.0,0.0002011385261315422,2.8766124795478427e-05,,0,1.0,1.0
2025-05-20,483.0104681348583,485.4944072949781,478.7848300239644,481.9317932128906,382900,583.1765747070312,180.0,1.0,1.0,3.0,3.0,0.0002783186118448082,5.525633725288574e-05,,0,1.0,2.0
2025-05-21,479.08165915707826,481.4171621469698,467.6021695409804,467.8693542480469,624100,573.3495483398438,182.0,1.0,1.0,3.0,3.0,0.00029565824490384386,7.546185630399176e-05,,0,1.0,3.0
2025-05-22,467.37457340116515,470.4621620999842,463.9109268119974,466.8599853515625,495200,573.5758056640625,179.0,1.0,1.0,3.0,3.0,0.00019893106416021692,7.657399935391706e-05,,0,1.0,4.0
2025-05-23,463.82186079005146,467.51312927761074,461.951477153549,464.7718811035156,363600,569.6607055664062,177.0,4.0,1.0,3.0,9.0,0.00011895475332159118,0.00010648410517765591,,0,2.0,5.0
2025-05-27,469.9673711349323,476.9144761398159,468.8986020114285,476.24151611328125,609400,581.5043334960938,177.0,4.0,1.0,3.0,9.0,8.6917957121808e-05,0.0002011385261315422,,0,2.0,6.0
2025-05-28,474.75709154796436,478.0525208650135,472.8174578680263,473.5398864746094,663100,578.1400756835938,175.0,4.0,1.0,3.0,9.0,9.998988505659565e-05,0.0002783186118448082,,0,2.0,7.0
2025-05-29,475.3112208009862,477.32013444357415,472.0257278401254,476.6373291015625,422600,580.4223022460938,172.0,4.0,1.0,3.0,9.0,0.00011071344171744404,0.00029565824490384386,,0,2.0,8.0
2025-05-30,476.89461956309117,477.24099024102213,470.838191299749,474.3414306640625,1422100,579.77294921875,170.0,4.0,1.0,3.0,9.0,0.00011007034770827992,0.00019893106416021692,,0,2.0,9.0
2025-06-02,470.6798680143998,475.57846587864873,464.692719691963,474.9450988769531,504100,583.038818359375,167.0,4.0,1.0,3.0,9.0,0.0001315141850566292,0.00011895475332159118,,0,2.0,10.0
2025-06-03,471.40227721842746,477.6368286071145,469.56158087090864,477.0628662109375,633000,586.36376953125,165.0,4.0,1.0,3.0,9.0,0.0001601990157599934,8.6917957121808e-05,,0,2.0,11.0
2025-06-04,479.398345431783,483.2974241014877,476.4097242517038,480.4770202636719,565800,586.2063598632812,163.0,4.0,1.0,3.0,9.0,0.00017379650444239686,9.998988505659565e-05,,0,2.0,12.0
2025-06-05,482.73332260514616,484.8016408370495,479.6160469637183,482.4760437011719,511400,583.3733520507812,160.0,1.0,1.0,3.0,3.0,0.0001836391000832426,0.00011071344171744404,,0,1.0,13.0
2025-06-06,485.68240847286677,488.4533136001461,482.3870095107595,483.8714294433594,373100,589.364013671875,158.0,1.0,1.0,3.0,3.0,0.00016384612256320803,0.00011007034770827992,,0,1.0,14.0
2025-06-09,483.5745210615389,484.7620690724493,477.498311253922,480.5067138671875,485900,589.8951416015625,156.0,1.0,1.0,3.0,3.0,0.00015280906611368444,0.0001315141850566292,,0,1.0,15.0
2025-06-10,481.24891200553674,482.0010277406832,478.41863260323254,479.9822082519531,631500,593.2396850585938,154.0,1.0,1.0,3.0,3.0,0.0001410971675318356,0.0001601990157599934,,0,1.0,16.0
2025-06-11,480.1208385462187,483.48551805052716,477.3894959106652,478.5176696777344,482000,591.5477294921875,152.0,1.0,1.0,3.0,3.0,0.00013043910694192522,0.00017379650444239686,,0,1.0,17.0
2025-06-12,474.0940333509794,476.31075739683047,466.0880656740475,476.0138854980469,490200,593.8987426757812,149.0,1.0,1.0,1.0,1.0,0.00011411493927896202,0.0001836391000832426,,1,1.0,18.0
2025-06-13,470.3037847078154,472.2434483952002,465.6229334289697,466.97869873046875,471900,587.2589111328125,150.0,4.0,1.0,1.0,7.0,9.17119088782491e-05,0.00016384612256320803,,0,2.0,19.0
2025-06-16,471.7189968152872,475.75660589216017,469.1657775249953,471.9664001464844,564000,592.84619140625,148.0,4.0,1.0,1.0,7.0,8.605110670166987e-05,0.00015280906611368444,,0,2.0,20.0
2025-06-17,468.1464587618412,470.6897721555635,465.2369932843147,466.3354797363281,417000,587.7802124023438,147.0,4.0,1.0,1.0,7.0,7.402614737503763e-05,0.0001410971675318356,,0,2.0,21.0
2025-06-18,466.98862648453144,471.11529696118606,464.9599011345711,465.6229553222656,528100,587.6917724609375,145.0,4.0,1.0,1.0,7.0,5.707925552216503e-05,0.00013043910694192522,,0,2.0,22.0
2025-06-20,468.3344681435443,469.3141755917922,462.8718139039749,465.11822509765625,799300,586.3114624023438,142.0,4.0,1.0,1.0,7.0,2.1801076268352043e-05,0.00011411493927896202,,0,2.0,23.0
2025-06-23,465.67240642352215,471.5210243289649,463.04003156621053,471.3230895996094,693500,592.102783203125,142.0,4.0,1.0,1.0,7.0,1.0034854202790083e-05,9.17119088782491e-05,,0,2.0,24.0
2025-06-24,475.78624598735445,484.57401627370166,473.29243152795823,483.9208679199219,693100,598.6438598632812,144.0,1.0,1.0,1.0,1.0,3.5829135483286264e-05,8.605110670166987e-05,,0,1.0,25.0
2025-06-25,483.77247526545665,484.77196417758506,474.91542401253156,476.6472473144531,621400,598.9793701171875,143.0,1.0,1.0,1.0,1.0,5.276930252702839e-05,7.402614737503763e-05,,0,1.0,26.0
2025-06-26,477.3597262837984,479.1905167892962,473.4210849785576,476.5383605957031,832300,603.6655883789062,141.0,1.0,1.0,1.0,1.0,6.115616926813363e-05,5.707925552216503e-05,,0,1.0,27.0
2025-06-27,477.9436516384287,487.4241643758991,477.5280309467415,482.96099853515625,866500,606.6648559570312,140.0,1.0,1.0,1.0,1.0,5.7788871287032746e-05,2.1801076268352043e-05,,0,1.0,28.0
2025-06-30,483.84174346989323,496.99368236138025,481.4369602205754,496.380126953125,1123600,609.5653686523438,143.0,1.0,1.0,1.0,1.0,8.676388933066409e-05,1.0034854202790083e-05,,0,1.0,29.0
2025-07-01,491.93680065593753,498.745345312932,489.94766816499396,497.26092529296875,813500,609.3681030273438,141.0,1.0,1.0,1.0,1.0,0.0001255186319210199,3.5829135483286264e-05,,0,1.0,30.0
2025-07-02,494.4701691257029,497.8843167800308,491.7487326386327,491.95654296875,694400,612.130615234375,140.0,1.0,1.0,1.0,1.0,0.00015579829480958653,5.276930252702839e-05,,0,1.0,31.0
2025-07-03,491.83783622599566,499.833898826475,490.08623146416835,499.8141174316406,485200,616.9549560546875,139.0,1.0,1.0,1.0,1.0,0.00018941474774426914,6.115616926813363e-05,,0,1.0,32.0
2025-07-07,498.9630172328188,500.5068115007018,493.2628351971892,497.1520080566406,630300,612.3574829101562,137.0,1.0,1.0,1.0,1.0,0.00024431674121686253,5.7788871287032746e-05,,0,1.0,33.0
2025-07-08,497.02337857228446,499.4380374619249,492.6393988622264,493.8368225097656,536400,612.0220336914062,136.0,1.0,1.0,1.0,1.0,0.0002628431082494619,8.676388933066409e-05,,0,1.0,34.0
2025-07-09,495.5884308489315,497.2707552635018,493.4310509987416,497.0035705566406,441000,615.692138671875,134.0,1.0,1.0,1.0,1.0,0.0002753895305473187,0.0001255186319210199,,0,1.0,35.0
2025-07-10,495.9050912420026,503.2777221838704,494.1534866262883,500.46722412109375,617300,617.4285278320312,132.0,1.0,1.0,1.0,1.0,0.00024325169425322204,0.00015579829480958653,,0,1.0,36.0
2025-07-11,496.36037241317797,496.9739278546273,493.5696555337448,494.341552734375,455700,615.2579956054688,131.0,1.0,1.0,1.0,1.0,0.00021646084479180262,0.00018941474774426914,,0,1.0,37.0
2025-07-14,493.19356639854936,498.52759648352315,491.29352580990684,498.1911315917969,547200,616.43212890625,130.0,1.0,1.0,1.0,1.0,0.00018845408711186507,0.00024431674121686253,,0,1.0,38.0
2025-07-15,495.8853012174388,498.7156108247356,490.00699607980675,490.1356506347656,467000,613.7978515625,130.0,1.0,1.0,1.0,1.0,0.00015149634271559135,0.0002628431082494619,,0,1.0,39.0
2025-07-16,491.7487478406761,496.1723204935256,486.315780495452,495.0342712402344,704700,615.8499755859375,129.0,1.0,1.0,1.0,1.0,0.00014555735676141069,0.0002753895305473187,,0,1.0,40.0
2025-07-17,494.7076748620092,499.4182437602365,491.9961441267779,497.2113952636719,880900,619.6187133789062,127.0,1.0,1.0,1.0,1.0,0.00013798753780358216,0.00024325169425322204,,0,1.0,41.0
2025-07-18,497.587450385028,497.7754793240811,490.77890619358857,494.7076721191406,1949000,619.1649169921875,125.0,1.0,1.0,1.0,1.0,0.0001356184425052376,0.00021646084479180262,,0,1.0,42.0
2025-07-21,497.7754945118576,500.4672439208205,494.06444460247496,494.9649963378906,771600,620.3389282226562,123.0,1.0,1.0,1.0,1.0,0.00011659951123248748,0.00018845408711186507,,0,1.0,43.0
2025-07-22,493.9160096216191,495.41030518500577,487.6517404498735,493.935791015625,987800,620.4276733398438,122.0,1.0,1.0,1.0,1.0,9.086883073188843e-05,0.00015149634271559135,,0,1.0,44.0
2025-07-23,479.2598528176033,508.463321940501,475.5982713798755,502.6048278808594,1243800,625.7060546875,122.0,1.0,1.0,1.0,1.0,0.00010850970037207064,0.00014555735676141069,,0,1.0,45.0
2025-07-24,504.32672213061005,513.0946814204556,502.0803108251149,507.7607116699219,847000,625.9132080078125,121.0,1.0,1.0,1.0,1.0,0.00013602834409192133,0.00013798753780358216,,0,1.0,46.0
2025-07-25,507.5924139574237,510.8482802238801,506.6720808782088,507.62213134765625,688500,628.5572509765625,119.0,1.0,1.0,1.0,1.0,0.00016586537129134482,0.0001356184425052376,,0,1.0,47.0
2025-07-28,506.0189347440588,510.3534758538118,501.73392261824586,502.2287292480469,459200,628.3994140625,118.0,1.0,1.0,1.0,1.0,0.0001627063429352591,0.00011659951123248748,,0,1.0,48.0
2025-07-29,505.39553606317145,507.39451390252344,500.40787645980504,505.1976013183594,849300,626.7420043945312,117.0,1.0,1.0,1.0,1.0,0.00017892988782160666,9.086883073188843e-05,,0,1.0,49.0
2025-07-30,506.24657506688214,514.5197277215775,505.10852581709435,507.2955627441406,1155800,625.9526977539062,115.0,1.0,1.0,1.0,1.0,0.00019066320531111909,0.00010850970037207064,,0,1.0,50.0
2025-07-31,505.37572528973845,515.5885420463636,504.0199598673174,510.3732604980469,1260500,623.6046142578125,114.0,1.0,1.0,1.0,1.0,0.00021754865093407847,0.00013602834409192133,,0,1.0,51.0
2025-08-01,504.8908225704831,504.8908225704831,491.0362360788583,496.0733642578125,1115700,613.383544921875,119.0,1.0,1.0,1.0,1.0,0.0001843576538834382,0.00016586537129134482,,0,1.0,52.0
2025-08-04,499.4776158950663,515.1828040173419,496.805647958797,514.450439453125,886300,622.706787109375,127.0,1.0,1.0,1.0,1.0,0.00019341370095842634,0.0001627063429352591,,0,1.0,53.0
2025-08-05,515.4994145355769,516.7166799131053,509.1758317355178,510.4919738769531,841000,619.5496215820312,126.0,1.0,1.0,1.0,1.0,0.00016933524595005931,0.00017892988782160666,,0,1.0,54.0
2025-08-06,511.5014528853575,512.8572183573469,505.65283429986323,512.1051025390625,621100,624.2952270507812,124.0,1.0,1.0,1.0,1.0,0.00017898074013466427,0.00019066320531111909,,0,1.0,55.0
2025-08-07,515.9348707988765,517.7557858509504,506.9096023174035,508.7206115722656,609000,623.7723388671875,122.0,1.0,1.0,1.0,1.0,0.00013304099668228598,0.00021754865093407847,,0,1.0,56.0
2025-08-08,510.85813827780066,514.2129417924273,508.4533852561625,509.93780517578125,375100,628.6361694335938,121.0,1.0,1.0,1.0,1.0,0.00011797362066432002,0.0001843576538834382,,0,1.0,57.0
2025-08-11,511.0858067549036,512.9066614232134,505.6033405535563,506.3455505371094,591300,627.39306640625,119.0,1.0,1.0,1.0,1.0,9.354378396883853e-05,0.00019341370095842634,,0,1.0,58.0
2025-08-12,507.730946563859,513.9160290710208,507.37470030773363,510.68988037109375,588700,634.072265625,118.0,1.0,1.0,1.0,1.0,8.047200610998395e-05,0.00016933524595005931,,0,1.0,59.0
2025-08-13,514.599017075508,517.3600169803798,511.6994567851321,515.71728515625,520900,636.2428588867188,117.0,1.0,1.0,1.0,1.0,8.565556502664727e-05,0.00017898074013466427,,0,1.0,60.0
2025-08-14,511.3133921976314,517.637035675995,508.17633495141126,515.9052124023438,531900,636.3019409179688,115.0,1.0,1.0,1.0,1.0,0.0001417375359441863,0.00013304099668228598,,0,1.0,61.0
2025-08-15,516.9660632389471,518.4333173547575,511.8107659400065,512.0189819335938,410200,634.812255859375,114.0,1.0,1.0,1.0,1.0,0.0001865483132609861,0.00011797362066432002,,0,1.0,62.0
2025-08-18,511.09695427280786,512.0784315191265,504.3058215458293,504.8411865234375,542700,634.6741333007812,114.0,1.0,1.0,1.0,1.0,0.0001890932930372537,9.354378396883853e-05,,0,1.0,63.0
2025-08-19,506.76445593069,513.0102993625405,505.72346689780534,507.59722900390625,762800,631.23095703125,113.0,1.0,1.0,1.0,1.0,0.00015078341268194074,8.047200610998395e-05,,0,1.0,64.0
2025-08-20,506.21917477907556,511.8602480502855,506.21917477907556,510.5218811035156,471100,629.5537109375,111.0,1.0,1.0,1.0,1.0,0.00014440961376350117,8.565556502664727e-05,,0,1.0,65.0
2025-08-21,507.57744572610125,509.2727328005124,504.2463229559525,505.0890197753906,492700,627.028076171875,110.0,1.0,1.0,1.0,1.0,0.00012602711880781384,0.0001417375359441863,,0,1.0,66.0
2025-08-22,506.5166338190384,514.2098841743901,506.19937827207536,511.5727844238281,643000,636.6571655273438,110.0,1.0,1.0,1.0,1.0,0.00013299178382542395,0.0001865483132609861,,0,1.0,67.0
2025-08-25,511.6718856778653,512.9210604488411,504.61311636312917,505.61444091796875,723500,633.855224609375,110.0,1.0,4.0,1.0,2.0,0.00012970436002047366,0.0001890932930372537,,0,2.0,68.0
2025-08-26,504.077802113035,507.64682116594645,501.51004714524316,506.9925231933594,616500,636.5092163085938,108.0,1.0,4.0,1.0,2.0,0.00017227781205220595,0.00015078341268194074,,0,2.0,69.0
2025-08-27,506.35798320614833,509.0843355386337,505.48554561892854,505.683837890625,433300,637.95947265625,107.0,1.0,4.0,1.0,2.0,0.00019840121672023327,0.00014440961376350117,,0,2.0,70.0
2025-08-28,505.55497105816846,507.8649520692313,504.028205219776,505.0493469238281,506900,640.2188110351562,105.0,1.0,4.0,1.0,2.0,0.00023255750852277756,0.00012602711880781384,,0,2.0,71.0
2025-08-29,504.0678998852792,507.4981386902663,503.3739071203551,505.3765563964844,483600,636.400634765625,103.0,1.0,4.0,1.0,2.0,0.00026569094491375305,0.00013299178382542395,,0,2.0,72.0
2025-09-02,498.9919079853821,499.3289806605854,492.3197690400546,494.2133483886719,721800,631.6847534179688,106.0,1.0,4.0,1.0,2.0,0.00027062147943970107,0.00012970436002047366,,1,2.0,73.0
2025-09-03,492.06198119685524,493.9555604918752,488.8994402517845,492.1710510253906,556100,635.1082153320312,105.0,1.0,4.0,1.0,2.0,0.00026073132325813954,0.00017227781205220595,,0,2.0,74.0
2025-09-04,491.73484734127754,496.0474473155636,491.29862852403016,495.4625244140625,714300,640.4161376953125,104.0,1.0,4.0,1.0,2.0,0.00024021161013404942,0.00019840121672023327,,0,2.0,75.0
2025-09-05,497.90137140500855,499.43803072941694,488.7309128922016,494.7388000488281,565200,638.561279296875,102.0,1.0,4.0,1.0,2.0,0.0002227190894441612,0.00023255750852277756,,0,2.0,76.0
2025-09-08,494.8874820384032,504.2958969254892,493.5887493112084,503.26483154296875,735400,640.1300659179688,103.0,1.0,4.0,1.0,2.0,0.00021813806538439808,0.00026569094491375305,,0,2.0,77.0
2025-09-09,501.3216937604884,504.18682655648405,499.0613009757533,503.59197998046875,449900,641.60986328125,102.0,1.0,4.0,1.0,2.0,0.00022121658011526552,0.00027062147943970107,,0,2.0,78.0
2025-09-10,502.5312119702087,506.4571510256314,500.1617493191465,501.7281494140625,627500,643.4646606445312,101.0,1.0,4.0,1.0,2.0,0.00022202847344152482,0.00026073132325813954,,0,2.0,79.0
2025-09-11,503.5622774598171,515.0724279711293,500.21133740674406,514.2396850585938,844100,648.8119506835938,105.0,1.0,4.0,1.0,2.0,0.00023855789513764318,0.00024021161013404942,,0,2.0,80.0
2025-09-12,513.0103101599625,514.7848959134407,507.19076170468657,507.9045715332031,490200,648.5949096679688,104.0,1.0,1.0,1.0,1.0,0.00022492500663807828,0.0002227190894441612,,0,1.0,81.0
2025-09-15,508.24166511056063,509.5205504111564,503.8695535179773,504.3851013183594,589400,652.0480346679688,103.0,1.0,1.0,1.0,1.0,0.0002288156602811653,0.00021813806538439808,,0,1.0,82.0
2025-09-16,503.3342446666724,505.36660439198414,498.91257490731016,503.63165283203125,504200,651.1502075195312,102.0,1.0,1.0,1.0,1.0,0.00017241651566360285,0.00022121658011526552,,0,1.0,83.0
2025-09-17,508.20197474279524,512.6831259440967,504.75191915116994,507.36920166015625,553300,650.3412475585938,101.0,1.0,1.0,1.0,1.0,0.00015725946257959887,0.00022202847344152482,,0,1.0,84.0
2025-09-18,507.61707154068665,509.95676297332983,471.5994625006088,478.1724548339844,1854500,653.3799438476562,128.0,1.0,1.0,4.0,5.0,7.447144286588903e-05,0.00023855789513764318,,0,2.0,85.0
2025-09-19,480.80957809502405,483.33763807092134,475.8723911450396,476.60601806640625,2013100,656.615966796875,126.0,1.0,4.0,4.0,6.0,3.4610886125621985e-05,0.00022492500663807828,,0,2.0,86.0
2025-09-22,478.8466065639948,486.20281412202763,478.35090614312105,484.09112548828125,1200000,659.7225341796875,126.0,1.0,4.0,4.0,6.0,-1.9485253009906494e-05,0.0002288156602811653,,0,2.0,87.0
2025-09-23,484.09114866252014,485.56832630578987,469.8546161608219,472.68011474609375,947800,656.1312255859375,128.0,1.0,4.0,4.0,6.0,-2.584346494150232e-05,0.00017241651566360285,,0,2.0,88.0
2025-09-24,469.65635660524765,472.65037641453927,464.96701948278746,470.7171325683594,834200,654.0436401367188,127.0,1.0,4.0,4.0,6.0,-5.153873747562053e-05,0.00015725946257959887,,0,2.0,89.0
2025-09-25,470.66755800818976,472.6900242328432,466.1269553843276,468.6252746582031,594500,651.0263061523438,125.0,1.0,4.0,4.0,6.0,-5.973256496820373e-05,7.447144286588903e-05,,0,2.0,90.0
2025-09-26,470.3007807262917,474.98019435308254,469.0615295566454,472.6404724121094,520800,654.756103515625,124.0,1.0,4.0,4.0,6.0,2.465724234920536e-05,3.4610886125621985e-05,,0,2.0,91.0
2025-09-29,475.7138105004378,478.17249565672546,473.6120454055385,476.6853942871094,560300,656.59619140625,122.0,1.0,4.0,4.0,6.0,0.0001386433817211631,-1.9485253009906494e-05,,0,2.0,92.0
2025-09-30,475.6840419656005,476.64570200545677,469.7753013393992,472.3826904296875,599000,659.0695190429688,121.0,1.0,4.0,4.0,6.0,0.00022331584761600202,-2.584346494150232e-05,,0,2.0,93.0
2025-10-01,473.8598720775141,478.76731845535255,470.91541030184175,475.6939697265625,906200,661.3153686523438,120.0,1.0,4.0,4.0,6.0,0.00018168397600668053,-5.153873747562053e-05,-1.0,0,4.0,1.0
2025-10-02,471.32189359695775,479.6595785860182,469.904197606997,478.0237731933594,823400,662.0769653320312,118.0,1.0,4.0,4.0,6.0,0.00014610289603844803,-5.973256496820373e-05,-1.0,0,4.0,2.0
2025-10-03,478.2319800328982,483.90279449841904,476.09055041775525,480.8691101074219,716300,662.0672607421875,117.0,1.0,4.0,4.0,6.0,0.00011808590910279599,2.465724234920536e-05,-1.0,0,4.0,3.0
2025-10-06,481.6820352310557,484.20020203282877,479.1837158109309,479.29278564453125,859000,664.4415283203125,115.0,1.0,4.0,4.0,6.0,0.00012500050267735954,0.0001386433817211631,-1.0,0,4.0,4.0
2025-10-07,481.999267477196,485.0527990981731,479.69921019869565,484.22991943359375,923100,661.9781494140625,114.0,1.0,4.0,4.0,6.0,0.00012847587545156914,0.00022331584761600202,-1.0,0,4.0,5.0
2025-10-08,486.1532624330468,489.9404211941436,483.089837232627,485.87567138671875,807500,665.925537109375,113.0,1.0,4.0,4.0,6.0,0.00014380113481813182,0.00018168397600668053,-1.0,0,4.0,6.0
2025-10-09,488.1062869839094,491.68525975667984,486.6191857207137,488.2252502441406,644300,663.996337890625,111.0,1.0,4.0,4.0,6.0,0.0001919827075369712,0.00014610289603844803,-1.0,0,4.0,7.0
2025-10-10,492.1313828316068,492.6667477696021,479.580244262926,479.9371643066406,1002800,646.0499877929688,112.0,1.0,4.0,4.0,6.0,0.00021812799410465076,0.00011808590910279599,-1.0,0,4.0,8.0
2025-10-13,482.009193451419,483.7144041652623,462.38936167940705,469.64642333984375,1607800,655.9629516601562,114.0,1.0,4.0,4.0,6.0,0.00017595343771521833,0.00012500050267735954,-1.0,0,4.0,9.0
2025-10-14,468.0701227563078,479.3423464133523,467.56449860377745,477.1116943359375,1080500,655.16162109375,114.0,1.0,4.0,4.0,6.0,0.00015206414521224922,0.00012847587545156914,1.0,0,2.0,10.0
2025-10-15,476.95303404979825,482.0785897861604,473.5029481800225,474.3952331542969,759300,658.0702514648438,113.0,1.0,4.0,4.0,6.0,0.0001114256986407913,0.00014380113481813182,-1.0,0,4.0,11.0
2025-10-16,474.56376426490385,475.72371660258636,462.369545586963,464.5307922363281,818000,653.5887451171875,115.0,1.0,4.0,4.0,6.0,9.650683198431792e-05,0.0001919827075369712,-1.0,0,4.0,12.0
2025-10-17,466.27569207421374,470.92536485049635,462.18120139762266,466.989501953125,1380700,657.298583984375,113.0,1.0,4.0,4.0,6.0,5.916166183595974e-05,0.00021812799410465076,-1.0,0,4.0,13.0
2025-10-20,468.57570886042237,472.60079386175204,464.82818462971613,470.3800354003906,760300,664.1348876953125,112.0,1.0,4.0,4.0,6.0,2.7292750715341344e-05,0.00017595343771521833,-1.0,0,4.0,14.0
2025-10-21,473.0271008395996,482.40574457646136,470.5585223607119,480.7501220703125,1334200,664.1249389648438,114.0,1.0,4.0,4.0,6.0,3.592423143871078e-05,0.00015206414521224922,1.0,0,2.0,15.0
2025-10-22,479.1936170468343,484.6661389628756,467.35628822673254,468.72442626953125,1685800,660.6722412109375,118.0,1.0,4.0,4.0,6.0,1.5347482526454256e-05,0.0001114256986407913,-1.0,0,4.0,16.0
2025-10-23,471.4408960791986,478.03370639511485,466.45415047350315,475.178466796875,1078500,664.5899047851562,118.0,1.0,4.0,4.0,6.0,-7.749692971798228e-06,9.650683198431792e-05,-1.0,0,4.0,17.0
2025-10-24,479.7190711031769,487.5114676347288,477.85523257512966,486.5993957519531,748400,670.0213623046875,120.0,1.0,4.0,4.0,6.0,-1.3599310727469113e-05,5.916166183595974e-05,1.0,0,2.0,18.0
2025-10-27,490.7335009420844,492.55767488989727,488.86966248851496,490.8227233886719,703900,677.926025390625,119.0,1.0,4.0,4.0,6.0,1.8379551953926315e-05,2.7292750715341344e-05,1.0,0,2.0,19.0
2025-10-28,489.65293080875,493.0534288591728,486.3119143958446,486.5399475097656,777400,679.7265625,118.0,1.0,4.0,4.0,6.0,5.1633454316528725e-05,3.592423143871078e-05,-1.0,0,4.0,20.0
2025-10-29,482.8122199185775,484.3488791530127,465.0760439703476,467.643798828125,1223200,680.05322265625,128.0,1.0,4.0,4.0,6.0,4.1797296722124605e-06,1.5347482526454256e-05,-1.0,1,4.0,21.0
2025-10-30,470.19166131557523,483.33764601877397,468.823553582864,474.85125732421875,785900,672.5738525390625,128.0,1.0,4.0,4.0,6.0,-1.2084718444333603e-05,-7.749692971798228e-06,-1.0,0,4.0,22.0
2025-10-31,471.8374133196709,479.12421583503397,470.9253414534161,476.1698303222656,687600,674.7799682617188,126.0,1.0,4.0,4.0,6.0,-2.908119980783436e-05,-1.3599310727469113e-05,-1.0,0,4.0,23.0
2025-11-03,474.83146457734824,481.79108787773947,469.9537589252154,481.7712707519531,871600,676.04638671875,125.0,1.0,4.0,4.0,6.0,9.067652394856526e-06,1.8379551953926315e-05,1.0,0,2.0,24.0
2025-11-04,480.75014349685546,485.1123014580578,478.5789730794451,483.2682800292969,1127000,668.0328369140625,123.0,1.0,4.0,4.0,6.0,2.4866809294479863e-05,5.1633454316528725e-05,1.0,0,2.0,25.0
2025-11-05,482.8122204063519,485.13209479575585,478.70780630999275,482.27685546875,799300,670.3478393554688,122.0,1.0,4.0,4.0,6.0,4.539663527256802e-05,4.1797296722124605e-06,1.0,0,2.0,26.0
2025-11-06,478.7078200559343,484.46788707159925,475.32716963968716,478.06341552734375,577200,663.1554565429688,120.0,1.0,4.0,4.0,6.0,5.0313441050699425e-05,-1.2084718444333603e-05,1.0,0,2.0,27.0
2025-11-07,476.46727012375965,483.9523346836813,475.0495741231905,483.7838134765625,656100,663.8082885742188,120.0,1.0,4.0,4.0,6.0,3.691548295363436e-05,-2.908119980783436e-05,1.0,0,2.0,28.0
2025-11-10,482.8419882636741,483.4863928098507,476.0310687924739,480.7600402832031,572600,674.1666259765625,118.0,1.0,4.0,4.0,6.0,2.544850924496127e-05,9.067652394856526e-06,-1.0,0,4.0,29.0
2025-11-11,482.6734344999232,490.75337615368875,481.24584501840997,488.7606506347656,575200,675.7100219726562,119.0,1.0,1.0,4.0,5.0,6.430413179627008e-05,2.4866809294479863e-05,1.0,0,1.0,1.0
2025-11-12,490.14858635333525,494.70903642754575,486.1929065453133,486.61920166015625,904100,676.0859985351562,117.0,1.0,1.0,4.0,5.0,9.114810827143526e-05,4.539663527256802e-05,1.0,0,1.0,2.0
2025-11-13,486.054104241691,489.3951506607731,481.136764290709,486.5498046875,827100,664.8670043945312,115.0,1.0,1.0,4.0,5.0,0.00012546528165540357,5.0313441050699425e-05,1.0,0,1.0,3.0
2025-11-14,485.87565185159497,486.2523890254263,474.4646180833489,475.3569030761719,756100,664.7581176757812,118.0,1.0,1.0,4.0,5.0,7.282285118909789e-05,3.691548295363436e-05,-1.0,0,2.0,4.0
2025-11-17,475.3569069053335,476.9034898644595,466.87051775597155,468.0601806640625,774600,658.56494140625,118.0,1.0,4.0,4.0,6.0,1.604105185170884e-05,2.544850924496127e-05,-1.0,0,4.0,1.0
2025-11-18,464.8976009547526,469.27960609589576,462.3893579733172,466.1170349121094,680700,653.03466796875,117.0,1.0,4.0,4.0,6.0,-5.617606125464902e-05,6.430413179627008e-05,-1.0,0,4.0,2.0
2025-11-19,466.4937961079193,470.3602536344423,464.0251872502833,468.7938232421875,695000,655.5574951171875,115.0,1.0,4.0,4.0,6.0,-7.575582372898884e-05,9.114810827143526e-05,-1.0,0,4.0,3.0
2025-11-20,473.919371522094,476.39787377473664,468.55588901675685,470.4395446777344,842500,645.5652465820312,113.0,1.0,4.0,4.0,6.0,-8.384310314981655e-05,0.00012546528165540357,1.0,0,2.0,4.0
2025-11-21,473.0421651318617,480.19440125109963,470.41965733416396,476.4692687988281,707600,651.995849609375,113.0,1.0,4.0,4.0,6.0,-5.501677051724363e-05,7.282285118909789e-05,1.0,0,2.0,5.0
2025-11-24,476.8169671997389,478.28716376207905,473.4891760531161,475.57525634765625,1519000,661.59228515625,111.0,1.0,4.0,4.0,6.0,-2.5907291076657153e-05,1.604105185170884e-05,-1.0,0,4.0,6.0
2025-11-25,478.3368407839816,484.1182540372863,477.3335286711853,482.44940185546875,473600,667.815185546875,112.0,1.0,4.0,4.0,6.0,7.024185839518777e-06,-5.617606125464902e-05,1.0,0,2.0,7.0
2025-11-26,481.73418266041057,487.57516538770057,477.7408209232861,483.89971923828125,548200,672.4254760742188,110.0,4.0,1.0,4.0,11.0,2.350357150858397e-05,-7.575582372898884e-05,-1.0,0,2.0,8.0
2025-11-28,484.26723410243295,490.4459885378456,483.9294923872427,487.5254821777344,278600,676.0958251953125,109.0,4.0,1.0,4.0,11.0,6.186554214739359e-05,-8.384310314981655e-05,1.0,0,2.0,9.0
2025-12-01,484.5354563842876,490.7340978976963,482.56860569304746,484.00897216796875,1037000,673.0091552734375,108.0,1.0,1.0,3.0,3.0,8.490585067754937e-05,-5.501677051724363e-05,-1.0,0,1.0,1.0
2025-12-02,485.31026375385153,488.5585987878168,482.4791872256304,484.60498046875,717700,674.2557373046875,106.0,1.0,1.0,3.0,3.0,0.00010186735836016963,-2.5907291076657153e-05,-1.0,0,1.0,2.0
2025-12-03,484.63478399145083,489.29368563094255,484.038756706967,488.7473449707031,545400,676.5905151367188,105.0,1.0,1.0,3.0,3.0,8.907737775585877e-05,7.024185839518777e-06,1.0,0,1.0,3.0
2025-12-04,488.3499807633283,491.71751526767315,484.3268495826758,486.234130859375,466000,677.085205078125,104.0,1.0,1.0,3.0,3.0,0.00011259900682118035,2.350357150858397e-05,-1.0,0,1.0,4.0
2025-12-05,485.0619447532242,494.6976336798999,483.9493766122489,493.20758056640625,557100,678.3712768554688,104.0,1.0,1.0,3.0,3.0,0.0001395117264481,6.186554214739359e-05,1.0,0,1.0,5.0
2025-12-08,490.81355718144664,491.32018493978825,481.05866887755235,483.89971923828125,496200,676.3333740234375,106.0,1.0,1.0,3.0,3.0,0.00013348672650578046,8.490585067754937e-05,-1.0,0,1.0,6.0
2025-12-09,484.13808302377873,488.57844218373236,483.0950580481356,483.14471435546875,619000,675.7495727539062,104.0,1.0,1.0,3.0,3.0,9.506974553571451e-05,0.00010186735836016963,-1.0,0,1.0,7.0
2025-12-10,482.50899436255673,483.124878112248,470.32034089062,476.8070373535156,2442500,680.2312622070312,104.0,1.0,1.0,3.0,3.0,4.5467364447835134e-05,8.907737775585877e-05,-1.0,0,1.0,8.0
2025-12-11,479.3103297617465,486.1844240260785,477.8103333594817,482.2904357910156,663800,681.8141479492188,104.0,1.0,1.0,3.0,3.0,6.179207579949138e-05,0.00011259900682118035,-1.0,0,1.0,9.0
2025-12-12,482.9361148241601,486.24401914683716,480.7904348654483,483.3731994628906,736500,674.4832763671875,102.0,1.0,1.0,3.0,3.0,6.0100522811855945e-05,0.0001395117264481,1.0,0,1.0,10.0
2025-12-15,486.7506641877003,486.7506641877003,482.9162755476435,484.2672424316406,1028200,673.4641723632812,101.0,1.0,1.0,3.0,3.0,7.758448623943228e-05,0.00013348672650578046,1.0,0,1.0,11.0
2025-12-16,491.21088360249996,495.28370137567464,488.1612647030064,489.73077392578125,892800,671.6240844726562,101.0,1.0,1.0,3.0,3.0,6.972380864297442e-05,9.506974553571451e-05,1.0,0,1.0,12.0
2025-12-17,488.38972335778925,500.56843352178873,488.0420382440058,495.7108459472656,1279300,664.2337646484375,100.0,1.0,1.0,1.0,1.0,9.32626642135285e-05,4.5467364447835134e-05,1.0,0,1.0,13.0
2025-12-18,498.6015526122993,502.21742929176844,493.96253768261994,494.3896789550781,1092600,669.2496337890625,99.0,1.0,1.0,1.0,1.0,8.573852402684837e-05,6.179207579949138e-05,1.0,0,1.0,14.0
2025-12-19,495.40291050530715,501.8498941728622,495.33339773381346,499.7439270019531,1297100,675.3153686523438,99.0,1.0,1.0,1.0,1.0,9.242898683989981e-05,6.0100522811855945e-05,1.0,0,1.0,15.0
2025-12-22,498.2439494144646,509.1114054892189,496.67440988161684,506.2703552246094,540600,679.5224609375,99.0,1.0,1.0,1.0,1.0,0.00010999738499892567,7.758448623943228e-05,1.0,0,1.0,16.0
2025-12-23,505.4955370827394,512.4690049180032,504.88959671317673,511.9723205566406,568700,682.6282348632812,99.0,1.0,1.0,1.0,1.0,0.0001560971993326471,6.972380864297442e-05,1.0,0,1.0,17.0
2025-12-24,512.5783123204449,515.3200199709333,510.11477704281015,513.849853515625,294500,685.0294799804688,97.0,1.0,1.0,1.0,1.0,0.00017878307363511825,9.32626642135285e-05,1.0,0,1.0,18.0
2025-12-26,513.770297543264,517.4258870393376,512.4888131323205,516.5914306640625,347700,684.9599609375,96.0,1.0,1.0,1.0,1.0,0.00020119560268606288,8.573852402684837e-05,1.0,0,1.0,19.0
2025-12-29,517.1974027248127,518.8860808956093,514.8331805292058,515.617919921875,361200,682.51904296875,95.0,1.0,1.0,1.0,1.0,0.00020881093338819996,9.242898683989981e-05,1.0,0,1.0,20.0
2025-12-30,513.5716058654342,515.6179429142657,511.89281037655695,512.3298950195312,546800,681.685546875,94.0,1.0,1.0,1.0,1.0,0.0002227179454398536,0.00010999738499892567,1.0,0,1.0,21.0
2025-12-31,511.40607726338465,512.9854995305476,507.3928592596642,507.46240234375,519200,676.635009765625,93.0,1.0,1.0,1.0,1.0,0.00022916540269122407,0.0001560971993326471,1.0,0,1.0,22.0
2026-01-02,506.3399130970635,506.8465408530605,493.2969767488611,495.671142578125,753500,677.8753051757812,97.0,1.0,1.0,1.0,1.0,0.0002010014828436888,0.00017878307363511825,-1.0,1,1.0,23.0
2026-01-05,499.16777450818444,529.5052329468671,496.6843527444621,523.3861083984375,1284400,682.3900756835938,121.0,1.0,1.0,4.0,5.0,0.00023121746933342228,0.00020119560268606288,1.0,0,1.0,24.0
2026-01-06,523.05828323733,530.6476347491773,520.7735473255516,529.3662109375,789000,686.4484252929688,120.0,1.0,1.0,4.0,5.0,0.0002592809582657231,0.00020881093338819996,1.0,0,1.0,25.0
2026-01-07,531.7304562510707,536.4191276718242,527.7768073776947,527.9158935546875,681700,684.2356567382812,119.0,1.0,1.0,4.0,5.0,0.00031456964645790213,0.0002227179454398536,1.0,0,1.0,26.0
2026-01-08,526.972160591557,533.5780868068978,526.0483349610786,527.6476440429688,660300,684.1661987304688,117.0,1.0,1.0,4.0,5.0,0.0003135922378878628,0.00022916540269122407,1.0,0,1.0,27.0
2026-01-09,527.7767749269918,533.7072175572101,527.3595770520823,528.084716796875,654000,688.6908569335938,115.0,1.0,1.0,4.0,5.0,0.00029709881705676256,0.0002010014828436888,1.0,0,1.0,28.0
2026-01-12,523.9721169369507,532.683979136882,523.0085784780584,531.5714111328125,657100,689.7723999023438,114.0,1.0,1.0,4.0,5.0,0.00030291992712317296,0.00023121746933342228,1.0,0,1.0,29.0
2026-01-13,532.2668485780893,532.3761045888125,524.3000118361193,531.3529663085938,755800,688.3932495117188,112.0,1.0,1.0,4.0,5.0,0.00028981107645577976,0.0002592809582657231,1.0,0,1.0,30.0
2026-01-14,528.3728196961301,534.0052030771393,525.492026301669,532.4257202148438,671100,685.009521484375,110.0,1.0,1.0,4.0,5.0,0.00028839911777381013,0.00031456964645790213,1.0,0,1.0,31.0
2026-01-15,534.7005971222769,543.2534871990895,532.7635160037644,536.0316772460938,701300,686.8750610351562,109.0,1.0,1.0,4.0,5.0,0.00028776292428478814,0.0003135922378878628,1.0,0,1.0,32.0
2026-01-16,536.0217358938871,537.7104748402968,531.0450095470611,535.3462524414062,651900,686.2994995117188,108.0,1.0,1.0,4.0,5.0,0.00029854968350433636,0.00029709881705676256,1.0,0,1.0,33.0
2026-01-20,525.382799097193,531.0548957089497,510.88952273362867,513.86962890625,950500,672.3286743164062,120.0,1.0,4.0,4.0,6.0,0.00024829049427036555,0.00030291992712317296,-1.0,0,4.0,1.0
2026-01-21,516.6609941825121,527.0218227321562,515.240484178184,521.3397827148438,611100,680.0880737304688,120.0,1.0,4.0,4.0,6.0,0.00019505880038543936,0.00028981107645577976,-1.0,0,4.0,2.0
2026-01-22,524.6874221853489,530.2999796578421,522.5417724457565,526.7238159179688,612400,683.6402587890625,119.0,1.0,4.0,4.0,6.0,0.00016324487220675932,0.00028839911777381013,1.0,0,2.0,3.0
2026-01-23,525.4026424006867,528.42252222436,517.7735776252891,520.56494140625,590400,683.8883666992188,118.0,1.0,4.0,4.0,6.0,0.00019265280804055696,0.00028776292428478814,-1.0,0,4.0,4.0
2026-01-26,521.0715650546063,525.2238391489215,517.5451181224655,521.935791015625,445600,687.3612060546875,116.0,1.0,4.0,4.0,6.0,0.00020849568637057122,0.00029854968350433636,-1.0,0,4.0,5.0
2026-01-27,520.2371918845643,522.4424415002,514.902806321965,515.4292602539062,727800,690.099853515625,116.0,1.0,4.0,4.0,6.0,0.00018712100078119642,0.00024829049427036555,-1.0,0,4.0,6.0
2026-01-28,513.2835216500869,517.783449972478,510.47227147797037,513.194091796875,726600,690.0303344726562,114.0,1.0,4.0,4.0,6.0,0.00015400863645347656,0.00019505880038543936,-1.0,0,4.0,7.0
2026-01-29,514.0286022246768,517.833160787226,506.1809650456332,512.0319213867188,904600,688.6610717773438,113.0,1.0,4.0,4.0,6.0,0.00012820377988771313,0.00016324487220675932,-1.0,0,4.0,8.0
2026-01-30,509.6080962091679,515.4491091270244,506.60810327620754,512.1411743164062,662100,686.6071166992188,111.0,1.0,4.0,4.0,6.0,0.00011130926002651799,0.00019265280804055696,-1.0,0,4.0,9.0
2026-02-02,512.7273423280307,517.8133858521943,509.88626141466267,513.621337890625,806200,690.0204467773438,109.0,1.0,4.0,4.0,6.0,0.00010444889095326971,0.00020849568637057122,-1.0,0,4.0,10.0
2026-02-03,499.37638835908575,499.37638835908575,466.5157639390095,467.92633056640625,2247700,684.18603515625,166.0,4.0,4.0,4.0,12.0,1.0070796200061709e-05,0.00018712100078119642,-1.0,1,4.0,11.0
2026-02-04,464.33033548782106,464.48927812152164,447.1649251458591,458.1515808105469,3180400,680.8719482421875,166.0,4.0,4.0,4.0,12.0,-9.871935426299958e-05,0.00015400863645347656,-1.0,1,4.0,12.0
2026-02-05,462.75086123044963,468.77067299272613,439.76432578996935,454.66485595703125,2568500,672.3682861328125,164.0,4.0,4.0,4.0,12.0,-0.00022018269716073862,0.00012820377988771313,-1.0,0,4.0,13.0
2026-02-06,458.41978484234755,462.4826590656849,444.5424233068946,449.4893798828125,1836500,685.2676391601562,163.0,4.0,4.0,4.0,12.0,-0.0002637096367838876,0.00011130926002651799,-1.0,0,4.0,14.0
2026-02-09,449.04240581046236,453.3138791911607,443.14179317355234,446.48944091796875,1887900,688.5718383789062,160.0,4.0,4.0,4.0,12.0,-0.0002866858373429425,0.00010444889095326971,-1.0,0,4.0,15.0
2026-02-10,413.52945478825256,423.473054624711,406.22818895364594,416.1817321777344,3939300,686.7559814453125,185.0,4.0,4.0,4.0,12.0,-0.00033046562945178307,1.0070796200061709e-05,-1.0,1,4.0,16.0
2026-02-11,415.5956361389902,420.66182230348704,407.84737281578697,409.4963684082031,2002700,686.5972290039062,183.0,4.0,4.0,4.0,12.0,-0.0003773433069092405,-9.871935426299958e-05,-1.0,0,4.0,17.0
2026-02-12,410.4003819782681,414.9599409257405,399.6123815354206,412.3374328613281,2082700,675.9900512695312,181.0,4.0,4.0,4.0,12.0,-0.0004141562122946994,-0.00022018269716073862,-1.0,0,4.0,18.0
2026-02-13,413.4897225916096,427.94322509305334,413.4897225916096,423.6121520996094,2273100,676.4663696289062,182.0,4.0,4.0,4.0,12.0,-0.0004038056295472925,-0.0002637096367838876,-1.0,0,4.0,19.0
2026-02-17,427.396894110667,430.65514231742645,417.9598912192054,420.41351318359375,1933400,677.5578002929688,180.0,4.0,4.0,4.0,12.0,-0.00037742345109205563,-0.0002866858373429425,-1.0,0,4.0,20.0
2026-02-18,435.9299357792728,448.9927286938422,431.62866245841644,447.7709045410156,2360000,680.97119140625,197.0,4.0,4.0,4.0,12.0,-0.0003247804758439967,-0.00033046562945178307,1.0,0,4.0,21.0
2026-02-19,450.2245135898504,450.2245135898504,438.37360178095014,446.3106384277344,1605800,679.1751708984375,194.0,4.0,4.0,4.0,12.0,-0.00029203864473447663,-0.0003773433069092405,1.0,0,4.0,22.0
2026-02-20,443.7874909892664,448.93313386095696,438.9994463178284,444.85040283203125,1064900,684.0867919921875,191.0,4.0,4.0,4.0,12.0,-0.00026556686938693084,-0.0004141562122946994,1.0,0,4.0,23.0
2026-02-23,442.128545331775,448.11855761962255,433.39685593666724,434.2113952636719,1405100,677.1013793945312,191.0,4.0,4.0,4.0,12.0,-0.00028687068594411476,-0.0004038056295472925,-1.0,0,4.0,24.0
2026-02-24,435.115345453099,450.1251622185565,433.9531210549084,449.5688781738281,1506800,682.0228881835938,194.0,4.0,4.0,4.0,12.0,-0.00027542682515476423,-0.00037742345109205563,1.0,0,4.0,25.0
2026-02-25,451.9827801614731,462.9594926964541,451.4761523993265,460.2972717285156,1752900,687.7780151367188,194.0,4.0,4.0,4.0,12.0,-0.0002472219255311366,-0.0003247804758439967,1.0,0,4.0,26.0
2026-02-26,464.78730049751147,478.6050325828977,464.78730049751147,476.2904968261719,1744500,683.9578247070312,197.0,4.0,1.0,4.0,11.0,-0.00018564182199030398,-0.00029203864473447663,1.0,0,2.0,27.0
2026-02-27,471.9097519293323,480.71101474325803,469.9230144462584,474.4229736328125,1788400,680.6734619140625,194.0,4.0,1.0,4.0,11.0,-0.00015516275259417362,-0.00026556686938693084,1.0,0,2.0,28.0
2026-03-02,467.3946351001904,469.86352504694077,460.9237828570568,464.0098876953125,1974000,681.0604858398438,193.0,4.0,1.0,4.0,11.0,-0.00015962897096328285,-0.00028687068594411476,1.0,1,2.0,29.0
2026-03-03,456.17516883316193,466.8968619541951,452.36232669994445,462.2179260253906,1786400,675.0573120117188,190.0,4.0,1.0,4.0,11.0,-0.00018802330002641118,-0.00027542682515476423,1.0,0,2.0,30.0
2026-03-04,463.7808924061402,473.83560701126873,461.6505046148095,468.8978576660156,1395100,679.8201293945312,189.0,4.0,1.0,4.0,11.0,-0.00019249301228098793,-0.0002472219255311366,1.0,0,2.0,31.0
2026-03-05,464.5175925566426,475.1596584240615,464.1393220889866,467.9421691894531,1904100,676.0297241210938,186.0,4.0,1.0,4.0,11.0,-0.00019080610066595104,-0.00018564182199030398,1.0,0,2.0,32.0
2026-03-06,461.86952116566835,470.59021803874253,458.4349798483891,469.8535461425781,1434600,667.1689453125,183.0,4.0,1.0,4.0,11.0,-0.00018205137619374884,-0.00015516275259417362,1.0,0,2.0,33.0
2026-03-09,462.35729522600394,465.03523477992263,445.51315690348315,460.6151428222656,1297900,673.0133056640625,182.0,4.0,1.0,4.0,11.0,-0.0002019110523944149,-0.00015962897096328285,-1.0,0,2.0,34.0
2026-03-10,459.1816283077439,459.1816283077439,445.6326738687737,450.20208740234375,1282800,671.9317016601562,182.0,4.0,1.0,4.0,11.0,-0.00022108302888385512,-0.00018802330002641118,-1.0,0,2.0,35.0
2026-03-11,449.97311622575984,453.71626514451555,428.3903421902003,443.9303283691406,1562600,671.08837890625,181.0,4.0,1.0,4.0,11.0,-0.000251534157913963,-0.00019249301228098793,-1.0,0,2.0,36.0
2026-03-12,437.08116095222437,437.08116095222437,420.26691638410534,424.5575866699219,2460100,660.89794921875,188.0,4.0,4.0,4.0,12.0,-0.00027667170887683005,-0.00019080610066595104,-1.0,0,4.0,37.0
2026-03-13,428.9179556364474,430.87912282738455,425.1349776579134,428.08172607421875,1265300,657.1571655273438,186.0,4.0,4.0,4.0,12.0,-0.00028210932065668074,-0.00018205137619374884,-1.0,0,4.0,38.0
2026-03-16,431.8547026791429,437.09112503355635,430.3017006026002,430.74969482421875,1129500,663.844970703125,183.0,4.0,4.0,4.0,12.0,-0.0002827769651949647,-0.0002019110523944149,-1.0,0,4.0,39.0
2026-03-17,435.45847960993586,444.1891411362867,434.24394927208834,439.0522766113281,1109900,665.5912475585938,182.0,4.0,4.0,4.0,12.0,-0.0002615520098260521,-0.00022108302888385512,-1.0,0,4.0,40.0
2026-03-18,433.9154187004731,442.3673371820866,432.9000036342942,436.702880859375,1432000,656.3038330078125,180.0,4.0,4.0,4.0,12.0,-0.00022119311677749152,-0.000251534157913963,1.0,0,4.0,41.0
2026-03-19,429.66461611848837,439.1817445314145,429.66461611848837,433.84576416015625,1217000,654.6864624023438,177.0,4.0,4.0,4.0,12.0,-0.00017298922934638685,-0.00027667170887683005,-1.0,0,4.0,42.0
2026-03-20,433.6267519964016,437.3599361878583,430.35152693988965,433.1688232421875,1899900,645.3009643554688,175.0,4.0,4.0,4.0,12.0,-0.0001456640955721048,-0.00028210932065668074,1.0,0,4.0,43.0
2026-03-23,441.2523540325815,444.3981871825191,436.1652835625711,439.09210205078125,1215800,652.07666015625,173.0,4.0,4.0,4.0,12.0,-0.00013135467579590307,-0.0002827769651949647,1.0,0,4.0,44.0
2026-03-24,434.81139914658763,434.81139914658763,424.5774985469945,426.5386657714844,1393200,649.8877563476562,175.0,4.0,4.0,4.0,12.0,-0.00013593093123430392,-0.0002615520098260521,-1.0,1,4.0,45.0
2026-03-25,431.46647323840097,436.5535440012102,420.4560717702519,426.1304931640625,1124100,653.5094604492188,172.0,4.0,4.0,4.0,12.0,-0.00011179706107929722,-0.00022119311677749152,-1.0,0,4.0,46.0
2026-03-26,422.07878405530374,433.13894959742635,422.07878405530374,430.341552734375,1281000,641.838623046875,170.0,4.0,4.0,4.0,12.0,-8.561473956076514e-05,-0.00017298922934638685,1.0,0,4.0,47.0
2026-03-27,425.8915889875538,429.5152808867799,420.3067602336474,422.9349060058594,1125300,630.89404296875,170.0,4.0,4.0,4.0,12.0,-6.476825511939002e-05,-0.0001456640955721048,1.0,0,4.0,48.0
2026-03-30,427.02647444265034,433.74620546132365,425.4037789801875,430.112548828125,950700,628.78466796875,169.0,4.0,4.0,4.0,12.0,-6.984875734133262e-05,-0.00013135467579590307,1.0,0,4.0,49.0
2026-03-31,436.56350630975857,437.3897709876299,425.22459808723806,434.2937316894531,1008500,647.0621337890625,167.0,4.0,4.0,4.0,12.0,-8.335749387595178e-05,-0.00013593093123430392,1.0,0,4.0,50.0
2026-04-01,435.8069277974974,438.544596165636,424.05985386104925,436.8124084472656,1111700,651.9373779296875,164.0,4.0,4.0,4.0,12.0,-9.856243363653907e-05,-0.00011179706107929722,1.0,0,4.0,51.0
2026-04-02,430.48092325090533,443.69140598701375,428.0817267075282,438.8133850097656,793900,652.5244750976562,162.0,4.0,4.0,4.0,12.0,-0.00011128760915883342,-8.561473956076514e-05,1.0,0,4.0,52.0
2026-04-06,437.2106001637234,443.52216637837864,436.4938276078875,442.1085510253906,457200,655.6087646484375,160.0,4.0,4.0,4.0,12.0,-0.00011613410754095716,-6.476825511939002e-05,1.0,0,4.0,53.0
2026-04-07,440.2568656349019,442.2180328334269,434.8113933899121,436.035888671875,685500,655.8972778320312,159.0,4.0,4.0,4.0,12.0,-9.007700873318381e-05,-6.984875734133262e-05,-1.0,0,4.0,54.0
2026-04-08,448.2309737774629,452.88004577361437,443.4226459937457,445.6127624511719,786700,672.6027221679688,159.0,4.0,1.0,4.0,11.0,-7.360775632180769e-05,-8.335749387595178e-05,-1.0,0,2.0,55.0
2026-04-09,441.47137525754613,443.4226078658461,430.0926383184958,436.2548828125,949600,676.4830322265625,159.0,4.0,1.0,4.0,11.0,-9.520213266015253e-05,-9.856243363653907e-05,-1.0,1,2.0,56.0
2026-04-10,434.23400449509484,436.90197933428965,422.4968656454245,425.4933776855469,1061900,676.0353393554688,161.0,4.0,1.0,4.0,11.0,-0.0001491922310137393,-0.00011128760915883342,-1.0,0,2.0,57.0
2026-04-13,423.35301539758484,437.96717855092635,423.35301539758484,437.6386413574219,710700,682.6417846679688,163.0,4.0,1.0,4.0,11.0,-0.00017598522927904887,-0.00011613410754095716,-1.0,0,2.0,58.0
2026-04-14,438.6739936277768,441.91938457969,434.2638663028158,436.0956115722656,890200,690.959716796875,161.0,4.0,1.0,4.0,11.0,-0.00017466475122205922,-9.007700873318381e-05,-1.0,0,2.0,59.0
2026-04-15,437.56900781061705,447.96219482662826,437.06128504868457,444.806396484375,792400,696.412109375,160.0,4.0,1.0,4.0,11.0,-0.00014280310890180074,-7.360775632180769e-05,-1.0,0,2.0,60.0
2026-04-16,447.9820505576934,453.3179999549204,444.77648889180705,446.4091491699219,932100,698.1234130859375,158.0,4.0,1.0,4.0,11.0,-0.00012829896317754258,-9.520213266015253e-05,-1.0,0,2.0,61.0
2026-04-17,450.23196542908977,457.21051021818323,448.17124052325823,453.30810546875,1539800,706.5607299804688,157.0,4.0,1.0,3.0,9.0,-0.00010902608075665067,-0.0001491922310137393,-1.0,0,2.0,62.0
2026-04-20,451.6455821359572,458.95266415945633,450.6301669991003,457.84765625,1209000,705.1477661132812,155.0,4.0,1.0,3.0,9.0,-0.00010011765235150854,-0.00017598522927904887,1.0,0,1.0,1.0
2026-04-21,459.8287222208584,471.2572540517285,456.9218332227503,457.5290832519531,1687900,700.53125,153.0,4.0,1.0,3.0,9.0,-9.154817552633821e-05,-0.00017466475122205922,1.0,0,1.0,2.0
2026-04-22,472.1432373705007,480.3761719542849,462.4867529557532,464.6271057128906,1583100,707.6253051757812,152.0,4.0,1.0,3.0,9.0,-6.126379061451731e-05,-0.00014280310890180074,1.0,0,1.0,3.0
2026-04-23,458.6539947555009,460.923769337441,446.0009987085867,450.321533203125,1249200,704.8792114257812,156.0,4.0,1.0,3.0,9.0,-3.2749338636795906e-05,-0.00012829896317754258,-1.0,1,2.0,4.0
2026-04-24,451.0681603049832,456.79237546017157,451.0681603049832,454.0049133300781,792900,710.3414916992188,154.0,4.0,1.0,3.0,9.0,1.6097112718957505e-05,-0.00010902608075665067,-1.0,0,2.0,5.0
2026-04-27,451.874530366883,460.724649050523,451.874530366883,458.67388916015625,1157700,711.5653686523438,152.0,4.0,1.0,3.0,9.0,3.891391420497616e-05,-0.00010011765235150854,-1.0,0,2.0,6.0
2026-04-28,462.85506441581265,468.5295159652657,455.47828955381465,455.93621826171875,1281500,708.1029052734375,150.0,4.0,1.0,3.0,9.0,5.216389209891965e-05,-9.154817552633821e-05,-1.0,0,2.0,7.0
2026-04-29,454.7316684387922,460.1074472396807,450.70977643159216,458.0467224121094,1080800,707.993408203125,148.0,4.0,1.0,3.0,9.0,3.385454251421e-05,-6.126379061451731e-05,1.0,0,1.0,8.0
2026-04-30,454.8909449468656,460.74458210523136,451.90439785633026,459.7789306640625,1070800,715.0377197265625,146.0,4.0,1.0,3.0,9.0,1.5287570269365914e-05,-3.2749338636795906e-05,-1.0,0,2.0,9.0
2026-05-01,464.2985989305405,467.7729391291038,453.6963320321966,453.7261962890625,811300,717.0177001953125,145.0,4.0,1.0,3.0,9.0,6.595536268034607e-06,1.6097112718957505e-05,-1.0,0,2.0,10.0
2026-05-04,451.93429557667287,458.76351917996874,447.1657665290826,447.5440673828125,771900,714.3909912109375,144.0,4.0,1.0,3.0,9.0,-1.1687302776480987e-05,3.891391420497616e-05,-1.0,0,2.0,11.0
2026-05-05,447.9920382267491,458.4349883925108,440.23696227263656,452.51165771484375,1126900,720.1220092773438,143.0,4.0,1.0,3.0,9.0,-2.5419583451918227e-05,5.216389209891965e-05,-1.0,0,2.0,12.0
2026-05-06,456.2348941622814,457.92725260716213,444.8760564915635,446.628173828125,1216700,730.1312866210938,142.0,4.0,1.0,3.0,9.0,-3.994881835854711e-05,3.385454251421e-05,-1.0,0,2.0,13.0
2026-05-07,444.07965927253895,455.9462205639069,442.54658686791265,455.0502624511719,1033400,727.8926391601562,142.0,4.0,4.0,3.0,10.0,-1.0505867466157766e-05,1.5287570269365914e-05,-1.0,0,4.0,1.0
2026-05-08,455.05025288364027,457.08111350900907,444.95570865173676,449.2961730957031,762800,733.9021606445312,141.0,4.0,4.0,3.0,10.0,-4.933756938259412e-06,6.595536268034607e-06,-1.0,0,4.0,2.0
2026-05-11,446.150353930493,450.6500743020861,444.35840730480226,446.37933349609375,924500,735.5736694335938,139.0,4.0,4.0,3.0,10.0,1.84610000979087e-05,-1.1687302776480987e-05,-1.0,0,4.0,3.0
2026-05-12,447.59379448860835,456.6131945840404,445.20456291040625,449.7242126464844,1030700,734.4593505859375,138.0,4.0,4.0,3.0,10.0,1.8162710432970383e-05,-2.5419583451918227e-05,-1.0,0,4.0,4.0
2026-05-13,444.866077888562,445.3439363421716,430.41120145005044,436.35443115234375,1043900,738.5685424804688,142.0,4.0,4.0,3.0,10.0,-5.0281682785153105e-08,-3.994881835854711e-05,-1.0,0,4.0,5.0
2026-05-14,438.53462033564176,441.461438854735,430.43110814694404,430.7397155761719,1108900,744.3989868164062,141.0,4.0,4.0,3.0,10.0,-4.72125212547628e-05,-1.0505867466157766e-05,-1.0,0,4.0,6.0
2026-05-15,431.56798133499535,437.30585552487247,425.3111842500589,427.9955139160156,1262500,735.4443969726562,139.0,4.0,4.0,3.0,10.0,-0.00010640267020634714,-4.933756938259412e-06,-1.0,0,4.0,7.0
2026-05-18,426.1095353154525,442.6745050384201,426.1095353154525,442.4749450683594,1107400,734.927001953125,144.0,4.0,4.0,3.0,10.0,-0.00010978755249998672,1.84610000979087e-05,-1.0,0,4.0,8.0
2026-05-19,444.80000628040284,447.05525009959706,433.37417050403167,433.57373046875,1316400,730.03173828125,145.0,4.0,4.0,3.0,10.0,-0.00010615646632152768,1.8162710432970383e-05,-1.0,0,4.0,9.0
2026-05-20,433.45398286769785,444.5106340909004,426.9876675727687,443.3330993652344,1162000,737.5138549804688,146.0,4.0,4.0,3.0,10.0,-9.266687017581196e-05,-5.0281682785153105e-08,1.0,0,4.0,10.0
2026-05-21,439.2517285170015,446.6161702344309,435.28014114490117,444.4307861328125,1046700,738.9764404296875,144.0,4.0,4.0,3.0,10.0,-9.101824694879117e-05,-4.72125212547628e-05,1.0,0,4.0,11.0
2026-05-22,445.0594664696668,451.89502714622427,444.6802629485897,448.1728820800781,502900,741.8817749023438,142.0,4.0,4.0,3.0,10.0,-6.315138202347472e-05,-0.00010640267020634714,1.0,0,4.0,12.0
2026-05-26,449.2905099176994,453.8508798660841,445.4885470023336,450.1487121582031,842700,746.8068237304688,140.0,4.0,4.0,3.0,10.0,-4.3701850254812765e-05,-0.00010978755249998672,1.0,0,4.0,13.0
2026-05-27,451.38608093274956,456.5252142850548,447.3146984239662,450.60772705078125,910500,746.6774291992188,138.0,4.0,4.0,3.0,10.0,-3.096000607281862e-05,-0.00010615646632152768,1.0,0,4.0,14.0
2026-05-28,453.1623351078617,454.7889025941533,446.89557975266905,449.5000915527344,1003800,750.7965698242188,136.0,4.0,4.0,1.0,8.0,-5.283570107179667e-05,-9.266687017581196e-05,-1.0,0,4.0,15.0
2026-05-29,447.96334527027716,458.27154803644277,447.4643996669091,452.294189453125,2126900,752.6671142578125,134.0,4.0,4.0,1.0,8.0,-6.490405645451946e-05,-9.101824694879117e-05,-1.0,0,4.0,16.0
2026-06-01,452.7133069027764,464.6880011123127,448.0132174992135,463.2210998535156,894100,754.7166748046875,136.0,4.0,4.0,1.0,8.0,-7.048928530589589e-05,-6.315138202347472e-05,1.0,0,4.0,17.0
2026-06-02,459.65863718784516,461.02574328567874,445.7180956370302,452.6434631347656,1040500,755.7415771484375,138.0,4.0,4.0,1.0,8.0,-7.48785295939421e-05,-4.3701850254812765e-05,-1.0,0,4.0,18.0
2026-06-03,449.0510482517884,450.0688863313321,440.85836987614164,447.4444580078125,853800,750.4384155273438,136.0,4.0,4.0,1.0,8.0,-9.225079533633721e-05,-3.096000607281862e-05,-1.0,0,4.0,19.0
2026-06-04,454.30990900624835,459.5488377295101,446.9754331562596,448.20281982421875,979100,753.2740478515625,134.0,4.0,4.0,1.0,8.0,-0.00011663394427889698,-5.283570107179667e-05,-1.0,0,4.0,20.0
2026-06-05,450.73747270858064,453.26213619365296,446.90557420474875,450.398193359375,660500,733.83251953125,133.0,4.0,4.0,1.0,8.0,-0.00011160433245687199,-6.490405645451946e-05,1.0,0,4.0,21.0
2026-06-08,450.17864116469303,450.45804946967684,442.2453943093132,442.8241882324219,776000,735.4940795898438,133.0,4.0,4.0,1.0,8.0,-0.00011379653395080979,-7.048928530589589e-05,-1.0,0,4.0,22.0
2026-06-09,442.7742770271209,451.5457488296305,440.76853650846596,448.99114990234375,901100,733.3350830078125,132.0,4.0,4.0,1.0,8.0,-0.00011235558958356394,-7.48785295939421e-05,1.0,0,4.0,23.0
2026-06-10,446.0573724913175,453.1424061987146,443.392989551515,449.7395935058594,553700,721.7736206054688,130.0,4.0,4.0,1.0,8.0,-0.00012663864411518376,-9.225079533633721e-05,1.0,0,4.0,24.0
2026-06-11,448.64190947212256,449.5499941357514,437.4854929530655,440.8883056640625,1174700,734.04150390625,131.0,4.0,4.0,1.0,8.0,-0.00015267475220699731,-0.00011663394427889698,-1.0,0,4.0,25.0
2026-06-12,444.06158261152916,447.53425493983116,437.2459991362578,446.90557861328125,672300,738.0113525390625,130.0,4.0,4.0,1.0,8.0,-0.00017688225634279972,-0.00011160433245687199,-1.0,0,4.0,26.0
2026-06-15,449.8094492327048,459.9081033530352,449.75953640052984,453.10247802734375,964700,751.0254516601562,130.0,4.0,4.0,1.0,8.0,-0.00018269299355713653,-0.00011379653395080979,-1.0,0,4.0,27.0
2026-06-16,459.3692215720618,470.4058955727952,458.2515883243757,467.4222106933594,1301000,746.5481567382812,135.0,4.0,1.0,1.0,7.0,-0.00012451379577669953,-0.00011235558958356394,1.0,0,1.0,1.0
2026-06-17,465.51622391027024,471.4337111519535,454.76894713170725,455.2579040527344,1285400,737.225341796875,138.0,4.0,1.0,1.0,7.0,-0.00011073093132362116,-0.00012663864411518376,1.0,0,1.0,2.0
2026-06-18,456.6649491500212,459.27941918956793,447.903465739178,449.7196350097656,1964400,744.8902587890625,137.0,4.0,1.0,1.0,7.0,-0.00011881235279986254,-0.00015267475220699731,-1.0,0,2.0,3.0
2026-06-22,447.69392320561917,452.8629923200051,444.30106875834184,446.38665771484375,969600,742.546142578125,135.0,4.0,1.0,1.0,7.0,-0.00017485343901085522,-0.00017688225634279972,-1.0,0,2.0,4.0
2026-06-23,449.0809706110747,451.44596785671837,441.35730255249706,443.03375244140625,1095700,731.7628784179688,133.0,4.0,4.0,1.0,8.0,-0.00019489290792611345,-0.00018269299355713653,-1.0,0,4.0,1.0
2026-06-24,445.3189369788024,454.9885051500471,442.30528606256235,448.84149169921875,971700,731.4237060546875,132.0,4.0,4.0,1.0,8.0,-0.00019103771128438092,-0.00012451379577669953,1.0,0,4.0,2.0
2026-06-25,449.4202562427914,458.81041611783013,437.2160663196155,437.924560546875,1181100,732.4810791015625,135.0,4.0,4.0,1.0,8.0,-0.00019898404866309236,-0.00011073093132362116,-1.0,0,4.0,3.0
2026-06-26,436.9266743342438,450.8971513364372,436.58739497572014,449.06103515625,2819900,727.1842651367188,137.0,4.0,4.0,1.0,8.0,-0.00015660728855591607,-0.00011881235279986254,1.0,0,4.0,4.0
2026-06-29,451.5258262694311,454.65918883735685,447.5941324605011,451.7752990722656,848800,739.1644897460938,135.0,4.0,4.0,1.0,8.0,-0.00014664639852606735,-0.00017485343901085522,1.0,0,4.0,5.0
2026-06-30,449.33045734667303,456.5751573492786,446.19709475138734,451.96490478515625,1031900,744.9202270507812,133.0,4.0,4.0,1.0,8.0,-0.00011250814275003353,-0.00019489290792611345,-1.0,0,4.0,6.0
2026-07-01,454.52944109885124,473.3896086499716,453.0425929946268,467.39227294921875,1080600,743.9127197265625,139.0,4.0,1.0,1.0,7.0,-0.00010934719262612781,-0.00019103771128438092,1.0,0,1.0,1.0
2026-07-02,473.2698428509803,489.7051119382953,473.2698428509803,489.4756164550781,933200,742.9351806640625,151.0,1.0,1.0,1.0,1.0,-3.225579803878745e-05,-0.00019898404866309236,1.0,0,1.0,2.0
2026-07-06,491.31174671594846,498.91567291597227,479.61646043611836,497.7281799316406,863800,749.4190673828125,150.0,1.0,1.0,4.0,5.0,4.782010131421617e-05,-0.00015660728855591607,1.0,0,1.0,3.0
2026-07-07,500.40249544381606,503.84523214689904,497.0595539479512,499.4345397949219,824100,745.85791015625,148.0,1.0,1.0,4.0,5.0,0.00010784083542970512,-0.00014664639852606735,1.0,0,1.0,4.0
2026-07-08,495.313260551418,495.9120013610193,482.1710505241217,484.0770263671875,585300,743.5536499023438,152.0,1.0,1.0,4.0,5.0,7.423655546483371e-05,-0.00011250814275003353,1.0,1,2.0,5.0
2026-07-09,481.28290286220073,486.34221844232064,477.2614026338746,485.9929504394531,528400,749.8480224609375,150.0,1.0,1.0,4.0,5.0,3.804524958403626e-05,-0.00010934719262612781,1.0,0,1.0,6.0
2026-07-10,490.45352421156787,495.053818367331,482.78972729078066,486.2524108886719,510700,753.0799560546875,148.0,1.0,1.0,4.0,5.0,6.63863161403979e-07,-3.225579803878745e-05,1.0,0,1.0,7.0
2026-07-13,490.6830568247981,496.77019917022307,490.67306816787385,494.67462158203125,568800,747.3142700195312,147.0,1.0,1.0,4.0,5.0,1.6147187765858562e-05,4.782010131421617e-05,1.0,0,1.0,8.0
2026-07-14,485.9729968818688,494.70454456711803,478.98775873366947,493.68670654296875,652200,749.9677124023438,145.0,1.0,1.0,4.0,5.0,4.3466917606301923e-05,0.00010784083542970512,1.0,0,1.0,9.0
2026-07-15,497.708217710539,510.92028726910746,496.3211343443516,503.39617919921875,832900,752.9403076171875,145.0,1.0,1.0,4.0,5.0,7.317013505203037e-05,7.423655546483371e-05,1.0,0,1.0,10.0
2026-07-16,508.25587809225755,517.9953357624008,507.08836251879535,517.9254760742188,935500,748.8604125976562,148.0,1.0,1.0,4.0,5.0,0.00012092857080228869,3.804524958403626e-05,1.0,0,1.0,11.0
2026-07-17,516.8677483971511,522.2064419599319,506.2501714009463,509.7826843261719,1326300,741.4487915039062,148.0,1.0,1.0,4.0,5.0,0.00015369443028616462,6.63863161403979e-07,1.0,0,1.0,12.0
2026-07-20,507.16820306509345,508.93448994196865,501.03117840494633,504.30426025390625,774500,740.2518310546875,146.0,1.0,1.0,4.0,5.0,0.0001754011965985673,1.6147187765858562e-05,1.0,0,1.0,13.0
2026-07-21,490.6431310203592,495.8221887119217,481.67209900331153,489.73504638671875,1434100,746.426513671875,150.0,1.0,1.0,4.0,5.0,0.0001331908779925799,4.3466917606301923e-05,-1.0,1,2.0,14.0
2026-07-22,492.43935536059524,492.94825915925884,481.94152055266596,488.6673278808594,1281300,745.55859375,147.0,1.0,1.0,4.0,5.0,0.00010835652214710659,7.317013505203037e-05,-1.0,0,2.0,15.0
2026-07-23,478.98775522864923,483.4483299173449,471.0146146314365,471.2441101074219,1046000,736.3515014648438,153.0,1.0,1.0,4.0,5.0,5.2005461989966507e-05,0.00012092857080228869,-1.0,0,2.0,16.0
2026-07-24,474.90641068949435,478.19943951010856,467.38230241884895,470.5057067871094,935400,737.099609375,151.0,1.0,1.0,4.0,5.0,1.9970656467566755e-05,0.00015369443028616462,-1.0,0,2.0,17.0
2026-07-27,477.9599311851967,490.18409792235474,477.2613951903562,484.9351806640625,905000,737.25927734375,154.0,1.0,1.0,4.0,5.0,1.027253039429472e-05,0.0001754011965985673,1.0,0,1.0,18.0
2026-07-28,485.0349875494137,487.7791883115842,477.32127771658895,483.1789245605469,1011300,739.0248413085938,152.0,1.0,1.0,4.0,5.0,6.940824079920379e-05,0.0001331908779925799,-1.0,0,2.0,19.0
2026-07-29,483.1489786757884,488.5774785955068,479.8659082165914,482.2209167480469,938000,727.6531372070312,150.0,1.0,1.0,4.0,5.0,0.00013228774865454873,0.00010835652214710659,1.0,0,1.0,20.0
2026-07-30,477.9000699221931,482.22092534351333,469.49781276512795,481.2430114746094,823200,739.852783203125,148.0,1.0,1.0,4.0,5.0,0.0001464251145453114,5.2005461989966507e-05,-1.0,0,2.0,21.0
2026-07-31,476.88222837187845,480.5744074484795,470.78509745524514,477.3711853027344,843900,745.1796264648438,146.0,1.0,4.0,4.0,6.0,0.0001441209507278685,1.9970656467566755e-05,-1.0,0,4.0,1.0
2026-08-03,483.1090634257843,490.0643661912585,476.1537606603101,482.3406677246094,700000,755.793212890625,145.0,1.0,4.0,4.0,6.0,0.00016181337787829,1.027253039429472e-05,-1.0,0,4.0,2.0
2026-08-04,478.67843695275013,485.8432885316508,478.67843695275013,482.6500549316406,541700,769.4193725585938,142.0,1.0,4.0,4.0,6.0,0.0002319421894249688,6.940824079920379e-05,-1.0,0,4.0,3.0
2026-08-05,487.23035410787674,488.91679262731395,478.25929175010987,482.9593811035156,789800,767.8831787109375,140.0,1.0,4.0,4.0,6.0,0.00030582331734884603,0.00013228774865454873,-1.0,0,4.0,4.0
2026-08-06,480.7141335007199,484.03709776109093,469.5377400012223,472.13226318359375,821000,766.65625,142.0,1.0,4.0,4.0,6.0,0.0003242346462283958,0.0001464251145453114,-1.0,0,4.0,5.0
2026-08-07,472.00253996956354,479.69627263328556,471.33393946278903,476.7425231933594,696300,771.3446044921875,140.0,1.0,4.0,4.0,6.0,0.00031475425280678065,0.0001441209507278685,-1.0,0,4.0,6.0
2026-08-10,473.92846118294824,480.08546329774305,473.92846118294824,477.1317138671875,686600,771.1151733398438,138.0,1.0,4.0,4.0,6.0,0.0002830552032893442,0.00016181337787829,-1.0,0,4.0,7.0
2026-08-11,475.7446088580778,479.8359686903437,472.621204665739,475.4751892089844,846300,768.6513061523438,136.0,1.0,4.0,4.0,6.0,0.0002502092666506164,0.0002319421894249688,-1.0,0,4.0,8.0
2026-08-12,473.1601040486872,480.5644398397567,472.27196624624264,476.83233642578125,813800,770.5764770507812,134.0,1.0,4.0,4.0,6.0,0.00021125095969697552,0.00030582331734884603,-1.0,0,4.0,9.0
2026-08-13,478.02979067818694,488.66731411741966,474.30764568149283,487.3900146484375,580600,775.9531860351562,136.0,1.0,4.0,4.0,6.0,0.00018548209870703562,0.0003242346462283958,1.0,0,2.0,10.0
2026-08-14,487.1099853515625,488.2099914550781,480.3399963378906,484.9599914550781,517900,774.4169921875,134.0,1.0,4.0,4.0,6.0,0.00018317102030110984,0.00031475425280678065,-1.0,0,4.0,11.0
2026-08-17,481.1700134277344,483.67999267578125,477.1400146484375,477.1700134277344,684200,770.7560424804688,134.0,1.0,4.0,4.0,6.0,0.00013420470752487126,0.0002830552032893442,-1.0,0,4.0,12.0
2026-08-18,480.69000244140625,490.75,478.69000244140625,485.7900085449219,523700,765.5490112304688,134.0,1.0,4.0,4.0,6.0,8.499522340384917e-05,0.0002502092666506164,1.0,0,2.0,13.0
2026-08-19,487.45001220703125,506.489990234375,485.2300109863281,497.0299987792969,956700,767.1549682617188,135.0,1.0,4.0,4.0,6.0,7.039162100905498e-05,0.00021125095969697552,1.0,0,2.0,14.0
2026-08-20,496.9599914550781,503.6700134277344,495.2699890136719,498.7699890136719,737000,760.7109985351562,134.0,1.0,4.0,4.0,6.0,9.879315434296468e-05,0.00018548209870703562,1.0,0,2.0,15.0
2026-08-21,500.989990234375,506.55999755859375,498.45001220703125,503.32000732421875,713500,763.8232421875,132.0,1.0,4.0,4.0,6.0,0.00014289587465112787,0.00018317102030110984,1.0,0,2.0,16.0
2026-08-24,505.0,512.5599975585938,503.4700012207031,511.3500061035156,655900,761.5787963867188,132.0,1.0,4.0,4.0,6.0,0.00017436416807154408,0.00013420470752487126,1.0,0,2.0,17.0
2026-08-25,507.510009765625,514.3599853515625,501.010009765625,513.1099853515625,693900,764.0127563476562,130.0,1.0,1.0,3.0,3.0,0.00020239076947487175,8.499522340384917e-05,1.0,0,1.0,1.0
2026-08-26,512.3099975585938,520.5900268554688,511.3500061035156,514.5499877929688,756400,764.182373046875,128.0,1.0,1.0,3.0,3.0,0.00020391472611276163,7.039162100905498e-05,1.0,0,1.0,2.0
2026-08-27,514.0,520.6699829101562,508.6099853515625,509.0199890136719,561400,769.18994140625,127.0,1.0,1.0,3.0,3.0,0.00017107871543286572,9.879315434296468e-05,1.0,0,1.0,3.0
2026-08-28,510.3299865722656,517.1400146484375,505.8599853515625,514.9500122070312,471700,767.4442749023438,126.0,1.0,1.0,3.0,3.0,0.0001708634269205918,0.00014289587465112787,1.0,0,1.0,4.0
2026-08-31,511.3299865722656,511.94000244140625,502.6099853515625,504.6400146484375,858000,765.1499633789062,127.0,1.0,1.0,3.0,3.0,0.0001721781260771914,0.00017436416807154408,-1.0,0,1.0,5.0
2026-09-01,501.8900146484375,505.2300109863281,493.760009765625,494.7099914550781,971500,759.89306640625,128.0,1.0,1.0,3.0,3.0,0.00019755937427439236,0.00020239076947487175,-1.0,0,1.0,6.0
2026-09-02,492.4599914550781,494.760009765625,484.45001220703125,490.0,661700,763.2646484375,127.0,1.0,1.0,3.0,3.0,0.00020901424291756756,0.00020391472611276163,-1.0,0,1.0,7.0
2026-09-03,496.1300048828125,507.6499938964844,493.7900085449219,504.29998779296875,500900,771.2548217773438,131.0,1.0,1.0,3.0,3.0,0.00026658876467781245,0.00017107871543286572,-1.0,0,1.0,8.0
2026-09-04,492.0199890136719,495.6400146484375,489.6099853515625,493.54998779296875,424800,768.2822265625,133.0,1.0,1.0,3.0,3.0,0.00029767305784725,0.0001708634269205918,-1.0,0,1.0,9.0
2026-09-08,489.70001220703125,489.75,479.0899963378906,481.25,624300,764.0626831054688,135.0,1.0,1.0,3.0,3.0,0.0002616799821315091,0.0001721781260771914,-1.0,0,1.0,10.0
2026-09-09,479.010009765625,479.010009765625,473.17999267578125,474.57000732421875,723300,760.5115356445312,134.0,1.0,4.0,3.0,4.0,0.00017444889566662136,0.00019755937427439236,-1.0,1,2.0,11.0
2026-09-10,473.32000732421875,474.5,466.42999267578125,467.3599853515625,592700,755.9528198242188,134.0,1.0,4.0,3.0,4.0,0.00010312937998208434,0.00020901424291756756,-1.0,0,2.0,12.0
2026-09-11,472.32000732421875,475.5,467.3599853515625,474.95001220703125,773400,762.3967895507812,134.0,1.0,4.0,3.0,4.0,9.874090409420315e-05,0.00026658876467781245,-1.0,0,2.0,13.0
2026-09-14,479.17999267578125,485.8399963378906,473.2099914550781,477.92999267578125,638100,758.9952392578125,132.0,1.0,4.0,3.0,4.0,0.00010794391579741005,0.00029767305784725,-1.0,0,2.0,14.0
2026-09-15,474.0,474.510009765625,466.0299987792969,467.1600036621094,649400,755.513916015625,134.0,1.0,4.0,3.0,4.0,0.00011616927202431127,0.0002616799821315091,-1.0,0,2.0,15.0
2026-09-16,468.8500061035156,471.7300109863281,462.6499938964844,465.29998779296875,720600,752.1821899414062,132.0,1.0,4.0,3.0,4.0,0.00010524084608755585,0.00017444889566662136,-1.0,0,2.0,16.0
2026-09-17,467.8299865722656,469.17999267578125,461.8599853515625,461.8800048828125,634400,760.7109985351562,130.0,1.0,4.0,3.0,4.0,7.79150113178471e-05,0.00010312937998208434,-1.0,0,2.0,17.0
2026-09-18,460.0,470.989990234375,456.9700012207031,468.5899963378906,1408100,761.6900024414062,130.0,1.0,4.0,3.0,4.0,9.643891131202022e-05,9.874090409420315e-05,-1.0,0,2.0,18.0
2026-09-21,472.8699951171875,474.1499938964844,466.3900146484375,467.2200012207031,685100,773.5,128.0,1.0,4.0,3.0,4.0,0.00010250371600392472,0.00010794391579741005,-1.0,0,2.0,19.0
2026-09-22,471.1700134277344,475.0,466.54998779296875,469.25,761700,773.3800048828125,126.0,1.0,4.0,3.0,4.0,0.00011912626490250963,0.00011616927202431127,-1.0,0,2.0,20.0
2026-09-23,468.0,478.0,467.239990234375,473.8500061035156,789600,767.8099975585938,125.0,1.0,4.0,3.0,4.0,0.00011191875647087485,0.00010524084608755585,1.0,0,2.0,21.0
2026-09-24,473.2799987792969,479.0899963378906,463.8900146484375,467.3500061035156,577300,767.1799926757812,125.0,1.0,4.0,3.0,4.0,0.00010132848752572242,7.79150113178471e-05,-1.0,0,2.0,22.0
2026-09-25,466.3699951171875,469.6099853515625,461.5299987792969,468.70001220703125,651100,771.3499755859375,123.0,1.0,4.0,3.0,4.0,8.040987070336007e-05,9.643891131202022e-05,-1.0,0,2.0,23.0
2026-09-28,462.8800048828125,464.1300048828125,457.9800109863281,460.0799865722656,751900,765.6099853515625,124.0,1.0,4.0,3.0,4.0,4.360430680206193e-05,0.00010250371600392472,-1.0,0,2.0,24.0
2026-09-29,,,,,783783,,124.0,,4.0,3.0,,2.8126606376658705e-05,0.00011912626490250963,-1.0,0,,
