Date,Open,High,Low,Close,Volume,IndexClose,CVI,LTI,STI,VI,SecState,VWRS,VWRS_1wk,RS,GapDown,Thermostat,Days
2022-10-03,387.87804650572724,396.36943425712246,384.37094977295715,393.85345458984375,1000600,348.07989501953125,,,,,,,,,0,,
2022-10-04,400.3721393891959,409.50206267449005,400.3721393891959,409.4925231933594,925000,358.86566162109375,309.0,,,3.0,,,,,0,,
2022-10-05,404.0221217019817,409.13028002994963,400.2291027044038,407.081298828125,1093600,358.0301513671875,305.0,,,3.0,,,,,0,,
2022-10-06,405.1181211335973,409.111265952885,402.61168097768666,403.9745178222656,823900,354.33685302734375,300.0,,,3.0,,,,,0,,
2022-10-07,400.26721772384735,400.64841878111474,391.95690670680113,393.7390441894531,714400,344.45294189453125,298.0,,,3.0,,,,,1,,
2022-10-10,395.5117322996533,396.4075709185253,390.1748294231638,393.01483154296875,575600,341.8229675292969,293.0,,,3.0,,,,,0,,
2022-10-11,391.05158064062323,398.7615162845759,388.10676063806886,393.5389709472656,1158700,339.6581726074219,289.0,,,3.0,,,,,0,,
2022-10-12,394.10122895166336,394.24417572484606,389.8221907329813,391.5471496582031,935500,338.5378112792969,285.0,,,3.0,,,,,0,,
2022-10-13,383.86587918126105,402.2019242918079,380.91151948229003,400.048095703125,1297400,347.4722595214844,282.0,,,3.0,,,,,0,,
2022-10-14,402.8308458554164,405.2324387486964,389.84121666086753,390.2510070800781,935200,339.5538024902344,280.0,,,3.0,,,,,0,,
2022-10-17,397.1032433530238,402.74511859102205,397.1032433530238,401.0106201171875,967200,348.2792663574219,278.0,,,3.0,,,,,0,,
2022-10-18,409.41625650339995,412.0751830346979,403.6886129632875,406.8335876464844,894100,352.3714294433594,275.0,,,3.0,,,,,0,,
2022-10-19,403.32644501607024,405.2134297478408,395.82620348822815,399.7812194824219,731500,349.8743591308594,272.0,,,3.0,,,,,0,,
2022-10-20,400.41025320032435,403.87925048273974,392.60503839867255,393.66290283203125,639000,346.9405212402344,269.0,,,3.0,,,,,0,,
2022-10-21,394.549116760064,402.602123651117,390.8037661825205,401.79205322265625,811500,355.3717041015625,266.0,,1.0,3.0,,,,,0,,
2022-10-24,404.2128009370615,405.71855558354963,400.0385802065154,404.4319763183594,698600,359.7201843261719,262.0,,1.0,3.0,,,,,0,,
2022-10-25,404.34618925053894,415.04858427417406,404.3175998941569,414.59112548828125,745900,365.4644470214844,261.0,,1.0,3.0,,,,,0,,
2022-10-26,415.89680008520685,421.94846657446016,413.43802791592356,415.6394958496094,717700,362.7109069824219,257.0,,1.0,3.0,,,,,0,,
2022-10-27,417.5645247663214,421.10975029066554,415.1629316370999,415.620361328125,658800,360.7740783691406,253.0,,1.0,3.0,,,,,0,,
2022-10-28,416.32566988765956,423.53047932787,414.0765336305053,423.1873779296875,753100,369.3571472167969,251.0,,1.0,3.0,,,,,0,,
2022-10-31,421.4814348642932,425.3030144100869,420.0519089330848,422.92047119140625,855000,366.6891784667969,247.0,,1.0,3.0,,,,,0,,
2022-11-01,427.35202346346165,428.31455114372653,422.29147492626856,424.65496826171875,1037700,365.0845947265625,243.0,,1.0,3.0,,,,,0,,
2022-11-02,422.9490871400781,427.05658958064504,412.1514133909645,412.3324890136719,834100,355.9223937988281,243.0,,1.0,3.0,,,,,0,,
2022-11-03,407.2815006009166,414.2194951677471,404.1841940623457,411.3127746582031,852400,352.25750732421875,239.0,,1.0,3.0,,,,,0,,
2022-11-04,417.1165897463573,421.452835754259,411.5891012404668,418.307861328125,788500,357.3276062011719,237.0,,1.0,3.0,,,,,0,,
2022-11-07,420.9286636345097,422.3677290285951,416.8021116248128,422.0246276855469,753500,360.74560546875,234.0,,1.0,3.0,,,,,0,,
2022-11-08,422.8443004784694,427.1710076992328,417.936266592998,422.7489929199219,683600,362.69195556640625,230.0,,1.0,3.0,,,,,0,,
2022-11-09,419.4419051829328,421.9769343027338,413.0662180956994,413.8095703125,703800,355.2198181152344,229.0,,1.0,3.0,,,,,0,,
2022-11-10,428.6862157480277,437.9971835795497,428.6862157480277,437.79705810546875,1376800,374.7405700683594,238.0,,1.0,3.0,,,,,0,,
2022-11-11,439.00738982144065,443.9059124402461,438.5404206763606,440.3130187988281,733800,378.3675231933594,235.0,,1.0,3.0,,,,,0,,
2022-11-14,438.187770551533,442.40962961346287,435.79568815995935,436.014892578125,921200,375.1488342285156,232.0,,1.0,3.0,,,,,0,,
2022-11-15,442.35248886358517,446.374222809331,439.28377216485234,442.8194580078125,990500,378.3485107421875,229.0,,1.0,3.0,,,,,0,,
2022-11-16,440.11289328494445,440.11289328494445,435.3859358749632,436.31036376953125,612400,375.462158203125,227.0,,1.0,3.0,,,,,0,,
2022-11-17,430.2873052893985,434.00406689374705,428.6290645160229,433.88970947265625,706900,374.3132629394531,223.0,,1.0,3.0,,,,,1,,
2022-11-18,437.96856654755175,439.1121987804378,432.71743265527664,436.7391662597656,499000,376.0129089355469,220.0,,1.0,3.0,,,,,0,,
2022-11-21,434.6330623027276,436.8249904329479,433.54663771731265,435.8433837890625,420700,374.6456604003906,217.0,,1.0,3.0,,,,,0,,
2022-11-22,437.81613425826197,443.1625763426911,437.60646929252397,442.9529113769531,584600,379.6872863769531,215.0,,1.0,3.0,,,,,0,,
2022-11-23,441.9618641660057,445.6691161889847,441.1041542355943,443.2484436035156,537100,382.07989501953125,212.0,,1.0,3.0,,,,,0,,
2022-11-25,443.6962974963541,446.1074302441356,442.94340564151383,445.5356140136719,274700,381.9944763183594,209.0,,1.0,3.0,,,,,0,,
2022-11-28,441.62828956538306,443.1435838518882,435.8720559059368,436.87274169921875,722100,375.8989562988281,207.0,,1.0,3.0,,,,,0,,
2022-11-29,436.76778168834767,440.4750326462088,436.76778168834767,438.3021545410156,498600,375.2532958984375,204.0,,1.0,3.0,,,,,0,,
2022-11-30,438.46426639563816,448.67110447679056,434.56642841921405,448.37567138671875,1373100,387.0740051269531,204.0,,1.0,3.0,,,,,0,,
2022-12-01,450.73904911061203,452.84523826078515,446.29798505136876,447.5845642089844,957400,386.7891540527344,201.0,,1.0,3.0,,,,,0,,
2022-12-02,442.39060148226486,450.1576859439828,442.39060148226486,448.0133972167969,597000,386.3429260253906,198.0,,1.0,3.0,,,,,0,,
2022-12-05,444.754129280705,444.754129280705,435.0905484891161,436.9012756347656,869200,379.3929138183594,198.0,,1.0,3.0,,,,,0,,
2022-12-06,436.2246644219682,437.4540359260939,427.99058013613774,431.7835998535156,938000,373.92401123046875,195.0,,4.0,3.0,,,,,0,,
2022-12-07,430.8210320865487,435.1763284690998,430.1443978939607,431.2689514160156,541500,373.28790283203125,193.0,,4.0,3.0,,,,,0,,
2022-12-08,433.2321077428708,437.58740355100826,432.36485855620737,434.6711730957031,439100,376.2121887207031,190.0,,4.0,3.0,,,,,0,,
2022-12-09,432.345855638941,434.86180632605453,429.88705458249524,429.9347229003906,604200,373.4018859863281,188.0,,4.0,3.0,,,,,0,,
2022-12-12,430.5732486426889,434.9952633281849,428.4670883372539,434.6045227050781,871500,378.7852783203125,186.0,,4.0,3.0,,,,,0,,
2022-12-13,446.78400761975263,447.50831002517145,434.2137079632286,437.1490173339844,1324700,381.6526184082031,183.0,,4.0,1.0,,,,,0,,
2022-12-14,436.7868471554528,440.665634113552,431.9550430037436,435.1095275878906,790200,379.21246337890625,180.0,,4.0,1.0,,,,,0,,
2022-12-15,429.6202334236159,430.411254154628,424.0355654050501,425.2268371582031,832400,369.93634033203125,181.0,,4.0,1.0,,,,,1,,
2022-12-16,420.5069854370096,423.3576313726982,417.62764299695544,420.9278869628906,675400,365.56878662109375,178.0,,4.0,1.0,,,,,1,,
2022-12-19,420.5930163354137,422.018353701011,414.241280981204,416.0396728515625,827900,362.46893310546875,176.0,,4.0,1.0,,,,,0,,
2022-12-20,415.0448438391115,420.4973836739993,415.01614733655657,418.2111511230469,692400,362.96490478515625,174.0,,4.0,1.0,,,,,0,,
2022-12-21,421.9227352138379,427.1839749380124,421.9227352138379,426.14129638671875,843900,368.3921203613281,173.0,,4.0,1.0,,,,,0,,
2022-12-22,423.3862956441528,423.3862956441528,414.34651795108334,421.1383056640625,623700,363.1365966796875,171.0,,4.0,1.0,,,,,0,,
2022-12-23,420.5739988314907,424.5151415489743,418.93823952147943,424.3525085449219,423700,365.2254943847656,169.0,,4.0,1.0,,,,,0,,
2022-12-27,424.2663505056624,426.28476851270676,422.13317568015003,424.5533447265625,442300,363.78515625,167.0,,4.0,1.0,,,,,0,,
2022-12-28,424.8116852179938,425.9978464588741,417.2737578127419,417.3789978027344,402700,359.2641296386719,166.0,,4.0,1.0,,,,,0,,
2022-12-29,419.79914369535925,426.97356213885024,419.43563515671036,425.4717102050781,430900,365.73095703125,166.0,,4.0,1.0,,,,,0,,
2022-12-30,422.09492936723603,424.4003125412481,420.1147829756082,423.5680847167969,615500,364.76763916015625,163.0,,4.0,1.0,,,,,0,,
2023-01-03,426.99261244898213,429.2788740922177,418.6798519918866,421.587890625,850100,363.2319641113281,161.0,,4.0,1.0,,,,,0,,
2023-01-04,425.02205338369237,430.1589316081497,424.14200785759334,428.0257568359375,645300,366.03619384765625,160.0,,4.0,1.0,,,,,0,,
2023-01-05,425.20385445585924,425.61518076211337,421.18616856341526,423.62548828125,561100,361.8585205078125,158.0,,4.0,1.0,,,,,0,,
2023-01-06,427.2892317215212,435.0758813641376,425.959587991964,434.41583251953125,668200,370.1566467285156,159.0,,1.0,1.0,,,,,0,,
2023-01-09,436.2906872107199,439.18915080404923,433.88009336440405,434.3009948730469,618600,369.9468078613281,157.0,,1.0,1.0,,,,,0,,
2023-01-10,433.7748722034262,438.60566453033744,432.02432704734457,438.5386962890625,408500,372.541259765625,155.0,,1.0,1.0,,,,,0,,
2023-01-11,440.56665223783506,444.0486504058474,440.06923643931094,443.97210693359375,470800,377.2530517578125,154.0,,1.0,1.0,,,,,0,,
2023-01-12,446.02877798845026,448.88899917698285,442.17372517961076,448.0280456542969,756300,378.6265869140625,152.0,,1.0,1.0,,,,,0,,
2023-01-13,445.1678087675109,450.63949889855746,444.5077600361618,450.2185974121094,624800,380.0954284667969,150.0,,1.0,1.0,,,,,0,,
2023-01-17,450.3142717011788,452.1126636918286,448.5158797105291,449.2524719238281,562000,379.39910888671875,148.0,,1.0,1.0,,,,,0,,
2023-01-18,450.534342529819,453.80586088717706,443.29295607347996,443.35992431640625,788200,373.4091796875,147.0,,1.0,1.0,,,,,0,,
2023-01-19,440.4805187138216,441.8962808812413,436.8359171188018,438.8064880371094,489100,370.6908264160156,145.0,,1.0,1.0,,,,,1,,
2023-01-20,440.4040425179944,446.2774840484144,437.5820931704481,445.9618225097656,503400,377.5964050292969,145.0,,1.0,1.0,,,,,0,,
2023-01-23,446.83226090352997,453.15532919159784,446.1052731355657,451.7013244628906,622700,382.1270446777344,144.0,,1.0,1.0,,,,,0,,
2023-01-24,449.5585559579667,452.3996264410917,447.87497917770037,450.2281799316406,409900,381.7169494628906,142.0,,1.0,1.0,,,,,0,,
2023-01-25,446.2583948069285,451.58657396023773,444.61306037090526,451.3665771484375,492000,381.8599853515625,140.0,,1.0,1.0,,,,,0,,
2023-01-26,454.1023919958005,455.80511938300106,450.20909664383646,455.17376708984375,492500,386.0567932128906,138.0,,1.0,1.0,,,,,0,,
2023-01-27,453.2797073330005,458.4548573700265,453.2797073330005,456.91473388671875,377500,386.9438171386719,136.0,,1.0,1.0,,,,,0,,
2023-01-30,453.61458817036697,457.9861784144165,451.6344416167748,451.864013671875,690300,382.0888977050781,135.0,,1.0,1.0,,,,,0,,
2023-01-31,452.70575424312625,462.82645324170977,452.70575424312625,462.74993896484375,1332800,387.7069091796875,137.0,,1.0,1.0,,,,,0,,
2023-02-01,461.4872136296759,473.17673210802536,460.1575701305603,470.1634826660156,1237700,391.8273010253906,137.0,,1.0,1.0,,,,,0,,
2023-02-02,472.81323576792374,477.79708548987287,471.3688062252033,475.5395202636719,1011700,397.53125,135.0,,1.0,1.0,,,,,0,,
2023-02-03,471.5601081254738,476.285660149551,470.59397308070544,472.47845458984375,1130100,393.3057861328125,134.0,,1.0,1.0,,,,,0,,
2023-02-06,469.4651764849095,471.8662242343169,465.20837291916513,467.03546142578125,756600,390.902099609375,133.0,,1.0,1.0,,,,,0,,
2023-02-07,465.466701718919,471.6462593307849,462.23342578551063,470.5653381347656,961300,396.0146179199219,131.0,,1.0,1.0,,,,,0,,
2023-02-08,467.8676945504676,469.6565113433138,463.96479500900307,464.95965576171875,658200,391.68426513671875,130.0,,1.0,1.0,,,,,0,,
2023-02-09,467.88679167624844,470.0582673184669,458.1487229816374,459.3540344238281,605800,388.2886962890625,129.0,,1.0,1.0,,,,,0,,
2023-02-10,457.29738070011257,460.90374007852876,456.7616931710204,460.4254455566406,524100,389.1949157714844,127.0,,1.0,1.0,,,,,0,,
2023-02-13,460.78895970995626,466.01192777899047,459.1914431424527,465.9640808105469,470700,393.76361083984375,127.0,,1.0,1.0,,,,,0,,
2023-02-14,463.29526164472395,469.02522128074276,461.23860082183234,466.1937255859375,531200,393.5823974609375,125.0,,1.0,1.0,,,,,0,,
2023-02-15,463.10392743069974,469.36960378150405,462.43433255177547,469.2930603027344,359500,394.86053466796875,123.0,,1.0,1.0,,,,,0,,
2023-02-16,463.5821194217768,470.92871534776924,463.25688269092984,465.91619873046875,605100,389.42376708984375,122.0,,1.0,1.0,,,,,0,,
2023-02-17,464.4814258159224,465.86849176196154,461.5925370893558,465.3041076660156,515000,388.4508056640625,120.0,,1.0,1.0,,,,,0,,
2023-02-21,459.98539268651894,461.4872444886053,453.5666883891948,454.04498291015625,417400,380.658203125,123.0,,1.0,1.0,,,,,1,,
2023-02-22,454.5424054393077,457.9095881911243,453.2892469989409,454.6093444824219,1329400,380.13360595703125,121.0,,1.0,1.0,,,,,0,,
2023-02-23,457.2878881215987,459.5263032425911,451.577049694898,456.8000183105469,603500,382.15570068359375,119.0,,1.0,1.0,,,,,0,,
2023-02-24,451.02214754614624,454.8389575857508,449.4055097674686,453.9875793457031,854200,378.0733337402344,118.0,,1.0,1.0,,,,,0,,
2023-02-27,457.5078201333412,459.97583615315347,453.76755356162056,455.135498046875,501700,379.36102294921875,116.0,,1.0,1.0,,,,,0,,
2023-02-28,454.7433112952711,458.34964153637276,453.8632365166376,454.1406555175781,741300,377.9588928222656,115.0,,4.0,1.0,,,,,0,,
2023-03-01,452.5718178623406,456.66604689864266,452.1413703184165,455.2215881347656,688700,376.50909423828125,113.0,,4.0,1.0,,,,,0,,
2023-03-02,451.7778605336202,458.03396088920005,450.8308467469023,457.9000244140625,502000,379.4372863769531,111.0,,4.0,1.0,,,,,0,,
2023-03-03,459.1531636602321,463.1708493026522,456.7808415260015,462.549072265625,1130900,385.5226745605469,111.0,,4.0,1.0,,,,,0,,
2023-03-06,462.63514335170197,462.9699553407,455.8816273382071,456.8669128417969,1111300,385.78973388671875,110.0,,4.0,1.0,,,,,0,,
2023-03-07,456.86697520852084,458.56012746248734,450.7448106032589,451.4239807128906,1037300,379.8761291503906,110.0,,4.0,1.0,,,,,0,,
2023-03-08,451.86396721130245,453.93020307310724,448.9942000464816,451.88311767578125,754300,380.49603271484375,108.0,,4.0,1.0,,,,,0,,
2023-03-09,451.8926030042272,453.3466368557695,440.80574085010426,440.9970703125,1123000,373.4759216308594,112.0,,4.0,1.0,,,,,0,,
2023-03-10,439.34219947968796,441.08319848468847,425.39514455443816,428.5040588378906,2370900,368.08685302734375,117.0,,4.0,1.0,,,,,0,,
2023-03-13,420.3252194835042,427.35615478523096,416.06841575956605,420.69830322265625,1931200,367.5622863769531,118.0,,4.0,1.0,,,,,0,,
2023-03-14,431.27809085577667,433.73653121791324,424.0558274892077,428.7048645019531,967900,373.6380615234375,119.0,,4.0,1.0,,,,,0,,
2023-03-15,418.3929142180658,420.92786930662146,412.7203482817774,419.3303527832031,1319600,371.3012390136719,121.0,,4.0,1.0,,,,,1,,
2023-03-16,414.71961156082534,427.0787253410183,413.2751528001337,425.108154296875,1694000,377.8157958984375,121.0,,4.0,1.0,,,,,0,,
2023-03-17,421.2648467709377,422.96255653848493,413.8696711456225,415.4139404296875,1233400,373.3981018066406,123.0,,4.0,1.0,,,,,0,,
2023-03-20,418.9628070574341,425.67695479406837,418.9628070574341,422.2911071777344,847900,376.98858642578125,123.0,,4.0,1.0,,,,,0,,
2023-03-21,428.57362790228683,432.007421841608,427.940576205267,429.9739990234375,860600,381.9386291503906,124.0,,4.0,1.0,,,,,0,,
2023-03-22,429.7054492122067,431.5278548612899,418.9436285320644,419.03955078125,1194600,375.4279479980469,127.0,,4.0,4.0,,,,,0,,
2023-03-23,421.6292687420976,426.827950137781,414.0998552859688,417.1212158203125,1062300,376.4428405761719,125.0,,4.0,4.0,,,,,0,,
2023-03-24,413.8984648195056,420.87160627251217,410.8099553740631,420.5646667480469,776100,378.9130859375,124.0,,4.0,4.0,,,,,0,,
2023-03-27,425.35089492755264,426.8663905666535,421.59098812408945,424.775390625,844600,379.62158203125,123.0,,4.0,4.0,,2.0463844964341236e-05,,,0,,
2023-03-28,423.2119206849688,427.27876647083025,423.2119206849688,425.5330810546875,725500,378.7694396972656,121.0,,4.0,4.0,,-1.96492095588915e-05,,,0,,
2023-03-29,429.1778942678806,431.048246290473,427.3458877255079,430.77008056640625,718200,384.2748107910156,120.0,,4.0,4.0,,-1.7953933501528884e-05,,,0,,
2023-03-30,434.5013026646204,435.70025769404816,430.8085153197103,432.02667236328125,537200,386.52484130859375,119.0,,4.0,4.0,,-2.4754802731868062e-05,,,0,,
2023-03-31,434.63564529065303,439.8822449495205,434.4534017653456,439.6904296875,858700,391.97271728515625,119.0,,1.0,4.0,,3.169546827642259e-05,,,0,,
2023-04-03,439.9397456828538,442.0690908413762,436.07431610131994,439.32586669921875,1086800,393.46636962890625,117.0,,1.0,4.0,,7.510594871254198e-05,2.0463844964341236e-05,,0,,
2023-04-04,440.09322141489884,440.793421698323,429.51364327693284,432.1321716308594,856100,391.283447265625,118.0,,1.0,4.0,,0.00010613210609955989,-1.96492095588915e-05,,0,,
2023-04-05,429.7917553447367,431.11540623142383,426.25243815515483,428.9668884277344,683300,390.25897216796875,117.0,,1.0,4.0,,9.57037681239125e-05,-1.7953933501528884e-05,,0,,
2023-04-06,428.50656247172844,429.65757110241464,426.2525209782644,428.3818664550781,608600,391.7813415527344,115.0,,1.0,4.0,,6.597046737705774e-05,-2.4754802731868062e-05,,0,,
2023-04-10,426.1661537502805,433.7243707404322,426.1661537502805,433.6284484863281,608300,392.183349609375,114.0,,1.0,4.0,,7.503206825924083e-05,3.169546827642259e-05,,0,,
2023-04-11,435.6523090748514,439.3354953947111,434.93293606070625,437.63775634765625,516200,392.28875732421875,113.0,,1.0,4.0,,8.088216359221362e-05,7.510594871254198e-05,,0,,
2023-04-12,441.2538093067523,441.2729820488251,434.69313114033633,435.13433837890625,589200,390.6897888183594,112.0,,1.0,4.0,,9.064878701259565e-05,0.00010613210609955989,,0,,
2023-04-13,436.3428785007288,439.1244481109379,433.9545403525625,438.24200439453125,485000,395.8791809082031,111.0,,1.0,4.0,,8.777052530244821e-05,9.57037681239125e-05,,0,,
2023-04-14,438.376238883561,441.13863535846286,433.4653248265605,435.8248596191406,643800,394.91217041015625,109.0,,1.0,4.0,,9.499523944199533e-05,6.597046737705774e-05,,0,,
2023-04-17,436.61151720178384,439.2971650173611,435.4029610490912,439.13409423828125,500500,396.3291931152344,108.0,,1.0,4.0,,0.0001039406393161546,7.503206825924083e-05,,0,,
2023-04-18,441.0907157919123,441.56069675502437,436.429193100238,438.4626159667969,719700,396.58770751953125,107.0,,1.0,3.0,,9.434417002666068e-05,8.088216359221362e-05,,0,,
2023-04-19,436.51555912325165,439.90140700324196,435.8537335959667,439.22998046875,380500,396.5206604003906,105.0,,1.0,3.0,,7.609891257306405e-05,9.064878701259565e-05,,0,,
2023-04-20,436.2277721452436,439.5560723705674,436.2277721452436,437.75286865234375,459600,394.35687255859375,104.0,,1.0,3.0,,6.312543369453622e-05,8.777052530244821e-05,,0,,
2023-04-21,438.16526622718146,438.48177743940937,434.00249835290316,437.5226135253906,580400,394.6632385253906,102.0,,1.0,3.0,,6.526923762527512e-05,9.499523944199533e-05,,0,,
2023-04-24,437.1293571335094,439.5944154420559,435.6522657666835,437.5513916015625,512600,395.074951171875,101.0,,1.0,3.0,,8.258454053727725e-05,0.0001039406393161546,,0,,
2023-04-25,434.6259881679671,435.34536116823944,429.12996790819585,429.149169921875,551600,388.8035888671875,103.0,,1.0,3.0,,9.376504670593291e-05,9.434417002666068e-05,,1,,
2023-04-26,427.72959350952544,429.88771249442834,424.73700653387806,425.32208251953125,620600,387.1567077636719,102.0,,4.0,3.0,,6.143318653776553e-05,7.609891257306405e-05,,0,,
2023-04-27,426.45387660515536,432.35275840943933,425.04393367652773,432.055419921875,590400,394.8642883300781,102.0,,4.0,3.0,,7.964278955551676e-05,6.312543369453622e-05,,0,,
2023-04-28,431.17297254248825,436.6689925553577,431.12502605316894,436.1798095703125,669500,398.2344665527344,102.0,,4.0,3.0,,0.00011704181820834734,6.526923762527512e-05,,0,,
2023-05-01,435.33577679799123,439.60406847126717,435.2686282902727,435.88250732421875,706100,397.8323974609375,100.0,,4.0,1.0,,0.00019273069506206173,8.258454053727725e-05,,0,,
2023-05-02,433.96413797042,436.05510834709384,424.199856027506,429.6575012207031,1490800,393.361083984375,101.0,,4.0,1.0,,0.00016887617531804574,9.376504670593291e-05,,0,,
2023-05-03,430.8372355235601,437.1581221405571,428.9572824670463,429.5423583984375,1290800,390.6610107421875,99.0,,4.0,1.0,,0.0001209716024925314,6.143318653776553e-05,,0,,
2023-05-04,426.4251272378649,426.93348299773635,419.8740498590413,421.9842224121094,1113200,387.8940124511719,101.0,,4.0,1.0,,7.399739898430282e-05,7.964278955551676e-05,,1,,
2023-05-05,428.2092168307899,432.41993194658335,427.9214793135794,431.1442565917969,843600,395.074951171875,103.0,,4.0,1.0,,6.0381668935108074e-05,0.00011704181820834734,,0,,
2023-05-08,433.13922068799036,433.44616016083694,428.14198496952366,429.791748046875,556600,395.18017578125,102.0,,4.0,1.0,,4.8814946025959546e-05,0.00019273069506206173,,0,,
2023-05-09,427.6336620669412,429.9356497471001,426.1853151013592,428.3338623046875,513000,393.4472351074219,101.0,,4.0,1.0,,2.2469961073282475e-05,0.00016887617531804574,,0,,
2023-05-10,433.2639645587387,433.2639645587387,424.61231577020754,429.1011962890625,823800,395.2856140136719,99.0,,4.0,1.0,,-5.945409362511783e-06,0.0001209716024925314,,0,,
2023-05-11,426.95264594369485,427.7679411405662,424.15187438148456,426.2812194824219,526800,394.5961608886719,98.0,,4.0,1.0,,-2.689100269070454e-05,7.399739898430282e-05,,0,,
2023-05-12,427.4993918595316,429.0148580482021,423.4421177408708,426.2428894042969,555100,394.0792236328125,97.0,,4.0,1.0,,-4.1401077476260866e-05,6.0381668935108074e-05,,0,,
2023-05-15,427.2500087335453,431.22093241882675,425.90718500594676,429.6479187011719,544700,395.4388122558594,96.0,,4.0,1.0,,-5.516264262239805e-05,4.8814946025959546e-05,,0,,
2023-05-16,427.6048487508077,427.6048487508077,423.3941345214844,423.3941345214844,627400,392.7961730957031,96.0,,4.0,1.0,,-7.816849031210503e-05,2.2469961073282475e-05,,0,,
2023-05-17,425.31252195353767,431.67175480811136,423.85457391177675,430.94281005859375,880800,397.5643615722656,98.0,,4.0,1.0,,-8.242170869122761e-05,-5.945409362511783e-06,,0,,
2023-05-18,430.0123659127498,434.990428886656,428.7750362879571,434.395751953125,842400,401.3941345214844,97.0,,4.0,1.0,,-6.233614793535217e-05,-2.689100269070454e-05,,0,,
2023-05-19,437.18695710844554,437.18695710844554,428.9957172937502,430.4728088378906,643800,400.8100891113281,97.0,,4.0,1.0,,-4.0275873625515174e-05,-4.1401077476260866e-05,,0,,
2023-05-22,431.96902298337864,434.5396043806236,429.29297688288864,432.82269287109375,694700,400.9728698730469,95.0,,4.0,1.0,,-2.8171344784194452e-05,-5.516264262239805e-05,,0,,
2023-05-23,431.4319333018755,434.70268588621633,428.12283523488776,428.4010009765625,895200,396.4728088378906,95.0,,4.0,1.0,,-5.4962355236841164e-05,-7.816849031210503e-05,,0,,
2023-05-24,426.86638670983035,427.18289797412393,422.7899394046805,424.3437805175781,872300,393.60052490234375,95.0,,4.0,1.0,,-9.191678381082961e-05,-8.242170869122761e-05,,1,,
2023-05-25,424.31492408433274,425.4467304433856,420.7084585102837,424.1998291015625,899900,397.009033203125,93.0,,4.0,1.0,,-0.00014555372009823482,-6.233614793535217e-05,,0,,
2023-05-26,424.6794194468434,429.072377247196,424.1039152502461,428.5352478027344,747000,402.1505126953125,93.0,,4.0,1.0,,-0.00015813217056114286,-4.0275873625515174e-05,,0,,
2023-05-30,430.1275284671449,431.4224057875432,426.30047327854356,427.9598083496094,925100,402.3036804199219,91.0,,4.0,1.0,,-0.00013449164336919026,-2.8171344784194452e-05,,0,,
2023-05-31,425.87844440752025,427.5186067570656,419.6151042553964,422.1760559082031,991000,400.0728759765625,92.0,,4.0,1.0,,-0.00011552096287494947,-5.4962355236841164e-05,,0,,
2023-06-01,422.70354093374556,426.7320117365889,420.4015241648532,425.8399963378906,954300,403.8739013671875,91.0,,4.0,1.0,,-0.0001032427515722055,-9.191678381082961e-05,,0,,
2023-06-02,430.7605297277132,439.815039629799,430.7605297277132,439.59442138671875,1217300,409.71441650390625,100.0,,1.0,1.0,,-6.063383332577012e-05,-0.00014555372009823482,,0,,
2023-06-05,437.6856897563299,437.8487312317953,432.4966094038828,434.8849182128906,1576300,408.9293212890625,99.0,,1.0,1.0,,-1.445085082792317e-05,-0.00015813217056114286,,0,,
2023-06-06,433.78189202256607,444.73555710074345,433.78189202256607,443.94903564453125,1222300,409.8196716308594,102.0,,1.0,1.0,,4.129735506348915e-05,-0.00013449164336919026,,0,,
2023-06-07,445.9153561690091,451.34422814587,445.1192628955174,450.6056823730469,1146900,408.4027404785156,102.0,,1.0,1.0,,8.645626512663561e-05,-0.00011552096287494947,,0,,
2023-06-08,449.8382917437131,451.01807394042766,445.9728621943485,448.6585388183594,953600,410.8729553222656,101.0,,1.0,1.0,,0.0001405942169983627,-0.0001032427515722055,,0,,
2023-06-09,448.91753568543123,449.3107964466991,444.7259935960741,445.8674011230469,1040800,411.6102294921875,100.0,,1.0,1.0,,0.00017417350981424408,-6.063383332577012e-05,,0,,
2023-06-12,446.4045098032599,449.18607948076175,444.46700910847284,448.3420104980469,727400,415.3442687988281,99.0,,1.0,1.0,,0.00018726876584062896,-1.445085082792317e-05,,0,,
2023-06-13,450.6056094316184,454.73960343152106,449.3299050734526,453.1377868652344,836900,418.0825500488281,98.0,,1.0,1.0,,0.00022711422750297866,4.129735506348915e-05,,0,,
2023-06-14,454.0586327142587,456.7538810505233,447.53630034353506,450.44256591796875,982000,418.5804748535156,97.0,,1.0,1.0,,0.00026264702166517315,8.645626512663561e-05,,0,,
2023-06-15,448.70656388094466,455.0082791638755,448.70656388094466,454.8644104003906,1122200,423.7698669433594,97.0,,1.0,1.0,,0.00028507740455067563,0.0001405942169983627,,0,,
2023-06-16,456.3298404480631,457.28247207146495,451.18191206622134,452.76959228515625,1720300,422.326416015625,96.0,,1.0,1.0,,0.00029808940806149835,0.00017417350981424408,,0,,
2023-06-20,450.4986567338265,450.88354441780905,447.3040331631803,449.42095947265625,992100,420.1353454589844,95.0,,1.0,1.0,,0.00028146541023876505,0.00018726876584062896,,1,,
2023-06-21,447.7948344716879,450.90286088108354,446.50544442803607,448.9013977050781,761400,417.982666015625,93.0,,1.0,1.0,,0.00026740767446457425,0.00022711422750297866,,0,,
2023-06-22,447.8524776534862,448.1411654171332,444.2248667408489,446.5438537597656,682500,419.491455078125,92.0,,1.0,1.0,,0.00024205157276458082,0.00026264702166517315,,0,,
2023-06-23,441.66543963331264,444.6868687186224,440.9629981884025,441.3094177246094,985700,416.320068359375,92.0,,1.0,1.0,,0.00021740994774467737,0.00028507740455067563,,0,,
2023-06-26,442.12724060288366,447.25593434211214,441.74232355288274,445.0620422363281,654300,414.6191101074219,92.0,,1.0,1.0,,0.00021387212003134352,0.00029808940806149835,,0,,
2023-06-27,445.75489783672197,452.7695918770252,444.7541662604867,452.0767822265625,662800,419.1646728515625,93.0,,1.0,1.0,,0.00022904759046872382,0.00028146541023876505,,0,,
2023-06-28,451.3454676589572,452.2403382114551,448.8051852252455,452.1730041503906,736500,419.37615966796875,91.0,,1.0,1.0,,0.0002593489719443392,0.00026740767446457425,,0,,
2023-06-29,452.17292007167697,457.7538643638699,451.6051762886192,457.6672668457031,519900,421.0290832519531,91.0,,1.0,1.0,,0.0003084011944180801,0.00024205157276458082,,0,,
2023-06-30,460.98698860611836,462.3630053549295,458.47557230561426,460.82342529296875,861900,425.9975280761719,91.0,,1.0,1.0,,0.0003042372422977462,0.00021740994774467737,,0,,
2023-07-03,460.4481367080931,463.1327774031597,459.55326626475323,461.48736572265625,404100,426.4875793457031,89.0,,1.0,1.0,,0.00031622652133991776,0.00021387212003134352,,0,,
2023-07-05,460.3904555441731,460.40971901714175,457.18622935527287,457.8886413574219,736200,425.8533630371094,89.0,,1.0,1.0,,0.00027667219000123035,0.00022904759046872382,,0,,
2023-07-06,453.63553206082304,453.93382220739943,448.67040183306364,452.74066162109375,793400,422.51861572265625,89.0,,1.0,1.0,,0.00023020452672009435,0.0002593489719443392,,1,,
2023-07-07,453.4912626718915,461.1410052278593,453.2988041290159,457.25360107421875,615600,421.4519348144531,88.0,,1.0,1.0,,0.00020346478547229172,0.0003084011944180801,,0,,
2023-07-10,456.25287999603864,463.1809472230514,456.0026897575595,463.0847473144531,631200,422.51861572265625,89.0,,1.0,1.0,,0.00021317865739572335,0.0003042372422977462,,0,,
2023-07-11,464.0853946234974,468.68487145521163,463.4888143085335,468.1171569824219,685400,425.2094421386719,89.0,,1.0,1.0,,0.00027543461519675424,0.00031622652133991776,,0,,
2023-07-12,473.8040034948872,474.32361806368675,470.7344747649285,471.63897705078125,991500,428.630615234375,88.0,,1.0,1.0,,0.00033453731337123883,0.00027667219000123035,,0,,
2023-07-13,473.0245526965316,474.6314962074575,471.5042360766247,474.06378173828125,396200,432.0326843261719,87.0,,1.0,1.0,,0.0003894381213313872,0.00023020452672009435,,0,,
2023-07-14,474.1215028158278,474.1215028158278,467.6071607569313,469.46429443359375,1071600,431.7635498046875,87.0,,1.0,1.0,,0.0004073956691508956,0.00020346478547229172,,0,,
2023-07-17,469.13712965178087,473.8136017100243,468.05943237425686,472.6108093261719,774100,433.26275634765625,86.0,,1.0,1.0,,0.00040457900354749386,0.00021317865739572335,,0,,
2023-07-18,472.54344518948585,477.6529048791498,472.54344518948585,477.27764892578125,968700,436.4822082519531,86.0,,1.0,1.0,,0.0003710780008763617,0.00027543461519675424,,0,,
2023-07-19,478.89420358946836,480.077761886429,476.53671873159476,478.8749694824219,745800,437.4527893066406,84.0,,1.0,1.0,,0.000371298531758419,0.00033453731337123883,,0,,
2023-07-20,479.36569839880883,479.4811617734941,474.53529457916113,476.1903381347656,998200,434.550537109375,84.0,1.0,1.0,1.0,1.0,0.00034319956753062344,0.0003894381213313872,,0,1.0,1.0
2023-07-21,478.9808097881447,478.9808097881447,474.7181204788018,475.1896057128906,504700,434.550537109375,82.0,1.0,1.0,1.0,1.0,0.00030967568475896663,0.0004073956691508956,,0,1.0,2.0
2023-07-24,474.8432384696365,478.4997158741658,474.352489739457,475.90167236328125,488900,436.4917907714844,81.0,1.0,1.0,1.0,1.0,0.00027481932717154906,0.00040457900354749386,,0,1.0,3.0
2023-07-25,474.63152406384324,478.9904426505064,474.34283626194826,476.72918701171875,644500,437.68341064453125,80.0,1.0,1.0,1.0,1.0,0.0002667835546640883,0.0003710780008763617,,0,1.0,4.0
2023-07-26,476.055598008311,480.5492433147956,475.7958054225159,479.2309875488281,725700,437.7507019042969,79.0,1.0,1.0,1.0,1.0,0.0002664539872410595,0.000371298531758419,,0,1.0,5.0
2023-07-27,481.8675181842695,481.8675181842695,472.2740444907811,473.3228759765625,867900,434.848388671875,80.0,1.0,1.0,1.0,1.0,0.0002129479652076505,0.00034319956753062344,,0,1.0,6.0
2023-07-28,477.2680630898861,478.93273847813015,475.21849997538624,477.1622314453125,770200,439.10565185546875,79.0,1.0,1.0,1.0,1.0,0.0001898700125839806,0.00030967568475896663,,0,1.0,7.0
2023-07-31,478.39378338210423,480.43371430607647,477.2679569340394,479.50994873046875,725400,439.9417724609375,78.0,1.0,1.0,1.0,1.0,0.00018327176063885823,0.00027481932717154906,,0,1.0,8.0
2023-08-01,476.47902762394574,479.0674394470108,475.36283265416233,478.1918029785156,622800,438.6828918457031,77.0,1.0,1.0,1.0,1.0,0.00021201477833616392,0.0002667835546640883,,0,1.0,9.0
2023-08-02,472.9380339776285,475.19928986050155,471.15789511813045,472.6686096191406,976300,432.5804138183594,78.0,1.0,4.0,1.0,2.0,0.0002114447910396587,0.0002664539872410595,,1,2.0,10.0
2023-08-03,470.10902102473426,473.11118628073655,468.27115063781173,471.19635009765625,968000,431.3407287597656,77.0,1.0,4.0,1.0,2.0,0.00020750371911053614,0.0002129479652076505,,0,2.0,11.0
2023-08-04,472.68781686012363,476.12299925937106,470.47469042441827,471.3888244628906,1035700,429.389892578125,76.0,1.0,4.0,1.0,2.0,0.00021016536131168947,0.0001898700125839806,,0,2.0,12.0
2023-08-07,472.76475637537,475.3435361229193,471.494600607754,474.8046875,555200,433.1378173828125,75.0,1.0,4.0,1.0,2.0,0.0002352618476327283,0.00018327176063885823,,0,2.0,13.0
2023-08-08,469.5509146900088,471.22519229914917,465.83667652191366,470.79217529296875,962800,431.2542419433594,75.0,1.0,4.0,1.0,2.0,0.0002300157499101521,0.00021201477833616392,,1,2.0,14.0
2023-08-09,470.33025935367016,471.215497990243,467.1164020399398,468.4827575683594,561000,428.3712158203125,74.0,1.0,4.0,1.0,2.0,0.0001920721266283663,0.0002114447910396587,,0,2.0,15.0
2023-08-10,470.1860223091052,473.9194654549012,466.0002986566862,467.8670349121094,1209500,428.52496337890625,73.0,1.0,4.0,1.0,2.0,0.00014053245941043172,0.00020750371911053614,,0,2.0,16.0
2023-08-11,466.06759785467005,469.2622214512817,465.7597053240103,467.7611389160156,627400,428.2751159667969,72.0,1.0,4.0,1.0,2.0,0.00010591955729188034,0.00021016536131168947,,0,2.0,17.0
2023-08-14,465.62503231626584,468.66569531657154,464.0084862244734,468.55023193359375,678800,430.63916015625,71.0,1.0,4.0,1.0,2.0,0.00011822448497412402,0.0002352618476327283,,0,2.0,18.0
2023-08-15,465.75007472960493,465.75007472960493,461.9107708548096,462.24755859375,628100,425.6226806640625,72.0,1.0,4.0,1.0,2.0,9.950385894206735e-05,0.0002300157499101521,,0,2.0,19.0
2023-08-16,461.8626303355806,464.16238340236623,457.93672902859646,457.9559631347656,638700,422.4994201660156,72.0,1.0,4.0,1.0,2.0,7.5140463353801e-05,0.0001920721266283663,,0,2.0,20.0
2023-08-17,458.9856265617724,460.02482638053476,452.0094299316406,452.0094299316406,897600,419.2800598144531,74.0,1.0,4.0,1.0,2.0,2.2919816445089963e-05,0.00014053245941043172,,0,2.0,21.0
2023-08-18,448.77627037295997,454.58814182627395,448.6415435354424,453.56817626953125,900800,419.4818115234375,73.0,1.0,4.0,1.0,2.0,-4.967514686088763e-06,0.00010591955729188034,,0,2.0,22.0
2023-08-21,454.0108155019712,455.4253005325832,450.4698017399796,453.9434814453125,968100,422.21112060546875,72.0,1.0,4.0,1.0,2.0,-2.4860596514812032e-05,0.00011822448497412402,,0,2.0,23.0
2023-08-22,454.89613176907915,455.6851707110346,451.0375639621219,451.85546875,947800,421.0675048828125,71.0,1.0,4.0,1.0,2.0,-5.446884536394319e-05,9.950385894206735e-05,,0,2.0,24.0
2023-08-23,451.7014499050392,457.04186563685846,450.7199819043761,456.9360046386719,649100,425.75726318359375,71.0,1.0,4.0,1.0,2.0,-7.19399733717807e-05,7.5140463353801e-05,,0,2.0,25.0
2023-08-24,455.75248091508087,459.4570579577446,451.9901428222656,451.9901428222656,758900,419.8566589355469,72.0,1.0,4.0,1.0,2.0,-0.0001151160876035638,2.2919816445089963e-05,,0,2.0,26.0
2023-08-25,453.9723465960889,455.8486851097227,449.1515452892008,453.8664855957031,906200,422.8164978027344,71.0,1.0,4.0,1.0,2.0,-0.00011190317458098835,-4.967514686088763e-06,,0,2.0,27.0
2023-08-28,455.8775801215446,460.226896485585,455.57928993826494,457.8405456542969,934000,425.497802734375,71.0,1.0,4.0,1.0,2.0,-9.638239599846906e-05,-2.4860596514812032e-05,,0,2.0,28.0
2023-08-29,457.677000987172,464.2105488061469,456.3779791939192,464.1913146972656,690300,431.6483154296875,72.0,1.0,4.0,1.0,2.0,-3.593263897738593e-05,-5.446884536394319e-05,,0,2.0,29.0
2023-08-30,463.69095664269423,466.88555120723584,463.4119005603069,464.9803466796875,545700,433.426025390625,71.0,1.0,4.0,1.0,2.0,2.142209647877808e-05,-7.19399733717807e-05,,0,2.0,30.0
2023-08-31,465.6346206092065,467.9151103054018,465.21123533442227,465.3074645996094,564700,432.7918395996094,70.0,1.0,4.0,1.0,2.0,9.063952538048281e-05,-0.0001151160876035638,,0,2.0,31.0
2023-09-01,468.59834823242437,470.74414072444375,467.5495166470583,469.974365234375,998800,433.59912109375,71.0,1.0,1.0,1.0,1.0,0.00018352545855843233,-0.00011190317458098835,,0,1.0,32.0
2023-09-05,465.9040597057233,467.1934496779782,459.00482934722316,459.06256103515625,1201500,431.72509765625,76.0,1.0,1.0,1.0,1.0,0.00018848862407399797,-9.638239599846906e-05,,1,1.0,33.0
2023-09-06,458.97593247950624,461.7375390374877,455.5600139258106,457.5999450683594,733300,428.8228454589844,75.0,1.0,1.0,1.0,1.0,0.00017440286065389563,-3.593263897738593e-05,,0,1.0,34.0
2023-09-07,455.242488933847,456.4549131048521,452.12486033989086,453.674072265625,772800,427.5062561035156,75.0,1.0,1.0,1.0,1.0,9.234720355723716e-05,2.142209647877808e-05,,0,1.0,35.0
2023-09-08,453.65478893652727,454.92494473959965,452.1729698646579,453.29876708984375,408100,428.1501770019531,74.0,1.0,1.0,1.0,1.0,0.00010391007623082582,9.063952538048281e-05,,0,1.0,36.0
2023-09-11,456.0507482742437,456.7531601962284,453.12554912673085,453.7413635253906,527000,430.96588134765625,73.0,1.0,1.0,1.0,1.0,8.295937594147186e-05,0.00018352545855843233,,0,1.0,37.0
2023-09-12,452.94274926029806,456.09887532422664,452.5578615676333,453.8664855957031,508200,428.6018371582031,72.0,1.0,1.0,1.0,1.0,7.337921142920752e-05,0.00018848862407399797,,0,1.0,38.0
2023-09-13,453.98193208520763,454.5689100208591,449.4690528462869,451.13372802734375,561900,429.1015319824219,71.0,1.0,4.0,1.0,2.0,5.0980190818724025e-05,0.00017440286065389563,,0,2.0,39.0
2023-09-14,454.68435072661634,457.3785937058501,453.8375802574154,457.0899353027344,688800,432.8014221191406,73.0,1.0,4.0,1.0,2.0,8.280546929674796e-05,9.234720355723716e-05,,0,2.0,40.0
2023-09-15,455.1737622899766,455.5019928261234,450.8101905334698,452.32586669921875,1613700,427.58697509765625,73.0,1.0,4.0,1.0,2.0,0.00011086707508885138,0.00010391007623082582,,0,2.0,41.0
2023-09-18,452.6732572689623,453.6096906616816,450.62662662792326,451.5727233886719,691200,427.8376770019531,72.0,1.0,4.0,1.0,2.0,0.00011009805188809646,8.295937594147186e-05,,0,2.0,42.0
2023-09-19,451.98789902038226,453.54216949329225,449.08205313964726,450.6653137207031,615000,426.9504089355469,71.0,1.0,4.0,1.0,2.0,6.402110985553361e-05,7.337921142920752e-05,,0,2.0,43.0
2023-09-20,452.4706059321401,454.8165067465251,448.0394501289153,448.1166687011719,690000,423.02532958984375,70.0,1.0,4.0,1.0,2.0,2.6522581382255026e-05,5.0980190818724025e-05,,0,2.0,44.0
2023-09-21,445.54870785845736,445.5873318745727,439.9976913669263,440.0073547363281,948700,416.03338623046875,74.0,1.0,4.0,1.0,2.0,-2.8550237236942645e-05,8.280546929674796e-05,,1,2.0,45.0
2023-09-22,440.9727381878494,442.84560519376964,439.3605169960141,439.48602294921875,914000,415.0979309082031,72.0,1.0,4.0,1.0,2.0,-9.17315494422778e-05,0.00011086707508885138,,0,2.0,46.0
2023-09-25,437.43937878580965,442.94213705245915,437.35249685041924,442.3435974121094,894300,416.8435363769531,72.0,1.0,4.0,1.0,2.0,-0.00012591543396237405,0.00011009805188809646,,0,2.0,47.0
2023-09-26,439.1963943805075,441.52299769778466,435.1513907430264,435.28656005859375,1198800,410.7194519042969,74.0,1.0,4.0,1.0,2.0,-0.00014445539959082913,6.402110985553361e-05,,0,2.0,48.0
2023-09-27,437.64211714146415,439.84321462543215,434.53354679940065,437.9800109863281,1386500,410.88348388671875,74.0,1.0,4.0,1.0,2.0,-0.0001171751546048712,2.6522581382255026e-05,,0,2.0,49.0
2023-09-28,438.144121815034,444.467441437938,437.82552526095446,442.62353515625,1048300,413.2655334472656,74.0,1.0,4.0,1.0,2.0,-7.676222502540511e-05,-2.8550237236942645e-05,,0,2.0,50.0
2023-09-29,445.80935927887816,446.4947808554064,440.2583430844596,440.83758544921875,2419900,412.2626037597656,73.0,1.0,4.0,1.0,2.0,-3.022899107108706e-05,-9.17315494422778e-05,,0,2.0,51.0
2023-10-02,439.7563240714935,440.99202738106374,433.19165576343113,435.0162353515625,1557400,412.0986633300781,74.0,1.0,4.0,1.0,2.0,-4.4005424323373736e-05,-0.00012591543396237405,,0,2.0,52.0
2023-10-03,432.71872917551525,434.09923605418834,426.2505751103573,428.0655212402344,1379700,406.582275390625,76.0,4.0,4.0,1.0,8.0,-0.00010458344794538234,-0.00014445539959082913,,0,2.0,53.0
2023-10-04,428.2391833894669,430.71059003303816,424.7734219593142,430.13134765625,1353000,409.54296875,75.0,4.0,4.0,1.0,8.0,-0.00015109973592440654,-0.0001171751546048712,,0,2.0,54.0
2023-10-05,429.15631532447486,431.5408400069519,426.8779698549122,429.38800048828125,1248800,409.388671875,74.0,4.0,4.0,1.0,8.0,-0.00017296701821845937,-7.676222502540511e-05,,0,2.0,55.0
2023-10-06,427.0420818937829,435.40239825423873,425.391266247979,433.0661315917969,1274000,414.2492370605469,74.0,4.0,4.0,1.0,8.0,-0.00015722771879184963,-3.022899107108706e-05,,0,2.0,56.0
2023-10-09,430.7395617446259,437.40077559509086,430.48857929537974,436.2519836425781,830400,416.9013671875,74.0,4.0,4.0,1.0,8.0,-0.0001368354590215467,-4.4005424323373736e-05,,0,2.0,57.0
2023-10-10,437.78697429182574,443.13523697039204,437.70009234883383,440.2197570800781,938300,419.07122802734375,74.0,4.0,4.0,1.0,8.0,-0.0001016874957964322,-0.00010458344794538234,,0,2.0,58.0
2023-10-11,440.8085991008633,443.5020569699888,438.4530645306765,441.5519714355469,673700,420.7878723144531,73.0,4.0,4.0,1.0,8.0,-9.042328393218611e-05,-0.00015109973592440654,,0,2.0,59.0
2023-10-12,441.9863635617775,442.09257223172426,430.78781567936477,433.0661315917969,853600,418.2225646972656,76.0,4.0,4.0,1.0,8.0,-0.00012043288432925833,-0.00017296701821845937,,0,2.0,60.0
2023-10-13,434.34043066586077,435.20927939874923,429.2817753868983,430.6526184082031,748300,416.1394348144531,76.0,4.0,4.0,1.0,8.0,-0.00016859392036917497,-0.00015722771879184963,,0,2.0,61.0
2023-10-16,434.34051220452625,438.6461621284192,433.0179268517369,437.7773132324219,871800,420.5178527832031,78.0,4.0,4.0,3.0,10.0,-0.00017372570407391108,-0.0001368354590215467,,0,2.0,62.0
2023-10-17,435.2575891922171,445.8865881348311,435.2575891922171,442.9228210449219,1056200,420.49859619140625,78.0,4.0,1.0,3.0,9.0,-0.00010285065154651767,-0.0001016874957964322,,0,2.0,63.0
2023-10-18,439.0323110272939,439.22540165246255,432.7765754481338,433.0565185546875,957400,414.8953552246094,83.0,4.0,1.0,3.0,9.0,-6.578939504467433e-05,-9.042328393218611e-05,,0,2.0,64.0
2023-10-19,431.6760042362527,434.85215935637063,425.2850994408642,426.54010009765625,1538500,411.24993896484375,84.0,4.0,1.0,4.0,11.0,-8.911568988186736e-05,-0.00012043288432925833,,0,2.0,65.0
2023-10-20,426.32772485821783,427.8723614934788,421.5780018220451,422.03173828125,1268300,406.19647216796875,84.0,4.0,4.0,4.0,12.0,-0.00017385904070102396,-0.00016859392036917497,,0,4.0,1.0
2023-10-23,419.75339561812257,423.29640537319443,417.6971306744989,418.0832824707031,949600,405.49249267578125,84.0,4.0,4.0,4.0,12.0,-0.00021496630250139584,-0.00017372570407391108,,0,4.0,2.0
2023-10-24,420.31333627840297,423.21918228104823,418.39221122628504,420.4098815917969,675200,408.54962158203125,83.0,4.0,4.0,4.0,12.0,-0.00022501673685267195,-0.00010285065154651767,,0,4.0,3.0
2023-10-25,417.39775884326605,418.778294730547,413.574806640499,413.9513244628906,800400,402.6860656738281,85.0,4.0,4.0,4.0,12.0,-0.00022113517109862153,-6.578939504467433e-05,,0,4.0,4.0
2023-10-26,414.2023246506282,419.019661218206,414.2023246506282,415.8724670410156,1361000,397.8640441894531,84.0,4.0,4.0,4.0,12.0,-0.0002375037832382409,-8.911568988186736e-05,,0,4.0,5.0
2023-10-27,416.9054575209517,417.1371426825786,409.5394956554943,410.3697204589844,1653300,396.0606384277344,84.0,4.0,4.0,4.0,12.0,-0.0002713140181922751,-0.00017385904070102396,,0,4.0,6.0
2023-10-30,413.58446518507526,416.3068834550391,410.19592266902475,413.7485656738281,910400,400.79583740234375,84.0,4.0,4.0,4.0,12.0,-0.00028732346823600935,-0.00021496630250139584,,0,4.0,7.0
2023-10-31,414.79126342129445,418.2763222402311,413.95137520560576,417.5522766113281,833300,403.3129577636719,83.0,4.0,4.0,4.0,12.0,-0.0002677843380441774,-0.00022501673685267195,,0,4.0,8.0
2023-11-01,416.8765257180508,420.12023605121107,414.09618574020334,419.94647216796875,1519400,407.61419677734375,83.0,4.0,4.0,4.0,12.0,-0.00022132146494635238,-0.00022113517109862153,,0,4.0,9.0
2023-11-02,424.76376653793255,429.0887429758519,423.95283897985234,428.972900390625,1031500,415.42584228515625,86.0,4.0,4.0,4.0,12.0,-0.00014378587491080616,-0.0002375037832382409,,0,4.0,10.0
2023-11-03,434.16669944662334,439.55358556463847,434.16669944662334,437.33319091796875,1067400,419.2159118652344,89.0,4.0,1.0,4.0,11.0,-5.623961749130582e-05,-0.0002713140181922751,,0,2.0,11.0
2023-11-06,436.9373902325998,437.73865439946525,431.4153346166092,432.9985656738281,763900,420.1802978515625,89.0,4.0,1.0,4.0,11.0,6.4125992566083485e-06,-0.00028732346823600935,,0,2.0,12.0
2023-11-07,431.9269708979828,433.1240501351318,429.56174360627193,431.89801025390625,637800,421.37615966796875,88.0,4.0,1.0,4.0,11.0,1.6949682121147042e-05,-0.0002677843380441774,,0,2.0,13.0
2023-11-08,431.99457535316253,433.9639581636029,429.108026874293,429.84173583984375,725000,421.6847839355469,86.0,4.0,1.0,4.0,11.0,-1.5425178476509263e-05,-0.00022132146494635238,,0,2.0,14.0
2023-11-09,431.9849228261083,431.9849228261083,424.5900000786682,425.30438232421875,785700,418.3962097167969,86.0,4.0,1.0,4.0,11.0,-5.736202647783303e-05,-0.00014378587491080616,,0,2.0,15.0
2023-11-10,427.2544595578449,430.67193334479174,425.0533622622313,430.5271301269531,591100,424.9252014160156,87.0,4.0,1.0,4.0,11.0,-7.777373994509702e-05,-5.623961749130582e-05,,0,2.0,16.0
2023-11-13,429.011521712995,431.34775906438307,427.82407629889,429.8514099121094,864900,424.5201110839844,85.0,4.0,1.0,4.0,11.0,-6.209370441862345e-05,6.4125992566083485e-06,,0,2.0,17.0
2023-11-14,439.41845818065485,447.90425135303497,439.11915889641983,446.63958740234375,1439800,432.756103515625,99.0,4.0,1.0,4.0,11.0,4.327590791481565e-05,1.6949682121147042e-05,,0,2.0,18.0
2023-11-15,447.10294611378515,453.39730464358894,446.6685070115254,448.6186218261719,1038100,433.6722717285156,98.0,4.0,1.0,4.0,11.0,0.0001366016184441849,-1.5425178476509263e-05,,0,2.0,19.0
2023-11-16,447.7690963412616,449.0434236177823,442.55597411907394,443.8399353027344,1004700,434.2027282714844,97.0,4.0,1.0,4.0,11.0,0.00019333680302268316,-5.736202647783303e-05,,0,2.0,20.0
2023-11-17,446.4850812948763,448.6765446267367,446.3113174379808,447.68218994140625,848600,434.7427673339844,97.0,4.0,1.0,4.0,11.0,0.0001847565159135252,-7.777373994509702e-05,,0,2.0,21.0
2023-11-20,447.3346931462883,450.5011848546819,445.6838773599819,449.6999206542969,784400,438.0893249511719,95.0,4.0,1.0,4.0,11.0,0.00018350673095066184,-6.209370441862345e-05,,0,2.0,22.0
2023-11-21,448.1359927927213,449.0338023146765,447.06438992660344,447.460205078125,626000,437.13446044921875,94.0,4.0,1.0,4.0,11.0,0.00018273802508061445,4.327590791481565e-05,,0,2.0,23.0
2023-11-22,449.33306346630593,451.6596669442632,448.3290452833615,450.0667724609375,929300,438.82220458984375,93.0,4.0,1.0,4.0,11.0,0.00015756250046557489,0.0001366016184441849,,0,2.0,24.0
2023-11-24,449.6033720618793,452.6153971452498,449.16893290268507,452.0844421386719,336600,439.0922546386719,92.0,4.0,1.0,4.0,11.0,0.0001524281236980635,0.00019333680302268316,,0,2.0,25.0
2023-11-27,450.2694809241506,452.2292298348812,448.34835602794175,451.3024597167969,675200,438.3014221191406,91.0,4.0,1.0,4.0,11.0,0.0001528199020407791,0.0001847565159135252,,0,2.0,26.0
2023-11-28,450.63625631168577,451.81403812519784,447.83661971082506,448.41583251953125,1042200,438.7353820800781,90.0,4.0,1.0,4.0,11.0,0.00013587792628920852,0.00018350673095066184,,0,2.0,27.0
2023-11-29,451.0514236713382,454.79715741919125,449.448865961613,450.114990234375,1048900,438.4267883300781,89.0,4.0,1.0,3.0,9.0,8.666471036595793e-05,0.00018273802508061445,,0,2.0,28.0
2023-11-30,451.38930589613346,453.35868855836986,449.25576381981125,452.6056823730469,1431300,440.1531066894531,88.0,4.0,1.0,3.0,9.0,8.431252536102956e-05,0.00015756250046557489,,0,2.0,29.0
2023-12-01,451.8334351177249,463.8139803799925,450.7618617236371,463.5726318359375,1622400,442.7569885253906,92.0,1.0,1.0,3.0,3.0,0.00016054165519228304,0.0001524281236980635,,0,1.0,1.0
2023-12-04,462.30793801294175,467.66586356089243,461.6514770861982,467.18316650390625,1133400,440.4327697753906,92.0,1.0,1.0,3.0,3.0,0.0002502630564252986,0.0001528199020407791,,0,1.0,2.0
2023-12-05,465.13654850074795,465.26205445285785,460.2419931374092,461.1687927246094,960700,440.34600830078125,92.0,1.0,1.0,3.0,3.0,0.00030028396798643876,0.00013587792628920852,,0,1.0,3.0
2023-12-06,463.88153927786914,467.7913736898001,460.0199627874719,460.25164794921875,832200,438.5715026855469,91.0,1.0,1.0,3.0,3.0,0.0002918840976253901,8.666471036595793e-05,,0,1.0,4.0
2023-12-07,461.1108842285678,462.96442453142015,459.6917536241221,462.82928466796875,774100,441.91796875,90.0,1.0,1.0,3.0,3.0,0.0002987457811755509,8.431252536102956e-05,,0,1.0,5.0
2023-12-08,462.3273007277755,466.87429939895907,462.30800344890116,464.8855895996094,579900,443.81787109375,88.0,1.0,1.0,3.0,3.0,0.0003233966803511423,0.00016054165519228304,,0,1.0,6.0
2023-12-11,464.5766525470818,467.8396601327415,464.2387586912745,467.2990417480469,957900,445.5440673828125,87.0,1.0,1.0,3.0,3.0,0.0003869293993890804,0.0002502630564252986,,0,1.0,7.0
2023-12-12,466.8356976752558,468.40929499344446,464.48979675302695,466.55572509765625,702700,447.5789489746094,86.0,1.0,1.0,3.0,3.0,0.00041686558058383983,0.00030028396798643876,,0,1.0,8.0
2023-12-13,466.39155427094545,478.323841300424,464.4221714146605,478.28521728515625,1238800,453.7511291503906,91.0,1.0,1.0,3.0,3.0,0.00047003332769790187,0.0002918840976253901,,0,1.0,9.0
2023-12-14,484.3093617830148,491.09608239817294,484.2900350420429,489.7445068359375,1074700,455.2074279785156,96.0,1.0,1.0,3.0,3.0,0.0005150207272535701,0.0002987457811755509,,0,1.0,10.0
2023-12-15,489.47408979637663,490.10393789049,483.7666292791577,485.0650939941406,1495100,454.45794677734375,95.0,1.0,1.0,3.0,3.0,0.0005202669321413953,0.0003233966803511423,,0,1.0,11.0
2023-12-18,487.27446468096304,487.9527808790849,484.67753504949275,485.6368713378906,968400,457.0142822265625,94.0,1.0,1.0,3.0,3.0,0.0004774110156295154,0.0003869293993890804,,0,1.0,12.0
2023-12-19,488.0206221664258,492.33268223366,487.3423059630873,492.0419921875,635300,459.79327392578125,94.0,1.0,1.0,3.0,3.0,0.00043906156187377914,0.00041686558058383983,,0,1.0,13.0
2023-12-20,491.11172369566276,494.6776593731669,484.144566832583,484.1542663574219,965200,453.4219055175781,95.0,1.0,1.0,3.0,3.0,0.0004166232964975557,0.00047003332769790187,,0,1.0,14.0
2023-12-21,488.3016249462029,491.1989440665279,486.19886844778546,490.88885498046875,849900,457.7210998535156,96.0,1.0,1.0,3.0,3.0,0.00043087172722710063,0.0005150207272535701,,0,1.0,15.0
2023-12-22,492.25508540288797,495.38498566652424,490.4236497293067,492.7298889160156,934300,458.6410217285156,94.0,1.0,1.0,3.0,3.0,0.00044881424735869024,0.0005202669321413953,,0,1.0,16.0
2023-12-26,493.4179793734258,497.94322186360245,492.9044072593609,496.421875,513700,460.5776672363281,94.0,1.0,1.0,3.0,3.0,0.0005043552046391354,0.0004774110156295154,,0,1.0,17.0
2023-12-27,496.49937145181065,498.0497576206423,494.86174870714063,496.7125244140625,520400,461.4103698730469,92.0,1.0,1.0,3.0,3.0,0.0005366633511460135,0.00043906156187377914,,0,1.0,18.0
2023-12-28,495.5497753157777,497.58469429344507,494.53233061280554,496.421875,568900,461.5846862792969,91.0,1.0,1.0,3.0,3.0,0.0005020565881411735,0.0004166232964975557,,0,1.0,19.0
2023-12-29,495.54008213570427,496.5769258403935,491.61558938306575,491.65435791015625,1012900,460.2484436035156,90.0,1.0,1.0,3.0,3.0,0.0004328278003060539,0.00043087172722710063,,0,1.0,20.0
2024-01-02,488.2337488047994,493.1562869768953,487.58450168043777,490.0651550292969,1062100,457.6726989746094,89.0,1.0,1.0,3.0,3.0,0.00036421131988098994,0.00044881424735869024,,0,1.0,21.0
2024-01-03,484.92946281150944,485.5980794521005,478.67936102223535,479.0088195800781,1528700,453.9350280761719,93.0,1.0,1.0,3.0,3.0,0.0002864625288072366,0.0005043552046391354,,1,1.0,22.0
2024-01-04,478.27235611252524,481.09216746070325,477.8459910554435,478.0591735839844,839100,452.47296142578125,92.0,1.0,1.0,3.0,3.0,0.00023538651515649762,0.0005366633511460135,,0,1.0,23.0
2024-01-05,476.39246516050986,483.03016274122643,475.4622276012162,479.76458740234375,1289700,453.0926208496094,91.0,1.0,4.0,3.0,4.0,0.0001893976230244226,0.0005020565881411735,,0,2.0,24.0
2024-01-08,478.9313261718832,486.05352783203125,477.8363444073792,486.05352783203125,919300,459.5610046386719,91.0,1.0,4.0,3.0,4.0,0.00020373827418343439,0.0004328278003060539,,0,2.0,25.0
2024-01-09,481.12124059693303,484.3770869825766,480.00685989578324,482.6619567871094,1056000,458.86376953125,90.0,1.0,4.0,3.0,4.0,0.00020260307244800735,0.00036421131988098994,,0,2.0,26.0
2024-01-10,483.2530834223075,484.7550608054903,480.2491582276649,484.12518310546875,662400,461.4588317871094,89.0,1.0,4.0,3.0,4.0,0.000207831981438744,0.0002864625288072366,,0,2.0,27.0
2024-01-11,483.11745708229313,483.6794677002977,477.9623366932234,482.79766845703125,1322600,461.2555236816406,88.0,1.0,4.0,3.0,4.0,0.00020673431223620106,0.00023538651515649762,,0,2.0,28.0
2024-01-12,487.0128105073823,488.4856892492644,481.06312796330275,482.65228271484375,844000,461.57501220703125,86.0,1.0,4.0,3.0,4.0,0.00021631207187851968,0.0001893976230244226,,0,2.0,29.0
2024-01-16,479.29953821968274,481.1697130759139,476.75104719931653,479.5030212402344,1494900,459.8804016113281,86.0,1.0,4.0,3.0,4.0,0.00019879166343026987,0.00020373827418343439,,0,2.0,30.0
2024-01-17,473.97002081228584,477.7394396601535,472.5455804749206,476.1212158203125,1092300,457.32415771484375,85.0,1.0,4.0,3.0,4.0,0.0001462437905658948,0.00020260307244800735,,0,2.0,31.0
2024-01-18,478.48558879127665,480.3945322241042,475.0455989734444,479.90032958984375,1104200,461.3909912109375,84.0,1.0,4.0,3.0,4.0,0.00011606553823820385,0.000207831981438744,,0,2.0,32.0
2024-01-19,481.05348229212825,485.4430795784933,477.7976057985782,484.687255859375,1173600,467.1427917480469,84.0,1.0,4.0,3.0,4.0,0.00012303075241648938,0.00020673431223620106,,0,2.0,33.0
2024-01-22,487.7492831867495,491.4799630208293,487.6814456546317,490.32684326171875,1485400,468.13043212890625,84.0,1.0,4.0,3.0,4.0,0.0001791992773451511,0.00021631207187851968,,0,2.0,34.0
2024-01-23,492.9625123380947,494.1350015066548,486.7124108038352,488.2821960449219,999600,469.49578857421875,83.0,1.0,4.0,3.0,4.0,0.0002109359363471661,0.00019879166343026987,,0,2.0,35.0
2024-01-24,493.1078815438319,493.1078815438319,484.9488362992131,485.2879943847656,851300,470.009033203125,82.0,1.0,4.0,3.0,4.0,0.0002165947358687872,0.0001462437905658948,,0,2.0,36.0
2024-01-25,489.0186929936264,490.95670547507933,485.48182612931953,488.36944580078125,739400,472.56536865234375,82.0,1.0,4.0,3.0,4.0,0.00021673753942012057,0.00011606553823820385,,0,2.0,37.0
2024-01-26,489.69693886187156,491.60588218009127,487.59421205466924,488.84423828125,578900,471.96502685546875,81.0,1.0,4.0,3.0,4.0,0.00022534864428245204,0.00012303075241648938,,0,2.0,38.0
2024-01-29,488.44695018735837,493.4566955566406,487.02250992590416,493.4566955566406,717700,475.7026672363281,80.0,1.0,4.0,3.0,4.0,0.00022875635876240695,0.0001791992773451511,,0,2.0,39.0
2024-01-30,491.189218294553,493.5438961743129,490.32681818645466,492.13885498046875,654400,475.3347473144531,79.0,1.0,1.0,1.0,1.0,0.0002054405715819984,0.0002109359363471661,,0,1.0,40.0
2024-01-31,491.2085411443969,493.28219863502085,482.83631499726295,483.1076354980469,2359800,467.5785827636719,82.0,1.0,1.0,1.0,1.0,0.00015523635932137168,0.0002165947358687872,,0,1.0,41.0
2024-02-01,485.35584464198246,489.7842102050781,480.41390696046085,489.7842102050781,1106600,473.69830322265625,83.0,1.0,1.0,1.0,1.0,0.0001345339711505182,0.00021673753942012057,,0,1.0,42.0
2024-02-02,485.9469282415726,491.6543891708892,483.1755845986852,489.35784912109375,1234800,478.68505859375,82.0,1.0,1.0,1.0,1.0,0.00012035571947739824,0.00022534864428245204,,0,1.0,43.0
2024-02-05,485.4430335693011,486.07288168024996,480.17163751495485,483.7860412597656,927300,476.942138671875,82.0,1.0,1.0,1.0,1.0,0.0001234982391120289,0.00022875635876240695,,0,1.0,44.0
2024-02-06,483.941120588391,487.02255340566666,482.962414800397,486.0923156738281,791800,478.32684326171875,81.0,1.0,1.0,1.0,1.0,0.00011602610137676984,0.0002054405715819984,,0,1.0,45.0
2024-02-07,488.4663046077399,490.72410548817237,484.7356250311491,488.8926696777344,753900,482.3162536621094,80.0,1.0,1.0,1.0,1.0,0.0001340141590153335,0.00015523635932137168,,0,1.0,46.0
2024-02-08,488.03028361182123,493.4954630552593,488.03028361182123,493.3307189941406,429200,482.5293273925781,80.0,1.0,1.0,1.0,1.0,0.00017801152750285176,0.0001345339711505182,,0,1.0,47.0
2024-02-09,493.5535795202444,497.1970224662884,492.8074554447321,497.0129089355469,828800,485.3179931640625,79.0,1.0,1.0,1.0,1.0,0.00022345351937590524,0.00012035571947739824,,0,1.0,48.0
2024-02-12,497.1388763457486,503.2921006669859,497.1388763457486,501.7126159667969,679700,485.10504150390625,79.0,1.0,1.0,1.0,1.0,0.00026538381882466113,0.0001234982391120289,,0,1.0,49.0
2024-02-13,489.25126344264356,493.57302315886125,485.704696919494,489.3384704589844,1423200,478.42364501953125,85.0,1.0,1.0,1.0,1.0,0.00025215444028616477,0.00011602610137676984,,1,1.0,50.0
2024-02-14,493.9315170641058,497.2164325458107,490.6368724861982,496.22802734375,805300,482.7713928222656,86.0,1.0,1.0,1.0,1.0,0.0002439959314432499,0.0001340141590153335,,0,1.0,51.0
2024-02-15,499.1545068468525,505.8794127503168,499.1545068468525,505.3561706542969,1082000,486.10235595703125,88.0,1.0,1.0,3.0,3.0,0.0002736406479499414,0.00017801152750285176,,0,1.0,52.0
2024-02-16,503.10798169408037,505.6564724824622,500.520751953125,500.520751953125,771700,483.6816101074219,88.0,1.0,1.0,3.0,3.0,0.00032270408444208016,0.00022345351937590524,,0,1.0,53.0
2024-02-20,496.9935922991271,497.56527282320945,494.62921486158945,496.8094787597656,643100,481.01873779296875,87.0,1.0,1.0,3.0,3.0,0.000335998228121654,0.00026538381882466113,,1,1.0,54.0
2024-02-21,495.3752512181367,498.22410166777297,494.716334231737,498.05938720703125,409300,481.45440673828125,86.0,1.0,1.0,3.0,3.0,0.000283217925549242,0.00025215444028616477,,0,1.0,55.0
2024-02-22,500.714494063255,505.9084116142491,500.714494063255,505.588623046875,843300,491.4184265136719,87.0,1.0,1.0,3.0,3.0,0.0002759861843272797,0.0002439959314432499,,0,1.0,56.0
2024-02-23,505.2592102439587,507.55575027011747,503.7088239383773,505.4336242675781,631200,491.75732421875,86.0,1.0,1.0,3.0,3.0,0.00028715884552669085,0.0002736406479499414,,0,1.0,57.0
2024-02-26,504.75531736836604,508.01116377457174,503.8928877172254,505.26885986328125,618300,489.9562683105469,85.0,1.0,1.0,3.0,3.0,0.0003082125775984682,0.00032270408444208016,,0,1.0,58.0
2024-02-27,506.799871056168,508.0208281599038,505.86960394297967,507.3715515136719,858100,490.8664245605469,84.0,1.0,1.0,3.0,3.0,0.0003261774745907067,0.000335998228121654,,0,1.0,59.0
2024-02-28,504.3386134760405,509.07706784707517,504.00918449819955,507.6719970703125,795700,490.21771240234375,82.0,1.0,1.0,3.0,3.0,0.0003590557268544957,0.000283217925549242,,0,1.0,60.0
2024-02-29,510.6468791530157,513.1178923300467,508.0112106221107,511.6352844238281,1102800,491.97998046875,82.0,1.0,1.0,3.0,3.0,0.00042583479540387703,0.0002759861843272797,,0,1.0,61.0
2024-03-01,512.0230111596477,515.5792481273625,509.73611108097316,515.1334838867188,996100,496.598876953125,81.0,1.0,1.0,3.0,3.0,0.00047672543507006575,0.00028715884552669085,,0,1.0,62.0
2024-03-04,520.5501595184693,521.5773037583739,518.1760824220212,518.9125366210938,1573000,496.0662536621094,81.0,1.0,1.0,3.0,3.0,0.0005181398356127548,0.0003082125775984682,,0,1.0,63.0
2024-03-05,516.460828845894,520.1721386008588,515.0461178558099,517.4783325195312,948300,491.1085205078125,79.0,1.0,1.0,3.0,3.0,0.0005192561455354423,0.0003261774745907067,,0,1.0,64.0
2024-03-06,521.5966684471023,522.5559750903743,518.6799504187666,520.8311157226562,1271700,493.5970764160156,79.0,1.0,1.0,3.0,3.0,0.0005337217096668072,0.0003590557268544957,,0,1.0,65.0
2024-03-07,523.8253473149786,526.3931780587051,523.679972738935,525.501708984375,830300,498.4967956542969,79.0,1.0,1.0,3.0,3.0,0.0005556283455399469,0.00042583479540387703,,0,1.0,66.0
2024-03-08,528.3215712934085,530.4921950234424,521.606364924869,522.6820068359375,1003100,495.50469970703125,78.0,1.0,1.0,3.0,3.0,0.0005871896729268856,0.00047672543507006575,,0,1.0,67.0
2024-03-11,521.5191333751413,522.8272680494024,517.6624485946962,520.462890625,854900,495.0785827636719,77.0,1.0,1.0,3.0,3.0,0.0005895295789881601,0.0005181398356127548,,0,1.0,68.0
2024-03-12,520.4725896030644,524.377712859299,519.0772183517113,523.0695190429688,542800,500.40435791015625,76.0,1.0,1.0,3.0,3.0,0.0005855183635742049,0.0005192561455354423,,0,1.0,69.0
2024-03-13,523.1664797552057,526.7808540155319,523.1664797552057,525.1044921875,596000,499.6199645996094,75.0,1.0,1.0,1.0,1.0,0.0006028775422774957,0.0005337217096668072,,0,1.0,70.0
2024-03-14,524.852469427182,525.734238940333,515.0848715422535,519.1256103515625,1019000,498.6322937011719,76.0,1.0,1.0,1.0,1.0,0.0006314935530025303,0.0005556283455399469,,0,1.0,71.0
2024-03-15,516.8868596945409,521.0323811867595,516.7218328598378,518.527587890625,1366600,495.20843505859375,74.0,1.0,1.0,1.0,1.0,0.0006437767261405192,0.0005871896729268856,,0,1.0,72.0
2024-03-18,519.2558164086062,520.5664911769832,517.071417716918,517.2850341796875,680000,498.1514892578125,73.0,1.0,1.0,1.0,1.0,0.0006329763925123341,0.0005895295789881601,,0,1.0,73.0
2024-03-19,516.0908808443995,521.6052665084306,516.0908808443995,521.1392211914062,663500,500.91973876953125,73.0,1.0,1.0,1.0,1.0,0.0006567297607218149,0.0005855183635742049,,0,1.0,74.0
2024-03-20,520.0227979719913,529.3720286991447,519.7703690978917,528.1390380859375,987000,505.552978515625,74.0,1.0,1.0,1.0,1.0,0.0007064641019602892,0.0006028775422774957,,0,1.0,75.0
2024-03-21,530.6631226593329,535.177569395931,530.4301296610353,534.1193237304688,764200,507.22369384765625,75.0,1.0,1.0,1.0,1.0,0.0007656502699155643,0.0006314935530025303,,0,1.0,76.0
2024-03-22,534.1872867242151,534.8766070530796,529.3525042714763,529.6826171875,708100,506.2620849609375,74.0,1.0,1.0,1.0,1.0,0.0007659126247648789,0.0006437767261405192,,0,1.0,77.0
2024-03-25,530.3719993532136,532.7505787083635,529.8574829101562,529.8574829101562,595700,504.86334228515625,73.0,1.0,1.0,1.0,1.0,0.0007601133676993088,0.0006329763925123341,,0,1.0,78.0
2024-03-26,531.6244899748305,532.7409250171402,528.9255152225815,529.1585083007812,525300,503.9309387207031,72.0,1.0,1.0,1.0,1.0,0.0007509902202624446,0.0006567297607218149,,0,1.0,79.0
2024-03-27,532.0708707361524,538.2551402810453,531.896125983188,538.2454223632812,1131600,508.1658630371094,75.0,1.0,1.0,1.0,1.0,0.0008039821362044729,0.0007064641019602892,,0,1.0,80.0
2024-03-28,538.3814545623218,542.0609907416257,538.3814545623218,540.1775512695312,1146200,508.0687255859375,74.0,1.0,1.0,1.0,1.0,0.0008465802595577903,0.0007656502699155643,,0,1.0,81.0
2024-04-01,540.4784280976603,540.5657708492291,535.8280487604018,536.274658203125,1097200,507.18475341796875,74.0,1.0,1.0,1.0,1.0,0.0008452639348260246,0.0007659126247648789,,0,1.0,82.0
2024-04-02,532.2262369855382,532.2456135654002,527.3234289801051,529.4107666015625,1091100,503.9601135253906,75.0,1.0,1.0,1.0,1.0,0.0007761295309763496,0.0007601133676993088,,1,1.0,83.0
2024-04-03,527.643786189287,532.400943599198,527.643786189287,531.5271606445312,811000,504.5136413574219,74.0,1.0,1.0,1.0,1.0,0.0007188475896976388,0.0007509902202624446,,0,1.0,84.0
2024-04-04,535.8183571567437,536.7018581674945,524.5760290034434,525.8963623046875,1290400,498.3555603027344,74.0,1.0,1.0,1.0,1.0,0.0006779760318808728,0.0008039821362044729,,0,1.0,85.0
2024-04-05,525.5857920061167,531.6438488600702,525.3916113622104,529.95458984375,940300,503.5617370605469,74.0,1.0,1.0,1.0,1.0,0.0006802672708926251,0.0008465802595577903,,0,1.0,86.0
2024-04-08,532.1485026639258,533.9445396063513,530.7504855216412,532.6242065429688,551600,503.8434143066406,73.0,1.0,1.0,1.0,1.0,0.0006911536205446593,0.0008452639348260246,,0,1.0,87.0
2024-04-09,533.9057524144046,535.2260855401548,528.8088233171723,533.1290893554688,742200,504.4263000488281,72.0,1.0,1.0,1.0,1.0,0.0007174904180895954,0.0007761295309763496,,0,1.0,88.0
2024-04-10,523.3333334920762,526.6147902448796,520.372271781752,521.9255981445312,1862200,499.3753967285156,76.0,1.0,1.0,1.0,1.0,0.0006602689000172623,0.0007188475896976388,,1,1.0,89.0
2024-04-11,524.1779208108745,524.5759999162477,519.0130251482303,522.3916015625,1061800,503.14410400390625,75.0,1.0,4.0,1.0,2.0,0.000608320963751592,0.0006779760318808728,,0,2.0,90.0
2024-04-12,519.5858824568854,521.2266108073155,512.8287884489908,514.4889526367188,940000,496.1991882324219,77.0,1.0,4.0,1.0,2.0,0.0005424639574582972,0.0006802672708926251,,0,2.0,91.0
2024-04-15,518.1975671149258,520.2265973600257,507.2270446411347,508.8191833496094,1144000,489.9827575683594,77.0,1.0,4.0,1.0,2.0,0.0005280961985869407,0.0006911536205446593,,0,2.0,92.0
2024-04-16,506.7221322541302,509.2269254389838,503.14943476662387,506.4211730957031,1055500,489.089111328125,76.0,1.0,4.0,1.0,2.0,0.0004862238239312728,0.0007174904180895954,,0,2.0,93.0
2024-04-17,509.56670824292496,509.56670824292496,502.16888427734375,502.16888427734375,718200,486.1945495605469,76.0,1.0,4.0,1.0,2.0,0.0004505009793197183,0.0006602689000172623,,0,2.0,94.0
2024-04-18,504.0328940174201,506.95514295924926,499.9844924853674,501.4892883300781,898400,485.194091796875,75.0,1.0,4.0,1.0,2.0,0.0004390385097583506,0.000608320963751592,,0,2.0,95.0
2024-04-19,500.2175119440586,505.02320023926944,500.0815796010639,503.1689147949219,957500,480.9591979980469,74.0,1.0,4.0,1.0,2.0,0.00042799062641368053,0.0005424639574582972,,0,2.0,96.0
2024-04-22,505.17845220619023,510.89673532942646,502.63484667109213,508.23663330078125,1074900,485.3883361816406,74.0,1.0,4.0,1.0,2.0,0.0004699698176573743,0.0005280961985869407,,0,2.0,97.0
2024-04-23,509.29496912878267,516.0034736354731,508.65417904517614,514.35302734375,798200,491.14825439453125,75.0,1.0,4.0,1.0,2.0,0.0005154342300949494,0.0004862238239312728,,0,2.0,98.0
2024-04-24,514.0715039770758,516.5471437868594,510.9745099212503,514.35302734375,783100,490.9152526855469,74.0,1.0,4.0,1.0,2.0,0.0005552906001936452,0.0004505009793197183,,0,2.0,99.0
2024-04-25,510.2948022644547,513.5374459226158,506.5084885669386,512.469482421875,773400,489.05023193359375,73.0,1.0,4.0,1.0,2.0,0.0005496659750233998,0.0004390385097583506,,0,2.0,100.0
2024-04-26,512.5083608614602,515.8577238816879,511.5277993431896,513.9451904296875,549500,493.6834716796875,72.0,1.0,4.0,1.0,2.0,0.0005250171020603414,0.00042799062641368053,,0,2.0,101.0
2024-04-29,515.1297333772064,517.8578022798681,514.7025597044662,516.7608032226562,444300,495.431884765625,71.0,1.0,4.0,1.0,2.0,0.000501799067177942,0.0004699698176573743,,0,2.0,102.0
2024-04-30,514.5859916021692,515.1782513143542,507.48912627458,507.5182800292969,833100,487.58355712890625,74.0,1.0,4.0,1.0,2.0,0.00046364863011044856,0.0005154342300949494,,0,2.0,103.0
2024-05-01,507.6250872345741,516.5956743644016,505.9746409420867,507.9552001953125,1534100,486.0003356933594,73.0,1.0,4.0,1.0,2.0,0.0004298642273324773,0.0005552906001936452,,0,2.0,104.0
2024-05-02,512.9357066727288,515.6249040577997,507.32420032968827,514.6055297851562,724300,490.5461120605469,74.0,1.0,4.0,1.0,2.0,0.00042033237232373476,0.0005496659750233998,,0,2.0,105.0
2024-05-03,522.3916340147404,524.6536573420024,518.1004618736586,519.7994384765625,951000,496.6265869140625,75.0,1.0,4.0,1.0,2.0,0.00045357077791240196,0.0005250171020603414,,0,2.0,106.0
2024-05-06,524.7508013423358,527.1779108863841,523.7702396056435,526.9642944335938,688400,501.7551574707031,76.0,1.0,4.0,1.0,2.0,0.0005038973665446619,0.000501799067177942,,0,2.0,107.0
2024-05-07,528.0904363697535,531.0417798516679,527.3428677675926,528.7991333007812,960600,502.3088073730469,75.0,1.0,1.0,1.0,1.0,0.0005469855279860393,0.00046364863011044856,,0,1.0,108.0
2024-05-08,524.9837903710765,526.9642904118875,524.5760525623572,526.4885864257812,727400,502.35736083984375,74.0,1.0,1.0,1.0,1.0,0.0005286289764839222,0.0004298642273324773,,1,1.0,109.0
2024-05-09,526.799174260526,531.9931640625,526.2069738580238,531.9931640625,533700,505.2519226074219,74.0,1.0,1.0,1.0,1.0,0.0004954877489049284,0.00042033237232373476,,0,1.0,110.0
2024-05-10,533.3524701703651,533.8281741661896,530.1001670419625,531.1389770507812,408500,505.90264892578125,73.0,1.0,1.0,1.0,1.0,0.00045841665561223264,0.00045357077791240196,,0,1.0,111.0
2024-05-13,534.7601143908724,535.7794883874791,530.7117129014716,531.3330078125,521800,505.97064208984375,72.0,1.0,1.0,1.0,1.0,0.00046351545725365617,0.0005038973665446619,,0,1.0,112.0
2024-05-14,536.4687866134905,537.4881605680888,533.3620751639968,535.7017822265625,738300,508.29205322265625,72.0,1.0,1.0,1.0,1.0,0.0004895711815007587,0.0005469855279860393,,0,1.0,113.0
2024-05-15,540.1482821455369,540.7211059771564,537.0901009155912,539.9541015625,778600,514.5863037109375,72.0,1.0,1.0,1.0,1.0,0.0005264601204160753,0.0005286289764839222,,0,1.0,114.0
2024-05-16,539.1872088028283,540.1192401386254,535.0125925120127,535.0416870117188,658900,513.5274658203125,72.0,1.0,1.0,1.0,1.0,0.0005520148864508043,0.0004954877489049284,,0,1.0,115.0
2024-05-17,534.8668856722802,536.041627822306,533.7795455233281,535.604736328125,748400,514.2657470703125,71.0,1.0,1.0,1.0,1.0,0.0005480526500098152,0.00045841665561223264,,0,1.0,116.0
2024-05-20,535.6629712482048,537.8861818222331,534.7891882815848,535.6144409179688,428600,514.8582763671875,70.0,1.0,1.0,1.0,1.0,0.0005273574086338086,0.00046351545725365617,,0,1.0,117.0
2024-05-21,534.556257754763,535.4591353227888,533.8669966225666,535.0902099609375,324800,516.1209106445312,69.0,1.0,1.0,1.0,1.0,0.0005259300423133062,0.0004895711815007587,,0,1.0,118.0
2024-05-22,533.9639711436085,535.3619882746445,529.2456855472085,530.8864135742188,429200,514.6348876953125,68.0,1.0,1.0,1.0,1.0,0.0005354138439839642,0.0005264601204160753,,0,1.0,119.0
2024-05-23,532.6727803286502,532.866960913952,523.1682421224194,524.1488037109375,736900,510.8758850097656,70.0,1.0,1.0,1.0,1.0,0.000508868831748921,0.0005520148864508043,,0,1.0,120.0
2024-05-24,527.3913711741415,529.0515351292289,525.8283271363324,528.7311401367188,690800,514.2560424804688,70.0,1.0,1.0,1.0,1.0,0.0004842935824294367,0.0005480526500098152,,0,1.0,121.0
2024-05-28,530.2455540059169,530.701881243341,523.7506089121879,525.4495849609375,491900,514.615478515625,69.0,1.0,4.0,1.0,2.0,0.000449976457213569,0.0005273574086338086,,0,2.0,122.0
2024-05-29,520.2362688836969,520.67316038136,517.848031406168,518.5372924804688,822400,511.0118103027344,70.0,1.0,4.0,1.0,2.0,0.00044187419439380436,0.0005259300423133062,,1,2.0,123.0
2024-05-30,520.5567957217086,524.983841557685,520.5567957217086,523.362548828125,560900,507.62188720703125,70.0,1.0,4.0,1.0,2.0,0.00045419947204239624,0.0005354138439839642,,0,2.0,124.0
2024-05-31,525.7603603093492,530.3039014245315,522.4983399070018,530.25537109375,1303500,512.245361328125,72.0,1.0,4.0,1.0,2.0,0.0004901309714962973,0.000508868831748921,,0,2.0,125.0
2024-06-03,533.0902551550948,533.5853949259507,522.3333495588093,525.78955078125,1137000,512.6630859375,72.0,1.0,4.0,1.0,2.0,0.0005129317913278648,0.0004842935824294367,,0,2.0,126.0
2024-06-04,523.673038083153,524.0030917092366,518.4692715860181,518.6634521484375,1180400,513.2362670898438,73.0,1.0,4.0,1.0,2.0,0.000463321815481166,0.000449976457213569,,0,2.0,127.0
2024-06-05,521.4401763472162,524.7702226946592,517.9645982401141,524.5371704101562,832600,519.3359985351562,73.0,1.0,4.0,1.0,2.0,0.00040698008297891723,0.00044187419439380436,,0,2.0,128.0
2024-06-06,522.8576586237306,524.8867483315903,520.6441654707621,522.9061889648438,781300,519.3263549804688,72.0,1.0,4.0,1.0,2.0,0.0003460153817469382,0.00045419947204239624,,0,2.0,129.0
2024-06-07,519.1295850279438,522.2751688160512,517.6345068597657,519.0810546875,962100,518.6949462890625,72.0,1.0,4.0,1.0,2.0,0.00029660276254861846,0.0004901309714962973,,0,2.0,130.0
2024-06-10,514.1976695560566,520.7217107528409,513.7607780415799,520.0032958984375,717700,520.2976684570312,71.0,1.0,4.0,1.0,2.0,0.0002474439659721634,0.0005129317913278648,,0,2.0,131.0
2024-06-11,516.974265753186,518.5567457108689,512.984112402237,517.7412109375,827500,521.5506591796875,70.0,1.0,4.0,1.0,2.0,0.0002115359491185189,0.000463321815481166,,0,2.0,132.0
2024-06-12,527.3234400683631,530.7602647032983,522.9740792372554,524.7022094726562,1023900,525.8340454101562,72.0,1.0,4.0,1.0,2.0,0.00023638439569710406,0.00040698008297891723,,0,2.0,133.0
2024-06-13,523.3721398609689,523.9254686076579,518.3043050932912,521.4498291015625,738400,526.8928833007812,71.0,1.0,4.0,1.0,2.0,0.000255322578098705,0.0003460153817469382,,0,2.0,134.0
2024-06-14,516.2751992087794,517.1683586620172,511.7315993576967,514.8868408203125,938100,527.2135009765625,72.0,1.0,4.0,1.0,2.0,0.00023925963156899298,0.00029660276254861846,,1,2.0,135.0
2024-06-17,513.2462177812594,519.9450631885468,512.9841302692166,519.6441040039062,657900,531.4094848632812,72.0,1.0,4.0,1.0,2.0,0.0001993171455514877,0.0002474439659721634,,0,2.0,136.0
2024-06-18,519.4888278881205,522.2168965584727,518.8965681439868,521.0130004882812,732200,532.7597045898438,71.0,1.0,4.0,1.0,2.0,0.0001387128954555269,0.0002115359491185189,,0,2.0,137.0
2024-06-20,520.0032370283704,522.6342444796344,518.2362945903794,519.6537475585938,638500,531.3124389648438,70.0,1.0,4.0,1.0,2.0,0.00011905115883045809,0.00023638439569710406,,0,2.0,138.0
2024-06-21,519.6898900150069,521.6875610351562,516.6203153677061,521.6875610351562,822800,530.60009765625,69.0,1.0,4.0,1.0,2.0,0.00010663951724038714,0.000255322578098705,,0,2.0,139.0
2024-06-24,522.7009993574782,527.8949315341288,521.5023492972895,524.5914916992188,777100,528.875244140625,69.0,1.0,4.0,1.0,2.0,0.00012323002688299697,0.00023925963156899298,,0,2.0,140.0
2024-06-25,524.3380318145979,524.3380318145979,517.7213394391455,519.6799926757812,722600,530.911865234375,69.0,1.0,4.0,1.0,2.0,0.0001344276237339226,0.0001993171455514877,,0,2.0,141.0
2024-06-26,517.4485453124757,519.0564600634866,515.9575633276294,517.9844970703125,567800,531.5745849609375,68.0,1.0,4.0,1.0,2.0,0.0001493849907403999,0.0001387128954555269,,0,2.0,142.0
2024-06-27,518.520426354854,520.0990781071526,517.0002409831035,519.9529418945312,689800,532.41259765625,67.0,1.0,4.0,1.0,2.0,0.00015298258351538493,0.00011905115883045809,,0,2.0,143.0
2024-06-28,522.5547472093252,525.0786746548208,518.1598362442596,521.4243774414062,901200,530.3175048828125,66.0,1.0,1.0,1.0,1.0,0.0001662766699176814,0.00010663951724038714,,0,1.0,144.0
2024-07-01,522.7107928281732,523.6170515656016,515.5970453692655,516.133056640625,1545600,531.4088745117188,67.0,1.0,1.0,1.0,1.0,0.00013782835913388238,0.00012323002688299697,,0,1.0,145.0
2024-07-02,516.3961293265525,518.3841054541267,515.4703619610159,518.179443359375,820700,534.9852294921875,66.0,1.0,4.0,1.0,2.0,0.00012202962840567005,0.0001344276237339226,,0,2.0,146.0
2024-07-03,519.2123805448467,521.9019532767841,517.935814875993,519.3001098632812,671000,537.37255859375,65.0,1.0,4.0,1.0,2.0,0.00011246611610518641,0.0001493849907403999,,0,2.0,147.0
2024-07-05,518.7934245839733,519.066247928088,513.8917639266429,515.3242797851562,924400,540.4713134765625,65.0,1.0,4.0,1.0,2.0,0.00011759136483311377,0.00015298258351538493,,0,2.0,148.0
2024-07-08,517.7408513337606,521.1905461955789,516.3571073516882,517.3705444335938,748800,541.0950317382812,64.0,1.0,4.0,1.0,2.0,0.00012396103270426295,0.0001662766699176814,,0,2.0,149.0
2024-07-09,516.444811273584,517.8870812085162,513.8916800423212,514.067138671875,623300,541.6211547851562,64.0,1.0,4.0,1.0,2.0,0.0001351929945753885,0.00013782835913388238,,0,2.0,150.0
2024-07-10,516.2694018085984,520.4597106636468,515.6165172871956,520.2940063476562,582900,546.9806518554688,65.0,1.0,4.0,1.0,2.0,0.00018078554324847521,0.00012202962840567005,,0,2.0,151.0
2024-07-11,526.7450750210601,533.7321351635143,525.8290620032525,532.8355712890625,1284500,542.2642822265625,72.0,1.0,1.0,1.0,1.0,0.00024563475804892067,0.00011246611610518641,,0,1.0,152.0
2024-07-12,536.0903854139167,540.6509421096532,535.4667042903529,538.1270141601562,713100,545.6846923828125,72.0,1.0,1.0,1.0,1.0,0.0003260130235076151,0.00011759136483311377,,0,1.0,153.0
2024-07-15,540.6412226453652,544.7827605811956,538.2732445628858,541.0602416992188,745300,547.185302734375,71.0,1.0,1.0,1.0,1.0,0.00037547744256947714,0.00012396103270426295,,0,1.0,154.0
2024-07-16,543.5840601992227,554.7613094253281,543.1747955394409,554.4007568359375,837400,550.4302368164062,78.0,1.0,1.0,4.0,5.0,0.00041465282683025693,0.0001351929945753885,,0,2.0,155.0
2024-07-17,549.8987376894141,555.4435280981762,546.2931518554688,546.2931518554688,801000,542.7125244140625,79.0,1.0,1.0,4.0,5.0,0.00041726495454745793,0.00018078554324847521,,0,2.0,156.0
2024-07-18,546.0983807366802,552.5006592407458,538.9456744452658,540.2319946289062,791000,538.5418701171875,79.0,1.0,1.0,4.0,5.0,0.0004133844710936262,0.00024563475804892067,,0,2.0,157.0
2024-07-19,539.0820886338087,540.251475966921,534.7846005931854,536.6068725585938,716900,534.9657592773438,79.0,1.0,1.0,4.0,5.0,0.0003615062146120499,0.0003260130235076151,,0,2.0,158.0
2024-07-22,538.838409800495,543.5938741513826,534.1511661466392,543.0579223632812,916100,540.4811401367188,79.0,1.0,1.0,4.0,5.0,0.00033934259200453135,0.00037547744256947714,,0,2.0,159.0
2024-07-23,541.5572642960723,545.9619309655992,540.7387347683361,544.0421752929688,805900,539.6333618164062,78.0,1.0,1.0,4.0,5.0,0.0003457890853848699,0.00041465282683025693,,0,2.0,160.0
2024-07-24,541.4403744250843,545.0459609992857,533.3619595974213,533.5958251953125,957200,527.4039306640625,81.0,1.0,1.0,4.0,5.0,0.00035144642338000954,0.00041726495454745793,,0,2.0,161.0
2024-07-25,534.6384377729051,546.1372837756247,533.8880695382697,538.0880737304688,1039300,524.6558837890625,81.0,1.0,1.0,4.0,5.0,0.00034753932866673246,0.0004133844710936262,,0,2.0,162.0
2024-07-26,543.5354309190641,548.476048950216,542.0737117196999,547.3261108398438,842800,530.5319213867188,83.0,1.0,1.0,4.0,5.0,0.00034476063392880544,0.0003615062146120499,,0,2.0,163.0
2024-07-29,548.4078385224552,549.879312060445,544.734031833104,546.2055053710938,583800,530.84375,82.0,1.0,1.0,4.0,5.0,0.00037988075967044886,0.00033934259200453135,,0,2.0,164.0
2024-07-30,548.1640943178758,550.7951407472395,545.2406565274767,548.514892578125,731600,528.1541748046875,81.0,1.0,1.0,4.0,5.0,0.00042619352054874414,0.0003457890853848699,,0,2.0,165.0
2024-07-31,552.3349087104974,559.4681050129986,548.2908549112631,551.64306640625,1008200,536.7391967773438,80.0,1.0,1.0,4.0,5.0,0.00045618961595220126,0.00035144642338000954,,0,2.0,166.0
2024-08-01,552.3348984375767,555.5994400337736,535.5933498947035,539.3256225585938,1185500,529.138427734375,85.0,1.0,1.0,4.0,5.0,0.00041523652353429185,0.00034753932866673246,,0,2.0,167.0
2024-08-02,527.5539222102462,528.5479102577839,518.7056323665391,524.0847778320312,2056700,519.2868041992188,92.0,1.0,4.0,4.0,6.0,0.00030344035598689576,0.00034476063392880544,,1,2.0,168.0
2024-08-05,500.35621257785937,517.0392950957103,498.90421805402985,510.4713134765625,1516600,504.1631774902344,98.0,1.0,4.0,4.0,6.0,0.00014463649328675063,0.00037988075967044886,,1,2.0,169.0
2024-08-06,511.40675812520107,522.1357854349088,507.5575527434553,515.6165161132812,1451900,508.81134033203125,97.0,1.0,4.0,4.0,6.0,7.221963630615648e-05,0.00042619352054874414,,0,2.0,170.0
2024-08-07,522.5938516625104,524.6889467280288,511.34832109536484,511.93304443359375,860700,505.410400390625,96.0,1.0,4.0,4.0,6.0,4.0153220334461966e-05,0.00045618961595220126,,0,2.0,171.0
2024-08-08,516.7957656245035,523.2370612903093,514.4959486425674,523.1298828125,664200,517.09423828125,99.0,1.0,4.0,4.0,6.0,7.328196118370993e-05,0.00041523652353429185,,0,2.0,172.0
2024-08-09,523.2175487207786,524.1141127398205,519.0175441961243,522.42822265625,696300,519.3743286132812,98.0,1.0,4.0,4.0,6.0,7.948077774554482e-05,0.00030344035598689576,,0,2.0,173.0
2024-08-12,523.919132825737,524.0652690531225,518.2963675053826,519.3001098632812,384800,519.6472778320312,97.0,1.0,4.0,4.0,6.0,9.502126802496684e-05,0.00014463649328675063,,0,2.0,174.0
2024-08-13,522.5840553521857,527.0568822210147,520.0893906177465,526.3552856445312,522600,528.1932373046875,97.0,1.0,4.0,4.0,6.0,0.00011686579625312526,7.221963630615648e-05,,0,2.0,175.0
2024-08-14,527.7390816003991,528.6746032719586,523.9288931712696,525.8096313476562,389600,529.8595581054688,96.0,1.0,4.0,4.0,6.0,0.00012176867243352079,4.0153220334461966e-05,,0,2.0,176.0
2024-08-15,534.3071015427937,537.815263452859,532.436117543931,536.1099243164062,681900,538.94140625,98.0,1.0,4.0,4.0,6.0,0.00015576558666633092,7.328196118370993e-05,,0,2.0,177.0
2024-08-16,534.4823768876652,538.4875319345541,533.9756881063579,536.4313354492188,299500,540.149658203125,96.0,1.0,4.0,4.0,6.0,0.0001745463891266271,7.948077774554482e-05,,0,2.0,178.0
2024-08-19,537.3279442943374,541.3622436523438,537.1915029089821,541.3622436523438,473200,545.3143920898438,96.0,1.0,4.0,4.0,6.0,0.00021438574916013542,9.502126802496684e-05,,0,2.0,179.0
2024-08-20,541.030992330633,541.4402570382119,535.4471847427504,536.7725219726562,332700,544.4276733398438,95.0,1.0,4.0,4.0,6.0,0.00022184977036397222,0.00011686579625312526,,0,2.0,180.0
2024-08-21,539.5009813513532,543.5547890822852,537.8151511897331,543.2137451171875,541900,546.2985229492188,95.0,1.0,1.0,4.0,5.0,0.00022373791301233693,0.00012176867243352079,,0,2.0,181.0
2024-08-22,543.5451260577571,545.3576433930497,538.9650611695176,540.0174560546875,380100,542.010986328125,94.0,1.0,1.0,4.0,5.0,0.00018874350693902692,0.00015576558666633092,,0,2.0,182.0
2024-08-23,543.6621037707005,553.0657946871802,542.6388527759367,551.7210083007812,960800,547.7699584960938,97.0,1.0,1.0,4.0,5.0,0.00017813112438562029,0.0001745463891266271,,0,2.0,183.0
2024-08-26,554.673687613628,555.5409885561646,549.3725172866948,549.8207397460938,391200,546.4641723632812,96.0,1.0,1.0,4.0,5.0,0.00015889683898324855,0.00021438574916013542,,0,2.0,184.0
2024-08-27,546.9461581445371,548.6612516754715,545.5038879603358,547.8524169921875,484400,547.2144775390625,94.0,1.0,1.0,4.0,5.0,0.00014520653228474972,0.00022184977036397222,,1,2.0,185.0
2024-08-28,546.1372609335209,547.8036421914866,542.5901414895205,545.0556030273438,528400,544.037841796875,93.0,1.0,1.0,4.0,5.0,0.00011108732891275234,0.00022373791301233693,,0,2.0,186.0
2024-08-29,547.988839301206,551.4092124543884,543.564664215976,546.8681640625,544000,544.0864868164062,92.0,1.0,1.0,4.0,5.0,9.912922305004284e-05,0.00018874350693902692,,0,2.0,187.0
2024-08-30,548.6123696984234,551.0680767123288,543.8861686051532,550.8731689453125,636700,549.2803955078125,91.0,1.0,1.0,4.0,5.0,0.00013096127871950038,0.00017813112438562029,,0,2.0,188.0
2024-09-03,546.7803575811731,549.0119534320926,534.8722480794596,536.5873413085938,825300,537.9767456054688,97.0,1.0,1.0,4.0,5.0,0.00011457716197043981,0.00015889683898324855,,0,2.0,189.0
2024-09-04,535.0865485633299,538.887041544242,533.498142579602,534.9793701171875,530500,536.8756103515625,95.0,1.0,1.0,4.0,5.0,7.433420619827399e-05,0.00014520653228474972,,0,2.0,190.0
2024-09-05,535.4374796426977,536.0318978099867,529.6880273153849,531.3348999023438,687400,535.56982421875,94.0,1.0,4.0,4.0,6.0,2.642855861464938e-05,0.00011108732891275234,,0,2.0,191.0
2024-09-06,532.3191126292214,534.7455567553192,523.2369577216077,524.22119140625,970500,526.55615234375,95.0,1.0,4.0,4.0,6.0,6.693667107656458e-06,9.912922305004284e-05,,0,2.0,192.0
2024-09-09,525.5268801694191,529.8730789275542,524.7473086844263,526.569580078125,566500,532.4515380859375,94.0,1.0,4.0,4.0,6.0,-8.429431612246191e-06,0.00013096127871950038,,0,2.0,193.0
2024-09-10,527.3785129301858,527.3785129301858,521.2587537018129,525.4197998046875,479000,534.7708129882812,92.0,1.0,4.0,4.0,6.0,-4.207122236645186e-05,0.00011457716197043981,,0,2.0,194.0
2024-09-11,524.32837041144,528.0411344530587,515.8601422590995,527.4467163085938,530500,540.2568969726562,91.0,1.0,4.0,4.0,6.0,-5.922331364406096e-05,7.433420619827399e-05,,0,2.0,195.0
2024-09-12,528.7135451186103,533.0109731369213,525.4490628934708,531.97802734375,422000,544.8076782226562,90.0,1.0,4.0,4.0,6.0,-7.391267284295333e-05,2.642855861464938e-05,,0,2.0,196.0
2024-09-13,536.314387927999,541.7617531276632,535.6712577904907,541.2550048828125,679900,547.6530151367188,92.0,1.0,4.0,4.0,6.0,-3.533004026370568e-05,6.693667107656458e-06,,0,2.0,197.0
2024-09-16,542.2491191673771,545.43562662595,541.3428603872319,544.9678955078125,1043200,548.4618530273438,91.0,1.0,4.0,4.0,6.0,4.1969724640720514e-05,-8.429431612246191e-06,,0,2.0,198.0
2024-09-17,547.8524230202192,551.2825506423179,545.4746905039001,547.8037109375,504100,548.6858520507812,90.0,1.0,4.0,4.0,6.0,0.00015117612564677057,-4.207122236645186e-05,,0,2.0,199.0
2024-09-18,547.9983913014541,557.1000538136224,546.2540948276661,548.0861206054688,966100,547.0587768554688,89.0,1.0,1.0,3.0,3.0,0.00019482678497995316,-5.922331364406096e-05,,0,1.0,200.0
2024-09-19,558.6105719350617,558.6105719350617,552.5980505810251,557.460693359375,743400,556.3938598632812,91.0,1.0,1.0,3.0,3.0,0.00023564951653713836,-7.391267284295333e-05,,0,1.0,201.0
2024-09-20,555.897049273038,555.897049273038,551.1864642613327,553.6590576171875,1056000,555.4320678710938,90.0,1.0,1.0,3.0,3.0,0.00022210247655379063,-3.533004026370568e-05,,0,1.0,202.0
2024-09-23,556.0338728287079,557.5388907182294,553.5319915976746,556.5225219726562,1208200,556.8200073242188,89.0,1.0,1.0,3.0,3.0,0.0002479154810053445,4.1969724640720514e-05,,0,1.0,203.0
2024-09-24,557.4704848617417,559.2296098884847,555.4083997451129,556.3759155273438,575600,558.413330078125,87.0,1.0,1.0,3.0,3.0,0.00024874468940928976,0.00015117612564677057,,0,1.0,204.0
2024-09-25,557.0599453677713,557.2065639500546,549.9354633297987,550.8541259765625,497900,557.1817016601562,87.0,1.0,1.0,3.0,3.0,0.00025311804799673965,0.00019482678497995316,,0,1.0,205.0
2024-09-26,555.8872801005297,559.2003357666047,553.7372118371674,555.427978515625,543600,559.3908081054688,87.0,1.0,1.0,3.0,3.0,0.00024575381409323486,0.00023564951653713836,,0,1.0,206.0
2024-09-27,559.2002832079696,561.2428627785731,554.0206144577621,556.2586059570312,817100,558.5794677734375,85.0,1.0,1.0,3.0,3.0,0.00021846082650113283,0.00022210247655379063,,0,1.0,207.0
2024-09-30,554.909961649663,557.5096085259772,551.5382705918031,556.7277221679688,734600,560.8177490234375,84.0,1.0,1.0,3.0,3.0,0.000211873641456246,0.0002479154810053445,,0,1.0,208.0
2024-10-01,555.5353255755605,556.0826101169347,548.0394659688259,552.1636352539062,954300,555.7937622070312,84.0,1.0,1.0,3.0,3.0,0.0001929165833475372,0.00024874468940928976,,0,1.0,209.0
2024-10-02,550.5316570533552,554.9685696321425,549.0852747319856,552.6328125,599500,556.0282592773438,82.0,1.0,1.0,3.0,3.0,0.00019911141806386442,0.00025311804799673965,,0,1.0,210.0
2024-10-03,550.1211966032356,552.1930640753932,546.9351948348565,551.1766357421875,771400,555.0117797851562,81.0,1.0,1.0,3.0,3.0,0.00020298124705888745,0.00024575381409323486,,0,1.0,211.0
2024-10-04,556.9622602465362,558.4379304022673,552.427582346096,556.3465576171875,630000,560.0553588867188,81.0,1.0,1.0,3.0,3.0,0.00024042511577848245,0.00021846082650113283,,0,1.0,212.0
2024-10-07,554.7339379859603,554.8121385351606,549.2219624334073,552.5447998046875,602300,554.9921875,80.0,1.0,1.0,3.0,3.0,0.0002443340434661274,0.000211873641456246,,0,1.0,213.0
2024-10-08,552.574145571251,554.5873774647179,550.3263716551741,552.7207641601562,474100,560.2410888671875,79.0,1.0,1.0,1.0,1.0,0.0002610150063855335,0.0001929165833475372,,0,1.0,214.0
2024-10-09,552.4081161636847,558.1546352997437,551.7631254910715,556.4639282226562,438500,564.12158203125,78.0,1.0,1.0,1.0,1.0,0.0002663971087860458,0.00019911141806386442,,0,1.0,215.0
2024-10-10,552.9748655905136,554.4798833199322,550.5609080584362,553.629638671875,593600,563.1343383789062,78.0,1.0,4.0,1.0,2.0,0.00028814498631015806,0.00020298124705888745,,0,2.0,216.0
2024-10-11,554.9490834767121,563.1974833743681,554.9490834767121,562.93359375,750400,566.5065307617188,80.0,1.0,1.0,1.0,1.0,0.0003123766934207604,0.00024042511577848245,,0,1.0,217.0
2024-10-14,563.3147492305696,566.7157281376645,560.8519384911959,566.3150024414062,344100,571.1397094726562,79.0,1.0,1.0,1.0,1.0,0.000313529490720649,0.0002443340434661274,,0,1.0,218.0
2024-10-15,565.5526588477719,571.4262301697414,564.6242136917166,564.8294677734375,951200,566.7020874023438,78.0,1.0,1.0,1.0,1.0,0.00034375991407232815,0.0002610150063855335,,0,1.0,219.0
2024-10-16,567.6832313640483,571.6412773582017,567.2434352203531,569.9798583984375,496100,569.1651611328125,78.0,1.0,1.0,1.0,1.0,0.00038253594530993133,0.0002663971087860458,,0,1.0,220.0
2024-10-17,571.6998095812925,572.2080236688172,568.7092798538214,570.527099609375,596500,569.2140502929688,77.0,1.0,1.0,1.0,1.0,0.0004335575816545796,0.00028814498631015806,,0,1.0,221.0
2024-10-18,571.0352936440997,571.7194142748505,569.0709148306128,570.7127685546875,335500,571.403564453125,75.0,1.0,1.0,1.0,1.0,0.00047799705163582466,0.0003123766934207604,,0,1.0,222.0
2024-10-21,570.4001522575006,570.7324002615392,563.0410677414794,564.1258544921875,431300,570.4651489257812,76.0,1.0,1.0,1.0,1.0,0.000487656163681521,0.000313529490720649,,0,1.0,223.0
2024-10-22,562.0833131836073,562.239654653177,558.1839028254553,560.4805297851562,918100,570.1621704101562,75.0,1.0,1.0,1.0,1.0,0.00048137900821073297,0.00034375991407232815,,1,1.0,224.0
2024-10-23,558.3207519893583,560.4024022434364,553.473390356961,557.06005859375,436800,564.952392578125,75.0,1.0,1.0,1.0,1.0,0.00043421311791692435,0.00038253594530993133,,0,1.0,225.0
2024-10-24,558.7604949649359,559.5032511829236,555.7211117067167,558.135009765625,748400,566.1742553710938,74.0,1.0,1.0,1.0,1.0,0.00038651390596074284,0.0004335575816545796,,0,1.0,226.0
2024-10-25,560.0505499947245,560.5587641882214,553.3267330558332,554.7828979492188,716700,565.9786987304688,73.0,1.0,1.0,1.0,1.0,0.00030659893400434847,0.00047799705163582466,,0,1.0,227.0
2024-10-28,557.7441211515709,561.6826020668046,557.2945424843875,560.40234375,768700,567.728271484375,73.0,1.0,1.0,1.0,1.0,0.0002624992374682396,0.000487656163681521,,0,1.0,228.0
2024-10-29,557.3630218715557,561.1647267844263,555.2031710354221,560.95947265625,937900,568.6471557617188,72.0,1.0,1.0,1.0,1.0,0.0002346525245278693,0.00048137900821073297,,0,1.0,229.0
2024-10-30,559.4837428042111,566.6473564433933,558.9071701789035,560.1580810546875,605800,566.9269409179688,71.0,1.0,1.0,1.0,1.0,0.00023531364180914786,0.00043421311791692435,,0,1.0,230.0
2024-10-31,559.5521227251317,560.4512204479927,552.7305997644477,552.7598876953125,973300,555.8132934570312,72.0,1.0,4.0,1.0,2.0,0.0001881518973045048,0.00038651390596074284,,0,2.0,231.0
2024-11-01,555.2323962789243,558.9168293494608,553.1800940475929,553.9227905273438,820300,558.1591796875,71.0,1.0,4.0,1.0,2.0,0.00014574298222314852,0.00030659893400434847,,0,2.0,232.0
2024-11-04,553.0726337356357,559.9235043192289,553.0726337356357,555.5452270507812,1144200,556.9569702148438,70.0,1.0,4.0,1.0,2.0,0.00010972342448873551,0.0002624992374682396,,0,2.0,233.0
2024-11-05,553.4831312459785,563.6861276217933,552.2615084023682,563.59814453125,823200,563.6915283203125,72.0,1.0,4.0,1.0,2.0,0.00013137155140081135,0.0002346525245278693,,0,2.0,234.0
2024-11-06,584.4439317460725,587.2389904882757,577.700549809027,586.7991943359375,2219900,577.7080078125,90.0,1.0,1.0,4.0,5.0,0.0002095836933262182,0.00023531364180914786,,0,2.0,235.0
2024-11-07,587.2585316005355,589.5160881309807,584.590466864882,585.8023071289062,1053300,582.1749267578125,88.0,1.0,1.0,4.0,5.0,0.000286279803501395,0.0001881518973045048,,0,2.0,236.0
2024-11-08,586.017305774121,589.7505919371667,584.60999402496,588.646240234375,733600,584.69677734375,87.0,1.0,1.0,4.0,5.0,0.00035117745040734493,0.00014574298222314852,,0,2.0,237.0
2024-11-11,593.4155064056682,595.8489694922483,592.3600075989951,593.8455200195312,797300,585.2539672851562,87.0,1.0,1.0,4.0,5.0,0.0003657873997642169,0.00010972342448873551,,0,2.0,238.0
2024-11-12,591.1872538932396,594.1777842190558,585.8023308715304,587.6005859375,785800,583.4358520507812,87.0,1.0,1.0,4.0,5.0,0.0003834195831227823,0.00013137155140081135,,0,2.0,239.0
2024-11-13,589.4281625991974,590.659568035963,584.0920922563982,584.30712890625,535800,583.7192993164062,86.0,1.0,1.0,4.0,5.0,0.00039501806980762763,0.0002095836933262182,,0,2.0,240.0
2024-11-14,586.1834903693867,587.1901362191918,578.0328562019855,579.20556640625,939100,579.9659423828125,85.0,1.0,1.0,4.0,5.0,0.00037406776385172504,0.000286279803501395,,0,2.0,241.0
2024-11-15,579.107811692601,579.107811692601,571.5923862435296,572.8237915039062,841600,572.537353515625,86.0,1.0,1.0,4.0,5.0,0.00033509858167804865,0.00035117745040734493,,0,2.0,242.0
2024-11-18,573.8108569978731,576.2052494240368,572.1787261201,574.2603759765625,547300,574.8832397460938,84.0,1.0,1.0,4.0,5.0,0.00031760383693529593,0.0003657873997642169,,0,2.0,243.0
2024-11-19,569.2078310868475,575.2182393794856,567.7614487177015,574.5341186523438,1073700,576.9847412109375,83.0,1.0,1.0,4.0,5.0,0.00031210361342797827,0.0003834195831227823,,0,2.0,244.0
2024-11-20,574.5340559914848,577.8177635441681,571.3871248496698,577.7395629882812,1312300,577.1802978515625,82.0,1.0,1.0,4.0,5.0,0.000323766222936199,0.00039501806980762763,,0,2.0,245.0
2024-11-21,579.8994431924282,588.3139665966323,578.2380242794563,587.02392578125,807300,580.2786254882812,84.0,1.0,1.0,4.0,5.0,0.000347546395772251,0.00037406776385172504,,0,2.0,246.0
2024-11-22,589.8581189713449,597.2660562774481,589.4574529417204,596.8458251953125,1087600,582.0771484375,86.0,1.0,1.0,4.0,5.0,0.00039767570312061593,0.00033509858167804865,,0,2.0,247.0
2024-11-25,602.4164380457939,609.9612121798838,601.6346113108015,606.042236328125,1527100,584.0516357421875,87.0,1.0,1.0,4.0,5.0,0.0004623052310653462,0.00031760383693529593,,0,2.0,248.0
2024-11-26,604.1266704176943,604.8010086078336,599.5627042131717,602.8953247070312,1868300,587.1013793945312,86.0,1.0,1.0,4.0,5.0,0.0004908499753933994,0.00031210361342797827,,0,2.0,249.0
2024-11-27,605.6317320093665,608.9545102397589,600.1197556130351,601.0579833984375,863100,585.3223266601562,85.0,1.0,1.0,4.0,5.0,0.0004944121973145758,0.000323766222936199,,0,2.0,250.0
2024-11-29,604.3417782959111,606.1302510370335,601.4196656773571,601.8789672851562,616600,588.9583740234375,84.0,1.0,1.0,4.0,5.0,0.0004905668965039684,0.000347546395772251,,0,2.0,251.0
2024-12-02,602.4848501387092,602.7193921919358,597.9599541382881,599.91455078125,867400,590.0140380859375,82.0,1.0,1.0,4.0,5.0,0.000490943062768704,0.00039767570312061593,,0,2.0,252.0
2024-12-03,599.5333389723431,600.9601560823056,595.9759594236832,598.0966796875,808000,590.2877197265625,81.0,1.0,1.0,3.0,3.0,0.000491552479480278,0.0004623052310653462,,0,1.0,253.0
2024-12-04,599.4453751027356,600.4813087792726,596.2300855900752,599.7581176757812,534300,593.953125,80.0,1.0,1.0,3.0,3.0,0.0005086574219528635,0.0004908499753933994,,0,1.0,254.0
2024-12-05,599.7582046141786,600.2370712440376,594.3244283751404,594.9010009765625,573800,592.9756469726562,80.0,1.0,1.0,3.0,3.0,0.0005247784583918188,0.0004944121973145758,,0,1.0,255.0
2024-12-06,598.3997924127074,599.044842754018,593.630571496382,594.979248046875,591800,594.099853515625,79.0,1.0,1.0,3.0,3.0,0.0005374665867662018,0.0004905668965039684,,0,1.0,256.0
2024-12-09,597.4223512252804,598.634191395589,592.0081409113208,592.4479370117188,806900,591.0404052734375,78.0,1.0,1.0,3.0,3.0,0.0005277263451219489,0.000490943062768704,,0,1.0,257.0
2024-12-10,592.9268392464179,593.0245452081436,586.828507925907,588.4215087890625,823900,589.2027587890625,77.0,1.0,1.0,3.0,3.0,0.0004982846425140339,0.000491552479480278,,0,1.0,258.0
2024-12-11,592.5359006541037,593.7966535374411,589.916748574502,592.0765991210938,499600,593.7576904296875,76.0,1.0,1.0,3.0,3.0,0.00048717126221371716,0.0005086574219528635,,0,1.0,259.0
2024-12-12,591.0504425478878,592.8682029101996,588.5778494344617,588.6658325195312,705100,590.6983032226562,76.0,1.0,1.0,3.0,3.0,0.00046549371241884075,0.0005247784583918188,,0,1.0,260.0
2024-12-13,588.6267308723385,589.3499220417983,583.5154800534116,586.0369262695312,579800,590.5808715820312,75.0,1.0,4.0,1.0,2.0,0.00047784366103781036,0.0005374665867662018,,0,2.0,261.0
2024-12-16,585.7045977989761,589.3010481149262,583.7695663981598,585.66552734375,1347600,593.1027221679688,74.0,1.0,4.0,1.0,2.0,0.000479373622541007,0.0005277263451219489,,0,2.0,262.0
2024-12-17,582.2352139020511,584.8348009965074,577.084833046088,578.7951049804688,973000,590.6591796875,74.0,1.0,4.0,1.0,2.0,0.00046744365550975184,0.0004982846425140339,,0,2.0,263.0
2024-12-18,580.7008117185376,581.6683273790719,555.2714938225013,556.3465576171875,1363000,573.055419921875,91.0,1.0,4.0,4.0,6.0,0.00034209114234264206,0.00048717126221371716,,0,2.0,264.0
2024-12-19,561.3796345119761,564.663401909766,555.2031025191155,555.3203735351562,1225800,572.8795166015625,90.0,1.0,4.0,4.0,6.0,0.00019489437901422106,0.00046549371241884075,,0,2.0,265.0
2024-12-20,552.7906074880135,565.1988953559983,552.0451211833491,559.3331298828125,2150100,579.76025390625,89.0,1.0,4.0,4.0,6.0,8.44827433025843e-05,0.00047784366103781036,,0,2.0,266.0
2024-12-23,558.2247148644983,561.0398655843784,554.9682113500336,560.6769409179688,851300,583.2321166992188,88.0,1.0,4.0,4.0,6.0,6.961733481883586e-05,0.000479373622541007,,0,2.0,267.0
2024-12-24,561.5205380533494,565.1105705630364,559.1467401877762,564.6299438476562,495600,589.7147216796875,87.0,1.0,4.0,4.0,6.0,8.767777397391494e-05,0.00046744365550975184,,0,2.0,268.0
2024-12-26,562.5211624455659,567.6610199789269,561.265653519366,566.846923828125,689000,589.7539672851562,86.0,1.0,4.0,4.0,6.0,0.00010758877556750638,0.00034209114234264206,,0,2.0,269.0
2024-12-27,563.6001729206056,566.9646207045326,557.8128940715371,561.2950439453125,885300,583.5458984375,85.0,1.0,4.0,4.0,6.0,0.00012346784948097652,0.00019489437901422106,,0,2.0,270.0
2024-12-30,558.1266836005885,560.3827197327704,552.4571078842808,557.4204711914062,1362400,576.8866577148438,85.0,1.0,4.0,4.0,6.0,0.00011433040391519084,8.44827433025843e-05,,0,2.0,271.0
2024-12-31,560.3042325664741,562.2169809807339,556.9005713298941,558.6956176757812,940800,574.7880859375,84.0,1.0,4.0,4.0,6.0,8.697587755763675e-05,6.961733481883586e-05,,0,2.0,272.0
2025-01-02,561.4911307656291,564.6201737942756,555.5175412638155,557.4204711914062,1054100,573.375732421875,82.0,1.0,4.0,4.0,6.0,5.200642178285109e-05,8.767777397391494e-05,,0,2.0,273.0
2025-01-03,559.3038484724283,564.6889284451153,556.1061354437766,564.1199951171875,715600,580.544921875,83.0,1.0,4.0,4.0,6.0,4.489607318932233e-05,0.00010758877556750638,,0,2.0,274.0
2025-01-06,567.4452851556639,571.1922949143295,564.1887207601407,565.0126953125,807000,583.88916015625,82.0,1.0,4.0,4.0,6.0,2.4285859100532875e-05,0.00012346784948097652,,0,2.0,275.0
2025-01-07,566.9548022189095,568.4849892557512,558.5877761411738,561.2950439453125,1066500,577.2888793945312,81.0,1.0,4.0,3.0,4.0,6.844567640069233e-06,0.00011433040391519084,,0,2.0,276.0
2025-01-08,558.7938229807036,562.8155108885072,555.870787768041,562.7664184570312,559500,578.1322631835938,80.0,1.0,4.0,3.0,4.0,-2.3223888959540397e-05,8.697587755763675e-05,,0,2.0,277.0
2025-01-10,556.2336354897393,557.7441854494623,552.3492871905522,554.801513671875,960100,569.3056030273438,81.0,1.0,4.0,3.0,4.0,-5.8152336387830095e-05,5.200642178285109e-05,,0,2.0,278.0
2025-01-13,550.3972695187737,559.5195391444336,550.1716838630421,559.3037719726562,677400,570.1882934570312,80.0,1.0,4.0,3.0,4.0,-7.714622251678037e-05,4.489607318932233e-05,,0,2.0,279.0
2025-01-14,562.776099851822,566.8663964296635,560.7260722553517,565.6697387695312,1093500,570.972900390625,81.0,1.0,4.0,3.0,4.0,-7.880343367673921e-05,2.4285859100532875e-05,,0,2.0,280.0
2025-01-15,577.3522305213578,578.3037256131062,571.5355559709903,573.0755615234375,661800,581.35888671875,81.0,1.0,4.0,3.0,4.0,-1.8641404822714775e-05,6.844567640069233e-06,,0,2.0,281.0
2025-01-16,573.8111115568054,578.6665314001403,571.5550754295517,577.3521118164062,858300,580.2409057617188,81.0,1.0,4.0,3.0,4.0,4.375934923502814e-05,-2.3223888959540397e-05,,0,2.0,282.0
2025-01-17,581.0795961324833,582.06048669998,578.8039228316343,579.814208984375,544000,586.0664672851562,80.0,1.0,4.0,3.0,4.0,8.27310081836467e-05,-5.8152336387830095e-05,,0,2.0,283.0
2025-01-21,584.7481056518004,589.750623499065,584.2576603778016,589.6917724609375,715900,591.4309692382812,82.0,1.0,1.0,3.0,3.0,0.00011205138784173273,-7.714622251678037e-05,,0,1.0,284.0
2025-01-22,590.2999018717952,590.809984099271,586.4253723511913,587.121826171875,828000,594.7557983398438,81.0,1.0,1.0,3.0,3.0,0.00012904517750724124,-7.880343367673921e-05,,0,1.0,285.0
2025-01-23,585.1992359172432,587.7397686005322,582.7961021383527,587.0924072265625,771800,598.001953125,80.0,1.0,1.0,3.0,3.0,0.00014616263774931956,-1.8641404822714775e-05,,0,1.0,286.0
2025-01-24,586.6117434357744,588.0733205964044,584.7873014420401,586.072265625,719800,596.2562255859375,79.0,1.0,1.0,3.0,3.0,0.00015640691326999632,4.375934923502814e-05,,0,1.0,287.0
2025-01-27,579.9318797961267,584.6205651929996,577.0480592884147,580.0005493164062,1842700,587.8218383789062,79.0,1.0,1.0,3.0,3.0,0.00018299088353673816,8.27310081836467e-05,,1,1.0,288.0
2025-01-28,580.5695782908692,582.344988020259,577.9800125368638,580.7167358398438,725100,592.8726806640625,78.0,1.0,1.0,3.0,3.0,0.00023645204177353497,0.00011205138784173273,,0,1.0,289.0
2025-01-29,580.1673326744636,583.7377888160822,575.9495150810974,578.4115600585938,859000,590.21484375,77.0,1.0,1.0,3.0,3.0,0.0002607024701600452,0.00012904517750724124,,0,1.0,290.0
2025-01-30,582.727507448756,587.8183320840446,580.9913119196865,585.012939453125,1166600,593.382568359375,77.0,1.0,1.0,3.0,3.0,0.00030393152092864567,0.00014616263774931956,,0,1.0,291.0
2025-01-31,585.5916918697943,587.5240176268745,578.7352761118362,579.3924560546875,1100100,590.2246704101562,77.0,1.0,1.0,3.0,3.0,0.00028829177555673334,0.00015640691326999632,,0,1.0,292.0
2025-02-03,567.6707786471483,576.3909101557588,564.992966557421,572.9185791015625,1842900,586.2527465820312,77.0,1.0,1.0,3.0,3.0,0.00027443746469156636,0.00018299088353673816,,1,1.0,293.0
2025-02-04,572.0160939498344,576.9009694899231,571.731657249493,576.2633666992188,740400,590.1854858398438,77.0,1.0,1.0,3.0,3.0,0.0002795467780811025,0.00023645204177353497,,0,1.0,294.0
2025-02-05,578.3527680400923,581.7172159469193,575.9299967552645,581.7073974609375,416400,592.5784301757812,77.0,1.0,1.0,3.0,3.0,0.0003301682825288293,0.0002607024701600452,,0,1.0,295.0
2025-02-06,584.4243823555202,584.9050091346246,577.1755869942328,581.4326782226562,1046100,594.6380615234375,76.0,1.0,1.0,3.0,3.0,0.00038359535539824293,0.00030393152092864567,,0,1.0,296.0
2025-02-07,580.9912200079459,581.2364426204304,573.3402864721909,574.183837890625,886800,589.1950073242188,76.0,1.0,4.0,3.0,4.0,0.0003443175006139486,0.00028829177555673334,,0,2.0,297.0
2025-02-10,576.9010367368589,577.4306961309336,572.2516246713186,574.7724609375,765600,593.1962890625,75.0,1.0,4.0,1.0,2.0,0.00029278768856572774,0.00027443746469156636,,0,2.0,298.0
2025-02-11,572.0749938245838,573.8013708802036,570.1917006133675,571.9769287109375,899500,593.6473999023438,74.0,1.0,4.0,1.0,2.0,0.00022600511267891876,0.0002795467780811025,,0,2.0,299.0
2025-02-12,565.1892136063699,569.7209236928499,563.4530179698872,568.0435791015625,1087300,591.7349853515625,74.0,1.0,4.0,1.0,2.0,0.00020581691588598925,0.0003301682825288293,,1,2.0,300.0
2025-02-13,570.1915615460164,573.546189856618,568.1317157113375,573.1538696289062,790200,597.9823608398438,74.0,1.0,4.0,1.0,2.0,0.0002007094003480696,0.00038359535539824293,,0,2.0,301.0
2025-02-14,575.0176279932796,576.8715254964874,571.957254274718,572.8302612304688,555500,597.9528198242188,73.0,1.0,4.0,1.0,2.0,0.00021877552236710434,0.0003443175006139486,,0,2.0,302.0
2025-02-18,574.1152690237154,577.97998046875,573.5071216276431,577.97998046875,902900,599.7083740234375,73.0,1.0,4.0,1.0,2.0,0.00023217939955129515,0.00029278768856572774,,0,2.0,303.0
2025-02-19,574.3899389408939,576.1064975047294,572.8793290886791,574.821533203125,565400,601.1206665039062,72.0,1.0,4.0,1.0,2.0,0.0002159605311961943,0.00022600511267891876,,0,2.0,304.0
2025-02-20,573.3206798156788,574.2035052148171,566.189586709605,569.200927734375,718800,598.6198120117188,72.0,1.0,4.0,1.0,2.0,0.00018089982978486145,0.00020581691588598925,,0,2.0,305.0
2025-02-21,572.2516366978293,572.4772223922813,554.0463083886984,555.674560546875,1535400,588.380859375,78.0,1.0,4.0,1.0,2.0,0.0001134800346297657,0.0002007094003480696,,0,2.0,306.0
2025-02-24,557.8226103250071,558.8525333568324,551.7116817832133,554.9486083984375,1004500,585.7034912109375,77.0,1.0,4.0,1.0,2.0,5.780831537464517e-05,0.00021877552236710434,,0,2.0,307.0
2025-02-25,555.5764075990575,558.9702504402154,550.4659465003404,554.7426147460938,841400,582.7907104492188,76.0,1.0,4.0,1.0,2.0,2.6294193420244217e-05,0.00023217939955129515,,0,2.0,308.0
2025-02-26,557.0576180533322,561.5599327648534,554.4484751010191,556.0081176757812,847400,583.0849609375,75.0,1.0,4.0,1.0,2.0,4.781743519776999e-05,0.0002159605311961943,,0,2.0,309.0
2025-02-27,556.410195999354,558.1562100142659,548.8475078777761,548.9652099609375,869400,573.77783203125,76.0,1.0,4.0,1.0,2.0,4.548090512124567e-05,0.00018089982978486145,,0,2.0,310.0
2025-02-28,547.8568205088669,555.0859789789158,546.7778049966043,554.9878540039062,1038200,582.73193359375,76.0,1.0,4.0,1.0,2.0,4.926466133430197e-05,0.0001134800346297657,,0,2.0,311.0
2025-03-03,556.7240038363799,558.1266700055647,539.4210818072379,542.3441162109375,1167100,572.5225219726562,81.0,1.0,4.0,3.0,4.0,1.6605237983155362e-06,5.780831537464517e-05,,0,2.0,312.0
2025-03-04,536.4588395660517,542.3540015176802,526.7970913221784,533.9575805664062,1670900,565.74560546875,83.0,4.0,4.0,3.0,10.0,-4.605049429394227e-05,2.6294193420244217e-05,,0,2.0,313.0
2025-03-05,534.5363906834502,541.1966168808165,530.7305300367221,540.5492553710938,1784500,571.826171875,83.0,4.0,4.0,3.0,10.0,-9.907475097314894e-05,4.781743519776999e-05,,0,2.0,314.0
2025-03-06,533.9478042597996,539.2348192603303,529.8575069905066,531.9860229492188,1441100,561.6755981445312,85.0,4.0,4.0,3.0,10.0,-0.00014366575903934325,4.548090512124567e-05,,0,2.0,315.0
2025-03-07,530.6225940694527,537.3416706501364,523.5895654475225,535.762451171875,993300,564.82373046875,84.0,4.0,4.0,3.0,10.0,-0.00015560381715014666,4.926466133430197e-05,,0,2.0,316.0
2025-03-10,530.3086748966928,534.1341120740691,520.2152729434207,524.4135131835938,1251800,549.779296875,88.0,4.0,4.0,4.0,12.0,-0.00021532454449134527,1.6605237983155362e-06,,0,4.0,1.0
2025-03-11,523.9426884317731,527.8564319769657,517.4491980628283,521.4708251953125,1299800,545.2090454101562,87.0,4.0,4.0,4.0,12.0,-0.00026068144194731486,-4.605049429394227e-05,,0,4.0,2.0
2025-03-12,527.4640565732514,528.042808320052,517.6944253484747,521.1765747070312,1099700,548.1021728515625,86.0,4.0,4.0,4.0,12.0,-0.000315011583269776,-9.907475097314894e-05,,0,4.0,3.0
2025-03-13,521.2746050804063,521.8140828545819,510.33771247535105,512.9664916992188,715000,540.7957153320312,87.0,4.0,4.0,4.0,12.0,-0.0003486987551847332,-0.00014366575903934325,,0,4.0,4.0
2025-03-14,518.4986256550361,525.8945773611593,516.88019246575,525.502197265625,843000,551.96630859375,92.0,4.0,4.0,4.0,12.0,-0.0003542721040354746,-0.00015560381715014666,,0,4.0,5.0
2025-03-17,524.9726343494059,535.1836786329346,524.9726343494059,533.339599609375,896400,556.2227783203125,93.0,4.0,4.0,4.0,12.0,-0.00032227136861221384,-0.00021532454449134527,,0,4.0,6.0
2025-03-18,530.4361467153063,531.0638711017278,527.0912767611457,528.925537109375,864200,550.2108154296875,92.0,4.0,4.0,4.0,12.0,-0.00028098447965060354,-0.00026068144194731486,,0,4.0,7.0
2025-03-19,528.5431094042902,538.5187498950147,528.3174638588466,535.5368041992188,1189600,556.2030639648438,92.0,4.0,4.0,4.0,12.0,-0.00024620495454558903,-0.000315011583269776,,0,4.0,8.0
2025-03-20,531.1130755218035,537.1455171277736,530.9168854170729,531.7604370117188,699100,554.5947265625,91.0,4.0,4.0,4.0,12.0,-0.0002484817867382467,-0.0003486987551847332,,0,4.0,9.0
2025-03-21,527.2748242894702,530.0574755972251,523.1057984511128,528.8873901367188,1249600,554.777587890625,90.0,4.0,4.0,4.0,12.0,-0.0002564712221973684,-0.0003542721040354746,,1,4.0,10.0
2025-03-24,536.2519115286228,542.5644423818435,535.7209711810596,541.8466796875,659800,564.712890625,95.0,4.0,1.0,4.0,11.0,-0.0002346927026208894,-0.00032227136861221384,,0,2.0,11.0
2025-03-25,542.4267410335955,544.1868198906133,537.4022824251924,540.2636108398438,521000,566.0703735351562,94.0,4.0,1.0,4.0,11.0,-0.00021223081357382058,-0.00028098447965060354,,0,2.0,12.0
2025-03-26,541.8171029174608,543.9508263686374,535.4161126047239,536.8811645507812,690300,559.3123779296875,93.0,4.0,1.0,4.0,11.0,-0.00017544620607667572,-0.00024620495454558903,,0,2.0,13.0
2025-03-27,535.0227879393686,537.5989316539338,530.6570987413057,532.9874267578125,849900,557.8270874023438,92.0,4.0,1.0,4.0,11.0,-0.00018855752842854748,-0.0002484817867382467,,0,2.0,14.0
2025-03-28,531.1684386964838,532.672799629783,520.8048099874417,523.3219604492188,1164000,546.5933227539062,94.0,4.0,1.0,4.0,11.0,-0.00022244359276197084,-0.0002564712221973684,,0,2.0,15.0
2025-03-31,517.0487855012055,527.520559665906,513.5385896682448,524.5510864257812,880300,550.2625122070312,92.0,4.0,1.0,4.0,11.0,-0.00026187481787737243,-0.0002346927026208894,,0,2.0,16.0
2025-04-01,524.0300792794268,529.4674929959602,518.3369475420093,527.392822265625,1032300,551.8167114257812,91.0,4.0,1.0,4.0,11.0,-0.00028805177569216344,-0.00021223081357382058,,0,2.0,17.0
2025-04-02,520.893473729937,536.9304926219093,520.893473729937,535.74072265625,974100,555.308837890625,93.0,4.0,1.0,4.0,11.0,-0.0002627143029774091,-0.00017544620607667572,,0,2.0,18.0
2025-04-03,511.86706094381157,515.3773169978398,499.47794134576225,499.9892272949219,2024800,527.94287109375,131.0,4.0,4.0,4.0,12.0,-0.00027422977921661134,-0.00018855752842854748,,1,4.0,19.0
2025-04-04,481.9856738314374,485.48608757625294,465.90931839843756,475.64361572265625,4779800,497.0354309082031,146.0,4.0,4.0,4.0,12.0,-0.0003088913711925299,-0.00022244359276197084,,1,4.0,20.0
2025-04-07,458.0038621528069,491.4249896474856,451.1407060853586,470.5798034667969,5469800,496.150146484375,144.0,4.0,4.0,4.0,12.0,-0.00038605847918856334,-0.00026187481787737243,,0,4.0,21.0
2025-04-08,485.7318784852639,487.3247596014753,454.19862969856564,460.38336181640625,3745400,488.3790283203125,145.0,4.0,4.0,4.0,12.0,-0.00043739617932630185,-0.00028805177569216344,,0,4.0,22.0
2025-04-09,455.11307691129406,506.3804217841214,453.9626760578472,503.4503173828125,3547000,539.668212890625,188.0,4.0,4.0,4.0,12.0,-0.00037969488333910767,-0.0002627143029774091,,0,4.0,23.0
2025-04-10,490.1762493131615,491.71997939127203,469.6162168288148,482.4084777832031,2799000,516.0205688476562,194.0,4.0,4.0,4.0,12.0,-0.00032892010671108893,-0.00027422977921661134,,0,4.0,24.0
2025-04-11,481.33671898794586,490.9628718358353,473.7950788288029,489.1438293457031,2421500,525.2278442382812,192.0,4.0,4.0,4.0,12.0,-0.00025672552006293057,-0.0003088913711925299,,0,4.0,25.0
2025-04-14,496.84272497012165,497.80633340216343,487.816378865974,495.3285217285156,1081400,530.3233032226562,190.0,4.0,4.0,4.0,12.0,-0.00026320764777273384,-0.00038605847918856334,,0,4.0,26.0
2025-04-15,494.7975579665884,500.51031301768023,493.37181475820955,494.56158447265625,962600,528.8378295898438,187.0,4.0,4.0,4.0,12.0,-0.00023846931568706695,-0.00043739617932630185,,0,4.0,27.0
2025-04-16,492.17224005921105,495.70218032975123,483.8145052824127,489.04547119140625,1331000,517.082763671875,185.0,4.0,4.0,4.0,12.0,-0.00022708138307428398,-0.00037969488333910767,,0,4.0,28.0
2025-04-17,490.982488974596,496.3609381950297,489.71407144179403,493.38165283203125,1011300,517.8206176757812,183.0,4.0,4.0,4.0,12.0,-0.00021682768022790097,-0.00032892010671108893,,0,4.0,29.0
2025-04-21,489.1241504673364,490.54986369407925,477.14798532323965,482.083984375,894700,505.4950866699219,183.0,4.0,4.0,4.0,12.0,-0.00023222616283621745,-0.00025672552006293057,,0,4.0,30.0
2025-04-22,487.6984306285962,495.84968901016083,487.06912792774483,494.1977844238281,910000,518.6469116210938,183.0,4.0,4.0,4.0,12.0,-0.0002122245316658765,-0.00026320764777273384,,0,4.0,31.0
2025-04-23,506.98020256032993,515.5444445832832,498.7896352716601,500.5103454589844,1274700,526.68359375,181.0,4.0,4.0,4.0,12.0,-0.00019875879419475312,-0.00023846931568706695,,0,4.0,32.0
2025-04-24,501.46411347990664,511.9456703086164,499.9597223397391,511.1885986328125,734800,537.769775390625,181.0,4.0,4.0,4.0,12.0,-0.00015164517655731155,-0.00022708138307428398,,0,4.0,33.0
2025-04-25,507.93390045877874,510.3723729332854,504.8661254058197,508.84832763671875,646200,541.6553955078125,178.0,4.0,4.0,4.0,12.0,-0.0001280042264240414,-0.00021682768022790097,,0,4.0,34.0
2025-04-28,509.4284503047635,513.6565285019669,505.4560900601843,510.7165222167969,671400,541.8618774414062,176.0,4.0,4.0,4.0,12.0,-0.00011207635843905043,-0.00023222616283621745,,0,4.0,35.0
2025-04-29,509.5170210528261,515.6427299138605,506.87204136562127,513.145263671875,764900,545.2752685546875,173.0,4.0,4.0,4.0,12.0,-0.00011541652262910278,-0.0002122245316658765,,0,4.0,36.0
2025-04-30,506.478702382548,513.2927671802883,500.6676449738324,512.0833129882812,973300,545.49169921875,171.0,4.0,4.0,4.0,12.0,-0.0001219700296089978,-0.00019875879419475312,,0,4.0,37.0
2025-05-01,514.1481564048576,520.391851352824,511.0803811847442,514.8953857421875,890200,549.3575439453125,168.0,4.0,4.0,4.0,12.0,-0.00013379884760458347,-0.00015164517655731155,,0,4.0,38.0
2025-05-02,521.7095354463615,528.2383560793094,521.3555151601768,527.00927734375,917700,557.5123291015625,169.0,4.0,1.0,4.0,11.0,-0.000135279546676003,-0.0001280042264240414,,0,2.0,39.0
2025-05-05,522.8697365744888,529.5263856623653,522.8697365744888,526.00634765625,790000,554.3153076171875,166.0,4.0,1.0,4.0,11.0,-0.00013582034382471895,-0.00011207635843905043,,0,2.0,40.0
2025-05-06,521.4833801797548,526.3898532289252,519.3988673013131,522.1815185546875,512700,549.6821899414062,164.0,4.0,1.0,4.0,11.0,-0.0001482076928849534,-0.00011541652262910278,,0,2.0,41.0
2025-05-07,524.079180003974,526.4193507495459,520.2936414521664,523.7252197265625,758700,551.993896484375,162.0,4.0,1.0,4.0,11.0,-0.00016762608713920455,-0.0001219700296089978,,0,2.0,42.0
2025-05-08,528.4349572496104,534.8851592790388,525.6818332151475,530.2146606445312,597100,555.8400268554688,160.0,4.0,1.0,4.0,11.0,-0.00017153721520992275,-0.00013379884760458347,,0,2.0,43.0
2025-05-09,531.3552036301519,532.2106374046999,527.5892905680873,529.5755004882812,540900,555.1317749023438,158.0,4.0,1.0,4.0,11.0,-0.00015260126558588213,-0.000135279546676003,,0,2.0,44.0
2025-05-12,547.4906567167595,550.4109789702947,543.8132627789527,548.21826171875,1100700,573.4774780273438,163.0,4.0,1.0,4.0,11.0,-9.03291923193487e-05,-0.00013582034382471895,,0,2.0,45.0
2025-05-13,549.7915269748092,552.5151246583112,548.8082639810341,549.9291381835938,821100,577.2647094726562,160.0,4.0,1.0,4.0,11.0,-3.8005587171580556e-05,-0.0001482076928849534,,0,2.0,46.0
2025-05-14,549.6831938292452,550.7058255122233,547.1070501893672,548.1788330078125,827100,578.00244140625,158.0,4.0,1.0,4.0,11.0,4.499697629445989e-06,-0.00016762608713920455,,0,2.0,47.0
2025-05-15,546.4384824809143,549.7816001508068,544.3736545171346,549.4866333007812,827200,580.8255615234375,156.0,4.0,1.0,4.0,11.0,-1.7806652586311407e-06,-0.00017153721520992275,,0,2.0,48.0
2025-05-16,550.3224431866752,555.5238825901178,547.9331214185028,555.4747314453125,805900,584.5045776367188,154.0,4.0,1.0,3.0,9.0,2.987020371998549e-05,-0.00015260126558588213,,0,2.0,49.0
2025-05-19,548.2182429054915,553.7933269990531,547.96258493765,553.341064453125,773900,585.1439819335938,152.0,4.0,1.0,3.0,9.0,8.685849428459133e-05,-9.03291923193487e-05,,0,2.0,50.0
2025-05-20,552.9477329752983,554.314482866252,549.9979441529501,551.8170166015625,682600,583.176513671875,150.0,4.0,1.0,3.0,9.0,0.00014795306188751718,-3.8005587171580556e-05,,0,2.0,51.0
2025-05-21,546.8121790584318,547.9429554400496,536.8222540366465,537.0582275390625,768400,573.3494873046875,152.0,4.0,1.0,3.0,9.0,0.00014519743109057213,4.499697629445989e-06,,1,2.0,52.0
2025-05-22,535.4357280105156,539.5162925008591,533.4200513399687,536.4288330078125,751700,573.5758056640625,150.0,4.0,1.0,3.0,9.0,7.015087180167128e-05,-1.7806652586311407e-06,,0,2.0,53.0
2025-05-23,529.0544341706169,537.176195335961,528.749625071817,535.5439453125,666000,569.6607666015625,148.0,4.0,1.0,3.0,9.0,2.0615466710367366e-05,2.987020371998549e-05,,0,2.0,54.0
2025-05-27,542.2497224887779,547.3922274835874,538.7493094972359,547.3823852539062,1429100,581.5042724609375,148.0,4.0,1.0,3.0,9.0,4.303449033471446e-06,8.685849428459133e-05,,0,2.0,55.0
2025-05-28,546.7827111764253,547.8642763979916,539.6343704444747,540.2243041992188,576500,578.14013671875,147.0,4.0,1.0,3.0,9.0,2.1183815236799116e-05,0.00014795306188751718,,0,2.0,56.0
2025-05-29,543.5182121152031,544.5014749422575,537.264614924801,541.748291015625,488900,580.4222412109375,145.0,4.0,1.0,3.0,9.0,1.9784189122290737e-05,0.00014519743109057213,,0,2.0,57.0
2025-05-30,539.3689338627213,541.6599535721325,534.9540923721353,539.5360717773438,635100,579.7730102539062,143.0,4.0,1.0,3.0,9.0,6.9048534728281165e-06,7.015087180167128e-05,,0,2.0,58.0
2025-06-02,538.3364819105527,539.3590538055381,531.3848054356637,539.0640869140625,758400,583.0388793945312,141.0,4.0,1.0,3.0,9.0,1.1225295524716272e-05,2.0615466710367366e-05,,0,2.0,59.0
2025-06-03,539.467226376995,546.5860403329516,537.5400094442042,545.7207641601562,1082700,586.3637084960938,140.0,4.0,1.0,3.0,9.0,3.7891694284035184e-05,4.303449033471446e-06,,0,2.0,60.0
2025-06-04,545.9469247895762,547.6086416183355,544.4130369486913,544.4818725585938,463200,586.206298828125,138.0,4.0,1.0,3.0,9.0,4.717337961678621e-05,2.1183815236799116e-05,,0,2.0,61.0
2025-06-05,545.0620804304363,547.146593352282,540.8143767367837,543.6461791992188,552700,583.373291015625,136.0,4.0,1.0,3.0,9.0,5.2819661209107984e-05,1.9784189122290737e-05,,0,2.0,62.0
2025-06-06,549.4079775957753,550.0765891539604,546.5958601562781,549.0146484375,661700,589.364013671875,134.0,4.0,1.0,1.0,7.0,2.6296683264700817e-05,6.9048534728281165e-06,,0,2.0,63.0
2025-06-09,551.1483468341023,553.390154895406,548.1395049398038,550.4796752929688,853900,589.8952026367188,133.0,4.0,1.0,1.0,7.0,2.4396037344740163e-05,1.1225295524716272e-05,,0,2.0,64.0
2025-06-10,552.1709870917539,554.3046509089909,550.3322901594976,552.22998046875,615400,593.2396240234375,131.0,4.0,1.0,1.0,7.0,3.1844034485063455e-05,3.7891694284035184e-05,,0,2.0,65.0
2025-06-11,553.5377701166836,554.2456906829801,547.8053299189834,549.3490600585938,565300,591.5477294921875,129.0,4.0,1.0,1.0,7.0,3.504721036946171e-05,4.717337961678621e-05,,0,2.0,66.0
2025-06-12,545.878074289733,549.8799616915762,545.0127980940044,549.830810546875,730300,593.8987426757812,127.0,4.0,1.0,1.0,7.0,3.753424219663329e-05,5.2819661209107984e-05,,0,2.0,67.0
2025-06-13,543.518231804509,547.5495855360302,539.3492068689487,541.3550415039062,676500,587.2589111328125,127.0,4.0,1.0,1.0,7.0,3.718996190795793e-05,2.6296683264700817e-05,,0,2.0,68.0
2025-06-16,546.3599150086801,550.4011717179254,544.6981980686855,547.5103759765625,1426200,592.84619140625,126.0,4.0,1.0,1.0,7.0,4.6596619474306445e-05,2.4396037344740163e-05,,0,2.0,69.0
2025-06-17,543.4886977342492,546.625308624143,542.4267570531687,542.7709350585938,544100,587.7802734375,125.0,4.0,1.0,1.0,7.0,3.552508088238311e-05,3.1844034485063455e-05,,0,2.0,70.0
2025-06-18,543.0659386128298,549.122811768036,542.1318268401194,544.8456420898438,582500,587.691650390625,123.0,4.0,1.0,1.0,7.0,3.0023768875333102e-05,3.504721036946171e-05,,0,2.0,71.0
2025-06-20,547.4923389606413,548.4393744115658,542.2936086551776,544.6414184570312,905400,586.3115234375,121.0,4.0,1.0,1.0,7.0,1.7834877962382515e-05,3.753424219663329e-05,,0,2.0,72.0
2025-06-23,543.1320702173371,550.0176293084694,539.6497932359212,549.5540161132812,783900,592.102783203125,120.0,4.0,1.0,1.0,7.0,1.8438657396052585e-05,3.718996190795793e-05,,0,2.0,73.0
2025-06-24,552.8193576235516,555.7885900489023,550.7773517895098,554.6146850585938,946100,598.6438598632812,119.0,4.0,1.0,1.0,7.0,3.0080727098343455e-05,4.6596619474306445e-05,,0,2.0,74.0
2025-06-25,554.6739056668328,554.8909007630078,549.287742981334,550.126220703125,693700,598.9791870117188,118.0,4.0,1.0,1.0,7.0,2.3757233991092015e-05,3.552508088238311e-05,,0,2.0,75.0
2025-06-26,552.3556434843148,557.9292382403626,552.020276488623,557.5938110351562,1020000,603.6655883789062,117.0,4.0,1.0,1.0,7.0,2.9030938901792625e-05,3.0023768875333102e-05,,0,2.0,76.0
2025-06-27,558.7381211134434,562.496579421311,555.6800198380336,558.8466186523438,983200,606.664794921875,116.0,4.0,1.0,1.0,7.0,2.339396409383184e-05,1.7834877962382515e-05,,0,2.0,77.0
2025-06-30,559.9514842513347,560.1092933857182,556.8243827585942,558.8170166015625,1257500,609.5653076171875,114.0,4.0,1.0,1.0,7.0,3.195694799612606e-05,1.8438657396052585e-05,,0,2.0,78.0
2025-07-01,557.1302658930952,569.8064173659639,556.6863410885056,565.8999633789062,1138500,609.3680419921875,113.0,4.0,1.0,1.0,7.0,4.236708214678278e-05,3.0080727098343455e-05,,0,2.0,79.0
2025-07-02,566.1170107082016,571.5623597872661,564.0750048035525,571.503173828125,862200,612.1305541992188,113.0,1.0,1.0,1.0,1.0,7.06753967325425e-05,2.3757233991092015e-05,,0,1.0,1.0
2025-07-03,572.9433142635971,575.9520438629337,572.6375101445074,574.55126953125,391600,616.9550170898438,111.0,1.0,1.0,1.0,1.0,0.0001179946257229807,2.9030938901792625e-05,,0,1.0,2.0
2025-07-07,571.1973996093051,575.2024769464941,565.5054320338978,569.0172729492188,620300,612.357421875,110.0,1.0,1.0,1.0,1.0,0.00016765686708626604,2.339396409383184e-05,,0,1.0,3.0
2025-07-08,569.7274166624712,574.2553528093499,569.4314868968779,571.414306640625,799500,612.0220336914062,109.0,1.0,1.0,1.0,1.0,0.0001818575970075686,3.195694799612606e-05,,0,1.0,4.0
2025-07-09,573.9988679551632,574.225737410234,569.6386754583841,573.7916870117188,504100,615.6921997070312,107.0,1.0,1.0,1.0,1.0,0.0001920228029858062,4.236708214678278e-05,,0,1.0,5.0
2025-07-10,573.3576536623232,579.8585354727887,572.9039147386893,576.4946899414062,852600,617.4285888671875,106.0,1.0,1.0,1.0,1.0,0.00016942161485941341,7.06753967325425e-05,,0,1.0,6.0
2025-07-11,572.7362409857279,573.5845931012893,570.4476169783039,571.3945922851562,637100,615.2579956054688,105.0,1.0,1.0,1.0,1.0,0.0001482739384850119,0.0001179946257229807,,0,1.0,7.0
2025-07-14,570.3292086686562,573.6930540426539,569.7372889301291,573.3280639648438,403000,616.4320678710938,104.0,1.0,1.0,1.0,1.0,0.00012249168058555812,0.00016765686708626604,,0,1.0,8.0
2025-07-15,575.1333401830673,575.6660137724602,563.0391750927329,563.3055419921875,463300,613.7979125976562,105.0,1.0,1.0,1.0,1.0,8.326554070921975e-05,0.0001818575970075686,,0,1.0,9.0
2025-07-16,565.1008799859271,566.6397750382234,557.7812691790645,565.9591064453125,716800,615.8499145507812,104.0,1.0,1.0,1.0,1.0,6.259096482582551e-05,0.0001920228029858062,,0,1.0,10.0
2025-07-17,565.3278088954484,573.1505304182153,565.3278088954484,572.11474609375,903100,619.6187133789062,103.0,1.0,1.0,1.0,1.0,5.129965894189384e-05,0.00016942161485941341,,0,1.0,11.0
2025-07-18,574.4822022355885,574.5906997776049,569.4019041763723,571.5819702148438,755200,619.1649780273438,102.0,1.0,1.0,1.0,1.0,6.835519666926172e-05,0.0001482739384850119,,0,1.0,12.0
2025-07-21,572.9236133573714,573.4464125518207,567.7150088758077,568.0208129882812,575200,620.3389892578125,100.0,1.0,1.0,1.0,1.0,7.491732022469347e-05,0.00012249168058555812,,0,1.0,13.0
2025-07-22,569.1059186046378,576.297342865713,569.1059186046378,575.3700561523438,1024400,620.4277954101562,100.0,1.0,1.0,1.0,1.0,8.051592010084894e-05,8.326554070921975e-05,,0,1.0,14.0
2025-07-23,579.2172139503859,580.4207418076984,577.4613240658091,580.0755004882812,546700,625.7059936523438,100.0,1.0,1.0,1.0,1.0,0.00010081833942397556,6.259096482582551e-05,,0,1.0,15.0
2025-07-24,577.5797660945924,578.5464900739569,574.4329157718792,574.6104736328125,544000,625.9132690429688,99.0,1.0,1.0,1.0,1.0,9.952465755729593e-05,5.129965894189384e-05,,0,1.0,16.0
2025-07-25,577.5501563658446,580.2925794369776,573.4858935629198,579.819091796875,566100,628.5572509765625,98.0,1.0,1.0,1.0,1.0,0.00011094549593906632,6.835519666926172e-05,,0,1.0,17.0
2025-07-28,581.2494210451275,581.4566019895675,577.0865351112177,578.53662109375,516500,628.3994140625,97.0,1.0,1.0,1.0,1.0,0.00011326691031141376,7.491732022469347e-05,,0,1.0,18.0
2025-07-29,581.1507927181137,581.4763455680642,575.8435647706871,577.75732421875,571800,626.741943359375,95.0,1.0,1.0,1.0,1.0,0.00014519083264123744,8.051592010084894e-05,,0,1.0,19.0
2025-07-30,578.8227225884697,580.2136225828647,571.1183733229493,574.284912109375,577900,625.9526977539062,94.0,1.0,1.0,1.0,1.0,0.0001312832825700287,0.00010081833942397556,,0,1.0,20.0
2025-07-31,571.4833962467029,574.8867392492575,567.0343945457781,567.8334350585938,630300,623.6046752929688,94.0,1.0,1.0,1.0,1.0,0.00010365998554112417,9.952465755729593e-05,,0,1.0,21.0
2025-08-01,560.4941059074625,561.8554431824646,552.3162681054899,559.4188842773438,885800,613.3834228515625,95.0,1.0,4.0,1.0,2.0,5.287339666345305e-05,0.00011094549593906632,,1,2.0,22.0
2025-08-04,562.8122860642997,566.6496190237461,561.9934968826274,566.6200561523438,593400,622.706787109375,95.0,1.0,4.0,1.0,2.0,4.420061012564885e-05,0.00011326691031141376,,0,2.0,23.0
2025-08-05,567.1725223421848,568.2773670106591,561.6679875124341,566.333984375,615900,619.5496215820312,94.0,1.0,4.0,1.0,2.0,4.091278969337365e-05,0.00014519083264123744,,0,2.0,24.0
2025-08-06,566.2254450829136,566.5411235662814,562.7530419753807,564.706298828125,509700,624.2952880859375,93.0,1.0,4.0,1.0,2.0,4.905727527175342e-05,0.0001312832825700287,,0,2.0,25.0
2025-08-07,570.3389685888664,570.3883403861851,561.1944085828037,563.4830322265625,551600,623.7722778320312,91.0,1.0,4.0,1.0,2.0,3.728982013637652e-05,0.00010365998554112417,,0,2.0,26.0
2025-08-08,565.8013442166352,566.945626187527,562.4868100152363,563.3943481445312,427700,628.6361694335938,90.0,1.0,4.0,1.0,2.0,1.957636590677143e-05,5.287339666345305e-05,,0,2.0,27.0
2025-08-11,564.0453919089945,565.9985885969613,560.2178729985736,561.204345703125,434700,627.3931274414062,89.0,1.0,4.0,1.0,2.0,-6.7169712544555076e-06,4.420061012564885e-05,,0,2.0,28.0
2025-08-12,564.3019013048028,574.2356900214688,562.9997499318138,574.077880859375,825300,634.0723266601562,93.0,1.0,4.0,1.0,2.0,4.982394208780687e-06,4.091278969337365e-05,,0,2.0,29.0
2025-08-13,575.892850083816,583.0349626881678,574.8176286062655,582.936279296875,680200,636.2428588867188,94.0,1.0,4.0,1.0,2.0,5.432019325910818e-05,4.905727527175342e-05,,0,2.0,30.0
2025-08-14,576.3664174871178,576.6524728916107,572.1935970685992,575.1530151367188,824400,636.3020629882812,94.0,1.0,4.0,1.0,2.0,0.00011550559428282838,3.728982013637652e-05,,0,2.0,31.0
2025-08-15,575.8140150961927,576.0507589163046,571.8779383535253,572.2034912109375,613000,634.8123168945312,93.0,1.0,4.0,1.0,2.0,0.00013296787109771333,1.957636590677143e-05,,0,2.0,32.0
2025-08-18,572.6474402886168,574.0580891179322,571.6609675232618,573.7720336914062,1002100,634.6741333007812,92.0,1.0,4.0,1.0,2.0,0.00013714731283278334,-6.7169712544555076e-06,,0,2.0,33.0
2025-08-19,574.048149383208,579.523060565533,573.0616767301941,574.817626953125,426100,631.2308959960938,90.0,1.0,4.0,1.0,2.0,0.00012673915660789569,4.982394208780687e-06,,0,2.0,34.0
2025-08-20,573.5450730556165,575.1432142419893,569.3723127504369,572.3810424804688,439200,629.5537719726562,89.0,1.0,4.0,1.0,2.0,0.00012979944172823696,5.432019325910818e-05,,0,2.0,35.0
2025-08-21,569.1158122559664,572.6474013746154,568.1194651971409,571.6905517578125,377800,627.028076171875,88.0,1.0,4.0,1.0,2.0,0.00010512463692690463,0.00011550559428282838,,0,2.0,36.0
2025-08-22,574.2159637732261,589.8219100806866,574.0285315376993,587.5037231445312,1520500,636.6572265625,94.0,1.0,1.0,1.0,1.0,0.0001531995305547811,0.00013296787109771333,,0,1.0,37.0
2025-08-25,586.3198002278529,586.4579208327457,582.699462890625,582.699462890625,720800,633.8552856445312,93.0,1.0,1.0,1.0,1.0,0.00019242243443906557,0.00013714731283278334,,0,1.0,38.0
2025-08-26,583.9227967265,587.1682703376802,583.6761785436272,585.43212890625,704200,636.5091552734375,92.0,1.0,1.0,1.0,1.0,0.0002590595355927803,0.00012673915660789569,,0,1.0,39.0
2025-08-27,584.0411331037756,590.3052706933382,584.0312587435387,589.1905517578125,1606600,637.95947265625,91.0,1.0,1.0,1.0,1.0,0.0002867122588263731,0.00012979944172823696,,0,1.0,40.0
2025-08-28,590.9464202375359,591.0549177771551,586.7539115367804,589.9500732421875,617000,640.21875,90.0,1.0,1.0,1.0,1.0,0.00031156110305142955,0.00010512463692690463,,0,1.0,41.0
2025-08-29,590.2164215769726,590.995713259087,585.0078775342727,587.1090087890625,855400,636.400634765625,89.0,1.0,1.0,1.0,1.0,0.00032797547233057926,0.0001531995305547811,,0,1.0,42.0
2025-09-02,580.6772896479515,584.8500497946169,579.5329476280461,584.4949340820312,512500,631.6847534179688,88.0,1.0,1.0,1.0,1.0,0.00032936116821006314,0.00019242243443906557,,1,1.0,43.0
2025-09-03,583.2323036328734,587.2472552184217,580.3025082704454,583.508544921875,741200,635.108154296875,87.0,1.0,1.0,1.0,1.0,0.0003242657916187807,0.0002590595355927803,,0,1.0,44.0
2025-09-04,584.9684539734762,592.1006325375554,583.321061374606,591.9526977539062,614800,640.4160766601562,87.0,1.0,1.0,1.0,1.0,0.00034234925438018194,0.0002867122588263731,,0,1.0,45.0
2025-09-05,594.8429946090962,599.6273627704893,590.1473752668857,594.7344970703125,512400,638.561279296875,86.0,1.0,1.0,1.0,1.0,0.000356514291535461,0.00031156110305142955,,0,1.0,46.0
2025-09-08,595.2869337936431,595.7406726794007,590.7393093189521,594.8824462890625,834900,640.1300048828125,85.0,1.0,1.0,1.0,1.0,0.0003659270050527282,0.00032797547233057926,,0,1.0,47.0
2025-09-09,593.6987901997928,594.0440315807228,587.8095165351764,589.4569091796875,553000,641.6099243164062,85.0,1.0,1.0,1.0,1.0,0.0003402044630352884,0.00032936116821006314,,0,1.0,48.0
2025-09-10,589.4864463102055,593.3336533734677,587.0301391384628,589.210205078125,484800,643.4647216796875,84.0,1.0,1.0,1.0,1.0,0.00030831662604460547,0.0003242657916187807,,0,1.0,49.0
2025-09-11,590.8675357386949,599.3216141676676,589.7725654706297,599.1539306640625,1426700,648.8119506835938,85.0,1.0,1.0,1.0,1.0,0.00032820975101885804,0.00034234925438018194,,0,1.0,50.0
2025-09-12,596.9639895723491,598.3154523796798,592.1894351235154,592.4952392578125,542400,648.594970703125,85.0,1.0,1.0,1.0,1.0,0.00034988103512459336,0.000356514291535461,,0,1.0,51.0
2025-09-15,593.442246919702,596.214232719825,591.5580503987297,592.33740234375,761200,652.0479736328125,84.0,1.0,1.0,1.0,1.0,0.00037512846651363996,0.0003659270050527282,,0,1.0,52.0
2025-09-16,592.1301787154557,593.3336463880405,587.6713032921547,590.7096557617188,451700,651.1502685546875,83.0,1.0,1.0,1.0,1.0,0.0003535426233738396,0.0003402044630352884,,0,1.0,53.0
2025-09-17,592.3077822878778,600.5546794181764,585.6787147983116,590.1967163085938,852800,650.3411865234375,82.0,1.0,1.0,1.0,1.0,0.0003413704527120895,0.00030831662604460547,,0,1.0,54.0
2025-09-18,592.8898618124259,598.4831453551325,591.6567708950159,597.4276123046875,989200,653.3799438476562,82.0,1.0,1.0,1.0,1.0,0.0003633430563415659,0.00032820975101885804,,0,1.0,55.0
2025-09-19,598.1090886164326,598.1090886164326,591.3633042499363,592.8964233398438,1140600,656.6160278320312,82.0,1.0,1.0,1.0,1.0,0.00040126649612609935,0.00034988103512459336,,0,1.0,56.0
2025-09-22,591.1654462833155,593.6580400448095,588.9300325601853,592.4117431640625,646700,659.7225341796875,81.0,1.0,1.0,1.0,1.0,0.0004330042284854793,0.00037512846651363996,,0,1.0,57.0
2025-09-23,593.6283818917135,598.069567557224,591.2050937436322,592.1051635742188,557000,656.1312255859375,79.0,1.0,1.0,1.0,1.0,0.00043693057192685194,0.0003535426233738396,,0,1.0,58.0
2025-09-24,592.7776677988411,594.4888808620308,587.4661155770893,587.5650634765625,523200,654.043701171875,79.0,1.0,1.0,1.0,1.0,0.00038948594756229253,0.0003413704527120895,,0,1.0,59.0
2025-09-25,583.1536422753452,585.0527297683566,580.7500955175723,584.28125,594500,651.0263061523438,78.0,1.0,1.0,1.0,1.0,0.0003854169693501882,0.0003633430563415659,,1,1.0,60.0
2025-09-26,585.45833179039,590.5522477292866,584.8549245845251,590.186279296875,853600,654.756103515625,78.0,1.0,1.0,1.0,1.0,0.0004570530654658235,0.00040126649612609935,,0,1.0,61.0
2025-09-29,592.4513398009472,592.837109893457,587.2584759077811,588.8609008789062,764900,656.5962524414062,77.0,1.0,1.0,1.0,1.0,0.0005903800412995928,0.0004330042284854793,,0,1.0,62.0
2025-09-30,587.7233334249906,590.2752717580257,584.3504715876002,589.5433349609375,514400,659.0695190429688,76.0,1.0,1.0,1.0,1.0,0.0007036603875636424,0.00043693057192685194,,0,1.0,63.0
2025-10-01,586.971589556191,592.3820899757341,586.971589556191,591.462158203125,651300,661.3153076171875,75.0,1.0,1.0,1.0,1.0,0.0006588222033914074,0.00038948594756229253,,0,1.0,64.0
2025-10-02,591.1258975902655,592.837050392247,587.5056961746704,592.2337036132812,831800,662.0769653320312,74.0,1.0,1.0,1.0,1.0,0.0006506676384059832,0.0003854169693501882,,0,1.0,65.0
2025-10-03,594.0438736840067,597.6244722070002,593.0547567357564,594.1427612304688,657300,662.0671997070312,73.0,1.0,1.0,1.0,1.0,0.0006182472954774165,0.0004570530654658235,-1.0,0,1.0,66.0
2025-10-06,596.7342242376019,598.0200641561364,592.83710116792,595.0230712890625,623500,664.4415893554688,72.0,1.0,1.0,1.0,1.0,0.0006324311667396683,0.0005903800412995928,-1.0,0,1.0,67.0
2025-10-07,596.0616316842168,596.8232710289855,586.89249854507,588.5938110351562,1470900,661.9781494140625,72.0,1.0,1.0,1.0,1.0,0.000584765346691615,0.0007036603875636424,-1.0,0,1.0,68.0
2025-10-08,590.9578157579161,595.1714031184337,588.1091542034583,594.4295654296875,952900,665.925537109375,72.0,1.0,4.0,1.0,2.0,0.0005645592420017603,0.0006588222033914074,-1.0,0,2.0,69.0
2025-10-09,593.7767666236242,595.5374236919592,586.516621980197,587.9607543945312,668900,663.9963989257812,73.0,1.0,4.0,1.0,2.0,0.0005411995423790695,0.0006506676384059832,-1.0,0,2.0,70.0
2025-10-10,588.7717986994548,590.1664268799228,570.868808053258,571.4820556640625,1101200,646.0499877929688,82.0,1.0,4.0,3.0,4.0,0.00048609904161233444,0.0006182472954774165,-1.0,0,2.0,71.0
2025-10-13,578.5048305805026,584.5483207067944,577.7629928617657,582.5107421875,953000,655.9630126953125,84.0,1.0,4.0,3.0,4.0,0.0004142629530740165,0.0006324311667396683,-1.0,0,2.0,72.0
2025-10-14,576.3584376119688,590.928110430179,576.3584376119688,587.9113159179688,1038300,655.1616821289062,84.0,1.0,4.0,3.0,4.0,0.00038674686523521533,0.000584765346691615,-1.0,0,2.0,73.0
2025-10-15,591.9370463556226,594.3999378832784,583.5789961167186,588.4454345703125,582300,658.0702514648438,83.0,1.0,4.0,3.0,4.0,0.0003886075825776595,0.0005645592420017603,1.0,0,2.0,74.0
2025-10-16,589.3256745694637,589.8499354482713,578.4058468981319,581.2149047851562,1677900,653.5886840820312,83.0,1.0,4.0,3.0,4.0,0.0003554294402339432,0.0005411995423790695,-1.0,0,2.0,75.0
2025-10-17,579.7312835440644,583.6284064896035,578.3069528134383,582.4513549804688,588200,657.2986450195312,82.0,1.0,4.0,3.0,4.0,0.00031307533299381536,0.00048609904161233444,-1.0,0,2.0,76.0
2025-10-20,587.179314957213,590.1763074852719,586.1703964968275,589.4641723632812,653500,664.1348266601562,83.0,1.0,4.0,3.0,4.0,0.00029758470146013655,0.0004142629530740165,-1.0,0,2.0,77.0
2025-10-21,588.989382420769,593.4602099069933,587.0309503740324,591.5413208007812,556700,664.1249389648438,82.0,1.0,4.0,3.0,4.0,0.00032485180203138203,0.00038674686523521533,1.0,0,2.0,78.0
2025-10-22,590.8391655469566,592.847041630792,582.2535770029061,584.8253173828125,750300,660.6721801757812,82.0,1.0,4.0,3.0,4.0,0.0003313903465682751,0.0003886075825776595,-1.0,0,2.0,79.0
2025-10-23,586.4078684702171,593.6976556612738,585.8836678724535,592.7678833007812,692000,664.5899658203125,83.0,1.0,4.0,3.0,4.0,0.00031212051287542815,0.0003554294402339432,1.0,0,2.0,80.0
2025-10-24,599.2168848963912,599.52350870936,595.8440229537345,595.9132080078125,577200,670.0213623046875,82.0,1.0,4.0,3.0,4.0,0.00029679160785321505,0.00031307533299381536,-1.0,0,2.0,81.0
2025-10-27,600.0080992736563,601.1456076883917,596.5560914637331,598.1980590820312,986100,677.926025390625,81.0,1.0,4.0,3.0,4.0,0.0003187827242200066,0.00029758470146013655,-1.0,0,2.0,82.0
2025-10-28,597.8717048873305,597.8717048873305,592.4315620955821,592.9458618164062,707200,679.7266235351562,80.0,1.0,4.0,3.0,4.0,0.0003392454059659323,0.00032485180203138203,-1.0,0,2.0,83.0
2025-10-29,590.9380252900589,595.9923983494016,586.2693619542792,589.1773681640625,1151500,680.0531616210938,80.0,1.0,4.0,3.0,4.0,0.00031917734652214575,0.0003313903465682751,-1.0,0,2.0,84.0
2025-10-30,584.6867999578678,590.7995353943494,582.8569577696883,582.9756469726562,811700,672.5739135742188,80.0,1.0,4.0,3.0,4.0,0.00025925639604633356,0.00031212051287542815,-1.0,0,2.0,85.0
2025-10-31,584.2514717829813,587.861772051151,581.5314007338081,586.5264282226562,737500,674.780029296875,79.0,1.0,4.0,3.0,4.0,0.00019995141277360032,0.00029679160785321505,-1.0,0,2.0,86.0
2025-11-03,585.4186880314872,586.2495727539062,578.9894284660777,586.2495727539062,873400,676.04638671875,78.0,1.0,4.0,3.0,4.0,0.00015892062249240927,0.0003187827242200066,-1.0,0,2.0,87.0
2025-11-04,578.9993196525825,583.5789354502796,578.1387928316752,581.1951904296875,635600,668.0328369140625,78.0,1.0,4.0,3.0,4.0,0.00013218972011356001,0.0003392454059659323,-1.0,0,2.0,88.0
2025-11-05,581.1952330675607,588.8212858240931,580.542382097729,584.993408203125,1096000,670.3478393554688,77.0,1.0,4.0,3.0,4.0,0.00013395455528128375,0.00031917734652214575,-1.0,0,2.0,89.0
2025-11-06,585.6659739980331,587.8420431809798,577.5354623242221,579.6323852539062,1551500,663.1554565429688,77.0,1.0,4.0,3.0,4.0,0.00011744500698943755,0.00025925639604633356,1.0,0,2.0,90.0
2025-11-07,575.6660263662636,586.3880799497538,575.2802562925683,586.3287353515625,933900,663.808349609375,77.0,1.0,4.0,3.0,4.0,0.00012690141421267635,0.00019995141277360032,1.0,0,2.0,91.0
2025-11-10,590.8588473510065,592.3821259897803,585.0428352432785,590.0675659179688,865200,674.1666259765625,77.0,1.0,4.0,3.0,4.0,0.0001366784252182795,0.00015892062249240927,-1.0,0,2.0,92.0
2025-11-11,588.9794658627783,592.0457035570311,587.5452345396367,590.0476684570312,681600,675.7099609375,76.0,1.0,4.0,3.0,4.0,0.00019128596042278755,0.00013218972011356001,-1.0,0,2.0,93.0
2025-11-12,591.224821916292,595.537417457364,591.1555764891818,592.1150512695312,691900,676.0859375,75.0,1.0,4.0,1.0,2.0,0.00023699468016238453,0.00013395455528128375,1.0,0,1.0,94.0
2025-11-13,589.1179997083227,592.2634445671972,579.1773869675948,580.9874877929688,1278200,664.8670043945312,78.0,1.0,4.0,1.0,2.0,0.00023223418244709012,0.00011744500698943755,-1.0,0,2.0,95.0
2025-11-14,573.7372112769536,583.1536229175156,573.7372112769536,579.7807006835938,932400,664.7581176757812,77.0,1.0,4.0,1.0,2.0,0.00017806993954668093,0.00012690141421267635,-1.0,0,2.0,96.0
2025-11-17,578.020138784497,580.0676180117675,567.209098313262,569.0389404296875,1800400,658.56494140625,80.0,1.0,4.0,3.0,4.0,9.656186493740505e-05,0.0001366784252182795,-1.0,0,2.0,97.0
2025-11-18,566.0419479837253,573.8361939895566,565.2209640524339,570.9083862304688,1123800,653.0346069335938,79.0,1.0,4.0,3.0,4.0,6.124748331288498e-05,0.00019128596042278755,1.0,0,2.0,98.0
2025-11-19,571.2744045685764,575.1913295704298,568.6037766296267,571.600830078125,1013900,655.5574340820312,78.0,1.0,4.0,3.0,4.0,4.898383021033776e-05,0.00023699468016238453,-1.0,0,2.0,99.0
2025-11-20,578.6631318659009,581.3436002261536,562.0261771305386,562.4415893554688,1634300,645.5652465820312,80.0,1.0,4.0,3.0,4.0,4.122968076335778e-05,0.00023223418244709012,-1.0,0,2.0,100.0
2025-11-21,564.3010761059302,579.2169754343057,563.9450085211519,575.9825439453125,1662900,651.995849609375,85.0,1.0,4.0,3.0,4.0,7.060458389300132e-05,0.00017806993954668093,1.0,0,2.0,101.0
2025-11-24,576.6649713572673,583.2425615824599,575.3791316446722,581.4127197265625,1172700,661.59228515625,85.0,1.0,4.0,3.0,4.0,0.00010313401931722485,9.656186493740505e-05,1.0,0,2.0,102.0
2025-11-25,582.0458231737975,593.0447977296769,581.6402514570931,592.3623046875,1001800,667.815185546875,87.0,1.0,4.0,4.0,6.0,0.00017409087800316787,6.124748331288498e-05,1.0,0,2.0,103.0
2025-11-26,592.0852914312569,599.9586828808073,591.5412892662638,595.94287109375,1022400,672.4254150390625,86.0,1.0,4.0,4.0,6.0,0.000198396469637561,4.898383021033776e-05,1.0,0,2.0,104.0
2025-11-28,596.9715528199317,599.7312274267618,595.8440055099962,598.8904418945312,804900,676.0958251953125,85.0,1.0,4.0,4.0,6.0,0.00023885670125789842,4.122968076335778e-05,1.0,0,2.0,105.0
2025-12-01,592.9557499741013,599.8993695804314,592.9162070336222,595.6461791992188,995000,673.0090942382812,84.0,1.0,4.0,4.0,6.0,0.00024572116454089904,7.060458389300132e-05,1.0,0,2.0,106.0
2025-12-02,597.7925634755438,598.425612767273,593.1536028970803,593.4899291992188,746700,674.2556762695312,83.0,1.0,4.0,4.0,6.0,0.0002403038751267024,0.00010313401931722485,-1.0,0,2.0,107.0
2025-12-03,592.9854424175818,598.3167966383236,592.4809831732321,597.614501953125,784700,676.5905151367188,82.0,1.0,4.0,4.0,6.0,0.00022596103500478805,0.00017409087800316787,1.0,0,2.0,108.0
2025-12-04,597.0804491999277,602.3326575976878,596.7243212290499,600.5423583984375,790900,677.085205078125,81.0,1.0,1.0,4.0,5.0,0.00025620622389988093,0.000198396469637561,1.0,0,1.0,109.0
2025-12-05,600.7401339403084,603.9350226267159,599.4147510824373,600.7698364257812,1135800,678.3712158203125,80.0,1.0,1.0,4.0,5.0,0.0002775888131593927,0.00023885670125789842,1.0,0,1.0,110.0
2025-12-08,601.4622270340892,601.7984929755013,596.6748746304911,597.762939453125,868000,676.3333129882812,79.0,1.0,1.0,4.0,5.0,0.00028595239281436585,0.00024572116454089904,1.0,0,1.0,111.0
2025-12-09,596.0913625838946,602.1842965197621,595.844083342861,597.3277587890625,867700,675.7495727539062,78.0,1.0,1.0,3.0,3.0,0.0002553047805161866,0.0002403038751267024,1.0,0,1.0,112.0
2025-12-10,598.3663305454475,610.4434102625312,597.6739365836221,608.6729125976562,1386900,680.231201171875,81.0,1.0,1.0,3.0,3.0,0.0002798299037864486,0.00022596103500478805,1.0,0,1.0,113.0
2025-12-11,608.0002395710638,615.2603838207801,608.0002395710638,614.4789428710938,1451800,681.8141479492188,81.0,1.0,1.0,3.0,3.0,0.0003231836854861914,0.00025620622389988093,1.0,0,1.0,114.0
2025-12-12,615.2010619954178,616.0121451673805,604.6670023309157,606.4375,1175900,674.4832763671875,82.0,1.0,1.0,3.0,3.0,0.0003517331794545845,0.0002775888131593927,1.0,0,1.0,115.0
2025-12-15,609.2267792665962,610.1367499320933,603.3217802130831,605.2802124023438,868800,673.4641723632812,81.0,1.0,1.0,3.0,3.0,0.0003434878226023505,0.00028595239281436585,1.0,0,1.0,116.0
2025-12-16,604.5877703471392,606.4868577846462,598.2970017054029,601.5314331054688,940000,671.6240844726562,80.0,1.0,1.0,3.0,3.0,0.00030077627173517716,0.0002553047805161866,1.0,0,1.0,117.0
2025-12-17,602.5799343788524,607.3870280716711,598.0695636848054,598.8114013671875,612500,664.2338256835938,79.0,1.0,1.0,3.0,3.0,0.0002787352844687047,0.0002798299037864486,1.0,0,1.0,118.0
2025-12-18,604.0042700951359,607.3177876219095,600.0576428809508,601.4523315429688,653200,669.2495727539062,78.0,1.0,1.0,3.0,3.0,0.00025977465114082854,0.0003231836854861914,1.0,0,1.0,119.0
2025-12-19,602.0717565060027,607.3230241050845,601.833522446172,607.0947265625,1143100,675.3153686523438,78.0,1.0,1.0,3.0,3.0,0.0002752997922691913,0.0003517331794545845,1.0,0,1.0,120.0
2025-12-22,608.8716011591023,613.5471566052927,608.8716011591023,611.5816650390625,1101000,679.5224609375,77.0,1.0,1.0,3.0,3.0,0.00028674638191144783,0.0003434878226023505,1.0,0,1.0,121.0
2025-12-23,610.1224019346777,611.9687765064035,608.1072883335413,609.7947998046875,663700,682.6282348632812,76.0,1.0,1.0,3.0,3.0,0.0002813734778244522,0.00030077627173517716,-1.0,0,1.0,122.0
2025-12-24,610.4896838422655,612.0482023388463,608.7128043200781,610.688232421875,558900,685.0294799804688,75.0,1.0,1.0,1.0,1.0,0.0002742915285485742,0.0002787352844687047,-1.0,0,1.0,123.0
2025-12-26,610.3109952943736,611.0753800447509,608.5142427759494,610.8272094726562,420400,684.9600219726562,74.0,1.0,1.0,1.0,1.0,0.00026659948680732233,0.00025977465114082854,-1.0,0,1.0,124.0
2025-12-29,609.1693741465707,611.3235382926575,605.8439127829513,607.0748291015625,559100,682.51904296875,74.0,1.0,1.0,1.0,1.0,0.0002770262643936572,0.0002752997922691913,-1.0,0,1.0,125.0
2025-12-30,607.2038964956308,607.7002376411368,604.7618762478744,604.990234375,665100,681.685546875,73.0,1.0,1.0,1.0,1.0,0.0002678142897227721,0.00028674638191144783,-1.0,0,1.0,126.0
2025-12-31,604.6825213187693,605.1292404792712,598.5973738664635,598.8654174804688,730800,676.635009765625,73.0,1.0,1.0,1.0,1.0,0.0002717172494360814,0.0002813734778244522,-1.0,0,1.0,127.0
2026-01-02,601.4463513172194,607.8987862087093,598.9547090726504,606.8366088867188,968800,677.8753051757812,74.0,1.0,4.0,1.0,2.0,0.0002890486027506804,0.0002742915285485742,1.0,0,1.0,128.0
2026-01-05,608.6433668046062,616.892555152789,607.8690454475117,614.8277587890625,1466600,682.3900756835938,75.0,1.0,4.0,1.0,2.0,0.00035233349246210904,0.00026659948680732233,1.0,0,1.0,129.0
2026-01-06,613.5471745106565,624.1688875513441,612.306321599093,623.6725463867188,1371000,686.4483642578125,76.0,1.0,1.0,1.0,1.0,0.0004461396369880035,0.0002770262643936572,1.0,0,1.0,130.0
2026-01-07,623.9504463970202,624.8636971465512,617.5377575274946,619.1657104492188,857600,684.2356567382812,76.0,1.0,1.0,1.0,1.0,0.0004743052302154563,0.0002678142897227721,1.0,0,1.0,131.0
2026-01-08,617.3491426213277,622.7592126505982,616.6244433468114,621.4588012695312,667800,684.1661987304688,75.0,1.0,1.0,1.0,1.0,0.00046338025246474925,0.0002717172494360814,1.0,0,1.0,132.0
2026-01-09,623.9008357073739,627.5837089121995,621.5283104305034,626.759765625,850800,688.6908569335938,75.0,1.0,1.0,1.0,1.0,0.00041722119136180055,0.0002890486027506804,1.0,0,1.0,133.0
2026-01-12,623.4343465147217,628.2388953222338,622.0346304241375,627.6929321289062,819100,689.7723388671875,74.0,1.0,1.0,1.0,1.0,0.00040673395190584896,0.00035233349246210904,1.0,0,1.0,134.0
2026-01-13,629.2711441964394,631.4848666936696,626.4519606894158,629.0428466796875,512700,688.3931884765625,73.0,1.0,1.0,1.0,1.0,0.0003906404072483879,0.0004461396369880035,1.0,0,1.0,135.0
2026-01-14,628.0601944113475,631.256602475328,626.3527492742819,629.6683349609375,1231100,685.009521484375,72.0,1.0,1.0,1.0,1.0,0.00038975712423536274,0.0004743052302154563,1.0,0,1.0,136.0
2026-01-15,633.0136453929632,639.4760168968742,633.0136453929632,637.0836791992188,978600,686.875,72.0,1.0,1.0,1.0,1.0,0.0004198883870302204,0.00046338025246474925,1.0,0,1.0,137.0
2026-01-16,636.5971894980818,637.7089887905739,633.4504036749663,635.167724609375,789400,686.299560546875,71.0,1.0,1.0,1.0,1.0,0.0004467149952265259,0.00041722119136180055,1.0,0,1.0,138.0
2026-01-20,626.4917110168664,632.95408247583,624.7942630626724,626.55126953125,1275900,672.3286743164062,73.0,1.0,1.0,1.0,1.0,0.0004216137043913163,0.00040673395190584896,1.0,1,1.0,139.0
2026-01-21,631.0679859710428,641.0047458550475,630.462464286933,637.748779296875,1357300,680.0880737304688,76.0,1.0,1.0,1.0,1.0,0.0004121092842194647,0.0003906404072483879,1.0,0,1.0,140.0
2026-01-22,642.235673294348,644.0423624487147,636.6071813136242,637.9075927734375,1057100,683.6403198242188,74.0,1.0,1.0,1.0,1.0,0.00043154511377551584,0.00038975712423536274,1.0,0,1.0,141.0
2026-01-23,636.6369601201077,637.5601473938455,629.3010233392705,631.494873046875,709600,683.8883056640625,75.0,1.0,1.0,1.0,1.0,0.00047808805886812277,0.0004198883870302204,-1.0,0,1.0,142.0
2026-01-26,632.7654524560919,635.3762116747612,629.5193620430164,631.1771850585938,934700,687.3612060546875,74.0,1.0,1.0,1.0,1.0,0.00046184726883207356,0.0004467149952265259,-1.0,0,1.0,143.0
2026-01-27,631.5047758496961,632.0606755410396,628.745150428266,631.11767578125,584200,690.099853515625,72.0,1.0,1.0,1.0,1.0,0.0004210427185343723,0.0004216137043913163,-1.0,0,1.0,144.0
2026-01-28,632.725764485508,633.7481957141352,628.2388212518945,629.67822265625,1005300,690.0303955078125,71.0,1.0,1.0,1.0,1.0,0.00040099750996333127,0.0004121092842194647,-1.0,0,1.0,145.0
2026-01-29,632.2592169122066,633.2022772497552,621.0419186254488,628.516845703125,986600,688.6610717773438,70.0,1.0,1.0,1.0,1.0,0.0004118296948113082,0.00043154511377551584,-1.0,0,1.0,146.0
2026-01-30,624.8736577364102,629.6981399386498,618.7686977205883,622.9776611328125,1374300,686.6071166992188,70.0,1.0,1.0,1.0,1.0,0.0004163889397993948,0.00047808805886812277,-1.0,0,1.0,147.0
2026-02-02,620.7838022797774,630.2341573725561,620.1584075699011,628.0601806640625,741200,690.0204467773438,70.0,1.0,4.0,1.0,2.0,0.0004317337687403864,0.00046184726883207356,-1.0,0,2.0,148.0
2026-02-03,630.0554618268652,634.3537931090299,622.1338159493775,629.241455078125,1208600,684.18603515625,69.0,1.0,4.0,1.0,2.0,0.000423613182360907,0.0004210427185343723,1.0,0,1.0,149.0
2026-02-04,632.6364314600124,637.302050489399,626.1244378536304,633.6489868164062,1192700,680.8718872070312,69.0,1.0,4.0,1.0,2.0,0.0004165718758704599,0.00040099750996333127,1.0,0,1.0,150.0
2026-02-05,628.7848046894967,635.7832027777584,627.8516809051606,630.293701171875,960300,672.3683471679688,68.0,1.0,4.0,1.0,2.0,0.0003812108740196992,0.0004118296948113082,1.0,0,1.0,151.0
2026-02-06,638.2848069726476,651.229423439989,637.3020611519505,650.5245971679688,2184900,685.267578125,80.0,1.0,1.0,3.0,3.0,0.0004114227902250167,0.0004163889397993948,1.0,0,1.0,152.0
2026-02-09,649.134754319769,652.6190786811825,646.8119118045037,650.8719482421875,771900,688.57177734375,79.0,1.0,1.0,3.0,3.0,0.00045107658100739575,0.0004317337687403864,1.0,0,1.0,153.0
2026-02-10,651.1401038184947,653.5225658429528,649.194424478903,650.5643310546875,666200,686.7559204101562,77.0,1.0,1.0,3.0,3.0,0.0004956776528218273,0.000423613182360907,1.0,0,1.0,154.0
2026-02-11,654.0089203141988,656.3416995681139,645.2038328420034,648.9263916015625,818600,686.5972290039062,76.0,1.0,1.0,3.0,3.0,0.0005046314427372984,0.0004165718758704599,1.0,0,1.0,155.0
2026-02-12,653.2246491835447,657.7512781194031,636.4185448500817,639.7837524414062,1187300,675.9900512695312,78.0,1.0,1.0,3.0,3.0,0.0004885167621204483,0.0003812108740196992,1.0,0,1.0,156.0
2026-02-13,639.7539149166793,649.3035741171934,635.7633733824125,645.8986206054688,920600,676.4663696289062,78.0,1.0,1.0,3.0,3.0,0.00047514715017069926,0.0004114227902250167,1.0,0,1.0,157.0
2026-02-17,645.2235970776064,648.8568480850327,638.920088951158,646.9906005859375,1055000,677.5578002929688,77.0,1.0,1.0,3.0,3.0,0.0004528541250814046,0.00045107658100739575,1.0,0,1.0,158.0
2026-02-18,647.1296571797553,654.3861628354032,645.2435364531752,649.8396606445312,1288700,680.9711303710938,76.0,1.0,1.0,3.0,3.0,0.00045051057972479177,0.0004956776528218273,1.0,0,1.0,159.0
2026-02-19,646.7523973963478,650.0183003813347,645.1839423832249,649.7105712890625,614300,679.1751098632812,75.0,1.0,1.0,1.0,1.0,0.00042840005138807696,0.0005046314427372984,1.0,0,1.0,160.0
2026-02-20,647.3480283957226,657.8010029331101,647.3480283957226,653.79052734375,975100,684.0868530273438,74.0,1.0,1.0,1.0,1.0,0.0004237870408709023,0.0004885167621204483,1.0,0,1.0,161.0
2026-02-23,650.7429507470233,651.9739277267045,638.6520872763222,642.3845825195312,1032400,677.1013793945312,77.0,1.0,1.0,3.0,3.0,0.00038727898513410674,0.00047514715017069926,-1.0,0,1.0,162.0
2026-02-24,642.3647302167881,649.3830017649213,641.610342518374,648.43994140625,688000,682.0228881835938,77.0,1.0,1.0,3.0,3.0,0.0003785118722280736,0.0004528541250814046,1.0,0,1.0,163.0
2026-02-25,653.1055082117974,653.1055082117974,645.9979297511802,650.8422241210938,728700,687.7779541015625,76.0,1.0,1.0,3.0,3.0,0.0003613501314679973,0.00045051057972479177,-1.0,0,1.0,164.0
2026-02-26,652.5397167783345,655.2497807867254,646.0475960387004,653.323974609375,916600,683.957763671875,75.0,1.0,1.0,1.0,1.0,0.0003761062960923121,0.00042840005138807696,1.0,0,1.0,165.0
2026-02-27,646.0575429881374,648.1124027509012,641.9776330160014,648.0429077148438,1029000,680.6734008789062,74.0,1.0,4.0,1.0,2.0,0.00036015686703567555,0.0004237870408709023,1.0,0,1.0,166.0
2026-03-02,642.7419092099217,654.8923307353216,642.3448726473608,653.5422973632812,1670700,681.0604858398438,74.0,1.0,4.0,1.0,2.0,0.0003407924613948376,0.00038727898513410674,1.0,0,1.0,167.0
2026-03-03,638.2351663555854,645.0548889732955,627.6134535285262,642.275390625,2795500,675.057373046875,77.0,1.0,4.0,3.0,4.0,0.00030224201434561805,0.0003785118722280736,-1.0,0,2.0,168.0
2026-03-04,645.0747378898504,647.0302928835395,637.4211357595435,642.2058715820312,957100,679.8201904296875,76.0,1.0,4.0,3.0,4.0,0.00029527340077825935,0.0003613501314679973,-1.0,0,2.0,169.0
2026-03-05,636.8156601589636,642.2754130506667,628.685589338505,633.3114624023438,2061000,676.0297241210938,77.0,1.0,4.0,3.0,4.0,0.000228307631233202,0.0003761062960923121,-1.0,0,2.0,170.0
2026-03-06,622.898210120359,622.898210120359,615.5523974135216,618.5205078125,1426700,667.1689453125,82.0,1.0,4.0,4.0,6.0,0.00015497084542043758,0.00036015686703567555,-1.0,1,2.0,171.0
2026-03-09,613.3188944880175,626.0649020302258,604.4641242343521,624.6354370117188,2101400,673.0133056640625,82.0,1.0,4.0,4.0,6.0,9.180326463651001e-05,0.0003407924613948376,-1.0,0,2.0,172.0
2026-03-10,623.6923339966693,631.9217089551048,621.0518257649609,621.8558959960938,1364200,671.9317016601562,81.0,1.0,4.0,4.0,6.0,7.916587668437807e-05,0.00030224201434561805,-1.0,0,2.0,173.0
2026-03-11,618.7587325191001,623.4044783675224,615.7707491308507,619.9598999023438,1095600,671.0883178710938,80.0,1.0,4.0,4.0,6.0,9.42159497295134e-05,0.00029527340077825935,-1.0,0,2.0,174.0
2026-03-12,613.4776653058292,615.8402540419527,606.916049802298,607.2932739257812,1597000,660.8978881835938,84.0,1.0,4.0,4.0,6.0,4.524178086834138e-05,0.000228307631233202,-1.0,0,2.0,175.0
2026-03-13,610.7974035902305,614.6788252906739,604.7618782758527,606.538818359375,5579100,657.1571655273438,83.0,1.0,4.0,4.0,6.0,5.889566474496164e-06,0.00015497084542043758,-1.0,0,2.0,176.0
2026-03-16,613.3288130250729,618.19298115071,610.52950190003,610.8967895507812,2212200,663.8449096679688,82.0,1.0,4.0,4.0,6.0,-1.1366875501446106e-05,9.180326463651001e-05,-1.0,0,2.0,177.0
2026-03-17,614.3711407777648,619.8010842392819,613.8846755238872,616.4557495117188,792600,665.5912475585938,82.0,1.0,4.0,4.0,6.0,2.1234374255176448e-05,7.916587668437807e-05,-1.0,0,2.0,178.0
2026-03-18,613.8052567224502,618.5899926260547,610.5294172864523,610.7279052734375,1177000,656.3038330078125,81.0,1.0,4.0,4.0,6.0,3.867060253307111e-05,9.42159497295134e-05,1.0,0,2.0,179.0
2026-03-19,603.6202930678651,615.6813458532375,603.0842664735758,612.2467041015625,1464300,654.6864013671875,80.0,1.0,4.0,4.0,6.0,4.1488686294918844e-05,4.524178086834138e-05,1.0,0,2.0,180.0
2026-03-20,609.9937936808509,611.6258188512775,594.2409546726082,598.5398559570312,2272400,645.301025390625,85.0,1.0,4.0,4.0,6.0,-4.2173830518888815e-06,5.889566474496164e-06,-1.0,0,2.0,181.0
2026-03-23,610.9889185150907,619.5669205050494,607.6154793837143,609.685302734375,2517400,652.07666015625,87.0,1.0,4.0,4.0,6.0,-3.121002882411193e-05,-1.1366875501446106e-05,1.0,0,2.0,182.0
2026-03-24,604.7196012186245,617.8353858602545,604.2419590366313,614.7803344726562,1299500,649.8877563476562,87.0,1.0,4.0,4.0,6.0,-5.131776920895968e-05,2.1234374255176448e-05,1.0,0,2.0,183.0
2026-03-25,620.661628920848,623.3086438839044,612.7802285715866,619.9650268554688,1258300,653.5093994140625,86.0,1.0,4.0,4.0,6.0,-2.2080851188844278e-05,3.867060253307111e-05,1.0,0,2.0,184.0
2026-03-26,613.3772387693404,620.4525870091993,610.3719316107155,610.7799682617188,1011600,641.8385620117188,87.0,1.0,4.0,4.0,6.0,-2.1645417096776243e-05,4.1488686294918844e-05,1.0,0,2.0,185.0
2026-03-27,607.3268551587895,609.0484686060734,599.5648657251807,600.8585205078125,1017600,630.8939819335938,89.0,1.0,4.0,4.0,6.0,-4.8151178638398914e-05,-4.2173830518888815e-06,1.0,1,2.0,186.0
2026-03-30,607.4561819417326,607.4561819417326,594.1214987020891,596.1117553710938,1309900,628.78466796875,88.0,1.0,4.0,4.0,6.0,-0.00010167844606048999,-3.121002882411193e-05,1.0,0,2.0,187.0
2026-03-31,603.6249717754964,617.4970634092007,601.6545763400452,613.75537109375,1476900,647.0620727539062,96.0,1.0,4.0,4.0,6.0,-8.682983989180997e-05,-5.131776920895968e-05,1.0,0,2.0,188.0
2026-04-01,616.8601957437128,623.0897092285218,616.8601957437128,618.7608642578125,1119800,651.9373779296875,95.0,1.0,4.0,4.0,6.0,-5.4266499774514496e-05,-2.2080851188844278e-05,1.0,0,2.0,189.0
2026-04-02,609.2076374290939,625.0799470304595,607.8542774270365,619.367919921875,561600,652.5244140625,93.0,1.0,4.0,4.0,6.0,6.299012348974544e-06,-2.1645417096776243e-05,1.0,0,2.0,190.0
2026-04-06,618.2732717634348,622.4130399808134,615.0988096917587,622.154296875,526800,655.6088256835938,92.0,1.0,4.0,4.0,6.0,3.92861841129139e-05,-4.8151178638398914e-05,1.0,0,2.0,191.0
2026-04-07,620.0943782210991,625.9357771969642,618.6813128689926,622.8409423828125,1020900,655.8972778320312,91.0,1.0,4.0,4.0,6.0,6.94982498509534e-05,-0.00010167844606048999,1.0,0,2.0,192.0
2026-04-08,639.9869810057336,644.6541356987519,637.3996714234378,640.5442504882812,1170200,672.6027221679688,97.0,1.0,1.0,4.0,5.0,0.00011174825785383899,-8.682983989180997e-05,1.0,0,1.0,193.0
2026-04-09,637.9171045511258,644.6143601620663,637.1309749599372,642.0170288085938,831800,676.4829711914062,96.0,1.0,1.0,4.0,5.0,0.00013394340591514758,-5.4266499774514496e-05,1.0,0,1.0,194.0
2026-04-10,643.410207098274,643.7286554704684,639.0615009086164,639.967041015625,804100,676.0353393554688,95.0,1.0,1.0,4.0,5.0,0.00015983964795916354,6.299012348974544e-06,-1.0,0,2.0,195.0
2026-04-13,637.4693150668957,647.3907158519754,636.941867871842,646.9230346679688,812500,682.641845703125,94.0,1.0,1.0,4.0,5.0,0.00018251111949709617,3.92861841129139e-05,-1.0,0,2.0,196.0
2026-04-14,648.8536101463526,651.7394461096511,645.6691870680418,650.2069702148438,450100,690.959716796875,93.0,1.0,1.0,4.0,5.0,0.00019863976170085576,6.94982498509534e-05,-1.0,0,2.0,197.0
2026-04-15,649.6098669293465,651.361302686827,646.2463279718712,648.2266845703125,527200,696.412109375,92.0,1.0,1.0,4.0,5.0,0.00021808608018610782,0.00011174825785383899,-1.0,0,2.0,198.0
2026-04-16,649.0924145162963,652.9335955254186,647.0225304580774,649.5302734375,455000,698.1234130859375,91.0,1.0,1.0,4.0,5.0,0.0002296970845450697,0.00013394340591514758,-1.0,0,2.0,199.0
2026-04-17,655.8791528697404,666.4374497954943,655.3914889719018,662.188232421875,696900,706.5607299804688,93.0,1.0,1.0,4.0,5.0,0.00027512857536421084,0.00015983964795916354,-1.0,0,2.0,200.0
2026-04-20,660.3970888921588,666.6763468942856,660.3970888921588,666.318115234375,861900,705.1477661132812,92.0,1.0,1.0,4.0,5.0,0.0003415037668568035,0.00018251111949709617,1.0,0,1.0,201.0
2026-04-21,667.6913929091545,672.477958225438,660.8548654576562,662.3773803710938,621400,700.53125,91.0,1.0,1.0,4.0,5.0,0.00037648419019923186,0.00019863976170085576,1.0,0,1.0,202.0
2026-04-22,669.4726551760036,669.4726551760036,658.148088717717,659.8597412109375,570300,707.6253051757812,90.0,1.0,1.0,4.0,5.0,0.0003889335039287709,0.00021808608018610782,-1.0,0,2.0,203.0
2026-04-23,659.4218586850368,662.8550030754593,652.2170780478508,659.7800903320312,704400,704.8792114257812,89.0,1.0,1.0,4.0,5.0,0.00038347856123515517,0.0002296970845450697,-1.0,0,2.0,204.0
2026-04-24,662.0091394287844,664.516882324277,657.9788817308959,661.23291015625,579200,710.341552734375,87.0,1.0,1.0,3.0,3.0,0.0004311530433190851,0.00027512857536421084,-1.0,0,1.0,205.0
2026-04-27,661.9594159824405,665.6314421644347,659.1531466391605,661.5613403320312,416000,711.5653076171875,86.0,1.0,1.0,3.0,3.0,0.00047260261783901164,0.0003415037668568035,-1.0,0,1.0,206.0
2026-04-28,660.7353928920631,662.4271233664768,652.953542037834,654.933837890625,569100,708.1028442382812,86.0,1.0,1.0,3.0,3.0,0.0004817430676608547,0.00037648419019923186,-1.0,0,1.0,207.0
2026-04-29,654.8641277809335,656.0980772304648,647.2414105228564,650.1372680664062,638400,707.993408203125,85.0,1.0,1.0,3.0,3.0,0.00044595304376863614,0.0003889335039287709,-1.0,0,1.0,208.0
2026-04-30,652.6250896791546,661.740438750768,651.8588214042858,660.9343872070312,463700,715.0377197265625,87.0,1.0,1.0,3.0,3.0,0.00043827739328276095,0.00038347856123515517,-1.0,0,1.0,209.0
2026-05-01,663.8003229233767,664.8153732293847,659.959142247661,661.1134643554688,566100,717.0177001953125,86.0,1.0,1.0,3.0,3.0,0.0004619006113091045,0.0004311530433190851,-1.0,0,1.0,210.0
2026-05-04,659.3024048998858,663.3426235102171,654.01821513307,657.1031494140625,541100,714.3909912109375,85.0,1.0,1.0,3.0,3.0,0.0005003479154568773,0.00047260261783901164,-1.0,0,1.0,211.0
2026-05-05,661.3822040581869,666.4374731205354,659.7402179732964,665.5717163085938,341700,720.1220092773438,85.0,1.0,1.0,3.0,3.0,0.0005130968672744414,0.0004817430676608547,-1.0,0,1.0,212.0
2026-05-06,674.2790524880102,678.4386815056098,672.2987568832818,677.5828857421875,665600,730.1312866210938,87.0,1.0,1.0,3.0,3.0,0.0005361950933657043,0.00044595304376863614,1.0,0,1.0,213.0
2026-05-07,681.633013881005,682.1604610429634,668.2087426078521,669.0944213867188,606300,727.8926391601562,88.0,1.0,1.0,3.0,3.0,0.0005221123173791748,0.00043827739328276095,-1.0,0,1.0,214.0
2026-05-08,673.5028983844629,673.9307963139046,669.4925624600845,671.9505004882812,328000,733.9021606445312,87.0,1.0,1.0,3.0,3.0,0.0005446344295779536,0.0004619006113091045,-1.0,0,1.0,215.0
2026-05-11,672.9058148319393,673.9506874711532,669.1243391797381,670.3483276367188,392900,735.5736694335938,85.0,1.0,1.0,3.0,3.0,0.0005662436392434802,0.0005003479154568773,-1.0,0,1.0,216.0
2026-05-12,669.0546384130006,669.0546384130006,657.9489723814781,665.7905883789062,533600,734.4593505859375,85.0,1.0,1.0,3.0,3.0,0.0006341895130517377,0.0005130968672744414,-1.0,1,1.0,217.0
2026-05-13,667.4127074005856,667.4127074005856,660.4865918774353,664.1685791015625,695400,738.5685424804688,84.0,1.0,1.0,3.0,3.0,0.0006305823182208454,0.0005361950933657043,-1.0,0,1.0,218.0
2026-05-14,667.2634802464769,669.9901223650224,664.1685847383577,666.9251098632812,560200,744.3989868164062,83.0,1.0,1.0,3.0,3.0,0.0006107904611335478,0.0005221123173791748,-1.0,0,1.0,219.0
2026-05-15,660.3871090470091,661.9494679356081,655.0233523525259,656.0781860351562,676500,735.4443969726562,84.0,1.0,4.0,3.0,4.0,0.0005617351494253339,0.0005446344295779536,-1.0,1,2.0,220.0
2026-05-18,658.5062630966536,661.2230047917519,653.0131959106445,655.172607421875,586000,734.927001953125,83.0,1.0,4.0,3.0,4.0,0.0005211880286599071,0.0005662436392434802,-1.0,0,2.0,221.0
2026-05-19,652.316615024474,653.1624498535568,646.2065121854624,648.943115234375,486100,730.0317993164062,83.0,1.0,4.0,3.0,4.0,0.00045333068323205546,0.0006341895130517377,-1.0,0,2.0,222.0
2026-05-20,652.6548970760532,661.3424087804049,647.6693551156084,661.193115234375,516600,737.5138549804688,86.0,1.0,4.0,3.0,4.0,0.00038914768474260903,0.0006305823182208454,-1.0,0,2.0,223.0
2026-05-21,657.4116670135402,663.8700404863571,652.724590474739,662.0091552734375,519300,738.9764404296875,84.0,1.0,4.0,3.0,4.0,0.00034784282359499153,0.0006107904611335478,-1.0,0,2.0,224.0
2026-05-22,665.3926167715985,669.2537197519259,662.6858359894953,667.3828735351562,729900,741.8817749023438,84.0,1.0,4.0,3.0,4.0,0.000344954387059319,0.0005617351494253339,1.0,0,2.0,225.0
2026-05-26,672.8063162831372,677.921291059256,671.0250582350783,677.7521362304688,766000,746.8068237304688,85.0,1.0,4.0,3.0,4.0,0.00037366906114543884,0.0005211880286599071,1.0,0,2.0,226.0
2026-05-27,679.563256530975,679.6527840749668,674.6771420099644,675.2543334960938,488800,746.677490234375,84.0,1.0,1.0,3.0,3.0,0.000399345179588839,0.00045333068323205546,1.0,0,1.0,227.0
2026-05-28,673.0053380185633,678.2099009547156,669.6119768324146,675.9409790039062,714500,750.7965698242188,83.0,1.0,1.0,3.0,3.0,0.00041256341208355577,0.00038914768474260903,-1.0,0,1.0,228.0
2026-05-29,676.4882599658777,679.2149020065661,674.378592661207,677.2943115234375,509500,752.6671142578125,82.0,1.0,1.0,3.0,3.0,0.0004057800898318406,0.00034784282359499153,-1.0,0,1.0,229.0
2026-06-01,673.9009450604125,678.7173323633879,671.2041253091022,676.7072143554688,639800,754.7167358398438,80.0,1.0,1.0,3.0,3.0,0.0003899202476991487,0.000344954387059319,-1.0,0,1.0,230.0
2026-06-02,675.4234766190964,682.8172733110662,675.1548332539564,682.807373046875,689600,755.7415771484375,80.0,1.0,1.0,3.0,3.0,0.0003906169115959197,0.00037366906114543884,1.0,0,1.0,231.0
2026-06-03,679.7622289060188,683.7526424381417,678.0903598838843,682.1604614257812,789600,750.4384155273438,79.0,1.0,1.0,3.0,3.0,0.00039681784078329357,0.000399345179588839,1.0,0,1.0,232.0
2026-06-04,682.0610304250803,686.6684797813068,680.8867254624754,684.62841796875,602100,753.2740478515625,78.0,1.0,1.0,3.0,3.0,0.00041215884866150645,0.00041256341208355577,1.0,0,1.0,233.0
2026-06-05,680.2796661779189,680.8071133493602,669.0247671441132,671.3036499023438,518900,733.83251953125,81.0,1.0,1.0,3.0,3.0,0.0003652275971575464,0.0004057800898318406,1.0,1,1.0,234.0
2026-06-08,676.0106178188059,678.0406578466765,672.1196318431174,672.95556640625,504800,735.4940795898438,80.0,1.0,1.0,3.0,3.0,0.0003306018434690771,0.0003899202476991487,1.0,0,1.0,235.0
2026-06-09,678.1600930287495,686.3101971796439,663.55161518055,678.359130859375,1455500,733.3350219726562,80.0,1.0,1.0,3.0,3.0,0.00031599152544064456,0.0003906169115959197,1.0,0,1.0,236.0
2026-06-10,675.9906964803478,683.3844930562369,668.3978620808676,668.5670776367188,677000,721.7736206054688,81.0,1.0,1.0,3.0,3.0,0.0003336200929811367,0.00039681784078329357,1.0,0,1.0,237.0
2026-06-11,673.0550362314433,686.2206256232976,672.2291234309375,685.494140625,1482700,734.04150390625,87.0,1.0,1.0,3.0,3.0,0.00037622984600088594,0.00041215884866150645,1.0,0,1.0,238.0
2026-06-12,688.7283264447315,693.5845577906958,685.3647876664738,690.3603515625,1020700,738.0113525390625,86.0,1.0,1.0,3.0,3.0,0.00040122510097279833,0.0003652275971575464,1.0,0,1.0,239.0
2026-06-15,699.1174758620334,700.6897957217118,691.6441126876829,693.017333984375,947600,751.0254516601562,85.0,1.0,1.0,3.0,3.0,0.00044036006850606957,0.0003306018434690771,1.0,0,1.0,240.0
2026-06-16,694.6792535537706,697.8934988638978,689.9921769034078,690.9375610351562,868800,746.5481567382812,84.0,1.0,1.0,3.0,3.0,0.00043555828874843847,0.00031599152544064456,1.0,0,1.0,241.0
2026-06-17,691.2161377097124,696.5798941716226,680.9663277025824,682.5286865234375,1365000,737.225341796875,84.0,1.0,1.0,3.0,3.0,0.000406171723367162,0.0003336200929811367,1.0,0,1.0,242.0
2026-06-18,689.3842425913417,690.7709267573423,684.615727158816,689.3443603515625,761100,744.8902587890625,84.0,1.0,1.0,3.0,3.0,0.00037689947953900484,0.00037622984600088594,1.0,0,1.0,243.0
2026-06-22,691.5589568400868,694.192645789446,689.8331215513126,692.1675415039062,725500,742.546142578125,83.0,1.0,1.0,3.0,3.0,0.00036673695334218205,0.00040122510097279833,1.0,0,1.0,244.0
2026-06-23,682.2713157423615,690.6013455645273,680.505598090392,685.1743774414062,582900,731.7628784179688,83.0,1.0,1.0,3.0,3.0,0.00037057634611656316,0.00044036006850606957,1.0,0,1.0,245.0
2026-06-24,686.2916922743268,694.0031516433403,686.1619988843325,689.3942260742188,880400,731.4237060546875,82.0,1.0,1.0,3.0,3.0,0.0003912508746515238,0.00043555828874843847,1.0,0,1.0,246.0
2026-06-25,694.8611064107955,701.6746975285943,692.2872711787132,695.7090454101562,794300,732.4810791015625,82.0,1.0,1.0,3.0,3.0,0.00042701313340853727,0.000406171723367162,1.0,0,1.0,247.0
2026-06-26,691.7186266979611,696.1280190760388,689.3243528797863,693.6240234375,1242800,727.1842651367188,81.0,1.0,1.0,3.0,3.0,0.00045958719061688465,0.00037689947953900484,1.0,0,1.0,248.0
2026-06-29,694.6117174733791,696.3575244108637,687.8978013893344,696.2477416992188,951900,739.1644897460938,80.0,1.0,1.0,3.0,3.0,0.0004678165779839049,0.00036673695334218205,1.0,0,1.0,249.0
2026-06-30,696.6168365251041,702.4827525902157,694.8810154037999,701.65478515625,1274600,744.9202270507812,79.0,1.0,1.0,3.0,3.0,0.00046161782553012846,0.00037057634611656316,1.0,0,1.0,250.0
2026-07-01,698.2230164502481,702.0537814518196,693.9732139571673,695.3997802734375,1019900,743.9127197265625,79.0,1.0,1.0,3.0,3.0,0.00046359929814926215,0.0003912508746515238,-1.0,0,1.0,251.0
2026-07-02,698.1232628400096,702.7621457677861,685.6432271325465,692.0379028320312,677100,742.9351806640625,78.0,1.0,1.0,3.0,3.0,0.0004699669645302802,0.00042701313340853727,-1.0,0,1.0,252.0
2026-07-06,693.3945807339805,697.2852603917653,692.8359249722952,694.99072265625,431800,749.4190673828125,77.0,1.0,1.0,1.0,1.0,0.00044271229360284353,0.00045958719061688465,-1.0,0,1.0,253.0
2026-07-07,693.284904739161,694.701485355474,684.7753134813304,686.4712524414062,593600,745.85791015625,78.0,1.0,1.0,1.0,1.0,0.00039765381925266217,0.0004678165779839049,-1.0,0,1.0,254.0
2026-07-08,681.8323661724554,682.8000736998165,673.9313596628032,679.837158203125,498400,743.5536499023438,78.0,1.0,1.0,1.0,1.0,0.00032957325591986527,0.00046161782553012846,-1.0,1,1.0,255.0
2026-07-09,684.5059676565888,692.446856048577,684.4959818749647,688.566162109375,487400,749.8480224609375,79.0,1.0,1.0,1.0,1.0,0.00028405573736709416,0.00046359929814926215,-1.0,0,1.0,256.0
2026-07-10,689.7533315014862,690.8207750520243,683.4784244738946,688.1671752929688,613300,753.0799560546875,77.0,1.0,1.0,1.0,1.0,0.0002587588217315576,0.0004699669645302802,-1.0,0,1.0,257.0
2026-07-13,687.8779076174325,689.5637999051298,682.8000765233659,684.3363647460938,566800,747.3142700195312,77.0,1.0,4.0,1.0,2.0,0.000250961003820269,0.00044271229360284353,-1.0,0,2.0,258.0
2026-07-14,689.8431590703569,691.8283812681884,685.5135309627261,687.5386962890625,649000,749.9677124023438,76.0,1.0,4.0,1.0,2.0,0.00025660176808198513,0.00039765381925266217,-1.0,0,2.0,259.0
2026-07-15,689.3343576154327,691.6388203510019,684.1667763565476,687.8379516601562,453500,752.9403076171875,75.0,1.0,4.0,1.0,2.0,0.000255263813598629,0.00032957325591986527,-1.0,0,2.0,260.0
2026-07-16,684.7054241853308,693.5941091849922,684.7054241853308,691.3295288085938,581800,748.8604125976562,74.0,1.0,4.0,1.0,2.0,0.00026605151043622443,0.00028405573736709416,1.0,0,1.0,261.0
2026-07-17,684.8451367403765,691.6089208551846,683.1491978207322,687.0997314453125,572200,741.4487915039062,73.0,1.0,4.0,1.0,2.0,0.0002558596594849452,0.0002587588217315576,1.0,0,2.0,262.0
2026-07-20,689.803236811464,690.7908549620194,681.4632216635157,681.7026977539062,1009400,740.2518310546875,73.0,1.0,4.0,1.0,2.0,0.00024158199771240354,0.000250961003820269,-1.0,0,2.0,263.0
2026-07-21,685.3339499559784,689.2545262178273,682.0618406246407,688.7756958007812,682600,746.426513671875,73.0,1.0,4.0,1.0,2.0,0.0002605605121525574,0.00025660176808198513,1.0,0,1.0,264.0
2026-07-22,687.2593319103647,692.4269741153236,687.2593319103647,688.4764404296875,410900,745.55859375,72.0,1.0,4.0,1.0,2.0,0.0002832495273953748,0.000255263813598629,1.0,0,1.0,265.0
2026-07-23,684.3563089314257,688.9053805027603,682.151582284393,686.2816772460938,479200,736.3515014648438,71.0,1.0,4.0,1.0,2.0,0.00031256943036324624,0.00026605151043622443,1.0,0,2.0,266.0
2026-07-24,689.5238983458531,693.8535263270153,686.9201666214033,689.0550537109375,557900,737.099609375,70.0,1.0,4.0,1.0,2.0,0.0003349489592341471,0.0002558596594849452,1.0,0,1.0,267.0
2026-07-27,692.6065218364444,696.5669803369287,686.5310869197752,691.1898803710938,615700,737.25927734375,69.0,1.0,4.0,1.0,2.0,0.0003300375647651526,0.00024158199771240354,1.0,0,1.0,268.0
2026-07-28,689.5438527502166,692.3371315932716,687.4987768591716,691.3095703125,477500,739.0248413085938,68.0,1.0,4.0,1.0,2.0,0.0003300140649093574,0.0002605605121525574,1.0,0,1.0,269.0
2026-07-29,689.4940078682952,689.9428809434341,678.9393408221994,679.5278930664062,855200,727.6531372070312,71.0,1.0,4.0,1.0,2.0,0.0002536220729051583,0.0002832495273953748,1.0,0,2.0,270.0
2026-07-30,685.962433639029,686.2218204068155,677.4828001110915,685.54345703125,465400,739.852783203125,71.0,1.0,4.0,1.0,2.0,0.00022833759955669876,0.00031256943036324624,-1.0,0,2.0,271.0
2026-07-31,688.4265376314968,689.543849162906,679.0490363261922,684.675537109375,573100,745.1796264648438,70.0,1.0,4.0,1.0,2.0,0.0001880074769978181,0.0003349489592341471,-1.0,0,2.0,272.0
2026-08-03,685.9923833698192,692.58653075619,684.9349256359819,692.4269409179688,578200,755.793212890625,71.0,1.0,4.0,1.0,2.0,0.00020456838216591843,0.0003300375647651526,-1.0,0,2.0,273.0
2026-08-04,695.978432252676,705.9045430177524,693.1850924326623,704.7872314453125,1384700,769.4193725585938,74.0,1.0,1.0,1.0,1.0,0.0002192501829397781,0.0003300140649093574,-1.0,0,1.0,274.0
2026-08-05,706.044181899719,708.7177530732832,700.1782660346612,700.2979736328125,809000,767.8831787109375,73.0,1.0,1.0,1.0,1.0,0.00025755131234209144,0.0002536220729051583,-1.0,0,1.0,275.0
2026-08-06,700.3479264518412,705.6352151804208,697.7541196625424,697.893798828125,503600,766.65625,72.0,1.0,1.0,1.0,1.0,0.00028889079900215234,0.00022833759955669876,-1.0,0,1.0,276.0
2026-08-07,704.0889699771494,708.6080843683575,702.8618756707586,707.4608154296875,531700,771.3446044921875,74.0,1.0,1.0,1.0,1.0,0.0003027366233676095,0.0001880074769978181,-1.0,0,1.0,277.0
2026-08-10,706.7325486262538,707.9595819823049,704.168699205688,705.2860107421875,411300,771.1151733398438,73.0,1.0,1.0,1.0,1.0,0.0003059812662122048,0.00020456838216591843,-1.0,0,1.0,278.0
2026-08-11,706.1040692712911,710.7229804677917,705.7948144798779,707.35107421875,385300,768.6513061523438,72.0,1.0,1.0,1.0,1.0,0.00030412619273071707,0.0002192501829397781,1.0,0,1.0,279.0
2026-08-12,711.6906766424539,711.8602522637136,706.5430062034793,710.0146484375,367600,770.5764770507812,71.0,1.0,1.0,1.0,1.0,0.00029674919960772755,0.00025755131234209144,1.0,0,1.0,280.0
2026-08-13,711.9101239638056,713.7357562361645,709.9149160693102,712.8877563476562,330500,775.9531860351562,70.0,1.0,1.0,1.0,1.0,0.00030827391218916364,0.00028889079900215234,-1.0,0,1.0,281.0
2026-08-14,713.1172273928353,715.6311478675171,710.8626327907444,715.1921997070312,440600,774.4169921875,69.0,1.0,1.0,1.0,1.0,0.00035015208226719377,0.0003027366233676095,1.0,0,1.0,282.0
2026-08-17,713.8853873243798,714.9029628735526,712.3192026501446,713.635986328125,403800,770.7560424804688,68.0,1.0,1.0,1.0,1.0,0.00037313196255391794,0.0003059812662122048,1.0,0,1.0,283.0
2026-08-18,709.8450730004029,711.3015966762404,702.2134393747831,702.4927368164062,540100,765.5490112304688,71.0,1.0,1.0,1.0,1.0,0.00035732815088826463,0.00030412619273071707,-1.0,1,1.0,284.0
2026-08-19,707.3610761223904,708.2289867144897,699.4799803192632,700.8267822265625,659500,767.1549682617188,70.0,1.0,1.0,1.0,1.0,0.00031532620822757174,0.00029674919960772755,-1.0,0,1.0,285.0
2026-08-20,696.4273170566465,700.5574121648243,694.3024156990585,694.6017456054688,606700,760.7109985351562,70.0,1.0,1.0,1.0,1.0,0.00026857355538480475,0.00030827391218916364,-1.0,0,1.0,286.0
2026-08-21,699.1707110046772,699.5597911624133,695.0207053222334,697.9237060546875,579600,763.8232421875,69.0,1.0,1.0,1.0,1.0,0.0002517027172701967,0.00035015208226719377,-1.0,0,1.0,287.0
2026-08-24,696.606911935558,697.394997132093,690.9205572713221,692.7860717773438,461100,761.5787963867188,69.0,1.0,4.0,1.0,2.0,0.0002399136275891185,0.00037313196255391794,-1.0,0,2.0,288.0
2026-08-25,695.7988147674617,695.7988147674617,689.9628558730444,692.337158203125,521300,764.0127563476562,68.0,1.0,4.0,1.0,2.0,0.0002458833940671599,0.00035732815088826463,-1.0,0,2.0,289.0
2026-08-26,692.0378727890115,698.6021238336142,691.5589814882073,696.7266235351562,351400,764.182373046875,67.0,1.0,4.0,1.0,2.0,0.00027699182400703175,0.00031532620822757174,-1.0,0,2.0,290.0
2026-08-27,697.6544027134053,698.3826341284351,694.1228456839959,696.9360961914062,367200,769.18994140625,66.0,1.0,4.0,1.0,2.0,0.00032291650012859443,0.00026857355538480475,-1.0,0,2.0,291.0
2026-08-28,697.5047125799204,699.2305479045359,688.4863949195992,688.8953857421875,445400,767.4442749023438,67.0,1.0,4.0,1.0,2.0,0.00034356014110085227,0.0002517027172701967,-1.0,0,2.0,292.0
2026-08-31,688.5262612995355,689.2345819977032,683.9572183295526,685.4835815429688,596700,765.1499633789062,66.0,1.0,4.0,1.0,2.0,0.00034082485623854604,0.0002399136275891185,-1.0,0,2.0,293.0
2026-09-01,681.4931739551439,684.6156791105849,676.9739989495508,678.32080078125,621300,759.89306640625,67.0,1.0,4.0,1.0,2.0,0.0002857597906197629,0.0002458833940671599,-1.0,0,2.0,294.0
2026-09-02,679.5179680527654,683.9173747663112,678.9493264835876,683.2888793945312,454500,763.2646484375,67.0,1.0,4.0,1.0,2.0,0.00029748691740980325,0.00027699182400703175,-1.0,0,2.0,295.0
2026-09-03,687.0000073080719,688.9852294921875,682.2912848456679,688.9852294921875,454900,771.2548217773438,67.0,1.0,4.0,1.0,2.0,0.0003259422747296082,0.00032291650012859443,-1.0,0,2.0,296.0
2026-09-04,685.2042438907264,691.5589761364931,684.9149606672662,689.8630981445312,427500,768.2822265625,66.0,1.0,4.0,1.0,2.0,0.0003761257505727627,0.00034356014110085227,-1.0,0,2.0,297.0
2026-09-08,690.042658821502,690.8607013605668,684.8650919272483,685.3140258789062,582100,764.0626831054688,65.0,1.0,4.0,1.0,2.0,0.0003650537133839772,0.00034082485623854604,-1.0,0,2.0,298.0
2026-09-09,683.358702159045,684.466027924387,677.6025079133409,678.0215454101562,440700,760.5115356445312,66.0,1.0,4.0,1.0,2.0,0.00032063107447992937,0.0002857597906197629,-1.0,1,2.0,299.0
2026-09-10,674.4301196255186,676.4552848148625,670.8287840786473,671.6368408203125,372000,755.9528198242188,66.0,1.0,4.0,1.0,2.0,0.00027971316031681767,0.00029748691740980325,-1.0,1,2.0,300.0
2026-09-11,676.993979207118,679.1587627026358,674.8790637306935,677.0538330078125,572400,762.3967895507812,66.0,1.0,4.0,1.0,2.0,0.0002947515063419077,0.0003259422747296082,-1.0,0,2.0,301.0
2026-09-14,672.3252063328339,674.5698152131035,670.3898522405117,671.0083618164062,622900,758.9952392578125,66.0,1.0,4.0,1.0,2.0,0.0002853603367142822,0.0003761257505727627,-1.0,1,2.0,302.0
2026-09-15,671.9461277668286,672.7641703291042,666.938136351715,668.2449951171875,481500,755.513916015625,66.0,1.0,4.0,1.0,2.0,0.00025379863931665063,0.0003650537133839772,-1.0,0,2.0,303.0
2026-09-16,669.5618490550704,672.5946041360729,658.2689646467767,664.2845458984375,868500,752.1821899414062,65.0,1.0,4.0,1.0,2.0,0.00015332219854792081,0.00032063107447992937,-1.0,0,2.0,304.0
2026-09-17,672.943701780212,673.4823859801584,667.7461634065687,667.8259887695312,651700,760.7109985351562,65.0,1.0,4.0,1.0,2.0,0.00012257343267748884,0.00027971316031681767,-1.0,0,2.0,305.0
2026-09-18,667.9500122070312,669.0800170898438,663.6300048828125,666.6799926757812,1138400,761.6900024414062,64.0,1.0,4.0,1.0,2.0,0.0001376189002285135,0.0002947515063419077,-1.0,0,2.0,306.0
2026-09-21,671.0700073242188,671.0700073242188,666.4000244140625,668.3300170898438,577100,773.5,63.0,1.0,4.0,1.0,2.0,0.00019221393391877237,0.0002853603367142822,-1.0,0,2.0,307.0
2026-09-22,671.75,672.989990234375,668.1500244140625,670.489990234375,1106900,773.3800048828125,62.0,1.0,4.0,1.0,2.0,0.00018977542956459268,0.00025379863931665063,-1.0,0,2.0,308.0
2026-09-23,668.260009765625,671.6300048828125,666.1199951171875,666.3300170898438,522800,767.8099975585938,62.0,1.0,4.0,1.0,2.0,0.0001434535094673733,0.00015332219854792081,-1.0,0,2.0,309.0
2026-09-24,664.010009765625,666.2000122070312,660.469970703125,663.739990234375,600600,767.1799926757812,61.0,1.0,4.0,1.0,2.0,8.265826738180799e-05,0.00012257343267748884,-1.0,0,2.0,310.0
2026-09-25,665.27001953125,667.4600219726562,661.6599731445312,665.8699951171875,751500,771.3499755859375,60.0,1.0,4.0,1.0,2.0,4.323695699730486e-05,0.0001376189002285135,-1.0,0,2.0,311.0
2026-09-28,662.1400146484375,664.2100219726562,657.75,661.0800170898438,681000,765.6099853515625,60.0,1.0,4.0,1.0,2.0,9.220359176279595e-06,0.00019221393391877237,-1.0,0,2.0,312.0
2026-09-29,661.52001953125,663.4000244140625,656.3900146484375,660.22998046875,474800,764.2000122070312,59.0,1.0,4.0,1.0,2.0,-4.666586230479065e-05,0.00018977542956459268,-1.0,0,2.0,313.0
2026-09-30,662.4000244140625,662.5,656.5399780273438,656.7100219726562,494900,762.6300048828125,59.0,1.0,4.0,1.0,2.0,-9.920350593014312e-05,0.0001434535094673733,-1.0,0,2.0,314.0
2026-10-01,656.9000244140625,664.6400146484375,653.0,663.3800048828125,860300,763.989990234375,60.0,1.0,4.0,1.0,2.0,-0.00010469375355676466,8.265826738180799e-05,1.0,0,2.0,315.0
