Date,Open,High,Low,Close,Volume,IndexClose,CVI,LTI,STI,VI,SecState,VWRS,VWRS_1wk,RS,GapDown,Thermostat,Days
2022-10-03,8.381085395812988,8.381085395812988,8.381085395812988,8.381085395812988,900,348.079833984375,,,,,,,,,0,,
2022-10-04,8.381085395812988,8.381085395812988,8.381085395812988,8.381085395812988,0,358.86572265625,0.0,,,1.0,,,,,0,,
2022-10-05,8.443323075974405,8.668557167053223,8.443323075974405,8.668557167053223,3300,358.0301513671875,46.0,,,1.0,,,,,0,,
2022-10-06,8.668557167053223,8.668557167053223,8.668557167053223,8.668557167053223,0,354.3368835449219,45.0,,,1.0,,,,,0,,
2022-10-07,8.798956676661186,8.798956676661186,8.295143106992448,8.707084655761719,2400,344.4530334472656,45.0,,,1.0,,,,,0,,
2022-10-10,8.594467163085938,8.594467163085938,8.594467163085938,8.594467163085938,8100,341.82293701171875,48.0,,,1.0,,,,,0,,
2022-10-11,8.161780607485538,8.327742576599121,8.161780607485538,8.327742576599121,1800,339.658203125,64.0,,,1.0,,,,,1,,
2022-10-12,8.247724776830188,8.247724776830188,8.146961731341287,8.179561614990234,13500,338.537841796875,67.0,,,1.0,,,,,0,,
2022-10-13,8.105469303537863,8.259576797485352,8.105469303537863,8.259576797485352,6000,347.4721984863281,68.0,,,1.0,,,,,0,,
2022-10-14,8.259576797485352,8.259576797485352,8.259576797485352,8.259576797485352,300,339.55377197265625,67.0,,,1.0,,,,,0,,
2022-10-17,7.895054243706547,8.031379699707031,7.895054243706547,8.031379699707031,3000,348.2792663574219,76.0,,,4.0,,,,,1,,
2022-10-18,8.090652305486389,8.141033394706042,8.007671338814784,8.138069152832031,10500,352.3714599609375,77.0,,,4.0,,,,,0,,
2022-10-19,8.046197013808026,8.176595659669617,8.001742718017782,8.12028694152832,33900,349.8743591308594,76.0,,,4.0,,,,,0,,
2022-10-20,8.010635538700015,8.010635538700015,7.853563771490888,7.933581352233887,7200,346.9405212402344,81.0,,,4.0,,,,,0,,
2022-10-21,8.081762313842773,8.081762313842773,8.081762313842773,8.081762313842773,900,355.3717346191406,84.0,,4.0,4.0,,,,,0,,
2022-10-24,7.948398996346071,8.158816095378457,7.948398996346071,8.075834274291992,8700,359.72015380859375,83.0,,4.0,4.0,,,,,0,,
2022-10-25,8.357378400368788,8.357378400368788,8.306997299194336,8.306997299194336,1800,365.4643859863281,90.0,,4.0,4.0,,,,,0,,
2022-10-26,8.306997299194336,8.306997299194336,8.306997299194336,8.306997299194336,0,362.7110290527344,89.0,,4.0,4.0,,,,,0,,
2022-10-27,7.912835884345794,8.149925231933594,7.912835884345794,8.149925231933594,2700,360.7740783691406,91.0,,4.0,4.0,,,,,1,,
2022-10-28,8.001744642511786,8.250687571757005,7.936545727847631,8.167707443237305,16200,369.3571472167969,90.0,,4.0,4.0,,,,,0,,
2022-10-31,7.844673700973066,8.046199798583984,7.844673700973066,8.046199798583984,1800,366.689208984375,91.0,,4.0,4.0,,,,,0,,
2022-11-01,8.419613613380552,8.419613613380552,8.392940521240234,8.392940521240234,2100,365.0846252441406,106.0,,1.0,4.0,,,,,0,,
2022-11-02,8.387013852057999,8.570757865905762,8.387013852057999,8.570757865905762,3300,355.92236328125,109.0,,1.0,4.0,,,,,0,,
2022-11-03,8.487775848638314,8.5055570602417,8.487775848638314,8.5055570602417,900,352.2574768066406,107.0,,1.0,4.0,,,,,0,,
2022-11-04,8.677448272705078,8.677448272705078,8.677448272705078,8.677448272705078,300,357.32763671875,109.0,,1.0,4.0,,,,,0,,
2022-11-07,8.890826225280762,8.890826225280762,8.677446599368887,8.890826225280762,3600,360.74560546875,113.0,,1.0,4.0,,,,,0,,
2022-11-08,8.89082663529624,8.905645301478287,8.801918029785156,8.801918029785156,3000,362.6920166015625,112.0,,1.0,4.0,,,,,0,,
2022-11-09,8.801918029785156,8.801918029785156,8.801918029785156,8.801918029785156,0,355.21978759765625,110.0,,1.0,4.0,,,,,0,,
2022-11-10,9.187189045025338,9.290915489196777,9.172371223828122,9.290915489196777,12000,374.7406005859375,131.0,,1.0,4.0,,,,,0,,
2022-11-11,9.290915489196777,9.290915489196777,9.290915489196777,9.290915489196777,300,378.367431640625,129.0,,1.0,4.0,,,,,0,,
2022-11-14,9.290915489196777,9.290915489196777,9.290915489196777,9.290915489196777,1200,375.1488037109375,127.0,,1.0,4.0,,,,,0,,
2022-11-15,9.184224882291865,9.184224882291865,8.970845222473145,8.970845222473145,1800,378.3485107421875,134.0,,1.0,4.0,,,,,1,,
2022-11-16,9.00640869140625,9.00640869140625,9.00640869140625,9.00640869140625,1200,375.46221923828125,132.0,,1.0,4.0,,,,,0,,
2022-11-17,9.00640869140625,9.00640869140625,9.00640869140625,9.00640869140625,0,374.3133544921875,130.0,,1.0,4.0,,,,,0,,
2022-11-18,9.424278925648752,9.424278925648752,9.012337369576466,9.098280906677246,4200,376.0128173828125,129.0,,1.0,4.0,,,,,0,,
2022-11-21,9.341297561330395,9.373896598815918,9.210898019806386,9.373896598815918,11700,374.6455993652344,134.0,,1.0,4.0,,,,,0,,
2022-11-22,9.373896598815918,9.373896598815918,9.373896598815918,9.373896598815918,300,379.6872253417969,132.0,,1.0,4.0,,,,,0,,
2022-11-23,9.720637903010422,9.797692090061823,9.628765896566764,9.705820083618164,15000,382.079833984375,138.0,,1.0,4.0,,,,,0,,
2022-11-25,9.705820083618164,9.705820083618164,9.705820083618164,9.705820083618164,0,381.9943542480469,136.0,,1.0,4.0,,,,,0,,
2022-11-28,10.016999244689941,10.016999244689941,10.016999244689941,10.016999244689941,1500,375.8989562988281,141.0,,1.0,4.0,,,,,0,,
2022-11-29,9.773983236215548,9.773983236215548,9.471694946289062,9.471694946289062,15300,375.2533264160156,158.0,,1.0,4.0,,,,,1,,
2022-11-30,9.928091021748685,9.987362300844056,9.815473556518555,9.815473556518555,5100,387.0740051269531,163.0,,1.0,4.0,,,,,0,,
2022-12-01,9.89252758026123,9.89252758026123,9.89252758026123,9.89252758026123,300,386.7891540527344,161.0,,1.0,4.0,,,,,0,,
2022-12-02,9.71767465663295,9.750274538108444,9.693964958190918,9.693964958190918,189600,386.34295654296875,161.0,,1.0,4.0,,,,,1,,
2022-12-05,9.628766631671,9.628766631671,9.513185766217607,9.557640075683594,9600,379.3929748535156,160.0,,1.0,4.0,,,,,1,,
2022-12-06,9.557640362149648,9.560603756764086,9.536895751953125,9.536895751953125,6900,373.924072265625,158.0,,1.0,4.0,,,,,0,,
2022-12-07,9.779910028474822,9.779910028474822,9.705820083618164,9.705820083618164,2700,373.2879333496094,157.0,,1.0,4.0,,,,,0,,
2022-12-08,9.705820083618164,9.705820083618164,9.705820083618164,9.705820083618164,0,376.2122497558594,155.0,,1.0,4.0,,,,,0,,
2022-12-09,9.732491839275614,9.785837173461914,9.732491839275614,9.785837173461914,1200,373.4018859863281,153.0,,1.0,4.0,,,,,0,,
2022-12-12,9.69692855079891,9.69692855079891,9.513184547424316,9.513184547424316,4500,378.7852478027344,155.0,,1.0,4.0,,,,,1,,
2022-12-13,9.542821884155273,9.542821884155273,9.542821884155273,9.542821884155273,2400,381.652587890625,153.0,,1.0,4.0,,,,,0,,
2022-12-14,9.542820733906412,10.02292537689209,9.542820733906412,10.02292537689209,1800,379.21246337890625,165.0,,4.0,4.0,,,,,0,,
2022-12-15,9.551712036132812,9.551712036132812,9.551712036132812,9.551712036132812,4800,369.9363098144531,175.0,,4.0,4.0,,,,,0,,
2022-12-16,9.40945792055677,9.73545501072782,9.40945792055677,9.572457313537598,9000,365.56878662109375,173.0,,4.0,4.0,,,,,0,,
2022-12-19,9.483550071716309,9.590239905096059,9.483550071716309,9.483550071716309,3600,362.4689025878906,171.0,,4.0,4.0,,,,,0,,
2022-12-20,9.483550071716309,9.483550071716309,9.483550071716309,9.483550071716309,3000,362.9648742675781,168.0,,4.0,4.0,,,,,0,,
2022-12-21,9.483550071716309,9.483550071716309,9.483550071716309,9.483550071716309,0,368.3921203613281,166.0,,4.0,4.0,,,,,0,,
2022-12-22,9.705820591538785,9.705820591538785,9.682111740112305,9.682111740112305,900,363.1365966796875,166.0,,4.0,4.0,,,,,0,,
2022-12-23,9.359078407287598,9.359078407287598,9.359078407287598,9.359078407287598,1500,365.22552490234375,170.0,,4.0,4.0,,,,,1,,
2022-12-27,9.557638441056879,9.602092742919922,9.557638441056879,9.602092742919922,11400,363.78521728515625,171.0,,4.0,4.0,,,,,0,,
2022-12-28,9.510221273082005,9.539856910705566,9.510221273082005,9.539856910705566,45300,359.2640686035156,168.0,,4.0,4.0,,,,,1,,
2022-12-29,9.403531470607165,9.403531470607165,9.25831413269043,9.25831413269043,3600,365.7309875488281,171.0,,4.0,4.0,,,,,1,,
2022-12-30,9.290912031796621,9.409456253051758,9.290912031796621,9.409456253051758,2700,364.767578125,170.0,,4.0,4.0,,,,,0,,
2023-01-03,9.682110249499075,9.702854855381945,9.379822016402652,9.528002738952637,2700,363.23199462890625,168.0,,4.0,4.0,,,,,0,,
2023-01-04,9.296842629122079,9.513185689873751,9.296842629122079,9.370932579040527,12000,366.03619384765625,167.0,,4.0,4.0,,,,,0,,
2023-01-05,9.616912668264181,9.616912668264181,9.412424021937968,9.45984172821045,4500,361.8585205078125,165.0,,4.0,4.0,,,,,0,,
2023-01-06,9.299804447082053,9.566529408625724,9.299804447082053,9.43316650390625,6900,370.1566467285156,163.0,,4.0,4.0,,,,,0,,
2023-01-09,9.299806023623916,9.557639998982989,9.222751831308209,9.370932579040527,3000,369.94683837890625,161.0,,4.0,4.0,,,,,0,,
2023-01-10,9.447986602783203,9.447986602783203,9.447986602783203,9.447986602783203,1200,372.5411682128906,159.0,,4.0,4.0,,,,,0,,
2023-01-11,9.359078228244893,9.557640075683594,9.31166052425329,9.557640075683594,2700,377.2530212402344,157.0,,4.0,4.0,,,,,0,,
2023-01-12,9.765091951057713,9.880672814668914,9.765091951057713,9.868819236755371,10500,378.6265563964844,161.0,,1.0,4.0,,,,,0,,
2023-01-13,9.972545278423425,10.076270864210015,9.942908791130556,10.0407075881958,9600,380.09539794921875,160.0,,1.0,4.0,,,,,0,,
2023-01-17,10.034780129500446,10.034780129500446,9.91919927819718,10.019962310791016,30300,379.399169921875,158.0,,1.0,4.0,,,,,0,,
2023-01-18,10.064416366172372,10.064416366172372,9.877708956472565,9.910308837890625,20100,373.4091796875,156.0,,1.0,4.0,,,,,0,,
2023-01-19,9.919199191557796,10.07627010345459,9.779909492377941,10.07627010345459,11100,370.6908264160156,155.0,,1.0,4.0,,,,,0,,
2023-01-20,9.788801788215194,10.008109092712402,9.788801788215194,10.008109092712402,5700,377.5964050292969,153.0,,1.0,4.0,,,,,0,,
2023-01-23,9.89548976854956,9.928089645850424,9.89548976854956,9.904380798339844,4500,382.12701416015625,152.0,,1.0,4.0,,,,,0,,
2023-01-24,10.076270834656937,10.079235076904297,9.999217494133156,10.079235076904297,14400,381.7169494628906,151.0,,1.0,4.0,,,,,0,,
2023-01-25,10.022924623551498,10.168142804681084,10.022924623551498,10.088125228881836,4500,381.86004638671875,149.0,,1.0,4.0,,,,,0,,
2023-01-26,10.17406993122763,10.177034173562335,10.085162162780762,10.085162162780762,5100,386.0567932128906,147.0,,1.0,3.0,,,,,0,,
2023-01-27,10.230380058288574,10.230380058288574,10.230380058288574,10.230380058288574,900,386.9438171386719,146.0,,1.0,3.0,,,,,0,,
2023-01-30,10.025888429857742,10.025888429857742,9.904380798339844,9.904380798339844,3600,382.0889587402344,151.0,,1.0,3.0,,,,,1,,
2023-01-31,9.972545623779297,9.972545623779297,9.972545623779297,9.972545623779297,1500,387.70684814453125,149.0,,1.0,3.0,,,,,0,,
2023-02-01,10.011072647481708,10.011072647481708,9.874746322631836,9.874746322631836,2100,391.82733154296875,147.0,,1.0,3.0,,,,,0,,
2023-02-02,9.957725955251924,9.957725955251924,9.925126075744629,9.925126075744629,2700,397.5312194824219,145.0,,1.0,3.0,,,,,0,,
2023-02-03,10.20074163649055,10.20074163649055,10.046634123981507,10.05256175994873,6000,393.3057861328125,144.0,,1.0,3.0,,,,,0,,
2023-02-06,10.357813835144043,10.443759056070826,10.357813835144043,10.357813835144043,3600,390.9021911621094,148.0,,1.0,3.0,,,,,0,,
2023-02-07,10.342994785387226,10.408194541931152,10.342994785387226,10.408194541931152,4800,396.0146179199219,145.0,,1.0,3.0,,,,,0,,
2023-02-08,10.39337690280254,10.417086601257324,10.39337690280254,10.417086601257324,2400,391.684326171875,143.0,,1.0,3.0,,,,,0,,
2023-02-09,10.417086601257324,10.417086601257324,10.417086601257324,10.417086601257324,0,388.2887268066406,141.0,,1.0,3.0,,,,,0,,
2023-02-10,10.455612709745376,10.609720230102539,10.455612709745376,10.609720230102539,3600,389.19488525390625,141.0,,1.0,3.0,,,,,0,,
2023-02-13,10.467467234250929,10.488213539123535,10.38745049658816,10.488213539123535,7500,393.7635803222656,140.0,,1.0,3.0,,,,,0,,
2023-02-14,10.354850769042969,10.354850769042969,10.354850769042969,10.354850769042969,2100,393.5823974609375,139.0,,1.0,3.0,,,,,1,,
2023-02-15,10.298540115356445,10.298540115356445,10.298540115356445,10.298540115356445,600,394.8605041503906,137.0,,1.0,3.0,,,,,1,,
2023-02-16,10.2481599730571,10.2481599730571,10.09108905669669,10.177033424377441,89400,389.4237060546875,136.0,,1.0,3.0,,,,,1,,
2023-02-17,10.177033424377441,10.177033424377441,10.177033424377441,10.177033424377441,0,388.4508361816406,134.0,,1.0,3.0,,,,,0,,
2023-02-21,10.437830831714889,10.437830831714889,10.251123428344727,10.251123428344727,2400,380.658203125,133.0,,1.0,3.0,,,,,0,,
2023-02-22,10.310395240783691,10.310395240783691,10.310395240783691,10.310395240783691,900,380.1335754394531,131.0,,1.0,3.0,,,,,0,,
2023-02-23,10.310395240783691,10.310395240783691,10.310395240783691,10.310395240783691,0,382.1557312011719,129.0,,1.0,3.0,,,,,0,,
2023-02-24,10.114797516727622,10.165178608128327,10.099978850401866,10.10590648651123,21600,378.0733337402344,130.0,,4.0,3.0,,,,,1,,
2023-02-27,10.159251677063846,10.20963191986084,10.159251677063846,10.20963191986084,3000,379.3609924316406,129.0,,4.0,3.0,,,,,0,,
2023-02-28,10.20963191986084,10.20963191986084,10.20963191986084,10.20963191986084,0,377.9588623046875,127.0,,4.0,3.0,,,,,0,,
2023-03-01,10.286686897277832,10.286686897277832,10.286686897277832,10.286686897277832,1500,376.5091552734375,125.0,,4.0,3.0,,,,,0,,
2023-03-02,10.348923980043773,10.354850769042969,10.348923980043773,10.354850769042969,1500,379.43731689453125,124.0,,4.0,3.0,,,,,0,,
2023-03-03,10.66899250659684,10.757901116643284,10.66899250659684,10.74901008605957,3900,385.5225830078125,132.0,,1.0,3.0,,,,,0,,
2023-03-06,10.870518361016247,11.01277145595684,10.870518361016247,10.994989395141602,15900,385.789794921875,134.0,,1.0,3.0,,,,,0,,
2023-03-07,10.986100477399471,11.172807912387324,10.90904712677002,10.90904712677002,7800,379.8760681152344,132.0,,1.0,3.0,,,,,0,,
2023-03-08,10.965353916227757,11.07500798956414,10.965353916227757,11.069080352783203,62100,380.49603271484375,132.0,,1.0,3.0,,,,,0,,
2023-03-09,11.069080352783203,11.069080352783203,11.069080352783203,11.069080352783203,1200,373.4759826660156,130.0,,1.0,3.0,,,,,0,,
2023-03-10,10.716410636901855,10.716410636901855,10.716410636901855,10.716410636901855,2700,368.0869140625,135.0,,1.0,3.0,,,,,1,,
2023-03-13,10.636392593383789,10.636392593383789,10.636392593383789,10.636392593383789,1200,367.56231689453125,134.0,,1.0,3.0,,,,,1,,
2023-03-14,10.482285171425259,10.485248565673828,10.482285171425259,10.485248565673828,900,373.6381530761719,133.0,,1.0,3.0,,,,,1,,
2023-03-15,10.224451876172774,10.224451876172774,10.085162162780762,10.085162162780762,17400,371.3013000488281,141.0,,4.0,3.0,,,,,1,,
2023-03-16,10.165179252624512,10.165179252624512,10.046635001874334,10.165179252624512,5100,377.81585693359375,140.0,,4.0,3.0,,,,,0,,
2023-03-17,10.10590681794154,10.224451065063477,10.10590681794154,10.224451065063477,3900,373.39813232421875,138.0,,4.0,3.0,,,,,0,,
2023-03-20,10.51192230887058,10.51192230887058,10.452651023864746,10.452651023864746,6000,376.9885559082031,139.0,,4.0,3.0,,,,,0,,
2023-03-21,10.535630018616011,10.565265655517578,10.387449290422245,10.565265655517578,4500,381.93865966796875,138.0,,4.0,3.0,,,,,0,,
2023-03-22,10.34892344392519,10.417086601257324,10.34892344392519,10.417086601257324,3600,375.4278869628906,137.0,,4.0,3.0,,,,,0,,
2023-03-23,10.556374549865723,10.556374549865723,10.556374549865723,10.556374549865723,300,376.44287109375,136.0,,4.0,3.0,,,,,0,,
2023-03-24,10.295577840396078,10.399304270889196,10.295577840396078,10.372632026672363,12600,378.9130859375,136.0,,4.0,3.0,,,,,1,,
2023-03-27,10.393377381983015,10.580084800720215,10.393377381983015,10.580084800720215,8700,379.62152099609375,137.0,,4.0,3.0,,0.00035315596212526386,,,0,,
2023-03-28,10.580082969219012,10.588973999023438,10.580082969219012,10.588973999023438,4200,378.76947021484375,135.0,,4.0,3.0,,0.000365073893885696,,,0,,
2023-03-29,10.588973999023438,10.588973999023438,10.588973999023438,10.588973999023438,0,384.27484130859375,133.0,,4.0,3.0,,0.000358379279483073,,,0,,
2023-03-30,10.527174949645996,10.527174949645996,10.527174949645996,10.527174949645996,3300,386.52484130859375,131.0,,4.0,3.0,,0.00035371927510444336,,,1,,
2023-03-31,10.827086448669434,10.827086448669434,10.827086448669434,10.827086448669434,600,391.9727783203125,135.0,,4.0,3.0,,0.00037060659971962774,,,0,,
2023-04-03,10.827086448669434,10.827086448669434,10.827086448669434,10.827086448669434,0,393.4664306640625,133.0,,4.0,3.0,,0.0004077009432928951,0.00035315596212526386,,0,,
2023-04-04,11.157293386690974,11.157293386690974,11.017940521240234,11.017940521240234,2100,391.28338623046875,133.0,,1.0,3.0,,0.00047923518957730535,0.000365073893885696,,0,,
2023-04-05,10.87555980682373,10.87555980682373,10.87555980682373,10.87555980682373,300,390.2589416503906,132.0,,1.0,3.0,,0.000519498709554624,0.000358379279483073,,1,,
2023-04-06,10.75438117980957,10.75438117980957,10.75438117980957,10.75438117980957,600,391.7812805175781,131.0,,1.0,3.0,,0.0005332792794556724,0.00035371927510444336,,1,,
2023-04-10,10.799821853637695,10.799821853637695,10.799821853637695,10.799821853637695,900,392.1833801269531,129.0,,1.0,3.0,,0.000535564329277793,0.00037060659971962774,,0,,
2023-04-11,11.102763933610177,11.205763117718469,11.07246949511292,11.084587097167969,29400,392.2887878417969,132.0,,1.0,3.0,,0.0005685049592277333,0.0004077009432928951,,0,,
2023-04-12,11.208792081009468,11.39964452630113,11.208792081009468,11.393586158752441,76200,390.6898193359375,136.0,,1.0,3.0,,0.0006368578167659634,0.00047923518957730535,,0,,
2023-04-13,11.38752681830218,11.551114874660879,11.36026243114881,11.423879623413086,237000,395.8791809082031,134.0,,1.0,3.0,,0.0006882135342618504,0.000519498709554624,,0,,
2023-04-14,11.65108537251254,11.65108537251254,11.41176337862501,11.517791748046875,78300,394.91217041015625,132.0,,1.0,3.0,,0.000731893306133732,0.0005332792794556724,,0,,
2023-04-17,11.387527062360213,11.472350276103597,11.142145839282382,11.342085838317871,48300,396.3291931152344,132.0,,1.0,3.0,,0.000706757904754445,0.000535564329277793,,0,,
2023-04-18,11.342085798663662,11.417820593989942,11.342085798663662,11.402674674987793,23400,396.58770751953125,130.0,,1.0,3.0,,0.0006752389429959821,0.0005685049592277333,,0,,
2023-04-19,11.357233040242683,11.442056250620926,11.32390941948571,11.396615028381348,27300,396.52069091796875,128.0,,1.0,3.0,,0.0006135501996677294,0.0006368578167659634,,0,,
2023-04-20,11.390555299532902,11.390555299532902,11.263320922851562,11.263320922851562,22200,394.35687255859375,127.0,,1.0,3.0,,0.0005830263234331788,0.0006882135342618504,,0,,
2023-04-21,11.326939485088738,11.366322343012964,11.239087084179488,11.317851066589355,45300,394.6632080078125,126.0,,1.0,3.0,,0.000574092018545726,0.000731893306133732,,0,,
2023-04-24,11.305732383199421,11.378438857523577,11.208791573059495,11.329968452453613,11100,395.074951171875,124.0,,1.0,3.0,,0.0005924509043695778,0.000706757904754445,,0,,
2023-04-25,11.32996861390901,11.32996861390901,11.208791732788086,11.208791732788086,14100,388.8035583496094,123.0,,1.0,3.0,,0.0006335988059555902,0.0006752389429959821,,0,,
2023-04-26,11.226968236079768,11.442055871957727,11.226968236079768,11.242115020751953,24300,387.1567687988281,121.0,,1.0,1.0,,0.0006481584149645041,0.0006135501996677294,,0,,
2023-04-27,11.254232666603643,11.429938316345215,11.254232666603643,11.429938316345215,87600,394.86419677734375,121.0,,1.0,1.0,,0.0006725427830341408,0.0005830263234331788,,0,,
2023-04-28,11.620790243568063,11.620790243568063,11.242114574752005,11.29664421081543,8700,398.2344970703125,121.0,,1.0,1.0,,0.0006781973271980535,0.000574092018545726,,0,,
2023-05-01,11.199702163468523,11.442055034072292,10.854350124573351,11.190613746643066,14400,397.8323669433594,120.0,,1.0,1.0,,0.0006650836652115255,0.0005924509043695778,,0,,
2023-05-02,11.178497556291747,11.193644340590682,10.981585893528887,11.057321548461914,12300,393.3611145019531,119.0,,1.0,1.0,,0.0005826687905959724,0.0006335988059555902,,0,,
2023-05-03,10.954321271458232,11.208790882395617,10.954321271458232,11.178497314453125,11100,390.6610412597656,118.0,,1.0,1.0,,0.00053003659713094,0.0006481584149645041,,0,,
2023-05-04,11.793467948907368,11.793467948907368,11.287556986940759,11.511733055114746,8400,387.89398193359375,123.0,,1.0,1.0,,0.00054002997700682,0.0006725427830341408,,0,,
2023-05-05,11.148204129935403,11.345114061772314,11.148204129935403,11.293615341186523,13200,395.074951171875,124.0,,1.0,1.0,,0.0005289609066053473,0.0006781973271980535,,0,,
2023-05-08,11.163350549801761,11.42085023134656,11.163350549801761,11.396615028381348,33000,395.18017578125,123.0,,1.0,1.0,,0.0005250825163902865,0.0006650836652115255,,0,,
2023-05-09,11.966141905790526,12.163052692485513,11.957053488954983,12.07217025756836,42600,393.4472961425781,144.0,,1.0,4.0,,0.0005094752928190448,0.0005826687905959724,,0,,
2023-05-10,12.050966288288937,12.217582657434257,11.944937059400665,11.981289863586426,24000,395.2855224609375,142.0,,1.0,4.0,,0.0005678541212997406,0.00053003659713094,,0,,
2023-05-11,12.035817456945326,12.07217025756836,12.032788273573189,12.07217025756836,19500,394.5961608886719,141.0,,1.0,4.0,,0.0006108050070154519,0.00054002997700682,,0,,
2023-05-12,12.057024343813096,12.147905912034524,12.017641493088648,12.032788276672363,22500,394.07916259765625,139.0,,1.0,4.0,,0.000631594599110851,0.0005289609066053473,,0,,
2023-05-15,12.117612402567838,12.117612402567838,12.03278919462131,12.093378067016602,35100,395.4388122558594,137.0,,1.0,4.0,,0.0006275604307958311,0.0005250825163902865,,0,,
2023-05-16,12.163052900068564,12.163052900068564,12.01158332824707,12.01158332824707,28500,392.79620361328125,135.0,,1.0,4.0,,0.0005973129653620233,0.0005094752928190448,,0,,
2023-05-17,12.102465617828615,12.163053623504707,12.087318833089393,12.093378067016602,23700,397.5643615722656,133.0,,1.0,4.0,,0.0005648921021121522,0.0005678541212997406,,0,,
2023-05-18,12.244847576289649,12.42055322508311,12.169112786316921,12.3902587890625,52200,401.3941955566406,135.0,,1.0,4.0,,0.0005606355543951064,0.0006108050070154519,,0,,
2023-05-19,12.193347925228862,12.2327299118042,12.15699512222412,12.2327299118042,24300,400.81005859375,135.0,,1.0,4.0,,0.0005680658785295573,0.000631594599110851,,0,,
2023-05-22,12.523551338809837,12.523551338809837,12.299375304768242,12.341787338256836,34200,400.972900390625,133.0,,1.0,4.0,,0.000569405177363082,0.0006275604307958311,,0,,
2023-05-23,12.323612136154454,12.323612136154454,12.220612096091099,12.244847297668457,25800,396.4727783203125,132.0,,1.0,4.0,,0.000559941282863301,0.0005973129653620233,,0,,
2023-05-24,12.253936128108668,12.30240740304524,12.238790208939841,12.250906944274902,17400,393.6003723144531,130.0,,1.0,4.0,,0.0005279900089840539,0.0005648921021121522,,0,,
2023-05-25,12.375113104832746,12.375113104832746,12.272113053266732,12.29937744140625,19800,397.0090026855469,128.0,,1.0,4.0,,0.0005026518935819838,0.0005606355543951064,,0,,
2023-05-26,12.46902432470172,12.665936003018874,12.269083462629336,12.502347946166992,73200,402.1504821777344,128.0,,1.0,4.0,,0.0004975455533275789,0.0005680658785295573,,0,,
2023-05-30,12.835581023067796,12.9294935160198,12.729552662321563,12.853757858276367,52200,402.3037414550781,132.0,,1.0,4.0,,0.0005641236652992473,0.000569405177363082,,0,,
2023-05-31,12.490230110900754,12.490230110900754,12.138819642621117,12.238790512084961,36900,400.07281494140625,146.0,,1.0,4.0,,0.0005576249730900215,0.000559941282863301,,1,,
2023-06-01,12.587170900409934,12.817405328755116,12.550818095934378,12.6629056930542,60600,403.8740234375,151.0,,1.0,4.0,,0.0005467616539158516,0.0005279900089840539,,0,,
2023-06-02,12.890110307166548,12.968875146370292,12.732581495478241,12.956757545471191,163200,409.7144470214844,152.0,,1.0,4.0,,0.000522673450617717,0.0005026518935819838,,0,,
2023-06-05,13.050667990719043,13.050667990719043,12.920404434204102,12.920404434204102,48900,408.9293212890625,150.0,,1.0,4.0,,0.000563986945624012,0.0004975455533275789,,0,,
2023-06-06,13.183964253254453,13.57475757598877,13.183964253254453,13.57475757598877,21000,409.8197021484375,162.0,,1.0,4.0,,0.0006294572816595342,0.0005641236652992473,,0,,
2023-06-07,13.57172604079067,13.57172604079067,13.126403123266595,13.262726783752441,34200,408.4027099609375,163.0,,1.0,4.0,,0.0006475304447033565,0.0005576249730900215,,0,,
2023-06-08,13.32028665264925,13.32028665264925,13.156699460604925,13.311198234558105,33300,410.8728942871094,160.0,,1.0,4.0,,0.0006576912114465116,0.0005467616539158516,,0,,
2023-06-09,13.653519362084376,13.771666189246114,13.653519362084376,13.75652027130127,20400,411.6101379394531,164.0,,1.0,4.0,,0.0006627541810117287,0.000522673450617717,,0,,
2023-06-12,13.7413729520297,13.7413729520297,13.689872496176552,13.723196983337402,52500,415.3442687988281,162.0,,1.0,4.0,,0.0006928489629849771,0.000563986945624012,,0,,
2023-06-13,14.204871798999838,14.426017806422523,14.056431399501259,14.238195419311523,63900,418.08258056640625,167.0,,1.0,4.0,,0.0007756727790416052,0.0006294572816595342,,0,,
2023-06-14,14.828929909371936,14.865281847453844,14.49872374900292,14.541135787963867,57900,418.58050537109375,167.0,,1.0,4.0,,0.0008479642792090947,0.0006475304447033565,,0,,
2023-06-15,14.792576267702792,14.792576267702792,14.541135817307692,14.768341064453125,45900,423.7699279785156,166.0,,1.0,4.0,,0.0009265861075592133,0.0006576912114465116,,0,,
2023-06-16,15.210633249680255,15.210633249680255,14.771367852762008,15.001603126525879,31800,422.3264465332031,165.0,,1.0,4.0,,0.0009588825613028092,0.0006627541810117287,,0,,
2023-06-20,15.513573233512751,15.519633334105489,15.265162845800441,15.419662475585938,150900,420.1353454589844,167.0,,1.0,4.0,,0.0010144343378561405,0.0006928489629849771,,0,,
2023-06-21,15.513574258110342,15.677162316150772,15.465103850797512,15.58627986907959,98100,417.9826354980469,165.0,,1.0,4.0,,0.0010576408620796022,0.0007756727790416052,,0,,
2023-06-22,15.671102954193776,15.689278055703921,15.586278880059545,15.646867752075195,71700,419.4914855957031,163.0,,1.0,4.0,,0.0010841852596780762,0.0008479642792090947,,0,,
2023-06-23,14.744104943439746,14.75319336077246,14.607782150325749,14.707751274108887,112200,416.3200988769531,181.0,,1.0,4.0,,0.0009826776050800817,0.0009265861075592133,,1,,
2023-06-26,14.722899378791494,14.825898549941225,14.519929353225717,14.574458122253418,36300,414.619140625,179.0,,1.0,4.0,,0.0008655569013030365,0.0009588825613028092,,0,,
2023-06-27,14.52598772373522,14.535076141357422,14.398753343901243,14.535076141357422,20700,419.1647033691406,176.0,,1.0,4.0,,0.0007716935979494122,0.0010144343378561405,,0,,
2023-06-28,14.616870397177621,14.741076469421387,14.535077232594725,14.741076469421387,32400,419.3761291503906,175.0,,1.0,4.0,,0.0007716319974670477,0.0010576408620796022,,0,,
2023-06-29,14.535076725951965,15.131869261878293,14.535076725951965,14.677458763122559,23400,421.0290222167969,172.0,,1.0,4.0,,0.0007878216418446704,0.0010841852596780762,,0,,
2023-06-30,14.677458339017472,14.780457517504807,14.586575895204675,14.662311553955078,38400,425.9974670410156,170.0,,1.0,4.0,,0.0008052863902056761,0.0009826776050800817,,0,,
2023-07-03,14.707753826472166,14.889518737792969,14.707753826472166,14.889518737792969,14100,426.48760986328125,168.0,,1.0,4.0,,0.0008137103106599536,0.0008655569013030365,,0,,
2023-07-05,14.88951732660578,14.88951732660578,14.616869985465335,14.68654727935791,30000,425.8533020019531,167.0,,1.0,4.0,,0.000813776421194208,0.0007716935979494122,,0,,
2023-07-06,14.48054748080853,14.49569426581628,14.335135397888802,14.465400695800781,31800,422.51861572265625,166.0,,4.0,4.0,,0.0007917126969611601,0.0007716319974670477,,1,,
2023-07-07,14.719870192200272,14.719870192200272,14.392694958681972,14.565370559692383,24600,421.4519348144531,164.0,,4.0,4.0,,0.0007603198941128487,0.0007878216418446704,,0,,
2023-07-10,14.635045951633249,14.825899252430803,14.635045951633249,14.813780784606934,15600,422.51861572265625,163.0,,4.0,4.0,,0.0007478684129951287,0.0008052863902056761,,0,,
2023-07-11,14.813781060041286,14.959192276000977,14.601724336845558,14.959192276000977,39600,425.20947265625,161.0,,4.0,4.0,,0.0007693349169392998,0.0008137103106599536,,0,,
2023-07-12,14.844074952996822,14.904663827684251,14.65625342837426,14.828929901123047,45900,428.630615234375,159.0,,4.0,4.0,,0.0007816264593387977,0.000813776421194208,,0,,
2023-07-13,15.134898196104588,15.134898196104588,14.968280101015598,15.056134223937988,23100,432.03265380859375,158.0,,4.0,4.0,,0.000777696370261526,0.0007917126969611601,,0,,
2023-07-14,15.05613522373833,15.143987619056187,14.86831196472853,14.956164360046387,112800,431.7635498046875,156.0,,4.0,4.0,,0.0007891604198109791,0.0007603198941128487,,0,,
2023-07-17,14.95919256364702,15.14701755467129,14.95919256364702,15.025839805603027,19500,433.2627258300781,154.0,,4.0,4.0,,0.0008042910106579211,0.0007478684129951287,,0,,
2023-07-18,14.768340393525763,15.268191221162049,14.768340393525763,15.201545715332031,39300,436.48211669921875,152.0,,4.0,4.0,,0.0008206998457421182,0.0007693349169392998,,0,,
2023-07-19,15.952837759969647,15.952837759969647,15.207604824193353,15.262133598327637,15300,437.4527587890625,150.0,,4.0,3.0,,0.0008188505226928302,0.0007816264593387977,,0,,
2023-07-20,15.298484026431014,15.298484026431014,15.204573272834574,15.259103775024414,6300,434.55047607421875,148.0,1.0,4.0,3.0,4.0,0.0008009444359066645,0.000777696370261526,,0,2.0,1.0
2023-07-21,15.274253346353296,15.331812175765481,15.246988090282697,15.268193244934082,7500,434.55047607421875,146.0,1.0,4.0,3.0,4.0,0.0007967161111067208,0.0007891604198109791,,0,2.0,1.0
2023-07-24,15.068250618890744,15.298484163142605,15.068250618890744,15.168221473693848,12000,436.49176025390625,144.0,1.0,4.0,3.0,4.0,0.0007944262170096784,0.0008042910106579211,,0,2.0,1.0
2023-07-25,15.404516325890853,15.404516325890853,15.168222662748207,15.374222755432129,29700,437.68341064453125,143.0,1.0,4.0,3.0,4.0,0.0008113820102259079,0.0008206998457421182,,0,2.0,1.0
2023-07-26,15.340897575792544,15.340897575792544,15.122780745816932,15.262133598327637,9900,437.7507019042969,141.0,1.0,4.0,3.0,4.0,0.0008210618308891483,0.0008188505226928302,,0,2.0,1.0
2023-07-27,15.492368734597756,15.492368734597756,15.047046661376953,15.047046661376953,11100,434.8484191894531,140.0,1.0,4.0,3.0,4.0,0.0007892551035052356,0.0008009444359066645,,0,2.0,1.0
2023-07-28,15.501455502512062,15.559014320373535,15.237896613702253,15.559014320373535,17700,439.1058044433594,146.0,1.0,4.0,3.0,4.0,0.00076966655155095,0.0007967161111067208,,0,2.0,1.0
2023-07-31,15.534778234533295,15.589308738708496,15.44995589488026,15.589308738708496,14700,439.9418029785156,143.0,1.0,4.0,3.0,4.0,0.0007334703737622979,0.0007944262170096784,,0,2.0,1.0
2023-08-01,15.51357375922088,15.64383819136485,15.334838921322806,15.44389820098877,9900,438.682861328125,142.0,1.0,4.0,3.0,4.0,0.0007100719637881028,0.0008113820102259079,,0,2.0,1.0
2023-08-02,15.14701666367395,15.26819093873742,14.962221733950097,15.056134223937988,9300,432.5804138183594,144.0,1.0,4.0,3.0,4.0,0.0006435240064343741,0.0008210618308891483,,1,2.0,1.0
2023-08-03,14.962221046294264,15.053103481853316,14.874368660847882,14.953132629394531,24900,431.3406982421875,142.0,1.0,4.0,3.0,4.0,0.000584374863817618,0.0007892551035052356,,0,2.0,1.0
2023-08-04,15.228811209733811,15.586280921154797,14.8107543518014,15.328782081604004,12000,429.3898010253906,144.0,1.0,4.0,3.0,4.0,0.0005468908118553841,0.00076966655155095,,0,2.0,1.0
2023-08-07,15.107631551762685,15.57113039160336,15.107631551762685,15.237895965576172,19200,433.13775634765625,142.0,1.0,4.0,3.0,4.0,0.0005679791578539591,0.0007334703737622979,,0,2.0,1.0
2023-08-08,15.41057416552981,15.41057416552981,14.874369666269185,15.062192916870117,268200,431.25421142578125,141.0,1.0,4.0,3.0,4.0,0.0005957510683562572,0.0007100719637881028,,0,2.0,1.0
2023-08-09,15.101575175027191,15.189427567989702,14.934957073341028,14.959192276000977,14700,428.3711853027344,139.0,1.0,4.0,3.0,4.0,0.0006204601019765506,0.0006435240064343741,,0,2.0,1.0
2023-08-10,15.246985905911497,15.246985905911497,15.122779846191406,15.122779846191406,21000,428.5249328613281,138.0,1.0,4.0,3.0,4.0,0.0006316806617662985,0.000584374863817618,,0,2.0,1.0
2023-08-11,15.074310310495958,15.14095755288808,14.871340266308069,15.034928321838379,15600,428.2751159667969,136.0,1.0,4.0,3.0,4.0,0.0006427262232393923,0.0005468908118553841,,0,2.0,1.0
2023-08-14,14.968279611712354,15.165191269130299,14.847103607171688,14.971309661865234,35400,430.63922119140625,134.0,1.0,4.0,3.0,4.0,0.0006481847758838126,0.0005679791578539591,,0,2.0,1.0
2023-08-15,14.619899794509491,15.310603953844224,14.598694641705459,14.768341064453125,52200,425.62274169921875,134.0,1.0,4.0,3.0,4.0,0.0006188603363732132,0.0005957510683562572,,0,2.0,1.0
2023-08-16,14.883457951063619,14.883457951063619,14.383606259597332,14.459341049194336,27600,422.4994201660156,135.0,1.0,4.0,3.0,4.0,0.0005741772752984802,0.0006204601019765506,,0,2.0,1.0
2023-08-17,14.795604977050218,14.795604977050218,14.032194410444053,14.16851806640625,89100,419.2799987792969,136.0,1.0,4.0,3.0,4.0,0.0005296201731561812,0.0006316806617662985,,0,2.0,1.0
2023-08-18,14.086724768065368,14.553251978882829,13.965548756590806,14.259400367736816,47400,419.48187255859375,134.0,1.0,4.0,3.0,4.0,0.0005088956947027906,0.0006427262232393923,,0,2.0,1.0
2023-08-21,14.344223780828102,14.344223780828102,14.213960216670154,14.238195419311523,27600,422.2110900878906,132.0,1.0,4.0,3.0,4.0,0.0004989466754795705,0.0006481847758838126,,0,2.0,1.0
2023-08-22,14.689576435307515,14.689576435307515,14.468429565429688,14.468429565429688,9600,421.0674743652344,132.0,1.0,4.0,3.0,4.0,0.0005016948841016396,0.0006188603363732132,,0,2.0,1.0
2023-08-23,14.465400364114961,14.910723286916975,14.28060629772465,14.586575508117676,14700,425.75726318359375,130.0,1.0,4.0,3.0,4.0,0.0005137008323865791,0.0005741772752984802,,0,2.0,1.0
2023-08-24,14.516900142572876,14.541135345035423,14.223047662675091,14.268488883972168,14700,419.856689453125,132.0,1.0,4.0,3.0,4.0,0.0004795939768776825,0.0005296201731561812,,0,2.0,1.0
2023-08-25,14.326047718494566,14.565370559692383,14.326047718494566,14.565370559692383,15000,422.8165283203125,133.0,1.0,4.0,3.0,4.0,0.0004494121288442922,0.0005088956947027906,,0,2.0,1.0
2023-08-28,14.51387140104282,14.541135787963867,14.401783802919113,14.541135787963867,21300,425.49774169921875,131.0,1.0,4.0,3.0,4.0,0.0004107328667019747,0.0004989466754795705,,0,2.0,1.0
2023-08-29,14.362399483936056,14.598693124421244,14.29272393187427,14.556281089782715,12600,431.64825439453125,129.0,1.0,4.0,3.0,4.0,0.0004142918583021719,0.0005016948841016396,,0,2.0,1.0
2023-08-30,14.556281382674374,14.686545805903476,14.547192965537654,14.622928619384766,136200,433.42608642578125,127.0,1.0,4.0,3.0,4.0,0.0004111484424772891,0.0005137008323865791,,0,2.0,1.0
2023-08-31,14.513872106702918,15.08642946019787,14.513872106702918,14.928899765014648,51900,432.79180908203125,128.0,1.0,4.0,3.0,4.0,0.0004448225615621914,0.0004795939768776825,,0,2.0,1.0
2023-09-01,15.147018951567743,15.298486818275668,15.147018951567743,15.268193244934082,43200,433.5990905761719,130.0,1.0,1.0,3.0,3.0,0.0005115031820673222,0.0004494121288442922,,0,1.0,1.0
2023-09-05,15.643839078368966,15.795308671579251,15.643839078368966,15.662015914916992,45000,431.7251281738281,133.0,1.0,1.0,3.0,3.0,0.0006052091691213459,0.0004107328667019747,,0,1.0,2.0
2023-09-06,15.66201348588264,16.037659960236,15.492367082434928,15.598396301269531,36000,428.8229064941406,131.0,1.0,1.0,3.0,3.0,0.0006762472187413596,0.0004142918583021719,,0,1.0,3.0
2023-09-07,15.52266221663744,15.680190169021525,15.52266221663744,15.631721496582031,126900,427.50628662109375,129.0,1.0,1.0,3.0,3.0,0.000728651227101455,0.0004111484424772891,,0,1.0,4.0
2023-09-08,15.449957039510446,15.449957039510446,15.25304536008995,15.359074592590332,26100,428.1501159667969,129.0,1.0,1.0,3.0,3.0,0.0007380168619921255,0.0004448225615621914,,1,1.0,5.0
2023-09-11,15.525690821108583,15.628691735585402,15.398456436682489,15.449956893920898,21900,430.9659729003906,128.0,1.0,1.0,3.0,3.0,0.0007152685469504816,0.0005115031820673222,,0,1.0,6.0
2023-09-12,15.758956170474395,15.758956170474395,15.343927662419661,15.449956893920898,26400,428.601806640625,126.0,1.0,1.0,1.0,1.0,0.0006843301602548936,0.0006052091691213459,,0,1.0,7.0
2023-09-13,15.53477824531559,15.768043579759667,15.298484594040811,15.510544776916504,10800,429.1015930175781,124.0,1.0,1.0,1.0,1.0,0.0006839375758431678,0.0006762472187413596,,0,1.0,8.0
2023-09-14,15.583251552021599,15.613545123232493,15.525690993219301,15.58627986907959,9300,432.8013916015625,122.0,1.0,1.0,1.0,1.0,0.0007239566217296377,0.000728651227101455,,0,1.0,9.0
2023-09-15,15.75289535522461,15.834689379629095,15.643837811644229,15.75289535522461,10200,427.5868835449219,121.0,1.0,1.0,1.0,1.0,0.0007968720173641806,0.0007380168619921255,,0,1.0,10.0
2023-09-18,15.75895545587561,15.898308302395787,15.646867861969728,15.75289535522461,13500,427.8376770019531,120.0,1.0,1.0,1.0,1.0,0.0008191997281726723,0.0007152685469504816,,0,1.0,11.0
2023-09-19,15.910425186157227,15.910425186157227,15.680189895533461,15.910425186157227,15300,426.9504699707031,119.0,1.0,1.0,1.0,1.0,0.0008265877318184006,0.0006843301602548936,,0,1.0,12.0
2023-09-20,15.864986470698467,15.89831009428124,15.495398294059548,15.498428344726562,14700,423.0252990722656,122.0,1.0,1.0,1.0,1.0,0.0007728412732547293,0.0006839375758431678,,0,1.0,13.0
2023-09-21,15.449954752420766,15.819542852934715,15.449954752420766,15.571130752563477,16500,416.0334167480469,121.0,1.0,1.0,1.0,1.0,0.0007650678076670516,0.0007239566217296377,,0,1.0,14.0
2023-09-22,15.459042810749475,15.459042810749475,15.207602399602301,15.237895965576172,62700,415.097900390625,122.0,1.0,1.0,1.0,1.0,0.0007002935345355527,0.0007968720173641806,,0,1.0,15.0
2023-09-25,15.147017373418182,15.301515274738763,15.047046511680449,15.177310943603516,39600,416.843505859375,121.0,1.0,1.0,1.0,1.0,0.0006669590490664586,0.0008191997281726723,,0,1.0,16.0
2023-09-26,14.965250674693053,14.99251592462393,14.859221458435059,14.859221458435059,15300,410.71954345703125,122.0,1.0,1.0,1.0,1.0,0.000585180223705958,0.0008265877318184006,,1,1.0,17.0
2023-09-27,14.541135853328331,15.037958387896436,14.541135853328331,14.956164360046387,21300,410.8835144042969,121.0,1.0,1.0,1.0,1.0,0.0005765648488848177,0.0007728412732547293,,0,1.0,18.0
2023-09-28,15.50556917163408,15.50556917163408,14.955857276916504,14.955857276916504,12600,413.2656555175781,119.0,1.0,1.0,1.0,1.0,0.0005893492930062064,0.0007650678076670516,,0,1.0,19.0
2023-09-29,14.97121170551352,15.08791070939197,14.639542100957998,14.667181015014648,21900,412.2625427246094,120.0,1.0,4.0,1.0,2.0,0.0006192158331658812,0.0007002935345355527,,0,2.0,20.0
2023-10-02,14.565838270457366,14.961998981661429,14.48292064666748,14.48292064666748,25200,412.0986633300781,120.0,1.0,4.0,1.0,2.0,0.0005909956897640392,0.0006669590490664586,,0,2.0,21.0
2023-10-03,13.690595824430535,14.369291588503891,13.690595824430535,14.068331718444824,51000,406.58221435546875,124.0,1.0,4.0,1.0,2.0,0.0004910082823452565,0.000585180223705958,,1,2.0,22.0
2023-10-04,13.616892293823327,13.90556812286377,13.616892293823327,13.90556812286377,35400,409.5429382324219,124.0,1.0,4.0,1.0,2.0,0.00038639206233820783,0.0005765648488848177,,0,2.0,23.0
2023-10-05,13.973130999257195,14.022267236199845,13.696739227142174,13.859502792358398,24300,409.3886413574219,122.0,1.0,4.0,1.0,2.0,0.000302204133698267,0.0005893492930062064,,0,2.0,24.0
2023-10-06,14.691749456070667,14.691749456070667,13.973131524461305,14.26180648803711,23700,414.249267578125,126.0,1.0,4.0,1.0,2.0,0.000315994861251487,0.0006192158331658812,,0,2.0,25.0
2023-10-09,14.409214750344129,14.409214750344129,14.197314081193758,14.292515754699707,35400,416.9013671875,124.0,1.0,4.0,1.0,2.0,0.00034259649382877575,0.0005909956897640392,,0,2.0,26.0
2023-10-10,14.694820148742483,14.765453711165584,14.651825500789206,14.679465293884277,20700,419.0711975097656,128.0,1.0,4.0,1.0,2.0,0.0004057701952565913,0.0004910082823452565,,0,2.0,27.0
2023-10-11,14.664110831306518,14.664110831306518,14.384647369384766,14.384647369384766,6600,420.7879638671875,129.0,1.0,4.0,1.0,2.0,0.0004058824546944477,0.00038639206233820783,,0,2.0,28.0
2023-10-12,14.538197583959992,14.857583999633789,14.38464640568172,14.857583999633789,16800,418.22259521484375,134.0,1.0,4.0,1.0,2.0,0.0004370265290759662,0.000302204133698267,,0,2.0,29.0
2023-10-13,14.535126720845907,14.857583930134355,14.39078880723705,14.64261245727539,22200,416.1395263671875,134.0,1.0,4.0,1.0,2.0,0.0004193138562442089,0.000315994861251487,,0,2.0,30.0
2023-10-16,14.740885734558105,14.740885734558105,14.661038906997476,14.740885734558105,13200,420.5178527832031,132.0,1.0,4.0,1.0,2.0,0.0004202323413514061,0.00034259649382877575,,0,2.0,31.0
2023-10-17,14.811520510928252,14.854513403018325,14.433784567400751,14.707104682922363,10800,420.4985656738281,130.0,1.0,4.0,1.0,2.0,0.00038457341225295376,0.0004057701952565913,,0,2.0,32.0
2023-10-18,14.685606864759869,14.685606864759869,14.412286758422852,14.412286758422852,12600,414.8954162597656,131.0,1.0,4.0,1.0,2.0,0.00034757750854721124,0.0004058824546944477,,0,2.0,33.0
2023-10-19,14.547411437213272,14.547411437213272,14.043764114379883,14.043764114379883,53700,411.24993896484375,134.0,1.0,4.0,1.0,2.0,0.0002871729858437614,0.0004370265290759662,,0,2.0,34.0
2023-10-20,14.433784721116508,14.458351962768859,14.108255809499884,14.286375999450684,13500,406.196533203125,134.0,1.0,4.0,1.0,2.0,0.0002716608075102914,0.0004193138562442089,,0,2.0,35.0
2023-10-23,14.39386006776225,14.39386006776225,13.942420663061577,14.028409957885742,41700,405.492431640625,134.0,1.0,4.0,1.0,2.0,0.0002747388872666152,0.0004202323413514061,,0,2.0,36.0
2023-10-24,13.920924055350493,14.433784662339313,13.859503754906516,14.12668228149414,33300,408.5496826171875,133.0,1.0,4.0,1.0,2.0,0.0002996041584424458,0.00038457341225295376,,0,2.0,37.0
2023-10-25,14.648755327175037,14.648755327175037,14.283304318564943,14.341653823852539,18000,402.6860046386719,132.0,1.0,4.0,1.0,2.0,0.0002890864848047621,0.00034757750854721124,,0,2.0,38.0
2023-10-26,14.44913981806972,14.44913981806972,13.896356223960927,14.138967514038086,21300,397.8640441894531,132.0,1.0,4.0,1.0,2.0,0.00028914669850882776,0.0002871729858437614,,0,2.0,39.0
2023-10-27,14.310942986428833,14.648755073547363,13.973131777935572,14.648755073547363,25800,396.0605773925781,139.0,1.0,4.0,4.0,6.0,0.00030590855500556383,0.0002716608075102914,,0,2.0,40.0
2023-10-30,14.006911887990801,14.295588605897368,13.859503173113168,14.249523162841797,31800,400.7958068847656,142.0,1.0,4.0,4.0,6.0,0.00026470537406770575,0.0002747388872666152,,0,2.0,41.0
2023-10-31,14.338582124304319,14.547412024816845,13.954705465491445,14.23416805267334,7200,403.31298828125,140.0,1.0,4.0,4.0,6.0,0.00021431215065536763,0.0002996041584424458,,0,2.0,42.0
2023-11-01,14.648754627990018,14.777738571166992,14.630328977982767,14.777738571166992,74700,407.6141662597656,147.0,1.0,4.0,4.0,6.0,0.00017919604168354126,0.0002890864848047621,,0,2.0,43.0
2023-11-02,14.301729923422466,14.584264184195131,14.166606141020742,14.442997932434082,34800,415.4258728027344,148.0,1.0,4.0,4.0,6.0,0.00018631508931565624,0.00028914669850882776,,1,2.0,44.0
2023-11-03,14.587334926743313,14.740886116667022,14.57505086669443,14.59961986541748,40800,419.21588134765625,146.0,1.0,1.0,4.0,5.0,0.00021712875533593513,0.00030590855500556383,,0,2.0,45.0
2023-11-06,14.433784373819897,14.691749630528092,14.271019921927921,14.430712699890137,21000,420.1803283691406,145.0,1.0,1.0,4.0,5.0,0.0002093516476670958,0.00026470537406770575,,0,2.0,46.0
2023-11-07,14.482920928890342,14.636472119590662,13.865646249342912,14.23416805267334,94500,421.3761901855469,144.0,1.0,1.0,4.0,5.0,0.0002150643423779276,0.00021431215065536763,,0,2.0,47.0
2023-11-08,13.979273955964073,13.979273955964073,13.85336255614765,13.881001472473145,34800,421.68475341796875,146.0,1.0,4.0,4.0,6.0,0.00016659264602856403,0.00017919604168354126,,0,2.0,48.0
2023-11-09,14.15432071685791,14.740885664480519,14.00077041026974,14.15432071685791,22500,418.3961486816406,146.0,1.0,4.0,4.0,6.0,0.00014549983920696477,0.00018631508931565624,,0,2.0,49.0
2023-11-10,14.734743282915126,14.796163581640526,14.375434755027847,14.525915145874023,33300,424.9251708984375,148.0,1.0,1.0,4.0,5.0,0.00015525307492585862,0.00021712875533593513,,0,2.0,50.0
2023-11-13,14.123611120846194,14.796163612969696,14.123611120846194,14.584263801574707,30300,424.5201110839844,146.0,1.0,1.0,4.0,5.0,0.00021719721194206806,0.0002093516476670958,,0,2.0,51.0
2023-11-14,14.74088653673003,14.783881187438965,14.492133654682565,14.783881187438965,37800,432.75616455078125,145.0,1.0,1.0,4.0,5.0,0.00028553368653543406,0.0002150643423779276,,0,2.0,52.0
2023-11-15,14.645684018136158,14.688677787780762,14.575050455192963,14.688677787780762,10500,433.6723327636719,143.0,1.0,1.0,4.0,5.0,0.0003299912505396051,0.00016659264602856403,,0,2.0,53.0
2023-11-16,14.49213247781523,14.618044745648323,14.415357326212902,14.55969524383545,32400,434.2027587890625,142.0,1.0,1.0,4.0,5.0,0.00034323077646706207,0.00014549983920696477,,0,2.0,54.0
2023-11-17,14.578120632372583,14.783879721939895,14.578120632372583,14.704032897949219,32700,434.7427673339844,140.0,1.0,1.0,4.0,5.0,0.0003096145372966027,0.00015525307492585862,,0,2.0,55.0
2023-11-20,14.578121284160545,14.78388038292735,14.433784241296564,14.740885734558105,19800,438.08929443359375,138.0,1.0,1.0,4.0,5.0,0.00030561565974834013,0.00021719721194206806,,0,2.0,56.0
2023-11-21,14.55662407982696,14.648754083690452,14.492132110634783,14.645683288574219,9900,437.13446044921875,137.0,1.0,1.0,4.0,5.0,0.00027938231639567534,0.00028553368653543406,,0,2.0,57.0
2023-11-22,14.673323123460822,14.673323123460822,14.138966112162196,14.433783531188965,11400,438.8221435546875,136.0,1.0,1.0,4.0,5.0,0.00025508363767920086,0.0003299912505396051,,0,2.0,58.0
2023-11-24,14.10211353936449,14.621114803233908,14.10211353936449,14.46756362915039,96900,439.09222412109375,134.0,1.0,1.0,4.0,5.0,0.0001903829466846853,0.00034323077646706207,,0,2.0,59.0
2023-11-27,14.58119197901187,14.722458217114266,14.338580717343747,14.63339900970459,15000,438.30145263671875,133.0,1.0,1.0,4.0,5.0,0.00015399143934738014,0.0003096145372966027,,0,2.0,60.0
2023-11-28,14.415358348934307,14.664111228429402,14.249523974562873,14.510560035705566,11100,438.73541259765625,131.0,1.0,1.0,4.0,5.0,0.00013577537454541615,0.00030561565974834013,,0,2.0,61.0
2023-11-29,14.725528717041016,14.725528717041016,14.006910846151024,14.725528717041016,36900,438.42681884765625,131.0,1.0,1.0,4.0,5.0,0.00014238885557830899,0.00027938231639567534,,0,2.0,62.0
2023-11-30,14.332440376281738,14.535126914151268,14.138966223860665,14.332440376281738,34200,440.1531066894531,134.0,1.0,1.0,4.0,5.0,0.0001236996827757064,0.00025508363767920086,,0,2.0,63.0
2023-12-01,14.344723439272716,14.725529272068592,13.979272460723596,14.593476295471191,30300,442.7569885253906,135.0,1.0,1.0,4.0,5.0,0.00013605742877922608,0.0001903829466846853,,0,2.0,64.0
2023-12-04,14.436854851675811,14.510559209114627,14.145108217157517,14.249523162841797,38700,440.4327392578125,136.0,1.0,1.0,4.0,5.0,7.94939856104023e-05,0.00015399143934738014,,0,2.0,65.0
2023-12-05,14.249522610310963,14.393859645729652,14.240309346332047,14.326297760009766,14700,440.345947265625,135.0,1.0,4.0,4.0,6.0,6.372026552860039e-05,0.00013577537454541615,,0,2.0,66.0
2023-12-06,14.455279975690756,14.568907302951018,14.372363235558389,14.433783531188965,15000,438.57147216796875,133.0,1.0,4.0,4.0,6.0,1.0135056484231228e-05,0.00014238885557830899,,0,2.0,67.0
2023-12-07,14.403073669797962,14.716317632610135,14.080616442520665,14.525915145874023,20400,441.91796875,131.0,1.0,4.0,4.0,6.0,8.130223829009858e-07,0.0001236996827757064,,0,2.0,68.0
2023-12-08,14.280231952386163,14.46756362915039,14.148178100826874,14.46756362915039,17400,443.8178405761719,130.0,1.0,4.0,4.0,6.0,-2.364517945048357e-05,0.00013605742877922608,,0,2.0,69.0
2023-12-11,14.286376120041593,14.519773264649247,14.07140374785976,14.507489204406738,27300,445.5440979003906,128.0,1.0,4.0,4.0,6.0,-6.574270813018766e-05,7.94939856104023e-05,,0,2.0,70.0
2023-12-12,14.433783350560121,14.556623940284009,13.896354672236605,14.160462379455566,8100,447.5789794921875,130.0,1.0,4.0,4.0,6.0,-0.00010925589432663205,6.372026552860039e-05,,0,2.0,71.0
2023-12-13,14.264877970772341,14.35086727142334,14.080617066431556,14.35086727142334,6900,453.7510986328125,129.0,1.0,4.0,4.0,6.0,-9.597629875740494e-05,1.0135056484231228e-05,,0,2.0,72.0
2023-12-14,14.347794786579085,14.67946527427489,14.019196851376266,14.412286758422852,24300,455.2073669433594,128.0,1.0,4.0,4.0,6.0,-7.358957222765811e-05,8.130223829009858e-07,,0,2.0,73.0
2023-12-15,14.412286687565956,14.60576084489556,14.350866389891896,14.35700798034668,16500,454.4578857421875,126.0,1.0,4.0,4.0,6.0,-2.955304069650511e-05,-2.364517945048357e-05,,0,2.0,74.0
2023-12-18,13.524762945175011,14.424570979570447,13.524762945175011,14.209599494934082,33300,457.0142517089844,125.0,1.0,4.0,3.0,4.0,-5.798195386344301e-05,-6.574270813018766e-05,,0,2.0,75.0
2023-12-19,14.135895571785227,14.3600803277802,14.126682307045645,14.23416805267334,40200,459.7933349609375,123.0,1.0,4.0,3.0,4.0,-6.3609587271903e-05,-0.00010925589432663205,,0,2.0,76.0
2023-12-20,13.966988516149677,14.427641176332056,13.94242039770329,14.283303260803223,15900,453.4217834472656,121.0,1.0,4.0,3.0,4.0,-6.794473288588817e-05,-9.597629875740494e-05,,0,2.0,77.0
2023-12-21,14.138967070117332,14.369293413993562,13.966989352074524,14.169676780700684,24900,457.72113037109375,120.0,1.0,4.0,3.0,4.0,-4.926548105297062e-05,-7.358957222765811e-05,,0,2.0,78.0
2023-12-22,14.203458032102693,14.713246954910092,14.040693580210716,14.430712699890137,12000,458.6410827636719,121.0,1.0,4.0,3.0,4.0,-2.37874617735085e-05,-2.955304069650511e-05,,0,2.0,79.0
2023-12-26,14.485990412119355,14.72552912327405,14.289445468146187,14.587333679199219,24300,460.57769775390625,120.0,1.0,4.0,3.0,4.0,-4.403060840106199e-06,-5.798195386344301e-05,,0,2.0,80.0
2023-12-27,14.587333904038555,14.725529350243438,14.13282371409509,14.439925193786621,9900,461.4103698730469,119.0,1.0,4.0,3.0,4.0,-2.724049777690626e-07,-6.3609587271903e-05,,0,2.0,81.0
2023-12-28,15.358159172556716,15.36737243627755,14.123609949970843,14.888293266296387,15900,461.584716796875,124.0,1.0,1.0,3.0,3.0,4.9783141881444814e-06,-6.794473288588817e-05,,0,1.0,82.0
2023-12-29,14.97121170551352,15.137046947103899,14.630328836730703,14.667181015014648,8200,460.2484130859375,124.0,1.0,1.0,3.0,3.0,-1.2369311490845227e-05,-4.926548105297062e-05,,0,1.0,83.0
2024-01-02,14.648754192321023,14.97121140479752,14.584263101275813,14.704032897949219,18800,457.6727294921875,122.0,1.0,1.0,3.0,3.0,5.899328751274881e-08,-2.37874617735085e-05,,0,1.0,84.0
2024-01-03,14.556623824339885,14.99885082244873,14.298658587974424,14.99885082244873,7800,453.9350280761719,123.0,1.0,1.0,3.0,3.0,2.3558112588226332e-06,-4.403060840106199e-06,,0,1.0,85.0
2024-01-04,14.648754264226316,14.869867330574019,14.648754264226316,14.75931167602539,17200,452.4729309082031,124.0,1.0,1.0,3.0,3.0,6.296005021143404e-06,-2.724049777690626e-07,,0,1.0,86.0
2024-01-05,14.740885065693934,15.072555541992188,14.740885065693934,15.072555541992188,13600,453.0925598144531,125.0,1.0,1.0,3.0,3.0,2.175495684378229e-05,4.9783141881444814e-06,,0,1.0,87.0
2024-01-08,14.95278539412285,15.330520446673052,14.94357212976181,15.321307182312012,19000,459.56097412109375,125.0,1.0,1.0,3.0,3.0,5.030558717346212e-05,-1.2369311490845227e-05,,0,1.0,88.0
2024-01-09,15.284456597790832,15.302883127375711,14.740886275790993,14.823803901672363,10100,458.86370849609375,131.0,1.0,1.0,3.0,3.0,5.477043834468992e-05,5.899328751274881e-08,,0,1.0,89.0
2024-01-10,15.155473389198098,15.155473389198098,14.860654207356019,14.92514705657959,14100,461.45880126953125,130.0,1.0,1.0,3.0,3.0,3.623288047038241e-05,2.3558112588226332e-06,,0,1.0,90.0
2024-01-11,15.109407245684233,15.14626030281601,14.879080910362063,15.044916152954102,26900,461.25543212890625,128.0,1.0,1.0,3.0,3.0,9.983621627059481e-06,6.296005021143404e-06,,0,1.0,91.0
2024-01-12,15.201538041536264,15.42265111127037,15.201538041536264,15.358160018920898,19900,461.5750427246094,129.0,1.0,1.0,3.0,3.0,4.179531678063399e-05,2.175495684378229e-05,,0,1.0,92.0
2024-01-16,15.662188366216387,15.754319237467703,15.496353149414062,15.496353149414062,28900,459.88043212890625,128.0,1.0,1.0,3.0,3.0,9.229757692825719e-05,5.030558717346212e-05,,0,1.0,93.0
2024-01-17,15.754321059247594,16.076778267290024,15.662190177342556,15.910943031311035,54800,457.32415771484375,131.0,1.0,1.0,3.0,3.0,0.0001524954957174212,5.477043834468992e-05,,0,1.0,94.0
2024-01-18,15.662191648977547,16.620350099218804,15.662191648977547,15.99386215209961,62600,461.3910217285156,129.0,1.0,1.0,3.0,3.0,0.00022194414230252923,3.623288047038241e-05,,0,1.0,95.0
2024-01-19,16.399235204345402,16.399235204345402,15.680618126308712,16.150484085083008,19200,467.1428527832031,128.0,1.0,1.0,3.0,3.0,0.0002643718262569812,9.983621627059481e-06,,0,1.0,96.0
2024-01-22,16.399235907827865,16.583497696241924,16.23340240695599,16.408449172973633,23200,468.1305236816406,128.0,1.0,1.0,3.0,3.0,0.0002965066711785461,4.179531678063399e-05,,0,1.0,97.0
2024-01-23,15.302883388615786,16.657201705713845,15.302883388615786,16.27946662902832,11800,469.4958190917969,127.0,1.0,1.0,3.0,3.0,0.0002928798354722339,9.229757692825719e-05,,0,1.0,98.0
2024-01-24,15.89251745091934,16.50979211205666,15.662191111050944,15.966221809387207,157100,470.009033203125,128.0,1.0,1.0,3.0,3.0,0.0002907393971283338,0.0001524954957174212,,0,1.0,99.0
2024-01-25,16.380810456742502,16.380810456742502,15.570060729980469,15.570060729980469,28500,472.56536865234375,130.0,1.0,1.0,3.0,3.0,0.0002478319554845141,0.00022194414230252923,,0,1.0,100.0
2024-01-26,16.205761519666307,16.205761519666307,15.551633796393405,15.597700119018555,19600,471.9649658203125,128.0,1.0,1.0,3.0,3.0,0.00021881802478862633,0.0002643718262569812,,0,1.0,101.0
2024-01-29,16.472936925239473,16.472936925239473,15.652975823599704,15.800384521484375,21400,475.7026672363281,128.0,1.0,1.0,3.0,3.0,0.00020643286057339989,0.0002965066711785461,,0,1.0,102.0
2024-01-30,15.82802694711026,16.22418854761602,15.55163427461177,15.892518043518066,43900,475.33477783203125,126.0,1.0,1.0,3.0,3.0,0.0002310930603395447,0.0002928798354722339,,0,1.0,103.0
2024-01-31,16.122844989340766,16.122844989340766,15.874092102050781,15.874092102050781,21600,467.5784606933594,124.0,1.0,1.0,3.0,3.0,0.0002573805166778761,0.0002907393971283338,,0,1.0,104.0
2024-02-01,16.13205583305637,16.21497344970703,15.745107541103403,16.21497344970703,13800,473.6982727050781,126.0,1.0,1.0,3.0,3.0,0.0002968542757483228,0.0002478319554845141,,0,1.0,105.0
2024-02-02,15.192326239309592,16.12284492893537,15.192326239309592,16.03071403503418,12500,478.68511962890625,125.0,1.0,1.0,3.0,3.0,0.00031671378488398304,0.00021881802478862633,,0,1.0,106.0
2024-02-05,16.030713384002556,16.030713384002556,15.367374137904374,15.616127014160156,38500,476.9421081542969,128.0,1.0,1.0,3.0,3.0,0.0002964423598560405,0.00020643286057339989,,0,1.0,107.0
2024-02-06,16.307105462046543,17.06257557085821,16.307105462046543,16.9151668548584,22300,478.3268127441406,167.0,1.0,1.0,4.0,5.0,0.00031874860744519814,0.0002310930603395447,,0,2.0,108.0
2024-02-07,16.95201859575846,18.057585751737502,16.95201859575846,17.311328887939453,16800,482.31622314453125,167.0,1.0,1.0,4.0,5.0,0.00037205313807358605,0.0002573805166778761,,0,2.0,109.0
2024-02-08,17.13627815246582,17.495586640812178,16.60192117304674,17.13627815246582,19100,482.5293273925781,165.0,1.0,1.0,4.0,5.0,0.0004521006840089909,0.0002968542757483228,,0,2.0,110.0
2024-02-09,17.486372783483702,17.83646975373906,16.99808213790424,17.20998191833496,17200,485.3179931640625,163.0,1.0,1.0,4.0,5.0,0.00047486626878428563,0.00031671378488398304,,0,2.0,111.0
2024-02-12,17.716701421759996,17.716701421759996,17.200770918867615,17.338966369628906,21800,485.1050109863281,161.0,1.0,1.0,4.0,5.0,0.0004707461902086006,0.0002964423598560405,,0,2.0,112.0
2024-02-13,17.67063699037717,18.30633817736872,17.550866310164736,17.56007957458496,39800,478.42364501953125,159.0,1.0,1.0,4.0,5.0,0.0004895924248101503,0.00031874860744519814,,0,2.0,113.0
2024-02-14,17.956242224169927,18.306339263916016,17.60614694167445,18.306339263916016,8100,482.7713623046875,167.0,1.0,1.0,4.0,5.0,0.0005272744078603214,0.00037205313807358605,,0,2.0,114.0
2024-02-15,17.919392266421806,18.416896311227337,17.84568789840429,18.22342300415039,22100,486.10235595703125,165.0,1.0,1.0,4.0,5.0,0.0005660787424048262,0.0004521006840089909,,0,2.0,115.0
2024-02-16,18.656430803680998,19.03416580529896,17.94702535878862,18.794626235961914,29400,483.68157958984375,167.0,1.0,1.0,4.0,5.0,0.0006178277917947176,0.00047486626878428563,,0,2.0,116.0
2024-02-20,18.997317835716228,20.01996561941842,18.997317835716228,19.246068954467773,49700,481.018798828125,168.0,1.0,1.0,4.0,5.0,0.0006521874932567375,0.0004707461902086006,,0,2.0,117.0
2024-02-21,19.642229536548257,19.642229536548257,19.347412109375,19.347412109375,75300,481.4544372558594,166.0,1.0,1.0,4.0,5.0,0.0006904174199403222,0.0004895924248101503,,0,2.0,118.0
2024-02-22,19.900195663950093,20.268717447916664,19.900195663950093,20.03839111328125,27900,491.41845703125,170.0,1.0,1.0,4.0,5.0,0.0007481373453624784,0.0005272744078603214,,0,2.0,119.0
2024-02-23,19.918622192461044,20.499043782552082,19.918622192461044,20.03839111328125,71700,491.7573547363281,168.0,1.0,1.0,4.0,5.0,0.0007859025156820159,0.0005660787424048262,,0,2.0,120.0
2024-02-26,20.26871681213379,20.4990431395444,19.992325922141223,20.26871681213379,41900,489.9562683105469,166.0,1.0,1.0,4.0,5.0,0.0008270354076846343,0.0006178277917947176,,0,2.0,121.0
2024-02-27,20.4990453186196,20.4990453186196,20.001539555046968,20.06603240966797,24900,490.866455078125,164.0,1.0,1.0,4.0,5.0,0.0007878889144789592,0.0006521874932567375,,0,2.0,122.0
2024-02-28,20.268716371281638,20.268716371281638,19.540884349014522,19.715932846069336,35800,490.2177429199219,163.0,1.0,1.0,4.0,5.0,0.0007385219222926443,0.0006904174199403222,,0,2.0,123.0
2024-02-29,19.881768079358064,19.881768079358064,19.62380196565889,19.715932846069336,88900,491.9800109863281,161.0,1.0,1.0,4.0,5.0,0.0006745651188746854,0.0007481373453624784,,0,2.0,124.0
2024-03-01,20.06603049681303,20.176586151123047,19.89098199402999,20.176586151123047,23800,496.59881591796875,162.0,1.0,1.0,4.0,5.0,0.0006679742707896265,0.0007859025156820159,,0,2.0,125.0
2024-03-04,20.17658729957531,20.204227093351292,19.909409655409636,20.075244903564453,31900,496.0662536621094,159.0,1.0,1.0,4.0,5.0,0.0006728872481993548,0.0008270354076846343,,0,2.0,126.0
2024-03-05,20.075244170303144,20.176586562612403,19.623803008037306,20.03839111328125,96900,491.1085510253906,157.0,1.0,1.0,4.0,5.0,0.0006821441630831775,0.0007878889144789592,,0,2.0,127.0
2024-03-06,20.63723835701562,20.64645162088052,20.27792985253657,20.471403121948242,79600,493.5970764160156,157.0,1.0,1.0,4.0,5.0,0.0006897257863021751,0.0007385219222926443,,0,2.0,128.0
2024-03-07,20.94126963901937,20.94126963901937,20.222652609352913,20.3976993560791,182500,498.4967956542969,155.0,1.0,1.0,4.0,5.0,0.0007155950993989081,0.0006745651188746854,,0,2.0,129.0
2024-03-08,21.567757458958653,21.567757458958653,20.452978862223496,20.600387573242188,54700,495.5046691894531,153.0,1.0,1.0,4.0,5.0,0.0007754841153111864,0.0006679742707896265,,0,2.0,130.0
2024-03-11,20.268719261073105,20.76622503187066,19.66987108890062,19.817279815673828,176600,495.07861328125,160.0,1.0,1.0,4.0,5.0,0.0007574457145778081,0.0006728872481993548,,0,2.0,131.0
2024-03-12,20.130521367137508,20.44376531299597,19.81727742127904,20.26871681213379,26100,500.4043884277344,161.0,1.0,1.0,4.0,5.0,0.0007398749982814511,0.0006821441630831775,,0,2.0,132.0
2024-03-13,19.301347934763818,20.54510876108827,19.301347934763818,20.010751724243164,39900,499.6199645996094,159.0,1.0,1.0,4.0,5.0,0.0006916525435994404,0.0006897257863021751,,0,2.0,133.0
2024-03-14,20.084456513715356,20.084456513715356,19.62380382526087,19.762001037597656,25300,498.63232421875,158.0,1.0,4.0,4.0,6.0,0.000684481791671097,0.0007155950993989081,,0,2.0,134.0
2024-03-15,20.06602923723129,20.683303833007812,20.06602923723129,20.683303833007812,114700,495.2084045410156,167.0,1.0,4.0,4.0,6.0,0.000697653409589299,0.0007754841153111864,,0,2.0,135.0
2024-03-18,20.95969694246501,21.56775833955648,20.94127041352272,21.079465866088867,26700,498.1515197753906,167.0,1.0,4.0,4.0,6.0,0.0007439172750997389,0.0007574457145778081,,0,2.0,136.0
2024-03-19,21.466413281045487,21.558544164615512,20.88599170188007,21.447988510131836,51400,500.9197692871094,166.0,1.0,4.0,4.0,6.0,0.0008476571254927601,0.0007398749982814511,,0,2.0,137.0
2024-03-20,20.88599170188007,21.65067504818554,20.88599170188007,21.447988510131836,36700,505.55303955078125,164.0,1.0,4.0,4.0,6.0,0.0008745496022882202,0.0006916525435994404,,0,2.0,138.0
2024-03-21,21.00576053953473,22.175818714691165,21.00576053953473,21.761232376098633,37000,507.2236633300781,162.0,1.0,1.0,4.0,5.0,0.0008774812449287426,0.000684481791671097,,0,2.0,139.0
2024-03-22,21.761232230514928,22.59040665940321,21.02418692697501,21.65067481994629,188700,506.2620544433594,160.0,1.0,1.0,4.0,5.0,0.0008456421981130642,0.000697653409589299,,0,2.0,140.0
2024-03-25,22.11132822438327,22.11132822438327,21.604610988808016,21.687528610229492,14000,504.86334228515625,158.0,1.0,1.0,4.0,5.0,0.0008690554935095749,0.0007439172750997389,,0,2.0,141.0
2024-03-26,22.221884776804696,22.221884776804696,21.097891177686414,21.383495330810547,11300,503.9308776855469,157.0,1.0,1.0,4.0,5.0,0.0008819544939680569,0.0008476571254927601,,0,2.0,142.0
2024-03-27,21.457204797468663,21.623038302559614,21.28215626974685,21.567760467529297,23200,508.16583251953125,155.0,1.0,1.0,4.0,5.0,0.0008966142189611725,0.0008745496022882202,,0,2.0,143.0
2024-03-28,21.633821487426758,22.099064960274646,21.280237228958086,21.633821487426758,23600,508.06878662109375,153.0,1.0,1.0,4.0,5.0,0.0008888251027857865,0.0008774812449287426,,0,2.0,144.0
2024-04-01,20.991786700461766,21.382591320339976,20.991786700461766,21.112751007080078,15800,507.184814453125,154.0,1.0,1.0,4.0,5.0,0.0008486775313306824,0.0008456421981130642,,0,2.0,145.0
2024-04-02,19.38204457979614,21.13135939868331,19.38204457979614,21.112751007080078,20900,503.9600524902344,152.0,1.0,1.0,4.0,5.0,0.0007863440660750555,0.0008690554935095749,,0,2.0,146.0
2024-04-03,21.131358458761547,21.559383392333984,20.34975102853414,21.559383392333984,42800,504.51361083984375,152.0,1.0,1.0,4.0,5.0,0.0007335154121159504,0.0008819544939680569,,0,2.0,147.0
2024-04-04,21.661738172755385,21.661738172755385,21.31745719909668,21.31745719909668,15700,498.35552978515625,151.0,1.0,1.0,4.0,5.0,0.000715655157569657,0.0008966142189611725,,0,2.0,148.0
2024-04-05,21.25232447612188,21.587300383813652,21.25232447612188,21.57799530029297,38400,503.561767578125,149.0,1.0,1.0,4.0,5.0,0.0006986572267163598,0.0008888251027857865,,0,2.0,149.0
2024-04-08,22.313076531841553,22.313076531841553,21.410504833431332,21.633821487426758,50000,503.84344482421875,147.0,1.0,1.0,4.0,5.0,0.0006963458067429902,0.0008486775313306824,,0,2.0,150.0
2024-04-09,22.58292000040721,22.58292000040721,21.95949363708496,21.95949363708496,17000,504.42620849609375,146.0,1.0,1.0,4.0,5.0,0.0007061682345267046,0.0007863440660750555,,0,2.0,151.0
2024-04-10,21.95949244023564,22.41543083411953,21.4477235513564,21.615211486816406,11400,499.37542724609375,146.0,1.0,1.0,4.0,5.0,0.0007114173617306603,0.0007335154121159504,,0,2.0,152.0
2024-04-11,22.499177186652076,22.499177186652076,21.773396647650546,21.847835540771484,9700,503.1441345214844,144.0,1.0,1.0,3.0,3.0,0.0007362889743988081,0.000715655157569657,,0,1.0,153.0
2024-04-12,21.72687204350365,21.95949379605773,21.587299346923828,21.587299346923828,24800,496.19921875,143.0,1.0,1.0,3.0,3.0,0.0007522071971718852,0.0006986572267163598,,0,1.0,154.0
2024-04-15,21.29884835374729,22.2386405025375,21.29884835374729,21.643129348754883,11700,489.9826965332031,141.0,1.0,1.0,3.0,3.0,0.0007705828366712993,0.0006963458067429902,,0,1.0,155.0
2024-04-16,21.4942505437751,21.80131118976775,20.93595797612578,21.112751007080078,17800,489.089111328125,143.0,1.0,4.0,3.0,4.0,0.0007401086215937561,0.0007061682345267046,,0,2.0,156.0
2024-04-17,20.86151846159092,20.86151846159092,20.47071385339914,20.628896713256836,13000,486.1945495605469,144.0,1.0,4.0,3.0,4.0,0.0006828899869865761,0.0007114173617306603,,1,2.0,157.0
2024-04-18,20.70333212013546,20.935953829350463,20.70333212013546,20.77777099609375,18000,485.1940612792969,143.0,1.0,4.0,3.0,4.0,0.0006301158991953087,0.0007362889743988081,,0,2.0,158.0
2024-04-19,20.935956948706103,21.345371714858903,20.935956948706103,21.122055053710938,22100,480.95916748046875,142.0,1.0,4.0,3.0,4.0,0.0006225694147164117,0.0007522071971718852,,0,2.0,159.0
2024-04-22,21.215101621007317,21.215101621007317,20.90804100036621,20.90804100036621,10400,485.38836669921875,141.0,1.0,4.0,3.0,4.0,0.000616411366800911,0.0007705828366712993,,0,2.0,160.0
2024-04-23,20.563761824810815,21.40119971976194,20.563761824810815,21.094139099121094,13100,491.1483154296875,139.0,1.0,4.0,3.0,4.0,0.0006573778132555551,0.0007401086215937561,,0,2.0,161.0
2024-04-24,21.29884829658824,21.550080229452266,20.935958910071236,21.205801010131836,1007500,490.91522216796875,137.0,1.0,4.0,3.0,4.0,0.0006699346001983088,0.0006828899869865761,,0,2.0,162.0
2024-04-25,21.103443472941233,21.20579760130575,20.470712088075025,21.06622314453125,76700,489.05023193359375,136.0,1.0,4.0,3.0,4.0,0.0006899459603360193,0.0006301158991953087,,0,2.0,163.0
2024-04-26,20.70333459176999,21.40119980272853,20.70333459176999,21.17788314819336,199500,493.6834411621094,134.0,1.0,4.0,3.0,4.0,0.000695461914054063,0.0006225694147164117,,0,2.0,164.0
2024-04-29,21.326759501434548,21.401198381335636,21.18718682346537,21.308149337768555,59200,495.43182373046875,132.0,1.0,4.0,3.0,4.0,0.0006871863526740168,0.000616411366800911,,0,2.0,165.0
2024-04-30,21.512859266571194,21.61521162519186,21.243017196655273,21.243017196655273,12500,487.58355712890625,130.0,1.0,4.0,3.0,4.0,0.0006974340474594582,0.0006573778132555551,,0,2.0,166.0
2024-05-01,21.215104142039145,21.615213859612492,21.215104142039145,21.57799530029297,14700,486.00030517578125,130.0,1.0,4.0,3.0,4.0,0.0007020364797653273,0.0006699346001983088,,0,2.0,167.0
2024-05-02,21.931576605739437,21.931576605739437,21.22440632759295,21.401199340820312,17200,490.54608154296875,129.0,1.0,4.0,3.0,4.0,0.0007216745229401671,0.0006899459603360193,,0,2.0,168.0
2024-05-03,21.78269958808104,21.78269958808104,21.401200076524045,21.596601486206055,19300,496.6265869140625,127.0,1.0,4.0,3.0,4.0,0.0007364963122871224,0.000695461914054063,,0,2.0,169.0
2024-05-06,21.68034458378127,22.033930608189337,21.68034458378127,21.773393630981445,52300,501.755126953125,126.0,1.0,1.0,3.0,3.0,0.0007292179501695137,0.0006871863526740168,,0,1.0,170.0
2024-05-07,21.438422653230322,21.438422653230322,20.703337026037477,20.852214813232422,22900,502.3088073730469,137.0,1.0,1.0,3.0,3.0,0.000659756675795446,0.0006974340474594582,,1,1.0,171.0
2024-05-08,20.935959611491022,20.95456977931109,19.74493549245586,19.968252182006836,36100,502.35736083984375,148.0,1.0,1.0,4.0,5.0,0.000540503144288256,0.0007020364797653273,,0,2.0,172.0
2024-05-09,20.452102462895954,20.452102462895954,19.698408540359182,20.117128372192383,32600,505.2518615722656,146.0,1.0,4.0,4.0,6.0,0.0004326109723866172,0.0007216745229401671,,0,2.0,173.0
2024-05-10,19.670494853653118,20.452104085233266,19.670494853653118,20.321836471557617,39600,505.9027404785156,144.0,1.0,4.0,4.0,6.0,0.00040096654543725243,0.0007364963122871224,,0,2.0,174.0
2024-05-13,19.986859806758677,20.210176467895508,19.72632458948057,20.210176467895508,45600,505.97064208984375,142.0,1.0,4.0,4.0,6.0,0.0004228334416405837,0.0007292179501695137,,0,2.0,175.0
2024-05-14,20.40557835942087,20.814993099546555,20.154346466064453,20.154346466064453,10900,508.2920837402344,140.0,1.0,4.0,4.0,6.0,0.00043694019952289823,0.000659756675795446,,0,2.0,176.0
2024-05-15,20.00546833996395,20.926650157530275,19.986858176030186,20.461406707763672,21700,514.5863647460938,140.0,1.0,4.0,4.0,6.0,0.00044539974258182483,0.000540503144288256,,0,2.0,177.0
2024-05-16,20.442797413629805,20.73124964258746,19.996164108793618,20.28461456298828,9400,513.5274658203125,138.0,1.0,4.0,4.0,6.0,0.000459787056727693,0.0004326109723866172,,0,2.0,178.0
2024-05-17,19.754237662215814,20.266006553191733,19.754237662215814,20.163652420043945,28100,514.2656860351562,136.0,1.0,4.0,4.0,6.0,0.00047140707291602594,0.00040096654543725243,,0,2.0,179.0
2024-05-20,20.28461510513103,20.54515209396362,20.28461510513103,20.331140518188477,31200,514.8582153320312,135.0,1.0,4.0,4.0,6.0,0.00047581261032254374,0.0004228334416405837,,0,2.0,180.0
2024-05-21,20.228785762662085,20.535846380354137,19.912420062644458,20.3869686126709,6800,516.1209716796875,133.0,1.0,4.0,4.0,6.0,0.0004793076666438202,0.00043694019952289823,,0,2.0,181.0
2024-05-22,20.0054705858258,20.480019170833245,19.670494696464523,19.800764083862305,80200,514.6348266601562,137.0,1.0,4.0,4.0,6.0,0.0004473434515986565,0.00044539974258182483,,0,2.0,182.0
2024-05-23,19.540225982666016,20.46140785173442,19.540225982666016,19.540225982666016,21800,510.8758850097656,136.0,1.0,4.0,4.0,6.0,0.00041121063576103145,0.000459787056727693,,0,2.0,183.0
2024-05-24,19.540226790028846,19.89381106533361,19.540226790028846,19.819372177124023,21500,514.2559814453125,135.0,1.0,4.0,4.0,6.0,0.00037734972150150646,0.00047140707291602594,,0,2.0,184.0
2024-05-28,19.912420272633966,20.247396140835285,19.912420272633966,20.09851837158203,35500,514.6152954101562,135.0,1.0,4.0,4.0,6.0,0.0004064091766179984,0.00047581261032254374,,0,2.0,185.0
2024-05-29,20.005468824225446,20.238090554739696,19.623969328163113,19.78215217590332,11100,511.0116882324219,134.0,1.0,4.0,4.0,6.0,0.00043092108670858813,0.0004793076666438202,,0,2.0,186.0
2024-05-30,19.81937232020366,19.875202817836215,19.54022693109328,19.633275985717773,23100,507.6219177246094,133.0,1.0,4.0,4.0,6.0,0.0004481092785581884,0.0004473434515986565,,0,2.0,187.0
2024-05-31,19.912419857676653,19.912419857676653,19.54022544229973,19.679798126220703,8200,512.245361328125,131.0,1.0,4.0,4.0,6.0,0.00043941239692746765,0.00041121063576103145,,0,2.0,188.0
2024-06-03,19.27038478655388,20.14504305751622,19.27038478655388,19.90311622619629,21300,512.6630249023438,130.0,1.0,4.0,4.0,6.0,0.0004466389356382167,0.00037734972150150646,,0,2.0,189.0
2024-06-04,19.912420825334703,19.912420825334703,19.54953147455271,19.586750030517578,54600,513.2361450195312,130.0,1.0,4.0,4.0,6.0,0.00044687092959966226,0.0004064091766179984,,0,2.0,190.0
2024-06-05,19.63327432126192,19.977553486993454,19.400652591803276,19.512310028076172,37500,519.3359985351562,128.0,1.0,4.0,4.0,6.0,0.0004497688946680108,0.00043092108670858813,,0,2.0,191.0
2024-06-06,19.400653049117103,20.145041891026374,19.140116067067364,19.28899383544922,15900,519.3263549804688,127.0,1.0,4.0,4.0,6.0,0.0004261331341895245,0.0004481092785581884,,0,2.0,192.0
2024-06-07,19.679798253850294,19.679798253850294,19.16803115123342,19.30760383605957,19900,518.6949462890625,125.0,1.0,4.0,3.0,4.0,0.0004121136682313662,0.00043941239692746765,,0,2.0,193.0
2024-06-10,19.028458466407272,19.409957966488136,19.028458466407272,19.30760383605957,19700,520.297607421875,123.0,1.0,4.0,3.0,4.0,0.00039603009952529736,0.0004466389356382167,,0,2.0,194.0
2024-06-11,19.140116525236404,19.25177574157715,19.07498272185557,19.25177574157715,11500,521.5507202148438,122.0,1.0,4.0,3.0,4.0,0.0004039266172232373,0.00044687092959966226,,0,2.0,195.0
2024-06-12,19.065678577422656,19.428567942551346,19.065678577422656,19.344825744628906,7800,525.8342895507812,120.0,1.0,4.0,3.0,4.0,0.00042197490170035363,0.0004497688946680108,,0,2.0,196.0
2024-06-13,18.833053519323542,19.08428539327648,18.395725341332092,18.479469299316406,41400,526.892822265625,134.0,1.0,4.0,3.0,4.0,0.0003812070229433317,0.0004261331341895245,,0,2.0,197.0
2024-06-14,18.358508950711727,18.693484854449213,18.358508950711727,18.646961212158203,34200,527.2134399414062,132.0,1.0,4.0,3.0,4.0,0.00034456809910339987,0.0004121136682313662,,0,2.0,198.0
2024-06-17,17.679253943416803,18.37711923065694,17.679253943416803,18.358509063720703,29600,531.4095458984375,132.0,1.0,4.0,3.0,4.0,0.00026982547216742843,0.00039603009952529736,,0,2.0,199.0
2024-06-18,18.144497008836563,18.23754606639861,17.958398893712463,18.042142868041992,27200,532.759765625,132.0,1.0,4.0,3.0,4.0,0.00022853690933461024,0.0004039266172232373,,0,2.0,200.0
2024-06-20,17.911874362354503,18.032836888840887,17.818825309415633,17.8653507232666,26600,531.3123779296875,131.0,1.0,4.0,3.0,4.0,0.00019107207309621263,0.00042197490170035363,,0,2.0,201.0
2024-06-21,17.81882515052986,17.91187420263904,17.69786262512207,17.69786262512207,15100,530.60009765625,130.0,1.0,4.0,3.0,4.0,0.0001691802897432758,0.0003812070229433317,,0,2.0,202.0
2024-06-24,17.69786540273133,17.91187701383657,17.586206167723237,17.874656677246094,51300,528.8753051757812,128.0,1.0,4.0,3.0,4.0,0.00018856317781537632,0.00034456809910339987,,0,2.0,203.0
2024-06-25,18.144496831597145,18.600435256958008,17.725776964039646,18.600435256958008,9400,530.9119262695312,138.0,1.0,4.0,4.0,6.0,0.00021894917410775032,0.00026982547216742843,,0,2.0,204.0
2024-06-26,18.237545974819415,18.377118673080055,17.697863573385312,18.14449691772461,7500,531.5745849609375,140.0,1.0,4.0,4.0,6.0,0.00022564626281441308,0.00022853690933461024,,0,2.0,205.0
2024-06-27,18.60974052188365,18.60974052188365,17.762997470119,18.042142868041992,8600,532.41259765625,138.0,1.0,4.0,4.0,6.0,0.00022367569377967464,0.00019107207309621263,,0,2.0,206.0
2024-06-28,18.144496831597145,18.600435256958008,17.883959827921018,18.600435256958008,25200,530.3175048828125,142.0,1.0,4.0,4.0,6.0,0.00020577257467720676,0.0001691802897432758,,0,2.0,207.0
2024-07-01,18.609738436285916,19.056371732813666,18.293372740888017,18.786531448364258,15600,531.408935546875,141.0,1.0,4.0,4.0,6.0,0.00022524072428288617,0.00018856317781537632,,0,2.0,208.0
2024-07-02,17.762995671155842,19.354127472747294,17.762995671155842,19.30760383605957,4800,534.9850463867188,143.0,1.0,1.0,4.0,5.0,0.00028643508926230163,0.00021894917410775032,,0,2.0,209.0
2024-07-03,19.242470739105205,19.335519790649414,18.935410111343444,19.335519790649414,6100,537.37255859375,141.0,1.0,1.0,4.0,5.0,0.0003341653844031011,0.00022564626281441308,,0,2.0,210.0
2024-07-05,18.99123930133688,19.810068845430557,18.99123930133688,19.651885986328125,13800,540.4713745117188,141.0,1.0,1.0,4.0,5.0,0.000390176013813679,0.00022367569377967464,,0,2.0,211.0
2024-07-08,19.726321993429142,20.219478889669034,19.316907281177127,19.558834075927734,45100,541.0950317382812,139.0,1.0,1.0,4.0,5.0,0.0003925719404511339,0.00020577257467720676,,0,2.0,212.0
2024-07-09,19.428566767583625,19.540225982666016,19.354127882449703,19.540225982666016,6500,541.6212158203125,137.0,1.0,1.0,4.0,5.0,0.0004014475080207888,0.00022524072428288617,,0,2.0,213.0
2024-07-10,19.642580825079758,19.67979938161017,19.428567469668355,19.56814193725586,15800,546.9806518554688,135.0,1.0,1.0,4.0,5.0,0.0003777987058336547,0.00028643508926230163,,0,2.0,214.0
2024-07-11,19.31691003347294,19.568141945520864,19.31691003347294,19.382043838500977,100900,542.2643432617188,134.0,1.0,1.0,4.0,5.0,0.0003410246931483326,0.0003341653844031011,,0,2.0,215.0
2024-07-12,19.521616062456896,19.67979891719518,19.46578734159722,19.60536003112793,10900,545.6846923828125,132.0,1.0,1.0,4.0,5.0,0.0003152775799236064,0.000390176013813679,,0,2.0,216.0
2024-07-15,20.00547036034225,20.00547036034225,19.335520363933878,19.363433837890625,16200,547.1853637695312,132.0,1.0,1.0,4.0,5.0,0.00029162630411329153,0.0003925719404511339,,0,2.0,217.0
2024-07-16,19.86589663547118,19.977554075030703,19.819371223352213,19.91242027282715,12600,550.4302978515625,135.0,1.0,1.0,4.0,5.0,0.000316460498912745,0.0004014475080207888,,0,2.0,218.0
2024-07-17,19.912420354504768,20.405579076410685,19.679798617244753,19.996164321899414,37100,542.7125244140625,133.0,1.0,1.0,4.0,5.0,0.00034116758143231844,0.0003777987058336547,,0,2.0,219.0
2024-07-18,20.079908342090075,20.32183516244815,19.7263240814209,19.7263240814209,17700,538.5419311523438,133.0,1.0,1.0,4.0,5.0,0.00039770966231642777,0.0003410246931483326,,0,2.0,220.0
2024-07-19,19.69840900127338,19.69840900127338,19.50300581692474,19.521615982055664,2200,534.965576171875,131.0,1.0,1.0,4.0,5.0,0.00041036554810304905,0.0003152775799236064,,1,2.0,221.0
2024-07-22,19.931031786224906,19.931031786224906,18.609740163617538,19.698410034179688,15100,540.4811401367188,130.0,1.0,1.0,4.0,5.0,0.00042183073019884783,0.00029162630411329153,,0,2.0,222.0
2024-07-23,19.596055113199558,19.596055113199558,18.926105132964405,19.586750030517578,12800,539.6333618164062,128.0,1.0,1.0,4.0,5.0,0.0004109505968277433,0.000316460498912745,,0,2.0,223.0
2024-07-24,19.372739219015347,19.503006832187058,18.69348412924411,19.344825744628906,12500,527.4038696289062,128.0,1.0,1.0,4.0,5.0,0.0003990570004191475,0.00034116758143231844,,0,2.0,224.0
2024-07-25,18.181718930770725,19.58675290117529,18.181718930770725,18.702791213989258,21500,524.6559448242188,134.0,1.0,4.0,4.0,6.0,0.00033064841080788614,0.00039770966231642777,,0,2.0,225.0
2024-07-26,19.130812320151406,19.242471541613824,18.702789149865566,19.074983596801758,9100,530.5319213867188,134.0,1.0,4.0,4.0,6.0,0.0002988448897819844,0.00041036554810304905,,0,2.0,226.0
2024-07-29,19.074981155118063,19.568139843408925,18.96332194794853,19.214553833007812,21100,530.8436889648438,133.0,1.0,4.0,4.0,6.0,0.000336085494313042,0.00042183073019884783,,0,2.0,227.0
2024-07-30,19.214555168184944,19.261080580556403,18.81444549560547,18.81444549560547,16000,528.1542358398438,134.0,1.0,4.0,4.0,6.0,0.00033748884003725584,0.0004109505968277433,,0,2.0,228.0
2024-07-31,18.377117216939688,19.270383834838867,18.377117216939688,19.270383834838867,2600,536.7391967773438,136.0,1.0,4.0,4.0,6.0,0.00033277232027407663,0.0003990570004191475,,0,2.0,229.0
2024-08-01,18.814445820506087,19.72632439634046,18.191019482066903,18.96332359313965,15100,529.138427734375,136.0,1.0,4.0,4.0,6.0,0.0002726090733673376,0.00033064841080788614,,0,2.0,230.0
2024-08-02,18.795838996291568,18.795838996291568,16.85112093260025,17.297754287719727,45700,519.2868041992188,183.0,4.0,4.0,4.0,12.0,0.00020088326801430845,0.0002988448897819844,,0,4.0,1.0
2024-08-05,16.748765315586287,17.50245925785402,16.283521834597778,16.990692138671875,89700,504.1631164550781,182.0,4.0,4.0,4.0,12.0,9.36666594342069e-05,0.000336085494313042,,0,4.0,2.0
2024-08-06,16.748763256363166,17.679250103938898,16.4137874233118,16.82320213317871,1073600,508.81134033203125,180.0,4.0,4.0,4.0,12.0,-2.9542957995953683e-05,0.00033748884003725584,,0,4.0,3.0
2024-08-07,18.09797272418945,18.395728277994497,17.400107479422704,17.744386672973633,33400,505.41046142578125,191.0,4.0,4.0,4.0,12.0,-5.4379294861094995e-05,0.00033277232027407663,,0,4.0,4.0
2024-08-08,17.86535168551407,18.62835076613526,17.325669279116415,17.772302627563477,35600,517.09423828125,189.0,4.0,4.0,4.0,12.0,-5.433604251126736e-05,0.0002726090733673376,,0,4.0,5.0
2024-08-09,18.12588635542734,18.144496521392426,17.16748588014577,17.911874771118164,14800,519.3743896484375,186.0,4.0,4.0,4.0,12.0,-4.389668077251261e-05,0.00020088326801430845,,0,4.0,6.0
2024-08-12,18.14449425896988,18.14449425896988,17.316361499176914,17.949092864990234,58800,519.6472778320312,183.0,4.0,4.0,4.0,12.0,-5.789137246333188e-05,9.36666594342069e-05,,0,4.0,7.0
2024-08-13,18.070058042532093,18.507386304061466,16.758071483180828,17.958398818969727,12400,528.193115234375,181.0,4.0,4.0,4.0,12.0,-8.822920909303191e-05,-2.9542957995953683e-05,,0,4.0,8.0
2024-08-14,18.12588862213883,18.330596923828125,17.911877011066686,18.330596923828125,29500,529.8595581054688,180.0,1.0,4.0,4.0,6.0,-0.00012245432072258939,-5.4379294861094995e-05,,0,2.0,9.0
2024-08-15,18.339899168379812,19.047069549560547,17.865352327820577,19.047069549560547,31000,538.9414672851562,185.0,1.0,4.0,4.0,6.0,-0.00011044845174817389,-5.433604251126736e-05,,0,2.0,10.0
2024-08-16,19.074984958575627,19.307606726363133,18.60974142300061,18.860973358154297,5000,540.1497192382812,183.0,1.0,4.0,4.0,6.0,-0.00010859022415317886,-4.389668077251261e-05,,0,2.0,11.0
2024-08-19,18.284068551295743,19.503005981445312,18.284068551295743,19.503005981445312,16000,545.3143920898438,186.0,1.0,1.0,4.0,5.0,-6.840430130822688e-05,-5.789137246333188e-05,,0,2.0,12.0
2024-08-20,18.2840694335309,19.493703614166314,18.2840694335309,19.24247169494629,9600,544.4276733398438,184.0,1.0,1.0,4.0,5.0,-5.713081698535385e-05,-8.822920909303191e-05,,0,2.0,13.0
2024-08-21,19.074983584823844,19.456483114539274,19.074983584823844,19.26108169555664,77300,546.2985229492188,181.0,1.0,1.0,4.0,5.0,-3.0406536730850143e-05,-0.00012245432072258939,,0,2.0,14.0
2024-08-22,19.26107881069075,19.48439544526455,18.935408053067896,18.981931686401367,13800,542.010986328125,180.0,1.0,1.0,4.0,5.0,-4.957193953967283e-05,-0.00011044845174817389,,0,2.0,15.0
2024-08-23,17.428019955913054,19.372737802009386,17.428019955913054,19.28899383544922,5300,547.7698974609375,178.0,1.0,1.0,4.0,5.0,-5.9121751530970646e-05,-0.00010859022415317886,,0,2.0,16.0
2024-08-26,18.860972250221543,19.28899542592123,18.470167632304676,19.140117645263672,18300,546.4642333984375,176.0,1.0,1.0,4.0,5.0,-6.875136091056854e-05,-6.840430130822688e-05,,0,2.0,17.0
2024-08-27,19.53092184815452,19.633275985717773,18.7586177118685,19.633275985717773,3000,547.2145385742188,177.0,1.0,1.0,4.0,5.0,-6.111980836900807e-05,-5.713081698535385e-05,,0,2.0,18.0
2024-08-28,19.633273201647082,19.633273201647082,18.423639212585446,18.981931686401367,17100,544.0379028320312,180.0,1.0,1.0,4.0,5.0,-8.549826988332868e-05,-3.0406536730850143e-05,,0,2.0,19.0
2024-08-29,18.981934529457448,19.503006754840914,18.981934529457448,19.26108169555664,12700,544.08642578125,179.0,1.0,1.0,4.0,5.0,-9.732410819086227e-05,-4.957193953967283e-05,,0,2.0,20.0
2024-08-30,18.93541051136894,19.94033638479756,18.93541051136894,19.382043838500977,3400,549.2803344726562,176.0,1.0,1.0,4.0,5.0,-8.618415464716707e-05,-5.9121751530970646e-05,,0,2.0,21.0
2024-09-03,18.358506863362113,19.28899380149213,18.358506863362113,18.935409545898438,18200,537.9767456054688,176.0,1.0,1.0,4.0,5.0,-8.01534249047429e-05,-6.875136091056854e-05,,0,2.0,22.0
2024-09-04,18.88888380292502,18.88888380292502,18.498079224772496,18.786531448364258,14100,536.8756103515625,174.0,1.0,1.0,4.0,5.0,-8.48084141068844e-05,-6.111980836900807e-05,,0,2.0,23.0
2024-09-05,18.795838140750877,19.214556226580164,18.795838140750877,18.80514144897461,15500,535.5697631835938,172.0,1.0,1.0,4.0,5.0,-0.00010291264443871135,-8.549826988332868e-05,,0,2.0,24.0
2024-09-06,20.098518964432508,20.098518964432508,17.977008027850488,18.05144691467285,20100,526.5560913085938,178.0,1.0,4.0,4.0,6.0,-0.00012647931259490328,-9.732410819086227e-05,,0,2.0,25.0
2024-09-09,18.377117319644064,18.70278810810935,18.218934466661672,18.544605255126953,21400,532.4515380859375,179.0,1.0,4.0,4.0,6.0,-0.0001452326512907133,-8.618415464716707e-05,,0,2.0,26.0
2024-09-10,17.94909432922836,19.372738243682424,17.94909432922836,18.712093353271484,4600,534.770751953125,177.0,1.0,4.0,4.0,6.0,-0.00017441217406132737,-8.01534249047429e-05,,0,2.0,27.0
2024-09-11,18.284068510823456,18.609739303588867,18.1910194593529,18.609739303588867,10500,540.2568969726562,174.0,1.0,4.0,4.0,6.0,-0.0001678555043062689,-8.48084141068844e-05,,0,2.0,28.0
2024-09-12,18.553909717910685,18.795836530553956,18.311982905267413,18.786531448364258,20400,544.8076782226562,172.0,1.0,4.0,4.0,6.0,-0.00017281767901614924,-0.00010291264443871135,,0,2.0,29.0
2024-09-13,18.107275887953453,18.65626335144043,18.107275887953453,18.65626335144043,10600,547.6530151367188,170.0,1.0,4.0,4.0,6.0,-0.00017395674258523144,-0.00012647931259490328,,0,2.0,30.0
2024-09-16,18.107275486472844,18.870276288551004,18.107275486472844,18.79583740234375,9500,548.4619140625,168.0,1.0,4.0,4.0,6.0,-0.00013491427128031728,-0.0001452326512907133,,0,2.0,31.0
2024-09-17,18.749311611400746,19.0749823975307,18.730701446533203,18.730701446533203,5800,548.6859741210938,165.0,1.0,4.0,4.0,6.0,-7.972537155526625e-05,-0.00017441217406132737,,0,2.0,32.0
2024-09-18,18.786532160461174,19.121506258172587,18.19101930108851,18.442251205444336,7400,547.0587768554688,164.0,1.0,4.0,4.0,6.0,-4.039126260439842e-05,-0.0001678555043062689,,0,2.0,33.0
2024-09-19,19.121506198723495,19.409958432352134,18.488776560674427,19.084287643432617,41400,556.3939819335938,168.0,1.0,4.0,4.0,6.0,-4.040616484410662e-05,-0.00017281767901614924,,0,2.0,34.0
2024-09-20,20.098518083091715,20.098518083091715,18.805140040969864,19.30760383605957,9700,555.43212890625,167.0,1.0,1.0,4.0,5.0,-3.142152554901387e-05,-0.00017395674258523144,,0,2.0,35.0
2024-09-23,19.419264178171346,19.493703066058735,19.195945739746094,19.195945739746094,5400,556.820068359375,164.0,1.0,1.0,4.0,5.0,-1.880526054887746e-05,-0.00013491427128031728,,0,2.0,36.0
2024-09-24,19.195946761232673,19.214556927885607,18.842362468642825,19.019155502319336,8000,558.4132080078125,162.0,1.0,1.0,4.0,5.0,-2.6521905111830953e-05,-7.972537155526625e-05,,0,2.0,37.0
2024-09-25,19.52161581769178,19.865896770663053,17.865350179771276,19.540225982666016,7700,557.1817016601562,164.0,1.0,1.0,4.0,5.0,-2.546082578399447e-05,-4.039126260439842e-05,,0,2.0,38.0
2024-09-26,19.586750181822524,19.977554783669373,19.074983053701608,19.940336227416992,10300,559.3908081054688,164.0,1.0,1.0,4.0,5.0,-1.283033921736939e-05,-4.040616484410662e-05,,0,2.0,39.0
2024-09-27,19.670807145522417,19.670807145522417,19.33980941772461,19.33980941772461,2600,558.5794677734375,167.0,1.0,1.0,4.0,5.0,-2.6372155737736222e-05,-3.142152554901387e-05,,0,2.0,40.0
2024-09-30,19.2925224520482,19.831577947915367,18.829123836236032,19.443836212158203,6400,560.8177490234375,165.0,1.0,1.0,4.0,5.0,-6.513866598829848e-05,-1.880526054887746e-05,,0,2.0,41.0
2024-10-01,20.427379265411282,20.427379265411282,19.61406637995377,19.699180603027344,4000,555.7937622070312,163.0,1.0,1.0,4.0,5.0,-0.00010433120117992708,-2.6521905111830953e-05,,0,2.0,42.0
2024-10-02,19.69917909419705,20.427377700805664,19.623522213237866,20.427377700805664,21800,556.0283813476562,168.0,1.0,1.0,4.0,5.0,-6.614894526269179e-05,-2.546082578399447e-05,,0,2.0,43.0
2024-10-03,20.4273792696622,20.4273792696622,19.623523720356964,19.774837493896484,4400,555.0117797851562,172.0,1.0,1.0,4.0,5.0,-5.3419597507819526e-05,-1.283033921736939e-05,,0,2.0,44.0
2024-10-04,20.276062836491334,20.276062836491334,19.576236274717388,19.859949111938477,9000,560.055419921875,169.0,1.0,1.0,4.0,5.0,-3.501543820542663e-05,-2.6372155737736222e-05,,0,2.0,45.0
2024-10-07,20.18149193084816,20.38009056245391,19.39655113220215,19.39655113220215,17400,554.9922485351562,170.0,1.0,1.0,4.0,5.0,-6.610079279349853e-05,-6.513866598829848e-05,,0,2.0,46.0
2024-10-08,19.330351442573093,20.408462414708602,19.311436771952614,19.727550506591797,17800,560.2410888671875,169.0,1.0,1.0,4.0,5.0,-4.8835639544868435e-05,-0.00010433120117992708,,0,2.0,47.0
2024-10-09,19.72755005556497,19.72755005556497,18.923694610595703,18.923694610595703,5200,564.12158203125,176.0,4.0,1.0,4.0,11.0,-8.319988715864211e-05,-6.614894526269179e-05,,0,2.0,48.0
2024-10-10,18.744009545681184,19.9828916280494,18.744009545681184,18.91423797607422,5800,563.1343383789062,173.0,4.0,1.0,4.0,11.0,-9.575681793437443e-05,-5.3419597507819526e-05,,0,2.0,49.0
2024-10-11,18.819666936912782,19.396551788078312,18.819666936912782,19.00881004333496,13500,566.506591796875,171.0,4.0,1.0,4.0,11.0,-0.00013222749954004405,-3.501543820542663e-05,,0,2.0,50.0
2024-10-14,19.008810248077342,19.264152903356855,18.933153365454046,19.056095123291016,9300,571.1395263671875,168.0,4.0,1.0,4.0,11.0,-0.0001297504804014917,-6.610079279349853e-05,,0,2.0,51.0
2024-10-15,18.86695447435606,19.4627522202462,18.110383818026076,18.517040252685547,11800,566.7019653320312,170.0,4.0,1.0,4.0,11.0,-0.0001466616207508245,-4.8835639544868435e-05,,0,2.0,52.0
2024-10-16,17.59969767950666,19.188493837639303,17.59969767950666,18.781837463378906,6700,569.165283203125,169.0,4.0,4.0,4.0,12.0,-0.0001489362888822299,-8.319988715864211e-05,,0,4.0,53.0
2024-10-17,18.71563944119322,19.188495393072152,18.11038259620262,18.204954147338867,9100,569.214111328125,172.0,4.0,4.0,4.0,12.0,-0.00017222095567127004,-9.575681793437443e-05,,0,4.0,54.0
2024-10-18,18.091468129686938,18.75346719132036,18.091468129686938,18.252239227294922,23100,571.403564453125,169.0,4.0,4.0,4.0,12.0,-0.00016685920766477524,-0.00013222749954004405,,0,4.0,55.0
2024-10-21,18.157670648507914,18.346811961299228,17.79829908774026,17.807756423950195,24100,570.465087890625,170.0,4.0,4.0,4.0,12.0,-0.00020589728774583172,-0.0001297504804014917,,0,4.0,56.0
2024-10-22,17.694267570006154,17.722639574429717,17.56186849030054,17.665897369384766,14000,570.1621704101562,168.0,4.0,4.0,4.0,12.0,-0.00023280809846564637,-0.0001466616207508245,,1,4.0,57.0
2024-10-23,17.495672217631622,17.495672217631622,17.05118822147151,17.193044662475586,13200,564.952392578125,169.0,4.0,4.0,4.0,12.0,-0.00029010399258724216,-0.0001489362888822299,,1,4.0,58.0
2024-10-24,17.211960535193366,17.495673436974602,17.183588523494187,17.353816986083984,28500,566.1741943359375,167.0,4.0,4.0,4.0,12.0,-0.00031846228312128454,-0.00017222095567127004,,0,4.0,59.0
2024-10-25,17.344357435535496,17.495671204350007,17.211958338773403,17.306528091430664,22900,565.9786376953125,165.0,4.0,4.0,4.0,12.0,-0.0003361297416477286,-0.00016685920766477524,,0,4.0,60.0
2024-10-28,17.325441886354678,17.495670318603516,17.297071683514748,17.495670318603516,30400,567.728271484375,163.0,4.0,4.0,4.0,12.0,-0.00031729376752553473,-0.00020589728774583172,,0,4.0,61.0
2024-10-29,17.495669451803547,17.703725412131867,17.287613491475224,17.684812545776367,9700,568.647216796875,161.0,4.0,4.0,4.0,12.0,-0.00027381965791618417,-0.00023280809846564637,,0,4.0,62.0
2024-10-30,17.590240494724107,17.968524868027405,17.211956121420805,17.665897369384766,3800,566.9267578125,159.0,4.0,4.0,4.0,12.0,-0.0002265559566778584,-0.00029010399258724216,,0,4.0,63.0
2024-10-31,17.40109789094257,17.609155654907227,17.145755255423524,17.609155654907227,22000,555.8133544921875,157.0,4.0,4.0,4.0,12.0,-0.00022290652262928385,-0.00031846228312128454,,0,4.0,64.0
2024-11-01,17.02281621174969,17.561871769846693,17.02281621174969,17.193044662475586,24400,558.1591186523438,158.0,4.0,4.0,4.0,12.0,-0.00026319574062212003,-0.0003361297416477286,,0,4.0,65.0
2024-11-04,17.25924089413985,17.35381243788187,17.0322702714403,17.211956024169922,29500,556.9569091796875,155.0,4.0,4.0,4.0,12.0,-0.00030309907908351446,-0.00031729376752553473,,0,4.0,66.0
2024-11-05,17.02281327535988,17.315983443370904,16.928241729736328,16.928241729736328,19100,563.6915893554688,155.0,4.0,4.0,4.0,12.0,-0.0003371156899554402,-0.00027381965791618417,,0,4.0,67.0
2024-11-06,17.4010973411962,17.42001201074128,17.060642308395565,17.363269805908203,10500,577.7080078125,156.0,4.0,4.0,4.0,12.0,-0.0003373411708296129,-0.0002265559566778584,,0,4.0,68.0
2024-11-07,17.36327122854434,17.968526273160368,16.92824281237483,17.495670318603516,35400,582.1749877929688,154.0,4.0,4.0,4.0,12.0,-0.00033950110024195983,-0.00022290652262928385,,0,4.0,69.0
2024-11-08,16.909327059851176,17.38218298416673,16.786385313202103,16.928241729736328,16500,584.69677734375,159.0,4.0,4.0,4.0,12.0,-0.00034130224038168367,-0.00026319574062212003,,0,4.0,70.0
2024-11-11,15.39619044492531,16.928242719120433,15.39619044492531,16.81475830078125,31800,585.25390625,156.0,4.0,4.0,4.0,12.0,-0.0003682928446193566,-0.00030309907908351446,,0,4.0,71.0
2024-11-12,16.73910160579884,16.73910160579884,16.218958970616153,16.710729598999023,31100,583.4358520507812,154.0,4.0,4.0,4.0,12.0,-0.0003933942925647171,-0.0003371156899554402,,0,4.0,72.0
2024-11-13,16.067644018337262,16.710728361075077,16.067644018337262,16.549957275390625,12300,583.7192993164062,153.0,4.0,4.0,4.0,12.0,-0.00041370971082065863,-0.0003373411708296129,,0,4.0,73.0
2024-11-14,16.710731313873236,16.966073989868164,16.200045961883376,16.966073989868164,34900,579.9658813476562,154.0,4.0,4.0,4.0,12.0,-0.0004024502836457076,-0.00033950110024195983,,0,4.0,74.0
2024-11-15,16.200043761022727,16.68235703777642,16.200043761022727,16.38918685913086,13500,572.5374145507812,159.0,4.0,4.0,4.0,12.0,-0.00041969290218111106,-0.00034130224038168367,,0,4.0,75.0
2024-11-18,16.549959362292416,16.549959362292416,16.218959814286084,16.29461669921875,36400,574.88330078125,157.0,4.0,4.0,4.0,12.0,-0.00041856248558634466,-0.0003682928446193566,,0,4.0,76.0
2024-11-19,16.200043748722553,16.455386389833976,16.077101997707203,16.31352996826172,24400,576.9847412109375,155.0,4.0,4.0,4.0,12.0,-0.0004413917863662663,-0.0003933942925647171,,0,4.0,77.0
2024-11-20,16.17167683349784,16.33244795830289,16.077105265294406,16.218961715698242,19700,577.1802978515625,152.0,4.0,4.0,3.0,10.0,-0.00043282447421313393,-0.00041370971082065863,,0,4.0,78.0
2024-11-21,16.12438688253993,16.38918685913086,16.07710200991403,16.38918685913086,77800,580.2787475585938,151.0,4.0,4.0,3.0,10.0,-0.00042851521891320725,-0.0004024502836457076,,0,4.0,79.0
2024-11-22,16.389186637753724,16.389186637753724,16.077101792752387,16.266244888305664,16800,582.0771484375,149.0,4.0,4.0,3.0,10.0,-0.0004243090933712841,-0.00041969290218111106,,0,4.0,80.0
2024-11-25,16.07710118439581,16.07710118439581,15.642074606407792,15.982529640197754,30700,584.0515747070312,149.0,4.0,4.0,3.0,10.0,-0.00043695894573345903,-0.00041856248558634466,,1,4.0,81.0
2024-11-26,15.982532487250865,15.982532487250865,15.358362709680064,15.604248046875,27200,587.101318359375,150.0,4.0,4.0,3.0,10.0,-0.00045460079686890934,-0.0004413917863662663,,0,4.0,82.0
2024-11-27,15.367817725127889,15.887958526611328,15.367817725127889,15.887958526611328,14900,585.3223876953125,150.0,4.0,4.0,3.0,10.0,-0.0004610699705647596,-0.00043282447421313393,,0,4.0,83.0
2024-11-29,15.254331378819625,16.029816612639888,15.254331378819625,15.9541597366333,22000,588.9583740234375,148.0,4.0,4.0,3.0,10.0,-0.00044368762912339374,-0.00042851521891320725,,0,4.0,84.0
2024-12-02,16.077105265294406,16.313533283901677,16.0676479280938,16.218961715698242,60500,590.0140380859375,147.0,4.0,1.0,3.0,9.0,-0.00041098495215234057,-0.0004243090933712841,,0,2.0,85.0
2024-12-03,16.27570067590318,16.78638595965583,16.27570067590318,16.61615753173828,20100,590.2876586914062,149.0,4.0,1.0,3.0,9.0,-0.0003585217671085845,-0.00043695894573345903,,0,2.0,86.0
2024-12-04,16.54995848167208,16.644530033756386,16.39864471985812,16.559415817260742,66400,593.9530639648438,147.0,4.0,1.0,3.0,9.0,-0.00029704873198038565,-0.00045460079686890934,,0,2.0,87.0
2024-12-05,15.121934069739423,16.427017588621126,15.121934069739423,16.14330291748047,39700,592.9756469726562,149.0,4.0,1.0,3.0,9.0,-0.00026187165403741093,-0.0004610699705647596,,0,2.0,88.0
2024-12-06,16.200043748722553,16.427016187800884,15.793389154562686,16.31352996826172,47400,594.0997314453125,147.0,4.0,1.0,3.0,9.0,-0.00024335264879524012,-0.00044368762912339374,,0,2.0,89.0
2024-12-09,16.549957900409492,16.549957900409492,16.07710196039779,16.086559295654297,74000,591.0403442382812,146.0,4.0,1.0,3.0,9.0,-0.0002488581038106678,-0.00041098495215234057,,0,2.0,90.0
2024-12-10,16.313529904565783,16.691814295215554,15.935245513916016,15.935245513916016,10200,589.2027587890625,145.0,4.0,1.0,3.0,9.0,-0.0002479165868603868,-0.0003585217671085845,,0,2.0,91.0
2024-12-11,16.379729302595837,16.379729302595837,16.086559127910274,16.266244888305664,22600,593.7576293945312,145.0,4.0,1.0,3.0,9.0,-0.00024081613469911358,-0.00029704873198038565,,0,2.0,92.0
2024-12-12,15.632617988839327,16.502672988536055,15.632617988839327,15.859588623046875,55600,590.6983032226562,147.0,4.0,1.0,3.0,9.0,-0.0002541898874082096,-0.00026187165403741093,,0,2.0,93.0
2024-12-13,15.538046687987828,16.010902634408385,15.538046687987828,15.869046211242676,42400,590.5809326171875,145.0,4.0,1.0,3.0,9.0,-0.00027843246934969735,-0.00024335264879524012,,0,2.0,94.0
2024-12-16,15.604244950072818,15.831215569253985,15.348902327068204,15.67044448852539,47900,593.1027221679688,144.0,4.0,1.0,3.0,9.0,-0.00030991836830125674,-0.0002488581038106678,,0,2.0,95.0
2024-12-17,15.13139111345135,15.528590202331543,14.904420463205867,15.528590202331543,117400,590.6590576171875,142.0,4.0,1.0,3.0,9.0,-0.00032514270999931986,-0.0002479165868603868,,0,2.0,96.0
2024-12-18,15.140847907157763,15.642075869210657,15.131390571594238,15.131390571594238,99200,573.0554809570312,144.0,4.0,4.0,3.0,10.0,-0.00035008580019801964,-0.00024081613469911358,,0,4.0,97.0
2024-12-19,15.207047310426978,16.04873032590274,15.01790511042687,15.538046836853027,51500,572.8794555664062,147.0,4.0,4.0,3.0,10.0,-0.00037379756584916937,-0.0002541898874082096,,0,4.0,98.0
2024-12-20,15.538046704484525,15.538046704484525,14.65853435460015,15.008447647094727,28400,579.7603149414062,152.0,4.0,4.0,3.0,10.0,-0.0004258608308270961,-0.00027843246934969735,,0,4.0,99.0
2024-12-23,14.422106144193881,15.396190028219722,14.422106144193881,15.036818504333496,112500,583.2321166992188,150.0,4.0,4.0,3.0,10.0,-0.0004426062250959954,-0.00030991836830125674,,0,4.0,100.0
2024-12-24,15.538046981814205,15.538046981814205,15.112475900467189,15.131390571594238,6900,589.7147827148438,148.0,4.0,4.0,3.0,10.0,-0.0004719965068961729,-0.00032514270999931986,,0,4.0,101.0
2024-12-26,14.857134004507852,15.538046825930747,14.658534469172055,15.462389945983887,37900,589.7539672851562,149.0,4.0,4.0,3.0,10.0,-0.0004413451166605331,-0.00035008580019801964,,0,4.0,102.0
2024-12-27,15.538045898616213,15.88795827106172,15.462389023184574,15.613702774047852,21000,583.5458984375,147.0,4.0,4.0,3.0,10.0,-0.00040318876345236417,-0.00037379756584916937,,0,4.0,103.0
2024-12-30,15.613705383359708,15.925790272145107,15.28270582160489,15.604248046875,33000,576.88671875,145.0,4.0,4.0,3.0,10.0,-0.00038194639172666215,-0.0004258608308270961,,0,4.0,104.0
2024-12-31,15.604246814434344,15.604246814434344,15.225962403935801,15.367818832397461,15200,574.7879638671875,144.0,4.0,4.0,3.0,10.0,-0.0003771991676970525,-0.0004426062250959954,,0,4.0,105.0
2025-01-02,14.516678001373604,15.64207566554767,14.516678001373604,15.50021743774414,9800,573.375732421875,143.0,4.0,4.0,3.0,10.0,-0.0003857547832478458,-0.0004719965068961729,,0,4.0,106.0
2025-01-03,15.556962146504691,15.68936124098992,15.131391051655918,15.415103912353516,27200,580.544921875,141.0,4.0,4.0,3.0,10.0,-0.0003765339682371515,-0.0004413451166605331,,0,4.0,107.0
2025-01-06,15.604245439143623,15.982529816301817,15.282703267608609,15.613702774047852,36400,583.8890991210938,140.0,4.0,4.0,3.0,10.0,-0.00037726768602053197,-0.00040318876345236417,,0,4.0,108.0
2025-01-07,15.556961205167644,15.556961205167644,15.169219477235037,15.225961685180664,14200,577.2888793945312,142.0,4.0,4.0,3.0,10.0,-0.0004071385162398898,-0.00038194639172666215,,0,4.0,109.0
2025-01-08,15.131390556234145,15.62316118222431,14.753106153088755,15.017905235290527,25900,578.1322631835938,141.0,4.0,4.0,3.0,10.0,-0.0004404265629899897,-0.0003771991676970525,,0,4.0,110.0
2025-01-10,14.772019937290736,15.415103423290702,14.677449287358968,15.131390571594238,38100,569.3056030273438,139.0,4.0,4.0,3.0,10.0,-0.00045287422091022455,-0.0003857547832478458,,0,4.0,111.0
2025-01-13,14.65853412614426,15.746102426355803,14.65853412614426,15.112475395202637,45400,570.1882934570312,137.0,4.0,4.0,3.0,10.0,-0.00043488647527983767,-0.0003765339682371515,,0,4.0,112.0
2025-01-14,15.216504808102119,15.443475450521632,15.036819039760799,15.28270435333252,87500,570.9729614257812,136.0,4.0,4.0,3.0,10.0,-0.00040978079857110784,-0.00037726768602053197,,0,4.0,113.0
2025-01-15,15.197589679306716,15.320533234291553,15.131390136069774,15.225961685180664,10800,581.3589477539062,134.0,4.0,4.0,3.0,10.0,-0.00040653021202089325,-0.0004071385162398898,,0,4.0,114.0
2025-01-16,15.131389610435395,15.311075367123934,15.036818064609733,15.093561172485352,41100,580.2409057617188,133.0,4.0,4.0,1.0,8.0,-0.0004069933355095369,-0.0004404265629899897,,0,4.0,115.0
2025-01-17,15.036820146272508,15.046277482544546,14.658535714403238,14.800392150878906,17500,586.0664672851562,133.0,4.0,1.0,1.0,7.0,-0.00045091309047755513,-0.00045287422091022455,,0,2.0,116.0
2025-01-21,14.753106132764966,14.961162103257733,14.753106132764966,14.866591453552246,20100,591.4309692382812,132.0,4.0,1.0,1.0,7.0,-0.0004905656890148933,-0.00043488647527983767,,0,2.0,117.0
2025-01-22,14.932790750424914,15.017904965076475,14.838219200389593,14.894962310791016,15400,594.755615234375,130.0,4.0,1.0,1.0,7.0,-0.0005085249916331957,-0.00040978079857110784,,0,2.0,118.0
2025-01-23,14.894963024073663,14.998991012573242,14.753106594128674,14.998991012573242,33900,598.001953125,128.0,4.0,1.0,1.0,7.0,-0.0004995353654035822,-0.00040653021202089325,,0,2.0,119.0
2025-01-24,15.131391091338186,15.358361741251972,14.563963564652527,15.301619529724121,36900,596.2561645507812,129.0,4.0,1.0,1.0,7.0,-0.0004558185286320841,-0.0004069933355095369,,0,2.0,120.0
2025-01-27,15.074647536056844,15.367818626694921,15.036819095513334,15.320533752441406,26300,587.8218383789062,127.0,4.0,1.0,1.0,7.0,-0.0003787441952954331,-0.00045091309047755513,,0,2.0,121.0
2025-01-28,14.69636258967425,15.396190066821504,14.69636258967425,15.263789176940918,25700,592.8726806640625,125.0,4.0,1.0,1.0,7.0,-0.00029446686946842625,-0.0004905656890148933,,0,2.0,122.0
2025-01-29,15.131389356408546,15.131389356408546,14.847675625595668,15.08410358428955,3500,590.2149047851562,125.0,4.0,1.0,1.0,7.0,-0.00023965920185789417,-0.0005085249916331957,,0,2.0,123.0
2025-01-30,15.084105274239255,15.538047474777551,14.942248843890455,15.415103912353516,15400,593.382568359375,126.0,4.0,1.0,1.0,7.0,-0.0002449917148211007,-0.0004995353654035822,,0,2.0,124.0
2025-01-31,15.367818549275398,15.50967497512363,15.131390571594238,15.131390571594238,3700,590.2247314453125,127.0,4.0,1.0,1.0,7.0,-0.0002560579702688243,-0.0004558185286320841,,0,2.0,125.0
2025-02-03,14.563962787568535,15.26378937174625,14.563962787568535,14.894962310791016,32700,586.2527465820312,127.0,4.0,1.0,1.0,7.0,-0.00028904610726503176,-0.0003787441952954331,,0,2.0,126.0
2025-02-04,15.178676663139566,15.509676219204184,14.847678008976182,15.292162895202637,20800,590.1853637695312,130.0,4.0,1.0,1.0,7.0,-0.0002748881120604216,-0.00029446686946842625,,0,2.0,127.0
2025-02-05,15.235419273376465,15.575874330503968,14.847676637106286,15.235419273376465,8700,592.5783081054688,128.0,4.0,1.0,1.0,7.0,-0.0002673296230859667,-0.00023965920185789417,,0,2.0,128.0
2025-02-06,15.613703052872772,16.048729643422725,15.027361806856312,16.03927230834961,25500,594.637939453125,144.0,4.0,1.0,4.0,11.0,-0.0001748516105742722,-0.0002449917148211007,,0,2.0,129.0
2025-02-07,14.942249825266613,15.604248046875,14.942249825266613,15.604248046875,6900,589.1949462890625,147.0,4.0,1.0,4.0,11.0,-0.00017153515545106443,-0.0002560579702688243,,0,2.0,130.0
2025-02-10,14.866591763011595,16.04873077129484,14.866591763011595,15.367818832397461,8100,593.1962890625,146.0,4.0,1.0,4.0,11.0,-0.0001634227639214273,-0.00028904610726503176,,0,2.0,131.0
2025-02-11,15.046276385195064,16.01090296896175,15.046276385195064,15.35836124420166,13200,593.6475219726562,144.0,4.0,1.0,4.0,11.0,-0.0002514903640179291,-0.0002748881120604216,,0,2.0,132.0
2025-02-12,15.604246348146132,15.642075689966742,14.94224819860501,15.311076164245605,9500,591.7349853515625,142.0,4.0,1.0,4.0,11.0,-0.00029042922138059716,-0.0002673296230859667,,0,2.0,133.0
2025-02-13,15.08410408357958,15.320532952000445,14.94224766442818,15.065190315246582,7300,597.9823608398438,142.0,4.0,1.0,4.0,11.0,-0.0003356376247626786,-0.0001748516105742722,,0,2.0,134.0
2025-02-14,15.254331874826725,15.575874059260473,15.1313901237443,15.150304794311523,19200,597.9528198242188,140.0,4.0,1.0,4.0,11.0,-0.0003335962132541032,-0.00017153515545106443,,0,2.0,135.0
2025-02-18,15.225962559087119,15.225962559087119,14.961162567138672,14.961162567138672,28600,599.7083740234375,139.0,4.0,1.0,4.0,11.0,-0.00035940104733795655,-0.0001634227639214273,,0,2.0,136.0
2025-02-19,14.847676103454907,15.169219183832428,14.696362349325097,14.989533424377441,29100,601.12060546875,137.0,4.0,1.0,4.0,11.0,-0.00035806431090648047,-0.0002514903640179291,,0,2.0,137.0
2025-02-20,14.67744970732434,15.008448344408121,14.67744970732434,14.961162567138672,11700,598.6198120117188,135.0,4.0,1.0,4.0,11.0,-0.0004018500386150817,-0.00029042922138059716,,0,2.0,138.0
2025-02-21,14.441021956510188,15.169220593297693,14.441021956510188,14.857134819030762,8600,588.3809814453125,133.0,4.0,1.0,4.0,11.0,-0.00039964706761775226,-0.0003356376247626786,,0,2.0,139.0
2025-02-24,15.538047268072393,15.821760124995713,15.131390850360576,15.367818832397461,282200,585.7035522460938,139.0,4.0,1.0,4.0,11.0,-0.0003666388513697409,-0.0003335962132541032,,0,2.0,140.0
2025-02-25,16.077101555940093,17.01335607715328,16.077101555940093,16.59724235534668,83000,582.790771484375,172.0,4.0,1.0,4.0,11.0,-0.00023308198944751307,-0.00035940104733795655,,0,2.0,141.0
2025-02-26,16.077104767700586,16.69181723629333,15.878506104042463,16.1243896484375,68500,583.0848999023438,174.0,4.0,1.0,4.0,11.0,-0.0001340164982348,-0.00035806431090648047,,0,2.0,142.0
2025-02-27,15.963616944668836,16.625616032116294,15.954161412501708,16.171674728393555,29100,573.7778930664062,172.0,4.0,1.0,4.0,11.0,-7.356948615508394e-05,-0.0004018500386150817,,0,2.0,143.0
2025-02-28,16.653986997923,16.653986997923,15.746102643484821,15.793389320373535,43700,582.7318725585938,172.0,4.0,1.0,4.0,11.0,-0.00010808475533514799,-0.00039964706761775226,,0,2.0,144.0
2025-03-03,15.604244849261114,17.022812562830307,15.604244849261114,16.07710075378418,23100,572.5224609375,172.0,4.0,1.0,4.0,11.0,-9.383175219827089e-05,-0.0003666388513697409,,0,2.0,145.0
2025-03-04,16.994440559190156,16.994440559190156,15.604244849261114,16.07710075378418,31600,565.7456665039062,169.0,4.0,1.0,4.0,11.0,-8.146182241473839e-05,-0.00023308198944751307,,0,2.0,146.0
2025-03-05,15.98253132827053,16.304073530223864,15.774475352101701,16.27570152282715,133100,571.8261108398438,167.0,4.0,1.0,4.0,11.0,-4.482488655398468e-05,-0.0001340164982348,,0,2.0,147.0
2025-03-06,16.077101792752387,16.436471509740922,16.077101792752387,16.266244888305664,20000,561.6755981445312,165.0,4.0,1.0,4.0,11.0,-4.185423126141986e-05,-7.356948615508394e-05,,0,2.0,148.0
2025-03-07,16.436471060400695,17.022813197544643,16.285157309615585,16.549957275390625,14000,564.82373046875,164.0,4.0,1.0,4.0,11.0,-2.8789587096066635e-05,-0.00010808475533514799,,0,2.0,149.0
2025-03-10,15.840675377972369,16.549959350120385,15.840675377972369,16.14330291748047,22300,549.7792358398438,165.0,4.0,1.0,4.0,11.0,-4.931146585918533e-05,-9.383175219827089e-05,,0,2.0,150.0
2025-03-11,16.54995968210711,16.72964546372039,16.12438856876052,16.49321746826172,13100,545.2090454101562,165.0,4.0,1.0,4.0,11.0,-5.475269211739833e-05,-8.146182241473839e-05,,0,2.0,151.0
2025-03-12,16.568873868125255,16.729644972468343,16.313531207615224,16.70127296447754,28300,548.102294921875,164.0,4.0,1.0,4.0,11.0,-5.4488095684203905e-05,-4.482488655398468e-05,,0,2.0,152.0
2025-03-13,16.72964251819475,16.852584260514288,16.247329275921857,16.531042098999023,6300,540.7957763671875,162.0,4.0,1.0,4.0,11.0,-2.2082538969072534e-05,-4.185423126141986e-05,,0,2.0,153.0
2025-03-14,16.635072708129883,16.871500686581072,16.24733096777412,16.635072708129883,6000,551.96630859375,160.0,4.0,1.0,4.0,11.0,-2.3713684693013906e-05,-2.8789587096066635e-05,,0,2.0,154.0
2025-03-17,17.741553579364787,18.31843835441591,17.164668804313667,17.82666778564453,38300,556.2227172851562,183.0,4.0,1.0,4.0,11.0,2.5168059763793012e-05,-4.931146585918533e-05,,0,2.0,155.0
2025-03-18,17.637526733789457,17.684813411498595,17.30652720503476,17.420013427734375,57700,550.2108154296875,183.0,4.0,1.0,4.0,11.0,6.110967733471231e-05,-5.475269211739833e-05,,0,2.0,156.0
2025-03-19,17.968526855887067,18.31844106728002,17.401099331256475,18.119840621948242,436100,556.2030639648438,188.0,1.0,1.0,4.0,5.0,0.0001387433739622711,-5.4488095684203905e-05,,0,2.0,157.0
2025-03-20,18.31844054642219,18.31844054642219,17.552412598240696,18.0252685546875,37000,554.5946655273438,186.0,1.0,1.0,4.0,5.0,0.00014032972453112817,-2.2082538969072534e-05,,0,2.0,158.0
2025-03-21,18.299525854796567,18.299525854796567,17.637526794990094,17.87395477294922,28400,554.777587890625,183.0,1.0,1.0,4.0,5.0,0.00011687200468467526,-2.3713684693013906e-05,,0,2.0,159.0
2025-03-24,17.873953519855487,17.873953519855487,17.4200122669111,17.63752555847168,31400,564.712890625,182.0,1.0,1.0,4.0,5.0,8.126680645569215e-05,2.5168059763793012e-05,,0,2.0,160.0
2025-03-25,17.022814698612144,17.845584869384766,17.022814698612144,17.845584869384766,135000,566.0703735351562,180.0,1.0,1.0,4.0,5.0,7.264988225128071e-05,6.110967733471231e-05,,0,2.0,161.0
2025-03-26,17.779383875183072,17.779383875183072,17.40109945729027,17.41055679321289,14800,559.3124389648438,180.0,4.0,1.0,4.0,11.0,7.337094601911646e-05,0.0001387433739622711,,0,2.0,162.0
2025-03-27,17.741555168288613,17.779382705688477,17.495669861881574,17.779382705688477,31500,557.8270874023438,180.0,4.0,1.0,4.0,11.0,7.167378553409186e-05,0.00014032972453112817,,0,2.0,163.0
2025-03-28,17.385655257774893,18.098024100074934,17.16424369249176,17.327896118164062,36500,546.5933837890625,181.0,4.0,1.0,4.0,11.0,4.9650621322692935e-05,0.00011687200468467526,,0,2.0,164.0
2025-03-31,17.26051060843065,17.539681320751168,16.365235658061767,16.990964889526367,17300,550.2625122070312,180.0,4.0,1.0,4.0,11.0,3.3963492181856936e-05,8.126680645569215e-05,,0,2.0,165.0
2025-04-01,16.99096487963972,17.395282539695888,16.856192938330995,17.154617309570312,130100,551.8167724609375,178.0,4.0,1.0,4.0,11.0,3.1620879992421975e-05,7.264988225128071e-05,,0,2.0,166.0
2025-04-02,16.846566924297885,17.424163871785545,16.51926204859255,16.93320655822754,22900,555.3088989257812,176.0,4.0,1.0,4.0,11.0,1.6947987090522776e-05,7.337094601911646e-05,,0,2.0,167.0
2025-04-03,17.087230682373047,17.347149561593,17.087230682373047,17.087230682373047,30200,527.9428100585938,174.0,4.0,1.0,4.0,11.0,4.382398348154544e-05,7.167378553409186e-05,,0,2.0,168.0
2025-04-04,16.36523542354172,16.942832335128006,15.575853773363441,15.893531799316406,176400,497.03546142578125,198.0,4.0,4.0,4.0,12.0,-4.844029681684696e-06,4.9650621322692935e-05,,1,4.0,169.0
2025-04-07,14.295514574845143,16.240090012108293,14.295514574845143,15.960917472839355,210700,496.150146484375,195.0,4.0,4.0,4.0,12.0,-4.7416179471927874e-05,3.3963492181856936e-05,,0,4.0,170.0
2025-04-08,15.999423760051345,17.915118586333513,15.652865274609207,15.941662788391113,221200,488.3790588378906,192.0,4.0,4.0,4.0,12.0,-0.00013952471606381155,3.1620879992421975e-05,,0,4.0,171.0
2025-04-09,17.28938770074177,17.28938770074177,15.88390376416411,17.2701358795166,76700,539.6683349609375,218.0,4.0,4.0,4.0,12.0,-0.00010330276051531195,1.6947987090522776e-05,,0,4.0,172.0
2025-04-10,16.942831942585162,17.327895929344614,15.922411918640137,15.922411918640137,72700,516.0205688476562,242.0,4.0,4.0,4.0,12.0,-0.00010750226718565597,4.382398348154544e-05,,0,4.0,173.0
2025-04-11,15.922411482529782,17.645573464630125,15.922411482529782,16.605899810791016,27100,525.2278442382812,245.0,4.0,4.0,4.0,12.0,-4.7138389270056e-05,-4.844029681684696e-06,,0,4.0,174.0
2025-04-14,16.759926245129215,17.568561553955078,16.740672586316702,17.568561553955078,18000,530.3232421875,253.0,4.0,4.0,4.0,12.0,-3.4909342014923104e-05,-4.7416179471927874e-05,,0,4.0,175.0
2025-04-15,17.597441234967974,17.828479621730345,16.654032193859262,16.80805778503418,91000,528.837890625,257.0,4.0,4.0,4.0,12.0,1.0758849837751433e-05,-0.00013952471606381155,,0,4.0,176.0
2025-04-16,16.75029842696309,17.828479387129867,16.36523445409276,16.73104476928711,21500,517.0828857421875,253.0,4.0,4.0,4.0,12.0,1.496099324195953e-05,-0.00010330276051531195,,0,4.0,177.0
2025-04-17,18.406076900684358,18.406076900684358,16.365235019737568,17.087230682373047,18000,517.8206787109375,251.0,4.0,4.0,4.0,12.0,1.104603246250141e-05,-0.00010750226718565597,,0,4.0,178.0
2025-04-21,17.32789695635932,17.32789695635932,16.403743333362574,16.942832946777344,16600,505.4951477050781,247.0,4.0,4.0,4.0,12.0,1.3581596146717053e-05,-4.7138389270056e-05,,0,4.0,179.0
2025-04-22,17.79959883486103,17.847732978873168,16.990963576755654,17.510801315307617,46600,518.64697265625,248.0,4.0,4.0,4.0,12.0,4.556654221965931e-05,-3.4909342014923104e-05,,0,4.0,180.0
2025-04-23,17.520428581988483,19.2532174148753,17.520428581988483,17.828479766845703,13700,526.6836547851562,245.0,1.0,4.0,4.0,6.0,6.117976177211952e-05,1.0758849837751433e-05,,0,2.0,181.0
2025-04-24,17.56856161831617,18.232798160741503,17.56856161831617,17.770719528198242,13200,537.769775390625,242.0,1.0,4.0,4.0,6.0,8.053366718639825e-05,1.496099324195953e-05,,0,2.0,182.0
2025-04-25,18.77188774797197,18.77188774797197,17.809226837819562,17.934371948242188,5600,541.6553344726562,238.0,1.0,4.0,4.0,6.0,8.436017976150268e-05,1.104603246250141e-05,,0,2.0,183.0
2025-04-28,18.290556320301683,18.675620296661005,18.290556320301683,18.406076431274414,49500,541.8618774414062,238.0,1.0,1.0,4.0,5.0,0.00010035708659697094,1.3581596146717053e-05,,0,2.0,184.0
2025-04-29,19.012552495663645,19.012552495663645,18.242424521430504,18.434955596923828,12100,545.2752685546875,234.0,1.0,1.0,4.0,5.0,0.00011336766772165317,4.556654221965931e-05,,0,2.0,185.0
2025-04-30,18.483088856368052,18.483088856368052,18.252048639049846,18.290555953979492,4300,545.4916381835938,231.0,1.0,1.0,4.0,5.0,0.00011904557628203537,6.117976177211952e-05,,0,2.0,186.0
2025-05-01,18.771887739542198,18.771887739542198,17.67445489002286,18.098024368286133,9500,549.3574829101562,228.0,1.0,1.0,4.0,5.0,9.836096503386806e-05,8.053366718639825e-05,,0,2.0,187.0
2025-05-02,19.012551339553124,19.012551339553124,17.135361991828866,17.88623809814453,7500,557.5122680664062,225.0,1.0,1.0,4.0,5.0,7.596955549528382e-05,8.436017976150268e-05,,0,2.0,188.0
2025-05-05,17.876611855445418,18.627487986371204,17.789972231256677,17.915119171142578,48800,554.3153076171875,222.0,1.0,1.0,4.0,5.0,5.1869625074770794e-05,0.00010035708659697094,,0,2.0,189.0
2025-05-06,17.809226327112132,18.175036654582676,17.76109401743677,17.905492782592773,11000,549.68212890625,218.0,1.0,1.0,4.0,5.0,5.294787672678917e-05,0.00011336766772165317,,0,2.0,190.0
2025-05-07,18.175038301688875,18.675622446649545,18.175038301688875,18.483091354370117,28000,551.9938354492188,220.0,1.0,1.0,4.0,5.0,8.508557649193789e-05,0.00011904557628203537,,0,2.0,191.0
2025-05-08,18.194288693538603,18.771885538884064,17.809224742018216,18.184661865234375,36800,555.8399658203125,217.0,1.0,1.0,4.0,5.0,0.00011477067103955187,9.836096503386806e-05,,0,2.0,192.0
2025-05-09,19.25321810151708,19.25321810151708,18.24242488563942,18.386823654174805,27700,555.1317749023438,215.0,1.0,1.0,4.0,5.0,0.00013588319932125153,7.596955549528382e-05,,0,2.0,193.0
2025-05-12,19.25321687617385,19.25321687617385,18.049890821412983,18.492713928222656,32000,573.4774169921875,212.0,1.0,1.0,4.0,5.0,0.0001443812518998689,5.1869625074770794e-05,,0,2.0,194.0
2025-05-13,18.483088718174834,18.67561978299405,18.0498906091044,18.57935333251953,27100,577.2646484375,209.0,1.0,1.0,4.0,5.0,0.00017502784771335355,5.294787672678917e-05,,0,2.0,195.0
2025-05-14,19.25321895119071,19.25321895119071,18.242425690705215,18.329065322875977,25400,578.0023803710938,206.0,1.0,1.0,4.0,5.0,0.0001921303572609221,8.508557649193789e-05,,0,2.0,196.0
2025-05-15,18.723755592799726,19.156951904296875,18.675621445213388,19.156951904296875,7600,580.8255615234375,212.0,1.0,1.0,4.0,5.0,0.0002360965705069171,0.00011477067103955187,,0,2.0,197.0
2025-05-16,18.598609433658687,19.15695271642026,18.290558220566794,19.099193572998047,73900,584.5045166015625,209.0,1.0,1.0,4.0,5.0,0.0002573086309262082,0.00013588319932125153,,0,2.0,198.0
2025-05-19,17.04872326099096,19.253217552042145,17.04872326099096,19.214710235595703,45400,585.1439208984375,206.0,1.0,1.0,4.0,5.0,0.00031960044501734303,0.0001443812518998689,,0,2.0,199.0
2025-05-20,19.253216894866526,19.667161351886932,19.253216894866526,19.474628448486328,21000,583.1765747070312,204.0,1.0,1.0,3.0,3.0,0.0003612622103350382,0.00017502784771335355,,0,1.0,1.0
2025-05-21,19.773055003834987,19.773055003834987,19.339856881110315,19.59014892578125,17600,573.3494873046875,201.0,1.0,1.0,3.0,3.0,0.00041923505470309563,0.0001921303572609221,,0,1.0,2.0
2025-05-22,19.73454902092564,19.78268133286614,19.339858187397528,19.561269760131836,17000,573.5758056640625,198.0,1.0,1.0,3.0,3.0,0.00041741161013537985,0.0002360965705069171,,0,1.0,3.0
2025-05-23,19.73454923694366,19.73454923694366,19.542016314814152,19.638282775878906,3900,569.6607666015625,195.0,1.0,1.0,3.0,3.0,0.0004395441927497545,0.0002573086309262082,,0,1.0,4.0
2025-05-27,19.782679851518814,20.0137200726967,19.73454754318251,19.87894630432129,22900,581.50439453125,193.0,1.0,1.0,3.0,3.0,0.00043740403840080393,0.00031960044501734303,,0,1.0,5.0
2025-05-28,19.63827997854951,20.071478073569992,19.445748919974665,19.493881225585938,14500,578.14013671875,192.0,1.0,1.0,3.0,3.0,0.0004190569156092223,0.0003612622103350382,,0,1.0,6.0
2025-05-29,19.339856306365213,19.72492027282715,19.25321668439505,19.72492027282715,9000,580.4222412109375,190.0,1.0,1.0,3.0,3.0,0.0003875516275897899,0.00041923505470309563,,0,1.0,7.0
2025-05-30,19.4553773487244,19.724923081696534,19.34948589044935,19.542016983032227,9200,579.7730102539062,187.0,1.0,1.0,3.0,3.0,0.00036362039780803916,0.00041741161013537985,,0,1.0,8.0
2025-06-02,19.638280435087548,19.87894564099825,19.55164081406931,19.811559677124023,59900,583.0388793945312,186.0,1.0,1.0,3.0,3.0,0.000394435435241784,0.0004395441927497545,,0,1.0,9.0
2025-06-03,19.6382810128927,19.676788328313698,19.253217039332032,19.51313591003418,70100,586.36376953125,184.0,1.0,1.0,3.0,3.0,0.00039157765542365003,0.00043740403840080393,,0,1.0,10.0
2025-06-04,19.2532190060573,19.54201655669614,19.176206203478273,19.387990951538086,16700,586.206298828125,181.0,1.0,1.0,3.0,3.0,0.0003769232092919984,0.0004190569156092223,,0,1.0,11.0
2025-06-05,19.25321602527006,19.724919597553605,19.089563615610075,19.493881225585938,7200,583.3732299804688,179.0,1.0,1.0,3.0,3.0,0.00035313390990396196,0.0003875516275897899,,0,1.0,12.0
2025-06-06,19.272472227292745,19.792308173842585,19.10881979601909,19.39761734008789,4000,589.364013671875,176.0,1.0,1.0,3.0,3.0,0.0003322718495075598,0.00036362039780803916,,0,1.0,13.0
2025-06-09,19.195457458496094,19.195457458496094,18.92591176517109,19.195457458496094,13100,589.8950805664062,174.0,1.0,4.0,3.0,4.0,0.0003242392523829237,0.000394435435241784,,0,2.0,14.0
2025-06-10,19.205083837667527,19.253216143574555,18.954791807465487,19.041431427001953,3500,593.2396240234375,172.0,1.0,4.0,3.0,4.0,0.0002979761292179775,0.00039157765542365003,,0,2.0,15.0
2025-06-11,19.060684423966883,19.253217331736202,18.868153352327454,19.137697219848633,12100,591.5476684570312,170.0,1.0,4.0,3.0,4.0,0.0002916788291930787,0.0003769232092919984,,0,2.0,16.0
2025-06-12,19.301350375816092,19.301350375816092,18.868154071029196,19.20508575439453,11800,593.898681640625,167.0,1.0,4.0,3.0,4.0,0.00029850787894186845,0.00035313390990396196,,0,2.0,17.0
2025-06-13,18.723754588865976,19.301349639892578,18.723754588865976,19.301349639892578,2800,587.2588500976562,165.0,1.0,4.0,3.0,4.0,0.0003431437993243229,0.0003322718495075598,,0,2.0,18.0
2025-06-16,21.178540644524904,21.178540644524904,18.7237559860888,19.638282775878906,19500,592.8461303710938,164.0,1.0,4.0,3.0,4.0,0.0003865243012025513,0.0003242392523829237,,0,2.0,19.0
2025-06-17,18.77188748963125,19.253217938083335,18.675621032714844,18.675621032714844,7500,587.7802124023438,176.0,1.0,4.0,3.0,4.0,0.0003776456005610965,0.0002979761292179775,,0,2.0,20.0
2025-06-18,19.099192539784756,19.253218137998346,19.012552911273364,19.24359130859375,17400,587.691650390625,178.0,1.0,4.0,3.0,4.0,0.0003700037145467825,0.0002916788291930787,,0,2.0,21.0
2025-06-20,18.771887044826297,19.060684572602433,18.579354135555604,18.848899841308594,12700,586.3115234375,177.0,1.0,4.0,3.0,4.0,0.0003219572861011479,0.00029850787894186845,,0,2.0,22.0
2025-06-23,18.579354575798437,19.253217938083335,17.809226592727082,18.675621032714844,23800,592.1026611328125,175.0,1.0,4.0,3.0,4.0,0.00030542926999437155,0.0003431437993243229,,0,2.0,23.0
2025-06-24,18.588981399306164,18.95479356824844,18.579354570004533,18.83927345275879,7100,598.6438598632812,173.0,1.0,4.0,3.0,4.0,0.0002676102276541661,0.0003865243012025513,,0,2.0,24.0
2025-06-25,18.579354513534426,19.253217873561038,18.17503686474445,18.309810638427734,21900,598.9793090820312,175.0,1.0,4.0,3.0,4.0,0.00023476323780501272,0.0003776456005610965,,0,2.0,25.0
2025-06-26,18.820019280018123,19.09919181374903,18.810394287109375,18.810394287109375,7000,603.66552734375,176.0,1.0,4.0,3.0,4.0,0.00023440525819711162,0.0003700037145467825,,0,2.0,26.0
2025-06-27,19.25321711081849,19.359110392489548,19.166577486929416,19.224336624145508,16700,606.6647338867188,176.0,1.0,4.0,3.0,4.0,0.00025291665280883016,0.0003219572861011479,,0,2.0,27.0
2025-06-30,19.166578070616016,19.253217697143555,18.91628602021756,19.253217697143555,15300,609.5654296875,173.0,1.0,4.0,3.0,4.0,0.00028459689262800127,0.00030542926999437155,,0,2.0,28.0
2025-07-01,18.925911983980022,19.31097595308916,18.925911983980022,19.272470474243164,4900,609.3681640625,171.0,1.0,4.0,3.0,4.0,0.0002911941190024379,0.0002676102276541661,,0,2.0,29.0
2025-07-02,19.975212980930127,19.975212980930127,19.282097818020276,19.301349639892578,8100,612.130615234375,168.0,1.0,4.0,3.0,4.0,0.0002904671024430583,0.00023476323780501272,,0,2.0,30.0
2025-07-03,19.089566136779833,19.734549032254826,19.089566136779833,19.39761734008789,2700,616.9549560546875,166.0,1.0,1.0,3.0,3.0,0.00030674945815273525,0.00023440525819711162,,0,1.0,31.0
2025-07-07,19.859694351036826,19.859694351036826,18.925913901807764,19.638282775878906,20700,612.357421875,164.0,1.0,1.0,3.0,3.0,0.0003330174114156142,0.00025291665280883016,,0,1.0,32.0
2025-07-08,19.10881694853258,19.4361217623068,18.56010059489043,19.051057815551758,7400,612.02197265625,167.0,1.0,1.0,3.0,3.0,0.00031567886858779133,0.00028459689262800127,,0,1.0,33.0
2025-07-09,19.147323756308154,19.349483489990234,18.56010188523038,19.349483489990234,43700,615.692138671875,166.0,1.0,1.0,3.0,3.0,0.0003046698259865678,0.0002911941190024379,,0,1.0,34.0
2025-07-10,18.983671188354492,19.349483337416682,18.685246840741538,18.983671188354492,4100,617.4285278320312,166.0,1.0,1.0,3.0,3.0,0.0002649256117443399,0.0002904671024430583,,0,1.0,35.0
2025-07-11,18.560102532410372,19.253217708924893,18.560102532410372,18.76226043701172,6900,615.2579956054688,164.0,1.0,1.0,3.0,3.0,0.0002559298024016862,0.00030674945815273525,,0,1.0,36.0
2025-07-14,18.762259854157033,19.73454753858895,18.627487921942862,19.224336624145508,4900,616.43212890625,165.0,1.0,1.0,3.0,3.0,0.0002596793949135935,0.0003330174114156142,,0,1.0,37.0
2025-07-15,19.61902910932034,19.878948003261847,18.560103546382393,18.78151512145996,43400,613.7978515625,165.0,1.0,4.0,3.0,4.0,0.0002671034391007352,0.00031567886858779133,,0,2.0,38.0
2025-07-16,18.492714948186666,18.675621032714844,18.483089955011977,18.675621032714844,7100,615.8499755859375,163.0,1.0,4.0,3.0,4.0,0.0002654721720082433,0.0003046698259865678,,0,2.0,39.0
2025-07-17,18.57935391853971,18.820019134252036,18.57935391853971,18.771886825561523,10300,619.6187133789062,161.0,1.0,4.0,3.0,4.0,0.00024664521814213037,0.0002649256117443399,,0,2.0,40.0
2025-07-18,18.82001980002448,18.82001980002448,18.627488722321615,18.675621032714844,19400,619.1648559570312,159.0,1.0,4.0,3.0,4.0,0.00023332781585431179,0.0002559298024016862,,0,2.0,41.0
2025-07-21,17.65520099611281,18.781514318935884,17.65520099611281,18.675621032714844,12700,620.3389892578125,156.0,1.0,4.0,3.0,4.0,0.0002280754500344926,0.0002596793949135935,,0,2.0,42.0
2025-07-22,18.78151423489379,19.39761661859399,18.473463043043694,18.964420318603516,8700,620.427734375,155.0,1.0,4.0,3.0,4.0,0.00023228243705691932,0.0002671034391007352,,0,2.0,43.0
2025-07-23,19.71529525798718,20.196625719380208,18.42532947456347,20.013721466064453,14600,625.7061157226562,170.0,1.0,1.0,3.0,3.0,0.0002914813789938073,0.0002654721720082433,,0,1.0,44.0
2025-07-24,20.013720736004604,20.196624982648384,19.946332931518555,19.946332931518555,8500,625.9132080078125,167.0,1.0,1.0,3.0,3.0,0.0003459448159628146,0.00024664521814213037,,0,1.0,45.0
2025-07-25,19.946333897222743,19.946333897222743,19.609404039129636,19.763429641723633,5200,628.5573120117188,165.0,1.0,1.0,3.0,3.0,0.0003853119970607137,0.00023332781585431179,,0,1.0,46.0
2025-07-28,19.753801195172077,19.763428024062488,18.77188668190876,19.060684204101562,15400,628.3994140625,170.0,1.0,1.0,3.0,3.0,0.00035318329121542083,0.0002280754500344926,,0,1.0,47.0
2025-07-29,19.060683324309053,20.215877032019208,18.848898606885097,19.079936981201172,4500,626.741943359375,168.0,1.0,1.0,3.0,3.0,0.0003175476414357383,0.00023228243705691932,,0,1.0,48.0
2025-07-30,19.060685647920952,20.19662583721691,19.060685647920952,19.39761734008789,5400,625.9526977539062,167.0,1.0,1.0,3.0,3.0,0.00028930838379438424,0.0002914813789938073,,0,1.0,49.0
2025-07-31,19.253217479850672,19.253217479850672,18.916285806727306,19.01255226135254,4200,623.6046142578125,166.0,1.0,1.0,3.0,3.0,0.0002679229082541376,0.0003459448159628146,,0,1.0,50.0
2025-08-01,18.38682529000358,19.445752747023075,18.38682529000358,19.330232620239258,25500,613.3834838867188,166.0,1.0,1.0,3.0,3.0,0.00026980412732024013,0.0003853119970607137,,0,1.0,51.0
2025-08-04,19.349483710074182,20.21587811939365,19.349483710074182,19.59014892578125,31700,622.7067260742188,164.0,1.0,1.0,3.0,3.0,0.0002905439046970771,0.00035318329121542083,,0,1.0,52.0
2025-08-05,19.542014997840738,19.830814361572266,19.542014997840738,19.830814361572266,9500,619.5496826171875,163.0,1.0,1.0,3.0,3.0,0.00034661666768813455,0.0003175476414357383,,0,1.0,53.0
2025-08-06,19.830815437242045,21.082273906237656,19.830815437242045,20.215879440307617,14200,624.2952270507812,162.0,1.0,1.0,3.0,3.0,0.0004052246416038248,0.00028930838379438424,,0,1.0,54.0
2025-08-07,20.341021599176944,20.360275255567036,20.196622848510742,20.196622848510742,9000,623.7722778320312,160.0,1.0,1.0,3.0,3.0,0.00045748782459114484,0.0002679229082541376,,0,1.0,55.0
2025-08-08,20.50467738848982,20.841609086374497,20.50467738848982,20.69721031188965,11100,628.63623046875,161.0,1.0,1.0,3.0,3.0,0.0005002492847504724,0.00026980412732024013,,0,1.0,56.0
2025-08-11,20.841609086374497,20.851235916157492,19.012553658596303,20.69721031188965,16500,627.3930053710938,159.0,1.0,1.0,3.0,3.0,0.0005244847392540408,0.0002905439046970771,,0,1.0,57.0
2025-08-12,20.793476309711536,21.082273852238504,20.793476309711536,21.034141540527344,15500,634.0723266601562,158.0,1.0,1.0,3.0,3.0,0.000542444401528955,0.00034661666768813455,,0,1.0,58.0
2025-08-13,21.08227387332604,21.08227387332604,20.21587940874853,20.706836700439453,33100,636.2427978515625,157.0,1.0,1.0,3.0,3.0,0.0005426071431581768,0.0004052246416038248,,0,1.0,59.0
2025-08-14,18.175037790172695,20.937875503602783,18.175037790172695,20.33139991760254,30600,636.3020629882812,157.0,1.0,1.0,3.0,3.0,0.0005332926803535664,0.00045748782459114484,,0,1.0,60.0
2025-08-15,20.937874285120063,20.937874285120063,20.360277385890768,20.76459503173828,100100,634.8123168945312,157.0,1.0,1.0,3.0,3.0,0.0005110263238284808,0.0005002492847504724,,0,1.0,61.0
2025-08-18,19.898200739402,20.986006741012865,19.898200739402,20.803102493286133,10000,634.674072265625,155.0,1.0,1.0,3.0,3.0,0.0004671535730516462,0.0005244847392540408,,0,1.0,62.0
2025-08-19,21.07264495883216,21.07264495883216,20.620195030217833,20.831979751586914,4300,631.23095703125,152.0,1.0,1.0,1.0,1.0,0.0004614766222451897,0.000542444401528955,,0,1.0,63.0
2025-08-20,20.283263803669694,21.08227223524984,20.283263803669694,20.986005783081055,7300,629.5537109375,150.0,1.0,1.0,1.0,1.0,0.00045895461094338797,0.0005426071431581768,,0,1.0,64.0
2025-08-21,21.043766976615714,21.082272456208884,20.89936637878418,20.89936637878418,54900,627.028076171875,148.0,1.0,1.0,1.0,1.0,0.0005080119022270291,0.0005332926803535664,,0,1.0,65.0
2025-08-22,21.082272821278327,21.351818527617567,20.889741747718787,21.178539276123047,9500,636.6571044921875,147.0,1.0,1.0,1.0,1.0,0.0005396614925930698,0.0005110263238284808,,0,1.0,66.0
2025-08-25,21.505843675862504,21.6598692659746,21.371071743546885,21.515470504760742,8000,633.855224609375,147.0,1.0,1.0,1.0,1.0,0.0005700581341214196,0.0004671535730516462,,0,1.0,67.0
2025-08-26,21.322938919067383,21.611738295503294,21.17854014891442,21.322938919067383,16400,636.5091552734375,145.0,1.0,1.0,1.0,1.0,0.000584117775653079,0.0004614766222451897,,0,1.0,68.0
2025-08-27,19.484257301182836,21.178540784259173,19.484257301182836,20.69721031188965,7400,637.95947265625,148.0,1.0,1.0,1.0,1.0,0.000558801247468829,0.00045895461094338797,,0,1.0,69.0
2025-08-28,21.852403844053487,22.85357025640181,21.621363605073867,22.093069076538086,21700,640.21875,171.0,1.0,1.0,1.0,1.0,0.0005544307358129574,0.0005080119022270291,,0,1.0,70.0
2025-08-29,22.09306761090446,22.988340674006373,21.756135940551758,21.756135940551758,15300,636.4006958007812,170.0,1.0,1.0,1.0,1.0,0.0005480088052476806,0.0005396614925930698,,0,1.0,71.0
2025-09-02,23.103861767154473,23.402286134197162,21.063019836491975,22.42999839782715,33900,631.6847534179688,172.0,1.0,1.0,1.0,1.0,0.0005889167969588151,0.0005700581341214196,,0,1.0,72.0
2025-09-03,22.526263748924062,22.815063108501345,21.804268104175662,22.044933319091797,27000,635.108154296875,171.0,1.0,1.0,1.0,1.0,0.0005759815779890874,0.000584117775653079,,0,1.0,73.0
2025-09-04,22.622531106748255,22.815064020832132,21.765763494947883,22.025680541992188,10200,640.4160766601562,169.0,1.0,1.0,1.0,1.0,0.0005431140148432345,0.000558801247468829,,0,1.0,74.0
2025-09-05,22.14119919695562,22.71879606497173,22.14119919695562,22.507009506225586,50700,638.561279296875,169.0,1.0,1.0,1.0,1.0,0.0005116050673304903,0.0005544307358129574,,0,1.0,75.0
2025-09-08,22.8150635477266,23.421539093093703,22.516637353471918,23.017221450805664,35200,640.1300048828125,169.0,1.0,1.0,1.0,1.0,0.0005042864587678431,0.0005480088052476806,,0,1.0,76.0
2025-09-09,22.70916896118323,23.046100616455078,22.603275683092985,23.046100616455078,31800,641.60986328125,167.0,1.0,1.0,1.0,1.0,0.0005507791391820395,0.0005889167969588151,,0,1.0,77.0
2025-09-10,23.04610253770819,23.04610253770819,22.314480030909362,22.71879768371582,5700,643.464599609375,165.0,1.0,1.0,1.0,1.0,0.0005509915315614305,0.0005759815779890874,,0,1.0,78.0
2025-09-11,24.056893583988295,24.056893583988295,22.333731677241584,22.84394073486328,11100,648.81201171875,163.0,1.0,1.0,1.0,1.0,0.0005569321075521946,0.0005431140148432345,,0,1.0,79.0
2025-09-12,22.843943056623804,24.06652285850716,22.266346140793633,23.325273513793945,5100,648.5948486328125,163.0,1.0,1.0,1.0,1.0,0.0005643184247793567,0.0005116050673304903,,0,1.0,80.0
2025-09-15,22.872821437540317,22.872821437540317,22.150825818310366,22.757301330566406,6000,652.0479125976562,164.0,1.0,1.0,1.0,1.0,0.0005709844640572414,0.0005042864587678431,,0,1.0,81.0
2025-09-16,22.89207671534423,22.89207671534423,22.757302941645207,22.805437088012695,6400,651.1502075195312,162.0,1.0,1.0,1.0,1.0,0.0005678705842352212,0.0005507791391820395,,0,1.0,82.0
2025-09-17,22.815063917286192,22.853569398250244,22.728424289954653,22.805437088012695,5100,650.3411865234375,160.0,1.0,1.0,1.0,1.0,0.0005371856259801191,0.0005509915315614305,,0,1.0,83.0
2025-09-18,23.00759587267301,23.103862332952986,22.718798327963103,22.94983673095703,9300,653.3799438476562,157.0,1.0,1.0,1.0,1.0,0.0005254986853070212,0.0005569321075521946,,0,1.0,84.0
2025-09-19,23.23863337254331,23.585191881630895,23.23863337254331,23.29639434814453,8900,656.6160278320312,156.0,1.0,1.0,1.0,1.0,0.0005511029410097262,0.0005643184247793567,,0,1.0,85.0
2025-09-22,23.219380604275244,23.6429500579834,23.219380604275244,23.6429500579834,16300,659.7225341796875,155.0,1.0,1.0,1.0,1.0,0.000581684741064388,0.0005709844640572414,,0,1.0,86.0
2025-09-23,24.162787800438675,24.91366209136759,23.58519092086499,23.6429500579834,14800,656.13134765625,153.0,1.0,1.0,1.0,1.0,0.0006193766606821701,0.0005678705842352212,,0,1.0,87.0
2025-09-24,23.50817892918549,24.40345384769349,22.67066314976932,23.58519172668457,31500,654.0437622070312,151.0,1.0,1.0,1.0,1.0,0.0006277877718016415,0.0005371856259801191,,0,1.0,88.0
2025-09-25,24.355319705998966,24.355319705998966,22.63215767310245,23.421539306640625,8400,651.0263061523438,149.0,1.0,1.0,1.0,1.0,0.0006240169761510308,0.0005254986853070212,,0,1.0,89.0
2025-09-26,23.007594182769356,23.662203861236197,23.007594182769356,23.517805099487305,13500,654.756103515625,147.0,1.0,1.0,1.0,1.0,0.000678657056502641,0.0005511029410097262,,0,1.0,90.0
2025-09-29,23.94589999589247,23.94589999589247,23.261730678896694,23.554946899414062,8600,656.5962524414062,145.0,1.0,1.0,1.0,1.0,0.0007258944449990952,0.000581684741064388,,0,1.0,91.0
2025-09-30,21.502440976241218,23.07602929877744,21.502440976241218,22.978290557861328,70600,659.0695190429688,146.0,1.0,1.0,1.0,1.0,0.0007467346644622616,0.0006193766606821701,,1,1.0,92.0
2025-10-01,23.163994197283287,23.554947300417346,22.82190953296169,22.929420471191406,5900,661.3153686523438,144.0,1.0,1.0,1.0,1.0,0.0006694136508273003,0.0006277877718016415,-1.0,0,1.0,93.0
2025-10-02,23.330148615734576,23.65268514663361,22.929419602958085,23.261730194091797,15000,662.0770263671875,144.0,1.0,1.0,1.0,1.0,0.0006548456957653097,0.0006240169761510308,-1.0,0,1.0,94.0
2025-10-03,22.773038556549015,23.652685342854184,22.773038556549015,23.535398483276367,3900,662.0671997070312,142.0,1.0,1.0,1.0,1.0,0.000663846750742369,0.000678657056502641,-1.0,0,1.0,95.0
2025-10-06,23.554947410833634,23.65268615312817,22.968516821277866,23.525625228881836,7400,664.4415283203125,140.0,1.0,1.0,1.0,1.0,0.0006791847975646353,0.0007258944449990952,-1.0,0,1.0,96.0
2025-10-07,23.212862193451006,23.212862193451006,22.968516275625205,23.0955753326416,14500,661.9781494140625,140.0,1.0,1.0,1.0,1.0,0.0006356342851891195,0.0007467346644622616,-1.0,0,1.0,97.0
2025-10-08,23.046706642917755,23.21286193979209,22.968516024636386,23.07602882385254,3800,665.925537109375,138.0,1.0,1.0,1.0,1.0,0.0006056029971387748,0.0006694136508273003,-1.0,0,1.0,98.0
2025-10-09,23.652683937207858,23.652683937207858,22.96851466945449,23.506074905395508,4100,663.9963989257812,139.0,1.0,1.0,1.0,1.0,0.0006354828180460929,0.0006548456957653097,-1.0,0,1.0,99.0
2025-10-10,22.773037900775446,23.03693192906789,22.391858880493913,22.509145736694336,25400,646.0499877929688,149.0,1.0,4.0,1.0,2.0,0.0005851279377337832,0.000663846750742369,-1.0,0,2.0,100.0
2025-10-13,22.636206445149117,22.997839236036267,22.509147383828022,22.558015823364258,32800,655.9630126953125,147.0,1.0,4.0,1.0,2.0,0.0005181502801673154,0.0006791847975646353,-1.0,0,2.0,101.0
2025-10-14,22.528692015188813,23.085802252436437,22.528692015188813,22.968515396118164,82400,655.1616821289062,146.0,1.0,4.0,1.0,2.0,0.00042429296270595347,0.0006356342851891195,1.0,0,2.0,102.0
2025-10-15,23.03693199157715,23.45720725313632,22.99783761554515,23.03693199157715,12800,658.0702514648438,144.0,1.0,4.0,1.0,2.0,0.00042631236911150875,0.0006056029971387748,1.0,0,2.0,103.0
2025-10-16,23.457208974099224,23.60381615734505,22.86100431612653,23.085803985595703,6500,653.588623046875,142.0,1.0,4.0,1.0,2.0,0.00043153669947316423,0.0006354828180460929,1.0,0,2.0,104.0
2025-10-17,23.271502898008414,23.457206303221405,23.23240852355957,23.23240852355957,4900,657.2986450195312,140.0,1.0,4.0,1.0,2.0,0.00042522370835210025,0.0005851279377337832,1.0,0,2.0,105.0
2025-10-20,23.936125493908023,23.936125493908023,23.457207726530065,23.721101760864258,6800,664.1348876953125,141.0,1.0,4.0,1.0,2.0,0.00041655441969153236,0.0005181502801673154,1.0,0,2.0,106.0
2025-10-21,23.750421146569714,23.750421146569714,23.379016192375914,23.594039916992188,28600,664.1249389648438,139.0,1.0,4.0,1.0,2.0,0.00041460299358230126,0.00042429296270595347,1.0,0,2.0,107.0
2025-10-22,23.603816986083984,23.603816986083984,23.359471050691372,23.603816986083984,3800,660.6722412109375,137.0,1.0,4.0,1.0,2.0,0.00044119954633348315,0.00042631236911150875,1.0,0,2.0,108.0
2025-10-23,23.193315269362202,23.906804938818034,23.193315269362202,23.701555252075195,18700,664.5899658203125,135.0,1.0,1.0,1.0,1.0,0.00046809302848720987,0.00043153669947316423,1.0,0,1.0,109.0
2025-10-24,23.799292854613768,23.799292854613768,23.506076633642095,23.623363494873047,2300,670.0213623046875,133.0,1.0,1.0,1.0,1.0,0.0004814636983327825,0.00042522370835210025,-1.0,0,1.0,110.0
2025-10-27,23.77974473704061,24.229342196908974,23.77974473704061,24.082733154296875,6700,677.9260864257812,134.0,1.0,1.0,1.0,1.0,0.0005095482941767643,0.00041655441969153236,1.0,0,1.0,111.0
2025-10-28,24.19024472798139,24.37594813878143,23.564719804290302,23.867708206176758,5600,679.7266235351562,133.0,1.0,1.0,1.0,1.0,0.0005010103304279898,0.00041460299358230126,-1.0,0,1.0,112.0
2025-10-29,23.94589879441235,23.975220974256278,23.291051691588542,23.40833854675293,27500,680.0531005859375,133.0,1.0,1.0,1.0,1.0,0.0004904044881672804,0.00044119954633348315,-1.0,0,1.0,113.0
2025-10-30,23.89703252809873,23.89703252809873,23.35947036743164,23.35947036743164,7700,672.5739135742188,131.0,1.0,1.0,1.0,1.0,0.0004415278204730677,0.00046809302848720987,-1.0,0,1.0,114.0
2025-10-31,23.633136066243903,23.897030089227485,23.457206717588186,23.848159790039062,20600,674.780029296875,132.0,1.0,1.0,1.0,1.0,0.0004314176654585269,0.0004814636983327825,1.0,0,1.0,115.0
2025-11-03,23.89703152067053,24.43459179446418,23.212862204740972,23.486530303955078,10500,676.0463256835938,132.0,1.0,1.0,1.0,1.0,0.0004073276587538256,0.0005095482941767643,-1.0,0,1.0,116.0
2025-11-04,24.180471442865947,24.180471442865947,22.294120687175692,22.548240661621094,17500,668.0327758789062,141.0,1.0,4.0,1.0,2.0,0.00035345618316505277,0.0005010103304279898,-1.0,0,4.0,1.0
2025-11-05,22.28434581924388,23.056479774867654,22.28434581924388,22.94896697998047,15800,670.3477783203125,141.0,1.0,4.0,1.0,2.0,0.0002829133219547098,0.0004904044881672804,-1.0,0,2.0,2.0
2025-11-06,23.70155411083514,24.43459186684035,22.724170436161526,23.16399383544922,21800,663.1554565429688,140.0,1.0,4.0,1.0,2.0,0.0002524918380670019,0.0004415278204730677,1.0,0,2.0,3.0
2025-11-07,24.10227932742309,24.10227932742309,22.968514505237625,23.23240852355957,11100,663.808349609375,138.0,1.0,4.0,1.0,2.0,0.00026160985386702477,0.0004314176654585269,1.0,0,2.0,4.0
2025-11-10,23.603814965698156,23.603814965698156,22.968515960898557,23.3985652923584,12300,674.1666259765625,136.0,1.0,4.0,1.0,2.0,0.0002756342638556471,0.0004073276587538256,-1.0,0,2.0,5.0
2025-11-11,22.880550293787802,23.281277427077175,22.47982316049843,23.13467025756836,17800,675.7100219726562,135.0,1.0,4.0,1.0,2.0,0.00027277686157072277,0.00035345618316505277,-1.0,0,2.0,6.0
2025-11-12,23.74064895090601,24.346625749466103,23.124896228259608,23.594039916992188,7500,676.0859985351562,136.0,1.0,4.0,1.0,2.0,0.00029164122216895184,0.0002829133219547098,1.0,0,2.0,7.0
2025-11-13,23.76019738939091,23.897032376001313,23.54517364501953,23.54517364501953,2200,664.8670043945312,134.0,1.0,4.0,1.0,2.0,0.000300507402809808,0.0002524918380670019,1.0,0,2.0,8.0
2025-11-14,23.857935793255074,24.180472337326083,23.457208628324775,23.91657829284668,24600,664.7581176757812,133.0,1.0,4.0,1.0,2.0,0.0003191146496451511,0.00026160985386702477,1.0,0,2.0,9.0
2025-11-17,23.45720686919271,23.945898678967556,22.812133829426813,22.880550384521484,21400,658.56494140625,145.0,1.0,4.0,1.0,2.0,0.0002759992671925331,0.0002756342638556471,-1.0,0,2.0,10.0
2025-11-18,20.92578455459975,23.173766285262413,20.92578455459975,22.724170684814453,25200,653.03466796875,143.0,1.0,4.0,1.0,2.0,0.00023813657546121645,0.00027277686157072277,-1.0,0,2.0,11.0
2025-11-19,22.479824585959676,23.20308828371562,22.479824585959676,22.84145736694336,3800,655.557373046875,141.0,1.0,4.0,1.0,2.0,0.00020550791131066483,0.00029164122216895184,-1.0,0,2.0,12.0
2025-11-20,22.792586498980928,22.87077711668436,22.225704054578213,22.411407470703125,11000,645.5652465820312,141.0,1.0,4.0,1.0,2.0,0.000182013045583288,0.000300507402809808,-1.0,0,4.0,13.0
2025-11-21,21.502440387406967,22.91964743135243,21.502440387406967,22.870777130126953,22100,651.995849609375,142.0,1.0,4.0,1.0,2.0,0.0002081946829515137,0.0003191146496451511,1.0,0,2.0,14.0
2025-11-24,22.528692015188813,23.43765909296858,22.528692015188813,22.968515396118164,11800,661.59228515625,140.0,1.0,4.0,1.0,2.0,0.00022928806194308032,0.0002759992671925331,-1.0,0,2.0,15.0
2025-11-25,22.724169154530436,23.115122229508053,22.724169154530436,22.880550384521484,4300,667.8152465820312,138.0,1.0,4.0,1.0,2.0,0.0002698244928036337,0.00023813657546121645,-1.0,0,2.0,16.0
2025-11-26,22.450501437406473,23.163992908156654,22.450501437406473,23.03693199157715,7000,672.4254760742188,136.0,1.0,4.0,1.0,2.0,0.00027140587013692194,0.00020550791131066483,-1.0,0,2.0,17.0
2025-11-28,23.173765914801894,23.173765914801894,23.027158737182617,23.027158737182617,300,676.0958251953125,134.0,1.0,4.0,1.0,2.0,0.00026811395942925956,0.000182013045583288,-1.0,0,2.0,18.0
2025-12-01,23.212861757129758,23.261730194091797,22.636205252763098,23.261730194091797,10500,673.0091552734375,133.0,1.0,4.0,1.0,2.0,0.0002889688907279797,0.0002081946829515137,1.0,0,2.0,19.0
2025-12-02,23.26172944051267,23.26172944051267,22.636204519448267,22.94896697998047,16800,674.2556762695312,132.0,1.0,4.0,1.0,2.0,0.00028046087974421986,0.00022928806194308032,-1.0,0,2.0,20.0
2025-12-03,23.21286260467968,23.31060134638378,22.978290743116712,23.2519588470459,9500,676.5905151367188,131.0,1.0,4.0,1.0,2.0,0.0002877442361663675,0.0002698244928036337,-1.0,0,2.0,21.0
2025-12-04,24.160923223736276,24.38572288065893,23.975221671954632,24.043638229370117,11400,677.0851440429688,137.0,1.0,1.0,1.0,1.0,0.0003064677807561238,0.00027140587013692194,1.0,0,1.0,1.0
2025-12-05,22.72417093294061,23.984996795654297,22.72417093294061,23.984996795654297,3800,678.3712768554688,135.0,1.0,1.0,1.0,1.0,0.00033627478553019337,0.00026811395942925956,1.0,0,1.0,2.0
2025-12-08,24.28798435965943,24.28798435965943,23.379017256245167,23.994768142700195,8000,676.333251953125,133.0,1.0,1.0,1.0,1.0,0.0003812632361387018,0.0002889688907279797,1.0,0,1.0,3.0
2025-12-09,23.77974455430973,24.03386453155017,23.740650177001953,23.740650177001953,18000,675.7495727539062,132.0,1.0,1.0,1.0,1.0,0.00036382994090002546,0.00028046087974421986,1.0,0,1.0,4.0
2025-12-10,24.278209417199427,24.278209417199427,23.330147971164912,23.476755142211914,6400,680.2312622070312,131.0,1.0,1.0,1.0,1.0,0.0003623659315394974,0.0002877442361663675,-1.0,0,1.0,5.0
2025-12-11,23.55494806665724,23.848162437493155,23.55494806665724,23.701555252075195,5000,681.8141479492188,130.0,1.0,1.0,1.0,1.0,0.0003525021359399784,0.0003064677807561238,-1.0,0,1.0,6.0
2025-12-12,24.434593200817257,24.434593200817257,23.45720947278457,23.515851974487305,14600,674.4832763671875,128.0,1.0,1.0,1.0,1.0,0.0003703845846158049,0.00033627478553019337,1.0,0,1.0,7.0
2025-12-15,23.525624751120063,23.525624751120063,22.47982451749312,23.16399383544922,15600,673.4641723632812,128.0,1.0,1.0,1.0,1.0,0.00037587366229865736,0.0003812632361387018,-1.0,0,1.0,8.0
2025-12-16,23.163992228748825,23.163992228748825,22.724168859968152,22.86100196838379,7500,671.6240844726562,127.0,1.0,4.0,1.0,2.0,0.00033675662604518397,0.00036382994090002546,-1.0,0,2.0,9.0
2025-12-17,23.271505026641535,23.271505026641535,22.60688382231722,22.724170684814453,7800,664.2338256835938,126.0,1.0,4.0,1.0,2.0,0.0003115921106920933,0.0003623659315394974,-1.0,0,2.0,10.0
2025-12-18,22.773037923658155,23.06625413234817,22.489597639223614,22.968515396118164,6900,669.2496948242188,125.0,1.0,4.0,1.0,2.0,0.0002960697359283031,0.0003525021359399784,-1.0,0,2.0,11.0
2025-12-19,22.773037600974966,22.782811660880608,22.48959732055664,22.48959732055664,16300,675.3153686523438,126.0,1.0,4.0,1.0,2.0,0.0002722563194957268,0.0003703845846158049,-1.0,0,4.0,1.0
2025-12-22,21.991132238636848,22.96851589368737,21.991132238636848,22.47982406616211,5400,679.5225219726562,124.0,1.0,4.0,1.0,2.0,0.0002442518775915778,0.00037587366229865736,-1.0,0,2.0,2.0
2025-12-23,22.47982291756295,22.90987222579114,22.362536064696613,22.792585372924805,26000,682.628173828125,124.0,1.0,4.0,1.0,2.0,0.0002224319409270141,0.00033675662604518397,-1.0,0,2.0,3.0
2025-12-24,21.385153552252515,22.802360597760327,21.385153552252515,22.47982406616211,6000,685.0294799804688,124.0,1.0,4.0,1.0,2.0,0.00021164085408980094,0.0003115921106920933,-1.0,0,2.0,4.0
2025-12-26,22.08887177299708,22.1866105148666,22.01068115234375,22.01068115234375,25700,684.9600219726562,125.0,1.0,4.0,1.0,2.0,0.00018747690713482896,0.0002960697359283031,-1.0,0,4.0,5.0
2025-12-29,21.746786783822852,22.479824540580925,21.746786783822852,22.3820858001709,26500,682.51904296875,125.0,1.0,4.0,1.0,2.0,0.00016550821644083656,0.0002722563194957268,-1.0,0,2.0,6.0
2025-12-30,22.60688312106567,23.0662546320347,22.47982406616211,22.47982406616211,6200,681.6856079101562,124.0,1.0,4.0,1.0,2.0,0.00017035933751613483,0.0002442518775915778,-1.0,0,2.0,7.0
2025-12-31,22.1377406788676,23.066255949899848,22.1377406788676,22.372312545776367,18000,676.635009765625,122.0,1.0,4.0,1.0,2.0,0.0002146013928613162,0.0002224319409270141,-1.0,0,2.0,8.0
2026-01-02,23.076030715677035,23.076030715677035,22.137741355166145,22.61665916442871,4400,677.8753051757812,121.0,1.0,4.0,1.0,2.0,0.00024990435609906333,0.00021164085408980094,1.0,0,2.0,9.0
2026-01-05,22.284347495113654,23.066255569458008,22.284347495113654,23.066255569458008,19700,682.3900146484375,122.0,1.0,4.0,1.0,2.0,0.00030779693459233494,0.00018747690713482896,1.0,0,2.0,10.0
2026-01-06,23.066255238264684,23.57449519965931,22.978290557861328,22.978290557861328,33900,686.4483642578125,120.0,1.0,1.0,1.0,1.0,0.0003538896038045444,0.00016550821644083656,1.0,0,1.0,1.0
2026-01-07,23.085801822469186,23.13467025756836,22.782811559378157,23.13467025756836,1700,684.2356567382812,119.0,1.0,1.0,1.0,1.0,0.000393432922054982,0.00017035933751613483,1.0,0,1.0,2.0
2026-01-08,23.379015519635058,23.584265178470176,23.339919281260034,23.418109893798828,3600,684.1661987304688,118.0,1.0,1.0,1.0,1.0,0.0004157759221243145,0.0002146013928613162,1.0,0,1.0,3.0
2026-01-09,23.58426776520317,23.984996795654297,23.447434644305172,23.984996795654297,7000,688.6908569335938,121.0,1.0,1.0,1.0,1.0,0.00045307874897524406,0.00024990435609906333,1.0,0,1.0,4.0
2026-01-12,24.063186580103228,24.434591551431982,23.300826652582447,24.385723114013672,5100,689.7723999023438,121.0,1.0,1.0,1.0,1.0,0.0005002890508618265,0.00030779693459233494,1.0,0,1.0,5.0
2026-01-13,24.43459148675181,24.845092698297698,24.43459148675181,24.70825958251953,8400,688.3931884765625,121.0,1.0,1.0,1.0,1.0,0.0005148285523026269,0.0003538896038045444,1.0,0,1.0,6.0
2026-01-14,24.854866400760827,25.011247634887695,24.796223904016088,25.011247634887695,8400,685.0096435546875,120.0,1.0,1.0,1.0,1.0,0.0005132543861299962,0.000393432922054982,1.0,0,1.0,7.0
2026-01-15,25.29468735434755,25.587903559906028,25.021021132879877,25.36310577392578,8500,686.8750610351562,120.0,1.0,1.0,1.0,1.0,0.0005417030203523432,0.0004157759221243145,1.0,0,1.0,8.0
2026-01-16,25.363106719604172,25.363106719604172,24.649615231090173,25.16762924194336,12100,686.2994995117188,119.0,1.0,1.0,1.0,1.0,0.0005953957344606146,0.00045307874897524406,1.0,0,1.0,9.0
2026-01-20,24.698484371255944,25.509712696243945,24.698484371255944,25.021020889282227,42900,672.32861328125,117.0,1.0,1.0,1.0,1.0,0.0006097107682741376,0.0005002890508618265,1.0,0,1.0,10.0
2026-01-21,25.021021185499315,25.294687407542504,24.84509183463651,25.040569305419922,5500,680.0880737304688,116.0,1.0,1.0,1.0,1.0,0.0005835982173801314,0.0005148285523026269,1.0,0,1.0,11.0
2026-01-22,23.984994935093756,25.333783510748514,23.984994935093756,25.294687271118164,9100,683.6403198242188,115.0,1.0,1.0,1.0,1.0,0.000579785454159232,0.0005132543861299962,1.0,0,1.0,12.0
2026-01-23,23.994768339223818,25.26536822803094,23.994768339223818,24.727806091308594,14100,683.8883056640625,117.0,1.0,1.0,1.0,1.0,0.0005654741370366873,0.0005417030203523432,-1.0,0,1.0,13.0
2026-01-26,24.933056085278146,25.41197382990563,24.434590221063104,25.206724166870117,19300,687.3612060546875,118.0,1.0,1.0,1.0,1.0,0.0005773852089114784,0.0005953957344606146,1.0,0,1.0,14.0
2026-01-27,25.411974545246792,25.7345110706757,25.324009868837877,25.45107078552246,6400,690.0997924804688,117.0,1.0,1.0,1.0,1.0,0.0005583421251359504,0.0006097107682741376,1.0,0,1.0,15.0
2026-01-28,25.61722410230325,26.145012158454232,25.61722410230325,26.09614372253418,9900,690.0303344726562,120.0,1.0,1.0,1.0,1.0,0.0005955286682165772,0.0005835982173801314,1.0,0,1.0,16.0
2026-01-29,26.008179655636162,26.21342932836106,25.802928118699885,25.812702178955078,12800,688.6610717773438,120.0,1.0,1.0,1.0,1.0,0.0006120127742012589,0.000579785454159232,1.0,0,1.0,17.0
2026-01-30,26.1156899783754,26.438226502397224,25.802927514379856,26.09614372253418,8600,686.6071166992188,119.0,1.0,1.0,1.0,1.0,0.000639888272985823,0.0005654741370366873,1.0,0,1.0,18.0
2026-02-02,26.125464919709092,26.448001454611248,26.115690859353098,26.223203659057617,3700,690.0205078125,117.0,1.0,1.0,1.0,1.0,0.0006638374668473702,0.0005773852089114784,1.0,0,1.0,19.0
2026-02-03,26.389358994003338,26.565288352237186,26.145013077392196,26.2916202545166,12400,684.18603515625,116.0,1.0,1.0,1.0,1.0,0.0006752879890096767,0.0005583421251359504,1.0,0,1.0,20.0
2026-02-04,26.584836456868743,27.366742643866072,26.584836456868743,27.073528289794922,21100,680.8719482421875,121.0,1.0,1.0,1.0,1.0,0.0007303555010363823,0.0005955286682165772,1.0,0,1.0,21.0
2026-02-05,28.22683915883747,28.832817845677603,26.780311795685396,28.754627227783203,29400,672.3683471679688,144.0,1.0,1.0,4.0,5.0,0.0008061171958234468,0.0006120127742012589,1.0,0,1.0,22.0
2026-02-06,30.425952476273167,30.59210777282715,29.477890998413024,30.59210777282715,21900,685.267578125,165.0,1.0,1.0,4.0,5.0,0.0009027994728264018,0.000639888272985823,1.0,0,1.0,23.0
2026-02-09,31.276276968706753,31.628135681152344,31.03193105488873,31.628135681152344,20700,688.5718383789062,169.0,1.0,1.0,4.0,5.0,0.0009819020473886568,0.0006638374668473702,1.0,0,1.0,24.0
2026-02-10,31.481525795446277,32.93782904317047,31.481525795446277,32.810768127441406,65500,686.7559204101562,174.0,1.0,1.0,4.0,5.0,0.0010714717949095098,0.0006752879890096767,1.0,0,1.0,25.0
2026-02-11,33.231046280963916,33.749058456365944,32.224342248488895,33.006248474121094,48300,686.5972290039062,172.0,1.0,1.0,4.0,5.0,0.0011493719577929723,0.0007303555010363823,1.0,0,1.0,26.0
2026-02-12,33.74905812178134,33.74905812178134,32.28298256509686,32.52732849121094,48100,675.9901123046875,170.0,1.0,1.0,4.0,5.0,0.001178346156336032,0.0008061171958234468,1.0,0,1.0,27.0
2026-02-13,30.181604707847793,33.035564890643386,30.181604707847793,32.86941146850586,37900,676.46630859375,168.0,1.0,1.0,4.0,5.0,0.0011750439627939322,0.0009027994728264018,1.0,0,1.0,28.0
2026-02-17,32.351398925266366,32.72280577461214,30.2988946500212,31.266504287719727,46800,677.5578002929688,179.0,1.0,1.0,4.0,5.0,0.0010839565196791164,0.0009819020473886568,1.0,0,1.0,29.0
2026-02-18,31.158989703792358,31.716099945975373,31.158989703792358,31.403337478637695,2600,680.9711303710938,177.0,1.0,1.0,4.0,5.0,0.001004262954466958,0.0010714717949095098,1.0,0,1.0,30.0
2026-02-19,31.325144486221962,31.931121290743558,31.119894819461482,31.501073837280273,68800,679.1751098632812,174.0,1.0,1.0,4.0,5.0,0.0009356641890608961,0.0011493719577929723,1.0,0,1.0,31.0
2026-02-20,31.72587181020231,32.3025283024065,30.82668065811316,32.16569519042969,321200,684.0868530273438,174.0,1.0,1.0,4.0,5.0,0.0009481053623997763,0.001178346156336032,1.0,0,1.0,32.0
2026-02-23,31.813836563994673,32.302528381347656,31.501074099162576,32.302528381347656,4300,677.1013793945312,171.0,1.0,1.0,4.0,5.0,0.0009698990684439412,0.0011750439627939322,1.0,0,1.0,33.0
2026-02-24,31.72587006212704,32.82054235447114,31.72587006212704,32.6934814453125,54200,682.0228881835938,170.0,1.0,1.0,4.0,5.0,0.000953446168148822,0.0010839565196791164,1.0,0,1.0,34.0
2026-02-25,32.81076914817385,33.75883249089839,32.49800667543595,32.75212478637695,13700,687.7780151367188,167.0,1.0,1.0,4.0,5.0,0.0009517793968232655,0.001004262954466958,1.0,0,1.0,35.0
2026-02-26,34.2084304253249,34.2084304253249,32.74235483566812,33.6904182434082,18600,683.957763671875,169.0,1.0,1.0,4.0,5.0,0.0009604603557694338,0.0009356641890608961,1.0,0,1.0,36.0
2026-02-27,34.0911396658902,34.0911396658902,32.97692300243199,33.4362907409668,6600,680.6734619140625,167.0,1.0,1.0,4.0,5.0,0.0009611848811738052,0.0009481053623997763,1.0,0,1.0,37.0
2026-03-02,32.97692505692725,34.091141789802286,31.901800835343046,33.25059127807617,11000,681.0604858398438,165.0,1.0,1.0,4.0,5.0,0.000938933922189516,0.0009698990684439412,1.0,0,1.0,38.0
2026-03-03,31.579269016074644,32.74235428888021,30.601883441747333,32.732582092285156,40200,675.057373046875,164.0,1.0,1.0,4.0,5.0,0.0008869810999505707,0.000953446168148822,1.0,0,1.0,39.0
2026-03-04,31.716100079882192,32.42958969453508,31.286048889160156,31.286048889160156,14000,679.8201293945312,172.0,1.0,1.0,4.0,5.0,0.0008068232240102976,0.0009517793968232655,-1.0,0,2.0,40.0
2026-03-05,31.901801314436316,32.253660020296266,31.276276383317594,31.589038848876953,10800,676.02978515625,170.0,1.0,1.0,4.0,5.0,0.0007555968772538726,0.0009604603557694338,-1.0,0,2.0,41.0
2026-03-06,32.253662018315644,32.253662018315644,30.29889462326621,30.738718032836914,6000,667.1689453125,172.0,1.0,1.0,4.0,5.0,0.0006728444464979122,0.0009611848811738052,-1.0,0,2.0,42.0
2026-03-09,27.894530032172074,31.01238250732422,27.894530032172074,31.01238250732422,31700,673.0133666992188,170.0,1.0,1.0,4.0,5.0,0.0006735753157602627,0.000938933922189516,-1.0,0,2.0,43.0
2026-03-10,31.892028121310513,32.84008768420663,31.892028121310513,32.49800491333008,12300,671.9317626953125,179.0,1.0,1.0,4.0,5.0,0.000685950398914071,0.0008869810999505707,1.0,0,1.0,44.0
2026-03-11,32.49800769768634,33.231045465303325,30.660527180446135,31.774742126464844,5100,671.08837890625,179.0,1.0,1.0,4.0,5.0,0.0007141428469344189,0.0008068232240102976,1.0,0,1.0,45.0
2026-03-12,31.77474142495694,32.23411294228379,30.816907741372876,31.5303955078125,4600,660.89794921875,177.0,1.0,1.0,4.0,5.0,0.00068867179601903,0.0007555968772538726,1.0,0,1.0,46.0
2026-03-13,32.05818270475376,32.527326405398234,31.735648041745623,31.86270523071289,7200,657.1571655273438,175.0,1.0,1.0,4.0,5.0,0.0006547464939902418,0.0006728444464979122,1.0,0,1.0,47.0
2026-03-16,31.764971417448248,32.55665358577696,31.413112675968822,32.33185577392578,25700,663.844970703125,173.0,1.0,1.0,4.0,5.0,0.0006535515552072149,0.0006735753157602627,1.0,0,1.0,48.0
2026-03-17,32.65438756086924,33.279912499622526,32.65438756086924,32.986698150634766,14900,665.5912475585938,173.0,1.0,1.0,4.0,5.0,0.0006893963632504659,0.000685950398914071,1.0,0,1.0,49.0
2026-03-18,34.20842843897202,34.28662092218977,33.23104476928711,33.23104476928711,19000,656.3037719726562,171.0,1.0,1.0,4.0,5.0,0.0007211890279856104,0.0007141428469344189,1.0,0,1.0,50.0
2026-03-19,33.23104326479533,33.8272478728584,32.60551834106445,32.60551834106445,10500,654.6864624023438,170.0,1.0,1.0,4.0,5.0,0.0007197679260044545,0.00068867179601903,1.0,0,1.0,51.0
2026-03-20,33.23104187936494,33.23104187936494,31.334919067303858,32.253658294677734,5500,645.301025390625,168.0,1.0,1.0,4.0,5.0,0.00066615670147593,0.0006547464939902418,1.0,0,1.0,52.0
2026-03-23,32.253661377641315,33.71973689480683,31.14921864162965,32.85963821411133,55200,652.07666015625,168.0,1.0,1.0,4.0,5.0,0.0005958408687201713,0.0006535515552072149,1.0,0,1.0,53.0
2026-03-24,30.816906902624705,33.82724844534285,30.816906902624705,33.42652130126953,22600,649.8877563476562,167.0,1.0,1.0,4.0,5.0,0.0005706508996550816,0.0006893963632504659,1.0,0,1.0,54.0
2026-03-25,34.20842581868119,34.31593861065893,33.19194598524754,34.22797393798828,14500,653.5093994140625,167.0,1.0,1.0,4.0,5.0,0.0005961241515657275,0.0007211890279856104,1.0,0,1.0,55.0
2026-03-26,34.22797884252952,34.50164509519751,34.22797884252952,34.30616760253906,20600,641.8385620117188,165.0,1.0,1.0,4.0,5.0,0.000622994062979213,0.0007197679260044545,1.0,0,1.0,56.0
2026-03-27,34.306166440829834,34.697121412907826,32.92805557046816,34.09114456176758,3000,630.8939819335938,163.0,1.0,1.0,4.0,5.0,0.0006279071233816202,0.00066615670147593,1.0,0,1.0,57.0
2026-03-30,35.081194628967886,35.33783648282125,32.96882172069005,34.913387298583984,15500,628.78466796875,164.0,1.0,1.0,4.0,5.0,0.0006338746969613827,0.0005958408687201713,1.0,0,1.0,58.0
2026-03-31,33.12675728563297,34.5185546875,31.675733100438148,34.5185546875,60100,647.0620727539062,162.0,1.0,1.0,4.0,5.0,0.0006597274006100618,0.0005706508996550816,1.0,0,1.0,59.0
2026-04-01,33.01817533675652,35.00222542624111,33.01817533675652,34.6666145324707,10600,651.9373779296875,160.0,1.0,1.0,4.0,5.0,0.000692603425676729,0.0005961241515657275,1.0,0,1.0,60.0
2026-04-02,33.3143009916124,34.242164611816406,31.10321872209615,34.242164611816406,6500,652.5244140625,158.0,1.0,1.0,4.0,5.0,0.0006924453156158255,0.000622994062979213,-1.0,0,2.0,61.0
2026-04-06,34.40997108706153,34.94300079345703,33.48210372434693,34.94300079345703,12100,655.6088256835938,158.0,1.0,1.0,4.0,5.0,0.0007072392332503826,0.0006279071233816202,1.0,0,1.0,62.0
2026-04-07,32.573983074104696,34.54816386647468,32.573983074104696,33.80784606933594,13100,655.8972778320312,162.0,1.0,1.0,4.0,5.0,0.0006802007839677884,0.0006338746969613827,-1.0,0,2.0,63.0
2026-04-08,36.67040820611916,36.67040820611916,33.90655219887747,33.955909729003906,20100,672.6027221679688,160.0,1.0,1.0,4.0,5.0,0.0006612249413128403,0.0006597274006100618,-1.0,0,2.0,64.0
2026-04-09,34.10397239774279,34.429714035543505,32.62333680508723,34.18294143676758,10800,676.4829711914062,158.0,1.0,1.0,4.0,5.0,0.0006183338747743889,0.000692603425676729,-1.0,0,2.0,65.0
2026-04-10,30.74786707907618,35.041710904480134,30.74786707907618,33.965782165527344,16700,676.0353393554688,156.0,1.0,1.0,4.0,5.0,0.0006007640780866171,0.0006924453156158255,-1.0,0,2.0,66.0
2026-04-13,34.548165199738385,34.548165199738385,32.5542420706422,33.2254638671875,14200,682.641845703125,156.0,1.0,1.0,4.0,5.0,0.0005700296888061178,0.0007072392332503826,-1.0,0,2.0,67.0
2026-04-14,29.889098840164248,34.84429135827441,29.889098840164248,33.166236877441406,5800,690.959716796875,154.0,1.0,1.0,4.0,5.0,0.0005275736517865115,0.0006802007839677884,-1.0,0,2.0,68.0
2026-04-15,31.685600280761715,31.685600280761715,30.846574948347094,31.68560028076172,20700,696.412109375,164.0,1.0,4.0,4.0,6.0,0.00045890096250286624,0.0006612249413128403,-1.0,0,4.0,1.0
2026-04-16,31.152572444671552,31.685600280761715,30.89592871517424,31.68560028076172,18900,698.1234130859375,162.0,1.0,4.0,4.0,6.0,0.0004256057080077517,0.0006183338747743889,-1.0,0,4.0,2.0
2026-04-17,31.932373475787646,32.80101409685683,30.89592929128694,31.271024703979492,16300,706.5607299804688,160.0,1.0,4.0,4.0,6.0,0.0003856246036646604,0.0006007640780866171,-1.0,0,4.0,3.0
2026-04-20,28.47755850307194,31.192057111319734,28.47755850307194,30.747865676879883,9300,705.1477661132812,159.0,1.0,4.0,4.0,6.0,0.00038164151887934173,0.0005700296888061178,-1.0,0,4.0,4.0
2026-04-21,31.981730848922027,31.981730848922027,29.61271235439036,30.244449615478516,6200,700.53125,159.0,1.0,4.0,4.0,6.0,0.0003409680178978855,0.0005275736517865115,-1.0,0,4.0,5.0
2026-04-22,29.612713015946657,30.599803449811546,29.2080060886801,29.267230987548828,22400,707.6253051757812,163.0,1.0,4.0,4.0,6.0,0.00027749774567910855,0.00045890096250286624,-1.0,0,4.0,6.0
2026-04-23,29.612711739505805,29.8199998179741,29.36593914167659,29.662065505981445,10200,704.8792114257812,161.0,1.0,4.0,4.0,6.0,0.0002412723337379935,0.0004256057080077517,-1.0,0,4.0,7.0
2026-04-24,29.514003350158323,32.62333781438631,29.514003350158323,30.767608642578125,9000,710.341552734375,166.0,1.0,4.0,4.0,6.0,0.0002549508268864243,0.0003856246036646604,-1.0,0,4.0,8.0
2026-04-27,30.79722113545885,30.79722113545885,28.62562150925291,29.908838272094727,14700,711.5653076171875,168.0,1.0,4.0,4.0,6.0,0.0002728574652798146,0.00038164151887934173,-1.0,0,4.0,9.0
2026-04-28,29.90883897753578,30.3036766517773,29.30671510149603,29.92858123779297,4200,708.1028442382812,166.0,1.0,4.0,4.0,6.0,0.00027168263111054,0.0003409680178978855,-1.0,0,4.0,10.0
2026-04-29,30.106258830671294,32.03108596801758,29.612713603938975,32.03108596801758,5700,707.993408203125,188.0,1.0,4.0,4.0,6.0,0.00028901290025733255,0.00027749774567910855,1.0,0,2.0,11.0
2026-04-30,31.586893064497602,32.03108450130732,29.612712247966503,30.994638442993164,2427600,715.0377197265625,190.0,1.0,4.0,4.0,6.0,0.0003071290183631735,0.0002412723337379935,-1.0,0,4.0,12.0
2026-05-01,32.03108373556811,33.17610843116499,30.49122137992361,32.31734085083008,9500,717.0177001953125,196.0,1.0,4.0,4.0,6.0,0.00034764558630399575,0.0002549508268864243,1.0,0,2.0,13.0
2026-05-04,33.56107274675896,33.56107274675896,32.573982371854285,33.00830078125,13200,714.3909912109375,195.0,1.0,4.0,4.0,6.0,0.00036131570302230727,0.0002728574652798146,1.0,0,2.0,14.0
2026-05-05,32.57398515340784,34.05462084219911,32.57398515340784,33.08727264404297,13900,720.1220092773438,192.0,1.0,1.0,4.0,5.0,0.00040524089581563203,0.00027168263111054,1.0,0,1.0,1.0
2026-05-06,33.56107248880037,34.40009779484001,32.08043693782388,33.88681411743164,8500,730.1312866210938,192.0,1.0,1.0,4.0,5.0,0.00044310910811467494,0.00028901290025733255,1.0,0,1.0,2.0
2026-05-07,36.275571288613314,36.275571288613314,32.6134669003282,33.19585037231445,119300,727.8926391601562,191.0,1.0,1.0,4.0,5.0,0.000443022347283752,0.0003071290183631735,1.0,0,1.0,3.0
2026-05-08,33.946038958990854,35.18977499749064,32.82075648207752,33.669654846191406,9600,733.9021606445312,190.0,1.0,1.0,4.0,5.0,0.0004526672887891238,0.00034764558630399575,1.0,0,1.0,4.0
2026-05-11,32.51475559379766,33.51171898110392,32.51475559379766,33.00830078125,6300,735.5736694335938,189.0,1.0,1.0,4.0,5.0,0.0004229026149570795,0.00036131570302230727,-1.0,0,2.0,5.0
2026-05-12,34.103973063633795,34.36061868002442,32.67269120969698,33.61042785644531,11800,734.4593505859375,188.0,1.0,1.0,4.0,5.0,0.000435124636537108,0.00040524089581563203,1.0,0,1.0,6.0
2026-05-13,35.43654871774225,37.03563419496827,35.43654871774225,36.39402389526367,11200,738.5685424804688,214.0,1.0,1.0,4.0,5.0,0.0004690316204360321,0.00044310910811467494,1.0,0,1.0,7.0
2026-05-14,35.71293184966813,36.86782583859391,34.558034095291205,35.288482666015625,6400,744.3989868164062,215.0,1.0,1.0,4.0,5.0,0.0004964871531813328,0.000443022347283752,1.0,0,1.0,8.0
2026-05-15,36.84808836007398,37.26266454226671,36.344670121181395,36.581573486328125,5300,735.4443969726562,218.0,1.0,1.0,4.0,5.0,0.0005319555902485305,0.0004526672887891238,1.0,0,1.0,9.0
2026-05-18,33.166237644371215,35.04171100727934,31.961989854768742,34.40010070800781,9400,734.927001953125,230.0,1.0,1.0,4.0,5.0,0.00048054567140185157,0.0004229026149570795,-1.0,1,2.0,10.0
2026-05-19,34.40009876318369,34.40009876318369,33.95591109774785,34.18294143676758,8600,730.0317993164062,227.0,1.0,1.0,4.0,5.0,0.0004594437058277651,0.000435124636537108,-1.0,0,2.0,11.0
2026-05-20,33.955911716428645,34.30139185482922,33.2649476741764,33.98552322387695,16500,737.5138549804688,224.0,1.0,1.0,4.0,5.0,0.000404322727209923,0.0004690316204360321,-1.0,0,2.0,12.0
2026-05-21,32.70230535321298,34.40009824679883,32.573982549449475,33.442623138427734,8200,738.9764404296875,221.0,1.0,1.0,4.0,5.0,0.0003930767358378117,0.0004964871531813328,-1.0,0,2.0,13.0
2026-05-22,33.462367902747005,34.35074705223465,33.462367902747005,33.837459564208984,2400,741.8817749023438,219.0,1.0,1.0,4.0,5.0,0.0003887809503752428,0.0005319555902485305,-1.0,0,2.0,14.0
2026-05-26,33.15636880083812,33.88681740021373,32.031086275556504,32.33708190917969,41200,746.8068237304688,224.0,1.0,4.0,4.0,6.0,0.0003591887155631667,0.00048054567140185157,-1.0,0,4.0,1.0
2026-05-27,31.083477518261756,31.883020242060578,30.718255112272118,31.82379722595215,8200,746.677490234375,222.0,1.0,4.0,4.0,6.0,0.00033782660424102294,0.0004594437058277651,-1.0,1,4.0,2.0
2026-05-28,32.87011016080734,32.87011016080734,31.21179984033441,31.675731658935547,5900,750.7965698242188,219.0,1.0,4.0,4.0,6.0,0.00031140658024445775,0.000404322727209923,-1.0,0,4.0,3.0
2026-05-29,31.833666070458865,31.833666070458865,30.481351365578107,31.11309051513672,8800,752.6671142578125,217.0,1.0,4.0,4.0,6.0,0.00028879665209227733,0.0003930767358378117,-1.0,0,4.0,4.0
2026-06-01,31.192056511503228,31.70534208032104,29.977935791015625,29.977935791015625,4600,754.7167358398438,220.0,1.0,4.0,4.0,6.0,0.0002533610564884569,0.0003887809503752428,-1.0,0,4.0,5.0
2026-06-02,29.95819335530534,30.599801724598603,29.95819335530534,30.510963439941406,8500,755.7415771484375,218.0,1.0,4.0,4.0,6.0,0.00022446996934497203,0.0003591887155631667,-1.0,0,4.0,6.0
2026-06-03,30.51096576597374,32.08043973760056,30.51096576597374,32.03108596801758,4900,750.4384155273438,224.0,1.0,4.0,4.0,6.0,0.00025804307585681753,0.00033782660424102294,1.0,0,2.0,7.0
2026-06-04,32.031084072094224,32.031084072094224,29.977936125722866,30.471481323242188,3500,753.2740478515625,231.0,1.0,4.0,4.0,6.0,0.00029337764288631823,0.00031140658024445775,-1.0,0,4.0,8.0
2026-06-05,30.32341617087185,31.38947371914829,29.61271176626273,30.25432014465332,2000,733.83251953125,228.0,1.0,4.0,4.0,6.0,0.0003020824169841822,0.00028879665209227733,-1.0,0,4.0,9.0
2026-06-08,29.01058683330578,31.58689343126556,29.01058683330578,30.708383560180664,11200,735.4940795898438,226.0,1.0,4.0,4.0,6.0,0.0002717974092804035,0.0002533610564884569,-1.0,0,4.0,10.0
2026-06-09,30.303676342110457,30.353030109523527,29.119167096941272,29.247488021850586,3100,733.3350219726562,232.0,1.0,4.0,4.0,6.0,0.00024187126233197703,0.00022446996934497203,-1.0,0,4.0,11.0
2026-06-10,29.217876675543952,29.46464927942063,28.15181910210572,28.30975341796875,43100,721.7736206054688,233.0,1.0,4.0,4.0,6.0,0.00021204193411833506,0.00025804307585681753,-1.0,0,4.0,12.0
2026-06-11,27.63853079290179,29.612711563823346,27.63853079290179,28.823040008544922,24500,734.04150390625,231.0,1.0,4.0,4.0,6.0,0.00017922323626436013,0.00029337764288631823,-1.0,0,4.0,13.0
2026-06-12,31.428958586376833,31.428958586376833,29.375810623168945,29.375810623168945,31900,738.0113525390625,229.0,1.0,4.0,4.0,6.0,0.00017829973860688156,0.0003020824169841822,-1.0,0,4.0,14.0
2026-06-15,29.385682354314827,30.353030517321674,29.010586939124046,29.36594009399414,3400,751.0254516601562,225.0,1.0,4.0,4.0,6.0,0.0001858581364688915,0.0002717974092804035,-1.0,0,4.0,15.0
2026-06-16,28.625622582081768,30.20496765281071,28.32949620501254,29.267230987548828,3500,746.5481567382812,222.0,1.0,4.0,4.0,6.0,0.0001924747204881176,0.00024187126233197703,-1.0,0,4.0,16.0
2026-06-17,28.329494849045325,29.11916640525004,27.747111370322283,28.44794464111328,9300,737.225341796875,222.0,1.0,4.0,4.0,6.0,0.00016640594696076482,0.00021204193411833506,-1.0,0,4.0,17.0
2026-06-18,28.14194828904658,29.95819482465726,28.13207715885325,28.803298950195312,5700,744.8902587890625,219.0,1.0,4.0,4.0,6.0,0.00015625945742518067,0.00017922323626436013,-1.0,0,4.0,18.0
2026-06-22,26.207248980893464,29.63245382338668,26.207248980893464,28.823040008544922,6100,742.546142578125,216.0,1.0,4.0,4.0,6.0,0.0001710923230741387,0.00017829973860688156,-1.0,0,4.0,19.0
2026-06-23,26.651441583526786,28.29988267529839,26.651441583526786,27.83595085144043,28000,731.7628784179688,218.0,1.0,4.0,4.0,6.0,0.00017376367621073322,0.0001858581364688915,-1.0,0,4.0,20.0
2026-06-24,28.32949495399014,29.514002292685145,27.638530927707254,28.477558135986328,4000,731.4237060546875,217.0,1.0,4.0,4.0,6.0,0.0001776999008842434,0.0001924747204881176,-1.0,0,4.0,21.0
2026-06-25,28.57626832876217,28.57626832876217,26.434282048299153,26.750150680541992,8200,732.4810791015625,230.0,4.0,4.0,4.0,12.0,0.00012842786075105333,0.00016640594696076482,-1.0,0,4.0,22.0
2026-06-26,26.878472053861824,28.132077356331436,26.878472053861824,27.08576202392578,5600,727.1842651367188,228.0,4.0,4.0,4.0,12.0,9.142783622469935e-05,0.00015625945742518067,-1.0,0,4.0,23.0
2026-06-29,27.76685231338543,28.625621795654297,26.651440982160896,28.625621795654297,2600,739.1644897460938,236.0,1.0,4.0,4.0,6.0,6.329122646250782e-05,0.0001710923230741387,1.0,0,2.0,24.0
2026-06-30,26.6514405856773,28.47755818753733,26.256604805397554,27.322662353515625,19700,744.9202270507812,241.0,1.0,4.0,4.0,6.0,4.39515740525115e-05,0.00017376367621073322,-1.0,0,4.0,25.0
2026-07-01,27.144986342446323,27.24369576023669,26.2566053477841,26.908084869384766,5900,743.9127197265625,239.0,1.0,4.0,4.0,6.0,4.25319914982584e-05,0.0001776999008842434,-1.0,0,4.0,26.0
2026-07-02,26.532990051044546,26.89821434020996,26.325701963507175,26.89821434020996,5900,742.9351806640625,235.0,4.0,4.0,4.0,12.0,1.5761475664499302e-05,0.00012842786075105333,-1.0,0,4.0,27.0
2026-07-06,28.61575027805315,28.61575027805315,26.256604840355852,26.947566986083984,8700,749.4190673828125,232.0,4.0,4.0,4.0,12.0,6.88393727750107e-06,9.142783622469935e-05,-1.0,0,4.0,28.0
2026-07-07,27.88530400000221,27.88530400000221,27.125243934696694,27.25356674194336,4800,745.85791015625,229.0,4.0,4.0,4.0,12.0,-1.7151143464174981e-06,6.329122646250782e-05,-1.0,0,4.0,29.0
2026-07-08,26.256604571186212,27.638530731201172,26.256604571186212,27.638530731201172,3600,743.5536499023438,226.0,4.0,4.0,4.0,12.0,-4.344191987424695e-06,4.39515740525115e-05,1.0,0,4.0,30.0
2026-07-09,27.63853101453763,28.132076211225804,26.750150037044023,26.947566986083984,3600,749.8480224609375,226.0,4.0,4.0,4.0,12.0,-9.718718811852079e-06,4.25319914982584e-05,-1.0,0,4.0,31.0
2026-07-10,27.520079365015498,28.13207623788808,26.947567011623637,27.53982162475586,8000,753.0799560546875,224.0,4.0,4.0,4.0,12.0,-8.634118316860074e-06,1.5761475664499302e-05,-1.0,0,4.0,32.0
2026-07-13,27.539821598654893,28.132076211225804,26.947566986083984,26.947566986083984,3300,747.3142700195312,223.0,4.0,4.0,4.0,12.0,-1.8128699871159544e-05,6.88393727750107e-06,-1.0,0,4.0,33.0
2026-07-14,26.39479807023862,28.42820384412636,26.39479807023862,27.52008056640625,6000,749.9677124023438,221.0,4.0,4.0,4.0,12.0,-5.156802915881211e-06,-1.7151143464174981e-06,1.0,0,4.0,34.0
2026-07-15,26.651441884275798,28.61575163426387,26.651441884275798,27.737241744995117,3400,752.9403076171875,218.0,4.0,4.0,4.0,12.0,1.375272294241123e-05,-4.344191987424695e-06,1.0,0,4.0,35.0
2026-07-16,27.737241774881028,27.78659554385188,26.94756829226813,26.957439422607422,23000,748.8604125976562,219.0,4.0,4.0,4.0,12.0,1.5150148079024802e-05,-9.718718811852079e-06,-1.0,0,4.0,36.0
2026-07-17,28.08272344875877,28.08272344875877,26.65144157409668,26.65144157409668,28900,741.4487915039062,216.0,4.0,4.0,4.0,12.0,-3.753895877841503e-06,-8.634118316860074e-06,-1.0,0,4.0,37.0
2026-07-20,28.378849829399414,28.378849829399414,27.243696212768555,27.243696212768555,2000,740.2518310546875,215.0,4.0,4.0,4.0,12.0,-1.6354566330927005e-05,-1.8128699871159544e-05,1.0,0,4.0,38.0
2026-07-21,28.625621813366582,29.741033145281285,28.526912396085727,29.217876434326172,10100,746.426513671875,232.0,1.0,1.0,4.0,5.0,2.9632216491187194e-05,-5.156802915881211e-06,1.0,0,1.0,1.0
2026-07-22,28.63549266168475,30.678769483579256,28.63549266168475,30.5010929107666,4600,745.55859375,236.0,1.0,1.0,4.0,5.0,9.19076031011232e-05,1.375272294241123e-05,1.0,0,1.0,2.0
2026-07-23,31.468442371299947,31.468442371299947,27.73724171630509,29.51400375366211,1200,736.3515014648438,237.0,1.0,1.0,4.0,5.0,0.00013356122580243253,1.5150148079024802e-05,1.0,0,1.0,3.0
2026-07-24,30.086515814015,30.106258074442547,29.533745701122825,29.612712860107422,8200,737.099609375,233.0,1.0,1.0,4.0,5.0,0.00015318337502201104,-3.753895877841503e-06,1.0,0,1.0,4.0
2026-07-27,29.602840434041678,31.46844066009039,28.487429126870218,28.823040008544922,7700,737.25927734375,233.0,1.0,1.0,4.0,5.0,0.0001424016661537725,-1.6354566330927005e-05,1.0,0,2.0,5.0
2026-07-28,29.25735894618474,29.395552882875755,28.59600830078125,28.59600830078125,5400,739.0248413085938,230.0,1.0,1.0,4.0,5.0,0.00012128446731940336,2.9632216491187194e-05,-1.0,0,2.0,6.0
2026-07-29,31.458572986334694,31.58689391446294,29.592970784258327,30.264192581176758,2300,727.6531372070312,239.0,1.0,1.0,4.0,5.0,0.0001094427535487831,9.19076031011232e-05,1.0,0,1.0,7.0
2026-07-30,26.63169959607198,31.3499925729298,26.63169959607198,29.51400375366211,24800,739.852783203125,238.0,1.0,1.0,4.0,5.0,8.620712398078554e-05,0.00013356122580243253,1.0,0,1.0,8.0
2026-07-31,31.438828973986134,31.438828973986134,28.96123189469716,30.91567039489746,9600,745.1796264648438,243.0,1.0,1.0,4.0,5.0,9.110202548464186e-05,0.00015318337502201104,1.0,0,1.0,9.0
2026-08-03,30.451738948670236,30.451738948670236,27.75698263222933,29.662065505981445,18700,755.793212890625,246.0,1.0,1.0,4.0,5.0,3.962734033254647e-05,0.0001424016661537725,-1.0,0,2.0,10.0
2026-08-04,28.043237560468057,29.948322296142578,27.23382374966293,29.948322296142578,10900,769.4193725585938,242.0,1.0,1.0,4.0,5.0,1.482495834552176e-05,0.00012128446731940336,-1.0,0,2.0,11.0
2026-08-05,27.737241641709165,29.484392166137695,27.737241641709165,29.484392166137695,5300,767.8831787109375,240.0,1.0,1.0,4.0,5.0,-2.5982346747790108e-05,0.0001094427535487831,-1.0,0,2.0,12.0
2026-08-06,28.842781927706447,29.78051859712842,28.842781927706447,29.70155143737793,7000,766.65625,236.0,1.0,1.0,4.0,5.0,-3.0511656901694027e-05,8.620712398078554e-05,-1.0,0,2.0,13.0
2026-08-07,29.948323756473354,31.45857279012004,28.990846718444423,29.612712860107422,6800,771.3446044921875,233.0,1.0,1.0,4.0,5.0,-9.375194955678477e-06,9.110202548464186e-05,-1.0,0,2.0,14.0
2026-08-10,28.13207614494546,30.737994174847195,28.13207614494546,30.62941551208496,3000,771.1151733398438,234.0,1.0,1.0,4.0,5.0,4.685967221622724e-05,3.962734033254647e-05,1.0,0,1.0,15.0
2026-08-11,30.22470975428223,30.846575895945232,29.612712860107422,29.612712860107422,2000,768.6513061523438,235.0,1.0,1.0,4.0,5.0,5.7312035873544955e-05,1.482495834552176e-05,-1.0,0,2.0,16.0
2026-08-12,29.711421874907693,30.274063110351562,29.484391531259387,30.274063110351562,6900,770.5764770507812,234.0,1.0,1.0,4.0,5.0,8.105787347934169e-05,-2.5982346747790108e-05,1.0,0,1.0,17.0
2026-08-13,31.44870165990627,31.44870165990627,28.990846718444423,29.612712860107422,4800,775.9531860351562,232.0,1.0,1.0,4.0,5.0,4.9795305372012996e-05,-3.0511656901694027e-05,-1.0,0,2.0,18.0
2026-08-14,29.514002737306555,29.59296989440918,29.514002737306555,29.59296989440918,22300,774.4169921875,229.0,1.0,1.0,4.0,5.0,6.231227596061705e-05,-9.375194955678477e-06,-1.0,0,2.0,19.0
2026-08-17,29.839743523268414,29.839743523268414,28.339365603925476,29.51400375366211,7500,770.7560424804688,225.0,1.0,1.0,4.0,5.0,3.539431689276157e-05,4.685967221622724e-05,-1.0,0,2.0,20.0
2026-08-18,29.81013052487246,29.81013052487246,28.72433071955383,29.25735855102539,1500,765.5490112304688,222.0,1.0,1.0,4.0,5.0,1.5063281029138813e-05,5.7312035873544955e-05,-1.0,0,2.0,21.0
2026-08-19,28.724331537268267,29.2771016441259,28.724331537268267,29.11916732788086,5100,767.1549682617188,219.0,1.0,1.0,4.0,5.0,-1.9837280145812093e-05,8.105787347934169e-05,-1.0,0,2.0,22.0
2026-08-20,30.037160562416982,30.037160562416982,29.148779597027712,29.168519973754883,2700,760.7109985351562,216.0,1.0,1.0,4.0,5.0,-3.737909422964942e-05,4.9795305372012996e-05,-1.0,0,2.0,23.0
2026-08-21,27.539822555238583,31.458572758003072,27.539822555238583,29.208005905151367,7200,763.8232421875,213.0,1.0,4.0,4.0,6.0,-5.02559049307399e-05,6.231227596061705e-05,-1.0,0,4.0,1.0
2026-08-24,29.415293676340223,31.093348138491912,27.737241096914087,30.491222381591797,5900,761.5787963867188,218.0,1.0,4.0,4.0,6.0,-3.5371432806429466e-06,3.539431689276157e-05,1.0,0,2.0,2.0
2026-08-25,29.41529261827467,30.728122750479585,29.41529261827467,29.573226928710938,3000,764.0127563476562,218.0,1.0,4.0,4.0,6.0,1.5921199440665747e-05,1.5063281029138813e-05,-1.0,0,4.0,3.0
2026-08-26,27.046276190805877,30.520834800217497,27.046276190805877,29.415292739868164,7300,764.182373046875,215.0,1.0,4.0,4.0,6.0,3.199716387273051e-05,-1.9837280145812093e-05,-1.0,0,4.0,4.0
2026-08-27,28.230786030078832,29.444906779408146,28.230786030078832,28.438074111938477,6600,769.18994140625,217.0,4.0,4.0,4.0,12.0,2.7838149216756864e-06,-3.737909422964942e-05,-1.0,0,4.0,5.0
2026-08-28,29.415293093322276,29.533744769425176,28.62562152838799,29.129037857055664,25500,767.4442749023438,216.0,4.0,4.0,4.0,12.0,1.0227040681794183e-05,-5.02559049307399e-05,-1.0,0,4.0,6.0
2026-08-31,30.155610977261126,30.155610977261126,29.61271201016498,29.938451766967773,5100,765.1499633789062,216.0,1.0,4.0,4.0,6.0,2.22088067592932e-05,-3.5371432806429466e-06,1.0,0,2.0,7.0
2026-09-01,30.10625807935106,30.609674423982035,29.82000095128174,30.204967498779297,10400,759.89306640625,213.0,1.0,4.0,4.0,6.0,2.2381995611895388e-05,1.5921199440665747e-05,1.0,0,2.0,8.0
2026-09-02,30.59980283859077,31.053863525390625,30.59980283859077,31.053863525390625,400,763.2646484375,214.0,1.0,4.0,4.0,6.0,7.296812519980574e-06,3.199716387273051e-05,1.0,0,2.0,9.0
2026-09-03,31.093349079203787,32.21863158626468,31.093349079203787,32.15940856933594,13600,771.2548217773438,216.0,1.0,1.0,4.0,5.0,2.9307019410004737e-05,2.7838149216756864e-06,1.0,0,1.0,1.0
2026-09-04,33.01817577163912,33.01817577163912,30.826833803131862,31.043994903564453,4500,768.2822265625,218.0,1.0,1.0,4.0,5.0,3.780651908516407e-05,1.0227040681794183e-05,1.0,0,1.0,2.0
2026-09-08,30.10625631159002,32.57398223876953,30.10625631159002,32.57398223876953,900,764.0626831054688,224.0,1.0,1.0,4.0,5.0,7.578675850242215e-05,2.22088067592932e-05,1.0,0,1.0,3.0
2026-09-09,32.36669602980339,32.57398411592372,31.557280297554595,32.16927719116211,1400,760.5115356445312,222.0,1.0,1.0,4.0,5.0,7.458010449242735e-05,2.2381995611895388e-05,1.0,0,1.0,4.0
2026-09-10,32.15940732193994,32.366695404052734,31.340120475325925,32.366695404052734,2300,755.9528198242188,219.0,1.0,1.0,4.0,5.0,9.133245313762515e-05,7.296812519980574e-06,1.0,0,1.0,5.0
2026-09-11,32.5739844869751,32.61346900824336,32.28772735595703,32.28772735595703,5400,762.3967895507812,215.0,1.0,1.0,4.0,5.0,8.530787044060649e-05,2.9307019410004737e-05,1.0,0,1.0,6.0
2026-09-14,32.83062369945174,33.31429963239453,32.45553207397461,32.45553207397461,9200,758.9952392578125,212.0,1.0,1.0,4.0,5.0,7.081484829082741e-05,3.780651908516407e-05,1.0,0,1.0,7.0
2026-09-15,31.734957669799904,31.734957669799904,30.797221042512543,31.43882942199707,8900,755.513916015625,214.0,1.0,1.0,4.0,5.0,5.386380927924604e-05,7.578675850242215e-05,-1.0,1,2.0,8.0
2026-09-16,33.51171875,33.51171875,33.51171875,33.51171875,400,752.1821899414062,228.0,1.0,1.0,4.0,5.0,5.4518996755698435e-05,7.458010449242735e-05,1.0,0,1.0,9.0
2026-09-17,30.451740657556233,33.51172141890312,30.451740657556233,33.156368255615234,1700,760.7109985351562,225.0,1.0,1.0,4.0,5.0,7.234208982560853e-05,9.133245313762515e-05,1.0,0,1.0,10.0
2026-09-18,32.96882127681383,32.96882127681383,30.10625757497959,30.83670425415039,4300,761.6900024414062,242.0,1.0,1.0,4.0,5.0,5.451119336724253e-05,8.530787044060649e-05,-1.0,0,2.0,11.0
2026-09-21,32.87010968810266,32.87010968810266,31.340120315551758,31.340120315551758,3500,773.5,240.0,1.0,1.0,4.0,5.0,1.591624545432867e-05,7.081484829082741e-05,-1.0,0,2.0,12.0
2026-09-22,31.586892876346944,32.33707992536172,31.586892876346944,31.7152156829834,1900,773.3800048828125,237.0,1.0,1.0,4.0,5.0,-1.8512997377230703e-05,5.386380927924604e-05,-1.0,0,2.0,13.0
2026-09-23,31.981730206753415,32.870109300276496,31.48818312803141,31.813922882080078,3700,767.8099975585938,233.0,1.0,1.0,4.0,5.0,-1.3348919652906866e-06,5.4518996755698435e-05,-1.0,0,2.0,14.0
2026-09-24,30.10625769912508,31.093348115489835,30.10625769912508,30.678770065307617,2100,767.1799926757812,235.0,1.0,4.0,4.0,6.0,-1.0595417026034413e-05,7.234208982560853e-05,-1.0,1,4.0,1.0
2026-09-25,28.062980365719362,32.87010955810547,28.062980365719362,32.87010955810547,2100,771.3499755859375,250.0,1.0,4.0,4.0,6.0,1.257019749363172e-05,5.451119336724253e-05,1.0,0,2.0,2.0
2026-09-28,28.230785807951488,32.08043799023452,28.230785807951488,30.125999450683594,6900,765.6099853515625,273.0,1.0,4.0,4.0,6.0,-7.012668684344071e-06,1.591624545432867e-05,-1.0,0,4.0,3.0
2026-09-29,29.5,29.5,29.5,29.5,579,764.2000122070312,271.0,1.0,4.0,4.0,6.0,-2.0354537350655697e-05,-1.8512997377230703e-05,-1.0,0,4.0,4.0
