Date,Open,High,Low,Close,Volume,IndexClose,CVI,LTI,STI,VI,SecState,VWRS,VWRS_1wk,RS,GapDown,Thermostat,Days
2022-09-30,72.71674138742847,73.02113756512907,70.05327805804079,70.18856811523438,7259200,339.12652587890625,,,,,,,,,0,,
2022-10-03,71.16941542083607,72.24325958882083,70.80583135268967,71.8965835571289,4789500,348.07989501953125,191.0,,,3.0,,,,,0,,
2022-10-04,72.19250354964832,73.98505813774021,71.92192988078399,73.56228637695312,5483700,358.86566162109375,191.0,,,3.0,,,,,0,,
2022-10-05,73.01267935196697,73.95123314555359,72.88584653778243,73.53691864013672,4317100,358.0301818847656,188.0,,,3.0,,,,,0,,
2022-10-06,73.16487446598023,73.43544811478706,71.7274531662535,72.26860046386719,4963600,354.3368225097656,186.0,,,3.0,,,,,0,,
2022-10-07,72.09105375150129,72.38699274022535,71.21168757715971,71.57527160644531,3464600,344.45294189453125,184.0,,,3.0,,,,,0,,
2022-10-10,71.8120288350266,72.37854158264028,71.02567291259766,71.02567291259766,2717700,341.82293701171875,182.0,,,3.0,,,,,0,,
2022-10-11,71.03412103850698,73.30017818908752,71.03412103850698,72.39544677734375,5037300,339.6582336425781,181.0,,,3.0,,,,,0,,
2022-10-12,72.92813042515687,73.88359230431436,72.378525833205,72.43771362304688,3901200,338.5378723144531,178.0,,,3.0,,,,,0,,
2022-10-13,71.16939960335336,73.91741616201638,71.02565874698286,73.75676727294922,4495700,347.4722595214844,177.0,,,3.0,,,,,0,,
2022-10-14,74.24718150530154,74.66150251431046,71.94730187948298,72.09104919433594,3534100,339.55377197265625,177.0,,,3.0,,,,,0,,
2022-10-17,72.80127871304155,73.09721758545963,71.9303701237897,72.35314178466797,3277100,348.2792663574219,175.0,,,3.0,,,,,0,,
2022-10-18,73.42701900870523,73.84979090014454,72.69140004623259,72.9788818359375,3480800,352.37139892578125,173.0,,,3.0,,,,,0,,
2022-10-19,73.29171437041623,73.68912086672728,72.50535861947753,73.11415100097656,4874800,349.8742980957031,170.0,,,3.0,,,,,0,,
2022-10-20,71.87121827695375,73.30018926936427,71.46535444119088,71.8965835571289,4846100,346.9405212402344,169.0,,,3.0,,,,,0,,
2022-10-21,71.99805492595969,73.57076688963136,71.39771960986803,73.14799499511719,6780800,355.3716735839844,168.0,,1.0,3.0,,,,,0,,
2022-10-24,73.20716407157359,74.35710384650827,72.80975756025249,73.72294616699219,8413900,359.7201843261719,166.0,,1.0,3.0,,,,,0,,
2022-10-25,73.8497859925784,74.99127518439845,73.62149202480641,74.83061981201172,5243600,365.4643859863281,165.0,,1.0,3.0,,,,,0,,
2022-10-26,75.15191291113884,76.21729965434331,74.78832890478256,75.7437973022461,4749900,362.7109680175781,163.0,,1.0,3.0,,,,,0,,
2022-10-27,75.69306933909687,76.33568435867652,75.3379425326133,75.7099838256836,7072200,360.7741394042969,161.0,,1.0,3.0,,,,,0,,
2022-10-28,76.09046252232584,78.7539260042675,75.81988884342611,78.23814392089844,4278800,369.357177734375,165.0,,1.0,3.0,,,,,0,,
2022-10-31,77.83230537092581,78.0436913100636,77.18969030967062,77.66319274902344,3473800,366.6892395019531,163.0,,1.0,3.0,,,,,0,,
2022-11-01,78.00987047455277,78.25507894337964,77.03749384327018,77.55327606201172,3485300,365.08465576171875,160.0,,1.0,3.0,,,,,0,,
2022-11-02,77.45177631695758,77.69698468393679,75.46475056155606,75.57466888427734,4691500,355.9223937988281,162.0,,1.0,3.0,,,,,0,,
2022-11-03,74.91516327638514,75.34639232790902,74.55157926254853,74.69532012939453,3331700,352.25750732421875,160.0,,1.0,3.0,,,,,1,,
2022-11-04,75.68458669829425,77.09664253772067,75.31254556178095,76.08199310302734,2990500,357.3276062011719,160.0,,1.0,3.0,,,,,0,,
2022-11-07,76.47941059411801,77.26576634416733,76.20038612873427,76.85990905761719,5069500,360.74560546875,158.0,,1.0,3.0,,,,,0,,
2022-11-08,77.1135745416496,78.28887964179488,76.40332100673554,78.21278381347656,4176700,362.6920471191406,157.0,,1.0,3.0,,,,,0,,
2022-11-09,78.25505825979351,78.55945445436596,76.86836735162368,76.91909790039062,3119500,355.2198181152344,157.0,,1.0,3.0,,,,,0,,
2022-11-10,78.6440180431004,79.13442846577135,77.51098617813338,78.8469467163086,5452900,374.7406005859375,158.0,,1.0,3.0,,,,,0,,
2022-11-11,79.01605893431349,80.1744561659801,78.14514992516425,79.8785171508789,4019100,378.3674621582031,157.0,,1.0,3.0,,,,,0,,
2022-11-14,79.94614483834563,80.63949028788443,79.3711749691438,79.42190551757812,5715100,375.14886474609375,155.0,,1.0,3.0,,,,,0,,
2022-11-15,80.90160051450698,81.35819476833348,79.41344218177447,80.04759979248047,4242700,378.3485412597656,153.0,,1.0,3.0,,,,,0,,
2022-11-16,80.54648005887627,80.8255045265175,79.80239760920549,80.08142852783203,2820200,375.4621887207031,150.0,,1.0,3.0,,,,,0,,
2022-11-17,80.28435188193579,80.66485032343824,79.04985915931884,80.46192169189453,2803000,374.3133850097656,148.0,,1.0,3.0,,,,,0,,
2022-11-18,81.17217676739982,81.6879588233548,80.69021722588278,81.40892791748047,3833900,376.01287841796875,147.0,,1.0,3.0,,,,,0,,
2022-11-21,81.68797332772016,82.40668414693081,81.21447094348466,81.93318176269531,3271900,374.6456604003906,145.0,,1.0,3.0,,,,,0,,
2022-11-22,82.29676363598944,82.49969230234318,81.96700213404485,82.15302276611328,2862900,379.687255859375,143.0,,1.0,3.0,,,,,0,,
2022-11-23,82.39822169378674,83.37059812934365,82.17838500128471,82.95628356933594,2979700,382.0799255371094,141.0,,1.0,3.0,,,,,0,,
2022-11-25,82.87174020167595,83.35369985472084,82.66035427576175,83.07466888427734,1299000,381.9944152832031,139.0,,1.0,3.0,,,,,0,,
2022-11-28,82.28831381139123,82.96475136153046,81.83171943269524,82.55043029785156,3623700,375.8989562988281,138.0,,1.0,3.0,,,,,0,,
2022-11-29,82.71107999914894,82.77872503972434,82.03464249536712,82.68571472167969,2859700,375.25335693359375,136.0,,1.0,3.0,,,,,0,,
2022-11-30,82.82100105434186,84.45290061830312,81.78944318134417,84.27533721923828,5873600,387.0740051269531,136.0,,1.0,3.0,,,,,0,,
2022-12-01,84.60509341518257,86.81196280195392,84.4698097891164,86.6343994140625,7797700,386.7891845703125,139.0,,1.0,3.0,,,,,0,,
2022-12-02,85.83113336761,88.19865159702577,85.60283298112869,88.19020080566406,5847300,386.3429260253906,139.0,,1.0,3.0,,,,,0,,
2022-12-05,87.35310175435579,88.0379964139241,87.09944256091057,87.4968490600586,17092500,379.3929443359375,138.0,,1.0,3.0,,,,,0,,
2022-12-06,87.44612589095689,88.01263860866737,85.42527701059727,85.93260192871094,7233700,373.924072265625,138.0,,1.0,3.0,,,,,0,,
2022-12-07,86.33845980519271,86.45683539625787,85.52673870175202,86.14398193359375,7894400,373.2879333496094,136.0,,1.0,3.0,,,,,0,,
2022-12-08,86.00869898766535,86.38919104038126,85.40836378509854,86.29618072509766,5086400,376.21221923828125,134.0,,1.0,3.0,,,,,0,,
2022-12-09,86.37227783389966,87.02334355091047,86.15243469721389,86.32154083251953,5723600,373.4018859863281,132.0,,1.0,1.0,,,,,0,,
2022-12-12,86.41455834980277,86.93879773455231,85.9241479361186,86.75277709960938,7695600,378.7853088378906,130.0,,1.0,1.0,,,,,0,,
2022-12-13,87.4714836833774,87.78433714075011,85.24770631628114,86.51602172851562,8753300,381.65264892578125,128.0,,1.0,1.0,,,,,0,,
2022-12-14,86.8880650830422,87.15863878616048,85.94105389663532,86.6343994140625,7866400,379.21258544921875,126.0,,1.0,1.0,,,,,0,,
2022-12-15,86.21161617767828,86.49910432783206,84.39369632680686,85.62818908691406,4969000,369.936279296875,125.0,,1.0,1.0,,,,,0,,
2022-12-16,85.00249306776702,85.7634835620816,84.1315842329902,84.79110717773438,11412000,365.5688171386719,124.0,,1.0,1.0,,,,,0,,
2022-12-19,85.07860189584895,85.77194741052135,84.4951747301052,85.07014465332031,4467700,362.46893310546875,123.0,,1.0,1.0,,,,,0,,
2022-12-20,85.22233416460399,85.72965899837054,84.76573987891852,85.3322525024414,4261400,362.9649353027344,121.0,,1.0,1.0,,,,,0,,
2022-12-21,85.54634120467863,86.14576239448759,85.36651484773594,86.07725524902344,5615900,368.3921203613281,120.0,,1.0,1.0,,,,,0,,
2022-12-22,86.06869000234285,86.4197776621968,85.28087095772334,86.36840057373047,3112500,363.1366271972656,118.0,,1.0,1.0,,,,,0,,
2022-12-23,86.09438597739215,87.1647856341632,85.89742956593783,87.07915496826172,2493500,365.2254333496094,117.0,,1.0,1.0,,,,,0,,
2022-12-27,87.41310469786987,88.20091714713847,87.10482912499087,87.92689514160156,5468100,363.78521728515625,116.0,,1.0,1.0,,,,,0,,
2022-12-28,88.2009212414311,88.32937049162663,86.37696279489535,86.43690490722656,2393500,359.2640686035156,116.0,,1.0,1.0,,,,,0,,
2022-12-29,86.56537139351208,86.90790064368576,86.31704438366825,86.65100860595703,2361400,365.73095703125,115.0,,1.0,1.0,,,,,0,,
2022-12-30,86.53966445033069,86.8393815637835,85.88886619984049,86.6681137084961,2858700,364.7676696777344,113.0,,1.0,1.0,,,,,0,,
2023-01-03,86.92501220015102,87.29322992241362,85.79467048837759,86.74518585205078,2730000,363.2319641113281,111.0,,1.0,1.0,,,,,0,,
2023-01-04,86.92501015771869,87.12196002011486,86.21426327487922,86.68524169921875,5895500,366.0362243652344,110.0,,1.0,1.0,,,,,0,,
2023-01-05,86.13720342731014,86.5653633167785,85.42646297602573,86.33415985107422,3590200,361.85845947265625,108.0,,1.0,1.0,,,,,0,,
2023-01-06,87.43025277085421,89.28846522196672,87.19904929285845,88.62053680419922,5815700,370.15667724609375,112.0,,1.0,1.0,,,,,0,,
2023-01-09,89.05724223423866,89.42545993941978,87.58437141351419,87.60150146484375,4864200,369.9468078613281,112.0,,1.0,1.0,,,,,0,,
2023-01-10,87.87553434001177,88.04679567525608,87.1647873856657,87.50731658935547,4275100,372.5412292480469,110.0,,1.0,1.0,,,,,0,,
2023-01-11,87.61863342067795,88.16667751839408,86.49685667897792,87.39598846435547,4561600,377.2530517578125,109.0,,1.0,1.0,,,,,0,,
2023-01-12,87.79845951303557,87.8241480592259,86.56535703029168,86.86507415771484,4109100,378.6265563964844,107.0,,1.0,1.0,,,,,0,,
2023-01-13,86.77943191675907,87.22472180218583,86.66811271200267,87.08770751953125,2772100,380.095458984375,106.0,,1.0,1.0,,,,,0,,
2023-01-17,87.44736567082235,87.73851121808642,86.42834318899709,86.68524169921875,4283900,379.3991394042969,104.0,,1.0,1.0,,,,,0,,
2023-01-18,86.49685041594815,86.83937958551925,84.47593550199917,84.998291015625,4271700,373.4092102050781,106.0,,1.0,1.0,,,,,0,,
2023-01-19,86.15434151986528,87.3018069947648,85.83750082014426,86.65100860595703,4645400,370.6908264160156,108.0,,1.0,1.0,,,,,0,,
2023-01-20,86.93357692918073,87.32748975788692,86.39409784618056,87.19047546386719,4806500,377.5964660644531,107.0,,1.0,1.0,,,,,0,,
2023-01-23,87.34461548417842,87.6871446946782,86.46260717705235,86.61674499511719,4815900,382.1270446777344,105.0,,1.0,1.0,,,,,0,,
2023-01-24,86.6338601128454,87.25897635136585,85.97449683647784,86.74518585205078,3604500,381.7169189453125,104.0,,1.0,1.0,,,,,0,,
2023-01-25,87.77275731428193,89.10861377400214,87.58436596058807,88.5605697631836,12289900,381.86004638671875,106.0,,1.0,1.0,,,,,0,,
2023-01-26,88.27799977423278,89.35696448709507,87.7299556576173,89.3312759399414,4156200,386.0567626953125,105.0,,1.0,1.0,,,,,0,,
2023-01-27,89.32270224291742,89.44258647346524,88.68046249361096,88.85173034667969,4133400,386.94384765625,104.0,,1.0,1.0,,,,,0,,
2023-01-30,88.47494203875915,89.56246507124662,88.41499992725512,88.91166687011719,5358300,382.08892822265625,102.0,,1.0,1.0,,,,,0,,
2023-01-31,89.2370678040839,89.28844489122858,88.46637883091222,89.26275634765625,3540400,387.7068786621094,101.0,,1.0,1.0,,,,,0,,
2023-02-01,89.48540410454044,90.44448447177574,89.07436779481088,90.24752807617188,3791700,391.827392578125,101.0,,1.0,1.0,,,,,0,,
2023-02-02,89.56249292756522,89.72519579505258,88.04680961771679,88.6376724243164,4378700,397.5311584472656,102.0,,1.0,1.0,,,,,0,,
2023-02-03,88.80034597100932,88.86028808577484,87.16477882057838,87.8498306274414,3530500,393.3057861328125,101.0,,1.0,1.0,,,,,0,,
2023-02-06,87.81559662846594,87.91835082149122,87.05347254192152,87.18191528320312,2888700,390.902099609375,100.0,,1.0,1.0,,,,,0,,
2023-02-07,86.4283460159431,87.65288342607822,86.14575895209637,87.515869140625,3939200,396.0146484375,99.0,,1.0,1.0,,,,,0,,
2023-02-08,86.64242997904346,87.19903910656245,86.53111076682008,86.73662567138672,3875000,391.68426513671875,98.0,,1.0,1.0,,,,,0,,
2023-02-09,87.678580779344,88.40645127763293,86.82226100883908,87.36174011230469,4108300,388.2886962890625,97.0,,1.0,1.0,,,,,0,,
2023-02-10,87.49016737213803,87.76418936842808,86.47115154419681,87.65287017822266,3692500,389.19482421875,96.0,,1.0,1.0,,,,,0,,
2023-02-13,88.02110920017525,88.87742896295558,87.82415278012719,88.80892181396484,3787900,393.7635803222656,96.0,,1.0,1.0,,,,,0,,
2023-02-14,88.62052334024234,88.68903048375951,87.0106446667938,87.09627532958984,3251400,393.5823669433594,98.0,,1.0,1.0,,,,,0,,
2023-02-15,86.89074932811344,86.89074932811344,85.86316190627801,86.58247375488281,3035600,394.86053466796875,97.0,,1.0,1.0,,,,,1,,
2023-02-16,85.8546242929412,86.71094408611539,84.8184781271846,85.88887786865234,2934300,389.4237365722656,97.0,,1.0,1.0,,,,,0,,
2023-02-17,85.85461876318037,87.34461327803882,85.5891552018174,87.19047546386719,4433400,388.450927734375,97.0,,1.0,1.0,,,,,0,,
2023-02-21,86.90788330077932,86.9935139629342,85.34938173003782,85.6148452758789,3871000,380.65814208984375,99.0,,1.0,1.0,,,,,0,,
2023-02-22,85.56346322987083,86.67668145801498,84.98116556999867,85.28087615966797,3518000,380.1335754394531,98.0,,1.0,1.0,,,,,0,,
2023-02-23,85.40077374837335,85.61485369140395,84.68146174252584,85.48640441894531,4327000,382.1557312011719,96.0,,1.0,1.0,,,,,0,,
2023-02-24,84.67289236472683,84.95547944297527,83.43123137223071,84.41600036621094,3561600,378.0733642578125,96.0,,1.0,1.0,,,,,0,,
2023-02-27,84.84414962096861,84.92978027643292,83.89363431895418,84.06489562988281,3862700,379.3609313964844,95.0,,1.0,1.0,,,,,0,,
2023-02-28,83.65387229729849,83.95358288104974,82.66910335080088,83.31990814208984,4976500,377.95892333984375,95.0,,1.0,1.0,,,,,0,,
2023-03-01,84.77565519800707,84.87841591989648,83.12295782019262,83.49974060058594,4220200,376.509033203125,93.0,,1.0,1.0,,,,,0,,
2023-03-02,83.23428126069568,84.53589100456061,83.20003421819536,84.22761535644531,3316400,379.4372863769531,93.0,,1.0,1.0,,,,,0,,
2023-03-03,84.37319717697714,85.06681419281801,83.89366013226763,84.94692993164062,2465700,385.5226745605469,92.0,,1.0,1.0,,,,,0,,
2023-03-06,84.73284411431491,85.72617824776577,84.561582762507,85.71761322021484,3524800,385.7896728515625,91.0,,1.0,1.0,,,,,0,,
2023-03-07,85.53777492423812,85.7090362521869,84.25329536501957,84.98973083496094,3682900,379.8760070800781,91.0,,1.0,1.0,,,,,0,,
2023-03-08,84.9469064073182,85.53776905463803,84.86127574921979,85.41788482666016,3533100,380.49603271484375,90.0,,1.0,1.0,,,,,0,,
2023-03-09,85.92311283957346,86.08581566804246,84.67288690117121,84.74139404296875,3775300,373.4759521484375,89.0,,1.0,1.0,,,,,0,,
2023-03-10,84.76708399406286,85.34082314963436,83.88507576168976,84.21903991699219,3970800,368.0868835449219,88.0,,4.0,1.0,,,,,0,,
2023-03-13,84.09060038154462,85.45215223870525,83.30278774630281,83.3798599243164,7568800,367.56231689453125,88.0,,4.0,1.0,,,,,0,,
2023-03-14,83.65388406533914,83.70526116315236,82.65198492556995,83.36273193359375,6141300,373.6381530761719,87.0,,4.0,1.0,,,,,0,,
2023-03-15,82.2066944010255,82.55778862763307,81.17911333429312,82.36083221435547,7110400,371.30126953125,87.0,,4.0,1.0,,,,,1,,
2023-03-16,82.36940754571772,82.36940754571772,80.93934844689444,81.6843490600586,7200300,377.8158264160156,86.0,,4.0,1.0,,,,,0,,
2023-03-17,81.54734558444852,81.76142555585943,80.02309070011303,81.17056274414062,18801400,373.39813232421875,85.0,,4.0,1.0,,,,,0,,
2023-03-20,81.48739609981308,82.6691150834022,81.47026604505288,82.4636001586914,5109400,376.9886169433594,87.0,,4.0,1.0,,,,,0,,
2023-03-21,83.02018282804896,83.37984202623986,81.6329492535987,81.94978332519531,4039600,381.9386291503906,86.0,,4.0,1.0,,,,,0,,
2023-03-22,82.00187282629967,82.27090665607666,80.04056701269509,80.16206359863281,7748300,375.427978515625,90.0,,4.0,1.0,,,,,0,,
2023-03-23,80.08392946758181,80.27485450523497,78.287508664037,78.3395767211914,5549100,376.44287109375,94.0,,4.0,3.0,,,,,0,,
2023-03-24,78.73012288756023,78.9644358130653,78.1747080957063,78.75615692138672,3897500,378.9130554199219,93.0,,4.0,3.0,,7.607693410210123e-05,,,0,,
2023-03-27,79.5458793016243,80.70877677816596,79.43305634391477,80.36164093017578,6061600,379.6215515136719,95.0,,4.0,3.0,,8.08764684517378e-05,,,0,,
2023-03-28,80.30091893562548,81.92377574902338,80.30091893562548,81.7762451171875,4558600,378.7694396972656,97.0,,4.0,3.0,,7.94710228533587e-05,,,0,,
2023-03-29,82.29693959861544,82.7655721186013,81.8716949324205,82.20147705078125,4400100,384.27484130859375,96.0,,4.0,3.0,,9.840831098326291e-05,,,0,,
2023-03-30,84.01524911708698,85.18683368435036,83.5379430165973,83.8503646850586,5053000,386.5248718261719,98.0,,4.0,3.0,,0.00015588866676891533,,,0,,
2023-03-31,84.30163980818264,84.4925649037314,83.91111601897273,84.39710235595703,3887200,391.9728088378906,97.0,,1.0,3.0,,0.00023911694351214994,7.607693410210123e-05,,0,,
2023-04-03,84.3710450699101,85.4037723724871,84.34501104061243,84.96117401123047,2962800,393.4664306640625,96.0,,1.0,3.0,,0.00031014557678702846,8.08764684517378e-05,,0,,
2023-04-04,84.6574534122775,84.96987508265981,84.07599792396947,84.64877319335938,3064600,391.2834777832031,95.0,,1.0,3.0,,0.0003342978168567167,7.94710228533587e-05,,0,,
2023-04-05,84.69215703392238,85.8984558058523,84.67480321797524,85.69017028808594,4728000,390.2588806152344,95.0,,1.0,3.0,,0.0003548582531503683,9.840831098326291e-05,,0,,
2023-04-06,85.69884798298312,86.7055414260091,85.69016776473178,85.94184112548828,3469400,391.78118896484375,94.0,,1.0,3.0,,0.0003581512298008499,0.00015588866676891533,,0,,
2023-04-10,85.5686747207958,85.82034809192679,85.13475648527344,85.54264068603516,3254500,392.1833801269531,92.0,,1.0,3.0,,0.00039026352223720196,0.00023911694351214994,,0,,
2023-04-11,85.9678679792143,86.52328272171448,85.55131023287217,85.60337829589844,2894200,392.2887878417969,91.0,,1.0,3.0,,0.0004057704806983119,0.00031014557678702846,,0,,
2023-04-12,85.45585127193795,86.35840192145797,85.01325285453365,85.73355865478516,2978000,390.6897277832031,90.0,,1.0,3.0,,0.00043740036825900956,0.0003342978168567167,,0,,
2023-04-13,85.79432216446081,86.63612468029258,85.61207728284786,86.56669616699219,2978800,395.8791809082031,89.0,,1.0,3.0,,0.0004615529302080423,0.0003548582531503683,,0,,
2023-04-14,86.71421811556493,86.81836087509528,85.88109590252253,86.3323745727539,2303900,394.91217041015625,88.0,,1.0,3.0,,0.0004919638898298802,0.0003581512298008499,,0,,
2023-04-17,86.53196971985534,86.81835733107305,86.19351404153134,86.73157501220703,2844500,396.3292236328125,87.0,,1.0,3.0,,0.0005017519479944393,0.00039026352223720196,,0,,
2023-04-18,86.65347291135261,87.94654743813479,86.56669058585588,87.93787384033203,3071900,396.58770751953125,88.0,,1.0,3.0,,0.0004982995562302022,0.0004057704806983119,,0,,
2023-04-19,88.07671762752803,88.44988755812113,87.73826194874201,88.09407806396484,4048100,396.52069091796875,87.0,,1.0,3.0,,0.00048468135181718545,0.00043740036825900956,,0,,
2023-04-20,83.67678581180078,85.78562857181127,83.27758185415706,83.92845916748047,9046400,394.3569030761719,108.0,,1.0,4.0,,0.0003828830988286581,0.0004615529302080423,,1,,
2023-04-21,84.99589536776848,85.26492252110413,83.62471232748267,84.84835815429688,4927000,394.6632385253906,107.0,,1.0,4.0,,0.00029807146899769074,0.0004919638898298802,,0,,
2023-04-24,85.03928582904693,85.61206102339244,84.6227280704922,85.3517074584961,4099200,395.07489013671875,106.0,,1.0,4.0,,0.00020449404564898508,0.0005017519479944393,,0,,
2023-04-25,85.34302626273846,86.30632517232353,85.04796507223226,85.64677429199219,4645800,388.8035888671875,104.0,,1.0,4.0,,0.00023201207405602217,0.0004982995562302022,,0,,
2023-04-26,85.38641812519494,86.01126135787084,85.18681947207486,85.22152709960938,2489600,387.15673828125,103.0,,1.0,4.0,,0.00023509315945997343,0.00048468135181718545,,0,,
2023-04-27,84.93515579872629,86.05466561446133,84.57065945748542,85.75959777832031,4131000,394.8642578125,102.0,,4.0,4.0,,0.0002851239905763249,0.0003828830988286581,,0,,
2023-04-28,85.62074293402615,86.80967457192992,85.3690695819347,86.75760650634766,3855100,398.2345275878906,102.0,,4.0,4.0,,0.0003489380507941226,0.00029807146899769074,,0,,
2023-05-01,86.56667167485678,87.4692222292027,86.16746776792667,86.21953582763672,2340800,397.8324279785156,101.0,,4.0,4.0,,0.00039983317184008556,0.00020449404564898508,,0,,
2023-05-02,85.96787083826432,86.16747612161332,82.80894690233787,84.1020278930664,3814600,393.3610534667969,105.0,,4.0,4.0,,0.0003567598193757961,0.00023201207405602217,,0,,
2023-05-03,84.08467402164403,84.47519777994762,83.156089274928,83.19080352783203,3579900,390.6610412597656,104.0,,4.0,4.0,,0.00026081771309475387,0.00023509315945997343,,0,,
2023-05-04,82.83500276562997,83.02592788148164,81.3857171986729,81.90641784667969,4466100,387.89410400390625,105.0,,4.0,4.0,,0.00018936399728397327,0.0002851239905763249,,1,,
2023-05-05,82.01054590570719,83.31230060262318,81.74151872041925,82.93045043945312,2426800,395.07489013671875,105.0,,4.0,4.0,,0.00019108339664085708,0.0003489380507941226,,0,,
2023-05-08,82.91309662343029,83.19080402726303,82.4965322071478,82.93045043945312,2278700,395.1802673339844,103.0,,4.0,4.0,,0.00020336556556149808,0.00039983317184008556,,0,,
2023-05-09,82.63539023146933,83.51190692535776,81.98451287504133,83.00856018066406,2908200,393.4472351074219,102.0,,4.0,4.0,,0.00019826248124243896,0.0003567598193757961,,0,,
2023-05-10,83.24286027630151,83.47717979627151,81.58529630721621,82.53123474121094,2667400,395.2855529785156,100.0,,4.0,4.0,,0.00015263651421763299,0.00026081771309475387,,0,,
2023-05-11,82.0192346967723,82.49654082955537,81.37703087867021,82.47918701171875,3554500,394.59619140625,99.0,,4.0,4.0,,0.00011214567922818924,0.00018936399728397327,,0,,
2023-05-12,82.48785096111678,82.60934752521135,81.94110980162502,82.54859924316406,2229400,394.0791931152344,97.0,,4.0,3.0,,6.588774724765962e-05,0.00019108339664085708,,0,,
2023-05-15,82.78292899558957,82.86971132744618,82.01923520575694,82.44447326660156,2600100,395.438720703125,96.0,,4.0,3.0,,2.920616206739091e-05,0.00020336556556149808,,0,,
2023-05-16,82.19279120538614,82.37503606939453,81.35966898946207,81.45513153076172,6273100,392.7962341308594,96.0,,4.0,3.0,,-2.7093375798443816e-05,0.00019826248124243896,,0,,
2023-05-17,81.59397781991811,81.98450818406974,80.8129303337478,81.13402557373047,5658000,397.56427001953125,95.0,,4.0,3.0,,-7.119657990278467e-05,0.00015263651421763299,,0,,
2023-05-18,80.56124619461644,80.74349102507153,79.67604945118822,80.36164093017578,8395200,401.3941345214844,94.0,,4.0,3.0,,-0.00012950454483269774,0.00011214567922818924,,1,,
2023-05-19,80.81292420501057,81.38569275950194,80.74349570717344,80.87367248535156,4027000,400.8100891113281,93.0,,4.0,3.0,,-0.0001576585672960616,6.588774724765962e-05,,0,,
2023-05-22,80.7521926912596,81.19478455946826,80.43109078789192,80.76954650878906,3062600,400.9728698730469,92.0,,4.0,3.0,,-0.0001762776025710012,2.920616206739091e-05,,0,,
2023-05-23,81.12534783347486,81.30759267901158,80.6567153930664,80.6567153930664,7659600,396.4727783203125,91.0,,4.0,3.0,,-0.00017025050670374728,-2.7093375798443816e-05,,0,,
2023-05-24,80.72613259056315,81.16005075603205,80.13600362068284,80.14468383789062,3737200,393.6004638671875,90.0,,4.0,3.0,,-0.0001936621271516508,-7.119657990278467e-05,,0,,
2023-05-25,79.58928116312279,79.71077773815963,78.65201619478138,78.76483917236328,5536100,397.00897216796875,91.0,,4.0,3.0,,-0.0002719284024754601,-0.00012950454483269774,,1,,
2023-05-26,79.58059119968114,79.84094475491703,78.730115278567,78.8342514038086,4777200,402.1504821777344,90.0,,4.0,3.0,,-0.00035776650554843,-0.0001576585672960616,,0,,
2023-05-30,78.36563008177082,78.63465724879191,77.31554220435375,78.28752136230469,7805300,402.3037109375,89.0,,4.0,3.0,,-0.00042741092052801,-0.0001762776025710012,,1,,
2023-05-31,78.14000193202915,78.60863445261509,77.72343748448588,78.11396789550781,6644900,400.0728759765625,88.0,,4.0,3.0,,-0.00044712510470821935,-0.00017025050670374728,,0,,
2023-06-01,78.22678018751155,78.76484119151567,77.7755081288158,78.244140625,4386900,403.8739318847656,87.0,,4.0,3.0,,-0.0004569976968422761,-0.0001936621271516508,,0,,
2023-06-02,78.53920239492167,79.85831094729068,78.2788487993294,79.65003204345703,4689700,409.7144775390625,89.0,,4.0,3.0,,-0.00040190260616474875,-0.0002719284024754601,,0,,
2023-06-05,79.3983617329552,79.3983617329552,77.74079741494293,78.148681640625,4470500,408.92938232421875,91.0,,4.0,3.0,,-0.0003779129742625756,-0.00035776650554843,,0,,
2023-06-06,78.06187768499863,79.58927152763337,78.00112940483471,79.51116943359375,4457600,409.8197326660156,93.0,,4.0,3.0,,-0.0003325375798902852,-0.00042741092052801,,0,,
2023-06-07,79.71944384440037,80.19675646259684,79.05120617892533,80.05789947509766,5067700,408.4026794433594,92.0,,4.0,3.0,,-0.0003354759855163022,-0.00044712510470821935,,0,,
2023-06-08,80.27487487279514,80.4397659237077,79.69342601682662,79.98848724365234,2712600,410.87298583984375,91.0,,4.0,3.0,,-0.0003082162556884787,-0.0004569976968422761,,0,,
2023-06-09,79.92773593027242,80.44843647742381,79.58060002514927,80.35297393798828,3433800,411.6101379394531,89.0,,4.0,3.0,,-0.00028969419849508805,-0.00040190260616474875,,0,,
2023-06-12,80.3182698602047,80.58729705357186,79.97113393972214,80.4050521850586,2817800,415.3442077636719,88.0,,4.0,3.0,,-0.00027678275271756275,-0.0003779129742625756,,0,,
2023-06-13,80.30958157852876,81.02988738252655,80.23147285925528,80.9691390991211,3403800,418.08258056640625,87.0,,4.0,3.0,,-0.00025476428023249047,-0.0003325375798902852,,0,,
2023-06-14,81.55927118167706,81.73283582047839,80.57861177135662,80.76085662841797,3046000,418.5804748535156,86.0,,1.0,1.0,,-0.00023595289841644141,-0.0003354759855163022,,0,,
2023-06-15,81.31628209348519,82.46182607473986,81.09932295596674,82.21015930175781,4725200,423.7699279785156,88.0,,1.0,1.0,,-0.0001910611684874272,-0.0003082162556884787,,0,,
2023-06-16,82.22751007001291,83.40776826402775,82.10601348719378,82.34900665283203,9547300,422.326416015625,87.0,,1.0,1.0,,-0.00014223273148210262,-0.00028969419849508805,,0,,
2023-06-20,83.10402218436043,83.87639611263364,82.26221974946188,82.28825378417969,5025700,420.1353454589844,86.0,,1.0,1.0,,-0.00011605796004635564,-0.00027678275271756275,,0,,
2023-06-21,82.44446517310016,83.8069681748024,82.27957412401257,83.61604309082031,4877900,417.9826354980469,87.0,,1.0,1.0,,-0.00010105033608433743,-0.00025476428023249047,,0,,
2023-06-22,83.73916396256497,84.53065077600714,83.27306803617834,84.15249633789062,5775900,419.491455078125,86.0,,1.0,1.0,,-7.847644261791427e-05,-0.00023595289841644141,,0,,
2023-06-23,84.1349206103015,85.17264647939557,83.98541937980234,84.68896484375,8867100,416.3200378417969,86.0,,1.0,1.0,,-2.8193011756332306e-05,-0.0001910611684874272,,0,,
2023-06-26,84.61859050351748,85.41007730049022,83.80951809305881,85.1022720336914,3825700,414.619140625,85.0,,1.0,1.0,,1.1263373828307154e-05,-0.00014223273148210262,,0,,
2023-06-27,85.19900404396388,85.41007164886038,84.4163134602778,84.91758728027344,3345600,419.1647033691406,83.0,,1.0,1.0,,2.4721936768154606e-05,-0.00011605796004635564,,0,,
2023-06-28,84.56582669793917,84.79447322009158,83.73916196698801,84.60099792480469,2976400,419.3760986328125,82.0,,1.0,1.0,,2.124517547788632e-05,-0.00010105033608433743,,0,,
2023-06-29,84.48667778211232,85.94653200261064,84.38114396910461,85.9113540649414,3143100,421.0290832519531,84.0,,1.0,1.0,,5.057822636831698e-05,-7.847644261791427e-05,,0,,
2023-06-30,86.03446397127155,86.36864427788984,85.48921606199502,85.84978485107422,3754900,425.9974365234375,82.0,,1.0,1.0,,6.780208984562371e-05,-2.8193011756332306e-05,,0,,
2023-07-03,86.18397345330261,86.64127321740304,85.66511397654433,86.6061019897461,2061100,426.4875793457031,82.0,,1.0,1.0,,0.00012382738943432733,1.1263373828307154e-05,,0,,
2023-07-05,86.15760101780957,86.25433867811678,85.33093617864111,85.7002944946289,3817800,425.853271484375,82.0,,1.0,1.0,,0.00011681428370113586,2.4721936768154606e-05,,0,,
2023-07-06,84.84724119587216,85.94652651723008,84.68014767998412,85.74425506591797,3091900,422.5186462402344,81.0,,1.0,1.0,,0.00013119246102641474,2.124517547788632e-05,,0,,
2023-07-07,85.7354487616535,86.62367307488972,85.51559172339236,85.92012786865234,4707800,421.4518737792969,80.0,,1.0,1.0,,0.00012202913674521146,5.057822636831698e-05,,0,,
2023-07-10,86.13120484245403,86.65006428873143,85.65631278291764,85.964111328125,4123100,422.5186462402344,79.0,,1.0,1.0,,0.00014285131729872285,6.780208984562371e-05,,0,,
2023-07-11,86.28070618148332,86.71162414550781,86.0256711837327,86.71162414550781,3419300,425.2094421386719,78.0,,1.0,1.0,,0.0001998901176090447,0.00012382738943432733,,0,,
2023-07-12,86.84353558704107,87.21289382432,86.72921233536086,87.06339263916016,5605000,428.6306457519531,77.0,,1.0,1.0,,0.0002702384839954049,0.00011681428370113586,,0,,
2023-07-13,87.30085270694303,88.50567200816157,87.11617355148725,88.3737564086914,5405700,432.03265380859375,79.0,,1.0,1.0,,0.0003511818143654669,0.00013119246102641474,,0,,
2023-07-14,88.26821780266081,88.5320422577405,87.49431663161452,87.50311279296875,2938400,431.7636413574219,79.0,,1.0,1.0,,0.0003719566997485528,0.00012202913674521146,,0,,
2023-07-17,87.19531411778713,87.32722969989375,86.1048249440825,87.01942443847656,4730500,433.2626953125,78.0,,1.0,1.0,,0.00036392651581492234,0.00014285131729872285,,1,,
2023-07-18,86.72922492076323,87.64383119543905,86.42141963552662,86.49177551269531,5936800,436.48211669921875,77.0,,1.0,1.0,,0.00030376761476161437,0.0001998901176090447,,0,,
2023-07-19,86.19276151657525,87.45034413657483,86.16637974355855,86.86112213134766,7653900,437.4527282714844,76.0,,1.0,1.0,,0.00027717538193585295,0.0002702384839954049,,0,,
2023-07-20,87.74935382146461,88.55842623907856,86.31588812224608,86.34226989746094,6553800,434.55047607421875,76.0,,1.0,1.0,,0.00021816070149196208,0.0003511818143654669,,0,,
2023-07-21,86.65886140134278,86.65886140134278,85.48922020720778,85.7618408203125,4192900,434.55047607421875,75.0,,1.0,1.0,,0.00017998451874775388,0.0003719566997485528,,0,,
2023-07-24,85.77942898352147,86.12240545096007,85.64751340923628,85.84978485107422,4414500,436.49176025390625,74.0,,1.0,1.0,,0.00013095488547136647,0.00036392651581492234,,0,,
2023-07-25,85.51560893132432,85.74426217578802,84.25802615103254,85.47164154052734,4042200,437.68341064453125,73.0,,1.0,1.0,,0.00010450717163853667,0.00030376761476161437,,0,,
2023-07-26,85.29574979375867,86.58851048124448,84.93518767608549,86.38624572753906,3869000,437.7507019042969,74.0,,1.0,1.0,,0.00010496174051820555,0.00027717538193585295,,0,,
2023-07-27,86.62369014411955,87.02822636909355,86.35985896241641,86.69404602050781,4643200,434.8484191894531,73.0,,1.0,1.0,,0.00011778817171259632,0.00021816070149196208,,0,,
2023-07-28,87.06339334624509,87.9076436280984,86.61488307761823,87.8197021484375,3888900,439.105712890625,74.0,,1.0,1.0,,0.00017629627570531803,0.00017998451874775388,,0,,
2023-07-31,87.5734748087053,88.10113046538875,87.22170213441443,87.69659423828125,4740600,439.94183349609375,73.0,,1.0,1.0,,0.00020790906026697069,0.00013095488547136647,,0,,
2023-08-01,87.9428310248688,88.08354277507125,86.37744970614702,86.4038314819336,3380300,438.682861328125,74.0,,1.0,1.0,,0.0001919998965834375,0.00010450717163853667,,0,,
2023-08-02,86.06965061418694,86.57092447958925,85.31334173522829,86.13121032714844,2873600,432.5804748535156,73.0,1.0,1.0,1.0,1.0,0.00015097482010860116,0.00010496174051820555,,0,1.0,1.0
2023-08-03,85.95530590108156,86.08722146609438,85.39247241923096,85.67388916015625,2309900,431.3407287597656,73.0,1.0,1.0,1.0,1.0,9.177004222135529e-05,0.00011778817171259632,,0,1.0,2.0
2023-08-04,85.54199416655324,85.85858891491796,84.51306458912087,84.60980224609375,2560300,429.38983154296875,74.0,1.0,4.0,1.0,2.0,3.121988842227695e-05,0.00017629627570531803,,0,2.0,3.0
2023-08-07,84.92638612039055,85.92013763081847,84.82085231461299,85.48921966552734,2303300,433.1377868652344,74.0,1.0,4.0,1.0,2.0,-3.45578095950055e-05,0.00020790906026697069,,0,2.0,4.0
2023-08-08,85.13745328539723,85.69149741960516,84.5394417610098,85.43646240234375,2433500,431.25421142578125,73.0,1.0,4.0,1.0,2.0,-5.752638786303604e-05,0.0001919998965834375,,0,2.0,5.0
2023-08-09,85.339716457803,85.96410969752421,85.3133346843578,85.41007232666016,1829500,428.3711853027344,72.0,1.0,4.0,1.0,2.0,-4.0747167261437876e-05,0.00015097482010860116,,0,2.0,6.0
2023-08-10,85.74425951854454,86.54454249461358,85.12866239041873,85.16383361816406,2402400,428.52496337890625,71.0,1.0,4.0,1.0,2.0,-1.9281014674782677e-05,9.177004222135529e-05,,0,2.0,7.0
2023-08-11,84.89121058472672,84.97915207060795,84.18767198817156,84.56582641601562,2642300,428.2751159667969,70.0,1.0,4.0,1.0,2.0,-4.86399886251553e-05,3.121988842227695e-05,,1,2.0,8.0
2023-08-14,84.5746144074995,84.86482734445089,84.17887437311501,84.29319763183594,2763800,430.6391906738281,69.0,1.0,4.0,1.0,2.0,-7.225875797255783e-05,-3.45578095950055e-05,,0,2.0,9.0
2023-08-15,83.95903743250915,83.95903743250915,82.93889718275948,83.2203140258789,2689900,425.6226806640625,71.0,1.0,4.0,1.0,2.0,-0.00012561658351103628,-5.752638786303604e-05,,1,2.0,10.0
2023-08-16,83.04441366825652,83.85348608453339,82.41122422612494,82.65746307373047,3222100,422.49945068359375,70.0,1.0,4.0,1.0,2.0,-0.0001461155850399473,-4.0747167261437876e-05,,0,2.0,11.0
2023-08-17,82.85972643982767,83.23788083586135,81.67249970653742,82.13859558105469,3385600,419.2800598144531,70.0,1.0,4.0,1.0,2.0,-0.00017808594908594894,-1.9281014674782677e-05,,0,2.0,12.0
2023-08-18,82.024261310929,83.24667262279306,81.93631983706585,82.98284149169922,2884600,419.4818420410156,70.0,1.0,4.0,1.0,2.0,-0.00016432143071298921,-4.86399886251553e-05,,0,2.0,13.0
2023-08-21,82.98286371186646,83.79193622325833,82.69265073185431,82.95648193359375,3093500,422.21112060546875,69.0,1.0,4.0,1.0,2.0,-0.00013488828593021982,-7.225875797255783e-05,,0,2.0,14.0
2023-08-22,82.61349688525038,82.92129544922936,82.05945276058277,82.69264221191406,2459400,421.0674743652344,68.0,1.0,4.0,1.0,2.0,-0.00011733303816836777,-0.00012561658351103628,,0,2.0,15.0
2023-08-23,83.0180258512501,83.0180258512501,82.43760000170289,82.94766998291016,2458800,425.7572326660156,67.0,1.0,4.0,1.0,2.0,-0.00012852550927710933,-0.0001461155850399473,,0,2.0,16.0
2023-08-24,82.72781425153805,83.74795423029228,82.58710922210936,82.73661041259766,2713900,419.8566589355469,66.0,1.0,4.0,1.0,2.0,-0.0001719255303630748,-0.00017808594908594894,,0,2.0,17.0
2023-08-25,83.27306606759713,83.66000994873943,82.71023250456713,83.60724639892578,2474700,422.8165283203125,67.0,1.0,4.0,1.0,2.0,-0.00018199880857499003,-0.00016432143071298921,,0,2.0,18.0
2023-08-28,83.89745826601842,84.4866735963992,83.78312829688123,84.319580078125,2659400,425.4978332519531,67.0,1.0,4.0,1.0,2.0,-0.0001552937583491645,-0.00013488828593021982,,0,2.0,19.0
2023-08-29,84.45149084368067,84.88240879256726,83.77433406685891,84.64496612548828,2457500,431.6481628417969,66.0,1.0,4.0,1.0,2.0,-0.00010492249305124383,-0.00011733303816836777,,0,2.0,20.0
2023-08-30,84.99674532281276,85.1374503598601,84.48667530581726,85.0934829711914,2574100,433.4261169433594,66.0,1.0,4.0,1.0,2.0,-5.7518212251887636e-05,-0.00012852550927710933,,0,2.0,21.0
2023-08-31,85.30453945014986,85.70027947513721,84.42511120839573,84.47787475585938,3098500,432.7918395996094,65.0,1.0,4.0,1.0,2.0,-4.50257438350182e-05,-0.0001719255303630748,,0,2.0,22.0
2023-09-01,85.07589920681265,85.27817068545447,83.6160515917462,84.14370727539062,2538600,433.5990905761719,65.0,1.0,4.0,1.0,2.0,-2.4221435429974155e-05,-0.00018199880857499003,,0,2.0,23.0
2023-09-05,83.94142700625524,84.1700802387084,82.8773195879808,83.1147689819336,4328000,431.7251281738281,66.0,1.0,4.0,1.0,2.0,-4.70838133764916e-05,-0.0001552937583491645,,0,2.0,24.0
2023-09-06,82.79817872813183,82.81576434257411,81.83959835813744,82.27052307128906,4690700,428.8229064941406,66.0,1.0,4.0,1.0,2.0,-6.783005317678346e-05,-0.00010492249305124383,,1,2.0,25.0
2023-09-07,82.82454485698993,83.00922396651927,81.83079344585464,82.0330581665039,3531000,427.5063171386719,65.0,1.0,4.0,1.0,2.0,-0.00010162988794836945,-5.7518212251887636e-05,,0,2.0,26.0
2023-09-08,82.1474139219478,82.44641637142503,81.6109620359972,82.37606048583984,4130900,428.150146484375,65.0,1.0,4.0,1.0,2.0,-0.0001000953963723758,-4.50257438350182e-05,,0,2.0,27.0
2023-09-11,82.62229988573681,83.519320658717,82.54315454609497,83.13236999511719,2482600,430.9659423828125,65.0,1.0,4.0,1.0,2.0,-0.0001069915781532021,-2.4221435429974155e-05,,0,2.0,28.0
2023-09-12,83.334623782981,83.5105067511509,82.71023052362112,83.06199645996094,3071000,428.6018371582031,64.0,1.0,4.0,1.0,2.0,-0.00010560719178418267,-4.70838133764916e-05,,0,2.0,29.0
2023-09-13,83.54568401346683,84.05575401035658,83.23788546689718,83.76554107666016,4688400,429.1015625,64.0,1.0,4.0,1.0,2.0,-6.132265442064423e-05,-6.783005317678346e-05,,0,2.0,30.0
2023-09-14,83.93263274903417,84.71532334005849,83.7831248501212,84.6977310180664,4214600,432.8014221191406,65.0,1.0,4.0,1.0,2.0,4.480804847746586e-05,-0.00010162988794836945,,0,2.0,31.0
2023-09-15,84.11731332121316,84.6977324763515,83.76554067986912,84.24043273925781,6932700,427.5869140625,64.0,1.0,4.0,1.0,2.0,0.00013649671555996006,-0.0001000953963723758,,0,2.0,32.0
2023-09-18,84.73291162721212,85.33092311322591,84.21405217365133,85.26936340332031,4557100,427.837646484375,66.0,1.0,4.0,1.0,2.0,0.0001889508770604438,-0.0001069915781532021,,0,2.0,33.0
2023-09-19,85.29575504751077,85.89376660272261,84.99675262465782,85.58596801757812,3723200,426.9504089355469,65.0,1.0,4.0,1.0,2.0,0.00017132615099306838,-0.00010560719178418267,,0,2.0,34.0
2023-09-20,85.79701661255517,86.64126691452007,85.33971688172188,85.9289321899414,3765000,423.0252990722656,64.0,1.0,4.0,1.0,2.0,0.0001694711955751301,-6.132265442064423e-05,,0,2.0,35.0
2023-09-21,85.06709299351539,85.40127329509676,83.90624803441123,84.35475158691406,3591700,416.0334167480469,68.0,1.0,4.0,1.0,2.0,9.541694826155475e-05,4.480804847746586e-05,,0,2.0,36.0
2023-09-22,84.23164359102644,84.23164359102644,82.91250110828662,83.484130859375,4903600,415.0979309082031,68.0,1.0,4.0,1.0,2.0,1.7931291472448396e-05,0.00013649671555996006,,0,2.0,37.0
2023-09-25,82.32328340771166,82.8773208193242,82.10342633349161,82.4200210571289,4092700,416.8434753417969,70.0,4.0,4.0,1.0,8.0,-8.526216130146798e-05,0.0001889508770604438,,1,2.0,38.0
2023-09-26,81.96520930266107,82.02763493000064,81.10907669359968,81.21609497070312,4184800,410.71954345703125,71.0,4.0,4.0,1.0,8.0,-0.00014962577759852847,0.00017132615099306838,,1,2.0,39.0
2023-09-27,81.05557376740298,81.24285065591508,80.32429919154858,80.54724884033203,4793100,410.88348388671875,71.0,4.0,4.0,1.0,8.0,-0.00020289150632340794,0.0001694711955751301,,0,2.0,40.0
2023-09-28,81.15366010044072,83.33856361236118,81.06448161495295,82.98184967041016,6932800,413.26556396484375,81.0,4.0,4.0,4.0,12.0,-0.00017462368618507222,9.541694826155475e-05,,0,4.0,1.0
2023-09-29,83.71313460010097,83.71313460010097,82.25949856983387,82.56271362304688,5330800,412.26263427734375,80.0,4.0,4.0,4.0,12.0,-0.0001262426149265529,1.7931291472448396e-05,,0,4.0,2.0
2023-10-02,82.31301017517342,82.72323669812961,81.23392792536323,81.5193099975586,5299600,412.0986328125,81.0,4.0,4.0,4.0,12.0,-9.480730344887696e-05,-8.526216130146798e-05,,0,4.0,3.0
2023-10-03,81.17148858044646,81.59955481251525,80.34211578396726,80.50263977050781,4129500,406.5822448730469,81.0,4.0,4.0,4.0,12.0,-0.00014400607814595064,-0.00014962577759852847,,0,4.0,4.0
2023-10-04,80.61858700989657,81.72441526194336,80.51156873884068,81.44795989990234,4151600,409.5429382324219,82.0,4.0,4.0,4.0,12.0,-0.00017579984778121622,-0.00020289150632340794,,0,4.0,5.0
2023-10-05,81.86712488467857,82.33977711573526,81.35879988850081,82.02764892578125,5452600,409.3887023925781,81.0,4.0,4.0,4.0,12.0,-0.0001675151659562123,-0.00017462368618507222,,0,4.0,6.0
2023-10-06,81.28744331670282,82.25950051964803,80.71669276006128,82.19707489013672,4987300,414.2492980957031,80.0,4.0,4.0,4.0,12.0,-0.00013393100465291814,-0.0001262426149265529,,0,4.0,7.0
2023-10-09,81.92061567469551,82.34867517023173,81.4033708806965,82.3219223022461,2457300,416.9013366699219,79.0,4.0,4.0,4.0,12.0,-0.00013688719855724297,-9.480730344887696e-05,,0,4.0,8.0
2023-10-10,83.24938658009178,85.0686562921053,83.14237511719138,83.87364959716797,6983600,419.0712890625,82.0,4.0,4.0,4.0,12.0,-0.00012769901683923928,-0.00014400607814595064,,0,4.0,9.0
2023-10-11,84.13226522624457,84.27495624871973,82.66080317929351,83.07102966308594,3604200,420.78790283203125,82.0,4.0,4.0,4.0,12.0,-0.00010910940913861948,-0.00017579984778121622,,0,4.0,10.0
2023-10-12,83.36533887930855,83.6061215155646,81.33203228878781,81.9295425415039,3660500,418.2225646972656,83.0,4.0,4.0,4.0,12.0,-0.00010270153743928228,-0.0001675151659562123,,0,4.0,11.0
2023-10-13,81.40337054797642,82.36651461482076,81.17150101991028,82.27733612060547,3119200,416.13946533203125,82.0,4.0,4.0,4.0,12.0,-0.00011485107352576394,-0.00013393100465291814,,0,4.0,12.0
2023-10-16,82.95509571035144,83.32073637106215,82.23274108314018,83.04428100585938,3682900,420.517822265625,81.0,4.0,1.0,4.0,11.0,-0.00012775155907489795,-0.00013688719855724297,,0,2.0,13.0
2023-10-17,82.66081601609363,83.31182519655822,82.2773423384932,83.28507232666016,2716600,420.49853515625,80.0,4.0,1.0,4.0,11.0,-9.104081770503038e-05,-0.00012769901683923928,,0,2.0,14.0
2023-10-18,83.21371309319436,83.84688919069278,82.73214110272744,83.1245346069336,3842900,414.8953857421875,79.0,4.0,1.0,4.0,11.0,-5.887500151771936e-05,-0.00010910940913861948,,0,2.0,15.0
2023-10-19,81.56388903099078,82.81240827703341,80.44914091914603,80.91287994384766,6693300,411.25,86.0,4.0,1.0,4.0,11.0,-8.610073216638024e-05,-0.00010270153743928228,,0,2.0,16.0
2023-10-20,80.90396246555224,83.32073562760795,80.90396246555224,82.54486846923828,5591800,406.1965026855469,89.0,4.0,1.0,4.0,11.0,-9.975138054785895e-05,-0.00011485107352576394,,0,2.0,17.0
2023-10-23,82.32190509422891,82.35757784538063,80.7434249780841,81.08230590820312,4059500,405.4924621582031,91.0,4.0,1.0,4.0,11.0,-0.00012652783529989198,-0.00012775155907489795,,0,2.0,18.0
2023-10-24,80.65425906347853,81.48363194625082,80.60074652647596,81.00205993652344,2915200,408.5496520996094,90.0,4.0,1.0,4.0,11.0,-0.000102382131560818,-9.104081770503038e-05,,0,2.0,19.0
2023-10-25,80.67208596660579,81.48362581187,80.19943388260889,80.28861236572266,4021700,402.68603515625,89.0,4.0,4.0,4.0,12.0,-0.00011961618793537642,-5.887500151771936e-05,,0,4.0,20.0
2023-10-26,80.1548542483575,80.511575042591,79.70004186949595,80.00325012207031,4297800,397.8640441894531,88.0,4.0,4.0,4.0,12.0,-0.00014638414817373627,-8.610073216638024e-05,,0,4.0,21.0
2023-10-27,79.65544108486687,79.9943220626486,77.79158550124352,78.005615234375,4321600,396.0606384277344,93.0,4.0,4.0,4.0,12.0,-0.0002057358198294995,-9.975138054785895e-05,,0,4.0,22.0
2023-10-30,78.74580792012462,80.17268411674016,78.66554251950248,79.71786499023438,3821600,400.79583740234375,97.0,4.0,4.0,4.0,12.0,-0.00023253876025287778,-0.00012652783529989198,,0,4.0,23.0
2023-10-31,79.61084792163076,79.77137192140745,78.94199905654166,79.51275634765625,3487100,403.3129577636719,95.0,4.0,4.0,4.0,12.0,-0.0002392856251969382,-0.000102382131560818,,0,4.0,24.0
2023-11-01,79.86948296592391,79.87840285729348,78.95985135885074,79.37899780273438,4170400,407.6141662597656,94.0,4.0,4.0,4.0,12.0,-0.000223441481594473,-0.00011961618793537642,,0,4.0,25.0
2023-11-02,79.70894089039457,81.18932954386206,79.17386319541046,81.10015106201172,3600000,415.4258728027344,97.0,4.0,4.0,4.0,12.0,-0.00019032982068436805,-0.00014638414817373627,,0,4.0,26.0
2023-11-03,81.5995757733036,82.53596706930482,81.47472450768792,81.6174087524414,3929900,419.2159423828125,96.0,4.0,4.0,4.0,12.0,-0.00013847625935741774,-0.0002057358198294995,,0,4.0,27.0
2023-11-06,81.76008344152835,81.84926192714082,80.9574634632515,81.12690734863281,5216500,420.1803283691406,95.0,4.0,4.0,4.0,12.0,-7.221015014981955e-05,-0.00023253876025287778,,0,4.0,28.0
2023-11-07,81.17151178882827,81.64417079825404,80.80587787287249,81.40338134765625,3085200,421.3761901855469,94.0,4.0,4.0,4.0,12.0,-2.8649880969099516e-05,-0.0002392856251969382,,0,4.0,29.0
2023-11-08,81.41228761759604,81.77792147237427,80.43131060745306,80.44022369384766,5185100,421.6847839355469,94.0,4.0,4.0,4.0,12.0,-3.964033522978051e-06,-0.000223441481594473,,0,4.0,30.0
2023-11-09,80.62751668569675,80.62751668569675,79.90515517519283,80.0835189819336,5264800,418.39617919921875,92.0,4.0,4.0,4.0,12.0,-2.1794929085861676e-05,-0.00019032982068436805,,0,4.0,31.0
2023-11-10,80.26186600537307,80.32429162899972,79.0846922427829,79.99432373046875,6008100,424.9251708984375,91.0,4.0,4.0,4.0,12.0,-5.5020987918425944e-05,-0.00013847625935741774,,0,4.0,32.0
2023-11-13,80.14593997313382,80.74344338238394,79.75354642490598,80.26187133789062,7640200,424.52008056640625,90.0,4.0,4.0,4.0,12.0,-7.063982138506879e-05,-7.221015014981955e-05,,0,4.0,33.0
2023-11-14,80.6631771543324,81.30527320713983,80.35996890933059,80.61859130859375,6202500,432.7561340332031,89.0,4.0,4.0,4.0,12.0,-3.219912266535488e-05,-2.8649880969099516e-05,,0,4.0,34.0
2023-11-15,80.85937636974367,81.81360058708721,80.53832833363899,81.8046875,6297800,433.6722717285156,90.0,4.0,4.0,4.0,12.0,3.1024886692231506e-05,-3.964033522978051e-06,,0,4.0,35.0
2023-11-16,81.20718455202363,82.04547747740519,80.54725544261895,81.40338134765625,4579400,434.2027282714844,89.0,4.0,4.0,4.0,12.0,6.699683886348437e-05,-2.1794929085861676e-05,,0,4.0,36.0
2023-11-17,81.73333428200915,82.2059864006793,81.1893366500613,82.00086975097656,3059700,434.74273681640625,88.0,4.0,4.0,4.0,12.0,9.953513546379364e-05,-5.5020987918425944e-05,,0,4.0,37.0
2023-11-20,81.4657946081644,82.4735313046845,81.28743762316266,82.38434600830078,3466300,438.0892639160156,87.0,4.0,4.0,3.0,10.0,0.00011116392657255042,-7.063982138506879e-05,,0,2.0,38.0
2023-11-21,82.6429805813713,83.01753438741628,82.25950688359654,82.75891876220703,3211600,437.1344909667969,86.0,4.0,4.0,3.0,10.0,0.0001262764228118771,-3.219912266535488e-05,,0,2.0,39.0
2023-11-22,82.96402683811787,83.6953014547073,82.54488038643545,83.66854858398438,3508300,438.82220458984375,86.0,4.0,1.0,3.0,9.0,0.00013232670517825202,3.1024886692231506e-05,,0,2.0,40.0
2023-11-24,83.8290625759179,84.19470324237876,83.7398840828903,84.13227081298828,2080100,439.09222412109375,85.0,4.0,1.0,3.0,9.0,0.00016944599130874053,6.699683886348437e-05,,0,2.0,41.0
2023-11-27,83.8914825730239,84.06983954711285,83.41883046819399,83.87364959716797,3478700,438.30145263671875,84.0,4.0,1.0,3.0,9.0,0.00019243300196683194,9.953513546379364e-05,,0,2.0,42.0
2023-11-28,83.8914764544642,84.26603015506267,83.42774427332542,83.96282196044922,2456500,438.7354431152344,82.0,4.0,1.0,3.0,9.0,0.0001956083217710021,0.00011116392657255042,,0,2.0,43.0
2023-11-29,84.1322582699399,84.25711630622325,83.32072525933032,83.51692199707031,2627800,438.4267578125,81.0,4.0,1.0,3.0,9.0,0.0001514766503771275,0.0001262764228118771,,0,2.0,44.0
2023-11-30,83.85582714033428,83.85582714033428,82.72324583274813,83.2583236694336,4319400,440.153076171875,80.0,4.0,1.0,3.0,9.0,0.00012351370784727839,0.00013232670517825202,,0,2.0,45.0
2023-12-01,83.23155360423586,84.00741392579347,82.9372584734949,83.87364959716797,3197800,442.7569885253906,80.0,4.0,1.0,3.0,9.0,0.0001431702902860749,0.00016944599130874053,,0,2.0,46.0
2023-12-04,83.65070697303801,84.53358563521057,82.4824462422457,82.87483978271484,5729500,440.4327392578125,80.0,4.0,1.0,3.0,9.0,0.00012859691741233132,0.00019243300196683194,,0,2.0,47.0
2023-12-05,82.50919116531179,83.29397817068212,81.84034231512518,82.52703094482422,3606800,440.345947265625,79.0,4.0,1.0,3.0,9.0,0.00013336846414387698,0.0001956083217710021,,0,2.0,48.0
2023-12-06,80.9663958680289,81.48364068996749,80.39564530722888,81.24285125732422,5719600,438.57147216796875,81.0,4.0,4.0,3.0,10.0,5.967693847702718e-05,0.0001514766503771275,,1,2.0,49.0
2023-12-07,81.48362312532397,81.5728016054975,80.87719993470937,81.26067352294922,5511700,441.9179382324219,80.0,4.0,4.0,3.0,10.0,3.5068260149420286e-05,0.00012351370784727839,,0,2.0,50.0
2023-12-08,81.44796978749919,81.57282105027971,80.8593794310623,81.43013000488281,3877500,443.81787109375,79.0,4.0,4.0,3.0,10.0,5.782918838013734e-06,0.0001431702902860749,,0,2.0,51.0
2023-12-11,81.93844779811238,83.21371998857352,81.93844779811238,82.9283447265625,4270100,445.5440979003906,81.0,4.0,4.0,3.0,10.0,5.9320166540959464e-05,0.00012859691741233132,,0,2.0,52.0
2023-12-12,82.76782034601551,82.95509722300807,82.18815673794073,82.83024597167969,4038200,447.5790100097656,80.0,4.0,4.0,3.0,10.0,7.998487733550959e-05,0.00013336846414387698,,0,2.0,53.0
2023-12-13,82.8302457976801,84.20361636329011,81.8046829216204,84.18578338623047,11393000,453.7511901855469,82.0,4.0,1.0,3.0,9.0,0.00011776420178131372,5.967693847702718e-05,,0,2.0,54.0
2023-12-14,84.6762695829624,86.12990557363878,84.42656707763672,84.42656707763672,8806900,455.2074279785156,81.0,4.0,1.0,3.0,9.0,0.00011822578581946698,3.5068260149420286e-05,,0,2.0,55.0
2023-12-15,84.35521968958408,84.9884026333216,84.18578259551889,84.23928833007812,17596500,454.4579162597656,80.0,4.0,1.0,3.0,9.0,0.00012328088695371953,5.782918838013734e-06,,0,2.0,56.0
2023-12-18,84.64952621705251,85.23811659186097,83.94500446715317,84.61385345458984,4606400,457.0142822265625,79.0,4.0,1.0,3.0,9.0,0.00010887168370070183,5.9320166540959464e-05,,0,2.0,57.0
2023-12-19,84.89922902954196,85.38972101016167,84.62277362440199,84.96165466308594,3897900,459.7933044433594,78.0,4.0,1.0,3.0,9.0,9.127766433734582e-05,7.998487733550959e-05,,0,2.0,58.0
2023-12-20,84.74464896411307,85.05205181561945,83.14432478442139,83.17144775390625,4461900,453.4219055175781,82.0,4.0,1.0,3.0,9.0,5.715353359794014e-05,0.00011776420178131372,,0,2.0,59.0
2023-12-21,83.43366120780058,84.18409567345002,83.28900304823506,83.93093872070312,3617600,457.7211608886719,82.0,4.0,1.0,3.0,9.0,3.66723860328235e-05,0.00011822578581946698,,0,2.0,60.0
2023-12-22,84.07558289849126,84.80793755915795,83.80434630765896,84.03038024902344,2578700,458.6409912109375,81.0,4.0,1.0,3.0,9.0,3.074196106552526e-05,0.00012328088695371953,,0,2.0,61.0
2023-12-26,83.85859342682458,84.68136029601867,83.72297168049485,84.31066131591797,2608400,460.57763671875,79.0,4.0,1.0,3.0,9.0,7.165775898843548e-05,0.00010887168370070183,,0,2.0,62.0
2023-12-27,84.25641155375342,84.93451335662705,84.25641155375342,84.78984832763672,3717200,461.4103698730469,79.0,4.0,1.0,3.0,9.0,9.854077323422294e-05,9.127766433734582e-05,,0,2.0,63.0
2023-12-28,84.58190532969627,85.33233278772826,84.49148623291366,85.06109619140625,3425800,461.58465576171875,78.0,4.0,1.0,3.0,9.0,0.00011239630509712255,5.715353359794014e-05,,0,2.0,64.0
2023-12-29,85.06109619140625,85.27808684806558,84.74465004669293,85.06109619140625,3709200,460.2484130859375,76.0,4.0,1.0,1.0,7.0,9.85273551121863e-05,3.66723860328235e-05,,0,2.0,65.0
2024-01-02,84.8260288125442,86.6885465361366,84.68137065729896,86.39922332763672,5038500,457.67266845703125,78.0,1.0,1.0,1.0,1.0,0.00010858107695234567,3.074196106552526e-05,,0,1.0,1.0
2024-01-03,86.29073062346004,86.5077213032901,85.65783136844249,86.27264404296875,4145200,453.9350280761719,77.0,1.0,1.0,1.0,1.0,9.560496885841955e-05,7.165775898843548e-05,,0,1.0,2.0
2024-01-04,86.59813117020342,87.53843328805472,86.39922017823363,86.48963928222656,5179400,452.4728698730469,76.0,1.0,1.0,1.0,1.0,0.0001113339011440485,9.854077323422294e-05,,0,1.0,3.0
2024-01-05,86.2545586257571,86.82416170919379,85.54933378969008,86.16414642333984,3251800,453.0926208496094,75.0,1.0,1.0,1.0,1.0,9.186993926961393e-05,0.00011239630509712255,,0,1.0,4.0
2024-01-08,86.69757892946983,87.48417953715315,86.67045595989602,87.05923461914062,3828300,459.5609130859375,75.0,1.0,1.0,1.0,1.0,0.00010753347441296599,9.85273551121863e-05,,0,1.0,5.0
2024-01-09,86.45347569603837,86.50772164170576,85.69399796664813,86.42634582519531,4523500,458.8637390136719,75.0,1.0,1.0,1.0,1.0,9.322005445210213e-05,0.00010858107695234567,,1,1.0,6.0
2024-01-10,86.51675834584744,87.14060736755961,84.54574199320123,85.41371154785156,4837400,461.45880126953125,75.0,1.0,1.0,1.0,1.0,7.170490651128713e-05,9.560496885841955e-05,,0,1.0,7.0
2024-01-11,85.27809190560615,86.11893851028837,84.85314695835687,86.02852630615234,4467600,461.2554626464844,75.0,1.0,1.0,1.0,1.0,5.3959088758546285e-05,0.0001113339011440485,,0,1.0,8.0
2024-01-12,86.7699231928816,87.16774519517271,85.99236576913596,86.13702392578125,3593200,461.5749816894531,74.0,1.0,1.0,1.0,1.0,6.490405032816044e-05,9.186993926961393e-05,,0,1.0,9.0
2024-01-16,86.03756451713586,86.03756451713586,85.13342873312901,85.44987487792969,3304500,459.88043212890625,74.0,1.0,1.0,1.0,1.0,8.185191151668025e-05,0.00010753347441296599,,0,1.0,10.0
2024-01-17,85.04302395687671,85.4679689505986,84.41917485150671,84.72657775878906,2753400,457.32415771484375,73.0,1.0,1.0,1.0,1.0,5.0168256736444975e-05,9.322005445210213e-05,,0,1.0,11.0
2024-01-18,84.17503289086162,84.51860887403761,83.36130937545532,84.25640869140625,3640800,461.3909912109375,73.0,1.0,4.0,1.0,2.0,8.47367925184281e-06,7.170490651128713e-05,,0,2.0,12.0
2024-01-19,84.51862669631294,84.59999561600766,82.96351184961426,83.4698257446289,5893400,467.14276123046875,73.0,1.0,4.0,1.0,2.0,-5.014138435933754e-05,5.3959088758546285e-05,,0,2.0,13.0
2024-01-22,83.2257057708045,84.12079830955737,83.02679478485743,83.56927490234375,5201900,468.1304931640625,72.0,1.0,4.0,1.0,2.0,-5.9757306715079005e-05,6.490405032816044e-05,,0,2.0,14.0
2024-01-23,82.23115096228696,83.17145305305354,81.84237227954702,82.99967193603516,4429300,469.4957580566406,71.0,1.0,4.0,1.0,2.0,-6.633082344275071e-05,8.185191151668025e-05,,0,2.0,15.0
2024-01-24,83.20761952499983,83.24378578604514,82.14073896719484,82.16786193847656,5562100,470.0090637207031,72.0,1.0,4.0,1.0,2.0,-6.564371162344136e-05,5.0168256736444975e-05,,0,2.0,16.0
2024-01-25,82.68322297828003,82.99063276262862,82.14074283308703,82.46623229980469,7212600,472.56536865234375,71.0,1.0,4.0,1.0,2.0,-8.59426428344192e-05,8.47367925184281e-06,,0,2.0,17.0
2024-01-26,82.95446307410775,83.27995252738366,82.13169615110225,82.14073944091797,5935800,471.9649963378906,70.0,1.0,4.0,1.0,2.0,-0.00010310735374946711,-5.014138435933754e-05,,0,2.0,18.0
2024-01-29,82.46622375083763,82.99966744855062,82.2492330948569,82.90924835205078,6509100,475.70269775390625,70.0,1.0,4.0,1.0,2.0,-0.00010908171514702684,-5.9757306715079005e-05,,0,2.0,19.0
2024-01-30,82.5837587070604,83.1172024034039,81.80620828362493,82.9635009765625,6120500,475.33477783203125,69.0,1.0,4.0,1.0,2.0,-0.00011279452630221424,-6.633082344275071e-05,,0,2.0,20.0
2024-01-31,83.05391856805367,83.08104153949182,82.08649349804166,82.14073944091797,7323000,467.5785217285156,69.0,1.0,4.0,1.0,2.0,-0.0001394972496011935,-6.564371162344136e-05,,0,2.0,21.0
2024-02-01,82.48429975404215,84.34681701660156,82.2311359735127,84.34681701660156,5169300,473.6983337402344,77.0,1.0,4.0,3.0,4.0,-0.00011019770820368367,-8.59426428344192e-05,,0,2.0,22.0
2024-02-02,83.85859375544833,84.35587119460321,83.17144862989119,84.0755844116211,5036000,478.68511962890625,76.0,1.0,4.0,3.0,4.0,-8.292440579276787e-05,-0.00010310735374946711,,0,2.0,23.0
2024-02-05,83.85860484655991,83.85860484655991,82.76460123373519,82.8459701538086,4672000,476.9421081542969,78.0,1.0,4.0,3.0,4.0,-4.0323249941694884e-05,-0.00010908171514702684,,0,2.0,24.0
2024-02-06,82.84597040931075,83.05392470237771,82.32157682742056,82.87310028076172,5160100,478.3267822265625,77.0,1.0,4.0,3.0,4.0,-4.34222138563768e-05,-0.00011279452630221424,,0,2.0,25.0
2024-02-07,83.1352833647772,83.2980280833546,82.48431138847624,82.67417907714844,4694300,482.3162841796875,75.0,1.0,4.0,1.0,2.0,-4.301050217257828e-05,-0.0001394972496011935,,0,2.0,26.0
2024-02-08,80.46809904309858,81.87854890885042,79.83520664128937,80.47714233398438,9260300,482.52935791015625,83.0,4.0,4.0,4.0,12.0,-7.619731145823803e-05,-0.00011019770820368367,,1,4.0,1.0
2024-02-09,80.46808508452558,80.85686374905656,80.06122673936908,80.57658386230469,4966300,485.3180236816406,82.0,4.0,4.0,4.0,12.0,-0.000124795377747313,-8.292440579276787e-05,,0,4.0,2.0
2024-02-12,80.57659342566622,81.52593197637471,80.4861743177811,81.37223052978516,4022300,485.10498046875,82.0,4.0,4.0,4.0,12.0,-0.00016094583141386737,-4.0323249941694884e-05,,0,4.0,3.0
2024-02-13,80.99248208033872,81.52591886139834,79.94368130007405,80.6398696899414,5935300,478.4236145019531,81.0,4.0,4.0,4.0,12.0,-0.00017198333903535034,-4.34222138563768e-05,,0,4.0,4.0
2024-02-14,80.62179789133168,80.94728737259791,80.26918543629489,80.66700744628906,5534900,482.7713317871094,80.0,4.0,4.0,4.0,12.0,-0.00018519036086549613,-4.301050217257828e-05,,0,4.0,5.0
2024-02-15,80.86591387667492,80.92015982114738,80.30534715775909,80.45001220703125,8765600,486.10235595703125,79.0,4.0,4.0,4.0,12.0,-0.00021406280130268542,-7.619731145823803e-05,,0,4.0,6.0
2024-02-16,80.35959005173945,81.40839092512202,80.20588861622926,81.05577850341797,4382500,483.681640625,78.0,4.0,4.0,4.0,12.0,-0.00022978032213624047,-0.000124795377747313,,0,4.0,7.0
2024-02-20,81.01961469886949,81.33606086922256,80.5856264523787,81.04673767089844,4448000,481.01873779296875,77.0,4.0,4.0,4.0,12.0,-0.0002380655599628375,-0.00016094583141386737,,0,4.0,8.0
2024-02-21,81.05577757341418,81.99607965317261,80.6941218661211,81.88758087158203,4171900,481.4544372558594,77.0,4.0,4.0,4.0,12.0,-0.0002382492361053696,-0.00017198333903535034,,0,4.0,9.0
2024-02-22,81.534971491878,82.47527360667165,81.33606050055504,82.44815063476562,4161700,491.41839599609375,77.0,4.0,4.0,4.0,12.0,-0.00022596396997332573,-0.00018519036086549613,,0,4.0,10.0
2024-02-23,82.48430950514378,83.14432475574269,82.31252150112093,82.78266906738281,3981300,491.75732421875,76.0,4.0,4.0,4.0,12.0,-0.00018642569298345937,-0.00021406280130268542,,0,4.0,11.0
2024-02-26,82.71033399492353,82.7464933514191,81.4174197129635,81.75194549560547,3941500,489.95623779296875,77.0,4.0,4.0,4.0,12.0,-0.00017529218256782527,-0.00022978032213624047,,0,4.0,12.0
2024-02-27,81.75195617248795,81.99607669776564,81.28180859855883,81.53496551513672,4503900,490.866455078125,76.0,4.0,4.0,4.0,12.0,-0.00017225359823094103,-0.0002380655599628375,,0,4.0,13.0
2024-02-28,81.53495486659341,81.9237334799942,81.13713296506486,81.75194549560547,3431700,490.21771240234375,75.0,4.0,4.0,1.0,8.0,-0.0001713680313123357,-0.0002382492361053696,,0,2.0,14.0
2024-02-29,81.95991550905235,82.07745068530389,81.24564736565678,81.3360595703125,5735600,491.97998046875,74.0,4.0,4.0,1.0,8.0,-0.00014713062880531108,-0.00022596396997332573,,0,2.0,15.0
2024-03-01,81.21852111816406,81.24564408866588,80.34150828255834,81.21852111816406,5093300,496.5988464355469,73.0,4.0,4.0,1.0,8.0,-0.00013026546015794562,-0.00018642569298345937,,1,2.0,16.0
2024-03-04,80.9111204284708,82.06841328635691,80.62179721399926,81.65251159667969,4670600,496.0662536621094,72.0,4.0,4.0,1.0,8.0,-0.00012346202387302518,-0.00017529218256782527,,0,2.0,17.0
2024-03-05,81.39934670143771,82.18594734744948,81.2998912094819,81.88758087158203,4067700,491.10858154296875,71.0,4.0,4.0,1.0,8.0,-0.00011258205069141192,-0.00017225359823094103,,0,2.0,18.0
2024-03-06,82.4843124094716,82.92733702185717,82.05936747803679,82.35772705078125,5166300,493.59710693359375,71.0,4.0,4.0,1.0,8.0,-8.951078863902275e-05,-0.0001713680313123357,,0,2.0,19.0
2024-03-07,82.43909084811155,82.86403571762882,82.36675833883037,82.73745727539062,2839500,498.49676513671875,70.0,4.0,4.0,1.0,8.0,-6.740321241628182e-05,-0.00014713062880531108,,0,2.0,20.0
2024-03-08,82.72844545818474,84.02136023689427,82.50241145420063,83.79532623291016,3549600,495.5046691894531,71.0,1.0,1.0,1.0,1.0,-2.1210692274387604e-05,-0.00013026546015794562,,0,1.0,1.0
2024-03-11,84.00327032335731,85.40467683861557,83.93997418785882,85.3594741821289,4291400,495.0785827636719,74.0,1.0,1.0,1.0,1.0,4.045120368650059e-05,-0.00012346202387302518,,0,1.0,2.0
2024-03-12,85.63974537752534,86.20030516729487,84.81697847601238,85.59453582763672,4899800,500.4043273925781,73.0,1.0,1.0,1.0,1.0,8.859675908615227e-05,-0.00011258205069141192,,0,1.0,3.0
2024-03-13,85.89291249896048,86.67951323355022,85.82057996975483,86.18223571777344,5269600,499.6199645996094,73.0,1.0,1.0,1.0,1.0,0.00011729765576565608,-8.951078863902275e-05,,0,1.0,4.0
2024-03-14,85.76631694523776,85.89289539714025,84.13886985219389,84.94355010986328,6604200,498.63226318359375,74.0,4.0,1.0,1.0,7.0,0.00011682293583648488,-6.740321241628182e-05,,0,2.0,5.0
2024-03-15,83.87667592581845,85.77536664222029,83.67777184226065,85.23287963867188,16373200,495.2084655761719,73.0,4.0,1.0,1.0,7.0,0.00011205899499088332,-2.1210692274387604e-05,,0,2.0,6.0
2024-03-18,85.07917883304809,86.48059210585001,84.6994434461758,86.19126892089844,6144600,498.1514892578125,74.0,1.0,1.0,1.0,1.0,0.0001329581823057125,4.045120368650059e-05,,0,1.0,7.0
2024-03-19,86.46250729745081,86.72470751699703,85.82057168325517,85.87482452392578,6069200,500.91986083984375,73.0,1.0,1.0,1.0,1.0,0.0001789517296551604,8.859675908615227e-05,,0,1.0,8.0
2024-03-20,85.65481631916485,86.1223193656701,85.26980434816942,85.83815002441406,6341800,505.5529479980469,72.0,1.0,1.0,1.0,1.0,0.00024307504277308123,0.00011729765576565608,,0,1.0,9.0
2024-03-21,85.89314349871732,86.55315598733316,84.48145866818385,84.51811981201172,8398200,507.2236328125,74.0,1.0,1.0,1.0,1.0,0.0002172613039710231,0.00011682293583648488,,0,1.0,10.0
2024-03-22,84.75647330077238,84.81147201939034,83.262283163874,83.30811309814453,6126800,506.261962890625,75.0,4.0,1.0,1.0,7.0,0.00017454878557051596,0.00011205899499088332,,0,2.0,11.0
2024-03-25,83.27144193154531,83.8856245733271,83.23478078295308,83.55561828613281,8673200,504.8634033203125,74.0,4.0,1.0,1.0,7.0,0.00013978937188331643,0.0001329581823057125,,0,2.0,12.0
2024-03-26,83.73895281956668,83.83978846350993,82.77644030065352,82.84976959228516,7869800,503.93084716796875,74.0,4.0,1.0,1.0,7.0,0.00014579733834189264,0.0001789517296551604,,0,2.0,13.0
2024-03-27,83.22560634951856,84.59146133818723,83.13393949679434,84.5456314086914,8796800,508.16583251953125,78.0,4.0,1.0,3.0,9.0,0.00017950188520353253,0.00024307504277308123,,0,2.0,14.0
2024-03-28,84.82063530922045,84.97646966436551,83.9222903258983,83.98645782470703,5311900,508.0687561035156,77.0,4.0,1.0,3.0,9.0,0.00018108469403517688,0.0002172613039710231,,0,2.0,15.0
2024-04-01,83.78478876692596,84.74730127458756,83.62895440764737,83.82145690917969,6476700,507.1847839355469,76.0,4.0,1.0,3.0,9.0,0.00019441740804730968,0.00017454878557051596,,0,2.0,16.0
2024-04-02,83.81227894026956,84.60062642799791,83.78477958502616,84.16978454589844,4861400,503.9600524902344,75.0,4.0,1.0,1.0,7.0,0.00017570245755506135,0.00013978937188331643,,0,2.0,17.0
2024-04-03,84.18811600899406,84.38062548519952,83.36310736803276,83.41810607910156,4823900,504.51361083984375,75.0,4.0,1.0,1.0,7.0,0.00013932763699661444,0.00014579733834189264,,0,2.0,18.0
2024-04-04,83.95895662780683,83.95895662780683,82.51060342381732,82.59310150146484,5469000,498.35552978515625,75.0,4.0,1.0,1.0,7.0,8.63353398856637e-05,0.00017950188520353253,,0,2.0,19.0
2024-04-05,82.53808969645276,82.69392403645688,81.54807095925223,82.02474975585938,5119700,503.561767578125,75.0,4.0,1.0,1.0,7.0,2.700541606498985e-05,0.00018108469403517688,,0,2.0,20.0
2024-04-08,82.34559678689844,82.88643614519057,82.11642614482896,82.79476928710938,5302100,503.84344482421875,75.0,4.0,1.0,1.0,7.0,9.466952112756228e-06,0.00019441740804730968,,0,2.0,21.0
2024-04-09,82.95976815922825,83.6197806934149,82.87727008932121,83.4822769165039,5068200,504.42626953125,75.0,4.0,1.0,1.0,7.0,2.9678376538731435e-05,0.00017570245755506135,,0,2.0,22.0
2024-04-10,82.253927389602,82.5289279553562,81.27307735157326,82.24475860595703,9601600,499.3753662109375,76.0,4.0,4.0,3.0,10.0,2.9955237580084333e-05,0.00013932763699661444,,1,2.0,23.0
2024-04-11,82.40975422700981,82.41892300981857,81.46557241593896,81.97891235351562,5932000,503.14410400390625,75.0,4.0,4.0,1.0,8.0,1.4805233017863488e-05,8.63353398856637e-05,,0,2.0,24.0
2024-04-12,81.69473563533553,82.07974055366884,81.27306258281835,81.44722747802734,5517300,496.19915771484375,75.0,4.0,4.0,1.0,8.0,-1.9111109038479952e-06,2.700541606498985e-05,,0,2.0,25.0
2024-04-15,81.83225428927801,82.13476123192717,80.50306728973477,81.21807861328125,7773900,489.98272705078125,74.0,4.0,4.0,1.0,8.0,-1.4151293708331297e-05,9.466952112756228e-06,,0,2.0,26.0
2024-04-16,81.21806754779354,82.18058696372744,81.06223320235127,82.04308319091797,4617600,489.0890808105469,74.0,4.0,4.0,1.0,8.0,9.900702457776324e-06,2.9678376538731435e-05,,0,2.0,27.0
2024-04-17,82.40059076910256,83.07893387241228,81.85975144188154,83.0331039428711,4767000,486.1945495605469,75.0,4.0,4.0,1.0,8.0,3.655406266012771e-05,2.9955237580084333e-05,,0,2.0,28.0
2024-04-18,83.22560424490264,83.62894677916849,83.09726925558758,83.6014404296875,4041700,485.1941223144531,74.0,4.0,4.0,1.0,8.0,0.00010085485567128308,1.4805233017863488e-05,,0,2.0,29.0
2024-04-19,83.91311551262362,86.19565294193269,83.76644295803825,85.95731353759766,8710200,480.9591979980469,82.0,1.0,1.0,3.0,3.0,0.00017628714086433857,-1.9111109038479952e-06,,0,1.0,30.0
2024-04-22,85.71898857573855,86.42483107325245,85.19647979365523,86.22315979003906,8656300,485.388427734375,81.0,1.0,1.0,3.0,3.0,0.00024952075036543936,-1.4151293708331297e-05,,0,1.0,31.0
2024-04-23,86.52566055805845,89.5690461762887,86.02148238590019,89.5232162475586,13105500,491.1483154296875,95.0,1.0,1.0,4.0,5.0,0.00031660903142738243,9.900702457776324e-06,,0,2.0,32.0
2024-04-24,88.73486819938955,90.84323373893898,87.67151314956536,90.7698974609375,13572400,490.9151916503906,95.0,1.0,1.0,4.0,5.0,0.00036402008822226115,3.655406266012771e-05,,0,2.0,33.0
2024-04-25,91.20991336202475,91.5765877793121,87.955687524982,88.08402252197266,7417700,489.0502624511719,102.0,1.0,1.0,4.0,5.0,0.00034014635490376544,0.00010085485567128308,,0,2.0,34.0
2024-04-26,87.81819056170066,88.56986996845082,87.02984301392209,87.1031723022461,5391000,493.6834411621094,102.0,1.0,1.0,4.0,5.0,0.00028718217667838636,0.00017628714086433857,,0,2.0,35.0
2024-04-29,87.13068593237331,87.76319218518871,87.11234836346075,87.63485717773438,3510700,495.4317932128906,101.0,1.0,1.0,4.0,5.0,0.00021527766690808683,0.00024952075036543936,,0,2.0,36.0
2024-04-30,87.65319830822138,87.87320018797757,86.5531749219731,87.02985382080078,6589200,487.5835266113281,100.0,1.0,1.0,4.0,5.0,0.0001851480021697581,0.00031660903142738243,,0,2.0,37.0
2024-05-01,86.75482247112087,89.12903354287093,86.74565368880259,88.04734802246094,6462500,486.0002746582031,100.0,1.0,1.0,4.0,5.0,0.0001905713053291273,0.00036402008822226115,,0,2.0,38.0
2024-05-02,88.34985470571179,89.82571405468707,87.89151346674387,89.2023696899414,5607800,490.5461120605469,100.0,1.0,1.0,4.0,5.0,0.0002209207057583618,0.00034014635490376544,,0,2.0,39.0
2024-05-03,89.34904145554275,89.86238140066597,88.30402399940921,89.28487396240234,5611900,496.6265563964844,98.0,1.0,1.0,4.0,5.0,0.0002810663052845544,0.00028718217667838636,,0,2.0,40.0
2024-05-06,89.6149030172478,89.74323803618873,88.59738465726326,89.33072662353516,4517500,501.755126953125,97.0,1.0,1.0,4.0,5.0,0.00034047373374954576,0.00021527766690808683,,0,2.0,41.0
2024-05-07,89.83487934244991,90.21072250077194,89.24820313889573,89.40403747558594,3960300,502.30877685546875,95.0,1.0,1.0,4.0,5.0,0.0003727385677338528,0.0001851480021697581,,0,2.0,42.0
2024-05-08,89.42238901351855,90.3024034563555,89.08321393913775,90.0640640258789,5784300,502.3573303222656,95.0,1.0,1.0,4.0,5.0,0.0004014773770889257,0.0001905713053291273,,0,2.0,43.0
2024-05-09,90.2290588050915,91.1915782281215,90.00905696321384,91.1732406616211,3840400,505.2518310546875,95.0,1.0,1.0,4.0,5.0,0.0004075651748115573,0.0002209207057583618,,0,2.0,44.0
2024-05-10,91.30157693505993,91.65908255578405,91.06323752333299,91.35658264160156,4149300,505.9027099609375,93.0,1.0,1.0,4.0,5.0,0.0004304080341099137,0.0002810663052845544,,0,2.0,45.0
2024-05-13,91.64992346920995,91.87909410431689,90.77907085956392,91.01741027832031,3853700,505.97064208984375,92.0,1.0,1.0,4.0,5.0,0.0004308442437639467,0.00034047373374954576,,0,2.0,46.0
2024-05-14,91.20991484329939,91.79659112299383,91.12741676977966,91.5215835571289,3292700,508.2921142578125,91.0,1.0,1.0,3.0,3.0,0.00044197526609320763,0.0003727385677338528,,0,1.0,47.0
2024-05-15,91.6682565980001,92.25493288072866,91.52158403045148,92.19076538085938,3230600,514.5863037109375,90.0,1.0,1.0,3.0,3.0,0.0004541895946727713,0.0004014773770889257,,0,1.0,48.0
2024-05-16,92.31910721816844,93.00661919357368,92.14493527973774,92.27327728271484,4417400,513.5275268554688,89.0,1.0,1.0,3.0,3.0,0.0004784585763717426,0.0004075651748115573,,0,1.0,49.0
2024-05-17,92.52993884439891,92.52993884439891,91.48492129679134,91.51242065429688,5307800,514.2658081054688,88.0,1.0,1.0,3.0,3.0,0.0004890070969871409,0.0004304080341099137,,0,1.0,50.0
2024-05-20,91.54908879295361,92.09909692424735,91.13657744918368,91.29241180419922,5340100,514.8582153320312,87.0,1.0,1.0,3.0,3.0,0.00047292159819405387,0.0004308442437639467,,0,1.0,51.0
2024-05-21,91.57659005854221,92.41076755974315,91.0632430640702,91.87909698486328,6199600,516.1209106445312,86.0,1.0,1.0,3.0,3.0,0.00045790848956581517,0.00044197526609320763,,0,1.0,52.0
2024-05-22,91.23742437513744,92.74995216859253,90.94408620257971,92.64911651611328,4407600,514.6348876953125,86.0,1.0,1.0,3.0,3.0,0.00048654061889906393,0.0004541895946727713,,0,1.0,53.0
2024-05-23,92.22742646613517,92.22742646613517,90.94406957321027,91.347412109375,4573200,510.87591552734375,87.0,1.0,1.0,3.0,3.0,0.0005029444364443733,0.0004784585763717426,,0,1.0,54.0
2024-05-24,91.88824953005187,92.39242768986085,91.29240452129551,91.60408020019531,4053900,514.2559814453125,85.0,1.0,1.0,3.0,3.0,0.0005233368351346898,0.0004890070969871409,,0,1.0,55.0
2024-05-28,91.06323769968824,91.787417725918,90.79740592477451,91.7140884399414,3560100,514.615478515625,84.0,1.0,1.0,3.0,3.0,0.0005272957568506365,0.00047292159819405387,,0,1.0,56.0
2024-05-29,91.53074532978671,91.65908031903119,90.94406909503131,91.30157470703125,4465000,511.0118713378906,83.0,1.0,1.0,3.0,3.0,0.0005398329779670866,0.00045790848956581517,,0,1.0,57.0
2024-05-30,91.38408087025682,91.48491650498411,90.71489956649681,91.12741088867188,3875400,507.6219177246094,82.0,1.0,1.0,3.0,3.0,0.0005433582409737301,0.00048654061889906393,,0,1.0,58.0
2024-05-31,91.00823391030994,93.06160067150135,91.00823391030994,92.93326568603516,7528800,512.2454833984375,85.0,1.0,1.0,3.0,3.0,0.0005512735646371067,0.0005029444364443733,,0,1.0,59.0
2024-06-03,92.804942417051,94.58330885978752,92.23660369358655,94.38163757324219,6332700,512.6630249023438,86.0,1.0,1.0,3.0,3.0,0.0005689711751708733,0.0005233368351346898,,0,1.0,60.0
2024-06-04,94.335800848502,95.43581706752644,94.01495637369837,95.1424789428711,5080900,513.2362060546875,86.0,1.0,1.0,3.0,3.0,0.0005831820153919968,0.0005272957568506365,,0,1.0,61.0
2024-06-05,95.28915023707705,95.5549890212988,94.39997402000387,95.39915466308594,5266700,519.3360595703125,85.0,1.0,1.0,3.0,3.0,0.0005509460630185276,0.0005398329779670866,,0,1.0,62.0
2024-06-06,95.33498319725359,96.15999887366867,94.90414128880724,95.55498504638672,4847600,519.3262939453125,83.0,1.0,1.0,3.0,3.0,0.000503520284392572,0.0005433582409737301,,0,1.0,63.0
2024-06-07,95.26164737524863,95.6558211451164,94.9316411030927,94.97747802734375,2506900,518.6950073242188,82.0,1.0,1.0,3.0,3.0,0.0004751531502514091,0.0005512735646371067,,0,1.0,64.0
2024-06-10,94.92248264873177,95.22498258072706,94.0516300134898,95.0416488647461,3819100,520.2976684570312,81.0,1.0,1.0,1.0,1.0,0.0004882603967046684,0.0005689711751708733,,0,1.0,65.0
2024-06-11,94.85831419736796,95.29831790880236,94.03329849626235,95.16998291015625,3751300,521.5506591796875,80.0,1.0,1.0,1.0,1.0,0.0005140884442572628,0.0005831820153919968,,0,1.0,66.0
2024-06-12,95.56415620198415,95.61915491719941,93.72162231121149,94.09746551513672,4083600,525.8342895507812,80.0,1.0,1.0,1.0,1.0,0.0005071778281797017,0.0005509460630185276,,0,1.0,67.0
2024-06-13,94.11579784394499,94.11579784394499,93.11661719899409,93.48329162597656,4264400,526.8929443359375,80.0,1.0,1.0,1.0,1.0,0.0004798353873455608,0.000503520284392572,,0,1.0,68.0
2024-06-14,93.45578876042464,93.80413262623254,93.05245317005748,93.6849594116211,5643600,527.2135009765625,79.0,1.0,1.0,1.0,1.0,0.0004443652097026859,0.0004751531502514091,,0,1.0,69.0
2024-06-17,93.20828738241713,93.68495925888602,92.7957830084293,93.5474624633789,4838100,531.4095458984375,77.0,1.0,1.0,1.0,1.0,0.00042546650852653706,0.0004882603967046684,,0,1.0,70.0
2024-06-18,91.05408672424186,93.3824614285477,91.0357491552704,92.80494689941406,5990900,532.7597045898438,77.0,1.0,1.0,1.0,1.0,0.00039530641551650467,0.0005140884442572628,,0,1.0,71.0
2024-06-20,93.00661182406972,93.2632818222194,92.21826426190547,92.76827239990234,4646100,531.3123168945312,76.0,1.0,1.0,1.0,1.0,0.000374120701472193,0.0005071778281797017,,0,1.0,72.0
2024-06-21,92.7589851398643,93.3254386176563,91.86751911368559,92.7868423461914,10027700,530.60009765625,75.0,1.0,1.0,1.0,1.0,0.0003460222358488932,0.0004798353873455608,,0,1.0,73.0
2024-06-24,93.0375736362557,94.77407233048937,92.73113018971715,94.59764099121094,6487100,528.8753662109375,78.0,1.0,1.0,1.0,1.0,0.00035317326096041086,0.0004443652097026859,,0,1.0,74.0
2024-06-25,94.71835549015456,94.8669367033644,94.11475670978848,94.75550079345703,6319400,530.9119873046875,77.0,1.0,1.0,1.0,1.0,0.0003555021627911427,0.00042546650852653706,,0,1.0,75.0
2024-06-26,94.22619579640967,94.95979962069576,94.20761960176107,94.68121337890625,4321700,531.5745849609375,76.0,1.0,4.0,1.0,2.0,0.00037024867440642084,0.00039530641551650467,,0,2.0,76.0
2024-06-27,94.9040762443983,94.98765494917903,93.87331708880377,94.31905364990234,4145700,532.41259765625,75.0,1.0,4.0,1.0,2.0,0.0003523550142181995,0.000374120701472193,,0,2.0,77.0
2024-06-28,94.28191084553156,94.49549457697357,93.71545734555758,94.09619140625,7299400,530.3174438476562,74.0,1.0,4.0,1.0,2.0,0.0003386052959545422,0.0003460222358488932,,0,2.0,78.0
2024-07-01,94.69978574472192,95.9162643095513,93.95689385314759,94.02189636230469,2906300,531.408935546875,73.0,1.0,4.0,1.0,2.0,0.00031038627110074445,0.00035317326096041086,,0,2.0,79.0
2024-07-02,94.05905114217138,94.66264997929767,93.89190080396322,94.38406372070312,3893000,534.9851684570312,72.0,1.0,4.0,1.0,2.0,0.0003179389080086735,0.0003555021627911427,,0,2.0,80.0
2024-07-03,94.51405679868726,94.6533499103678,93.89188892922179,94.17975616455078,1647800,537.3726196289062,71.0,1.0,4.0,1.0,2.0,0.0003400805140193243,0.00037024867440642084,,0,2.0,81.0
2024-07-05,93.92904167321008,95.04337248545755,93.60402911003311,94.82979583740234,3569100,540.4713134765625,71.0,1.0,4.0,1.0,2.0,0.0003727646097326773,0.0003523550142181995,,0,2.0,82.0
2024-07-08,94.78336056504601,95.60053600559021,94.57906493372435,95.2662353515625,6081300,541.094970703125,70.0,1.0,4.0,1.0,2.0,0.00038662231817813384,0.0003386052959545422,,0,2.0,83.0
2024-07-09,95.38695572864252,95.55410604928994,94.36548469568253,94.41191101074219,4460000,541.6211547851562,70.0,1.0,4.0,1.0,2.0,0.0003938102146975178,0.00031038627110074445,,0,2.0,84.0
2024-07-10,94.49549144805837,95.57267691276033,94.42120084090865,95.42410278320312,3089500,546.9806518554688,70.0,1.0,4.0,1.0,2.0,0.00042724822046531996,0.0003179389080086735,,0,2.0,85.0
2024-07-11,95.42411609912524,97.50420379638672,95.41482800074986,97.50420379638672,3949500,542.2642822265625,75.0,1.0,1.0,1.0,1.0,0.0004906089916325461,0.0003400805140193243,,0,1.0,86.0
2024-07-12,97.671340189452,99.01782378704199,97.50418986629153,98.38636779785156,3541800,545.6846923828125,75.0,1.0,1.0,1.0,1.0,0.0005796028956082064,0.0003727646097326773,,0,1.0,87.0
2024-07-15,98.43279978884287,98.55351670977485,97.42989786424107,97.5691909790039,3606900,547.185302734375,75.0,1.0,1.0,1.0,1.0,0.0006250845496507052,0.00038662231817813384,,0,1.0,88.0
2024-07-16,97.71777035588929,98.5628029560307,97.35560543040927,98.5256576538086,2731400,550.43017578125,75.0,1.0,1.0,1.0,1.0,0.0006427792195533436,0.0003938102146975178,,0,1.0,89.0
2024-07-17,98.75781117550456,101.04219414270678,98.75781117550456,100.57788848876953,5411000,542.7127075195312,79.0,1.0,1.0,3.0,3.0,0.000651818168568809,0.00042724822046531996,,0,1.0,90.0
2024-07-18,99.60285478376748,101.38578686467189,99.52856417587756,99.78857421875,4510500,538.5418090820312,79.0,1.0,1.0,3.0,3.0,0.0006527131322873484,0.0004906089916325461,,0,1.0,91.0
2024-07-19,100.466460812235,100.82861865965839,99.33355387014457,99.47284698486328,4819200,534.9656982421875,78.0,1.0,1.0,3.0,3.0,0.0006442406119609995,0.0005796028956082064,,0,1.0,92.0
2024-07-22,99.9464466103445,100.03002532390522,99.13855919280134,99.56571960449219,5601100,540.481201171875,76.0,1.0,1.0,3.0,3.0,0.000613369691661056,0.0006250845496507052,,0,1.0,93.0
2024-07-23,101.45078784502887,103.41015831892962,100.29002368204226,101.73865509033203,7560300,539.63330078125,81.0,1.0,1.0,3.0,3.0,0.0006372911578960911,0.0006427792195533436,,0,1.0,94.0
2024-07-24,102.08223864322323,103.71659648534545,101.56221859176055,103.48444366455078,7366100,527.4038696289062,83.0,1.0,1.0,3.0,3.0,0.0006967497178596527,0.000651818168568809,,0,1.0,95.0
2024-07-25,103.84660434366725,105.56453384767171,103.4565892943836,105.1187973022461,6976900,524.6559448242188,84.0,1.0,1.0,4.0,5.0,0.0007602973137249813,0.0006527131322873484,,0,2.0,96.0
2024-07-26,105.11880616755008,105.3973924175287,104.5244954466888,105.26738739013672,5381700,530.5319213867188,83.0,1.0,1.0,4.0,5.0,0.0008125585887709297,0.0006442406119609995,,0,2.0,97.0
2024-07-29,105.23022953010965,106.29813391463234,104.40376606111407,106.2331314086914,4834900,530.84375,83.0,1.0,1.0,4.0,5.0,0.0008671931737655256,0.000613369691661056,,0,2.0,98.0
2024-07-30,105.94525767228954,106.63243512139722,105.50881632130515,106.51171112060547,5122700,528.1542358398438,82.0,1.0,1.0,4.0,5.0,0.0009267477737577512,0.0006372911578960911,,0,2.0,99.0
2024-07-31,106.04741540186586,107.96964065042037,105.85240786473628,106.93888854980469,5519500,536.7392578125,81.0,1.0,1.0,4.0,5.0,0.0009825097672598994,0.0006967497178596527,,0,2.0,100.0
2024-08-01,107.51463941224996,109.41829584019567,106.70675193340196,109.07470703125,7088700,529.1383666992188,84.0,1.0,1.0,4.0,5.0,0.001058572564220193,0.0007602973137249813,,0,2.0,101.0
2024-08-02,109.6597185466801,110.5604727523783,106.93889390332365,109.40899658203125,7405900,519.2868041992188,83.0,1.0,1.0,4.0,5.0,0.0011384422873228052,0.0008125585887709297,,0,2.0,102.0
2024-08-05,108.57325250926544,109.53900929835004,105.07239034798421,105.45311737060547,10890600,504.1632080078125,96.0,1.0,1.0,4.0,5.0,0.001082403229227516,0.0008671931737655256,,0,2.0,103.0
2024-08-06,105.45309838437406,107.18031599246879,105.11879774508203,106.04740905761719,6275500,508.811279296875,95.0,1.0,1.0,4.0,5.0,0.0009732043113199013,0.0009267477737577512,,0,2.0,104.0
2024-08-07,106.23313465060873,108.11821446516478,106.04740813886552,107.47747039794922,3644800,505.410400390625,95.0,1.0,1.0,4.0,5.0,0.0008739076998304337,0.0009825097672598994,,0,2.0,105.0
2024-08-08,106.94816534370878,108.52680885803314,106.73458870492902,107.98821258544922,3548500,517.09423828125,94.0,1.0,1.0,4.0,5.0,0.0009087484991304225,0.001058572564220193,,0,2.0,106.0
2024-08-09,107.98821285973419,108.25751099671015,107.366044966415,107.72820281982422,3814600,519.374267578125,92.0,1.0,1.0,4.0,5.0,0.0009428374949398123,0.0011384422873228052,,0,2.0,107.0
2024-08-12,107.81177070172447,108.4339385734752,107.45890095761405,107.80248260498047,4860500,519.6472778320312,91.0,1.0,1.0,4.0,5.0,0.0009648793145952424,0.001082403229227516,,0,2.0,108.0
2024-08-13,107.83963479606044,109.64114310341174,107.59820094322924,109.49256896972656,5328100,528.1931762695312,92.0,1.0,1.0,4.0,5.0,0.0009897422895710649,0.0009732043113199013,,0,2.0,109.0
2024-08-14,108.9446878703085,109.65043450965193,108.73110413355914,108.833251953125,4067900,529.8594970703125,91.0,1.0,1.0,4.0,5.0,0.0009986918286396943,0.0008739076998304337,,0,2.0,110.0
2024-08-15,108.82397386757171,109.52971344115662,108.28537754714414,109.4739990234375,4422200,538.94140625,90.0,1.0,1.0,4.0,5.0,0.0010117918553475102,0.0009087484991304225,,0,2.0,111.0
2024-08-16,109.6782845966197,109.9475827321046,108.86110917789263,109.63185119628906,3707400,540.1497802734375,89.0,1.0,1.0,4.0,5.0,0.0010175147917775174,0.0009428374949398123,,0,2.0,112.0
2024-08-19,109.70614367560722,110.356168782879,109.5297052530296,109.99401092529297,3701400,545.3143920898438,88.0,1.0,1.0,4.0,5.0,0.001047310703135817,0.0009648793145952424,,0,2.0,113.0
2024-08-20,110.00330128994078,110.59761199590889,109.65971253487633,110.4861831665039,3837900,544.4276123046875,87.0,1.0,1.0,4.0,5.0,0.0010834997283180922,0.0009897422895710649,,0,2.0,114.0
2024-08-21,110.66260057423885,111.51692122090608,110.46759306259143,111.433349609375,4159500,546.2985229492188,86.0,1.0,1.0,3.0,3.0,0.0011245670824593973,0.0009986918286396943,,0,1.0,115.0
2024-08-22,111.44265060779736,111.62837004475128,110.59761087474952,111.5262222290039,4156300,542.010986328125,85.0,1.0,1.0,3.0,3.0,0.0011429523834782212,0.0010117918553475102,,0,1.0,116.0
2024-08-23,111.52621369666929,111.68407591447708,111.03405085012625,111.57264709472656,2896500,547.7699584960938,84.0,1.0,1.0,3.0,3.0,0.0011343009112495808,0.0010175147917775174,,0,1.0,117.0
2024-08-26,111.46123198864733,112.91915169194313,111.46123198864733,112.5941390991211,3061700,546.4641723632812,83.0,1.0,1.0,3.0,3.0,0.0011378292593718549,0.001047310703135817,,0,1.0,118.0
2024-08-27,113.06771926346765,113.80132307561928,112.63127079809648,113.67131805419922,3511600,547.214599609375,83.0,1.0,1.0,3.0,3.0,0.0011584414795586695,0.0010834997283180922,,0,1.0,119.0
2024-08-28,113.89418349163711,114.2656294485764,113.24415129580774,113.81989288330078,4430000,544.037841796875,82.0,1.0,1.0,3.0,3.0,0.0011695319218761868,0.0011245670824593973,,0,1.0,120.0
2024-08-29,114.08919018627088,114.08919018627088,113.06771912575361,113.80132293701172,3619400,544.0865478515625,81.0,1.0,1.0,3.0,3.0,0.0011561684204783294,0.0011429523834782212,,0,1.0,121.0
2024-08-30,113.96848237581047,114.63707664516045,113.58774829399647,114.4885025024414,5602900,549.2803344726562,80.0,1.0,1.0,3.0,3.0,0.001141620387968881,0.0011343009112495808,,0,1.0,122.0
2024-09-03,114.7485052917247,117.1814696016137,114.41420463586995,116.73573303222656,6352600,537.976806640625,83.0,1.0,1.0,3.0,3.0,0.0011644943137080798,0.0011378292593718549,,0,1.0,123.0
2024-09-04,117.00503391799445,118.31437936489608,116.34572068814947,117.57148742675781,5340700,536.8756103515625,82.0,1.0,1.0,3.0,3.0,0.0011766525896032,0.0011584414795586695,,0,1.0,124.0
2024-09-05,117.82221260560965,118.35152082347298,116.10428292200007,116.24357604980469,5638200,535.5697631835938,83.0,1.0,1.0,3.0,3.0,0.0011571759848134926,0.0011695319218761868,,0,1.0,125.0
2024-09-06,116.13213188821672,117.42290108375875,116.07641747494628,116.8285903930664,8412600,526.5560913085938,82.0,1.0,1.0,3.0,3.0,0.0011144659650215007,0.0011561684204783294,,0,1.0,126.0
2024-09-09,116.74502301486638,119.06655144871357,116.74502301486638,118.35151672363281,4497500,532.4514770507812,82.0,1.0,1.0,3.0,3.0,0.0010945256187874111,0.001141620387968881,,0,1.0,127.0
2024-09-10,118.26793815153036,118.77867721086386,116.66143745241578,117.70148468017578,4921900,534.770751953125,82.0,1.0,1.0,3.0,3.0,0.0010886660721826271,0.0011644943137080798,,0,1.0,128.0
2024-09-11,117.46933188712273,117.46933188712273,115.35209921275546,116.31785583496094,4506100,540.2568969726562,82.0,1.0,1.0,3.0,3.0,0.0010634607096570903,0.0011766525896032,,0,1.0,129.0
2024-09-12,116.07641635744616,116.54072202287594,114.49777992888177,115.75140380859375,6055300,544.8076782226562,81.0,1.0,1.0,3.0,3.0,0.0010300955130147264,0.0011571759848134926,,0,1.0,130.0
2024-09-13,116.00212086009446,116.88430583806425,115.57496051607681,116.65215301513672,3779600,547.6530151367188,80.0,1.0,1.0,3.0,3.0,0.001027444775733649,0.0011144659650215007,,0,1.0,131.0
2024-09-16,117.14431553759663,117.92434561976907,116.39213557579674,116.97716522216797,5549500,548.4618530273438,79.0,1.0,1.0,3.0,3.0,0.0010526572755193049,0.0010945256187874111,,0,1.0,132.0
2024-09-17,115.89070463725855,116.15071469364315,113.35559241802324,114.43278503417969,6345000,548.6859130859375,84.0,1.0,1.0,3.0,3.0,0.0010500819793867373,0.0010886660721826271,,1,1.0,133.0
2024-09-18,114.13562550192744,114.21919712353659,111.79552091047728,112.3248291015625,9398600,547.0587158203125,86.0,1.0,4.0,3.0,4.0,0.0009710363573405692,0.0010634607096570903,,0,2.0,134.0
2024-09-19,111.99052372102773,112.13910493283227,110.87619297146212,111.1919174194336,7688600,556.3938598632812,86.0,1.0,4.0,3.0,4.0,0.0008666187059341137,0.0010300955130147264,,0,2.0,135.0
2024-09-20,110.9690597704537,112.22268371492872,110.65333530232718,112.1669692993164,18374400,555.43212890625,86.0,1.0,4.0,3.0,4.0,0.0007967103804167472,0.001027444775733649,,0,2.0,136.0
2024-09-23,112.29696725464409,112.91913513894784,111.82337349753219,112.44554138183594,4638800,556.8200073242188,84.0,1.0,4.0,3.0,4.0,0.0007971441345320926,0.0010526572755193049,,0,2.0,137.0
2024-09-24,111.82338011111207,112.89128460963481,111.55408196211121,112.5569839477539,4056900,558.4131469726562,83.0,1.0,4.0,3.0,4.0,0.0008315352697780072,0.0010500819793867373,,0,2.0,138.0
2024-09-25,113.19771595283491,113.9963222169142,112.39910968875564,113.0027084350586,6474000,557.1817626953125,82.0,1.0,4.0,3.0,4.0,0.0008614334213510001,0.0009710363573405692,,0,2.0,139.0
2024-09-26,112.87125068014943,114.02625917235146,112.40173631431817,113.48162078857422,6350900,559.3906860351562,81.0,1.0,4.0,3.0,4.0,0.0009028474727031101,0.0008666187059341137,,0,2.0,140.0
2024-09-27,113.73515459173413,114.08259061301258,113.20929366716594,113.26564025878906,6046600,558.5794677734375,80.0,1.0,4.0,3.0,4.0,0.0009188680494006882,0.0007967103804167472,,0,2.0,141.0
2024-09-30,113.90418358530344,114.34552105407076,113.1999120639538,113.99808502197266,6947900,560.8178100585938,79.0,1.0,4.0,3.0,4.0,0.0009331920277235187,0.0007971441345320926,,0,2.0,142.0
2024-10-01,114.0919921280387,114.5239444895577,112.99333021955205,113.23747253417969,5466100,555.7937622070312,79.0,1.0,4.0,3.0,4.0,0.0009266808925023282,0.0008315352697780072,,0,2.0,143.0
2024-10-02,112.96515519746016,113.03088691972945,111.99794962089719,112.30783081054688,3425000,556.0284423828125,78.0,1.0,4.0,3.0,4.0,0.0009217923937238024,0.0008614334213510001,,0,2.0,144.0
2024-10-03,111.99794347910247,112.30782465175875,110.61757738714456,111.1622085571289,4523200,555.0118408203125,78.0,1.0,4.0,3.0,4.0,0.0008923329528037659,0.0009028474727031101,,0,2.0,145.0
2024-10-04,110.5612382530077,111.8477101641707,110.36404308371478,111.83831787109375,4124500,560.055419921875,78.0,1.0,4.0,3.0,4.0,0.0008736231390159803,0.0009188680494006882,,0,2.0,146.0
2024-10-07,111.65990447998047,111.7068516157436,111.06831182275829,111.65990447998047,5110300,554.9923095703125,77.0,1.0,4.0,3.0,4.0,0.0008558553014826536,0.0009331920277235187,,0,2.0,147.0
2024-10-08,111.96978551281713,112.28905901141212,111.04014906153954,111.5566177368164,3522000,560.2411499023438,75.0,1.0,4.0,1.0,2.0,0.0008443820926635693,0.0009266808925023282,,0,2.0,148.0
2024-10-09,111.56600603147547,112.95577176532986,111.47210458718472,112.85247802734375,3212400,564.1216430664062,76.0,1.0,4.0,1.0,2.0,0.0008251782037293529,0.0009217923937238024,,0,2.0,149.0
2024-10-10,113.26563457403552,114.16710118833942,111.8664767738438,112.11062622070312,3606700,563.1343994140625,75.0,1.0,4.0,1.0,2.0,0.000778701367640759,0.0008923329528037659,,0,2.0,150.0
2024-10-11,112.35478370700969,112.84307547144783,111.77258334260009,112.77734375,2630100,566.506591796875,75.0,1.0,4.0,1.0,2.0,0.0007528969484834599,0.0008736231390159803,,0,2.0,151.0
2024-10-14,112.6928284628001,113.0496567648874,112.2890458632871,112.75856018066406,3719400,571.1396484375,74.0,1.0,4.0,1.0,2.0,0.0006863578361949863,0.0008558553014826536,,0,2.0,152.0
2024-10-15,112.94637925779999,113.92297003786099,112.71162206540708,113.07784271240234,5496700,566.701904296875,73.0,1.0,4.0,1.0,2.0,0.0006372818776169066,0.0008443820926635693,,0,2.0,153.0
2024-10-16,112.80550889009052,113.61307410040052,112.50502000933936,113.51917266845703,2794200,569.1652221679688,72.0,1.0,4.0,1.0,2.0,0.000611743240096935,0.0008251782037293529,,0,2.0,154.0
2024-10-17,113.52857472843903,113.67881559963068,112.52381427533633,112.81491088867188,2929200,569.2140502929688,71.0,1.0,4.0,1.0,2.0,0.0006347410512220056,0.000778701367640759,,0,2.0,155.0
2024-10-18,112.73978238601816,113.39710676846673,111.97917143860832,112.8806381225586,4046000,571.403564453125,70.0,1.0,4.0,1.0,2.0,0.0006711835254949572,0.0007528969484834599,,0,2.0,156.0
2024-10-21,112.86185654456223,113.09661370874397,111.29367324302096,111.70684814453125,5595500,570.4651489257812,71.0,1.0,4.0,1.0,2.0,0.0006515269149199035,0.0006863578361949863,,0,2.0,157.0
2024-10-22,115.80102013055196,123.92361989787624,115.70711869247722,123.39776611328125,14411800,570.1622924804688,152.0,1.0,1.0,4.0,5.0,0.0005988584023531991,0.0006372818776169066,,0,2.0,158.0
2024-10-23,122.05494760835244,123.39776611328125,121.16287320031161,123.39776611328125,6993400,564.9524536132812,150.0,1.0,1.0,4.0,5.0,0.0005538930915306809,0.000611743240096935,,0,2.0,159.0
2024-10-24,123.84847587415224,124.80628901475436,123.33200730184528,124.70299530029297,5378900,566.1741943359375,148.0,1.0,1.0,4.0,5.0,0.0005476839167904898,0.0006347410512220056,,0,2.0,160.0
2024-10-25,124.90020306501005,125.14435969884691,121.66995635127279,121.94226837158203,3888300,565.9786376953125,149.0,1.0,1.0,4.0,5.0,0.0005384901293834213,0.0006711835254949572,,0,2.0,161.0
2024-10-28,121.7263081943138,122.58081351455935,120.89057313363064,122.54325866699219,5525900,567.7283325195312,147.0,1.0,1.0,4.0,5.0,0.0005332299129246898,0.0006515269149199035,,0,2.0,162.0
2024-10-29,122.35544888573895,124.07387321617799,122.1864162600943,123.54801940917969,5500500,568.6470947265625,146.0,1.0,1.0,4.0,5.0,0.0005282163196250218,0.0005988584023531991,,0,2.0,163.0
2024-10-30,123.54800742824283,124.23349433671684,123.01275421545557,124.0550765991211,4385800,566.9268188476562,144.0,1.0,1.0,4.0,5.0,0.0005582365974796266,0.0005538930915306809,,0,2.0,164.0
2024-10-31,124.18654031039851,125.9706890333873,123.82970483442465,124.60910034179688,5666600,555.8134155273438,142.0,1.0,1.0,4.0,5.0,0.0005953179639852885,0.0005476839167904898,,0,2.0,165.0
2024-11-01,124.57154645226206,125.14435451249598,122.3836079378748,122.68408966064453,5833200,558.1591796875,141.0,1.0,1.0,4.0,5.0,0.0005999980608175083,0.0005384901293834213,,0,2.0,166.0
2024-11-04,123.2287260126103,123.61373119882657,121.77322873605517,122.38360595703125,3916000,556.9569091796875,139.0,1.0,1.0,4.0,5.0,0.0005910996901684778,0.0005332299129246898,,0,2.0,167.0
2024-11-05,122.75920752743964,124.26165905138832,122.32726238600115,124.13019561767578,3333500,563.6915893554688,138.0,1.0,1.0,4.0,5.0,0.0005820746584262404,0.0005282163196250218,,0,2.0,168.0
2024-11-06,124.87203385043733,124.87203385043733,117.51005220247401,117.66968536376953,10222800,577.7080078125,154.0,1.0,1.0,4.0,5.0,0.0005186992436196043,0.0005582365974796266,,0,2.0,169.0
2024-11-07,118.81530011311109,119.16274331078709,116.13906975437017,116.23297119140625,10545500,582.1749267578125,153.0,1.0,1.0,4.0,5.0,0.00045019055526423856,0.0005953179639852885,,0,2.0,170.0
2024-11-08,116.86211421336822,119.08761472320151,116.02637927665963,118.54297637939453,6364900,584.6967163085938,153.0,1.0,1.0,4.0,5.0,0.0003894234984596601,0.0005999980608175083,,0,2.0,171.0
2024-11-11,118.2237084076678,119.22846877608757,117.19077832603757,117.33162689208984,5101500,585.2538452148438,152.0,1.0,1.0,4.0,5.0,0.00038601868194963426,0.0005910996901684778,,0,2.0,172.0
2024-11-12,118.14857774465683,118.223701751802,116.29869026296987,116.64613342285156,3837100,583.4359130859375,150.0,1.0,4.0,4.0,6.0,0.0003870277743510135,0.0005820746584262404,,0,2.0,173.0
2024-11-13,117.23772228084856,118.71199693405147,116.63674453458877,117.60394287109375,4935800,583.7192993164062,148.0,1.0,4.0,4.0,6.0,0.000388506259037312,0.0005186992436196043,,0,2.0,174.0
2024-11-14,116.43955859012118,120.5337242878792,116.27992543082182,120.38347625732422,6851800,579.9658813476562,149.0,1.0,4.0,4.0,6.0,0.00042970662796547494,0.00045019055526423856,,0,2.0,175.0
2024-11-15,120.56189957096588,122.21458499808111,120.51494526819364,120.74970245361328,9066000,572.5374145507812,147.0,1.0,4.0,4.0,6.0,0.0004759731352887019,0.0003894234984596601,,0,2.0,176.0
2024-11-18,121.75446876724784,123.91423771542392,120.95628861408233,123.6888656616211,4906900,574.8832397460938,148.0,1.0,4.0,4.0,6.0,0.0005269893729145589,0.00038601868194963426,,0,2.0,177.0
2024-11-19,123.2193450489375,123.40714792003136,120.92811276764675,121.64176940917969,5482600,576.9846801757812,148.0,1.0,4.0,4.0,6.0,0.0005386265078307228,0.0003870277743510135,,0,2.0,178.0
2024-11-20,121.71689293994191,123.23812914517448,120.9468968729827,122.43994903564453,4172700,577.18017578125,146.0,1.0,4.0,4.0,6.0,0.0005432002038826446,0.000388506259037312,,0,2.0,179.0
2024-11-21,122.54324426190598,124.06446615729757,122.45873511848217,123.2099609375,3605100,580.2786865234375,144.0,1.0,4.0,4.0,6.0,0.0005265341056338695,0.00042970662796547494,,0,2.0,180.0
2024-11-22,123.7076388123244,123.7733633666653,121.91409066210284,122.06433868408203,4108200,582.0772094726562,142.0,1.0,4.0,4.0,6.0,0.0005099825346402197,0.0004759731352887019,,0,2.0,181.0
2024-11-25,122.70287882602311,123.10666861885367,121.28495064360514,122.74044799804688,4364100,584.0516357421875,141.0,1.0,4.0,4.0,6.0,0.0005061445344851685,0.0005269893729145589,,0,2.0,182.0
2024-11-26,122.75923933411715,124.83449942731761,122.57143642707412,124.21473693847656,3462700,587.1012573242188,139.0,1.0,4.0,4.0,6.0,0.0005123651007996284,0.0005386265078307228,,0,2.0,183.0
2024-11-27,124.46824750659131,125.28519782784733,123.6982371539833,123.78276062011719,4054100,585.3223266601562,137.0,1.0,4.0,4.0,6.0,0.0005320046719081873,0.0005432002038826446,,0,2.0,184.0
2024-11-29,123.61371711059063,125.11616851420824,123.41651481159589,124.94713592529297,3255600,588.9583740234375,136.0,1.0,4.0,4.0,6.0,0.0005588337348116946,0.0005265341056338695,,0,2.0,185.0
2024-12-02,124.41191320324904,124.69361034049302,122.7873832934603,123.03153991699219,4136400,590.01416015625,136.0,1.0,4.0,4.0,6.0,0.0005539957144760773,0.0005099825346402197,,0,2.0,186.0
2024-12-03,123.66069601386906,123.90483832595854,121.407018459927,121.78263854980469,4739400,590.28759765625,134.0,1.0,4.0,4.0,6.0,0.0005551184141738059,0.0005061445344851685,,0,2.0,187.0
2024-12-04,122.41177335844088,122.87190254755373,121.05956983230017,122.52445220947266,4661200,593.9530639648438,133.0,1.0,4.0,4.0,6.0,0.0004998008022477637,0.0005123651007996284,,0,2.0,188.0
2024-12-05,123.28505760757106,125.07860565811163,122.98457590875273,124.41190338134766,4186300,592.9757690429688,132.0,1.0,4.0,4.0,6.0,0.0004770423575753437,0.0005320046719081873,,0,2.0,189.0
2024-12-06,124.13958527789606,124.13958527789606,122.45873029060175,122.59957885742188,4212500,594.0997314453125,132.0,1.0,4.0,4.0,6.0,0.0004302674871169889,0.0005588337348116946,,0,2.0,190.0
2024-12-09,122.35544078437566,123.07849688534434,120.11116279553582,120.86238861083984,4759500,591.040283203125,131.0,1.0,4.0,4.0,6.0,0.00042926317477206616,0.0005539957144760773,,0,2.0,191.0
2024-12-10,120.1581073035567,121.60421230964813,119.94213472222874,121.11591339111328,3790900,589.2027587890625,129.0,1.0,4.0,3.0,4.0,0.00041557696855708585,0.0005551184141738059,,0,2.0,192.0
2024-12-11,121.64178352425475,121.83898587527268,118.62750912306008,119.08763122558594,10141600,593.7576293945312,130.0,1.0,4.0,3.0,4.0,0.0003971326629315596,0.0004998008022477637,,0,2.0,193.0
2024-12-12,119.94213163438455,120.19566621555119,118.65565981530203,119.25663757324219,5144700,590.6982421875,128.0,1.0,4.0,3.0,4.0,0.0003664667821403414,0.0004770423575753437,,0,2.0,194.0
2024-12-13,118.60872225793291,120.00788029068886,118.40213478119199,118.89982604980469,3233100,590.5810546875,126.0,1.0,4.0,3.0,4.0,0.00033014841431238876,0.0004302674871169889,,0,2.0,195.0
2024-12-16,119.32237609228338,119.69798900345862,118.15798251543848,118.26127624511719,5439100,593.1027221679688,124.0,1.0,4.0,3.0,4.0,0.00032066722342073136,0.00042926317477206616,,0,2.0,196.0
2024-12-17,117.68847689860907,118.84347826820132,117.64152259464606,118.35518646240234,5275900,590.6590576171875,122.0,1.0,4.0,3.0,4.0,0.00032663464868506765,0.00041557696855708585,,0,2.0,197.0
2024-12-18,117.66031102583872,118.16738027125612,116.8715231116606,116.95603942871094,4719800,573.0554809570312,122.0,1.0,4.0,3.0,4.0,0.0003186697917235549,0.0003971326629315596,,0,2.0,198.0
2024-12-19,116.79638286261938,117.08748662066101,114.59905922366994,114.72113037109375,6985400,572.87939453125,123.0,1.0,4.0,3.0,4.0,0.0003124376417328492,0.0003664667821403414,,0,2.0,199.0
2024-12-20,115.03100309032854,117.16259485248044,114.75868393759202,116.64613342285156,10267400,579.7603759765625,123.0,1.0,4.0,3.0,4.0,0.00032161896278180775,0.00033014841431238876,,0,2.0,200.0
2024-12-23,116.17663176202868,116.42078122969886,114.61784068319197,116.23297119140625,3697100,583.2320556640625,121.0,1.0,4.0,3.0,4.0,0.0003376535928378318,0.00032066722342073136,,0,2.0,201.0
2024-12-24,115.9512693374854,116.533462557979,115.08735747147263,115.41602325439453,2806600,589.7146606445312,120.0,1.0,4.0,3.0,4.0,0.00034282085227819764,0.00032663464868506765,,0,2.0,202.0
2024-12-26,115.34955940786197,116.137610664783,115.07421593578894,115.55844116210938,2425600,589.7539672851562,118.0,1.0,4.0,3.0,4.0,0.0003301743180839825,0.0003186697917235549,,0,2.0,203.0
2024-12-27,115.50146499218553,115.81478759357334,114.7893721220041,115.31156921386719,3923500,583.5459594726562,116.0,1.0,4.0,3.0,4.0,0.00032944149344202685,0.0003124376417328492,,0,2.0,204.0
2024-12-30,114.95078112399877,115.08370455042592,113.29872764998734,113.9443588256836,3336400,576.88671875,116.0,1.0,4.0,3.0,4.0,0.0003037077113393389,0.00032161896278180775,,0,2.0,205.0
2024-12-31,114.3526363178518,114.7229240749477,113.88739703839563,114.26718139648438,4397800,574.7879638671875,114.0,1.0,4.0,3.0,4.0,0.0002627777905648665,0.0003376535928378318,,0,2.0,206.0
2025-01-02,115.20713864562747,115.9667073392356,114.17223372546489,114.9792709350586,3388700,573.375732421875,113.0,1.0,4.0,3.0,4.0,0.00021075980072776746,0.00034282085227819764,,0,2.0,207.0
2025-01-03,115.36854237535864,116.13760036251753,115.01724061585254,115.8527603149414,3350100,580.5448608398438,112.0,1.0,4.0,3.0,4.0,0.00021287932947612305,0.0003301743180839825,,0,2.0,208.0
2025-01-06,115.93821350985095,116.70727148562119,114.57099289178544,114.88431549072266,4993600,583.88916015625,110.0,1.0,4.0,3.0,4.0,0.00020882627068682342,0.00032944149344202685,,0,2.0,209.0
2025-01-07,114.87482581734602,115.74833195588018,114.54251724258046,115.26410675048828,4933300,577.2888793945312,109.0,1.0,4.0,3.0,4.0,0.00020182896053969068,0.0003037077113393389,,0,2.0,210.0
2025-01-08,114.75139426940615,115.75781655268042,113.93486052282326,115.70085144042969,3569400,578.1322021484375,107.0,1.0,4.0,1.0,2.0,0.00018672576356084273,0.0002627777905648665,,0,2.0,211.0
2025-01-10,113.93486392292846,114.54251595101474,111.06750636813287,111.22891235351562,5365200,569.3056640625,119.0,1.0,4.0,1.0,2.0,0.0001418477805173346,0.00021075980072776746,,0,2.0,212.0
2025-01-13,111.08649162999299,111.81757048166068,110.25097190754657,111.60869598388672,5676900,570.1882934570312,117.0,1.0,4.0,1.0,2.0,0.00010971440741553466,0.00021287932947612305,,0,2.0,213.0
2025-01-14,111.82706522258673,112.57713726217065,111.35233663377032,112.48219299316406,3942600,570.9728393554688,116.0,1.0,4.0,1.0,2.0,5.8139900599772736e-05,0.00020882627068682342,,0,2.0,214.0
2025-01-15,112.08343028658234,113.16581096267927,111.2573998784941,112.52017974853516,5374200,581.3589477539062,114.0,1.0,4.0,1.0,2.0,3.8946773742589825e-05,0.00020182896053969068,,0,2.0,215.0
2025-01-16,112.83348696834574,114.37161019645012,112.33027582563413,113.7449722290039,7855800,580.240966796875,113.0,1.0,4.0,1.0,2.0,2.7848135333644026e-05,0.00018672576356084273,,0,2.0,216.0
2025-01-17,113.79245019409493,116.01418393036006,113.2702530518082,115.44450378417969,5170100,586.0664672851562,113.0,1.0,4.0,1.0,2.0,4.320387198720535e-05,0.0001418477805173346,,0,2.0,217.0
2025-01-21,116.19456026323215,117.91308258397515,116.0426508901124,117.55228424072266,5963600,591.4309692382812,114.0,1.0,4.0,1.0,2.0,8.161680160108733e-05,0.00010971440741553466,,0,2.0,218.0
2025-01-22,117.21999284048422,117.30544776093635,116.18508790065613,116.67880249023438,4431200,594.755615234375,113.0,1.0,4.0,1.0,2.0,9.357581613140491e-05,5.8139900599772736e-05,,0,2.0,219.0
2025-01-23,116.70726889624272,119.13788407929604,116.55535952192986,119.09040832519531,5375300,598.001953125,115.0,1.0,1.0,1.0,1.0,0.00011120358644909772,3.8946773742589825e-05,,0,1.0,220.0
2025-01-24,119.24232361901147,120.97034263861222,119.18535850628913,120.84690856933594,3685700,596.2561645507812,115.0,1.0,1.0,1.0,1.0,0.00013265235645054947,2.7848135333644026e-05,,0,1.0,221.0
2025-01-27,122.64138899262224,124.72070264996245,122.12868846156394,123.83769989013672,7645000,587.8218994140625,118.0,1.0,1.0,1.0,1.0,0.00019569539902922445,4.320387198720535e-05,,0,1.0,222.0
2025-01-28,122.85026862108991,124.46434299107011,121.8343569333201,122.44200897216797,5102100,592.8726806640625,117.0,1.0,1.0,1.0,1.0,0.00025149239950612775,8.161680160108733e-05,,0,1.0,223.0
2025-01-29,122.77431426272038,124.12254181463555,122.65088018461766,123.0401611328125,3869400,590.21484375,116.0,1.0,1.0,1.0,1.0,0.0002984870675297579,9.357581613140491e-05,,0,1.0,224.0
2025-01-30,123.48640820896061,123.8946823619531,122.52746159738804,123.7332763671875,3241700,593.3826293945312,114.0,1.0,1.0,1.0,1.0,0.0003252389534618742,0.00011120358644909772,,0,1.0,225.0
2025-01-31,123.41993821572645,124.53080132536249,122.96418835979924,123.61931610107422,5331200,590.2247314453125,113.0,1.0,1.0,1.0,1.0,0.0003301402783239863,0.00013265235645054947,,0,1.0,226.0
2025-02-03,122.39452819832576,124.41686213435608,121.76788298431443,123.79972076416016,5633200,586.2527465820312,111.0,1.0,1.0,1.0,1.0,0.00033673495928318717,0.00019569539902922445,,0,1.0,227.0
2025-02-04,124.37889022179485,124.54029620342199,123.34398537559136,123.79972076416016,5237700,590.1854248046875,109.0,1.0,1.0,1.0,1.0,0.0003512984612976144,0.00025149239950612775,,0,1.0,228.0
2025-02-05,124.18899846538129,124.87260877430147,123.72375924505421,124.35989379882812,8403500,592.578369140625,108.0,1.0,1.0,1.0,1.0,0.00037450269641906383,0.0002984870675297579,,0,1.0,229.0
2025-02-06,138.5637870057138,139.36132758199128,132.94300208291446,137.97512817382812,13753000,594.6380004882812,177.0,1.0,1.0,4.0,5.0,0.0004239327263796374,0.0003252389534618742,,0,2.0,230.0
2025-02-07,138.14603472254066,138.28844752001078,136.53196023841642,137.1111297607422,7207500,589.1948852539062,175.0,1.0,1.0,4.0,5.0,0.00045821769950320294,0.0003301402783239863,,0,2.0,231.0
2025-02-10,136.72182969705625,139.28536110636279,136.16165345517453,139.1619415283203,5899800,593.1962890625,173.0,1.0,1.0,4.0,5.0,0.0005035680610976135,0.00033673495928318717,,0,2.0,232.0
2025-02-11,139.16194775491962,141.022875740468,138.14602160421043,140.50067138671875,4989600,593.6474609375,171.0,1.0,1.0,4.0,5.0,0.0005271620911262905,0.0003512984612976144,,0,2.0,233.0
2025-02-12,139.24740505965886,142.64646378484275,139.09548842122686,142.31414794921875,5268900,591.735107421875,169.0,1.0,1.0,4.0,5.0,0.0005689528811742013,0.00037450269641906383,,0,2.0,234.0
2025-02-13,141.5450776233194,142.3900939309745,140.54814469039516,141.6400146484375,5758600,597.9823608398438,167.0,1.0,1.0,4.0,5.0,0.0005949137737777357,0.0004239327263796374,,0,2.0,235.0
2025-02-14,141.24124265033984,143.57691365077682,140.6620732001853,142.85533142089844,4778200,597.952880859375,165.0,1.0,1.0,4.0,5.0,0.0006208254825059332,0.00045821769950320294,,0,2.0,236.0
2025-02-18,142.2286930504777,143.1401638596486,141.1368085657083,141.27923583984375,7986900,599.7083740234375,163.0,1.0,1.0,4.0,5.0,0.0006213448852059753,0.0005035680610976135,,0,2.0,237.0
2025-02-19,141.4691148568144,142.38060009216602,140.0544184927224,142.2286834716797,7052200,601.1205444335938,161.0,1.0,1.0,4.0,5.0,0.0006189486008172028,0.0005271620911262905,,0,2.0,238.0
2025-02-20,141.02288260198742,144.8207115593965,140.84248340849965,143.90924072265625,7431500,598.6198120117188,159.0,1.0,1.0,4.0,5.0,0.0006237317674709572,0.0005689528811742013,,0,2.0,239.0
2025-02-21,143.52944859126555,146.82406635835667,143.33007068479395,146.59619140625,7117200,588.3809814453125,159.0,1.0,1.0,4.0,5.0,0.0006571681550385453,0.0005949137737777357,,0,2.0,240.0
2025-02-24,146.59619552022806,148.71349564643913,146.38731376349364,148.3811798095703,8687700,585.70361328125,158.0,1.0,1.0,4.0,5.0,0.0007020227505871484,0.0006208254825059332,,0,2.0,241.0
2025-02-25,149.1976999029298,150.23260474668413,148.02987163417555,149.4635467529297,9348100,582.7907104492188,156.0,1.0,1.0,4.0,5.0,0.0007685290317218692,0.0006213448852059753,,0,2.0,242.0
2025-02-26,149.44455138603595,150.3845191911994,146.48224967895106,146.91900634765625,6865100,583.0849609375,155.0,1.0,1.0,4.0,5.0,0.0007897911251354425,0.0006189486008172028,,0,2.0,243.0
2025-02-27,147.05193108434062,148.02036696642077,145.7891513100871,146.2353973388672,6073200,573.77783203125,153.0,1.0,1.0,4.0,5.0,0.0007885816071917833,0.0006237317674709572,,0,2.0,244.0
2025-02-28,147.50769050219668,148.15331452877265,145.5802932926191,147.43173217773438,9654800,582.73193359375,151.0,1.0,1.0,4.0,5.0,0.000768001997451329,0.0006571681550385453,,0,2.0,245.0
2025-03-03,146.99496585312363,150.82127708504544,146.2164040205407,150.76429748535156,5459000,572.5223999023438,152.0,1.0,1.0,4.0,5.0,0.0007876214686778128,0.0007020227505871484,,0,2.0,246.0
2025-03-04,150.46996992276047,151.44790965975875,146.03600662793156,146.16893005371094,6242900,565.7455444335938,155.0,1.0,1.0,4.0,5.0,0.0007627196739179836,0.0007685290317218692,,0,2.0,247.0
2025-03-05,145.5897603644763,147.1183870023121,144.93463259289425,145.39987182617188,4239800,571.8261108398438,153.0,1.0,1.0,4.0,5.0,0.0007049709697970881,0.0007897911251354425,,0,2.0,248.0
2025-03-06,145.2384823465735,146.32086307421483,143.9757024163972,145.78916931152344,5354300,561.6755981445312,151.0,1.0,1.0,4.0,5.0,0.0006513268398965514,0.0007885816071917833,,0,2.0,249.0
2025-03-07,145.38087695708725,146.13095623299392,142.82683485664802,143.320556640625,7932500,564.82373046875,151.0,1.0,1.0,4.0,5.0,0.0006238414734552161,0.000768001997451329,,0,2.0,250.0
2025-03-10,143.70984588401276,143.99468594848815,142.08626765780025,142.978759765625,11848700,549.779296875,148.0,1.0,1.0,3.0,3.0,0.0005984468497494126,0.0007876214686778128,,0,1.0,251.0
2025-03-11,143.2256235753175,145.86511341683723,142.55150259274026,144.41244506835938,5787200,545.2090454101562,147.0,1.0,1.0,3.0,3.0,0.0005522717080699843,0.0007627196739179836,,0,1.0,252.0
2025-03-12,144.16558232855945,144.8397033364003,142.71291392564092,143.671875,5180800,548.1022338867188,145.0,1.0,1.0,3.0,3.0,0.0005509681563727963,0.0007049709697970881,,0,1.0,253.0
2025-03-13,144.05164788231008,145.03907699810637,142.5609931207667,142.88381958007812,6258700,540.795654296875,143.0,1.0,4.0,3.0,4.0,0.0005654162839891145,0.0006513268398965514,,0,2.0,254.0
2025-03-14,142.94080278635812,144.33650620930652,142.22870979455053,144.20358276367188,5541400,551.9662475585938,141.0,1.0,4.0,3.0,4.0,0.0005992849394413005,0.0006238414734552161,,0,2.0,255.0
2025-03-17,145.12453301610344,147.85895979129486,144.44092270041395,147.83998107910156,6680700,556.2227172851562,143.0,1.0,4.0,3.0,4.0,0.0006375860346532144,0.0005984468497494126,,0,2.0,256.0
2025-03-18,147.64058597956887,149.06477169641357,145.82711935643735,146.06448364257812,8021600,550.2108154296875,142.0,1.0,4.0,3.0,4.0,0.0006582717297408299,0.0005522717080699843,,0,2.0,257.0
2025-03-19,146.14995504684347,146.70064201864287,144.52639117897178,146.49176025390625,4202300,556.2030639648438,140.0,1.0,4.0,3.0,4.0,0.0006710908810969248,0.0005509681563727963,,0,2.0,258.0
2025-03-20,146.27148189474207,146.58755564766318,145.07418411247548,146.04159545898438,5016200,554.5946655273438,138.0,1.0,4.0,3.0,4.0,0.0006572642041911436,0.0005654162839891145,,0,2.0,259.0
2025-03-21,145.95537053180612,146.24271026191997,144.01096040897374,145.0933074951172,11194600,554.777587890625,136.0,1.0,4.0,3.0,4.0,0.0005945981507777942,0.0005992849394413005,,0,2.0,260.0
2025-03-24,145.59136349535908,146.53004056241195,144.3844929805768,145.16033935546875,6070400,564.712890625,134.0,1.0,4.0,3.0,4.0,0.0005319892439765251,0.0006375860346532144,,0,2.0,261.0
2025-03-25,145.59138907504436,145.95537222467573,143.77150255778602,145.79254150390625,3797100,566.0703735351562,132.0,1.0,4.0,3.0,4.0,0.00047366447559742255,0.0006582717297408299,,0,2.0,262.0
2025-03-26,145.59138618478966,148.24460172271975,145.553079092907,147.82315063476562,4320300,559.3124389648438,132.0,1.0,4.0,3.0,4.0,0.0004919726489421818,0.0006710908810969248,,0,2.0,263.0
2025-03-27,147.85188315464268,149.19285058909304,147.51663398830564,148.47447204589844,4398600,557.8270874023438,130.0,1.0,4.0,3.0,4.0,0.0005093798624764418,0.0006572642041911436,,0,2.0,264.0
2025-03-28,148.55109312774724,149.52809198806656,147.06644129251012,148.61814880371094,4333600,546.5933837890625,128.0,1.0,4.0,3.0,4.0,0.0005440798453884083,0.0005945981507777942,,0,2.0,265.0
2025-03-31,149.50893632990298,152.63149769782436,149.4227344139103,152.03762817382812,8395700,550.2625732421875,130.0,1.0,4.0,3.0,4.0,0.0005794892654486589,0.0005319892439765251,,0,2.0,266.0
2025-04-01,151.81735400874044,151.98975786853893,150.13156404597862,151.4246368408203,4429100,551.8167114257812,128.0,1.0,1.0,3.0,3.0,0.0006141887025957219,0.00047366447559742255,,0,1.0,267.0
2025-04-02,151.42460320352174,151.6927966694883,148.1966938782078,149.58555603027344,3889000,555.3088989257812,127.0,1.0,1.0,3.0,3.0,0.000617217510988013,0.0004919726489421818,,0,1.0,268.0
2025-04-03,152.71771272371237,156.20424290804993,151.57788301846645,155.23683166503906,10581500,527.9428100585938,135.0,1.0,1.0,3.0,3.0,0.0006236450563623134,0.0005093798624764418,,0,1.0,269.0
2025-04-04,154.47054572363632,155.16976340467744,143.76190877258884,144.26956176757812,11951700,497.0354309082031,166.0,1.0,4.0,4.0,6.0,0.000520555340340384,0.0005440798453884083,,0,2.0,270.0
2025-04-07,140.9650458321182,146.38641353998003,138.96316750620082,144.85386657714844,9984300,496.150146484375,164.0,1.0,4.0,4.0,6.0,0.0004320407797785496,0.0005794892654486589,,0,2.0,271.0
2025-04-08,146.3097811110644,146.82700729434123,140.61064689758607,142.9381866455078,9018200,488.3790283203125,163.0,1.0,4.0,4.0,6.0,0.0003207830862443773,0.0006141887025957219,,0,2.0,272.0
2025-04-09,142.36346609598053,146.49174552240189,139.98801734155066,145.39981079101562,10278500,539.6682739257812,162.0,1.0,4.0,4.0,6.0,0.0003309539962854818,0.000617217510988013,,0,2.0,273.0
2025-04-10,146.35765210659756,147.2484344481239,142.79449350959567,144.79637145996094,7818200,516.0205078125,160.0,1.0,4.0,4.0,6.0,0.0003396429780380815,0.0006236450563623134,,0,2.0,274.0
2025-04-11,145.47643852470344,148.73308184288027,144.92089073693015,147.4016876220703,6460900,525.2278442382812,159.0,1.0,4.0,4.0,6.0,0.0003702264404420877,0.000520555340340384,,0,2.0,275.0
2025-04-14,148.88634801962147,151.55870973377006,147.84230805851513,150.94569396972656,5904800,530.3232421875,160.0,1.0,4.0,4.0,6.0,0.0003924037646137757,0.0004320407797785496,,0,2.0,276.0
2025-04-15,151.85563438974793,154.25022945756277,150.23690040088178,153.3402862548828,6007200,528.8379516601562,159.0,1.0,1.0,4.0,5.0,0.0004446683220245429,0.0003207830862443773,,0,2.0,277.0
2025-04-16,154.83450536529438,155.32301209448477,152.36329621064598,153.71383666992188,8296100,517.0828857421875,157.0,1.0,1.0,4.0,5.0,0.0004402740326413747,0.0003309539962854818,,0,2.0,278.0
2025-04-17,154.49929155371723,158.0432896717514,154.49929155371723,156.32876586914062,7546400,517.8206787109375,156.0,1.0,1.0,4.0,5.0,0.0004430035667626858,0.0003396429780380815,,0,2.0,279.0
2025-04-21,156.85554891156426,157.13333012204703,152.45907590696942,155.3421630859375,7264800,505.4951171875,154.0,1.0,1.0,4.0,5.0,0.00041528250543077655,0.0003702264404420877,,0,2.0,280.0
2025-04-22,156.40537689990268,157.7463590090155,155.10271649943712,157.19081115722656,9509700,518.6470336914062,153.0,1.0,1.0,4.0,5.0,0.00044887430513541356,0.0003924037646137757,,0,2.0,281.0
2025-04-23,161.81717843411906,164.39376538071997,159.07776075684362,161.0221710205078,9084500,526.6837158203125,154.0,1.0,1.0,4.0,5.0,0.0004797058018105635,0.0004446683220245429,,0,2.0,282.0
2025-04-24,161.2328774392746,163.3209573304964,159.44172499905696,162.89952087402344,8564900,537.769775390625,152.0,1.0,1.0,4.0,5.0,0.0005286596350245814,0.0004402740326413747,,0,2.0,283.0
2025-04-25,163.75200726902725,164.1351366611213,161.66391262040125,163.06236267089844,7755700,541.6553344726562,150.0,1.0,1.0,4.0,5.0,0.0005602722065809837,0.0004430035667626858,,0,2.0,284.0
2025-04-28,163.11023426066015,163.33054753414456,161.05088830998346,162.03746032714844,6153300,541.86181640625,148.0,1.0,1.0,4.0,5.0,0.0005676927633473616,0.00041528250543077655,,0,2.0,285.0
2025-04-29,161.0221362146981,163.88607690861843,160.69647482374242,163.08148193359375,5346500,545.2752685546875,146.0,1.0,1.0,4.0,5.0,0.000565573605775744,0.00044887430513541356,,0,2.0,286.0
2025-04-30,164.30752039786017,164.7768662688771,161.89377921520997,164.13511657714844,6454400,545.49169921875,144.0,1.0,1.0,4.0,5.0,0.0005753254842027184,0.0004797058018105635,,0,2.0,287.0
2025-05-01,162.43974392142658,163.85735469335586,161.7692602403509,162.88035583496094,4885900,549.3575439453125,143.0,1.0,1.0,4.0,5.0,0.0005818142603977284,0.0005286596350245814,,0,2.0,288.0
2025-05-02,163.21559230486915,164.25964685148682,162.59300343979152,163.6562042236328,4451100,557.5123901367188,141.0,1.0,1.0,3.0,3.0,0.000618338172100413,0.0005602722065809837,,0,1.0,289.0
2025-05-05,163.9627061856089,166.39562295496967,162.83246433096215,165.88796997070312,4545100,554.3153076171875,140.0,1.0,1.0,3.0,3.0,0.0006642924050714367,0.0005676927633473616,,0,1.0,290.0
2025-05-06,165.4952707659962,166.8649868905549,164.90141580293644,166.74046325683594,4082000,549.68212890625,138.0,1.0,1.0,3.0,3.0,0.0007235505736224963,0.000565573605775744,,0,1.0,291.0
2025-05-07,166.19448534800915,169.048853441397,165.84966304349348,167.96649169921875,6685500,551.9938354492188,136.0,1.0,1.0,3.0,3.0,0.0007645014418873147,0.0005753254842027184,,0,1.0,292.0
2025-05-08,166.8937162984214,167.58336090169396,163.10067098042222,164.74815368652344,5635100,555.8400268554688,137.0,1.0,1.0,3.0,3.0,0.0007519611511295462,0.0005818142603977284,,0,1.0,293.0
2025-05-09,164.4703841456281,164.4703841456281,162.2386196518315,162.5451202392578,4733400,555.1317749023438,136.0,1.0,1.0,3.0,3.0,0.0007219667923825294,0.000618338172100413,,0,1.0,294.0
2025-05-12,158.65630920277079,159.57584024957882,155.52417438716074,157.88046264648438,10006500,573.4774169921875,140.0,1.0,1.0,3.0,3.0,0.0006297386394899442,0.0006642924050714367,,1,1.0,295.0
2025-05-13,158.01454809909168,158.3210486824706,156.70231461580082,156.9130401611328,5941100,577.2646484375,138.0,1.0,4.0,3.0,4.0,0.0005494150247461981,0.0007235505736224963,,0,2.0,296.0
2025-05-14,156.54906055033868,158.637140581557,156.06055376811003,157.1141815185547,4953000,578.0023803710938,136.0,1.0,4.0,3.0,4.0,0.000479698239206926,0.0007645014418873147,,0,2.0,297.0
2025-05-15,158.29231169724645,162.44933996341203,157.99538423868796,162.00872802734375,4959500,580.8256225585938,140.0,1.0,4.0,3.0,4.0,0.0004960871880333953,0.0007519611511295462,,0,2.0,298.0
2025-05-16,162.19073583552813,163.40719437942053,161.27120477992395,163.25393676757812,3803500,584.5045776367188,139.0,1.0,4.0,3.0,4.0,0.0005179918200499269,0.0007219667923825294,,0,2.0,299.0
2025-05-19,163.79990147804324,166.07956101751165,163.32098238927767,165.86883544921875,3879700,585.1438598632812,138.0,1.0,4.0,3.0,4.0,0.0006054933507827477,0.0006297386394899442,,0,2.0,300.0
2025-05-20,165.70598883826383,167.23853562167608,165.46652931682127,166.7787628173828,3787600,583.1766357421875,136.0,1.0,4.0,3.0,4.0,0.0006656567936538858,0.0005494150247461981,,0,2.0,301.0
2025-05-21,166.66382442886353,167.9473239368723,166.30942901937806,167.27684020996094,6245300,573.3494873046875,134.0,1.0,4.0,3.0,4.0,0.0007588538299034926,0.000479698239206926,,0,2.0,302.0
2025-05-22,167.2768285478533,168.79021434905766,165.85923239329344,167.84194946289062,4768900,573.5758666992188,132.0,1.0,1.0,3.0,3.0,0.0007809204892570264,0.0004960871880333953,,0,1.0,303.0
2025-05-23,168.27297182146094,171.1656466565423,168.27297182146094,170.67715454101562,6164700,569.6608276367188,133.0,1.0,1.0,3.0,3.0,0.0008101864243400526,0.0005179918200499269,,0,1.0,304.0
2025-05-27,170.67716418661146,172.24801800140398,170.02582671365184,171.67330932617188,5847700,581.50439453125,131.0,1.0,1.0,3.0,3.0,0.0008128977908590222,0.0006054933507827477,,0,1.0,305.0
2025-05-28,170.7633846349092,171.89364125473745,170.38025522014217,171.2518768310547,3286500,578.14013671875,129.0,1.0,1.0,3.0,3.0,0.0008225376702669802,0.0006656567936538858,,0,1.0,306.0
2025-05-29,169.06799089744754,170.66757870557626,167.55460500710717,170.3706512451172,5727300,580.4222412109375,127.0,1.0,1.0,3.0,3.0,0.0007983718877852343,0.0007588538299034926,,0,1.0,307.0
2025-05-30,170.51433125482956,173.71350678724528,170.09288018053314,172.97596740722656,8506100,579.77294921875,127.0,1.0,1.0,3.0,3.0,0.0007882249570337475,0.0007809204892570264,,0,1.0,308.0
2025-06-02,172.28632830832504,175.12153541536875,171.94150601983932,175.04490661621094,4627400,583.0388793945312,126.0,1.0,1.0,3.0,3.0,0.0007834303486520736,0.0008101864243400526,,0,1.0,309.0
2025-06-03,174.5181079890738,176.18475163146556,171.85531910158196,174.68093872070312,4940400,586.3637084960938,124.0,1.0,1.0,3.0,3.0,0.0008016452762027986,0.0008128977908590222,,0,1.0,310.0
2025-06-04,174.90125340799193,174.91082652800492,170.76338555212106,173.0430450439453,5684800,586.2063598632812,123.0,1.0,1.0,3.0,3.0,0.0007994043791329981,0.0008225376702669802,,0,1.0,311.0
2025-06-05,173.5219498803954,174.89165131780018,172.32465228177617,174.28822326660156,3570700,583.3733520507812,122.0,1.0,1.0,3.0,3.0,0.0007913029257000647,0.0007983718877852343,,0,1.0,312.0
2025-06-06,174.0104336678309,174.82460184190393,173.4069910302133,174.06790161132812,2647300,589.3639526367188,120.0,1.0,1.0,3.0,3.0,0.0007808488981103273,0.0007882249570337475,,0,1.0,313.0
2025-06-09,173.57940313757987,173.57940313757987,171.23270296596445,173.0142822265625,3114500,589.8952026367188,118.0,1.0,1.0,3.0,3.0,0.0007762520950070776,0.0007834303486520736,,0,1.0,314.0
2025-06-10,172.97596016456134,173.64644383857342,171.26143658276993,171.4817352294922,3225500,593.2396850585938,117.0,1.0,1.0,3.0,3.0,0.0007746131220696772,0.0008016452762027986,,0,1.0,315.0
2025-06-11,171.55837848301408,175.6866582546538,171.06988632551383,175.63876342773438,3947300,591.5476684570312,120.0,1.0,1.0,3.0,3.0,0.0007889611026156992,0.0007994043791329981,,0,1.0,316.0
2025-06-12,176.06980394174366,176.33799743652344,173.97213619543444,176.33799743652344,5621300,593.898681640625,118.0,1.0,1.0,3.0,3.0,0.0008126710675021848,0.0007913029257000647,,0,1.0,317.0
2025-06-13,176.26137635189244,177.35331123285377,175.5334100209516,176.5583038330078,5505800,587.2589111328125,117.0,1.0,1.0,3.0,3.0,0.0008555799415996865,0.0007808488981103273,,0,1.0,318.0
2025-06-16,176.15600333221795,178.81879200318724,173.9050780168001,175.5621337890625,5188000,592.8461303710938,115.0,1.0,1.0,1.0,1.0,0.0008827748834707088,0.0007762520950070776,,0,1.0,319.0
2025-06-17,174.92039570282066,176.7594431699126,173.97214530215845,175.72499084472656,7427900,587.7802124023438,113.0,1.0,1.0,1.0,1.0,0.0008941117644845348,0.0007746131220696772,,0,1.0,320.0
2025-06-18,176.06980288555724,176.81691541874056,174.65219200399724,174.9108123779297,6063400,587.6917114257812,112.0,1.0,1.0,1.0,1.0,0.0008855701193068843,0.0007889611026156992,,0,1.0,321.0
2025-06-20,174.53725465203863,175.7632862149835,174.048762496872,175.5621337890625,10765200,586.3114624023438,110.0,1.0,1.0,1.0,1.0,0.0008820843247029296,0.0008126710675021848,,0,1.0,322.0
2025-06-23,175.83033880807443,177.65022526677072,175.57171844084536,177.1521453857422,4308700,592.102783203125,110.0,1.0,1.0,1.0,1.0,0.0009122974895695504,0.0008555799415996865,,0,1.0,323.0
2025-06-24,176.7881919151455,177.17132132366498,175.95486279766794,176.71156311035156,3184200,598.643798828125,108.0,1.0,1.0,1.0,1.0,0.0009609768745315679,0.0008827748834707088,,0,1.0,324.0
2025-06-25,175.58129631612098,175.95485258314935,171.62542036405057,172.02772521972656,5113000,598.9793090820312,112.0,1.0,1.0,1.0,1.0,0.0009781954462771021,0.0008941117644845348,,1,1.0,325.0
2025-06-26,173.22503663234477,173.550698098191,171.76911854059944,173.0430450439453,5847500,603.6655883789062,111.0,1.0,4.0,1.0,2.0,0.0009867496363138556,0.0008855701193068843,,0,2.0,326.0
2025-06-27,172.57016020905942,174.96347886743104,171.97181950035136,174.70291137695312,7053300,606.664794921875,110.0,1.0,4.0,1.0,2.0,0.0009900005981552378,0.0008820843247029296,,0,2.0,327.0
2025-06-30,174.67395471475038,176.09257861892564,173.73785554735616,175.76446533203125,5254100,609.5653686523438,109.0,1.0,4.0,1.0,2.0,0.0009977628365752068,0.0009122974895695504,,0,2.0,328.0
2025-07-01,176.3531555960801,177.40505604478818,170.1864897169785,171.3252410888672,5176300,609.3681030273438,113.0,1.0,4.0,1.0,2.0,0.0009504544226469769,0.0009609768745315679,,0,2.0,329.0
2025-07-02,170.18648020267295,171.89460716501281,169.00911866931096,169.76185607910156,5572600,612.130615234375,112.0,1.0,4.0,1.0,2.0,0.0008792498601459973,0.0009781954462771021,,0,2.0,330.0
2025-07-03,169.80044918864238,172.6280517578125,169.17317293114186,172.6280517578125,2734100,616.9550170898438,112.0,1.0,4.0,1.0,2.0,0.0008395346424924815,0.0009867496363138556,,0,2.0,331.0
2025-07-07,173.09127115185908,175.1275260946229,172.01042047245363,174.86695861816406,4653700,612.357421875,112.0,1.0,4.0,1.0,2.0,0.0008892330866006621,0.0009900005981552378,,0,2.0,332.0
2025-07-08,173.6220513654231,174.67395173957235,170.95850543944778,171.5085906982422,4177700,612.0220336914062,114.0,1.0,4.0,1.0,2.0,0.0009146011235848855,0.0009977628365752068,,0,2.0,333.0
2025-07-09,173.2939461249819,173.32289643200005,170.1382301306223,171.75950622558594,3821300,615.6920166015625,112.0,1.0,4.0,1.0,2.0,0.0009154768846477936,0.0009504544226469769,,0,2.0,334.0
2025-07-10,172.16481735395098,174.80905816907753,170.7654985854607,174.664306640625,5212100,617.4285278320312,113.0,1.0,4.0,1.0,2.0,0.0008821152305125723,0.0008792498601459973,,0,2.0,335.0
2025-07-11,173.67029520965949,173.92120275061598,171.8656428317712,173.62203979492188,3430700,615.2579956054688,111.0,1.0,4.0,1.0,2.0,0.0008809495624474733,0.0008395346424924815,,0,2.0,336.0
2025-07-14,174.67394057151193,175.15646526922328,173.12985564864152,174.43267822265625,5598600,616.43212890625,110.0,1.0,4.0,1.0,2.0,0.0008814906600373226,0.0008892330866006621,,0,2.0,337.0
2025-07-15,174.2493375680313,175.04068523627484,173.02372056439197,174.5967559814453,4323800,613.7979125976562,108.0,1.0,4.0,1.0,2.0,0.0008513059107428878,0.0009146011235848855,,0,2.0,338.0
2025-07-16,174.50990091351701,177.55946083375784,172.98512095339663,176.8646240234375,5382400,615.8499755859375,108.0,1.0,4.0,1.0,2.0,0.0008430608007756582,0.0009154768846477936,,0,2.0,339.0
2025-07-17,176.63302036966738,176.9128929892609,171.9332337091669,172.90792846679688,6941400,619.6187744140625,111.0,1.0,4.0,1.0,2.0,0.0007909722989251477,0.0008821152305125723,,0,2.0,340.0
2025-07-18,173.19743355141372,173.3711353917844,171.88496565293983,172.48329162597656,4650500,619.1648559570312,109.0,1.0,4.0,1.0,2.0,0.0007510537213232058,0.0008809495624474733,,0,2.0,341.0
2025-07-21,171.7788156971076,174.97312727337476,171.33488643575467,174.17213439941406,5126700,620.3389892578125,108.0,1.0,4.0,1.0,2.0,0.0006892721087655682,0.0008814906600373226,,0,2.0,342.0
2025-07-22,163.6917006206646,164.25143112898613,157.05216970315186,159.49374389648438,19831800,620.427734375,161.0,1.0,4.0,4.0,6.0,0.0005403808632787926,0.0008513059107428878,,1,2.0,343.0
2025-07-23,157.3030724309252,159.66744081991223,155.6045905696562,158.91470336914062,9895100,625.7061157226562,158.0,1.0,4.0,4.0,6.0,0.0003944689187578098,0.0008430608007756582,,0,2.0,344.0
2025-07-24,159.17525620395344,159.17525620395344,154.9097394672673,155.45016479492188,7239000,625.9132080078125,159.0,1.0,4.0,4.0,6.0,0.00023814183250320066,0.0007909722989251477,,0,2.0,345.0
2025-07-25,155.72036993667962,157.35130575952437,155.11238410969403,155.29574584960938,4544600,628.5572509765625,156.0,1.0,4.0,4.0,6.0,0.0002135794581290733,0.0007510537213232058,,0,2.0,346.0
2025-07-28,154.02190167644963,154.9869511487946,150.2581998990125,152.255859375,8676900,628.3993530273438,156.0,1.0,4.0,4.0,6.0,0.0001737356880030797,0.0006892721087655682,,1,2.0,347.0
2025-07-29,152.93138762489647,157.158308930964,152.31375656549042,157.06179809570312,9429100,626.741943359375,160.0,1.0,4.0,4.0,6.0,0.0001724307218604246,0.0005403808632787926,,0,2.0,348.0
2025-07-30,156.79157770255577,158.75062681284567,156.39590391316108,156.50205993652344,7778700,625.9527587890625,157.0,1.0,4.0,4.0,6.0,0.00017467032868198154,0.0003944689187578098,,0,2.0,349.0
2025-07-31,156.13535440625498,159.3007303599354,155.44053230355442,158.31637573242188,10607200,623.6045532226562,156.0,1.0,4.0,4.0,6.0,0.00015385908449815682,0.00023814183250320066,,0,2.0,350.0
2025-08-01,159.57093293556358,162.0607475657482,157.1969048020914,157.26446533203125,7554100,613.3834228515625,154.0,1.0,4.0,4.0,6.0,0.00011153694515774045,0.0002135794581290733,,0,2.0,351.0
2025-08-04,157.96895823234982,158.9533128655589,156.66613549058823,157.29342651367188,5187500,622.706787109375,152.0,1.0,4.0,4.0,6.0,6.375681996887995e-05,0.0001737356880030797,,0,2.0,352.0
2025-08-05,157.2162219647894,159.3393279789178,157.0328601985965,158.40322875976562,4643000,619.5496826171875,150.0,1.0,4.0,4.0,6.0,5.323020701763484e-05,0.0001724307218604246,,0,2.0,353.0
2025-08-06,159.28142705361785,162.4853838195108,158.51902968256024,161.15362548828125,5915400,624.295166015625,149.0,1.0,4.0,4.0,6.0,5.1576400029346916e-05,0.00017467032868198154,,0,2.0,354.0
2025-08-07,161.1053517407947,162.6590818883944,160.29471376608672,162.2923583984375,3475500,623.7722778320312,147.0,1.0,4.0,4.0,6.0,7.533226676457925e-05,0.00015385908449815682,,0,2.0,355.0
2025-08-08,162.2151667800862,164.8304574020304,162.09936555234248,164.23211669921875,3774200,628.63623046875,146.0,1.0,4.0,4.0,6.0,0.00010632704077272371,0.00011153694515774045,,0,2.0,356.0
2025-08-11,164.73394206270234,165.23577191169707,160.57458119099095,164.3672332763672,5349600,627.3931274414062,144.0,1.0,1.0,4.0,5.0,0.0001320366509703301,6.375681996887995e-05,,0,2.0,357.0
2025-08-12,164.32862777727706,165.02346459571905,161.91600402587767,162.7073516845703,5444000,634.0723266601562,143.0,1.0,1.0,4.0,5.0,0.0001252721439288992,5.323020701763484e-05,,0,2.0,358.0
2025-08-13,162.43713581090492,162.46608611731395,158.80854033578294,160.08241271972656,5021300,636.2427978515625,142.0,1.0,1.0,4.0,5.0,0.00010363536527704165,5.1576400029346916e-05,,0,2.0,359.0
2025-08-14,159.97626867343527,161.5010487356586,158.88575796537023,159.49374389648438,3294900,636.3020629882812,140.0,1.0,1.0,4.0,5.0,7.325181689629852e-05,7.533226676457925e-05,,0,2.0,360.0
2025-08-15,159.48407285827278,160.98956242681462,158.45147756483834,160.38157653808594,4027600,634.8123168945312,138.0,1.0,1.0,4.0,5.0,5.013774986310548e-05,0.00010632704077272371,,0,2.0,361.0
2025-08-18,160.14031599470542,161.45278390051732,159.59989063210406,160.77725219726562,3769600,634.674072265625,136.0,1.0,1.0,3.0,3.0,3.2657990981237665e-05,0.0001320366509703301,,0,1.0,362.0
2025-08-19,160.5359810363698,163.18020709087168,160.4877256190315,162.87139892578125,4114100,631.23095703125,135.0,1.0,1.0,3.0,3.0,4.751606201576695e-05,0.0001252721439288992,,0,1.0,363.0
2025-08-20,164.0583954763717,167.11760026025524,163.29601294131254,166.8087921142578,5089200,629.5537719726562,137.0,1.0,1.0,3.0,3.0,9.470224777828178e-05,0.00010363536527704165,,0,1.0,364.0
2025-08-21,166.9535505475683,168.76784817896896,166.7122881912857,168.3914794921875,4397800,627.028076171875,136.0,1.0,1.0,3.0,3.0,0.0001433357796602813,7.325181689629852e-05,,0,1.0,365.0
2025-08-22,168.6617070626321,169.10562159116157,164.10667219531913,165.74725341796875,4760900,636.6571655273438,136.0,1.0,1.0,3.0,3.0,0.0001400232873176465,5.013774986310548e-05,,0,1.0,366.0
2025-08-25,165.75689128148332,165.9306078429332,160.99920447365417,161.52032470703125,4872800,633.8552856445312,138.0,1.0,1.0,3.0,3.0,0.00010015166978987354,3.2657990981237665e-05,,0,1.0,367.0
2025-08-26,161.49136730720411,161.7229844704676,159.74463020336316,160.85443115234375,5854900,636.5092163085938,136.0,1.0,1.0,3.0,3.0,6.30874875751123e-05,4.751606201576695e-05,,0,1.0,368.0
2025-08-27,160.1017034212817,160.21751937263167,158.20055476076172,158.45147705078125,5164400,637.95947265625,136.0,1.0,1.0,3.0,3.0,3.1389785691781614e-05,9.470224777828178e-05,,0,1.0,369.0
2025-08-28,158.32601622490543,160.45878206693783,156.29942114077724,159.97625732421875,7297800,640.21875,134.0,1.0,1.0,3.0,3.0,3.823842438397882e-05,0.0001433357796602813,,0,1.0,370.0
2025-08-29,160.59388999222264,161.44312353446608,159.39722331728353,161.28872680664062,5358000,636.4006958007812,133.0,1.0,1.0,3.0,3.0,5.504215143943287e-05,0.0001400232873176465,,0,1.0,371.0
2025-09-02,160.74830773493542,162.16691700059908,157.66979736945135,161.54928588867188,6013500,631.6847534179688,131.0,1.0,1.0,3.0,3.0,8.424387735896914e-05,0.00010015166978987354,,0,1.0,372.0
2025-09-03,159.9086685193973,161.06672475207597,155.52735110935976,157.51535034179688,7329600,635.108154296875,133.0,1.0,4.0,3.0,4.0,0.00010708898785248176,6.30874875751123e-05,,0,2.0,373.0
2025-09-04,156.49242483843594,158.7506370532839,154.20524759217957,155.51771545410156,7839100,640.4160766601562,133.0,1.0,4.0,3.0,4.0,0.00011250317684594628,3.1389785691781614e-05,,0,2.0,374.0
2025-09-05,155.82654183258097,156.39591749575274,154.475478441074,155.90374755859375,4056700,638.5612182617188,131.0,1.0,4.0,3.0,4.0,0.00013413869058657304,3.823842438397882e-05,,0,2.0,375.0
2025-09-08,156.0099020826751,157.10039797903053,153.99295220861114,157.03285217285156,6055800,640.1300048828125,129.0,1.0,4.0,3.0,4.0,0.00013187043805287134,5.504215143943287e-05,,0,2.0,376.0
2025-09-09,156.46347433782066,159.27175708718195,155.46947456776584,158.9822540283203,3845800,641.60986328125,128.0,1.0,4.0,3.0,4.0,0.0001708161188095753,8.424387735896914e-05,,0,2.0,377.0
2025-09-10,159.0208583078125,160.0341632462352,158.28742597572378,159.53233337402344,3979500,643.4647216796875,127.0,1.0,4.0,3.0,4.0,0.00018418072533290785,0.00010708898785248176,,0,2.0,378.0
2025-09-11,160.1017154630406,163.92331818432152,159.42618371888395,162.0318145751953,4800300,648.81201171875,126.0,1.0,4.0,3.0,4.0,0.0002216600701516362,0.00011250317684594628,,0,2.0,379.0
2025-09-12,161.47208339616645,162.90035247985162,159.32967240789557,160.3043670654297,3691500,648.594970703125,125.0,1.0,4.0,3.0,4.0,0.00021223370700627843,0.00013413869058657304,,0,2.0,380.0
2025-09-15,159.725337438661,159.725337438661,155.8265439380012,155.9906005859375,5584100,652.0479736328125,129.0,1.0,4.0,3.0,4.0,0.00019251920098744884,0.00013187043805287134,,0,2.0,381.0
2025-09-16,156.36696168353453,158.6251738693221,155.7879261215698,157.26446533203125,6281200,651.1502075195312,128.0,1.0,4.0,3.0,4.0,0.0001586417046370646,0.0001708161188095753,,0,2.0,382.0
2025-09-17,158.06544830747166,161.24046935213346,157.63117898531203,160.48773193359375,5590800,650.3412475585938,129.0,1.0,4.0,3.0,4.0,0.0001470070403388577,0.00018418072533290785,,0,2.0,383.0
2025-09-18,158.25847049201425,158.96295249357655,155.48876845418368,156.1063995361328,6547700,653.3799438476562,132.0,1.0,4.0,3.0,4.0,0.0001211442025948986,0.0002216600701516362,,0,2.0,384.0
2025-09-19,156.74333148293456,158.06544453061457,155.6914311059412,157.2548065185547,10489000,656.615966796875,131.0,1.0,4.0,3.0,4.0,8.969097965539522e-05,0.00021223370700627843,,0,2.0,385.0
2025-09-22,156.5117172776559,157.74699415697378,154.32106556489222,156.31871032714844,5735000,659.7224731445312,129.0,1.0,4.0,3.0,4.0,2.6283972527197475e-05,0.00019251920098744884,,0,2.0,386.0
2025-09-23,156.2125399035198,158.43215644357608,155.38259683986348,158.046142578125,4622100,656.1312255859375,128.0,1.0,4.0,3.0,4.0,1.7508582424289934e-05,0.0001586417046370646,,0,2.0,387.0
2025-09-24,157.8241750150019,159.05945181494087,157.07143764855323,157.3030548095703,6373200,654.0437622070312,126.0,1.0,4.0,3.0,4.0,1.4996237166905914e-05,0.0001470070403388577,,0,2.0,388.0
2025-09-25,158.69273630308737,159.48406920674762,157.6118856149714,158.2681121826172,4295600,651.0263671875,125.0,1.0,4.0,3.0,4.0,2.8240325995368613e-05,0.0001211442025948986,,0,2.0,389.0
2025-09-26,158.8953969750595,159.20421988852183,157.3030711632946,159.12701416015625,3736100,654.756103515625,123.0,1.0,4.0,3.0,4.0,7.982835224041778e-05,8.969097965539522e-05,,0,2.0,390.0
2025-09-29,158.7795962947634,159.22352555303007,156.82054694785379,157.29342651367188,6953900,656.59619140625,122.0,1.0,4.0,3.0,4.0,0.00010748050875006944,2.6283972527197475e-05,,0,2.0,391.0
2025-09-30,157.2065528021931,157.8820992117084,156.03885118954713,156.53102111816406,6401100,659.0695190429688,121.0,1.0,4.0,3.0,4.0,0.00014597533885385783,1.7508582424289934e-05,-1.0,0,2.0,392.0
2025-10-01,157.17761353278735,158.32602483901871,152.91209634213325,155.2378692626953,8633700,661.3153686523438,119.0,1.0,4.0,3.0,4.0,0.00010536522551744661,1.4996237166905914e-05,-1.0,0,2.0,393.0
2025-10-02,154.92901519578461,156.46345484400615,152.05317227400002,152.3909454345703,6930000,662.0770263671875,120.0,1.0,4.0,3.0,4.0,5.407241155472203e-05,2.8240325995368613e-05,-1.0,0,2.0,394.0
2025-10-03,151.76752537736576,152.35198702030277,147.2378696093649,149.30300903320312,11151500,662.0671997070312,122.0,1.0,4.0,3.0,4.0,-3.5258996994376515e-05,7.982835224041778e-05,-1.0,0,2.0,395.0
2025-10-06,148.20225082923676,149.6731630518649,146.97486800621394,149.56600952148438,7071400,664.4415283203125,120.0,1.0,4.0,3.0,4.0,-0.0001044854465804662,0.00010748050875006944,-1.0,0,2.0,396.0
2025-10-07,149.52706966389889,151.12462212634003,148.36786720164247,150.54989624023438,6789300,661.9781494140625,118.0,1.0,4.0,3.0,4.0,-0.0001376079564226879,0.00014597533885385783,-1.0,0,2.0,397.0
2025-10-08,150.46221830480238,151.3194317267923,148.2314805692785,151.25125122070312,6368200,665.925537109375,117.0,1.0,4.0,3.0,4.0,-0.00012973734576594498,0.00010536522551744661,-1.0,0,2.0,398.0
2025-10-09,151.26098765042786,152.81958183749038,149.5367952463665,152.7903594970703,4455400,663.9963989257812,116.0,1.0,4.0,3.0,4.0,-0.00010461031681790415,5.407241155472203e-05,-1.0,0,2.0,399.0
2025-10-10,153.29689488909654,157.35896384014728,152.89751793593123,156.31666564941406,6542800,646.0499877929688,118.0,1.0,4.0,3.0,4.0,-6.57628270164144e-05,-3.5258996994376515e-05,1.0,0,2.0,400.0
2025-10-13,154.397649235587,155.40098923709465,152.55656745124372,155.34254455566406,5684200,655.9630126953125,117.0,1.0,4.0,3.0,4.0,-5.29958660707965e-05,-0.0001044854465804662,1.0,0,2.0,401.0
2025-10-14,154.32944657540202,156.9790476767199,153.85213845702575,154.95289611816406,6198900,655.1616821289062,115.0,1.0,4.0,3.0,4.0,-6.885865015521493e-05,-0.0001376079564226879,1.0,0,2.0,402.0
2025-10-15,153.7547212815742,155.81011005042632,153.37481600504967,153.64756774902344,4683500,658.0703125,114.0,1.0,4.0,3.0,4.0,-0.00011019879428341285,-0.00012973734576594498,-1.0,0,2.0,403.0
2025-10-16,154.58273653846754,154.58273653846754,151.65063281788423,151.94287109375,5110000,653.5886840820312,113.0,1.0,4.0,3.0,4.0,-0.00013863013047889312,-0.00010461031681790415,-1.0,0,2.0,404.0
2025-10-17,152.96568472465233,154.8652110617701,152.8098223421568,153.96902465820312,5371900,657.298583984375,113.0,1.0,4.0,3.0,4.0,-0.00013033980365243988,-6.57628270164144e-05,1.0,0,2.0,405.0
2025-10-20,154.06644236322657,156.5406945139599,153.11179641833257,153.96902465820312,7779200,664.1348876953125,112.0,1.0,4.0,1.0,2.0,-0.0001251748864895914,-5.29958660707965e-05,-1.0,0,2.0,406.0
2025-10-21,150.66676434788909,151.89414714796985,138.64615697538522,148.0658721923828,28418100,664.1249389648438,122.0,4.0,4.0,1.0,8.0,-0.00015827089966440663,-6.885865015521493e-05,-1.0,1,4.0,1.0
2025-10-22,147.93924219810702,152.89751231467167,147.09176460219706,152.8000946044922,12741400,660.6722412109375,128.0,4.0,4.0,1.0,8.0,-0.0001741218883659692,-0.00011019879428341285,-1.0,0,4.0,2.0
2025-10-23,153.8521407499889,154.99185659260823,152.3032972867259,153.61834716796875,8147000,664.5899047851562,126.0,4.0,4.0,1.0,8.0,-0.00018964646226940173,-0.00013863013047889312,-1.0,0,4.0,3.0
2025-10-24,153.98852119510443,154.5145381904467,153.30664180712148,153.54042053222656,6303600,670.0213012695312,124.0,4.0,4.0,1.0,8.0,-0.00016474391958823097,-0.00013033980365243988,-1.0,0,4.0,4.0
2025-10-27,152.7806047425346,152.8000912569147,148.97180126133816,149.24456787109375,10233700,677.926025390625,128.0,4.0,4.0,1.0,8.0,-0.00019149411961955597,-0.0001251748864895914,-1.0,1,4.0,5.0
2025-10-28,149.03999369318313,149.11792488531276,144.30578153425722,145.93255615234375,7725500,679.7266235351562,130.0,4.0,4.0,4.0,12.0,-0.00024046307263425547,-0.00015827089966440663,-1.0,0,4.0,6.0
2025-10-29,145.37732423929327,146.2540241835893,142.60108297592953,142.97125244140625,7637100,680.0531616210938,131.0,4.0,4.0,4.0,12.0,-0.00030039979745664393,-0.0001741218883659692,-1.0,0,4.0,7.0
2025-10-30,142.980985130009,143.61415564656946,141.28601509585394,141.9873809814453,5747900,672.5738525390625,129.0,4.0,4.0,4.0,12.0,-0.0003342354165147252,-0.00018964646226940173,-1.0,0,4.0,8.0
2025-10-31,141.54903728966516,141.77308019353185,139.4644260551005,140.5944061279297,6200300,674.780029296875,128.0,4.0,4.0,4.0,12.0,-0.0003393947747669563,-0.00016474391958823097,-1.0,0,4.0,9.0
2025-11-03,139.78588648601075,141.36395236447115,138.43186351111862,140.857421875,5056100,676.0463256835938,126.0,4.0,4.0,4.0,12.0,-0.00032216894601867963,-0.00019149411961955597,-1.0,0,4.0,10.0
2025-11-04,141.96790701643414,143.9453645921182,140.48724407500563,143.8382110595703,5712900,668.0327758789062,128.0,4.0,4.0,4.0,12.0,-0.00029822100983748525,-0.00024046307263425547,-1.0,0,4.0,11.0
2025-11-05,144.35449513347928,146.53650912943004,143.43882217566897,144.55905151367188,5928400,670.3478393554688,126.0,4.0,4.0,4.0,12.0,-0.00028657616602763237,-0.00030039979745664393,-1.0,0,4.0,12.0
2025-11-06,144.62725201734827,146.97487917527155,143.52649429104895,146.02023315429688,7315100,663.1554565429688,125.0,4.0,4.0,4.0,12.0,-0.00028108658390881073,-0.0003342354165147252,1.0,0,4.0,13.0
2025-11-07,147.33528038161796,149.54653139616673,145.5039346194494,149.41989135742188,7365000,663.8082885742188,127.0,4.0,4.0,4.0,12.0,-0.0002795889789240744,-0.0003393947747669563,1.0,0,4.0,14.0
2025-11-10,148.16329647121907,151.14409402073773,147.43270825363683,151.05642700195312,4976900,674.1665649414062,126.0,4.0,4.0,4.0,12.0,-0.00025302921450614927,-0.00032216894601867963,1.0,0,4.0,15.0
2025-11-11,151.3973663029893,153.43326866347945,151.25125459821,152.7416534423828,3570100,675.7100219726562,125.0,4.0,1.0,4.0,11.0,-0.00021448887266015376,-0.00029822100983748525,1.0,0,2.0,16.0
2025-11-12,152.20588073013838,153.27741607602076,151.4752925026337,151.5337371826172,4781900,676.0859985351562,124.0,4.0,1.0,4.0,11.0,-0.0001959923672940065,-0.00028657616602763237,1.0,0,2.0,17.0
2025-11-13,151.66038551398435,152.020804302802,149.04000655001863,151.1343536376953,5293300,664.8670043945312,122.0,4.0,1.0,4.0,11.0,-0.00019339474738101845,-0.00028108658390881073,1.0,0,2.0,18.0
2025-11-14,151.23177044371536,151.52400872169184,148.86467160620387,151.4071044921875,3529300,664.7581176757812,120.0,4.0,1.0,4.0,11.0,-0.0001923044456948834,-0.0002795889789240744,1.0,0,2.0,19.0
2025-11-17,150.91031116236542,150.91031116236542,147.84184637604642,148.80621337890625,4709000,658.5648803710938,121.0,4.0,1.0,4.0,11.0,-0.00020286934240187912,-0.00025302921450614927,1.0,0,2.0,20.0
2025-11-18,150.13100420341718,153.540415904426,148.8549124878279,151.8162384033203,5144000,653.03466796875,122.0,4.0,1.0,4.0,11.0,-0.0001896848642045052,-0.00021448887266015376,1.0,0,2.0,21.0
2025-11-19,151.4850255298946,152.61500553488833,150.01411327667614,151.5824432373047,4343200,655.5574340820312,120.0,4.0,1.0,4.0,11.0,-0.00020135013072358342,-0.0001959923672940065,1.0,0,2.0,22.0
2025-11-20,151.543482597752,152.24483359700056,150.14075087154478,151.62139892578125,4021200,645.5652465820312,118.0,4.0,1.0,4.0,11.0,-0.00020637515260483658,-0.00019339474738101845,1.0,0,2.0,23.0
2025-11-21,152.34226000125605,153.70601877746145,150.41351119952097,151.22203063964844,6834600,651.9959106445312,117.0,4.0,1.0,4.0,11.0,-0.000249605935922559,-0.0001923044456948834,1.0,0,2.0,24.0
2025-11-24,150.02385156912447,151.15383159270155,146.20531222476401,147.15020751953125,13674800,661.5922241210938,121.0,4.0,1.0,4.0,11.0,-0.0002963160205550525,-0.00020286934240187912,-1.0,0,2.0,25.0
2025-11-25,148.72827406909238,154.134629941266,148.4555223191319,153.3358612060547,7287100,667.815185546875,132.0,4.0,1.0,4.0,11.0,-0.00028264318726706265,-0.0001896848642045052,1.0,0,2.0,26.0
2025-11-26,153.8521342783479,154.12488601397067,152.24483133929792,152.43966674804688,4172200,672.4254760742188,130.0,4.0,1.0,4.0,11.0,-0.00025402177656320485,-0.00020135013072358342,-1.0,0,2.0,27.0
2025-11-28,151.28048326225812,153.45276159262266,151.28048326225812,153.404052734375,1878300,676.0958251953125,128.0,4.0,1.0,4.0,11.0,-0.00019358878152570064,-0.00020637515260483658,-1.0,0,2.0,28.0
2025-12-01,153.2871483256313,153.90084717885307,151.48502479428285,152.10845947265625,3453900,673.0091552734375,127.0,4.0,1.0,4.0,11.0,-0.00019223090221888158,-0.000249605935922559,-1.0,0,2.0,29.0
2025-12-02,152.0110531361156,152.33251372499385,149.45885493880027,150.61805725097656,4771300,674.2556762695312,126.0,4.0,1.0,4.0,11.0,-0.00021099491599641277,-0.0002963160205550525,-1.0,0,2.0,30.0
2025-12-03,151.11488220988699,151.53374568250072,147.63727491724697,147.7834014892578,3827200,676.5904541015625,126.0,4.0,1.0,4.0,11.0,-0.000242694446770909,-0.00028264318726706265,-1.0,0,2.0,31.0
2025-12-04,146.89693245216975,147.78338300773257,142.56211224070108,144.73439025878906,8566200,677.0851440429688,128.0,4.0,4.0,4.0,12.0,-0.00030223499562382266,-0.00025402177656320485,-1.0,0,4.0,32.0
2025-12-05,144.37396990661367,145.06558504949194,143.48751936092324,143.98431396484375,5456200,678.3712768554688,126.0,4.0,4.0,4.0,12.0,-0.0003461025490572338,-0.00019358878152570064,-1.0,0,4.0,33.0
2025-12-08,143.74080255201127,145.99101201568115,142.85435189545763,144.451904296875,6657700,676.3333129882812,124.0,4.0,4.0,4.0,12.0,-0.00039171448506836285,-0.00019223090221888158,-1.0,0,4.0,34.0
2025-12-09,145.32862137404518,146.98461848367157,144.19864127990712,146.4780731201172,5065200,675.7495727539062,124.0,4.0,4.0,4.0,12.0,-0.0003672076128097763,-0.00021099491599641277,-1.0,0,4.0,35.0
2025-12-10,146.16635220902168,146.6923691850038,144.37397935119066,145.8936004638672,9023100,680.2312622070312,122.0,4.0,4.0,4.0,12.0,-0.0003312526181761999,-0.000242694446770909,-1.0,0,4.0,36.0
2025-12-11,147.08201807072257,148.68930612470098,146.52676391805628,147.0430450439453,4130200,681.8140869140625,121.0,4.0,4.0,4.0,12.0,-0.0002782215677650244,-0.00030223499562382266,-1.0,0,4.0,37.0
2025-12-12,147.09176615251877,149.74136736768588,145.64032549313828,149.6731719970703,5781800,674.4832153320312,122.0,4.0,4.0,4.0,12.0,-0.00023193261637047646,-0.0003461025490572338,1.0,0,4.0,38.0
2025-12-15,150.11152271402682,155.14770874148087,149.55626856731934,154.30996704101562,7020500,673.4641723632812,127.0,4.0,1.0,4.0,11.0,-0.00013449895997081238,-0.00039171448506836285,1.0,0,2.0,39.0
2025-12-16,154.64117452200477,155.7321815165294,153.4040409639492,153.86187744140625,5953600,671.6241455078125,125.0,4.0,1.0,4.0,11.0,-6.181276336910532e-05,-0.0003672076128097763,1.0,0,2.0,40.0
2025-12-17,153.42353529430721,155.4302153459713,152.71243354656892,154.5048065185547,8460800,664.2337646484375,123.0,4.0,1.0,4.0,11.0,-2.7571241642928673e-05,-0.0003312526181761999,1.0,0,2.0,41.0
2025-12-18,154.1930649025817,154.89443074794585,152.43966515302597,153.23843383789062,5386400,669.2496948242188,122.0,4.0,1.0,4.0,11.0,-6.577236470478106e-05,-0.0002782215677650244,1.0,0,2.0,42.0
2025-12-19,153.1702651103771,155.71271277928903,152.59552439857043,152.78060913085938,18081100,675.3153686523438,120.0,4.0,1.0,4.0,11.0,-9.29496636756627e-05,-0.00023193261637047646,1.0,0,2.0,43.0
2025-12-22,152.9461954359531,157.00826394896936,152.9267237863856,155.5665740966797,7391500,679.5224609375,121.0,4.0,1.0,4.0,11.0,-9.45741360675831e-05,-0.00013449895997081238,1.0,0,2.0,44.0
2025-12-23,155.2451150871107,158.11877385990658,155.14771224672145,157.86549377441406,4728100,682.6282348632812,121.0,4.0,1.0,4.0,11.0,-7.904770989046273e-05,-6.181276336910532e-05,1.0,0,2.0,45.0
2025-12-24,158.06032674721263,159.46305856103547,157.72913030890888,158.4304962158203,1754400,685.0294799804688,119.0,4.0,1.0,4.0,11.0,-7.650969737338413e-05,-2.7571241642928673e-05,1.0,0,2.0,46.0
2025-12-26,158.43050126921236,159.8558518056567,158.15526178628906,158.3125457763672,3795300,684.9599609375,117.0,4.0,1.0,4.0,11.0,-7.165469806087641e-05,-6.577236470478106e-05,1.0,0,2.0,47.0
2025-12-29,158.31255210050833,159.5216409487516,157.55563599251911,159.1874237060547,3626500,682.51904296875,116.0,4.0,1.0,4.0,11.0,-5.951614057110846e-05,-9.29496636756627e-05,1.0,0,2.0,48.0
2025-12-30,158.8531932683153,159.61993393760292,158.43049443813422,159.19723510742188,2900100,681.685546875,114.0,4.0,1.0,4.0,11.0,-4.662416654389287e-05,-9.45741360675831e-05,1.0,0,2.0,49.0
2025-12-31,158.74506803408096,159.23656924974227,157.56545311695245,157.673583984375,2590500,676.635009765625,113.0,4.0,1.0,4.0,11.0,-4.5646342765976616e-05,-7.904770989046273e-05,1.0,0,2.0,50.0
2026-01-02,157.53595836976896,159.39383229571524,156.50381785490808,157.57528686523438,3938000,677.8753051757812,111.0,4.0,1.0,3.0,9.0,-7.054729486588486e-05,-7.650969737338413e-05,1.0,0,1.0,1.0
2026-01-05,156.2973785828111,157.72272903541065,152.6602727729076,157.14276123046875,8234300,682.3900756835938,110.0,4.0,1.0,3.0,9.0,-8.976774717739378e-05,-7.165469806087641e-05,-1.0,0,2.0,2.0
2026-01-06,157.05430106431373,157.47698490578398,152.50299505349068,152.5226593017578,5223400,686.4484252929688,116.0,4.0,1.0,3.0,9.0,-0.00015065873764685898,-5.951614057110846e-05,-1.0,0,2.0,3.0
2026-01-07,152.37519764586682,153.76123463902235,151.0973065168397,152.5128173828125,6114100,684.2356567382812,114.0,4.0,1.0,3.0,9.0,-0.00018221575565210177,-4.662416654389287e-05,-1.0,0,2.0,4.0
2026-01-08,153.181267968137,156.72006765875605,152.86669999594343,156.11061096191406,3667900,684.1661987304688,117.0,4.0,1.0,3.0,9.0,-0.00016276491267457047,-4.5646342765976616e-05,1.0,0,1.0,5.0
2026-01-09,156.47431747100927,160.01313217045723,156.47431747100927,159.8460235595703,4371100,688.6908569335938,119.0,4.0,1.0,3.0,9.0,-0.00010658652173331771,-7.054729486588486e-05,1.0,0,1.0,6.0
2026-01-12,160.11143216914607,162.51978499597294,159.5707778612235,162.35267639160156,6045200,689.7723999023438,119.0,4.0,1.0,3.0,9.0,7.355934782101565e-06,-8.976774717739378e-05,1.0,0,1.0,7.0
2026-01-13,161.8513300113571,163.92546555809076,160.53411046967707,163.03094482421875,3983200,688.3932495117188,118.0,4.0,1.0,3.0,9.0,7.727916642081299e-05,-0.00015065873764685898,1.0,0,1.0,8.0
2026-01-14,163.81734952581868,168.41780871381798,163.7387225306425,168.17205810546875,6383000,685.009521484375,124.0,1.0,1.0,3.0,3.0,0.0002009863218371339,-0.00018221575565210177,1.0,0,1.0,9.0
2026-01-15,167.44461049495825,171.0522271858573,167.13988217765717,169.6268768310547,4997000,686.8750610351562,122.0,1.0,1.0,3.0,3.0,0.0002747216940185273,-0.00016276491267457047,1.0,0,1.0,10.0
2026-01-16,168.7520173706699,171.3176541915083,167.86732122531572,170.6688690185547,5068200,686.2994995117188,121.0,1.0,1.0,3.0,3.0,0.0003795432427696615,-0.00010658652173331771,1.0,0,1.0,11.0
2026-01-20,168.02459210964133,168.70286616182509,164.1515752744264,164.3383331298828,5942700,672.3286743164062,130.0,1.0,1.0,4.0,5.0,0.0003758646788824542,7.355934782101565e-06,1.0,0,1.0,12.0
2026-01-21,164.6528973440794,166.14706514966792,160.35718177736658,165.9406280517578,5897800,680.0880737304688,128.0,1.0,1.0,4.0,5.0,0.0003719171150405299,7.727916642081299e-05,1.0,0,1.0,13.0
2026-01-22,166.20604762905947,167.26769202122776,164.16140083667156,167.15956115722656,4060500,683.6402587890625,127.0,1.0,1.0,4.0,5.0,0.00033422442155758234,0.0002009863218371339,1.0,0,1.0,14.0
2026-01-23,167.17923210670335,170.3051726649851,165.87183706207122,170.07908630371094,5035800,683.8883666992188,127.0,1.0,1.0,4.0,5.0,0.0003684219537297525,0.0002747216940185273,1.0,0,1.0,15.0
2026-01-26,170.55091149476667,173.0870594137554,170.1675411697699,172.77249145507812,5300200,687.3612060546875,127.0,1.0,1.0,4.0,5.0,0.00040624429955632267,0.0003795432427696615,1.0,0,1.0,16.0
2026-01-27,172.97893689944607,176.26216137957633,171.70103075465346,175.8394775390625,3887500,690.099853515625,127.0,1.0,1.0,4.0,5.0,0.0004580030016802875,0.0003758646788824542,1.0,0,1.0,17.0
2026-01-28,175.0825606239482,177.92343700150906,174.36497306129536,175.5543975830078,4398800,690.0303344726562,126.0,1.0,1.0,4.0,5.0,0.0004727259634429261,0.0003719171150405299,1.0,0,1.0,18.0
2026-01-29,175.67237168632764,177.18618883585705,174.02091979650507,174.86630249023438,7578900,688.6610717773438,124.0,1.0,1.0,4.0,5.0,0.0004394056605341653,0.00033422442155758234,1.0,0,1.0,19.0
2026-01-30,174.81714376854083,177.02889917552974,172.1630402800394,176.38995361328125,8239200,686.6071166992188,123.0,1.0,1.0,4.0,5.0,0.0003982718256630301,0.0003684219537297525,1.0,0,1.0,20.0
2026-02-02,177.7858148769255,177.7858148769255,174.1192201203731,176.88145446777344,6387100,690.0204467773438,121.0,1.0,1.0,4.0,5.0,0.00038080410024736813,0.00040624429955632267,1.0,0,1.0,21.0
2026-02-03,177.363115588182,178.68035020193315,173.83414057690104,173.99142456054688,8389600,684.18603515625,121.0,1.0,1.0,4.0,5.0,0.0003781388992876153,0.0004580030016802875,1.0,0,1.0,22.0
2026-02-04,176.21300922314921,177.38278450825942,174.2961574951826,177.3238067626953,8063900,680.8719482421875,122.0,1.0,1.0,4.0,5.0,0.00040149071607382443,0.0004727259634429261,1.0,0,1.0,23.0
2026-02-05,179.39794959602776,181.26564827698263,177.58922866297692,178.9064483642578,7392300,672.3682861328125,121.0,1.0,1.0,4.0,5.0,0.0004248732956471069,0.0004394056605341653,1.0,0,1.0,24.0
2026-02-06,176.7733242696231,183.37910163037535,174.9744280687603,179.70266723632812,8571800,685.2676391601562,119.0,1.0,1.0,4.0,5.0,0.0004527373051589109,0.0003982718256630301,1.0,0,1.0,25.0
2026-02-09,179.07353604632146,180.72498779168725,175.5445612146743,178.73931884765625,5384300,688.5718383789062,118.0,1.0,1.0,4.0,5.0,0.0004376413484675345,0.00038080410024736813,1.0,0,1.0,26.0
2026-02-10,178.55254607175448,180.19415819464763,176.65535873791538,179.58470153808594,4114500,686.7559814453125,116.0,1.0,1.0,4.0,5.0,0.0004240359781636097,0.0003781388992876153,1.0,0,1.0,27.0
2026-02-11,179.39794322144675,185.14851342858984,178.87695313423723,183.10386657714844,6572500,686.5972290039062,117.0,1.0,1.0,4.0,5.0,0.00042442288411755346,0.00040149071607382443,1.0,0,1.0,28.0
2026-02-12,182.88761063410928,187.73380556089174,182.71066239165432,185.73831176757812,5567700,675.9900512695312,117.0,1.0,1.0,4.0,5.0,0.00044988236898245735,0.0004248732956471069,1.0,0,1.0,29.0
2026-02-13,185.28613762663224,187.01621654281936,183.63468570713025,184.32278442382812,3770600,676.4663696289062,116.0,1.0,1.0,4.0,5.0,0.0004798666450666629,0.0004527373051589109,1.0,0,1.0,30.0
2026-02-17,184.37192425886312,184.37192425886312,180.18433951381553,180.52838134765625,4809600,677.5578002929688,118.0,1.0,1.0,4.0,5.0,0.0004846427177891168,0.0004376413484675345,1.0,0,1.0,31.0
2026-02-18,181.5310530353976,181.85544563023677,179.05388276535174,179.56504821777344,3549800,680.97119140625,116.0,1.0,1.0,4.0,5.0,0.00047393199595183595,0.0004240359781636097,-1.0,0,2.0,32.0
2026-02-19,178.89660748366992,180.66599975772107,177.14686445751653,180.3809356689453,3336700,679.1751708984375,115.0,1.0,1.0,4.0,5.0,0.0004945083041842376,0.00042442288411755346,1.0,0,1.0,33.0
2026-02-20,181.01006574330975,181.85544842787044,179.02439664712276,180.2826385498047,3845500,684.0867919921875,113.0,1.0,1.0,4.0,5.0,0.0005292620291204662,0.00044988236898245735,-1.0,0,2.0,34.0
2026-02-23,180.61687540342055,185.06003567391252,180.41043828935483,184.0377197265625,5081000,677.1013793945312,115.0,1.0,1.0,4.0,5.0,0.0005679927743424761,0.0004798666450666629,1.0,0,1.0,35.0
2026-02-24,183.064525631991,184.39158482014645,180.27280252443546,183.82144165039062,4274300,682.0228881835938,113.0,1.0,1.0,4.0,5.0,0.0005497076982321347,0.0004846427177891168,1.0,0,1.0,36.0
2026-02-25,183.2906432184453,188.04837147117584,182.50423825945362,186.57386779785156,6561300,687.7780151367188,113.0,1.0,1.0,4.0,5.0,0.0005578246406552026,0.00047393199595183595,1.0,0,1.0,37.0
2026-02-26,186.77044840494793,187.01619899495444,183.97872530233613,184.3129425048828,4871100,683.9578247070312,113.0,1.0,1.0,4.0,5.0,0.0005502212194144649,0.0004945083041842376,1.0,0,1.0,38.0
2026-02-27,184.94207341270385,186.87858936659111,182.54354512467538,183.6543426513672,5024300,680.6734619140625,111.0,1.0,1.0,4.0,5.0,0.0005377405491514328,0.0005292620291204662,1.0,0,1.0,39.0
2026-03-02,183.32995013293126,184.31295254651266,180.45958488520475,180.6955108642578,3485500,681.0604858398438,112.0,1.0,1.0,4.0,5.0,0.00047070214987392114,0.0005679927743424761,-1.0,0,2.0,40.0
2026-03-03,179.94841622245283,180.01723358990148,172.6545402436343,174.90560913085938,6757200,675.0573120117188,119.0,1.0,4.0,4.0,6.0,0.0003625709547549108,0.0005497076982321347,-1.0,1,4.0,1.0
2026-03-04,174.48293272334539,176.26216473599627,172.84132045202034,175.9967498779297,4493500,679.8201293945312,117.0,1.0,4.0,4.0,6.0,0.0003071698535905947,0.0005578246406552026,-1.0,0,4.0,2.0
2026-03-05,173.89312033374375,173.89312033374375,165.08542713959392,166.8155059814453,8517800,676.0297241210938,137.0,1.0,4.0,4.0,6.0,0.0002024845286605169,0.0005502212194144649,-1.0,0,4.0,3.0
2026-03-06,165.6555689119453,167.18905025848193,164.06309482179654,167.0907440185547,5070700,667.1689453125,135.0,1.0,4.0,4.0,6.0,0.00015460550586671865,0.0005377405491514328,-1.0,0,4.0,4.0
2026-03-09,166.61890163669338,170.34447401749512,166.37315104430888,170.30516052246094,5176400,673.0133056640625,135.0,1.0,4.0,4.0,6.0,0.00010107489372891163,0.00047070214987392114,-1.0,0,4.0,5.0
2026-03-10,169.6367366365928,171.31766239312316,168.8404920683436,169.93162536621094,4903000,671.9317016601562,133.0,1.0,4.0,4.0,6.0,0.00011713690888464125,0.0003625709547549108,-1.0,0,4.0,6.0
2026-03-11,169.0862405758425,169.19437144183502,162.4509742521663,164.00411987304688,7377400,671.08837890625,140.0,1.0,4.0,4.0,6.0,8.072320295177929e-05,0.0003071698535905947,-1.0,0,4.0,7.0
2026-03-12,161.46797189512833,169.23370000247866,160.54396222107286,169.076416015625,6559900,660.89794921875,144.0,1.0,4.0,4.0,6.0,5.9429110031335236e-05,0.0002024845286605169,1.0,0,2.0,8.0
2026-03-13,170.55092146799578,173.0575806623675,169.45978817159522,171.6912078857422,6606400,657.1571655273438,143.0,1.0,4.0,4.0,6.0,6.107930815299581e-05,0.00015460550586671865,1.0,0,2.0,9.0
2026-03-16,173.50974827788204,174.23717545390053,171.63222509286518,171.8091583251953,3444100,663.844970703125,141.0,1.0,4.0,4.0,6.0,0.00011189538585856434,0.00010107489372891163,1.0,0,2.0,10.0
2026-03-17,173.15586357506268,173.79482412296488,169.58757512831048,169.89230346679688,3533300,665.5912475585938,140.0,1.0,4.0,4.0,6.0,0.00010665852965183686,0.00011713690888464125,-1.0,0,4.0,11.0
2026-03-18,168.09340153346514,168.09340153346514,162.09708120998656,163.31600952148438,4669600,656.3038330078125,148.0,1.0,4.0,4.0,6.0,6.167593175708624e-05,8.072320295177929e-05,-1.0,1,4.0,12.0
2026-03-19,162.86971990049295,163.89124962546524,160.51921181358153,162.02670288085938,4469200,654.6864624023438,146.0,1.0,4.0,4.0,6.0,4.939053248291881e-07,5.9429110031335236e-05,-1.0,0,4.0,13.0
2026-03-20,162.1853893796258,163.27635079068426,160.49937048980155,161.7688446044922,9565500,645.3009643554688,144.0,1.0,4.0,4.0,6.0,-5.177800645107867e-05,6.107930815299581e-05,-1.0,0,4.0,14.0
2026-03-23,162.81021495088964,163.60364006000543,161.10435626295452,161.8977813720703,3944100,652.07666015625,142.0,1.0,4.0,4.0,6.0,-7.360165236858701e-05,0.00011189538585856434,-1.0,0,4.0,15.0
2026-03-24,161.63990158967002,166.12274037319088,160.48945112781513,162.5225830078125,4876600,649.8877563476562,140.0,1.0,4.0,4.0,6.0,-7.313503064783854e-05,0.00010665852965183686,-1.0,0,4.0,16.0
2026-03-25,163.20691732057227,164.6251671395301,161.6597467059455,164.13919067382812,3690100,653.5094604492188,138.0,1.0,4.0,4.0,6.0,-5.280421742385244e-05,6.167593175708624e-05,-1.0,0,4.0,17.0
2026-03-26,164.139191018453,164.6350798130707,160.59853776088673,161.15394592285156,3053500,641.838623046875,139.0,1.0,4.0,4.0,6.0,-4.859161819158886e-05,4.939053248291881e-07,-1.0,0,4.0,18.0
2026-03-27,161.42171194679008,163.91108333438453,160.91591083376866,162.19529724121094,3619600,630.89404296875,137.0,1.0,4.0,4.0,6.0,-3.9771254192421014e-05,-5.177800645107867e-05,1.0,0,2.0,19.0
2026-03-30,164.34747004400344,164.3772221608467,162.36391487671915,163.47470092773438,4388100,628.78466796875,135.0,1.0,4.0,4.0,6.0,-3.299614558712855e-05,-7.360165236858701e-05,1.0,0,2.0,20.0
2026-03-31,165.11112508843067,165.11112508843067,162.63168117135712,163.98049926757812,3428700,647.0621337890625,133.0,1.0,4.0,4.0,6.0,-7.313059829601871e-06,-7.313503064783854e-05,-1.0,0,4.0,21.0
2026-04-01,160.17208787037333,161.1341133858955,150.38324746671816,156.036376953125,10125600,651.9373779296875,148.0,4.0,4.0,4.0,12.0,-3.3238044021999414e-05,-5.280421742385244e-05,-1.0,1,4.0,22.0
2026-04-02,156.0562156081307,158.16869166225305,154.96525416547553,156.800048828125,4565100,652.5244750976562,146.0,4.0,4.0,4.0,12.0,-6.867472376091248e-05,-4.859161819158886e-05,-1.0,0,4.0,23.0
2026-04-06,156.80004949624762,159.05137382236208,156.23472898264686,159.02162170410156,2804500,655.6087646484375,145.0,4.0,4.0,4.0,12.0,-0.00010881432345556732,-3.9771254192421014e-05,-1.0,0,4.0,24.0
2026-04-07,159.0612896386651,159.8150351349566,155.99668548227146,156.19505310058594,3443000,655.8972778320312,145.0,4.0,4.0,4.0,12.0,-0.00012566704572306023,-3.299614558712855e-05,-1.0,0,4.0,25.0
2026-04-08,155.48097332401454,159.86462835156436,153.86437104809625,159.61668395996094,5305600,672.6027221679688,146.0,4.0,4.0,4.0,12.0,-0.00012604411224841706,-7.313059829601871e-06,-1.0,0,4.0,26.0
2026-04-09,158.04967429719346,160.9754151045583,157.86123413739855,159.92413330078125,3334100,676.4830322265625,143.0,4.0,4.0,4.0,12.0,-0.0001272351929171731,-3.3238044021999414e-05,-1.0,0,4.0,27.0
2026-04-10,160.48945233763217,160.48945233763217,156.87936748416757,159.13070678710938,4412700,676.0353393554688,142.0,4.0,4.0,4.0,12.0,-0.0001071446332910983,-6.867472376091248e-05,-1.0,0,4.0,28.0
2026-04-13,159.15055248469756,162.31432544609413,158.71416791990833,161.41180419921875,6029100,682.6417846679688,141.0,1.0,4.0,4.0,6.0,-9.6782527453253e-05,-0.00010881432345556732,-1.0,0,4.0,29.0
2026-04-14,158.8430966335845,160.08281857571728,156.57191756093556,158.1587677001953,4324400,690.959716796875,141.0,1.0,4.0,4.0,6.0,-9.751104279677536e-05,-0.00012566704572306023,-1.0,0,4.0,30.0
2026-04-15,157.68272466337356,158.23811769308006,155.81817794936603,155.89752197265625,3931200,696.412109375,141.0,4.0,4.0,4.0,12.0,-8.319866932475198e-05,-0.00012604411224841706,-1.0,0,4.0,31.0
2026-04-16,155.52064288654654,157.12731775435225,153.98338458134563,154.95533752441406,3510300,698.1234130859375,139.0,4.0,4.0,4.0,12.0,-9.743083629955552e-05,-0.0001272351929171731,-1.0,0,4.0,32.0
2026-04-17,153.8842193747871,156.72070397744145,153.6263475078841,156.49258422851562,5646100,706.5607299804688,137.0,4.0,4.0,4.0,12.0,-7.369737428713145e-05,-0.0001071446332910983,-1.0,0,4.0,33.0
2026-04-20,157.78189320832377,158.7538461428087,155.80826548896113,156.2545623779297,4324800,705.1477661132812,135.0,4.0,4.0,4.0,12.0,-7.084132315972299e-05,-9.6782527453253e-05,-1.0,0,4.0,34.0
2026-04-21,155.84792811635785,156.37356902241896,151.92048224592264,151.9899139404297,5147600,700.53125,139.0,4.0,4.0,4.0,12.0,-6.396532444139128e-05,-9.751104279677536e-05,-1.0,0,4.0,35.0
2026-04-22,156.55209464607486,163.34576188448554,154.71730009799316,162.6019287109375,7747200,707.6253051757812,165.0,1.0,1.0,4.0,5.0,-1.7159556061303732e-05,-8.319866932475198e-05,1.0,0,2.0,36.0
2026-04-23,163.35569912394746,169.4749652486369,162.35399403827947,167.79885864257812,6402500,704.8792114257812,168.0,1.0,1.0,4.0,5.0,7.936590996589908e-05,-9.743083629955552e-05,1.0,0,1.0,1.0
2026-04-24,166.5492103606302,166.78724244014003,161.580409875802,162.84988403320312,5095800,710.3414916992188,170.0,1.0,1.0,4.0,5.0,0.0001591852075446811,-7.369737428713145e-05,1.0,0,2.0,2.0
2026-04-27,161.709342046055,163.56396133075222,159.34890649584017,159.57701110839844,4617200,711.5653686523438,170.0,1.0,1.0,4.0,5.0,0.00015439022507353502,-7.084132315972299e-05,-1.0,0,2.0,3.0
2026-04-28,161.93744557236383,164.90286604903102,161.16386025381155,164.52598571777344,4067100,708.1029052734375,173.0,1.0,1.0,4.0,5.0,0.00012304307250131827,-6.396532444139128e-05,1.0,0,1.0,4.0
2026-04-29,162.79038136890904,163.4350307821515,160.60847358563555,161.3721466064453,3779300,707.993408203125,172.0,1.0,1.0,4.0,5.0,0.00010804535990985174,-1.7159556061303732e-05,-1.0,0,2.0,5.0
2026-04-30,162.0862082218576,165.44834886192882,161.1737746328087,163.71273803710938,4813500,715.0377197265625,171.0,1.0,1.0,4.0,5.0,0.0001341881963840371,7.936590996589908e-05,1.0,0,1.0,6.0
2026-05-01,164.61524276832196,166.24175743645122,164.14910608294417,165.011962890625,4217100,717.0177001953125,168.0,1.0,1.0,4.0,5.0,0.00014737601281446523,0.0001591852075446811,1.0,0,1.0,7.0
2026-05-04,165.02187826843686,170.3378069389385,164.38714119434675,167.79885864257812,4461700,714.3909912109375,167.0,1.0,1.0,4.0,5.0,0.0001845252436282526,0.00015439022507353502,1.0,0,1.0,8.0
2026-05-05,167.20377834777446,168.24514783199183,164.63507805114313,168.06663513183594,4305100,720.1220092773438,165.0,1.0,1.0,4.0,5.0,0.00019520608814423945,0.00012304307250131827,1.0,0,1.0,9.0
2026-05-06,168.0468041494148,169.83200691115164,167.22362690002154,169.12783813476562,4558800,730.1312866210938,163.0,1.0,1.0,4.0,5.0,0.00019649564089410716,0.00010804535990985174,1.0,0,1.0,10.0
2026-05-07,168.51293388396735,170.32788868896702,167.550908411372,169.70306396484375,4316200,727.8926391601562,160.0,1.0,1.0,4.0,5.0,0.00019569760720056033,0.0001341881963840371,1.0,0,1.0,11.0
2026-05-08,170.41715023763493,170.83369502197974,168.90964401810692,169.5840606689453,4631700,733.9021606445312,158.0,1.0,1.0,4.0,5.0,0.00021027535691006913,0.00014737601281446523,-1.0,0,2.0,12.0
2026-05-11,171.61719473816402,180.78122550346757,171.53786584495114,180.6126251220703,7016900,735.5736694335938,178.0,1.0,1.0,4.0,5.0,0.0002657711574219255,0.0001845252436282526,1.0,0,1.0,13.0
2026-05-12,182.27879387296628,189.3402604984941,178.5199635219177,185.39297485351562,7866900,734.4593505859375,179.0,1.0,1.0,4.0,5.0,0.0003416212011310513,0.00019520608814423945,1.0,0,1.0,14.0
2026-05-13,185.9483844304791,188.08070017997775,183.8656454534561,186.36492919921875,4887000,738.5685424804688,176.0,1.0,1.0,4.0,5.0,0.0004004204109331124,0.00019649564089410716,1.0,0,1.0,15.0
2026-05-14,186.68229782847473,191.33373730388232,186.0872403343879,190.28245544433594,5355100,744.3989868164062,176.0,1.0,1.0,4.0,5.0,0.0004657044140318854,0.00019569760720056033,1.0,0,1.0,16.0
2026-05-15,190.9270980490187,191.36348260914187,187.86250893359696,188.0509490966797,5383200,735.4443969726562,174.0,1.0,1.0,4.0,5.0,0.0004977110196386073,0.00021027535691006913,1.0,0,1.0,17.0
2026-05-18,187.87242809292076,190.4014640613593,185.43266361198988,189.9254150390625,3770900,734.927001953125,172.0,1.0,1.0,4.0,5.0,0.000538294756401574,0.0002657711574219255,1.0,0,1.0,18.0
2026-05-19,189.42952203201153,191.46266914331335,186.9897424717843,189.99484252929688,5743200,730.03173828125,169.0,1.0,1.0,4.0,5.0,0.0005593522624535289,0.0003416212011310513,1.0,0,1.0,19.0
2026-05-20,187.80300340680873,188.34848410320762,184.1135895935789,187.07901000976562,6328400,737.5138549804688,168.0,1.0,1.0,4.0,5.0,0.000545122853651463,0.0004004204109331124,1.0,0,1.0,20.0
2026-05-21,186.6426314565088,188.1402102045004,185.68060596100236,186.91041564941406,3644000,738.9764404296875,166.0,1.0,1.0,4.0,5.0,0.0005305054901310209,0.0004657044140318854,1.0,0,1.0,21.0
2026-05-22,186.05748018326855,188.92371678601404,185.80953578810607,187.43605041503906,2385200,741.8817749023438,163.0,1.0,1.0,4.0,5.0,0.0004935469449167144,0.0004977110196386073,1.0,0,1.0,22.0
2026-05-26,188.21954912030677,188.4377413999622,179.63075159081575,180.03738403320312,4945300,746.8068237304688,170.0,1.0,1.0,4.0,5.0,0.0004534078324262606,0.000538294756401574,-1.0,0,2.0,23.0
2026-05-27,180.99940671438713,181.72340010391375,178.79765929601737,180.54318237304688,4734300,746.6774291992188,168.0,1.0,1.0,4.0,5.0,0.0004280124368228253,0.0005593522624535289,-1.0,0,2.0,24.0
2026-05-28,180.52335998303346,182.17962673145223,176.74468981129257,177.1017303466797,3793100,750.7965698242188,167.0,1.0,1.0,4.0,5.0,0.0003962744508752408,0.000545122853651463,-1.0,0,2.0,25.0
2026-05-29,175.19750027281356,176.62566238341606,173.45197721170194,175.9215087890625,5948700,752.6671142578125,165.0,1.0,1.0,4.0,5.0,0.000420169951679217,0.0005305054901310209,-1.0,1,2.0,26.0
2026-06-01,174.19581897084632,174.67186798674092,170.7642617785144,171.24032592773438,3786200,754.7166748046875,167.0,1.0,4.0,4.0,6.0,0.00039487770987741566,0.0004935469449167144,-1.0,0,4.0,1.0
2026-06-02,168.75095238329692,173.78918440122402,168.60219179680627,172.2321014404297,4029600,755.7415771484375,164.0,1.0,4.0,4.0,6.0,0.00037844275896135914,0.0004534078324262606,-1.0,0,4.0,2.0
2026-06-03,172.51970436606823,177.44884007366943,172.07340748858408,174.49334716796875,3262900,750.4384155273438,163.0,1.0,4.0,4.0,6.0,0.00037759041030466494,0.0004280124368228253,-1.0,0,4.0,3.0
2026-06-04,176.42731162432577,177.82572163242028,173.2932908657568,173.55116271972656,3411500,753.2740478515625,161.0,1.0,4.0,4.0,6.0,0.00037145898662091807,0.0003962744508752408,-1.0,0,4.0,4.0
2026-06-05,175.31652934047483,178.87700726711395,173.63051045915012,176.8240203857422,4599000,733.83251953125,160.0,1.0,4.0,4.0,6.0,0.00035897025911765974,0.000420169951679217,1.0,0,2.0,5.0
2026-06-08,176.94304918788225,178.5199719749966,173.02553060731827,174.61236572265625,3540100,735.4940795898438,159.0,1.0,4.0,4.0,6.0,0.00031756033643685834,0.00039487770987741566,1.0,0,2.0,6.0
2026-06-09,173.60073990635715,177.68687380218188,170.98244771614824,177.0223846435547,4246000,733.3350830078125,158.0,1.0,4.0,4.0,6.0,0.0003212064229431687,0.00037844275896135914,1.0,0,2.0,7.0
2026-06-10,179.4522416968302,181.60439727680682,177.75629533903424,181.44570922851562,4446000,721.7736206054688,159.0,1.0,4.0,4.0,6.0,0.0003321570134923427,0.00037759041030466494,1.0,0,2.0,8.0
2026-06-11,183.05240363409783,183.38960439482784,178.74807723735813,179.2836456298828,5530700,734.04150390625,157.0,1.0,4.0,4.0,6.0,0.00034768568086946083,0.00037145898662091807,1.0,0,2.0,9.0
2026-06-12,179.51173796611027,183.5978566616805,178.9365051665735,182.78460693359375,3325800,738.0113525390625,157.0,1.0,4.0,4.0,6.0,0.0003680744432106267,0.00035897025911765974,1.0,0,2.0,10.0
2026-06-15,180.50351889619057,182.41764235455534,179.1547007870179,180.31507873535156,6070500,751.0254516601562,156.0,1.0,4.0,4.0,6.0,0.00036803109553306323,0.00031756033643685834,-1.0,0,4.0,11.0
2026-06-16,180.81097425972956,184.68882835973793,179.829124107889,182.5465850830078,6047600,746.5481567382812,155.0,1.0,1.0,4.0,5.0,0.0003653088183192461,0.0003212064229431687,1.0,0,1.0,1.0
2026-06-17,180.96965390995115,181.35644655585247,177.02238342955778,177.96456909179688,7435500,737.225341796875,156.0,1.0,1.0,4.0,5.0,0.0003172806257826989,0.0003321570134923427,-1.0,0,2.0,2.0
2026-06-18,178.10342618432023,178.9861076576586,175.58430256378688,176.93312072753906,11732000,744.8902587890625,154.0,1.0,1.0,4.0,5.0,0.0002721243733575204,0.00034768568086946083,-1.0,0,2.0,3.0
2026-06-22,176.58600377264244,177.41909332023792,170.87335514153042,171.74612426757812,4491500,742.546142578125,157.0,1.0,1.0,4.0,5.0,0.00020231247304027165,0.0003680744432106267,-1.0,0,2.0,4.0
2026-06-23,176.209131471302,177.90507789425467,174.16607195436742,177.2207489013672,3444200,731.7628784179688,161.0,1.0,1.0,4.0,5.0,0.00019044785876977472,0.00036803109553306323,1.0,0,1.0,5.0
2026-06-24,177.419093699583,178.5893991332242,175.1082500828659,177.30999755859375,4728800,731.4237060546875,158.0,1.0,1.0,4.0,5.0,0.00016602414687900548,0.0003653088183192461,1.0,0,1.0,6.0
2026-06-25,176.1300048828125,180.75999450683594,175.83999633789062,178.92999267578125,3161300,732.4810791015625,156.0,1.0,1.0,4.0,5.0,0.00017226551189745932,0.0003172806257826989,1.0,0,1.0,7.0
2026-06-26,179.92999267578125,182.6199951171875,179.25,180.77000427246094,7839200,727.1842651367188,155.0,1.0,1.0,4.0,5.0,0.00015685198480927507,0.0002721243733575204,1.0,0,1.0,8.0
2026-06-29,180.61000061035156,183.3000030517578,179.64999389648438,182.8699951171875,5039600,739.1644897460938,153.0,1.0,1.0,4.0,5.0,0.00017427162999773542,0.00020231247304027165,1.0,0,1.0,9.0
2026-06-30,181.72999572753906,186.0,179.0,180.91000366210938,9090500,744.9202270507812,152.0,1.0,1.0,4.0,5.0,0.00019975348597537528,0.00019044785876977472,-1.0,0,2.0,10.0
2026-07-01,180.82000732421875,181.5399932861328,176.5,177.69000244140625,5910600,743.9127197265625,151.0,1.0,4.0,4.0,6.0,0.00020087715605897054,0.00016602414687900548,-1.0,0,4.0,1.0
2026-07-02,181.02999877929688,183.8300018310547,179.52000427246094,182.27000427246094,4928500,742.9351806640625,153.0,1.0,4.0,4.0,6.0,0.00020500043325821402,0.00017226551189745932,1.0,0,2.0,2.0
2026-07-06,182.75,184.99000549316406,181.58999633789062,184.75999450683594,4126900,749.4190673828125,152.0,1.0,4.0,4.0,6.0,0.00020074437294970585,0.00015685198480927507,1.0,0,2.0,3.0
2026-07-07,189.19000244140625,189.6999969482422,185.27999877929688,187.7899932861328,3893000,745.85791015625,151.0,1.0,4.0,4.0,6.0,0.00022496705307887004,0.00017427162999773542,1.0,0,2.0,4.0
2026-07-08,187.2899932861328,189.6199951171875,185.88999938964844,187.07000732421875,3652400,743.5536499023438,149.0,1.0,4.0,3.0,4.0,0.00022919545855812782,0.00019975348597537528,1.0,0,2.0,5.0
2026-07-09,186.5800018310547,187.4499969482422,180.63999938964844,181.1699981689453,5092200,749.8480224609375,153.0,1.0,4.0,3.0,4.0,0.00019967930516109474,0.00020087715605897054,-1.0,0,2.0,6.0
2026-07-10,181.57000732421875,182.52000427246094,178.4499969482422,181.6199951171875,4384200,753.0799560546875,151.0,1.0,4.0,3.0,4.0,0.00015971602647983554,0.00020500043325821402,-1.0,0,2.0,7.0
2026-07-13,181.72000122070312,184.17999267578125,179.75,180.19000244140625,3494800,747.3142700195312,149.0,1.0,4.0,3.0,4.0,0.00012354443189098883,0.00020074437294970585,-1.0,0,2.0,8.0
2026-07-14,180.67999267578125,182.0,175.83999633789062,175.9499969482422,4625300,749.9677124023438,150.0,1.0,4.0,3.0,4.0,0.0001191129160088085,0.00022496705307887004,-1.0,0,2.0,9.0
2026-07-15,176.4499969482422,181.1199951171875,175.75999450683594,180.8800048828125,4178200,752.9403076171875,153.0,1.0,4.0,3.0,4.0,0.0001430694932365744,0.00022919545855812782,-1.0,0,2.0,10.0
2026-07-16,182.47000122070312,190.0,181.66000366210938,189.83999633789062,5852900,748.8604125976562,164.0,1.0,1.0,3.0,3.0,0.00020227960307169705,0.00019967930516109474,1.0,0,1.0,1.0
2026-07-17,191.99000549316406,194.6199951171875,190.60000610351562,192.97999572753906,5202800,741.4487915039062,164.0,1.0,1.0,3.0,3.0,0.00026675033855346896,0.00015971602647983554,1.0,0,1.0,2.0
2026-07-20,192.8000030517578,194.89999389648438,191.16000366210938,192.72000122070312,4754600,740.2518310546875,161.0,1.0,1.0,3.0,3.0,0.000295981295223059,0.00012354443189098883,1.0,0,1.0,3.0
2026-07-21,191.8000030517578,193.0,187.30999755859375,188.0399932861328,6511100,746.426513671875,162.0,1.0,1.0,3.0,3.0,0.0002539912755302493,0.0001191129160088085,1.0,0,1.0,4.0
2026-07-22,192.02999877929688,199.77999877929688,189.3800048828125,194.3000030517578,7799100,745.55859375,166.0,1.0,1.0,3.0,3.0,0.00024080861225699862,0.0001430694932365744,1.0,0,1.0,5.0
2026-07-23,191.9499969482422,194.72000122070312,189.0500030517578,191.1199951171875,6450100,736.3515014648438,165.0,1.0,1.0,3.0,3.0,0.0002188038316096574,0.00020227960307169705,1.0,0,1.0,6.0
2026-07-24,192.58999633789062,195.6300048828125,191.77999877929688,193.0,4438800,737.099609375,163.0,1.0,1.0,3.0,3.0,0.000228831600063707,0.00026675033855346896,1.0,0,1.0,7.0
2026-07-27,193.0,196.7899932861328,192.5500030517578,195.66000366210938,3699000,737.25927734375,162.0,1.0,1.0,3.0,3.0,0.0002228285217278441,0.000295981295223059,1.0,0,1.0,8.0
2026-07-28,198.75999450683594,207.75999450683594,198.67999267578125,200.1699981689453,8064900,739.0248413085938,162.0,1.0,1.0,3.0,3.0,0.00025212307023992015,0.0002539912755302493,1.0,0,1.0,9.0
2026-07-29,201.0,202.57000732421875,198.19000244140625,198.44000244140625,3917800,727.6531372070312,160.0,1.0,1.0,3.0,3.0,0.00028007123781085495,0.00024080861225699862,1.0,0,1.0,10.0
2026-07-30,193.1999969482422,195.9199981689453,191.6699981689453,192.0,6799500,739.852783203125,164.0,1.0,1.0,3.0,3.0,0.0002501565222015447,0.0002188038316096574,-1.0,1,1.0,11.0
2026-07-31,190.0800018310547,193.4600067138672,188.9499969482422,190.82000732421875,5446000,745.1796264648438,162.0,1.0,1.0,3.0,3.0,0.0002067783943346948,0.000228831600063707,-1.0,0,1.0,12.0
2026-08-03,192.39999389648438,192.67999267578125,187.33999633789062,187.41000366210938,3986100,755.793212890625,162.0,1.0,1.0,3.0,3.0,0.00015975523327345812,0.0002228285217278441,-1.0,0,1.0,13.0
2026-08-04,186.0,187.4600067138672,184.36000061035156,186.91000366210938,5387400,769.4193725585938,159.0,1.0,1.0,3.0,3.0,0.00016295061526038675,0.00025212307023992015,-1.0,0,1.0,14.0
2026-08-05,188.30999755859375,190.36000061035156,185.5,188.92999267578125,5540500,767.8831787109375,157.0,1.0,1.0,3.0,3.0,0.00015089761686821782,0.00028007123781085495,-1.0,0,1.0,15.0
2026-08-06,191.14999389648438,191.5399932861328,186.66000366210938,188.0500030517578,5635300,766.65625,155.0,1.0,1.0,3.0,3.0,0.00014234298119291996,0.0002501565222015447,-1.0,0,1.0,16.0
2026-08-07,187.27999877929688,190.1699981689453,186.50999450683594,189.57000732421875,4718400,771.3446044921875,153.0,1.0,1.0,3.0,3.0,0.00013087310298026287,0.0002067783943346948,-1.0,0,1.0,17.0
2026-08-10,188.0,188.60000610351562,185.00999450683594,186.0,3147800,771.1151733398438,153.0,1.0,1.0,3.0,3.0,0.0001160011484432122,0.00015975523327345812,-1.0,0,1.0,18.0
2026-08-11,185.11000061035156,187.3000030517578,184.7100067138672,186.22000122070312,3468800,768.6513061523438,151.0,1.0,1.0,3.0,3.0,0.00011546493825708103,0.00016295061526038675,-1.0,0,1.0,19.0
2026-08-12,184.27999877929688,187.0,184.02000427246094,186.19000244140625,3541200,770.5764770507812,149.0,1.0,1.0,3.0,3.0,0.00010950549631154093,0.00015089761686821782,-1.0,0,1.0,20.0
2026-08-13,187.92999267578125,191.44000244140625,187.1999969482422,188.91000366210938,3353900,775.9531860351562,148.0,1.0,1.0,3.0,3.0,0.0001401184358539775,0.00014234298119291996,-1.0,0,1.0,21.0
2026-08-14,188.9499969482422,191.10000610351562,187.6300048828125,190.38999938964844,4579000,774.4169921875,146.0,1.0,1.0,3.0,3.0,0.00015394154287552263,0.00013087310298026287,1.0,0,1.0,22.0
2026-08-17,188.57000732421875,189.35000610351562,184.27999877929688,184.52000427246094,5803600,770.7560424804688,150.0,1.0,4.0,3.0,4.0,0.00012541330319537947,0.0001160011484432122,-1.0,0,2.0,23.0
2026-08-18,187.02999877929688,188.8699951171875,186.00999450683594,187.6199951171875,7108200,765.5490112304688,150.0,1.0,4.0,3.0,4.0,7.593020803947893e-05,0.00011546493825708103,1.0,0,2.0,24.0
2026-08-19,188.7100067138672,190.5,186.80999755859375,189.92999267578125,4801100,767.1549682617188,148.0,1.0,4.0,3.0,4.0,5.555551656834262e-05,0.00010950549631154093,1.0,0,2.0,25.0
2026-08-20,188.8300018310547,194.25999450683594,188.8300018310547,191.52000427246094,5370600,760.7109985351562,147.0,1.0,4.0,3.0,4.0,9.635110548371796e-05,0.0001401184358539775,1.0,0,2.0,26.0
2026-08-21,190.97000122070312,191.08999633789062,187.99000549316406,188.22999572753906,4091200,763.8232421875,146.0,1.0,4.0,3.0,4.0,0.00012718607715993626,0.00015394154287552263,-1.0,0,2.0,27.0
2026-08-24,190.24000549316406,193.47000122070312,189.1699981689453,191.4600067138672,4682800,761.5787963867188,146.0,1.0,4.0,3.0,4.0,0.00017327687077058128,0.00012541330319537947,1.0,0,2.0,28.0
2026-08-25,190.8699951171875,194.17999267578125,189.66000366210938,193.9199981689453,2717000,764.0127563476562,145.0,1.0,1.0,3.0,3.0,0.00022242930993339403,7.593020803947893e-05,1.0,0,1.0,29.0
2026-08-26,195.0,196.66000366210938,192.6300048828125,194.10000610351562,4581800,764.182373046875,143.0,1.0,1.0,3.0,3.0,0.00028826865955643426,5.555551656834262e-05,1.0,0,1.0,30.0
2026-08-27,191.88999938964844,193.63999938964844,190.16000366210938,190.47999572753906,3976700,769.18994140625,143.0,1.0,1.0,3.0,3.0,0.00027894560204468484,9.635110548371796e-05,-1.0,0,1.0,31.0
2026-08-28,191.14999389648438,192.85000610351562,190.1999969482422,191.88999938964844,3816800,767.4442749023438,141.0,1.0,1.0,3.0,3.0,0.00024162341738503837,0.00012718607715993626,1.0,0,1.0,32.0
2026-08-31,190.77999877929688,191.0,186.99000549316406,187.3000030517578,4013900,765.1499633789062,143.0,1.0,1.0,3.0,3.0,0.00016870183278508484,0.00017327687077058128,-1.0,0,1.0,33.0
2026-09-01,190.35000610351562,192.3699951171875,187.07000732421875,187.14999389648438,4134000,759.89306640625,141.0,1.0,1.0,3.0,3.0,0.00016234615966408613,0.00022242930993339403,-1.0,0,1.0,34.0
2026-09-02,187.36000061035156,189.2100067138672,184.75,187.94000244140625,2937400,763.2646484375,139.0,1.0,4.0,3.0,4.0,0.00013809720769594663,0.00028826865955643426,-1.0,0,2.0,35.0
2026-09-03,188.64999389648438,189.08999633789062,186.07000732421875,186.1699981689453,2758300,771.2548217773438,137.0,1.0,4.0,3.0,4.0,0.00013395327947815708,0.00027894560204468484,-1.0,0,2.0,36.0
2026-09-04,185.02999877929688,185.97000122070312,182.22999572753906,182.52999877929688,3155400,768.2822265625,138.0,1.0,4.0,3.0,4.0,7.961844196441768e-05,0.00024162341738503837,-1.0,1,2.0,37.0
2026-09-08,181.00999450683594,187.36000061035156,181.00999450683594,184.72999572753906,4832800,764.0626831054688,137.0,1.0,4.0,3.0,4.0,5.96506425214681e-05,0.00016870183278508484,-1.0,0,2.0,38.0
2026-09-09,185.5,186.27999877929688,181.5500030517578,185.7100067138672,3953300,760.5115356445312,135.0,1.0,4.0,3.0,4.0,6.15925230912915e-05,0.00016234615966408613,1.0,0,2.0,39.0
2026-09-10,188.61000061035156,192.4499969482422,188.4199981689453,189.77000427246094,4661600,755.9528198242188,136.0,1.0,4.0,3.0,4.0,0.00011497349039213563,0.00013809720769594663,1.0,0,2.0,40.0
2026-09-11,191.33999633789062,194.82000732421875,190.55999755859375,191.05999755859375,5320900,762.3967895507812,135.0,1.0,4.0,3.0,4.0,0.00017783112194872685,0.00013395327947815708,1.0,0,2.0,41.0
2026-09-14,195.19000244140625,195.35000610351562,192.85000610351562,194.86000061035156,2940700,758.9952392578125,135.0,1.0,1.0,3.0,3.0,0.0002479613033979318,7.961844196441768e-05,1.0,0,1.0,42.0
2026-09-15,192.91000366210938,195.22999572753906,190.7899932861328,194.11000061035156,4183600,755.513916015625,133.0,1.0,1.0,3.0,3.0,0.0002960557934059292,5.96506425214681e-05,1.0,0,1.0,43.0
2026-09-16,192.4199981689453,195.49000549316406,191.5399932861328,191.7100067138672,2930900,752.1821899414062,133.0,1.0,1.0,3.0,3.0,0.00030653568381280513,6.15925230912915e-05,1.0,0,1.0,44.0
2026-09-17,192.8000030517578,192.8000030517578,188.6999969482422,190.47999572753906,3010600,760.7109985351562,131.0,1.0,1.0,3.0,3.0,0.00029356659028080366,0.00011497349039213563,-1.0,0,1.0,45.0
2026-09-18,188.0,191.0,186.55999755859375,188.6199951171875,7805700,761.6900024414062,130.0,1.0,1.0,3.0,3.0,0.00026756547018877365,0.00017783112194872685,-1.0,0,1.0,46.0
2026-09-21,188.0,188.47999572753906,185.83999633789062,187.47999572753906,5693200,773.5,128.0,1.0,4.0,3.0,4.0,0.00024569976164644925,0.0002479613033979318,-1.0,0,2.0,47.0
2026-09-22,188.4600067138672,191.9499969482422,186.6999969482422,190.22999572753906,7812100,773.3800048828125,128.0,1.0,4.0,3.0,4.0,0.00024840623211706803,0.0002960557934059292,-1.0,0,2.0,48.0
2026-09-23,190.0500030517578,193.0,188.5500030517578,190.83999633789062,7307800,767.8099975585938,126.0,1.0,1.0,3.0,3.0,0.0002968403552407506,0.00030653568381280513,1.0,0,1.0,49.0
2026-09-24,192.41000366210938,194.7100067138672,191.13999938964844,191.5,3149600,767.1799926757812,124.0,1.0,1.0,1.0,1.0,0.0003587723620235804,0.00029356659028080366,1.0,0,1.0,50.0
2026-09-25,190.5500030517578,190.99000549316406,187.30999755859375,190.47999572753906,3899200,771.3499755859375,122.0,1.0,1.0,1.0,1.0,0.00037913244177083943,0.00026756547018877365,-1.0,1,1.0,51.0
2026-09-28,190.55999755859375,194.02000427246094,189.69000244140625,193.75999450683594,3910500,765.6099853515625,123.0,1.0,1.0,1.0,1.0,0.0003862570123087824,0.00024569976164644925,1.0,0,1.0,52.0
