Date,Open,High,Low,Close,Volume,IndexClose,CVI,LTI,STI,VI,SecState,VWRS,VWRS_1wk,RS,GapDown,Thermostat,Days
2022-10-04,74.09900893558164,77.33673962388842,74.09900893558164,77.24657440185547,2432500,358.8656921386719,,,,,,,,,0,,
2022-10-05,76.15640496220439,77.27116303045489,75.8121349115738,76.84493255615234,1616600,358.0301513671875,41.0,,,3.0,,,,,0,,
2022-10-06,76.27115902660204,76.98427599338457,75.86951167929098,76.1891860961914,1647000,354.3368835449219,42.0,,,1.0,,,,,0,,
2022-10-07,75.56623951607847,75.88591395483368,74.0744233840018,74.6563949584961,1507400,344.4530029296875,50.0,,,1.0,,,,,0,,
2022-10-10,75.28752562687627,75.95146996396576,74.2219465272362,74.71375274658203,1121100,341.82293701171875,49.0,,,1.0,,,,,0,,
2022-10-11,74.2301465855779,75.67278373316383,73.7629296902466,74.45965576171875,1570300,339.6582946777344,49.0,,,1.0,,,,,0,,
2022-10-12,74.19736164836335,74.94327275444863,73.41047033269547,73.92687225341797,1367600,338.537841796875,49.0,,,1.0,,,,,0,,
2022-10-13,72.81209924264871,78.40231070700075,72.17275051635549,77.95148468017578,2881300,347.47222900390625,87.0,,,4.0,,,,,0,,
2022-10-14,78.42690729660585,80.23019906251602,77.01705805062046,77.59902954101562,2175100,339.55377197265625,86.0,,,4.0,,,,,0,,
2022-10-17,79.35315593087789,80.08267005262357,77.93511415637964,78.59905242919922,2042500,348.279296875,86.0,,,4.0,,,,,0,,
2022-10-18,80.40232651411178,81.04168151764011,79.08264880819742,79.78756713867188,1755300,352.37139892578125,87.0,,,4.0,,,,,0,,
2022-10-19,79.38592481076518,80.2383918813273,78.4924775346982,79.03346252441406,1237900,349.87445068359375,87.0,,,4.0,,,,,0,,
2022-10-20,78.75479197060959,79.91873512488405,77.6564184103249,78.0334701538086,1674700,346.9405517578125,88.0,,,4.0,,,,,0,,
2022-10-21,78.29576146043783,80.68922969206079,77.86953098978682,80.56627655029297,1850500,355.3717041015625,97.0,,,4.0,,,,,0,,
2022-10-24,80.77938056942246,82.45152048739936,80.69740765369448,82.06627655029297,1602700,359.7201843261719,98.0,,1.0,4.0,,,,,0,,
2022-10-25,81.39416825690364,83.3368044644358,81.12367254958778,83.11549377441406,1876000,365.4643859863281,99.0,,1.0,4.0,,,,,0,,
2022-10-26,83.44335799579612,84.27122961348998,82.81220141191484,82.9023666381836,1712900,362.7110290527344,97.0,,1.0,4.0,,,,,0,,
2022-10-27,83.64007011783517,84.89417835021877,83.34498509213829,83.4597396850586,1757500,360.774169921875,96.0,,1.0,4.0,,,,,0,,
2022-10-28,83.99253012502224,86.69746778114947,83.76302094550726,86.28762817382812,3106400,369.35711669921875,105.0,,1.0,4.0,,,,,0,,
2022-10-31,85.97614727641253,86.61549602571635,85.46794394185156,86.22205352783203,2510300,366.6891784667969,103.0,,1.0,4.0,,,,,0,,
2022-11-01,86.87779541461309,87.54173980960469,86.59090894944681,86.88599395751953,2087500,365.08465576171875,102.0,,1.0,4.0,,,,,0,,
2022-11-02,87.82861979122481,89.34502492686715,86.22204945123539,86.30401611328125,3597900,355.9223937988281,101.0,,1.0,4.0,,,,,0,,
2022-11-03,84.59089014592324,84.92696161652914,80.697413982405,83.46793365478516,3423000,352.2574462890625,110.0,,1.0,4.0,,,,,1,,
2022-11-04,85.01712666062272,86.59090920590103,84.27941413825603,86.11549377441406,1961900,357.3276672363281,116.0,,1.0,4.0,,,,,0,,
2022-11-07,86.24666309646508,86.5089602410221,83.23024280723081,84.59910583496094,3163000,360.74560546875,117.0,,1.0,4.0,,,,,0,,
2022-11-08,84.36959085743867,85.18107161589907,83.36958110779211,84.6728744506836,2002300,362.6920166015625,115.0,,1.0,4.0,,,,,0,,
2022-11-09,84.16467171613573,85.0253374922312,83.76303060566437,83.95155334472656,1135500,355.21978759765625,114.0,,1.0,4.0,,,,,0,,
2022-11-10,86.10731049385534,88.41060725954505,85.74664961104169,88.29585266113281,2290400,374.7405700683594,132.0,,1.0,4.0,,,,,0,,
2022-11-11,88.88600843433954,90.95159712695451,88.39419594469521,90.33683776855469,2769200,378.3675537109375,133.0,,1.0,4.0,,,,,0,,
2022-11-14,89.9597920769766,90.73848481444931,88.65650515251377,88.71388244628906,2072200,375.1488952636719,134.0,,1.0,4.0,,,,,0,,
2022-11-15,89.77946788370355,90.34504857135364,87.78764704204062,88.45159149169922,2194400,378.3485412597656,132.0,,1.0,4.0,,,,,0,,
2022-11-16,88.45159082579633,88.97618504524607,88.09092995480349,88.31224060058594,1188000,375.4621887207031,130.0,,1.0,4.0,,,,,0,,
2022-11-17,86.98435527845103,87.60730694148629,86.49254277631535,87.53353881835938,1379100,374.3133544921875,129.0,,1.0,4.0,,,,,1,,
2022-11-18,88.80404492190243,89.2056922478928,87.18928208922875,87.9761734008789,1703000,376.01287841796875,127.0,,1.0,4.0,,,,,0,,
2022-11-21,87.70260541692025,88.87970877714261,87.49536864261218,88.6807632446289,1303900,374.6455993652344,125.0,,1.0,4.0,,,,,0,,
2022-11-22,89.33564753814083,90.15630991684583,89.08696714331755,89.99051666259766,1339100,379.687255859375,125.0,,1.0,4.0,,,,,0,,
2022-11-23,89.08695696037488,89.58432401753667,88.53984877044121,88.74708557128906,1318400,382.07989501953125,125.0,,1.0,4.0,,,,,0,,
2022-11-25,89.06209978100142,89.84130594107823,89.00407372307691,89.33564758300781,581300,381.99444580078125,123.0,,1.0,4.0,,,,,0,,
2022-11-28,88.30775667477944,89.14499523583517,87.23012895721774,87.49539184570312,1341600,375.8988952636719,125.0,,1.0,4.0,,,,,0,,
2022-11-29,87.6445865372847,88.8133987512531,87.20523922737257,88.35747528076172,1022200,375.2532958984375,124.0,,1.0,4.0,,,,,0,,
2022-11-30,88.14195504542036,89.74182335358367,86.5503779798678,89.55116271972656,2816500,387.0739440917969,123.0,,1.0,4.0,,,,,0,,
2022-12-01,89.94077683564905,90.1977484599539,88.92116893304016,89.302490234375,1367400,386.7891540527344,121.0,,1.0,4.0,,,,,0,,
2022-12-02,88.44866864979798,89.40195924790892,88.39064259553203,89.26103973388672,1173800,386.34295654296875,120.0,,1.0,4.0,,,,,0,,
2022-12-05,88.78026035329117,88.78026035329117,86.21881606498958,86.82394409179688,1472600,379.3929443359375,124.0,,4.0,4.0,,,,,0,,
2022-12-06,87.02288639837286,87.36275148732145,85.1163051649116,85.62196350097656,1632900,373.92401123046875,123.0,,4.0,4.0,,,,,0,,
2022-12-07,85.24892250422224,86.71616251227707,84.99195090960814,85.07484436035156,1672100,373.2879638671875,122.0,,4.0,4.0,,,,,0,,
2022-12-08,85.67169649695836,85.67998774022986,84.04696065585136,84.22103881835938,1779700,376.21221923828125,121.0,,4.0,4.0,,,,,0,,
2022-12-09,83.64905769977479,84.51944838932289,83.18484300765111,84.0303726196289,1575900,373.40179443359375,119.0,,4.0,4.0,,,,,0,,
2022-12-12,83.7153834764158,85.12459763760924,82.31446688315512,85.01683044433594,2160000,378.7852783203125,118.0,,4.0,4.0,,,,,0,,
2022-12-13,87.04775839254852,87.25499521909295,85.0002575343909,85.5639419555664,1696800,381.65264892578125,117.0,,4.0,4.0,,,,,0,,
2022-12-14,85.55564850763541,86.48407174340865,83.9557799949528,84.61064910888672,1599400,379.2125244140625,116.0,,4.0,4.0,,,,,0,,
2022-12-15,83.3257636260994,83.78168708227638,82.23984489785123,82.6874771118164,2068300,369.9363708496094,119.0,,4.0,4.0,,,,,1,,
2022-12-16,81.04617430762738,81.62644120916364,80.12604862793334,81.12907409667969,4781600,365.5687561035156,120.0,,4.0,4.0,,,,,1,,
2022-12-19,81.31143591740569,82.06578098029391,80.05143883053023,80.50736236572266,1622100,362.46893310546875,118.0,,4.0,4.0,,,,,0,,
2022-12-20,80.58195544423597,81.94971957028802,80.53222063671721,81.44406127929688,1393900,362.9649658203125,118.0,,4.0,4.0,,,,,0,,
2022-12-21,82.35590726631945,83.35064775180372,82.23156391508822,83.19314575195312,1296600,368.39215087890625,120.0,,4.0,4.0,,,,,0,,
2022-12-22,82.720659059807,82.720659059807,80.2586843516099,81.78395080566406,1541100,363.1365661621094,120.0,,4.0,4.0,,,,,0,,
2022-12-23,81.80881104662154,82.72894305541139,81.50209826890293,82.52999114990234,829400,365.2254638671875,119.0,,4.0,4.0,,,,,0,,
2022-12-27,82.67090761126362,83.04393132410092,82.12379941977926,82.35590362548828,815600,363.7851867675781,117.0,,4.0,4.0,,,,,0,,
2022-12-28,82.37248818116113,82.63775104068934,81.4689324155284,81.54354095458984,918100,359.26409912109375,116.0,,4.0,4.0,,,,,0,,
2022-12-29,82.0077525727865,83.25946470449959,81.85025056980457,82.79524993896484,1241300,365.7309875488281,116.0,,4.0,4.0,,,,,0,,
2022-12-30,82.20670230216534,82.80354537063755,81.70104394273004,82.44709777832031,937100,364.7676086425781,115.0,,4.0,4.0,,,,,0,,
2023-01-03,82.91957830922209,83.30918446238731,81.87510318096113,82.46366119384766,1590700,363.2319641113281,113.0,,4.0,3.0,,,,,0,,
2023-01-04,83.31750107276845,84.27079180333907,83.06052309014171,83.87289428710938,1417600,366.03619384765625,114.0,,4.0,3.0,,,,,0,,
2023-01-05,83.45012071127955,83.5993314738523,81.91656951639423,82.4305191040039,1372900,361.8585205078125,115.0,,4.0,3.0,,,,,0,,
2023-01-06,83.2262981958262,84.03037797289419,82.91958546223752,83.7319564819336,1680800,370.15667724609375,115.0,,4.0,3.0,,,,,0,,
2023-01-09,83.03564030980613,83.54958985555183,81.12906552597263,81.45235443115234,2154500,369.9468688964844,119.0,,4.0,3.0,,,,,0,,
2023-01-10,81.56840630978051,82.4305121626749,80.99643071402238,82.35590362548828,1199300,372.54119873046875,118.0,,4.0,3.0,,,,,0,,
2023-01-11,82.11551713208668,82.91959702124353,81.87512165728141,82.89472961425781,1305400,377.2530212402344,117.0,,4.0,3.0,,,,,0,,
2023-01-12,83.40867056516967,83.40867056516967,82.42222136125754,82.56314086914062,1664300,378.6266174316406,115.0,,4.0,3.0,,,,,0,,
2023-01-13,81.8916983241348,83.93090776877828,81.50209211074173,83.72367095947266,1241900,380.09539794921875,115.0,,4.0,3.0,,,,,0,,
2023-01-17,83.72366836197024,84.0635397543825,83.35064464653927,83.78998565673828,1281500,379.399169921875,114.0,,4.0,3.0,,,,,0,,
2023-01-18,83.41697253477068,83.88118736792929,81.54355601036485,81.70934295654297,1510100,373.4091796875,117.0,,4.0,3.0,,,,,0,,
2023-01-19,81.11247765866938,81.31971444692574,79.96024162191317,80.35813903808594,1702700,370.69085693359375,117.0,,4.0,3.0,,,,,1,,
2023-01-20,80.68973608510655,81.77566146897415,80.19236891488146,81.75907897949219,1412700,377.59649658203125,118.0,,4.0,3.0,,,,,0,,
2023-01-23,81.78394139043063,83.682225089456,81.57670457116565,82.88643646240234,1307300,382.1270446777344,118.0,,4.0,3.0,,,,,0,,
2023-01-24,82.26471838172327,83.848010569891,81.45235366712542,83.62419128417969,1147100,381.7169494628906,117.0,,4.0,3.0,,,,,0,,
2023-01-25,82.8947214177614,84.21274445260843,82.5382738626904,84.16300964355469,954800,381.8599853515625,115.0,,4.0,3.0,,,,,0,,
2023-01-26,84.63552724374662,85.34013126028688,83.83144726364657,85.24066162109375,1208300,386.05682373046875,115.0,,4.0,3.0,,,,,0,,
2023-01-27,85.08314066394435,86.28511158213614,84.99195596539295,85.79603576660156,1246800,386.9438171386719,114.0,,4.0,3.0,,,,,0,,
2023-01-30,85.6136659270865,86.1193242257621,84.89248590964426,85.58879852294922,1304900,382.08892822265625,112.0,,4.0,3.0,,,,,0,,
2023-01-31,86.03643263862516,87.00629936722943,84.94222256226934,86.9897232055664,2059000,387.7069091796875,112.0,,1.0,3.0,,,,,0,,
2023-02-01,86.21053542820434,87.2964545718198,85.50593135544341,86.42606353759766,1412100,391.82733154296875,111.0,,1.0,3.0,,,,,0,,
2023-02-02,86.86538025155353,86.86538025155353,84.55261674060719,85.23235321044922,1854800,397.5311584472656,111.0,,1.0,3.0,,,,,0,,
2023-02-03,84.70183208661938,85.29867513140323,83.85630865608607,84.43656921386719,1714100,393.3058166503906,110.0,,1.0,3.0,,,,,0,,
2023-02-06,83.7568236906872,84.88419235961342,83.66563899508544,84.63550567626953,1551400,390.9021301269531,109.0,,1.0,3.0,,,,,0,,
2023-02-07,84.09669828786055,85.79604272668615,83.57446378281762,85.21578216552734,2392400,396.0146179199219,107.0,,1.0,3.0,,,,,0,,
2023-02-08,83.98892995875609,88.9543219104789,83.95577131186869,86.49234771728516,3469400,391.6842956542969,108.0,,1.0,3.0,,,,,0,,
2023-02-09,87.05603510536916,87.86840617156291,85.16603643735101,85.35669708251953,1987600,388.2886657714844,108.0,,1.0,3.0,,,,,0,,
2023-02-10,85.18262774284278,85.5639427482934,84.56920217704446,85.40644073486328,1307900,389.1948547363281,106.0,,1.0,3.0,,,,,0,,
2023-02-13,85.17433153667899,86.69959146962081,85.1494641306106,86.56696319580078,1443500,393.7635803222656,106.0,,1.0,3.0,,,,,0,,
2023-02-14,86.135916916695,86.53380807876363,85.2655197225751,85.60538482666016,1585000,393.5824279785156,106.0,,1.0,3.0,,,,,0,,
2023-02-15,84.81787995980594,86.22708771506491,84.70182785404887,86.17735290527344,1610300,394.8604736328125,104.0,,1.0,3.0,,,,,0,,
2023-02-16,85.82091943595888,86.25197560614545,85.13289160716992,85.47276306152344,1510500,389.4237365722656,104.0,,1.0,3.0,,,,,0,,
2023-02-17,85.3720686221072,85.48954491217086,84.66721088172528,85.19585418701172,1557100,388.4508972167969,102.0,,1.0,3.0,,,,,0,,
2023-02-21,84.40707196490827,84.51616165472676,81.84775998080906,82.31766510009766,2102200,380.658203125,111.0,,4.0,3.0,,,,,1,,
2023-02-22,81.98201370320133,83.02252701443997,81.8393648531366,82.5274429321289,1830300,380.13360595703125,109.0,,4.0,3.0,,,,,0,,
2023-02-23,82.9637791517285,83.61829158893426,81.92326596245027,82.67008209228516,1237400,382.15570068359375,108.0,,4.0,3.0,,,,,0,,
2023-02-24,81.91488893263413,83.28265209814896,81.59601926562283,83.10643768310547,1376300,378.0733642578125,106.0,,4.0,3.0,,,,,0,,
2023-02-27,83.91199270265315,84.36511823148471,82.82113423672787,83.0980453491211,1268900,379.3609924316406,105.0,,4.0,3.0,,,,,0,,
2023-02-28,83.44208981108386,84.29798934254156,83.15678569927987,83.91199493408203,2769500,377.95892333984375,104.0,,4.0,3.0,,,,,0,,
2023-03-01,83.92037717862212,85.17066395046473,83.60150754144419,83.87002563476562,1683600,376.5091247558594,103.0,,4.0,3.0,,,,,0,,
2023-03-02,83.30783661725178,83.57635477419949,81.59603096596852,82.24215698242188,1976200,379.4372863769531,105.0,,4.0,3.0,,,,,1,,
2023-03-03,82.7372114372539,83.34977171136357,81.99878831405928,83.1399917602539,1632200,385.52264404296875,104.0,,4.0,3.0,,,,,0,,
2023-03-06,83.10643944480975,83.5763445615535,82.56940319653772,82.70365905761719,1717300,385.7897033691406,103.0,,4.0,3.0,,,,,0,,
2023-03-07,82.16662410457232,82.59457707233972,80.03525865978014,80.5219497680664,1977600,379.8760681152344,108.0,,4.0,3.0,,,,,0,,
2023-03-08,80.47997629476498,80.96666087216482,78.86047496144577,79.48981475830078,1836900,380.49603271484375,107.0,,4.0,3.0,,,,,0,,
2023-03-09,79.44786945107276,79.45626244231599,75.71378859490392,76.10816955566406,2459700,373.4759826660156,121.0,,4.0,4.0,,,,,0,,
2023-03-10,75.0592742989324,75.9571323574414,73.6663385604686,74.27889251708984,4192600,368.0868835449219,124.0,,4.0,4.0,,,,,0,,
2023-03-13,71.36715411827632,72.12235694968388,68.3127580205668,68.95887756347656,6310700,367.5622863769531,159.0,,4.0,4.0,,,,,1,,
2023-03-14,72.01327672532496,72.85239670879506,69.59661347764293,70.20916748046875,4857400,373.6381530761719,158.0,,4.0,4.0,,,,,0,,
2023-03-15,67.74215307253446,68.19527218966886,65.84574028558231,67.26385498046875,5423700,371.3012390136719,166.0,,4.0,4.0,,,,,1,,
2023-03-16,66.13943339575988,69.45395459701884,64.52832464789626,68.96726989746094,5200200,377.81585693359375,167.0,,4.0,4.0,,,,,0,,
2023-03-17,67.9183590865144,68.20365674735487,64.9898263567283,65.46812438964844,16323500,373.39813232421875,179.0,,4.0,4.0,,,,,0,,
2023-03-20,66.34080220604508,68.37147676919773,65.92963534080926,67.38970184326172,3254000,376.9886169433594,181.0,,4.0,4.0,,,,,0,,
2023-03-21,69.2525635618189,70.00777274391692,68.87496217175824,69.18543243408203,3006700,381.9385986328125,182.0,,4.0,4.0,,,,,0,,
2023-03-22,68.96727816086103,69.16027218502235,66.00518544291972,66.02196502685547,3363700,375.4279479980469,190.0,,4.0,4.0,,,,,0,,
2023-03-23,66.08067299001817,66.93657222330563,64.21782632712643,64.80521392822266,3022100,376.4427795410156,189.0,,4.0,4.0,,,,,0,,
2023-03-24,63.78989882117799,65.157668502106,63.24447594927494,65.09893035888672,2823900,378.9130554199219,186.0,,4.0,4.0,,,,,0,,
2023-03-27,66.67645903134041,67.25545374624141,65.55204156399904,66.62611389160156,2801800,379.62158203125,186.0,,4.0,4.0,,,,,0,,
2023-03-28,66.54220319137812,67.27223332549569,66.13102987692399,66.62611389160156,1792300,378.7694396972656,184.0,,4.0,4.0,,-0.00036308911946357204,,,0,,
2023-03-29,67.78409350499751,68.19526039676424,67.17153966244364,68.12813568115234,2280500,384.2748107910156,183.0,,4.0,4.0,,-0.0003384852847884399,,,0,,
2023-03-30,69.11829425546195,69.59659224403424,68.21204341333274,68.59803771972656,2525200,386.5247802734375,181.0,,4.0,4.0,,-0.00032582914224713413,,,0,,
2023-03-31,69.10153094254768,69.5630495048277,68.87497135868685,69.42878723144531,2493800,391.9727478027344,179.0,,4.0,4.0,,-0.0002884376924778817,,,0,,
2023-04-03,69.43717351434826,70.05812046379614,69.09313127353369,69.16865539550781,2310000,393.4664306640625,176.0,,4.0,4.0,,-0.0002695060525129324,,,0,,
2023-04-04,70.82171830054149,70.92240858766533,68.48896608651643,69.00921630859375,2839600,391.28338623046875,174.0,,4.0,4.0,,-0.0002464220391808102,-0.00036308911946357204,,0,,
2023-04-05,67.90158650493711,69.54626087957139,67.70019950448608,69.5126953125,2343300,390.2589416503906,172.0,,4.0,4.0,,-0.0002340747600596655,-0.0003384852847884399,,0,,
2023-04-06,69.79800141879296,70.42734141485013,69.5210902840532,69.94904327392578,1921400,391.7812805175781,169.0,,4.0,4.0,,-0.00024148665087206754,-0.00032582914224713413,,0,,
2023-04-10,69.84832877355689,70.70423453523031,69.76441807585726,70.61193084716797,1654100,392.1833801269531,167.0,,4.0,4.0,,-0.00025349324829065717,-0.0002884376924778817,,0,,
2023-04-11,70.84689489343944,72.17270589961696,70.67068047899461,71.66923522949219,1928100,392.2887268066406,166.0,,4.0,4.0,,-0.0002665449252062456,-0.0002695060525129324,,0,,
2023-04-12,72.40766099182422,72.81043498126009,70.82172480421903,71.19093322753906,2076400,390.6897277832031,164.0,,4.0,4.0,,-0.00027248438582300107,-0.0002464220391808102,,0,,
2023-04-13,71.03989581375153,71.41749721862766,70.3182521672077,71.21611022949219,1842100,395.8791198730469,161.0,,4.0,4.0,,-0.0002797005531956677,-0.0002340747600596655,,0,,
2023-04-14,72.10557270135969,72.41604936665264,71.24128023540902,71.81188201904297,1372700,394.91217041015625,159.0,,4.0,4.0,,-0.0002741201514967701,-0.00024148665087206754,,0,,
2023-04-17,71.31679285951104,73.12929477289333,70.99792962747954,73.070556640625,2192200,396.3292236328125,159.0,,4.0,4.0,,-0.00026077957928815867,-0.00025349324829065717,,0,,
2023-04-18,73.67472402650418,73.68311061542587,72.69294895468234,73.00342559814453,2012900,396.5876770019531,156.0,,4.0,4.0,,-0.00026054266436839726,-0.0002665449252062456,,0,,
2023-04-19,73.01181722981056,73.88450260964117,72.70134059212839,73.7166748046875,2044800,396.520751953125,155.0,,1.0,4.0,,-0.0002676751999433375,-0.00027248438582300107,,0,,
2023-04-20,73.12089721618183,73.6075882257159,72.29856341577336,72.53351593017578,1981200,394.3568420410156,154.0,,1.0,4.0,,-0.00027532127535607976,-0.0002797005531956677,,0,,
2023-04-21,72.44960265798989,72.44960265798989,71.3839232965146,71.92095947265625,1510500,394.6632385253906,152.0,,1.0,3.0,,-0.0002657921942989208,-0.0002741201514967701,,0,,
2023-04-24,71.81188364416325,72.23144360038953,71.53497253657946,72.05522918701172,1472300,395.0749816894531,150.0,,1.0,3.0,,-0.0002690378150831545,-0.00026077957928815867,,0,,
2023-04-25,71.25805373006837,71.25805373006837,70.12524325104495,70.38536834716797,1955400,388.8035888671875,151.0,,1.0,3.0,,-0.00024623483659142175,-0.00026054266436839726,,1,,
2023-04-26,70.14202552752863,71.3251875946952,69.80638270748767,70.23432922363281,1924100,387.1567687988281,149.0,,1.0,3.0,,-0.00024631281426155694,-0.0002676751999433375,,0,,
2023-04-27,70.51964225531587,71.94614362750967,70.49446968081486,71.82027435302734,2755000,394.86431884765625,150.0,,1.0,3.0,,-0.00019324189885890154,-0.00027532127535607976,,0,,
2023-04-28,71.57692444035061,73.14607443352867,71.33357892011963,73.00342559814453,2577900,398.23455810546875,149.0,,1.0,3.0,,-0.00014403168805832237,-0.0002657921942989208,,0,,
2023-05-01,72.58386566431159,73.3390747955494,72.32374056432045,72.42443084716797,1652600,397.8324279785156,147.0,,1.0,3.0,,-6.911385826024183e-05,-0.0002690378150831545,,0,,
2023-05-02,72.00488189443267,72.1643167358539,69.3616591355733,70.10008239746094,3156000,393.3610534667969,152.0,,1.0,3.0,,-8.655382497920116e-05,-0.00024623483659142175,,1,,
2023-05-03,69.64694611355682,71.20770951452475,67.9435338775053,68.27079010009766,4207100,390.6610412597656,154.0,,4.0,3.0,,-0.00015574582943168514,-0.00024631281426155694,,0,,
2023-05-04,67.59110126303142,67.92674405555246,64.7968308416601,66.38276672363281,3343700,387.89404296875,156.0,,4.0,3.0,,-0.00022872679258251446,-0.00019324189885890154,,1,,
2023-05-05,67.80928667702862,69.16027041958301,67.61629265779382,68.84980010986328,2561700,395.0749816894531,162.0,,4.0,3.0,,-0.00023415071861465004,-0.00014403168805832237,,0,,
2023-05-08,69.73086535396237,70.10008017418488,68.81622769729101,69.2861328125,1450300,395.18023681640625,160.0,,4.0,3.0,,-0.00021053579695971643,-6.911385826024183e-05,,0,,
2023-05-09,68.58127554965725,68.88335283839949,67.94354260236345,68.38827514648438,1856200,393.447265625,158.0,,4.0,3.0,,-0.0002104276150906441,-8.655382497920116e-05,,0,,
2023-05-10,68.91691112041194,69.01760780733476,66.81911149100966,67.42327880859375,2089500,395.2855529785156,157.0,,4.0,3.0,,-0.00024695748059585046,-0.00015574582943168514,,0,,
2023-05-11,66.67647755034308,67.61629429901194,66.24013794680481,67.55755615234375,2351200,394.5962219238281,155.0,,4.0,3.0,,-0.00028714560376313496,-0.00022872679258251446,,0,,
2023-05-12,67.9351547848097,67.97711334581876,65.34227704428419,66.2401351928711,3246800,394.0791931152344,155.0,,4.0,3.0,,-0.0003254151267206528,-0.00023415071861465004,,0,,
2023-05-15,66.22333356776258,66.8023282826636,66.13102987692399,66.62611389160156,2452300,395.4388122558594,153.0,,4.0,3.0,,-0.0003589321411517448,-0.00021053579695971643,,0,,
2023-05-16,66.5002664764467,66.81074321139587,65.4261937961594,65.48493194580078,2334400,392.796142578125,152.0,,4.0,3.0,,-0.00039725269894608554,-0.0002104276150906441,,0,,
2023-05-17,66.13943754939542,68.12815423623083,66.13943754939542,68.03585052490234,2455300,397.5643615722656,159.0,,4.0,3.0,,-0.0003902622974695488,-0.00024695748059585046,,0,,
2023-05-18,67.82606110186836,69.20221718611313,67.2051077843122,69.13508605957031,2338600,401.3941650390625,158.0,,4.0,3.0,,-0.0003615201718649506,-0.00028714560376313496,,0,,
2023-05-19,69.70571582963974,69.88193030611153,68.43025592290044,68.84142303466797,2538200,400.8100891113281,156.0,,4.0,3.0,,-0.0003271469737655174,-0.0003254151267206528,,0,,
2023-05-22,68.94364749990041,69.9832075580432,68.56019730128848,69.8724365234375,1818800,400.972900390625,155.0,,4.0,3.0,,-0.0003064798022178442,-0.0003589321411517448,,0,,
2023-05-23,69.84688313174009,70.94609676898375,69.66794228396041,69.6935043334961,1713400,396.4728698730469,153.0,,4.0,3.0,,-0.00031594463581859853,-0.00039725269894608554,,0,,
2023-05-24,68.9095758838708,69.40379071129883,67.57177435754754,67.75923156738281,1777400,393.6004943847656,155.0,,4.0,3.0,,-0.0003385847305587236,-0.0003902622974695488,,1,,
2023-05-25,67.7336535439424,68.44942331655126,67.12013845342874,68.22787475585938,2053800,397.0090026855469,153.0,,4.0,3.0,,-0.0003721829234378904,-0.0003615201718649506,,0,,
2023-05-26,68.35570642405742,68.71358813807139,67.87000795474412,68.28753662109375,1680000,402.1505126953125,151.0,,4.0,3.0,,-0.0003962814602513189,-0.0003271469737655174,,0,,
2023-05-30,68.59428345202377,69.29300757000321,67.57176257240529,69.17371368408203,1980300,402.3036804199219,150.0,,4.0,3.0,,-0.00038153454248456443,-0.0003064798022178442,,0,,
2023-05-31,68.34718038507467,68.55168328339553,66.80487604589284,67.05198669433594,3812100,400.0729064941406,153.0,,4.0,3.0,,-0.0003895206708373346,-0.00031594463581859853,,0,,
2023-06-01,67.68253749416326,68.61984943778882,66.9156435399134,68.27900695800781,2123000,403.8739013671875,153.0,,4.0,3.0,,-0.00038046579282667326,-0.0003385847305587236,,0,,
2023-06-02,69.39528040760354,71.39772144616323,69.21633953192263,70.7586441040039,2581700,409.71441650390625,158.0,,1.0,3.0,,-0.00034294611580264,-0.0003721829234378904,,0,,
2023-06-05,71.27841706180439,71.27841706180439,69.88948501481642,70.77567291259766,2254500,408.9293212890625,156.0,,1.0,3.0,,-0.000283518810580064,-0.0003962814602513189,,0,,
2023-06-06,71.00574541439406,72.19869092911831,70.86940581224042,71.51700592041016,1818300,409.8197326660156,154.0,,1.0,3.0,,-0.00023272930604166143,-0.00038153454248456443,,0,,
2023-06-07,71.85783242806824,73.60463930984209,71.59367613295844,73.07633972167969,1945600,408.4026794433594,155.0,,1.0,3.0,,-0.00019275945129393294,-0.0003895206708373346,,0,,
2023-06-08,72.75256353734916,73.28939267461904,71.7300423727901,72.29242706298828,1622400,410.8729553222656,153.0,,1.0,3.0,,-0.000162979625104152,-0.00038046579282667326,,0,,
2023-06-09,72.41170785456141,72.60768788247931,71.84079396642623,72.04530334472656,1414400,411.61016845703125,151.0,,1.0,3.0,,-0.00013349259012344645,-0.00034294611580264,,0,,
2023-06-12,72.00271131601238,72.6929127406053,71.69595368263094,72.09644317626953,1437400,415.34423828125,149.0,,1.0,3.0,,-0.0001381412038186405,-0.000283518810580064,,0,,
2023-06-13,72.37761640238526,74.15850819516082,72.1731070426089,73.69837188720703,2522700,418.0826110839844,150.0,,1.0,3.0,,-0.00010469034252057304,-0.00023272930604166143,,0,,
2023-06-14,74.10738519248349,75.00208927576797,72.69289135458311,72.88887786865234,3676800,418.5804138183594,148.0,,1.0,3.0,,-8.065308677391313e-05,-0.00019275945129393294,,0,,
2023-06-15,72.57361199738703,74.22669392157964,72.47988014595157,73.92845916748047,3614500,423.7698974609375,147.0,,1.0,3.0,,-4.030374715706967e-05,-0.000162979625104152,,0,,
2023-06-16,73.97105224800862,74.5334432945101,73.5450007889121,74.15851593017578,3976700,422.326416015625,145.0,,1.0,3.0,,-2.2918618227520926e-07,-0.00013349259012344645,,0,,
2023-06-20,73.32346221180703,73.4512724548149,71.27841381029548,72.47135925292969,3193000,420.13531494140625,147.0,,1.0,3.0,,4.277930282973894e-06,-0.0001381412038186405,,1,,
2023-06-21,72.12200060248128,73.2126914507484,71.97714464629617,72.76107788085938,3152600,417.9826354980469,144.0,,1.0,3.0,,-6.757288433503229e-06,-0.00010469034252057304,,0,,
2023-06-22,72.6332451691382,72.7866239422964,71.52551536391019,72.13903045654297,1592000,419.4914855957031,143.0,,1.0,3.0,,-4.96772852900455e-05,-8.065308677391313e-05,,0,,
2023-06-23,71.41474798765204,72.01974031751853,71.01425855073329,71.48291778564453,2175700,416.3201599121094,141.0,,1.0,3.0,,-5.853160851409432e-05,-4.030374715706967e-05,,0,,
2023-06-26,71.7044678123751,72.8888904468015,71.59369026316479,72.62474060058594,1791200,414.619140625,141.0,,1.0,3.0,,-5.3192322513669276e-05,-2.2918618227520926e-07,,0,,
2023-06-27,72.70995546254245,74.16705091086044,72.46284479572402,73.84325408935547,1637200,419.1647033691406,141.0,,1.0,3.0,,-1.9098781379439063e-05,4.277930282973894e-06,,0,,
2023-06-28,73.60465551059791,73.67282531150357,72.86333005409642,73.52796936035156,1463300,419.3761291503906,139.0,,1.0,3.0,,4.808542516305962e-06,-6.757288433503229e-06,,0,,
2023-06-29,74.0136670661935,74.88280926534236,73.86881111650703,74.84872436523438,1387800,421.029052734375,139.0,,1.0,3.0,,5.374193892286879e-05,-4.96772852900455e-05,,0,,
2023-06-30,75.38555688764338,75.75196145439212,74.9083812662144,75.17253112792969,1761100,425.99749755859375,137.0,,1.0,3.0,,4.494310137467852e-05,-5.853160851409432e-05,,0,,
2023-07-03,75.36850509945705,76.45067951198209,75.2918189526479,75.96498107910156,799000,426.48760986328125,135.0,,1.0,3.0,,6.934463546518284e-05,-5.3192322513669276e-05,,0,,
2023-07-05,75.37702367518857,75.97349962100988,74.61865259494051,75.64969635009766,1465900,425.85333251953125,134.0,,1.0,3.0,,4.773191696186562e-05,-1.9098781379439063e-05,,0,,
2023-07-06,74.93393963598389,75.66674873348114,74.63569838621203,75.54745483398438,1420900,422.5186767578125,132.0,,1.0,1.0,,4.150862275251605e-05,4.808542516305962e-06,,0,,
2023-07-07,75.49631095525135,77.35389542202947,75.49631095525135,76.56143951416016,1554500,421.4517822265625,131.0,,1.0,1.0,,3.755590005251377e-05,5.374193892286879e-05,,0,,
2023-07-10,76.21209880214724,76.77448343409357,75.99907303984341,76.19505310058594,1940500,422.5186767578125,129.0,,1.0,1.0,,4.8269345619312177e-05,4.494310137467852e-05,,0,,
2023-07-11,76.95342016324223,78.3934763194398,76.61258416267735,78.29122161865234,1855600,425.20947265625,132.0,,1.0,1.0,,9.823642915358077e-05,6.934463546518284e-05,,0,,
2023-07-12,79.27114661546696,79.62051199049031,78.06968468164784,78.3167953491211,1415600,428.6307067871094,131.0,,1.0,1.0,,0.00014194561623881484,4.773191696186562e-05,,0,,
2023-07-13,78.49573253616869,79.2541037038225,78.06115817571681,79.08367919921875,1645200,432.03265380859375,129.0,,1.0,1.0,,0.00019117507082252569,4.150862275251605e-05,,0,,
2023-07-14,79.4586051608873,79.46712801121977,77.42207950043866,78.0100326538086,1231700,431.7635803222656,129.0,,1.0,1.0,,0.00021123969325902454,3.755590005251377e-05,,0,,
2023-07-17,77.64362688508149,79.20297041792499,77.6095419853158,78.81952667236328,1271700,433.2627258300781,128.0,,1.0,1.0,,0.00021146623878130245,4.8269345619312177e-05,,0,,
2023-07-18,78.87065366485103,80.43000375592887,78.82805241435352,79.83353424072266,1602800,436.48211669921875,127.0,,1.0,1.0,,0.0001855646422483392,9.823642915358077e-05,,0,,
2023-07-19,79.57788528172011,80.64301385279039,79.42450650744483,80.35330200195312,1121800,437.4527282714844,125.0,,1.0,1.0,,0.00016889065484286723,0.00014194561623881484,,0,,
2023-07-20,80.45555929140276,80.975342613005,80.11471680987233,80.9668197631836,1295600,434.5505065917969,124.0,,1.0,1.0,,0.00015820863913813775,0.00019117507082252569,,0,,
2023-07-21,81.13724202816852,81.13724202816852,80.16584520812984,80.75379180908203,1296500,434.5505065917969,122.0,,1.0,1.0,,0.00014807493128636396,0.00021123969325902454,,0,,
2023-07-24,80.88161633939431,82.83293301701244,80.85605428919894,82.24497985839844,1656500,436.49176025390625,123.0,,1.0,1.0,,0.00016052677719516803,0.00021146623878130245,,0,,
2023-07-25,82.22793162226091,82.34722551074971,81.1372409269179,81.28209686279297,1452700,437.68341064453125,122.0,,1.0,1.0,,0.00016263034116289221,0.0001855646422483392,,0,,
2023-07-26,81.282109540491,82.8073747823866,81.282109540491,82.50914001464844,1415500,437.75067138671875,122.0,,1.0,1.0,,0.00019550029186274028,0.00016889065484286723,,0,,
2023-07-27,82.69659292669074,83.23341543851544,81.8785683833919,82.12567901611328,1382300,434.8484191894531,120.0,,1.0,1.0,,0.00019461187742087765,0.00015820863913813775,,0,,
2023-07-28,82.72216661571811,82.91814667891897,81.57182878505392,82.04048156738281,1138400,439.1057434082031,119.0,,1.0,1.0,,0.00021207293248393317,0.00014807493128636396,,0,,
2023-07-31,82.2705290879477,83.01185437362973,82.0319348397558,82.21939849853516,1860900,439.94183349609375,117.0,,1.0,1.0,,0.00020290038181829473,0.00016052677719516803,,0,,
2023-08-01,82.38131690637654,82.56878060336996,81.6314686194327,82.09159851074219,1835300,438.682861328125,115.0,,1.0,1.0,,0.00020039788079815536,0.00016263034116289221,,0,,
2023-08-02,81.18837380190008,82.083084563355,79.73127843403952,81.21393585205078,2466000,432.5804443359375,114.0,,1.0,1.0,,0.00018972371502875337,0.00019550029186274028,,0,,
2023-08-03,80.80492327007958,82.94369696634645,80.7793612220729,82.47504425048828,1844400,431.3406677246094,115.0,,1.0,1.0,,0.0002098158144807483,0.00019461187742087765,,0,,
2023-08-04,82.84998067742198,83.56574410394232,81.88710009042124,82.23646545410156,1999400,429.3898620605469,113.0,,1.0,1.0,,0.0002286760462461275,0.00021207293248393317,,0,,
2023-08-07,82.9436973311041,83.86397006956905,82.67954749916733,83.61685943603516,1661300,433.1378173828125,114.0,,1.0,1.0,,0.00027298872539864875,0.00020290038181829473,,0,,
2023-08-08,81.96378544628891,82.93518229638217,81.0094277948685,82.91813659667969,1440800,431.2541809082031,113.0,,1.0,1.0,,0.00027552051234657556,0.00020039788079815536,,0,,
2023-08-09,82.84997548627854,83.00335428249836,80.94126013309186,81.00942993164062,1708400,428.3711853027344,115.0,,1.0,1.0,,0.00023300726667374927,0.00018972371502875337,,0,,
2023-08-10,81.48660349836561,82.11716436775764,80.38738990289154,80.62598419189453,1168200,428.5249328613281,114.0,,1.0,1.0,,0.0001670821642752841,0.0002098158144807483,,0,,
2023-08-11,80.23401892498433,81.37583378641462,80.23401892498433,81.12872314453125,1108900,428.2751159667969,112.0,,4.0,1.0,,0.00012230326819405167,0.0002286760462461275,,0,,
2023-08-14,80.67710235712228,81.15427789798397,80.25105090963031,81.0690689086914,1018000,430.63916015625,111.0,,4.0,1.0,,0.00013307913328179964,0.00027298872539864875,,0,,
2023-08-15,80.0550602825967,80.4129484209397,79.21148028006223,79.49267578125,1628200,425.6227111816406,112.0,,4.0,1.0,,0.00010995531393811533,0.00027552051234657556,,0,,
2023-08-16,79.23704703772214,80.30217566523598,79.01550496394029,79.3989486694336,1392600,422.4993896484375,111.0,,4.0,1.0,,8.563673116331695e-05,0.00023300726667374927,,0,,
2023-08-17,79.93576973081443,80.3021742321816,79.04106560028701,79.17739868164062,1283300,419.280029296875,109.0,,4.0,1.0,,4.407765818628249e-05,0.0001670821642752841,,0,,
2023-08-18,78.46162685471431,79.53527169472787,78.31677093993875,79.07514190673828,1618200,419.4818115234375,107.0,,4.0,1.0,,2.6538137580864235e-05,0.00012230326819405167,,0,,
2023-08-21,79.37747510587333,79.69705375349257,78.18551317537667,78.781494140625,1105600,422.2110900878906,106.0,,4.0,1.0,,4.87172590022079e-06,0.00013307913328179964,,0,,
2023-08-22,78.89376557677915,79.33427346590342,77.67589935246173,77.92638397216797,1331400,421.0674743652344,105.0,4.0,4.0,1.0,8.0,-3.992474340706804e-05,0.00010995531393811533,,0,4.0,1.0
2023-08-23,78.08185581740295,79.07515506317525,77.81409276449837,78.97150421142578,1431100,425.7572326660156,106.0,1.0,4.0,1.0,2.0,-4.7113797347547784e-05,8.563673116331695e-05,,0,2.0,2.0
2023-08-24,79.5674911058608,81.3208769612754,79.481112094628,80.69034576416016,2084000,419.85662841796875,108.0,1.0,4.0,1.0,2.0,-3.661554422897745e-05,4.407765818628249e-05,,0,2.0,3.0
2023-08-25,81.07904119067638,81.51090993904302,80.18938603361406,80.96675109863281,1556100,422.8165283203125,106.0,1.0,4.0,1.0,2.0,2.3508823054029325e-05,2.6538137580864235e-05,,0,2.0,4.0
2023-08-28,81.19994314214216,82.00321907221839,80.5866904671065,80.89763641357422,1143500,425.497802734375,105.0,1.0,4.0,1.0,2.0,6.225409062539677e-05,4.87172590022079e-06,,0,2.0,5.0
2023-08-29,81.18267469559686,81.61454338663175,80.75080600456197,81.5627212524414,1121100,431.648193359375,104.0,1.0,4.0,1.0,2.0,9.461924849762167e-05,-3.992474340706804e-05,,0,2.0,6.0
2023-08-30,81.77001362795912,82.26234365558341,81.46770687236402,81.57135772705078,1133900,433.4261779785156,102.0,1.0,1.0,1.0,1.0,0.00013109491290476491,-4.7113797347547784e-05,,0,1.0,1.0
2023-08-31,81.75274768245181,82.2796280330092,81.65773603957796,81.77001953125,2189600,432.7918395996094,101.0,1.0,1.0,1.0,1.0,0.000175716478623482,-3.661554422897745e-05,,0,1.0,2.0
2023-09-01,82.59056996627056,83.14336135772469,82.36599640418196,82.99652099609375,1367200,433.59912109375,102.0,1.0,1.0,1.0,1.0,0.00028099750246697244,2.3508823054029325e-05,,0,1.0,3.0
2023-09-05,82.91879755245462,83.32475521983888,81.56272998107394,81.58000183105469,1322500,431.72515869140625,103.0,1.0,1.0,1.0,1.0,0.00031694112296370443,6.225409062539677e-05,,0,1.0,4.0
2023-09-06,81.38132473652676,81.85637627007647,80.91490583082529,81.46769714355469,1195900,428.82281494140625,101.0,1.0,1.0,1.0,1.0,0.0003757397455992966,9.461924849762167e-05,,0,1.0,5.0
2023-09-07,81.2344953572415,81.77000826350864,80.91491018526821,81.43315124511719,1098900,427.5063171386719,100.0,1.0,1.0,1.0,1.0,0.00034188995468589675,0.00013109491290476491,,0,1.0,6.0
2023-09-08,81.41587742270208,82.81512759135467,81.19130388596074,82.13277435302734,1318700,428.1501770019531,99.0,1.0,1.0,1.0,1.0,0.0004045665851591798,0.000175716478623482,,0,1.0,7.0
2023-09-11,82.66831179078162,83.31611488801458,82.15870985072607,82.27963256835938,1178100,430.9659729003906,97.0,1.0,1.0,1.0,1.0,0.00041542966689155943,0.00028099750246697244,,0,1.0,8.0
2023-09-12,82.4264558561315,84.19712006560741,82.4264558561315,83.43702697753906,1633700,428.6018371582031,98.0,1.0,1.0,1.0,1.0,0.0004496217134934595,0.00031694112296370443,,0,1.0,9.0
2023-09-13,83.79979397754252,84.00709568416512,82.71148967184212,83.41975402832031,1508900,429.1015319824219,96.0,1.0,1.0,1.0,1.0,0.000471003310889696,0.0003757397455992966,,0,1.0,10.0
2023-09-14,84.64625281600384,85.89866922685427,84.23165602515148,85.63091278076172,2299000,432.8013916015625,101.0,1.0,1.0,1.0,1.0,0.0005530599797023243,0.00034188995468589675,,0,1.0,11.0
2023-09-15,84.9312873320154,85.90730807469092,84.78445357768051,85.24223327636719,3161900,427.5869445800781,100.0,1.0,1.0,1.0,1.0,0.0006192934105643677,0.0004045665851591798,,0,1.0,12.0
2023-09-18,85.18177400082111,85.66546477499114,84.56852131505767,85.43225860595703,1340700,427.837646484375,99.0,1.0,1.0,1.0,1.0,0.0006387341832554515,0.00041542966689155943,,0,1.0,13.0
2023-09-19,85.69137969697856,86.14052679874963,85.10403804913453,85.4408950805664,1243500,426.9504089355469,97.0,1.0,1.0,1.0,1.0,0.0006076481298613428,0.0004496217134934595,,0,1.0,14.0
2023-09-20,85.91594281801775,86.339172213091,85.36315152124679,85.44952392578125,1194300,423.0252685546875,96.0,1.0,1.0,1.0,1.0,0.0005846914527022632,0.000471003310889696,,0,1.0,15.0
2023-09-21,85.00903124852775,85.06085997232037,83.6443246083356,83.7566146850586,1531400,416.0334167480469,98.0,1.0,1.0,1.0,1.0,0.0005502089074879927,0.0005530599797023243,,1,1.0,16.0
2023-09-22,83.89480022875863,84.19711355073554,83.13471378929609,83.28154754638672,1210000,415.0979309082031,97.0,1.0,1.0,1.0,1.0,0.0005090276984970698,0.0006192934105643677,,0,1.0,17.0
2023-09-25,82.8583146075455,83.87752482554004,82.8410427620642,83.83433532714844,757000,416.8434753417969,96.0,1.0,1.0,1.0,1.0,0.0004888293362203191,0.0006387341832554515,,0,1.0,18.0
2023-09-26,83.33337573825455,83.91207813475118,81.96866925325058,82.17596435546875,1222500,410.7195739746094,99.0,1.0,1.0,1.0,1.0,0.00045432273261089014,0.0006076481298613428,,0,1.0,19.0
2023-09-27,82.27961989271272,82.4005425917172,80.81126247798386,81.64044952392578,1222700,410.8834533691406,97.0,1.0,4.0,1.0,2.0,0.000432468449921677,0.0005846914527022632,,0,2.0,20.0
2023-09-28,81.46769366305321,82.25369768994945,81.4072323217375,81.93411254882812,1147500,413.2655334472656,96.0,1.0,4.0,1.0,2.0,0.0004020146988984962,0.0005502089074879927,,0,2.0,21.0
2023-09-29,82.07231307561864,82.81512766024899,81.50224990008398,81.96002960205078,1296500,412.2625427246094,95.0,1.0,4.0,1.0,2.0,0.00040235610007594903,0.0005090276984970698,,0,2.0,22.0
2023-10-02,81.35541628282219,81.84774626744401,79.89569817499942,80.6557846069336,1270700,412.0986633300781,96.0,1.0,4.0,1.0,2.0,0.00036898992584480107,0.0004888293362203191,,0,2.0,23.0
2023-10-03,79.91297094404575,80.04253285513583,78.31505828004819,78.89376068115234,1629200,406.582275390625,99.0,1.0,4.0,1.0,2.0,0.00030869697637180753,0.00045432273261089014,,0,2.0,24.0
2023-10-04,78.87649704875982,79.11834246008999,77.44269642881953,78.76421356201172,1465600,409.54290771484375,98.0,1.0,4.0,1.0,2.0,0.00025925748608555407,0.000432468449921677,,0,2.0,25.0
2023-10-05,78.07321374334045,79.5415645122236,78.07321374334045,79.32563018798828,1302700,409.3886413574219,97.0,1.0,4.0,1.0,2.0,0.0002385240065499478,0.0004020146988984962,,0,2.0,26.0
2023-10-06,78.72101889266062,80.7767113438949,78.66055754379471,80.23255920410156,1338000,414.249267578125,96.0,1.0,4.0,1.0,2.0,0.00023105209792659593,0.00040235610007594903,,0,2.0,27.0
2023-10-09,79.80070859156385,80.76809698199777,79.69705771729775,80.68172454833984,991400,416.9013671875,95.0,1.0,4.0,1.0,2.0,0.00022693403440946226,0.00036898992584480107,,0,2.0,28.0
2023-10-10,81.19130981178797,81.8132017498196,81.05310867453964,81.18267059326172,1092500,419.0712585449219,94.0,1.0,4.0,1.0,2.0,0.00022868126512603235,0.00030869697637180753,,0,2.0,29.0
2023-10-11,81.41587153900888,82.17595791409097,80.8544410326247,81.93411254882812,1204000,420.78790283203125,94.0,1.0,4.0,1.0,2.0,0.00025542414601892365,0.00025925748608555407,,0,2.0,30.0
2023-10-12,82.2018863654019,82.2018863654019,80.30166673082124,81.23450469970703,1009200,418.22259521484375,93.0,1.0,4.0,1.0,2.0,0.0002668281416461611,0.0002385240065499478,,0,2.0,31.0
2023-10-13,81.85638359112339,82.30553069150686,80.63851738658435,81.07902526855469,1018500,416.139404296875,92.0,1.0,4.0,1.0,2.0,0.000271239284585919,0.00023105209792659593,,0,2.0,32.0
2023-10-16,81.70955813033322,83.1779156895169,81.5627243513529,82.65966796875,1342300,420.517822265625,94.0,1.0,4.0,1.0,2.0,0.00029138069253022185,0.00022693403440946226,,0,2.0,33.0
2023-10-17,82.38326563587519,84.31804203431487,82.24507108729692,83.72206115722656,1119700,420.4985046386719,94.0,1.0,1.0,1.0,1.0,0.00035077490161240023,0.00022868126512603235,,0,1.0,34.0
2023-10-18,82.91878738250523,83.09153222030152,81.51953047309992,81.89093780517578,1313800,414.8953857421875,98.0,1.0,1.0,1.0,1.0,0.0003634665690750937,0.00025542414601892365,,0,1.0,35.0
2023-10-19,81.65772026671607,82.37462376454535,80.3362033308333,80.57804870605469,1259800,411.25,99.0,1.0,1.0,1.0,1.0,0.00031386794725113296,0.0002668281416461611,,0,1.0,36.0
2023-10-20,80.34485397872861,80.5953386277568,77.79683116000406,78.15959930419922,1757000,406.19647216796875,106.0,1.0,4.0,4.0,6.0,0.00018612218061898658,0.000271239284585919,,0,2.0,37.0
2023-10-23,77.82272092818725,78.15957791128133,76.90716159873071,77.15764617919922,1555900,405.4925231933594,106.0,1.0,4.0,4.0,6.0,0.00011566949519807548,0.00029138069253022185,,0,2.0,38.0
2023-10-24,77.73635703835609,78.25459810065327,77.32176023464277,77.67589569091797,1064600,408.5496520996094,105.0,1.0,4.0,4.0,6.0,9.524725416199388e-05,0.00035077490161240023,,0,2.0,39.0
2023-10-25,77.56360923558687,78.08185027798253,77.0194505397479,77.14037322998047,1127800,402.68603515625,103.0,1.0,4.0,4.0,6.0,0.00013114570340902354,0.0003634665690750937,,0,2.0,40.0
2023-10-26,77.1835644573042,78.91103903049401,77.1835644573042,78.00411224365234,1412200,397.8639831542969,103.0,1.0,4.0,4.0,6.0,0.00013566176013295972,0.00031386794725113296,,0,2.0,41.0
2023-10-27,78.17688445957687,78.22870660183005,75.96571193638934,76.53578186035156,1469800,396.0606384277344,105.0,1.0,4.0,4.0,6.0,9.83293716030106e-05,0.00018612218061898658,,0,2.0,42.0
2023-10-30,77.22676398368645,78.6692038580177,76.95036168989071,78.3237075805664,1905700,400.7958068847656,108.0,1.0,4.0,4.0,6.0,8.176653285504057e-05,0.00011566949519807548,,0,2.0,43.0
2023-10-31,78.60008657326722,79.05786624289865,78.10775662425712,78.98013305664062,1763100,403.31292724609375,107.0,1.0,4.0,4.0,6.0,0.00011237416492444323,9.524725416199388e-05,,0,2.0,44.0
2023-11-01,79.2219916228913,79.25654190802692,77.69317280715701,78.87649536132812,2238600,407.6141662597656,105.0,1.0,4.0,4.0,6.0,0.00016347734407802094,0.00013114570340902354,,0,2.0,45.0
2023-11-02,80.70762131313616,81.83911515001202,78.27188221289639,79.17880249023438,2395900,415.42584228515625,104.0,1.0,4.0,4.0,6.0,0.00020940919999762144,0.00013566176013295972,,0,2.0,46.0
2023-11-03,80.26710886816291,81.84774973461971,79.99071319122451,81.32086944580078,2006800,419.2159423828125,109.0,1.0,4.0,4.0,6.0,0.0002605161195827374,9.83293716030106e-05,,0,2.0,47.0
2023-11-06,81.43314515146155,81.43314515146155,78.79875054861454,79.29971313476562,2466200,420.1802673339844,112.0,1.0,4.0,4.0,6.0,0.0002917141509311637,8.176653285504057e-05,,0,2.0,48.0
2023-11-07,78.850593944876,79.0319780216915,77.64999939610158,78.34962463378906,1712700,421.3761291503906,112.0,1.0,4.0,4.0,6.0,0.000266085114205462,0.00011237416492444323,,0,2.0,49.0
2023-11-08,78.45326675957797,78.62601159735448,77.99548700865637,78.33234405517578,1477700,421.684814453125,110.0,1.0,4.0,4.0,6.0,0.00020761447284543087,0.00016347734407802094,,0,2.0,50.0
2023-11-09,78.66056944040051,79.11834923530456,78.22006149501627,78.50509643554688,1247500,418.39617919921875,109.0,1.0,4.0,4.0,6.0,0.0001762360069311747,0.00020940919999762144,,0,2.0,51.0
2023-11-10,78.96286579083744,79.61930801229771,78.51372527497068,79.48974609375,1156000,424.9251708984375,108.0,1.0,4.0,4.0,6.0,0.0001786912923753369,0.0002605161195827374,,0,2.0,52.0
2023-11-13,78.81603282657477,79.65385910660497,78.66055984069502,79.03196716308594,1658200,424.5201721191406,107.0,1.0,4.0,4.0,6.0,0.00019263637472597146,0.0002917141509311637,,0,2.0,53.0
2023-11-14,79.95616125914094,81.95139230496616,79.95616125914094,81.43315124511719,1737800,432.756103515625,113.0,1.0,1.0,4.0,5.0,0.0002657971989888013,0.000266085114205462,,0,2.0,54.0
2023-11-15,81.64909248309003,82.3487176436394,81.32087465501111,81.71819305419922,1449000,433.6722717285156,111.0,1.0,1.0,4.0,5.0,0.000338812804237119,0.00020761447284543087,,0,2.0,55.0
2023-11-16,81.64043912325909,82.2364199137076,81.28631028980139,81.7354507446289,1192700,434.2027587890625,110.0,1.0,1.0,4.0,5.0,0.0004032089623393035,0.0001762360069311747,,0,2.0,56.0
2023-11-17,82.31417876807973,82.81514146347413,82.13278811084783,82.7028579711914,1776000,434.7428283691406,109.0,1.0,1.0,4.0,5.0,0.0004051532546306821,0.0001786912923753369,,0,2.0,57.0
2023-11-20,82.23027082722459,82.83413511182586,81.67016734007218,82.51032257080078,1158200,438.08929443359375,108.0,1.0,1.0,4.0,5.0,0.00041794258513879265,0.00019263637472597146,,0,2.0,58.0
2023-11-21,82.29151882738522,82.92163681928587,81.91519873094228,82.45780181884766,920600,437.1344909667969,106.0,1.0,1.0,4.0,5.0,0.0004199704366620871,0.0002657971989888013,,0,2.0,59.0
2023-11-22,82.597827874194,83.36797508710212,82.25651506009497,83.24545288085938,1032400,438.8221435546875,105.0,1.0,1.0,4.0,5.0,0.00040412637703567166,0.000338812804237119,,0,2.0,60.0
2023-11-24,83.31545928492162,84.29564359398823,83.27170517032218,83.78804779052734,657600,439.09222412109375,104.0,1.0,1.0,4.0,5.0,0.00038815852386616165,0.0004032089623393035,,0,2.0,61.0
2023-11-27,83.41174321835562,83.98060022976011,83.07043034690506,83.85807800292969,1063000,438.30145263671875,103.0,1.0,1.0,4.0,5.0,0.0003833574198563767,0.0004051532546306821,,0,2.0,62.0
2023-11-28,83.79681980991518,84.24315461004443,83.22796277868547,83.91934204101562,1327500,438.73541259765625,101.0,1.0,1.0,4.0,5.0,0.00037007856750172126,0.00041794258513879265,,0,2.0,63.0
2023-11-29,84.23439725610322,85.06579902576885,84.21689694258795,84.54070281982422,1263700,438.4267883300781,100.0,1.0,1.0,3.0,3.0,0.00035289480235505916,0.0004199704366620871,,0,1.0,64.0
2023-11-30,84.71572409254459,85.75716282175662,84.4094119069935,85.57337951660156,2638500,440.1529846191406,100.0,1.0,1.0,3.0,3.0,0.000372464708237726,0.00040412637703567166,,0,1.0,65.0
2023-12-01,85.2583317424415,85.87969633511808,84.8470042866088,85.53838348388672,1774100,442.7569885253906,99.0,1.0,1.0,3.0,3.0,0.0004316600208532891,0.00038815852386616165,,0,1.0,66.0
2023-12-04,84.91701826858682,86.23851554366713,84.77699573737097,86.08098602294922,1759300,440.4327697753906,98.0,1.0,1.0,3.0,3.0,0.0004975558984704377,0.0003833574198563767,,0,1.0,67.0
2023-12-05,85.68716511455868,86.43105191748936,85.5033751105423,85.80093383789062,1738900,440.3459777832031,96.0,1.0,1.0,3.0,3.0,0.0005487120051921075,0.00037007856750172126,,0,1.0,68.0
2023-12-06,86.37853834248959,87.26245436019857,85.55589011126752,85.70466613769531,1460700,438.5715026855469,95.0,1.0,1.0,3.0,3.0,0.0005701078418805494,0.00035289480235505916,,0,1.0,69.0
2023-12-07,86.20350490513553,87.29745801306872,85.97596078913665,87.21869659423828,2254400,441.9179382324219,96.0,1.0,1.0,3.0,3.0,0.0006019859773728997,0.000372464708237726,,0,1.0,70.0
2023-12-08,87.29744937556127,88.50517108351785,87.01739767471804,88.27763366699219,2120900,443.81787109375,96.0,1.0,1.0,3.0,3.0,0.0006430302164083728,0.0004316600208532891,,0,1.0,71.0
2023-12-11,88.39140298194016,89.76540769190778,88.373902671687,88.7677230834961,1970000,445.54412841796875,95.0,1.0,1.0,3.0,3.0,0.0007271873937438781,0.0004975558984704377,,0,1.0,72.0
2023-12-12,89.37158754593368,89.73040066134448,88.84648475934728,89.4240951538086,1796200,447.5790100097656,94.0,1.0,1.0,3.0,3.0,0.0007813283953288721,0.0005487120051921075,,0,1.0,73.0
2023-12-13,89.35407982659703,91.3407022164064,89.13528922629834,91.13941192626953,3253900,453.75115966796875,96.0,1.0,1.0,3.0,3.0,0.0008330541995218271,0.0005701078418805494,,0,1.0,74.0
2023-12-14,92.01458270445269,93.37108722058422,91.89206049128776,92.07584381103516,3808800,455.20745849609375,96.0,1.0,1.0,3.0,3.0,0.000861815959123685,0.0006019859773728997,,0,1.0,75.0
2023-12-15,91.22693801161599,91.83080227907593,90.50930502176273,90.89437866210938,4282700,454.4578552246094,96.0,1.0,1.0,3.0,3.0,0.000851460556393087,0.0006430302164083728,,1,1.0,76.0
2023-12-18,91.04316005012586,91.31445830710341,90.1679974901101,90.29051971435547,2981700,457.0142822265625,95.0,1.0,1.0,3.0,3.0,0.0007862621400802658,0.0007271873937438781,,0,1.0,77.0
2023-12-19,90.37801440369249,91.673257640436,90.22923840426408,91.31443786621094,2777800,459.7933044433594,95.0,1.0,1.0,3.0,3.0,0.0007446047154571689,0.0007813283953288721,,0,1.0,78.0
2023-12-20,90.7806128763488,91.71703652360742,89.68665970539432,89.7129135131836,1912200,453.42181396484375,97.0,1.0,1.0,3.0,3.0,0.0007167636164848883,0.0008330541995218271,,0,1.0,79.0
2023-12-21,89.81792996614466,90.43929457446406,89.3015872673712,90.34303283691406,1274300,457.72113037109375,96.0,1.0,1.0,3.0,3.0,0.0007234519643456211,0.000861815959123685,,0,1.0,80.0
2023-12-22,90.55305012036816,91.27068298581793,90.29049874256211,90.61431121826172,1137200,458.6409912109375,94.0,1.0,1.0,3.0,3.0,0.0007133854868090444,0.000851460556393087,,0,1.0,81.0
2023-12-26,90.4042889884991,91.08691467069681,90.34302788053162,90.78060913085938,598600,460.5776672363281,93.0,1.0,1.0,3.0,3.0,0.0007244091600303607,0.0007862621400802658,,0,1.0,82.0
2023-12-27,90.4918083341968,90.9818972219344,90.10673467842565,90.859375,805100,461.4103698730469,92.0,1.0,1.0,3.0,3.0,0.0007291551187173454,0.0007446047154571689,,0,1.0,83.0
2023-12-28,90.64058258189978,91.30570797143727,90.64058258189978,91.21819305419922,737200,461.5846862792969,90.0,1.0,1.0,1.0,1.0,0.0007103094359950454,0.0007167636164848883,,0,1.0,84.0
2023-12-29,91.22692704643075,91.36695623589303,90.50054732621273,90.76309204101562,974400,460.2484436035156,89.0,1.0,1.0,1.0,1.0,0.000667109418000166,0.0007234519643456211,,0,1.0,85.0
2024-01-02,90.57931586284425,91.95332067697036,90.5443085627249,91.51573944091797,1476400,457.6726989746094,89.0,1.0,1.0,1.0,1.0,0.0006381720537891805,0.0007133854868090444,,0,1.0,86.0
2024-01-03,90.24676728883699,90.70184889073644,89.79167900997697,89.95796203613281,1668200,453.93499755859375,91.0,1.0,1.0,1.0,1.0,0.0005719321759832212,0.0007244091600303607,,0,1.0,87.0
2024-01-04,89.896674888032,91.20941837254892,89.8091599911226,90.03669738769531,1527300,452.47283935546875,89.0,1.0,4.0,1.0,2.0,0.0005528436941403437,0.0007291551187173454,,0,2.0,88.0
2024-01-05,89.96670226089861,91.53323716597481,89.93169496176847,91.28819274902344,1434700,453.0926208496094,90.0,1.0,4.0,1.0,2.0,0.0005336305608074714,0.0007103094359950454,,0,2.0,89.0
2024-01-08,91.13066440919368,91.59450612089212,90.6493290631454,91.47197723388672,1344100,459.5609436035156,89.0,1.0,4.0,1.0,2.0,0.0005514851964600195,0.000667109418000166,,0,2.0,90.0
2024-01-09,90.76310757945677,90.78061456961635,89.86169121809043,90.38678741455078,1461600,458.8638000488281,89.0,1.0,4.0,1.0,2.0,0.0005218920415498376,0.0006381720537891805,,0,2.0,91.0
2024-01-10,90.24676962067167,90.91188838855952,90.02797897090207,90.77186584472656,1072900,461.4588317871094,88.0,1.0,4.0,1.0,2.0,0.0004814643866192774,0.0005719321759832212,,0,2.0,92.0
2024-01-11,90.59680962276671,90.70183151552997,89.80916879639979,90.456787109375,1213500,461.2554626464844,86.0,1.0,4.0,1.0,2.0,0.00045276533788114417,0.0005528436941403437,,0,2.0,93.0
2024-01-12,91.01690506152626,91.33196411320375,89.80042965303385,90.34303283691406,973200,461.57501220703125,85.0,1.0,4.0,1.0,2.0,0.0004325543031940742,0.0005336305608074714,,0,2.0,94.0
2024-01-16,89.58162407945227,89.80916817371536,88.97775988492911,89.73040008544922,1244300,459.88043212890625,84.0,1.0,4.0,1.0,2.0,0.00039928836870044396,0.0005514851964600195,,0,2.0,95.0
2024-01-17,89.03027683500264,90.01920797601136,88.73271813714052,89.13529205322266,1061800,457.3241882324219,84.0,1.0,4.0,1.0,2.0,0.0003452339283888698,0.0005218920415498376,,0,2.0,96.0
2024-01-18,89.05653321584322,89.31907794594778,88.225124878113,89.12654113769531,1092200,461.3910217285156,82.0,1.0,4.0,1.0,2.0,0.0003163189714019291,0.0004814643866192774,,0,2.0,97.0
2024-01-19,89.66037891104426,90.65806344280541,88.7677162636112,90.52679443359375,1359800,467.142822265625,84.0,1.0,4.0,1.0,2.0,0.0003268275703902563,0.00045276533788114417,,0,2.0,98.0
2024-01-22,91.01690142532757,91.76954172127074,90.7981107969013,91.38446807861328,1361100,468.1304626464844,84.0,1.0,4.0,1.0,2.0,0.0003740891192866833,0.0004325543031940742,,0,2.0,99.0
2024-01-23,91.41945822993274,91.96206129034216,91.1919141495083,91.29693603515625,1060900,469.4958190917969,82.0,1.0,4.0,1.0,2.0,0.00040762624521539174,0.00039928836870044396,,0,2.0,100.0
2024-01-24,91.97958837078623,92.46968396949693,91.50699976325849,91.70829010009766,1112200,470.009033203125,82.0,1.0,4.0,1.0,2.0,0.0004204582612730631,0.0003452339283888698,,0,2.0,101.0
2024-01-25,91.84830025593324,92.60094052822225,91.68202392388791,92.56593322753906,1424800,472.5653076171875,81.0,1.0,4.0,1.0,2.0,0.0004218003267198941,0.0003163189714019291,,0,2.0,102.0
2024-01-26,92.76721813977235,93.04726985198386,92.5309272201087,92.95975494384766,1171600,471.9649963378906,80.0,1.0,1.0,1.0,1.0,0.0004346418756638044,0.0003268275703902563,,0,1.0,103.0
2024-01-29,92.65344847859949,92.82847829308047,91.72577176636392,92.39965057373047,1199400,475.70269775390625,80.0,1.0,1.0,1.0,1.0,0.00039907388277349564,0.0003740891192866833,,0,1.0,104.0
2024-01-30,92.14585847778505,93.36233379290553,92.02333626453262,93.31857299804688,1473200,475.334716796875,80.0,1.0,1.0,1.0,1.0,0.0003768354510777995,0.00040762624521539174,,0,1.0,105.0
2024-01-31,93.18729974370308,93.46735145800965,91.66451228751157,91.83079528808594,2240900,467.5785217285156,81.0,1.0,1.0,1.0,1.0,0.00035145543513897696,0.0004204582612730631,,0,1.0,106.0
2024-02-01,90.98189103893105,91.13066705874645,88.04134455842029,89.87043762207031,2286600,473.69830322265625,85.0,1.0,1.0,1.0,1.0,0.0003315293432367866,0.0004218003267198941,,1,1.0,107.0
2024-02-02,89.90544150977794,90.71934285611148,89.48536059552596,90.32551574707031,1523200,478.6851501464844,84.0,1.0,4.0,1.0,2.0,0.0002948400565969304,0.0004346418756638044,,0,2.0,108.0
2024-02-05,89.27532325286266,90.42178392392249,89.02152534152887,89.90544128417969,1834000,476.9421081542969,83.0,1.0,4.0,1.0,2.0,0.00026668130779706117,0.00039907388277349564,,0,2.0,109.0
2024-02-06,89.89667507141887,90.89435958753029,89.85291428439557,90.4830322265625,2050100,478.32684326171875,83.0,1.0,4.0,1.0,2.0,0.00029490316225613686,0.0003768354510777995,,0,2.0,110.0
2024-02-07,92.45216222412004,95.80403606593343,90.38677827355345,95.50647735595703,4004700,482.3163146972656,110.0,1.0,1.0,4.0,5.0,0.00036121936744812046,0.00035145543513897696,,0,2.0,111.0
2024-02-08,95.16516795173891,95.94406203907326,93.98369991745334,95.05139923095703,1844500,482.5293273925781,108.0,1.0,1.0,4.0,5.0,0.0004165619640329853,0.0003315293432367866,,0,2.0,112.0
2024-02-09,94.09746114046611,94.21123652914223,91.89205476399243,92.39965057373047,2616500,485.3179931640625,113.0,1.0,1.0,4.0,5.0,0.0004099701080867044,0.0002948400565969304,,0,2.0,113.0
2024-02-12,92.6622065745325,94.6138219606522,92.62719927198324,93.84368133544922,1907300,485.1050109863281,114.0,1.0,1.0,4.0,5.0,0.0003806481411341698,0.00026668130779706117,,0,2.0,114.0
2024-02-13,93.37108614645545,94.10621941698815,91.03439727492561,92.10209655761719,2019400,478.4237060546875,115.0,1.0,1.0,4.0,5.0,0.0003410421549156094,0.00029490316225613686,,0,2.0,115.0
2024-02-14,92.52216078351897,93.92241914869791,92.46089968869735,93.11727142333984,1627400,482.7713623046875,114.0,1.0,1.0,4.0,5.0,0.0003436640353812052,0.00036121936744812046,,0,2.0,116.0
2024-02-15,93.80866740935338,96.37289371663223,93.65988471478406,95.6465072631836,2473900,486.10235595703125,118.0,1.0,1.0,4.0,5.0,0.0003552791120964879,0.0004165619640329853,,0,2.0,117.0
2024-02-16,95.15936166300655,95.8502047777607,94.77851138726552,95.01764678955078,1340700,483.6816101074219,117.0,1.0,1.0,4.0,5.0,0.00037196379281562885,0.0004099701080867044,,0,2.0,118.0
2024-02-20,94.22938725576564,95.89449666687948,94.00796280845775,95.04422760009766,1249500,481.0187072753906,115.0,1.0,1.0,4.0,5.0,0.00038206595579531676,0.0003806481411341698,,0,2.0,119.0
2024-02-21,95.2656423535165,95.5136366280923,94.49508967998989,95.35421752929688,1305200,481.4544677734375,113.0,1.0,1.0,4.0,5.0,0.00036737145305149483,0.0003410421549156094,,0,2.0,120.0
2024-02-22,95.4162232998881,96.31963204793671,95.3453658568504,95.93878173828125,1513300,491.41839599609375,112.0,1.0,1.0,4.0,5.0,0.0003776988608389619,0.0003436640353812052,,0,2.0,121.0
2024-02-23,96.28419982984181,96.97504298102696,95.71735382080078,95.71735382080078,1817100,491.75732421875,110.0,1.0,1.0,4.0,5.0,0.00038842439726645374,0.0003552791120964879,,0,2.0,122.0
2024-02-26,95.54022149069041,95.9919224909825,94.56594853161863,94.81394958496094,1378100,489.95623779296875,110.0,1.0,1.0,4.0,5.0,0.00038028956791210847,0.00037196379281562885,,0,2.0,123.0
2024-02-27,94.82280667366283,95.69079351256777,94.82280667366283,95.36308288574219,945800,490.866455078125,108.0,1.0,1.0,4.0,5.0,0.0003772449662803668,0.00038206595579531676,,0,2.0,124.0
2024-02-28,95.13280538071334,96.26649750069002,95.13280538071334,95.66422271728516,1172700,490.2176818847656,107.0,1.0,1.0,4.0,5.0,0.00038951157972165213,0.00036737145305149483,,0,2.0,125.0
2024-02-29,96.46135298417258,96.77134587023343,95.72622217055816,96.5322036743164,2455600,491.9800109863281,106.0,1.0,1.0,4.0,5.0,0.00044007939857723514,0.0003776988608389619,,0,2.0,126.0
2024-03-01,96.39934676682944,96.64734783074513,95.13280538071334,95.66422271728516,1361500,496.59881591796875,105.0,1.0,1.0,4.0,5.0,0.00045611251162181745,0.00038842439726645374,,0,2.0,127.0
2024-03-04,95.30108062765828,95.92107313359806,94.45081156214513,94.84937286376953,1540000,496.0663146972656,104.0,1.0,1.0,4.0,5.0,0.0004406152843516725,0.00038028956791210847,,0,2.0,128.0
2024-03-05,94.64566321825164,96.8421898799652,94.62794547893431,96.47905731201172,1785600,491.10858154296875,105.0,1.0,1.0,4.0,5.0,0.00041232910848430803,0.0003772449662803668,,0,2.0,129.0
2024-03-06,97.00161303567873,97.27618392872117,95.75278274222102,97.08132934570312,1346500,493.5970764160156,104.0,1.0,1.0,4.0,5.0,0.00040978331101320205,0.00038951157972165213,,0,2.0,130.0
2024-03-07,97.42676484183202,98.64017334568577,97.26733895634275,98.06446838378906,1721800,498.4967346191406,103.0,1.0,1.0,4.0,5.0,0.00042382660803435965,0.00044007939857723514,,0,2.0,131.0
2024-03-08,98.67560242740385,99.11845136010236,98.1353261889246,98.40103149414062,1440600,495.504638671875,102.0,1.0,1.0,4.0,5.0,0.00043723824194243956,0.00045611251162181745,,0,2.0,132.0
2024-03-11,97.59502984182215,98.84386006090513,97.59502984182215,98.77300262451172,1242200,495.07861328125,101.0,1.0,1.0,4.0,5.0,0.0004378177174322725,0.0004406152843516725,,0,2.0,133.0
2024-03-12,99.0032937112213,99.43728371797044,98.33016152714477,98.96786499023438,1501100,500.40435791015625,99.0,1.0,1.0,3.0,3.0,0.0004531470932868954,0.00041232910848430803,,0,1.0,134.0
2024-03-13,99.05643528782049,100.53555569831974,99.05643528782049,99.93328094482422,1630000,499.61993408203125,98.0,1.0,1.0,3.0,3.0,0.0004722092406019142,0.00040978331101320205,,0,1.0,135.0
2024-03-14,99.64099717431091,100.03955846007311,98.2061643823593,98.96786499023438,1876300,498.63232421875,98.0,1.0,1.0,3.0,3.0,0.0005011553685377317,0.00042382660803435965,,0,1.0,136.0
2024-03-15,98.1618909206222,100.11042341986592,98.1618909206222,99.942138671875,3355600,495.2084045410156,97.0,1.0,1.0,3.0,3.0,0.000553830459320395,0.00043723824194243956,,0,1.0,137.0
2024-03-18,100.004134240116,100.86325536464953,99.57013748582116,100.15470123291016,1368600,498.1514892578125,96.0,1.0,1.0,3.0,3.0,0.0005979702433083062,0.0004378177174322725,,0,1.0,138.0
2024-03-19,100.41155388137496,101.12896687888828,100.32297870268265,100.79240417480469,1463700,500.9197998046875,95.0,1.0,1.0,3.0,3.0,0.0006623100234656766,0.0004531470932868954,,0,1.0,139.0
2024-03-20,100.32298752644535,102.36009518346592,100.00414253299164,102.14752960205078,1616400,505.552978515625,95.0,1.0,1.0,3.0,3.0,0.0007130175727896223,0.0004722092406019142,,0,1.0,140.0
2024-03-21,102.54609444947404,103.18379797305674,102.20067283375644,102.46638488769531,1415600,507.2236633300781,94.0,1.0,1.0,1.0,1.0,0.0007231179831033932,0.0005011553685377317,,0,1.0,141.0
2024-03-22,102.78522710200538,103.29007455172454,101.43896273119587,101.50096130371094,1274500,506.2620544433594,93.0,1.0,1.0,1.0,1.0,0.0006937754978147364,0.000553830459320395,,0,1.0,142.0
2024-03-25,101.5009708338693,102.67009170916604,101.5009708338693,102.41323852539062,1298100,504.8633117675781,93.0,1.0,1.0,1.0,1.0,0.0006929635613791515,0.0005979702433083062,,0,1.0,143.0
2024-03-26,102.3600880151473,103.00665034156758,102.2006621509161,102.58151245117188,1224000,503.9308166503906,92.0,1.0,1.0,1.0,1.0,0.0007377894087991187,0.0006623100234656766,,0,1.0,144.0
2024-03-27,103.1306637662229,103.77721943737633,102.92695027969187,103.64436340332031,1298000,508.16583251953125,91.0,1.0,1.0,1.0,1.0,0.0008295582910884726,0.0007130175727896223,,0,1.0,145.0
2024-03-28,104.06062843954531,104.44147874850243,103.69749586998398,103.98091888427734,1177800,508.0687255859375,90.0,1.0,1.0,1.0,1.0,0.0008661270684210521,0.0007231179831033932,,0,1.0,146.0
2024-04-01,103.91006273240495,103.96320243657718,102.67894336527164,102.99779510498047,829200,507.18475341796875,90.0,1.0,1.0,1.0,1.0,0.0008484249564113971,0.0006937754978147364,,0,1.0,147.0
2024-04-02,103.02436381411292,103.65320841674622,102.68780109585975,103.00665283203125,1275500,503.9601135253906,88.0,1.0,1.0,1.0,1.0,0.0008010116280433837,0.0006929635613791515,,0,1.0,148.0
2024-04-03,102.95351118389951,104.06949231266873,102.95351118389951,103.51150512695312,1128000,504.5136413574219,87.0,1.0,1.0,1.0,1.0,0.0007662300438002504,0.0007377894087991187,,0,1.0,149.0
2024-04-04,104.30862595629794,105.1234730602467,102.34238253486859,102.64351654052734,1194900,498.3554992675781,87.0,1.0,1.0,1.0,1.0,0.000755404501444029,0.0008295582910884726,,0,1.0,150.0
2024-04-05,102.23610601788289,103.03323545713394,101.93496522645982,102.48410034179688,1054200,503.561767578125,85.0,1.0,1.0,1.0,1.0,0.0007414449521760645,0.0008661270684210521,,0,1.0,151.0
2024-04-08,102.59036546088957,102.98892672003369,102.05894819625169,102.2803726196289,1145300,503.8434143066406,84.0,1.0,1.0,1.0,1.0,0.0007239990177140319,0.0008484249564113971,,0,1.0,152.0
2024-04-09,102.40438853873378,102.81180874159477,100.34071091258585,101.23526763916016,1375300,504.42626953125,84.0,1.0,1.0,1.0,1.0,0.0007059809478363778,0.0008010116280433837,,0,1.0,153.0
2024-04-10,100.31412351673099,100.67725606035972,99.07414538374715,99.83584594726562,1484900,499.3753662109375,85.0,1.0,4.0,1.0,2.0,0.000643017101853444,0.0007662300438002504,,0,2.0,154.0
2024-04-11,99.52585513756432,99.58785370761385,98.00245397939055,98.60472869873047,1729300,503.1441955566406,85.0,1.0,4.0,1.0,2.0,0.0005717561827913554,0.000755404501444029,,0,2.0,155.0
2024-04-12,97.95818031673014,98.74645085828317,96.77134844781685,97.1521987915039,1754600,496.19915771484375,87.0,1.0,4.0,1.0,2.0,0.0005049329802710661,0.0007414449521760645,,0,2.0,156.0
2024-04-15,98.7287333019601,98.90587015625253,95.76164706986589,95.97421264648438,1438600,489.98272705078125,87.0,1.0,4.0,1.0,2.0,0.0004922278882646423,0.0007239990177140319,,0,2.0,157.0
2024-04-16,95.85906619147575,96.09820160010938,95.00879044284287,95.2922134399414,1216300,489.089111328125,86.0,1.0,4.0,1.0,2.0,0.0004925647606330781,0.0007059809478363778,,0,2.0,158.0
2024-04-17,95.81478931202379,96.07164248768622,94.58366989727708,95.07965850830078,1230400,486.1946105957031,85.0,1.0,4.0,1.0,2.0,0.0004937557189847846,0.000643017101853444,,0,2.0,159.0
2024-04-18,95.8236438514385,96.45248845694817,95.35422511474381,96.27534484863281,1450400,485.1941833496094,85.0,1.0,4.0,1.0,2.0,0.0005036204233774187,0.0005717561827913554,,0,2.0,160.0
2024-04-19,96.56762173166051,98.09102289756416,96.40819587110461,97.96702575683594,1471000,480.9591369628906,87.0,1.0,4.0,1.0,2.0,0.0005121216288938011,0.0005049329802710661,,0,2.0,161.0
2024-04-22,98.65787943022318,99.31329392364655,97.87846778283695,98.7287368774414,1085600,485.3883972167969,87.0,1.0,4.0,1.0,2.0,0.0005667664804830178,0.0004922278882646423,,0,2.0,162.0
2024-04-23,98.9324472457186,99.46387136214607,98.64902420371519,99.24244689941406,1500200,491.1483154296875,86.0,1.0,4.0,1.0,2.0,0.0005873125297407004,0.0004925647606330781,,0,2.0,163.0
2024-04-24,98.89701826935595,100.01299261715303,98.65787608244382,99.87128448486328,1174000,490.91522216796875,85.0,1.0,4.0,1.0,2.0,0.0006066876368926511,0.0004937557189847846,,0,2.0,164.0
2024-04-25,99.49928394814637,99.76499598130665,98.00245931620063,98.47187805175781,996400,489.0502014160156,86.0,1.0,4.0,1.0,2.0,0.0005704847870948701,0.0005036204233774187,,0,2.0,165.0
2024-04-26,98.08216395013126,98.53387168090268,97.50645907873043,97.86959838867188,1110100,493.6834716796875,85.0,1.0,4.0,1.0,2.0,0.0005418050506659069,0.0005121216288938011,,0,2.0,166.0
2024-04-29,98.12645923204371,99.32214990033036,98.10874149208628,99.13615417480469,1251300,495.43182373046875,86.0,1.0,4.0,1.0,2.0,0.0004964090472419157,0.0005667664804830178,,0,2.0,167.0
2024-04-30,98.54274141225498,98.73759601396156,97.71904216880142,97.85189819335938,2375200,487.58355712890625,86.0,1.0,4.0,1.0,2.0,0.00048171202966591564,0.0005873125297407004,,0,2.0,168.0
2024-05-01,97.11676662958452,100.65069901440798,96.49677410555394,99.4638671875,2451300,486.0002746582031,88.0,1.0,1.0,1.0,1.0,0.0004972984198321365,0.0006066876368926511,,0,1.0,169.0
2024-05-02,99.77385492509057,100.41155839927845,97.67474878211179,98.56930541992188,1798300,490.54608154296875,87.0,1.0,1.0,1.0,1.0,0.0005048096655891737,0.0005704847870948701,,0,1.0,170.0
2024-05-03,99.3841486866471,99.89785502909767,97.96703356724716,99.42843627929688,1028900,496.6265563964844,87.0,1.0,1.0,1.0,1.0,0.0005170180811674324,0.0005418050506659069,,0,1.0,171.0
2024-05-06,100.50013322538275,102.12981397891116,99.92442828800047,102.08553314208984,1712600,501.7551574707031,93.0,1.0,1.0,3.0,3.0,0.0005261959961518261,0.0004964090472419157,,0,1.0,172.0
2024-05-07,102.8560735650005,103.48491813393855,102.60807928511927,102.94464874267578,1666600,502.308837890625,92.0,1.0,1.0,3.0,3.0,0.0005691955241173191,0.00048171202966591564,,0,1.0,173.0
2024-05-08,102.98007547504324,103.56463923955833,102.43094718910952,103.3520736694336,1086000,502.35736083984375,91.0,1.0,1.0,3.0,3.0,0.0005875581027230298,0.0004972984198321365,,0,1.0,174.0
2024-05-09,103.2723499290225,104.64518405978548,103.20149249163174,104.4680404663086,1154500,505.2518310546875,91.0,1.0,1.0,3.0,3.0,0.000590463471580285,0.0005048096655891737,,0,1.0,175.0
2024-05-10,104.95518515679262,105.40689290901565,104.49462529220237,105.24746704101562,1427000,505.9026794433594,90.0,1.0,1.0,3.0,3.0,0.0005897469365891963,0.0005170180811674324,,0,1.0,176.0
2024-05-13,105.39802433660213,105.92944159523525,104.29090223222606,104.33518981933594,1329900,505.9705810546875,89.0,1.0,1.0,3.0,3.0,0.0005915162877154844,0.0005261959961518261,,0,1.0,177.0
2024-05-14,104.70719862184951,105.46889929680452,104.6097713198898,105.29175567626953,1373800,508.2921447753906,89.0,1.0,1.0,3.0,3.0,0.0006021492439533089,0.0005691955241173191,,0,1.0,178.0
2024-05-15,105.86746004064928,106.01802704927974,105.12347711047184,105.92945861816406,1138700,514.5863647460938,88.0,1.0,1.0,3.0,3.0,0.000611268514093253,0.0005875581027230298,,0,1.0,179.0
2024-05-16,105.97373118896508,106.75314273256271,105.84973405151403,106.22172546386719,1528900,513.5276489257812,87.0,1.0,1.0,3.0,3.0,0.0006414172860131649,0.000590463471580285,,0,1.0,180.0
2024-05-17,106.80629673338387,107.52371656165427,106.24830954014077,107.44400024414062,1725700,514.265625,87.0,1.0,1.0,3.0,3.0,0.0006693030789843005,0.0005897469365891963,,0,1.0,181.0
2024-05-20,107.39026905379139,107.72152954163643,105.29528912295076,105.37586212158203,1376700,514.858154296875,90.0,1.0,1.0,3.0,3.0,0.0006511761493925126,0.0005915162877154844,,0,1.0,182.0
2024-05-21,105.37586511144056,106.13686877185145,105.34005944250119,105.50120544433594,1043700,516.1209106445312,88.0,1.0,1.0,3.0,3.0,0.0006415848265592605,0.0006021492439533089,,0,1.0,183.0
2024-05-22,106.60241832980823,107.6946756643644,106.22639732856179,106.97843933105469,1599400,514.635009765625,89.0,1.0,1.0,3.0,3.0,0.0006430648589474948,0.000611268514093253,,0,1.0,184.0
2024-05-23,106.75460998561562,106.79042248320613,105.304241401145,105.5101547241211,1336900,510.8758239746094,90.0,1.0,1.0,3.0,3.0,0.0006574970042516281,0.0006414172860131649,,0,1.0,185.0
2024-05-24,106.16373383479821,106.90682788197175,105.85038298072995,106.862060546875,1254200,514.2560424804688,90.0,1.0,1.0,3.0,3.0,0.0006922783720863178,0.0006693030789843005,,0,1.0,186.0
2024-05-28,106.86205638728437,106.86205638728437,104.88346183657119,105.4027328491211,1196800,514.6154174804688,91.0,1.0,1.0,3.0,3.0,0.000682903896573606,0.0006511761493925126,,0,1.0,187.0
2024-05-29,104.62382706222907,105.45644892247499,103.9971253741025,105.18785858154297,1106900,511.01177978515625,89.0,1.0,1.0,3.0,3.0,0.0007075119887660726,0.0006415848265592605,,0,1.0,188.0
2024-05-30,105.1251849303884,106.29802209436869,104.78497642960878,106.12791442871094,1070300,507.62188720703125,89.0,1.0,1.0,3.0,3.0,0.0007166879293333317,0.0006430648589474948,,0,1.0,189.0
2024-05-31,106.36963217446099,107.82896239405663,105.8951285437466,107.74838256835938,2191300,512.2454833984375,90.0,1.0,1.0,3.0,3.0,0.0007426795360309172,0.0006574970042516281,,0,1.0,190.0
2024-06-03,107.95430519878349,107.97220803238575,106.00256847043177,107.0948257446289,1106200,512.6630249023438,89.0,1.0,1.0,3.0,3.0,0.0007264499631590179,0.0006922783720863178,,0,1.0,191.0
2024-06-04,106.28011575137624,107.30970294897783,105.42959105757359,105.62655639648438,1467500,513.2361450195312,90.0,1.0,1.0,3.0,3.0,0.0006561930204685554,0.000682903896573606,,0,1.0,192.0
2024-06-05,105.61760102204185,106.05629220066143,104.07769764994825,105.4027328491211,1606000,519.3360595703125,88.0,1.0,1.0,3.0,3.0,0.0005792069958536079,0.0007075119887660726,,0,1.0,193.0
2024-06-06,105.48330825823302,105.85932927705414,104.44477303998382,104.93717956542969,1096100,519.3262939453125,87.0,1.0,1.0,3.0,3.0,0.0005091409889706251,0.0007166879293333317,,0,1.0,194.0
2024-06-07,104.79393077894166,106.27115710671374,104.63277794657105,105.50120544433594,930300,518.6950073242188,86.0,1.0,1.0,3.0,3.0,0.0004895266929267453,0.0007426795360309172,,0,1.0,195.0
2024-06-10,105.09833191249264,105.48330776248675,104.23885237471106,105.08042907714844,1308500,520.2974853515625,85.0,1.0,1.0,3.0,3.0,0.0004904542262559765,0.0007264499631590179,,0,1.0,196.0
2024-06-11,104.47162600256458,104.47162600256458,101.85736816292952,102.33187866210938,1793000,521.550537109375,91.0,1.0,4.0,3.0,4.0,0.000460671172806431,0.0006561930204685554,,0,2.0,197.0
2024-06-12,103.21821563888729,104.33733064039677,102.26920830337872,102.92276763916016,1499100,525.8341674804688,90.0,1.0,4.0,3.0,4.0,0.0004282503350473351,0.0005792069958536079,,0,2.0,198.0
2024-06-13,102.92275983089543,102.92275983089543,101.12322113244065,102.03642272949219,1092000,526.8928833007812,90.0,1.0,4.0,3.0,4.0,0.00037218614550697224,0.0005091409889706251,,0,2.0,199.0
2024-06-14,100.96207665782669,101.52611499396892,100.42490281955365,101.2664794921875,1065200,527.2134399414062,89.0,1.0,4.0,3.0,4.0,0.0003646481790064181,0.0004895266929267453,,0,2.0,200.0
2024-06-17,101.31124698587267,102.65418499895877,101.02474698576646,102.51988983154297,1303500,531.4095458984375,89.0,1.0,4.0,3.0,4.0,0.00035172134342967065,0.0004904542262559765,,0,2.0,201.0
2024-06-18,102.47513848225155,103.60320850174246,102.20655493606411,103.55844116210938,1102000,532.7597045898438,89.0,1.0,4.0,3.0,4.0,0.0003438747591119692,0.000460671172806431,,0,2.0,202.0
2024-06-20,103.46890038735609,104.9819461148459,103.08392453843119,104.78498077392578,1217600,531.3123779296875,89.0,1.0,4.0,3.0,4.0,0.00035594052800680593,0.0004282503350473351,,0,2.0,203.0
2024-06-21,105.05356267613777,105.54597602088958,104.49848599354779,105.4027328491211,3203700,530.60009765625,88.0,1.0,4.0,3.0,4.0,0.000364637393508299,0.00037218614550697224,,0,2.0,204.0
2024-06-24,105.81456431897986,107.49771083037724,105.60864415227289,106.68299865722656,1474900,528.8753051757812,88.0,1.0,4.0,3.0,4.0,0.0003969028979224478,0.0003646481790064181,,0,2.0,205.0
2024-06-25,106.63823941913246,107.13065279176328,105.69818000975958,106.17268371582031,1118600,530.911865234375,87.0,1.0,4.0,3.0,4.0,0.000397973753532308,0.00035172134342967065,,0,2.0,206.0
2024-06-26,105.57284378811673,105.72504180722301,104.23886045908887,105.30426025390625,1278300,531.5745239257812,87.0,1.0,1.0,3.0,3.0,0.00040141366897296273,0.0003438747591119692,,0,1.0,207.0
2024-06-27,105.15204737248243,105.71608572926152,104.49848800834107,105.04461669921875,958200,532.41259765625,86.0,1.0,1.0,3.0,3.0,0.000378772783160627,0.00035594052800680593,,0,1.0,208.0
2024-06-28,105.1968193647948,105.92200376358045,104.53430513836675,104.91928100585938,2257000,530.3175048828125,84.0,1.0,1.0,3.0,3.0,0.00035991819149471985,0.000364637393508299,,0,1.0,209.0
2024-07-01,105.64445164562011,106.45917061069682,104.73125684869532,105.22366333007812,1069900,531.4089965820312,83.0,1.0,1.0,3.0,3.0,0.0003367789654019901,0.0003969028979224478,,0,1.0,210.0
2024-07-02,104.58802066124451,106.20849714257935,104.58802066124451,106.13687896728516,1009000,534.9851684570312,83.0,1.0,1.0,3.0,3.0,0.0003386239899948965,0.000397973753532308,,0,1.0,211.0
2024-07-03,106.13687896728516,107.09484122102721,105.70713576283741,106.13687896728516,718200,537.37255859375,82.0,1.0,1.0,3.0,3.0,0.0003682512341751194,0.00040141366897296273,,0,1.0,212.0
2024-07-05,105.6444532262728,105.86827622039625,104.27465759512295,104.60591125488281,919700,540.4713745117188,83.0,1.0,1.0,3.0,3.0,0.0003731554614796332,0.000378772783160627,,0,1.0,213.0
2024-07-08,105.08042878530595,105.8324708173251,104.54324809896522,104.78498077392578,741400,541.0950317382812,82.0,1.0,1.0,3.0,3.0,0.00035782420313625594,0.00035991819149471985,,0,1.0,214.0
2024-07-09,104.74917247467711,107.10378816618314,104.48953695400712,106.20849609375,1120800,541.6212158203125,82.0,1.0,1.0,3.0,3.0,0.00036788776989051794,0.0003367789654019901,,0,1.0,215.0
2024-07-10,106.43230975263924,107.81106024260902,106.3248790849376,107.7842025756836,1451800,546.9806518554688,84.0,1.0,1.0,3.0,3.0,0.00041856334535253677,0.0003386239899948965,,0,1.0,216.0
2024-07-11,107.88268752067802,109.64641387842465,107.55142701701575,109.56583404541016,1460600,542.26416015625,85.0,1.0,1.0,3.0,3.0,0.0005095096963675547,0.0003682512341751194,,0,1.0,217.0
2024-07-12,109.87919631407243,111.18632188755245,109.83442897935298,110.3626480102539,1298300,545.6846313476562,85.0,1.0,1.0,3.0,3.0,0.000562786791055445,0.0003731554614796332,,0,1.0,218.0
2024-07-15,110.47007183131441,112.8425968362987,110.47007183131441,112.39495086669922,1457000,547.185302734375,87.0,1.0,1.0,3.0,3.0,0.0006099572528675223,0.00035782420313625594,,0,1.0,219.0
2024-07-16,112.1890439420965,114.21240587578608,112.13532860518298,113.27234649658203,1539600,550.4302368164062,86.0,1.0,1.0,3.0,3.0,0.0006254190078560712,0.00036788776989051794,,0,1.0,220.0
2024-07-17,113.52302235693213,115.07187361030827,113.34395986803554,113.98857116699219,1360800,542.7125244140625,86.0,1.0,1.0,3.0,3.0,0.0006506728808361922,0.00041856334535253677,,0,1.0,221.0
2024-07-18,113.04851937207098,114.66005455673879,111.75034868662968,112.18009185791016,1604500,538.5419311523438,87.0,1.0,1.0,3.0,3.0,0.0006390061847731263,0.0005095096963675547,,0,1.0,222.0
2024-07-19,112.29648190673052,112.32333957529735,110.64019298325799,110.80134582519531,1427300,534.9656982421875,87.0,1.0,1.0,3.0,3.0,0.000602087604571155,0.000562786791055445,,0,1.0,223.0
2024-07-22,110.85505826329404,111.76825312336653,110.43426991865441,111.56233978271484,1233100,540.4810791015625,87.0,1.0,1.0,3.0,3.0,0.0005741977174439338,0.0006099572528675223,,0,1.0,224.0
2024-07-23,111.1684062489613,111.92045508251964,110.86401024693868,111.40118408203125,1087000,539.63330078125,85.0,1.0,1.0,3.0,3.0,0.000562552080551378,0.0006254190078560712,,0,1.0,225.0
2024-07-24,111.2042145785913,111.9831210501152,110.30892261016481,110.46112060546875,966600,527.4038696289062,85.0,1.0,1.0,3.0,3.0,0.0005752904131414014,0.0006506728808361922,,0,1.0,226.0
2024-07-25,110.81926133821152,112.1890572361123,110.14779222508078,110.20150756835938,1141000,524.6558227539062,84.0,1.0,1.0,3.0,3.0,0.000608392759258591,0.0006390061847731263,,0,1.0,227.0
2024-07-26,110.83715215587978,111.89359698742048,110.51484648994968,111.14154815673828,1316000,530.5319213867188,83.0,1.0,1.0,3.0,3.0,0.0006593981655292231,0.000602087604571155,,0,1.0,228.0
2024-07-29,111.28480437531395,111.54443305854099,110.5685680042058,111.32061004638672,855800,530.8436889648438,82.0,1.0,1.0,3.0,3.0,0.0007257473785709864,0.0005741977174439338,,0,1.0,229.0
2024-07-30,111.84883872394072,113.29921433822211,111.84883872394072,112.77098846435547,1073600,528.1541748046875,83.0,1.0,1.0,3.0,3.0,0.0007754390135494217,0.000562552080551378,,0,1.0,230.0
2024-07-31,112.80678923578391,113.50511588578638,112.0816049193253,112.19799041748047,1709000,536.7391357421875,82.0,1.0,1.0,3.0,3.0,0.0007505186061485713,0.0005752904131414014,,0,1.0,231.0
2024-08-01,113.2365421166878,114.00648699985939,108.9928528581946,109.66432189941406,2740600,529.138427734375,86.0,1.0,4.0,3.0,4.0,0.0006534681876220285,0.000608392759258591,,0,2.0,232.0
2024-08-02,105.93095662761974,108.22290212327266,97.13023400844594,98.71490478515625,5436600,519.2867431640625,167.0,1.0,4.0,4.0,6.0,0.00037980085812377957,0.0006593981655292231,,1,2.0,233.0
2024-08-05,96.84373390545194,96.84373390545194,93.51324657584084,94.48016357421875,4022700,504.1631774902344,175.0,1.0,4.0,4.0,6.0,0.00013281753309455374,0.0007257473785709864,,1,2.0,234.0
2024-08-06,94.63236138652682,96.94221637899027,94.63236138652682,95.84101104736328,2098400,508.811279296875,173.0,1.0,4.0,4.0,6.0,-4.5643327551799726e-05,0.0007754390135494217,,0,2.0,235.0
2024-08-07,97.42568221919792,98.28516178174935,95.51871258014974,95.58138275146484,1802900,505.4103698730469,171.0,1.0,4.0,4.0,6.0,-7.598519845185553e-05,0.0007505186061485713,,0,2.0,236.0
2024-08-08,96.41399386291047,97.75693180994092,96.2796987021003,97.33614349365234,1673000,517.0941772460938,170.0,1.0,4.0,4.0,6.0,-6.339416035941745e-05,0.0006534681876220285,,0,2.0,237.0
2024-08-09,97.39881325205063,98.21352538464194,96.9153547734702,97.9986572265625,1150500,519.3743286132812,168.0,1.0,4.0,4.0,6.0,-5.6592308852001194e-05,0.00037980085812377957,,0,2.0,238.0
2024-08-12,98.91185328349665,99.20729442277288,96.84372432535181,97.04964447021484,1375800,519.6473388671875,166.0,1.0,4.0,4.0,6.0,-5.138689129662946e-05,0.00013281753309455374,,0,2.0,239.0
2024-08-13,97.70321672396643,98.19563007242415,96.38714317820295,98.03447723388672,1444500,528.1932373046875,164.0,1.0,4.0,4.0,6.0,-4.5035619634604665e-05,-4.5643327551799726e-05,,0,2.0,240.0
2024-08-14,98.09714859468669,100.05784034895984,98.03447842507931,99.73553466796875,1781500,529.8594970703125,163.0,1.0,4.0,4.0,6.0,-3.96505055731834e-05,-7.598519845185553e-05,,0,2.0,241.0
2024-08-15,101.23066613250327,102.17967346641046,100.24584629894389,101.66935729980469,2023300,538.94140625,163.0,1.0,4.0,4.0,6.0,-1.1789410818301398e-05,-6.339416035941745e-05,,0,2.0,242.0
2024-08-16,102.00061270595373,102.95857482457838,101.79469255086893,102.86009216308594,3366200,540.1498413085938,161.0,1.0,4.0,4.0,6.0,3.048829176924854e-05,-5.6592308852001194e-05,,0,2.0,243.0
2024-08-19,102.62731691095107,103.76434154735553,102.62731691095107,103.64794921875,1288400,545.3143310546875,159.0,1.0,4.0,4.0,6.0,6.906789476356453e-05,-5.138689129662946e-05,,0,2.0,244.0
2024-08-20,103.67512083860018,103.95581109490479,102.3712568462799,102.55235290527344,1311300,544.4276123046875,157.0,1.0,4.0,4.0,6.0,7.648840198720183e-05,-4.5035619634604665e-05,,0,2.0,245.0
2024-08-21,102.73344812777479,103.64796428244286,102.31693752963604,103.539306640625,1023000,546.2984619140625,156.0,1.0,4.0,4.0,6.0,6.381437599069078e-05,-3.96505055731834e-05,,0,2.0,246.0
2024-08-22,103.58458627045502,104.43571365157294,103.37632750951965,104.34516906738281,1056500,542.0109252929688,154.0,1.0,4.0,4.0,6.0,5.162298524037287e-05,-1.1789410818301398e-05,,0,2.0,247.0
2024-08-23,104.84315828378985,106.57258236873672,104.58057419493352,106.31000518798828,1091100,547.7698974609375,154.0,1.0,1.0,4.0,5.0,7.17374882574793e-05,3.048829176924854e-05,,0,2.0,248.0
2024-08-26,106.84423021311295,107.90361626151731,106.39150042407434,106.85328674316406,1299800,546.4642944335938,151.0,1.0,1.0,4.0,5.0,8.368780791338742e-05,6.906789476356453e-05,,0,2.0,249.0
2024-08-27,106.94383671929195,107.0524943610667,106.25568547093593,106.77179718017578,1069400,547.214599609375,149.0,1.0,1.0,4.0,5.0,8.510149347671443e-05,7.648840198720183e-05,,0,2.0,250.0
2024-08-28,106.67217927213646,108.0394250230514,106.65407312207938,107.55047607421875,1056600,544.0377807617188,147.0,1.0,1.0,3.0,3.0,6.839011996760576e-05,6.381437599069078e-05,,0,1.0,251.0
2024-08-29,108.14809405831298,109.16220436309018,106.90761195123847,108.47406005859375,1294600,544.0865478515625,146.0,1.0,1.0,3.0,3.0,7.254044029136158e-05,5.162298524037287e-05,,0,1.0,252.0
2024-08-30,108.70947145061545,109.96805967348806,108.37445583803283,109.70548248291016,2141500,549.2803955078125,144.0,1.0,1.0,3.0,3.0,9.684435720854131e-05,7.17374882574793e-05,,0,1.0,253.0
2024-09-03,108.7366248569916,109.96805029360324,108.35633353606647,109.28895568847656,1351500,537.9767456054688,142.0,1.0,1.0,3.0,3.0,0.00011568274503727617,8.368780791338742e-05,,0,1.0,254.0
2024-09-04,109.59682104291763,110.49322403273702,107.37844107581094,108.24768829345703,1405700,536.8756713867188,141.0,1.0,1.0,3.0,3.0,0.00011060904518813451,8.510149347671443e-05,,0,1.0,255.0
2024-09-05,108.92679694059942,109.08977995135373,105.93877737947332,106.64503479003906,1472700,535.5698852539062,140.0,1.0,1.0,3.0,3.0,8.63985404740601e-05,6.839011996760576e-05,,0,1.0,256.0
2024-09-06,106.67219819975544,107.2879110325609,101.95475429451302,102.54330444335938,2979300,526.55615234375,148.0,1.0,1.0,3.0,3.0,3.071493001514276e-05,7.254044029136158e-05,,0,1.0,257.0
2024-09-09,103.67511890108044,104.75261798060332,102.59761982155757,104.08257293701172,1666300,532.4515380859375,147.0,1.0,4.0,3.0,4.0,-4.114050159212593e-06,9.684435720854131e-05,,0,2.0,258.0
2024-09-10,104.33610211112708,104.33610211112708,102.09961602182607,103.83809661865234,1278000,534.770751953125,145.0,1.0,4.0,3.0,4.0,-3.9538482062135394e-05,0.00011568274503727617,,0,2.0,259.0
2024-09-11,103.24955926547841,103.97392972403557,101.00402327854681,103.87432861328125,1724300,540.2570190429688,143.0,1.0,4.0,3.0,4.0,-4.663067998047053e-05,0.00011060904518813451,,0,2.0,260.0
2024-09-12,104.31799072231536,104.8974842638671,102.3984140483578,104.888427734375,1512900,544.8076782226562,141.0,1.0,4.0,3.0,4.0,-5.4600718415503565e-05,8.63985404740601e-05,,0,2.0,261.0
2024-09-13,105.44981931195885,106.0293128765195,105.05141489578281,105.26873016357422,1219900,547.6530151367188,139.0,1.0,4.0,3.0,4.0,-4.0945847628690465e-05,3.071493001514276e-05,,0,2.0,262.0
2024-09-16,105.99309877950274,107.1701990251238,105.66713277019564,106.59976196289062,1318400,548.4619140625,138.0,1.0,4.0,3.0,4.0,4.355537238463774e-05,-4.114050159212593e-06,,0,2.0,263.0
2024-09-17,106.84422528827996,108.21147112242565,106.84422528827996,107.4599380493164,1079900,548.68603515625,137.0,1.0,4.0,3.0,4.0,0.00015643232091745369,-3.9538482062135394e-05,,0,2.0,264.0
2024-09-18,107.90361622271249,109.14409833115118,107.19735885736357,108.1480941772461,1298500,547.0587158203125,135.0,1.0,1.0,3.0,3.0,0.0002479539456169598,-4.663067998047053e-05,,0,1.0,265.0
2024-09-19,110.19442928848116,110.63810946121278,108.8905721770016,110.28498077392578,1501300,556.3938598632812,136.0,1.0,1.0,3.0,3.0,0.0002998194129271842,-5.4600718415503565e-05,,0,1.0,266.0
2024-09-20,109.71454188033522,110.06767058393748,109.02639753429985,109.88658142089844,2966300,555.43212890625,134.0,1.0,1.0,3.0,3.0,0.0003049645959057359,-4.0945847628690465e-05,,0,1.0,267.0
2024-09-23,110.11294475044019,110.7377140977546,109.12599017413034,109.37046813964844,1180600,556.8200073242188,132.0,1.0,1.0,3.0,3.0,0.00030728491796465704,4.355537238463774e-05,,0,1.0,268.0
2024-09-24,109.67831487272079,109.89563014265644,108.31107590027743,108.48310852050781,1295000,558.4132690429688,130.0,1.0,1.0,3.0,3.0,0.0002845425945302418,0.00015643232091745369,,0,1.0,269.0
2024-09-25,108.80002521443015,109.06260241051604,108.0665982654367,108.26580047607422,1460900,557.1817016601562,129.0,1.0,1.0,3.0,3.0,0.00026853082864047986,0.0002479539456169598,,0,1.0,270.0
2024-09-26,108.81813037971611,109.78697183421745,108.4016198103902,109.14409637451172,1086300,559.3907470703125,127.0,1.0,1.0,3.0,3.0,0.00026157485572644016,0.0002998194129271842,,0,1.0,271.0
2024-09-27,109.44289733351256,110.31213766489974,108.88150993052773,109.38856506347656,893300,558.579345703125,125.0,1.0,1.0,3.0,3.0,0.00025064987869139995,0.0003049645959057359,,0,1.0,272.0
2024-09-30,109.31613794162887,109.78697388283707,108.12998119639134,109.65115356445312,1301500,560.8178100585938,123.0,1.0,1.0,3.0,3.0,0.00024569167071275425,0.00030728491796465704,,0,1.0,273.0
2024-10-01,109.08072143557551,109.09882758839257,106.79895932654075,108.0756607055664,1291500,555.7938232421875,123.0,1.0,1.0,3.0,3.0,0.0002273831346090504,0.0002845425945302418,,0,1.0,274.0
2024-10-02,108.05754305152193,109.2527563299038,107.46899985051726,107.70441436767578,1151300,556.0283203125,121.0,1.0,1.0,1.0,1.0,0.00022747710746042306,0.00026853082864047986,,0,1.0,275.0
2024-10-03,106.93477113954545,107.71346690276314,106.23757032778958,107.65914154052734,1540800,555.0118408203125,120.0,1.0,1.0,1.0,1.0,0.0002293645528115351,0.00026157485572644016,,0,1.0,276.0
2024-10-04,109.85035668369159,111.86953459979107,109.21653773681287,111.36247253417969,1889600,560.0553588867188,127.0,1.0,1.0,1.0,1.0,0.0002791697303384584,0.00025064987869139995,,0,1.0,277.0
2024-10-07,110.63811105493527,111.47113223140114,108.62798963181781,109.07166290283203,1393300,554.9922485351562,128.0,1.0,1.0,1.0,1.0,0.00028818873494448064,0.00024569167071275425,,0,1.0,278.0
2024-10-08,109.25275477112896,109.8594110236339,108.66420467041313,109.45195007324219,972900,560.2410888671875,126.0,1.0,1.0,1.0,1.0,0.0002979119013367269,0.0002273831346090504,,0,1.0,279.0
2024-10-09,109.3795235120786,111.29004383939652,109.08072018321272,110.5747299194336,1562600,564.1216430664062,125.0,1.0,1.0,1.0,1.0,0.00027830065832913897,0.00022747710746042306,,0,1.0,280.0
2024-10-10,111.28097542023947,111.37151998982914,109.62398285512784,110.19441986083984,1065200,563.1343994140625,123.0,1.0,1.0,1.0,1.0,0.0002720825795611109,0.0002293645528115351,,0,1.0,281.0
2024-10-11,110.81013341151574,113.00135069693033,110.73770190018179,112.02345275878906,1374600,566.5064697265625,123.0,1.0,1.0,1.0,1.0,0.0002687693527188197,0.0002791697303384584,,0,1.0,282.0
2024-10-14,112.15022255297755,113.52651805563904,111.66127355768633,113.33637237548828,1270100,571.1395874023438,123.0,1.0,1.0,1.0,1.0,0.000262406864968197,0.00028818873494448064,,0,1.0,283.0
2024-10-15,113.78007161361535,115.34651305905673,113.29112253634706,113.93399810791016,1646900,566.7019653320312,121.0,1.0,1.0,1.0,1.0,0.00027932123583248995,0.0002979119013367269,,0,1.0,284.0
2024-10-16,114.4410447062438,115.37366704122377,114.28711822356163,115.02053833007812,1459300,569.1652221679688,120.0,1.0,1.0,1.0,1.0,0.00031478078927032164,0.00027830065832913897,,0,1.0,285.0
2024-10-17,115.00241223501526,115.85353946162374,115.00241223501526,115.73583221435547,1144400,569.2139892578125,118.0,1.0,1.0,1.0,1.0,0.0003702172849980924,0.0002720825795611109,,0,1.0,286.0
2024-10-18,115.89883470881014,115.89883470881014,114.63118982256076,115.35556030273438,1055500,571.4035034179688,117.0,1.0,1.0,1.0,1.0,0.0004368555444170339,0.0002687693527188197,,0,1.0,287.0
2024-10-21,114.92998052872683,115.54569329675236,113.44502742491964,113.69855499267578,1003500,570.4652099609375,117.0,1.0,1.0,1.0,1.0,0.000456459961656344,0.000262406864968197,,0,1.0,288.0
2024-10-22,113.57179432141305,114.3867093173262,112.99230074834334,113.7619400024414,758700,570.1622314453125,115.0,1.0,1.0,1.0,1.0,0.00044868346356085687,0.00027932123583248995,,0,1.0,289.0
2024-10-23,113.20053797568104,113.71664958848402,112.45806149922575,113.32730865478516,853700,564.9524536132812,113.0,1.0,1.0,1.0,1.0,0.00042770950499956584,0.00031478078927032164,,0,1.0,290.0
2024-10-24,113.67140586571236,113.94303961722282,112.55768745100352,113.5084228515625,688800,566.1741333007812,112.0,1.0,1.0,1.0,1.0,0.0004173414200736871,0.0003702172849980924,,0,1.0,291.0
2024-10-25,113.6351863093091,113.64424284009827,111.32626143380467,111.78804779052734,1247200,565.9786987304688,112.0,1.0,1.0,1.0,1.0,0.0003713118431362828,0.0004368555444170339,,0,1.0,292.0
2024-10-28,112.6391669639646,114.20560808302423,112.43996476197829,113.72571563720703,1335800,567.7283325195312,113.0,1.0,1.0,1.0,1.0,0.0003296790567831872,0.000456459961656344,,0,1.0,293.0
2024-10-29,113.63516912840058,114.35048297419772,113.09189480104175,113.42691040039062,1302700,568.6471557617188,111.0,1.0,1.0,1.0,1.0,0.0002948117491229021,0.00044868346356085687,,0,1.0,294.0
2024-10-30,113.53557211100892,115.37365388717923,113.34542643500248,114.66739654541016,2008900,566.9268188476562,111.0,1.0,1.0,1.0,1.0,0.0003024899915626617,0.00042770950499956584,,0,1.0,295.0
2024-10-31,113.78909942399162,114.69455896948328,110.88257511193635,110.90068817138672,2083900,555.8133544921875,118.0,1.0,1.0,1.0,1.0,0.00024194654787234007,0.0004173414200736871,,0,1.0,296.0
2024-11-01,111.57978295090857,112.65727511369283,109.80507616069474,109.81413269042969,1992100,558.1591186523438,117.0,1.0,4.0,1.0,2.0,0.00017795266411479573,0.0003713118431362828,,0,2.0,297.0
2024-11-04,109.93184888382469,110.33930292402071,108.74569215852101,109.25275421142578,1529700,556.9569091796875,116.0,1.0,4.0,1.0,2.0,0.00010227706401184142,0.0003296790567831872,,0,2.0,298.0
2024-11-05,108.72758591853938,109.70548390394572,107.82212635607608,108.81813049316406,1805300,563.6915893554688,114.0,1.0,4.0,1.0,2.0,8.351636588387474e-05,0.0002948117491229021,,0,2.0,299.0
2024-11-06,115.45515569257886,116.92200273356003,114.72172871803399,115.65435791015625,3698300,577.7080078125,140.0,1.0,4.0,4.0,6.0,0.00012630445780586712,0.0003024899915626617,,0,2.0,300.0
2024-11-07,114.73983606328483,115.20162237120233,111.73371061312149,112.16832733154297,1809500,582.1749267578125,144.0,1.0,4.0,4.0,6.0,0.00013652520329679186,0.00024194654787234007,,0,2.0,301.0
2024-11-08,112.2769906498136,112.64823240253169,109.88657785314368,110.36647033691406,2012000,584.69677734375,143.0,1.0,4.0,4.0,6.0,0.00014093354697057892,0.00017795266411479573,,0,2.0,302.0
2024-11-11,112.00534155438375,114.0879012451172,111.33530343372236,113.18244171142578,1954500,585.2538452148438,145.0,1.0,4.0,4.0,6.0,0.00011164395972578614,0.00010227706401184142,,0,2.0,303.0
2024-11-12,112.83838367881071,113.93398902254017,112.75688871837656,113.62612915039062,1109500,583.4359130859375,143.0,1.0,4.0,4.0,6.0,0.00012905211383099815,8.351636588387474e-05,,0,2.0,304.0
2024-11-13,113.60801525177575,114.39576066965098,113.02852166994012,113.4178695678711,1039700,583.7193603515625,141.0,1.0,4.0,4.0,6.0,0.00016234679734218791,0.00012630445780586712,,0,2.0,305.0
2024-11-14,114.2689957942399,115.08391079473427,113.20960974765138,113.86154174804688,1190800,579.9658203125,139.0,1.0,1.0,4.0,5.0,0.00017354975572150268,0.00013652520329679186,,0,2.0,306.0
2024-11-15,114.00641939039889,115.98937808739791,114.00641939039889,115.36460876464844,3049800,572.5372314453125,138.0,1.0,1.0,4.0,5.0,0.00018363936665123916,0.00014093354697057892,,0,2.0,307.0
2024-11-18,115.44609541589726,116.09802741295495,115.2106739929357,116.02558898925781,1328600,574.8832397460938,136.0,1.0,1.0,4.0,5.0,0.00020422410158084142,0.00011164395972578614,,0,2.0,308.0
2024-11-19,114.34245805486135,115.046804525759,113.09841155291168,113.98571014404297,1509900,576.9846801757812,137.0,1.0,1.0,4.0,5.0,0.00020151853426218712,0.00012905211383099815,,1,2.0,309.0
2024-11-20,114.44309057926647,114.50712208255324,112.86058774245004,113.52835083007812,1563700,577.18017578125,135.0,1.0,1.0,4.0,5.0,0.00017919319186790252,0.00016234679734218791,,0,2.0,310.0
2024-11-21,114.34245932011859,116.43721401233235,113.76617583755275,115.49503326416016,1452100,580.2786865234375,135.0,1.0,1.0,4.0,5.0,0.0001613835932799148,0.00017354975572150268,,0,2.0,311.0
2024-11-22,115.49503034732597,117.54404521249973,115.49503034732597,116.98605346679688,1117400,582.0772705078125,134.0,1.0,1.0,4.0,5.0,0.00017928277409657388,0.00018363936665123916,,0,2.0,312.0
2024-11-25,117.53491641513172,118.63260133209253,117.16901213759745,117.73616027832031,2127100,584.0516357421875,132.0,1.0,1.0,4.0,5.0,0.00021513636027549726,0.00020422410158084142,,0,2.0,313.0
2024-11-26,117.150712437949,118.23924088538408,116.23596581870054,118.10203552246094,1138400,587.1012573242188,130.0,1.0,1.0,4.0,5.0,0.00023283512110842467,0.00020151853426218712,,0,2.0,314.0
2024-11-27,118.31243614423146,119.41927738531602,118.23011291644906,118.47709655761719,993900,585.3223266601562,128.0,1.0,1.0,4.0,5.0,0.00023631945007104282,0.00017919319186790252,,0,2.0,315.0
2024-11-29,118.66004720545425,119.27292119255324,118.28500054000183,118.37648010253906,781100,588.9583740234375,126.0,1.0,1.0,4.0,5.0,0.00023757873242567006,0.0001613835932799148,,0,2.0,316.0
2024-12-02,118.74236098366879,118.74236098366879,116.47381038313067,117.46173095703125,1482700,590.0140991210938,125.0,1.0,1.0,4.0,5.0,0.00024639978850664416,0.00017928277409657388,,0,2.0,317.0
2024-12-03,117.64466977951153,117.74529170174883,115.54076574225319,116.30915069580078,1365800,590.2876586914062,124.0,1.0,1.0,4.0,5.0,0.0002512703004604587,0.00021513636027549726,,0,2.0,318.0
2024-12-04,115.76945026043673,116.28170922066926,114.45222988290554,115.16572570800781,1224100,593.953125,123.0,1.0,1.0,3.0,3.0,0.00025127087815769803,0.00023283512110842467,,0,1.0,319.0
2024-12-05,115.25721020932735,116.85800479556801,115.25721020932735,116.43722534179688,1578000,592.9756469726562,122.0,1.0,1.0,3.0,3.0,0.0002598962085826252,0.00023631945007104282,,0,1.0,320.0
2024-12-06,116.58356505302123,116.92202123433805,115.27548708051249,115.76944732666016,1391100,594.0997924804688,120.0,1.0,1.0,3.0,3.0,0.00026079268050922604,0.00023757873242567006,,0,1.0,321.0
2024-12-09,115.9615419676085,116.04387216486309,112.00986697212907,112.11048889160156,1658800,591.0403442382812,126.0,1.0,4.0,3.0,4.0,0.00022853976597674993,0.00024639978850664416,,0,2.0,322.0
2024-12-10,112.1196434871392,112.1196434871392,109.95170791014712,110.90303802490234,1440200,589.2027587890625,125.0,1.0,4.0,3.0,4.0,0.00015073179838829618,0.0002512703004604587,,0,2.0,323.0
2024-12-11,111.9001078408833,111.9001078408833,109.54922711908753,109.83279418945312,1995500,593.7576904296875,124.0,1.0,4.0,3.0,4.0,8.061933494809542e-05,0.00025127087815769803,,0,2.0,324.0
2024-12-12,109.99745247743094,111.90011278981687,109.62240583844176,110.3267593383789,1567500,590.6983032226562,123.0,1.0,4.0,3.0,4.0,4.0966311875443704e-05,0.0002598962085826252,,0,2.0,325.0
2024-12-13,110.82987090123594,111.07684756177045,109.77791879825624,110.20784759521484,1383700,590.5810546875,121.0,1.0,4.0,3.0,4.0,4.6071021694645246e-05,0.00026079268050922604,,0,2.0,326.0
2024-12-16,109.9059799002588,110.60118404880564,109.20162640032166,110.3267593383789,1506800,593.1027221679688,119.0,1.0,4.0,3.0,4.0,6.684698929327443e-05,0.00022853976597674993,,0,2.0,327.0
2024-12-17,109.50349666913242,110.18040214261147,108.3051898076244,108.75341033935547,1388800,590.6591186523438,119.0,1.0,4.0,3.0,4.0,8.239893983680138e-05,0.00015073179838829618,,0,2.0,328.0
2024-12-18,108.6802253702572,109.23821716531896,104.60963635275128,104.82002258300781,1850600,573.055419921875,127.0,1.0,4.0,3.0,4.0,4.1929118828246225e-05,8.061933494809542e-05,,0,2.0,329.0
2024-12-19,106.38422798285055,107.18004704099496,105.50607174524785,105.62499237060547,1869000,572.8795166015625,126.0,1.0,4.0,3.0,4.0,-2.9363572699682447e-05,4.0966311875443704e-05,,0,2.0,330.0
2024-12-20,105.17677615091739,108.67108160463933,104.61878436300881,107.78378295898438,3350900,579.7601928710938,127.0,1.0,4.0,3.0,4.0,-5.9703985900635254e-05,4.6071021694645246e-05,,0,2.0,331.0
2024-12-23,107.52765600108361,108.52471893787944,107.05198744237116,108.4515380859375,1301600,583.2320556640625,125.0,1.0,4.0,3.0,4.0,-4.091640654410448e-05,6.684698929327443e-05,,0,2.0,332.0
2024-12-24,108.46068528775795,109.19247983485482,108.12222908841639,109.09185791015625,435600,589.7147216796875,124.0,1.0,4.0,3.0,4.0,6.468032366229366e-07,8.239893983680138e-05,,0,2.0,333.0
2024-12-26,108.78999150220739,109.92426676257978,108.57045593092143,109.83279418945312,633300,589.7539672851562,122.0,1.0,4.0,3.0,4.0,1.827253910388679e-05,4.1929118828246225e-05,,0,2.0,334.0
2024-12-27,109.0003769454297,110.39992745352049,108.32346459885665,108.90889739990234,736300,583.5458984375,121.0,1.0,4.0,3.0,4.0,8.10076605252341e-06,-2.9363572699682447e-05,,0,2.0,335.0
2024-12-30,107.71059504950131,108.49727171603125,106.68608411709003,108.07649230957031,768300,576.8866577148438,120.0,1.0,4.0,3.0,4.0,-2.109551992970888e-05,-5.9703985900635254e-05,,0,2.0,336.0
2024-12-31,108.36922825631275,109.13760635994552,108.05821308657256,108.42411041259766,682100,574.7880249023438,118.0,1.0,4.0,3.0,4.0,-6.668837360551459e-05,-4.091640654410448e-05,,0,2.0,337.0
2025-01-02,108.88146818210802,109.58582167746087,107.78378330536599,108.18626403808594,923500,573.3756713867188,116.0,1.0,4.0,3.0,4.0,-0.00010801601256992942,6.468032366229366e-07,,0,2.0,338.0
2025-01-03,108.77169996098861,109.17418067920072,107.65571642181186,108.98208618164062,990000,580.544921875,115.0,1.0,4.0,3.0,4.0,-0.00012516159665532393,1.827253910388679e-05,,0,2.0,339.0
2025-01-06,109.30224660031365,110.90304110169633,108.45153838613675,108.52471923828125,1093700,583.8890991210938,113.0,1.0,4.0,3.0,4.0,-0.00013765114139206977,8.10076605252341e-06,,0,2.0,340.0
2025-01-07,109.32054253107239,110.253573946073,108.1405274910737,109.0186767578125,1584100,577.2888793945312,112.0,1.0,4.0,3.0,4.0,-0.0001475657851256726,-2.109551992970888e-05,,0,2.0,341.0
2025-01-08,108.40581483055198,108.73512171436923,106.73183933429944,108.33263397216797,1388700,578.1322631835938,111.0,1.0,4.0,3.0,4.0,-0.0001686349279743846,-6.668837360551459e-05,,0,2.0,342.0
2025-01-10,107.05198596862722,107.5642379673485,104.30776686877455,104.76513671875,1997200,569.3056640625,118.0,1.0,4.0,3.0,4.0,-0.00020898767056941182,-0.00010801601256992942,,0,2.0,343.0
2025-01-13,104.49071482059794,106.54887906324194,103.93272306761278,106.37507629394531,1240100,570.1883544921875,118.0,1.0,4.0,3.0,4.0,-0.0002309078893072648,-0.00012516159665532393,,0,2.0,344.0
2025-01-14,106.29274848576442,107.83866078492511,106.29274848576442,107.58253479003906,1363800,570.9728393554688,118.0,1.0,4.0,3.0,4.0,-0.000236041843661916,-0.00013765114139206977,,0,2.0,345.0
2025-01-15,109.48519732169018,110.30845747153558,108.42409591598086,109.82364654541016,1429300,581.35888671875,119.0,1.0,1.0,3.0,3.0,-0.00018636915439576031,-0.0001475657851256726,,0,1.0,346.0
2025-01-16,106.10980670375042,108.57960113718744,105.44204364256669,108.30518341064453,2300000,580.2409057617188,119.0,1.0,1.0,3.0,3.0,-0.00015338796954627942,-0.0001686349279743846,,0,1.0,347.0
2025-01-17,108.744253810114,110.12551272119914,108.09478945588579,108.86317443847656,1535500,586.0664672851562,117.0,1.0,1.0,3.0,3.0,-0.00012923872391113435,-0.00020898767056941182,,0,1.0,348.0
2025-01-21,109.44860529964438,110.61032163517477,108.94549567860172,110.01573944091797,1701100,591.4310302734375,116.0,1.0,1.0,3.0,3.0,-0.00011748134694389589,-0.0002309078893072648,,0,1.0,349.0
2025-01-22,109.86023787919729,109.96085980570533,107.23493937551501,107.3447036743164,2324900,594.7556762695312,120.0,1.0,1.0,3.0,3.0,-0.00013622411185712141,-0.000236041843661916,,0,1.0,350.0
2025-01-23,107.05199031200507,108.11309175687659,106.71354107579391,106.9239273071289,1662400,598.001953125,118.0,1.0,1.0,3.0,3.0,-0.00015826131395474166,-0.00018636915439576031,,0,1.0,351.0
2025-01-24,106.92392409505734,108.36006515994912,106.92392409505734,107.30811309814453,2305700,596.2561645507812,116.0,1.0,1.0,3.0,3.0,-0.00016527157229891562,-0.00015338796954627942,,0,1.0,352.0
2025-01-27,107.7471949566315,110.28102096911053,107.69231280540919,110.24443054199219,1834800,587.8219604492188,120.0,1.0,1.0,3.0,3.0,-3.935490947876372e-05,-0.00012923872391113435,,0,1.0,353.0
2025-01-28,110.1072152700798,111.57994667943397,110.05232614487926,110.84815216064453,1943200,592.8726806640625,119.0,1.0,1.0,3.0,3.0,0.00012678081124416524,-0.00011748134694389589,,0,1.0,354.0
2025-01-29,110.93047195372468,113.31794294836796,110.73837746873045,111.90010070800781,1579400,590.21484375,118.0,1.0,1.0,3.0,3.0,0.00026313703396387494,-0.00013622411185712141,,0,1.0,355.0
2025-01-30,112.8422898098991,112.88802958640622,110.7109446366128,111.48847198486328,1196700,593.3826293945312,116.0,1.0,1.0,3.0,3.0,0.0003033961641185561,-0.00015826131395474166,,0,1.0,356.0
2025-01-31,111.17745452898473,111.90924203946044,110.09806149554178,110.46395874023438,1990400,590.2247314453125,115.0,1.0,1.0,3.0,3.0,0.000281230896931185,-0.00016527157229891562,,0,1.0,357.0
2025-02-03,107.80208014421461,109.63155967819844,106.61292263447147,108.75341033935547,1899600,586.252685546875,115.0,1.0,1.0,3.0,3.0,0.00024389386744905024,-3.935490947876372e-05,,1,1.0,358.0
2025-02-04,107.9484285536253,109.48519145194288,107.39043680621234,107.89353942871094,2393600,590.185546875,114.0,1.0,1.0,3.0,3.0,0.000226018906118444,0.00012678081124416524,,0,1.0,359.0
2025-02-05,105.04870090786864,105.63414072035842,102.28619016059532,104.335205078125,4048900,592.578369140625,121.0,4.0,4.0,3.0,10.0,0.00018137285556617003,0.00026313703396387494,,1,4.0,1.0
2025-02-06,105.47864020695057,105.47864020695057,102.67038940388152,103.84125518798828,1878100,594.6380004882812,120.0,4.0,4.0,3.0,10.0,0.00012282014944297754,0.0003033961641185561,,0,4.0,2.0
2025-02-07,104.05164358609134,104.05164358609134,102.86247915354335,103.20093536376953,1900200,589.1949462890625,118.0,4.0,4.0,3.0,10.0,2.2748600486834285e-05,0.000281230896931185,,0,4.0,3.0
2025-02-10,103.2375261051122,103.68574661706315,101.91115629307131,102.53317260742188,1496600,593.1962280273438,117.0,4.0,4.0,3.0,10.0,-4.4255750389653805e-05,0.00024389386744905024,,0,4.0,4.0
2025-02-11,101.82882744700927,102.3685275219503,101.24339457247315,102.12154388427734,1132700,593.6473999023438,115.0,4.0,4.0,3.0,10.0,-9.591753524846008e-05,0.000226018906118444,,0,4.0,5.0
2025-02-12,101.31657951545374,101.89286306176436,100.48416296964997,101.36231231689453,2105800,591.7349853515625,114.0,4.0,4.0,3.0,10.0,-0.0001232471477136656,0.00018137285556617003,,0,4.0,6.0
2025-02-13,101.35316102401518,102.5331690894323,100.62136647626018,102.36852264404297,1197500,597.9822998046875,113.0,4.0,4.0,3.0,10.0,-0.00012493850506712324,0.00012282014944297754,,0,4.0,7.0
2025-02-14,102.54233069324951,103.27412532844654,101.68248002264048,102.04837036132812,1276800,597.952880859375,111.0,4.0,4.0,3.0,10.0,-0.00012351315304749675,2.2748600486834285e-05,,0,4.0,8.0
2025-02-18,102.24280583435235,103.52986832359683,101.95576525548972,103.5113525390625,1400900,599.7083740234375,111.0,4.0,4.0,3.0,10.0,-0.00011821360208134889,-4.4255750389653805e-05,,0,4.0,9.0
2025-02-19,103.08542014989827,103.58543111139039,102.53910912989134,103.39098358154297,1475500,601.12060546875,110.0,4.0,4.0,3.0,10.0,-0.0001323307319620261,-9.591753524846008e-05,,0,4.0,10.0
2025-02-20,103.0483849483794,103.3354255404203,101.62242928427106,102.90023040771484,1550300,598.6198120117188,108.0,4.0,4.0,3.0,10.0,-0.00014025305088070296,-0.0001232471477136656,,0,4.0,11.0
2025-02-21,102.9557942502864,103.33542790673737,100.52055514922799,101.39094543457031,1575500,588.3809204101562,109.0,4.0,4.0,3.0,10.0,-0.00017708813856142096,-0.00012493850506712324,,0,4.0,12.0
2025-02-24,101.9279848904904,103.15023149942476,101.47426694288228,102.32614135742188,1679700,585.7034912109375,108.0,4.0,4.0,3.0,10.0,-0.00019470945257345183,-0.00012351315304749675,,0,4.0,13.0
2025-02-25,103.25209248915878,103.29838548418161,101.890952689217,102.87245178222656,2454800,582.790771484375,106.0,4.0,4.0,3.0,10.0,-0.0001887772720623894,-0.00011821360208134889,,0,4.0,14.0
2025-02-26,103.06689470602693,104.2706255531371,102.87244718107472,103.63172149658203,1295000,583.0849609375,105.0,4.0,4.0,3.0,10.0,-0.00015893021014360968,-0.0001323307319620261,,0,4.0,15.0
2025-02-27,104.3817451403372,105.79843934675826,103.89098853404487,104.40026092529297,1423300,573.7777709960938,104.0,4.0,4.0,3.0,10.0,-0.00012985986554881176,-0.00014025305088070296,,0,4.0,16.0
2025-02-28,105.0299069659985,106.6132715456591,104.76138215690088,106.57623291015625,2931900,582.73193359375,107.0,4.0,1.0,3.0,9.0,-9.761282134454105e-05,-0.00017708813856142096,,0,2.0,17.0
2025-03-03,107.26143306375775,107.98367588005685,104.22433550991674,105.07621002197266,1677400,572.5224609375,107.0,4.0,1.0,3.0,9.0,-4.852977323427559e-05,-0.00019470945257345183,,0,2.0,18.0
2025-03-04,103.80766602673752,104.15952248699203,100.66871390332653,101.47428131103516,2163300,565.74560546875,115.0,4.0,1.0,3.0,9.0,-5.9970159048415324e-05,-0.0001887772720623894,,1,2.0,19.0
2025-03-05,101.52056842541644,102.94652399993608,100.83537137888518,102.49281311035156,1996200,571.8262329101562,114.0,4.0,1.0,3.0,9.0,-8.845701064515221e-05,-0.00015893021014360968,,0,2.0,20.0
2025-03-06,101.78909586682306,102.63170182657286,100.20573135978802,101.9835433959961,1398300,561.6756591796875,113.0,4.0,1.0,3.0,9.0,-0.00012708107391950203,-0.00012985986554881176,,0,2.0,21.0
2025-03-07,101.51131886399709,103.43728561032306,100.60389697878426,103.00209045410156,1909500,564.82373046875,112.0,4.0,1.0,3.0,9.0,-0.00010651411140540193,-9.761282134454105e-05,,0,2.0,22.0
2025-03-10,100.84464290451791,101.21501514121437,97.13160259713608,98.46495819091797,2874300,549.7792358398438,126.0,4.0,4.0,4.0,12.0,-0.00013906778748469165,-4.852977323427559e-05,,0,4.0,23.0
2025-03-11,98.36311121146286,99.04830832969732,96.81677815229924,97.76124572753906,2532500,545.2090454101562,125.0,4.0,4.0,4.0,12.0,-0.0002054797714446545,-5.9970159048415324e-05,,0,4.0,24.0
2025-03-12,98.7334780738825,98.92792560775085,96.8630729401984,98.23346710205078,1856800,548.1021728515625,123.0,4.0,4.0,4.0,12.0,-0.0002825391974825431,-8.845701064515221e-05,,0,4.0,25.0
2025-03-13,98.57607795729292,99.84462481724188,97.01122905775564,97.26123809814453,1570800,540.7957763671875,122.0,4.0,4.0,4.0,12.0,-0.00032988832834554034,-0.00012708107391950203,,0,4.0,26.0
2025-03-14,98.15014148029947,100.65945085343601,97.63161469157684,100.45574188232422,1681300,551.96630859375,128.0,4.0,4.0,4.0,12.0,-0.0003257309057674448,-0.00010651411140540193,,0,4.0,27.0
2025-03-17,100.43721753926397,102.72430196015598,100.28906300402377,102.1224365234375,1432100,556.2227783203125,128.0,4.0,4.0,4.0,12.0,-0.0002962255935074274,-0.00013906778748469165,,0,4.0,28.0
2025-03-18,102.63170454023233,102.91875219370357,101.3539034299962,101.61316680908203,1490300,550.2108154296875,126.0,4.0,4.0,4.0,12.0,-0.0002457643237043735,-0.0002054797714446545,,0,4.0,29.0
2025-03-19,101.66872706094864,103.12245990268283,101.63168842661435,102.4280014038086,1252300,556.203125,125.0,4.0,4.0,4.0,12.0,-0.00020473240049849827,-0.0002825391974825431,,0,4.0,30.0
2025-03-20,101.63168853566874,103.5576480723381,101.63168853566874,102.5761489868164,1203700,554.5946044921875,123.0,4.0,4.0,4.0,12.0,-0.00016371551017897886,-0.00032988832834554034,,0,4.0,31.0
2025-03-21,101.87241858139765,102.7520701623846,101.12240573958057,102.1039047241211,3274000,554.777587890625,122.0,4.0,4.0,4.0,12.0,-0.0001357430884377423,-0.0003257309057674448,,0,4.0,32.0
2025-03-24,103.4743177960886,105.02064371333543,103.15949999638926,104.85397338867188,1745000,564.712890625,125.0,4.0,4.0,4.0,12.0,-9.262054826762376e-05,-0.0002962255935074274,,0,4.0,33.0
2025-03-25,105.36325637960583,106.45587149237436,105.36325637960583,105.89104461669922,1820100,566.0703735351562,124.0,4.0,1.0,4.0,11.0,-5.6938554211304666e-05,-0.0002457643237043735,,0,2.0,34.0
2025-03-26,106.48363379644333,108.15959133732815,106.28918626941226,107.02993774414062,2407300,559.3124389648438,123.0,4.0,1.0,4.0,11.0,1.1343225734939465e-05,-0.00020473240049849827,,0,2.0,35.0
2025-03-27,106.88179260007392,107.13179455043903,105.65028450435635,105.93733215332031,1716700,557.8271484375,122.0,4.0,1.0,4.0,11.0,4.329134728009831e-05,-0.00016371551017897886,,0,2.0,36.0
2025-03-28,105.71510350347762,105.92807389039487,100.7705622525183,101.91873168945312,2326700,546.5933227539062,131.0,4.0,1.0,4.0,11.0,1.4629658424081644e-05,-0.0001357430884377423,,0,2.0,37.0
2025-03-31,100.91871416661591,104.18729793392312,100.81685968114195,103.40950775146484,1892900,550.2625122070312,131.0,4.0,1.0,4.0,11.0,-3.783753669014412e-05,-9.262054826762376e-05,,0,2.0,38.0
2025-04-01,103.25209188425163,104.02988201429179,102.12243825923379,103.41876220703125,1359000,551.8167724609375,129.0,4.0,1.0,4.0,11.0,-8.178950334482127e-05,-5.6938554211304666e-05,,0,2.0,39.0
2025-04-02,101.72428682279872,104.74286856780553,101.72428682279872,104.36322784423828,1693800,555.3087768554688,127.0,4.0,1.0,4.0,11.0,-7.225956002456246e-05,1.1343225734939465e-05,,0,2.0,40.0
2025-04-03,99.06681475596334,100.00202081756618,96.83529185379851,97.02973937988281,2817400,527.94287109375,160.0,4.0,4.0,4.0,12.0,-0.00011995299533461275,4.329134728009831e-05,,1,4.0,41.0
2025-04-04,93.5481823015884,94.02041602811263,88.64068013431702,89.38143157958984,3518300,497.0354309082031,193.0,4.0,4.0,4.0,12.0,-0.00020347910127778323,1.4629658424081644e-05,,1,4.0,42.0
2025-04-07,86.9647160328746,92.07593423361716,83.68687126736285,88.68697357177734,3814500,496.150146484375,191.0,4.0,4.0,4.0,12.0,-0.0003078783851362908,-3.783753669014412e-05,,0,4.0,43.0
2025-04-08,92.81669123297088,93.7611587472458,86.22396973999577,88.07585906982422,2990500,488.3790283203125,188.0,4.0,4.0,4.0,12.0,-0.0003652255038958696,-8.178950334482127e-05,,0,4.0,44.0
2025-04-09,87.03879749997283,97.27048875524974,85.85358947282992,96.21491241455078,4004300,539.6682739257812,221.0,4.0,4.0,4.0,12.0,-0.00032635045497438655,-7.225956002456246e-05,,0,4.0,45.0
2025-04-10,93.88152993487802,94.48339538587778,88.90920449214713,91.1870346069336,2764600,516.0205688476562,230.0,4.0,4.0,4.0,12.0,-0.0003034808268573698,-0.00011995299533461275,,0,4.0,46.0
2025-04-11,90.74257266915168,92.00185791624268,88.29807943995078,91.5111083984375,2635400,525.227783203125,226.0,4.0,4.0,4.0,12.0,-0.00027646359033794624,-0.00020347910127778323,,0,4.0,47.0
2025-04-14,93.27966736673362,94.88155481064963,92.5111386324778,93.91857147216797,1726600,530.3233642578125,226.0,4.0,4.0,4.0,12.0,-0.0002956379628512766,-0.0003078783851362908,,0,4.0,48.0
2025-04-15,93.28892218497388,94.69635492498821,92.65927954918925,92.80743408203125,1721700,528.8378295898438,223.0,4.0,4.0,4.0,12.0,-0.0002793834318266403,-0.0003652255038958696,,0,4.0,49.0
2025-04-16,92.2796489513141,93.44633414596467,90.50182982082323,91.31666564941406,1579400,517.082763671875,221.0,4.0,4.0,4.0,12.0,-0.0002688654089567739,-0.00032635045497438655,,0,4.0,50.0
2025-04-17,92.18704561551131,93.59448541701052,91.52962577227828,92.10371398925781,1480000,517.8206176757812,218.0,4.0,4.0,4.0,12.0,-0.000269828440499133,-0.0003034808268573698,,0,4.0,51.0
2025-04-21,91.25184580058458,92.00185868771588,88.66845944398061,89.69625854492188,1816600,505.4951171875,218.0,4.0,4.0,4.0,12.0,-0.00029369649461145534,-0.00027646359033794624,,0,4.0,52.0
2025-04-22,91.4463005522306,93.12225819866372,91.14999853079937,92.7889175415039,1384200,518.6469116210938,219.0,4.0,4.0,4.0,12.0,-0.0002698582816008744,-0.0002956379628512766,,0,4.0,53.0
2025-04-23,95.3352581101086,97.3075176257854,93.7426322186602,94.06671142578125,1565200,526.68359375,217.0,4.0,4.0,4.0,12.0,-0.00024730194913682546,-0.0002793834318266403,,0,4.0,54.0
2025-04-24,94.3167211238144,96.79825302917858,93.78893296423009,96.32601928710938,1678100,537.7698364257812,216.0,4.0,4.0,4.0,12.0,-0.00019383820097738965,-0.0002688654089567739,,0,4.0,55.0
2025-04-25,96.05749130991836,96.47417062065564,94.54820414749719,95.27970123291016,1276700,541.6553344726562,213.0,4.0,1.0,4.0,11.0,-0.0001825770547543077,-0.000269828440499133,,0,2.0,56.0
2025-04-28,95.62230130384256,96.97418671526147,95.39081514035806,95.93712615966797,1021300,541.8618774414062,210.0,4.0,1.0,4.0,11.0,-0.00017338905620071197,-0.00029369649461145534,,0,2.0,57.0
2025-04-29,95.37229744298305,96.54824402156673,94.90932512529866,96.32601928710938,1192300,545.2752685546875,207.0,4.0,1.0,4.0,11.0,-0.0001783285737906526,-0.0002698582816008744,,0,2.0,58.0
2025-04-30,93.52041800852076,95.3074916253189,92.33520988089462,95.1037826538086,2472300,545.49169921875,205.0,4.0,1.0,4.0,11.0,-0.0001817483581313524,-0.00024730194913682546,,0,2.0,59.0
2025-05-01,94.77969267000736,97.37234045369495,94.01115693345177,94.19635009765625,2730400,549.3574829101562,202.0,4.0,1.0,4.0,11.0,-0.0001956925146180629,-0.00019383820097738965,,0,2.0,60.0
2025-05-02,96.00195029745257,96.85381775722172,94.99266686397141,95.94639587402344,1633600,557.5122680664062,201.0,4.0,1.0,4.0,11.0,-0.0002179947253921459,-0.0001825770547543077,,0,2.0,61.0
2025-05-05,94.87229440144891,96.13157977568602,94.61303101223496,95.06674194335938,1457000,554.3153076171875,198.0,4.0,1.0,4.0,11.0,-0.0002310139610519192,-0.00017338905620071197,,0,2.0,62.0
2025-05-06,94.01116399389687,95.87231481364628,93.98338678327929,94.33524322509766,1787100,549.68212890625,196.0,4.0,1.0,4.0,11.0,-0.00024396487351777983,-0.0001783285737906526,,0,2.0,63.0
2025-05-07,95.18711604550272,95.49267242133234,93.26114941330547,93.73338317871094,2436300,551.9938354492188,193.0,4.0,1.0,4.0,11.0,-0.0002639435579585696,-0.0001817483581313524,,0,2.0,64.0
2025-05-08,94.54820917876097,96.83529360429135,94.28894580596186,95.93712615966797,1803700,555.8400268554688,193.0,4.0,1.0,4.0,11.0,-0.00027720313568459627,-0.0001956925146180629,,0,2.0,65.0
2025-05-09,96.28898125910065,96.65009910401218,95.53896836034548,95.9186019897461,1010800,555.1318359375,190.0,4.0,1.0,4.0,11.0,-0.00028083081996321964,-0.0002179947253921459,,0,2.0,66.0
2025-05-12,99.04829769933595,99.72423331974743,98.15013028248518,99.40015411376953,2350500,573.4775390625,193.0,4.0,1.0,4.0,11.0,-0.0002339569030594096,-0.0002310139610519192,,0,2.0,67.0
2025-05-13,99.51127275216005,100.33536292622344,98.94644595001813,99.44645690917969,1271800,577.2647094726562,190.0,4.0,1.0,4.0,11.0,-0.00020713110168970241,-0.00024396487351777983,,0,2.0,68.0
2025-05-14,99.19644692015103,99.58534903859895,97.89086864886661,98.4464340209961,1757300,578.0025024414062,188.0,4.0,1.0,4.0,11.0,-0.00019203796431674998,-0.0002639435579585696,,0,2.0,69.0
2025-05-15,97.89087226740563,99.36312091119031,97.75197915313983,99.07608032226562,1364000,580.8255615234375,186.0,4.0,1.0,4.0,11.0,-0.0002047223985487119,-0.00027720313568459627,,0,2.0,70.0
2025-05-16,98.90941143304055,99.70572443102729,98.603847990102,99.38164520263672,1434100,584.5045776367188,183.0,4.0,1.0,3.0,9.0,-0.00017882572652034754,-0.00028083081996321964,,0,2.0,71.0
2025-05-19,98.38161791487481,100.18720713555372,98.16864753952441,99.98350524902344,1516600,585.1439819335938,180.0,4.0,1.0,3.0,9.0,-0.00010781480397465352,-0.0002339569030594096,,0,2.0,72.0
2025-05-20,99.98349626759864,100.48983764350444,99.15835133306857,99.2708740234375,1369300,583.1765747070312,178.0,4.0,1.0,3.0,9.0,-4.974570946297466e-05,-0.00020713110168970241,,0,2.0,73.0
2025-05-21,98.60513862476014,98.68952528379772,95.41706701855418,95.45457458496094,2689200,573.3494873046875,183.0,4.0,1.0,3.0,9.0,-4.976174773737753e-05,-0.00019203796431674998,,1,2.0,74.0
2025-05-22,95.59521432381086,96.6172757851695,95.04199384260231,95.94215393066406,1384600,573.5758666992188,181.0,4.0,1.0,3.0,9.0,-0.00012159435781446538,-0.0002047223985487119,,0,2.0,75.0
2025-05-23,93.85115174798618,96.05467645074657,93.76676509324375,95.56708526611328,1499900,569.6607055664062,178.0,4.0,4.0,3.0,10.0,-0.00016953623684424961,-0.00017882572652034754,,0,4.0,76.0
2025-05-27,96.24220329658574,98.20193232918758,95.98903618857801,98.02377319335938,1970700,581.5042724609375,179.0,4.0,4.0,3.0,10.0,-0.00016901756909310428,-0.00010781480397465352,,0,4.0,77.0
2025-05-28,98.26757994407626,98.42698173959843,96.3453582560223,96.47663116455078,2260900,578.14013671875,177.0,4.0,4.0,3.0,10.0,-0.00015456454491007016,-4.974570946297466e-05,,0,4.0,78.0
2025-05-29,97.24551722444015,97.88313155259895,96.48600866951455,97.82687377929688,1364200,580.4222412109375,176.0,4.0,4.0,3.0,10.0,-0.00013896228871924324,-4.976174773737753e-05,,0,4.0,79.0
2025-05-30,97.30177630927273,97.77061017000781,96.44850240273009,97.41429901123047,3535600,579.7730712890625,173.0,4.0,4.0,3.0,10.0,-0.00013554527139772216,-0.00012159435781446538,,0,4.0,80.0
2025-06-02,96.88921260995855,97.16113712233349,95.56709761742907,97.14237976074219,1441000,583.0388793945312,171.0,4.0,4.0,3.0,10.0,-0.00012050570863558427,-0.00016953623684424961,,0,4.0,81.0
2025-06-03,96.8423143277138,98.45510383999226,96.01716936615023,97.9112548828125,1770800,586.3637084960938,169.0,4.0,4.0,3.0,10.0,-0.0001024779807431458,-0.00016901756909310428,,0,4.0,82.0
2025-06-04,98.5113553460336,98.9426815817311,97.31114196777344,97.31114196777344,1398500,586.206298828125,166.0,4.0,4.0,3.0,10.0,-0.0001026422947237884,-0.00015456454491007016,,0,4.0,83.0
2025-06-05,97.44241895389081,97.76122966992185,96.52350867734674,97.26426696777344,990000,583.373291015625,164.0,4.0,4.0,3.0,10.0,-9.37838582183098e-05,-0.00013896228871924324,,0,4.0,84.0
2025-06-06,98.71765160911481,99.22399301171477,98.2019386805339,98.99895477294922,1006400,589.364013671875,163.0,4.0,4.0,3.0,10.0,-9.848038442920908e-05,-0.00013554527139772216,,0,4.0,85.0
2025-06-09,99.39277185882462,99.78659055870298,98.52074064975884,99.22399139404297,1413700,589.8951416015625,161.0,4.0,1.0,3.0,9.0,-8.659437411305043e-05,-0.00012050570863558427,,0,2.0,86.0
2025-06-10,98.82080067811123,99.73033951333056,98.43636063197427,99.47716522216797,1117000,593.2396850585938,158.0,4.0,1.0,3.0,9.0,-7.511700814622137e-05,-0.0001024779807431458,,0,2.0,87.0
2025-06-11,99.64594888201061,100.15229032667638,98.00503031560454,98.08942413330078,2249100,591.5476684570312,157.0,4.0,1.0,3.0,9.0,-8.720196154585044e-05,-0.0001026422947237884,,0,2.0,88.0
2025-06-12,97.90188061906471,98.52073753447112,96.58914450714323,98.36133575439453,1428800,593.8987426757812,155.0,4.0,1.0,3.0,9.0,-9.111107498285104e-05,-9.37838582183098e-05,,0,2.0,89.0
2025-06-13,97.07672731888826,97.77997803218514,96.2797112745857,96.5516357421875,1358200,587.2588500976562,155.0,4.0,1.0,3.0,9.0,-8.865210574110148e-05,-9.848038442920908e-05,,0,2.0,90.0
2025-06-16,97.5455684572152,98.53012239134357,96.95484038904021,98.39884948730469,1559900,592.84619140625,155.0,4.0,1.0,3.0,9.0,-6.687508167459802e-05,-8.659437411305043e-05,,0,2.0,91.0
2025-06-17,97.57369306511379,98.38008781390286,96.59851785369824,96.9454574584961,1897000,587.7802734375,154.0,4.0,1.0,3.0,9.0,-7.63515897297032e-05,-7.511700814622137e-05,,0,2.0,92.0
2025-06-18,97.03922604451745,98.5582502590628,96.9173318216941,97.6205825805664,1385300,587.691650390625,152.0,4.0,1.0,3.0,9.0,-8.177720959284412e-05,-8.720196154585044e-05,,0,2.0,93.0
2025-06-20,98.04253334617943,99.09272375545183,97.55494928527536,97.82687377929688,2639200,586.3114624023438,150.0,4.0,1.0,1.0,7.0,-8.783634432038053e-05,-9.111107498285104e-05,,0,2.0,94.0
2025-06-23,97.517433419624,99.23336689767848,96.66415244336088,99.0177001953125,1672900,592.1027221679688,148.0,4.0,1.0,1.0,7.0,-7.976524000324268e-05,-8.865210574110148e-05,,0,2.0,95.0
2025-06-24,99.60844344182829,100.88366493899582,99.56155719504731,99.67407989501953,1769700,598.6438598632812,146.0,4.0,1.0,1.0,7.0,-7.056489932223492e-05,-6.687508167459802e-05,,0,2.0,96.0
2025-06-25,99.63656720500843,99.76784010464083,98.66139198357034,98.94268798828125,1334500,598.979248046875,144.0,4.0,1.0,1.0,7.0,-8.837810976865575e-05,-7.63515897297032e-05,,0,2.0,97.0
2025-06-26,99.51467675738607,100.35857917184796,99.17711579160131,100.08665466308594,1487500,603.6655883789062,143.0,4.0,1.0,1.0,7.0,-9.370580500629197e-05,-8.177720959284412e-05,,0,2.0,98.0
2025-06-27,100.4804752128794,101.15558995469137,99.64594436965345,100.45233917236328,2153400,606.664794921875,141.0,4.0,1.0,1.0,7.0,-9.956627094315648e-05,-8.783634432038053e-05,,0,2.0,99.0
2025-06-30,100.18042035259869,100.93055742444015,100.10541236848438,100.74302673339844,1664400,609.5653686523438,139.0,4.0,1.0,1.0,7.0,-8.563362943724618e-05,-7.976524000324268e-05,,0,2.0,100.0
2025-07-01,100.57424022272922,102.84339435600009,100.33044461591528,102.20578002929688,1456700,609.3681030273438,138.0,4.0,1.0,1.0,7.0,-6.600527267187929e-05,-7.056489932223492e-05,,0,2.0,101.0
2025-07-02,102.54334269355662,102.82464587181028,100.67738592906251,101.88697814941406,1552900,612.1305541992188,136.0,4.0,1.0,1.0,7.0,-5.7236826134494505e-05,-8.837810976865575e-05,,0,2.0,102.0
2025-07-03,101.91510241348867,103.13406610500797,101.81195839639685,102.28079223632812,732300,616.9549560546875,135.0,4.0,1.0,1.0,7.0,-3.3306089896690294e-05,-9.370580500629197e-05,,0,2.0,103.0
2025-07-07,101.7650706154162,102.8058822966666,99.65531836755785,99.8147201538086,1402000,612.3574829101562,137.0,4.0,1.0,1.0,7.0,-1.3435347085860896e-05,-9.956627094315648e-05,,0,2.0,104.0
2025-07-08,100.2929339308547,101.77445057828334,99.79597120637416,100.8742904663086,1465500,612.0220336914062,135.0,4.0,1.0,1.0,7.0,3.4097320746274225e-06,-8.563362943724618e-05,,0,2.0,105.0
2025-07-09,101.24935395133303,101.6806802031679,99.57092803324568,99.95536804199219,1353600,615.692138671875,134.0,4.0,1.0,1.0,7.0,-3.6234908802645124e-07,-6.600527267187929e-05,,0,2.0,106.0
2025-07-10,100.33044064291978,101.34312344296535,99.65531877622273,100.4710922241211,1262800,617.4285278320312,132.0,4.0,1.0,1.0,7.0,-3.1964626644240364e-05,-5.7236826134494505e-05,,0,2.0,107.0
2025-07-11,99.39276747242212,99.80534351342203,98.34257716525701,99.33650970458984,1425100,615.2579956054688,131.0,4.0,1.0,1.0,7.0,-5.843802984106117e-05,-3.3306089896690294e-05,,0,2.0,108.0
2025-07-14,98.3988563875996,99.16774365967619,97.88313626139818,98.9333267211914,1412500,616.43212890625,129.0,4.0,4.0,1.0,8.0,-8.991710538391428e-05,-1.3435347085860896e-05,,0,4.0,109.0
2025-07-15,98.45510544500047,99.0270832965593,96.52351233216436,96.56101989746094,1577900,613.7979125976562,132.0,4.0,4.0,1.0,8.0,-0.00012948484002205977,3.4097320746274225e-06,,0,4.0,110.0
2025-07-16,96.2703405816232,96.94546246700803,94.2543536054982,95.82963562011719,1699500,615.8499755859375,130.0,4.0,4.0,1.0,8.0,-0.00016540392417846274,-3.6234908802645124e-07,,0,4.0,111.0
2025-07-17,95.39831777531576,96.81419812383322,95.17327951156486,96.70167541503906,1301500,619.6187133789062,129.0,4.0,4.0,1.0,8.0,-0.00017698138550222248,-3.1964626644240364e-05,,0,4.0,112.0
2025-07-18,96.748552489735,96.95484052604095,96.22346087283749,96.83293914794922,1315000,619.1649780273438,127.0,4.0,4.0,1.0,8.0,-0.00016534522553118705,-5.843802984106117e-05,,0,4.0,113.0
2025-07-21,97.17988502936466,97.4424308547282,95.68899674083428,95.74525451660156,1535200,620.3389892578125,126.0,4.0,4.0,1.0,8.0,-0.0001826947439522747,-8.991710538391428e-05,,0,4.0,114.0
2025-07-22,96.11094235392953,97.85500490456145,95.75463119180361,97.7237319946289,1561400,620.4277954101562,127.0,4.0,4.0,1.0,8.0,-0.00020043083701830496,-0.00012948484002205977,,0,4.0,115.0
2025-07-23,98.57701424441011,99.07398419270432,97.86439185990221,98.7833023071289,1500800,625.7059936523438,126.0,4.0,4.0,1.0,8.0,-0.00021012946541386208,-0.00016540392417846274,,0,4.0,116.0
2025-07-24,98.79267472671756,98.93332632000552,97.71435538329283,97.80812072753906,1285400,625.9132690429688,125.0,4.0,4.0,1.0,8.0,-0.0002066668008927083,-0.00017698138550222248,,0,4.0,117.0
2025-07-25,97.99564359339062,98.74577338655689,97.52680978997317,98.65200805664062,1122900,628.5572509765625,124.0,4.0,4.0,1.0,8.0,-0.0001928834818083276,-0.00016534522553118705,,0,4.0,118.0
2025-07-28,98.45510459807981,98.45510459807981,96.95483776830496,97.28302001953125,1649000,628.3994140625,123.0,4.0,4.0,1.0,8.0,-0.00019371523222024302,-0.0001826947439522747,,0,4.0,119.0
2025-07-29,98.30507675445631,98.91456218104962,96.80480988780592,96.99234771728516,1401500,626.741943359375,122.0,4.0,4.0,1.0,8.0,-0.00017167527568655555,-0.00020043083701830496,,0,4.0,120.0
2025-07-30,96.68292134563885,96.97359605611742,94.3481306736517,95.43582153320312,2663700,625.9526977539062,122.0,4.0,4.0,1.0,8.0,-0.00018004356087403416,-0.00021012946541386208,,0,4.0,121.0
2025-07-31,96.16720160328057,99.2615080221992,95.85777668445844,97.12362670898438,3500600,623.6046752929688,122.0,4.0,4.0,1.0,8.0,-0.00015041530124179,-0.0002066668008927083,,0,4.0,122.0
2025-08-01,95.73586786757458,96.0452999162138,93.14790309012793,94.43251037597656,2467700,613.3834838867188,126.0,4.0,4.0,1.0,8.0,-0.00015820574383072265,-0.0001928834818083276,,0,4.0,123.0
2025-08-04,94.70444590520967,95.6327350055625,94.62005923874007,95.38894653320312,1671800,622.7067260742188,125.0,4.0,4.0,1.0,8.0,-0.00014179037392458667,-0.00019371523222024302,,0,4.0,124.0
2025-08-05,95.76400405238707,97.06736164332888,95.69836759650644,96.7485580444336,1884200,619.5496215820312,125.0,4.0,4.0,1.0,8.0,-0.00014475360938990154,-0.00017167527568655555,,0,4.0,125.0
2025-08-06,97.20800582363016,98.21130994635476,96.91733113458478,97.59245300292969,1656500,624.2952270507812,124.0,4.0,4.0,1.0,8.0,-0.00011200376806101264,-0.00018004356087403416,,0,4.0,126.0
2025-08-07,97.95814210714973,98.54887016071848,94.2731078975468,94.40438079833984,2408200,623.7722778320312,130.0,4.0,4.0,1.0,8.0,-0.0001292758856414873,-0.00015041530124179,,0,4.0,127.0
2025-08-08,95.02323388138582,97.22675852778998,94.92946854945797,96.86106872558594,1996500,628.6361083984375,133.0,4.0,4.0,1.0,8.0,-0.00013392154270116638,-0.00015820574383072265,,0,4.0,128.0
2025-08-11,97.12362363410358,97.98627621496036,96.59852484910807,96.82357025146484,2000100,627.39306640625,131.0,4.0,4.0,1.0,8.0,-0.0001572577886973789,-0.00014179037392458667,,0,4.0,129.0
2025-08-12,97.70496719370853,99.04583223205967,97.44242139383611,98.66139221191406,1466700,634.072265625,131.0,4.0,4.0,1.0,8.0,-0.00012639234368255962,-0.00014475360938990154,,0,4.0,130.0
2025-08-13,99.14897053217341,100.68674483179583,98.85829586390211,100.49921417236328,1803900,636.2428588867188,132.0,4.0,4.0,1.0,8.0,-0.00010387167654605347,-0.00011200376806101264,,0,4.0,131.0
2025-08-14,100.24606068601271,100.35857623542398,99.12085511504051,100.16166687011719,1156500,636.302001953125,130.0,4.0,4.0,1.0,8.0,-6.0068408277050624e-05,-0.0001292758856414873,,0,4.0,132.0
2025-08-15,100.74301549963403,100.74301549963403,99.28962776769613,99.31775665283203,1188000,634.8123168945312,129.0,4.0,4.0,1.0,8.0,-4.8086975781233545e-05,-0.00013392154270116638,,0,4.0,133.0
2025-08-18,99.01770370151381,100.06789405860098,98.71765033575127,99.97412872314453,1452200,634.6741333007812,127.0,4.0,4.0,1.0,8.0,-3.487343523625168e-05,-0.0001572577886973789,,0,4.0,134.0
2025-08-19,99.91715739038224,101.63609867459436,99.91715739038224,100.90483856201172,1251100,631.23095703125,126.0,4.0,4.0,1.0,8.0,-3.9202011720072383e-05,-0.00012639234368255962,,0,4.0,135.0
2025-08-20,101.06627400474905,102.1489228739639,100.99979581964213,101.74055480957031,1538100,629.5537719726562,124.0,4.0,1.0,1.0,7.0,-1.6047452356455175e-05,-0.00010387167654605347,,0,2.0,136.0
2025-08-21,101.39866312299604,102.01596468545993,101.0377825882162,101.7785415649414,1148800,627.0280151367188,122.0,4.0,1.0,1.0,7.0,-2.066441264045584e-05,-6.0068408277050624e-05,,0,2.0,137.0
2025-08-22,102.57629028004986,105.40636990911803,102.47182352405282,104.36170959472656,1957200,636.6571655273438,125.0,4.0,1.0,1.0,7.0,1.88461897738175e-05,-4.8086975781233545e-05,,0,2.0,138.0
2025-08-25,104.11477803548729,104.71308890093111,103.42150662215417,103.62094116210938,1211800,633.8552856445312,124.0,4.0,1.0,1.0,7.0,5.7362321005595895e-05,-3.487343523625168e-05,,0,2.0,139.0
2025-08-26,103.19358500578633,103.98182423196624,103.09860996440563,103.87735748291016,2739900,636.5091552734375,122.0,4.0,1.0,1.0,7.0,0.00012277466956209804,-3.9202011720072383e-05,,0,2.0,140.0
2025-08-27,103.40252247513361,104.39020359889116,103.40252247513361,103.96284484863281,1281100,637.9595336914062,120.0,4.0,1.0,1.0,7.0,0.0001584772434904284,-1.6047452356455175e-05,,0,2.0,141.0
2025-08-28,104.11478752395116,104.11478752395116,102.76622589530866,103.26956176757812,936200,640.21875,119.0,4.0,1.0,1.0,7.0,0.00016640798553700385,-2.066441264045584e-05,,0,2.0,142.0
2025-08-29,103.63045281641834,104.57064640446274,103.5639746282855,104.1432876586914,1449900,636.400634765625,118.0,4.0,1.0,1.0,7.0,0.0001889793599622212,1.88461897738175e-05,,0,2.0,143.0
2025-09-02,103.26007119628063,103.3075514750752,100.85734302721302,102.00647735595703,2020300,631.6847534179688,119.0,4.0,1.0,1.0,7.0,0.00018800688700335662,5.7362321005595895e-05,,1,2.0,144.0
2025-09-03,101.55061306875712,102.31036992025831,101.02827932765275,102.02545928955078,1427500,635.1082153320312,118.0,4.0,1.0,1.0,7.0,0.00018705750212722253,0.00012277466956209804,,0,2.0,145.0
2025-09-04,102.53830459891319,103.49749609210079,101.85452481151526,103.36453247070312,1392400,640.4160766601562,117.0,4.0,1.0,1.0,7.0,0.00017186188658837708,0.0001584772434904284,,0,2.0,146.0
2025-09-05,103.7539028925517,103.86786859795866,99.48028675510105,100.3919906616211,1633100,638.5613403320312,122.0,4.0,1.0,1.0,7.0,0.00012475541796835897,0.00016640798553700385,,0,2.0,147.0
2025-09-08,100.06910014053267,100.68639446171119,98.58757493119965,100.51544952392578,1418100,640.1300048828125,120.0,4.0,4.0,1.0,8.0,8.0398118335756e-05,0.0001889793599622212,,0,4.0,148.0
2025-09-09,100.65791142293594,101.42716731601973,100.17357343888146,100.23055267333984,1071900,641.6099853515625,119.0,4.0,4.0,1.0,8.0,2.9205998922019306e-05,0.00018800688700335662,,0,4.0,149.0
2025-09-10,100.00262232132592,101.04728261357204,99.74620129092212,100.35400390625,1370500,643.4647216796875,117.0,4.0,4.0,1.0,8.0,2.447212762502205e-05,0.00018705750212722253,,0,4.0,150.0
2025-09-11,100.42998823465905,101.7215706960939,100.17357443147648,101.60760498046875,1461400,648.8119506835938,116.0,4.0,4.0,1.0,8.0,5.6232310631506025e-05,0.00017186188658837708,,0,4.0,151.0
2025-09-12,101.44614810853572,102.03496004110595,101.02828110828729,101.52212524414062,1628300,648.5949096679688,115.0,4.0,4.0,1.0,8.0,7.019959611227462e-05,0.00012475541796835897,,0,4.0,152.0
2025-09-15,101.45565324656377,101.99697769098518,99.9836269481935,100.14507293701172,1805600,652.0480346679688,114.0,4.0,4.0,1.0,8.0,7.300157762981785e-05,8.0398118335756e-05,,0,4.0,153.0
2025-09-16,100.09759385422731,100.09759385422731,96.52674792182934,97.01109313964844,2637300,651.1502075195312,121.0,4.0,4.0,1.0,8.0,4.242095887378314e-06,2.9205998922019306e-05,,0,4.0,154.0
2025-09-17,97.03957336369731,99.0909052569828,96.9446055692488,97.82781982421875,2052900,650.3412475585938,120.0,4.0,4.0,1.0,8.0,-6.09089210315379e-05,2.447212762502205e-05,,0,4.0,155.0
2025-09-18,98.10324492440552,99.10041777093485,97.70436854021452,98.64456939697266,1150600,653.3798828125,118.0,4.0,4.0,1.0,8.0,-0.00010519221756083497,5.6232310631506025e-05,,0,4.0,156.0
2025-09-19,98.82499584016696,99.00543972756012,97.70435843879926,98.3786392211914,3063700,656.6160278320312,117.0,4.0,4.0,1.0,8.0,-6.586788793869158e-05,7.019959611227462e-05,,0,4.0,157.0
2025-09-22,97.75185757748993,98.4166394854504,97.51443443242127,97.6758804321289,1454700,659.7225952148438,115.0,4.0,4.0,1.0,8.0,-5.3205800596345345e-05,7.300157762981785e-05,,0,4.0,158.0
2025-09-23,97.87530953264708,99.05293348316789,97.60939678432915,97.94178771972656,1301500,656.1312255859375,114.0,4.0,4.0,1.0,8.0,-4.609673153529089e-05,4.242095887378314e-06,,0,4.0,159.0
2025-09-24,97.94179424840193,98.33117168837929,97.60940329084777,98.12223815917969,1131100,654.043701171875,112.0,4.0,4.0,1.0,8.0,-9.017864598664413e-05,-6.09089210315379e-05,,0,4.0,160.0
2025-09-25,97.88480961060587,98.5495914890338,97.11556097334226,97.45745086669922,1219600,651.0263061523438,111.0,4.0,4.0,1.0,8.0,-7.752361302684318e-05,-0.00010519221756083497,,0,4.0,161.0
2025-09-26,98.3216679623325,99.24287088969216,97.82783102729984,99.15740203857422,1493200,654.7560424804688,112.0,4.0,4.0,1.0,8.0,6.216333493504356e-06,-6.586788793869158e-05,,0,4.0,162.0
2025-09-29,99.3378427425291,99.41381988811568,97.7803474859011,98.60658264160156,1926700,656.59619140625,110.0,4.0,4.0,1.0,8.0,0.0001096280659851837,-5.3205800596345345e-05,,0,4.0,163.0
2025-09-30,98.44512538455861,98.81550486996736,97.23901188441947,98.5210952758789,1745100,659.0694580078125,109.0,4.0,4.0,1.0,8.0,0.00018676258508815245,-4.609673153529089e-05,,0,4.0,164.0
2025-10-01,97.9132970177085,98.77752068573972,97.61889465613162,97.80883026123047,1263100,661.3153076171875,107.0,4.0,4.0,1.0,8.0,0.00011905980550138582,-9.017864598664413e-05,,0,4.0,165.0
2025-10-02,97.34348627547249,98.4261352017192,96.52675010366121,96.81166076660156,1215100,662.0770263671875,107.0,4.0,4.0,1.0,8.0,6.388972617787773e-05,-7.752361302684318e-05,,0,4.0,166.0
2025-10-03,97.01108986347417,99.0814197934667,97.01108986347417,98.7870101928711,1335900,662.0671997070312,109.0,4.0,4.0,1.0,8.0,3.2317440033457984e-05,6.216333493504356e-06,,0,4.0,167.0
2025-10-06,98.85348765452186,99.50877779020144,97.60939281311623,98.02725982666016,1340400,664.4415283203125,108.0,4.0,4.0,1.0,8.0,3.1502638692387895e-05,0.0001096280659851837,-1.0,0,4.0,168.0
2025-10-07,98.57808320836845,99.20487648310194,98.1317265794635,98.49260711669922,1082400,661.9781494140625,106.0,4.0,1.0,1.0,7.0,3.088171602508765e-05,0.00018676258508815245,-1.0,0,2.0,169.0
2025-10-08,98.62556347755859,98.93896373768959,97.43844786698233,97.71385955810547,1123600,665.925537109375,105.0,4.0,1.0,1.0,7.0,9.676070550603301e-06,0.00011905980550138582,-1.0,0,2.0,170.0
2025-10-09,98.22670205696237,98.85349538068833,97.15355206944257,97.40046691894531,969600,663.9963989257812,104.0,4.0,4.0,1.0,8.0,1.81569527491847e-05,6.388972617787773e-05,-1.0,0,4.0,171.0
2025-10-10,97.83732409943403,98.06525553008329,94.02906216013739,94.14302062988281,2199400,646.0499877929688,112.0,4.0,4.0,1.0,8.0,-8.137262979343487e-06,3.2317440033457984e-05,-1.0,0,4.0,172.0
2025-10-13,94.96925636574073,96.41278587444513,94.78881246006047,96.1563720703125,1433300,655.9630126953125,114.0,4.0,4.0,1.0,8.0,-3.7656264434352324e-05,3.1502638692387895e-05,-1.0,0,4.0,173.0
2025-10-14,95.5390632444732,99.10990904309503,95.49158296722123,98.48310852050781,1788500,655.1616821289062,117.0,4.0,4.0,1.0,8.0,-2.917123777757727e-05,3.088171602508765e-05,-1.0,0,4.0,174.0
2025-10-15,98.54009864902089,99.55626936328096,97.12505156670494,97.94178771972656,1613300,658.0703125,116.0,4.0,4.0,1.0,8.0,-2.371616849702706e-05,9.676070550603301e-06,-1.0,0,4.0,175.0
2025-10-16,97.36246696313283,97.81832252801692,94.58936674302495,94.82678985595703,1746800,653.5886840820312,122.0,4.0,4.0,4.0,12.0,-4.8529135714826546e-05,1.81569527491847e-05,-1.0,0,4.0,176.0
2025-10-17,94.9977499866322,95.89996230747417,94.79831540932933,95.60555267333984,1277900,657.2986450195312,121.0,4.0,4.0,4.0,12.0,-8.379435242240447e-05,-8.137262979343487e-06,-1.0,0,4.0,177.0
2025-10-20,95.91893625254379,96.88761935139622,95.67201418986443,96.41277313232422,1114600,664.1348876953125,120.0,4.0,4.0,4.0,12.0,-9.313144253248396e-05,-3.7656264434352324e-05,-1.0,0,4.0,178.0
2025-10-21,96.07089776784606,97.2770040672198,96.00441233640534,96.73567962646484,1127500,664.1249389648438,118.0,4.0,4.0,4.0,12.0,-5.752005146475588e-05,-2.917123777757727e-05,-1.0,0,4.0,179.0
2025-10-22,97.21053788812682,97.3529932313056,96.07090963385602,96.95411682128906,1485900,660.6722412109375,116.0,4.0,4.0,4.0,12.0,-3.265322803250738e-05,-2.371616849702706e-05,1.0,0,4.0,180.0
2025-10-23,97.44795377643081,97.44795377643081,96.30832560716281,96.64071655273438,935000,664.5899658203125,115.0,4.0,4.0,4.0,12.0,-3.297744622950781e-05,-4.8529135714826546e-05,-1.0,0,4.0,181.0
2025-10-24,97.27701207521424,97.59041236818219,96.75467825360099,97.03958892822266,916900,670.0213012695312,113.0,4.0,4.0,4.0,12.0,-3.649070795192748e-05,-8.379435242240447e-05,-1.0,0,4.0,182.0
2025-10-27,97.40995168104409,97.78033114691445,96.70718131574884,97.06806182861328,1611300,677.9260864257812,111.0,4.0,4.0,4.0,12.0,-3.373445976476138e-05,-9.313144253248396e-05,-1.0,0,4.0,183.0
2025-10-28,96.59322793777146,97.05857525632568,95.7859907231752,96.34630584716797,1394500,679.7266235351562,110.0,4.0,4.0,4.0,12.0,1.4549401901858584e-06,-5.752005146475588e-05,-1.0,0,4.0,184.0
2025-10-29,95.75749823676118,96.35580191411721,95.15918731382625,96.0993881225586,2284500,680.0531005859375,109.0,4.0,4.0,4.0,12.0,4.925158211443412e-06,-3.265322803250738e-05,-1.0,0,4.0,185.0
2025-10-30,98.2077095344437,99.62274939741621,97.35298479501833,97.90380096435547,2493500,672.5739135742188,110.0,4.0,1.0,4.0,11.0,1.2701009159219626e-05,-3.297744622950781e-05,1.0,0,2.0,186.0
2025-10-31,97.17252942373418,99.03392572235092,96.4697590523003,98.76801300048828,2121000,674.780029296875,109.0,4.0,1.0,4.0,11.0,-9.422973806297961e-07,-3.649070795192748e-05,1.0,0,2.0,187.0
2025-11-03,98.5590881886271,99.39482224019505,97.36247358925046,99.36632537841797,1908400,676.04638671875,108.0,4.0,1.0,4.0,11.0,1.886311543514245e-05,-3.373445976476138e-05,1.0,0,2.0,188.0
2025-11-04,99.02443946267164,100.14507696672572,98.4736232877407,99.75570678710938,1674000,668.0327758789062,106.0,4.0,1.0,4.0,11.0,3.10147415242692e-05,1.4549401901858584e-06,1.0,0,2.0,189.0
2025-11-05,100.0975945187062,100.66740858991065,99.14790198483912,99.1763916015625,1572100,670.3478393554688,105.0,4.0,1.0,4.0,11.0,3.9029627347716875e-05,4.925158211443412e-06,1.0,0,2.0,190.0
2025-11-06,99.55626459813143,101.199228533991,98.60657211640681,99.90764617919922,2445400,663.1554565429688,104.0,4.0,1.0,4.0,11.0,4.873390516821659e-05,1.2701009159219626e-05,1.0,0,2.0,191.0
2025-11-07,99.72721243531642,100.97130730397608,99.3093454126184,100.94281768798828,1524400,663.808349609375,103.0,4.0,1.0,3.0,9.0,4.6260097860015536e-05,-9.422973806297961e-07,1.0,0,1.0,1.0
2025-11-10,101.00929333619929,102.29137674249299,100.60092527761611,101.61709594726562,1677400,674.1666259765625,102.0,4.0,1.0,3.0,9.0,7.463612178452538e-05,1.886311543514245e-05,1.0,0,1.0,2.0
2025-11-11,101.90201096434728,102.34836036539622,101.25621975667735,101.37017822265625,1849100,675.7099609375,101.0,4.0,1.0,3.0,9.0,0.00011408006663459326,3.10147415242692e-05,1.0,0,1.0,3.0
2025-11-12,101.61709740292694,103.08912367475226,101.59810674099974,102.36735534667969,1658300,676.0859375,100.0,1.0,1.0,3.0,3.0,0.00017205958470619073,3.9029627347716875e-05,1.0,0,1.0,4.0
2025-11-13,102.16791788563121,102.95616437639897,101.83552696951786,102.42433166503906,1613100,664.8670043945312,99.0,1.0,1.0,3.0,3.0,0.00022435363668589706,4.873390516821659e-05,1.0,0,1.0,5.0
2025-11-14,102.12043218190082,102.6617566108025,100.97130513969125,101.76905059814453,1454700,664.7581176757812,98.0,1.0,1.0,3.0,3.0,0.00021147820122570287,4.6260097860015536e-05,1.0,0,1.0,6.0
2025-11-17,101.81653271434918,101.90200880760322,97.8278270867712,98.30267333984375,2342300,658.56494140625,107.0,4.0,1.0,3.0,9.0,0.00015098931600036528,7.463612178452538e-05,-1.0,0,2.0,7.0
2025-11-18,97.71570867039512,99.67867650542036,97.3981669489281,98.7645492553711,1839200,653.03466796875,106.0,4.0,1.0,3.0,9.0,7.184293888537608e-05,0.00011408006663459326,1.0,0,1.0,8.0
2025-11-19,98.66832686975992,99.78452412645609,98.34116066845725,99.64981079101562,1835000,655.557373046875,105.0,4.0,1.0,3.0,9.0,5.49630802731861e-05,0.00017205958470619073,1.0,0,1.0,9.0
2025-11-20,100.59280728683659,101.78598564013552,99.6016989282743,100.18866729736328,1612200,645.5652465820312,103.0,4.0,1.0,3.0,9.0,8.167846637673511e-05,0.00022435363668589706,1.0,0,1.0,10.0
2025-11-21,100.80450781374522,103.86443869455934,100.50620770151127,102.71936798095703,2721700,651.995849609375,107.0,1.0,1.0,3.0,3.0,0.00016549530236059946,0.00021147820122570287,1.0,0,1.0,11.0
2025-11-24,102.61351740408556,103.75858808048315,102.06503959144553,103.14275360107422,2749600,661.59228515625,106.0,1.0,1.0,3.0,3.0,0.0002230115307441661,0.00015098931600036528,1.0,0,1.0,12.0
2025-11-25,104.10499433290283,104.88440822831092,103.76820366277867,104.25894927978516,1487200,667.8151245117188,105.0,1.0,1.0,3.0,3.0,0.0002647722624333656,7.184293888537608e-05,1.0,0,1.0,13.0
2025-11-26,104.47064683261544,104.88441131770531,103.86443682292264,103.89330291748047,1419400,672.4254150390625,104.0,1.0,1.0,3.0,3.0,0.00024390343939747583,5.49630802731861e-05,1.0,0,1.0,14.0
2025-11-28,103.78745345209616,104.84591849737878,103.77782897367443,104.16272735595703,834900,676.0958862304688,103.0,1.0,1.0,3.0,3.0,0.0002574827068956735,8.167846637673511e-05,-1.0,0,1.0,15.0
2025-12-01,104.04725210684728,105.13459055048386,103.87404820776605,104.13385772705078,1516300,673.0091552734375,101.0,1.0,1.0,3.0,3.0,0.0002659872312267549,0.00016549530236059946,1.0,0,1.0,16.0
2025-12-02,104.54762113250811,104.54762113250811,103.17161443186136,103.77782440185547,1368500,674.2556762695312,100.0,1.0,1.0,3.0,3.0,0.00028483950361814914,0.0002230115307441661,-1.0,0,1.0,17.0
2025-12-03,104.23008139037584,105.788916495662,103.2389730364194,105.4328842163086,1688900,676.5905151367188,100.0,1.0,1.0,3.0,3.0,0.00029323285102543143,0.0002647722624333656,1.0,0,1.0,18.0
2025-12-04,105.53873380170471,106.81851779890475,105.40402046950743,106.08721160888672,1648000,677.0851440429688,99.0,1.0,1.0,3.0,3.0,0.00033104856414557186,0.00024390343939747583,1.0,0,1.0,19.0
2025-12-05,106.24117421712424,107.64604707235024,106.05834583373884,107.46321868896484,1806300,678.3712768554688,99.0,1.0,1.0,3.0,3.0,0.00038116582461634926,0.0002574827068956735,1.0,0,1.0,20.0
2025-12-08,107.13604383309568,107.47283447869893,106.43361113293417,107.12642669677734,1928700,676.3333129882812,98.0,1.0,1.0,3.0,3.0,0.000415089494177465,0.0002659872312267549,1.0,0,1.0,21.0
2025-12-09,107.28039030557943,108.5697987850471,106.71267088123153,107.46321868896484,1153800,675.7495727539062,97.0,1.0,1.0,1.0,1.0,0.0004298401776218327,0.00028483950361814914,1.0,0,1.0,22.0
2025-12-10,107.53057435259011,110.76370898754453,106.90511540486914,110.42692565917969,1815300,680.231201171875,102.0,1.0,1.0,1.0,1.0,0.0004700512820396375,0.00029323285102543143,1.0,0,1.0,23.0
2025-12-11,110.67710463687254,113.49647483185122,110.64823854287044,112.63046264648438,1736300,681.8141479492188,104.0,1.0,1.0,1.0,1.0,0.000528281119785669,0.00033104856414557186,1.0,0,1.0,24.0
2025-12-12,113.32327532275718,113.496479234815,112.09160632204662,112.54386138916016,1673300,674.4832763671875,103.0,1.0,1.0,1.0,1.0,0.0005652354413984141,0.00038116582461634926,1.0,0,1.0,25.0
2025-12-15,113.54458158252459,113.84287432050876,112.24555605810826,113.15968322753906,1418400,673.4641723632812,101.0,1.0,1.0,1.0,1.0,0.000576330304703746,0.000415089494177465,1.0,0,1.0,26.0
2025-12-16,113.30402519303189,113.64080851302627,111.91839400068265,112.6593246459961,2343800,671.6240844726562,100.0,1.0,1.0,1.0,1.0,0.0005486868975562733,0.0004298401776218327,1.0,0,1.0,27.0
2025-12-17,112.57272223184242,112.8806394676532,110.70597720156968,111.31218719482422,2065500,664.2338256835938,100.0,1.0,1.0,1.0,1.0,0.0005169410953489249,0.0004700512820396375,1.0,0,1.0,28.0
2025-12-18,111.17747116395648,111.70670000007884,110.03240052983723,111.18709564208984,1866500,669.2496948242188,99.0,1.0,1.0,1.0,1.0,0.0004772019496652429,0.000528281119785669,1.0,0,1.0,29.0
2025-12-19,110.66748809273075,111.5335076240639,109.95542351067566,110.64823913574219,3239600,675.3153686523438,97.0,1.0,1.0,1.0,1.0,0.0004359461277206465,0.0005652354413984141,-1.0,0,1.0,30.0
2025-12-22,110.94654418455711,111.00427637544439,110.01316794480537,110.50390625,1433000,679.5224609375,96.0,1.0,1.0,1.0,1.0,0.00041085340658429654,0.000576330304703746,-1.0,0,1.0,31.0
2025-12-23,110.35956579257083,110.87917748754516,109.8399540975965,109.86882019042969,1229000,682.6282348632812,95.0,1.0,1.0,1.0,1.0,0.00036815057639897887,0.0005486868975562733,-1.0,0,1.0,32.0
2025-12-24,110.34031788805811,110.71559178111737,109.44543229507241,110.224853515625,591200,685.0294799804688,93.0,1.0,1.0,1.0,1.0,0.0003720645894541695,0.0005169410953489249,-1.0,0,1.0,33.0
2025-12-26,110.04202192899233,110.55200913590431,109.41656301168824,109.666748046875,761200,684.9600219726562,92.0,1.0,1.0,1.0,1.0,0.00036183057235675964,0.0004772019496652429,-1.0,0,1.0,34.0
2025-12-29,109.74373419038866,110.0708930394265,108.56979744252175,109.05091857910156,1042600,682.51904296875,91.0,1.0,1.0,1.0,1.0,0.0003666496143676361,0.0004359461277206465,-1.0,0,1.0,35.0
2025-12-30,109.25299342215077,109.57053514829836,108.89696112241018,109.39733123779297,718900,681.685546875,90.0,1.0,1.0,1.0,1.0,0.0003512351765858725,0.00041085340658429654,-1.0,0,1.0,36.0
2025-12-31,109.46468255810828,109.49354865156116,108.56979695443978,108.61790466308594,967400,676.635009765625,89.0,1.0,1.0,1.0,1.0,0.00038787024987812753,0.00036815057639897887,-1.0,0,1.0,37.0
2026-01-02,108.60829144885342,109.8784509959365,107.36699799626577,109.5705337524414,1150900,677.8753051757812,89.0,1.0,4.0,1.0,2.0,0.00043741046824185447,0.0003720645894541695,1.0,0,1.0,38.0
2026-01-05,108.94507418627924,113.83326682347811,108.94507418627924,112.92875671386719,2087500,682.3900756835938,97.0,1.0,4.0,1.0,2.0,0.000524217857918975,0.00036183057235675964,1.0,0,2.0,39.0
2026-01-06,112.07236294654055,113.93911537593615,110.95615834383871,113.22705078125,1549500,686.4483642578125,95.0,1.0,4.0,1.0,2.0,0.0005904837441621089,0.0003666496143676361,1.0,0,2.0,40.0
2026-01-07,112.85177565165498,112.95762289185065,111.40841220316076,112.4380111694336,1608000,684.2356567382812,94.0,1.0,4.0,1.0,2.0,0.0006103879234570817,0.0003512351765858725,1.0,0,2.0,41.0
2026-01-08,112.87102160335539,115.23813671489746,112.30329484457496,114.2374038696289,1569500,684.1661987304688,95.0,1.0,1.0,1.0,1.0,0.000603422550140737,0.00038787024987812753,1.0,0,1.0,42.0
2026-01-09,114.30475788978677,115.02643957811594,113.46760448844768,113.62156677246094,1546500,688.6908569335938,94.0,1.0,1.0,1.0,1.0,0.0005762758789197474,0.00043741046824185447,1.0,0,1.0,43.0
2026-01-12,112.71706677161764,113.97760188389387,112.10123226322877,113.2944107055664,1806100,689.7723388671875,93.0,1.0,1.0,1.0,1.0,0.0005681257112590972,0.000524217857918975,1.0,0,1.0,44.0
2026-01-13,113.45799139900238,113.8813730124903,111.51425787128923,112.17820739746094,1257400,688.3931884765625,93.0,1.0,1.0,1.0,1.0,0.0005219436465084705,0.0005904837441621089,-1.0,0,1.0,45.0
2026-01-14,112.27443267505666,113.64081498908621,112.05311371426187,113.26554107666016,1797800,685.009521484375,92.0,1.0,1.0,1.0,1.0,0.0005074127380193999,0.0006103879234570817,1.0,0,1.0,46.0
2026-01-15,113.44836418237952,114.5068292025412,111.98575183268358,112.03386688232422,1109700,686.875,92.0,1.0,1.0,1.0,1.0,0.00048602175690444857,0.000603422550140737,-1.0,0,1.0,47.0
2026-01-16,110.35957394257585,110.97540843958176,107.4054903161697,107.47284698486328,3705900,686.299560546875,107.0,1.0,1.0,4.0,5.0,0.0004083669056818946,0.0005762758789197474,-1.0,1,2.0,48.0
2026-01-20,104.24932480144065,106.70304554514712,104.10499433290283,104.25894927978516,2492200,672.3286743164062,113.0,1.0,4.0,4.0,6.0,0.00026774402580584936,0.0005681257112590972,-1.0,1,4.0,1.0
2026-01-21,104.77855973428103,106.18343256137149,104.26857250802585,105.35590362548828,1635800,680.0880737304688,112.0,1.0,4.0,4.0,6.0,0.0001656914526002728,0.0005219436465084705,-1.0,0,4.0,2.0
2026-01-22,105.14421472528875,106.05834933103351,104.23971193960948,104.66309356689453,1749700,683.6403198242188,111.0,1.0,4.0,4.0,6.0,0.00012390159514868356,0.0005074127380193999,-1.0,0,4.0,3.0
2026-01-23,104.16272416349419,104.64384529127014,102.68087020898516,103.62387084960938,1818200,683.8883056640625,110.0,1.0,4.0,4.0,6.0,0.00012784025573112537,0.00048602175690444857,-1.0,0,4.0,4.0
2026-01-26,104.3359295259454,105.30779627324972,103.9798972435223,104.86516571044922,1203800,687.3612060546875,110.0,1.0,4.0,4.0,6.0,0.00010880636283708616,0.0004083669056818946,-1.0,0,4.0,5.0
2026-01-27,104.86517007187693,105.02874950249937,102.60389477251775,103.36406707763672,2311400,690.099853515625,110.0,1.0,4.0,4.0,6.0,7.389994905136647e-05,0.00026774402580584936,-1.0,0,4.0,6.0
2026-01-28,103.04651962321759,104.2108392128021,102.81558353745635,103.62387084960938,1754000,690.0303955078125,108.0,1.0,4.0,4.0,6.0,3.073604288979313e-05,0.0001656914526002728,-1.0,0,4.0,7.0
2026-01-29,104.61497757223667,105.76004818777044,104.26856977831596,105.7215576171875,1510700,688.6610717773438,110.0,1.0,4.0,4.0,6.0,3.360795607094879e-05,0.00012390159514868356,-1.0,0,4.0,8.0
2026-01-30,104.91328327593882,106.94361524167898,104.91328327593882,106.91474914550781,3157700,686.6071166992188,110.0,1.0,4.0,4.0,6.0,6.788218119247559e-05,0.00012784025573112537,1.0,0,2.0,9.0
2026-02-02,106.14494384210167,107.75189403341692,105.94287384371913,107.501708984375,2051100,690.0204467773438,108.0,1.0,4.0,4.0,6.0,0.00011921669283639767,0.00010880636283708616,1.0,0,2.0,10.0
2026-02-03,106.58757148082965,108.24262933597751,102.82520807686868,103.13312530517578,4693100,684.18603515625,121.0,1.0,4.0,4.0,6.0,7.24809127074699e-05,7.389994905136647e-05,-1.0,0,4.0,11.0
2026-02-04,101.14128871691783,101.40109090767425,95.06954215454624,98.31229400634766,6926100,680.8718872070312,136.0,1.0,4.0,4.0,6.0,-2.1492487423666743e-05,3.073604288979313e-05,-1.0,1,4.0,12.0
2026-02-05,97.67721721496886,98.58171997825904,95.531413671462,96.051025390625,3605600,672.3683471679688,137.0,4.0,4.0,4.0,12.0,-0.00014661851653253514,3.360795607094879e-05,-1.0,0,4.0,13.0
2026-02-06,97.15759778923905,99.48622219160139,96.7053427728039,98.91850280761719,3226400,685.267578125,141.0,4.0,4.0,4.0,12.0,-0.00018123549082733502,6.788218119247559e-05,-1.0,0,4.0,14.0
2026-02-09,98.25456534899801,99.83264219004539,98.25456534899801,98.3411636352539,1884400,688.57177734375,139.0,4.0,4.0,4.0,12.0,-0.00017674424874140665,0.00011921669283639767,-1.0,0,4.0,15.0
2026-02-10,98.25456054926617,100.03470731261028,98.25456054926617,99.42849731445312,2346900,686.7559204101562,138.0,4.0,4.0,4.0,12.0,-0.00014748917824560097,7.24809127074699e-05,-1.0,0,4.0,16.0
2026-02-11,99.42849380045018,101.5839143923803,99.42849380045018,101.2856216430664,2705300,686.5972290039062,138.0,1.0,4.0,4.0,6.0,-0.00013562685562816757,-2.1492487423666743e-05,1.0,0,2.0,17.0
2026-02-12,101.4010908430995,102.90219382189821,98.97624347938793,100.21753692626953,2702000,675.9900512695312,137.0,1.0,4.0,4.0,6.0,-0.00012580727720740817,-0.00014661851653253514,1.0,0,2.0,18.0
2026-02-13,99.95773137226108,101.31449659191357,99.12058523712153,100.66017150878906,2151000,676.4663696289062,135.0,1.0,4.0,4.0,6.0,-0.00012687303983499249,-0.00018123549082733502,1.0,0,2.0,19.0
2026-02-17,101.19657343477012,102.26939604534003,99.51906547163178,100.71867370605469,1790000,677.5578002929688,133.0,1.0,4.0,4.0,6.0,-0.00014350154860185807,-0.00017674424874140665,1.0,0,2.0,20.0
2026-02-18,100.9332434190935,102.85457511152318,100.9332434190935,101.75249481201172,1714800,680.9711303710938,132.0,1.0,4.0,4.0,6.0,-0.0001513232040471332,-0.00014748917824560097,1.0,0,2.0,21.0
2026-02-19,101.58669762221592,101.97680954218767,99.90918957906891,100.17251586914062,2010200,679.1751098632812,132.0,1.0,4.0,4.0,6.0,-0.00017035236425155475,-0.00013562685562816757,-1.0,0,4.0,22.0
2026-02-20,100.33831326080683,101.30386034435047,99.19722027942746,100.88448333740234,3270200,684.0868530273438,130.0,1.0,4.0,4.0,6.0,-0.00017625532235944702,-0.00012580727720740817,-1.0,0,4.0,23.0
2026-02-23,100.82596255957866,101.43064794722166,97.08083451470169,98.38772583007812,2300900,677.1013793945312,133.0,1.0,4.0,4.0,6.0,-0.00021082469027308197,-0.00012687303983499249,-1.0,0,4.0,24.0
2026-02-24,98.25118747739992,99.71412954947935,97.0125664637056,97.90983581542969,2848700,682.0228881835938,131.0,4.0,4.0,4.0,12.0,-0.00022544431951936986,-0.00014350154860185807,-1.0,0,4.0,25.0
2026-02-25,98.02686583423873,98.96314779080504,96.73947721384663,98.36821746826172,2322400,687.7779541015625,129.0,4.0,4.0,4.0,12.0,-0.0002486616518817167,-0.0001513232040471332,-1.0,0,4.0,26.0
2026-02-26,98.99240811467523,100.31880944921836,98.50476078406106,99.78239440917969,1538500,683.957763671875,128.0,4.0,4.0,4.0,12.0,-0.0002282347463481719,-0.00017035236425155475,-1.0,0,4.0,27.0
2026-02-27,98.75833915613187,99.45079747042817,95.05221647923376,95.9494857788086,3912300,680.6734008789062,137.0,4.0,4.0,4.0,12.0,-0.00023136843594079637,-0.00017625532235944702,-1.0,0,4.0,28.0
2026-03-02,94.8474124672936,98.0366229595464,93.72582203991001,97.48070526123047,2201800,681.0604858398438,137.0,4.0,4.0,4.0,12.0,-0.00022307699365334106,-0.00021082469027308197,-1.0,0,4.0,29.0
2026-03-03,95.62764521918106,97.10033481110689,93.18940854802302,96.31034851074219,2579400,675.057373046875,136.0,4.0,4.0,4.0,12.0,-0.00022167066516702312,-0.00022544431951936986,-1.0,0,4.0,30.0
2026-03-04,96.56393126098794,97.04182358513889,95.86171787967581,96.349365234375,1754700,679.8201904296875,134.0,4.0,4.0,4.0,12.0,-0.00018981236757383948,-0.0002486616518817167,-1.0,0,4.0,31.0
2026-03-05,95.20826736623482,96.92478060999015,95.10098435838664,96.69071197509766,2574300,676.0297241210938,132.0,4.0,4.0,4.0,12.0,-0.00018052419981993704,-0.0002282347463481719,-1.0,0,4.0,32.0
2026-03-06,94.84740482758724,94.84740482758724,92.49694114659951,94.72061920166016,2626000,667.1689453125,133.0,4.0,4.0,4.0,12.0,-0.0001919496998331613,-0.00023136843594079637,-1.0,1,4.0,33.0
2026-03-09,93.65754842815598,94.60358547343563,91.07301599662794,93.56002044677734,2791900,673.0133056640625,132.0,4.0,4.0,4.0,12.0,-0.00021547437551916652,-0.00022307699365334106,-1.0,0,4.0,34.0
2026-03-10,93.3844628425236,94.36951252358558,91.86300556790297,93.11138153076172,2271500,671.9317016601562,130.0,4.0,4.0,4.0,12.0,-0.00022371854647092624,-0.00022167066516702312,-1.0,0,4.0,35.0
2026-03-11,92.7017577973302,93.80383805335039,90.82918644780327,92.59447479248047,2565000,671.0883178710938,129.0,4.0,4.0,4.0,12.0,-0.0002173705759159737,-0.00018981236757383948,-1.0,0,4.0,36.0
2026-03-12,91.2973288810102,92.37015146199133,89.91241232299987,90.05870056152344,2549100,660.8978881835938,132.0,4.0,4.0,4.0,12.0,-0.00024032435911975993,-0.00018052419981993704,-1.0,0,4.0,37.0
2026-03-13,90.62438114875239,91.19005385689114,89.61982880483139,89.72711181640625,2604500,657.1571655273438,130.0,4.0,4.0,4.0,12.0,-0.00028309157237316917,-0.0001919496998331613,-1.0,0,4.0,38.0
2026-03-16,90.79017623146993,92.10682997379965,90.21475595431595,90.9169692993164,2096300,663.8449096679688,130.0,4.0,4.0,4.0,12.0,-0.0003147891375434051,-0.00021547437551916652,-1.0,0,4.0,39.0
2026-03-17,92.22386420325066,93.50150531663714,91.91177019772508,92.15559387207031,2121200,665.5912475585938,129.0,4.0,4.0,4.0,12.0,-0.00031005776351884963,-0.00022371854647092624,-1.0,0,4.0,40.0
2026-03-18,91.52164855557828,92.36040256974907,90.55610891262644,90.61463165283203,1930600,656.3038330078125,129.0,4.0,4.0,4.0,12.0,-0.00029269124912378544,-0.0002173705759159737,-1.0,0,4.0,41.0
2026-03-19,90.21475516291285,91.41437085691636,89.86364849349268,90.2245101928711,2214000,654.6864013671875,128.0,4.0,4.0,4.0,12.0,-0.00026522746672217554,-0.00024032435911975993,-1.0,0,4.0,42.0
2026-03-20,90.40006233043445,91.1217782787261,90.06845828441446,90.73165893554688,6433500,645.301025390625,126.0,4.0,4.0,4.0,12.0,-0.0002375927356733028,-0.00028309157237316917,1.0,0,4.0,43.0
2026-03-23,92.457935495425,93.22841171841847,91.28757745468977,91.96053314208984,2507800,652.07666015625,125.0,4.0,4.0,4.0,12.0,-0.0002114308709052534,-0.0003147891375434051,1.0,0,4.0,44.0
2026-03-24,91.05351241994852,93.14064245133405,90.82919136831754,92.45793914794922,1692600,649.8877563476562,124.0,4.0,4.0,4.0,12.0,-0.00019653861877322104,-0.00031005776351884963,1.0,0,4.0,45.0
2026-03-25,93.35520508062332,93.88186508448756,91.89226310574746,92.90657043457031,1352600,653.5093994140625,122.0,4.0,4.0,4.0,12.0,-0.00018664537586154863,-0.00029269124912378544,1.0,0,4.0,46.0
2026-03-26,93.08213419432167,94.09644163674619,92.08732937308038,92.91632843017578,1932000,641.8385620117188,120.0,4.0,4.0,4.0,12.0,-0.00018127193705984852,-0.00026522746672217554,1.0,0,4.0,47.0
2026-03-27,93.2089076922264,93.2089076922264,90.46833215711388,90.98523712158203,1845800,630.8939819335938,122.0,4.0,4.0,4.0,12.0,-0.00021056903490085052,-0.0002375927356733028,1.0,0,4.0,48.0
2026-03-30,91.42412009409186,93.0138551650994,90.82918975134427,92.14584350585938,1695500,628.78466796875,121.0,4.0,4.0,4.0,12.0,-0.0002265087755562353,-0.0002114308709052534,1.0,0,4.0,49.0
2026-03-31,93.87210838222789,95.66664693447072,92.83829845282312,95.27653503417969,2479900,647.0620727539062,128.0,4.0,1.0,4.0,11.0,-0.00020322609879215605,-0.00019653861877322104,1.0,0,2.0,50.0
2026-04-01,95.71542286297338,96.71022764051382,94.87666881167779,95.55937957763672,2273100,651.9373779296875,126.0,4.0,1.0,4.0,11.0,-0.00014992918081374514,-0.00018664537586154863,1.0,0,2.0,51.0
2026-04-02,94.37926435496014,96.1933130828138,93.49175005184053,95.16925811767578,1682100,652.5244140625,124.0,4.0,1.0,4.0,11.0,-0.00010605486349009702,-0.00018127193705984852,1.0,0,2.0,52.0
2026-04-06,94.84741025653625,95.83245999406869,94.60358657978423,95.40332794189453,1415800,655.6088256835938,122.0,4.0,1.0,4.0,11.0,-8.016305520650122e-05,-0.00021056903490085052,1.0,0,2.0,53.0
2026-04-07,94.74011943374416,95.62764111559599,94.28172976869168,94.99369812011719,1826500,655.8972778320312,121.0,4.0,1.0,4.0,11.0,-5.954026606720037e-05,-0.0002265087755562353,1.0,0,2.0,54.0
2026-04-08,97.36366722080898,97.58798082461135,93.6965572335627,94.2622299194336,3361000,672.6027221679688,119.0,4.0,1.0,3.0,9.0,-6.525046308009598e-05,-0.00020322609879215605,-1.0,0,2.0,55.0
2026-04-09,93.63804322262732,95.23752588397633,93.63804322262732,94.70111083984375,1903300,676.4829711914062,118.0,4.0,1.0,3.0,9.0,-8.230727000173679e-05,-0.00014992918081374514,-1.0,0,2.0,56.0
2026-04-10,94.32074936551807,94.79864168415905,93.39422237863545,94.50605773925781,1708300,676.0353393554688,116.0,4.0,1.0,3.0,9.0,-9.062739512560534e-05,-0.00010605486349009702,-1.0,0,2.0,57.0
2026-04-13,93.62829340103103,96.08603282880848,93.57952568852137,96.04702758789062,1808400,682.641845703125,117.0,4.0,1.0,3.0,9.0,-3.973988062021433e-05,-8.016305520650122e-05,-1.0,0,2.0,58.0
2026-04-14,95.57888045204083,96.73948352433477,94.91567975943117,96.32010650634766,1877500,690.959716796875,115.0,4.0,1.0,3.0,9.0,-7.341951221868244e-06,-5.954026606720037e-05,-1.0,0,2.0,59.0
2026-04-15,96.17381218697986,97.695269557264,95.86171817664189,96.96379852294922,1945600,696.412109375,114.0,4.0,1.0,3.0,9.0,2.7225947237435768e-05,-6.525046308009598e-05,-1.0,0,2.0,60.0
2026-04-16,97.59773961310482,97.9000785867892,96.90528127410984,97.31490325927734,1707500,698.1234130859375,112.0,4.0,1.0,3.0,9.0,2.4969733126284203e-05,-8.230727000173679e-05,-1.0,0,2.0,61.0
2026-04-17,97.73428324060009,100.29930568183251,97.73428324060009,99.13871002197266,2438900,706.5607299804688,113.0,4.0,1.0,3.0,9.0,5.952472511893992e-05,-9.062739512560534e-05,-1.0,0,2.0,62.0
2026-04-20,98.7680951611044,100.14326431774582,98.75834757114704,100.06523895263672,1478700,705.1477661132812,112.0,4.0,1.0,3.0,9.0,0.00010724923714870104,-3.973988062021433e-05,1.0,0,1.0,1.0
2026-04-21,96.06652626576366,97.2856446193901,93.25768025773519,94.06716918945312,4544000,700.53125,139.0,4.0,1.0,4.0,11.0,8.751059683647669e-05,-7.341951221868244e-06,-1.0,1,2.0,2.0
2026-04-22,90.86820325370093,93.09187392631014,90.3708083259753,92.50669860839844,4306900,707.6253051757812,139.0,4.0,1.0,4.0,11.0,3.7610894566667406e-05,2.7225947237435768e-05,-1.0,1,2.0,3.0
2026-04-23,92.25311923541868,92.79928931026878,90.93647291950336,92.01905059814453,2576500,704.8792114257812,137.0,4.0,4.0,4.0,12.0,-3.427853438614276e-05,2.4969733126284203e-05,-1.0,0,4.0,1.0
2026-04-24,92.95532994217076,93.0918705967697,91.82399202679281,91.88250732421875,2157200,710.341552734375,135.0,4.0,4.0,4.0,12.0,-3.706545089659673e-05,5.952472511893992e-05,-1.0,0,4.0,2.0
2026-04-27,91.5801734660266,93.4137248162491,91.50214810450869,93.2284164428711,2047800,711.5653076171875,134.0,4.0,4.0,4.0,12.0,-1.9664916930557835e-05,0.00010724923714870104,-1.0,0,4.0,3.0
2026-04-28,94.01840575050232,95.042460668483,93.56977110440016,94.51580810546875,2323200,708.1028442382812,134.0,4.0,4.0,4.0,12.0,-4.575815481332457e-07,8.751059683647669e-05,-1.0,0,4.0,4.0
2026-04-29,94.42802981829536,95.17900344152031,93.82334444310212,94.03791046142578,2797800,707.993408203125,132.0,4.0,4.0,4.0,12.0,-7.63330892295614e-07,3.7610894566667406e-05,-1.0,0,4.0,5.0
2026-04-30,93.39421632269905,96.18355957382212,92.85780129713402,95.6861572265625,2131200,715.0377197265625,132.0,4.0,4.0,4.0,12.0,1.5694963411949846e-05,-3.427853438614276e-05,1.0,0,4.0,6.0
2026-05-01,96.06652519305378,96.92478182569637,95.03271522181294,96.18356323242188,1895500,717.0177001953125,130.0,4.0,4.0,4.0,12.0,3.307410264899354e-05,-3.706545089659673e-05,1.0,0,4.0,7.0
2026-05-04,95.4228268672806,96.23232322857172,94.60358291675068,95.2375259399414,2064300,714.3909912109375,129.0,4.0,4.0,4.0,12.0,4.738647235650304e-05,-1.9664916930557835e-05,-1.0,0,4.0,8.0
2026-05-05,95.37406665955507,98.07562962109719,94.60358297744835,97.79279327392578,4097900,720.1220092773438,132.0,4.0,1.0,4.0,11.0,4.6788814942750435e-05,-4.575815481332457e-07,1.0,0,2.0,9.0
2026-05-06,99.3727797072706,99.9872127100688,95.49111083851213,97.6855239868164,3721300,730.1312866210938,130.0,4.0,1.0,4.0,11.0,4.009521695770262e-05,-7.63330892295614e-07,-1.0,0,2.0,10.0
2026-05-07,98.00736185031795,98.95339889533392,96.24208083286013,96.98330688476562,2133100,727.8926391601562,129.0,4.0,1.0,4.0,11.0,3.608710993073799e-05,1.5694963411949846e-05,-1.0,0,2.0,11.0
2026-05-08,97.11008710702842,98.33896043814629,96.54441442942888,98.31945037841797,1775600,733.9021606445312,128.0,4.0,1.0,4.0,11.0,3.102103810678967e-05,3.307410264899354e-05,1.0,0,2.0,12.0
2026-05-11,98.50476524032253,99.01191521310483,97.59774086671095,98.6218032836914,1464100,735.5736694335938,126.0,4.0,1.0,4.0,11.0,4.954073801163234e-05,4.738647235650304e-05,1.0,0,2.0,13.0
2026-05-12,98.99241054501603,100.21152890148174,97.45144315662546,100.04573059082031,1756500,734.4593505859375,126.0,4.0,1.0,4.0,11.0,0.00011220669514799143,4.6788814942750435e-05,1.0,0,2.0,14.0
2026-05-13,99.50931820007784,100.8357196026743,99.18746915954162,99.85066986083984,2191500,738.5685424804688,124.0,4.0,1.0,4.0,11.0,0.00013602328901564682,4.009521695770262e-05,1.0,0,2.0,15.0
2026-05-14,100.66991594388735,101.5379275955676,100.26029397271621,100.65040588378906,1571400,744.3989868164062,123.0,4.0,1.0,4.0,11.0,0.00014403458808064136,3.608710993073799e-05,1.0,0,2.0,16.0
2026-05-15,100.31881330789626,100.50412168174785,98.47550692254613,99.41178894042969,2019000,735.4443969726562,122.0,4.0,1.0,4.0,11.0,0.00011084768253089021,3.102103810678967e-05,1.0,0,2.0,17.0
2026-05-18,99.42154466410793,100.83571901078153,99.27524897009492,100.43585205078125,1574500,734.927001953125,121.0,4.0,1.0,4.0,11.0,9.659228040024698e-05,4.954073801163234e-05,1.0,0,2.0,18.0
2026-05-19,100.21152733142252,100.42609334934404,98.53401930866269,98.66081237792969,1807300,730.0317993164062,122.0,4.0,1.0,4.0,11.0,5.9547247383186606e-05,0.00011220669514799143,-1.0,0,2.0,19.0
2026-05-20,98.86562064415455,101.01126588248955,97.52946430445675,100.66991424560547,1422900,737.5138549804688,123.0,4.0,1.0,4.0,11.0,5.722891237570384e-05,0.00013602328901564682,1.0,0,2.0,20.0
2026-05-21,100.50411543893973,101.91828968791135,99.84091478735338,101.66471099853516,1391300,738.9764404296875,122.0,4.0,1.0,4.0,11.0,7.096831442378118e-05,0.00014403458808064136,1.0,0,2.0,21.0
2026-05-22,101.76224229285076,102.31816739800416,101.45014829609723,101.54768371582031,1301600,741.8817749023438,120.0,4.0,1.0,4.0,11.0,9.943883774362652e-05,0.00011084768253089021,1.0,0,2.0,22.0
2026-05-26,101.61688767875563,102.31878374428995,101.3005400500314,101.4488296508789,1400800,746.8068237304688,118.0,4.0,1.0,3.0,9.0,9.951346007564194e-05,9.659228040024698e-05,-1.0,0,2.0,23.0
2026-05-27,101.59710892504197,102.00243332009538,100.05491522006686,100.33171844482422,1469500,746.677490234375,118.0,4.0,1.0,3.0,9.0,7.395813901082709e-05,5.9547247383186606e-05,-1.0,0,2.0,24.0
2026-05-28,100.24274628872554,100.94464231455406,99.36290426041079,99.46176147460938,1924400,750.7965698242188,116.0,4.0,1.0,3.0,9.0,2.412382137864855e-05,5.722891237570384e-05,-1.0,0,2.0,25.0
2026-05-29,99.6792585597533,101.1324830871825,99.16518894371124,99.49142456054688,3713400,752.6671142578125,115.0,4.0,1.0,3.0,9.0,-2.539968946650221e-05,7.096831442378118e-05,-1.0,0,2.0,26.0
2026-06-01,98.83895794501947,100.21309363819994,98.49294636886081,99.34313201904297,1552600,754.7167358398438,113.0,4.0,1.0,3.0,9.0,-8.001312730482258e-05,9.943883774362652e-05,-1.0,0,2.0,27.0
2026-06-02,99.84731243588324,102.11117814767647,99.3925632051153,101.54768371582031,1942500,755.7415771484375,115.0,4.0,1.0,3.0,9.0,-8.346495797279987e-05,9.951346007564194e-05,1.0,0,1.0,1.0
2026-06-03,100.61840873477075,100.96441276255648,99.25416104993472,99.63970947265625,1817200,750.4384155273438,116.0,4.0,1.0,3.0,9.0,-6.637670469260421e-05,7.395813901082709e-05,-1.0,0,2.0,2.0
2026-06-04,100.75681490693007,102.68456465012498,100.51955606889712,102.14083862304688,1596700,753.2740478515625,120.0,4.0,1.0,3.0,9.0,-1.7954106070487068e-06,2.412382137864855e-05,1.0,0,1.0,3.0
2026-06-05,102.40775128273067,103.97960895795616,102.31878204908963,103.4260025024414,2181800,733.83251953125,119.0,1.0,1.0,3.0,3.0,4.766890008411492e-05,-2.539968946650221e-05,1.0,0,1.0,4.0
2026-06-08,103.13930896375176,103.94995020203729,102.45718135193417,102.53627014160156,1421300,735.4940795898438,118.0,1.0,1.0,3.0,3.0,7.65305332629496e-05,-8.001312730482258e-05,1.0,0,1.0,5.0
2026-06-09,101.81459870894614,103.47542558971405,101.42905028504663,102.51649475097656,1989000,733.3350219726562,116.0,1.0,1.0,3.0,3.0,6.688804739887552e-05,-8.346495797279987e-05,1.0,0,1.0,6.0
2026-06-10,102.74387285895543,104.88910537429854,102.51649447357558,103.96971893310547,1676900,721.7736206054688,116.0,1.0,1.0,3.0,3.0,5.835704283908315e-05,-6.637670469260421e-05,1.0,0,1.0,7.0
2026-06-11,104.46401635426234,105.74918283871989,103.79177670032372,105.29443359375,1747700,734.04150390625,116.0,1.0,1.0,3.0,3.0,8.224842219517075e-05,-1.7954106070487068e-06,1.0,0,1.0,8.0
2026-06-12,105.91723945997828,107.32103157263198,105.5415790127719,107.26171875,1837800,738.0113525390625,117.0,1.0,1.0,3.0,3.0,0.00012934753704206686,4.766890008411492e-05,1.0,0,1.0,9.0
2026-06-15,107.75601408823228,108.4084853167877,107.34080923860013,107.44955444335938,2198400,751.0254516601562,115.0,1.0,1.0,3.0,3.0,0.0001686971147698722,7.65305332629496e-05,1.0,0,1.0,10.0
2026-06-16,108.46779866857919,109.62444398775388,107.60772501101927,107.91419219970703,2212500,746.5481567382812,113.0,1.0,1.0,3.0,3.0,0.0001976054084045655,6.688804739887552e-05,1.0,0,1.0,11.0
2026-06-17,107.47921014815657,108.15144979937249,105.47237917914622,105.78872680664062,1788300,737.225341796875,115.0,1.0,1.0,3.0,3.0,0.00017129976364253338,5.835704283908315e-05,1.0,0,1.0,12.0
2026-06-18,106.5103910544237,106.76742585815471,105.25488853193576,105.31420135498047,3583000,744.8902587890625,113.0,1.0,1.0,3.0,3.0,0.00013613219297202575,8.224842219517075e-05,-1.0,0,1.0,13.0
2026-06-22,105.84803857537808,108.10201634161224,104.97808449401542,107.02445983886719,2166600,742.546142578125,114.0,1.0,1.0,3.0,3.0,0.00011341181551959585,0.00012934753704206686,1.0,0,1.0,14.0
2026-06-23,106.89593940840952,107.51875421919966,106.58947976647934,107.24195098876953,1376500,731.7628784179688,112.0,1.0,1.0,3.0,3.0,0.00013148066011926126,0.0001686971147698722,1.0,0,1.0,15.0
2026-06-24,107.75601403561576,107.87464722501949,103.98949889433604,105.04728698730469,2096700,731.4237060546875,114.0,1.0,1.0,3.0,3.0,0.00012721901431780728,0.0001976054084045655,1.0,0,1.0,16.0
2026-06-25,105.71952533366168,107.89441431621152,105.28454452022278,105.8084945678711,1356800,732.4810791015625,113.0,1.0,1.0,3.0,3.0,9.883901806308231e-05,0.00017129976364253338,1.0,0,1.0,17.0
2026-06-26,106.12484209070963,107.76590058177078,106.03587285658628,107.01457214355469,2987600,727.1842651367188,112.0,1.0,1.0,3.0,3.0,8.149938740480314e-05,0.00013613219297202575,1.0,0,1.0,18.0
2026-06-29,106.72788160950834,108.02292852992322,106.54993559780596,107.95372772216797,1711300,739.1644897460938,111.0,1.0,1.0,3.0,3.0,8.23219710506873e-05,0.00011341181551959585,1.0,0,1.0,19.0
2026-06-30,107.50886820798861,107.99327387013292,106.52028091412205,106.69822692871094,1572500,744.9202270507812,111.0,1.0,1.0,3.0,3.0,7.247464581372281e-05,0.00013148066011926126,-1.0,0,1.0,20.0
2026-07-01,107.14308135846649,110.41531022118119,106.85639015645692,109.80238342285156,1818800,743.9127197265625,116.0,1.0,1.0,3.0,3.0,8.596674643580018e-05,0.00012721901431780728,1.0,0,1.0,21.0
2026-07-02,110.37576791983626,111.71035919825363,109.74307268351511,111.66092681884766,1541800,742.9351806640625,116.0,1.0,1.0,3.0,3.0,0.0001368813896057562,9.883901806308231e-05,1.0,0,1.0,22.0
2026-07-06,111.75979564667207,113.13393137018008,111.48298487117141,112.97575378417969,1740100,749.4190673828125,116.0,1.0,1.0,3.0,3.0,0.00019999867635111135,8.149938740480314e-05,1.0,0,1.0,23.0
2026-07-07,113.56890547857628,115.17041960810535,113.42062341851826,114.15217590332031,1443900,745.85791015625,115.0,1.0,1.0,3.0,3.0,0.00023982028943772107,8.23219710506873e-05,1.0,0,1.0,24.0
2026-07-08,114.18182851135998,114.59703335033487,111.15675390979695,111.38412475585938,1301800,743.5536499023438,118.0,1.0,1.0,3.0,3.0,0.0002249858123127751,7.247464581372281e-05,1.0,0,1.0,25.0
2026-07-09,112.49134843328756,115.3681335200424,112.41225964007141,113.68753814697266,2396400,749.8480224609375,120.0,1.0,1.0,3.0,3.0,0.00022721608200420188,8.596674643580018e-05,1.0,0,1.0,26.0
2026-07-10,114.78486666509268,114.92326827726662,113.46015582272783,114.05331420898438,1310500,753.0799560546875,118.0,1.0,1.0,3.0,3.0,0.00023811129543700464,0.0001368813896057562,1.0,0,1.0,27.0
2026-07-13,115.18030082790258,115.82288403892844,114.53771761687673,114.84417724609375,1808200,747.3142700195312,117.0,1.0,1.0,3.0,3.0,0.00031447839990219375,0.00019999867635111135,1.0,0,1.0,28.0
2026-07-14,113.806170304699,114.33012035594005,113.31187666506443,113.47993469238281,1347500,749.9677124023438,116.0,1.0,1.0,3.0,3.0,0.00037018046715802674,0.00023982028943772107,1.0,1,1.0,29.0
2026-07-15,113.37118927557317,114.2015989682865,112.34305760198353,113.72708129882812,1605000,752.9403076171875,114.0,1.0,1.0,3.0,3.0,0.000409492299434402,0.0002249858123127751,1.0,0,1.0,30.0
2026-07-16,114.537721071919,116.92021245743054,114.04342743965363,116.90044403076172,1928900,748.8604125976562,119.0,1.0,1.0,3.0,3.0,0.0004299715944250915,0.00022721608200420188,1.0,0,1.0,31.0
2026-07-17,116.3863791761597,119.15441892496254,116.01071119757553,117.7110824584961,1828600,741.4487915039062,117.0,1.0,1.0,3.0,3.0,0.00048154087006913515,0.00023811129543700464,1.0,0,1.0,32.0
2026-07-20,117.69131803428311,118.047210056453,116.35671917998485,116.62364196777344,1764200,740.2518310546875,116.0,1.0,1.0,3.0,3.0,0.000498965860003577,0.00031447839990219375,1.0,0,1.0,33.0
2026-07-21,116.42591577286592,117.27610140145912,115.67459490199171,117.23655700683594,1486300,746.426513671875,115.0,1.0,1.0,3.0,3.0,0.0005055538720998408,0.00037018046715802674,1.0,0,1.0,34.0
2026-07-22,117.64188090222905,119.21373098472576,116.8806720503069,117.49359130859375,1727900,745.55859375,113.0,1.0,1.0,3.0,3.0,0.0004926074987576283,0.000409492299434402,1.0,0,1.0,35.0
2026-07-23,117.14758838871379,117.50348039986274,115.49664950174744,116.4951171875,1233600,736.3515014648438,112.0,1.0,1.0,3.0,3.0,0.0004927264558685127,0.0004299715944250915,1.0,0,1.0,36.0
2026-07-24,116.01071376508617,118.62058353513177,115.73391053831197,118.59092712402344,1693900,737.099609375,113.0,1.0,1.0,3.0,3.0,0.0004900700612779561,0.00048154087006913515,1.0,0,1.0,37.0
2026-07-27,119.24339885676157,121.17114101041776,119.24339885676157,120.4989013671875,2253900,737.25927734375,113.0,1.0,1.0,3.0,3.0,0.0004836593593889052,0.000498965860003577,1.0,0,1.0,38.0
2026-07-28,120.60764368923857,123.14831260296653,120.21220728343238,122.51561737060547,2036500,739.0248413085938,114.0,1.0,1.0,3.0,3.0,0.0005276769565601781,0.0005055538720998408,1.0,0,1.0,39.0
2026-07-29,121.7346351077932,123.07911439046437,120.67684703681303,121.23045349121094,2146100,727.6531372070312,113.0,1.0,1.0,3.0,3.0,0.0005785228244170143,0.0004926074987576283,1.0,0,1.0,40.0
2026-07-30,121.82361512828113,122.21904401062753,120.61753742708623,121.36885833740234,2124900,739.852783203125,112.0,1.0,1.0,3.0,3.0,0.0006339416120824058,0.0004927264558685127,1.0,0,1.0,41.0
2026-07-31,120.89433948445395,121.72474918008226,120.11335462747645,120.68673706054688,2329500,745.1796264648438,110.0,1.0,1.0,3.0,3.0,0.0006511814910644155,0.0004900700612779561,1.0,0,1.0,42.0
2026-08-03,121.22056978308997,122.1893810521844,121.09204861512292,121.57646179199219,2061100,755.793212890625,109.0,1.0,1.0,3.0,3.0,0.0006749582403194379,0.0004836593593889052,-1.0,0,1.0,43.0
2026-08-04,119.52020373003002,122.2882435902477,118.63047366904769,122.13007354736328,2035500,769.4193725585938,108.0,1.0,1.0,3.0,3.0,0.000675460725539003,0.0005276769565601781,-1.0,0,1.0,44.0
2026-08-05,122.62436642214666,126.26236789364616,116.28751837290251,118.78865051269531,4944200,767.8831787109375,112.0,1.0,1.0,3.0,3.0,0.0006270240749839212,0.0005785228244170143,-1.0,0,1.0,45.0
2026-08-06,119.81677072499343,120.46924192509078,118.17571982512311,120.11334991455078,2349900,766.65625,112.0,1.0,1.0,3.0,3.0,0.0005970262329933625,0.0006339416120824058,-1.0,0,1.0,46.0
2026-08-07,119.61905554536457,121.11182438344203,118.93692793904216,119.89585876464844,2079900,771.3446044921875,110.0,1.0,1.0,3.0,3.0,0.0005692580635517867,0.0006511814910644155,-1.0,0,1.0,47.0
2026-08-10,119.16431080007406,120.86468211651373,119.16431080007406,120.71639251708984,1311800,771.1151733398438,109.0,1.0,1.0,3.0,3.0,0.000598450742532107,0.0006749582403194379,-1.0,0,1.0,48.0
2026-08-11,120.60764834329181,122.23881886623525,119.925520705512,120.92399597167969,1805200,768.6513061523438,107.0,1.0,1.0,3.0,3.0,0.0005840014234920507,0.000675460725539003,-1.0,0,1.0,49.0
2026-08-12,120.64718720309857,121.86314527984531,120.15289358503064,121.33919525146484,1324400,770.5764770507812,106.0,1.0,1.0,3.0,3.0,0.0006023378020706905,0.0006270240749839212,-1.0,0,1.0,50.0
2026-08-13,122.03121650187609,123.50420944018472,121.57646725724128,123.32626342773438,1164300,775.9531860351562,107.0,1.0,1.0,3.0,3.0,0.0006161182071706544,0.0005970262329933625,1.0,0,1.0,51.0
2026-08-14,123.46466072813108,124.08746797877593,122.99014307306514,123.70191955566406,1211300,774.4169921875,105.0,1.0,1.0,3.0,3.0,0.0006491237181648643,0.0005692580635517867,1.0,0,1.0,52.0
2026-08-17,123.59317697274561,124.88823142308685,122.96048172437587,123.138427734375,1239500,770.7560424804688,104.0,1.0,1.0,3.0,3.0,0.0006471787003687113,0.000598450742532107,1.0,0,1.0,53.0
2026-08-18,124.08747127768157,124.75971092549848,123.07911557711739,123.11865997314453,1324100,765.5490112304688,102.0,1.0,1.0,3.0,3.0,0.0006432346912612567,0.0005840014234920507,1.0,0,1.0,54.0
2026-08-19,123.28671440527204,123.75135161714232,120.70650109272088,120.82513427734375,1283900,767.1549682617188,104.0,1.0,1.0,3.0,3.0,0.0006046594118364378,0.0006023378020706905,-1.0,0,1.0,55.0
2026-08-20,120.8251395949707,121.22057601879501,119.12476825215178,119.21373748779297,1485900,760.7109985351562,104.0,1.0,4.0,3.0,4.0,0.0005676359904969601,0.0006161182071706544,-1.0,0,2.0,56.0
2026-08-21,120.11335327912506,121.15137292933038,119.28294359281867,119.76734924316406,2213400,763.8232421875,103.0,1.0,4.0,3.0,4.0,0.000533606693667875,0.0006491237181648643,-1.0,0,2.0,57.0
2026-08-24,119.76734733554567,121.39851781317795,119.76734733554567,121.2699966430664,1635600,761.5787963867188,103.0,1.0,4.0,3.0,4.0,0.000542577186887915,0.0006471787003687113,1.0,0,2.0,58.0
2026-08-25,121.63999938964844,121.63999938964844,117.94999694824219,120.1500015258789,2044100,764.0127563476562,102.0,1.0,4.0,3.0,4.0,0.0005561186386484636,0.0006432346912612567,-1.0,0,2.0,59.0
2026-08-26,119.8499984741211,120.95999908447266,119.25,120.23999786376953,1542600,764.182373046875,100.0,1.0,4.0,1.0,2.0,0.0005746318961985216,0.0006046594118364378,-1.0,0,2.0,60.0
2026-08-27,119.73999786376953,120.55999755859375,119.04000091552734,120.37000274658203,1333600,769.18994140625,99.0,1.0,4.0,1.0,2.0,0.0005707897376183447,0.0005676359904969601,-1.0,0,2.0,61.0
2026-08-28,121.20999908447266,121.5999984741211,119.73999786376953,119.79000091552734,1248600,767.4442749023438,98.0,1.0,4.0,1.0,2.0,0.0005722875814670243,0.000533606693667875,-1.0,0,2.0,62.0
2026-08-31,119.37000274658203,119.37000274658203,117.58000183105469,117.5999984741211,2442200,765.1499633789062,99.0,1.0,4.0,1.0,2.0,0.0005536667906156423,0.000542577186887915,-1.0,1,2.0,63.0
2026-09-01,118.13999938964844,119.30000305175781,116.61000061035156,117.13999938964844,1451900,759.89306640625,98.0,1.0,4.0,1.0,2.0,0.000533729095488535,0.0005561186386484636,-1.0,0,2.0,64.0
2026-09-02,117.4000015258789,120.77999877929688,117.4000015258789,119.83999633789062,1525800,763.2646484375,101.0,1.0,4.0,1.0,2.0,0.0005548859934112303,0.0005746318961985216,1.0,0,2.0,65.0
2026-09-03,121.16999816894531,123.3499984741211,121.01000213623047,123.19999694824219,1543100,771.2548217773438,107.0,1.0,4.0,1.0,2.0,0.0006254307882589675,0.0005707897376183447,1.0,0,2.0,66.0
2026-09-04,122.06999969482422,123.56999969482422,119.98999786376953,122.0199966430664,1412100,768.2822265625,106.0,1.0,4.0,1.0,2.0,0.0006682345575780113,0.0005722875814670243,1.0,0,2.0,67.0
2026-09-08,121.05000305175781,121.44000244140625,119.36000061035156,119.37999725341797,1186500,764.0626831054688,109.0,1.0,4.0,1.0,2.0,0.0006183470564921403,0.0005536667906156423,-1.0,0,2.0,68.0
2026-09-09,119.02999877929688,119.68000030517578,116.7300033569336,117.58999633789062,2366600,760.5115356445312,109.0,1.0,4.0,1.0,2.0,0.0005213076923749664,0.000533729095488535,-1.0,0,2.0,69.0
2026-09-10,117.91000366210938,118.95999908447266,117.41000366210938,118.4800033569336,1532300,755.9528198242188,108.0,1.0,4.0,1.0,2.0,0.00047291836201676744,0.0005548859934112303,1.0,0,2.0,70.0
2026-09-11,120.0,120.2699966430664,117.44000244140625,119.23999786376953,1173900,762.3967895507812,107.0,1.0,4.0,1.0,2.0,0.00047995257182582087,0.0006254307882589675,-1.0,0,2.0,71.0
2026-09-14,119.2300033569336,120.0,118.80000305175781,119.5,978000,758.9952392578125,105.0,1.0,4.0,1.0,2.0,0.0005030395787287995,0.0006682345575780113,1.0,0,2.0,72.0
2026-09-15,119.33999633789062,119.72000122070312,118.26000213623047,119.30999755859375,1322500,755.513916015625,104.0,1.0,4.0,1.0,2.0,0.0005001961429774974,0.0006183470564921403,1.0,0,2.0,73.0
2026-09-16,119.16000366210938,119.62000274658203,115.31999969482422,117.04000091552734,2223000,752.1821899414062,105.0,1.0,4.0,1.0,2.0,0.00046078458500909905,0.0005213076923749664,-1.0,0,2.0,74.0
2026-09-17,118.2699966430664,118.81999969482422,117.44999694824219,117.93000030517578,1211100,760.7109985351562,104.0,1.0,4.0,1.0,2.0,0.0004468762910735508,0.00047291836201676744,-1.0,0,2.0,75.0
2026-09-18,116.95999908447266,118.5999984741211,116.2699966430664,118.4000015258789,3152200,761.6900024414062,103.0,1.0,4.0,1.0,2.0,0.0004563468405395877,0.00047995257182582087,-1.0,0,2.0,76.0
2026-09-21,119.25,119.7699966430664,118.44999694824219,118.52999877929688,1149200,773.5,101.0,1.0,4.0,1.0,2.0,0.000493512157922538,0.0005030395787287995,-1.0,0,2.0,77.0
2026-09-22,119.0,119.0,116.2699966430664,117.66000366210938,1411300,773.3800048828125,100.0,1.0,4.0,1.0,2.0,0.00046974772248593193,0.0005001961429774974,-1.0,0,2.0,78.0
2026-09-23,117.08000183105469,119.36000061035156,116.98999786376953,117.58999633789062,1403200,767.8099975585938,99.0,1.0,4.0,1.0,2.0,0.00042740146331512286,0.00046078458500909905,-1.0,0,2.0,79.0
2026-09-24,118.44000244140625,119.6500015258789,118.16999816894531,118.75,1683200,767.1799926757812,98.0,1.0,4.0,1.0,2.0,0.0004044499821276684,0.0004468762910735508,1.0,0,2.0,80.0
2026-09-25,119.16999816894531,119.58000183105469,117.69000244140625,119.44999694824219,1023400,771.3499755859375,97.0,1.0,4.0,1.0,2.0,0.0004148090707113416,0.0004563468405395877,1.0,0,2.0,81.0
2026-09-28,118.62000274658203,119.22000122070312,115.44000244140625,116.08999633789062,1510700,765.6099853515625,103.0,1.0,4.0,1.0,2.0,0.0003867077370753174,0.000493512157922538,-1.0,0,2.0,82.0
2026-09-29,115.58000183105469,116.36000061035156,114.41999816894531,115.05999755859375,1457100,764.2000122070312,102.0,1.0,4.0,1.0,2.0,0.0003395681458493981,0.00046974772248593193,-1.0,0,2.0,83.0
2026-09-30,114.93000030517578,115.87999725341797,113.48999786376953,113.58000183105469,1577700,762.6300048828125,103.0,1.0,4.0,1.0,2.0,0.0002754167395583218,0.00042740146331512286,-1.0,0,4.0,1.0
2026-10-01,113.1500015258789,113.69000244140625,111.52999877929688,113.12999725341797,1508600,763.989990234375,101.0,1.0,4.0,1.0,2.0,0.0002599947837970637,0.0004044499821276684,-1.0,0,4.0,2.0
2026-10-02,,,,,1873294,,101.0,,4.0,1.0,,0.00024395074179546668,0.0004148090707113416,-1.0,0,,
