Date,Open,High,Low,Close,Volume,IndexClose,CVI,LTI,STI,VI,SecState,VWRS,VWRS_1wk,RS,GapDown,Thermostat,Days
2022-10-04,74.57042840657395,75.47280457837304,74.31261132657954,74.87981414794922,136500,358.86566162109375,,,,,,,,,0,,
2022-10-05,73.90009085523656,73.90009085523656,72.1898800564495,73.4360122680664,128100,358.0301513671875,155.0,,,3.0,,,,,1,,
2022-10-06,73.29849926221027,73.57350802224313,71.4593769501044,71.59687805175781,257500,354.3367614746094,156.0,,,3.0,,,,,0,,
2022-10-07,71.02109142143765,71.25313399477083,69.47416278830686,69.91246032714844,218100,344.4530334472656,157.0,,,3.0,,,,,1,,
2022-10-10,70.17887777276351,70.60857942978981,69.3452555090562,69.38822174072266,303600,341.82293701171875,155.0,,,3.0,,,,,0,,
2022-10-11,69.2679002647062,70.69451279923321,68.71788271221362,70.30777740478516,299500,339.6582336425781,154.0,,,3.0,,,,,0,,
2022-10-12,70.28202112766917,70.35077498514491,69.3538637219329,69.7663803100586,146300,338.537841796875,152.0,,,3.0,,,,,0,,
2022-10-13,68.53741892498134,71.35626093639323,68.02177821306677,70.9867172241211,224300,347.47222900390625,152.0,,,3.0,,,,,0,,
2022-10-14,71.79454195843424,72.05235897665497,69.22492830349672,69.31086730957031,256300,339.5538330078125,153.0,,,3.0,,,,,0,,
2022-10-17,70.62576732624993,72.09534626296916,70.62576732624993,71.94924926757812,120800,348.2792663574219,159.0,,,3.0,,,,,0,,
2022-10-18,73.16101643639554,73.7282258846459,72.01801478260349,72.63677978515625,138900,352.3714294433594,157.0,,,3.0,,,,,0,,
2022-10-19,71.93205477529625,72.12972042252059,70.47966763288375,70.87499237060547,126100,349.8742980957031,158.0,,,3.0,,,,,0,,
2022-10-20,71.04686927507355,72.1039382195941,70.69451733138459,70.84061431884766,152400,346.94049072265625,156.0,,,3.0,,,,,0,,
2022-10-21,70.94375449653316,71.45939523393753,69.95543925841694,71.42501831054688,273500,355.3716735839844,154.0,,,3.0,,,,,0,,
2022-10-24,71.96643449564775,72.24144330462406,71.01249625522708,71.55392456054688,258300,359.7201843261719,152.0,,,3.0,,,,,0,,
2022-10-25,71.78595375088376,74.49307534978892,71.78595375088376,74.38135528564453,152600,365.4644470214844,159.0,,,3.0,,,,,0,,
2022-10-26,74.35555953239768,74.86261081321089,73.84851480831031,74.20086669921875,235400,362.7109375,156.0,,1.0,3.0,,,,,0,,
2022-10-27,74.61339439000133,75.1204457474933,74.00321883261238,74.24385070800781,118100,360.7741394042969,154.0,,1.0,3.0,,,,,0,,
2022-10-28,74.01182794774677,75.99704783178981,73.76260015884554,75.8767318725586,142000,369.357177734375,155.0,,1.0,3.0,,,,,0,,
2022-10-31,75.36107163082383,76.0142133673287,75.07746699020322,75.67904663085938,168800,366.689208984375,152.0,,1.0,3.0,,,,,0,,
2022-11-01,76.25486548066328,76.47830564063638,75.28373545619196,75.4298324584961,180600,365.0845947265625,150.0,,1.0,3.0,,,,,0,,
2022-11-02,75.05170178698181,75.73063127147104,73.1524210271094,73.28132629394531,199600,355.9224548339844,153.0,,1.0,3.0,,,,,0,,
2022-11-03,72.76566377832673,73.76257458834299,71.81172574887955,73.37583923339844,123200,352.25750732421875,151.0,,1.0,3.0,,,,,0,,
2022-11-04,74.04617430413872,75.02589331440662,73.10082564798083,74.47587585449219,109000,357.3276062011719,150.0,,1.0,3.0,,,,,0,,
2022-11-07,74.9141797803855,75.05168744770873,73.79695948865333,74.40713500976562,156800,360.74566650390625,148.0,,1.0,3.0,,,,,0,,
2022-11-08,74.79387418989018,75.56733853369651,74.20088376685074,74.7852783203125,237100,362.6919250488281,146.0,,1.0,3.0,,,,,0,,
2022-11-09,74.5618482343414,75.45562864602655,73.91729562024685,74.06339263916016,243800,355.21978759765625,144.0,,1.0,3.0,,,,,0,,
2022-11-10,76.22048948989962,79.30574454242651,76.22048948989962,79.16824340820312,176000,374.7405090332031,169.0,,1.0,3.0,,,,,0,,
2022-11-11,79.2112034354697,79.7096589410064,78.52368470478568,78.78150177001953,460000,378.3675231933594,166.0,,1.0,3.0,,,,,0,,
2022-11-14,78.58385513306726,78.58385513306726,77.02833039897602,77.03692626953125,367200,375.1488037109375,167.0,,1.0,3.0,,,,,0,,
2022-11-15,78.0767868380712,78.38617254404896,77.02831378522731,77.85334014892578,647900,378.34844970703125,165.0,,1.0,3.0,,,,,0,,
2022-11-16,77.69865254872528,77.93068854595123,76.95096934570552,77.08847045898438,97400,375.4621276855469,163.0,,1.0,3.0,,,,,0,,
2022-11-17,75.97126658755988,76.84785522501741,75.70484705844608,76.6673812866211,134600,374.3133239746094,161.0,,1.0,3.0,,,,,1,,
2022-11-18,77.56114216094016,77.99084377956032,76.9681518290919,77.89630889892578,178100,376.0128479003906,160.0,,1.0,3.0,,,,,0,,
2022-11-21,77.66428125620759,78.15414089180946,77.19160680223779,78.05101013183594,217100,374.6456298828125,157.0,,1.0,3.0,,,,,0,,
2022-11-22,78.48070979180972,78.69556061872079,77.96506911856851,78.61821746826172,145700,379.6872863769531,155.0,,1.0,3.0,,,,,0,,
2022-11-23,78.53227499296699,78.91901043071334,77.9392911458527,78.480712890625,76600,382.0798645019531,153.0,,1.0,3.0,,,,,0,,
2022-11-25,78.63540776843821,79.02213665936256,78.61822258612645,79.00495147705078,87300,381.9944152832031,151.0,,1.0,3.0,,,,,0,,
2022-11-28,78.56666721997249,78.94480686208946,76.624420010457,76.71894836425781,171300,375.89892578125,154.0,,1.0,3.0,,,,,0,,
2022-11-29,76.7705131960477,78.23149646564501,76.65878654915494,78.1627426147461,123100,375.2533264160156,154.0,,1.0,3.0,,,,,0,,
2022-11-30,78.03381880381517,80.00184650366205,77.39785566916113,79.94168853759766,158500,387.0740051269531,155.0,,1.0,3.0,,,,,0,,
2022-12-01,80.55187018290258,80.91281797731484,79.00494169724071,79.63230895996094,525700,386.7891845703125,152.0,,1.0,3.0,,,,,0,,
2022-12-02,78.67836632788736,79.89871730983157,78.6353935447899,79.49479675292969,220600,386.34295654296875,150.0,,1.0,3.0,,,,,0,,
2022-12-05,78.97057411865354,79.19402082783385,77.89631992011192,77.99945068359375,224500,379.3929138183594,150.0,,1.0,3.0,,,,,0,,
2022-12-06,78.11975461601153,78.29163263865583,77.06268576224296,77.40644836425781,127100,373.9240417480469,148.0,,1.0,3.0,,,,,0,,
2022-12-07,77.14863806563667,78.37758515378695,77.14863806563667,77.61271667480469,146300,373.2879333496094,146.0,,1.0,3.0,,,,,0,,
2022-12-08,77.87912999400913,79.06510419653549,77.87912999400913,78.31742095947266,89000,376.2122802734375,145.0,,1.0,3.0,,,,,0,,
2022-12-09,77.98225496676942,78.74712339257687,77.98225496676942,78.07678985595703,128900,373.4018859863281,142.0,,1.0,3.0,,,,,0,,
2022-12-12,78.20571240701311,78.63541412353516,77.3119320498399,78.63541412353516,571400,378.7852478027344,141.0,,1.0,3.0,,,,,0,,
2022-12-13,80.80969712106037,80.93001306726363,78.807285712963,79.79560089111328,95300,381.6526184082031,140.0,,1.0,3.0,,,,,0,,
2022-12-14,79.68388066967283,80.79251179201256,79.12526717375675,79.46043395996094,139700,379.2124938964844,138.0,,1.0,3.0,,,,,0,,
2022-12-15,78.4721288470583,78.91902232379277,77.8877342244481,78.34322357177734,103200,369.9362487792969,137.0,,4.0,3.0,,,,,1,,
2022-12-16,77.59552862269723,77.59552862269723,75.38686229355822,76.20329284667969,698400,365.5688781738281,141.0,,4.0,3.0,,,,,1,,
2022-12-19,76.22416464384553,76.22416464384553,74.86705338423523,75.38902282714844,109600,362.4689025878906,139.0,,4.0,3.0,,,,,0,,
2022-12-20,75.11935586271684,75.52822893252345,74.31901224873562,75.0671615600586,136300,362.9649353027344,137.0,,4.0,3.0,,,,,0,,
2022-12-21,75.56300275512142,76.56343526557232,75.51950309231702,75.74568939208984,282800,368.39215087890625,136.0,,4.0,3.0,,,,,0,,
2022-12-22,75.11935032009441,75.423828125,73.98843181085677,75.423828125,271500,363.1365966796875,134.0,,4.0,3.0,,,,,1,,
2022-12-23,75.20633921934152,76.05888366699219,74.88446554351752,76.05888366699219,111800,365.2254638671875,132.0,,4.0,3.0,,,,,0,,
2022-12-27,76.006682611347,76.25026482126533,75.46731726287256,76.0414810180664,102100,363.78521728515625,130.0,,4.0,3.0,,,,,0,,
2022-12-28,76.21545784080854,76.46774128330584,74.54517432887816,74.65826416015625,148300,359.2640686035156,131.0,,4.0,3.0,,,,,0,,
2022-12-29,75.15413289560536,76.4764457084482,75.04104305964677,76.25025939941406,187800,365.73095703125,132.0,,4.0,3.0,,,,,0,,
2022-12-30,75.75441205432705,76.02409145597782,74.9540684746987,75.8153076171875,151700,364.7676696777344,130.0,,4.0,3.0,,,,,0,,
2023-01-03,76.44165565974896,77.05061120780698,74.93665603795174,75.73699951171875,289800,363.2319641113281,129.0,,4.0,3.0,,,,,0,,
2023-01-04,76.18937655690446,78.08584676326052,76.18937655690446,77.42469024658203,157700,366.03619384765625,130.0,,4.0,3.0,,,,,0,,
2023-01-05,76.78963981821975,76.78963981821975,75.05846019876418,75.21504974365234,147500,361.85845947265625,134.0,,4.0,3.0,,,,,0,,
2023-01-06,75.78051931260707,77.43340762987268,75.41514588670863,77.24201965332031,46700,370.1566467285156,137.0,,4.0,3.0,,,,,0,,
2023-01-09,77.5029856253514,77.9727542291693,76.86793286181272,77.1202163696289,244000,369.94677734375,135.0,,4.0,3.0,,,,,0,,
2023-01-10,77.00710524362904,77.094104575198,76.25026150106945,77.06800079345703,188300,372.5412292480469,133.0,,4.0,3.0,,,,,0,,
2023-01-11,77.57258406227014,80.03451699311911,77.57258406227014,79.9823226928711,267800,377.2530517578125,140.0,,1.0,3.0,,,,,0,,
2023-01-12,80.45208632959088,81.20022892296602,79.73003424760722,81.07843780517578,443300,378.6266174316406,140.0,,1.0,3.0,,,,,0,,
2023-01-13,80.38248295785014,80.80875183537614,80.07800518818871,80.45207977294922,49600,380.0954284667969,138.0,,1.0,3.0,,,,,0,,
2023-01-17,80.53908072163597,81.23502903254908,80.39988707718238,80.87835693359375,118700,379.399169921875,136.0,,1.0,3.0,,,,,0,,
2023-01-18,81.12193232506819,81.36551454517782,79.76482759181872,79.90401458740234,195400,373.4091796875,135.0,,1.0,3.0,,,,,0,,
2023-01-19,79.53863150341564,80.41727295002133,79.49513183925141,79.54733276367188,254400,370.6908264160156,133.0,,1.0,3.0,,,,,0,,
2023-01-20,79.63433815757507,80.55647277832031,78.91228609482046,80.55647277832031,82100,377.596435546875,132.0,,1.0,3.0,,,,,0,,
2023-01-23,80.6608687249624,81.65260017345636,80.16500300071542,81.31332397460938,129600,382.1270446777344,131.0,,1.0,3.0,,,,,0,,
2023-01-24,81.2872168653005,81.91357489014405,80.56516488459933,81.71348571777344,121300,381.7169189453125,129.0,,1.0,3.0,,,,,0,,
2023-01-25,81.06975224918843,81.66131201768006,80.85226713778884,81.48731994628906,264000,381.8599548339844,127.0,,1.0,3.0,,,,,0,,
2023-01-26,81.95706106333127,82.32243433488681,81.59168779177573,82.30503845214844,102300,386.0567932128906,126.0,,1.0,3.0,,,,,0,,
2023-01-27,82.11368213328464,83.85356310932562,82.11368213328464,83.48818969726562,297900,386.94384765625,126.0,,1.0,3.0,,,,,0,,
2023-01-30,82.89660261179097,83.66214759988185,82.36593855781442,82.42683410644531,116800,382.08892822265625,125.0,,1.0,3.0,,,,,0,,
2023-01-31,82.45293269922173,84.24500742223168,82.34854412094442,84.0710220336914,122200,387.7069396972656,126.0,,1.0,3.0,,,,,0,,
2023-02-01,83.89706004923097,85.01058277560023,82.69653796720495,84.497314453125,515000,391.8273620605469,125.0,,1.0,3.0,,,,,0,,
2023-02-02,85.19325842515016,87.2289156507867,85.19325842515016,86.4981689453125,111600,397.53118896484375,127.0,,1.0,3.0,,,,,0,,
2023-02-03,85.46294256672915,85.46294256672915,84.09713641173911,85.05406951904297,111000,393.3058166503906,127.0,,1.0,3.0,,,,,0,,
2023-02-06,84.24501583583829,84.59299328478872,83.60126186940657,84.51470184326172,108300,390.9021911621094,125.0,,1.0,3.0,,,,,0,,
2023-02-07,83.93182978866494,84.81046457396471,83.32286769271504,84.29720306396484,362500,396.01458740234375,124.0,,1.0,3.0,,,,,0,,
2023-02-08,83.99273059998343,84.42770070845125,83.76654428518736,84.0710220336914,121500,391.684326171875,122.0,,1.0,3.0,,,,,0,,
2023-02-09,84.78437667983607,84.83657097139638,82.88790665344112,83.14019012451172,269100,388.2887878417969,121.0,,1.0,3.0,,,,,0,,
2023-02-10,82.76611487452973,83.53165990535707,82.31374886474934,83.34027862548828,301500,389.19488525390625,119.0,,1.0,3.0,,,,,0,,
2023-02-13,83.55777557061427,84.36682038385187,83.54037304634944,84.21892547607422,117300,393.7635803222656,118.0,,1.0,1.0,,,,,0,,
2023-02-14,83.87964116257332,84.55819352678338,83.12279735808566,83.49687194824219,117600,393.58245849609375,117.0,,1.0,1.0,,,,,0,,
2023-02-15,83.07060384678131,83.79265594482422,82.8096257187627,83.79265594482422,77400,394.8605041503906,116.0,,1.0,1.0,,,,,0,,
2023-02-16,82.70521846580597,83.72304695510681,82.01796487880051,83.04449462890625,53500,389.42376708984375,114.0,,1.0,1.0,,,,,0,,
2023-02-17,82.85312212110915,83.04451007170299,81.9570845679821,82.74873352050781,316300,388.4508972167969,113.0,,4.0,1.0,,,,,0,,
2023-02-21,82.24416974512741,82.26156563354246,81.01755054262294,81.35682678222656,138300,380.6582336425781,114.0,,4.0,1.0,,,,,0,,
2023-02-22,81.5395119319072,81.84398972700626,80.44338523243246,80.78266143798828,210400,380.1335754394531,112.0,,4.0,1.0,,,,,0,,
2023-02-23,81.32203199820854,81.56561424972492,80.44339033056572,81.33072662353516,149700,382.15570068359375,111.0,,4.0,1.0,,,,,0,,
2023-02-24,80.41727359554955,80.59996023969538,79.73872130668877,80.12149047851562,127800,378.0733337402344,111.0,,4.0,1.0,,,,,0,,
2023-02-27,80.78266933380033,81.23503543971694,79.83443080824607,80.17371368408203,83700,379.36102294921875,110.0,,4.0,1.0,,,,,0,,
2023-02-28,80.23459151136393,81.14802478400607,79.92141249299596,79.93010711669922,281200,377.9588623046875,108.0,,4.0,1.0,,,,,0,,
2023-03-01,79.66913376442345,79.66913376442345,78.16413413458388,78.81658935546875,138400,376.5090637207031,108.0,,4.0,1.0,,,,,1,,
2023-03-02,78.39903288650922,80.00842133293946,78.22504082057813,79.91272735595703,187800,379.4373474121094,108.0,,4.0,1.0,,,,,0,,
2023-03-03,80.51298274972591,81.27852787504182,80.50428148775691,81.06104278564453,98500,385.5226135253906,108.0,,4.0,1.0,,,,,0,,
2023-03-06,81.35682458240271,81.55691379791914,80.83486166151975,80.98274993896484,136300,385.7897033691406,107.0,,4.0,1.0,,,,,0,,
2023-03-07,81.01753481838982,81.01753481838982,78.98187777585726,79.21675872802734,89100,379.87603759765625,109.0,,4.0,1.0,,,,,0,,
2023-03-08,79.26025458831644,80.51297063868478,79.17326189306691,79.99970245361328,215200,380.49609375,109.0,,4.0,1.0,,,,,0,,
2023-03-09,80.1562842426805,80.1562842426805,78.03362816994596,78.13802337646484,159400,373.47589111328125,112.0,,4.0,1.0,,,,,0,,
2023-03-10,78.06844862589043,78.09454577561326,74.788776280725,75.09325408935547,347200,368.0868835449219,123.0,,4.0,1.0,,,,,0,,
2023-03-13,74.5799908273759,76.95492432027389,74.37120035988727,76.10238647460938,88000,367.56219482421875,122.0,,4.0,1.0,,,,,0,,
2023-03-14,77.27679599413307,77.69436360812048,76.04148240017041,76.74613189697266,152000,373.6380310058594,121.0,,4.0,1.0,,,,,0,,
2023-03-15,75.75442150080508,76.86794429603304,75.36294428749815,76.633056640625,233700,371.3013000488281,119.0,,4.0,1.0,,,,,0,,
2023-03-16,75.91969155091934,76.70263919465013,74.87576578402371,76.15457916259766,156100,377.8158264160156,118.0,,4.0,1.0,,,,,0,,
2023-03-17,75.82399047045575,75.82399047045575,74.3189910149886,74.37118530273438,223600,373.3981018066406,120.0,,4.0,1.0,,,,,0,,
2023-03-20,74.6174117923992,75.57246935579829,74.22311663699722,75.3621826171875,330000,376.988525390625,120.0,,4.0,1.0,,,,,0,,
2023-03-21,76.01058162970853,76.08067944769017,74.35455911804314,75.01171112060547,110800,381.9386901855469,118.0,,4.0,1.0,,,,,0,,
2023-03-22,74.66998003193356,74.66998003193356,72.01508745852303,72.06765747070312,257100,375.42791748046875,129.0,,4.0,4.0,,,,,0,,
2023-03-23,72.59337670963677,73.39072420350897,71.41050465659843,71.66460418701172,362200,376.4428405761719,127.0,,4.0,4.0,,,,,0,,
2023-03-24,71.27030850468573,73.35567474365234,71.26155129276516,73.35567474365234,635100,378.9130554199219,129.0,,4.0,4.0,,,,,0,,
2023-03-27,73.89016337533923,74.23188183842117,73.44329819865708,73.5747299194336,206000,379.62158203125,127.0,,4.0,4.0,,,,,0,,
2023-03-28,73.17167355441175,73.69739372395401,72.82119121308536,73.3907241821289,87400,378.7694396972656,125.0,,4.0,4.0,,-0.00021362844400820026,,,0,,
2023-03-29,74.17055259232883,75.16065913932283,74.16178869442045,75.0555191040039,113300,384.2748718261719,127.0,,4.0,4.0,,-0.00016008605431531278,,,0,,
2023-03-30,75.75647184711353,76.264670931671,75.69513793586658,76.09819030761719,98200,386.5248718261719,127.0,,1.0,4.0,,-0.00011649121117954296,,,0,,
2023-03-31,76.46619314972874,77.85059477500313,76.41362313620272,77.78926086425781,121100,391.9727783203125,128.0,,1.0,4.0,,-1.7071731207340444e-05,,,0,,
2023-04-03,77.80680014507237,78.51652217202734,76.86049965253515,77.2723159790039,519300,393.4663391113281,127.0,,1.0,4.0,,4.800181214849536e-05,,,0,,
2023-04-04,77.28982625387594,77.44754298051777,76.55381931947744,77.06201171875,184200,391.2834167480469,125.0,,1.0,4.0,,8.357589330388628e-05,-0.00021362844400820026,,0,,
2023-04-05,76.90429932652282,77.22849669536285,76.38734300082974,76.58010864257812,178700,390.2589416503906,123.0,,1.0,4.0,,8.301688433157979e-05,-0.00016008605431531278,,0,,
2023-04-06,76.85171430510644,77.09704991583399,76.19456248284592,77.07952880859375,95900,391.78131103515625,122.0,,1.0,4.0,,7.488270957416636e-05,-0.00011649121117954296,,0,,
2023-04-10,76.70278181074616,77.43878883785624,76.22086767283186,77.40373992919922,139500,392.1833801269531,120.0,,1.0,4.0,,9.536354988787388e-05,-1.7071731207340444e-05,,0,,
2023-04-11,77.50010440798782,78.2886879538276,77.30734548335516,77.62277221679688,257500,392.2887268066406,119.0,,1.0,4.0,,9.508974942058312e-05,4.800181214849536e-05,,0,,
2023-04-12,78.24489621336458,78.37632125773168,77.06201733489729,77.14964294433594,571300,390.6897888183594,117.0,,1.0,4.0,,9.12670963607151e-05,8.357589330388628e-05,,0,,
2023-04-13,77.21972564444525,77.21972564444525,75.89666465299642,76.61515045166016,375900,395.879150390625,116.0,,1.0,4.0,,7.822821540703132e-05,8.301688433157979e-05,,0,,
2023-04-14,76.61515183768036,77.21972704140263,74.95912958049813,75.45856475830078,202200,394.9121398925781,116.0,,1.0,4.0,,6.001495306875935e-05,7.488270957416636e-05,,0,,
2023-04-17,75.55495378558936,77.27231009409078,75.48485597261492,77.24602508544922,149500,396.32916259765625,119.0,,1.0,4.0,,6.30253579385484e-05,9.536354988787388e-05,,0,,
2023-04-18,77.4124940762757,77.47382798747557,76.76410606003488,77.06201171875,106600,396.587646484375,117.0,,1.0,4.0,,4.741129398085458e-05,9.508974942058312e-05,,0,,
2023-04-19,76.68523625975806,77.76296822553299,76.39609452884753,77.58773040771484,145300,396.52069091796875,115.0,,1.0,4.0,,5.228297732333987e-05,9.12670963607151e-05,,0,,
2023-04-20,77.21096063228195,77.29857953840995,76.61514271175989,76.9480972290039,106500,394.3568420410156,114.0,,1.0,4.0,,3.259313393554909e-05,7.822821540703132e-05,,0,,
2023-04-21,77.18467458630285,77.63153973058412,76.5362866116851,77.23725128173828,157900,394.6632385253906,113.0,,1.0,4.0,,3.333597951868587e-05,6.001495306875935e-05,,0,,
2023-04-24,77.25478434781049,77.38621607940033,76.36106060581159,76.95687866210938,161900,395.07489013671875,111.0,,1.0,4.0,,4.6349036882781205e-05,6.30253579385484e-05,,0,,
2023-04-25,76.45743749284169,76.7816281627073,76.18581015267652,76.29972076416016,156300,388.8034973144531,110.0,,1.0,4.0,,5.596647844183358e-05,4.741129398085458e-05,,0,,
2023-04-26,76.22961693246559,76.74657319486742,75.4322694546525,75.64256286621094,158600,387.15667724609375,109.0,,1.0,3.0,,3.336243039872766e-05,5.228297732333987e-05,,0,,
2023-04-27,75.74770473721254,77.46506754908,75.74770473721254,77.21096801757812,190900,394.8642883300781,111.0,,1.0,3.0,,4.763305223833141e-05,3.259313393554909e-05,,0,,
2023-04-28,77.35115732179479,78.68298889445788,77.35115732179479,78.34127044677734,223300,398.2344970703125,111.0,,1.0,3.0,,0.00010079772041257975,3.333597951868587e-05,,0,,
2023-05-01,78.08717320566004,78.63041450514868,77.64030803600414,77.78926086425781,114100,397.8323974609375,110.0,,1.0,3.0,,0.00017250207658604108,4.6349036882781205e-05,,0,,
2023-05-02,77.55268335631982,77.79801898107266,76.04561402153024,76.66771697998047,130800,393.361083984375,110.0,,1.0,3.0,,0.00016912662561180826,5.596647844183358e-05,,0,,
2023-05-03,76.81667503464884,78.01707492034252,76.31723985452274,76.5888671875,219100,390.66107177734375,109.0,,1.0,3.0,,0.0001410306254693246,3.336243039872766e-05,,0,,
2023-05-04,76.52752893472511,77.8505966816577,76.20333826351495,77.43002319335938,157100,387.8940124511719,108.0,,1.0,3.0,,0.0001598203256762731,4.763305223833141e-05,,0,,
2023-05-05,78.0959226763928,78.95460402660183,78.03458877172747,78.88450622558594,81600,395.07489013671875,109.0,,1.0,3.0,,0.00019526283163650662,0.00010079772041257975,,0,,
2023-05-08,78.6128928237922,78.88451347156081,78.26241047141328,78.51651000976562,111900,395.18023681640625,108.0,,1.0,3.0,,0.00021002026468512578,0.00017250207658604108,,0,,
2023-05-09,78.12222665583415,78.40261121911428,77.24602405997183,78.00831604003906,328900,393.4472351074219,107.0,,1.0,3.0,,0.00017905204988460322,0.00016912662561180826,,0,,
2023-05-10,78.8056617857099,79.09480355512689,77.91193141508975,78.7968978881836,263600,395.28558349609375,106.0,,1.0,3.0,,0.00017023768274251265,0.0001410306254693246,,0,,
2023-05-11,78.35879963344253,78.35879963344253,77.51764593052648,77.94698333740234,120400,394.59625244140625,105.0,,1.0,3.0,,0.00015844581481893138,0.0001598203256762731,,0,,
2023-05-12,78.1309910248702,78.13975492340221,77.21973943952227,77.7717514038086,345500,394.0792236328125,104.0,,1.0,3.0,,0.00013288038746226612,0.00019526283163650662,,0,,
2023-05-15,77.87688901256584,78.20985029741651,77.46507938297509,77.89441680908203,158300,395.4387512207031,102.0,,1.0,3.0,,7.219805847673457e-05,0.00021002026468512578,,0,,
2023-05-16,77.6753595230967,77.6753595230967,75.73895263671875,75.73895263671875,166300,392.7961730957031,108.0,,1.0,3.0,,7.672221807445334e-06,0.00017905204988460322,,0,,
2023-05-17,76.16829340846749,76.71154143503979,75.56371146638666,76.65020751953125,123300,397.5643310546875,108.0,,4.0,3.0,,-3.9167141145573886e-05,0.00017023768274251265,,0,,
2023-05-18,76.29096815014378,76.7115483837964,75.68638615329814,76.11573028564453,101800,401.3941345214844,106.0,,4.0,3.0,,-6.443805573765632e-05,0.00015844581481893138,,0,,
2023-05-19,76.3347734561073,76.91306370003402,75.71267040791393,75.98429107666016,166200,400.8100891113281,105.0,,4.0,3.0,,-7.016565087355606e-05,0.00013288038746226612,,0,,
2023-05-22,76.20335434597733,76.86050640941639,75.71268294444303,76.43992614746094,180200,400.9728698730469,104.0,,4.0,3.0,,-6.238542197129712e-05,7.219805847673457e-05,,0,,
2023-05-23,76.41363157643606,77.13211747519631,75.87914743023563,75.96676635742188,230000,396.4728088378906,102.0,,4.0,3.0,,-7.259988875434605e-05,7.672221807445334e-06,,0,,
2023-05-24,75.65132755395071,75.70390425448325,74.2406475501517,74.3808364868164,107400,393.60040283203125,105.0,,4.0,3.0,,-0.00010864606094842921,-3.9167141145573886e-05,,1,,
2023-05-25,74.65244357819003,74.80140307024541,73.68862225228898,74.35453796386719,123900,397.0089416503906,103.0,,4.0,3.0,,-0.00016196689551558642,-6.443805573765632e-05,,0,,
2023-05-26,74.53855021050262,75.58999059018846,74.2494017663758,75.4322738647461,117500,402.1505126953125,104.0,,4.0,3.0,,-0.00016317750584463734,-7.016565087355606e-05,,0,,
2023-05-30,75.80903679143427,76.5100014601474,75.59875006477813,75.84408569335938,193300,402.3036804199219,102.0,,4.0,3.0,,-0.00012452923955414295,-6.238542197129712e-05,,0,,
2023-05-31,75.6425631353527,76.32600001311306,75.54618032593578,76.14199829101562,920200,400.0728454589844,101.0,,4.0,3.0,,-7.924661999169666e-05,-7.259988875434605e-05,,0,,
2023-06-01,76.13325139813605,76.49249771072434,75.24828480715401,76.11573028564453,263100,403.8739318847656,100.0,,4.0,1.0,,-7.084807320151939e-05,-0.00010864606094842921,,0,,
2023-06-02,76.80792739642754,78.12223136952264,76.76411459003276,77.89441680908203,211600,409.7144470214844,103.0,,4.0,1.0,,-3.6048898740200186e-05,-0.00016196689551558642,,0,,
2023-06-05,77.85935424788022,78.21859379471915,77.30734908253986,77.43877410888672,222500,408.9292907714844,102.0,,4.0,1.0,,-2.1123470209031373e-05,-0.00016317750584463734,,0,,
2023-06-06,77.62278740187102,78.42013500000641,77.38621563428649,78.18356323242188,192300,409.8197021484375,101.0,,4.0,1.0,,1.3674380021556893e-05,-0.00012452923955414295,,0,,
2023-06-07,78.48146553423709,79.94472225171917,78.17479596543772,79.69938659667969,236400,408.4027099609375,103.0,,1.0,1.0,,4.000186326721997e-05,-7.924661999169666e-05,,0,,
2023-06-08,79.52414799980008,79.52414799980008,78.35003306693842,79.16490173339844,304700,410.8729553222656,102.0,,1.0,1.0,,7.326678511818985e-05,-7.084807320151939e-05,,0,,
2023-06-09,79.12985730273148,79.33138684879859,78.53403924748835,78.75308990478516,309600,411.61016845703125,101.0,,1.0,1.0,,8.408210871562245e-05,-3.6048898740200186e-05,,0,,
2023-06-12,78.74431984226243,78.74431984226243,78.03459128270403,78.63040924072266,175400,415.34423828125,99.0,,1.0,1.0,,8.314509368518003e-05,-2.1123470209031373e-05,,0,,
2023-06-13,78.59537391813686,79.21748367353604,78.53404000090116,79.08605194091797,194700,418.08258056640625,98.0,,1.0,1.0,,0.00011113379850466947,1.3674380021556893e-05,,0,,
2023-06-14,79.34014009061396,79.90090916318474,78.84070492645266,79.40147399902344,263100,418.5804138183594,97.0,,1.0,1.0,,0.00016396815668913987,4.000186326721997e-05,,0,,
2023-06-15,79.2262317452653,79.71690971142951,78.63041375305468,79.61176300048828,338400,423.7698669433594,95.0,,1.0,1.0,,0.00020534035587983397,7.326678511818985e-05,,0,,
2023-06-16,80.03234867624049,80.30397604969407,79.5504412186347,79.83082580566406,993800,422.3263854980469,94.0,,1.0,1.0,,0.00022382242431526344,8.408210871562245e-05,,0,,
2023-06-20,79.54236624161148,79.54236624161148,78.25942082215904,78.86107635498047,148400,420.13531494140625,94.0,,1.0,1.0,,0.00019086231000750402,8.314509368518003e-05,,1,,
2023-06-21,78.45408638792222,78.71952527170795,77.87013029414133,78.40985107421875,102300,417.9826354980469,93.0,,1.0,1.0,,0.00014941891725646844,0.00011113379850466947,,0,,
2023-06-22,78.37445314104835,78.37445314104835,76.74644115490752,77.10920715332031,73400,419.491455078125,94.0,,1.0,1.0,,9.788089009997963e-05,0.00016396815668913987,,0,,
2023-06-23,76.77299482779596,77.28617310713649,75.91475677490234,75.91475677490234,347500,416.320068359375,95.0,,4.0,1.0,,4.0270676928796795e-05,0.00020534035587983397,,0,,
2023-06-26,76.06515858122582,78.00284475818869,76.0297662822869,77.9762954711914,133000,414.6190185546875,101.0,,4.0,1.0,,3.530048700265176e-05,0.00022382242431526344,,0,,
2023-06-27,78.08247480919462,79.14421680899328,77.70201602169509,78.98495483398438,120800,419.16473388671875,101.0,,4.0,1.0,,5.424522244178893e-05,0.00019086231000750402,,0,,
2023-06-28,78.98494362792981,78.98494362792981,78.10900626485072,78.61333465576172,260200,419.3760986328125,100.0,,4.0,1.0,,9.018419810284723e-05,0.00014941891725646844,,0,,
2023-06-29,78.46294012996191,79.60431658749796,78.23289353570718,79.57777404785156,301900,421.0290222167969,99.0,,1.0,1.0,,0.00014189524186937203,9.788089009997963e-05,,0,,
2023-06-30,80.17058435235298,80.489108346445,78.9053381398186,80.02017211914062,153400,425.9974670410156,98.0,,1.0,1.0,,0.00015370023872237265,4.0270676928796795e-05,,0,,
2023-07-03,79.86090363302893,81.3119542658138,79.77242625305745,80.94918823242188,149100,426.487548828125,98.0,,1.0,1.0,,0.0002134796327019709,3.530048700265176e-05,,0,,
2023-07-05,80.66604975821873,81.68355641799373,79.97591680213907,80.99342346191406,719700,425.8533630371094,97.0,,1.0,1.0,,0.0002186375198745321,5.424522244178893e-05,,0,,
2023-07-06,80.05556235103546,80.6483682550924,78.78146640766029,80.58643341064453,229200,422.5186767578125,95.0,,1.0,1.0,,0.00020694097679633118,9.018419810284723e-05,,0,,
2023-07-07,80.17057129763711,80.81646219408806,79.96706726495273,80.2413558959961,486200,421.451904296875,94.0,,1.0,1.0,,0.00016195751269797835,0.00014189524186937203,,0,,
2023-07-10,80.11748973537762,80.61296844482422,79.75472371568196,80.61296844482422,108900,422.5186767578125,93.0,,1.0,1.0,,0.0001438277472136809,0.00015370023872237265,,0,,
2023-07-11,80.78107652585918,81.8162759613631,80.61296479260287,81.75434112548828,308700,425.2093811035156,94.0,,1.0,1.0,,0.0001813634648864662,0.0002134796327019709,,0,,
2023-07-12,82.65683214982303,83.03729097818878,82.06402624876692,82.1436538696289,285700,428.63067626953125,93.0,,1.0,1.0,,0.00023459091589162764,0.0002186375198745321,,0,,
2023-07-13,82.31174997274994,82.82492815535714,81.64815959018937,82.79838562011719,147900,432.0326232910156,92.0,,1.0,1.0,,0.00026920117219840777,0.00020694097679633118,,0,,
2023-07-14,82.57720346403971,82.81609307393667,82.09941749385418,82.73646545410156,183300,431.7635803222656,90.0,,1.0,1.0,,0.00027437364044075036,0.00016195751269797835,,0,,
2023-07-17,82.5860437279927,82.86918214569242,82.25867674571239,82.52410888671875,226900,433.26275634765625,89.0,,1.0,1.0,,0.00026414418652786787,0.0001438277472136809,,0,,
2023-07-18,82.75414826186504,82.75414826186504,81.12614300436049,81.75434112548828,414000,436.482177734375,89.0,,1.0,1.0,,0.000203889320453942,0.0001813634648864662,,0,,
2023-07-19,82.08170889809641,82.88686852289247,82.08170889809641,82.6037368774414,210100,437.4527587890625,89.0,,1.0,1.0,,0.0001788205187313466,0.00023459091589162764,,0,,
2023-07-20,82.73644389168506,82.93109813440753,81.83395726640622,82.88685607910156,326200,434.55047607421875,87.0,,1.0,1.0,,0.00015790084270498518,0.00026920117219840777,,0,,
2023-07-21,83.02843808871565,83.67433579642093,82.92226793156351,83.30272674560547,331900,434.55047607421875,86.0,1.0,1.0,1.0,1.0,0.00015680301220411346,0.00027437364044075036,,0,1.0,1.0
2023-07-24,83.4973859260945,84.12558414415096,83.33812393064413,83.8512954711914,264800,436.4917907714844,86.0,1.0,1.0,1.0,1.0,0.0001576558877206493,0.00026414418652786787,,0,1.0,2.0
2023-07-25,83.83358896414403,84.11672060408647,83.13460625138818,83.24962615966797,372900,437.6834411621094,85.0,1.0,1.0,1.0,1.0,0.00014312617636307373,0.000203889320453942,,0,1.0,3.0
2023-07-26,83.17001102041603,83.9663209866473,83.17001102041603,83.72742462158203,189500,437.7507019042969,84.0,1.0,1.0,1.0,1.0,0.0001553087424826441,0.0001788205187313466,,0,1.0,4.0
2023-07-27,83.9840091175483,84.08133626083645,81.68356348155547,81.73664855957031,495500,434.84844970703125,89.0,1.0,1.0,1.0,1.0,8.41096225519196e-05,0.00015790084270498518,,0,1.0,5.0
2023-07-28,82.61258653823563,83.01073809371431,81.58623010574438,81.84281921386719,171600,439.1057434082031,88.0,1.0,1.0,1.0,1.0,4.2754173539776534e-05,0.00015680301220411346,,0,1.0,6.0
2023-07-31,81.96668643836215,82.7806890499191,81.77203217247012,82.37368774414062,467900,439.9418029785156,87.0,1.0,1.0,1.0,1.0,5.865684887734853e-06,0.0001576558877206493,,0,1.0,7.0
2023-08-01,82.07288224186577,82.3294714014386,81.50661883811617,81.96670532226562,160100,438.682861328125,86.0,1.0,4.0,1.0,2.0,2.449377533695902e-05,0.00014312617636307373,,0,2.0,8.0
2023-08-02,81.40041589625875,81.81626692709553,81.12613404629836,81.64815521240234,115200,432.58038330078125,85.0,1.0,4.0,1.0,2.0,4.257573727649811e-05,0.0001553087424826441,,0,2.0,9.0
2023-08-03,80.86070934951537,80.9049514138745,79.56007096189578,80.81646728515625,181300,431.3406982421875,85.0,1.0,4.0,1.0,2.0,3.916951714047108e-05,8.41096225519196e-05,,1,2.0,10.0
2023-08-04,80.71913233553975,81.39156568985587,79.77241038237281,80.0555419921875,252600,429.3897705078125,84.0,1.0,4.0,1.0,2.0,3.476612919159181e-05,4.2754173539776534e-05,,0,2.0,11.0
2023-08-07,80.26789416665785,81.42696321402231,80.22365210743718,81.36502838134766,122700,433.1378479003906,86.0,1.0,4.0,1.0,2.0,5.66768120257816e-05,5.865684887734853e-06,,0,2.0,12.0
2023-08-08,80.75452997392776,80.81646481190036,80.02900469322398,80.54218292236328,178200,431.2542419433594,86.0,1.0,4.0,1.0,2.0,4.952288321371535e-05,2.449377533695902e-05,,0,2.0,13.0
2023-08-09,80.40060591145684,80.97571212402993,79.9847548959238,80.55986785888672,853400,428.3712158203125,85.0,1.0,4.0,1.0,2.0,3.193172221492797e-05,4.257573727649811e-05,,0,2.0,14.0
2023-08-10,80.76337572349493,81.40927335916419,79.91398080905218,80.13517761230469,472500,428.5249328613281,84.0,1.0,4.0,1.0,2.0,-1.9556634924700588e-05,3.916951714047108e-05,,0,2.0,15.0
2023-08-11,79.85204844380243,80.46255379978597,79.65739417085749,80.40946197509766,166800,428.2751159667969,82.0,1.0,4.0,1.0,2.0,-3.409640882373856e-05,3.476612919159181e-05,,0,2.0,16.0
2023-08-14,80.0997962871103,80.205973197358,79.48044785331112,79.7193374633789,177600,430.6391906738281,82.0,1.0,4.0,1.0,2.0,-4.046785254967728e-05,5.66768120257816e-05,,0,2.0,17.0
2023-08-15,79.1353724910276,79.37426207440373,78.63988704895829,78.83454132080078,269600,425.6226806640625,82.0,1.0,4.0,1.0,2.0,-6.744421278477775e-05,4.952288321371535e-05,,1,2.0,18.0
2023-08-16,78.78145813224248,78.96726264606866,78.17095276510572,78.24173736572266,199300,422.49945068359375,82.0,1.0,4.0,1.0,2.0,-0.00011140138031084537,3.193172221492797e-05,,0,2.0,19.0
2023-08-17,78.45409344621356,78.83455228032659,77.58700561523438,77.58700561523438,220000,419.280029296875,81.0,1.0,4.0,1.0,2.0,-0.0001485571016432219,-1.9556634924700588e-05,,0,2.0,20.0
2023-08-18,77.05612988620322,78.01170187920467,77.00304480338937,77.8524398803711,226700,419.4818420410156,80.0,1.0,4.0,1.0,2.0,-0.00015750396684549204,-3.409640882373856e-05,,0,2.0,21.0
2023-08-21,77.74625536644206,77.74625536644206,76.55178722043686,77.11805725097656,468200,422.2110900878906,80.0,1.0,4.0,1.0,2.0,-0.00016313948679047194,-4.046785254967728e-05,,0,2.0,22.0
2023-08-22,77.48081067750724,77.60468033883097,77.10035193190141,77.3746337890625,495900,421.0675354003906,79.0,1.0,4.0,1.0,2.0,-0.00016325475481182745,-6.744421278477775e-05,,0,2.0,23.0
2023-08-23,77.77279655127656,78.63104121888357,77.61353458460319,78.55140686035156,511500,425.75732421875,81.0,1.0,4.0,1.0,2.0,-0.00016115226050814996,-0.00011140138031084537,,0,2.0,24.0
2023-08-24,78.56911794674849,79.75472973393025,78.19750213623047,78.19750213623047,423300,419.85662841796875,80.0,1.0,4.0,1.0,2.0,-0.00017036768611695705,-0.0001485571016432219,,0,2.0,25.0
2023-08-25,78.37445776885734,78.861086715708,78.02054151180795,78.38330078125,405300,422.8165283203125,78.0,1.0,4.0,1.0,2.0,-0.00018296510717351276,-0.00015750396684549204,,0,2.0,26.0
2023-08-28,78.67528189780148,79.5600691618354,78.67528189780148,79.06459045410156,269300,425.4977722167969,78.0,1.0,4.0,1.0,2.0,-0.00017153870903958727,-0.00016313948679047194,,0,2.0,27.0
2023-08-29,79.03804186131154,80.00245666503906,78.70181840648569,80.00245666503906,229200,431.648193359375,79.0,1.0,4.0,1.0,2.0,-0.00011715401739719594,-0.00016325475481182745,,0,2.0,28.0
2023-08-30,80.02901722951383,80.4271756077574,79.79012760288137,80.28560638427734,281000,433.42608642578125,78.0,1.0,4.0,1.0,2.0,-4.8241808751320255e-05,-0.00016115226050814996,,0,2.0,29.0
2023-08-31,80.26790002144908,80.32098509607357,79.62200236182366,79.71047973632812,218000,432.79180908203125,77.0,1.0,4.0,1.0,2.0,6.26439974474877e-06,-0.00017036768611695705,,0,2.0,30.0
2023-09-01,80.19711483002955,80.40061886524032,79.56891670017417,79.64854431152344,179700,433.5990905761719,76.0,1.0,4.0,1.0,2.0,2.648595549117643e-05,-0.00018296510717351276,,0,2.0,31.0
2023-09-05,79.49812962417445,79.58660699526966,78.57795011392476,78.63988494873047,588400,431.7251281738281,77.0,1.0,4.0,1.0,2.0,-3.425845867245873e-06,-0.00017153870903958727,,0,2.0,32.0
2023-09-06,78.57794189453125,78.81683819692911,77.90550854423286,78.57794189453125,328600,428.8228759765625,76.0,1.0,4.0,1.0,2.0,-4.86696683740378e-05,-0.00011715401739719594,,0,2.0,33.0
2023-09-07,78.36560699891845,79.37426393079171,78.33021469862926,78.97611236572266,548900,427.50634765625,75.0,1.0,4.0,1.0,2.0,-6.719018781736761e-05,-4.8241808751320255e-05,,0,2.0,34.0
2023-09-08,79.13537164508563,79.28578385339571,78.52486629908599,78.71952056884766,347400,428.150146484375,74.0,1.0,4.0,1.0,2.0,-1.8582259243119365e-05,6.26439974474877e-06,,0,2.0,35.0
2023-09-11,78.94957537363118,79.01151021588988,78.32137043736087,78.78146362304688,155500,430.9659118652344,73.0,1.0,4.0,1.0,2.0,1.3791232350274008e-05,2.648595549117643e-05,,0,2.0,36.0
2023-09-12,78.639880237219,79.02918874718232,78.33020608174378,78.87877655029297,413900,428.60186767578125,72.0,1.0,4.0,1.0,2.0,3.781806295592056e-05,-3.425845867245873e-06,,0,2.0,37.0
2023-09-13,78.8345495100191,78.9584191958061,77.92321964298972,78.13556671142578,733900,429.10162353515625,72.0,1.0,4.0,1.0,2.0,5.353234586646228e-05,-4.86696683740378e-05,,0,2.0,38.0
2023-09-14,78.71065732483513,79.76355610344577,78.71065732483513,79.61314392089844,299800,432.8013916015625,75.0,1.0,4.0,1.0,2.0,0.00012178194767318777,-6.719018781736761e-05,,0,2.0,39.0
2023-09-15,79.3123329864803,79.57777187648462,78.93187417768286,79.42735290527344,242300,427.5869140625,74.0,1.0,4.0,1.0,2.0,0.00017105398105560004,-1.8582259243119365e-05,,0,2.0,40.0
2023-09-18,79.33805939365597,79.33805939365597,78.38260975047018,78.53440856933594,231900,427.837646484375,75.0,1.0,4.0,1.0,2.0,0.00017873537923724107,1.3791232350274008e-05,,0,2.0,41.0
2023-09-19,78.60585141235327,78.89159319143037,78.07901777480733,78.24867248535156,113700,426.9504089355469,74.0,1.0,4.0,1.0,2.0,0.00013142250924217853,3.781806295592056e-05,,0,2.0,42.0
2023-09-20,78.63262699877626,79.32019752367432,78.32009803865003,78.37367248535156,177900,423.0252990722656,73.0,1.0,4.0,1.0,2.0,8.898434841816066e-05,5.353234586646228e-05,,0,2.0,43.0
2023-09-21,77.80219047580458,77.80219047580458,75.65019947048111,75.67698669433594,196500,416.0333557128906,86.0,4.0,4.0,3.0,10.0,-3.893548404999601e-06,0.00012178194767318777,,1,2.0,44.0
2023-09-22,75.74842482980151,76.22168395778561,75.10550419834361,75.15015411376953,204400,415.0979309082031,85.0,4.0,4.0,3.0,10.0,-0.00010707208129331033,0.00017105398105560004,,0,2.0,45.0
2023-09-25,74.77511381614754,75.10550548313763,74.51615929001271,75.0162124633789,183700,416.8434753417969,84.0,4.0,4.0,3.0,10.0,-0.00019716475509764703,0.00017873537923724107,,0,2.0,46.0
2023-09-26,74.49830578981675,74.7215417526518,73.35533875012067,73.60536193847656,290800,410.7195129394531,87.0,4.0,4.0,4.0,12.0,-0.00023861464020368128,0.00013142250924217853,,0,4.0,1.0
2023-09-27,73.98038563259303,74.43578883605309,72.89099320722028,73.1767349243164,435600,410.88348388671875,86.0,4.0,4.0,4.0,12.0,-0.000251509859204417,8.898434841816066e-05,,0,4.0,2.0
2023-09-28,73.41784383025006,74.18577607991308,73.39998113832998,73.88217163085938,372500,413.265625,86.0,4.0,4.0,4.0,12.0,-0.00025045218771123595,-3.893548404999601e-06,,0,4.0,3.0
2023-09-29,74.79297413705359,75.23051468883772,73.56070734053023,74.06076049804688,342000,412.2626037597656,84.0,4.0,4.0,4.0,12.0,-0.00022813955085691502,-0.00010707208129331033,,0,4.0,4.0
2023-10-02,73.90896640947321,74.26614534554845,72.20344703833072,72.73921203613281,266600,412.0986022949219,87.0,4.0,4.0,4.0,12.0,-0.00023784572503246734,-0.00019716475509764703,,0,4.0,5.0
2023-10-03,72.3284557230425,72.4891858971541,71.13191417002815,71.41765594482422,249300,406.5822448730469,89.0,4.0,4.0,4.0,12.0,-0.00027254599284165564,-0.00023861464020368128,,0,4.0,6.0
2023-10-04,71.7926876890446,72.37310256042748,70.95331828081024,72.35523986816406,252200,409.54296875,89.0,4.0,4.0,4.0,12.0,-0.0002889033484049436,-0.000251509859204417,,0,4.0,7.0
2023-10-05,72.31952195178269,72.82849968396745,71.93555581609095,72.7749252319336,139700,409.3886413574219,88.0,4.0,4.0,4.0,12.0,-0.00026961453931499305,-0.00025045218771123595,,0,4.0,8.0
2023-10-06,72.0962731065926,73.3017457503737,71.43549666992932,72.81063079833984,274300,414.2492980957031,87.0,4.0,4.0,4.0,12.0,-0.00025408079607445685,-0.00022813955085691502,,0,4.0,9.0
2023-10-09,72.2927329733296,73.87324739622579,72.2927329733296,73.63214874267578,152500,416.90130615234375,87.0,4.0,4.0,4.0,12.0,-0.0002452079740196506,-0.00023784572503246734,,0,4.0,10.0
2023-10-10,73.71251481297128,74.72153887356355,73.2749674375866,74.06968688964844,480200,419.0712585449219,86.0,4.0,4.0,4.0,12.0,-0.0002476812092969094,-0.00027254599284165564,,0,4.0,11.0
2023-10-11,74.40901541828872,75.40018367359984,74.40901541828872,75.23052215576172,266900,420.7879333496094,88.0,4.0,4.0,4.0,12.0,-0.00021563163828403664,-0.0002889033484049436,,0,4.0,12.0
2023-10-12,75.0430091708056,75.0430091708056,73.82860487329141,74.15899658203125,261800,418.22259521484375,88.0,4.0,4.0,4.0,12.0,-0.0002240123669995492,-0.00026961453931499305,,0,4.0,13.0
2023-10-13,74.55187409130133,74.55187409130133,73.57856864368358,73.91788482666016,127100,416.1394958496094,87.0,4.0,4.0,4.0,12.0,-0.00022655391238391443,-0.00025408079607445685,,0,4.0,14.0
2023-10-16,74.29292180067266,74.91798655132199,73.6946510867565,74.70368194580078,143500,420.517822265625,87.0,4.0,1.0,4.0,11.0,-0.0002267756378201962,-0.0002452079740196506,,0,2.0,15.0
2023-10-17,74.301846973336,75.82877993448226,74.29291562850028,74.79296875,253600,420.4985656738281,86.0,4.0,1.0,4.0,11.0,-0.00018443270570328593,-0.0002476812092969094,,0,2.0,16.0
2023-10-18,74.17682847864924,74.33755860760289,73.2392349243164,73.2392349243164,149400,414.8954162597656,89.0,4.0,1.0,4.0,11.0,-0.0001880968890371796,-0.00021563163828403664,,0,2.0,17.0
2023-10-19,73.00708692505758,73.3374717706615,71.48907837895064,71.61408996582031,206900,411.24993896484375,93.0,4.0,1.0,4.0,11.0,-0.00025333581452976003,-0.0002240123669995492,,0,2.0,18.0
2023-10-20,71.71231762763041,72.28380114035836,71.06939697265625,71.06939697265625,473500,406.19647216796875,92.0,4.0,4.0,4.0,12.0,-0.00034252746480270053,-0.00022655391238391443,,0,4.0,19.0
2023-10-23,70.56042325814484,71.2658497494382,70.17645711257052,70.30147552490234,283000,405.4924621582031,92.0,4.0,4.0,4.0,12.0,-0.0003914229349794818,-0.0002267756378201962,,0,4.0,20.0
2023-10-24,70.73901561474044,71.30156780938911,70.49791695087588,71.0247573852539,192900,408.54962158203125,92.0,4.0,4.0,4.0,12.0,-0.00038752060969390016,-0.00018443270570328593,,0,4.0,21.0
2023-10-25,70.50684019866203,70.67650169725519,69.34601736980785,69.38172912597656,353800,402.68603515625,96.0,4.0,4.0,4.0,12.0,-0.0004042445491473135,-0.0001880968890371796,,0,4.0,22.0
2023-10-26,69.74784925420677,70.8015233389873,69.72106202696494,70.3907699584961,322800,397.864013671875,97.0,4.0,4.0,4.0,12.0,-0.00042153341715364586,-0.00025333581452976003,,0,4.0,23.0
2023-10-27,70.56043007231193,70.56043007231193,68.92634777182491,69.15850830078125,250500,396.06060791015625,98.0,4.0,4.0,4.0,12.0,-0.00046786048929117405,-0.00034252746480270053,,0,4.0,24.0
2023-10-30,69.64070214665729,70.05145557795565,68.51559758760526,69.58712768554688,588800,400.7958068847656,97.0,4.0,4.0,4.0,12.0,-0.0004712330143101266,-0.0003914229349794818,,0,4.0,25.0
2023-10-31,70.07822732776704,70.76579100623697,69.3192197028407,70.70328521728516,255600,403.31292724609375,98.0,4.0,4.0,4.0,12.0,-0.00045225098322287894,-0.00038752060969390016,,0,4.0,26.0
2023-11-01,70.78364550384347,71.31048583984375,70.39967943273139,71.31048583984375,237200,407.6141662597656,97.0,4.0,4.0,4.0,12.0,-0.000404123234758326,-0.0004042445491473135,,0,4.0,27.0
2023-11-02,72.52490557818071,73.74823437679277,72.52490557818071,73.596435546875,618400,415.4258728027344,105.0,4.0,4.0,4.0,12.0,-0.00030363187074097163,-0.00042153341715364586,,0,4.0,28.0
2023-11-03,74.6322494539067,76.05202692125009,74.6322494539067,74.94477844238281,360000,419.2159423828125,106.0,4.0,1.0,4.0,11.0,-0.00019492156353593366,-0.00046786048929117405,,0,2.0,29.0
2023-11-06,74.85549080296478,74.85549080296478,73.52499945077932,73.98933410644531,320300,420.1802673339844,106.0,4.0,1.0,4.0,11.0,-9.636446687545415e-05,-0.0004712330143101266,,0,2.0,30.0
2023-11-07,73.90003664919143,73.95361110139652,73.07852311052734,73.22139739990234,781300,421.3761291503906,106.0,4.0,1.0,4.0,11.0,-7.504397392590885e-05,-0.00045225098322287894,,0,2.0,31.0
2023-11-08,73.6232111870645,73.96253418008999,73.35533214336157,73.721435546875,628000,421.684814453125,104.0,4.0,1.0,4.0,11.0,-6.296357129621639e-05,-0.000404123234758326,,0,2.0,32.0
2023-11-09,74.02505108001014,74.02505108001014,72.36417487185781,72.48025512695312,481700,418.3962097167969,105.0,4.0,1.0,4.0,11.0,-8.119899153887214e-05,-0.00030363187074097163,,0,2.0,33.0
2023-11-10,72.96243792336102,73.33747268866456,72.39095442976878,73.2303237915039,250300,424.9251708984375,105.0,4.0,1.0,4.0,11.0,-8.397440985810879e-05,-0.00019492156353593366,,0,2.0,34.0
2023-11-13,72.66777521047251,72.78386228247209,72.11415432907737,72.48918914794922,175500,424.5201721191406,104.0,4.0,1.0,4.0,11.0,-0.00010099544933861274,-9.636446687545415e-05,,0,2.0,35.0
2023-11-14,74.80188865363625,77.03424784102997,74.39113538067015,76.41812133789062,240400,432.756103515625,125.0,4.0,1.0,4.0,11.0,-4.9818144252930865e-06,-7.504397392590885e-05,,0,2.0,36.0
2023-11-15,76.31991096662566,77.13248631709794,76.31097962070682,76.49849700927734,257500,433.67230224609375,123.0,4.0,1.0,4.0,11.0,7.912093286395407e-05,-6.296357129621639e-05,,0,2.0,37.0
2023-11-16,76.560996303983,76.89138794871502,76.0430940992245,76.14131164550781,363300,434.2027282714844,122.0,4.0,1.0,4.0,11.0,0.00014373563182538656,-8.119899153887214e-05,,0,2.0,38.0
2023-11-17,76.6949504610641,76.92711778088794,75.80200656764141,76.0966796875,339700,434.7427978515625,120.0,4.0,1.0,4.0,11.0,0.0001188536363438379,-8.397440985810879e-05,,0,2.0,39.0
2023-11-20,76.20383695399761,76.72174610402516,75.44483592385212,76.68602752685547,291400,438.08929443359375,119.0,4.0,1.0,4.0,11.0,9.859250737707362e-05,-0.00010099544933861274,,0,2.0,40.0
2023-11-21,76.45385646131574,76.48957503356456,76.0520276329822,76.28419494628906,133700,437.134521484375,117.0,4.0,1.0,4.0,11.0,8.566091122609029e-05,-4.9818144252930865e-06,,0,2.0,41.0
2023-11-22,76.9538994035329,77.1771353606315,76.31097875706962,76.60565185546875,132400,438.82220458984375,116.0,4.0,1.0,4.0,11.0,5.661039429790188e-05,7.912093286395407e-05,,0,2.0,42.0
2023-11-24,76.48956330918462,76.90031660815397,76.10559723214065,76.88245391845703,137500,439.09222412109375,114.0,4.0,1.0,4.0,11.0,4.597405207233332e-05,0.00014373563182538656,,0,2.0,43.0
2023-11-27,76.66815565922501,77.391437961396,76.43598836234001,77.01640319824219,270000,438.30145263671875,112.0,4.0,1.0,4.0,11.0,4.345741434000676e-05,0.0001188536363438379,,0,2.0,44.0
2023-11-28,76.81102773908955,77.45394840746722,76.46278017915513,77.31108093261719,152700,438.7354431152344,111.0,4.0,1.0,4.0,11.0,4.601010415181001e-05,9.859250737707362e-05,,0,2.0,45.0
2023-11-29,77.84684160845916,78.57905525996767,77.5789557404792,77.68611145019531,165400,438.42681884765625,109.0,4.0,1.0,4.0,11.0,4.068232219451842e-05,8.566091122609029e-05,,0,2.0,46.0
2023-11-30,77.695051171574,78.40047767485561,77.45395250187678,78.32904052734375,592700,440.153076171875,108.0,4.0,1.0,4.0,11.0,6.550133537093374e-05,5.661039429790188e-05,,0,2.0,47.0
2023-12-01,78.23974019220883,80.4185184868669,78.0790100316289,80.39173126220703,303600,442.7569580078125,112.0,1.0,1.0,4.0,5.0,0.00015528945294593003,4.597405207233332e-05,,0,2.0,48.0
2023-12-04,79.98990755257664,81.26681746408674,79.97204486143912,81.24895477294922,397300,440.43280029296875,112.0,1.0,1.0,4.0,5.0,0.00025034530563689244,4.345741434000676e-05,,0,2.0,49.0
2023-12-05,80.92749134926025,80.92749134926025,80.15063463014086,80.62389373779297,287300,440.345947265625,111.0,1.0,1.0,4.0,5.0,0.00031360842775269497,4.601010415181001e-05,,0,2.0,50.0
2023-12-06,81.03466900342852,81.56150269989355,80.23101803095273,80.28459930419922,241200,438.5715026855469,109.0,1.0,1.0,4.0,5.0,0.0003122233561533211,4.068232219451842e-05,,0,2.0,51.0
2023-12-07,80.21315336284819,80.7935682689891,79.94526746382272,80.58818817138672,292900,441.91790771484375,108.0,1.0,1.0,4.0,5.0,0.00031948813177759967,6.550133537093374e-05,,0,2.0,52.0
2023-12-08,80.35600521481219,80.67746550606077,79.81130898867545,80.61495971679688,140700,443.8178405761719,106.0,1.0,1.0,3.0,3.0,0.00032816199395925035,0.00015528945294593003,,0,1.0,1.0
2023-12-11,80.37388908618972,81.05252160200828,80.31138328045321,80.99894714355469,118500,445.54412841796875,105.0,1.0,1.0,3.0,3.0,0.00037820638809952676,0.00025034530563689244,,0,1.0,2.0
2023-12-12,80.90964831372695,81.33825757590192,80.5346135061685,81.06144714355469,200300,447.57904052734375,103.0,1.0,1.0,3.0,3.0,0.00041243833084823943,0.00031360842775269497,,0,1.0,3.0
2023-12-13,81.15073683003439,84.49927635808972,80.99893800645829,84.1956787109375,1174400,453.7511901855469,114.0,1.0,1.0,3.0,3.0,0.00048242908080494036,0.0003122233561533211,,0,1.0,4.0
2023-12-14,85.64224103323309,87.27632296967153,85.64224103323309,86.8923568725586,342300,455.2074279785156,120.0,1.0,1.0,4.0,5.0,0.00053457691578172,0.00031948813177759967,,0,2.0,5.0
2023-12-15,86.80307717173766,86.80307717173766,84.9278963125005,85.68689727783203,602300,454.4578857421875,120.0,1.0,1.0,4.0,5.0,0.000527096719086205,0.00032816199395925035,,0,2.0,6.0
2023-12-18,86.00267500863626,86.00267500863626,85.25167684513384,85.26072692871094,143800,457.0143127441406,118.0,1.0,1.0,4.0,5.0,0.00047048736692738275,0.00037820638809952676,,0,2.0,7.0
2023-12-19,85.52312007720937,86.12030135578189,85.52312007720937,85.8488540649414,245900,459.7933349609375,117.0,1.0,1.0,4.0,5.0,0.0004170462358261769,0.00041243833084823943,,0,2.0,8.0
2023-12-20,85.76743049758095,86.44604187274602,84.60926818847656,84.60926818847656,373100,453.4218444824219,117.0,1.0,1.0,4.0,5.0,0.0004008052648637616,0.00048242908080494036,,0,2.0,9.0
2023-12-21,85.49595869535283,85.5140588592931,84.36494006073215,85.33309173583984,450900,457.72113037109375,116.0,1.0,1.0,4.0,5.0,0.0004000854393861961,0.00053457691578172,,0,2.0,10.0
2023-12-22,85.52311951847132,86.29221786976426,85.28787256468392,85.58645629882812,256400,458.6410217285156,114.0,1.0,1.0,4.0,5.0,0.00040542668703625424,0.000527096719086205,,0,2.0,11.0
2023-12-26,85.62264979107499,86.59985174857347,85.55026983003873,86.38269805908203,287700,460.5776672363281,113.0,1.0,1.0,4.0,5.0,0.00043353639158046265,0.00047048736692738275,,0,2.0,12.0
2023-12-27,86.4550811528846,86.78081512451172,86.14744044492964,86.78081512451172,397700,461.4104309082031,112.0,1.0,1.0,4.0,5.0,0.0004803221875999216,0.0004170462358261769,,0,2.0,13.0
2023-12-28,86.61794021047064,87.38703155517578,86.50935992880305,87.38703155517578,177000,461.584716796875,110.0,1.0,1.0,4.0,5.0,0.0004777266450826387,0.0004008052648637616,,0,2.0,14.0
2023-12-29,86.78986646244176,87.12465054896803,86.13839845795373,86.24697875976562,322100,460.2484130859375,110.0,1.0,1.0,4.0,5.0,0.0004385795322629146,0.0004000854393861961,,0,2.0,15.0
2024-01-02,86.02075884267377,87.26035783558247,85.68597481893308,87.16082763671875,262600,457.67266845703125,109.0,1.0,1.0,4.0,5.0,0.0003963334215686296,0.00040542668703625424,,0,2.0,16.0
2024-01-03,86.36458041311164,86.36458041311164,84.88973459470579,85.14308166503906,305700,453.93505859375,112.0,1.0,1.0,4.0,5.0,0.00034529483089655767,0.00043353639158046265,,0,2.0,17.0
2024-01-04,84.90784620364107,85.59550761685279,84.64545589780182,85.05261993408203,274300,452.4728698730469,111.0,1.0,1.0,4.0,5.0,0.0003158663357121433,0.0004803221875999216,,0,2.0,18.0
2024-01-05,84.39207937974233,85.6135849694447,84.29255609557558,84.86258697509766,397800,453.0926208496094,109.0,1.0,4.0,4.0,6.0,0.0002738295096829513,0.0004777266450826387,,0,2.0,19.0
2024-01-08,84.79022583394978,86.30126545907574,84.76308248429471,86.24697875976562,271900,459.56097412109375,110.0,1.0,4.0,4.0,6.0,0.00029401645125996215,0.0004385795322629146,,0,2.0,20.0
2024-01-09,85.53216214265775,86.07504977025297,84.98927451506252,85.81265258789062,411000,458.8638000488281,108.0,1.0,4.0,4.0,6.0,0.00030770015059890054,0.0003963334215686296,,0,2.0,21.0
2024-01-10,85.93933080593062,86.52745502700361,85.72217023798713,86.12934112548828,615100,461.4588317871094,107.0,1.0,4.0,4.0,6.0,0.00032054428095314126,0.00034529483089655767,,0,2.0,22.0
2024-01-11,85.78551657769636,85.9393403896079,84.96213843445938,85.3602523803711,632100,461.2554931640625,106.0,1.0,4.0,4.0,6.0,0.0002923273781669739,0.0003158663357121433,,0,2.0,23.0
2024-01-12,86.12934902105815,86.35555278934272,85.37835085358745,85.93933868408203,213200,461.5749816894531,105.0,1.0,4.0,4.0,6.0,0.0002796317675735005,0.0002738295096829513,,0,2.0,24.0
2024-01-16,85.53216745875126,85.86695151978505,85.13404661894795,85.48693084716797,322400,459.8804626464844,104.0,1.0,4.0,4.0,6.0,0.0002574042875798404,0.00029401645125996215,,0,2.0,25.0
2024-01-17,84.52781463814907,85.26976265319924,82.89010171664343,83.8582534790039,659100,457.3241271972656,105.0,1.0,4.0,4.0,6.0,0.0002084876533485682,0.00030770015059890054,,0,2.0,26.0
2024-01-18,83.88541486934307,84.13876201631938,82.60057896499632,83.08917999267578,358300,461.3909912109375,105.0,1.0,4.0,4.0,6.0,0.00015410551797437487,0.00032054428095314126,,0,2.0,27.0
2024-01-19,83.42394511738748,84.6092575308746,82.84486403577785,84.28352355957031,241800,467.1428527832031,105.0,1.0,4.0,4.0,6.0,0.00013069850763113697,0.0002923273781669739,,0,2.0,28.0
2024-01-22,84.75403025401918,85.5231217219361,84.40115291105505,84.70879364013672,783200,468.1305236816406,103.0,1.0,4.0,4.0,6.0,0.00015714932400508641,0.0002796317675735005,,0,2.0,29.0
2024-01-23,85.12500940400949,85.26073305465299,83.7406433544674,84.05732727050781,359200,469.4958190917969,102.0,1.0,4.0,3.0,4.0,0.00018065122564496497,0.0002574042875798404,,0,2.0,30.0
2024-01-24,84.8987987783095,84.90784195861637,82.83582154500573,82.91725158691406,207000,470.009033203125,103.0,1.0,4.0,3.0,4.0,0.00016175002093507833,0.0002084876533485682,,0,2.0,31.0
2024-01-25,83.89446532209071,84.2744860442222,83.4149143770402,83.76779174804688,272400,472.56536865234375,102.0,1.0,4.0,3.0,4.0,0.00015878793215452303,0.00015410551797437487,,0,2.0,32.0
2024-01-26,84.09353056343868,84.28354093533993,83.42396231594765,83.66826629638672,250400,471.9650573730469,101.0,1.0,4.0,3.0,4.0,0.00016427318802140836,0.00013069850763113697,,0,2.0,33.0
2024-01-29,83.6772975212111,84.41019549095174,83.46013694239167,84.29257202148438,166900,475.70269775390625,100.0,1.0,4.0,3.0,4.0,0.00016333626907673448,0.00015714932400508641,,0,2.0,34.0
2024-01-30,83.99399705466773,84.19305750408355,83.34252900319491,83.53253936767578,762600,475.33477783203125,99.0,1.0,4.0,3.0,4.0,0.00011873477818047507,0.00018065122564496497,,0,2.0,35.0
2024-01-31,83.67730697386295,84.26543129082842,82.41056440041491,82.65486145019531,1269400,467.57855224609375,99.0,1.0,4.0,3.0,4.0,5.882447833310686e-05,0.00016175002093507833,,0,2.0,36.0
2024-02-01,82.71819783571914,84.05732727050781,81.97624970248519,84.05732727050781,1062500,473.6983337402344,100.0,1.0,4.0,3.0,4.0,4.9540799812522984e-05,0.00015878793215452303,,0,2.0,37.0
2024-02-02,83.3968158832666,83.66826320635329,81.8133892727094,83.11632537841797,293600,478.68511962890625,99.0,1.0,4.0,3.0,4.0,4.397717984819795e-05,0.00016427318802140836,,0,2.0,38.0
2024-02-05,82.11197022420738,82.27483721813512,81.37907220312826,81.57813262939453,199300,476.9421691894531,101.0,1.0,4.0,3.0,4.0,4.163445755013775e-05,0.00016333626907673448,,0,2.0,39.0
2024-02-06,81.76814368227524,82.82677570040846,81.4424096915894,82.70915222167969,251300,478.3267822265625,101.0,1.0,4.0,3.0,4.0,3.289590378220932e-05,0.00011873477818047507,,0,2.0,40.0
2024-02-07,82.89010273478405,83.02582636547544,82.07576785382636,82.5281753540039,164700,482.3162536621094,100.0,1.0,4.0,3.0,4.0,4.532039120973741e-05,5.882447833310686e-05,,0,2.0,41.0
2024-02-08,82.38341592045458,83.6230081638957,82.38341592045458,83.36061096191406,323300,482.5292663574219,99.0,1.0,4.0,3.0,4.0,7.969356515062561e-05,4.9540799812522984e-05,,0,2.0,42.0
2024-02-09,83.36965221428588,83.60490604341646,82.60961093997388,83.40584564208984,139200,485.31805419921875,98.0,1.0,4.0,3.0,4.0,9.296925368596923e-05,4.397717984819795e-05,,0,2.0,43.0
2024-02-12,83.46014075642465,83.93064846217752,83.15250694382493,83.32441711425781,226600,485.10504150390625,97.0,1.0,4.0,3.0,4.0,0.00010192719105751471,4.163445755013775e-05,,0,2.0,44.0
2024-02-13,81.38810954931697,81.79528045654297,80.61901815103347,81.79528045654297,107300,478.42364501953125,98.0,1.0,4.0,3.0,4.0,7.754447810373274e-05,3.289590378220932e-05,,1,2.0,45.0
2024-02-14,82.12102084237229,82.9263057333677,81.77718668451486,82.3291244506836,87400,482.7713928222656,97.0,1.0,4.0,3.0,4.0,4.787471271968031e-05,4.532039120973741e-05,,0,2.0,46.0
2024-02-15,82.84485706189619,84.46447669865543,82.84485706189619,84.39208984375,126900,486.1023864746094,102.0,1.0,4.0,3.0,4.0,6.645015533975622e-05,7.969356515062561e-05,,0,2.0,47.0
2024-02-16,83.5325162384239,84.17493402708321,83.12535227058878,83.72252655029297,156900,483.6816101074219,101.0,1.0,4.0,3.0,4.0,9.389822197849638e-05,9.296925368596923e-05,,0,2.0,48.0
2024-02-20,83.21584538282033,83.82206983964001,82.96249826075787,83.46919250488281,206600,481.0187072753906,99.0,1.0,4.0,3.0,4.0,0.00012058208986206848,0.00010192719105751471,,0,2.0,49.0
2024-02-21,83.66824982966544,84.27447426401945,83.46013932814559,84.20208740234375,290000,481.45440673828125,99.0,1.0,1.0,3.0,3.0,9.490162989900509e-05,7.754447810373274e-05,,0,1.0,50.0
2024-02-22,84.43733553378537,84.54591581894674,84.01207137922495,84.15684509277344,111700,491.41839599609375,97.0,1.0,1.0,3.0,3.0,8.226646600695746e-05,4.787471271968031e-05,,0,1.0,51.0
2024-02-23,84.26542266102571,84.34685960474015,83.794921875,83.794921875,572800,491.7572937011719,96.0,1.0,1.0,1.0,1.0,7.42335215662874e-05,6.645015533975622e-05,,0,1.0,52.0
2024-02-26,83.81302305439206,84.03018365601346,82.862971309267,82.9625015258789,229200,489.95623779296875,95.0,1.0,1.0,1.0,1.0,6.383578773864625e-05,9.389822197849638e-05,,0,1.0,53.0
2024-02-27,83.5325270949574,83.82206764160648,83.08011955936878,83.2158432006836,197100,490.8664245605469,94.0,1.0,1.0,1.0,1.0,6.086959358013587e-05,0.00012058208986206848,,0,1.0,54.0
2024-02-28,82.81771754000974,84.3740004763631,82.70009407275168,83.73158264160156,138100,490.2176818847656,93.0,1.0,1.0,1.0,1.0,7.488157349528292e-05,9.490162989900509e-05,,0,1.0,55.0
2024-02-29,84.20208891796929,84.59115967749051,83.84016840945847,84.12065887451172,1240000,491.97998046875,92.0,1.0,1.0,1.0,1.0,0.00011736720775330312,8.226646600695746e-05,,0,1.0,56.0
2024-03-01,84.01207715501836,85.10690255203278,83.15250560709852,84.99832916259766,258200,496.5988464355469,92.0,1.0,1.0,1.0,1.0,0.00017731597134351963,7.42335215662874e-05,,0,1.0,57.0
2024-03-04,84.88071054322721,85.95744282553697,84.19305597092118,85.92124938964844,872800,496.0662536621094,91.0,1.0,1.0,1.0,1.0,0.0002305695775973127,6.383578773864625e-05,,0,1.0,58.0
2024-03-05,85.58644568851656,85.91217963373867,84.43733370073164,84.84449768066406,730200,491.1085205078125,92.0,1.0,1.0,1.0,1.0,0.00023809531233413158,6.086959358013587e-05,,0,1.0,59.0
2024-03-06,85.37834805159244,85.57740846566058,84.80831705937172,85.26976776123047,120300,493.5970764160156,91.0,1.0,1.0,1.0,1.0,0.0002439351623721748,7.488157349528292e-05,,0,1.0,60.0
2024-03-07,85.66788056489175,85.74931059764249,84.86259580391291,85.38739013671875,202700,498.4967346191406,89.0,1.0,1.0,1.0,1.0,0.00024155098807695843,0.00011736720775330312,,0,1.0,61.0
2024-03-08,85.77647792496408,86.51842606269953,85.77647792496408,86.24697875976562,119100,495.50469970703125,89.0,1.0,1.0,1.0,1.0,0.00027832123305285766,0.00017731597134351963,,0,1.0,62.0
2024-03-11,86.13840380681162,86.62700484051787,85.51408601640262,85.7674331665039,182600,495.0786437988281,88.0,1.0,1.0,1.0,1.0,0.0002903826714355511,0.0002305695775973127,,0,1.0,63.0
2024-03-12,85.86696460371867,85.99363818055951,85.08882297272937,85.7221908569336,126100,500.4044189453125,87.0,1.0,1.0,1.0,1.0,0.00030154479167996523,0.00023809531233413158,,0,1.0,64.0
2024-03-13,85.64979122721938,86.03885505021856,85.06166009648726,85.2154769897461,82800,499.6199645996094,86.0,1.0,1.0,1.0,1.0,0.00030098428816756627,0.0002439351623721748,,0,1.0,65.0
2024-03-14,85.01642578202387,85.01642578202387,83.20679558597435,83.92160034179688,101700,498.6323547363281,87.0,1.0,1.0,1.0,1.0,0.00030119033008621927,0.00024155098807695843,,1,1.0,66.0
2024-03-15,83.29727406323951,84.06637240386138,83.17965058797782,83.77682495117188,226100,495.2084045410156,86.0,1.0,1.0,1.0,1.0,0.000290446248078742,0.00027832123305285766,,0,1.0,67.0
2024-03-18,83.8551057856415,84.22828391962224,83.6275601754018,83.80960083007812,642000,498.1514892578125,85.0,1.0,1.0,1.0,1.0,0.0002927593382090614,0.0002903826714355511,,0,1.0,68.0
2024-03-19,83.76407747750456,84.04623177349836,83.19976888551692,83.7913818359375,4425600,500.9197998046875,83.0,1.0,4.0,1.0,2.0,0.0003271071101229311,0.00030154479167996523,,0,2.0,69.0
2024-03-20,83.12696105719752,84.53773962426655,82.82659919571819,84.31929779052734,233100,505.5530700683594,83.0,1.0,4.0,1.0,2.0,0.00037770283106790476,0.00030098428816756627,,0,2.0,70.0
2024-03-21,84.64696800702846,85.19307608921335,84.26469304391316,84.86540985107422,341500,507.2236633300781,82.0,1.0,4.0,1.0,2.0,0.00042318724905329887,0.00030119033008621927,,0,2.0,71.0
2024-03-22,84.81079894938469,85.06564891825404,83.63666278354445,83.68217468261719,409500,506.2620544433594,83.0,1.0,4.0,1.0,2.0,0.00040099794118149005,0.000290446248078742,,0,2.0,72.0
2024-03-25,83.69126947781085,84.07355136598632,83.02684020996094,83.02684020996094,286500,504.8633728027344,82.0,1.0,4.0,1.0,2.0,0.0003804194728197121,0.0002927593382090614,,0,2.0,73.0
2024-03-26,83.30899542661153,83.30899542661153,82.61725484608222,82.69007110595703,226700,503.9308776855469,81.0,1.0,4.0,1.0,2.0,0.0003568072488749369,0.0003271071101229311,,0,2.0,74.0
2024-03-27,83.48192987177217,84.98373220319917,83.48192987177217,84.9564208984375,262900,508.16583251953125,88.0,1.0,4.0,1.0,2.0,0.0004028324953284582,0.00037770283106790476,,0,2.0,75.0
2024-03-28,85.14755838440696,85.90300442865217,85.14755838440696,85.78468322753906,160300,508.0687561035156,88.0,1.0,4.0,1.0,2.0,0.00045062778660384786,0.00042318724905329887,,0,2.0,76.0
2024-04-01,85.99403576666695,85.99403576666695,84.17367097599707,84.2919921875,162200,507.184814453125,90.0,1.0,4.0,3.0,4.0,0.0004388564949308641,0.00040099794118149005,,0,2.0,77.0
2024-04-02,83.72766341750523,83.72766341750523,82.76287245250543,83.15425109863281,203000,503.9600524902344,90.0,1.0,4.0,3.0,4.0,0.00036938033579183156,0.0003804194728197121,,1,2.0,78.0
2024-04-03,82.98132120779158,83.29078681037862,82.58994252884153,83.19066619873047,100600,504.513671875,89.0,1.0,4.0,3.0,4.0,0.0002924294795471134,0.0003568072488749369,,0,2.0,79.0
2024-04-04,83.78229746166589,84.27378987476926,82.41702378403401,82.64456939697266,308300,498.3554992675781,88.0,1.0,4.0,3.0,4.0,0.00024243533005339517,0.0004028324953284582,,0,2.0,80.0
2024-04-05,82.55352995254746,83.3271904452426,82.24407131078117,83.2088623046875,167500,503.561767578125,87.0,1.0,4.0,3.0,4.0,0.00023763558777538632,0.00045062778660384786,,0,2.0,81.0
2024-04-08,83.50924404470355,84.5195471712389,83.463732142227,84.48313903808594,246000,503.84344482421875,88.0,1.0,4.0,3.0,4.0,0.00026161137828160995,0.0004388564949308641,,0,2.0,82.0
2024-04-09,84.76528932018381,85.55715055392473,84.66516869485538,85.52984619140625,251100,504.4262390136719,89.0,1.0,1.0,3.0,3.0,0.00032785865477851796,0.00036938033579183156,,0,1.0,83.0
2024-04-10,83.25438309598418,83.27258368809379,81.87090199487807,82.40791320800781,262900,499.37542724609375,101.0,1.0,1.0,4.0,5.0,0.0003046816668535936,0.0002924294795471134,,1,2.0,84.0
2024-04-11,82.82659294108542,83.09965042074508,81.78898562900304,82.55353546142578,228900,503.1440734863281,100.0,1.0,4.0,4.0,6.0,0.0002661782335102406,0.00024243533005339517,,0,2.0,85.0
2024-04-12,82.1439594075371,82.28048815272119,81.35209824078163,81.64335632324219,177900,496.1991271972656,99.0,1.0,4.0,4.0,6.0,0.00021074543589680067,0.00023763558777538632,,0,2.0,86.0
2024-04-15,82.20766126008925,82.20766126008925,79.8138844215765,80.29627990722656,350900,489.9827575683594,100.0,1.0,4.0,4.0,6.0,0.00020097146024530016,0.00026161137828160995,,0,2.0,87.0
2024-04-16,80.18706646785245,80.18706646785245,79.00383353770013,79.2859878540039,285300,489.0891418457031,100.0,1.0,4.0,4.0,6.0,0.0001643032468753002,0.00032785865477851796,,0,2.0,88.0
2024-04-17,78.84000094467459,79.34970085980521,78.52143155357741,78.58514404296875,210700,486.194580078125,100.0,1.0,4.0,4.0,6.0,0.00011663972948121796,0.0003046816668535936,,0,2.0,89.0
2024-04-18,78.81269406073372,79.11305593220101,78.22108103068962,78.66706848144531,340400,485.194091796875,98.0,1.0,4.0,4.0,6.0,0.00010811397688367424,0.0002661782335102406,,0,2.0,90.0
2024-04-19,78.83088985657236,79.34969349176824,78.59424051331847,79.04933166503906,351700,480.9591064453125,97.0,1.0,4.0,4.0,6.0,0.00010787823235927684,0.00021074543589680067,,0,2.0,91.0
2024-04-22,79.30418303938961,79.90490670375924,78.83089128842506,79.74107360839844,165300,485.3883972167969,96.0,1.0,4.0,4.0,6.0,0.00013993867622659096,0.00020097146024530016,,0,2.0,92.0
2024-04-23,80.01413745379088,80.7422792012695,79.78659185567746,80.54203796386719,314900,491.1483154296875,96.0,1.0,4.0,4.0,6.0,0.00016596159044105288,0.0001643032468753002,,0,2.0,93.0
2024-04-24,80.20526295174638,80.57843406600105,79.52262625929413,80.49652099609375,114100,490.9151916503906,94.0,1.0,4.0,4.0,6.0,0.0001897788488882279,0.00011663972948121796,,0,2.0,94.0
2024-04-25,79.66827489923534,80.15977429354639,79.16767867950225,79.99594116210938,132700,489.0502624511719,93.0,1.0,4.0,4.0,6.0,0.00018690767512612093,0.00010811397688367424,,0,2.0,95.0
2024-04-26,80.15065392140664,80.87880256455014,80.03233271815537,80.06874084472656,348100,493.6834411621094,92.0,1.0,4.0,4.0,6.0,0.00015523417908002967,0.00010787823235927684,,0,2.0,96.0
2024-04-29,80.46923155600577,81.16096519946996,80.44192025016778,80.86060333251953,135800,495.4318542480469,92.0,1.0,4.0,4.0,6.0,0.0001301671313812351,0.00013993867622659096,,0,2.0,97.0
2024-04-30,80.25076400598529,80.65124640159213,79.4771105142223,79.5499267578125,806300,487.5835266113281,93.0,1.0,4.0,4.0,6.0,9.981669172833564e-05,0.00016596159044105288,,0,2.0,98.0
2024-05-01,79.4316082741376,80.84239365246758,79.23137399615183,79.34059143066406,348100,486.0003356933594,92.0,1.0,4.0,4.0,6.0,9.126318016387477e-05,0.0001897788488882279,,0,2.0,99.0
2024-05-02,80.23258425166786,80.78779610097489,79.3861142965064,80.68767547607422,350500,490.54608154296875,93.0,1.0,4.0,4.0,6.0,9.768520749488343e-05,0.00018690767512612093,,0,2.0,100.0
2024-05-03,81.8891065071151,82.58084703212347,81.0608372418348,81.32479095458984,317700,496.6265869140625,92.0,1.0,4.0,4.0,6.0,0.00013768637124253512,0.00015523417908002967,,0,2.0,101.0
2024-05-06,81.82539263387208,81.90730571016265,81.12454835295472,81.49772644042969,154800,501.755126953125,91.0,1.0,4.0,4.0,6.0,0.00017879385430915893,0.0001301671313812351,,0,2.0,102.0
2024-05-07,82.06204654958542,82.40791335340194,81.85270154718302,82.20767211914062,206700,502.3088073730469,90.0,1.0,1.0,3.0,3.0,0.00023497197209987027,9.981669172833564e-05,,0,1.0,103.0
2024-05-08,81.66155967200417,81.66155967200417,81.21557227513667,81.2974853515625,137000,502.35736083984375,90.0,1.0,1.0,3.0,3.0,0.0002110743431814034,9.126318016387477e-05,,1,1.0,104.0
2024-05-09,82.2895896554743,83.06324326469894,82.10754901886011,82.9813232421875,181000,505.2518310546875,93.0,1.0,1.0,3.0,3.0,0.00018927158834960208,9.768520749488343e-05,,0,1.0,105.0
2024-05-10,83.11785729019256,83.23617850344071,82.47162861326989,82.72647857666016,131700,505.9026794433594,92.0,1.0,1.0,3.0,3.0,0.00013347289985177877,0.00013768637124253512,,0,1.0,106.0
2024-05-13,83.00864021597314,83.39092213888594,82.6991815029128,83.12696838378906,128200,505.9706726074219,91.0,1.0,1.0,3.0,3.0,0.00015168441344375308,0.00017879385430915893,,0,1.0,107.0
2024-05-14,83.62754177766989,84.19185726680786,83.32718691577749,83.75496673583984,794000,508.2919921875,90.0,1.0,1.0,3.0,3.0,0.0001778684056170991,0.00023497197209987027,,0,1.0,108.0
2024-05-15,84.92911803280234,85.16576740258537,84.54684308909634,84.71977996826172,194700,514.5863647460938,90.0,1.0,1.0,3.0,3.0,0.00023031199854992742,0.0002110743431814034,,0,1.0,109.0
2024-05-16,84.92911627517599,84.93822004340173,84.52864074707031,84.52864074707031,137500,513.5275268554688,89.0,1.0,1.0,3.0,3.0,0.0002676138842269918,0.00018927158834960208,,0,1.0,110.0
2024-05-17,84.5377481700881,84.76529379527645,84.38301881155394,84.7470932006836,160500,514.2656860351562,88.0,1.0,1.0,3.0,3.0,0.00028556066224205153,0.00013347289985177877,,0,1.0,111.0
2024-05-20,84.61055654506515,84.97463090023736,84.25558595841093,84.28289031982422,73400,514.8582153320312,87.0,1.0,1.0,3.0,3.0,0.0002622276209953652,0.00015168441344375308,,0,1.0,112.0
2024-05-21,84.13725654044629,84.46492273373816,83.94611908504938,84.21916961669922,76000,516.1209106445312,85.0,1.0,1.0,3.0,3.0,0.0002252757705690626,0.0001778684056170991,,0,1.0,113.0
2024-05-22,83.93702854896209,84.37391224612671,83.3818166863703,83.56385040283203,153100,514.6348266601562,85.0,1.0,1.0,3.0,3.0,0.0002052790758406921,0.00023031199854992742,,0,1.0,114.0
2024-05-23,83.6821612907153,83.6821612907153,81.76167611875248,81.77987670898438,66200,510.8758544921875,89.0,1.0,1.0,3.0,3.0,0.00016120856567544315,0.0002676138842269918,,0,1.0,115.0
2024-05-24,82.26228307009156,82.31689873627846,81.80719186866435,81.83450317382812,65400,514.2560424804688,87.0,1.0,1.0,3.0,3.0,0.00011781016523909931,0.00028556066224205153,,0,1.0,116.0
2024-05-28,82.19857405558112,82.65366527625272,81.33390351396143,81.45222473144531,248200,514.6154174804688,86.0,1.0,1.0,3.0,3.0,5.9758800817425535e-05,0.0002622276209953652,,0,1.0,117.0
2024-05-29,80.81509223444054,80.81509223444054,80.15975982696156,80.62395477294922,306600,511.0118103027344,86.0,1.0,4.0,3.0,4.0,4.781605623010224e-05,0.0002252757705690626,,1,2.0,118.0
2024-05-30,81.01533762243102,81.83450317382812,81.01533762243102,81.83450317382812,94500,507.621826171875,87.0,1.0,4.0,3.0,4.0,8.164584460772093e-05,0.0002052790758406921,,0,2.0,119.0
2024-05-31,82.28959445848942,83.38181056536321,82.18037007014578,83.32720184326172,68100,512.2454223632812,89.0,1.0,4.0,3.0,4.0,0.00014063517848123962,0.00016120856567544315,,0,2.0,120.0
2024-06-03,83.60935639443511,83.6548682924043,82.73558211772385,83.02684020996094,76400,512.6630249023438,88.0,1.0,4.0,3.0,4.0,0.00018829542031432935,0.00011781016523909931,,0,2.0,121.0
2024-06-04,82.97223710631668,84.23739018115671,82.97223710631668,83.86421203613281,45200,513.2362670898438,88.0,1.0,4.0,3.0,4.0,0.00020751854387039378,5.9758800817425535e-05,,0,2.0,122.0
2024-06-05,83.98253400320776,83.98253400320776,83.26349595802822,83.7276840209961,63000,519.3359985351562,87.0,1.0,4.0,3.0,4.0,0.0001915228090180394,4.781605623010224e-05,,0,2.0,123.0
2024-06-06,83.29078683146302,84.01892852783203,83.09054560811602,84.01892852783203,171200,519.3263549804688,85.0,1.0,4.0,3.0,4.0,0.00016234705168045435,8.164584460772093e-05,,0,2.0,124.0
2024-06-07,83.12695554285972,83.55474235765416,82.7719849825282,83.28168487548828,102900,518.695068359375,85.0,1.0,4.0,3.0,4.0,9.469697515874675e-05,0.00014063517848123962,,0,2.0,125.0
2024-06-10,83.0268315684844,83.88240516344382,82.63545289676252,83.52742767333984,91200,520.2975463867188,84.0,1.0,4.0,3.0,4.0,5.3106914328772575e-05,0.00018829542031432935,,0,2.0,126.0
2024-06-11,83.11785367165322,83.64576111234528,83.03594059161846,83.2725830078125,53500,521.5505981445312,83.0,1.0,4.0,3.0,4.0,2.4014891906200223e-05,0.00020751854387039378,,0,2.0,127.0
2024-06-12,85.00193298012184,85.53894420201867,83.86420499083427,83.92791748046875,68500,525.834228515625,82.0,1.0,1.0,3.0,3.0,5.121929368710666e-05,0.0001915228090180394,,0,1.0,128.0
2024-06-13,84.10086158741456,84.7470903075916,83.79139593676939,84.42852783203125,38100,526.8928833007812,81.0,1.0,1.0,3.0,3.0,8.969623046382121e-05,0.00016234705168045435,,0,1.0,129.0
2024-06-14,84.18275747478786,84.68336050847716,83.78228199197615,84.5013198852539,86700,527.2134399414062,80.0,1.0,1.0,1.0,1.0,0.00011723562922805559,9.469697515874675e-05,,0,1.0,130.0
2024-06-17,84.11906539683088,84.69248481889959,83.7640947756176,84.34661102294922,67600,531.4095458984375,79.0,1.0,1.0,1.0,1.0,0.00010941695944923039,5.3106914328772575e-05,,0,1.0,131.0
2024-06-18,84.5650436650823,84.82899043010006,84.3738992648224,84.68336486816406,42800,532.7595825195312,78.0,1.0,1.0,1.0,1.0,7.263352544393772e-05,2.4014891906200223e-05,,0,1.0,132.0
2024-06-20,84.49224355685283,84.62877232135212,84.11906539683088,84.34661102294922,91000,531.3124389648438,77.0,1.0,1.0,1.0,1.0,3.8058708798146147e-05,5.121929368710666e-05,,0,1.0,133.0
2024-06-21,84.30110597776994,84.60146092639069,83.94613535692064,84.44673156738281,105300,530.6000366210938,76.0,1.0,1.0,1.0,1.0,2.253707275777046e-05,8.969623046382121e-05,,0,1.0,134.0
2024-06-24,84.58458493916427,85.93566007512538,84.44671884142439,85.2095718383789,231000,528.875244140625,76.0,1.0,1.0,1.0,1.0,1.99747237832787e-05,0.00011723562922805559,,0,1.0,135.0
2024-06-25,85.2922909277875,85.2922909277875,83.75739205150568,84.18936920166016,145900,530.9119262695312,77.0,1.0,1.0,1.0,1.0,9.16866296661151e-06,0.00010941695944923039,,0,1.0,136.0
2024-06-26,83.83091525356635,84.26289237117761,83.54599715989092,83.99635314941406,59700,531.5745239257812,75.0,1.0,1.0,1.0,1.0,8.526549121965356e-07,7.263352544393772e-05,,0,1.0,137.0
2024-06-27,84.12503565373764,84.73164367675781,83.84931047140564,84.73164367675781,357500,532.4125366210938,75.0,1.0,1.0,1.0,1.0,-7.269441855727115e-06,3.8058708798146147e-05,,0,1.0,138.0
2024-06-28,85.07170991273335,85.70588978614175,84.75002701033829,85.56802368164062,281300,530.3175048828125,75.0,1.0,1.0,1.0,1.0,2.1207820444824304e-05,2.253707275777046e-05,,0,1.0,139.0
2024-07-01,85.29229904939508,85.65993264761653,84.38238696096123,84.88789367675781,103900,531.4089965820312,75.0,1.0,1.0,1.0,1.0,1.409763144974669e-05,1.99747237832787e-05,,0,1.0,140.0
2024-07-02,85.10846288398275,85.52206114018705,84.97059679858131,85.43933868408203,83600,534.9850463867188,74.0,1.0,1.0,1.0,1.0,1.0720178935360783e-05,9.16866296661151e-06,,0,1.0,141.0
2024-07-03,85.65992103116982,85.88969550497892,85.20037208355161,85.23713684082031,88100,537.37255859375,73.0,1.0,1.0,1.0,1.0,-4.593824468019342e-06,8.526549121965356e-07,,0,1.0,142.0
2024-07-05,85.39340030313255,85.63236073929397,85.04413856816196,85.57721710205078,236900,540.4713745117188,73.0,1.0,1.0,1.0,1.0,2.3169576478656625e-05,-7.269441855727115e-06,,0,1.0,143.0
2024-07-08,85.75185007548927,85.9264739351017,85.36582356882244,85.64155578613281,98700,541.0949096679688,71.0,1.0,1.0,1.0,1.0,4.031927444439075e-05,2.1207820444824304e-05,,0,1.0,144.0
2024-07-09,85.6507339477539,85.92645910531614,84.84192332305317,85.6507339477539,201900,541.6211547851562,70.0,1.0,1.0,1.0,1.0,8.73331551570488e-05,1.409763144974669e-05,,0,1.0,145.0
2024-07-10,85.87131467619712,86.39520018406087,85.53124593832896,86.31248474121094,71000,546.9805908203125,70.0,1.0,1.0,1.0,1.0,0.0001506586102906489,1.0720178935360783e-05,,0,1.0,146.0
2024-07-11,87.4613582830319,88.74808971496051,87.4613582830319,88.1966323852539,93500,542.2643432617188,75.0,1.0,1.0,1.0,1.0,0.00026091972251068607,-4.593824468019342e-06,,0,1.0,147.0
2024-07-12,88.78487057294043,89.26280548761011,88.56428900348763,88.68376922607422,272500,545.6846313476562,74.0,1.0,1.0,1.0,1.0,0.0003559016766778399,2.3169576478656625e-05,,0,1.0,148.0
2024-07-15,88.96868539519775,89.5017568831289,88.73891090503676,89.33631896972656,258100,547.185302734375,74.0,1.0,1.0,1.0,1.0,0.0004119130020123168,4.031927444439075e-05,,0,1.0,149.0
2024-07-16,89.91536447169429,90.38409943134303,89.43742955592164,90.30138397216797,319100,550.4302368164062,74.0,1.0,1.0,1.0,1.0,0.00042806907798695733,8.73331551570488e-05,,0,1.0,150.0
2024-07-17,90.0716017906112,91.79031753283044,90.0716017906112,90.9906997680664,63200,542.7125244140625,74.0,1.0,1.0,1.0,1.0,0.00046293473763009174,0.0001506586102906489,,0,1.0,151.0
2024-07-18,90.69659641660387,92.14877302752294,90.04403763851884,90.30138397216797,95500,538.5418701171875,74.0,1.0,1.0,1.0,1.0,0.0004691205621953468,0.00026091972251068607,,0,1.0,152.0
2024-07-19,90.32894638983824,90.54034200599604,89.86020446681769,90.25541687011719,189900,534.965576171875,72.0,1.0,1.0,1.0,1.0,0.0004695318935496788,0.0003559016766778399,,0,1.0,153.0
2024-07-22,90.43924525762105,91.34915032080772,89.85102309433256,91.31238555908203,94100,540.4810791015625,73.0,1.0,1.0,1.0,1.0,0.0004497386310041579,0.0004119130020123168,,0,1.0,154.0
2024-07-23,91.23885148711697,91.60649207388468,90.78849544971102,91.16532897949219,100000,539.63330078125,72.0,1.0,1.0,1.0,1.0,0.0004814230146665639,0.00042806907798695733,,0,1.0,155.0
2024-07-24,91.0734149949089,91.55134986881355,89.51095124196459,89.59367370605469,322700,527.4039306640625,75.0,1.0,1.0,1.0,1.0,0.0004739273212564345,0.00046293473763009174,,0,1.0,156.0
2024-07-25,89.75911024808133,90.53114916957854,88.42641399717166,88.6469955444336,426500,524.6558837890625,75.0,1.0,1.0,1.0,1.0,0.00042294037222611203,0.0004691205621953468,,0,1.0,157.0
2024-07-26,89.04220367934865,90.43923644007337,88.93191641708555,90.12673950195312,356300,530.5319213867188,77.0,1.0,1.0,3.0,3.0,0.00038642736328102875,0.0004695318935496788,,0,1.0,158.0
2024-07-29,90.3932893939659,90.96313269408135,89.54772089353247,90.66902160644531,488900,530.84375,77.0,1.0,1.0,3.0,3.0,0.0004071170128784656,0.0004497386310041579,,0,1.0,159.0
2024-07-30,91.00907652028073,91.33076641461834,90.50357685176333,91.15613555908203,175100,528.1542358398438,76.0,1.0,1.0,3.0,3.0,0.0004586936261117044,0.0004814230146665639,,0,1.0,160.0
2024-07-31,91.20209836627636,91.83627122315872,90.62306213378906,90.62306213378906,956600,536.7392578125,75.0,1.0,1.0,1.0,1.0,0.0004733405578265097,0.0004739273212564345,,0,1.0,161.0
2024-08-01,91.54216132419268,92.2682496009335,90.71497170435113,91.57892608642578,377900,529.138427734375,75.0,1.0,1.0,1.0,1.0,0.00047205868459182314,0.00042294037222611203,,0,1.0,162.0
2024-08-02,91.09179896878277,92.2130995969088,90.5954852311453,91.38591003417969,345700,519.2867431640625,74.0,1.0,1.0,1.0,1.0,0.00047396826581797756,0.00038642736328102875,,0,1.0,163.0
2024-08-05,89.31794353878414,91.21128316680131,88.72972138227082,88.97787475585938,480000,504.1631774902344,82.0,1.0,4.0,3.0,4.0,0.0004194207565250219,0.0004071170128784656,,0,2.0,164.0
2024-08-06,88.94110026816875,91.90978955618411,88.69294692171766,90.98149871826172,402000,508.8112487792969,86.0,1.0,4.0,4.0,6.0,0.0003974627910941707,0.0004586936261117044,,0,2.0,165.0
2024-08-07,91.53296688394708,92.40611419534362,90.32895074218534,90.37490844726562,381100,505.4104309082031,85.0,1.0,4.0,4.0,6.0,0.0003707103883708546,0.0004733405578265097,,0,2.0,166.0
2024-08-08,90.6322533592798,91.61568792814117,90.12674665989076,91.48701477050781,418800,517.09423828125,86.0,1.0,4.0,4.0,6.0,0.00040658591941071585,0.00047205868459182314,,0,2.0,167.0
2024-08-09,91.57891972205954,92.24986431490345,90.84363855281916,92.07523345947266,139400,519.3743896484375,85.0,1.0,4.0,4.0,6.0,0.00041425240780013913,0.00047396826581797756,,0,2.0,168.0
2024-08-12,91.72597244230415,91.72597244230415,90.57710007710577,91.1928939819336,81400,519.6472778320312,85.0,1.0,4.0,4.0,6.0,0.0004029410038166546,0.0004194207565250219,,0,2.0,169.0
2024-08-13,91.8730333647241,92.28663166358521,91.39510549982273,92.14876556396484,163100,528.1932373046875,85.0,1.0,4.0,4.0,6.0,0.0004090843032474219,0.0003974627910941707,,0,2.0,170.0
2024-08-14,92.31419909713573,92.82889169830419,91.9281726340986,92.48882293701172,95000,529.8594970703125,83.0,1.0,4.0,4.0,6.0,0.0004085505875488802,0.0003707103883708546,,0,2.0,171.0
2024-08-15,92.72780790629845,92.96677537868878,92.05687021172844,92.54399108886719,563300,538.9414672851562,82.0,1.0,4.0,4.0,6.0,0.00043912728395115435,0.00040658591941071585,,0,2.0,172.0
2024-08-16,92.45206336305938,92.70022374694094,91.8822270975677,92.40611267089844,261900,540.1497192382812,81.0,1.0,4.0,4.0,6.0,0.00045573301425436884,0.00041425240780013913,,0,2.0,173.0
2024-08-19,92.25903925017195,93.12299346923828,92.25903925017195,93.12299346923828,133500,545.314453125,81.0,1.0,1.0,4.0,5.0,0.00047864378288565274,0.0004029410038166546,,0,2.0,174.0
2024-08-20,92.96676083485711,93.11381286336471,92.6450779485958,93.03109741210938,138200,544.4276733398438,79.0,1.0,1.0,4.0,5.0,0.0004908935464976748,0.0004090843032474219,,0,2.0,175.0
2024-08-21,93.19653739201506,93.57336392079706,92.71860251141209,93.55498504638672,57000,546.2986450195312,79.0,1.0,1.0,4.0,5.0,0.0004983314161569747,0.0004085505875488802,,0,2.0,176.0
2024-08-22,93.61012687646694,94.00533928419861,93.39873827009943,93.96857452392578,94600,542.0108642578125,78.0,1.0,1.0,4.0,5.0,0.0004781788381242598,0.00043912728395115435,,0,2.0,177.0
2024-08-23,94.34540343149332,95.8343375826494,94.19834439761284,95.65971374511719,159300,547.77001953125,80.0,1.0,1.0,4.0,5.0,0.00047670233089846967,0.00045573301425436884,,0,2.0,178.0
2024-08-26,96.04574251289007,96.174415673944,95.40237670762042,95.48509216308594,58000,546.4641723632812,79.0,1.0,1.0,4.0,5.0,0.0004779400035922815,0.00047864378288565274,,0,2.0,179.0
2024-08-27,95.2185473755798,95.9722074232591,94.88767154858296,95.7791976928711,78700,547.214599609375,78.0,1.0,1.0,4.0,5.0,0.0004899555194598756,0.0004908935464976748,,0,2.0,180.0
2024-08-28,95.69647509510136,96.10087339954758,95.07148824769128,95.55860900878906,83700,544.037841796875,77.0,1.0,1.0,3.0,3.0,0.000475113833783539,0.0004983314161569747,,0,1.0,181.0
2024-08-29,95.56780618644444,95.58618505975905,94.87848273649425,95.22773742675781,164000,544.0863647460938,76.0,1.0,1.0,3.0,3.0,0.00045118193884636755,0.0004781788381242598,,0,1.0,182.0
2024-08-30,95.77000634065136,96.4225720746287,95.1725982656913,96.29389190673828,575300,549.2803344726562,76.0,1.0,1.0,3.0,3.0,0.0004585199786139342,0.00047670233089846967,,0,1.0,183.0
2024-09-03,95.84353893168239,96.46852585617026,95.67810101013674,96.14684295654297,174800,537.9766235351562,75.0,1.0,1.0,1.0,1.0,0.0004652392676651662,0.0004779400035922815,,0,1.0,184.0
2024-09-04,96.22037150106915,97.2497567694044,95.82515908207294,96.35823059082031,145100,536.8756103515625,74.0,1.0,1.0,1.0,1.0,0.000492748658501306,0.0004899555194598756,,0,1.0,185.0
2024-09-05,96.66152189302163,97.13945671513889,95.86191122903976,95.97219848632812,415400,535.5697631835938,73.0,1.0,1.0,1.0,1.0,0.000519612402904613,0.000475113833783539,,0,1.0,186.0
2024-09-06,96.05492141499951,96.05492141499951,94.89685612264036,95.75161743164062,112600,526.5560913085938,72.0,1.0,1.0,1.0,1.0,0.0005671825723797599,0.00045118193884636755,,0,1.0,187.0
2024-09-09,95.81595578010901,96.90049157925758,95.50346586090778,96.7166748046875,95900,532.451416015625,72.0,1.0,1.0,1.0,1.0,0.0006051353276214223,0.0004585199786139342,,0,1.0,188.0
2024-09-10,97.01997259397149,98.15046610230972,96.79939106020812,98.12289428710938,104700,534.7706909179688,74.0,1.0,1.0,1.0,1.0,0.0006358885484081134,0.0004652392676651662,,0,1.0,189.0
2024-09-11,97.10269714564811,98.0677457592734,96.19279216361265,97.95745849609375,91100,540.2570190429688,73.0,1.0,1.0,1.0,1.0,0.0006443532564411192,0.000492748658501306,,0,1.0,190.0
2024-09-12,98.07693658477457,98.65596574045045,97.56224400195157,98.58244323730469,205500,544.8076782226562,72.0,1.0,1.0,1.0,1.0,0.0006639864500845846,0.000519612402904613,,0,1.0,191.0
2024-09-13,99.08794965955529,99.60264928976643,98.8949399277865,99.4739761352539,145700,547.653076171875,72.0,1.0,1.0,1.0,1.0,0.000686419490191955,0.0005671825723797599,,0,1.0,192.0
2024-09-16,99.82322270457455,100.16329144931076,99.37286670047772,99.69454956054688,73000,548.4617919921875,71.0,1.0,1.0,1.0,1.0,0.0007386584347452457,0.0006051353276214223,,0,1.0,193.0
2024-09-17,99.77726829491588,99.9978568452312,98.68354653461863,98.8857421875,80500,548.6859130859375,71.0,1.0,1.0,1.0,1.0,0.0007913892559821427,0.0006358885484081134,,0,1.0,194.0
2024-09-18,98.94089201438959,100.21843755606997,98.71111753549512,98.85816955566406,127000,547.0587158203125,70.0,1.0,1.0,1.0,1.0,0.0007771703090086222,0.0006443532564411192,,0,1.0,195.0
2024-09-19,99.83243136632258,99.83243136632258,98.32511114566422,99.02362060546875,327400,556.3939208984375,69.0,1.0,1.0,1.0,1.0,0.0007514545763465815,0.0006639864500845846,,0,1.0,196.0
2024-09-20,98.65596703966753,98.84898377292856,98.23318283932942,98.38943481445312,1214400,555.43212890625,69.0,1.0,1.0,1.0,1.0,0.0007001058423721316,0.000686419490191955,,0,1.0,197.0
2024-09-23,98.95732556691289,99.58727325252536,98.95732556691289,99.55021667480469,172600,556.8200073242188,70.0,1.0,1.0,1.0,1.0,0.0007224201142273101,0.0007386584347452457,,0,1.0,198.0
2024-09-24,99.19817897619106,99.86518316682482,99.03142792853261,99.52241516113281,107600,558.4132080078125,69.0,1.0,1.0,1.0,1.0,0.0007513150601824668,0.0007913892559821427,,0,1.0,199.0
2024-09-25,99.70769112680392,99.87444217473843,98.78129798668296,99.09627532958984,115600,557.1817016601562,68.0,1.0,1.0,1.0,1.0,0.0007808171445462786,0.0007771703090086222,,0,1.0,200.0
2024-09-26,99.33714800472393,99.33714800472393,97.75300938020982,97.9938735961914,672700,559.3908081054688,68.0,1.0,1.0,1.0,1.0,0.0007493856694793165,0.0007514545763465815,,0,1.0,201.0
2024-09-27,98.82761435962654,98.9943653972497,98.04018165277984,98.1513442993164,425700,558.5794067382812,67.0,1.0,1.0,1.0,1.0,0.0006967223387453581,0.0007001058423721316,,0,1.0,202.0
2024-09-30,97.90123147809295,98.9017378080846,97.61405185419164,98.87394714355469,218700,560.81787109375,67.0,1.0,1.0,1.0,1.0,0.0006580040264255132,0.0007224201142273101,,0,1.0,203.0
2024-10-01,99.07774305217755,99.07774305217755,97.6325720219514,98.04944610595703,117900,555.7938232421875,67.0,1.0,1.0,1.0,1.0,0.000665171808226412,0.0007513150601824668,,0,1.0,204.0
2024-10-02,97.31760369847862,97.66963055274172,96.94704502314863,97.53067016601562,1044400,556.0282592773438,67.0,1.0,4.0,1.0,2.0,0.0006701507982177909,0.0007808171445462786,,0,2.0,205.0
2024-10-03,97.24349553874724,97.24349553874724,96.5116440610744,96.84514617919922,74200,555.0118408203125,66.0,1.0,4.0,1.0,2.0,0.0006641043501434395,0.0007493856694793165,,0,2.0,206.0
2024-10-04,96.89145313755292,96.89145313755292,95.84463145518666,96.68765258789062,88400,560.055419921875,65.0,1.0,4.0,1.0,2.0,0.0006593735893565979,0.0006967223387453581,,0,2.0,207.0
2024-10-07,96.28004919877365,96.28004919877365,95.3721807186094,95.80758666992188,1078600,554.9922485351562,66.0,1.0,4.0,1.0,2.0,0.0006402123217015709,0.0006580040264255132,,0,2.0,208.0
2024-10-08,96.19665721373872,96.28930217905507,95.28879592331411,95.6778793334961,358500,560.2411499023438,65.0,1.0,4.0,1.0,2.0,0.0006379332674111167,0.000665171808226412,,0,2.0,209.0
2024-10-09,95.52040581674886,95.9372799400924,95.24248502264024,95.88169860839844,98700,564.12158203125,64.0,1.0,4.0,1.0,2.0,0.0006260741775468035,0.0006701507982177909,,0,2.0,210.0
2024-10-10,95.51112400405243,96.21518471550893,94.90896709561537,95.29805755615234,81400,563.1343383789062,63.0,1.0,4.0,1.0,2.0,0.0006275725338411646,0.0006641043501434395,,0,2.0,211.0
2024-10-11,95.49260656737178,96.16886960159253,95.49260656737178,96.15034484863281,723800,566.5064697265625,64.0,1.0,4.0,1.0,2.0,0.0006272375369181815,0.0006593735893565979,,0,2.0,212.0
2024-10-14,95.99285399013885,96.88219050339706,95.83536179418297,96.65985107421875,93900,571.1396484375,63.0,1.0,4.0,1.0,2.0,0.0006161258037023563,0.0006402123217015709,,0,2.0,213.0
2024-10-15,96.94704324209322,98.60528780617095,96.94704324209322,97.62330627441406,2464900,566.7020263671875,64.0,1.0,4.0,1.0,2.0,0.0006371742953257305,0.0006379332674111167,,0,2.0,214.0
2024-10-16,97.90123228645938,99.12407101060643,97.7993284704622,99.03143310546875,184300,569.1651611328125,66.0,1.0,4.0,1.0,2.0,0.0006770352794279269,0.0006260741775468035,,0,2.0,215.0
2024-10-17,98.72571018348064,98.78129150653972,98.04944012571603,98.38294219970703,165100,569.2140502929688,65.0,1.0,1.0,1.0,1.0,0.0007171758134496531,0.0006275725338411646,,0,1.0,216.0
2024-10-18,98.48485306555676,99.08701002387379,98.30884317397646,99.05921936035156,777600,571.403564453125,65.0,1.0,1.0,1.0,1.0,0.0007438744844795682,0.0006272375369181815,,0,1.0,217.0
2024-10-21,98.53117457935743,98.80909534747947,96.95630907418251,97.02115631103516,234900,570.4651489257812,70.0,1.0,1.0,1.0,1.0,0.0006915741119759004,0.0006161258037023563,,0,1.0,218.0
2024-10-22,96.77102406438443,97.69741718052958,96.65059550370026,97.32685852050781,90700,570.1621704101562,69.0,1.0,1.0,1.0,1.0,0.0006453633621040384,0.0006371742953257305,,0,1.0,219.0
2024-10-23,97.16938577650616,98.50339429554829,97.16938577650616,98.32737731933594,101100,564.9523315429688,69.0,1.0,1.0,1.0,1.0,0.0005966588026764119,0.0006770352794279269,,0,1.0,220.0
2024-10-24,98.20693445874122,98.71644642278427,97.98459502602796,98.07723999023438,107100,566.1741943359375,68.0,1.0,1.0,1.0,1.0,0.0005837113463664838,0.0007171758134496531,,0,1.0,221.0
2024-10-25,98.92952741212416,99.35566742192609,97.1879107980008,97.24349212646484,483800,565.978759765625,68.0,1.0,1.0,1.0,1.0,0.0005452909606688695,0.0007438744844795682,,0,1.0,222.0
2024-10-28,97.80859113471016,98.54044257629758,97.46582312247739,97.74374389648438,552600,567.7283935546875,68.0,1.0,1.0,1.0,1.0,0.0005022443858434838,0.0006915741119759004,,0,1.0,223.0
2024-10-29,97.56772185694437,97.80858604402614,97.09525939285051,97.18790435791016,300400,568.647216796875,67.0,1.0,1.0,1.0,1.0,0.0004853669681386375,0.0006453633621040384,,0,1.0,224.0
2024-10-30,97.37318062551593,98.12355678497919,97.0304126294579,97.55845642089844,145000,566.9268798828125,66.0,1.0,1.0,1.0,1.0,0.00048309478314144237,0.0005966588026764119,,0,1.0,225.0
2024-10-31,96.83587131137905,97.22495472393007,95.58524201799729,95.65935516357422,372500,555.8133544921875,71.0,1.0,1.0,1.0,1.0,0.0004366461778931902,0.0005837113463664838,,0,1.0,226.0
2024-11-01,96.07623649991905,96.38194794766473,94.56621815071391,94.61253356933594,152300,558.1591796875,71.0,1.0,4.0,1.0,2.0,0.0003603915035092307,0.0005452909606688695,,0,2.0,227.0
2024-11-04,95.06646413459592,95.86316278000149,95.06646413459592,95.65935516357422,95300,556.9569091796875,72.0,1.0,4.0,1.0,2.0,0.000297794340558412,0.0005022443858434838,,0,2.0,228.0
2024-11-05,95.49260364484094,96.95630645751953,95.14056973901126,96.95630645751953,158500,563.6914672851562,73.0,1.0,4.0,1.0,2.0,0.00029164374251615155,0.0004853669681386375,,0,2.0,229.0
2024-11-06,97.4658281340271,97.5584660408531,94.5847447044771,95.77979278564453,142300,577.7080078125,74.0,1.0,4.0,1.0,2.0,0.0002878433248942348,0.00048309478314144237,,0,2.0,230.0
2024-11-07,96.06697520743901,96.9748436834693,95.7242142354453,96.67839813232422,250900,582.1748657226562,74.0,1.0,4.0,1.0,2.0,0.00030513206032798057,0.0004366461778931902,,0,2.0,231.0
2024-11-08,97.0489450775153,98.46632541803454,97.0489450775153,98.17914581298828,262200,584.6967163085938,76.0,1.0,4.0,4.0,6.0,0.00033841014055267007,0.0003603915035092307,,0,2.0,232.0
2024-11-11,98.22546605224845,98.98510816404801,97.88270510495798,97.90122985839844,62900,585.25390625,75.0,1.0,1.0,1.0,1.0,0.00037989316676163387,0.000297794340558412,,0,1.0,233.0
2024-11-12,97.66962173870976,97.9568013289605,96.55795288085938,96.55795288085938,143900,583.4358520507812,76.0,1.0,1.0,4.0,5.0,0.000386925331307923,0.00029164374251615155,,0,2.0,234.0
2024-11-13,97.28981398372257,97.98460890678648,97.06748158733156,97.29907989501953,182700,583.7192993164062,76.0,1.0,1.0,4.0,5.0,0.00040351701133544706,0.0002878433248942348,,0,2.0,235.0
2024-11-14,97.34538838540064,97.34538838540064,96.04843663528601,96.17813110351562,275000,579.9658813476562,76.0,1.0,1.0,4.0,5.0,0.00041389662754642663,0.00030513206032798057,,0,2.0,236.0
2024-11-15,95.89095293332042,96.48384395914962,95.4277563776527,96.2985610961914,195500,572.537353515625,75.0,1.0,1.0,1.0,1.0,0.00044607921350504025,0.00033841014055267007,,0,1.0,237.0
2024-11-18,95.99286673155515,96.87293745179072,95.86317224789558,96.80809020996094,119500,574.8831787109375,74.0,1.0,1.0,1.0,1.0,0.00047184801360586055,0.00037989316676163387,,0,1.0,238.0
2024-11-19,96.57649071482751,97.56773115216141,96.16887544675104,97.50288391113281,87600,576.984619140625,74.0,1.0,1.0,1.0,1.0,0.0005122564866897978,0.000386925331307923,,0,1.0,239.0
2024-11-20,97.1045309179428,97.35465396173896,96.41900195733578,97.08600616455078,144300,577.1802978515625,73.0,1.0,1.0,1.0,1.0,0.0005176676912604195,0.00040351701133544706,,0,1.0,240.0
2024-11-21,97.37318784625027,98.16988654754783,96.9007253448252,97.7900619506836,719700,580.2787475585938,73.0,1.0,1.0,1.0,1.0,0.0005152478078463404,0.00041389662754642663,,0,1.0,241.0
2024-11-22,98.0216588318593,98.52191199065369,97.9197550179668,98.30884552001953,127400,582.0772094726562,72.0,1.0,1.0,1.0,1.0,0.0005065960904461947,0.00044607921350504025,,0,1.0,242.0
2024-11-25,98.84614328205868,100.01340059467088,98.84614328205868,99.61505126953125,188500,584.0516357421875,73.0,1.0,1.0,1.0,1.0,0.0005424557186609679,0.00047184801360586055,,0,1.0,243.0
2024-11-26,99.48536662280121,100.08752362508234,98.98511343942084,99.91150665283203,214300,587.1012573242188,72.0,1.0,1.0,1.0,1.0,0.0005507641559615983,0.0005122564866897978,,0,1.0,244.0
2024-11-27,100.55071519998396,101.42152703871508,100.53218337866429,100.61556243896484,92700,585.322265625,72.0,1.0,1.0,1.0,1.0,0.0005743382524710798,0.0005176676912604195,,0,1.0,245.0
2024-11-29,100.88421931551491,101.05097037161933,99.98561679471993,100.07825469970703,927800,588.9583129882812,71.0,1.0,1.0,1.0,1.0,0.0005737146218562175,0.0005152478078463404,,0,1.0,246.0
2024-12-02,99.82812694688369,99.82812694688369,98.29031093882674,98.65160369873047,246500,590.0139770507812,73.0,1.0,1.0,1.0,1.0,0.000542853981160835,0.0005065960904461947,,1,1.0,247.0
2024-12-03,98.93878973605483,98.93878973605483,97.95680820593564,98.04944610595703,95900,590.2876586914062,72.0,1.0,1.0,1.0,1.0,0.0005057838594922774,0.0005424557186609679,,0,1.0,248.0
2024-12-04,98.19766715195487,98.19766715195487,97.41950035198275,97.91974639892578,134900,593.9530639648438,71.0,1.0,1.0,1.0,1.0,0.00046521349244817064,0.0005507641559615983,,0,1.0,249.0
2024-12-05,97.55844819122794,97.71594037861801,97.20642138256945,97.59550476074219,86300,592.9757080078125,70.0,1.0,1.0,1.0,1.0,0.00044453167224767524,0.0005743382524710798,,0,1.0,250.0
2024-12-06,97.9753349309494,97.9753349309494,97.12304791875121,97.49360656738281,83900,594.0997924804688,69.0,1.0,1.0,1.0,1.0,0.0004262046960188451,0.0005737146218562175,,0,1.0,251.0
2024-12-09,97.79005452640737,98.123556611762,97.57698806887548,98.00312805175781,295600,591.0403442382812,68.0,1.0,1.0,1.0,1.0,0.0004334716532551377,0.000542853981160835,,0,1.0,252.0
2024-12-10,97.89195759385322,97.89195759385322,96.4560525234844,96.78028869628906,277400,589.2026977539062,69.0,1.0,1.0,1.0,1.0,0.00042851495544317776,0.0005057838594922774,,0,1.0,253.0
2024-12-11,97.03041511730753,97.30833588532569,96.15961037530015,96.38194274902344,199700,593.7576293945312,69.0,1.0,1.0,1.0,1.0,0.00041502468830974243,0.00046521349244817064,,0,1.0,254.0
2024-12-12,96.39121631236537,97.46582876052919,96.34489382474499,96.36341857910156,338800,590.6983032226562,68.0,1.0,1.0,1.0,1.0,0.00037171858332771707,0.00044453167224767524,,0,1.0,255.0
2024-12-13,96.31709349908536,96.60427310363477,95.96505959124433,96.28003692626953,143200,590.5809936523438,67.0,1.0,1.0,1.0,1.0,0.0003886289657772681,0.0004262046960188451,,0,1.0,256.0
2024-12-16,96.30782857438197,97.06747065533281,95.97432648344564,96.01138305664062,151300,593.1027221679688,66.0,1.0,1.0,1.0,1.0,0.0004191959930973861,0.0004334716532551377,,0,1.0,257.0
2024-12-17,95.67787812778094,96.38193886196531,95.21468157831042,95.75199127197266,217600,590.6590576171875,65.0,1.0,1.0,1.0,1.0,0.00043887330128073473,0.00042851495544317776,,0,1.0,258.0
2024-12-18,95.68714481947102,96.00211508313126,91.88893449634709,91.9167251586914,235300,573.055419921875,85.0,1.0,4.0,4.0,6.0,0.0003128774865979346,0.00041502468830974243,,0,2.0,259.0
2024-12-19,92.19464649476294,92.93576386855138,90.6383056640625,90.6383056640625,160000,572.8794555664062,86.0,1.0,4.0,4.0,6.0,0.0001710779929031276,0.00037171858332771707,,0,2.0,260.0
2024-12-20,90.52713455737705,93.08398148373841,90.52713455737705,92.1668472290039,254300,579.7603149414062,87.0,1.0,4.0,4.0,6.0,6.405243268617707e-05,0.0003886289657772681,,0,2.0,261.0
2024-12-23,91.93375257590651,92.54470320412133,91.50138939144044,92.38491821289062,212600,583.2320556640625,86.0,1.0,4.0,4.0,6.0,6.475603202177981e-05,0.0004191959930973861,,0,2.0,262.0
2024-12-24,92.42252045218548,93.24024790071857,92.17813875477984,93.21205139160156,222100,589.7147827148438,86.0,1.0,4.0,4.0,6.0,8.340575523194627e-05,0.00043887330128073473,,0,2.0,263.0
2024-12-26,92.9770816471476,93.57863114782428,92.47892413918431,93.4188461303711,201800,589.7539672851562,85.0,1.0,4.0,4.0,6.0,0.0001034564081804266,0.0003128774865979346,,0,2.0,264.0
2024-12-27,93.02406108560763,93.57861150188812,92.16872881109936,92.4789047241211,990500,583.5459594726562,84.0,1.0,4.0,4.0,6.0,0.00010756761345711018,0.0001710779929031276,,0,2.0,265.0
2024-12-30,92.11234534534839,92.20633610026931,91.05963024554326,91.99015808105469,918800,576.8866577148438,83.0,1.0,4.0,4.0,6.0,9.349852933828319e-05,6.405243268617707e-05,,0,2.0,266.0
2024-12-31,92.6011000184524,92.96767614724725,92.06534483626199,92.9206771850586,599300,574.7880249023438,83.0,1.0,4.0,4.0,6.0,6.264348676560835e-05,6.475603202177981e-05,,0,2.0,267.0
2025-01-02,92.93947157432058,93.0334694977947,91.72697150605872,92.07474517822266,300900,573.3757934570312,83.0,1.0,4.0,4.0,6.0,3.065537627339326e-05,8.340575523194627e-05,,0,2.0,268.0
2025-01-03,92.28152894118712,93.33424401097379,92.07474498363663,93.22145080566406,205400,580.5448608398438,84.0,1.0,4.0,4.0,6.0,1.2158134182032411e-05,0.0001034564081804266,,0,2.0,269.0
2025-01-06,93.45643257909002,93.46583380575602,91.74577504865401,91.77397155761719,181400,583.8890991210938,85.0,1.0,4.0,4.0,6.0,-3.16267277750738e-05,0.00010756761345711018,,0,2.0,270.0
2025-01-07,92.29092571539256,92.37551523701802,91.00323024160808,91.28520965576172,352400,577.2888793945312,84.0,1.0,4.0,4.0,6.0,-7.304539258472034e-05,9.349852933828319e-05,,0,2.0,271.0
2025-01-08,91.15362386820783,91.60478233894337,90.46747776471116,91.49198913574219,230500,578.1322631835938,83.0,1.0,4.0,4.0,6.0,-0.00011647054893147427,6.264348676560835e-05,,0,2.0,272.0
2025-01-10,90.31708487309504,90.42047684770058,89.2737782429531,89.43356323242188,874300,569.3055419921875,87.0,1.0,4.0,4.0,6.0,-0.00016794525854872962,3.065537627339326e-05,,1,2.0,273.0
2025-01-13,89.16098504843156,90.53327005479687,89.01059411407316,90.50507354736328,366800,570.1883544921875,88.0,1.0,4.0,4.0,6.0,-0.0001939410054823303,1.2158134182032411e-05,,0,2.0,274.0
2025-01-14,90.74005860608005,91.48259774730641,90.62726539959073,91.29460906982422,176800,570.9729614257812,87.0,1.0,4.0,4.0,6.0,-0.00021699299445504606,-3.16267277750738e-05,,0,2.0,275.0
2025-01-15,93.35303239008294,93.35303239008294,91.21001184490524,91.33219909667969,253100,581.3590087890625,86.0,1.0,4.0,4.0,6.0,-0.00018543192829438486,-7.304539258472034e-05,,0,2.0,276.0
2025-01-16,91.4355880491464,92.85487192059196,91.1442145970545,92.82667541503906,220700,580.2409057617188,87.0,1.0,4.0,4.0,6.0,-0.0001180438959321417,-0.00011647054893147427,,0,2.0,277.0
2025-01-17,93.24024486834382,93.3248415639785,92.52590942382812,92.52590942382812,284800,586.0664672851562,86.0,1.0,4.0,4.0,6.0,-7.323505604807261e-05,-0.00016794525854872962,,0,2.0,278.0
2025-01-21,92.98646195539426,94.54672838080604,92.98646195539426,94.4809341430664,150800,591.4309692382812,90.0,1.0,4.0,4.0,6.0,-1.8391192671996895e-05,-0.0001939410054823303,,0,2.0,279.0
2025-01-22,94.30235229759043,94.30235229759043,92.77027523289931,92.82667541503906,178300,594.755615234375,91.0,1.0,4.0,4.0,6.0,-3.225111589699108e-05,-0.00021699299445504606,,0,2.0,280.0
2025-01-23,92.97707709139972,93.66322326660156,92.16874364490346,93.66322326660156,288600,598.001953125,91.0,1.0,4.0,4.0,6.0,-1.3584286733522375e-05,-0.00018543192829438486,,0,2.0,281.0
2025-01-24,93.50342353900261,94.54673013652408,93.40942562245696,94.06737518310547,251700,596.256103515625,90.0,1.0,4.0,4.0,6.0,-2.7414731893975756e-05,-0.0001180438959321417,,0,2.0,282.0
2025-01-27,93.71021375434302,95.11070259620362,93.71021375434302,95.07310485839844,255900,587.8218994140625,90.0,1.0,4.0,4.0,6.0,1.1623069273961974e-05,-7.323505604807261e-05,,0,2.0,283.0
2025-01-28,94.95090053290349,94.95090053290349,93.83239842654106,94.01097869873047,378800,592.8726806640625,90.0,1.0,4.0,4.0,6.0,4.013652578295708e-05,-1.8391192671996895e-05,,0,2.0,284.0
2025-01-29,94.0767721986716,94.22716313305031,92.2063297713017,92.6480941772461,140000,590.2149047851562,90.0,1.0,4.0,4.0,6.0,3.479335936604378e-05,-3.225111589699108e-05,,0,2.0,285.0
2025-01-30,93.8793807144986,94.74411416440802,93.18384063549286,94.05796813964844,113600,593.382568359375,91.0,1.0,4.0,4.0,6.0,3.15323413035163e-05,-1.3584286733522375e-05,,0,2.0,286.0
2025-01-31,93.87939295502126,94.6783322742089,93.49402872070337,93.7760009765625,294100,590.2246704101562,90.0,1.0,4.0,4.0,6.0,8.26540764110343e-06,-2.7414731893975756e-05,,0,2.0,287.0
2025-02-03,92.64809509738649,93.86059512647769,92.00894796199815,93.49402618408203,195700,586.2527465820312,89.0,1.0,4.0,4.0,6.0,1.69999115986941e-05,1.1623069273961974e-05,,0,2.0,288.0
2025-02-04,92.94887504579347,93.83240391633926,92.61050259201146,93.54102325439453,300100,590.1854248046875,88.0,1.0,4.0,4.0,6.0,3.79041356210298e-05,4.013652578295708e-05,,0,2.0,289.0
2025-02-05,94.18016426232836,95.07309430121855,93.63501505227632,94.7535171508789,695100,592.578369140625,88.0,1.0,4.0,4.0,6.0,9.388107766101712e-05,3.479335936604378e-05,,0,2.0,290.0
2025-02-06,95.2422800514695,95.26107533267552,94.40575020263104,94.9791030883789,85000,594.6380004882812,87.0,1.0,4.0,4.0,6.0,0.0001432759447236972,3.15323413035163e-05,,0,2.0,291.0
2025-02-07,95.04490007142604,95.28927458932702,94.28355849647949,94.74412536621094,114200,589.1949462890625,86.0,1.0,4.0,4.0,6.0,0.00014724688866456809,8.26540764110343e-06,,0,2.0,292.0
2025-02-10,94.99790134625673,94.99790134625673,93.95458751628883,94.63133239746094,113300,593.1962890625,84.0,1.0,4.0,4.0,6.0,0.00012125684626224532,1.69999115986941e-05,,0,2.0,293.0
2025-02-11,94.24594785749343,95.17647552490234,94.0391711024362,95.17647552490234,76600,593.6474609375,84.0,1.0,4.0,4.0,6.0,0.00010890580587168709,3.79041356210298e-05,,0,2.0,294.0
2025-02-12,93.51282169189984,94.78171473949729,93.42823216854279,94.45274353027344,305800,591.7349853515625,83.0,1.0,4.0,4.0,6.0,9.93112379298073e-05,9.388107766101712e-05,,0,2.0,295.0
2025-02-13,94.50914698331079,95.8250318656859,94.18956981828055,95.65584564208984,792600,597.9823608398438,83.0,1.0,1.0,4.0,5.0,0.00011716776216770049,0.0001432759447236972,,0,2.0,296.0
2025-02-14,95.80623093849388,96.26679062018839,95.0730930697867,95.12948608398438,381800,597.952880859375,83.0,1.0,1.0,4.0,5.0,0.00011321286370460768,0.00014724688866456809,,0,2.0,297.0
2025-02-18,94.88510303304174,95.85322851266395,94.81930879375035,95.58065032958984,180500,599.7084350585938,82.0,1.0,1.0,4.0,5.0,0.00011368459900778085,0.00012125684626224532,,0,2.0,298.0
2025-02-19,95.12007784096998,95.78742859123926,94.99789059554395,95.49604797363281,106100,601.1206665039062,80.0,1.0,1.0,3.0,3.0,8.358230147188942e-05,0.00010890580587168709,,0,1.0,299.0
2025-02-20,95.41146455291094,96.13520118841211,95.12948514264416,96.02241516113281,73400,598.6197509765625,80.0,1.0,1.0,3.0,3.0,9.647834073145325e-05,9.93112379298073e-05,,0,1.0,300.0
2025-02-21,96.06940370163854,96.06940370163854,94.59372680266054,95.18587493896484,70300,588.3810424804688,79.0,1.0,1.0,3.0,3.0,0.0001003208469550935,0.00011716776216770049,,0,1.0,301.0
2025-02-24,95.40207231702566,96.18220921071573,94.9697091059653,95.57125854492188,107000,585.7035522460938,78.0,1.0,1.0,3.0,3.0,0.00012308633994674792,0.00011321286370460768,,0,1.0,302.0
2025-02-25,95.71224155074127,96.79315308810192,95.64644730956459,96.41718292236328,121000,582.7907104492188,78.0,1.0,1.0,3.0,3.0,0.00015567314150677166,0.00011368459900778085,,0,1.0,303.0
2025-02-26,96.48296891771163,96.76494113964127,95.65583318957015,96.05060577392578,141100,583.0848999023438,77.0,1.0,1.0,3.0,3.0,0.00017809838677918018,8.358230147188942e-05,,0,1.0,304.0
2025-02-27,96.14460803212523,97.07512866672143,95.9660205837857,96.54877471923828,81300,573.7777709960938,76.0,1.0,1.0,3.0,3.0,0.00019175342684310133,9.647834073145325e-05,,0,1.0,305.0
2025-02-28,96.75555401777328,97.35710340623106,96.19159519143903,97.27250671386719,135100,582.7318725585938,76.0,1.0,1.0,3.0,3.0,0.0001908459596327126,0.0001003208469550935,,0,1.0,306.0
2025-03-03,97.50749098004697,98.32522557337484,97.21611750047441,97.80826568603516,180200,572.5224609375,75.0,1.0,1.0,1.0,1.0,0.00020263747383125847,0.00012308633994674792,,0,1.0,307.0
2025-03-04,97.62027926245828,98.22182864410787,96.50177001953125,96.50177001953125,118300,565.7455444335938,76.0,1.0,1.0,1.0,1.0,0.00018259385233703373,0.00015567314150677166,,0,1.0,308.0
2025-03-05,95.91903285266864,97.76127891785869,95.80623964299107,97.56389617919922,103000,571.826171875,77.0,1.0,1.0,1.0,1.0,0.0001323448065394181,0.00017809838677918018,,0,1.0,309.0
2025-03-06,96.57695710490954,96.96232845370167,94.93209408852421,95.06368255615234,149900,561.6755981445312,83.0,1.0,1.0,3.0,3.0,5.889658192669557e-05,0.00019175342684310133,,0,1.0,310.0
2025-03-07,95.28927346328442,95.94722305325372,94.52793906836925,95.48665618896484,94000,564.8237915039062,82.0,1.0,4.0,3.0,4.0,1.1576469177499061e-05,0.0001908459596327126,,0,2.0,311.0
2025-03-10,95.27048588825616,96.18221129326913,93.888799525693,94.41515350341797,627700,549.7792358398438,82.0,1.0,4.0,3.0,4.0,-5.128843282329405e-05,0.00020263747383125847,,0,2.0,312.0
2025-03-11,94.50914650158398,94.81931526740013,92.55410729911353,93.14625549316406,393100,545.2091064453125,83.0,1.0,4.0,3.0,4.0,-0.0001181687711130579,0.00018259385233703373,,0,2.0,313.0
2025-03-12,93.4000375277018,93.67261572680277,92.5259099137003,92.9300765991211,134100,548.1022338867188,82.0,1.0,4.0,3.0,4.0,-0.00016827394644795718,0.0001323448065394181,,0,2.0,314.0
2025-03-13,93.05225709625147,93.55981572275512,90.74005035620203,90.96562957763672,146900,540.7957763671875,86.0,1.0,4.0,3.0,4.0,-0.00020748646334984265,5.889658192669557e-05,,0,2.0,315.0
2025-03-14,91.48259231564273,92.40371168199337,90.85284641829605,92.39431762695312,161600,551.9663696289062,87.0,1.0,4.0,3.0,4.0,-0.00020298064106351356,1.1576469177499061e-05,,0,2.0,316.0
2025-03-17,92.2345327910374,94.22716978604046,92.2345327910374,93.9827880859375,841200,556.2227783203125,89.0,1.0,4.0,3.0,4.0,-0.0001754004489386931,-5.128843282329405e-05,,0,2.0,317.0
2025-03-18,93.8605971825266,94.23656735940867,92.95827306063048,93.37183380126953,705400,550.2108764648438,88.0,1.0,4.0,3.0,4.0,-0.00014639128769598875,-0.0001181687711130579,,0,2.0,318.0
2025-03-19,93.32485536545956,94.09559111139129,92.69510935241298,93.4188461303711,137000,556.203125,87.0,1.0,4.0,3.0,4.0,-0.0001285850053912161,-0.00016827394644795718,,0,2.0,319.0
2025-03-20,93.5316250020765,93.88879272236105,92.94887087536893,93.19325256347656,207800,554.5946655273438,86.0,1.0,4.0,3.0,4.0,-0.00015465894729049044,-0.00020748646334984265,,0,2.0,320.0
2025-03-21,92.73269327759935,92.73269327759935,91.47319426810617,91.93375396728516,414000,554.7776489257812,86.0,1.0,4.0,3.0,4.0,-0.00017857675808801807,-0.00020298064106351356,,1,2.0,321.0
2025-03-24,92.68754701408031,93.72791599658557,92.50784435876774,93.61442565917969,249900,564.7128295898438,89.0,1.0,4.0,3.0,4.0,-0.00017325833966730353,-0.0001754004489386931,,0,2.0,322.0
2025-03-25,93.53876312309177,93.75629108614211,92.07278368869808,92.59297180175781,430600,566.0703125,89.0,1.0,4.0,3.0,4.0,-0.00017947967083408456,-0.00014639128769598875,,0,2.0,323.0
2025-03-26,93.01857622198862,93.49147188881705,92.80104825610407,93.34960174560547,212500,559.3124389648438,88.0,1.0,4.0,3.0,4.0,-0.00015782329372995645,-0.0001285850053912161,,0,2.0,324.0
2025-03-27,93.40635757258994,94.08732851243387,92.64972159147102,92.88616943359375,187400,557.8270874023438,87.0,1.0,4.0,3.0,4.0,-0.0001639381124332891,-0.00015465894729049044,,0,2.0,325.0
2025-03-28,93.14153228325725,93.31177500933393,92.28085871925421,92.9523696899414,90100,546.5933837890625,86.0,1.0,4.0,3.0,4.0,-0.0001518482514676055,-0.00017857675808801807,,0,2.0,326.0
2025-03-31,92.92400035653101,94.26702234490097,92.92400035653101,93.74684143066406,275400,550.2625732421875,85.0,1.0,4.0,3.0,4.0,-0.00013568902055831014,-0.00017325833966730353,,0,2.0,327.0
2025-04-01,94.00219437335771,94.13460457477335,92.6780851433865,93.75628662109375,277400,551.8167724609375,84.0,1.0,4.0,3.0,4.0,-0.00011743872272375134,-0.00017947967083408456,,0,2.0,328.0
2025-04-02,93.5198392226369,94.44671785252993,93.15098120048938,94.30484771728516,306700,555.3088989257812,83.0,1.0,4.0,3.0,4.0,-8.580604312369918e-05,-0.00015782329372995645,,0,2.0,329.0
2025-04-03,92.59297619468266,93.41581006515955,90.32307547262634,90.35144805908203,272600,527.9428100585938,100.0,4.0,4.0,4.0,12.0,-0.00012696947037424866,-0.0001639381124332891,,0,4.0,1.0
2025-04-04,89.33944901514265,89.33944901514265,86.29399974906286,86.31291961669922,256700,497.0354309082031,117.0,4.0,4.0,4.0,12.0,-0.00020125987140162202,-0.0001518482514676055,,1,4.0,2.0
2025-04-07,84.17543540104421,87.28709000255374,82.01903214305361,83.74983215332031,330800,496.150146484375,122.0,4.0,4.0,4.0,12.0,-0.00031731394219088375,-0.00013568902055831014,,0,4.0,3.0
2025-04-08,85.99134822648257,85.99134822648257,80.76112319019387,81.6501693725586,321800,488.3790588378906,125.0,4.0,4.0,4.0,12.0,-0.00040125448944257797,-0.00011743872272375134,,0,4.0,4.0
2025-04-09,80.64762379318002,87.3816606821031,78.63309085150286,87.02226257324219,656200,539.6682739257812,151.0,4.0,4.0,4.0,12.0,-0.000383533895181072,-8.580604312369918e-05,,0,4.0,5.0
2025-04-10,85.92513134107367,86.65339462512028,82.78510476296255,84.98880004882812,129800,516.0204467773438,152.0,4.0,4.0,4.0,12.0,-0.00036049242751405483,-0.00012696947037424866,,0,4.0,6.0
2025-04-11,84.3929672123173,85.97243707014826,83.16343554364698,85.84002685546875,206300,525.2277221679688,150.0,4.0,4.0,4.0,12.0,-0.000307312487260309,-0.00020125987140162202,,0,4.0,7.0
2025-04-14,86.70069188673952,88.10046626880457,86.53044915399938,87.61811065673828,101700,530.3232421875,151.0,4.0,4.0,4.0,12.0,-0.0003163359066700036,-0.00031731394219088375,,0,4.0,8.0
2025-04-15,87.68431050013426,88.35582145680019,87.68431050013426,87.85455322265625,71500,528.8378295898438,149.0,4.0,4.0,4.0,12.0,-0.0002843568558538,-0.00040125448944257797,,0,4.0,9.0
2025-04-16,87.9585952758789,89.07462935403342,87.41949449669161,87.9585952758789,128700,517.0828857421875,146.0,4.0,4.0,4.0,12.0,-0.0002658744090148327,-0.000383533895181072,,0,4.0,10.0
2025-04-17,88.21395253497089,89.98258488690006,88.21395253497089,89.32998657226562,84700,517.8206176757812,146.0,4.0,4.0,4.0,12.0,-0.00023947506565289768,-0.00036049242751405483,,0,4.0,11.0
2025-04-21,88.7719732984288,88.7719732984288,86.4074950137185,87.52352905273438,284400,505.4951171875,146.0,4.0,4.0,4.0,12.0,-0.0002459804219287431,-0.000307312487260309,,0,4.0,12.0
2025-04-22,88.49769957651907,89.53806865651151,88.18558668777665,89.1219253540039,267800,518.6470336914062,146.0,4.0,4.0,4.0,12.0,-0.00022199782074361785,-0.0003163359066700036,,0,4.0,13.0
2025-04-23,90.17174088358368,91.23102975848329,89.06516677222643,89.51914978027344,164300,526.6837158203125,144.0,4.0,4.0,4.0,12.0,-0.0002103779169070331,-0.0002843568558538,,0,4.0,14.0
2025-04-24,89.76504795513691,90.37035375733218,89.23539996635527,89.83125305175781,152300,537.769775390625,142.0,4.0,4.0,4.0,12.0,-0.0001746011897182419,-0.0002658744090148327,,0,4.0,15.0
2025-04-25,89.9920461586854,90.05825126290708,89.3299879006533,89.71776580810547,352500,541.6553344726562,140.0,4.0,1.0,4.0,11.0,-0.0001562242933896675,-0.00023947506565289768,,0,2.0,16.0
2025-04-28,89.71776138556721,90.59734756447727,89.41510846464196,90.33252716064453,173400,541.8618774414062,138.0,4.0,1.0,4.0,11.0,-0.00013617603176308945,-0.0002459804219287431,,0,2.0,17.0
2025-04-29,90.24740755812768,90.64463818749076,89.50023153671695,90.10553741455078,301200,545.2753295898438,136.0,4.0,1.0,4.0,11.0,-0.0001275554908874547,-0.00022199782074361785,,0,2.0,18.0
2025-04-30,89.50023039050515,91.03241493304571,88.89492452042336,90.79596710205078,221800,545.49169921875,135.0,4.0,1.0,4.0,11.0,-0.00012070943630848527,-0.0002103779169070331,,0,2.0,19.0
2025-05-01,90.8527081498662,91.88362439844876,90.38927244257341,91.06078338623047,216700,549.3575439453125,133.0,4.0,1.0,4.0,11.0,-0.00012574539459491495,-0.0001746011897182419,,0,2.0,20.0
2025-05-02,92.26195041075498,92.57405607674099,91.8741724880655,92.32815551757812,132700,557.51220703125,132.0,4.0,1.0,4.0,11.0,-0.0001040886531723972,-0.0001562242933896675,,0,2.0,21.0
2025-05-05,92.0727811242621,92.55513670513595,91.59988547676633,91.99711608886719,92600,554.3153686523438,130.0,4.0,1.0,4.0,11.0,-8.904911861020202e-05,-0.00013617603176308945,,0,2.0,22.0
2025-05-06,91.41073227059522,91.91200051429075,90.77705381972783,91.32560729980469,95400,549.6821899414062,129.0,4.0,1.0,3.0,9.0,-9.462835306532169e-05,-0.0001275554908874547,,0,2.0,23.0
2025-05-07,91.53368687854444,92.26195026829,91.36344414471702,91.42019653320312,343600,551.9937133789062,127.0,4.0,1.0,3.0,9.0,-0.00011450924928066767,-0.00012070943630848527,,0,2.0,24.0
2025-05-08,91.91201028518113,91.99712804920516,90.7770634699654,91.19320678710938,314300,555.8400268554688,125.0,4.0,1.0,3.0,9.0,-0.00013267149607542995,-0.00012574539459491495,,0,2.0,25.0
2025-05-09,91.34453238805806,92.08224850327167,91.07025202443484,91.80796813964844,223500,555.1317138671875,123.0,4.0,1.0,3.0,9.0,-0.0001207912368053133,-0.0001040886531723972,,0,2.0,26.0
2025-05-12,93.38744196530028,93.38744196530028,92.30924033329138,92.80105590820312,771100,573.4774780273438,123.0,4.0,1.0,3.0,9.0,-9.812252932855734e-05,-8.904911861020202e-05,,0,2.0,27.0
2025-05-13,92.6213452496847,92.64971783505861,91.24049077357154,91.53368377685547,294100,577.2646484375,122.0,4.0,1.0,3.0,9.0,-9.586233907497997e-05,-9.462835306532169e-05,,0,2.0,28.0
2025-05-14,91.33506059962099,91.33506059962099,90.20011398749074,90.62571716308594,233300,578.0025024414062,121.0,4.0,1.0,3.0,9.0,-0.00011227762379499264,-0.00011450924928066767,,0,2.0,29.0
2025-05-15,90.98513313321787,92.17683236138674,90.81489038633661,92.12954711914062,224000,580.8255615234375,121.0,4.0,1.0,3.0,9.0,-0.00013623199917863166,-0.00013267149607542995,,0,2.0,30.0
2025-05-16,92.10116327740563,93.35906756222955,92.03495816851046,93.30232238769531,279200,584.5045166015625,121.0,4.0,1.0,3.0,9.0,-9.750125524095923e-05,-0.0001207912368053133,,0,2.0,31.0
2025-05-19,92.43219174394234,93.45364091718761,92.31869418433048,93.37798309326172,209800,585.1439208984375,119.0,4.0,1.0,3.0,9.0,-1.806684884162316e-05,-9.812252932855734e-05,,0,2.0,32.0
2025-05-20,92.80104126816673,93.1226068338048,92.56459345255708,92.81995391845703,157500,583.1766357421875,118.0,4.0,1.0,3.0,9.0,6.347790769374249e-05,-9.586233907497997e-05,,0,2.0,33.0
2025-05-21,92.28085699545503,92.31868951341148,90.12445398264177,90.20011901855469,129200,573.349609375,122.0,4.0,1.0,3.0,9.0,8.223705535711183e-05,-0.00011227762379499264,,1,2.0,34.0
2025-05-22,90.07715533280545,90.31360314190151,89.18811647735814,89.8785400390625,206200,573.5758666992188,120.0,4.0,1.0,3.0,9.0,2.2058799594344036e-05,-0.00013623199917863166,,0,2.0,35.0
2025-05-23,89.68939116018531,90.10553442751622,89.22594822547644,89.85017395019531,173100,569.6607666015625,119.0,4.0,1.0,3.0,9.0,-3.9089460317314605e-05,-9.750125524095923e-05,,0,2.0,36.0
2025-05-27,90.65409969315418,91.77959371168008,90.33253409689843,91.58097839355469,96900,581.5043334960938,120.0,4.0,1.0,3.0,9.0,-6.0059353122687065e-05,-1.806684884162316e-05,,0,2.0,37.0
2025-05-28,91.599898161979,91.67556320785238,90.98513229193567,91.57152557373047,338300,578.1400756835938,118.0,4.0,1.0,3.0,9.0,-3.696217805303778e-05,6.347790769374249e-05,,0,2.0,38.0
2025-05-29,91.75122515290239,92.94291711396204,91.63772758792808,92.5835189819336,89900,580.4222412109375,117.0,4.0,1.0,3.0,9.0,-1.1649653602452796e-05,8.223705535711183e-05,,0,2.0,39.0
2025-05-30,92.15791133371873,92.71592476590475,91.71338824526391,92.47947692871094,108800,579.7730712890625,116.0,4.0,1.0,3.0,9.0,-7.181459683928426e-06,2.2058799594344036e-05,,0,2.0,40.0
2025-06-02,91.9025464766156,92.74430022584501,91.00404755376213,92.72538757324219,246000,583.038818359375,114.0,4.0,1.0,3.0,9.0,-1.5624236721604634e-06,-3.9089460317314605e-05,,0,2.0,41.0
2025-06-03,92.34707312600352,92.55514839170488,91.62826963062133,92.27140808105469,93600,586.36376953125,112.0,4.0,1.0,3.0,9.0,-1.089501156892005e-06,-6.0059353122687065e-05,,0,2.0,42.0
2025-06-04,92.2808636793558,92.63080908393835,91.67555777984015,92.3470687866211,133800,586.2063598632812,111.0,4.0,1.0,3.0,9.0,-1.4258159909716463e-05,-3.696217805303778e-05,,0,2.0,43.0
2025-06-05,92.33760432434815,92.61188467408691,91.69446593567469,92.06332397460938,107000,583.3733520507812,109.0,4.0,1.0,3.0,9.0,-2.1196225773075482e-05,-1.1649653602452796e-05,,0,2.0,44.0
2025-06-06,92.64025240190854,93.1131480389082,92.25248173179249,92.84832763671875,165100,589.3639526367188,108.0,4.0,1.0,3.0,9.0,-2.5739743158413638e-05,-7.181459683928426e-06,,0,2.0,45.0
2025-06-09,92.942919029815,93.52931230387952,92.22412275094142,92.9902114868164,77600,589.8950805664062,107.0,4.0,1.0,3.0,9.0,-1.2069764356673784e-05,-1.5624236721604634e-06,,0,2.0,46.0
2025-06-10,93.2644820265035,93.784670135394,93.1320718198432,93.66171264648438,1746100,593.2396240234375,105.0,4.0,1.0,1.0,7.0,6.913966028565053e-06,-1.089501156892005e-06,,0,2.0,47.0
2025-06-11,93.64281100916635,94.10624678698535,92.6780997148147,93.01858520507812,170500,591.5476684570312,104.0,4.0,1.0,1.0,7.0,9.8070455056646e-06,-1.4258159909716463e-05,,0,2.0,48.0
2025-06-12,92.7821271609254,93.40635289647076,92.76321450946119,93.31177520751953,125300,593.898681640625,103.0,4.0,1.0,1.0,7.0,1.0142674012581356e-05,-2.1196225773075482e-05,,0,2.0,49.0
2025-06-13,92.65918662147078,93.05641728628734,91.77960031176788,92.4605712890625,133100,587.2588500976562,102.0,4.0,1.0,1.0,7.0,1.7687390391119722e-05,-2.5739743158413638e-05,,0,2.0,50.0
2025-06-16,92.8577963721633,93.5198474403948,92.03495528809094,92.32815551757812,187900,592.8461303710938,101.0,4.0,1.0,1.0,7.0,2.9168550932665427e-05,-1.2069764356673784e-05,,0,2.0,51.0
2025-06-17,92.23356453245339,92.77266528558889,91.80796133317298,92.186279296875,142300,587.7802734375,99.0,4.0,1.0,1.0,7.0,2.9454012860095722e-05,6.913966028565053e-06,,0,2.0,52.0
2025-06-18,92.23357625350202,93.19828754432848,92.01604826740501,92.47002410888672,190300,587.6917114257812,98.0,4.0,1.0,1.0,7.0,2.4839056799475954e-05,9.8070455056646e-06,,0,2.0,53.0
2025-06-20,92.81050112221303,93.19827903322269,92.19574252700689,92.26194763183594,705400,586.3114624023438,96.0,4.0,1.0,1.0,7.0,1.1474596303192026e-05,1.0142674012581356e-05,,0,2.0,54.0
2025-06-23,92.59513107096376,93.61664632171468,92.2132546452176,93.56891632080078,154700,592.102783203125,97.0,4.0,1.0,1.0,7.0,2.8957252809932914e-05,1.7687390391119722e-05,,0,2.0,55.0
2025-06-24,93.7694061606265,93.82668507908,93.11066946366127,93.540283203125,136500,598.6438598632812,95.0,4.0,1.0,1.0,7.0,4.095545257461468e-05,2.9168550932665427e-05,,0,2.0,56.0
2025-06-25,92.99609204405903,92.99609204405903,91.19172637216649,91.28720092773438,265700,598.9793701171875,100.0,4.0,1.0,1.0,7.0,2.623584665456688e-05,2.9454012860095722e-05,,1,2.0,57.0
2025-06-26,91.50677944255058,91.54496780992598,90.41843646525396,91.49723052978516,147500,603.6655883789062,98.0,4.0,4.0,1.0,8.0,-3.754155253702337e-06,2.4839056799475954e-05,,0,4.0,58.0
2025-06-27,91.7072614544602,92.57603041018162,91.27765507474962,91.51632690429688,185100,606.664794921875,97.0,4.0,4.0,1.0,8.0,-2.1819049047688236e-05,1.1474596303192026e-05,,0,4.0,59.0
2025-06-30,91.74546320692049,92.10824910232208,90.7334968327735,92.07006072998047,174900,609.5653686523438,96.0,4.0,4.0,1.0,8.0,-1.53406642668852e-05,2.8957252809932914e-05,,0,4.0,60.0
2025-07-01,91.85046832940525,93.45434335583006,91.77409159393588,92.59512329101562,149800,609.3681640625,95.0,4.0,4.0,1.0,8.0,-1.7001292557631633e-06,4.095545257461468e-05,,0,4.0,61.0
2025-07-02,92.48057578772953,92.92927277036996,91.94594586349224,92.91973114013672,169000,612.1305541992188,93.0,4.0,4.0,1.0,8.0,1.013884586018785e-05,2.623584665456688e-05,,0,4.0,62.0
2025-07-03,92.98655891055286,93.44480480681976,92.73833813459075,93.1393051147461,105700,616.9550170898438,92.0,4.0,4.0,1.0,8.0,4.491349471988156e-05,-3.754155253702337e-06,,0,4.0,63.0
2025-07-07,93.13930137570283,93.6930218215097,91.86002374265271,92.29917907714844,94500,612.357421875,91.0,4.0,4.0,1.0,8.0,9.740540360880464e-05,-2.1819049047688236e-05,,0,4.0,64.0
2025-07-08,92.01277401973233,92.68105960647613,91.81229052881535,92.11779022216797,166600,612.0220336914062,90.0,4.0,4.0,1.0,8.0,0.00011893946813002611,-1.53406642668852e-05,,0,2.0,65.0
2025-07-09,92.29917945400182,92.31826999745483,91.79319629009707,91.984130859375,120400,615.692138671875,89.0,4.0,4.0,1.0,8.0,0.00012464852615988488,-1.7001292557631633e-06,,0,2.0,66.0
2025-07-10,92.194160715849,93.18703647285179,91.88866104320866,92.63331604003906,2058400,617.428466796875,88.0,4.0,4.0,1.0,8.0,9.71459976814648e-05,1.013884586018785e-05,,0,2.0,67.0
2025-07-11,92.08914915968214,93.10111551059154,91.64999381336887,92.8910903930664,193300,615.2579956054688,87.0,4.0,4.0,1.0,8.0,7.810994828503446e-05,4.491349471988156e-05,,0,2.0,68.0
2025-07-14,92.75743251173695,93.50208752823406,92.74788359817785,93.4448013305664,211800,616.43212890625,86.0,4.0,4.0,1.0,8.0,6.625655058346147e-05,9.740540360880464e-05,,0,2.0,69.0
2025-07-15,93.62618840169361,93.62618840169361,91.97457607645798,92.18460845947266,238700,613.7979125976562,87.0,4.0,4.0,1.0,8.0,2.2006148606377223e-05,0.00011893946813002611,,0,2.0,70.0
2025-07-16,92.74788582099559,93.38752465473316,92.21325590417705,92.8910903930664,509100,615.8499145507812,86.0,4.0,4.0,1.0,8.0,8.219725993041958e-06,0.00012464852615988488,,0,2.0,71.0
2025-07-17,92.9292733253432,93.17749410294692,92.16552773195158,92.55694580078125,205400,619.6187133789062,85.0,4.0,4.0,1.0,8.0,-1.4515521534294752e-05,9.71459976814648e-05,,0,2.0,72.0
2025-07-18,92.65242245461825,93.03429161804914,92.3469227536611,92.75743865966797,124700,619.1649169921875,84.0,4.0,4.0,1.0,8.0,-4.363084143990127e-06,7.810994828503446e-05,,0,2.0,73.0
2025-07-21,93.14884463867881,93.57845103358294,92.79560769632917,92.93881225585938,176900,620.3389892578125,82.0,4.0,1.0,1.0,7.0,-1.8091314842927977e-05,6.625655058346147e-05,,0,2.0,74.0
2025-07-22,93.21567982271716,94.59043204886565,93.17749145158115,94.44722747802734,510300,620.427734375,84.0,4.0,1.0,1.0,7.0,3.0467270948013116e-06,2.2006148606377223e-05,,0,2.0,75.0
2025-07-23,94.4854177539071,94.72408961555334,94.17991806234738,94.5999755859375,228300,625.7060546875,83.0,4.0,1.0,1.0,7.0,4.033450818106113e-05,8.219725993041958e-06,,0,2.0,76.0
2025-07-24,94.36129978013204,94.55224163168027,93.9889722742216,94.02716064453125,145800,625.9132080078125,82.0,4.0,1.0,1.0,7.0,5.368649796306349e-05,-1.4515521534294752e-05,,0,2.0,77.0
2025-07-25,94.13218189955589,94.17037027191735,93.06293660818422,93.96988677978516,157600,628.5572509765625,81.0,4.0,1.0,1.0,7.0,4.658998776507068e-05,-4.363084143990127e-06,,0,2.0,78.0
2025-07-28,93.94124042938581,93.94124042938581,92.32781641299857,92.41374206542969,308200,628.3994140625,83.0,4.0,1.0,1.0,7.0,-1.3242336341584206e-06,-1.8091314842927977e-05,,0,2.0,79.0
2025-07-29,93.12976338629667,94.44722944128353,92.68105912073014,94.38040161132812,419500,626.741943359375,87.0,4.0,1.0,1.0,7.0,1.8148549748715578e-05,3.0467270948013116e-06,,0,2.0,80.0
2025-07-30,94.3422145403641,94.42814019931292,92.28009341352714,92.99610900878906,283400,625.9527587890625,88.0,4.0,1.0,1.0,7.0,-1.7004147882233354e-06,4.033450818106113e-05,,0,2.0,81.0
2025-07-31,92.42328401984099,92.79561151974849,91.21083423772703,91.39222717285156,402400,623.6046142578125,89.0,4.0,4.0,1.0,8.0,-2.0152959845166733e-05,5.368649796306349e-05,,0,2.0,82.0
2025-08-01,91.98412349702033,92.27053261170013,90.16067447019705,90.96260833740234,379000,613.3834838867188,88.0,4.0,4.0,1.0,8.0,-8.617246394698669e-05,4.658998776507068e-05,,0,2.0,83.0
2025-08-04,91.08672534677731,92.0509543449411,91.08672534677731,91.72636413574219,162600,622.706787109375,88.0,4.0,4.0,1.0,8.0,-0.00010536051942144399,-1.3242336341584206e-06,,0,2.0,84.0
2025-08-05,91.66908234380021,92.6333186719652,91.59271288623535,92.47102355957031,111300,619.5496215820312,87.0,4.0,4.0,1.0,8.0,-0.00010092475626004539,1.8148549748715578e-05,,0,2.0,85.0
2025-08-06,92.64287016097012,92.73833744834536,91.76455946321855,91.82183837890625,160000,624.2952270507812,86.0,4.0,4.0,1.0,8.0,-9.387404907535428e-05,-1.7004147882233354e-06,,0,2.0,86.0
2025-08-07,92.43283427301964,92.48057155675072,91.53542578142074,92.12733459472656,199300,623.7722778320312,85.0,4.0,4.0,1.0,8.0,-8.794183326981868e-05,-2.0152959845166733e-05,,0,2.0,87.0
2025-08-08,92.39463962391704,92.39463962391704,91.26810827107566,91.40176391601562,333600,628.6362915039062,85.0,4.0,4.0,1.0,8.0,-8.937681419421546e-05,-8.617246394698669e-05,,0,2.0,88.0
2025-08-11,91.20128539489869,91.49723615564713,90.76213006860893,90.85759735107422,140700,627.39306640625,84.0,4.0,4.0,1.0,8.0,-9.894072347300989e-05,-0.00010536051942144399,,0,2.0,89.0
2025-08-12,90.88623428739002,91.50678253173828,90.44707897327697,91.50678253173828,150400,634.0723266601562,83.0,4.0,4.0,1.0,8.0,-0.00011603243468305488,-0.00010092475626004539,,0,2.0,90.0
2025-08-13,91.55452211942459,92.50920950902508,91.27766190239804,92.36600494384766,155500,636.2427978515625,83.0,4.0,4.0,1.0,8.0,-0.00011543489686022779,-9.387404907535428e-05,,0,2.0,91.0
2025-08-14,91.84092537538135,91.92685102928101,91.08672873566823,91.64044189453125,128000,636.3020629882812,82.0,4.0,4.0,1.0,8.0,-0.00010577470021478986,-8.794183326981868e-05,,0,2.0,92.0
2025-08-15,91.72636747129849,92.28962954316268,91.51633507715019,92.1750717163086,444900,634.812255859375,82.0,4.0,4.0,1.0,8.0,-9.34316833007584e-05,-8.937681419421546e-05,,0,2.0,93.0
2025-08-18,92.20370637252407,92.32781310638345,91.38267466561071,91.43040466308594,163800,634.674072265625,81.0,4.0,4.0,1.0,8.0,-9.837638883386332e-05,-9.894072347300989e-05,,0,2.0,94.0
2025-08-19,91.67862935631322,93.28250447090824,91.67862935631322,93.24431610107422,293100,631.23095703125,84.0,4.0,4.0,1.0,8.0,-7.212748880810273e-05,-0.00011603243468305488,,0,2.0,95.0
2025-08-20,93.57845811389006,94.3517598803879,93.2538678858366,93.52117919921875,216000,629.5537109375,83.0,4.0,1.0,1.0,7.0,-4.9883933789974e-05,-0.00011543489686022779,,0,2.0,96.0
2025-08-21,93.10111786610581,93.48299430672729,92.85290437083603,93.21568298339844,383400,627.028076171875,82.0,4.0,1.0,1.0,7.0,-3.528727289212986e-05,-0.00010577470021478986,,0,2.0,97.0
2025-08-22,93.75029452606655,95.35416955976054,93.75029452606655,94.76226806640625,168500,636.6571655273438,84.0,4.0,1.0,1.0,7.0,-2.9386879523318314e-05,-9.34316833007584e-05,,0,2.0,98.0
2025-08-25,94.63816356460956,94.90548216683985,94.01762255385748,94.20855712890625,215200,633.855224609375,83.0,4.0,1.0,1.0,7.0,-3.321692541675852e-05,-9.837638883386332e-05,,0,2.0,99.0
2025-08-26,94.26583475432564,94.69544846783533,93.9985234394416,94.17991638183594,195700,636.5091552734375,82.0,4.0,1.0,1.0,7.0,-1.7254516710311797e-05,-7.212748880810273e-05,,0,2.0,100.0
2025-08-27,94.5522460937045,95.46874517332597,94.5522460937045,95.25871276855469,179800,637.95947265625,82.0,4.0,1.0,1.0,7.0,1.0973953394833516e-05,-4.9883933789974e-05,,0,2.0,101.0
2025-08-28,95.17278176338426,95.19187230506299,94.49495463665272,95.09640502929688,102000,640.21875,81.0,4.0,1.0,1.0,7.0,4.2830549585916654e-05,-3.528727289212986e-05,,0,2.0,102.0
2025-08-29,95.09641125405655,95.82197570800781,95.09641125405655,95.82197570800781,623700,636.400634765625,80.0,4.0,1.0,1.0,7.0,9.068709249807175e-05,-2.9386879523318314e-05,,0,2.0,103.0
2025-09-02,95.04868075656579,95.04868075656579,93.87441926494617,94.23719787597656,113100,631.6847534179688,82.0,4.0,1.0,1.0,7.0,8.781889622524806e-05,-3.321692541675852e-05,,1,2.0,104.0
2025-09-03,93.99852110931973,94.65725775015964,93.96988165253309,94.5617904663086,86500,635.1082153320312,81.0,4.0,1.0,1.0,7.0,8.046671678345438e-05,-1.7254516710311797e-05,,0,2.0,105.0
2025-09-04,94.64771449846188,95.40191846826907,94.37085426015133,95.33509063720703,122100,640.4160766601562,81.0,4.0,1.0,1.0,7.0,8.403192168492797e-05,1.0973953394833516e-05,,0,2.0,106.0
2025-09-05,95.85061218268093,96.78620171448806,95.68831707993492,96.29931640625,214400,638.561279296875,81.0,1.0,1.0,1.0,1.0,0.00011709267154966204,4.2830549585916654e-05,,0,1.0,1.0
2025-09-08,95.5928443200847,96.03199963892573,95.35417247612631,95.96517181396484,113400,640.1300048828125,80.0,1.0,1.0,1.0,1.0,0.00013719816409113973,9.068709249807175e-05,,0,1.0,2.0
2025-09-09,95.74560501828748,95.74560501828748,95.31599129654549,95.57376098632812,332200,641.6099243164062,79.0,1.0,1.0,1.0,1.0,0.0001411215147407003,8.781889622524806e-05,,0,1.0,3.0
2025-09-10,95.72649272551891,96.09882747490776,95.33507471856635,95.4305419921875,218700,643.4646606445312,78.0,1.0,1.0,1.0,1.0,0.00011449681695190272,8.046671678345438e-05,,0,1.0,4.0
2025-09-11,95.66922236847721,97.15853236439469,95.66922236847721,97.01533508300781,161100,648.81201171875,80.0,1.0,1.0,1.0,1.0,0.0001483488563841926,8.403192168492797e-05,,0,1.0,5.0
2025-09-12,96.9198543768068,97.15852620891286,96.55707581413265,96.77665710449219,85400,648.5949096679688,79.0,1.0,1.0,1.0,1.0,0.00019313991808410664,0.00011709267154966204,,0,1.0,6.0
2025-09-15,97.02488056358499,97.02488056358499,96.10838150789917,96.39479064941406,162600,652.0479736328125,78.0,1.0,1.0,1.0,1.0,0.00024277279440203204,0.00013719816409113973,,0,1.0,7.0
2025-09-16,96.38523596245905,96.59526834916458,95.61194152384924,95.841064453125,564900,651.1502685546875,77.0,1.0,1.0,1.0,1.0,0.0002421041510122825,0.0001411215147407003,,0,1.0,8.0
2025-09-17,96.14656204430533,96.91985646622015,95.36371870946824,95.4209976196289,148100,650.3411865234375,76.0,1.0,1.0,1.0,1.0,0.0001958844575236676,0.00011449681695190272,,0,1.0,9.0
2025-09-18,95.6405795311282,96.22293940046983,95.4496449735711,95.86016082763672,81400,653.3799438476562,75.0,1.0,1.0,1.0,1.0,0.00018623157229398515,0.0001483488563841926,,0,1.0,10.0
2025-09-19,95.99382556546462,96.03200665364268,95.13460540771484,95.13460540771484,176900,656.615966796875,75.0,1.0,1.0,1.0,1.0,0.00016683941047757262,0.00019313991808410664,,0,1.0,11.0
2025-09-22,95.22524619561426,95.63025307196388,94.55987250084479,95.42774963378906,63600,659.7224731445312,74.0,1.0,1.0,1.0,1.0,0.00017537262764102916,0.00024277279440203204,,0,1.0,12.0
2025-09-23,95.60131574198613,96.38240140696591,95.51453171568723,96.19918823242188,345400,656.1312255859375,73.0,1.0,1.0,1.0,1.0,0.00018634971945938726,0.0002421041510122825,,0,1.0,13.0
2025-09-24,96.06419891116253,96.13170005974632,95.24453264783644,95.27346801757812,277800,654.0437622070312,74.0,1.0,1.0,1.0,1.0,0.00018337852247613415,0.0001958844575236676,,0,1.0,14.0
2025-09-25,95.27346274620221,95.44703816968156,94.89738388817578,94.94559478759766,85900,651.0263671875,73.0,1.0,1.0,1.0,1.0,0.00019823592349396443,0.00018623157229398515,,0,1.0,15.0
2025-09-26,95.32167161938006,96.07382931944434,95.32167161938006,95.98704528808594,160300,654.756103515625,73.0,1.0,1.0,1.0,1.0,0.0002632774935526721,0.00016683941047757262,,0,1.0,16.0
2025-09-29,96.17026897264309,96.17026897264309,95.56275130499283,95.96775817871094,120600,656.59619140625,72.0,1.0,1.0,1.0,1.0,0.0003860594502742971,0.00017537262764102916,,0,1.0,17.0
2025-09-30,96.0256096193864,96.71026611328125,95.85203421550656,96.71026611328125,92200,659.0695190429688,72.0,1.0,1.0,1.0,1.0,0.0005311341889869042,0.00018634971945938726,,0,1.0,18.0
2025-10-01,96.49813528779028,97.24064793354188,96.49813528779028,96.87421417236328,114400,661.3153686523438,71.0,1.0,1.0,1.0,1.0,0.0005256059370488637,0.00018337852247613415,,0,1.0,19.0
2025-10-02,96.58491968862715,96.6042025769458,95.66882431642239,96.33419799804688,2858500,662.0770263671875,70.0,1.0,1.0,1.0,1.0,0.0005058337375707351,0.00019823592349396443,,0,1.0,20.0
2025-10-03,96.40169155944515,97.43349889454183,96.40169155944515,96.69097900390625,217800,662.0671997070312,69.0,1.0,1.0,1.0,1.0,0.00044294200783838683,0.0002632774935526721,,0,1.0,21.0
2025-10-06,96.85492129098792,96.94170532136425,95.89061504908506,95.94847106933594,164000,664.4415283203125,69.0,1.0,1.0,1.0,1.0,0.00040530995123488705,0.0003860594502742971,-1.0,0,1.0,22.0
2025-10-07,95.95811164521248,96.10275904605903,95.20595398929733,95.5723876953125,132200,661.9781494140625,68.0,1.0,1.0,1.0,1.0,0.0003532978580260886,0.0005311341889869042,-1.0,0,1.0,23.0
2025-10-08,95.15774768737336,95.48560830386678,94.82987971380658,95.09989166259766,197200,665.925537109375,67.0,1.0,4.0,1.0,2.0,0.00028840618872244257,0.0005256059370488637,-1.0,0,2.0,24.0
2025-10-09,95.16738941777173,95.26381857465128,94.3380854258761,94.49237060546875,191800,663.9963989257812,67.0,1.0,4.0,1.0,2.0,0.000236187176322975,0.0005058337375707351,-1.0,0,2.0,25.0
2025-10-10,94.81058600048742,94.85880425367787,93.20984152216472,93.23876953125,798800,646.0499877929688,68.0,1.0,4.0,1.0,2.0,0.00018270966523734145,0.00044294200783838683,-1.0,0,2.0,26.0
2025-10-13,93.48948622839211,94.21271590222828,93.29662792486488,94.16450500488281,877400,655.9630126953125,69.0,1.0,4.0,1.0,2.0,0.00013151755987238854,0.00040530995123488705,-1.0,0,2.0,27.0
2025-10-14,93.97164660916627,95.19631973816819,93.84628943788957,95.06131744384766,1045900,655.1616821289062,69.0,1.0,4.0,1.0,2.0,0.00014961137154511863,0.0003532978580260886,-1.0,0,2.0,28.0
2025-10-15,95.41809802895385,96.86455736657562,95.40846026379533,96.44990539550781,521200,658.0703125,71.0,1.0,4.0,1.0,2.0,0.00019113932553345802,0.00028840618872244257,-1.0,0,2.0,29.0
2025-10-16,96.6813471489695,96.92242371262645,95.88097119193088,96.20883178710938,587800,653.5886840820312,70.0,1.0,4.0,1.0,2.0,0.00022946809734703343,0.000236187176322975,1.0,0,1.0,30.0
2025-10-17,96.12204665153138,97.13457115008993,96.06419063118156,97.06707000732422,1028200,657.298583984375,70.0,1.0,1.0,1.0,1.0,0.00023943973014923115,0.00018270966523734145,1.0,0,1.0,31.0
2025-10-20,97.45277846889746,97.99279492293323,97.20206416363418,97.96385955810547,290400,664.1348876953125,70.0,1.0,1.0,1.0,1.0,0.0002535211920637384,0.00013151755987238854,1.0,0,1.0,32.0
2025-10-21,97.8770875091566,98.16638233624934,97.36600635742273,97.49136352539062,232100,664.1249389648438,69.0,1.0,1.0,1.0,1.0,0.00026672061343580066,0.00014961137154511863,1.0,0,1.0,33.0
2025-10-22,97.7517276807304,98.12780653147158,97.41421460595042,98.0892333984375,200000,660.6722412109375,69.0,1.0,1.0,1.0,1.0,0.00028920469664384297,0.00019113932553345802,1.0,0,1.0,34.0
2025-10-23,98.07958748950273,98.24351778577851,97.21171039587682,97.78065490722656,363000,664.5899047851562,68.0,1.0,1.0,1.0,1.0,0.000253714364823668,0.00022946809734703343,1.0,0,1.0,35.0
2025-10-24,98.26280773048937,98.61959633222637,98.02173116950048,98.0506591796875,160100,670.0213012695312,67.0,1.0,1.0,1.0,1.0,0.00024272787295307458,0.00023943973014923115,-1.0,0,1.0,36.0
2025-10-27,98.25315563385759,98.49423217773438,97.66492827823245,98.49423217773438,142100,677.926025390625,66.0,1.0,1.0,1.0,1.0,0.00024374068436552017,0.0002535211920637384,-1.0,0,1.0,37.0
2025-10-28,98.59066304303369,98.59066304303369,96.53669350193363,96.60419464111328,344200,679.7266235351562,70.0,1.0,1.0,1.0,1.0,0.00023993752100924507,0.00026672061343580066,-1.0,0,1.0,38.0
2025-10-29,95.98704559136593,96.18954902224823,93.96200392547,94.46343994140625,278700,680.0531616210938,76.0,1.0,4.0,3.0,4.0,0.0001845800315194081,0.00028920469664384297,-1.0,1,2.0,39.0
2025-10-30,94.10663285236552,95.36023377960757,94.10663285236552,94.88772583007812,210800,672.5738525390625,75.0,1.0,4.0,1.0,2.0,0.00010556872999731011,0.000253714364823668,-1.0,0,2.0,40.0
2025-10-31,94.56951637519771,95.40846548547998,94.19343751539914,95.16738891601562,182900,674.780029296875,74.0,1.0,4.0,1.0,2.0,6.806285013674961e-05,0.00024272787295307458,-1.0,0,2.0,41.0
2025-11-03,94.31879564189644,95.14809963785109,93.83664249806576,95.07095336914062,410800,676.0463256835938,73.0,1.0,4.0,1.0,2.0,7.720492837350653e-05,0.00024374068436552017,-1.0,0,2.0,42.0
2025-11-04,95.14808838720296,95.2734528983022,94.64665241402278,95.1384506225586,309100,668.0327758789062,72.0,1.0,4.0,1.0,2.0,9.215467878379736e-05,0.00023993752100924507,-1.0,0,2.0,43.0
2025-11-05,95.42774465837932,95.7748954934573,94.91666352814586,95.45667266845703,279500,670.3478393554688,71.0,1.0,4.0,1.0,2.0,0.00010444217951792907,0.0001845800315194081,-1.0,0,2.0,44.0
2025-11-06,95.3120289720358,95.63989693218532,95.01309638016338,95.16738891601562,965100,663.1554565429688,70.0,1.0,4.0,1.0,2.0,9.383437883880853e-05,0.00010556872999731011,1.0,0,2.0,45.0
2025-11-07,95.39881559505076,96.7102726559611,95.39881559505076,96.67169952392578,766000,663.8082885742188,72.0,1.0,4.0,1.0,2.0,9.721788646954291e-05,6.806285013674961e-05,1.0,0,1.0,46.0
2025-11-10,96.53669146459292,96.71991199153055,95.78453382758703,96.39204406738281,680500,674.1665649414062,71.0,1.0,4.0,1.0,2.0,0.00010175459559288637,7.720492837350653e-05,-1.0,0,2.0,47.0
2025-11-11,96.65241976772954,97.32743120753463,96.64277464514005,97.27921295166016,381400,675.7100219726562,71.0,1.0,4.0,1.0,2.0,0.0001585657941539986,9.215467878379736e-05,1.0,0,1.0,48.0
2025-11-12,96.75847837698943,97.16349256315729,96.4016897996267,96.47883605957031,459500,676.0859985351562,71.0,1.0,4.0,1.0,2.0,0.0001824959653469856,0.00010444217951792907,-1.0,0,2.0,49.0
2025-11-13,96.31490056812058,96.41133707373915,95.48559664789346,95.65917205810547,792600,664.8670043945312,71.0,1.0,4.0,1.0,2.0,0.00019512322583884603,9.383437883880853e-05,1.0,0,2.0,50.0
2025-11-14,95.75560950773203,96.04489695622236,95.34095754353062,95.83274841308594,576600,664.7581176757812,70.0,1.0,4.0,1.0,2.0,0.00015237106435018558,9.721788646954291e-05,1.0,0,2.0,51.0
2025-11-17,95.94846933538264,96.23776414555455,95.1384556382175,95.46631622314453,428300,658.5648803710938,69.0,1.0,4.0,1.0,2.0,0.00012437566965346002,0.00010175459559288637,1.0,0,2.0,52.0
2025-11-18,95.44703737143976,96.14133170247763,95.29274483760494,95.89061737060547,783500,653.03466796875,68.0,1.0,4.0,1.0,2.0,0.00010915590335568734,0.0001585657941539986,1.0,0,2.0,53.0
2025-11-19,95.80382772048678,95.96775802285791,94.8298763149218,95.11917114257812,272300,655.5574340820312,68.0,1.0,4.0,1.0,2.0,0.00010169318466007105,0.0001824959653469856,1.0,0,2.0,54.0
2025-11-20,95.86168623530254,96.3824051273406,94.9841640311327,95.01309204101562,525300,645.5652465820312,67.0,1.0,4.0,1.0,2.0,9.602501431900948e-05,0.00019512322583884603,1.0,0,2.0,55.0
2025-11-21,95.389169544211,96.78741797785779,95.0613089607113,96.49812316894531,771500,651.9959106445312,69.0,1.0,4.0,1.0,2.0,0.00013634488696264932,0.00015237106435018558,1.0,0,1.0,56.0
2025-11-24,96.52705849745197,96.88385447455455,95.96775908158516,96.76813507080078,333500,661.5922241210938,69.0,1.0,1.0,1.0,1.0,0.0001812078691367789,0.00012437566965346002,1.0,0,1.0,57.0
2025-11-25,96.90312696439139,98.02172567608538,96.90312696439139,97.5009994506836,307700,667.815185546875,68.0,1.0,1.0,1.0,1.0,0.00023302200541478182,0.00010915590335568734,1.0,0,1.0,58.0
2025-11-26,97.33707246096589,98.52316499477224,97.33707246096589,97.9735107421875,289100,672.4254760742188,68.0,1.0,1.0,1.0,1.0,0.0002234687881311509,0.00010169318466007105,-1.0,0,1.0,59.0
2025-11-28,97.92530436151958,98.67746207268507,97.87708610533801,98.34959411621094,244700,676.0958251953125,67.0,1.0,1.0,1.0,1.0,0.0002288946793262551,9.602501431900948e-05,-1.0,0,1.0,60.0
2025-12-01,97.50101021659191,98.06994740006708,97.39493593542312,97.48171997070312,318900,673.0091552734375,67.0,1.0,1.0,1.0,1.0,0.00019134029121279438,0.00013634488696264932,-1.0,0,1.0,61.0
2025-12-02,97.73244040628819,97.83851468608786,96.89349864778389,97.22135925292969,225100,674.2556762695312,66.0,1.0,1.0,1.0,1.0,0.00016022232200147915,0.0001812078691367789,-1.0,0,1.0,62.0
2025-12-03,97.2310020528586,97.60708090604615,96.94170723175762,97.27921295166016,136200,676.5904541015625,65.0,1.0,1.0,1.0,1.0,0.0001231799075381146,0.00023302200541478182,-1.0,0,1.0,63.0
2025-12-04,97.08635195636028,97.68422447012782,96.72955600114973,96.89349365234375,209500,677.0851440429688,64.0,1.0,1.0,1.0,1.0,0.00011566238926288183,0.0002234687881311509,-1.0,0,1.0,64.0
2025-12-05,96.9416941190968,97.12491463814926,96.61383356613125,96.72954559326172,303200,678.3712768554688,63.0,1.0,1.0,1.0,1.0,0.00011714602510741912,0.0002288946793262551,-1.0,0,1.0,65.0
2025-12-08,96.6234793561527,96.6234793561527,95.66881826767,95.69774627685547,274900,676.3333129882812,64.0,1.0,1.0,1.0,1.0,9.19482680470422e-05,0.00019134029121279438,-1.0,0,1.0,66.0
2025-12-09,96.01597721668307,96.64277777800558,95.2252463513899,95.2927474975586,194800,675.7495727539062,63.0,1.0,4.0,1.0,2.0,5.530394435432741e-05,0.00016022232200147915,-1.0,0,2.0,67.0
2025-12-10,95.5531066471489,96.18955232929422,95.46632261253261,95.56275177001953,168800,680.2312622070312,63.0,1.0,4.0,1.0,2.0,4.32527831920325e-05,0.0001231799075381146,-1.0,0,2.0,68.0
2025-12-11,95.6013205315849,96.21847593976003,95.44703535807753,95.678466796875,507200,681.8140869140625,62.0,1.0,4.0,1.0,2.0,6.569228117682945e-05,0.00011566238926288183,-1.0,0,2.0,69.0
2025-12-12,95.85203940992803,96.53669594092585,95.54346171487165,95.78453826904297,279400,674.4832153320312,61.0,1.0,4.0,1.0,2.0,0.00010305277173692935,0.00011714602510741912,-1.0,0,2.0,70.0
2025-12-15,96.25704986310238,96.64277383564853,95.93882703397134,96.61384582519531,156600,673.4641723632812,61.0,1.0,4.0,1.0,2.0,0.00015544814991279545,9.19482680470422e-05,1.0,0,1.0,71.0
2025-12-16,96.57527883530697,96.58492395842919,95.5241811271861,95.7266845703125,213900,671.6241455078125,61.0,1.0,4.0,1.0,2.0,0.0001748797831995812,5.530394435432741e-05,1.0,0,2.0,72.0
2025-12-17,95.71704197407502,96.59455685000725,95.71704197407502,96.24740600585938,388400,664.2337646484375,61.0,1.0,4.0,1.0,2.0,0.0002071330506296723,4.32527831920325e-05,1.0,0,2.0,73.0
2025-12-18,96.57526797579101,96.57526797579101,95.70739091921486,95.74596405029297,112300,669.2496948242188,61.0,1.0,4.0,1.0,2.0,0.00017482771686517574,6.569228117682945e-05,1.0,0,2.0,74.0
2025-12-19,95.72668081100764,96.054548770627,95.3023910522461,95.3023910522461,208700,675.3153686523438,60.0,1.0,4.0,1.0,2.0,0.00015086893161337823,0.00010305277173692935,-1.0,0,2.0,75.0
2025-12-22,95.39707771035282,95.96329219109465,95.18230618675871,95.81685638427734,71600,679.5224609375,60.0,1.0,4.0,1.0,2.0,0.00010673451479343225,0.00015544814991279545,-1.0,0,2.0,76.0
2025-12-23,95.81685843631305,95.81685843631305,95.38731537992565,95.52398681640625,71900,682.6282348632812,59.0,1.0,4.0,1.0,2.0,7.914782942528073e-05,0.0001748797831995812,-1.0,0,2.0,77.0
2025-12-24,95.69971639778753,96.45141681008171,95.67043072292533,96.33426666259766,185700,685.0294799804688,59.0,1.0,4.0,1.0,2.0,8.442919598005955e-05,0.0002071330506296723,-1.0,0,2.0,78.0
2025-12-26,96.24639224759873,96.40259242810846,95.87542799093998,96.31473541259766,198100,684.9599609375,58.0,1.0,4.0,1.0,2.0,0.00010895174647811764,0.00017482771686517574,-1.0,0,2.0,79.0
2025-12-29,96.70522483894479,96.73451051195404,96.20735350171783,96.47093200683594,258800,682.51904296875,57.0,1.0,4.0,1.0,2.0,0.00015589063251108623,0.00015086893161337823,-1.0,0,2.0,80.0
2025-12-30,96.59783249784188,96.72474700295695,96.32448963764686,96.66616821289062,153300,681.685546875,57.0,1.0,4.0,1.0,2.0,0.00017749929408592867,0.00010673451479343225,1.0,0,1.0,81.0
2025-12-31,96.69546581579982,96.84189417766979,95.84614407678063,95.89495849609375,323900,676.635009765625,57.0,1.0,4.0,1.0,2.0,0.00017012427856936637,7.914782942528073e-05,1.0,0,2.0,82.0
2026-01-02,95.86565756652142,96.41235071576313,95.15301477002349,96.08042907714844,277300,677.8753051757812,56.0,1.0,4.0,1.0,2.0,0.00013938702136786943,8.442919598005955e-05,1.0,0,2.0,83.0
2026-01-05,95.91447680961333,96.45140561320663,95.29945536479829,95.93399810791016,620200,682.3900756835938,55.0,1.0,4.0,1.0,2.0,0.00013755640546048422,0.00010895174647811764,-1.0,0,2.0,84.0
2026-01-06,95.68994068580085,97.08594812376506,95.58256237337385,96.86141967773438,174000,686.4484252929688,56.0,1.0,4.0,1.0,2.0,0.00016837419078275754,0.00015589063251108623,-1.0,0,2.0,85.0
2026-01-07,97.25191981854692,97.54478400201641,96.19759088277286,96.23664093017578,109300,684.2356567382812,56.0,1.0,4.0,1.0,2.0,0.00017730446110433018,0.00017749929408592867,-1.0,0,2.0,86.0
2026-01-08,95.75827620403727,97.46667654671658,95.75827620403727,97.23238372802734,101100,684.1661987304688,57.0,1.0,4.0,1.0,2.0,0.00018018695168075572,0.00017012427856936637,1.0,0,1.0,87.0
2026-01-09,97.03713892789779,97.90598191676409,97.03713892789779,97.33976745605469,100100,688.6908569335938,56.0,1.0,4.0,1.0,2.0,0.000160200847477972,0.00013938702136786943,-1.0,0,2.0,88.0
2026-01-12,97.51549173702513,97.94503478138788,97.19333445375307,97.30072021484375,383700,689.7723999023438,55.0,1.0,4.0,1.0,2.0,0.0001438022468466365,0.00013755640546048422,-1.0,0,2.0,89.0
2026-01-13,97.41786533023125,97.93526536262965,96.5587867337994,97.818115234375,136700,688.3932495117188,55.0,1.0,4.0,1.0,2.0,0.00011622946904708469,0.00016837419078275754,1.0,0,1.0,90.0
2026-01-14,97.80836569610925,98.57958734061762,97.51549407737227,98.56005859375,137100,685.009521484375,55.0,1.0,1.0,1.0,1.0,0.00013352102497303254,0.00017730446110433018,1.0,0,1.0,91.0
2026-01-15,98.97983753046758,99.67295908536384,98.82364479529677,99.05793762207031,236700,686.8750610351562,55.0,1.0,1.0,1.0,1.0,0.00019293896413278316,0.00018018695168075572,1.0,0,1.0,92.0
2026-01-16,98.80412065493675,100.31727834614054,98.735784933607,100.15131378173828,505300,686.2994995117188,56.0,1.0,1.0,1.0,1.0,0.00029083886525763363,0.000160200847477972,1.0,0,1.0,93.0
2026-01-20,99.35079900279625,99.59485619617331,98.49172036340143,98.72601318359375,192600,672.3286743164062,58.0,1.0,1.0,1.0,1.0,0.0002941674534856828,0.0001438022468466365,1.0,0,1.0,94.0
2026-01-21,99.20436907917285,99.3800905535518,98.15004023289917,98.96031188964844,242400,680.0880737304688,58.0,1.0,1.0,1.0,1.0,0.00030598120247623444,0.00011622946904708469,1.0,0,1.0,95.0
2026-01-22,98.93102203224319,99.26294369391748,97.5252576388989,97.62287902832031,744200,683.6402587890625,60.0,1.0,1.0,1.0,1.0,0.00027181218075701067,0.00013352102497303254,-1.0,0,1.0,96.0
2026-01-23,97.53501997178869,97.96455556586375,97.25191273476509,97.9157485961914,341300,683.8883666992188,59.0,1.0,1.0,1.0,1.0,0.0003150999629462298,0.00019293896413278316,-1.0,0,1.0,97.0
2026-01-26,98.13051317312593,98.29647772536059,97.35929899524639,97.4862060546875,274100,687.3612060546875,58.0,1.0,1.0,1.0,1.0,0.00031028803466743904,0.00029083886525763363,-1.0,0,1.0,98.0
2026-01-27,97.52525406781865,97.7400255855022,97.13476107639713,97.59358978271484,113900,690.099853515625,57.0,1.0,1.0,1.0,1.0,0.00029959863491372765,0.0002941674534856828,-1.0,0,1.0,99.0
2026-01-28,97.61311383882197,97.8864567061303,96.28544209929474,96.50021362304688,171700,690.0303344726562,59.0,1.0,1.0,1.0,1.0,0.00024783004922014417,0.00030598120247623444,-1.0,0,1.0,100.0
2026-01-29,97.12500961039837,98.22815301636409,96.50998809460208,98.07195281982422,250900,688.6610717773438,62.0,1.0,1.0,1.0,1.0,0.0002375066173550336,0.00027181218075701067,1.0,0,1.0,101.0
2026-01-30,97.9255111727145,98.55029702563948,97.33001099288992,98.52101135253906,471200,686.6071166992188,61.0,1.0,1.0,1.0,1.0,0.0002654618530155117,0.0003150999629462298,1.0,0,1.0,102.0
2026-02-02,98.64791814016243,98.86268220875583,97.62287497372462,97.65216064453125,316500,690.0204467773438,62.0,1.0,1.0,1.0,1.0,0.00029494547445220654,0.00031028803466743904,-1.0,0,1.0,103.0
2026-02-03,97.6521632340614,98.25742775624119,97.2714346074105,98.16956329345703,390000,684.18603515625,61.0,1.0,1.0,1.0,1.0,0.00031640520306914615,0.00029959863491372765,1.0,0,1.0,104.0
2026-02-04,98.66744314600365,100.12202195232649,98.58934305556139,99.60462188720703,291700,680.8719482421875,63.0,1.0,1.0,1.0,1.0,0.0003300768193916709,0.00024783004922014417,1.0,0,1.0,105.0
2026-02-05,99.46795398170445,100.37584708320931,99.10674663662064,100.0048828125,480900,672.3682861328125,63.0,1.0,1.0,1.0,1.0,0.0003756833322446282,0.0002375066173550336,1.0,0,1.0,106.0
2026-02-06,100.6980061696732,101.63518496076469,100.48323463354153,101.5082778930664,407800,685.2676391601562,65.0,1.0,1.0,1.0,1.0,0.00043596065059409275,0.0002654618530155117,1.0,0,1.0,107.0
2026-02-09,101.38136597224435,101.75233770707065,100.82491581804004,101.65470886230469,201800,688.5718383789062,64.0,1.0,1.0,1.0,1.0,0.00047811701571341897,0.00029494547445220654,1.0,0,1.0,108.0
2026-02-10,101.68398836571322,103.2557097730548,101.68398836571322,103.03118133544922,106000,686.7559814453125,66.0,1.0,1.0,1.0,1.0,0.0005115887435236169,0.00031640520306914615,1.0,0,1.0,109.0
2026-02-11,103.30454022144563,104.03671188454831,103.15810439921805,103.28501892089844,390900,686.5972290039062,65.0,1.0,1.0,1.0,1.0,0.0005228387350057403,0.0003300768193916709,1.0,0,1.0,110.0
2026-02-12,104.29052297081803,105.03245148541465,102.73831532847349,102.95308685302734,846300,675.9900512695312,64.0,1.0,1.0,1.0,1.0,0.0005257587745395481,0.0003756833322446282,1.0,0,1.0,111.0
2026-02-13,103.27524771031791,104.60291950070189,102.92380473944951,104.2221908569336,899500,676.4663696289062,65.0,1.0,1.0,1.0,1.0,0.0005418168113858787,0.00043596065059409275,1.0,0,1.0,112.0
2026-02-17,104.778638485883,105.55961705403868,104.17337395093377,105.44247436523438,1956800,677.5578002929688,66.0,1.0,1.0,1.0,1.0,0.0005813940444123033,0.00047811701571341897,1.0,0,1.0,113.0
2026-02-18,105.10079391496913,105.10079391496913,103.8316935231426,103.93907928466797,202300,680.97119140625,68.0,1.0,1.0,1.0,1.0,0.0005890394212316724,0.0005115887435236169,1.0,0,1.0,114.0
2026-02-19,103.8707476220115,104.54434044110121,103.3631044662544,103.90979766845703,141800,679.1751708984375,67.0,1.0,1.0,1.0,1.0,0.0005602687887584343,0.0005228387350057403,1.0,0,1.0,115.0
2026-02-20,103.94884142254077,104.64196294691374,103.81216254423762,104.60291290283203,300600,684.0867919921875,67.0,1.0,1.0,1.0,1.0,0.0005290888049324099,0.0005257587745395481,1.0,0,1.0,116.0
2026-02-23,104.6224388294139,105.56938195819409,104.42719604840205,104.82744598388672,87300,677.1013793945312,66.0,1.0,1.0,1.0,1.0,0.0005204058916750744,0.0005418168113858787,1.0,0,1.0,117.0
2026-02-24,104.78839081462502,105.0226910780251,104.26123384206059,104.84696960449219,104200,682.0228881835938,65.0,1.0,1.0,1.0,1.0,0.0005505576998488774,0.0005813940444123033,1.0,0,1.0,118.0
2026-02-25,104.74935255736156,105.24722387963084,104.32957387809252,104.94459533691406,64900,687.7780151367188,64.0,1.0,1.0,1.0,1.0,0.0005586701069862152,0.0005890394212316724,-1.0,0,1.0,119.0
2026-02-26,105.28626964111818,106.0184412067004,105.27650526812747,105.90129852294922,155500,683.9578247070312,64.0,1.0,1.0,1.0,1.0,0.0005848160627907865,0.0005602687887584343,1.0,0,1.0,120.0
2026-02-27,105.62795431056841,106.64323316719187,105.32532576270263,105.57914733886719,637400,680.6734619140625,63.0,1.0,1.0,1.0,1.0,0.0005684031428470879,0.0005290888049324099,1.0,0,1.0,121.0
2026-03-02,105.0031677745452,106.3308395438239,104.48576770011236,106.00868225097656,361400,681.0604858398438,63.0,1.0,1.0,1.0,1.0,0.0005571509349317752,0.0005204058916750744,1.0,0,1.0,122.0
2026-03-03,104.69077883322663,105.68653642203978,103.50954282926985,105.2960433959961,615800,675.0573120117188,62.0,1.0,1.0,1.0,1.0,0.0005193521960556085,0.0005505576998488774,1.0,0,1.0,123.0
2026-03-04,105.2960352768076,105.63771385523648,104.31004213788333,105.54009246826172,234300,679.8201293945312,61.0,1.0,1.0,1.0,1.0,0.000532625496659448,0.0005586701069862152,1.0,0,1.0,124.0
2026-03-05,104.78839208365187,104.78839208365187,103.72430630461865,104.48576354980469,404100,676.0297241210938,62.0,1.0,1.0,1.0,1.0,0.000491908401155633,0.0005848160627907865,1.0,0,1.0,125.0
2026-03-06,103.56810625330736,103.56810625330736,102.64069190443227,103.24595642089844,379700,667.1689453125,63.0,1.0,1.0,1.0,1.0,0.0004621845799136972,0.0005684031428470879,1.0,1,1.0,126.0
2026-03-09,102.2306771260884,103.8121629534424,101.02991247195446,103.4900131225586,282900,673.0133056640625,62.0,1.0,1.0,1.0,1.0,0.00041402006011342945,0.0005571509349317752,-1.0,0,1.0,127.0
2026-03-10,103.31429674791018,104.53458276038751,102.728560951528,103.65597534179688,97300,671.9317016601562,62.0,1.0,1.0,1.0,1.0,0.0004269404345066546,0.0005193521960556085,-1.0,0,1.0,128.0
2026-03-11,103.29476798455372,103.29476798455372,102.24044653044562,102.60164642333984,843000,671.08837890625,62.0,1.0,4.0,1.0,2.0,0.0004301298039137099,0.000532625496659448,-1.0,0,2.0,129.0
2026-03-12,101.9280525923852,102.7578455828542,101.66446664546166,102.03543090820312,236900,660.89794921875,62.0,1.0,4.0,1.0,2.0,0.00042027879049220647,0.000491908401155633,1.0,0,2.0,130.0
2026-03-13,102.81642279309797,103.15810140301485,101.68400119336845,101.77185821533203,137200,657.1571655273438,61.0,1.0,4.0,1.0,2.0,0.00038150562121207747,0.0004621845799136972,1.0,0,2.0,131.0
2026-03-16,102.5137825546055,103.51929696984536,102.5137825546055,102.66997528076172,220600,663.844970703125,61.0,1.0,4.0,1.0,2.0,0.0003739901801382397,0.00041402006011342945,1.0,0,2.0,132.0
2026-03-17,103.35334374669056,103.7926437190157,102.95308637134295,103.01165771484375,135400,665.5912475585938,60.0,1.0,4.0,1.0,2.0,0.0003822272908158223,0.0004269404345066546,1.0,0,2.0,133.0
2026-03-18,102.69927267552382,102.923808589547,101.58637237548828,101.58637237548828,153400,656.3038330078125,63.0,1.0,4.0,1.0,2.0,0.0003719730212265584,0.0004301298039137099,1.0,1,2.0,134.0
2026-03-19,101.35206604151742,101.77184469164413,100.73704462539257,101.16658020019531,262900,654.6864624023438,62.0,1.0,4.0,1.0,2.0,0.0003308715754140037,0.00042027879049220647,1.0,0,2.0,135.0
2026-03-20,101.19587816863182,101.19587816863182,97.4666771062338,97.85717010498047,641200,645.3009643554688,76.0,1.0,4.0,4.0,6.0,0.0001911550941023494,0.00038150562121207747,-1.0,0,2.0,136.0
2026-03-23,99.38657216616977,100.14292052259404,98.59093191544048,98.6596908569336,347300,652.07666015625,76.0,1.0,4.0,4.0,6.0,8.716495790760582e-05,0.0003739901801382397,-1.0,0,2.0,137.0
2026-03-24,98.10961940639672,99.14101110259531,97.88370036440172,98.23731994628906,325400,649.8877563476562,75.0,1.0,4.0,1.0,2.0,-1.3214219899905345e-05,0.0003822272908158223,-1.0,0,4.0,1.0
2026-03-25,98.85615111703882,99.04278575708427,98.02121890204906,98.32572174072266,699000,653.5094604492188,74.0,1.0,4.0,1.0,2.0,-3.705207767417413e-05,0.0003719730212265584,-1.0,0,4.0,2.0
2026-03-26,98.06050551094337,99.0525977686518,97.93280497709925,98.29624938964844,579000,641.838623046875,73.0,1.0,4.0,1.0,2.0,-6.111649316683978e-05,0.0003308715754140037,1.0,0,2.0,3.0
2026-03-27,98.18819797015104,98.55164238055158,97.29433170934055,97.49078369140625,438000,630.89404296875,72.0,1.0,4.0,1.0,2.0,-8.523771632525009e-05,0.0001911550941023494,1.0,0,2.0,4.0
2026-03-30,98.41412556122704,99.1017150000742,97.44166800521957,97.83457946777344,296800,628.78466796875,71.0,1.0,4.0,1.0,2.0,-9.462446462603546e-05,8.716495790760582e-05,1.0,0,2.0,5.0
2026-03-31,98.78739399190195,100.03487991342624,98.15873860707917,99.18030548095703,636000,647.0621337890625,73.0,1.0,4.0,1.0,2.0,-8.689882684373483e-05,-1.3214219899905345e-05,-1.0,0,2.0,6.0
2026-04-01,99.31782299140421,100.13311301654137,99.17048024681169,99.76966857910156,314800,651.9373779296875,72.0,1.0,4.0,1.0,2.0,-3.760325083853675e-05,-3.705207767417413e-05,-1.0,0,2.0,7.0
2026-04-02,99.38658105249283,100.96804434239839,99.2785302070337,100.8207015991211,502600,652.5244750976562,73.0,1.0,4.0,1.0,2.0,3.141161949865879e-05,-6.111649316683978e-05,1.0,0,1.0,1.0
2026-04-06,100.64389038085938,101.0171521636015,100.3590297463339,100.64389038085938,125800,655.6087646484375,71.0,1.0,4.0,1.0,2.0,8.688236032574161e-05,-8.523771632525009e-05,-1.0,0,2.0,2.0
2026-04-07,100.27062630146902,101.38059427057901,100.2018673563766,101.09573364257812,223600,655.8972778320312,71.0,1.0,4.0,1.0,2.0,0.0001127455183920625,-9.462446462603546e-05,1.0,0,1.0,3.0
2026-04-08,102.6379068745385,103.01117614979326,102.22535319635882,102.79507446289062,365500,672.6027221679688,73.0,1.0,1.0,1.0,1.0,0.00013440676977559805,-8.689882684373483e-05,-1.0,0,1.0,4.0
2026-04-09,102.53967731980975,104.51405198851617,102.35304268866037,103.62017822265625,253500,676.4830322265625,73.0,1.0,1.0,1.0,1.0,0.00015042349926634274,-3.760325083853675e-05,-1.0,0,1.0,5.0
2026-04-10,103.71840526887362,104.36671031366731,103.51212843484734,103.96397399902344,256300,676.0353393554688,72.0,1.0,1.0,1.0,1.0,0.0001716991621915168,3.141161949865879e-05,1.0,0,1.0,6.0
2026-04-13,103.57107261045319,104.06221008300781,103.02099354516109,104.06221008300781,395600,682.6417846679688,71.0,1.0,1.0,1.0,1.0,0.00016936999010104688,8.688236032574161e-05,-1.0,0,1.0,7.0
2026-04-14,103.94432984131933,105.42756704186824,103.68893626840564,105.38827514648438,467300,690.959716796875,72.0,1.0,1.0,1.0,1.0,0.00017712828374323778,0.0001127455183920625,-1.0,0,1.0,8.0
2026-04-15,105.13288982641959,105.4766845703125,104.5828182361909,105.4766845703125,284100,696.412109375,71.0,1.0,1.0,1.0,1.0,0.0001960275553699696,0.00013440676977559805,-1.0,0,1.0,9.0
2026-04-16,105.61420053783169,106.43931540225957,105.61420053783169,106.18392181396484,389600,698.1234130859375,70.0,1.0,1.0,1.0,1.0,0.0002254969671443207,0.00015042349926634274,-1.0,0,1.0,10.0
2026-04-17,106.47860489965674,107.94219246058286,106.43931300279229,107.77520751953125,300000,706.5607299804688,72.0,1.0,1.0,1.0,1.0,0.0002822902039614622,0.0001716991621915168,-1.0,0,1.0,11.0
2026-04-20,107.5394578677684,108.24668949092755,107.5394578677684,108.20740509033203,366600,705.1477661132812,71.0,1.0,1.0,1.0,1.0,0.00034583979325588174,0.00016936999010104688,1.0,0,1.0,12.0
2026-04-21,108.23688209762379,108.23688209762379,106.31162404229046,106.48843383789062,606100,700.53125,74.0,1.0,1.0,1.0,1.0,0.00036109045547201086,0.00017712828374323778,-1.0,0,1.0,13.0
2026-04-22,106.73399995074398,107.07779468533433,104.63192465747052,105.12306213378906,316100,707.6253051757812,75.0,1.0,1.0,1.0,1.0,0.000329417515608805,0.0001960275553699696,-1.0,0,1.0,14.0
2026-04-23,105.44721445093377,106.62594888818359,105.44721445093377,106.55718994140625,305400,704.8792114257812,76.0,1.0,1.0,4.0,5.0,0.00033022312473524024,0.0002254969671443207,-1.0,0,2.0,15.0
2026-04-24,106.54736586010698,107.25460502871259,106.2625052230762,106.35090637207031,172100,710.3414916992188,75.0,1.0,1.0,1.0,1.0,0.00037243525022092277,0.0002822902039614622,-1.0,0,1.0,16.0
2026-04-27,106.18391805518954,106.86169015260266,105.90888227483723,106.03657531738281,375000,711.5653686523438,74.0,1.0,1.0,1.0,1.0,0.0004194895434791403,0.00034583979325588174,-1.0,0,1.0,17.0
2026-04-28,106.26250280137945,107.25460258440611,105.80083238271864,107.0974349975586,332400,708.1029052734375,74.0,1.0,1.0,1.0,1.0,0.0004261495804041256,0.00036109045547201086,1.0,0,1.0,18.0
2026-04-29,106.72417215016932,107.31353560661333,105.84012321842185,106.33126068115234,329000,707.993408203125,74.0,1.0,1.0,1.0,1.0,0.00041609000118824187,0.000329417515608805,-1.0,0,1.0,19.0
2026-04-30,105.879416324336,107.76538240416781,105.879416324336,107.64750671386719,429000,715.0377197265625,74.0,1.0,1.0,1.0,1.0,0.00044370376120118356,0.00033022312473524024,-1.0,0,1.0,20.0
2026-05-01,107.7064492057768,107.95201794199875,107.09743604204768,107.44123077392578,193100,717.0177001953125,73.0,1.0,1.0,1.0,1.0,0.0004656803872384264,0.00037243525022092277,-1.0,0,1.0,21.0
2026-05-04,107.0483222266351,107.64750302283682,106.30179120198768,106.65541076660156,163200,714.3909912109375,73.0,1.0,1.0,1.0,1.0,0.0005109673151837364,0.0004194895434791403,-1.0,0,1.0,22.0
2026-05-05,106.87151841162233,107.4707067354432,106.36073123680953,107.19566345214844,254400,720.1220092773438,72.0,1.0,1.0,1.0,1.0,0.0005304776768279051,0.0004261495804041256,-1.0,0,1.0,23.0
2026-05-06,107.834137811075,109.06198144163316,107.834137811075,108.76730346679688,452100,730.1312866210938,74.0,1.0,1.0,1.0,1.0,0.00056420303561478,0.00041609000118824187,-1.0,0,1.0,24.0
2026-05-07,108.50208446661847,108.66906940088386,107.41175872897057,107.96183776855469,235600,727.8926391601562,73.0,1.0,1.0,1.0,1.0,0.0005871795988587082,0.00044370376120118356,-1.0,0,1.0,25.0
2026-05-08,108.29581245344349,108.9441175129481,108.29581245344349,108.4529800415039,227800,733.9021606445312,73.0,1.0,1.0,1.0,1.0,0.0006201456794737283,0.0004656803872384264,-1.0,0,1.0,26.0
2026-05-11,108.60031593472979,109.20932910084827,108.15829520546136,108.5413818359375,313100,735.5736694335938,71.0,1.0,1.0,1.0,1.0,0.0006485733230296738,0.0005109673151837364,-1.0,0,1.0,27.0
2026-05-12,108.68872135199325,108.95393228285216,107.80467242552538,108.7771224975586,251100,734.4593505859375,70.0,1.0,1.0,1.0,1.0,0.0006908020935435586,0.0005304776768279051,-1.0,0,1.0,28.0
2026-05-13,108.32528208019595,108.62978492160461,107.81450239517207,108.25652313232422,411600,738.5685424804688,70.0,1.0,1.0,1.0,1.0,0.0006863634780634323,0.00056420303561478,-1.0,0,1.0,29.0
2026-05-14,108.54138337753687,108.78695211821002,107.93237020276867,108.00112915039062,177700,744.3989868164062,69.0,1.0,1.0,1.0,1.0,0.0006636538566721686,0.0005871795988587082,-1.0,0,1.0,30.0
2026-05-15,107.88326131875078,107.88326131875078,106.02676223246861,106.1446304321289,315500,735.4443969726562,72.0,1.0,1.0,1.0,1.0,0.00057765507493137,0.0006201456794737283,-1.0,1,1.0,31.0
2026-05-18,106.33126214366229,107.53946361602894,106.33126214366229,107.35282897949219,227000,734.927001953125,72.0,1.0,1.0,1.0,1.0,0.0005316084200980695,0.0006485733230296738,-1.0,0,1.0,32.0
2026-05-19,107.26441879591819,107.73591405727772,106.67505533984098,107.470703125,253100,730.03173828125,71.0,1.0,1.0,1.0,1.0,0.00048488208710453003,0.0006908020935435586,1.0,0,1.0,33.0
2026-05-20,107.5394599711285,108.8949966430664,107.5394599711285,108.8949966430664,476900,737.5138549804688,73.0,1.0,1.0,1.0,1.0,0.0004886646091731195,0.0006863634780634323,1.0,0,1.0,34.0
2026-05-21,108.44314955273546,109.11109677892094,107.67697633620327,109.01287078857422,225200,738.9764404296875,71.0,1.0,1.0,1.0,1.0,0.00047547844181209113,0.0006636538566721686,1.0,0,1.0,35.0
2026-05-22,109.37630849294389,109.72992805607853,108.59049307032684,109.22896575927734,201700,741.8817749023438,70.0,1.0,1.0,1.0,1.0,0.00046522690713403256,0.00057765507493137,1.0,0,1.0,36.0
2026-05-26,109.5531205234562,110.1719585187269,109.47453673133248,109.91656494140625,178600,746.8068237304688,70.0,1.0,1.0,1.0,1.0,0.0004776275396859983,0.0005316084200980695,1.0,0,1.0,37.0
2026-05-27,109.9067460361903,110.42735057237249,109.60224319295091,109.612060546875,139900,746.6774291992188,69.0,1.0,1.0,1.0,1.0,0.0004822667314260385,0.00048488208710453003,-1.0,0,1.0,38.0
2026-05-28,109.41560440216185,109.88709966835928,108.94411663012741,109.08163452148438,154400,750.7965698242188,68.0,1.0,1.0,1.0,1.0,0.00047767897477374283,0.0004886646091731195,-1.0,0,1.0,39.0
2026-05-29,108.92447340565191,108.92447340565191,107.6376955625831,107.89308166503906,264300,752.6671142578125,69.0,1.0,4.0,1.0,2.0,0.0004278008408278204,0.00047547844181209113,-1.0,1,2.0,40.0
2026-06-01,107.33318223678776,107.49034982854525,105.69278484217612,105.72225189208984,425000,754.7166748046875,73.0,1.0,4.0,1.0,2.0,0.000335972905996668,0.00046522690713403256,-1.0,1,2.0,41.0
2026-06-02,105.83030351972562,106.37055775267915,105.28023193283717,106.23303985595703,386700,755.7415771484375,73.0,1.0,4.0,1.0,2.0,0.00026950171516366874,0.0004776275396859983,-1.0,0,2.0,42.0
2026-06-03,106.0365784356365,107.33318107697194,105.92852759101162,106.51789855957031,650500,750.4384155273438,72.0,1.0,4.0,1.0,2.0,0.00025308290099133423,0.0004822667314260385,-1.0,0,2.0,43.0
2026-06-04,107.96184307027181,108.00112747330586,106.91080168211498,107.9913101196289,298800,753.2740478515625,73.0,1.0,4.0,1.0,2.0,0.00032601158499963805,0.00047767897477374283,-1.0,0,2.0,44.0
2026-06-05,107.65733251599588,109.91656788805989,107.65733251599588,109.13074493408203,592100,733.83251953125,73.0,1.0,4.0,1.0,2.0,0.00038894183162727975,0.0004278008408278204,1.0,0,1.0,45.0
2026-06-08,109.13075261135516,109.52366411598514,107.5689389355096,107.86361694335938,179100,735.4940795898438,74.0,1.0,4.0,1.0,2.0,0.00040554119751743555,0.000335972905996668,1.0,0,1.0,46.0
2026-06-09,108.39403889424258,111.01671120393081,108.39403889424258,110.52557373046875,336000,733.3350830078125,80.0,1.0,4.0,4.0,6.0,0.00041609483420836866,0.00026950171516366874,1.0,0,2.0,47.0
2026-06-10,110.81042699082357,111.66500883568064,110.633617212376,110.65326690673828,352400,721.7736206054688,79.0,1.0,1.0,4.0,5.0,0.000424230260490535,0.00025308290099133423,1.0,0,1.0,48.0
2026-06-11,111.0068914011566,111.6944808511682,110.50592909091216,110.84972381591797,413100,734.04150390625,78.0,1.0,1.0,4.0,5.0,0.0004616590489424136,0.00032601158499963805,1.0,0,1.0,49.0
2026-06-12,111.08547096553657,112.14632971459778,111.08547096553657,111.88111877441406,178300,738.0113525390625,78.0,1.0,1.0,4.0,5.0,0.0004817722745045296,0.00038894183162727975,1.0,0,1.0,50.0
2026-06-15,111.97934344261327,112.35260522285661,110.77114196593227,110.98724365234375,312600,751.0254516601562,77.0,1.0,1.0,4.0,5.0,0.0004926846827628806,0.00040554119751743555,-1.0,0,2.0,51.0
2026-06-16,111.42927382229603,111.93022865592661,110.74167685403404,111.12476348876953,166600,746.5481567382812,76.0,1.0,1.0,4.0,5.0,0.0005050049101641271,0.00041609483420836866,1.0,0,1.0,52.0
2026-06-17,110.82026086565341,111.05600475806683,107.98148682622119,108.29581451416016,291000,737.225341796875,83.0,1.0,1.0,4.0,5.0,0.00044915712948796787,0.000424230260490535,-1.0,0,2.0,53.0
2026-06-18,109.19950776289215,109.26826671174759,108.41369227513908,108.56102752685547,137600,744.8902587890625,82.0,1.0,1.0,4.0,5.0,0.0003872777269464502,0.0004616590489424136,-1.0,0,2.0,54.0
2026-06-22,108.94054842362067,110.36745238090712,108.49463479443905,109.93145751953125,358000,742.546142578125,82.0,1.0,1.0,4.0,5.0,0.00034429629070609766,0.0004817722745045296,1.0,0,1.0,55.0
2026-06-23,110.07018239869583,111.64572420676188,110.07018239869583,111.36827087402344,215300,731.7628784179688,83.0,1.0,1.0,4.0,5.0,0.00037465125426098465,0.0004926846827628806,1.0,0,1.0,56.0
2026-06-24,111.77455208934441,112.18082089852238,110.73409448626418,111.6457290649414,201200,731.4237060546875,82.0,1.0,1.0,4.0,5.0,0.00042141949140400524,0.0005050049101641271,1.0,0,1.0,57.0
2026-06-25,111.83400239936884,112.41863514356916,111.02145723418619,112.3790054321289,253100,732.4810791015625,81.0,1.0,1.0,4.0,5.0,0.000460103587348989,0.00044915712948796787,1.0,0,1.0,58.0
2026-06-26,112.91408926292831,113.86536865464122,112.83482228031598,113.67709350585938,408900,727.1842651367188,81.0,1.0,1.0,4.0,5.0,0.0005050478756519571,0.0003872777269464502,1.0,0,1.0,59.0
2026-06-29,113.49873018833664,113.67709413025794,112.55736199929328,113.66718292236328,420000,739.1644897460938,80.0,1.0,1.0,4.0,5.0,0.0005489475235134624,0.00034429629070609766,1.0,0,1.0,60.0
2026-06-30,112.72581987956944,112.98345079902185,111.86372625207026,111.94300079345703,383300,744.9202270507812,82.0,1.0,1.0,4.0,5.0,0.0005481054171403091,0.00037465125426098465,-1.0,0,2.0,61.0
2026-07-01,111.83399791461446,113.14199758074882,111.83399791461446,112.4483642578125,350500,743.9127197265625,81.0,1.0,1.0,4.0,5.0,0.0005324440546135269,0.00042141949140400524,-1.0,0,2.0,62.0
2026-07-02,112.93391256528858,114.1329116821289,112.93391256528858,114.1329116821289,275700,742.9351806640625,82.0,1.0,1.0,4.0,5.0,0.0005267735972135251,0.000460103587348989,1.0,0,1.0,63.0
2026-07-06,114.37072580826239,114.37072580826239,113.09245216987412,113.34017944335938,283600,749.4190673828125,81.0,1.0,1.0,4.0,5.0,0.0005234301306874666,0.0005050478756519571,-1.0,0,2.0,64.0
2026-07-07,114.06354730175059,115.53008853864951,113.94463548793318,114.61845397949219,148900,745.85791015625,82.0,1.0,1.0,4.0,5.0,0.0005295655811702421,0.0005489475235134624,1.0,0,1.0,65.0
2026-07-08,114.4500041558162,114.4500041558162,112.58709771887587,112.69609832763672,322600,743.5536499023438,84.0,1.0,1.0,4.0,5.0,0.000484576716112727,0.0005481054171403091,-1.0,0,2.0,66.0
2026-07-09,112.96363851827451,113.45909307317922,112.60691063394019,112.72582244873047,587500,749.8480224609375,82.0,1.0,1.0,4.0,5.0,0.0004546875951224297,0.0005324440546135269,-1.0,0,2.0,67.0
2026-07-10,113.25100362214852,113.3500930216076,111.87364055756854,112.83482360839844,189900,753.0799560546875,81.0,1.0,1.0,4.0,5.0,0.00040947429063899,0.0005267735972135251,-1.0,0,2.0,68.0
2026-07-13,112.99336194379214,114.15272376079159,112.99336194379214,113.58790588378906,163200,747.3142700195312,80.0,1.0,1.0,4.0,5.0,0.00040940420123194705,0.0005234301306874666,1.0,0,1.0,69.0
2026-07-14,113.6572737309459,114.08336495753773,113.20145644017924,113.51854705810547,230900,749.9677124023438,79.0,1.0,1.0,4.0,5.0,0.0004408644014177619,0.0005295655811702421,-1.0,0,2.0,70.0
2026-07-15,113.55818454738302,114.66800549226427,112.95372937455018,113.28073120117188,178100,752.9403076171875,78.0,1.0,1.0,4.0,5.0,0.00048710639092273164,0.000484576716112727,-1.0,0,2.0,71.0
2026-07-16,113.71673223078041,116.59037017822266,113.71673223078041,116.59037017822266,167400,748.8604125976562,86.0,1.0,1.0,4.0,5.0,0.0005644513442266332,0.0004546875951224297,1.0,0,1.0,72.0
2026-07-17,116.87772271842267,117.90826906667947,115.82736151502316,116.54081726074219,561300,741.4487915039062,85.0,1.0,1.0,4.0,5.0,0.0006146695596991782,0.00040947429063899,1.0,0,1.0,73.0
2026-07-20,116.30300536127035,116.86782325350639,115.609364445869,116.12464141845703,296300,740.2518310546875,84.0,1.0,1.0,4.0,5.0,0.0006367722442491481,0.00040940420123194705,1.0,0,1.0,74.0
2026-07-21,116.21381545061492,116.6200918013857,115.75799818196916,116.54081726074219,243300,746.426513671875,83.0,1.0,1.0,4.0,5.0,0.0006185164224929914,0.0004408644014177619,1.0,0,1.0,75.0
2026-07-22,116.62009570607667,117.12545390951787,115.43100023671938,115.6589126586914,168500,745.55859375,82.0,1.0,1.0,4.0,5.0,0.0006134186250676801,0.00048710639092273164,1.0,0,1.0,76.0
2026-07-23,115.25263753899462,116.2633690768656,115.25263753899462,115.63909149169922,182000,736.3515014648438,81.0,1.0,1.0,4.0,5.0,0.0005872953803900004,0.0005644513442266332,1.0,0,1.0,77.0
2026-07-24,116.38227325722944,118.30463937150812,116.38227325722944,118.10646057128906,1219700,737.099609375,85.0,1.0,1.0,4.0,5.0,0.0005851846810340586,0.0006146695596991782,1.0,0,1.0,78.0
2026-07-27,117.95781929778089,118.35418444685328,117.35336414645369,117.57136535644531,211300,737.25927734375,84.0,1.0,1.0,4.0,5.0,0.0005741990500109525,0.0006367722442491481,1.0,0,1.0,79.0
2026-07-28,118.33436189169261,118.56227430915203,117.63081734393691,117.69026947021484,401500,739.0248413085938,83.0,1.0,1.0,4.0,5.0,0.000588537076586611,0.0006185164224929914,1.0,0,1.0,80.0
2026-07-29,117.78936879803291,117.99745880423012,116.81827454240936,117.1849136352539,279300,727.6531372070312,82.0,1.0,1.0,4.0,5.0,0.0005707939124944962,0.0006134186250676801,1.0,0,1.0,81.0
2026-07-30,117.21463734132503,117.21463734132503,114.42027400568253,115.3418197631836,291300,739.852783203125,83.0,1.0,1.0,4.0,5.0,0.0005212708180280667,0.0005872953803900004,-1.0,0,2.0,82.0
2026-07-31,115.41118219168536,115.53008644330974,114.24190917048203,114.88600158691406,413200,745.1796264648438,82.0,1.0,1.0,4.0,5.0,0.00048521108974867896,0.0005851846810340586,-1.0,0,2.0,83.0
2026-08-03,115.13373010905703,115.6589107195357,114.41036314365668,114.86618041992188,312000,755.793212890625,81.0,1.0,1.0,4.0,5.0,0.00045900087450001536,0.0005741990500109525,-1.0,0,2.0,84.0
2026-08-04,113.86536456280069,114.31127061911249,112.60690581359292,113.97435760498047,775100,769.4193725585938,80.0,1.0,4.0,4.0,6.0,0.0004295214479021832,0.000588537076586611,-1.0,1,2.0,85.0
2026-08-05,114.33109081966481,114.59864051399032,113.42936745739655,114.47972869873047,824900,767.8831787109375,80.0,1.0,4.0,4.0,6.0,0.0003895231268796907,0.0005707939124944962,-1.0,0,2.0,86.0
2026-08-06,114.93554509825036,115.32199904482147,112.97354930181804,113.20145416259766,323600,766.65625,80.0,1.0,4.0,4.0,6.0,0.00033223030485104017,0.0005212708180280667,-1.0,0,2.0,87.0
2026-08-07,113.40954692545613,114.14282512501813,112.85464023176526,113.7464599609375,493700,771.3446044921875,79.0,1.0,4.0,4.0,6.0,0.00030326918476645946,0.00048521108974867896,-1.0,0,2.0,88.0
2026-08-10,113.38972694417863,113.38972694417863,111.68536210769301,112.18081665039062,384500,771.1151733398438,80.0,1.0,4.0,4.0,6.0,0.00023500668535958772,0.00045900087450001536,-1.0,0,2.0,89.0
2026-08-11,111.99254373803825,111.99254373803825,110.88273037868963,110.97190856933594,399100,768.6513061523438,80.0,1.0,4.0,4.0,6.0,0.00017722844096962364,0.0004295214479021832,-1.0,0,2.0,90.0
2026-08-12,111.48718214124635,112.16100061462475,111.16018033209883,112.08172607421875,495600,770.5764770507812,80.0,1.0,4.0,4.0,6.0,0.0001529015090239614,0.0003895231268796907,-1.0,0,2.0,91.0
2026-08-13,112.65645861950904,113.75636833137793,112.58709528452796,113.32036590576172,379200,775.9531860351562,80.0,1.0,4.0,4.0,6.0,0.00018283265516580137,0.00033223030485104017,-1.0,0,2.0,92.0
2026-08-14,113.45909312913278,113.8356358694329,113.21136585155826,113.42936706542969,238100,774.4169921875,79.0,1.0,4.0,4.0,6.0,0.0002083902946639659,0.00030326918476645946,-1.0,0,2.0,93.0
2026-08-17,113.32036765824068,113.32036765824068,112.28982126541565,112.70600128173828,167800,770.7560424804688,79.0,1.0,4.0,4.0,6.0,0.00020013694283415096,0.00023500668535958772,-1.0,0,2.0,94.0
2026-08-18,113.38972610615575,113.46900064681022,112.35917975775675,112.42854309082031,236300,765.5490112304688,77.0,1.0,4.0,3.0,4.0,0.0001692166831910801,0.00017722844096962364,-1.0,0,2.0,95.0
2026-08-19,113.00327653987566,113.36000442657758,112.4979107737085,113.30054473876953,144200,767.1549682617188,77.0,1.0,4.0,3.0,4.0,0.00016891158679439755,0.0001529015090239614,1.0,0,2.0,96.0
2026-08-20,113.17172857994194,113.88518434896243,112.85463796704802,113.42936706542969,133000,760.7109985351562,76.0,1.0,4.0,3.0,4.0,0.00018046075994064512,0.00018283265516580137,1.0,0,2.0,97.0
2026-08-21,113.76626808103585,113.76626808103585,112.80508507206379,113.37981414794922,430800,763.8232421875,75.0,1.0,4.0,1.0,2.0,0.00020003643903544622,0.0002083902946639659,1.0,0,2.0,98.0
2026-08-24,113.65727198253806,114.44009108725925,113.28072924205453,114.1329116821289,73900,761.5787963867188,74.0,1.0,4.0,1.0,2.0,0.00021345782736950614,0.00020013694283415096,1.0,0,1.0,99.0
2026-08-25,114.36082528245313,114.49955195458901,113.61764344170946,114.23200225830078,124500,764.0127563476562,73.0,1.0,4.0,1.0,2.0,0.0002227088594580678,0.0001692166831910801,1.0,0,1.0,100.0
2026-08-26,114.38063687558264,114.4004517310211,113.54826930647518,113.5780029296875,291000,764.182373046875,72.0,1.0,4.0,1.0,2.0,0.00024013474590589621,0.00016891158679439755,1.0,0,2.0,101.0
2026-08-27,112.9933622873201,113.18163743357212,112.3591810747238,112.40872955322266,216300,769.18994140625,73.0,1.0,4.0,1.0,2.0,0.00021268744863892902,0.00018046075994064512,-1.0,1,2.0,102.0
2026-08-28,112.9438262701257,112.9438262701257,111.8340053199026,111.86373138427734,100700,767.4442749023438,72.0,1.0,4.0,1.0,2.0,0.00017321103551405038,0.00020003643903544622,-1.0,0,2.0,103.0
2026-08-31,111.47727175218517,111.47727175218517,110.41699933658806,111.01154327392578,136200,765.1499633789062,72.0,1.0,4.0,1.0,2.0,0.00011720608946191104,0.00021345782736950614,-1.0,1,2.0,104.0
2026-09-01,110.8827322470717,111.65564015250918,110.58545648650191,111.06109619140625,111900,759.89306640625,71.0,1.0,4.0,1.0,2.0,0.00010078873666473545,0.0002227088594580678,-1.0,0,2.0,105.0
2026-09-02,111.05118339583127,111.05118339583127,109.97109609727241,110.61518096923828,134200,763.2646484375,70.0,1.0,4.0,1.0,2.0,0.00010048996112529866,0.00024013474590589621,-1.0,0,2.0,106.0
2026-09-03,111.19981716859648,111.19981716859648,110.4169980952221,111.03136444091797,121300,771.2548217773438,69.0,1.0,4.0,1.0,2.0,0.00012301940922800503,0.00021268744863892902,-1.0,0,2.0,107.0
2026-09-04,110.67463711287016,111.41781891983804,110.24854590780711,110.31790924072266,74000,768.2822265625,68.0,1.0,4.0,1.0,2.0,0.00010024526227231838,0.00017321103551405038,-1.0,0,2.0,108.0
2026-09-08,109.85218697557112,111.07100097428003,109.84227576744108,110.4566421508789,107200,764.0626831054688,67.0,1.0,4.0,1.0,2.0,7.491224755570463e-05,0.00011720608946191104,-1.0,0,2.0,109.0
2026-09-09,110.40708958543043,110.44672685644734,108.96036321347697,109.22791290283203,153700,760.5115356445312,68.0,1.0,4.0,1.0,2.0,3.2786704099948756e-05,0.00010078873666473545,-1.0,0,2.0,110.0
2026-09-10,109.4558181830959,109.89182060592637,108.35590847825466,108.63336181640625,346700,755.9528198242188,68.0,1.0,4.0,1.0,2.0,2.6049201190204176e-05,0.00010048996112529866,-1.0,0,2.0,111.0
2026-09-11,109.1882725767353,109.46572590605415,108.55409137828185,109.03963470458984,151800,762.3967895507812,67.0,1.0,4.0,1.0,2.0,7.197464089550565e-05,0.00012301940922800503,-1.0,0,2.0,112.0
2026-09-14,109.09908904886976,109.88190813539377,108.26672904398026,108.65318298339844,134100,758.9952392578125,66.0,1.0,4.0,1.0,2.0,0.00011463324424280549,0.00010024526227231838,-1.0,0,2.0,113.0
2026-09-15,108.57391247188434,108.71263914451501,107.7613672921747,108.35591125488281,115800,755.513916015625,65.0,1.0,4.0,1.0,2.0,0.00016111157579708858,7.491224755570463e-05,-1.0,0,2.0,114.0
2026-09-16,108.56400003113555,109.2576409464496,106.81009422705588,107.55327606201172,157700,752.1821899414062,65.0,1.0,4.0,1.0,2.0,0.00014230927416043965,3.2786704099948756e-05,-1.0,0,2.0,115.0
2026-09-17,108.19736688993608,108.2766338721924,107.68208992506942,107.92981719970703,133600,760.7109985351562,64.0,1.0,4.0,1.0,2.0,0.00013822073756034777,2.6049201190204176e-05,-1.0,0,2.0,116.0
2026-09-18,107.3848181172796,107.62263417611733,106.82990389994328,106.92900085449219,180000,761.6900024414062,64.0,1.0,4.0,1.0,2.0,0.00013386379811797187,7.197464089550565e-05,-1.0,1,2.0,117.0
2026-09-21,107.2699966430664,107.91999816894531,107.26000213623047,107.7699966430664,120700,773.5,64.0,1.0,4.0,1.0,2.0,0.00014669567318174542,0.00011463324424280549,-1.0,0,2.0,118.0
2026-09-22,107.94000244140625,107.94000244140625,107.47000122070312,107.51000213623047,103600,773.3800048828125,64.0,1.0,4.0,1.0,2.0,0.00014818592689976048,0.00016111157579708858,-1.0,0,2.0,119.0
2026-09-23,106.97000122070312,107.31999969482422,106.19000244140625,106.31999969482422,151400,767.8099975585938,64.0,1.0,4.0,1.0,2.0,0.00012980075026711545,0.00014230927416043965,-1.0,1,2.0,120.0
2026-09-24,106.62000274658203,107.01000213623047,106.23999786376953,106.30999755859375,534600,767.1799926757812,63.0,1.0,4.0,1.0,2.0,8.159947791388227e-05,0.00013822073756034777,-1.0,0,2.0,121.0
2026-09-25,106.69999694824219,106.69999694824219,105.5,106.23999786376953,280000,771.3499755859375,63.0,1.0,4.0,1.0,2.0,3.130877351404108e-05,0.00013386379811797187,-1.0,0,2.0,122.0
2026-09-28,106.4000015258789,106.80000305175781,105.6500015258789,106.0199966430664,157100,765.6099853515625,62.0,1.0,4.0,1.0,2.0,-9.892197484973158e-06,0.00014669567318174542,-1.0,0,2.0,123.0
2026-09-29,105.66999816894531,106.44000244140625,105.41999816894531,105.98999786376953,244200,764.2000122070312,61.0,1.0,4.0,1.0,2.0,-4.280123995225398e-05,0.00014818592689976048,-1.0,0,2.0,124.0
2026-09-30,106.2300033569336,106.23999786376953,104.83999633789062,104.91999816894531,336300,762.6300048828125,61.0,1.0,4.0,1.0,2.0,-9.332367408173707e-05,0.00012980075026711545,-1.0,0,2.0,125.0
2026-10-01,104.4800033569336,104.4800033569336,103.5,104.23999786376953,233400,763.989990234375,61.0,1.0,4.0,1.0,2.0,-0.00015957785678839947,8.159947791388227e-05,-1.0,1,4.0,1.0
2026-10-02,,,,,168908,,61.0,,4.0,1.0,,-0.0001990203682799274,3.130877351404108e-05,-1.0,0,,
