Date,Open,High,Low,Close,Volume,IndexClose,CVI,LTI,STI,VI,SecState,VWRS,VWRS_1wk,RS,GapDown,Thermostat,Days
2022-09-30,17.40999984741211,17.770000457763672,17.399999618530273,17.5,14446100,339.12646484375,,,,,,,,,0,,
2022-10-03,18.469999313354492,19.100000381469727,18.399999618530273,19.100000381469727,40558200,348.0798645019531,694.0,,,3.0,,,,,0,,
2022-10-04,19.299999237060547,19.559999465942383,19.209999084472656,19.360000610351562,22227800,358.8656311035156,684.0,,,3.0,,,,,0,,
2022-10-05,18.690000534057617,19.110000610351562,18.3700008392334,18.989999771118164,23878400,358.0301513671875,675.0,,,3.0,,,,,1,,
2022-10-06,18.860000610351562,19.059999465942383,18.75,19.040000915527344,11261200,354.3367919921875,665.0,,,3.0,,,,,0,,
2022-10-07,18.790000915527344,18.8799991607666,18.420000076293945,18.5,24621100,344.45294189453125,656.0,,,3.0,,,,,0,,
2022-10-10,18.209999084472656,18.239999771118164,17.979999542236328,18.09000015258789,17979100,341.8229675292969,647.0,,,3.0,,,,,1,,
2022-10-11,17.889999389648438,18.079999923706055,17.559999465942383,17.68000030517578,23821900,339.6581726074219,638.0,,,3.0,,,,,0,,
2022-10-12,17.530000686645508,17.68000030517578,17.3700008392334,17.59000015258789,21216900,338.537841796875,629.0,,,3.0,,,,,0,,
2022-10-13,17.139999389648438,17.520000457763672,17.040000915527344,17.389999389648438,26705300,347.47216796875,620.0,,,3.0,,,,,0,,
2022-10-14,17.18000030517578,17.200000762939453,16.65999984741211,16.809999465942383,24627300,339.5537414550781,612.0,,,3.0,,,,,0,,
2022-10-17,17.329999923706055,17.450000762939453,17.110000610351562,17.1200008392334,17937400,348.2792663574219,604.0,,,3.0,,,,,0,,
2022-10-18,17.360000610351562,17.40999984741211,17.079999923706055,17.229999542236328,11236300,352.3714294433594,595.0,,,3.0,,,,,0,,
2022-10-19,16.989999771118164,17.079999923706055,16.90999984741211,17.010000228881836,9941300,349.8743896484375,586.0,,,3.0,,,,,0,,
2022-10-20,17.059999465942383,17.5,17.030000686645508,17.170000076293945,17615600,346.9405517578125,578.0,,4.0,3.0,,,,,0,,
2022-10-21,17.209999084472656,17.780000686645508,17.1299991607666,17.760000228881836,28680300,355.3717041015625,571.0,,4.0,3.0,,,,,0,,
2022-10-24,17.65999984741211,17.770000457763672,17.510000228881836,17.68000030517578,12953800,359.7201843261719,563.0,,4.0,3.0,,,,,0,,
2022-10-25,17.709999084472656,17.899999618530273,17.700000762939453,17.860000610351562,13857100,365.4644775390625,554.0,,4.0,3.0,,,,,0,,
2022-10-26,17.899999618530273,18.1200008392334,17.899999618530273,17.979999542236328,17092700,362.7109375,546.0,,4.0,3.0,,,,,0,,
2022-10-27,18.020000457763672,18.100000381469727,17.889999389648438,17.979999542236328,14108100,360.7740783691406,538.0,,4.0,3.0,,,,,0,,
2022-10-28,17.700000762939453,17.850000381469727,17.489999771118164,17.739999771118164,10708900,369.3571472167969,531.0,,4.0,3.0,,,,,1,,
2022-10-31,17.459999084472656,17.719999313354492,17.40999984741211,17.6200008392334,10005000,366.6892395019531,523.0,,4.0,3.0,,,,,0,,
2022-11-01,18.31999969482422,18.3700008392334,17.940000534057617,18.049999237060547,20107600,365.0846252441406,516.0,,1.0,3.0,,,,,0,,
2022-11-02,18.239999771118164,18.489999771118164,17.729999542236328,17.729999542236328,24802300,355.9223327636719,509.0,,1.0,3.0,,,,,0,,
2022-11-03,17.459999084472656,18.0,17.440000534057617,17.940000534057617,19125300,352.25750732421875,502.0,,1.0,3.0,,,,,0,,
2022-11-04,18.739999771118164,19.260000228881836,18.670000076293945,19.260000228881836,34818900,357.32757568359375,504.0,,1.0,3.0,,,,,0,,
2022-11-07,19.219999313354492,19.34000015258789,19.1299991607666,19.149999618530273,12869700,360.7456359863281,496.0,,1.0,3.0,,,,,0,,
2022-11-08,19.260000228881836,19.90999984741211,19.209999084472656,19.700000762939453,31329600,362.6919860839844,490.0,,1.0,3.0,,,,,0,,
2022-11-09,19.65999984741211,19.899999618530273,19.329999923706055,19.360000610351562,17422800,355.2197570800781,484.0,,1.0,3.0,,,,,0,,
2022-11-10,19.979999542236328,20.06999969482422,19.760000228881836,19.969999313354492,21968300,374.74053955078125,478.0,,1.0,3.0,,,,,0,,
2022-11-11,19.760000228881836,19.950000762939453,19.65999984741211,19.950000762939453,12472200,378.3675231933594,471.0,,1.0,3.0,,,,,0,,
2022-11-14,19.950000762939453,20.329999923706055,19.93000030517578,20.239999771118164,14503000,375.14886474609375,465.0,,1.0,3.0,,,,,0,,
2022-11-15,20.079999923706055,20.110000610351562,19.700000762939453,19.8799991607666,23955400,378.3485107421875,459.0,,1.0,3.0,,,,,0,,
2022-11-16,19.950000762939453,20.0,19.700000762939453,19.739999771118164,10180600,375.46221923828125,452.0,,1.0,3.0,,,,,0,,
2022-11-17,19.25,19.329999923706055,19.1299991607666,19.290000915527344,12895400,374.3133239746094,446.0,,1.0,3.0,,,,,1,,
2022-11-18,19.309999465942383,19.459999084472656,19.18000030517578,19.25,15315800,376.01287841796875,440.0,,1.0,3.0,,,,,0,,
2022-11-21,19.209999084472656,19.25,19.020000457763672,19.200000762939453,10468100,374.6455993652344,433.0,,1.0,3.0,,,,,0,,
2022-11-22,19.43000030517578,19.520000457763672,19.25,19.43000030517578,10140100,379.6872253417969,427.0,,1.0,3.0,,,,,0,,
2022-11-23,19.530000686645508,19.8799991607666,19.5,19.809999465942383,12773600,382.0799255371094,422.0,,1.0,3.0,,,,,0,,
2022-11-25,19.59000015258789,19.760000228881836,19.559999465942383,19.719999313354492,7784800,381.99444580078125,415.0,,1.0,1.0,,,,,0,,
2022-11-28,19.65999984741211,19.690000534057617,19.200000762939453,19.260000228881836,20269200,375.8989562988281,410.0,,1.0,1.0,,,,,0,,
2022-11-29,19.5,19.75,19.5,19.559999465942383,11253000,375.2532958984375,405.0,,1.0,1.0,,,,,0,,
2022-11-30,20.1200008392334,20.43000030517578,19.809999465942383,20.43000030517578,26502100,387.0740051269531,403.0,,1.0,1.0,,,,,0,,
2022-12-01,20.6299991607666,20.979999542236328,20.59000015258789,20.979999542236328,24949600,386.7891845703125,399.0,,1.0,1.0,,,,,0,,
2022-12-02,20.729999542236328,21.389999389648438,20.670000076293945,21.290000915527344,23150100,386.34295654296875,394.0,,1.0,1.0,,,,,0,,
2022-12-05,20.90999984741211,20.950000762939453,20.399999618530273,20.440000534057617,24402700,379.3929748535156,392.0,,1.0,1.0,,,,,0,,
2022-12-06,20.6200008392334,20.75,20.270000457763672,20.440000534057617,16489600,373.924072265625,386.0,,1.0,1.0,,,,,0,,
2022-12-07,20.670000076293945,21.010000228881836,20.65999984741211,20.920000076293945,22573400,373.2879333496094,381.0,,1.0,1.0,,,,,0,,
2022-12-08,21.31999969482422,21.3700008392334,21.139999389648438,21.209999084472656,17948300,376.2121887207031,376.0,,1.0,1.0,,,,,0,,
2022-12-09,21.450000762939453,21.799999237060547,21.260000228881836,21.559999465942383,18975700,373.40191650390625,371.0,,1.0,1.0,,,,,0,,
2022-12-12,21.579999923706055,21.6200008392334,21.260000228881836,21.459999084472656,20222300,378.7853088378906,366.0,,1.0,1.0,,,,,0,,
2022-12-13,22.09000015258789,22.200000762939453,21.690000534057617,21.829999923706055,24657100,381.652587890625,361.0,,1.0,1.0,,,,,0,,
2022-12-14,21.93000030517578,22.139999389648438,21.520000457763672,21.989999771118164,24341100,379.21258544921875,356.0,,1.0,1.0,,,,,0,,
2022-12-15,21.450000762939453,21.56999969482422,21.149999618530273,21.239999771118164,19921900,369.9363098144531,354.0,,1.0,1.0,,,,,0,,
2022-12-16,21.15999984741211,21.399999618530273,21.1299991607666,21.3700008392334,15976000,365.5688171386719,349.0,,1.0,1.0,,,,,0,,
2022-12-19,21.350000381469727,21.3799991607666,21.010000228881836,21.1200008392334,12704600,362.4689636230469,344.0,,1.0,1.0,,,,,0,,
2022-12-20,21.950000762939453,22.31999969482422,21.860000610351562,22.229999542236328,28496700,362.9649353027344,346.0,,1.0,1.0,,,,,0,,
2022-12-21,22.09000015258789,22.270000457763672,22.010000228881836,22.06999969482422,11637000,368.3921203613281,341.0,,1.0,1.0,,,,,0,,
2022-12-22,21.649999618530273,21.790000915527344,21.520000457763672,21.690000534057617,15133500,363.1365966796875,337.0,,1.0,1.0,,,,,1,,
2022-12-23,21.780000686645508,21.950000762939453,21.690000534057617,21.850000381469727,10922300,365.2254333496094,332.0,,1.0,1.0,,,,,0,,
2022-12-27,21.959999084472656,22.350000381469727,21.920000076293945,22.110000610351562,12346900,363.78521728515625,327.0,,1.0,1.0,,,,,0,,
2022-12-28,21.93000030517578,21.969999313354492,21.600000381469727,21.600000381469727,10915100,359.26409912109375,324.0,,1.0,1.0,,,,,0,,
2022-12-29,22.059999465942383,22.139999389648438,21.950000762939453,21.969999313354492,11896400,365.7309875488281,320.0,,1.0,1.0,,,,,0,,
2022-12-30,21.920000076293945,22.030000686645508,21.639999389648438,22.020000457763672,14251000,364.7676696777344,315.0,,1.0,1.0,,,,,0,,
2023-01-03,22.450000762939453,22.540000915527344,22.030000686645508,22.049999237060547,18122100,363.23193359375,311.0,,1.0,1.0,,,,,0,,
2023-01-04,22.280000686645508,22.360000610351562,21.700000762939453,21.889999389648438,17246400,366.03619384765625,306.0,,1.0,1.0,,,,,0,,
2023-01-05,21.5,21.530000686645508,21.270000457763672,21.389999389648438,16539900,361.85845947265625,303.0,,1.0,1.0,,,,,1,,
2023-01-06,21.709999084472656,22.0,21.610000610351562,21.920000076293945,17021400,370.1566467285156,301.0,,1.0,1.0,,,,,0,,
2023-01-09,22.0,22.139999389648438,21.690000534057617,21.739999771118164,15588200,369.9468078613281,297.0,,1.0,1.0,,,,,0,,
2023-01-10,21.739999771118164,21.8700008392334,21.639999389648438,21.729999542236328,10051200,372.5411682128906,292.0,,1.0,1.0,,,,,0,,
2023-01-11,21.860000610351562,21.8799991607666,21.360000610351562,21.549999237060547,13848000,377.2530212402344,288.0,,1.0,1.0,,,,,0,,
2023-01-12,22.0,22.06999969482422,21.690000534057617,21.8799991607666,18514100,378.6265563964844,285.0,,1.0,1.0,,,,,0,,
2023-01-13,21.8799991607666,22.350000381469727,21.860000610351562,22.329999923706055,18425400,380.0954895019531,282.0,,1.0,1.0,,,,,0,,
2023-01-17,22.200000762939453,22.209999084472656,21.920000076293945,22.010000228881836,23059400,379.3991394042969,278.0,,1.0,1.0,,,,,0,,
2023-01-18,22.299999237060547,22.399999618530273,21.549999237060547,21.56999969482422,24553500,373.4091796875,275.0,,1.0,1.0,,,,,0,,
2023-01-19,21.649999618530273,22.030000686645508,21.56999969482422,21.959999084472656,15361200,370.6908264160156,272.0,,1.0,1.0,,,,,0,,
2023-01-20,22.010000228881836,22.06999969482422,21.809999465942383,22.020000457763672,14299700,377.5964660644531,268.0,,1.0,1.0,,,,,0,,
2023-01-23,21.18000030517578,21.6200008392334,20.93000030517578,21.579999923706055,30123300,382.12701416015625,266.0,,4.0,1.0,,,,,1,,
2023-01-24,21.5,21.829999923706055,21.350000381469727,21.760000228881836,15461600,381.7169189453125,262.0,,4.0,1.0,,,,,0,,
2023-01-25,21.6299991607666,22.020000457763672,21.579999923706055,21.969999313354492,12824900,381.8600158691406,259.0,,4.0,1.0,,,,,0,,
2023-01-26,22.190000534057617,22.219999313354492,21.809999465942383,21.989999771118164,18177800,386.0567626953125,255.0,,4.0,1.0,,,,,0,,
2023-01-27,21.709999084472656,21.790000915527344,21.43000030517578,21.68000030517578,15244100,386.9438171386719,252.0,,4.0,1.0,,,,,1,,
2023-01-30,21.799999237060547,21.81999969482422,21.649999618530273,21.65999984741211,8337100,382.0889587402344,248.0,,4.0,1.0,,,,,0,,
2023-01-31,21.579999923706055,21.860000610351562,21.540000915527344,21.829999923706055,10471400,387.7069396972656,245.0,,4.0,1.0,,,,,0,,
2023-02-01,21.799999237060547,22.110000610351562,21.489999771118164,22.079999923706055,23818200,391.8273620605469,241.0,,4.0,1.0,,,,,0,,
2023-02-02,22.5,22.520000457763672,21.540000915527344,21.56999969482422,22808400,397.5312194824219,240.0,,4.0,1.0,,,,,0,,
2023-02-03,20.860000610351562,21.059999465942383,20.5,20.56999969482422,36695700,393.3057556152344,245.0,,4.0,1.0,,,,,1,,
2023-02-06,20.549999237060547,20.649999618530273,20.3700008392334,20.479999542236328,15824800,390.9021911621094,242.0,,4.0,1.0,,,,,0,,
2023-02-07,20.40999984741211,20.639999389648438,20.270000457763672,20.3799991607666,16209500,396.0146179199219,238.0,,4.0,1.0,,,,,0,,
2023-02-08,20.59000015258789,20.639999389648438,20.420000076293945,20.479999542236328,10688500,391.684326171875,235.0,,4.0,1.0,,,,,0,,
2023-02-09,20.65999984741211,20.68000030517578,20.149999618530273,20.18000030517578,19233500,388.2886962890625,232.0,,4.0,1.0,,,,,0,,
2023-02-10,20.40999984741211,20.450000762939453,20.149999618530273,20.239999771118164,11028700,389.1948547363281,229.0,,4.0,1.0,,,,,0,,
2023-02-13,20.149999618530273,20.25,20.040000915527344,20.200000762939453,12376300,393.7635498046875,225.0,,4.0,1.0,,,,,0,,
2023-02-14,19.950000762939453,20.219999313354492,19.8700008392334,20.1200008392334,14586500,393.5824279785156,222.0,,4.0,1.0,,,,,0,,
2023-02-15,19.780000686645508,19.950000762939453,19.770000457763672,19.889999389648438,13249500,394.8604736328125,219.0,,4.0,1.0,,,,,0,,
2023-02-16,19.739999771118164,20.020000457763672,19.709999084472656,19.84000015258789,16692900,389.42376708984375,216.0,,4.0,1.0,,,,,0,,
2023-02-17,19.59000015258789,20.059999465942383,19.549999237060547,20.010000228881836,15129100,388.4508056640625,213.0,,4.0,1.0,,,,,0,,
2023-02-21,20.1299991607666,20.209999084472656,20.0,20.06999969482422,11158700,380.658203125,210.0,,4.0,1.0,,,,,0,,
2023-02-22,20.030000686645508,20.049999237060547,19.709999084472656,19.75,15142700,380.133544921875,208.0,,4.0,1.0,,,,,0,,
2023-02-23,19.84000015258789,19.889999389648438,19.549999237060547,19.6299991607666,13610700,382.15570068359375,205.0,,4.0,1.0,,,,,0,,
2023-02-24,19.270000457763672,19.360000610351562,19.059999465942383,19.09000015258789,24859800,378.0732727050781,206.0,,4.0,1.0,,,,,1,,
2023-02-27,19.09000015258789,19.139999389648438,18.889999389648438,18.93000030517578,26063800,379.36102294921875,203.0,,4.0,1.0,,,,,0,,
2023-02-28,18.979999542236328,19.309999465942383,18.899999618530273,19.219999313354492,14396100,377.9588928222656,201.0,,4.0,1.0,,,,,0,,
2023-03-01,19.280000686645508,19.469999313354492,19.219999313354492,19.290000915527344,14873100,376.509033203125,198.0,,4.0,1.0,,,,,0,,
2023-03-02,19.049999237060547,19.25,19.020000457763672,19.239999771118164,8914300,379.437255859375,195.0,,4.0,1.0,,,,,0,,
2023-03-03,19.299999237060547,19.559999465942383,19.149999618530273,19.549999237060547,12419200,385.52264404296875,194.0,,4.0,1.0,,,,,0,,
2023-03-06,19.459999084472656,19.489999771118164,19.280000686645508,19.31999969482422,7902900,385.7897644042969,191.0,,4.0,1.0,,,,,0,,
2023-03-07,18.979999542236328,18.989999771118164,18.40999984741211,18.450000762939453,26097500,379.87603759765625,199.0,,4.0,1.0,,,,,1,,
2023-03-08,18.43000030517578,18.600000381469727,18.389999389648438,18.399999618530273,13896600,380.49609375,196.0,,4.0,1.0,,,,,0,,
2023-03-09,18.489999771118164,18.65999984741211,18.3799991607666,18.440000534057617,11895500,373.47601318359375,193.0,,4.0,1.0,,,,,0,,
2023-03-10,18.889999389648438,19.110000610351562,18.75,18.860000610351562,21470100,368.08697509765625,192.0,,4.0,1.0,,,,,0,,
2023-03-13,19.709999084472656,20.15999984741211,19.68000030517578,20.0,37152300,367.5622863769531,206.0,,4.0,1.0,,,,,0,,
2023-03-14,20.049999237060547,20.209999084472656,19.8700008392334,19.889999389648438,29462900,373.6380615234375,203.0,,1.0,1.0,,,,,0,,
2023-03-15,20.389999389648438,20.440000534057617,19.8700008392334,20.0,50880500,371.30120849609375,200.0,,1.0,1.0,,,,,0,,
2023-03-16,20.149999618530273,20.18000030517578,19.719999313354492,19.920000076293945,27757800,377.8157958984375,197.0,,1.0,1.0,,,,,0,,
2023-03-17,20.18000030517578,20.780000686645508,20.149999618530273,20.6299991607666,29318300,373.3981018066406,200.0,,1.0,1.0,,,,,0,,
2023-03-20,20.579999923706055,20.75,20.450000762939453,20.690000534057617,14306300,376.9885559082031,197.0,,1.0,1.0,,,,,0,,
2023-03-21,20.690000534057617,20.700000762939453,20.360000610351562,20.540000915527344,15198000,381.938720703125,194.0,,1.0,1.0,,,,,0,,
2023-03-22,20.520000457763672,21.209999084472656,20.510000228881836,21.100000381469727,25323500,375.4278869628906,195.0,,1.0,1.0,,,,,0,,
2023-03-23,21.110000610351562,21.350000381469727,21.020000457763672,21.280000686645508,19286800,376.44281005859375,192.0,,1.0,1.0,,,,,0,,
2023-03-24,21.520000457763672,21.579999923706055,21.200000762939453,21.219999313354492,15746900,378.9130859375,190.0,,1.0,1.0,,0.0002779496078697353,,,0,,
2023-03-27,21.079999923706055,21.239999771118164,21.0,21.219999313354492,11703600,379.6215515136719,187.0,,1.0,1.0,,0.000224939749362211,,,0,,
2023-03-28,21.139999389648438,21.489999771118164,21.1200008392334,21.43000030517578,11221300,378.7694396972656,185.0,,1.0,1.0,,0.000212377134162595,,,0,,
2023-03-29,21.31999969482422,21.530000686645508,21.299999237060547,21.440000534057617,11804300,384.27484130859375,182.0,,1.0,1.0,,0.00019295933037472346,,,0,,
2023-03-30,21.68000030517578,21.959999084472656,21.559999465942383,21.940000534057617,14724400,386.5248718261719,182.0,,1.0,1.0,,0.00023249337781001644,,,0,,
2023-03-31,22.030000686645508,22.200000762939453,21.989999771118164,22.1200008392334,18212400,391.9727783203125,179.0,,1.0,1.0,,0.00028697444036284234,0.0002779496078697353,,0,,
2023-04-03,21.959999084472656,22.239999771118164,21.920000076293945,22.059999465942383,18134900,393.46636962890625,177.0,,1.0,1.0,,0.00033268915658611316,0.000224939749362211,,0,,
2023-04-04,22.1299991607666,23.0,22.100000381469727,22.969999313354492,35724700,391.28338623046875,183.0,,1.0,1.0,,0.0003931219782658468,0.000212377134162595,,0,,
2023-04-05,22.81999969482422,22.979999542236328,22.639999389648438,22.940000534057617,20676800,390.25897216796875,180.0,,1.0,1.0,,0.00044479224153554315,0.00019295933037472346,,0,,
2023-04-06,22.790000915527344,22.979999542236328,22.579999923706055,22.889999389648438,13297400,391.78125,177.0,,1.0,1.0,,0.0005034033307835944,0.00023249337781001644,,0,,
2023-04-10,22.81999969482422,22.889999389648438,22.719999313354492,22.8799991607666,12751600,392.1833801269531,175.0,,1.0,1.0,,0.0005547204697510991,0.00028697444036284234,,0,,
2023-04-11,22.899999618530273,23.100000381469727,22.850000381469727,23.040000915527344,14526500,392.2887268066406,172.0,,1.0,1.0,,0.0006034145674194482,0.00033268915658611316,,0,,
2023-04-12,23.3700008392334,23.469999313354492,23.049999237060547,23.43000030517578,21592400,390.68975830078125,171.0,,1.0,1.0,,0.0006510161489908741,0.0003931219782658468,,0,,
2023-04-13,23.690000534057617,23.860000610351562,23.559999465942383,23.739999771118164,30298700,395.8791809082031,170.0,,1.0,1.0,,0.0006856712526247325,0.00044479224153554315,,0,,
2023-04-14,23.84000015258789,23.889999389648438,23.100000381469727,23.309999465942383,34948600,394.9121398925781,169.0,,1.0,1.0,,0.0006925353961745647,0.0005034033307835944,,0,,
2023-04-17,23.290000915527344,23.329999923706055,22.790000915527344,23.020000457763672,24471600,396.3292236328125,167.0,,1.0,1.0,,0.0006552031683563154,0.0005547204697510991,,0,,
2023-04-18,22.93000030517578,23.270000457763672,22.899999618530273,23.149999618530273,14353800,396.58770751953125,165.0,,1.0,1.0,,0.0006169126822800153,0.0006034145674194482,,0,,
2023-04-19,23.079999923706055,23.31999969482422,23.059999465942383,23.229999542236328,18571300,396.5206604003906,163.0,,1.0,1.0,,0.0006283672707142219,0.0006510161489908741,,0,,
2023-04-20,23.229999542236328,23.420000076293945,23.049999237060547,23.170000076293945,15332300,394.35687255859375,160.0,,1.0,1.0,,0.0006778907867887011,0.0006856712526247325,,0,,
2023-04-21,23.18000030517578,23.31999969482422,22.8799991607666,22.979999542236328,17623900,394.6631774902344,158.0,,1.0,1.0,,0.0007049410186707284,0.0006925353961745647,,0,,
2023-04-24,22.93000030517578,23.18000030517578,22.84000015258789,23.079999923706055,13576600,395.074951171875,156.0,,1.0,1.0,,0.0006999421208017881,0.0006552031683563154,,0,,
2023-04-25,22.93000030517578,23.030000686645508,22.6299991607666,22.989999771118164,22711400,388.8035583496094,154.0,,1.0,1.0,,0.0006589424171949136,0.0006169126822800153,,0,,
2023-04-26,23.1200008392334,23.1200008392334,22.709999084472656,22.829999923706055,20916800,387.15673828125,152.0,,1.0,1.0,,0.0006099091669079464,0.0006283672707142219,,0,,
2023-04-27,22.59000015258789,22.93000030517578,22.520000457763672,22.889999389648438,16054200,394.86431884765625,150.0,,1.0,1.0,,0.0005708455841770824,0.0006778907867887011,,0,,
2023-04-28,22.8799991607666,23.030000686645508,22.75,23.0,14213300,398.2345275878906,148.0,,1.0,1.0,,0.0005708133924066595,0.0007049410186707284,,0,,
2023-05-01,23.690000534057617,23.709999084472656,22.860000610351562,22.889999389648438,30354800,397.8323669433594,146.0,,1.0,1.0,,0.0005218101336804947,0.0006999421208017881,,0,,
2023-05-02,22.670000076293945,23.40999984741211,22.639999389648438,23.350000381469727,27235300,393.361083984375,146.0,,1.0,1.0,,0.0004897087170663318,0.0006589424171949136,,0,,
2023-05-03,23.290000915527344,23.530000686645508,23.15999984741211,23.43000030517578,20545300,390.6611328125,144.0,,1.0,1.0,,0.0004473680330257599,0.0006099091669079464,,0,,
2023-05-04,23.420000076293945,23.940000534057617,23.420000076293945,23.940000534057617,31012600,387.89404296875,145.0,,1.0,1.0,,0.0004809717261631781,0.0005708455841770824,,0,,
2023-05-05,23.3799991607666,23.59000015258789,23.1200008392334,23.56999969482422,26200200,395.074951171875,144.0,,1.0,1.0,,0.00045383612169164726,0.0005708133924066595,,0,,
2023-05-08,23.5,23.600000381469727,23.43000030517578,23.489999771118164,11445900,395.1802673339844,142.0,,1.0,1.0,,0.0004343486241881039,0.0005218101336804947,,0,,
2023-05-09,23.399999618530273,23.579999923706055,23.3700008392334,23.479999542236328,11470300,393.4472351074219,140.0,,1.0,1.0,,0.0003932756155777402,0.0004897087170663318,,0,,
2023-05-10,23.600000381469727,23.65999984741211,23.170000076293945,23.309999465942383,18265600,395.28558349609375,138.0,,1.0,1.0,,0.00038703830172723866,0.0004473680330257599,,0,,
2023-05-11,22.6299991607666,22.719999313354492,22.170000076293945,22.200000762939453,29635300,394.59619140625,152.0,,4.0,1.0,,0.0003252310876804234,0.0004809717261631781,,1,,
2023-05-12,22.059999465942383,22.190000534057617,21.90999984741211,22.020000457763672,18629900,394.07916259765625,150.0,,4.0,1.0,,0.00026783012628304374,0.00045383612169164726,,0,,
2023-05-15,22.139999389648438,22.239999771118164,22.020000457763672,22.100000381469727,11308600,395.4387512207031,148.0,,4.0,1.0,,0.00021232774551015597,0.0004343486241881039,,0,,
2023-05-16,22.0,22.110000610351562,21.700000762939453,21.809999465942383,17266300,392.7962646484375,147.0,,4.0,1.0,,0.00019829718013320583,0.0003932756155777402,,0,,
2023-05-17,21.920000076293945,21.920000076293945,21.6200008392334,21.81999969482422,14587600,397.5643310546875,144.0,,4.0,1.0,,0.0001699905980930387,0.00038703830172723866,,0,,
2023-05-18,21.610000610351562,21.6299991607666,21.420000076293945,21.559999465942383,17283500,401.3941345214844,143.0,,4.0,1.0,,0.00012140371926539323,0.0003252310876804234,,0,,
2023-05-19,21.700000762939453,22.059999465942383,21.579999923706055,21.860000610351562,20547900,400.81005859375,142.0,,4.0,1.0,,0.00010094952692276536,0.00026783012628304374,,0,,
2023-05-22,21.860000610351562,21.950000762939453,21.670000076293945,21.670000076293945,12665500,400.97283935546875,141.0,,4.0,1.0,,0.00010625817853535627,0.00021232774551015597,,0,,
2023-05-23,21.559999465942383,21.709999084472656,21.469999313354492,21.510000228881836,15236300,396.4727783203125,139.0,,4.0,1.0,,0.00011695808716203744,0.00019829718013320583,,0,,
2023-05-24,21.40999984741211,21.440000534057617,21.139999389648438,21.15999984741211,19508500,393.6004638671875,139.0,,4.0,1.0,,6.868742245831139e-05,0.0001699905980930387,,1,,
2023-05-25,21.18000030517578,21.190000534057617,20.84000015258789,20.860000610351562,14846600,397.00897216796875,138.0,,4.0,1.0,,-1.9167769130421923e-05,0.00012140371926539323,,0,,
2023-05-26,21.260000228881836,21.43000030517578,21.139999389648438,21.3799991607666,13685100,402.15057373046875,140.0,,4.0,1.0,,-7.512043437589082e-05,0.00010094952692276536,,0,,
2023-05-30,21.25,21.3700008392334,21.1299991607666,21.299999237060547,9121100,402.3037414550781,138.0,,4.0,1.0,,-6.858603205770366e-05,0.00010625817853535627,,0,,
2023-05-31,21.399999618530273,21.690000534057617,21.190000534057617,21.610000610351562,18058500,400.0728454589844,137.0,,4.0,1.0,,-1.7161727202487738e-05,0.00011695808716203744,,0,,
2023-06-01,21.59000015258789,21.969999313354492,21.579999923706055,21.950000762939453,17940600,403.8739318847656,137.0,,4.0,1.0,,2.335383522503428e-05,6.868742245831139e-05,,0,,
2023-06-02,21.969999313354492,22.0,21.649999618530273,21.690000534057617,13007000,409.7143859863281,136.0,,4.0,1.0,,2.836553610303451e-05,-1.9167769130421923e-05,,0,,
2023-06-05,21.520000457763672,21.75,21.459999084472656,21.639999389648438,10411300,408.9292907714844,134.0,,4.0,1.0,,1.2684244928212534e-05,-7.512043437589082e-05,,0,,
2023-06-06,21.6299991607666,21.709999084472656,21.43000030517578,21.649999618530273,9406900,409.8197021484375,132.0,,4.0,1.0,,-1.3525432569714347e-05,-6.858603205770366e-05,,0,,
2023-06-07,21.700000762939453,22.09000015258789,21.5,21.510000228881836,16744500,408.40264892578125,130.0,,4.0,1.0,,-4.7621949097199666e-05,-1.7161727202487738e-05,,0,,
2023-06-08,22.010000228881836,22.360000610351562,22.010000228881836,22.299999237060547,20397100,410.8729248046875,138.0,,1.0,1.0,,-3.936338547127883e-05,2.335383522503428e-05,,0,,
2023-06-09,22.260000228881836,22.520000457763672,22.209999084472656,22.270000457763672,10972800,411.6101989746094,136.0,,1.0,1.0,,-1.3569870886624517e-05,2.836553610303451e-05,,0,,
2023-06-12,22.059999465942383,22.1200008392334,21.920000076293945,22.079999923706055,12277700,415.34423828125,134.0,,1.0,1.0,,2.4035840561479927e-05,1.2684244928212534e-05,,1,,
2023-06-13,22.110000610351562,22.209999084472656,21.65999984741211,21.739999771118164,14921900,418.0825500488281,134.0,,1.0,1.0,,1.5216384842283906e-05,-1.3525432569714347e-05,,0,,
2023-06-14,21.959999084472656,22.110000610351562,21.889999389648438,21.969999313354492,11298600,418.5804748535156,133.0,,1.0,1.0,,-3.0897389321944914e-05,-4.7621949097199666e-05,,0,,
2023-06-15,21.670000076293945,21.950000762939453,21.670000076293945,21.940000534057617,11361000,423.7699279785156,131.0,,1.0,1.0,,-6.417591158416539e-05,-3.936338547127883e-05,,0,,
2023-06-16,22.079999923706055,22.219999313354492,21.920000076293945,22.18000030517578,10974100,422.326416015625,129.0,,1.0,1.0,,-7.698929773940417e-05,-1.3569870886624517e-05,,0,,
2023-06-20,21.40999984741211,21.450000762939453,21.170000076293945,21.260000228881836,24042200,420.13531494140625,140.0,,1.0,1.0,,-0.00010102841199170815,2.4035840561479927e-05,,1,,
2023-06-21,20.950000762939453,20.969999313354492,20.649999618530273,20.84000015258789,19678000,417.982666015625,141.0,,4.0,1.0,,-0.00014573937349622696,1.5216384842283906e-05,,1,,
2023-06-22,20.6299991607666,20.709999084472656,20.459999084472656,20.530000686645508,17066500,419.49151611328125,140.0,,4.0,1.0,,-0.00020222288759347696,-3.0897389321944914e-05,,0,,
2023-06-23,20.649999618530273,20.829999923706055,20.459999084472656,20.579999923706055,13003800,416.32012939453125,138.0,,4.0,1.0,,-0.0002291522334718062,-6.417591158416539e-05,,0,,
2023-06-26,20.850000381469727,21.0,20.739999771118164,20.899999618530273,12880100,414.61907958984375,138.0,,4.0,1.0,,-0.00020558968752140529,-7.698929773940417e-05,,0,,
2023-06-27,21.170000076293945,21.200000762939453,20.889999389648438,20.979999542236328,14341700,419.16473388671875,136.0,,4.0,1.0,,-0.00017173637626916475,-0.00010102841199170815,,0,,
2023-06-28,20.860000610351562,20.989999771118164,20.709999084472656,20.84000015258789,8188400,419.3760986328125,134.0,,4.0,1.0,,-0.00013805417421228983,-0.00014573937349622696,,0,,
2023-06-29,20.559999465942383,20.81999969482422,20.450000762939453,20.719999313354492,13780900,421.029052734375,132.0,,4.0,1.0,,-0.0001256581631516042,-0.00020222288759347696,,0,,
2023-06-30,20.649999618530273,20.969999313354492,20.56999969482422,20.889999389648438,10504600,425.9975280761719,131.0,,4.0,1.0,,-0.00012192132762057013,-0.0002291522334718062,,0,,
2023-07-03,21.049999237060547,21.18000030517578,21.0,21.010000228881836,9135000,426.48760986328125,129.0,,4.0,1.0,,-9.661253410254017e-05,-0.00020558968752140529,,0,,
2023-07-05,21.31999969482422,21.350000381469727,21.100000381469727,21.209999084472656,13299400,425.85333251953125,128.0,,4.0,1.0,,-7.781259093948462e-05,-0.00017173637626916475,,0,,
2023-07-06,21.020000457763672,21.030000686645508,20.670000076293945,20.829999923706055,12544400,422.51861572265625,128.0,,4.0,1.0,,-6.351135633995911e-05,-0.00013805417421228983,,1,,
2023-07-07,20.920000076293945,21.239999771118164,20.920000076293945,21.18000030517578,10657900,421.4519348144531,128.0,,4.0,1.0,,-4.9930596778173975e-05,-0.0001256581631516042,,0,,
2023-07-10,21.049999237060547,21.25,21.049999237060547,21.239999771118164,8670800,422.51861572265625,126.0,,4.0,1.0,,-3.673836101523037e-05,-0.00012192132762057013,,0,,
2023-07-11,21.25,21.299999237060547,21.1200008392334,21.200000762939453,6763100,425.20947265625,125.0,,4.0,1.0,,-2.954099752096985e-06,-9.661253410254017e-05,,0,,
2023-07-12,21.90999984741211,22.15999984741211,21.8799991607666,22.149999618530273,24114700,428.63067626953125,136.0,,1.0,1.0,,5.022049897733433e-05,-7.781259093948462e-05,,0,,
2023-07-13,22.489999771118164,22.780000686645508,22.40999984741211,22.780000686645508,22406700,432.0326232910156,140.0,,1.0,1.0,,0.0001181322431115971,-6.351135633995911e-05,,0,,
2023-07-14,22.790000915527344,22.959999084472656,22.709999084472656,22.860000610351562,16802400,431.7635803222656,138.0,,1.0,1.0,,0.00016860694466085276,-4.9930596778173975e-05,,0,,
2023-07-17,22.690000534057617,22.81999969482422,22.56999969482422,22.790000915527344,9095900,433.26275634765625,136.0,,1.0,1.0,,0.0001895492970918405,-3.673836101523037e-05,,0,,
2023-07-18,22.809999465942383,23.100000381469727,22.729999542236328,22.989999771118164,14763800,436.48211669921875,134.0,,1.0,1.0,,0.00020670418080209274,-2.954099752096985e-06,,0,,
2023-07-19,23.0,23.15999984741211,22.920000076293945,23.100000381469727,12889300,437.4527893066406,133.0,1.0,1.0,1.0,1.0,0.00022769993545321046,5.022049897733433e-05,,0,1.0,1.0
2023-07-20,23.100000381469727,23.1299991607666,22.670000076293945,22.68000030517578,16215100,434.55047607421875,133.0,1.0,1.0,1.0,1.0,0.00021873921099762098,0.0001181322431115971,,0,1.0,2.0
2023-07-21,22.68000030517578,22.709999084472656,22.559999465942383,22.56999969482422,11279000,434.55047607421875,131.0,1.0,1.0,1.0,1.0,0.00019276981894835918,0.00016860694466085276,,0,1.0,3.0
2023-07-24,22.399999618530273,22.459999084472656,22.260000228881836,22.329999923706055,15105400,436.49169921875,130.0,1.0,1.0,1.0,1.0,0.00013485936813330368,0.0001895492970918405,,1,1.0,4.0
2023-07-25,22.56999969482422,22.690000534057617,22.459999084472656,22.6200008392334,10753400,437.68341064453125,129.0,1.0,1.0,1.0,1.0,0.00011101201803452201,0.00020670418080209274,,0,1.0,5.0
2023-07-26,22.579999923706055,22.969999313354492,22.5,22.90999984741211,24549800,437.75067138671875,129.0,1.0,1.0,1.0,1.0,0.00010450174900865964,0.00022769993545321046,,0,1.0,6.0
2023-07-27,22.5,22.520000457763672,22.059999465942383,22.110000610351562,27325200,434.8484191894531,136.0,1.0,1.0,1.0,1.0,0.00010552833755226214,0.00021873921099762098,,0,1.0,7.0
2023-07-28,22.260000228881836,22.389999389648438,22.190000534057617,22.31999969482422,10628300,439.105712890625,134.0,1.0,1.0,1.0,1.0,0.00012524098557188093,0.00019276981894835918,,0,1.0,8.0
2023-07-31,22.479999542236328,22.790000915527344,22.479999542236328,22.690000534057617,14038900,439.9417724609375,134.0,1.0,1.0,1.0,1.0,0.0001515429696904725,0.00013485936813330368,,0,1.0,9.0
2023-08-01,22.309999465942383,22.440000534057617,22.139999389648438,22.290000915527344,11580400,438.6828918457031,134.0,1.0,1.0,1.0,1.0,0.0001800459731005152,0.00011101201803452201,,1,1.0,10.0
2023-08-02,22.190000534057617,22.219999313354492,21.700000762939453,21.75,16396700,432.5804138183594,136.0,1.0,4.0,1.0,2.0,0.00017318648308550167,0.00010450174900865964,,0,2.0,11.0
2023-08-03,21.649999618530273,21.75,21.579999923706055,21.6299991607666,16330500,431.34075927734375,135.0,1.0,4.0,1.0,2.0,0.00015935907638767988,0.00010552833755226214,,0,2.0,12.0
2023-08-04,21.68000030517578,21.829999923706055,21.59000015258789,21.65999984741211,12397000,429.3898620605469,133.0,1.0,4.0,1.0,2.0,0.00017631744027599627,0.00012524098557188093,,0,2.0,13.0
2023-08-07,21.59000015258789,21.600000381469727,21.15999984741211,21.209999084472656,11803100,433.1377868652344,134.0,1.0,4.0,1.0,2.0,0.00017599610753591324,0.0001515429696904725,,0,2.0,14.0
2023-08-08,20.8700008392334,20.989999771118164,20.799999237060547,20.899999618530273,16557900,431.25421142578125,133.0,1.0,4.0,1.0,2.0,0.0001372909915714985,0.0001800459731005152,,1,2.0,15.0
2023-08-09,20.850000381469727,21.0,20.75,20.799999237060547,11966200,428.3711853027344,131.0,1.0,4.0,1.0,2.0,8.897227226873561e-05,0.00017318648308550167,,0,2.0,16.0
2023-08-10,20.8799991607666,21.100000381469727,20.770000457763672,20.829999923706055,13574900,428.5249328613281,130.0,1.0,4.0,1.0,2.0,7.157946603303128e-05,0.00015935907638767988,,0,2.0,17.0
2023-08-11,20.81999969482422,20.959999084472656,20.760000228881836,20.799999237060547,8428800,428.27508544921875,128.0,1.0,4.0,1.0,2.0,7.572685843054759e-05,0.00017631744027599627,,0,2.0,18.0
2023-08-14,20.700000762939453,20.809999465942383,20.520000457763672,20.719999313354492,10036200,430.6391906738281,126.0,1.0,4.0,1.0,2.0,7.298771505104132e-05,0.00017599610753591324,,0,2.0,19.0
2023-08-15,20.6299991607666,20.829999923706055,20.520000457763672,20.670000076293945,11894800,425.6227111816406,124.0,1.0,4.0,1.0,2.0,6.762801299942616e-05,0.0001372909915714985,,0,2.0,20.0
2023-08-16,20.739999771118164,20.84000015258789,20.549999237060547,20.559999465942383,13151800,422.4994201660156,122.0,1.0,4.0,1.0,2.0,5.8599308222636344e-05,8.897227226873561e-05,,0,2.0,21.0
2023-08-17,21.059999465942383,21.079999923706055,20.709999084472656,20.799999237060547,16299600,419.280029296875,122.0,1.0,4.0,1.0,2.0,9.663267383861104e-05,7.157946603303128e-05,,0,2.0,22.0
2023-08-18,20.84000015258789,20.940000534057617,20.780000686645508,20.8700008392334,10430300,419.4818420410156,120.0,1.0,4.0,1.0,2.0,0.0001321945432738962,7.572685843054759e-05,,0,2.0,23.0
2023-08-21,21.309999465942383,21.3799991607666,21.010000228881836,21.360000610351562,12346300,422.21112060546875,122.0,1.0,4.0,1.0,2.0,0.00019076861894188742,7.298771505104132e-05,,0,2.0,24.0
2023-08-22,21.3700008392334,21.489999771118164,21.280000686645508,21.459999084472656,12962900,421.0674743652344,121.0,1.0,4.0,1.0,2.0,0.00021669157003667756,6.762801299942616e-05,,0,2.0,25.0
2023-08-23,22.049999237060547,22.34000015258789,22.030000686645508,22.290000915527344,25176900,425.75726318359375,130.0,1.0,1.0,1.0,1.0,0.0002487230598113414,5.8599308222636344e-05,,0,1.0,26.0
2023-08-24,22.200000762939453,22.309999465942383,22.059999465942383,22.110000610351562,13804100,419.85662841796875,128.0,1.0,1.0,1.0,1.0,0.00023281058820844198,9.663267383861104e-05,,0,1.0,27.0
2023-08-25,22.110000610351562,22.360000610351562,21.93000030517578,22.219999313354492,22742100,422.8165588378906,126.0,1.0,1.0,1.0,1.0,0.00022072529775197334,0.0001321945432738962,,0,1.0,28.0
2023-08-28,22.079999923706055,22.34000015258789,22.040000915527344,22.219999313354492,7536600,425.4977722167969,125.0,1.0,1.0,1.0,1.0,0.00023227173209468266,0.00019076861894188742,,0,1.0,29.0
2023-08-29,22.239999771118164,22.739999771118164,22.190000534057617,22.709999084472656,19726900,431.6482238769531,126.0,1.0,1.0,1.0,1.0,0.0002953811329590225,0.00021669157003667756,,0,1.0,30.0
2023-08-30,22.850000381469727,22.940000534057617,22.549999237060547,22.56999969482422,13091200,433.4261474609375,125.0,1.0,1.0,1.0,1.0,0.00033642887424816984,0.0002487230598113414,,0,1.0,31.0
2023-08-31,22.530000686645508,22.6200008392334,22.34000015258789,22.389999389648438,10536600,432.7919616699219,123.0,1.0,1.0,1.0,1.0,0.00033352849175985905,0.00023281058820844198,,0,1.0,32.0
2023-09-01,22.610000610351562,22.700000762939453,22.149999618530273,22.170000076293945,12818500,433.59906005859375,122.0,1.0,1.0,1.0,1.0,0.00026541338006695435,0.00022072529775197334,,0,1.0,33.0
2023-09-05,21.81999969482422,21.889999389648438,21.559999465942383,21.59000015258789,15054100,431.7251281738281,126.0,1.0,1.0,1.0,1.0,0.00018526336016215606,0.00023227173209468266,,1,1.0,34.0
2023-09-06,21.15999984741211,21.40999984741211,21.100000381469727,21.239999771118164,14534100,428.8228759765625,126.0,1.0,1.0,1.0,1.0,9.152472529659626e-05,0.0002953811329590225,,1,1.0,35.0
2023-09-07,21.079999923706055,21.170000076293945,21.010000228881836,21.049999237060547,10926900,427.5062561035156,125.0,1.0,1.0,1.0,1.0,3.2027527439020556e-05,0.00033642887424816984,,0,1.0,36.0
2023-09-08,21.059999465942383,21.239999771118164,20.959999084472656,21.010000228881836,11661200,428.1501159667969,123.0,1.0,1.0,1.0,1.0,-1.2101643304369911e-05,0.00033352849175985905,,0,1.0,37.0
2023-09-11,21.239999771118164,21.270000457763672,21.040000915527344,21.15999984741211,8858900,430.9659423828125,121.0,1.0,1.0,1.0,1.0,-2.8201431923443673e-05,0.00026541338006695435,,0,1.0,38.0
2023-09-12,21.0,21.219999313354492,20.969999313354492,21.1299991607666,8738500,428.6017761230469,120.0,1.0,1.0,1.0,1.0,-3.7343224589775906e-05,0.00018526336016215606,,0,1.0,39.0
2023-09-13,21.010000228881836,21.110000610351562,20.90999984741211,20.93000030517578,11886100,429.1015930175781,118.0,1.0,4.0,1.0,2.0,-5.641453455956135e-05,9.152472529659626e-05,,0,2.0,40.0
2023-09-14,20.600000381469727,20.860000610351562,20.450000762939453,20.729999542236328,26204900,432.80145263671875,117.0,4.0,4.0,1.0,8.0,-8.10319366214183e-05,3.2027527439020556e-05,,1,4.0,1.0
2023-09-15,21.190000534057617,21.350000381469727,21.100000381469727,21.110000610351562,22811300,427.5869140625,118.0,4.0,4.0,1.0,8.0,-7.551530439910463e-05,-1.2101643304369911e-05,,0,4.0,2.0
2023-09-18,21.219999313354492,21.31999969482422,21.049999237060547,21.299999237060547,11481300,427.8376770019531,117.0,4.0,4.0,1.0,8.0,-4.2365028848890363e-05,-2.8201431923443673e-05,,0,4.0,3.0
2023-09-19,21.3700008392334,21.399999618530273,21.170000076293945,21.270000457763672,10111200,426.9504089355469,115.0,4.0,4.0,1.0,8.0,-3.5397232161252136e-06,-3.7343224589775906e-05,,0,4.0,4.0
2023-09-20,21.31999969482422,21.6299991607666,21.299999237060547,21.34000015258789,17354000,423.02532958984375,114.0,4.0,4.0,1.0,8.0,1.6614930132056463e-05,-5.641453455956135e-05,,0,4.0,5.0
2023-09-21,21.040000915527344,21.520000457763672,21.0,21.440000534057617,12395300,416.033447265625,112.0,4.0,4.0,1.0,8.0,2.06771351090694e-05,-8.10319366214183e-05,,0,4.0,6.0
2023-09-22,21.649999618530273,21.75,21.559999465942383,21.579999923706055,11348500,415.0979309082031,111.0,1.0,4.0,1.0,2.0,2.4865022074138344e-05,-7.551530439910463e-05,,0,2.0,7.0
2023-09-25,21.479999542236328,21.559999465942383,21.1299991607666,21.200000762939453,14549100,416.84356689453125,112.0,1.0,4.0,1.0,2.0,2.455279977905378e-06,-4.2365028848890363e-05,,0,2.0,8.0
2023-09-26,21.0,21.15999984741211,20.940000534057617,20.959999084472656,18268200,410.71954345703125,111.0,1.0,4.0,1.0,2.0,-4.976715543849678e-05,-3.5397232161252136e-06,,0,2.0,9.0
2023-09-27,20.709999084472656,20.799999237060547,20.540000915527344,20.700000762939453,15643800,410.88348388671875,111.0,4.0,4.0,1.0,8.0,-0.0001173713594105687,1.6614930132056463e-05,,1,4.0,10.0
2023-09-28,20.639999389648438,20.84000015258789,20.530000686645508,20.739999771118164,14007700,413.2655029296875,109.0,4.0,4.0,1.0,8.0,-0.00015981179577271147,2.06771351090694e-05,,0,4.0,11.0
2023-09-29,21.389999389648438,21.43000030517578,20.270000457763672,20.34000015258789,36658600,412.2625732421875,111.0,4.0,4.0,1.0,8.0,-0.00019564373590716852,2.4865022074138344e-05,,0,4.0,12.0
2023-10-02,19.690000534057617,19.739999771118164,19.399999618530273,19.420000076293945,41002700,412.0986328125,126.0,4.0,4.0,4.0,12.0,-0.00026073451721616626,2.455279977905378e-06,,1,4.0,13.0
2023-10-03,19.260000228881836,19.6200008392334,19.209999084472656,19.440000534057617,32235800,406.5822448730469,124.0,4.0,4.0,4.0,12.0,-0.00035066381502323307,-4.976715543849678e-05,,0,4.0,14.0
2023-10-04,19.40999984741211,19.420000076293945,18.969999313354492,19.309999465942383,25141000,409.5429382324219,123.0,4.0,4.0,4.0,12.0,-0.00042706472268962933,-0.0001173713594105687,,0,4.0,15.0
2023-10-05,19.31999969482422,19.399999618530273,18.979999542236328,19.25,16430500,409.388671875,121.0,4.0,4.0,4.0,12.0,-0.00047512456608827673,-0.00015981179577271147,,0,4.0,16.0
2023-10-06,19.65999984741211,19.81999969482422,19.260000228881836,19.729999542236328,28298500,414.24920654296875,124.0,4.0,4.0,4.0,12.0,-0.0004658256103402833,-0.00019564373590716852,,0,4.0,17.0
2023-10-09,19.84000015258789,20.079999923706055,19.799999237060547,20.059999465942383,13077400,416.9013977050781,124.0,4.0,4.0,4.0,12.0,-0.0004311955943131879,-0.00026073451721616626,,0,4.0,18.0
2023-10-10,19.969999313354492,20.079999923706055,19.8799991607666,19.979999542236328,12115000,419.0712585449219,123.0,4.0,4.0,4.0,12.0,-0.0003905758187930869,-0.00035066381502323307,,0,4.0,19.0
2023-10-11,20.190000534057617,20.270000457763672,20.06999969482422,20.18000030517578,20080500,420.7878723144531,121.0,4.0,4.0,4.0,12.0,-0.0003878443585086063,-0.00042706472268962933,,0,4.0,20.0
2023-10-12,20.239999771118164,20.31999969482422,19.93000030517578,19.959999084472656,16915500,418.22265625,121.0,4.0,4.0,4.0,12.0,-0.0003986234903743287,-0.00047512456608827673,,0,4.0,21.0
2023-10-13,20.489999771118164,20.90999984741211,20.469999313354492,20.780000686645508,28957500,416.139404296875,131.0,4.0,4.0,4.0,12.0,-0.00035367974092673937,-0.0004658256103402833,,0,4.0,22.0
2023-10-16,20.719999313354492,20.829999923706055,20.65999984741211,20.68000030517578,11982500,420.5178527832031,129.0,4.0,4.0,4.0,12.0,-0.0003084648658476097,-0.0004311955943131879,,0,4.0,23.0
2023-10-17,20.790000915527344,21.09000015258789,20.729999542236328,20.920000076293945,16482000,420.49853515625,128.0,4.0,1.0,4.0,11.0,-0.00023441755768303292,-0.0003905758187930869,,0,2.0,24.0
2023-10-18,21.209999084472656,21.329999923706055,20.780000686645508,20.950000762939453,20065700,414.8953857421875,126.0,4.0,1.0,4.0,11.0,-0.00020014598173639142,-0.0003878443585086063,,0,2.0,25.0
2023-10-19,20.940000534057617,21.15999984741211,20.75,21.110000610351562,20356700,411.2499694824219,125.0,4.0,1.0,4.0,11.0,-0.00015526413990948171,-0.0003986234903743287,,0,2.0,26.0
2023-10-20,21.15999984741211,21.719999313354492,21.15999984741211,21.399999618530273,35245700,406.1965026855469,124.0,4.0,1.0,4.0,11.0,-0.00011893662166863085,-0.00035367974092673937,,0,2.0,27.0
2023-10-23,21.200000762939453,21.270000457763672,21.0,21.049999237060547,14074100,405.492431640625,125.0,4.0,1.0,4.0,11.0,-0.0001224804550904621,-0.0003084648658476097,,0,2.0,28.0
2023-10-24,20.920000076293945,21.09000015258789,20.860000610351562,21.020000457763672,11491700,408.5496520996094,123.0,4.0,1.0,4.0,11.0,-0.000139783669973243,-0.00023441755768303292,,0,2.0,29.0
2023-10-25,20.90999984741211,21.079999923706055,20.670000076293945,20.940000534057617,17639800,402.68609619140625,121.0,4.0,1.0,4.0,11.0,-0.00018599754596525285,-0.00020014598173639142,,0,2.0,30.0
2023-10-26,20.90999984741211,20.969999313354492,20.56999969482422,20.850000381469727,14326600,397.8640441894531,119.0,4.0,1.0,4.0,11.0,-0.00019149034465304658,-0.00015526413990948171,,0,2.0,31.0
2023-10-27,20.920000076293945,21.190000534057617,20.760000228881836,21.18000030517578,18630000,396.0606384277344,120.0,4.0,1.0,4.0,11.0,-0.00018392869376676624,-0.00011893662166863085,,0,2.0,32.0
2023-10-30,21.59000015258789,21.610000610351562,21.229999542236328,21.34000015258789,15304600,400.79583740234375,118.0,4.0,1.0,4.0,11.0,-0.0001602195448616836,-0.0001224804550904621,,0,2.0,33.0
2023-10-31,21.139999389648438,21.360000610351562,20.84000015258789,20.979999542236328,17624900,403.3130187988281,119.0,4.0,1.0,4.0,11.0,-0.0001605934921929876,-0.000139783669973243,,0,2.0,34.0
2023-11-01,20.81999969482422,21.09000015258789,20.65999984741211,20.969999313354492,25224400,407.6141662597656,117.0,4.0,1.0,4.0,11.0,-0.00015043720602803674,-0.00018599754596525285,,0,2.0,35.0
2023-11-02,21.06999969482422,21.100000381469727,20.770000457763672,20.8700008392334,12232500,415.42584228515625,115.0,4.0,1.0,4.0,11.0,-0.00014862368243203877,-0.00019149034465304658,,0,2.0,36.0
2023-11-03,21.030000686645508,21.350000381469727,20.989999771118164,21.219999313354492,21259900,419.2159423828125,116.0,4.0,1.0,4.0,11.0,-0.00011799400905228724,-0.00018392869376676624,,0,2.0,37.0
2023-11-06,21.219999313354492,21.229999542236328,21.06999969482422,21.079999923706055,10278200,420.1803283691406,115.0,4.0,1.0,4.0,11.0,-9.901271774112259e-05,-0.0001602195448616836,,0,2.0,38.0
2023-11-07,20.729999542236328,20.760000228881836,20.56999969482422,20.729999542236328,16082200,421.3761901855469,115.0,4.0,1.0,4.0,11.0,-8.910610275242473e-05,-0.0001605934921929876,,1,2.0,39.0
2023-11-08,20.809999465942383,20.940000534057617,20.6200008392334,20.649999618530273,14361200,421.6848449707031,114.0,4.0,1.0,4.0,11.0,-8.394020979462294e-05,-0.00015043720602803674,,0,2.0,40.0
2023-11-09,20.75,21.06999969482422,20.649999618530273,20.690000534057617,18732000,418.3961486816406,112.0,4.0,1.0,4.0,11.0,-9.5391343689905e-05,-0.00014862368243203877,,0,2.0,41.0
2023-11-10,20.549999237060547,20.600000381469727,20.34000015258789,20.34000015258789,14049800,424.9250793457031,113.0,4.0,1.0,4.0,11.0,-9.672410599905357e-05,-0.00011799400905228724,,1,2.0,42.0
2023-11-13,20.18000030517578,20.489999771118164,20.100000381469727,20.43000030517578,11091100,424.5201721191406,111.0,4.0,1.0,3.0,9.0,-6.762676734533154e-05,-9.901271774112259e-05,,0,2.0,43.0
2023-11-14,20.920000076293945,21.239999771118164,20.8700008392334,21.170000076293945,21723900,432.75616455078125,120.0,4.0,1.0,3.0,9.0,2.015410207236957e-05,-8.910610275242473e-05,,0,2.0,44.0
2023-11-15,21.360000610351562,21.520000457763672,21.239999771118164,21.450000762939453,18585600,433.6722717285156,119.0,4.0,1.0,3.0,9.0,0.0001409673440909441,-8.394020979462294e-05,,0,2.0,45.0
2023-11-16,21.8799991607666,22.059999465942383,21.729999542236328,21.760000228881836,20259200,434.2027282714844,119.0,4.0,1.0,3.0,9.0,0.00023163482360938066,-9.5391343689905e-05,,0,2.0,46.0
2023-11-17,21.790000915527344,21.860000610351562,21.68000030517578,21.75,12296000,434.7428283691406,117.0,4.0,1.0,3.0,9.0,0.00025562595512979735,-9.672410599905357e-05,,0,2.0,47.0
2023-11-20,21.420000076293945,21.610000610351562,21.3799991607666,21.479999542236328,9559600,438.0892639160156,117.0,4.0,1.0,3.0,9.0,0.00021386539586940655,-6.762676734533154e-05,,1,2.0,48.0
2023-11-21,21.8799991607666,22.0,21.739999771118164,21.770000457763672,15213000,437.1344299316406,117.0,4.0,1.0,3.0,9.0,0.00017266789579216014,2.015410207236957e-05,,0,2.0,49.0
2023-11-22,21.700000762939453,21.81999969482422,21.56999969482422,21.670000076293945,11143900,438.82220458984375,115.0,4.0,1.0,3.0,9.0,0.00014320417084576673,0.0001409673440909441,,0,2.0,50.0
2023-11-24,22.020000457763672,22.290000915527344,22.0,22.270000457763672,10803300,439.0921630859375,119.0,1.0,1.0,3.0,3.0,0.00019074790766589991,0.00023163482360938066,,0,1.0,1.0
2023-11-27,22.670000076293945,22.709999084472656,22.5,22.559999465942383,19785600,438.3015441894531,119.0,1.0,1.0,3.0,3.0,0.00021372080834773123,0.00025562595512979735,,0,1.0,2.0
2023-11-28,22.68000030517578,22.920000076293945,22.59000015258789,22.920000076293945,17064400,438.73541259765625,119.0,1.0,1.0,3.0,3.0,0.0002664032803962315,0.00021386539586940655,,0,1.0,3.0
2023-11-29,22.959999084472656,23.1299991607666,22.81999969482422,22.8799991607666,16675200,438.4267883300781,117.0,1.0,1.0,3.0,3.0,0.0002475438607462087,0.00017266789579216014,,0,1.0,4.0
2023-11-30,22.969999313354492,23.149999618530273,22.850000381469727,23.1299991607666,14364300,440.153076171875,117.0,1.0,1.0,3.0,3.0,0.00025735855238247983,0.00014320417084576673,,0,1.0,5.0
2023-12-01,23.09000015258789,23.3700008392334,23.049999237060547,23.329999923706055,22107800,442.7569885253906,115.0,1.0,1.0,3.0,3.0,0.0002542749251219051,0.00019074790766589991,,0,1.0,6.0
2023-12-04,22.75,22.920000076293945,22.360000610351562,22.459999084472656,30668300,440.4327697753906,125.0,1.0,1.0,3.0,3.0,0.00022858210850531068,0.00021372080834773123,,1,1.0,7.0
2023-12-05,22.280000686645508,22.3799991607666,21.950000762939453,22.1200008392334,27205100,440.34600830078125,125.0,1.0,1.0,3.0,3.0,0.00017581148045107132,0.0002664032803962315,,0,1.0,8.0
2023-12-06,22.170000076293945,22.200000762939453,21.8700008392334,21.93000030517578,13374500,438.5715026855469,123.0,1.0,1.0,3.0,3.0,0.00010287505603792916,0.0002475438607462087,,0,1.0,9.0
2023-12-07,21.889999389648438,21.90999984741211,21.600000381469727,21.790000915527344,16758500,441.91790771484375,122.0,1.0,4.0,3.0,4.0,7.159044208015852e-05,0.00025735855238247983,,0,2.0,10.0
2023-12-08,21.350000381469727,21.559999465942383,21.020000457763672,21.100000381469727,28746500,443.8178405761719,128.0,4.0,4.0,4.0,12.0,4.244821750381654e-05,0.0002542749251219051,,1,4.0,1.0
2023-12-11,20.969999313354492,21.0,20.809999465942383,20.90999984741211,22883700,445.5440979003906,127.0,4.0,4.0,4.0,12.0,1.2713512156366301e-05,0.00022858210850531068,,1,4.0,2.0
2023-12-12,20.969999313354492,20.979999542236328,20.780000686645508,20.84000015258789,12118700,447.5789794921875,125.0,4.0,4.0,4.0,12.0,-4.779247774057775e-06,0.00017581148045107132,,0,4.0,3.0
2023-12-13,20.75,21.780000686645508,20.610000610351562,21.770000457763672,35068000,453.75115966796875,137.0,4.0,4.0,4.0,12.0,3.842244716417083e-05,0.00010287505603792916,,0,4.0,4.0
2023-12-14,21.989999771118164,22.18000030517578,21.989999771118164,22.149999618530273,21384100,455.2073974609375,137.0,4.0,4.0,4.0,12.0,9.93583230292391e-05,7.159044208015852e-05,,0,4.0,5.0
2023-12-15,21.979999542236328,22.030000686645508,21.75,21.829999923706055,13078000,454.4578857421875,136.0,4.0,4.0,4.0,12.0,0.00014579990494666202,4.244821750381654e-05,,0,4.0,6.0
2023-12-18,21.8799991607666,21.8799991607666,21.65999984741211,21.799999237060547,12927400,457.0142517089844,134.0,4.0,4.0,4.0,12.0,0.00013608610083388375,1.2713512156366301e-05,,0,4.0,7.0
2023-12-19,21.90999984741211,22.1299991607666,21.889999389648438,22.030000686645508,12752700,459.7933349609375,133.0,4.0,4.0,4.0,12.0,0.00013343077170427535,-4.779247774057775e-06,,0,4.0,8.0
2023-12-20,22.260000228881836,22.309999465942383,22.040000915527344,22.040000915527344,12523600,453.4218444824219,131.0,4.0,4.0,4.0,12.0,0.00015097666286820386,3.842244716417083e-05,,0,4.0,9.0
2023-12-21,22.280000686645508,22.420000076293945,22.200000762939453,22.309999465942383,17063600,457.72113037109375,130.0,1.0,4.0,4.0,6.0,0.00018806028542717214,9.93583230292391e-05,,0,2.0,10.0
2023-12-22,22.40999984741211,22.530000686645508,22.049999237060547,22.1200008392334,17235800,458.6409912109375,129.0,1.0,4.0,4.0,6.0,0.00019302150302546195,0.00014579990494666202,,0,2.0,11.0
2023-12-26,22.209999084472656,22.219999313354492,22.040000915527344,22.200000762939453,11861700,460.57769775390625,127.0,1.0,1.0,4.0,5.0,0.00021617410306431034,0.00013608610083388375,,0,2.0,12.0
2023-12-27,22.100000381469727,22.399999618530273,22.09000015258789,22.229999542236328,13898400,461.41046142578125,125.0,1.0,1.0,4.0,5.0,0.00021937499568543906,0.00013343077170427535,,0,2.0,13.0
2023-12-28,22.170000076293945,22.25,21.959999084472656,21.989999771118164,11257800,461.5846862792969,124.0,1.0,1.0,4.0,5.0,0.0002047021692041039,0.00015097666286820386,,0,2.0,14.0
2023-12-29,21.6200008392334,21.950000762939453,21.559999465942383,21.780000686645508,13161200,460.2484130859375,123.0,1.0,1.0,4.0,5.0,0.00015015123020697106,0.00018806028542717214,,1,2.0,15.0
2024-01-02,21.889999389648438,21.989999771118164,21.639999389648438,21.649999618530273,13277800,457.6726989746094,121.0,4.0,1.0,4.0,11.0,6.790425109087316e-05,0.00019302150302546195,,0,2.0,16.0
2024-01-03,21.079999923706055,21.219999313354492,20.90999984741211,21.059999465942383,26373800,453.93505859375,125.0,4.0,1.0,4.0,11.0,-2.863259076157942e-05,0.00021617410306431034,,1,2.0,17.0
2024-01-04,20.920000076293945,21.100000381469727,20.770000457763672,21.079999923706055,11972000,452.47283935546875,123.0,4.0,1.0,4.0,11.0,-0.00010740382967080812,0.00021937499568543906,,0,2.0,18.0
2024-01-05,21.149999618530273,21.530000686645508,21.030000686645508,21.209999084472656,21401800,453.0926513671875,122.0,4.0,4.0,4.0,12.0,-0.00014992486416315364,0.0002047021692041039,,0,4.0,19.0
2024-01-08,21.06999969482422,21.25,21.0,21.1299991607666,9527900,459.5608825683594,120.0,4.0,4.0,4.0,12.0,-0.0001529194576656204,0.00015015123020697106,,0,4.0,20.0
2024-01-09,21.219999313354492,21.25,20.959999084472656,21.0,10772300,458.86376953125,119.0,4.0,4.0,4.0,12.0,-0.0001799366268992229,6.790425109087316e-05,,0,4.0,21.0
2024-01-10,20.93000030517578,21.020000457763672,20.850000381469727,20.940000534057617,12093700,461.4587707519531,117.0,4.0,4.0,4.0,12.0,-0.0002133076939886424,-2.863259076157942e-05,,0,4.0,22.0
2024-01-11,20.969999313354492,21.06999969482422,20.56999969482422,20.81999969482422,21816100,461.2554931640625,115.0,4.0,4.0,3.0,10.0,-0.000250653754025714,-0.00010740382967080812,,0,4.0,23.0
2024-01-12,21.389999389648438,21.540000915527344,21.110000610351562,21.190000534057617,18914500,461.5749816894531,116.0,4.0,4.0,3.0,10.0,-0.0002418912575389904,-0.00014992486416315364,,0,4.0,24.0
2024-01-16,21.139999389648438,21.170000076293945,20.920000076293945,20.959999084472656,16953000,459.88043212890625,116.0,4.0,4.0,3.0,10.0,-0.00025155057789118495,-0.0001529194576656204,,0,4.0,25.0
2024-01-17,20.780000686645508,20.799999237060547,20.610000610351562,20.649999618530273,18249100,457.3241271972656,116.0,4.0,4.0,3.0,10.0,-0.0002754994636925924,-0.0001799366268992229,,1,4.0,26.0
2024-01-18,20.559999465942383,20.84000015258789,20.540000915527344,20.809999465942383,10585900,461.39105224609375,114.0,4.0,4.0,3.0,10.0,-0.0002827584335011927,-0.0002133076939886424,,0,4.0,27.0
2024-01-19,20.770000457763672,20.770000457763672,20.559999465942383,20.670000076293945,12574500,467.1427917480469,113.0,4.0,4.0,3.0,10.0,-0.00027290272839256723,-0.000250653754025714,,0,4.0,28.0
2024-01-22,20.1200008392334,20.40999984741211,20.06999969482422,20.219999313354492,18292200,468.1304626464844,115.0,4.0,4.0,3.0,10.0,-0.0002644656749088043,-0.0002418912575389904,,1,4.0,29.0
2024-01-23,20.440000534057617,20.559999465942383,20.399999618530273,20.530000686645508,13096700,469.49578857421875,116.0,4.0,4.0,3.0,10.0,-0.00026719764925359804,-0.00025155057789118495,,0,4.0,30.0
2024-01-24,20.979999542236328,21.0,20.700000762939453,20.709999084472656,24238800,470.009033203125,114.0,4.0,4.0,3.0,10.0,-0.0002247570175921324,-0.0002754994636925924,,0,4.0,31.0
2024-01-25,20.950000762939453,21.06999969482422,20.790000915527344,20.940000534057617,15755400,472.5653381347656,114.0,4.0,4.0,3.0,10.0,-0.00013446956276252532,-0.0002827584335011927,,0,4.0,32.0
2024-01-26,20.809999465942383,20.920000076293945,20.770000457763672,20.860000610351562,7980600,471.9649963378906,112.0,4.0,4.0,3.0,10.0,-7.812169417136635e-05,-0.00027290272839256723,,0,4.0,33.0
2024-01-29,21.030000686645508,21.25,20.84000015258789,21.209999084472656,14309400,475.7026672363281,113.0,1.0,4.0,3.0,4.0,-5.398764960292307e-05,-0.0002644656749088043,,0,2.0,34.0
2024-01-30,21.290000915527344,21.329999923706055,20.989999771118164,21.190000534057617,10734400,475.3347473144531,111.0,1.0,4.0,3.0,4.0,-5.212503858906429e-05,-0.00026719764925359804,,0,2.0,35.0
2024-01-31,21.200000762939453,21.350000381469727,20.84000015258789,20.90999984741211,19870400,467.5785827636719,111.0,4.0,4.0,3.0,10.0,-5.102929861995135e-05,-0.0002247570175921324,,0,4.0,36.0
2024-02-01,20.940000534057617,21.280000686645508,20.8799991607666,21.209999084472656,28714400,473.6982727050781,111.0,4.0,4.0,3.0,10.0,-4.100528722431981e-05,-0.00013446956276252532,,0,4.0,37.0
2024-02-02,20.610000610351562,20.790000915527344,20.5,20.75,24324400,478.68511962890625,113.0,4.0,4.0,3.0,10.0,-5.89350047053887e-05,-7.812169417136635e-05,,1,4.0,38.0
2024-02-05,20.440000534057617,20.549999237060547,20.3799991607666,20.469999313354492,16531700,476.9421081542969,113.0,4.0,4.0,3.0,10.0,-8.486150818991819e-05,-5.398764960292307e-05,,0,4.0,39.0
2024-02-06,20.43000030517578,20.579999923706055,20.389999389648438,20.510000228881836,9007500,478.3267822265625,112.0,4.0,4.0,3.0,10.0,-0.00012914710407321576,-5.212503858906429e-05,,0,4.0,40.0
2024-02-07,20.43000030517578,20.540000915527344,20.31999969482422,20.329999923706055,12084100,482.3162841796875,111.0,4.0,4.0,3.0,10.0,-0.00014706630549637045,-5.102929861995135e-05,,0,4.0,41.0
2024-02-08,20.440000534057617,20.709999084472656,20.3799991607666,20.649999618530273,16547600,482.529296875,111.0,4.0,4.0,3.0,10.0,-0.00014288419944841785,-4.100528722431981e-05,,0,4.0,42.0
2024-02-09,20.559999465942383,20.719999313354492,20.459999084472656,20.68000030517578,10620900,485.31805419921875,109.0,4.0,1.0,3.0,9.0,-0.0001361994838631566,-5.89350047053887e-05,,0,2.0,43.0
2024-02-12,20.6299991607666,20.84000015258789,20.600000381469727,20.760000228881836,11006500,485.10504150390625,108.0,4.0,1.0,3.0,9.0,-0.00013001470296920422,-8.486150818991819e-05,,0,2.0,44.0
2024-02-13,20.43000030517578,20.440000534057617,20.110000610351562,20.200000762939453,22824200,478.42364501953125,113.0,4.0,4.0,3.0,10.0,-0.00015803184325714268,-0.00012914710407321576,,1,4.0,45.0
2024-02-14,20.229999542236328,20.549999237060547,20.209999084472656,20.440000534057617,13085100,482.77130126953125,112.0,4.0,4.0,3.0,10.0,-0.00018905499539313483,-0.00014706630549637045,,0,4.0,46.0
2024-02-15,20.84000015258789,21.079999923706055,20.829999923706055,20.940000534057617,26720400,486.1024169921875,115.0,4.0,4.0,3.0,10.0,-0.00017140420828523132,-0.00014288419944841785,,0,4.0,47.0
2024-02-16,21.06999969482422,21.5,20.90999984741211,21.389999389648438,20251800,483.68157958984375,117.0,4.0,1.0,3.0,9.0,-0.00011006636961017738,-0.0001361994838631566,,0,2.0,48.0
2024-02-20,21.170000076293945,21.190000534057617,21.030000686645508,21.06999969482422,9047200,481.01873779296875,117.0,4.0,1.0,3.0,9.0,-6.55273521228652e-05,-0.00013001470296920422,,0,2.0,49.0
2024-02-21,21.09000015258789,21.100000381469727,20.81999969482422,20.959999084472656,9408700,481.4544677734375,116.0,4.0,1.0,3.0,9.0,-8.264060892625403e-05,-0.00015803184325714268,,0,2.0,50.0
2024-02-22,20.920000076293945,20.969999313354492,20.799999237060547,20.81999969482422,16728600,491.41839599609375,114.0,4.0,1.0,3.0,9.0,-0.00011705436947702238,-0.00018905499539313483,,0,2.0,51.0
2024-02-23,20.799999237060547,21.040000915527344,20.690000534057617,20.989999771118164,15186500,491.75732421875,113.0,4.0,1.0,3.0,9.0,-0.00011991569118366292,-0.00017140420828523132,,0,2.0,52.0
2024-02-26,20.610000610351562,20.690000534057617,20.540000915527344,20.6200008392334,14409300,489.9562072753906,114.0,4.0,1.0,3.0,9.0,-0.00011553058685440284,-0.00011006636961017738,,0,2.0,53.0
2024-02-27,20.719999313354492,20.739999771118164,20.510000228881836,20.56999969482422,10175100,490.86651611328125,112.0,4.0,1.0,3.0,9.0,-0.00011371220794136375,-6.55273521228652e-05,,0,2.0,54.0
2024-02-28,20.510000228881836,20.559999465942383,20.450000762939453,20.549999237060547,8303800,490.2177429199219,111.0,4.0,1.0,3.0,9.0,-0.00010782520363537177,-8.264060892625403e-05,,0,2.0,55.0
2024-02-29,20.75,20.790000915527344,20.6200008392334,20.729999542236328,10459600,491.97998046875,110.0,4.0,1.0,3.0,9.0,-6.651134554422226e-05,-0.00011705436947702238,,0,2.0,56.0
2024-03-01,20.799999237060547,21.280000686645508,20.639999389648438,21.170000076293945,23570200,496.5988464355469,112.0,4.0,1.0,3.0,9.0,-7.609771358001246e-06,-0.00011991569118366292,,0,2.0,57.0
2024-03-04,21.43000030517578,21.899999618530273,21.389999389648438,21.860000610351562,26016600,496.0663146972656,119.0,4.0,1.0,3.0,9.0,7.128417326235018e-05,-0.00011553058685440284,,0,2.0,58.0
2024-03-05,21.959999084472656,22.059999465942383,21.639999389648438,21.670000076293945,22277000,491.1085510253906,117.0,4.0,1.0,3.0,9.0,0.0001297390675894612,-0.00011371220794136375,,0,2.0,59.0
2024-03-06,21.860000610351562,22.229999542236328,21.860000610351562,22.100000381469727,31037700,493.5970764160156,119.0,1.0,1.0,3.0,3.0,0.00018863830303179167,-0.00010782520363537177,,0,1.0,1.0
2024-03-07,22.139999389648438,22.40999984741211,22.1200008392334,22.239999771118164,18890500,498.4967346191406,117.0,1.0,1.0,3.0,3.0,0.00021908089920256706,-6.651134554422226e-05,,0,1.0,2.0
2024-03-08,22.229999542236328,22.450000762939453,22.1200008392334,22.229999542236328,27245900,495.5046691894531,116.0,1.0,1.0,3.0,3.0,0.00022630128744127636,-7.609771358001246e-06,,0,1.0,3.0
2024-03-11,22.329999923706055,22.440000534057617,22.239999771118164,22.350000381469727,15364500,495.0786437988281,114.0,1.0,1.0,3.0,3.0,0.00022150294666180615,7.128417326235018e-05,,0,1.0,4.0
2024-03-12,22.209999084472656,22.219999313354492,21.969999313354492,22.09000015258789,16339600,500.4043884277344,114.0,1.0,1.0,3.0,3.0,0.00018524390434679979,0.0001297390675894612,,1,1.0,5.0
2024-03-13,22.309999465942383,22.8799991607666,22.260000228881836,22.790000915527344,27121500,499.6199645996094,120.0,1.0,1.0,3.0,3.0,0.00020047815592123035,0.00018863830303179167,,0,1.0,6.0
2024-03-14,22.90999984741211,22.940000534057617,22.6200008392334,22.729999542236328,14705300,498.6323547363281,118.0,1.0,1.0,3.0,3.0,0.00021448611605911217,0.00021908089920256706,,0,1.0,7.0
2024-03-15,23.049999237060547,23.280000686645508,22.969999313354492,23.030000686645508,28077900,495.20843505859375,118.0,1.0,1.0,3.0,3.0,0.0002546413979282158,0.00022630128744127636,,0,1.0,8.0
2024-03-18,23.1299991607666,23.1299991607666,22.850000381469727,22.90999984741211,11920400,498.1515197753906,116.0,1.0,1.0,3.0,3.0,0.0002820992704873707,0.00022150294666180615,,0,1.0,9.0
2024-03-19,22.790000915527344,22.84000015258789,22.6200008392334,22.790000915527344,13406900,500.9197692871094,115.0,1.0,1.0,3.0,3.0,0.00031697378752943366,0.00018524390434679979,,1,1.0,10.0
2024-03-20,22.709999084472656,23.450000762939453,22.700000762939453,23.290000915527344,31945100,505.552978515625,117.0,1.0,1.0,3.0,3.0,0.0003822100173185555,0.00020047815592123035,,0,1.0,11.0
2024-03-21,23.139999389648438,23.15999984741211,22.530000686645508,22.649999618530273,31163600,507.2236633300781,121.0,1.0,1.0,3.0,3.0,0.00039121964796450106,0.00021448611605911217,,0,1.0,12.0
2024-03-22,22.649999618530273,22.81999969482422,22.520000457763672,22.559999465942383,17183600,506.2620544433594,119.0,1.0,1.0,3.0,3.0,0.0003865872298069801,0.0002546413979282158,,0,1.0,13.0
2024-03-25,22.600000381469727,22.729999542236328,22.549999237060547,22.579999923706055,10066700,504.86334228515625,118.0,1.0,1.0,3.0,3.0,0.000377247667142616,0.0002820992704873707,,0,1.0,14.0
2024-03-26,22.610000610351562,22.6200008392334,22.290000915527344,22.34000015258789,18183600,503.930908203125,117.0,1.0,1.0,3.0,3.0,0.0003869715528203341,0.00031697378752943366,,0,1.0,15.0
2024-03-27,22.34000015258789,22.559999465942383,22.34000015258789,22.510000228881836,12551800,508.16583251953125,115.0,1.0,1.0,3.0,3.0,0.00043491868734237845,0.0003822100173185555,,0,1.0,16.0
2024-03-28,22.479999542236328,22.799999237060547,22.420000076293945,22.75,29105400,508.0686950683594,115.0,1.0,1.0,3.0,3.0,0.000462624851966799,0.00039121964796450106,,0,1.0,17.0
2024-04-01,23.190000534057617,23.200000762939453,22.6299991607666,22.860000610351562,22490700,507.1847839355469,113.0,1.0,1.0,3.0,3.0,0.0004814994469869133,0.0003865872298069801,,0,1.0,18.0
2024-04-02,23.329999923706055,23.899999618530273,23.239999771118164,23.84000015258789,58416700,503.9600524902344,125.0,1.0,1.0,4.0,5.0,0.0004756428052456944,0.000377247667142616,,0,2.0,19.0
2024-04-03,24.270000457763672,24.760000228881836,24.170000076293945,24.729999542236328,61360100,504.5135803222656,133.0,1.0,1.0,4.0,5.0,0.0005072008328068959,0.0003869715528203341,,0,2.0,20.0
2024-04-04,24.56999969482422,24.950000762939453,24.389999389648438,24.489999771118164,54231400,498.3554992675781,132.0,1.0,1.0,4.0,5.0,0.0005514459088986689,0.00043491868734237845,,0,2.0,21.0
2024-04-05,24.489999771118164,25.139999389648438,24.389999389648438,25.030000686645508,43238200,503.5617370605469,133.0,1.0,1.0,4.0,5.0,0.0006214509927761029,0.000462624851966799,,0,2.0,22.0
2024-04-08,25.360000610351562,25.489999771118164,24.899999618530273,25.399999618530273,40708900,503.8433532714844,133.0,1.0,1.0,4.0,5.0,0.0006373706616722712,0.0004814994469869133,,0,2.0,23.0
2024-04-09,25.75,25.899999618530273,25.260000228881836,25.719999313354492,40950600,504.4263000488281,132.0,1.0,1.0,4.0,5.0,0.0007000223657279964,0.0004756428052456944,,0,2.0,24.0
2024-04-10,25.329999923706055,26.079999923706055,25.170000076293945,25.450000762939453,50614100,499.37542724609375,131.0,1.0,1.0,4.0,5.0,0.0007088410716440812,0.0005072008328068959,,0,2.0,25.0
2024-04-11,25.690000534057617,26.040000915527344,25.3799991607666,26.010000228881836,28595200,503.14410400390625,132.0,1.0,1.0,4.0,5.0,0.0007537443358273675,0.0005514459088986689,,0,2.0,26.0
2024-04-12,26.799999237060547,27.239999771118164,25.520000457763672,25.6299991607666,117678300,496.1992492675781,132.0,1.0,1.0,4.0,5.0,0.0007361460743817771,0.0006214509927761029,,0,2.0,27.0
2024-04-15,26.209999084472656,26.420000076293945,25.690000534057617,26.40999984741211,51965100,489.9827575683594,136.0,1.0,1.0,4.0,5.0,0.000738897780497785,0.0006373706616722712,,0,2.0,28.0
2024-04-16,26.06999969482422,26.06999969482422,25.549999237060547,25.799999237060547,56256200,489.0890808105469,138.0,1.0,1.0,4.0,5.0,0.0006700722055681093,0.0007000223657279964,,0,2.0,29.0
2024-04-17,26.1299991607666,26.34000015258789,25.709999084472656,25.850000381469727,46667300,486.1945495605469,136.0,1.0,1.0,4.0,5.0,0.0006415218468019036,0.0007088410716440812,,0,2.0,30.0
2024-04-18,26.110000610351562,26.15999984741211,25.739999771118164,25.860000610351562,26818200,485.194091796875,134.0,1.0,1.0,4.0,5.0,0.0006008684184025582,0.0007537443358273675,,0,2.0,31.0
2024-04-19,25.93000030517578,26.31999969482422,25.899999618530273,26.200000762939453,29321200,480.95916748046875,133.0,1.0,1.0,4.0,5.0,0.0006183049850339295,0.0007361460743817771,,0,2.0,32.0
2024-04-22,24.950000762939453,25.190000534057617,24.790000915527344,24.93000030517578,37156900,485.388427734375,147.0,1.0,1.0,4.0,5.0,0.0005440163118254326,0.000738897780497785,,1,2.0,33.0
2024-04-23,24.65999984741211,25.040000915527344,24.6299991607666,24.989999771118164,37046800,491.1483154296875,145.0,1.0,1.0,4.0,5.0,0.0004763801829669628,0.0006700722055681093,,0,2.0,34.0
2024-04-24,24.8799991607666,25.049999237060547,24.780000686645508,24.899999618530273,19783600,490.9151916503906,143.0,1.0,1.0,4.0,5.0,0.00040761256114842803,0.0006415218468019036,,0,2.0,35.0
2024-04-25,24.860000610351562,25.219999313354492,24.809999465942383,25.059999465942383,32678400,489.05023193359375,141.0,1.0,1.0,4.0,5.0,0.00041064263330776833,0.0006008684184025582,,0,2.0,36.0
2024-04-26,25.190000534057617,25.219999313354492,24.75,24.889999389648438,26821300,493.6835021972656,140.0,1.0,4.0,4.0,6.0,0.000413303033435448,0.0006183049850339295,,0,2.0,37.0
2024-04-29,24.8700008392334,25.079999923706055,24.68000030517578,24.829999923706055,23922200,495.43182373046875,138.0,1.0,4.0,4.0,6.0,0.000386889181689434,0.0005440163118254326,,0,2.0,38.0
2024-04-30,24.239999771118164,24.3700008392334,24.020000457763672,24.049999237060547,32400100,487.58355712890625,142.0,1.0,4.0,4.0,6.0,0.00034035985236045103,0.0004763801829669628,,1,2.0,39.0
2024-05-01,24.18000030517578,24.649999618530273,24.09000015258789,24.270000457763672,42815400,486.00030517578125,141.0,1.0,4.0,4.0,6.0,0.0003177681994921504,0.00040761256114842803,,0,2.0,40.0
2024-05-02,23.950000762939453,24.469999313354492,23.920000076293945,24.360000610351562,24968800,490.54608154296875,139.0,1.0,4.0,4.0,6.0,0.00030960671306830425,0.00041064263330776833,,0,2.0,41.0
2024-05-03,24.209999084472656,24.299999237060547,23.8700008392334,24.219999313354492,26859100,496.6265869140625,137.0,1.0,4.0,4.0,6.0,0.0003373790574541628,0.000413303033435448,,0,2.0,42.0
2024-05-06,24.989999771118164,25.1299991607666,24.829999923706055,25.06999969482422,27627400,501.7550964355469,143.0,1.0,4.0,4.0,6.0,0.0003831244948174658,0.000386889181689434,,0,2.0,43.0
2024-05-07,25.030000686645508,25.100000381469727,24.8799991607666,24.920000076293945,14811500,502.3088073730469,141.0,1.0,4.0,4.0,6.0,0.00042431436367279025,0.00034035985236045103,,0,2.0,44.0
2024-05-08,24.889999389648438,25.1200008392334,24.81999969482422,24.950000762939453,16967400,502.3572998046875,139.0,1.0,4.0,4.0,6.0,0.00044738873812375787,0.0003177681994921504,,0,2.0,45.0
2024-05-09,25.31999969482422,25.8799991607666,25.299999237060547,25.860000610351562,32734900,505.2518615722656,145.0,1.0,4.0,4.0,6.0,0.00045359445157383896,0.00030960671306830425,,0,2.0,46.0
2024-05-10,25.979999542236328,26.049999237060547,25.6200008392334,25.770000457763672,24489700,505.9027404785156,143.0,1.0,4.0,4.0,6.0,0.0004515155340145737,0.0003373790574541628,,0,2.0,47.0
2024-05-13,25.829999923706055,25.93000030517578,25.649999618530273,25.799999237060547,15222900,505.97076416015625,141.0,1.0,1.0,4.0,5.0,0.00045846940264853363,0.0003831244948174658,,0,2.0,48.0
2024-05-14,26.0,26.270000457763672,25.860000610351562,26.1299991607666,20065000,508.2921447753906,140.0,1.0,1.0,4.0,5.0,0.00043948392200260264,0.00042431436367279025,,0,2.0,49.0
2024-05-15,26.579999923706055,27.18000030517578,26.06999969482422,27.1200008392334,39872400,514.5863037109375,147.0,1.0,1.0,4.0,5.0,0.00044321330551923597,0.00044738873812375787,,0,2.0,50.0
2024-05-16,26.979999542236328,27.170000076293945,26.790000915527344,27.059999465942383,19821300,513.5274658203125,145.0,1.0,1.0,4.0,5.0,0.00045471228222648385,0.00045359445157383896,,0,2.0,51.0
2024-05-17,27.860000610351562,28.84000015258789,27.549999237060547,28.790000915527344,52708100,514.2657470703125,166.0,1.0,1.0,4.0,5.0,0.00048607371611666153,0.0004515155340145737,,0,2.0,52.0
2024-05-20,28.93000030517578,29.559999465942383,28.40999984741211,28.979999542236328,58184700,514.8582763671875,164.0,1.0,1.0,4.0,5.0,0.0005060719254465323,0.00045846940264853363,,0,2.0,53.0
2024-05-21,29.100000381469727,29.510000228881836,28.81999969482422,29.270000457763672,30700300,516.1209716796875,162.0,1.0,1.0,4.0,5.0,0.0005210238198012676,0.00043948392200260264,,0,2.0,54.0
2024-05-22,29.059999465942383,29.059999465942383,28.110000610351562,28.219999313354492,48609700,514.6348266601562,167.0,1.0,1.0,4.0,5.0,0.0004859398808878856,0.00044321330551923597,,0,2.0,55.0
2024-05-23,28.110000610351562,28.280000686645508,27.469999313354492,27.549999237060547,39911200,510.8758850097656,168.0,1.0,1.0,4.0,5.0,0.00042159668356192966,0.00045471228222648385,,0,2.0,56.0
2024-05-24,27.93000030517578,27.989999771118164,27.610000610351562,27.739999771118164,14534600,514.2560424804688,165.0,1.0,1.0,4.0,5.0,0.00036505235818473815,0.00048607371611666153,,0,2.0,57.0
2024-05-28,29.299999237060547,29.34000015258789,28.690000534057617,29.239999771118164,31041700,514.615478515625,178.0,1.0,1.0,4.0,5.0,0.00037654986505427203,0.0005060719254465323,,0,2.0,58.0
2024-05-29,29.06999969482422,29.469999313354492,28.979999542236328,29.170000076293945,20708400,511.0118103027344,175.0,1.0,1.0,4.0,5.0,0.00043425911294819744,0.0005210238198012676,,0,2.0,59.0
2024-05-30,28.829999923706055,29.049999237060547,28.31999969482422,28.420000076293945,22224700,507.6219177246094,176.0,1.0,1.0,4.0,5.0,0.0004630886420732598,0.0004859398808878856,,0,2.0,60.0
2024-05-31,28.770000457763672,28.860000610351562,27.579999923706055,27.760000228881836,31957600,512.245361328125,177.0,1.0,1.0,4.0,5.0,0.0004376047551935258,0.00042159668356192966,,0,2.0,61.0
2024-06-03,27.81999969482422,28.149999618530273,27.559999465942383,27.889999389648438,18156000,512.6630859375,174.0,1.0,1.0,4.0,5.0,0.0004113358530272375,0.00036505235818473815,,0,2.0,62.0
2024-06-04,27.309999465942383,27.309999465942383,26.84000015258789,27.020000457763672,28858400,513.2361450195312,177.0,1.0,1.0,4.0,5.0,0.0003979676775745338,0.00037654986505427203,,1,2.0,63.0
2024-06-05,27.1200008392334,27.459999084472656,26.899999618530273,27.399999618530273,18175300,519.3360595703125,175.0,1.0,1.0,4.0,5.0,0.0004175677522936801,0.00043425911294819744,,0,2.0,64.0
2024-06-06,27.81999969482422,28.6299991607666,27.690000534057617,28.530000686645508,27650000,519.3262939453125,181.0,1.0,1.0,4.0,5.0,0.00043874597090304106,0.0004630886420732598,,0,2.0,65.0
2024-06-07,27.290000915527344,27.299999237060547,26.610000610351562,26.670000076293945,43868900,518.6950073242188,201.0,1.0,4.0,4.0,6.0,0.00039242608525276446,0.0004376047551935258,,1,2.0,66.0
2024-06-10,27.06999969482422,27.239999771118164,26.850000381469727,27.1200008392334,17066900,520.297607421875,199.0,1.0,4.0,4.0,6.0,0.00035327972417285793,0.0004113358530272375,,0,2.0,67.0
2024-06-11,26.729999542236328,26.809999465942383,26.559999465942383,26.709999084472656,13338900,521.5507202148438,197.0,1.0,4.0,4.0,6.0,0.00029080291999080446,0.0003979676775745338,,1,2.0,68.0
2024-06-12,27.5,27.56999969482422,26.940000534057617,27.030000686645508,27934800,525.834228515625,195.0,1.0,4.0,4.0,6.0,0.0003219402481704651,0.0004175677522936801,,0,2.0,69.0
2024-06-13,26.790000915527344,26.93000030517578,26.170000076293945,26.43000030517578,21680300,526.892822265625,195.0,1.0,4.0,4.0,6.0,0.0003124845515227763,0.00043874597090304106,,1,2.0,70.0
2024-06-14,26.6299991607666,27.030000686645508,26.5,27.010000228881836,25973300,527.2135620117188,194.0,1.0,4.0,4.0,6.0,0.00032431701713544407,0.00039242608525276446,,0,2.0,71.0
2024-06-17,26.899999618530273,26.940000534057617,26.559999465942383,26.920000076293945,15016000,531.4094848632812,191.0,1.0,4.0,4.0,6.0,0.00032045785603769674,0.00035327972417285793,,0,2.0,72.0
2024-06-18,26.649999618530273,27.010000228881836,26.649999618530273,26.959999084472656,12033500,532.759765625,188.0,1.0,4.0,4.0,6.0,0.000323969282105476,0.00029080291999080446,,0,2.0,73.0
2024-06-20,27.510000228881836,28.1200008392334,27.40999984741211,28.0,22898000,531.3123779296875,193.0,1.0,4.0,4.0,6.0,0.0003433957704620646,0.0003219402481704651,,0,2.0,74.0
2024-06-21,27.549999237060547,27.56999969482422,26.90999984741211,26.979999542236328,26827500,530.6000366210938,196.0,1.0,4.0,4.0,6.0,0.0003317436485440674,0.0003124845515227763,,0,2.0,75.0
2024-06-24,27.059999465942383,27.139999389648438,26.8799991607666,27.0,12836300,528.8753051757812,193.0,1.0,4.0,4.0,6.0,0.0003270872542531513,0.00032431701713544407,,0,2.0,76.0
2024-06-25,26.780000686645508,26.790000915527344,26.34000015258789,26.399999618530273,14711300,530.9119873046875,193.0,1.0,4.0,4.0,6.0,0.00028072893485944203,0.00032045785603769674,,1,2.0,77.0
2024-06-26,26.15999984741211,26.450000762939453,26.09000015258789,26.309999465942383,13855700,531.5745239257812,190.0,1.0,4.0,4.0,6.0,0.0002679507515003219,0.000323969282105476,,0,2.0,78.0
2024-06-27,26.559999465942383,26.65999984741211,26.350000381469727,26.450000762939453,11124600,532.4125366210938,187.0,1.0,4.0,4.0,6.0,0.00026069953154739495,0.0003433957704620646,,0,2.0,79.0
2024-06-28,26.8799991607666,26.889999389648438,26.540000915527344,26.56999969482422,10426500,530.3175048828125,185.0,1.0,4.0,4.0,6.0,0.00025865286548280343,0.0003317436485440674,,0,2.0,80.0
2024-07-01,26.719999313354492,26.920000076293945,26.600000381469727,26.850000381469727,12587300,531.408935546875,183.0,1.0,4.0,4.0,6.0,0.00026048054566974116,0.0003270872542531513,,0,2.0,81.0
2024-07-02,26.850000381469727,27.229999542236328,26.780000686645508,26.969999313354492,12172000,534.9852294921875,180.0,1.0,4.0,4.0,6.0,0.0002519546380933295,0.00028072893485944203,,0,2.0,82.0
2024-07-03,27.709999084472656,28.010000228881836,27.68000030517578,27.84000015258789,16834200,537.37255859375,183.0,1.0,1.0,4.0,5.0,0.00027161995847817125,0.0002679507515003219,,0,2.0,83.0
2024-07-05,28.15999984741211,28.75,28.079999923706055,28.479999542236328,23018600,540.4713745117188,182.0,1.0,1.0,4.0,5.0,0.0002984865344515136,0.00026069953154739495,,0,2.0,84.0
2024-07-08,28.350000381469727,28.510000228881836,27.790000915527344,28.1299991607666,19742900,541.0950317382812,181.0,1.0,1.0,4.0,5.0,0.0003323020722579375,0.00025865286548280343,,0,2.0,85.0
2024-07-09,28.31999969482422,28.43000030517578,27.8700008392334,28.1200008392334,14005300,541.6212158203125,178.0,1.0,1.0,4.0,5.0,0.00036206578036506663,0.00026048054566974116,,0,2.0,86.0
2024-07-10,28.290000915527344,28.459999084472656,27.989999771118164,28.15999984741211,13142600,546.9806518554688,175.0,1.0,1.0,4.0,5.0,0.00037862110122143005,0.0002519546380933295,,0,2.0,87.0
2024-07-11,28.75,28.90999984741211,28.479999542236328,28.68000030517578,20141500,542.2642822265625,174.0,1.0,1.0,4.0,5.0,0.0003921215858765491,0.00027161995847817125,,0,2.0,88.0
2024-07-12,28.0,28.309999465942383,27.940000534057617,28.1200008392334,15380000,545.6845092773438,174.0,1.0,1.0,4.0,5.0,0.00037584162804960947,0.0002984865344515136,,1,2.0,89.0
2024-07-15,28.09000015258789,28.389999389648438,27.8700008392334,28.030000686645508,13426700,547.1853637695312,171.0,1.0,1.0,4.0,5.0,0.00037264125626242046,0.0003323020722579375,,0,2.0,90.0
2024-07-16,28.030000686645508,28.68000030517578,27.979999542236328,28.610000610351562,17280200,550.4302368164062,171.0,1.0,1.0,4.0,5.0,0.00039346063927229313,0.00036206578036506663,,0,2.0,91.0
2024-07-17,28.25,28.360000610351562,27.43000030517578,27.670000076293945,34443400,542.7125244140625,175.0,1.0,1.0,4.0,5.0,0.0003944210991979752,0.00037862110122143005,,0,2.0,92.0
2024-07-18,27.760000228881836,27.790000915527344,27.139999389648438,27.200000762939453,15566200,538.5419311523438,174.0,1.0,1.0,4.0,5.0,0.0003705653397938347,0.0003921215858765491,,0,2.0,93.0
2024-07-19,26.399999618530273,26.739999771118164,26.3700008392334,26.690000534057617,20111200,534.9656982421875,173.0,1.0,1.0,4.0,5.0,0.0003121384885640311,0.00037584162804960947,,1,2.0,94.0
2024-07-22,26.440000534057617,26.65999984741211,26.309999465942383,26.6299991607666,12069800,540.4811401367188,170.0,1.0,1.0,4.0,5.0,0.00026869320823531834,0.00037264125626242046,,0,2.0,95.0
2024-07-23,26.489999771118164,26.68000030517578,26.420000076293945,26.68000030517578,10184500,539.6332397460938,168.0,1.0,1.0,4.0,5.0,0.00025661010901480743,0.00039346063927229313,,0,2.0,96.0
2024-07-24,26.729999542236328,26.889999389648438,26.40999984741211,26.43000030517578,12474500,527.40380859375,166.0,1.0,4.0,4.0,6.0,0.0002550395104671779,0.0003944210991979752,,0,2.0,97.0
2024-07-25,25.239999771118164,25.540000915527344,25.170000076293945,25.40999984741211,31711400,524.6559448242188,172.0,1.0,4.0,4.0,6.0,0.00023911745987393,0.0003705653397938347,,1,2.0,98.0
2024-07-26,25.389999389648438,25.530000686645508,25.209999084472656,25.479999542236328,12442400,530.5319213867188,170.0,1.0,4.0,4.0,6.0,0.00020778838602037914,0.0003121384885640311,,0,2.0,99.0
2024-07-29,25.540000915527344,25.579999923706055,24.93000030517578,25.440000534057617,16616700,530.84375,167.0,1.0,4.0,4.0,6.0,0.0001959136471961087,0.00026869320823531834,,0,2.0,100.0
2024-07-30,25.56999969482422,25.940000534057617,25.329999923706055,25.829999923706055,14896300,528.1541748046875,166.0,1.0,4.0,4.0,6.0,0.00022222717579347233,0.00025661010901480743,,0,2.0,101.0
2024-07-31,26.229999542236328,26.5,26.059999465942383,26.389999389648438,23227900,536.7392578125,166.0,1.0,4.0,4.0,6.0,0.00026089970531069877,0.0002550395104671779,,0,2.0,102.0
2024-08-01,26.530000686645508,26.559999465942383,25.75,26.030000686645508,19796800,529.138427734375,165.0,1.0,4.0,4.0,6.0,0.0002690181440923773,0.00023911745987393,,0,2.0,103.0
2024-08-02,26.440000534057617,26.5,25.5,26.040000915527344,25325000,519.2868041992188,162.0,1.0,4.0,4.0,6.0,0.00026123889673608617,0.00020778838602037914,,0,2.0,104.0
2024-08-05,24.6299991607666,25.040000915527344,24.540000915527344,24.860000610351562,36392900,504.1631774902344,172.0,1.0,4.0,4.0,6.0,0.00020402065421430273,0.0001959136471961087,,1,2.0,105.0
2024-08-06,24.530000686645508,24.889999389648438,24.479999542236328,24.639999389648438,18308000,508.8113098144531,170.0,1.0,4.0,4.0,6.0,0.00017105158703539854,0.00022222717579347233,,0,2.0,106.0
2024-08-07,24.68000030517578,24.770000457763672,24.25,24.329999923706055,12709900,505.410400390625,168.0,1.0,4.0,4.0,6.0,0.00014234247130831215,0.00026089970531069877,,0,2.0,107.0
2024-08-08,24.719999313354492,25.18000030517578,24.639999389648438,25.010000228881836,17704400,517.0941162109375,170.0,1.0,4.0,4.0,6.0,0.00015232652494657695,0.0002690181440923773,,0,2.0,108.0
2024-08-09,25.100000381469727,25.25,24.8799991607666,25.0,15934000,519.3743896484375,167.0,1.0,4.0,4.0,6.0,0.00014557670061400064,0.00026123889673608617,,0,2.0,109.0
2024-08-12,25.3799991607666,25.600000381469727,25.1200008392334,25.489999771118164,15323100,519.6472778320312,167.0,1.0,4.0,4.0,6.0,0.00016795621649604332,0.00020402065421430273,,0,2.0,110.0
2024-08-13,25.209999084472656,25.440000534057617,25.110000610351562,25.420000076293945,11860500,528.193115234375,164.0,1.0,4.0,4.0,6.0,0.00017723206685666486,0.00017105158703539854,,0,2.0,111.0
2024-08-14,25.260000228881836,25.40999984741211,24.799999237060547,25.1299991607666,14114400,529.8594970703125,163.0,1.0,4.0,4.0,6.0,0.00019452208070183845,0.00014234247130831215,,0,2.0,112.0
2024-08-15,25.799999237060547,26.020000457763672,25.459999084472656,25.860000610351562,17206000,538.94140625,165.0,1.0,1.0,4.0,5.0,0.00019561778177077621,0.00015232652494657695,,0,2.0,113.0
2024-08-16,25.860000610351562,26.440000534057617,25.770000457763672,26.43000030517578,19315700,540.149658203125,165.0,1.0,1.0,4.0,5.0,0.00021758067296744348,0.00014557670061400064,,0,2.0,114.0
2024-08-19,26.450000762939453,26.899999618530273,26.3700008392334,26.829999923706055,20102800,545.3143920898438,164.0,1.0,1.0,4.0,5.0,0.00025691413517542593,0.00016795621649604332,,0,2.0,115.0
2024-08-20,27.299999237060547,27.360000610351562,26.729999542236328,26.8700008392334,20454500,544.4275512695312,162.0,1.0,1.0,4.0,5.0,0.0002940752657771588,0.00017723206685666486,,0,2.0,116.0
2024-08-21,26.920000076293945,27.139999389648438,26.65999984741211,26.950000762939453,18449500,546.2985229492188,159.0,1.0,1.0,3.0,3.0,0.0003113879707314264,0.00019452208070183845,,0,1.0,117.0
2024-08-22,26.920000076293945,26.93000030517578,26.260000228881836,26.389999389648438,23972700,542.0109252929688,160.0,1.0,1.0,3.0,3.0,0.00028283707930941323,0.00019561778177077621,,0,1.0,118.0
2024-08-23,26.709999084472656,27.270000457763672,26.6299991607666,27.200000762939453,21713300,547.77001953125,162.0,1.0,1.0,3.0,3.0,0.0002633892658192149,0.00021758067296744348,,0,1.0,119.0
2024-08-26,27.399999618530273,27.420000076293945,27.1299991607666,27.31999969482422,8812400,546.4642333984375,160.0,1.0,1.0,3.0,3.0,0.0002544185325075231,0.00025691413517542593,,0,1.0,120.0
2024-08-27,27.25,27.459999084472656,27.100000381469727,27.360000610351562,10591700,547.2144775390625,158.0,1.0,1.0,3.0,3.0,0.0002599933708979341,0.0002940752657771588,,0,1.0,121.0
2024-08-28,26.860000610351562,26.860000610351562,26.530000686645508,26.690000534057617,11564200,544.0379028320312,159.0,1.0,1.0,3.0,3.0,0.00024250425910024185,0.0003113879707314264,,1,1.0,122.0
2024-08-29,26.709999084472656,27.049999237060547,26.6299991607666,26.809999465942383,11793800,544.0865478515625,157.0,1.0,1.0,3.0,3.0,0.00022535810044677302,0.00028283707930941323,,0,1.0,123.0
2024-08-30,26.68000030517578,26.799999237060547,26.190000534057617,26.350000381469727,15762100,549.2802734375,156.0,1.0,1.0,3.0,3.0,0.00021625063481689897,0.0002633892658192149,,0,1.0,124.0
2024-09-03,25.829999923706055,25.850000381469727,25.270000457763672,25.579999923706055,17149100,537.9766235351562,159.0,1.0,1.0,3.0,3.0,0.00020102907994327797,0.0002544185325075231,,1,1.0,125.0
2024-09-04,25.6200008392334,25.8799991607666,25.579999923706055,25.68000030517578,11322400,536.8756103515625,157.0,1.0,1.0,3.0,3.0,0.00016110799918497032,0.0002599933708979341,,0,1.0,126.0
2024-09-05,26.3799991607666,26.610000610351562,26.149999618530273,26.229999542236328,14573600,535.5697021484375,157.0,1.0,1.0,3.0,3.0,0.00015254357709770263,0.00024250425910024185,,0,1.0,127.0
2024-09-06,26.25,26.350000381469727,25.270000457763672,25.479999542236328,23805400,526.5560302734375,160.0,1.0,4.0,3.0,4.0,0.00014519995288458956,0.00022535810044677302,,0,2.0,128.0
2024-09-09,25.719999313354492,25.8799991607666,25.59000015258789,25.850000381469727,8774800,532.4514770507812,159.0,1.0,4.0,3.0,4.0,0.00016824682810043546,0.00021625063481689897,,0,2.0,129.0
2024-09-10,25.959999084472656,25.959999084472656,25.579999923706055,25.940000534057617,9395400,534.7706909179688,156.0,1.0,4.0,3.0,4.0,0.0001736578287168096,0.00020102907994327797,,0,2.0,130.0
2024-09-11,26.049999237060547,26.219999313354492,25.6200008392334,26.1200008392334,11052200,540.2568969726562,154.0,1.0,4.0,3.0,4.0,0.00018531741243727569,0.00016110799918497032,,0,2.0,131.0
2024-09-12,26.639999389648438,27.280000686645508,26.56999969482422,27.270000457763672,22524200,544.8076782226562,163.0,1.0,1.0,3.0,3.0,0.00021753564807235588,0.00015254357709770263,,0,1.0,132.0
2024-09-13,27.8700008392334,28.209999084472656,27.760000228881836,28.020000457763672,28629400,547.6530151367188,165.0,1.0,1.0,3.0,3.0,0.0002742122571817594,0.00014519995288458956,,0,1.0,133.0
2024-09-16,28.270000457763672,28.290000915527344,27.899999618530273,28.06999969482422,14701600,548.4618530273438,162.0,1.0,1.0,3.0,3.0,0.0003452870758309361,0.00016824682810043546,,0,1.0,134.0
2024-09-17,28.020000457763672,28.270000457763672,27.84000015258789,27.959999084472656,15504300,548.68603515625,160.0,1.0,1.0,3.0,3.0,0.0004058737708749043,0.0001736578287168096,,0,1.0,135.0
2024-09-18,27.950000762939453,28.5,27.09000015258789,27.239999771118164,35165900,547.05859375,162.0,1.0,1.0,3.0,3.0,0.0004128826149387167,0.00018531741243727569,,0,1.0,136.0
2024-09-19,28.25,28.389999389648438,27.920000076293945,28.09000015258789,18852800,556.3939208984375,165.0,1.0,1.0,3.0,3.0,0.00044073262971511365,0.00021753564807235588,,0,1.0,137.0
2024-09-20,28.399999618530273,28.600000381469727,28.18000030517578,28.40999984741211,21649400,555.43212890625,163.0,1.0,1.0,3.0,3.0,0.0004386567099028159,0.0002742122571817594,,0,1.0,138.0
2024-09-23,28.229999542236328,28.299999237060547,27.93000030517578,27.979999542236328,24206300,556.820068359375,162.0,1.0,1.0,3.0,3.0,0.00042851070849474817,0.0003452870758309361,,0,1.0,139.0
2024-09-24,28.270000457763672,29.440000534057617,28.170000076293945,29.3799991607666,41629900,558.4132690429688,173.0,1.0,1.0,3.0,3.0,0.0004031771720849682,0.0004058737708749043,,0,1.0,140.0
2024-09-25,29.100000381469727,29.420000076293945,28.799999237060547,29.059999465942383,26627000,557.1817016601562,171.0,1.0,1.0,3.0,3.0,0.00038027339546764294,0.0004128826149387167,,0,1.0,141.0
2024-09-26,29.31999969482422,29.459999084472656,28.940000534057617,29.260000228881836,23692000,559.3908081054688,169.0,1.0,1.0,3.0,3.0,0.0003972260423468648,0.00044073262971511365,,0,1.0,142.0
2024-09-27,29.34000015258789,29.469999313354492,28.59000015258789,28.860000610351562,27109600,558.5794067382812,167.0,1.0,1.0,3.0,3.0,0.00037063751315907344,0.0004386567099028159,,0,1.0,143.0
2024-09-30,28.510000228881836,28.540000915527344,28.170000076293945,28.40999984741211,16578100,560.8178100585938,166.0,1.0,1.0,3.0,3.0,0.00031771877438863284,0.00042851070849474817,,1,1.0,144.0
2024-10-01,28.780000686645508,29.059999465942383,28.549999237060547,28.579999923706055,23796400,555.7937622070312,164.0,1.0,1.0,3.0,3.0,0.00025784012650659276,0.0004031771720849682,,0,1.0,145.0
2024-10-02,29.1299991607666,29.459999084472656,28.68000030517578,29.0,21103100,556.0282592773438,163.0,1.0,1.0,3.0,3.0,0.0002323876212980704,0.00038027339546764294,,0,1.0,146.0
2024-10-03,28.90999984741211,29.3700008392334,28.790000915527344,29.229999542236328,18907400,555.0116577148438,161.0,1.0,1.0,3.0,3.0,0.00024915967815915057,0.0003972260423468648,,0,1.0,147.0
2024-10-04,29.229999542236328,30.06999969482422,28.979999542236328,29.360000610351562,39083200,560.0552978515625,158.0,1.0,1.0,3.0,3.0,0.00027038409036067844,0.00037063751315907344,,0,1.0,148.0
2024-10-07,29.010000228881836,29.079999923706055,28.709999084472656,28.93000030517578,20872000,554.9921264648438,157.0,1.0,1.0,3.0,3.0,0.00027134692159465373,0.00031771877438863284,,0,1.0,149.0
2024-10-08,28.40999984741211,28.530000686645508,27.469999313354492,28.010000228881836,39037200,560.2410888671875,161.0,1.0,1.0,3.0,3.0,0.00022463057362182427,0.00025784012650659276,,1,1.0,150.0
2024-10-09,27.6200008392334,27.989999771118164,27.559999465942383,27.860000610351562,20157900,564.12158203125,159.0,1.0,4.0,3.0,4.0,0.0001668659248964897,0.0002323876212980704,,0,2.0,151.0
2024-10-10,27.969999313354492,28.43000030517578,27.920000076293945,28.3799991607666,18329100,563.1343994140625,158.0,1.0,4.0,3.0,4.0,0.0001489416830879411,0.00024915967815915057,,0,2.0,152.0
2024-10-11,28.600000381469727,28.8700008392334,28.59000015258789,28.799999237060547,17096600,566.5064697265625,157.0,1.0,4.0,3.0,4.0,0.00019840477211101491,0.00027038409036067844,,0,2.0,153.0
2024-10-14,28.469999313354492,28.760000228881836,28.299999237060547,28.540000915527344,13515700,571.1396484375,156.0,1.0,4.0,3.0,4.0,0.0002534858468513935,0.00027134692159465373,,0,2.0,154.0
2024-10-15,28.520000457763672,28.899999618530273,28.420000076293945,28.709999084472656,16871700,566.7020263671875,153.0,1.0,4.0,3.0,4.0,0.0003150635405094864,0.00022463057362182427,,0,2.0,155.0
2024-10-16,29.1200008392334,29.350000381469727,28.770000457763672,28.90999984741211,17789700,569.1651611328125,151.0,1.0,4.0,3.0,4.0,0.00034273272587053306,0.0001668659248964897,,0,2.0,156.0
2024-10-17,28.920000076293945,29.200000762939453,28.549999237060547,28.889999389648438,15369500,569.2139892578125,149.0,1.0,4.0,3.0,4.0,0.000363066634431496,0.0001489416830879411,,0,2.0,157.0
2024-10-18,29.469999313354492,30.719999313354492,29.420000076293945,30.639999389648438,45090400,571.403564453125,167.0,1.0,1.0,3.0,3.0,0.0004126920726152617,0.00019840477211101491,,0,1.0,158.0
2024-10-21,31.1299991607666,31.229999542236328,30.510000228881836,30.850000381469727,36669700,570.46533203125,165.0,1.0,1.0,3.0,3.0,0.00047871092895772506,0.0002534858468513935,,0,1.0,159.0
2024-10-22,31.399999618530273,31.799999237060547,31.239999771118164,31.739999771118164,37066100,570.162109375,167.0,1.0,1.0,3.0,3.0,0.0005695842912062077,0.0003150635405094864,,0,1.0,160.0
2024-10-23,31.100000381469727,31.110000610351562,30.479999542236328,30.709999084472656,37351700,564.9522705078125,171.0,1.0,1.0,3.0,3.0,0.0005627780953429522,0.00034273272587053306,,1,1.0,161.0
2024-10-24,31.190000534057617,31.229999542236328,30.299999237060547,30.690000534057617,29251500,566.1741943359375,168.0,1.0,1.0,3.0,3.0,0.0005229051203498827,0.000363066634431496,,0,1.0,162.0
2024-10-25,30.579999923706055,31.020000457763672,30.469999313354492,30.6299991607666,19517500,565.9786987304688,166.0,1.0,1.0,3.0,3.0,0.00043790992312481666,0.0004126920726152617,,0,1.0,163.0
2024-10-28,30.709999084472656,30.989999771118164,30.6200008392334,30.729999542236328,16296900,567.7283935546875,163.0,1.0,1.0,3.0,3.0,0.00040245487514608934,0.00047871092895772506,,0,1.0,164.0
2024-10-29,31.170000076293945,31.510000228881836,31.059999465942383,31.389999389648438,22508800,568.647216796875,164.0,1.0,1.0,3.0,3.0,0.0004048227500221765,0.0005695842912062077,,0,1.0,165.0
2024-10-30,30.739999771118164,30.979999542236328,30.450000762939453,30.809999465942383,20900100,566.9268188476562,163.0,1.0,1.0,3.0,3.0,0.00041552152182757087,0.0005627780953429522,,1,1.0,166.0
2024-10-31,30.34000015258789,30.360000610351562,29.6200008392334,29.809999465942383,33075000,555.8132934570312,167.0,1.0,1.0,3.0,3.0,0.0003732401747475933,0.0005229051203498827,,1,1.0,167.0
2024-11-01,30.059999465942383,30.190000534057617,29.479999542236328,29.540000915527344,22164900,558.1591796875,165.0,1.0,1.0,3.0,3.0,0.00029677294081815835,0.00043790992312481666,,0,1.0,168.0
2024-11-04,29.799999237060547,29.889999389648438,29.43000030517578,29.6299991607666,13044500,556.9569091796875,162.0,1.0,1.0,3.0,3.0,0.0002441996758754443,0.00040245487514608934,,0,1.0,169.0
2024-11-05,29.950000762939453,30.020000457763672,29.690000534057617,29.75,12188500,563.69140625,160.0,1.0,1.0,3.0,3.0,0.00020385571240071868,0.0004048227500221765,,0,1.0,170.0
2024-11-06,28.190000534057617,28.649999618530273,28.110000610351562,28.43000030517578,33038000,577.7081298828125,169.0,1.0,4.0,3.0,4.0,0.00014407630555748807,0.00041552152182757087,,1,2.0,171.0
2024-11-07,28.920000076293945,29.299999237060547,28.790000915527344,29.110000610351562,21432200,582.1749267578125,170.0,1.0,4.0,3.0,4.0,7.289060968895964e-05,0.0003732401747475933,,0,2.0,172.0
2024-11-08,28.969999313354492,29.030000686645508,28.43000030517578,28.479999542236328,20235200,584.69677734375,170.0,1.0,4.0,3.0,4.0,1.6045233099265875e-05,0.00029677294081815835,,0,2.0,173.0
2024-11-11,27.969999313354492,28.020000457763672,27.719999313354492,27.969999313354492,24582600,585.2538452148438,169.0,1.0,4.0,3.0,4.0,-2.0975309118884378e-05,0.0002441996758754443,,1,2.0,174.0
2024-11-12,28.0,28.09000015258789,27.790000915527344,28.06999969482422,16561200,583.435791015625,167.0,1.0,4.0,3.0,4.0,-3.778946071226268e-05,0.00020385571240071868,,0,2.0,175.0
2024-11-13,28.25,28.280000686645508,27.600000381469727,27.610000610351562,16530500,583.71923828125,166.0,1.0,4.0,3.0,4.0,-4.584576301145953e-05,0.00014407630555748807,,0,2.0,176.0
2024-11-14,27.59000015258789,27.940000534057617,27.510000228881836,27.809999465942383,18059900,579.9658813476562,164.0,1.0,4.0,3.0,4.0,-4.0555117404130147e-05,7.289060968895964e-05,,0,2.0,177.0
2024-11-15,28.040000915527344,28.079999923706055,27.5,27.56999969482422,18838400,572.5372924804688,162.0,1.0,4.0,3.0,4.0,-7.722928247330277e-05,1.6045233099265875e-05,,0,2.0,178.0
2024-11-18,28.18000030517578,28.5,28.15999984741211,28.3799991607666,15731300,574.8831787109375,164.0,1.0,4.0,3.0,4.0,-7.855644622769459e-05,-2.0975309118884378e-05,,0,2.0,179.0
2024-11-19,28.459999084472656,28.530000686645508,28.290000915527344,28.5,12751100,576.9846801757812,162.0,1.0,4.0,3.0,4.0,-5.3418187493041806e-05,-3.778946071226268e-05,,0,2.0,180.0
2024-11-20,28.389999389648438,28.450000762939453,28.049999237060547,28.100000381469727,11137900,577.1801147460938,161.0,1.0,4.0,3.0,4.0,4.75719204209003e-07,-4.584576301145953e-05,,0,2.0,181.0
2024-11-21,28.270000457763672,28.299999237060547,27.920000076293945,28.040000915527344,11030500,580.2787475585938,158.0,1.0,4.0,3.0,4.0,1.6344221630700413e-05,-4.0555117404130147e-05,,0,2.0,182.0
2024-11-22,28.270000457763672,28.549999237060547,28.200000762939453,28.469999313354492,13173900,582.0772094726562,157.0,1.0,4.0,3.0,4.0,2.6151392095443994e-05,-7.722928247330277e-05,,0,2.0,183.0
2024-11-25,27.719999313354492,27.739999771118164,27.399999618530273,27.6299991607666,22478400,584.0516357421875,160.0,1.0,4.0,3.0,4.0,8.816962958611576e-06,-7.855644622769459e-05,,1,2.0,184.0
2024-11-26,27.799999237060547,27.829999923706055,27.600000381469727,27.799999237060547,10484700,587.1013793945312,158.0,1.0,4.0,3.0,4.0,-9.373237251961038e-06,-5.3418187493041806e-05,,0,2.0,185.0
2024-11-27,27.75,27.84000015258789,27.31999969482422,27.450000762939453,22858600,585.3223266601562,157.0,1.0,4.0,3.0,4.0,-3.313687943491942e-05,4.75719204209003e-07,,0,2.0,186.0
2024-11-29,27.969999313354492,28.020000457763672,27.81999969482422,27.920000076293945,9663900,588.9583740234375,156.0,1.0,4.0,3.0,4.0,-2.4557185367820376e-05,1.6344221630700413e-05,,0,2.0,187.0
2024-12-02,27.850000381469727,27.8700008392334,27.610000610351562,27.790000915527344,9925400,590.0140991210938,154.0,1.0,4.0,3.0,4.0,-1.744450288828715e-05,2.6151392095443994e-05,,0,2.0,188.0
2024-12-03,28.229999542236328,28.329999923706055,27.989999771118164,28.280000686645508,14543600,590.2876586914062,154.0,1.0,4.0,3.0,4.0,-1.9139999378152845e-05,8.816962958611576e-06,,0,2.0,189.0
2024-12-04,28.360000610351562,28.690000534057617,28.299999237060547,28.530000686645508,22762400,593.9530639648438,152.0,1.0,4.0,3.0,4.0,-1.812968787973446e-05,-9.373237251961038e-06,,0,2.0,190.0
2024-12-05,28.489999771118164,28.59000015258789,28.260000228881836,28.559999465942383,16123000,592.9756469726562,150.0,1.0,4.0,3.0,4.0,-3.943662400757596e-06,-3.313687943491942e-05,,0,2.0,191.0
2024-12-06,28.31999969482422,28.5,28.079999923706055,28.25,13195500,594.0997314453125,148.0,1.0,4.0,3.0,4.0,-5.993760407030818e-06,-2.4557185367820376e-05,,0,2.0,192.0
2024-12-09,29.209999084472656,29.43000030517578,28.950000762939453,28.979999542236328,37481100,591.040283203125,150.0,1.0,1.0,3.0,3.0,4.624076410645917e-06,-1.744450288828715e-05,,0,1.0,193.0
2024-12-10,29.170000076293945,29.25,28.969999313354492,28.989999771118164,43997000,589.2027587890625,148.0,1.0,1.0,3.0,3.0,-1.5599735267035727e-06,-1.9139999378152845e-05,,0,1.0,194.0
2024-12-11,28.950000762939453,29.34000015258789,28.899999618530273,29.040000915527344,23582300,593.7576293945312,146.0,1.0,1.0,3.0,3.0,1.6128239259355226e-05,-1.812968787973446e-05,,0,1.0,195.0
2024-12-12,28.6200008392334,28.639999389648438,28.1200008392334,28.200000762939453,34794100,590.6983032226562,149.0,1.0,1.0,3.0,3.0,-5.0970991510586975e-06,-3.943662400757596e-06,,1,1.0,196.0
2024-12-13,27.84000015258789,27.8700008392334,27.59000015258789,27.75,20326700,590.5809326171875,148.0,1.0,1.0,3.0,3.0,-7.3670749160093e-07,-5.993760407030818e-06,,1,1.0,197.0
2024-12-16,27.90999984741211,27.90999984741211,27.760000228881836,27.799999237060547,9124900,593.1027221679688,146.0,1.0,1.0,3.0,3.0,-5.560750273868029e-06,4.624076410645917e-06,,0,1.0,198.0
2024-12-17,27.709999084472656,27.84000015258789,27.469999313354492,27.809999465942383,17504700,590.6591796875,144.0,1.0,1.0,3.0,3.0,3.7346847651337365e-06,-1.5599735267035727e-06,,0,1.0,199.0
2024-12-18,27.559999465942383,27.639999389648438,26.770000457763672,26.850000381469727,27794500,573.0554809570312,150.0,1.0,4.0,3.0,4.0,-2.717517110379107e-05,1.6128239259355226e-05,,0,2.0,200.0
2024-12-19,26.56999969482422,26.649999618530273,26.190000534057617,26.520000457763672,31083900,572.8794555664062,148.0,1.0,4.0,3.0,4.0,-6.0836626060527766e-05,-5.0970991510586975e-06,,1,2.0,201.0
2024-12-20,26.610000610351562,27.059999465942383,26.579999923706055,26.920000076293945,17487600,579.7603149414062,148.0,1.0,4.0,3.0,4.0,-8.785664823282818e-05,-7.3670749160093e-07,,0,2.0,202.0
2024-12-23,26.93000030517578,27.06999969482422,26.790000915527344,26.989999771118164,14473900,583.2321166992188,145.0,1.0,4.0,3.0,4.0,-9.008984115679976e-05,-5.560750273868029e-06,,0,2.0,203.0
2024-12-24,27.0,27.049999237060547,26.8799991607666,27.020000457763672,3967700,589.7147216796875,143.0,1.0,4.0,3.0,4.0,-9.783219112237613e-05,3.7346847651337365e-06,,0,2.0,204.0
2024-12-26,27.1200008392334,27.209999084472656,26.93000030517578,27.139999389648438,8244000,589.7539672851562,141.0,1.0,4.0,3.0,4.0,-0.00010182275819986628,-2.717517110379107e-05,,0,2.0,205.0
2024-12-27,26.889999389648438,26.959999084472656,26.719999313354492,26.760000228881836,9643500,583.5458984375,141.0,1.0,4.0,3.0,4.0,-0.00010361135866743293,-6.0836626060527766e-05,,0,2.0,206.0
2024-12-30,26.600000381469727,26.610000610351562,26.239999771118164,26.43000030517578,18853900,576.88671875,139.0,1.0,4.0,1.0,2.0,-0.00011702197671023887,-8.785664823282818e-05,,1,2.0,207.0
2024-12-31,26.229999542236328,26.440000534057617,26.219999313354492,26.329999923706055,8008400,574.7879028320312,138.0,1.0,4.0,1.0,2.0,-0.0001433567808240655,-9.008984115679976e-05,,0,2.0,208.0
2025-01-02,26.719999313354492,26.959999084472656,26.700000762939453,26.93000030517578,12368000,573.3756713867188,139.0,1.0,4.0,1.0,2.0,-0.0001513589961701252,-9.783219112237613e-05,,0,2.0,209.0
2025-01-03,27.190000534057617,27.229999542236328,26.90999984741211,26.979999542236328,8637600,580.5448608398438,137.0,1.0,4.0,1.0,2.0,-0.00014385632192630968,-0.00010182275819986628,,0,2.0,210.0
2025-01-06,27.1299991607666,27.489999771118164,27.06999969482422,27.239999771118164,13037000,583.8890991210938,135.0,1.0,4.0,1.0,2.0,-0.00012526751540746533,-0.00010361135866743293,,0,2.0,211.0
2025-01-07,27.639999389648438,27.68000030517578,27.309999465942383,27.329999923706055,17407700,577.2888793945312,134.0,1.0,4.0,1.0,2.0,-9.922703039668638e-05,-0.00011702197671023887,,0,2.0,212.0
2025-01-08,27.610000610351562,27.649999618530273,27.149999618530273,27.399999618530273,12926300,578.1322631835938,132.0,1.0,4.0,1.0,2.0,-6.930169609632985e-05,-0.0001433567808240655,,0,2.0,213.0
2025-01-10,27.93000030517578,27.940000534057617,27.549999237060547,27.610000610351562,24079100,569.3056640625,130.0,1.0,1.0,1.0,1.0,-1.1782342556344352e-05,-0.0001513589961701252,,0,1.0,214.0
2025-01-13,27.0,27.190000534057617,26.8700008392334,26.959999084472656,16965400,570.1882934570312,132.0,1.0,1.0,1.0,1.0,8.469145806978368e-07,-0.00014385632192630968,,1,1.0,215.0
2025-01-14,27.030000686645508,27.309999465942383,27.010000228881836,27.200000762939453,11798000,570.9728393554688,131.0,1.0,1.0,1.0,1.0,2.4315580812198084e-05,-0.00012526751540746533,,0,1.0,216.0
2025-01-15,27.690000534057617,27.979999542236328,27.469999313354492,27.959999084472656,19890700,581.35888671875,134.0,1.0,1.0,1.0,1.0,3.672999338113137e-05,-9.922703039668638e-05,,0,1.0,217.0
2025-01-16,27.979999542236328,28.200000762939453,27.8799991607666,28.040000915527344,20900100,580.2407836914062,132.0,1.0,1.0,1.0,1.0,0.00010715372174613104,-6.930169609632985e-05,,0,1.0,218.0
2025-01-17,27.5,27.760000228881836,27.440000534057617,27.610000610351562,18974600,586.06640625,132.0,1.0,1.0,1.0,1.0,0.0001362065733682442,-1.1782342556344352e-05,,1,1.0,219.0
2025-01-21,27.940000534057617,28.06999969482422,27.850000381469727,28.040000915527344,15214400,591.4309692382812,132.0,1.0,1.0,1.0,1.0,0.00015922284105847987,8.469145806978368e-07,,0,1.0,220.0
2025-01-22,27.959999084472656,28.15999984741211,27.81999969482422,28.049999237060547,21195100,594.755615234375,130.0,1.0,1.0,1.0,1.0,0.00013510022708323075,2.4315580812198084e-05,,0,1.0,221.0
2025-01-23,27.520000457763672,27.780000686645508,27.40999984741211,27.770000457763672,23481100,598.0018920898438,129.0,1.0,1.0,1.0,1.0,0.00011947859463933422,3.672999338113137e-05,,1,1.0,222.0
2025-01-24,27.940000534057617,28.079999923706055,27.809999465942383,27.90999984741211,13750100,596.2562255859375,127.0,1.0,1.0,1.0,1.0,8.703982070060964e-05,0.00010715372174613104,,0,1.0,223.0
2025-01-27,27.5,27.739999771118164,27.049999237060547,27.459999084472656,22691500,587.8219604492188,127.0,1.0,1.0,1.0,1.0,5.091810739561318e-05,0.0001362065733682442,,1,1.0,224.0
2025-01-28,27.530000686645508,27.760000228881836,27.389999389648438,27.6299991607666,15636500,592.8727416992188,125.0,1.0,1.0,1.0,1.0,6.773604147297196e-05,0.00015922284105847987,,0,1.0,225.0
2025-01-29,28.059999465942383,28.209999084472656,27.850000381469727,28.0,28857800,590.21484375,125.0,1.0,1.0,1.0,1.0,0.00011917818202651405,0.00013510022708323075,,0,1.0,226.0
2025-01-30,28.649999618530273,28.899999618530273,28.530000686645508,28.719999313354492,38787700,593.3826904296875,128.0,1.0,1.0,1.0,1.0,0.0002264447599869409,0.00011947859463933422,,0,1.0,227.0
2025-01-31,28.770000457763672,28.850000381469727,28.389999389648438,28.510000228881836,26107000,590.2247314453125,126.0,1.0,1.0,1.0,1.0,0.00027506472573103207,8.703982070060964e-05,,0,1.0,228.0
2025-02-03,28.549999237060547,28.850000381469727,28.200000762939453,28.670000076293945,31728900,586.2527465820312,125.0,1.0,1.0,1.0,1.0,0.00029688613824543306,5.091810739561318e-05,,0,1.0,229.0
2025-02-04,29.110000610351562,29.479999542236328,29.020000457763672,29.219999313354492,41977300,590.1854858398438,125.0,1.0,1.0,1.0,1.0,0.00031435642530726907,6.773604147297196e-05,,0,1.0,230.0
2025-02-05,29.360000610351562,29.6299991607666,29.309999465942383,29.350000381469727,34873700,592.578369140625,124.0,1.0,1.0,1.0,1.0,0.0003694773972228336,0.00011917818202651405,,0,1.0,231.0
2025-02-06,29.239999771118164,29.40999984741211,28.90999984741211,29.3799991607666,17723200,594.637939453125,122.0,1.0,1.0,1.0,1.0,0.00041999232969989927,0.0002264447599869409,,0,1.0,232.0
2025-02-07,29.56999969482422,29.739999771118164,28.940000534057617,29.030000686645508,26954000,589.1949462890625,121.0,1.0,1.0,1.0,1.0,0.0004008455380608603,0.00027506472573103207,,0,1.0,233.0
2025-02-10,29.149999618530273,29.360000610351562,29.079999923706055,29.200000762939453,14171300,593.1962890625,120.0,1.0,1.0,1.0,1.0,0.0003606818444339505,0.00029688613824543306,,0,1.0,234.0
2025-02-11,28.860000610351562,29.110000610351562,28.81999969482422,29.0,13779100,593.6474609375,118.0,1.0,1.0,1.0,1.0,0.0003004059200987241,0.00031435642530726907,,0,1.0,235.0
2025-02-12,29.200000762939453,29.469999313354492,29.06999969482422,29.34000015258789,16716600,591.7349853515625,118.0,1.0,1.0,1.0,1.0,0.00029853433789060274,0.0003694773972228336,,0,1.0,236.0
2025-02-13,29.190000534057617,29.479999542236328,29.1200008392334,29.459999084472656,17030700,597.9822998046875,116.0,1.0,1.0,1.0,1.0,0.00031869889869591805,0.00041999232969989927,,0,1.0,237.0
2025-02-14,30.239999771118164,30.280000686645508,29.200000762939453,29.309999465942383,34965900,597.952880859375,114.0,1.0,1.0,1.0,1.0,0.0003694413293764973,0.0004008455380608603,,0,1.0,238.0
2025-02-18,29.6200008392334,29.959999084472656,29.56999969482422,29.90999984741211,20511100,599.7083740234375,116.0,1.0,1.0,1.0,1.0,0.00038364398704059734,0.0003606818444339505,,0,1.0,239.0
2025-02-19,29.75,29.84000015258789,29.530000686645508,29.809999465942383,13660600,601.1206665039062,114.0,1.0,1.0,1.0,1.0,0.00037618030351147853,0.0003004059200987241,,0,1.0,240.0
2025-02-20,29.979999542236328,30.1299991607666,29.8799991607666,29.950000762939453,15420400,598.6197509765625,113.0,1.0,1.0,1.0,1.0,0.0003551439219659903,0.00029853433789060274,,0,1.0,241.0
2025-02-21,30.020000457763672,30.030000686645508,29.579999923706055,29.59000015258789,15515800,588.3809814453125,112.0,1.0,1.0,1.0,1.0,0.0003456189580466704,0.00031869889869591805,,0,1.0,242.0
2025-02-24,29.56999969482422,29.6200008392334,29.209999084472656,29.440000534057617,13995200,585.7034912109375,111.0,1.0,1.0,1.0,1.0,0.0003336849954582531,0.0003694413293764973,,0,1.0,243.0
2025-02-25,29.170000076293945,29.299999237060547,28.469999313354492,28.829999923706055,22142400,582.790771484375,113.0,1.0,4.0,1.0,2.0,0.00030042260611356787,0.00038364398704059734,,0,2.0,244.0
2025-02-26,28.780000686645508,29.100000381469727,28.65999984741211,28.940000534057617,10231000,583.0848388671875,111.0,1.0,4.0,1.0,2.0,0.0003110160393457254,0.00037618030351147853,,0,2.0,245.0
2025-02-27,28.940000534057617,28.940000534057617,28.3799991607666,28.399999618530273,16680000,573.7777709960938,113.0,1.0,4.0,1.0,2.0,0.00029755220464236574,0.0003551439219659903,,0,2.0,246.0
2025-02-28,28.18000030517578,28.399999618530273,28.040000915527344,28.309999465942383,13692000,582.7318725585938,111.0,1.0,4.0,1.0,2.0,0.0002722576926209193,0.0003456189580466704,,0,2.0,247.0
2025-03-03,28.860000610351562,28.989999771118164,28.65999984741211,28.75,16522000,572.5224609375,112.0,1.0,4.0,1.0,2.0,0.0002484081264671247,0.0003336849954582531,,0,2.0,248.0
2025-03-04,29.040000915527344,29.139999389648438,28.639999389648438,29.0,13767900,565.74560546875,111.0,1.0,4.0,1.0,2.0,0.0002696943478323392,0.00030042260611356787,,0,2.0,249.0
2025-03-05,29.229999542236328,29.780000686645508,29.209999084472656,29.770000457763672,25486300,571.8262329101562,115.0,1.0,4.0,1.0,2.0,0.0003456231441450023,0.0003110160393457254,,0,2.0,250.0
2025-03-06,29.5,29.829999923706055,29.469999313354492,29.690000534057617,16888500,561.675537109375,113.0,1.0,4.0,1.0,2.0,0.00036577085949572277,0.00029755220464236574,,0,2.0,251.0
2025-03-07,29.389999389648438,29.68000030517578,29.219999313354492,29.59000015258789,18786400,564.82373046875,111.0,1.0,4.0,1.0,2.0,0.00034948233486935737,0.0002722576926209193,,0,2.0,252.0
2025-03-10,29.559999465942383,29.579999923706055,29.059999465942383,29.110000610351562,15889000,549.779296875,112.0,1.0,4.0,1.0,2.0,0.0002695027671720071,0.0002484081264671247,,0,2.0,253.0
2025-03-11,29.59000015258789,30.020000457763672,29.579999923706055,29.959999084472656,23227800,545.2090454101562,117.0,1.0,1.0,1.0,1.0,0.0002440914603923329,0.0002696943478323392,,0,1.0,254.0
2025-03-12,30.020000457763672,30.34000015258789,29.940000534057617,30.219999313354492,18764800,548.102294921875,116.0,1.0,1.0,1.0,1.0,0.00025531793890550897,0.0003456231441450023,,0,1.0,255.0
2025-03-13,30.200000762939453,30.899999618530273,30.1299991607666,30.739999771118164,37624000,540.7957153320312,117.0,1.0,1.0,1.0,1.0,0.0003366141219464408,0.00036577085949572277,,0,1.0,256.0
2025-03-14,30.90999984741211,30.93000030517578,30.510000228881836,30.709999084472656,23520700,551.96630859375,115.0,1.0,1.0,1.0,1.0,0.0003372384549356615,0.00034948233486935737,,0,1.0,257.0
2025-03-17,30.420000076293945,30.850000381469727,30.420000076293945,30.809999465942383,20973700,556.22265625,113.0,1.0,1.0,1.0,1.0,0.0003288921335369867,0.0002695027671720071,,0,1.0,258.0
2025-03-18,31.100000381469727,31.149999618530273,30.81999969482422,30.850000381469727,20424600,550.2108764648438,112.0,1.0,1.0,1.0,1.0,0.0003024758764832344,0.0002440914603923329,,0,1.0,259.0
2025-03-19,30.68000030517578,30.8799991607666,30.450000762939453,30.75,23258500,556.2030029296875,110.0,1.0,1.0,1.0,1.0,0.00027195864498316945,0.00025531793890550897,,0,1.0,260.0
2025-03-20,30.270000457763672,30.540000915527344,30.229999542236328,30.5,12842100,554.5946044921875,109.0,1.0,1.0,1.0,1.0,0.0002318332674901047,0.0003366141219464408,,0,1.0,261.0
2025-03-21,30.209999084472656,30.25,29.719999313354492,30.020000457763672,17198900,554.7776489257812,109.0,1.0,1.0,1.0,1.0,0.00015775420253717453,0.0003372384549356615,,0,1.0,262.0
2025-03-24,30.1299991607666,30.239999771118164,29.920000076293945,29.959999084472656,17493700,564.712890625,108.0,1.0,1.0,1.0,1.0,0.00013802001212852722,0.0003288921335369867,,0,1.0,263.0
2025-03-25,30.549999237060547,30.760000228881836,30.520000457763672,30.579999923706055,19168000,566.0703125,110.0,1.0,1.0,1.0,1.0,0.00015538466671071238,0.0003024758764832344,,0,1.0,264.0
2025-03-26,30.709999084472656,30.760000228881836,30.479999542236328,30.530000686645508,13616800,559.3125,108.0,1.0,1.0,1.0,1.0,0.00019796794239809628,0.00027195864498316945,,0,1.0,265.0
2025-03-27,30.770000457763672,31.3799991607666,30.68000030517578,31.31999969482422,34298400,557.8270263671875,112.0,1.0,1.0,1.0,1.0,0.00024305552966085993,0.0002318332674901047,,0,1.0,266.0
2025-03-28,31.389999389648438,31.40999984741211,30.860000610351562,31.0,25160200,546.5934448242188,111.0,1.0,1.0,1.0,1.0,0.00023950968571029936,0.00015775420253717453,,0,1.0,267.0
2025-03-31,30.770000457763672,31.020000457763672,30.479999542236328,30.989999771118164,18403300,550.2625732421875,110.0,1.0,1.0,1.0,1.0,0.0002373993237168614,0.00013802001212852722,,0,1.0,268.0
2025-04-01,30.8700008392334,30.90999984741211,30.440000534057617,30.6299991607666,22261800,551.8167724609375,109.0,1.0,1.0,1.0,1.0,0.00020077685810652123,0.00015538466671071238,,0,1.0,269.0
2025-04-02,30.739999771118164,30.969999313354492,30.639999389648438,30.760000228881836,20976600,555.3088989257812,108.0,1.0,1.0,1.0,1.0,0.0002100802801142883,0.00019796794239809628,,0,1.0,270.0
2025-04-03,28.950000762939453,29.510000228881836,28.860000610351562,28.889999389648438,46008100,527.9428100585938,136.0,1.0,4.0,4.0,6.0,0.0001395082230248608,0.00024305552966085993,,1,2.0,271.0
2025-04-04,27.959999084472656,28.020000457763672,26.56999969482422,27.079999923706055,73174500,497.0354309082031,161.0,4.0,4.0,4.0,12.0,3.380527729577822e-05,0.00023950968571029936,,1,4.0,1.0
2025-04-07,27.299999237060547,27.84000015258789,26.920000076293945,27.139999389648438,37531600,496.1501159667969,158.0,4.0,4.0,4.0,12.0,-0.00010337025901210129,0.0002373993237168614,,0,4.0,2.0
2025-04-08,27.6299991607666,27.780000686645508,26.959999084472656,27.139999389648438,19629400,488.3790588378906,156.0,4.0,4.0,4.0,12.0,-0.0001518142027886049,0.00020077685810652123,,0,4.0,3.0
2025-04-09,27.610000610351562,28.239999771118164,27.450000762939453,28.059999465942383,38180100,539.668212890625,160.0,4.0,4.0,4.0,12.0,-0.00012089634847198794,0.0002100802801142883,,0,4.0,4.0
2025-04-10,28.110000610351562,28.420000076293945,27.809999465942383,28.280000686645508,23059800,516.0205078125,158.0,1.0,4.0,4.0,6.0,-7.579204060682821e-05,0.0001395082230248608,,0,2.0,5.0
2025-04-11,28.790000915527344,29.3700008392334,28.68000030517578,29.190000534057617,36908500,525.2277221679688,162.0,1.0,4.0,4.0,6.0,-1.3129974282354227e-05,3.380527729577822e-05,,0,2.0,6.0
2025-04-14,29.100000381469727,29.459999084472656,28.8799991607666,29.3799991607666,29268900,530.3233032226562,159.0,1.0,4.0,4.0,6.0,1.1697394533982961e-06,-0.00010337025901210129,,0,2.0,7.0
2025-04-15,29.360000610351562,29.459999084472656,29.200000762939453,29.40999984741211,24273700,528.8378295898438,157.0,1.0,4.0,4.0,6.0,-7.78274896752495e-07,-0.0001518142027886049,,0,2.0,8.0
2025-04-16,29.850000381469727,30.020000457763672,29.700000762939453,29.760000228881836,21282500,517.0828857421875,156.0,1.0,4.0,4.0,6.0,-4.2766095319103485e-05,-0.00012089634847198794,,0,2.0,9.0
2025-04-17,29.540000915527344,29.690000534057617,29.170000076293945,29.549999237060547,13649400,517.8206787109375,154.0,1.0,4.0,4.0,6.0,-5.334003106109226e-05,-7.579204060682821e-05,,1,2.0,10.0
2025-04-21,29.950000762939453,30.010000228881836,29.549999237060547,29.790000915527344,17295400,505.4950866699219,152.0,1.0,4.0,4.0,6.0,-4.8938760789894893e-05,-1.3129974282354227e-05,,0,2.0,11.0
2025-04-22,29.790000915527344,30.149999618530273,29.5,29.5,27253600,518.64697265625,150.0,1.0,4.0,4.0,6.0,-3.3792251793824375e-05,1.1697394533982961e-06,,0,2.0,12.0
2025-04-23,29.809999465942383,30.6200008392334,29.709999084472656,30.559999465942383,31975000,526.6836547851562,155.0,1.0,4.0,4.0,6.0,-7.650842362076315e-06,-7.78274896752495e-07,,0,2.0,13.0
2025-04-24,30.309999465942383,30.59000015258789,30.1299991607666,30.559999465942383,15405500,537.7698364257812,153.0,1.0,1.0,4.0,5.0,-3.1296383190183127e-06,-4.2766095319103485e-05,,0,2.0,14.0
2025-04-25,29.959999084472656,30.100000381469727,29.790000915527344,30.049999237060547,19326000,541.6553344726562,153.0,1.0,1.0,4.0,5.0,-1.072003979462894e-05,-5.334003106109226e-05,,1,2.0,15.0
2025-04-28,30.079999923706055,30.200000762939453,29.829999923706055,30.190000534057617,18288000,541.8618774414062,151.0,1.0,1.0,4.0,5.0,-1.9488611301693832e-05,-4.8938760789894893e-05,,0,2.0,16.0
2025-04-29,30.450000762939453,30.5,29.81999969482422,29.829999923706055,24967300,545.2753295898438,149.0,1.0,1.0,4.0,5.0,-2.3656655125824485e-05,-3.3792251793824375e-05,,0,2.0,17.0
2025-04-30,29.68000030517578,29.809999465942383,29.440000534057617,29.600000381469727,22126700,545.4916381835938,147.0,1.0,1.0,4.0,5.0,-2.2832317867623706e-05,-7.650842362076315e-06,,1,2.0,18.0
2025-05-01,29.40999984741211,29.549999237060547,29.170000076293945,29.389999389648438,14830500,549.3574829101562,145.0,1.0,1.0,4.0,5.0,-4.422510209018711e-05,-3.1296383190183127e-06,,0,2.0,19.0
2025-05-02,29.6200008392334,29.649999618530273,29.040000915527344,29.1200008392334,14040900,557.5122680664062,144.0,1.0,1.0,4.0,5.0,-4.2383158029847086e-05,-1.072003979462894e-05,,0,2.0,20.0
2025-05-05,29.549999237060547,29.559999465942383,29.25,29.479999542236328,10052300,554.3152465820312,143.0,1.0,1.0,4.0,5.0,-2.53709771406615e-05,-1.9488611301693832e-05,,0,2.0,21.0
2025-05-06,30.200000762939453,30.239999771118164,30.0,30.219999313354492,17870800,549.6822509765625,145.0,1.0,1.0,4.0,5.0,2.886497792235333e-05,-2.3656655125824485e-05,,0,2.0,22.0
2025-05-07,29.770000457763672,29.8700008392334,29.31999969482422,29.489999771118164,14080800,551.9938354492188,146.0,1.0,1.0,4.0,5.0,4.4678495296730944e-05,-2.2832317867623706e-05,,1,2.0,23.0
2025-05-08,29.600000381469727,29.780000686645508,29.360000610351562,29.459999084472656,13209300,555.8400268554688,144.0,1.0,1.0,4.0,5.0,5.2129658729858416e-05,-4.422510209018711e-05,,0,2.0,24.0
2025-05-09,29.700000762939453,29.889999389648438,29.649999618530273,29.799999237060547,8963000,555.1317749023438,143.0,1.0,1.0,4.0,5.0,3.5529368942395804e-05,-4.2383158029847086e-05,,0,2.0,25.0
2025-05-12,29.670000076293945,29.739999771118164,29.43000030517578,29.6299991607666,14642000,573.4774780273438,141.0,1.0,1.0,4.0,5.0,3.883729085889564e-05,-2.53709771406615e-05,,0,2.0,26.0
2025-05-13,29.690000534057617,30.010000228881836,29.610000610351562,29.93000030517578,13094100,577.2647094726562,140.0,1.0,1.0,4.0,5.0,5.766959482064956e-05,2.886497792235333e-05,,0,2.0,27.0
2025-05-14,29.43000030517578,29.510000228881836,29.15999984741211,29.25,14048500,578.00244140625,141.0,1.0,4.0,4.0,6.0,3.780435515185863e-05,4.4678495296730944e-05,,1,2.0,28.0
2025-05-15,29.25,29.6200008392334,29.18000030517578,29.610000610351562,10062200,580.8256225585938,140.0,1.0,4.0,4.0,6.0,2.8258236378057535e-05,5.2129658729858416e-05,,0,2.0,29.0
2025-05-16,29.200000762939453,29.3799991607666,29.100000381469727,29.299999237060547,9275600,584.5045166015625,139.0,1.0,4.0,4.0,6.0,3.0737142487592614e-05,3.5529368942395804e-05,,0,2.0,30.0
2025-05-19,29.43000030517578,29.530000686645508,29.309999465942383,29.420000076293945,11078100,585.1439819335938,137.0,1.0,4.0,3.0,4.0,0.00010453485736103892,3.883729085889564e-05,,0,2.0,31.0
2025-05-20,29.530000686645508,30.1299991607666,29.5,30.1299991607666,14474100,583.1765747070312,138.0,1.0,1.0,3.0,3.0,0.00018692687456733277,5.766959482064956e-05,,0,1.0,1.0
2025-05-21,30.18000030517578,30.530000686645508,30.100000381469727,30.510000228881836,19504900,573.3494873046875,137.0,1.0,1.0,3.0,3.0,0.0002707242304957194,3.780435515185863e-05,,0,1.0,2.0
2025-05-22,30.010000228881836,30.110000610351562,29.780000686645508,30.030000686645508,15320500,573.5758666992188,137.0,1.0,1.0,3.0,3.0,0.00027455135299058885,2.8258236378057535e-05,,0,1.0,3.0
2025-05-23,30.190000534057617,30.5,30.020000457763672,30.450000762939453,15098100,569.6607666015625,136.0,1.0,1.0,3.0,3.0,0.00027835648308309355,3.0737142487592614e-05,,0,1.0,4.0
2025-05-27,30.040000915527344,30.25,29.979999542236328,30.229999542236328,12301000,581.5042724609375,135.0,1.0,1.0,3.0,3.0,0.00022231244139825463,0.00010453485736103892,,0,1.0,5.0
2025-05-28,30.149999618530273,30.229999542236328,29.959999084472656,29.979999542236328,11211700,578.1401977539062,133.0,1.0,1.0,3.0,3.0,0.00019640566848843014,0.00018692687456733277,,0,1.0,6.0
2025-05-29,30.290000915527344,30.31999969482422,30.049999237060547,30.299999237060547,12160600,580.4222412109375,132.0,1.0,1.0,3.0,3.0,0.00015725560137797134,0.0002707242304957194,,0,1.0,7.0
2025-05-30,30.1200008392334,30.190000534057617,29.780000686645508,30.0,14305400,579.7730712890625,131.0,1.0,1.0,3.0,3.0,0.00013052239993719487,0.00027455135299058885,,0,1.0,8.0
2025-06-02,30.850000381469727,31.600000381469727,30.719999313354492,31.59000015258789,37873300,583.038818359375,147.0,1.0,1.0,3.0,3.0,0.00016075965829012785,0.00027835648308309355,,0,1.0,9.0
2025-06-03,31.270000457763672,31.469999313354492,31.06999969482422,31.440000534057617,23158800,586.36376953125,145.0,1.0,1.0,3.0,3.0,0.00018595040306991454,0.00022231244139825463,,0,1.0,10.0
2025-06-04,31.31999969482422,31.43000030517578,31.229999542236328,31.34000015258789,19730500,586.206298828125,143.0,1.0,1.0,3.0,3.0,0.000222489193030812,0.00019640566848843014,,0,1.0,11.0
2025-06-05,32.630001068115234,32.779998779296875,32.09000015258789,32.45000076293945,51807500,583.373291015625,148.0,1.0,1.0,3.0,3.0,0.00022556735587629987,0.00015725560137797134,,0,1.0,12.0
2025-06-06,32.91999816894531,32.97999954223633,32.54999923706055,32.689998626708984,30260200,589.364013671875,146.0,1.0,1.0,3.0,3.0,0.00023862970562071645,0.00013052239993719487,,0,1.0,13.0
2025-06-09,33.099998474121094,33.540000915527344,33.0,33.38999938964844,33931400,589.8951416015625,147.0,1.0,1.0,3.0,3.0,0.00030319394700509483,0.00016075965829012785,,0,1.0,14.0
2025-06-10,33.310001373291016,33.36000061035156,33.0099983215332,33.22999954223633,29120900,593.2396240234375,145.0,1.0,1.0,3.0,3.0,0.00035395691179302205,0.00018595040306991454,,0,1.0,15.0
2025-06-11,32.91999816894531,33.040000915527344,32.75,32.95000076293945,34712100,591.5476684570312,143.0,1.0,1.0,3.0,3.0,0.00039674525568814833,0.000222489193030812,,0,1.0,16.0
2025-06-12,32.849998474121094,33.060001373291016,32.790000915527344,33.060001373291016,21111600,593.8988037109375,141.0,1.0,1.0,3.0,3.0,0.000406898499663974,0.00022556735587629987,,0,1.0,17.0
2025-06-13,33.02000045776367,33.060001373291016,32.790000915527344,32.970001220703125,21713100,587.2589111328125,139.0,1.0,1.0,3.0,3.0,0.0004372416329993343,0.00023862970562071645,,0,1.0,18.0
2025-06-16,33.099998474121094,33.150001525878906,32.900001525878906,33.029998779296875,14883300,592.84619140625,137.0,1.0,1.0,3.0,3.0,0.00048468708048683473,0.00030319394700509483,,0,1.0,19.0
2025-06-17,33.630001068115234,33.869998931884766,33.45000076293945,33.7400016784668,26824900,587.7802734375,138.0,1.0,1.0,3.0,3.0,0.0005283333542624928,0.00035395691179302205,,0,1.0,20.0
2025-06-18,33.7400016784668,33.75,33.209999084472656,33.27000045776367,21945600,587.691650390625,138.0,1.0,1.0,3.0,3.0,0.0005189491402066141,0.00039674525568814833,,0,1.0,21.0
2025-06-20,32.779998779296875,32.790000915527344,32.56999969482422,32.720001220703125,25415200,586.3115234375,137.0,1.0,1.0,3.0,3.0,0.0004908042782908148,0.000406898499663974,,1,1.0,22.0
2025-06-23,32.810001373291016,33.04999923706055,32.779998779296875,32.959999084472656,18661900,592.1028442382812,136.0,1.0,1.0,3.0,3.0,0.00046395912557479823,0.0004372416329993343,,0,1.0,23.0
2025-06-24,32.54999923706055,32.630001068115234,32.060001373291016,32.61000061035156,20982400,598.6438598632812,135.0,1.0,1.0,3.0,3.0,0.000460365130226056,0.00048468708048683473,,1,1.0,24.0
2025-06-25,32.529998779296875,33.0099983215332,32.4900016784668,33.0099983215332,12254300,598.9793090820312,134.0,1.0,1.0,3.0,3.0,0.0004834167661111853,0.0005283333542624928,,0,1.0,25.0
2025-06-26,33.130001068115234,33.369998931884766,33.0,33.34000015258789,15255200,603.66552734375,132.0,1.0,1.0,3.0,3.0,0.0005085823255031222,0.0005189491402066141,,0,1.0,26.0
2025-06-27,32.560001373291016,32.900001525878906,32.529998779296875,32.619998931884766,17596300,606.664794921875,134.0,1.0,1.0,3.0,3.0,0.0005177354624365284,0.0004908042782908148,,1,1.0,27.0
2025-06-30,32.720001220703125,32.81999969482422,32.619998931884766,32.810001373291016,10565300,609.5653076171875,132.0,1.0,1.0,3.0,3.0,0.0005025257234397972,0.00046395912557479823,,0,1.0,28.0
2025-07-01,32.93000030517578,33.119998931884766,32.709999084472656,32.72999954223633,13436400,609.3681030273438,130.0,1.0,1.0,3.0,3.0,0.0004788206457025698,0.000460365130226056,,0,1.0,29.0
2025-07-02,33.029998779296875,33.2400016784668,32.93000030517578,33.2400016784668,13673500,612.130615234375,130.0,1.0,1.0,3.0,3.0,0.0004959578428283933,0.0004834167661111853,,0,1.0,30.0
2025-07-03,33.41999816894531,33.54999923706055,33.290000915527344,33.5099983215332,10356200,616.9550170898438,128.0,1.0,1.0,3.0,3.0,0.0005089272002506777,0.0005085823255031222,,0,1.0,31.0
2025-07-07,33.060001373291016,33.439998626708984,33.02000045776367,33.43000030517578,12133000,612.357421875,127.0,1.0,1.0,3.0,3.0,0.0005067987950604026,0.0005177354624365284,,0,1.0,32.0
2025-07-08,33.33000183105469,33.36000061035156,32.970001220703125,33.290000915527344,17473100,612.0220336914062,125.0,1.0,1.0,3.0,3.0,0.0005065970459267729,0.0005025257234397972,,0,1.0,33.0
2025-07-09,33.09000015258789,33.13999938964844,32.959999084472656,33.0,17764100,615.6920776367188,124.0,1.0,4.0,3.0,4.0,0.0004870238304824125,0.0004788206457025698,,0,2.0,34.0
2025-07-10,33.310001373291016,33.7599983215332,33.11000061035156,33.75,44301500,617.4285278320312,125.0,1.0,4.0,3.0,4.0,0.0004953991750292357,0.0004959578428283933,,0,2.0,35.0
2025-07-11,34.20000076293945,35.06999969482422,34.150001525878906,35.029998779296875,57917800,615.258056640625,134.0,1.0,1.0,3.0,3.0,0.0005204758491270076,0.0005089272002506777,,0,1.0,36.0
2025-07-14,35.220001220703125,35.290000915527344,34.61000061035156,34.630001068115234,40685400,616.43212890625,133.0,1.0,1.0,3.0,3.0,0.0005584802680512635,0.0005067987950604026,,0,1.0,37.0
2025-07-15,34.689998626708984,34.720001220703125,34.130001068115234,34.2599983215332,34082300,613.7978515625,131.0,1.0,1.0,3.0,3.0,0.0005718809849597759,0.0005065970459267729,,0,1.0,38.0
2025-07-16,34.38999938964844,34.56999969482422,34.04999923706055,34.40999984741211,26483200,615.8499145507812,130.0,1.0,1.0,3.0,3.0,0.000525139187015261,0.0004870238304824125,,0,1.0,39.0
2025-07-17,34.29999923706055,34.68000030517578,34.16999816894531,34.650001525878906,14813500,619.6187744140625,128.0,1.0,1.0,3.0,3.0,0.000507242122748107,0.0004953991750292357,,0,1.0,40.0
2025-07-18,34.790000915527344,34.86000061035156,34.599998474121094,34.61000061035156,18305300,619.1648559570312,126.0,1.0,1.0,3.0,3.0,0.0005006327218355183,0.0005204758491270076,,0,1.0,41.0
2025-07-21,35.11000061035156,35.4900016784668,35.09000015258789,35.349998474121094,28710500,620.3389282226562,128.0,1.0,1.0,3.0,3.0,0.0005292583839858396,0.0005584802680512635,,0,1.0,42.0
2025-07-22,35.54999923706055,35.720001220703125,35.16999816894531,35.720001220703125,25205300,620.427734375,126.0,1.0,1.0,3.0,3.0,0.0005469136538633857,0.0005718809849597759,,0,1.0,43.0
2025-07-23,35.7599983215332,35.90999984741211,35.470001220703125,35.689998626708984,21882800,625.7059936523438,125.0,1.0,1.0,3.0,3.0,0.0005466356189718736,0.000525139187015261,,0,1.0,44.0
2025-07-24,35.36000061035156,35.54999923706055,35.2400016784668,35.4900016784668,11319800,625.9132690429688,123.0,1.0,1.0,3.0,3.0,0.0005201644172915725,0.000507242122748107,,0,1.0,45.0
2025-07-25,35.279998779296875,35.38999938964844,34.47999954223633,34.65999984741211,24958300,628.5573120117188,125.0,1.0,1.0,3.0,3.0,0.0004668540834065822,0.0005006327218355183,,0,1.0,46.0
2025-07-28,34.650001525878906,34.689998626708984,34.43000030517578,34.63999938964844,16543400,628.3994140625,124.0,1.0,1.0,3.0,3.0,0.00042721138663354683,0.0005292583839858396,,0,1.0,47.0
2025-07-29,34.63999938964844,34.779998779296875,34.47999954223633,34.65999984741211,10705700,626.741943359375,122.0,1.0,1.0,3.0,3.0,0.0003975594845107829,0.0005469136538633857,,0,1.0,48.0
2025-07-30,34.119998931884766,34.29999923706055,33.400001525878906,33.5099983215332,35325600,625.9526977539062,128.0,1.0,1.0,3.0,3.0,0.00034227138275362556,0.0005466356189718736,,1,1.0,49.0
2025-07-31,33.29999923706055,33.349998474121094,33.099998474121094,33.31999969482422,15454400,623.6046142578125,127.0,1.0,4.0,3.0,4.0,0.00027371992611092293,0.0005201644172915725,,1,2.0,50.0
2025-08-01,33.7599983215332,33.77000045776367,33.38999938964844,33.59000015258789,16787200,613.3834838867188,125.0,1.0,4.0,3.0,4.0,0.00023249301742519793,0.0004668540834065822,,0,2.0,51.0
2025-08-04,33.93000030517578,34.04999923706055,33.849998474121094,33.97999954223633,9725800,622.7068481445312,124.0,1.0,4.0,3.0,4.0,0.0002571186922612376,0.00042721138663354683,,0,2.0,52.0
2025-08-05,34.0099983215332,34.40999984741211,33.9900016784668,34.349998474121094,16451200,619.5496826171875,124.0,1.0,4.0,3.0,4.0,0.0003110821154409812,0.0003975594845107829,,0,2.0,53.0
2025-08-06,34.38999938964844,34.470001220703125,34.290000915527344,34.349998474121094,8747600,624.295166015625,122.0,1.0,4.0,3.0,4.0,0.00034548004830874823,0.00034227138275362556,,0,2.0,54.0
2025-08-07,34.849998474121094,34.9900016784668,34.52000045776367,34.7599983215332,21996100,623.7723388671875,121.0,1.0,4.0,3.0,4.0,0.0003646620061280217,0.00027371992611092293,,0,2.0,55.0
2025-08-08,34.779998779296875,34.88999938964844,34.5099983215332,34.880001068115234,15786100,628.6361694335938,119.0,1.0,4.0,3.0,4.0,0.0003744506014332653,0.00023249301742519793,,0,2.0,56.0
2025-08-11,34.34000015258789,34.43000030517578,34.18000030517578,34.18000030517578,10749300,627.3931274414062,121.0,1.0,4.0,3.0,4.0,0.00035886802026289334,0.0002571186922612376,,1,2.0,57.0
2025-08-12,34.2400016784668,34.529998779296875,34.11000061035156,34.40999984741211,12098000,634.0723266601562,119.0,1.0,4.0,3.0,4.0,0.00034523997860042287,0.0003110821154409812,,0,2.0,58.0
2025-08-13,34.869998931884766,35.040000915527344,34.849998474121094,35.0,13185600,636.2428588867188,120.0,1.0,4.0,3.0,4.0,0.0003470283842878224,0.00034548004830874823,,0,2.0,59.0
2025-08-14,34.650001525878906,34.75,34.349998474121094,34.5,15819700,636.302001953125,120.0,1.0,4.0,3.0,4.0,0.00035754553654441515,0.0003646620061280217,,1,2.0,60.0
2025-08-15,34.34000015258789,34.52000045776367,34.220001220703125,34.5,13881700,634.8123168945312,118.0,1.0,4.0,3.0,4.0,0.0003603185403157586,0.0003744506014332653,,0,2.0,61.0
2025-08-18,34.65999984741211,34.68000030517578,34.470001220703125,34.54999923706055,8670800,634.6741333007812,116.0,1.0,4.0,3.0,4.0,0.00036118500814589653,0.00035886802026289334,,0,2.0,62.0
2025-08-19,34.470001220703125,34.540000915527344,33.849998474121094,33.869998931884766,18812900,631.2308959960938,118.0,1.0,4.0,3.0,4.0,0.00034955547332086117,0.00034523997860042287,,0,2.0,63.0
2025-08-20,34.209999084472656,34.45000076293945,34.20000076293945,34.43000030517578,10903400,629.5537109375,118.0,1.0,4.0,3.0,4.0,0.0003719317121334128,0.0003470283842878224,,0,2.0,64.0
2025-08-21,34.47999954223633,34.689998626708984,34.45000076293945,34.61000061035156,10597900,627.0280151367188,116.0,1.0,4.0,3.0,4.0,0.0003752956607736498,0.00035754553654441515,,0,2.0,65.0
2025-08-22,34.459999084472656,35.470001220703125,34.400001525878906,35.34000015258789,26003300,636.6572265625,118.0,1.0,1.0,3.0,3.0,0.00040087623962271516,0.0003603185403157586,,0,1.0,66.0
2025-08-25,35.06999969482422,35.349998474121094,35.02000045776367,35.02000045776367,10286400,633.8551635742188,117.0,1.0,1.0,3.0,3.0,0.00038319454656856694,0.00036118500814589653,,0,1.0,67.0
2025-08-26,34.900001525878906,35.099998474121094,34.880001068115234,35.02000045776367,13836600,636.5092163085938,115.0,1.0,1.0,3.0,3.0,0.000361163714508745,0.00034955547332086117,,0,1.0,68.0
2025-08-27,34.72999954223633,35.08000183105469,34.61000061035156,34.9900016784668,10084200,637.9595336914062,114.0,1.0,1.0,3.0,3.0,0.0003416112631909082,0.0003719317121334128,,0,1.0,69.0
2025-08-28,35.40999984741211,35.52000045776367,35.22999954223633,35.52000045776367,21079100,640.21875,114.0,1.0,1.0,3.0,3.0,0.00034746784634625687,0.0003752956607736498,,0,1.0,70.0
2025-08-29,35.349998474121094,36.290000915527344,35.31999969482422,36.189998626708984,28952900,636.400634765625,115.0,1.0,1.0,3.0,3.0,0.0003922896107537237,0.00040087623962271516,,0,1.0,71.0
2025-09-02,36.630001068115234,37.16999816894531,36.43000030517578,37.150001525878906,35875300,631.6847534179688,119.0,1.0,1.0,3.0,3.0,0.00043574305476498486,0.00038319454656856694,,0,1.0,72.0
2025-09-03,37.33000183105469,37.63999938964844,37.18000030517578,37.34000015258789,27291200,635.108154296875,117.0,1.0,1.0,3.0,3.0,0.0004609498902323586,0.000361163714508745,,0,1.0,73.0
2025-09-04,37.20000076293945,37.220001220703125,36.630001068115234,36.93000030517578,45258500,640.4160766601562,116.0,1.0,1.0,3.0,3.0,0.00043411026500251036,0.0003416112631909082,,0,1.0,74.0
2025-09-05,37.40999984741211,37.599998474121094,36.970001220703125,37.209999084472656,25435500,638.561279296875,115.0,1.0,1.0,3.0,3.0,0.0004252999372924893,0.00034746784634625687,,0,1.0,75.0
2025-09-08,37.56999969482422,37.83000183105469,37.36000061035156,37.5099983215332,25019700,640.1300048828125,114.0,1.0,1.0,3.0,3.0,0.0004437620267626116,0.0003922896107537237,,0,1.0,76.0
2025-09-09,37.43000030517578,37.58000183105469,37.0099983215332,37.18000030517578,24001200,641.60986328125,113.0,1.0,1.0,1.0,1.0,0.0004730346024321831,0.00043574305476498486,,0,1.0,77.0
2025-09-10,37.349998474121094,37.4900016784668,37.2400016784668,37.40999984741211,17743600,643.4647216796875,112.0,1.0,1.0,1.0,1.0,0.0005000054361288768,0.0004609498902323586,,0,1.0,78.0
2025-09-11,37.369998931884766,37.91999816894531,37.33000183105469,37.790000915527344,19051500,648.8119506835938,111.0,1.0,1.0,1.0,1.0,0.0005465382481673193,0.00043411026500251036,,0,1.0,79.0
2025-09-12,38.2400016784668,38.45000076293945,38.150001525878906,38.34000015258789,19902300,648.594970703125,111.0,1.0,1.0,1.0,1.0,0.0006362475102310596,0.0004252999372924893,,0,1.0,80.0
2025-09-15,38.29999923706055,38.790000915527344,38.25,38.7599983215332,22225100,652.0480346679688,110.0,1.0,1.0,1.0,1.0,0.0007239211431142911,0.0004437620267626116,,0,1.0,81.0
2025-09-16,39.0,39.0099983215332,38.34000015258789,38.599998474121094,25319700,651.1502075195312,109.0,1.0,1.0,1.0,1.0,0.0007433594196191621,0.0004730346024321831,,0,1.0,82.0
2025-09-17,38.040000915527344,38.34000015258789,37.349998474121094,37.790000915527344,31045500,650.3412475585938,111.0,1.0,1.0,1.0,1.0,0.0006898050946441196,0.0005000054361288768,,0,1.0,83.0
2025-09-18,37.849998474121094,38.0,37.61000061035156,37.9900016784668,13289200,653.3799438476562,110.0,1.0,1.0,1.0,1.0,0.0006195052785495083,0.0005465382481673193,,0,1.0,84.0
2025-09-19,38.2599983215332,39.119998931884766,38.189998626708984,39.040000915527344,36776300,656.615966796875,114.0,1.0,1.0,1.0,1.0,0.0006003284383196352,0.0006362475102310596,,0,1.0,85.0
2025-09-22,39.5,40.04999923706055,39.34000015258789,40.040000915527344,32055400,659.7225341796875,118.0,1.0,1.0,1.0,1.0,0.0006426993753787875,0.0007239211431142911,,0,1.0,86.0
2025-09-23,40.310001373291016,40.36000061035156,39.790000915527344,39.959999084472656,28492600,656.1312255859375,116.0,1.0,1.0,1.0,1.0,0.0007163590719255065,0.0007433594196191621,,0,1.0,87.0
2025-09-24,40.130001068115234,40.15999984741211,39.63999938964844,39.81999969482422,31533200,654.0436401367188,114.0,1.0,1.0,1.0,1.0,0.0007542187287762433,0.0006898050946441196,,0,1.0,88.0
2025-09-25,40.459999084472656,41.060001373291016,40.119998931884766,41.029998779296875,36395800,651.0263061523438,120.0,1.0,1.0,1.0,1.0,0.000818798765285195,0.0006195052785495083,,0,1.0,89.0
2025-09-26,41.22999954223633,42.33000183105469,41.09000015258789,41.86000061035156,44578500,654.756103515625,121.0,1.0,1.0,1.0,1.0,0.0009317304363712951,0.0006003284383196352,,0,1.0,90.0
2025-09-29,42.459999084472656,42.75,42.18000030517578,42.5,41290300,656.59619140625,121.0,1.0,1.0,1.0,1.0,0.0010722948987919652,0.0006426993753787875,,0,1.0,91.0
2025-09-30,41.790000915527344,42.459999084472656,41.70000076293945,42.369998931884766,34884200,659.0695190429688,119.0,1.0,1.0,1.0,1.0,0.001164965643956382,0.0007163590719255065,-1.0,0,1.0,92.0
2025-10-01,43.029998779296875,43.400001525878906,42.869998931884766,42.90999984741211,44341800,661.3153686523438,119.0,1.0,1.0,1.0,1.0,0.001198814081875124,0.0007542187287762433,-1.0,0,1.0,93.0
2025-10-02,43.56999969482422,43.59000015258789,41.65999984741211,42.529998779296875,58242300,662.0769653320312,118.0,1.0,1.0,1.0,1.0,0.0011854873651338178,0.000818798765285195,-1.0,0,1.0,94.0
2025-10-03,43.33000183105469,43.95000076293945,43.04999923706055,43.52000045776367,47523500,662.0672607421875,120.0,1.0,1.0,1.0,1.0,0.0011746207845362672,0.0009317304363712951,-1.0,0,1.0,95.0
2025-10-06,44.0099983215332,44.2599983215332,43.88999938964844,44.060001373291016,34114000,664.4415283203125,119.0,1.0,1.0,1.0,1.0,0.001152892990921101,0.0010722948987919652,-1.0,0,1.0,96.0
2025-10-07,43.970001220703125,43.9900016784668,42.95000076293945,43.38999938964844,42769100,661.9781494140625,120.0,1.0,1.0,1.0,1.0,0.0011399383186266596,0.001164965643956382,-1.0,0,1.0,97.0
2025-10-08,44.43000030517578,45.0099983215332,44.279998779296875,44.560001373291016,59455700,665.925537109375,123.0,1.0,1.0,1.0,1.0,0.0011439154467112495,0.001198814081875124,-1.0,0,1.0,98.0
2025-10-09,46.27000045776367,46.349998474121094,42.810001373291016,44.709999084472656,110701700,663.996337890625,121.0,1.0,1.0,1.0,1.0,0.0011592989016433986,0.0011854873651338178,-1.0,0,1.0,99.0
2025-10-10,45.47999954223633,46.0,44.880001068115234,45.43000030517578,67017000,646.0499877929688,122.0,1.0,1.0,1.0,1.0,0.0011959707174501457,0.0011746207845362672,1.0,0,1.0,100.0
2025-10-13,46.939998626708984,47.439998626708984,46.58000183105469,47.2599983215332,57830400,655.9629516601562,131.0,1.0,1.0,4.0,5.0,0.001226716979263447,0.001152892990921101,1.0,0,1.0,101.0
2025-10-14,45.9900016784668,47.2599983215332,45.77000045776367,46.79999923706055,57821500,655.16162109375,130.0,1.0,1.0,4.0,5.0,0.0011941777102802984,0.0011399383186266596,1.0,0,1.0,102.0
2025-10-15,47.75,48.40999984741211,47.41999816894531,48.33000183105469,41672900,658.0702514648438,135.0,1.0,1.0,4.0,5.0,0.0011827602066952216,0.0011439154467112495,1.0,0,1.0,103.0
2025-10-16,48.099998474121094,49.25,48.0,49.16999816894531,48853000,653.5887451171875,135.0,1.0,1.0,4.0,5.0,0.001196760552620822,0.0011592989016433986,1.0,0,1.0,104.0
2025-10-17,48.459999084472656,48.59000015258789,45.880001068115234,46.9900016784668,86492600,657.298583984375,147.0,1.0,1.0,4.0,5.0,0.0011635714493121705,0.0011959707174501457,1.0,0,1.0,105.0
2025-10-20,47.7599983215332,47.83000183105469,47.060001373291016,47.720001220703125,35933500,664.1348876953125,146.0,1.0,1.0,4.0,5.0,0.0011278768770830716,0.001226716979263447,1.0,0,1.0,106.0
2025-10-21,45.189998626708984,45.380001068115234,43.310001373291016,43.790000915527344,81395300,664.1249389648438,186.0,1.0,1.0,4.0,5.0,0.000907220951045702,0.0011941777102802984,-1.0,1,2.0,107.0
2025-10-22,43.7400016784668,44.130001068115234,43.279998779296875,43.880001068115234,43270000,660.6722412109375,183.0,1.0,1.0,4.0,5.0,0.0007882966826610445,0.0011827602066952216,-1.0,0,2.0,108.0
2025-10-23,44.720001220703125,44.869998931884766,44.16999816894531,44.18000030517578,24565600,664.5899047851562,180.0,1.0,1.0,4.0,5.0,0.000658385512724923,0.001196760552620822,-1.0,0,2.0,109.0
2025-10-24,44.08000183105469,44.38999938964844,43.84000015258789,43.9900016784668,24014000,670.0213623046875,178.0,1.0,4.0,4.0,6.0,0.000661906702085377,0.0011635714493121705,-1.0,0,4.0,1.0
2025-10-27,42.970001220703125,43.060001373291016,41.70000076293945,42.400001525878906,42914100,677.926025390625,182.0,1.0,4.0,4.0,6.0,0.0006096150573443681,0.0011278768770830716,-1.0,1,4.0,2.0
2025-10-28,42.36000061035156,42.90999984741211,42.22999954223633,42.70000076293945,27782000,679.7265625,180.0,1.0,4.0,4.0,6.0,0.0005658087315416725,0.000907220951045702,-1.0,0,4.0,3.0
2025-10-29,43.84000015258789,43.939998626708984,42.83000183105469,43.22999954223633,27351700,680.05322265625,178.0,1.0,4.0,4.0,6.0,0.0005551651152371002,0.0007882966826610445,-1.0,0,4.0,4.0
2025-10-30,43.68000030517578,44.439998626708984,43.540000915527344,44.34000015258789,30333200,672.5738525390625,179.0,1.0,4.0,4.0,6.0,0.0006084584174004235,0.000658385512724923,1.0,0,2.0,5.0
2025-10-31,44.47999954223633,44.52000045776367,43.88999938964844,44.0099983215332,21310900,674.7799682617188,176.0,1.0,4.0,4.0,6.0,0.0006309680529767094,0.000661906702085377,-1.0,0,4.0,6.0
2025-11-03,44.25,44.36000061035156,43.560001373291016,43.7599983215332,17946700,676.04638671875,174.0,1.0,4.0,4.0,6.0,0.0006145622979023118,0.0006096150573443681,-1.0,0,4.0,7.0
2025-11-04,43.040000915527344,43.439998626708984,42.5099983215332,42.7400016784668,26679100,668.0328369140625,174.0,1.0,4.0,4.0,6.0,0.0005761652807486107,0.0005658087315416725,-1.0,1,4.0,8.0
2025-11-05,43.4900016784668,43.790000915527344,43.349998474121094,43.650001525878906,16178500,670.3478393554688,174.0,1.0,4.0,4.0,6.0,0.0005638233175063943,0.0005551651152371002,-1.0,0,4.0,9.0
2025-11-06,43.65999984741211,43.900001525878906,43.2400016784668,43.54999923706055,15957900,663.1554565429688,172.0,1.0,4.0,4.0,6.0,0.0005612444213148874,0.0006084584174004235,1.0,0,2.0,10.0
2025-11-07,44.02000045776367,44.22999954223633,43.5099983215332,43.91999816894531,16493100,663.8082885742188,169.0,1.0,4.0,4.0,6.0,0.0005698313298069657,0.0006309680529767094,1.0,0,2.0,11.0
2025-11-10,45.16999816894531,45.869998931884766,45.0099983215332,45.790000915527344,20763800,674.1666259765625,176.0,1.0,4.0,4.0,6.0,0.0005759623863680028,0.0006145622979023118,1.0,0,2.0,12.0
2025-11-11,46.279998779296875,46.47999954223633,45.599998474121094,46.45000076293945,19693700,675.7100219726562,175.0,1.0,1.0,4.0,5.0,0.0005981319469693028,0.0005761652807486107,1.0,0,1.0,1.0
2025-11-12,47.099998474121094,48.70000076293945,46.88999938964844,48.31999969482422,51559700,676.0859985351562,180.0,1.0,1.0,4.0,5.0,0.0006478810092495083,0.0005638233175063943,1.0,0,1.0,2.0
2025-11-13,48.290000915527344,48.41999816894531,47.209999084472656,47.41999816894531,39328400,664.8670043945312,180.0,1.0,1.0,4.0,5.0,0.0006670850554726654,0.0005612444213148874,1.0,0,1.0,3.0
2025-11-14,45.77000045776367,46.709999084472656,45.400001525878906,45.959999084472656,31793500,664.7581176757812,182.0,1.0,1.0,4.0,5.0,0.0006456315850146881,0.0005698313298069657,1.0,1,2.0,4.0
2025-11-17,45.810001373291016,46.2599983215332,44.95000076293945,45.470001220703125,23582000,658.56494140625,180.0,1.0,1.0,4.0,5.0,0.0005874854689693193,0.0005759623863680028,1.0,0,1.0,5.0
2025-11-18,45.869998931884766,46.439998626708984,45.59000015258789,46.099998474121094,20909400,653.03466796875,178.0,1.0,1.0,4.0,5.0,0.0005621576391302859,0.0005981319469693028,1.0,0,1.0,6.0
2025-11-19,46.79999923706055,47.5,45.689998626708984,46.45000076293945,30797100,655.5574951171875,176.0,1.0,1.0,4.0,5.0,0.0005723078287676809,0.0006478810092495083,1.0,0,1.0,7.0
2025-11-20,46.2599983215332,46.63999938964844,45.540000915527344,45.779998779296875,28460400,645.5652465820312,174.0,1.0,1.0,4.0,5.0,0.0005569842016170009,0.0006670850554726654,1.0,0,1.0,8.0
2025-11-21,44.900001525878906,45.95000076293945,44.7599983215332,45.29999923706055,26351900,651.995849609375,172.0,1.0,1.0,4.0,5.0,0.0005181700951698865,0.0006456315850146881,-1.0,0,2.0,9.0
2025-11-24,45.40999984741211,46.63999938964844,45.36000061035156,46.630001068115234,21486800,661.59228515625,174.0,1.0,1.0,4.0,5.0,0.00048510975647479676,0.0005874854689693193,1.0,0,1.0,10.0
2025-11-25,46.54999923706055,46.77000045776367,45.970001220703125,46.66999816894531,24006600,667.815185546875,172.0,1.0,1.0,4.0,5.0,0.00047257905738427034,0.0005621576391302859,1.0,0,1.0,11.0
2025-11-26,47.310001373291016,48.45000076293945,47.150001525878906,48.400001525878906,26280300,672.4254760742188,176.0,1.0,1.0,4.0,5.0,0.0004822250110249329,0.0005723078287676809,1.0,0,1.0,12.0
2025-11-28,49.66999816894531,51.27000045776367,49.58000183105469,51.209999084472656,41350000,676.0958251953125,190.0,1.0,1.0,4.0,5.0,0.0004995436072618612,0.0005569842016170009,1.0,0,1.0,13.0
2025-12-01,51.9900016784668,53.36000061035156,51.61000061035156,52.52000045776367,66064100,673.0091552734375,190.0,1.0,1.0,4.0,5.0,0.0005623167544135535,0.0005181700951698865,1.0,0,1.0,14.0
2025-12-02,52.83000183105469,53.20000076293945,51.77000045776367,53.130001068115234,43952700,674.2557373046875,188.0,1.0,1.0,4.0,5.0,0.0006219336930742307,0.00048510975647479676,1.0,0,1.0,15.0
2025-12-03,52.9900016784668,53.38999938964844,52.41999816894531,53.06999969482422,33817700,676.5905151367188,185.0,1.0,1.0,4.0,5.0,0.000700612297168043,0.00047257905738427034,1.0,0,1.0,16.0
2025-12-04,52.279998779296875,52.36000061035156,51.13999938964844,51.7599983215332,48740300,677.085205078125,186.0,1.0,1.0,4.0,5.0,0.0007224668095777508,0.0004822250110249329,1.0,1,2.0,17.0
2025-12-05,52.709999084472656,53.81999969482422,52.529998779296875,52.95000076293945,43566000,678.3712768554688,186.0,1.0,1.0,4.0,5.0,0.0007518707686732939,0.0004995436072618612,1.0,0,1.0,18.0
2025-12-08,52.88999938964844,52.970001220703125,52.2599983215332,52.709999084472656,19711200,676.3333740234375,183.0,1.0,1.0,4.0,5.0,0.0007398862806041953,0.0005623167544135535,1.0,0,1.0,19.0
2025-12-09,53.38999938964844,55.189998626708984,53.36000061035156,55.16999816894531,59738900,675.7495727539062,191.0,1.0,1.0,4.0,5.0,0.0008024612882466006,0.0006219336930742307,1.0,0,1.0,20.0
2025-12-10,55.130001068115234,56.220001220703125,54.47999954223633,56.06999969482422,54915000,680.2312622070312,189.0,1.0,1.0,4.0,5.0,0.000868469336862639,0.000700612297168043,1.0,0,1.0,21.0
2025-12-11,56.77000045776367,58.29999923706055,56.470001220703125,57.619998931884766,67910900,681.8141479492188,190.0,1.0,1.0,4.0,5.0,0.000954045707110792,0.0007224668095777508,1.0,0,1.0,22.0
2025-12-12,58.529998779296875,58.560001373291016,55.130001068115234,56.099998474121094,78667400,674.4832763671875,191.0,1.0,1.0,4.0,5.0,0.0009530400652893626,0.0007518707686732939,1.0,0,1.0,23.0
2025-12-15,57.84000015258789,58.20000076293945,57.02000045776367,58.11000061035156,43227800,673.4641723632812,194.0,1.0,1.0,4.0,5.0,0.000957611451809119,0.0007398862806041953,1.0,0,1.0,24.0
2025-12-16,57.61000061035156,57.9900016784668,57.099998474121094,57.72999954223633,32461300,671.6240844726562,191.0,1.0,1.0,4.0,5.0,0.0009466142468822345,0.0008024612882466006,1.0,0,1.0,25.0
2025-12-17,59.27000045776367,60.63999938964844,59.04999923706055,60.2599983215332,65128000,664.2337646484375,197.0,1.0,1.0,4.0,5.0,0.0010219096658410497,0.000868469336862639,1.0,0,1.0,26.0
2025-12-18,59.81999969482422,60.029998779296875,58.58000183105469,59.31999969482422,47603400,669.2496337890625,195.0,1.0,1.0,4.0,5.0,0.0010462083822763138,0.000954045707110792,1.0,0,1.0,27.0
2025-12-19,59.790000915527344,61.15999984741211,59.689998626708984,60.93000030517578,42610000,675.3153686523438,196.0,1.0,1.0,4.0,5.0,0.0010977315567594038,0.0009530400652893626,1.0,0,1.0,28.0
2025-12-22,62.599998474121094,62.81999969482422,61.7400016784668,62.470001220703125,50621700,679.5224609375,196.0,1.0,1.0,4.0,5.0,0.0011128493446351318,0.000957611451809119,1.0,0,1.0,29.0
2025-12-23,63.68000030517578,64.87999725341797,62.369998931884766,64.83999633789062,75680000,682.6282348632812,200.0,1.0,1.0,4.0,5.0,0.0011543782364615272,0.0009466142468822345,1.0,0,1.0,30.0
2025-12-24,65.08000183105469,65.52999877929688,63.61000061035156,65.22000122070312,58826000,685.0294799804688,197.0,1.0,1.0,4.0,5.0,0.0011738285901607764,0.0010219096658410497,1.0,0,1.0,31.0
2025-12-26,67.83000183105469,71.2300033569336,67.3499984741211,71.12000274658203,139161200,684.9599609375,227.0,1.0,1.0,4.0,5.0,0.00118199879227029,0.0010462083822763138,1.0,0,1.0,32.0
2025-12-29,65.66000366210938,66.48999786376953,63.91999816894531,66.01000213623047,153207900,682.51904296875,246.0,1.0,1.0,4.0,5.0,0.0011108397942147111,0.0010977315567594038,1.0,1,2.0,33.0
2025-12-30,69.11000061035156,70.76000213623047,68.02999877929688,68.9800033569336,117759200,681.685546875,249.0,1.0,1.0,4.0,5.0,0.0010757873900107864,0.0011128493446351318,1.0,0,1.0,34.0
2025-12-31,65.54000091552734,66.87999725341797,63.529998779296875,64.41999816894531,114745300,676.635009765625,263.0,1.0,1.0,4.0,5.0,0.0009622899684992404,0.0011543782364615272,1.0,1,2.0,35.0
2026-01-02,67.30000305175781,67.36000061035156,64.75,65.75,75553300,677.8753051757812,260.0,1.0,1.0,4.0,5.0,0.0009419237177683325,0.0011738285901607764,1.0,0,1.0,36.0
2026-01-05,69.44999694824219,70.5999984741211,68.5199966430664,69.08000183105469,103313300,682.3900756835938,265.0,1.0,1.0,4.0,5.0,0.0009128709334141231,0.00118199879227029,1.0,0,1.0,37.0
2026-01-06,71.43000030517578,73.83999633789062,71.3499984741211,73.70999908447266,105539100,686.4484252929688,276.0,1.0,1.0,4.0,5.0,0.0010003672283694961,0.0011108397942147111,1.0,0,1.0,38.0
2026-01-07,69.81999969482422,71.55000305175781,69.22000122070312,70.95999908447266,93679500,684.2356567382812,276.0,1.0,1.0,4.0,5.0,0.0010480026892120185,0.0010757873900107864,1.0,0,1.0,39.0
2026-01-08,67.23999786376953,69.7699966430664,66.91999816894531,69.70999908447266,77918300,684.1661987304688,273.0,1.0,1.0,4.0,5.0,0.0010424209941819124,0.0009622899684992404,1.0,0,1.0,40.0
2026-01-09,71.30999755859375,72.98999786376953,70.87000274658203,72.37999725341797,90650100,688.6908569335938,274.0,1.0,1.0,4.0,5.0,0.0010137259895790353,0.0009419237177683325,1.0,0,1.0,41.0
2026-01-12,76.11000061035156,78.18000030517578,76.0,77.2300033569336,105429600,689.7723999023438,284.0,1.0,1.0,4.0,5.0,0.001027045366447399,0.0009128709334141231,1.0,0,1.0,42.0
2026-01-13,80.02999877929688,80.80000305175781,77.86000061035156,78.5999984741211,140656900,688.3932495117188,281.0,1.0,1.0,4.0,5.0,0.001053222467589328,0.0010003672283694961,1.0,0,1.0,43.0
2026-01-14,83.33999633789062,84.77999877929688,81.27999877929688,84.55999755859375,177419400,685.009521484375,294.0,1.0,1.0,4.0,5.0,0.001084178034146472,0.0010480026892120185,1.0,0,1.0,44.0
2026-01-15,80.73999786376953,84.33000183105469,80.54000091552734,83.31999969482422,160702100,686.8750610351562,290.0,1.0,1.0,4.0,5.0,0.001093241772492286,0.0010424209941819124,1.0,0,1.0,45.0
2026-01-16,80.33000183105469,81.5199966430664,78.75,81.0199966430664,132767200,686.2994995117188,289.0,1.0,1.0,4.0,5.0,0.0010925293719068788,0.0010137259895790353,1.0,0,1.0,46.0
2026-01-20,86.19000244140625,86.33000183105469,84.37999725341797,85.38999938964844,101272300,672.3286743164062,293.0,1.0,1.0,4.0,5.0,0.0011125183326878162,0.001027045366447399,1.0,0,1.0,47.0
2026-01-21,85.5999984741211,85.9000015258789,81.88999938964844,83.95999908447266,141683900,680.0880737304688,290.0,1.0,1.0,4.0,5.0,0.0011268554355583773,0.001053222467589328,1.0,0,1.0,48.0
2026-01-22,84.79000091552734,87.5199966430664,84.70999908447266,87.12999725341797,86965000,683.6402587890625,290.0,1.0,1.0,4.0,5.0,0.0011913759567243754,0.001084178034146472,1.0,0,1.0,49.0
2026-01-23,90.19000244140625,92.9800033569336,89.66999816894531,92.91000366210938,143739100,683.8883666992188,299.0,1.0,1.0,4.0,5.0,0.0012249001864814953,0.001093241772492286,1.0,0,1.0,50.0
2026-01-26,99.37000274658203,106.69999694824219,96.51000213623047,98.33999633789062,393030300,687.3612060546875,304.0,1.0,1.0,4.0,5.0,0.00129419410537331,0.0010925293719068788,1.0,0,1.0,51.0
2026-01-27,97.9800033569336,101.73999786376953,95.06999969482422,101.58999633789062,215489700,690.099853515625,303.0,1.0,1.0,4.0,5.0,0.0013426248559365273,0.0011125183326878162,1.0,0,1.0,52.0
2026-01-28,102.77999877929688,106.44999694824219,100.0,105.5999984741211,184566000,690.0303344726562,303.0,1.0,1.0,4.0,5.0,0.0014218896939065448,0.0011268554355583773,1.0,0,1.0,53.0
2026-01-29,109.52999877929688,109.83000183105469,96.73999786376953,105.56999969482422,246351300,688.6610717773438,299.0,1.0,1.0,4.0,5.0,0.0014609420798785521,0.0011913759567243754,1.0,0,1.0,54.0
2026-01-30,89.33000183105469,92.13999938964844,69.12000274658203,75.44000244140625,510687700,686.6071166992188,544.0,1.0,4.0,4.0,6.0,0.0011420243399562948,0.0012249001864814953,-1.0,1,4.0,1.0
2026-02-02,73.80000305175781,74.91999816894531,68.26000213623047,72.44000244140625,220063200,690.0204467773438,539.0,1.0,4.0,4.0,6.0,0.0007655252312587387,0.00129419410537331,-1.0,0,4.0,2.0
2026-02-03,79.05000305175781,80.72000122070312,74.91000366210938,76.95999908447266,175508800,684.18603515625,537.0,1.0,4.0,4.0,6.0,0.0004239108090939765,0.0013426248559365273,-1.0,0,4.0,3.0
2026-02-04,82.5999984741211,82.80000305175781,75.76000213623047,79.18000030517578,130805800,680.8719482421875,531.0,1.0,4.0,4.0,6.0,0.0004347394381280857,0.0014218896939065448,-1.0,0,4.0,4.0
2026-02-05,68.2300033569336,70.5199966430664,65.51000213623047,66.69000244140625,170928000,672.3682861328125,573.0,1.0,4.0,4.0,6.0,0.00039992298101758714,0.0014609420798785521,-1.0,1,4.0,5.0
2026-02-06,67.72000122070312,70.83999633789062,67.45999908447266,70.19000244140625,71262700,685.2676391601562,568.0,1.0,4.0,4.0,6.0,0.00035456201605822414,0.0011420243399562948,-1.0,0,4.0,6.0
2026-02-09,72.87999725341797,76.16000366210938,72.55000305175781,76.04000091552734,88229100,688.5718383789062,570.0,1.0,4.0,4.0,6.0,0.0003237101132257313,0.0007655252312587387,-1.0,0,4.0,7.0
2026-02-10,74.72000122070312,75.25,72.45999908447266,73.41000366210938,68588500,686.7559814453125,564.0,1.0,4.0,4.0,6.0,0.000338143244258431,0.0004239108090939765,-1.0,0,4.0,8.0
2026-02-11,76.91999816894531,76.98999786376953,74.80000305175781,76.55999755859375,75806900,686.5972290039062,559.0,1.0,4.0,4.0,6.0,0.0003602869663093722,0.0004347394381280857,-1.0,0,4.0,9.0
2026-02-12,75.19000244140625,75.66999816894531,67.36000061035156,67.7300033569336,128437700,675.9900512695312,575.0,1.0,4.0,4.0,6.0,0.00032670148519085075,0.00039992298101758714,-1.0,0,4.0,10.0
2026-02-13,71.20999908447266,71.31999969482422,68.86000061035156,69.72000122070312,69570800,676.4663696289062,568.0,1.0,4.0,4.0,6.0,0.0003178080112721439,0.00035456201605822414,-1.0,0,4.0,11.0
2026-02-17,67.2699966430664,67.69999694824219,65.13999938964844,66.37000274658203,82561700,677.5578002929688,563.0,1.0,4.0,4.0,6.0,0.0002795672007759032,0.0003237101132257313,-1.0,1,4.0,12.0
2026-02-18,69.66000366210938,70.97000122070312,69.06999969482422,70.08999633789062,63749400,680.97119140625,560.0,1.0,4.0,4.0,6.0,0.00028830854218612497,0.000338143244258431,-1.0,0,4.0,13.0
2026-02-19,70.68000030517578,71.66999816894531,69.8499984741211,71.01000213623047,49022500,679.1751708984375,552.0,1.0,4.0,4.0,6.0,0.00028863860264226386,0.0003602869663093722,-1.0,0,4.0,14.0
2026-02-20,73.11000061035156,76.68000030517578,72.25,76.62000274658203,86636800,684.0867919921875,554.0,1.0,4.0,4.0,6.0,0.0003208255400239413,0.00032670148519085075,1.0,0,2.0,15.0
2026-02-23,78.4000015258789,80.69999694824219,77.91000366210938,80.56999969482422,94752100,677.1013793945312,550.0,1.0,4.0,4.0,6.0,0.00035508900841995365,0.0003178080112721439,1.0,0,2.0,16.0
2026-02-24,78.2300033569336,79.94000244140625,77.94000244140625,79.08000183105469,56012600,682.0228881835938,542.0,1.0,4.0,4.0,6.0,0.0003759545868113687,0.0002795672007759032,1.0,0,2.0,17.0
2026-02-25,81.86000061035156,82.7300033569336,79.87999725341797,80.04000091552734,64933100,687.7780151367188,534.0,1.0,4.0,4.0,6.0,0.00037573862313661455,0.00028830854218612497,1.0,0,2.0,18.0
2026-02-26,78.76000213623047,80.56999969482422,72.5199966430664,80.44999694824219,52050400,683.9578247070312,526.0,1.0,1.0,4.0,5.0,0.00036353648773538634,0.00028863860264226386,1.0,0,1.0,1.0
2026-02-27,83.25,85.2699966430664,82.36000061035156,84.98999786376953,69525200,680.6734619140625,524.0,1.0,1.0,4.0,5.0,0.0003687165785326094,0.0003208255400239413,1.0,0,1.0,2.0
2026-03-02,81.16999816894531,82.37000274658203,78.33999633789062,81.56999969482422,96957600,681.0604858398438,519.0,1.0,1.0,4.0,5.0,0.0003654627103277693,0.00035508900841995365,1.0,0,1.0,3.0
2026-03-03,74.20999908447266,76.13999938964844,71.68000030517578,74.68000030517578,89651700,675.0573120117188,526.0,1.0,1.0,4.0,5.0,0.0003407486261511724,0.0003759545868113687,-1.0,1,2.0,4.0
2026-03-04,76.33999633789062,77.05999755859375,74.41000366210938,75.33999633789062,39022500,679.8201293945312,518.0,1.0,1.0,4.0,5.0,0.000312123923181393,0.00037573862313661455,-1.0,0,2.0,5.0
2026-03-05,74.94000244140625,75.5199966430664,73.01000213623047,74.2699966430664,49446300,676.0297241210938,511.0,1.0,1.0,4.0,5.0,0.00028925237130538573,0.00036353648773538634,-1.0,0,2.0,6.0
2026-03-06,75.08999633789062,76.97000122070312,74.58000183105469,75.94000244140625,40550700,667.1689453125,504.0,1.0,1.0,4.0,5.0,0.0002910593494404796,0.0003687165785326094,1.0,0,1.0,7.0
2026-03-09,76.43000030517578,78.55999755859375,75.23999786376953,78.26000213623047,34865500,673.0133056640625,498.0,1.0,1.0,4.0,5.0,0.00029461221347918304,0.0003654627103277693,1.0,0,1.0,8.0
2026-03-10,80.88999938964844,81.27999877929688,78.7300033569336,80.08999633789062,37263700,671.9317016601562,492.0,1.0,1.0,4.0,5.0,0.0003090417804681937,0.0003407486261511724,1.0,0,1.0,9.0
2026-03-11,78.02999877929688,78.05999755859375,76.44999694824219,77.91000366210938,30665400,671.08837890625,486.0,1.0,1.0,4.0,5.0,0.00031706487630585767,0.000312123923181393,1.0,1,2.0,10.0
2026-03-12,78.52999877929688,78.54000091552734,76.36000061035156,76.4800033569336,29762300,660.89794921875,479.0,1.0,1.0,4.0,5.0,0.00032103873765000005,0.00028925237130538573,1.0,0,1.0,11.0
2026-03-13,76.06999969482422,76.27999877929688,71.91999816894531,72.69000244140625,46251900,657.1571655273438,477.0,1.0,4.0,4.0,6.0,0.00030201880119480715,0.0002910593494404796,-1.0,1,4.0,1.0
2026-03-16,73.26000213623047,73.95999908447266,72.01000213623047,73.22000122070312,37193100,663.844970703125,470.0,1.0,4.0,4.0,6.0,0.0002895081440255068,0.00029461221347918304,-1.0,0,4.0,2.0
2026-03-17,73.16000366210938,73.72000122070312,70.83999633789062,71.66000366210938,32991800,665.5912475585938,464.0,1.0,4.0,4.0,6.0,0.00027812437145841154,0.0003090417804681937,-1.0,0,4.0,3.0
2026-03-18,69.51000213623047,70.55000305175781,68.66000366210938,68.69999694824219,46745900,656.3038330078125,461.0,1.0,4.0,4.0,6.0,0.00026625110523795687,0.00031706487630585767,-1.0,1,4.0,4.0
2026-03-19,61.900001525878906,65.73999786376953,60.849998474121094,65.68000030517578,96191600,654.6864624023438,458.0,1.0,4.0,3.0,4.0,0.00023361865216563576,0.00032103873765000005,-1.0,1,4.0,5.0
2026-03-20,64.68000030517578,64.95999908447266,61.25,61.52000045776367,56912300,645.3009643554688,460.0,1.0,4.0,3.0,4.0,0.0001944430505773499,0.00030201880119480715,-1.0,0,4.0,6.0
2026-03-23,61.29999923706055,64.11000061035156,60.97999954223633,62.470001220703125,72440000,652.07666015625,454.0,1.0,4.0,3.0,4.0,0.0001689301910177619,0.0002895081440255068,-1.0,0,4.0,7.0
2026-03-24,61.619998931884766,63.689998626708984,61.27000045776367,62.95000076293945,48268000,649.8877563476562,447.0,1.0,4.0,3.0,4.0,0.00015595893033527758,0.00027812437145841154,-1.0,0,4.0,8.0
2026-03-25,66.04000091552734,66.4000015258789,64.4800033569336,65.20999908447266,38165900,653.5094604492188,443.0,1.0,4.0,3.0,4.0,0.0001615037576833805,0.00026625110523795687,-1.0,0,4.0,9.0
2026-03-26,62.099998474121094,63.13999938964844,60.369998931884766,60.77000045776367,56080500,641.838623046875,447.0,1.0,4.0,3.0,4.0,0.00014716438470862236,0.00023361865216563576,-1.0,1,4.0,10.0
2026-03-27,61.43000030517578,64.87999725341797,61.220001220703125,63.439998626708984,52470800,630.89404296875,444.0,1.0,4.0,3.0,4.0,0.0001610238804267967,0.0001944430505773499,1.0,0,2.0,11.0
2026-03-30,64.45999908447266,64.62999725341797,63.02000045776367,63.52000045776367,30512000,628.78466796875,438.0,1.0,4.0,3.0,4.0,0.00015357191618303726,0.0001689301910177619,1.0,0,2.0,12.0
2026-03-31,65.83999633789062,68.19999694824219,65.69000244140625,68.13999938964844,42141600,647.0621337890625,442.0,1.0,4.0,3.0,4.0,0.00019881660839159667,0.00015595893033527758,1.0,0,2.0,13.0
2026-04-01,67.95999908447266,68.91000366210938,67.37999725341797,68.13999938964844,38360700,651.9373779296875,435.0,1.0,4.0,3.0,4.0,0.00021181301635687594,0.0001615037576833805,1.0,0,2.0,14.0
2026-04-02,63.54999923706055,66.2300033569336,63.4900016784668,65.79000091552734,37002900,652.5244750976562,431.0,1.0,4.0,3.0,4.0,0.00022771993351198032,0.00014716438470862236,-1.0,1,4.0,15.0
2026-04-06,65.8499984741211,66.29000091552734,65.22000122070312,66.08999633789062,18134500,655.6087646484375,425.0,1.0,4.0,3.0,4.0,0.0002023432920101795,0.0001610238804267967,-1.0,0,4.0,16.0
2026-04-07,65.27999877929688,66.19000244140625,63.20000076293945,65.94000244140625,30458600,655.8972778320312,419.0,1.0,4.0,3.0,4.0,0.00017110118115506664,0.00015357191618303726,-1.0,0,4.0,17.0
2026-04-08,69.7300033569336,69.93000030517578,66.5199966430664,67.47000122070312,31631900,672.6027221679688,414.0,1.0,4.0,3.0,4.0,0.00015732399731956633,0.00019881660839159667,-1.0,0,2.0,18.0
2026-04-09,67.62000274658203,69.33999633789062,67.16999816894531,68.38999938964844,27210000,676.4830322265625,408.0,1.0,1.0,3.0,3.0,0.00015546855615327415,0.00021181301635687594,-1.0,0,1.0,1.0
2026-04-10,69.0999984741211,69.55000305175781,68.55999755859375,69.08000183105469,20820600,676.0353393554688,402.0,1.0,1.0,3.0,3.0,0.0001644393322149312,0.00022771993351198032,1.0,0,1.0,2.0
2026-04-13,67.16999816894531,68.68000030517578,66.58000183105469,68.27999877929688,25330600,682.6417846679688,397.0,1.0,1.0,3.0,3.0,0.0001655811294660168,0.0002023432920101795,-1.0,0,1.0,3.0
2026-04-14,70.33000183105469,72.06999969482422,70.2699966430664,72.04000091552734,33053300,690.959716796875,397.0,1.0,1.0,3.0,3.0,0.0001813279071939532,0.00017110118115506664,1.0,0,1.0,4.0
2026-04-15,71.91999816894531,72.9000015258789,71.3499984741211,71.83999633789062,23587700,696.412109375,392.0,1.0,1.0,3.0,3.0,0.00022808676627186355,0.00015732399731956633,1.0,0,1.0,5.0
2026-04-16,71.91999816894531,72.22000122070312,70.66000366210938,71.23999786376953,21529700,698.1234130859375,386.0,1.0,1.0,3.0,3.0,0.0002751652249554565,0.00015546855615327415,1.0,0,1.0,6.0
2026-04-17,73.88999938964844,75.16000366210938,73.41999816894531,73.62999725341797,35188600,706.5607299804688,383.0,1.0,1.0,3.0,3.0,0.0003168764633182376,0.0001644393322149312,1.0,0,1.0,7.0
2026-04-20,72.6500015258789,72.81999969482422,71.80999755859375,72.1500015258789,20811500,705.1477661132812,378.0,1.0,1.0,3.0,3.0,0.00032738495655437635,0.0001655811294660168,-1.0,1,1.0,8.0
2026-04-21,70.98999786376953,71.55999755859375,68.3499984741211,68.48999786376953,31487000,700.53125,379.0,1.0,1.0,3.0,3.0,0.00032492985640641053,0.0001813279071939532,-1.0,1,1.0,9.0
2026-04-22,70.55000305175781,70.95999908447266,70.2300033569336,70.37000274658203,14416100,707.6253051757812,376.0,1.0,1.0,3.0,3.0,0.0003247680407845259,0.00022808676627186355,-1.0,0,1.0,10.0
2026-04-23,68.7699966430664,69.23999786376953,67.5199966430664,68.37999725341797,21937400,704.8792114257812,372.0,1.0,1.0,3.0,3.0,0.00032568881214089916,0.0002751652249554565,-1.0,1,1.0,11.0
2026-04-24,68.29000091552734,69.41999816894531,68.0999984741211,68.79000091552734,16377900,710.3414916992188,367.0,1.0,1.0,3.0,3.0,0.00034587608190651646,0.0003168764633182376,-1.0,0,1.0,12.0
2026-04-27,68.30000305175781,68.55000305175781,67.55000305175781,68.33000183105469,13347200,711.5653686523438,361.0,1.0,1.0,3.0,3.0,0.0003629560952619336,0.00032738495655437635,-1.0,0,1.0,13.0
2026-04-28,65.79000091552734,66.54000091552734,65.37000274658203,66.19999694824219,21555800,708.1029052734375,359.0,1.0,4.0,3.0,4.0,0.00032733909703626905,0.00032492985640641053,-1.0,1,4.0,1.0
2026-04-29,64.95999908447266,65.2699966430664,64.12999725341797,64.83999633789062,18681700,707.993408203125,354.0,1.0,4.0,3.0,4.0,0.0002828893340263364,0.0003247680407845259,-1.0,1,4.0,2.0
2026-04-30,66.69999694824219,66.80999755859375,65.87999725341797,66.66000366210938,16140700,715.0377197265625,351.0,1.0,4.0,3.0,4.0,0.0002455670939124692,0.00032568881214089916,-1.0,0,2.0,3.0
2026-05-01,67.58000183105469,69.6500015258789,67.51000213623047,68.29000091552734,20237200,717.0177001953125,347.0,1.0,4.0,3.0,4.0,0.00028711953110475735,0.00034587608190651646,-1.0,0,2.0,4.0
2026-05-04,66.38999938964844,67.58000183105469,65.61000061035156,65.94000244140625,20986400,714.3909912109375,346.0,1.0,4.0,3.0,4.0,0.0003168757384102059,0.0003629560952619336,-1.0,0,4.0,5.0
2026-05-05,66.7699966430664,66.94999694824219,65.8499984741211,65.91000366210938,12632100,720.1220092773438,340.0,1.0,4.0,1.0,2.0,0.0003216573249237334,0.00032733909703626905,-1.0,0,4.0,6.0
2026-05-06,69.55999755859375,70.38999938964844,69.44000244140625,70.12999725341797,24490800,730.1312866210938,346.0,1.0,4.0,1.0,2.0,0.00032553562036178213,0.0002828893340263364,1.0,0,2.0,7.0
2026-05-07,73.27999877929688,74.33000183105469,71.16000366210938,71.5999984741211,33453100,727.8926391601562,342.0,1.0,4.0,1.0,2.0,0.0003330758280296151,0.0002455670939124692,1.0,0,2.0,8.0
2026-05-08,73.29000091552734,73.83000183105469,72.27999877929688,73.01000213623047,19126000,733.9021606445312,338.0,1.0,1.0,1.0,1.0,0.0003829155014465685,0.00028711953110475735,1.0,0,1.0,1.0
2026-05-11,77.05000305175781,78.0,76.13999938964844,78.0,38320800,735.5736694335938,345.0,1.0,1.0,1.0,1.0,0.0004320504524004832,0.0003168757384102059,1.0,0,1.0,2.0
2026-05-12,76.5,78.62000274658203,75.1500015258789,78.55000305175781,30999500,734.4593505859375,340.0,1.0,1.0,1.0,1.0,0.0004905694524586184,0.0003216573249237334,1.0,0,1.0,3.0
2026-05-13,78.66000366210938,80.86000061035156,78.2699966430664,79.3499984741211,31013600,738.5685424804688,335.0,1.0,1.0,1.0,1.0,0.0005004355484965179,0.00032553562036178213,1.0,0,1.0,4.0
2026-05-14,77.29000091552734,77.29000091552734,75.38999938964844,75.51000213623047,27151500,744.3989868164062,337.0,1.0,1.0,1.0,1.0,0.0004672511177476507,0.0003330758280296151,-1.0,1,1.0,5.0
2026-05-15,69.73999786376953,70.05999755859375,68.55000305175781,69.04000091552734,45770100,735.4443969726562,354.0,1.0,1.0,1.0,1.0,0.00040680606620110683,0.0003829155014465685,-1.0,1,1.0,6.0
2026-05-18,70.2300033569336,70.7699966430664,68.87999725341797,69.94000244140625,22926600,734.927001953125,349.0,1.0,1.0,1.0,1.0,0.000368761976394864,0.0004320504524004832,-1.0,0,1.0,7.0
2026-05-19,66.68000030517578,67.80000305175781,66.11000061035156,66.9000015258789,23057300,730.03173828125,349.0,1.0,1.0,1.0,1.0,0.0003273855993093319,0.0004905694524586184,-1.0,1,1.0,8.0
2026-05-20,67.81999969482422,69.33000183105469,67.33000183105469,68.7300033569336,22463200,737.5138549804688,346.0,1.0,1.0,1.0,1.0,0.0003175154304728722,0.0005004355484965179,-1.0,0,1.0,9.0
2026-05-21,67.68000030517578,69.75,67.30999755859375,69.44999694824219,17099100,738.9764404296875,341.0,1.0,1.0,1.0,1.0,0.0002992436587708434,0.0004672511177476507,-1.0,0,1.0,10.0
2026-05-22,68.86000061035156,69.05999755859375,67.80000305175781,68.36000061035156,14406300,741.8817749023438,337.0,1.0,1.0,1.0,1.0,0.0002824417304537296,0.00040680606620110683,-1.0,0,1.0,11.0
2026-05-26,69.0199966430664,69.7300033569336,68.58999633789062,69.72000122070312,15492500,746.8068237304688,333.0,1.0,1.0,1.0,1.0,0.00027178642690240654,0.000368761976394864,-1.0,0,1.0,12.0
2026-05-27,66.87999725341797,67.91999816894531,66.87999725341797,67.5,15831700,746.6774291992188,331.0,1.0,4.0,1.0,2.0,0.00023191444257259622,0.0003273855993093319,-1.0,1,4.0,1.0
2026-05-28,66.55000305175781,68.76000213623047,66.16000366210938,68.36000061035156,18945000,750.7965698242188,326.0,1.0,4.0,1.0,2.0,0.00021764343175986763,0.0003175154304728722,-1.0,0,2.0,2.0
2026-05-29,68.55999755859375,69.3499984741211,67.4800033569336,68.33000183105469,16549300,752.6671142578125,321.0,1.0,4.0,1.0,2.0,0.00020763603558259167,0.0002992436587708434,-1.0,0,2.0,3.0
2026-06-01,67.48999786376953,68.23999786376953,66.80000305175781,67.66999816894531,16531500,754.7166748046875,317.0,1.0,4.0,1.0,2.0,0.00020937055613601407,0.0002824417304537296,-1.0,0,2.0,4.0
2026-06-02,68.69000244140625,69.02999877929688,67.62999725341797,67.98999786376953,11642600,755.7415771484375,312.0,1.0,4.0,1.0,2.0,0.000222045432442708,0.00027178642690240654,-1.0,0,2.0,5.0
2026-06-03,67.0,67.13999938964844,66.0999984741211,66.20999908447266,13716200,750.4384155273438,310.0,1.0,4.0,1.0,2.0,0.00021185560125222178,0.00023191444257259622,-1.0,1,4.0,6.0
2026-06-04,67.5,67.72000122070312,66.19999694824219,66.9800033569336,11803600,753.2740478515625,306.0,1.0,4.0,1.0,2.0,0.0002252021811116309,0.00021764343175986763,-1.0,0,2.0,7.0
2026-06-05,64.05999755859375,64.25,61.36000061035156,61.56999969482422,37795100,733.83251953125,322.0,1.0,4.0,1.0,2.0,0.0001915862013301853,0.00020763603558259167,-1.0,1,4.0,8.0
2026-06-08,62.029998779296875,62.29999923706055,61.2400016784668,61.58000183105469,22342200,735.4940795898438,317.0,1.0,4.0,1.0,2.0,0.00018188909513669024,0.00020937055613601407,-1.0,0,4.0,9.0
2026-06-09,61.81999969482422,62.43000030517578,58.220001220703125,59.0099983215332,34115100,733.3350830078125,318.0,4.0,4.0,1.0,8.0,0.00014167200851711916,0.000222045432442708,-1.0,0,4.0,10.0
2026-06-10,58.189998626708984,59.470001220703125,57.630001068115234,57.65999984741211,28661800,721.7736206054688,315.0,4.0,4.0,1.0,8.0,8.230465752295444e-05,0.00021185560125222178,-1.0,0,4.0,11.0
2026-06-11,57.45000076293945,61.099998474121094,57.29999923706055,60.81999969482422,30766100,734.04150390625,319.0,4.0,4.0,1.0,8.0,1.4153049855068294e-05,0.0002252021811116309,-1.0,0,4.0,12.0
2026-06-12,60.529998779296875,61.83000183105469,59.869998931884766,61.290000915527344,21271700,738.0113525390625,314.0,1.0,4.0,1.0,2.0,-2.2173716082077026e-05,0.0001915862013301853,-1.0,0,4.0,13.0
2026-06-15,64.27999877929688,64.5,63.2400016784668,63.470001220703125,19878900,751.0254516601562,313.0,1.0,4.0,1.0,2.0,-9.664745529264728e-08,0.00018188909513669024,1.0,0,2.0,14.0
2026-06-16,63.70000076293945,63.849998474121094,62.7599983215332,63.38999938964844,16353800,746.5481567382812,308.0,1.0,4.0,1.0,2.0,2.3679507742307216e-06,0.00014167200851711916,1.0,0,2.0,15.0
2026-06-17,63.540000915527344,64.69000244140625,60.38999938964844,60.61000061035156,33399800,737.225341796875,310.0,1.0,4.0,1.0,2.0,-2.61215835650839e-05,8.230465752295444e-05,-1.0,0,4.0,16.0
2026-06-18,60.7400016784668,61.119998931884766,58.849998474121094,59.5099983215332,28928200,744.8902587890625,306.0,4.0,4.0,1.0,8.0,-7.44959162303144e-05,1.4153049855068294e-05,-1.0,0,4.0,17.0
2026-06-22,60.09000015258789,60.33000183105469,58.75,58.90999984741211,16469800,742.546142578125,302.0,4.0,4.0,1.0,8.0,-0.00014531596143741183,-2.2173716082077026e-05,-1.0,0,4.0,18.0
2026-06-23,56.15999984741211,56.5099983215332,55.470001220703125,55.72999954223633,20777800,731.7628784179688,307.0,4.0,4.0,1.0,8.0,-0.00018579761432637736,-9.664745529264728e-08,-1.0,1,4.0,19.0
2026-06-24,52.939998626708984,53.900001525878906,50.310001373291016,51.779998779296875,51913700,731.4237060546875,319.0,4.0,4.0,1.0,8.0,-0.0002528656014476004,2.3679507742307216e-06,-1.0,1,4.0,20.0
2026-06-25,52.709999084472656,53.20000076293945,51.5,52.36000061035156,24606600,732.4810791015625,314.0,4.0,4.0,1.0,8.0,-0.0002714519747214828,-2.61215835650839e-05,-1.0,0,4.0,21.0
2026-06-26,52.869998931884766,53.869998931884766,52.459999084472656,53.279998779296875,15469200,727.1842651367188,311.0,4.0,4.0,1.0,8.0,-0.0003001688717460754,-7.44959162303144e-05,-1.0,0,4.0,22.0
2026-06-29,52.779998779296875,52.93000030517578,51.93000030517578,52.68000030517578,14264300,739.1644897460938,306.0,4.0,4.0,1.0,8.0,-0.0003016576464930463,-0.00014531596143741183,-1.0,0,4.0,23.0
2026-06-30,53.33000183105469,54.650001525878906,53.189998626708984,53.470001220703125,15720000,744.9202270507812,303.0,4.0,4.0,1.0,8.0,-0.0003215071427411591,-0.00018579761432637736,-1.0,0,4.0,24.0
2026-07-01,53.33000183105469,55.15999984741211,53.22999954223633,53.58000183105469,16209100,743.9127197265625,298.0,4.0,4.0,1.0,8.0,-0.000328184667339376,-0.0002528656014476004,-1.0,0,4.0,25.0
2026-07-02,55.11000061035156,56.130001068115234,54.56999969482422,55.02000045776367,16907700,742.9351806640625,296.0,4.0,4.0,1.0,8.0,-0.00029965311712661156,-0.0002714519747214828,-1.0,0,4.0,26.0
2026-07-06,55.7400016784668,56.369998931884766,55.61000061035156,56.11000061035156,13649000,749.4190673828125,293.0,4.0,4.0,1.0,8.0,-0.0002787002106242655,-0.0003001688717460754,1.0,0,4.0,27.0
2026-07-07,55.38999938964844,55.939998626708984,53.75,54.459999084472656,14497800,745.85791015625,291.0,4.0,4.0,1.0,8.0,-0.000294525469810533,-0.0003016576464930463,-1.0,0,4.0,28.0
2026-07-08,52.7599983215332,53.09000015258789,51.720001220703125,52.83000183105469,20091200,743.5536499023438,290.0,4.0,4.0,1.0,8.0,-0.00034593021993484463,-0.0003215071427411591,-1.0,1,4.0,29.0
2026-07-09,54.11000061035156,54.779998779296875,53.9900016784668,54.13999938964844,11833000,749.8480224609375,287.0,4.0,4.0,1.0,8.0,-0.0003976863849939364,-0.000328184667339376,-1.0,0,4.0,30.0
2026-07-10,53.689998626708984,54.290000915527344,53.22999954223633,53.95000076293945,11734300,753.0799560546875,283.0,4.0,4.0,1.0,8.0,-0.0004192257142694048,-0.00029965311712661156,-1.0,0,4.0,31.0
2026-07-13,52.95000076293945,53.0,51.779998779296875,52.15999984741211,17653100,747.3142700195312,283.0,4.0,4.0,1.0,8.0,-0.0004357559048151945,-0.0002787002106242655,-1.0,1,4.0,32.0
2026-07-14,53.529998779296875,53.939998626708984,52.86000061035156,53.16999816894531,13208700,749.9677124023438,280.0,4.0,4.0,1.0,8.0,-0.0004487041602119843,-0.000294525469810533,-1.0,0,4.0,33.0
2026-07-15,52.709999084472656,52.900001525878906,51.189998626708984,52.209999084472656,16315300,752.9403076171875,277.0,4.0,4.0,1.0,8.0,-0.00046611228423587233,-0.00034593021993484463,-1.0,0,4.0,34.0
2026-07-16,50.90999984741211,51.08000183105469,50.02000045776367,50.38999938964844,19377900,748.8604125976562,277.0,4.0,4.0,1.0,8.0,-0.0004970569024465789,-0.0003976863849939364,-1.0,1,4.0,35.0
2026-07-17,49.70000076293945,50.81999969482422,49.61000061035156,50.779998779296875,15482000,741.4487915039062,273.0,4.0,4.0,1.0,8.0,-0.0005316423179251575,-0.0004192257142694048,-1.0,0,4.0,36.0
2026-07-20,51.20000076293945,51.70000076293945,50.95000076293945,50.97999954223633,12897600,740.2518310546875,269.0,4.0,4.0,1.0,8.0,-0.0005787528294687364,-0.0004357559048151945,-1.0,0,4.0,37.0
2026-07-21,52.86000061035156,53.52000045776367,52.65999984741211,53.08000183105469,12776300,746.426513671875,271.0,4.0,4.0,1.0,8.0,-0.0005771285015645196,-0.0004487041602119843,1.0,0,4.0,38.0
2026-07-22,53.779998779296875,55.08000183105469,53.779998779296875,53.91999816894531,13925300,745.55859375,268.0,4.0,4.0,1.0,8.0,-0.0005677551464164124,-0.00046611228423587233,1.0,0,4.0,39.0
2026-07-23,52.09000015258789,52.459999084472656,51.77000045776367,52.060001373291016,13725000,736.3515014648438,268.0,4.0,4.0,1.0,8.0,-0.0005462642398745437,-0.0004970569024465789,1.0,1,4.0,40.0
2026-07-24,52.34000015258789,53.33000183105469,52.29999923706055,52.59000015258789,11134400,737.099609375,264.0,4.0,4.0,1.0,8.0,-0.0004751158190437202,-0.0005316423179251575,1.0,0,4.0,41.0
2026-07-27,53.040000915527344,53.33000183105469,52.56999969482422,52.93000030517578,13115200,737.25927734375,261.0,4.0,4.0,1.0,8.0,-0.0004027163328997453,-0.0005787528294687364,1.0,0,4.0,42.0
2026-07-28,51.61000061035156,52.0099983215332,51.189998626708984,51.70000076293945,10764300,739.0248413085938,259.0,4.0,4.0,1.0,8.0,-0.0003543510024314111,-0.0005771285015645196,-1.0,1,4.0,43.0
2026-07-29,51.720001220703125,53.560001373291016,51.27000045776367,51.77000045776367,20374100,727.6531372070312,255.0,4.0,4.0,1.0,8.0,-0.0003947482054694839,-0.0005677551464164124,1.0,0,4.0,44.0
2026-07-30,52.349998474121094,53.54999923706055,52.209999084472656,53.5,16206600,739.852783203125,255.0,4.0,4.0,1.0,8.0,-0.0003787527750666365,-0.0005462642398745437,1.0,0,4.0,45.0
2026-07-31,51.95000076293945,52.41999816894531,51.540000915527344,52.36000061035156,11609700,745.1796264648438,253.0,4.0,4.0,1.0,8.0,-0.000349592419866026,-0.0004751158190437202,-1.0,0,4.0,46.0
2026-08-03,51.25,52.619998931884766,51.119998931884766,52.459999084472656,11966300,755.793212890625,249.0,4.0,4.0,1.0,8.0,-0.00032010079606241204,-0.0004027163328997453,-1.0,0,4.0,47.0
2026-08-04,53.970001220703125,54.279998779296875,53.58000183105469,53.84000015258789,14035800,769.4193725585938,248.0,4.0,1.0,1.0,7.0,-0.0003245283752463536,-0.0003543510024314111,-1.0,0,2.0,48.0
2026-08-05,56.099998474121094,56.75,55.79999923706055,56.06999969482422,21619200,767.8831787109375,251.0,4.0,1.0,1.0,7.0,-0.00027803769725120515,-0.0003947482054694839,1.0,0,1.0,1.0
2026-08-06,55.459999084472656,55.880001068115234,55.0,55.849998474121094,13389000,766.65625,247.0,4.0,1.0,1.0,7.0,-0.0001619546652549102,-0.0003787527750666365,1.0,0,1.0,2.0
2026-08-07,58.0,58.18000030517578,56.9900016784668,57.5,20302100,771.3446044921875,246.0,4.0,1.0,1.0,7.0,-6.148039478186697e-05,-0.000349592419866026,1.0,0,1.0,3.0
2026-08-10,57.79999923706055,59.720001220703125,57.52000045776367,59.40999984741211,21772600,771.1151733398438,247.0,4.0,1.0,1.0,7.0,2.4456384798036436e-05,-0.00032010079606241204,1.0,0,1.0,4.0
2026-08-11,58.66999816894531,58.9900016784668,58.15999984741211,58.54999923706055,13408900,768.6513061523438,244.0,4.0,1.0,1.0,7.0,2.8138320045055366e-05,-0.0003245283752463536,1.0,0,1.0,5.0
2026-08-12,59.58000183105469,59.959999084472656,58.790000915527344,59.060001373291016,18592000,770.5764770507812,241.0,4.0,1.0,1.0,7.0,1.4048709320254036e-05,-0.00027803769725120515,1.0,0,1.0,6.0
2026-08-13,58.810001373291016,58.880001068115234,58.0099983215332,58.15999984741211,11660000,775.9531860351562,238.0,4.0,1.0,1.0,7.0,-5.0796492310515745e-05,-0.0001619546652549102,1.0,0,1.0,7.0
2026-08-14,58.83000183105469,59.369998931884766,58.41999816894531,58.47999954223633,10303500,774.4169921875,235.0,4.0,1.0,1.0,7.0,-0.00011310755996319945,-6.148039478186697e-05,1.0,0,1.0,8.0
2026-08-17,59.0,60.150001525878906,58.95000076293945,59.56999969482422,12275100,770.7560424804688,232.0,4.0,1.0,1.0,7.0,-0.00015603772309377644,2.4456384798036436e-05,1.0,0,1.0,9.0
2026-08-18,58.619998931884766,59.0099983215332,57.22999954223633,57.439998626708984,13479500,765.5490112304688,234.0,4.0,1.0,1.0,7.0,-0.00018359020608004078,2.8138320045055366e-05,-1.0,0,2.0,10.0
2026-08-19,58.900001525878906,60.04999923706055,58.59000015258789,60.0099983215332,21288000,767.1549682617188,238.0,4.0,1.0,1.0,7.0,-0.00015151598348876868,1.4048709320254036e-05,1.0,0,1.0,11.0
2026-08-20,60.2599983215332,62.33000183105469,60.2599983215332,61.65999984741211,24147900,760.7109985351562,238.0,4.0,1.0,1.0,7.0,-0.0001313169045490463,-5.0796492310515745e-05,1.0,0,1.0,12.0
2026-08-21,62.900001525878906,63.209999084472656,62.2599983215332,62.720001220703125,22835500,763.8232421875,235.0,4.0,1.0,1.0,7.0,-7.968954350897086e-05,-0.00011310755996319945,1.0,0,1.0,13.0
2026-08-24,62.810001373291016,63.029998779296875,61.72999954223633,62.20000076293945,19895200,761.5787963867188,232.0,4.0,1.0,1.0,7.0,-3.200692524982069e-05,-0.00015603772309377644,1.0,0,1.0,14.0
2026-08-25,60.9900016784668,62.619998931884766,60.939998626708984,62.31999969482422,14178700,764.0127563476562,229.0,4.0,1.0,1.0,7.0,9.813388808565466e-06,-0.00018359020608004078,1.0,0,1.0,15.0
2026-08-26,61.59000015258789,61.959999084472656,61.02000045776367,61.59000015258789,12864800,764.182373046875,226.0,4.0,1.0,1.0,7.0,3.7732854773094e-05,-0.00015151598348876868,1.0,0,1.0,16.0
2026-08-27,61.66999816894531,62.970001220703125,61.08000183105469,62.77000045776367,14484700,769.18994140625,224.0,4.0,1.0,1.0,7.0,5.7239650793599944e-05,-0.0001313169045490463,1.0,0,1.0,17.0
2026-08-28,63.93000030517578,64.30999755859375,59.72999954223633,60.02000045776367,36189800,767.4442749023438,229.0,4.0,1.0,1.0,7.0,4.1431732963102535e-05,-7.968954350897086e-05,-1.0,0,2.0,18.0
2026-08-31,60.38999938964844,60.41999816894531,59.65999984741211,60.130001068115234,14752300,765.1499633789062,226.0,4.0,1.0,1.0,7.0,1.4663484761574178e-05,-3.200692524982069e-05,-1.0,0,2.0,19.0
2026-09-01,58.38999938964844,59.060001373291016,57.849998474121094,57.91999816894531,17814000,759.89306640625,228.0,4.0,4.0,1.0,8.0,-7.440324985672233e-05,9.813388808565466e-06,-1.0,1,4.0,1.0
2026-09-02,58.72999954223633,59.2400016784668,58.54999923706055,59.06999969482422,10760600,763.2646484375,226.0,4.0,4.0,1.0,8.0,-0.0001073920121897216,3.7732854773094e-05,-1.0,0,4.0,2.0
2026-09-03,60.02000045776367,60.95000076293945,59.599998474121094,60.54999923706055,13837400,771.2548217773438,225.0,4.0,4.0,1.0,8.0,-8.924706109743933e-05,5.7239650793599944e-05,1.0,0,4.0,3.0
2026-09-04,59.15999984741211,59.970001220703125,59.130001068115234,59.81999969482422,12642800,768.2822265625,223.0,4.0,4.0,1.0,8.0,-4.868047977060876e-05,4.1431732963102535e-05,-1.0,0,4.0,4.0
2026-09-08,59.869998931884766,60.150001525878906,59.209999084472656,59.369998931884766,9745800,764.0626831054688,220.0,4.0,4.0,1.0,8.0,-2.0956887019672818e-05,1.4663484761574178e-05,-1.0,0,4.0,5.0
2026-09-09,61.16999816894531,61.709999084472656,60.15999984741211,60.720001220703125,20478000,760.5115356445312,219.0,4.0,4.0,1.0,8.0,5.125456803394899e-07,-7.440324985672233e-05,1.0,0,4.0,6.0
2026-09-10,58.41999816894531,58.72999954223633,57.380001068115234,57.5,23370700,755.9528198242188,228.0,4.0,4.0,1.0,8.0,1.3635534088826563e-05,-0.0001073920121897216,-1.0,1,4.0,7.0
2026-09-11,58.72999954223633,58.959999084472656,57.880001068115234,58.119998931884766,15711600,762.3967895507812,225.0,4.0,4.0,1.0,8.0,4.161011630513842e-05,-8.924706109743933e-05,-1.0,0,4.0,8.0
2026-09-14,56.84000015258789,57.68000030517578,56.650001525878906,56.84000015258789,14182100,758.9952392578125,224.0,4.0,4.0,1.0,8.0,1.9458004213754585e-05,-4.868047977060876e-05,-1.0,1,4.0,9.0
2026-09-15,57.47999954223633,57.75,56.95000076293945,57.529998779296875,11807700,755.513916015625,221.0,4.0,4.0,1.0,8.0,2.8947194787624665e-05,-2.0956887019672818e-05,-1.0,0,4.0,10.0
2026-09-16,58.349998474121094,58.630001068115234,56.279998779296875,57.04999923706055,20877500,752.1821899414062,218.0,4.0,4.0,1.0,8.0,8.468888250443838e-08,5.125456803394899e-07,-1.0,0,4.0,11.0
2026-09-17,59.040000915527344,59.75,58.88999938964844,58.970001220703125,14094000,760.7109985351562,219.0,4.0,4.0,1.0,8.0,1.982087126765445e-05,1.3635534088826563e-05,1.0,0,4.0,12.0
2026-09-18,60.08000183105469,60.369998931884766,59.58000183105469,59.93000030517578,15705100,761.6900024414062,217.0,4.0,4.0,1.0,8.0,4.479516401383187e-05,4.161011630513842e-05,1.0,0,4.0,13.0
2026-09-21,60.13999938964844,60.150001525878906,59.36000061035156,59.630001068115234,10799200,773.5,214.0,4.0,4.0,1.0,8.0,8.238810434987658e-05,1.9458004213754585e-05,-1.0,0,4.0,14.0
2026-09-22,59.310001373291016,61.0,59.04999923706055,60.72999954223633,15574300,773.3800048828125,212.0,4.0,4.0,1.0,8.0,5.834886797842836e-05,2.8947194787624665e-05,1.0,0,4.0,15.0
2026-09-23,59.0,59.029998779296875,58.02000045776367,58.15999984741211,14987000,767.8099975585938,217.0,4.0,4.0,1.0,8.0,-7.439355689755195e-06,8.468888250443838e-08,-1.0,1,4.0,16.0
2026-09-24,57.290000915527344,57.84000015258789,56.95000076293945,57.619998931884766,15817000,767.1799926757812,215.0,4.0,4.0,1.0,8.0,-6.826031148857477e-05,1.982087126765445e-05,-1.0,1,4.0,17.0
2026-09-25,57.79999923706055,58.52000045776367,57.25,58.13999938964844,13695400,771.3499755859375,212.0,4.0,4.0,1.0,8.0,-9.540756808025828e-05,4.479516401383187e-05,-1.0,0,4.0,18.0
2026-09-28,55.31999969482422,55.84000015258789,54.869998931884766,54.95000076293945,22600000,765.6099853515625,222.0,4.0,4.0,1.0,8.0,-0.00013221416790136048,8.238810434987658e-05,-1.0,1,4.0,19.0
