Date,Open,High,Low,Close,Volume,IndexClose,CVI,LTI,STI,VI,SecState,VWRS,VWRS_1wk,RS,GapDown,Thermostat,Days
2022-10-03,7.655680892409705,7.717296708726802,7.6479795580660666,7.694190502166748,63500,348.079833984375,,,,,,,,,0,,
2022-10-04,7.709594875144947,7.763507889744227,7.709594875144947,7.732700347900391,57100,358.86572265625,40.0,,,3.0,,,,,0,,
2022-10-05,7.7071387028944915,7.7071387028944915,7.652917861938477,7.652917861938477,74900,358.0301513671875,42.0,,,1.0,,,,,1,,
2022-10-06,7.6838995155115635,7.6993908641608355,7.606440556155056,7.637423992156982,73900,354.3368225097656,41.0,,,1.0,,,,,0,,
2022-10-07,7.6064384171640045,7.629676541658241,7.5367255210876465,7.5367255210876465,49500,344.4530029296875,44.0,,,1.0,,,,,0,,
2022-10-10,7.55996860181986,7.5677146483961675,7.474763566887796,7.513493061065674,36600,341.82293701171875,44.0,,,1.0,,,,,0,,
2022-10-11,7.50574430891852,7.521236396486754,7.451523479836489,7.4592695236206055,54200,339.658203125,44.0,,,1.0,,,,,0,,
2022-10-12,7.474762957845811,7.505746402922857,7.436034205527202,7.467017650604248,37600,338.537841796875,44.0,,,1.0,,,,,0,,
2022-10-13,7.389558156347794,7.474762439727783,7.3740668042348645,7.474762439727783,56900,347.47222900390625,43.0,,,1.0,,,,,0,,
2022-10-14,7.474760380996937,7.513489858667545,7.420539555480093,7.428285598754883,55900,339.5538330078125,43.0,,,1.0,,,,,0,,
2022-10-17,7.451526164576203,7.498001705322365,7.4205427169799805,7.4205427169799805,24700,348.2792663574219,43.0,,,1.0,,,,,0,,
2022-10-18,7.467014774696566,7.474760078955037,7.428285298590947,7.436031341552734,94200,352.3714599609375,42.0,,,1.0,,,,,0,,
2022-10-19,7.43603659376092,7.4515279519230075,7.374069683704899,7.40505313873291,67700,349.8743591308594,42.0,,,1.0,,,,,0,,
2022-10-20,7.405050703759395,7.412796010941661,7.304354323353993,7.319845676422119,135800,346.9405212402344,44.0,,,1.0,,,,,0,,
2022-10-21,7.281114637376229,7.343081513878742,7.273369331840993,7.335336208343506,175700,355.3716735839844,44.0,,4.0,1.0,,,,,0,,
2022-10-24,7.312101707234157,7.343085160873564,7.296610349766356,7.327593803405762,78200,359.7201843261719,43.0,,4.0,1.0,,,,,0,,
2022-10-25,7.335340180243927,7.412798448462035,7.335340180243927,7.40505313873291,92200,365.4644775390625,45.0,,4.0,1.0,,,,,0,,
2022-10-26,7.420540043403415,7.49025296005368,7.420540043403415,7.4592695236206055,76100,362.7110290527344,45.0,,4.0,1.0,,,,,0,,
2022-10-27,7.4592703022525955,7.497999786512543,7.443778213067228,7.451524257659912,83900,360.77410888671875,44.0,,4.0,1.0,,,,,0,,
2022-10-28,7.443780119286225,7.513493061065674,7.443780119286225,7.513493061065674,28900,369.3571472167969,45.0,,4.0,1.0,,,,,0,,
2022-10-31,7.498000575952501,7.521237973473671,7.4670171330230914,7.474762439727783,119500,366.689208984375,45.0,,4.0,1.0,,,,,0,,
2022-11-01,7.521235598022442,7.528981640984229,7.436031341552734,7.436031341552734,71500,365.0846252441406,45.0,,4.0,1.0,,,,,0,,
2022-11-02,7.482509612172424,7.505747013193676,7.4205427169799805,7.4205427169799805,115900,355.9223327636719,44.0,,4.0,1.0,,,,,0,,
2022-11-03,7.440018203086092,7.440018203086092,7.369902730817928,7.393274307250977,38700,352.2574462890625,44.0,,4.0,1.0,,,,,0,,
2022-11-04,7.3854824775408945,7.39327324956036,7.315367758272446,7.323157787322998,62700,357.32763671875,45.0,,4.0,1.0,,,,,0,,
2022-11-07,7.3543211845498835,7.401065080384999,7.307578031683787,7.393274307250977,90700,360.7456359863281,46.0,,4.0,1.0,,,,,0,,
2022-11-08,7.377694539582306,7.471181601406593,7.346532185640877,7.463390827178955,89600,362.6919860839844,48.0,,4.0,1.0,,,,,0,,
2022-11-09,7.455597960736096,7.471179504818827,7.3776924692291885,7.424435615539551,38100,355.21978759765625,47.0,,4.0,1.0,,,,,0,,
2022-11-10,7.494551885369891,7.7048982953341,7.494551885369891,7.689316749572754,48900,374.7405700683594,67.0,,1.0,1.0,,,,,0,,
2022-11-11,7.6893150337725515,7.7516397169727655,7.658152692172444,7.728268146514893,58400,378.3675231933594,66.0,,1.0,1.0,,,,,0,,
2022-11-14,7.74385057595899,7.75164134874123,7.619201183319092,7.619201183319092,44000,375.1488342285156,68.0,,1.0,1.0,,,,,0,,
2022-11-15,7.720478741728795,7.767222633886018,7.681525622092601,7.712687969207764,141500,378.3485412597656,69.0,,1.0,1.0,,,,,0,,
2022-11-16,7.728270411536191,7.736061184961764,7.665945710069693,7.704898834228516,48500,375.4622497558594,68.0,,1.0,1.0,,,,,0,,
2022-11-17,7.673737198247138,7.673737198247138,7.634784070460119,7.650364875793457,39300,374.3133544921875,68.0,,1.0,1.0,,,,,0,,
2022-11-18,7.689316652421281,7.689316652421281,7.603620380723598,7.619201183319092,37200,376.01287841796875,67.0,,1.0,1.0,,,,,0,,
2022-11-21,7.658156662105461,7.70490057022174,7.650365886924546,7.665947437286377,23000,374.6456298828125,66.0,,1.0,1.0,,,,,0,,
2022-11-22,7.665946692545386,7.689318272848387,7.642575112242385,7.658155918121338,59100,379.6872253417969,65.0,,1.0,1.0,,,,,0,,
2022-11-23,7.7126866042304245,7.736058917657127,7.673734234456912,7.728268146514893,33200,382.0798645019531,66.0,,1.0,1.0,,,,,0,,
2022-11-25,7.704895550007684,7.759429454803467,7.689314009798187,7.759429454803467,62000,381.994384765625,65.0,,1.0,1.0,,,,,0,,
2022-11-28,7.767221113647729,7.767221113647729,7.712686459643263,7.74384880065918,76800,375.89892578125,64.0,,1.0,1.0,,,,,0,,
2022-11-29,7.767222177607829,7.767222177607829,7.658153597627412,7.67373514175415,60700,375.2533264160156,64.0,,1.0,1.0,,,,,0,,
2022-11-30,7.7204794005612705,7.759432523521555,7.634783124423864,7.751641750335693,66900,387.073974609375,65.0,,1.0,1.0,,,,,0,,
2022-12-01,7.78280114267349,7.852916588764578,7.775010372448093,7.829545021057129,88600,386.7891540527344,65.0,,1.0,1.0,,,,,0,,
2022-12-02,7.813966723099583,7.860710620880128,7.798385919152101,7.860710620880127,72800,386.34295654296875,65.0,,1.0,1.0,,,,,0,,
2022-12-05,7.872462526329499,7.872462526329499,7.723629485935117,7.7392964363098145,72600,379.39288330078125,67.0,,1.0,1.0,,,,,0,,
2022-12-06,7.77062611046978,7.77062611046978,7.645293551759135,7.684460163116455,96900,373.92401123046875,67.0,,1.0,1.0,,,,,0,,
2022-12-07,7.67662698789648,7.723626325707527,7.598293762156729,7.70796012878418,89700,373.2879333496094,66.0,,1.0,1.0,,,,,0,,
2022-12-08,7.700124600416983,7.707958070307164,7.645291805267334,7.645291805267334,43200,376.2122497558594,66.0,,1.0,1.0,,,,,0,,
2022-12-09,7.629628837461059,7.653129259365886,7.59829568862915,7.59829568862915,67000,373.4018859863281,65.0,,1.0,1.0,,,,,0,,
2022-12-12,7.6061267945837985,7.613960266113281,7.5591267124478625,7.613960266113281,66900,378.7852478027344,64.0,,1.0,1.0,,,,,0,,
2022-12-13,7.786292297502031,7.786292297502031,7.653127014311519,7.676626682281494,74800,381.652587890625,65.0,,1.0,1.0,,,,,0,,
2022-12-14,7.7236260274327995,7.7236260274327995,7.637460080079475,7.684460163116455,134000,379.2124938964844,64.0,,1.0,1.0,,,,,0,,
2022-12-15,7.660962285186211,7.68446270800791,7.629629135131836,7.629629135131836,52800,369.93634033203125,63.0,,1.0,1.0,,,,,0,,
2022-12-16,7.598291732967058,7.645291805267334,7.559125130556963,7.645291805267334,103600,365.56884765625,63.0,,1.0,1.0,,,,,0,,
2022-12-19,7.668793353970624,7.668793353970624,7.598293601701808,7.621793270111084,73300,362.4689025878906,62.0,,1.0,1.0,,,,,0,,
2022-12-20,7.559126989659023,7.629626741927839,7.559126989659023,7.621793270111084,231500,362.96490478515625,61.0,,1.0,1.0,,,,,0,,
2022-12-21,7.6296286653380845,7.668795287254677,7.559128895296453,7.637462139129639,141900,368.3921203613281,60.0,,1.0,1.0,,,,,0,,
2022-12-22,7.598293953290871,7.598293953290871,7.5042945282632285,7.56696081161499,102300,363.1366271972656,60.0,,1.0,1.0,,,,,0,,
2022-12-23,7.559126077010038,7.566959547881021,7.512126745865939,7.535626411437988,65400,365.2254333496094,60.0,,1.0,1.0,,,,,0,,
2022-12-27,7.543463594526816,7.543463594526816,7.433797189487759,7.480797290802002,136500,363.78521728515625,60.0,,1.0,1.0,,,,,0,,
2022-12-28,7.449461124961004,7.465127321033185,7.394627571105957,7.394627571105957,72900,359.2641296386719,61.0,,1.0,1.0,,,,,0,,
2022-12-29,7.406446598492195,7.453722122089258,7.406446598492195,7.445842742919922,75500,365.7310485839844,61.0,,1.0,1.0,,,,,0,,
2022-12-30,7.445842957113515,7.445842957113515,7.3749300453874564,7.414326190948486,128500,364.7675476074219,60.0,,1.0,1.0,,,,,0,,
2023-01-03,7.500998619999928,7.500998619999928,7.437964329876594,7.493119239807129,54400,363.2320251464844,61.0,,1.0,1.0,,,,,0,,
2023-01-04,7.493119455658006,7.65858268737793,7.493119455658006,7.65858268737793,869100,366.0362243652344,67.0,,1.0,1.0,,,,,0,,
2023-01-05,7.5876681706412725,7.721614603930286,7.5876681706412725,7.705855846405029,153300,361.8584899902344,67.0,,1.0,1.0,,,,,0,,
2023-01-06,7.705858141427304,7.7925298307916595,7.705858141427304,7.776771068572998,114300,370.1567077636719,67.0,,1.0,1.0,,,,,0,,
2023-01-09,7.80828797334146,7.871321520441397,7.761013188726084,7.81616735458374,114900,369.94683837890625,66.0,,1.0,1.0,,,,,0,,
2023-01-10,7.792529391364034,7.839804172515869,7.76101262012311,7.839804172515869,99600,372.5412292480469,65.0,,1.0,1.0,,,,,0,,
2023-01-11,7.8713218024840845,7.8713218024840845,7.808288253125549,7.863442420959473,47900,377.25299072265625,64.0,,1.0,1.0,,,,,0,,
2023-01-12,7.879200714533835,7.926476249445457,7.847683941732465,7.910717487335205,179300,378.6265869140625,64.0,,1.0,1.0,,,,,0,,
2023-01-13,7.894960654746608,7.9343560630626335,7.887081272515704,7.926477432250977,44600,380.09539794921875,63.0,,1.0,1.0,,,,,0,,
2023-01-17,7.950112036162523,8.005266189575195,7.91071589025962,8.005266189575195,75200,379.39910888671875,64.0,,1.0,1.0,,,,,0,,
2023-01-18,8.036781608459224,8.068298369613226,7.934351946854001,7.981627464294434,101500,373.4092102050781,63.0,,1.0,1.0,,,,,0,,
2023-01-19,7.926473320129643,7.989506842437648,7.918593941986428,7.981627464294434,56000,370.6908264160156,62.0,,1.0,1.0,,,,,0,,
2023-01-20,7.973751446748735,7.99738883972168,7.926476660802845,7.99738883972168,80500,377.5964660644531,61.0,,1.0,1.0,,,,,0,,
2023-01-23,7.989508199771344,8.060420360850939,7.989508199771344,8.052541732788086,59800,382.1270751953125,61.0,,1.0,1.0,,,,,0,,
2023-01-24,8.068300108971853,8.068300108971853,8.00526657307512,8.02890396118164,57500,381.7169189453125,60.0,,1.0,1.0,,,,,0,,
2023-01-25,8.028905170967276,8.06042194366455,7.9895097686600325,8.06042194366455,149300,381.8599853515625,59.0,,1.0,1.0,,,,,0,,
2023-01-26,8.091936232126487,8.099814858586097,8.02890196051779,8.084056854248047,58300,386.0567626953125,59.0,,1.0,1.0,,,,,0,,
2023-01-27,8.091938524401165,8.115575913313627,8.076179764180159,8.107696533203125,68100,386.94378662109375,58.0,,1.0,1.0,,,,,0,,
2023-01-30,8.115578198918286,8.147094976817378,8.084061421019195,8.131336212158203,136100,382.0888671875,57.0,,1.0,1.0,,,,,0,,
2023-01-31,8.12345542990428,8.162850828280574,8.107696669418514,8.147092819213867,494200,387.7068176269531,56.0,,1.0,1.0,,,,,0,,
2023-02-01,8.16285191502327,8.210127451355426,8.13921452256677,8.186490058898926,72800,391.8273620605469,56.0,,1.0,1.0,,,,,0,,
2023-02-02,8.257400960695707,8.257400960695707,8.225884191815915,8.241642951965332,83100,397.53118896484375,56.0,,1.0,1.0,,,,,0,,
2023-02-03,8.237682984458665,8.237682984458665,8.110949516296387,8.110949516296387,87400,393.3058166503906,59.0,,1.0,1.0,,,,,0,,
2023-02-06,8.11887209378028,8.11887209378028,8.055505347625973,8.087188720703125,93800,390.902099609375,58.0,,1.0,1.0,,,,,0,,
2023-02-07,8.071346282958984,8.103029654569957,8.023821603238108,8.071346282958984,108200,396.0146484375,58.0,,1.0,1.0,,,,,0,,
2023-02-08,8.095105545535484,8.118867874145508,8.047580132924628,8.118867874145508,184000,391.684326171875,57.0,,1.0,1.0,,,,,0,,
2023-02-09,8.174317851535696,8.174317851535696,8.031743049621582,8.031743049621582,47000,388.288818359375,58.0,,1.0,1.0,,,,,0,,
2023-02-10,8.015900571487574,8.079267314709519,8.015900571487574,8.071346282958984,116800,389.19482421875,58.0,,1.0,1.0,,,,,0,,
2023-02-13,8.047583179551852,8.110949916761623,8.047583179551852,8.079266548156738,69700,393.76361083984375,57.0,,1.0,1.0,,,,,0,,
2023-02-14,8.087187179863724,8.126791577512199,8.047582782215247,8.110949516296387,104300,393.5823974609375,56.0,,1.0,1.0,,,,,0,,
2023-02-15,8.118870158779801,8.134712219238281,8.087186793253863,8.134712219238281,205000,394.8605041503906,56.0,,1.0,1.0,,,,,0,,
2023-02-16,8.09510651715138,8.09510651715138,8.047581098836282,8.063423156738281,141600,389.4237365722656,56.0,,1.0,1.0,,,,,0,,
2023-02-17,8.079267138230547,8.079267138230547,8.000059088628875,8.05550479888916,287800,388.4508972167969,55.0,,1.0,1.0,,,,,0,,
2023-02-21,8.055503710303679,8.055503710303679,7.936691274261389,7.944611549377441,52600,380.65814208984375,58.0,,1.0,1.0,,,,,0,,
2023-02-22,7.960453953048872,8.023820689051183,7.960453953048872,8.015899658203125,66700,380.1335754394531,58.0,,1.0,1.0,,,,,0,,
2023-02-23,8.039662148552857,8.087187579155731,8.015899810946967,8.079266548156738,76900,382.1556701660156,58.0,,1.0,1.0,,,,,0,,
2023-02-24,8.039662735734137,8.05550479888916,8.007979364815238,8.05550479888916,163000,378.0733947753906,58.0,,1.0,1.0,,,,,0,,
2023-02-27,8.063422776148402,8.07134304933467,8.031739417230742,8.04758071899414,52800,379.36102294921875,57.0,,1.0,1.0,,,,,0,,
2023-02-28,8.039663283391796,8.087188720703125,8.007979910314642,8.087188720703125,89900,377.9588928222656,56.0,,1.0,1.0,,,,,0,,
2023-03-01,8.07926484505168,8.07926484505168,8.02381915052883,8.039660453796387,37900,376.5090637207031,56.0,,1.0,1.0,,,,,0,,
2023-03-02,8.03966332638983,8.03966332638983,7.960455270968923,8.031743049621582,96200,379.43731689453125,55.0,,1.0,1.0,,,,,0,,
2023-03-03,8.051652619044809,8.075545310974121,8.043689147912541,8.075545310974121,27900,385.5226135253906,55.0,,1.0,1.0,,,,,0,,
2023-03-06,8.083508019030285,8.091472248921573,8.0516518589759,8.059616088867188,104500,385.7897033691406,54.0,,1.0,1.0,,,,,0,,
2023-03-07,8.067577540169742,8.067577540169742,7.9959010148561,8.003865242004395,31100,379.8760986328125,54.0,,1.0,1.0,,,,,0,,
2023-03-08,8.011831852477766,8.035723781519412,8.003867622960307,8.027759552001953,73100,380.4960632324219,54.0,,1.0,1.0,,,,,0,,
2023-03-09,8.035723016834474,8.035723016834474,7.8525495529174805,7.8525495529174805,162000,373.4759826660156,61.0,,4.0,4.0,,,,,0,,
2023-03-10,7.8366218565612735,7.8366218565612735,7.6295564658325485,7.669376850128174,187100,368.0868835449219,68.0,,4.0,1.0,,,,,1,,
2023-03-13,7.49416850349586,7.549916592413232,7.167642680675687,7.247283458709717,285500,367.5622863769531,102.0,,4.0,4.0,,,,,1,,
2023-03-14,7.35878036109418,7.549917335782408,7.35878036109418,7.470277309417725,428800,373.63812255859375,109.0,,4.0,4.0,,,,,0,,
2023-03-15,7.350815976514623,7.366744437160156,7.223391329393581,7.287103652954102,74600,371.3012390136719,112.0,,4.0,4.0,,,,,0,,
2023-03-16,7.255246533301964,7.454347708020016,7.239318834270088,7.422491550445557,531100,377.8157653808594,113.0,,4.0,4.0,,,,,0,,
2023-03-17,7.3826705714533825,7.3826705714533825,7.207461357116699,7.207461357116699,74900,373.3981628417969,119.0,,4.0,4.0,,,,,0,,
2023-03-20,7.2313524219047896,7.310993171553315,7.191532047080527,7.223388195037842,267000,376.98858642578125,117.0,,4.0,4.0,,,,,0,,
2023-03-21,7.342850592248961,7.398598670959473,7.326922135754181,7.398598670959473,90900,381.9386291503906,120.0,,4.0,4.0,,,,,0,,
2023-03-22,7.382670587926556,7.4304544358910025,7.342850208282471,7.342850208282471,103900,375.4278564453125,118.0,,4.0,4.0,,,,,0,,
2023-03-23,7.350813662114701,7.430454421245903,7.231353282928467,7.231353282928467,115000,376.44293212890625,119.0,,4.0,4.0,,,,,0,,
2023-03-24,7.223388195037841,7.263208569862105,7.191532047080527,7.223388195037842,85300,378.9131164550781,117.0,,4.0,4.0,,,,,0,,
2023-03-27,7.3189582831166335,7.382671352854906,7.287102128002821,7.2950663566589355,89200,379.6216125488281,116.0,,4.0,4.0,,-0.00024148364285125518,,,0,,
2023-03-28,7.342852778739339,7.414529335287848,7.295068154536722,7.350816249847412,89400,378.7695007324219,115.0,,4.0,4.0,,-0.00023590815260556429,,,0,,
2023-03-29,7.36674469945073,7.430457025279708,7.350816238238069,7.414529323577881,57900,384.2748718261719,113.0,,4.0,4.0,,-0.00022139451142795018,,,0,,
2023-03-30,7.446383476257324,7.446383476257324,7.382671167628202,7.446383476257324,51400,386.5248107910156,112.0,,4.0,4.0,,-0.00020189269635605554,,,0,,
2023-03-31,7.438421146969686,7.494169241376047,7.438421146969686,7.470277309417725,232100,391.9727478027344,110.0,,4.0,4.0,,-0.0001724770845182038,,,0,,
2023-04-03,7.470275592263794,7.470275592263794,7.350814440910456,7.4065632820129395,104800,393.4664001464844,109.0,,4.0,4.0,,-0.0001635512518571543,-0.00024148364285125518,,0,,
2023-04-04,7.398600874050031,7.406565104668939,7.342852778739339,7.350816249847412,105800,391.28338623046875,108.0,,4.0,4.0,,-0.00015549048204458325,-0.00023590815260556429,,0,,
2023-04-05,7.370844211284319,7.370844211284319,7.322773915046248,7.338797092437744,175800,390.25897216796875,107.0,,4.0,4.0,,-0.0001685803489277165,-0.00022139451142795018,,0,,
2023-04-06,7.298739098594862,7.370845317840576,7.298739098594862,7.370845317840576,136800,391.7813720703125,105.0,,4.0,4.0,,-0.0001745781799713414,-0.00020189269635605554,,0,,
2023-04-10,7.314764011592313,7.370846294407706,7.306752038600457,7.354823112487793,136400,392.18341064453125,104.0,,4.0,4.0,,-0.00018037297178202916,-0.0001724770845182038,,0,,
2023-04-11,7.330785896688496,7.402892112731934,7.3067507460285706,7.402892112731934,52500,392.2887268066406,103.0,,4.0,4.0,,-0.00017035190964720168,-0.0001635512518571543,,0,,
2023-04-12,7.426926439876371,7.450961585398545,7.36283144504474,7.410902500152588,88500,390.68975830078125,101.0,,4.0,3.0,,-0.0001632667247997465,-0.00015549048204458325,,0,,
2023-04-13,7.378855707921551,7.434937971283884,7.378855707921551,7.418914794921875,77500,395.8791809082031,100.0,,4.0,3.0,,-0.00015144426547850914,-0.0001685803489277165,,0,,
2023-04-14,7.434938278174781,7.466985396285137,7.402891160064424,7.442950248718262,91400,394.91217041015625,98.0,,4.0,3.0,,-0.00013575156783032747,-0.0001745781799713414,,0,,
2023-04-17,7.426928653111864,7.466986986231762,7.386869555928238,7.434939861297607,54000,396.3291931152344,97.0,,4.0,3.0,,-0.00012322599485621623,-0.00018037297178202916,,0,,
2023-04-18,7.450962219261742,7.450962219261742,7.402891160064424,7.442950248718262,67500,396.5876770019531,95.0,,4.0,1.0,,-0.00011549445646070923,-0.00017035190964720168,,0,,
2023-04-19,7.402891160064424,7.442950248718262,7.402891160064424,7.442950248718262,67000,396.5207214355469,94.0,,4.0,1.0,,-0.00012373215314630807,-0.0001632667247997465,,0,,
2023-04-20,7.394881250619492,7.466987477481107,7.394881250619492,7.4589762687683105,690300,394.3568115234375,93.0,,1.0,1.0,,-0.00012998505210060201,-0.00015144426547850914,,0,,
2023-04-21,7.418915879176897,7.4830101221192065,7.410903907793197,7.466986179351807,42300,394.66326904296875,91.0,,1.0,1.0,,-0.00012266103032772472,-0.00013575156783032747,,0,,
2023-04-24,7.491023363294439,7.515058517456055,7.466987445069049,7.515058517456055,51800,395.07489013671875,90.0,,1.0,1.0,,-9.185253195567803e-05,-0.00012322599485621623,,0,,
2023-04-25,7.491022271924431,7.491022271924431,7.3868689336465385,7.402892112731934,244200,388.8035583496094,91.0,,1.0,1.0,,-2.937915071355233e-05,-0.00011549445646070923,,0,,
2023-04-26,7.370842309899858,7.402889420479552,7.322772026062012,7.322772026062012,82000,387.1567687988281,91.0,,1.0,1.0,,-1.8942092421036284e-05,-0.00012373215314630807,,0,,
2023-04-27,7.346808591133999,7.426926765134646,7.346808591133999,7.418914794921875,98600,394.8643493652344,92.0,,1.0,1.0,,1.2513830274102727e-05,-0.00012998505210060201,,0,,
2023-04-28,7.394880764113981,7.450963805796548,7.394880764113981,7.434939861297607,105400,398.2344970703125,90.0,,1.0,1.0,,8.918289613919167e-06,-0.00012266103032772472,,0,,
2023-05-01,7.402892929011315,7.418916873927253,7.33078670501709,7.33078670501709,67500,397.8323669433594,91.0,,1.0,1.0,,5.2926809220235486e-05,-9.185253195567803e-05,,0,,
2023-05-02,7.32277153618389,7.330782740245341,7.178559166191085,7.226630210876465,128700,393.361083984375,92.0,,1.0,1.0,,2.3897379541511506e-05,-2.937915071355233e-05,,1,,
2023-05-03,7.249185665104917,7.249185665104917,7.088092803955078,7.088092803955078,193200,390.6610412597656,94.0,,4.0,1.0,,-4.87570578781002e-05,-1.8942092421036284e-05,,0,,
2023-05-04,7.071984548686084,7.071984548686084,6.870618239922743,6.878673076629639,143000,387.8940124511719,101.0,,4.0,1.0,,-0.00015771278250029995,1.2513830274102727e-05,,1,,
2023-05-05,7.039766061168143,7.063930571601736,6.991438576603991,6.999492645263672,94700,395.07489013671875,103.0,,4.0,1.0,,-0.00022307312515820537,8.918289613919167e-06,,0,,
2023-05-08,7.023654673031252,7.047818406772122,6.983381271362305,6.983381271362305,62900,395.1802673339844,101.0,,4.0,1.0,,-0.0002442792874060349,5.2926809220235486e-05,,0,,
2023-05-09,6.983382443923089,6.999491346404723,6.910890462377302,6.943109035491943,54000,393.4472351074219,100.0,,4.0,3.0,,-0.00024500634490192655,2.3897379541511506e-05,,0,,
2023-05-10,6.991436570343134,7.023655140190975,6.975326901343565,7.007545471191406,44300,395.2855529785156,99.0,,4.0,3.0,,-0.0002595261092549729,-4.87570578781002e-05,,0,,
2023-05-11,7.007545005103175,7.023654673031252,6.951162703657396,6.983381271362305,51700,394.5962219238281,98.0,,4.0,3.0,,-0.00027596953287811337,-0.00015771278250029995,,0,,
2023-05-12,6.967273626897872,6.999492203959829,6.927000981684027,6.951164722442627,119300,394.0791931152344,97.0,,4.0,3.0,,-0.00029373249876063934,-0.00022307312515820537,,0,,
2023-05-15,6.9672707514325785,7.007544148176641,6.9269981228396675,6.975325584411621,117100,395.4387512207031,95.0,,4.0,3.0,,-0.0003080011778053938,-0.0002442792874060349,,0,,
2023-05-16,6.959217773426939,6.967271839512636,6.89478063583374,6.89478063583374,71700,392.796142578125,95.0,,4.0,3.0,,-0.00032675630354965014,-0.00024500634490192655,,0,,
2023-05-17,6.927000891861821,7.063930034637451,6.886727479018732,7.063930034637451,62200,397.5643005371094,99.0,,4.0,3.0,,-0.000299837688446195,-0.0002595261092549729,,0,,
2023-05-18,7.0317106898418125,7.088093775082721,7.023656621794362,7.063930034637451,36600,401.39410400390625,98.0,,4.0,3.0,,-0.00027924774412518697,-0.00027596953287811337,,0,,
2023-05-19,7.088092530133511,7.088092530133511,7.007545718594535,7.0719828605651855,45100,400.8100891113281,97.0,,4.0,3.0,,-0.00024911594984909077,-0.00029373249876063934,,0,,
2023-05-22,7.063928105579705,7.112255573272705,7.047818437581205,7.112255573272705,36500,400.97283935546875,95.0,,4.0,3.0,,-0.0002505363957860159,-0.0003080011778053938,,0,,
2023-05-23,7.080037752555617,7.1444748950469155,7.0719829177063716,7.128365993499756,45400,396.4728088378906,94.0,,4.0,3.0,,-0.00024248050299668865,-0.00032675630354965014,,0,,
2023-05-24,7.104201488952021,7.128365993499756,7.088092587404861,7.128365993499756,87500,393.6003723144531,93.0,,4.0,3.0,,-0.00023849648791347247,-0.000299837688446195,,0,,
2023-05-25,7.112256643372018,7.128366313794355,7.047819497985404,7.080038070678711,59500,397.00897216796875,92.0,,4.0,3.0,,-0.0002619178027011561,-0.00027924774412518697,,0,,
2023-05-26,7.0961474222541066,7.1444748950469155,7.015600610064317,7.128365993499756,56100,402.1505432128906,91.0,,4.0,3.0,,-0.000286438979609054,-0.00024911594984909077,,0,,
2023-05-30,7.192802317886399,7.23307495124938,7.136419248505988,7.225020885467529,131000,402.3037109375,91.0,,1.0,3.0,,-0.0002704609653295612,-0.0002505363957860159,,0,,
2023-05-31,7.216968639922571,7.225023476744557,7.176695223964162,7.208913803100586,61100,400.0728759765625,90.0,,1.0,3.0,,-0.000235020708314406,-0.00024248050299668865,,0,,
2023-06-01,7.200854755754846,7.265292644500732,7.200854755754846,7.265292644500732,57000,403.87396240234375,89.0,,1.0,3.0,,-0.00019455112543704197,-0.00023849648791347247,,0,,
2023-06-02,7.281405191240346,7.370006084442139,7.26529628709068,7.370006084442139,97800,409.7144470214844,90.0,,1.0,3.0,,-0.0001597190937164686,-0.0002619178027011561,,0,,
2023-06-05,7.376480839255166,7.3845781498495695,7.303607360511651,7.34409236907959,33100,408.9293518066406,89.0,,1.0,3.0,,-0.00012758320007112518,-0.000286438979609054,,0,,
2023-06-06,7.327899332263926,7.368385117521056,7.319802020772075,7.3521904945373535,60500,409.81976318359375,88.0,,1.0,3.0,,-0.00010845489919167278,-0.0002704609653295612,,0,,
2023-06-07,7.360286990268398,7.3845781498495695,7.335995830687226,7.34409236907959,49700,408.4027404785156,86.0,,1.0,3.0,,-0.0001097689079789759,-0.000235020708314406,,0,,
2023-06-08,7.327901028117963,7.34409488264719,7.295512546857204,7.319803714752197,62800,410.8729553222656,85.0,,1.0,3.0,,-0.00010884815600957032,-0.00019455112543704197,,0,,
2023-06-09,7.335996091429576,7.376481101436468,7.303607620102821,7.311704158782959,58100,411.6100769042969,84.0,,1.0,3.0,,-0.0001072117772833328,-0.0001597190937164686,,0,,
2023-06-12,7.352192612689463,7.352192612689463,7.255027163400454,7.279318332672119,83700,415.3442687988281,83.0,,1.0,3.0,,-0.00012318406272376794,-0.00012758320007112518,,0,,
2023-06-13,7.311703524977812,7.327898145338414,7.279315056458608,7.303606986999512,66200,418.0825500488281,82.0,,1.0,3.0,,-0.00011692592978718934,-0.00010845489919167278,,0,,
2023-06-14,7.295510818636582,7.311704669329676,7.214539248564744,7.230733871459961,67600,418.5804443359375,82.0,,1.0,3.0,,-0.00011389481726251065,-0.0001097689079789759,,0,,
2023-06-15,7.230734698727608,7.263123176021481,7.230734698727608,7.255025863647461,69200,423.7698059082031,81.0,,1.0,3.0,,-8.090524486378634e-05,-0.00010884815600957032,,0,,
2023-06-16,7.255025863647461,7.279317028567313,7.24692855127344,7.255025863647461,75900,422.3264465332031,79.0,,1.0,1.0,,-3.380776460606096e-05,-0.0001072117772833328,,0,,
2023-06-20,7.263122979708892,7.279316831817025,7.222637191135275,7.238831043243408,61100,420.13525390625,78.0,,1.0,1.0,,5.4583385888960835e-06,-0.00012318406272376794,,0,,
2023-06-21,7.230736742090528,7.279319085659312,7.198348255643862,7.2469305992126465,123400,417.98260498046875,77.0,,1.0,1.0,,3.605540023086409e-05,-0.00011692592978718934,,0,,
2023-06-22,7.255025033600663,7.255025033600663,7.206441937117137,7.230733871459961,81000,419.49139404296875,76.0,,1.0,1.0,,4.3241257098033125e-05,-0.00011389481726251065,,0,,
2023-06-23,7.230736742090528,7.263125228537193,7.206444798103708,7.2469305992126465,68300,416.32000732421875,75.0,,4.0,1.0,,5.416946840237583e-05,-8.090524486378634e-05,,0,,
2023-06-26,7.271221018847449,7.3117068157684555,7.2631244772251256,7.279318332672119,85100,414.61907958984375,74.0,,4.0,1.0,,7.222260774164279e-05,-3.380776460606096e-05,,0,,
2023-06-27,7.2631244772251256,7.295512960321462,7.2631244772251256,7.279318332672119,56100,419.1647033691406,73.0,,4.0,1.0,,7.236753541572526e-05,5.4583385888960835e-06,,0,,
2023-06-28,7.279318332672119,7.303610274146133,7.271221018847449,7.279318332672119,63700,419.3760986328125,72.0,,4.0,1.0,,5.786451821461669e-05,3.605540023086409e-05,,0,,
2023-06-29,7.287414199880562,7.303608824315128,7.238831098779059,7.263123035430908,34600,421.029052734375,71.0,,4.0,1.0,,2.901044627811462e-05,4.3241257098033125e-05,,0,,
2023-06-30,7.271220606759907,7.319803714752197,7.271220606759907,7.319803714752197,66200,425.9974670410156,71.0,,4.0,1.0,,-1.5938153412608164e-05,5.416946840237583e-05,,0,,
2023-07-03,7.287415157049193,7.368386745452881,7.287415157049193,7.368386745452881,67900,426.4875793457031,70.0,,1.0,1.0,,-2.581546094863504e-05,7.222260774164279e-05,,0,,
2023-07-05,7.344096985987184,7.392680107893619,7.336000442504883,7.336000442504883,97800,425.85333251953125,70.0,,1.0,1.0,,-5.014686492893389e-05,7.236753541572526e-05,,0,,
2023-07-06,7.301810844418326,7.326231398377937,7.179706521989446,7.220407962799072,46400,422.51861572265625,72.0,,1.0,1.0,,-9.19102392198333e-05,5.786451821461669e-05,,1,,
2023-07-07,7.2122667067184505,7.293669579165483,7.2122667067184505,7.285529136657715,108300,421.4519348144531,72.0,,1.0,1.0,,-0.0001338887240218792,2.901044627811462e-05,,0,,
2023-07-10,7.277388405616002,7.358791274835573,7.277388405616002,7.3099493980407715,111500,422.51861572265625,71.0,,1.0,1.0,,-0.00015940779578173226,-1.5938153412608164e-05,,0,,
2023-07-11,7.309946559942129,7.358788417774,7.309946559942129,7.342508316040039,62700,425.20947265625,70.0,,1.0,1.0,,-0.0001414381543545217,-2.581546094863504e-05,,0,,
2023-07-12,7.391353065899015,7.391353065899015,7.366932513020611,7.375072956085205,74200,428.6306457519531,69.0,,1.0,1.0,,-0.00012849593793944853,-5.014686492893389e-05,,0,,
2023-07-13,7.383210112212415,7.415771097083221,7.36693000793457,7.36693000793457,37000,432.03265380859375,68.0,,1.0,1.0,,-0.00013645606675357738,-9.19102392198333e-05,,0,,
2023-07-14,7.407630275605872,7.440191255388788,7.334367877015562,7.342508316040039,78100,431.7635498046875,67.0,,1.0,1.0,,-0.0001569234412906375,-0.0001338887240218792,,0,,
2023-07-17,7.342508659352689,7.3750696406580545,7.220404397221296,7.236685276031494,57200,433.2627868652344,69.0,,1.0,1.0,,-0.00022242358630835207,-0.00015940779578173226,,0,,
2023-07-18,7.236688034241756,7.293669579165483,7.236688034241756,7.285529136657715,82600,436.4820556640625,69.0,,1.0,1.0,,-0.0002692880725196859,-0.0001414381543545217,,0,,
2023-07-19,7.318089253196943,7.350650243009796,7.309948811664921,7.334370136260986,49700,437.452880859375,69.0,,1.0,1.0,,-0.00029730661712443234,-0.00012849593793944853,,0,,
2023-07-20,7.30180871115782,7.3262292579828445,7.27738738801761,7.293668270111084,48300,434.5505065917969,68.0,4.0,1.0,1.0,7.0,-0.0002999565370542001,-0.00013645606675357738,,0,2.0,1.0
2023-07-21,7.3099484989445,7.334369822495818,7.2936683928921555,7.301808834075928,32500,434.5505065917969,67.0,4.0,1.0,1.0,7.0,-0.0003012803713319742,-0.0001569234412906375,,0,2.0,1.0
2023-07-24,7.3343694129525785,7.35064951809586,7.301808426350858,7.318088531494141,82400,436.49176025390625,66.0,4.0,1.0,1.0,7.0,-0.0003134101523599502,-0.00022242358630835207,,0,2.0,1.0
2023-07-25,7.318088531494141,7.326228972223359,7.301808426350858,7.318088531494141,26600,437.68341064453125,65.0,4.0,1.0,1.0,7.0,-0.0003092810351577484,-0.0002692880725196859,,0,2.0,1.0
2023-07-26,7.3343702828665265,7.399492263793945,7.3343702828665265,7.399492263793945,36600,437.75067138671875,66.0,4.0,1.0,1.0,7.0,-0.0002860535553136172,-0.00029730661712443234,,0,2.0,1.0
2023-07-27,7.3994898365813935,7.407630275605872,7.334367877015562,7.342508316040039,59700,434.8484191894531,66.0,4.0,1.0,1.0,7.0,-0.0002855579284890912,-0.0002999565370542001,,0,2.0,1.0
2023-07-28,7.350650243009796,7.3832112328226485,7.334370136260986,7.334370136260986,42100,439.1056823730469,65.0,4.0,1.0,1.0,7.0,-0.00026460533385210585,-0.0003012803713319742,,0,2.0,1.0
2023-07-31,7.3425107910787135,7.415772438049316,7.3425107910787135,7.415772438049316,60000,439.9417419433594,66.0,4.0,1.0,1.0,7.0,-0.00024408940235056735,-0.0003134101523599502,,0,2.0,1.0
2023-08-01,7.375069565508497,7.407630546482077,7.358788686864196,7.383209228515625,59700,438.682861328125,65.0,4.0,1.0,1.0,7.0,-0.00020668695441534456,-0.0003092810351577484,,0,2.0,1.0
2023-08-02,7.334367877015562,7.350647978749523,7.293666458208167,7.342508316040039,90900,432.58038330078125,64.0,4.0,1.0,1.0,7.0,-0.00020670918916651689,-0.0002860535553136172,,1,2.0,1.0
2023-08-03,7.308137487767735,7.308137487767735,7.275402301794901,7.291769504547119,60300,431.3407287597656,64.0,4.0,1.0,1.0,7.0,-0.00023410824650551458,-0.0002855579284890912,,0,2.0,1.0
2023-08-04,7.299955083106645,7.365425469285027,7.291771089717206,7.3245062828063965,38100,429.389892578125,63.0,4.0,1.0,1.0,7.0,-0.00025060458949156215,-0.00026460533385210585,,0,2.0,1.0
2023-08-07,7.349056453199295,7.3572404454424865,7.324505256938177,7.3408732414245605,51500,433.1378173828125,63.0,4.0,1.0,1.0,7.0,-0.00025003455109371585,-0.00024408940235056735,,0,2.0,1.0
2023-08-08,7.316319942474365,7.332687924002693,7.283584759886026,7.316319942474365,40100,431.25421142578125,62.0,4.0,1.0,1.0,7.0,-0.0002611392697965483,-0.00020668695441534456,,0,2.0,1.0
2023-08-09,7.29995584487915,7.340875035627822,7.29995584487915,7.29995584487915,101900,428.3711853027344,61.0,4.0,1.0,1.0,7.0,-0.0002869627705268066,-0.00020670918916651689,,0,2.0,1.0
2023-08-10,7.316321105273182,7.340873081467771,7.299953901611895,7.308137893676758,32800,428.5249938964844,60.0,4.0,1.0,1.0,7.0,-0.00030385025248096906,-0.00023410824650551458,,0,2.0,1.0
2023-08-11,7.283587856392223,7.324507047140894,7.218117463381807,7.29995584487915,219500,428.275146484375,59.0,4.0,1.0,1.0,7.0,-0.0003027769127063197,-0.00025060458949156215,,0,2.0,1.0
2023-08-14,7.283584759886026,7.316319942474365,7.275401549590179,7.316319942474365,113800,430.63922119140625,58.0,4.0,1.0,1.0,7.0,-0.00028563710172535225,-0.00025003455109371585,,0,2.0,1.0
2023-08-15,7.299952784222787,7.299952784222787,7.267217601442483,7.275401592254639,53600,425.62274169921875,58.0,4.0,1.0,1.0,7.0,-0.000307119543068805,-0.0002611392697965483,,0,2.0,1.0
2023-08-16,7.275402420284476,7.275402420284476,7.201748055528943,7.234483242034912,110800,422.49945068359375,58.0,4.0,4.0,1.0,8.0,-0.0003461329164809279,-0.0002869627705268066,,0,2.0,1.0
2023-08-17,7.209934082618369,7.209934082618369,7.144462910655677,7.177198886871338,131200,419.280029296875,58.0,4.0,4.0,1.0,8.0,-0.00039007036093016944,-0.00030385025248096906,,0,2.0,1.0
2023-08-18,7.152644669597106,7.169012652590145,7.128093475575933,7.144460678100586,43300,419.4817810058594,57.0,4.0,4.0,1.0,8.0,-0.00042703276757589335,-0.0003027769127063197,,0,2.0,1.0
2023-08-21,7.160828743523649,7.160828743523649,7.078990388553164,7.095358371734619,67300,422.2111511230469,57.0,4.0,4.0,1.0,8.0,-0.00047201279651077423,-0.00028563710172535225,,0,2.0,1.0
2023-08-22,7.1362796966990425,7.1362796966990425,7.095360506900226,7.111727714538574,38900,421.0674743652344,56.0,4.0,4.0,1.0,8.0,-0.000514843607348818,-0.000307119543068805,,0,2.0,1.0
2023-08-23,7.152645708855537,7.201748884500815,7.152645708855537,7.1935648918151855,98600,425.7572326660156,58.0,4.0,4.0,1.0,8.0,-0.0005079093370292362,-0.0003461329164809279,,0,2.0,1.0
2023-08-24,7.185380741115868,7.226299923175663,7.160829544067383,7.160829544067383,44800,419.8566589355469,57.0,4.0,4.0,1.0,8.0,-0.0004949090138936421,-0.00039007036093016944,,0,2.0,1.0
2023-08-25,7.201748847961426,7.209932840605533,7.1526456725652805,7.201748847961426,32500,422.81658935546875,57.0,4.0,4.0,1.0,8.0,-0.0004673461955610365,-0.00042703276757589335,,0,2.0,1.0
2023-08-28,7.226301442603396,7.234485436829847,7.2017502403926885,7.209934234619141,76500,425.4978332519531,56.0,4.0,4.0,1.0,8.0,-0.0004430396990055406,-0.00047201279651077423,,0,2.0,1.0
2023-08-29,7.185382626878159,7.267221012475764,7.185382626878159,7.259037017822266,63300,431.64825439453125,56.0,4.0,4.0,1.0,8.0,-0.00039561901151502146,-0.000514843607348818,,0,2.0,1.0
2023-08-30,7.242666409474334,7.283584802598474,7.242666409474334,7.275401592254639,81900,433.4261169433594,55.0,4.0,4.0,1.0,8.0,-0.00034674552195058066,-0.0005079093370292362,,0,2.0,1.0
2023-08-31,7.291770104329385,7.349056489376818,7.291770104329385,7.33268928527832,38700,432.7919006347656,56.0,4.0,1.0,1.0,7.0,-0.0002679038317299083,-0.0004949090138936421,,0,2.0,1.0
2023-09-01,7.3899768619550885,7.3899768619550885,7.3326904676702584,7.349057674407959,56400,433.5990905761719,55.0,4.0,1.0,1.0,7.0,-0.00012194660134215206,-0.0004673461955610365,,0,2.0,1.0
2023-09-05,7.3326890894029075,7.357240285129057,7.299953901611895,7.308137893676758,29800,431.72509765625,55.0,4.0,1.0,1.0,7.0,-4.93916844745238e-05,-0.0004430396990055406,,0,2.0,1.0
2023-09-06,7.3394053011456455,7.3394053011456455,7.290036759212994,7.298264980316162,30500,428.8228759765625,54.0,4.0,1.0,1.0,7.0,-4.019507919553258e-06,-0.00039561901151502146,,0,2.0,1.0
2023-09-07,7.29826347099152,7.306491690393042,7.2735795974731445,7.2735795974731445,35800,427.5062561035156,53.0,4.0,1.0,1.0,7.0,-7.538722625387765e-05,-0.00034674552195058066,,0,2.0,1.0
2023-09-08,7.298265537424011,7.314721980886536,7.290037315692748,7.306493759155273,198900,428.1501770019531,53.0,4.0,1.0,1.0,7.0,-3.616181320633953e-05,-0.0002679038317299083,,0,2.0,1.0
2023-09-11,7.322947588798386,7.322947588798386,7.248895965772948,7.314720153808594,86500,430.9659118652344,52.0,4.0,1.0,1.0,7.0,-2.223269218026658e-05,-0.00012194660134215206,,0,2.0,1.0
2023-09-12,7.3064926424243595,7.3064926424243595,7.2653523247423815,7.290036201477051,59500,428.601806640625,51.0,4.0,1.0,1.0,7.0,-1.5410367893430943e-05,-4.93916844745238e-05,,0,2.0,1.0
2023-09-13,7.290035494780564,7.331175808474396,7.273579840114761,7.314720153808594,39400,429.1015625,51.0,4.0,1.0,1.0,7.0,-3.889967323131893e-05,-4.019507919553258e-06,,0,2.0,1.0
2023-09-14,7.322947666613247,7.339404106140137,7.306492011772584,7.339404106140137,122400,432.8014831542969,50.0,4.0,1.0,1.0,7.0,-3.0899073710565656e-05,-7.538722625387765e-05,,0,2.0,1.0
2023-09-15,7.339402029658592,7.339402029658592,7.314718162038104,7.322945594787598,25800,427.5869445800781,50.0,4.0,1.0,1.0,7.0,3.4208652586619795e-05,-3.616181320633953e-05,,0,2.0,1.0
2023-09-18,7.322950114772716,7.364090442657471,7.298266231916458,7.364090442657471,44900,427.8377380371094,50.0,4.0,1.0,1.0,7.0,6.908802706345754e-05,-2.223269218026658e-05,,0,2.0,1.0
2023-09-19,7.355861347907965,7.38054601252368,7.3311774679786454,7.372317790985107,32800,426.9504089355469,49.0,4.0,1.0,1.0,7.0,6.051344260107384e-05,-1.5410367893430943e-05,,0,2.0,1.0
2023-09-20,7.372316195986523,7.388771850817094,7.355859756469727,7.355859756469727,76100,423.02532958984375,48.0,4.0,1.0,1.0,7.0,3.5011523139871565e-05,-3.889967323131893e-05,,0,2.0,1.0
2023-09-21,7.306492489856123,7.306492489856123,7.240668296813964,7.240668296813965,71400,416.0333557128906,52.0,4.0,1.0,1.0,7.0,-2.9526826017319314e-05,-3.0899073710565656e-05,,1,2.0,1.0
2023-09-22,7.232439285151724,7.281807816874666,7.191298972830304,7.2735795974731445,143300,415.0979919433594,52.0,4.0,1.0,1.0,7.0,-7.788163016840733e-05,3.4208652586619795e-05,,0,2.0,1.0
2023-09-25,7.2653517769991645,7.2653517769991645,7.224211462418802,7.24889612197876,54300,416.8434753417969,51.0,4.0,1.0,1.0,7.0,-0.00011019605625546737,6.908802706345754e-05,,0,2.0,1.0
2023-09-26,7.215982830457636,7.257122353528641,7.174842522700528,7.207754611968994,66700,410.7195739746094,51.0,4.0,1.0,1.0,7.0,-0.00011135075543560472,6.051344260107384e-05,,0,2.0,1.0
2023-09-27,7.224210575488608,7.240667013174859,7.158386394115885,7.191298484802246,92000,410.8834533691406,50.0,4.0,4.0,1.0,8.0,-0.00011535519576500059,3.5011523139871565e-05,,0,2.0,1.0
2023-09-28,7.174844415066817,7.224212169647217,7.158387973749143,7.224212169647217,103500,413.26556396484375,50.0,4.0,4.0,1.0,8.0,-0.00010972930219360217,-2.9526826017319314e-05,,0,2.0,1.0
2023-09-29,7.248896831623727,7.2735807089139275,7.224212169647217,7.224212169647217,35700,412.2625427246094,49.0,4.0,4.0,1.0,8.0,-8.114640958850952e-05,-7.788163016840733e-05,,0,2.0,1.0
2023-10-02,7.191298070078532,7.191298070078532,7.117245674133301,7.117245674133301,38500,412.0986633300781,53.0,4.0,4.0,1.0,8.0,-9.387432410651141e-05,-0.00011019605625546737,,1,2.0,1.0
2023-10-03,7.109019344349126,7.109019344349126,6.936230655208085,6.952686309814453,83800,406.5823059082031,61.0,4.0,4.0,4.0,12.0,-0.00015721338195591686,-0.00011135075543560472,,1,4.0,1.0
2023-10-04,7.008956811095116,7.02550647532019,6.959306240081787,6.959306240081787,61600,409.5429992675781,60.0,4.0,4.0,1.0,8.0,-0.00023482528085251638,-0.00011535519576500059,,0,2.0,2.0
2023-10-05,6.951031013384724,6.992406357700989,6.951031013384724,6.959306240081787,39300,409.38861083984375,59.0,4.0,4.0,1.0,8.0,-0.000292027419557838,-0.00010972930219360217,,0,2.0,3.0
2023-10-06,6.901381774147675,6.959306787243251,6.876556881273729,6.909657001495361,57100,414.24932861328125,59.0,4.0,4.0,1.0,8.0,-0.0003227552514097971,-8.114640958850952e-05,,0,2.0,4.0
2023-10-09,6.9179329877582365,6.975858802985478,6.893108089329014,6.951033115386963,47200,416.9013366699219,59.0,4.0,4.0,1.0,8.0,-0.0003455683620269029,-9.387432410651141e-05,,0,2.0,5.0
2023-10-10,6.934480886739797,7.008956343708932,6.934480886739797,6.992405891418457,36800,419.07122802734375,58.0,4.0,4.0,1.0,8.0,-0.00034108273920610424,-0.00015721338195591686,,0,2.0,6.0
2023-10-11,7.033781996139535,7.0503324502257305,6.984131423050035,7.0006818771362305,138300,420.7878723144531,57.0,4.0,4.0,1.0,8.0,-0.0003353573220261899,-0.00023482528085251638,,0,2.0,7.0
2023-10-12,6.975859166370796,7.008959295723769,6.934483807387245,6.942759037017822,21400,418.22259521484375,58.0,4.0,4.0,1.0,8.0,-0.0003552194658095864,-0.000292027419557838,,0,2.0,8.0
2023-10-13,6.975858318739331,7.0172328835261535,6.876557942746326,6.884832382202148,59200,416.1395263671875,58.0,4.0,4.0,1.0,8.0,-0.0004179676706172264,-0.0003227552514097971,,0,2.0,9.0
2023-10-16,6.909658068077328,6.92620773615821,6.8434578174153256,6.884832382202148,90700,420.51788330078125,57.0,4.0,4.0,1.0,8.0,-0.000459321285113055,-0.0003455683620269029,,0,2.0,10.0
2023-10-17,6.868281092888016,6.9013812104058525,6.851730639544572,6.893105983734131,54100,420.49853515625,56.0,4.0,4.0,1.0,8.0,-0.00046212911675160413,-0.00034108273920610424,,0,2.0,11.0
2023-10-18,6.860006040584256,6.860006040584256,6.802081030747964,6.818630695343018,31000,414.8953552246094,57.0,4.0,4.0,1.0,8.0,-0.0004665895949536152,-0.0003353573220261899,,0,2.0,12.0
2023-10-19,6.826906099584198,6.851730991706249,6.744155406951904,6.744155406951904,65000,411.24993896484375,59.0,4.0,4.0,1.0,8.0,-0.0004990880925931414,-0.0003552194658095864,,0,2.0,13.0
2023-10-20,6.768981097186844,6.7938059893416956,6.711055296600064,6.777255535125732,32900,406.1965026855469,58.0,4.0,4.0,1.0,8.0,-0.0005317847775317997,-0.0004179676706172264,,0,2.0,14.0
2023-10-23,6.752431008761963,6.810356023317549,6.744155781205698,6.80208158493042,52300,405.4924621582031,57.0,4.0,4.0,1.0,8.0,-0.0005086506252911314,-0.000459321285113055,,0,2.0,15.0
2023-10-24,6.818632131540147,6.884832382202148,6.818632131540147,6.884832382202148,39200,408.5496826171875,59.0,4.0,4.0,1.0,8.0,-0.00041305831497194496,-0.00046212911675160413,,0,2.0,16.0
2023-10-25,6.876556209608621,6.876556209608621,6.810355186462402,6.810355186462402,36700,402.68603515625,60.0,4.0,4.0,1.0,8.0,-0.00032587644988254784,-0.0004665895949536152,,0,2.0,17.0
2023-10-26,6.7938055992126465,6.851730607304034,6.7938055992126465,6.7938055992126465,137800,397.864013671875,59.0,4.0,4.0,1.0,8.0,-0.000289886717777683,-0.0004990880925931414,,0,2.0,18.0
2023-10-27,6.826908394921882,6.826908394921882,6.744157674467208,6.768983364105225,560000,396.0605773925781,58.0,4.0,4.0,1.0,8.0,-0.0003152608630130498,-0.0005317847775317997,,0,2.0,19.0
2023-10-30,6.760706620696429,6.810356410518575,6.744156164642926,6.752431392669678,40200,400.7958068847656,58.0,4.0,4.0,1.0,8.0,-0.00035435808281077553,-0.0005086506252911314,,0,2.0,20.0
2023-10-31,6.768980708483344,6.810355263309165,6.768980708483344,6.7938055992126465,28900,403.31292724609375,57.0,4.0,4.0,1.0,8.0,-0.0003641364170788939,-0.00041305831497194496,,0,2.0,21.0
2023-11-01,6.802080857852343,6.926206101251967,6.802080857852343,6.893105983734131,67200,407.6141662597656,60.0,4.0,4.0,1.0,8.0,-0.0003266995140523467,-0.00032587644988254784,,0,2.0,22.0
2023-11-02,6.959307295382454,7.099983013888214,6.959307295382454,7.07515811920166,51600,415.42584228515625,69.0,4.0,4.0,4.0,12.0,-0.0002081586440488288,-0.000289886717777683,,0,4.0,23.0
2023-11-03,7.1716661341703,7.221585273742676,7.1716661341703,7.221585273742676,202000,419.2159423828125,73.0,4.0,1.0,1.0,7.0,-5.868607316615077e-05,-0.0003152608630130498,,0,2.0,24.0
2023-11-06,7.188306943533011,7.204946129690432,7.163346974140032,7.179986953735352,52100,420.1803283691406,73.0,4.0,1.0,1.0,7.0,5.204342959131072e-05,-0.00035435808281077553,,0,2.0,25.0
2023-11-07,7.155026912689209,7.213265247355623,7.146706923897493,7.155026912689209,82200,421.3760986328125,72.0,4.0,1.0,1.0,7.0,6.152207987206137e-05,-0.0003641364170788939,,0,2.0,26.0
2023-11-08,7.163346071138916,7.196625232696533,7.15502687582786,7.196625232696533,46200,421.6847839355469,71.0,4.0,1.0,1.0,7.0,5.4638235474664555e-05,-0.0003266995140523467,,0,2.0,27.0
2023-11-09,7.188307762803348,7.188307762803348,7.0718302726745605,7.0718302726745605,39600,418.3962097167969,74.0,4.0,1.0,1.0,7.0,6.85060090412129e-06,-0.0002081586440488288,,0,2.0,28.0
2023-11-10,7.113429205262299,7.1217491957418835,7.080150036781924,7.105109214782715,48600,424.9251708984375,73.0,4.0,1.0,1.0,7.0,-1.4669870703804764e-05,-5.868607316615077e-05,,0,2.0,29.0
2023-11-13,7.113429930021404,7.163348291108968,7.071830766823071,7.1383891105651855,87000,424.5201416015625,72.0,4.0,1.0,1.0,7.0,-2.9366747095798555e-05,5.204342959131072e-05,,0,2.0,30.0
2023-11-14,7.229905586447265,7.321423890900197,7.229905586447265,7.279824733734131,78000,432.756103515625,76.0,4.0,1.0,1.0,7.0,5.025498498952672e-05,6.152207987206137e-05,,0,2.0,31.0
2023-11-15,7.279823914508006,7.296463892877044,7.246544751207769,7.271503925323486,51900,433.6723327636719,75.0,4.0,1.0,1.0,7.0,0.00013167862524544167,5.4638235474664555e-05,,0,2.0,32.0
2023-11-16,7.271504473770645,7.296464443206787,7.2631844839585975,7.296464443206787,49100,434.2027282714844,74.0,4.0,1.0,1.0,7.0,0.00019418004351297747,6.85060090412129e-06,,0,2.0,33.0
2023-11-17,7.321423619205031,7.329743609017078,7.296464443206787,7.296464443206787,50200,434.74273681640625,73.0,4.0,1.0,1.0,7.0,0.00019527989761764617,-1.4669870703804764e-05,,0,2.0,34.0
2023-11-20,7.304780828209379,7.321420801429292,7.296461635037017,7.313100814819336,46200,438.0893249511719,72.0,4.0,1.0,1.0,7.0,0.00019319879583027823,-2.9366747095798555e-05,,0,2.0,35.0
2023-11-21,7.304785142114732,7.313105133638134,7.263185977935791,7.263185977935791,44500,437.134521484375,72.0,4.0,1.0,1.0,7.0,0.0001629455571838395,5.025498498952672e-05,,0,2.0,36.0
2023-11-22,7.296463635175035,7.296463635175035,7.213265333143982,7.238224506378174,65100,438.8222351074219,71.0,4.0,1.0,1.0,7.0,0.000116467661559268,0.00013167862524544167,,0,2.0,37.0
2023-11-24,7.221585663537171,7.263184023082037,7.221585663537171,7.24654483795166,16400,439.0921936035156,70.0,4.0,1.0,1.0,7.0,8.371560681136683e-05,0.00019418004351297747,,0,2.0,38.0
2023-11-27,7.254866415026229,7.313104765885288,7.238226432816199,7.304784774780273,33600,438.30145263671875,69.0,4.0,1.0,1.0,7.0,0.00010334243600483594,0.00019527989761764617,,0,2.0,39.0
2023-11-28,7.296464220520324,7.33806258143519,7.296464220520324,7.329743385314941,32400,438.7353820800781,69.0,4.0,1.0,1.0,7.0,0.00015174781329261984,0.00019319879583027823,,0,2.0,40.0
2023-11-29,7.3463826022451855,7.404620942524047,7.3463826022451855,7.396301746368408,34300,438.4267883300781,69.0,4.0,1.0,1.0,7.0,0.0002055182019376244,0.0001629455571838395,,0,2.0,41.0
2023-11-30,7.412941320547917,7.4462204872279,7.396302133926886,7.421261310577393,33900,440.15313720703125,68.0,4.0,1.0,1.0,7.0,0.0002562471550266976,0.000116467661559268,,0,2.0,42.0
2023-12-01,7.363021456449605,7.496138095855713,7.363021456449605,7.496138095855713,49600,442.7569885253906,68.0,4.0,1.0,1.0,7.0,0.00033848915120107914,8.371560681136683e-05,,0,2.0,43.0
2023-12-04,7.496139933243133,7.504459923604776,7.429581597225889,7.471179962158203,45300,440.43280029296875,67.0,4.0,1.0,1.0,7.0,0.00038594395287217106,0.00010334243600483594,,0,2.0,44.0
2023-12-05,7.4511131615269655,7.4929265269190655,7.434388293884292,7.459475994110107,58300,440.3459777832031,66.0,4.0,1.0,1.0,7.0,0.00041510465682194223,0.00015174781329261984,,0,2.0,45.0
2023-12-06,7.459469528567566,7.484557207048477,7.4009313462711335,7.476194381713867,41400,438.5714416503906,65.0,4.0,1.0,1.0,7.0,0.00039285001286286093,0.0002055182019376244,,0,2.0,46.0
2023-12-07,7.451111809280035,7.509650031691142,7.442748978214602,7.49292516708374,77800,441.9179992675781,65.0,4.0,1.0,1.0,7.0,0.00040422015608031805,0.0002562471550266976,,0,2.0,47.0
2023-12-08,7.492922636694033,7.492922636694033,7.43438443405151,7.467834949493408,101000,443.81787109375,64.0,4.0,1.0,1.0,7.0,0.0004117307880049936,0.00033848915120107914,,0,2.0,48.0
2023-12-11,7.442744523175427,7.459470175294742,7.39256916186346,7.426019668579102,62500,445.5440673828125,63.0,4.0,1.0,1.0,7.0,0.0004236644955490528,0.00038594395287217106,,0,2.0,49.0
2023-12-12,7.4092940164597865,7.459470175294742,7.400931987923118,7.426019668579102,99600,447.5789489746094,62.0,4.0,1.0,1.0,7.0,0.0004251581669237137,0.00041510465682194223,,0,2.0,50.0
2023-12-13,7.451109052846732,7.551460595937897,7.434384194426457,7.526372909545898,98300,453.7511901855469,64.0,1.0,1.0,1.0,1.0,0.0004422905724510431,0.00039285001286286093,,0,1.0,1.0
2023-12-14,7.568188369514146,7.693627634096105,7.568188369514146,7.676902770996094,133500,455.2074279785156,69.0,1.0,1.0,1.0,1.0,0.0004749138903397644,0.00040422015608031805,,0,1.0,2.0
2023-12-15,7.651814280060987,7.701990464407807,7.651814280060987,7.676902770996094,90400,454.4578857421875,68.0,1.0,1.0,1.0,1.0,0.000469115116275069,0.0004117307880049936,,0,1.0,3.0
2023-12-18,7.660173263546203,7.693623770471265,7.551458916659002,7.635085582733154,142800,457.0142822265625,67.0,1.0,1.0,1.0,1.0,0.00041431677269158316,0.0004236644955490528,,0,1.0,4.0
2023-12-19,7.626726586649274,7.685264803784402,7.626726586649274,7.676902770996094,137400,459.7933349609375,66.0,1.0,1.0,1.0,1.0,0.00037351193983001116,0.0004251581669237137,,0,1.0,5.0
2023-12-20,7.676902770996094,7.735440988131223,7.676902770996094,7.676902770996094,146000,453.421875,65.0,1.0,1.0,1.0,1.0,0.00036074637492325467,0.0004422905724510431,,0,1.0,6.0
2023-12-21,7.685262622196501,7.743801620237769,7.676900591781893,7.693625450134277,74000,457.7212219238281,65.0,1.0,1.0,1.0,1.0,0.0003722991004074378,0.0004749138903397644,,0,1.0,7.0
2023-12-22,7.718714512059421,7.735440170915833,7.685263991869906,7.701989650726318,80500,458.64105224609375,64.0,1.0,1.0,1.0,1.0,0.00039180561954073393,0.000469115116275069,,0,1.0,8.0
2023-12-26,7.701987416461431,7.743800753949546,7.701987416461431,7.727075099945068,52500,460.57763671875,63.0,1.0,1.0,1.0,1.0,0.0004338169906902759,0.00041431677269158316,,0,1.0,9.0
2023-12-27,7.7354363842602964,7.752162034929158,7.7187107335914344,7.743799209594727,57600,461.4104309082031,62.0,1.0,1.0,1.0,1.0,0.0004768609805182559,0.00037351193983001116,,0,1.0,10.0
2023-12-28,7.750533897440487,7.775779711375811,7.716872544676737,7.7421183586120605,46800,461.584716796875,61.0,1.0,1.0,1.0,1.0,0.00046525379667040017,0.00036074637492325467,,0,1.0,11.0
2023-12-29,7.691626212264816,7.716872024498371,7.641133785247803,7.641133785247803,132100,460.2484436035156,63.0,1.0,1.0,1.0,1.0,0.00039594956374083286,0.0003722991004074378,,1,1.0,12.0
2024-01-02,7.632720310528895,7.666381670124112,7.632720310528895,7.6495513916015625,47700,457.6726989746094,62.0,1.0,1.0,1.0,1.0,0.00032996514167747795,0.00039180561954073393,,0,1.0,13.0
2024-01-03,7.6495485490011115,7.6832098960876465,7.590641392237128,7.6832098960876465,59100,453.93499755859375,61.0,1.0,1.0,1.0,1.0,0.0003019239339197049,0.0004338169906902759,,0,1.0,14.0
2024-01-04,7.641136967857158,7.70004415512085,7.641136967857158,7.70004415512085,91500,452.472900390625,60.0,1.0,1.0,1.0,1.0,0.00031828410032144305,0.0004768609805182559,,0,1.0,15.0
2024-01-05,7.674797210660445,7.716874110791996,7.6495513916015625,7.6495513916015625,79600,453.0926208496094,60.0,1.0,1.0,1.0,1.0,0.00034721087276287497,0.00046525379667040017,,0,1.0,16.0
2024-01-08,7.691628936046946,7.733705037153017,7.666382312323082,7.725290298461914,96600,459.5609436035156,61.0,1.0,1.0,1.0,1.0,0.0003803785932818521,0.00039594956374083286,,0,1.0,17.0
2024-01-09,7.725289193728034,7.7589505513293515,7.700042573614493,7.750535011291504,405400,458.8637390136719,60.0,1.0,1.0,1.0,1.0,0.00040834041591597466,0.00032996514167747795,,0,1.0,18.0
2024-01-10,7.767365288817127,7.784196368892822,7.7337039312158105,7.750535011291504,32500,461.4588317871094,59.0,1.0,1.0,1.0,1.0,0.00042858871581033503,0.0003019239339197049,,0,1.0,19.0
2024-01-11,7.7589478600354775,7.7841936688421045,7.750532322916671,7.767362594604492,164100,461.2554626464844,58.0,1.0,1.0,1.0,1.0,0.0004336535281455828,0.00031828410032144305,,0,1.0,20.0
2024-01-12,7.78419303894043,7.792608575378246,7.767361966064798,7.78419303894043,33200,461.5750427246094,58.0,1.0,1.0,1.0,1.0,0.00042784715854210373,0.00034721087276287497,,0,1.0,21.0
2024-01-16,7.775778131723298,7.7841936688421045,7.750532322916671,7.767362594604492,24100,459.8804931640625,57.0,1.0,1.0,1.0,1.0,0.00041641732152656864,0.0003803785932818521,,0,1.0,22.0
2024-01-17,7.750535011291504,7.750535011291504,7.7337039312158105,7.750535011291504,52400,457.3240661621094,56.0,1.0,1.0,1.0,1.0,0.00037668964989568695,0.00040834041591597466,,0,1.0,23.0
2024-01-18,7.750535155539697,7.750535155539697,7.657966621050763,7.6916279792785645,226300,461.3910217285156,56.0,1.0,1.0,1.0,1.0,0.000339136586321527,0.00042858871581033503,,0,1.0,24.0
2024-01-19,7.700037999205991,7.767360674413834,7.674792196640449,7.758945941925049,40500,467.1427917480469,57.0,1.0,1.0,1.0,1.0,0.00032855311307451615,0.0004336535281455828,,0,1.0,25.0
2024-01-22,7.784194171368298,7.826271057128905,7.784194171368298,7.826271057128906,35600,468.1304931640625,57.0,1.0,1.0,1.0,1.0,0.00034707320517597586,0.00042784715854210373,,0,1.0,26.0
2024-01-23,7.817855358123779,7.834686433100605,7.809439820635367,7.817855358123779,35000,469.4958190917969,56.0,1.0,1.0,1.0,1.0,0.00037643344475616963,0.00041641732152656864,,0,1.0,27.0
2024-01-24,7.826271218298638,7.834686756134033,7.817855680463243,7.834686756134033,56700,470.0090637207031,55.0,1.0,1.0,1.0,1.0,0.00040331692962941595,0.00037668964989568695,,0,1.0,28.0
2024-01-25,7.868350677254403,7.918842315673827,7.859935136667792,7.918842315673828,54600,472.56536865234375,56.0,1.0,1.0,1.0,1.0,0.00046676180662215866,0.000339136586321527,,0,1.0,29.0
2024-01-26,7.910426775087216,7.94408813488354,7.910426775087216,7.918842315673828,56000,471.96502685546875,56.0,1.0,1.0,1.0,1.0,0.000521644423623631,0.00032855311307451615,,0,1.0,30.0
2024-01-29,7.944087347009711,7.969333966265652,7.918841530303813,7.960918426513672,71300,475.7026672363281,55.0,1.0,1.0,1.0,1.0,0.0005536617253268898,0.00034707320517597586,,0,1.0,31.0
2024-01-30,7.969332234535906,8.0029935836792,7.960916696612615,8.0029935836792,33200,475.33477783203125,55.0,1.0,1.0,1.0,1.0,0.0005361616624847614,0.00037643344475616963,,0,1.0,32.0
2024-01-31,7.986162491432316,7.994578029338324,7.969332218170166,7.969332218170166,39800,467.57861328125,54.0,1.0,1.0,1.0,1.0,0.0005126504447226511,0.00040331692962941595,,0,1.0,33.0
2024-02-01,7.986165681266836,8.011412305068868,7.935674038763145,7.99458122253418,48300,473.6983642578125,54.0,1.0,1.0,1.0,1.0,0.0005041915216335351,0.00046676180662215866,,0,1.0,34.0
2024-02-02,7.99458122253418,8.011412305068868,7.96091986001499,7.99458122253418,41500,478.68505859375,53.0,1.0,1.0,1.0,1.0,0.0005034958932963715,0.000521644423623631,,0,1.0,35.0
2024-02-05,7.957371673832809,7.974284647122187,7.889721393585204,7.889721393585205,103700,476.942138671875,55.0,1.0,1.0,1.0,1.0,0.0004714490731919771,0.0005536617253268898,,0,1.0,36.0
2024-02-06,7.906634366874583,7.923546533709007,7.864352740106091,7.889721393585205,35600,478.3268127441406,54.0,1.0,1.0,1.0,1.0,0.0004339996772654288,0.0005361616624847614,,0,1.0,37.0
2024-02-07,7.89817813726141,7.915090304646209,7.864352996036831,7.881265163421631,76200,482.3162841796875,54.0,1.0,1.0,1.0,1.0,0.00040328673702239005,0.0005126504447226511,,0,1.0,38.0
2024-02-08,7.906632288183878,7.948913097381592,7.881262834919559,7.948913097381592,45700,482.5292663574219,54.0,1.0,1.0,1.0,1.0,0.0004412167655385643,0.0005041915216335351,,0,1.0,39.0
2024-02-09,7.932003820933349,8.016566276550293,7.923547333435144,8.016566276550293,32000,485.3180847167969,55.0,1.0,1.0,1.0,1.0,0.0004935562727730241,0.0005034958932963715,,0,1.0,40.0
2024-02-12,7.9996516541338885,8.016563817487496,7.991195169229691,8.008108139038086,22600,485.1050109863281,54.0,1.0,1.0,1.0,1.0,0.000550360749058443,0.0004714490731919771,,0,1.0,41.0
2024-02-13,7.94891592374362,7.9911975544299745,7.889722124655741,7.923547267913818,57700,478.4236755371094,55.0,1.0,1.0,1.0,1.0,0.0005632815605023144,0.0004339996772654288,,0,1.0,42.0
2024-02-14,7.915089792286357,7.965827904066333,7.915089792286357,7.940459251403809,57800,482.7713317871094,54.0,1.0,1.0,1.0,1.0,0.00054935588050827,0.00040328673702239005,,0,1.0,43.0
2024-02-15,7.9573695937548,7.991194725036621,7.940457431341261,7.991194725036621,99100,486.1024169921875,54.0,1.0,1.0,1.0,1.0,0.0005430843788959632,0.0004412167655385643,,0,1.0,44.0
2024-02-16,7.931999712451941,7.948911872233445,7.91508674621582,7.91508674621582,22500,483.6816101074219,55.0,1.0,4.0,1.0,2.0,0.0005162493094931663,0.0004935562727730241,,0,2.0,45.0
2024-02-20,7.932002765031324,7.957371417693849,7.92354627865884,7.940459251403809,83700,481.01873779296875,54.0,1.0,4.0,1.0,2.0,0.0005131328763040491,0.000550360749058443,,0,2.0,46.0
2024-02-21,7.965827243728112,7.982739408616196,7.923545621825613,7.957370758056641,34300,481.4544372558594,53.0,1.0,4.0,1.0,2.0,0.00048104201982805466,0.0005632815605023144,,0,2.0,47.0
2024-02-22,7.965826066224471,7.974282550645911,7.948913097381592,7.948913097381592,61400,491.41839599609375,53.0,1.0,4.0,1.0,2.0,0.000477666364235223,0.00054935588050827,,0,2.0,48.0
2024-02-23,7.974283300972043,8.025020599365234,7.974283300972043,8.025020599365234,53400,491.7572937011719,53.0,1.0,4.0,1.0,2.0,0.0004732835926049259,0.0005430843788959632,,0,2.0,49.0
2024-02-26,8.025018673847422,8.033475157035515,7.982737064361572,7.982737064361572,38600,489.9562072753906,53.0,1.0,4.0,1.0,2.0,0.0004618372268678068,0.0005162493094931663,,0,2.0,50.0
2024-02-27,7.991194713034049,7.991194713034049,7.948913097381592,7.948913097381592,30100,490.8664855957031,53.0,1.0,4.0,1.0,2.0,0.00045202720602577096,0.0005131328763040491,,0,2.0,51.0
2024-02-28,7.948913097381592,7.991194713034049,7.940457419414894,7.948913097381592,31000,490.21771240234375,52.0,1.0,4.0,1.0,2.0,0.00043505158152997575,0.00048104201982805466,,0,2.0,52.0
2024-02-29,7.9489156642757,7.999653780734142,7.940459983578461,7.974285125732422,66500,491.97998046875,51.0,1.0,4.0,1.0,2.0,0.000458809678034568,0.000477666364235223,,0,2.0,53.0
2024-03-01,7.982739408616196,8.025021030518694,7.95737075805664,7.957370758056641,44300,496.59881591796875,51.0,1.0,4.0,1.0,2.0,0.0004872731267887086,0.0004732835926049259,,0,2.0,54.0
2024-03-04,7.965827904066333,7.965827904066333,7.932002765031324,7.940459251403809,44300,496.0662841796875,50.0,1.0,4.0,1.0,2.0,0.0004898278346063936,0.0004618372268678068,,0,2.0,55.0
2024-03-05,7.945557594299316,7.945557594299316,7.93705947758327,7.945557594299316,38000,491.1085510253906,49.0,1.0,4.0,1.0,2.0,0.0004658054041355145,0.00045202720602577096,,0,2.0,56.0
2024-03-06,7.979548931121827,7.979548931121827,7.945557276044177,7.979548931121826,31800,493.59710693359375,49.0,1.0,4.0,1.0,2.0,0.00045557836435754614,0.00043505158152997575,,0,2.0,57.0
2024-03-07,8.005041132941187,8.0220365524292,7.9965430179847585,8.0220365524292,53700,498.4967346191406,49.0,1.0,4.0,1.0,2.0,0.00046999565144607397,0.000458809678034568,,0,2.0,58.0
2024-03-08,8.030536800850088,8.056030342067373,8.030536800850088,8.04753303527832,26100,495.5046691894531,48.0,1.0,4.0,1.0,2.0,0.0004906372455055599,0.0004872731267887086,,0,2.0,59.0
2024-03-11,8.047531845474369,8.047531845474369,8.00504207611084,8.00504207611084,109800,495.07861328125,48.0,1.0,4.0,1.0,2.0,0.000478407197223868,0.0004898278346063936,,0,2.0,60.0
2024-03-12,7.988044903028329,8.039032782342058,7.988044903028329,8.0220365524292,36700,500.4044189453125,47.0,1.0,4.0,1.0,2.0,0.0004579775669779653,0.0004658054041355145,,0,2.0,61.0
2024-03-13,8.039032782342058,8.0645263167865,8.0220365524292,8.0220365524292,70600,499.6199645996094,47.0,1.0,4.0,1.0,2.0,0.00042996989314121977,0.00045557836435754614,,0,2.0,62.0
2024-03-14,8.030536008525809,8.039034124901468,7.979548931121827,7.979548931121826,40900,498.6322937011719,47.0,1.0,4.0,1.0,2.0,0.000430255963227283,0.00046999565144607397,,0,2.0,63.0
2024-03-15,8.02203789215015,8.02203789215015,7.96255269837051,7.979548931121826,52000,495.2084045410156,46.0,1.0,4.0,1.0,2.0,0.0004203510727256463,0.0004906372455055599,,0,2.0,64.0
2024-03-18,8.013540192068534,8.013540192068534,7.971050422705006,8.00504207611084,22800,498.15155029296875,45.0,1.0,4.0,1.0,2.0,0.0004349264215152885,0.000478407197223868,,0,2.0,65.0
2024-03-19,8.00504318532894,8.04753296058006,8.00504318532894,8.039034843444824,27100,500.9197998046875,45.0,1.0,4.0,1.0,2.0,0.0004834056111955427,0.0004579775669779653,,0,2.0,66.0
2024-03-20,8.064528539805522,8.073026657104492,8.030536881034717,8.073026657104492,34900,505.552978515625,45.0,1.0,1.0,1.0,1.0,0.0005580017875626663,0.00042996989314121977,,0,1.0,67.0
2024-03-21,8.081523017970857,8.132510089833035,8.081523017970857,8.090021133422852,53200,507.2237243652344,44.0,1.0,1.0,1.0,1.0,0.0006229578905396943,0.000430255963227283,,0,1.0,68.0
2024-03-22,8.115514592651172,8.115514592651172,8.07302482621768,8.081522941589355,63600,506.2620849609375,44.0,1.0,1.0,1.0,1.0,0.0006303008587200779,0.0004203510727256463,,0,1.0,69.0
2024-03-25,8.08152469370972,8.090022810923836,8.030536800850088,8.04753303527832,44000,504.8634338378906,43.0,1.0,1.0,1.0,1.0,0.0006229756251285727,0.0004349264215152885,,0,1.0,70.0
2024-03-26,8.05603026729024,8.07302650156071,8.03053672630959,8.039034843444824,37500,503.930908203125,43.0,1.0,1.0,1.0,1.0,0.0006410336185586331,0.0004834056111955427,,0,1.0,71.0
2024-03-27,8.064529569494079,8.09852123260498,8.039036024767197,8.09852123260498,35500,508.1658020019531,43.0,1.0,1.0,1.0,1.0,0.0007134646111437554,0.0005580017875626663,,0,1.0,72.0
2024-03-28,8.11551627681183,8.132511700657243,8.039034843444824,8.039034843444824,17700,508.0687561035156,44.0,1.0,1.0,1.0,1.0,0.0007527458638320314,0.0006229578905396943,,0,1.0,73.0
2024-04-01,8.030534667385629,8.04753089729849,7.962551368583887,8.0220365524292,74400,507.1847839355469,43.0,1.0,1.0,1.0,1.0,0.0007591862532464661,0.0006303008587200779,,0,1.0,74.0
2024-04-02,7.988045530856659,7.988045530856659,7.937058457960396,7.95405387878418,30900,503.9600524902344,44.0,1.0,1.0,1.0,1.0,0.0007013721434294328,0.0006229756251285727,,0,1.0,75.0
2024-04-03,7.942102482225615,7.97626202951663,7.916483025364316,7.967721939086914,59600,504.5136413574219,44.0,1.0,1.0,1.0,1.0,0.0006667045560074541,0.0006410336185586331,,0,1.0,76.0
2024-04-04,8.001877784729004,8.027497229738811,7.993337698249911,8.001877784729004,15300,498.3555603027344,43.0,1.0,1.0,1.0,1.0,0.0006444728679204422,0.0007134646111437554,,0,1.0,77.0
2024-04-05,7.967718661739447,8.018958368813557,7.967718661739447,7.993338108062744,33900,503.5617980957031,43.0,1.0,1.0,1.0,1.0,0.0006608288873654963,0.0007527458638320314,,0,1.0,78.0
2024-04-08,7.993339612842093,8.001879701366738,7.976260250220472,7.984800338745117,31600,503.8434143066406,42.0,1.0,1.0,1.0,1.0,0.0006875155282507205,0.0007591862532464661,,0,1.0,79.0
2024-04-09,8.001881549654222,8.01042164015147,7.976262092590332,7.976262092590332,21400,504.42633056640625,41.0,1.0,1.0,1.0,1.0,0.0007112680621351595,0.0007013721434294328,,0,1.0,80.0
2024-04-10,7.925020037798276,7.925020037798276,7.822541425195478,7.865241050720215,68400,499.37542724609375,45.0,1.0,4.0,1.0,2.0,0.0006645924952755504,0.0006667045560074541,,1,2.0,81.0
2024-04-11,7.890858867296264,7.916479125965711,7.77984018967767,7.822539806365967,84700,503.1440734863281,45.0,1.0,4.0,1.0,2.0,0.0006181548056354871,0.0006444728679204422,,0,2.0,82.0
2024-04-12,7.814000546652771,7.83962080803215,7.779841012574468,7.788381099700928,37100,496.1991271972656,45.0,1.0,4.0,1.0,2.0,0.0005627071921058734,0.0006608288873654963,,0,2.0,83.0
2024-04-15,7.77984243835491,7.77984243835491,7.643204277000571,7.651744365692139,92800,489.9827575683594,50.0,1.0,4.0,1.0,2.0,0.0004962110325353276,0.0006875155282507205,,0,2.0,84.0
2024-04-16,7.643204212188721,7.668823663618494,7.617584760758947,7.643204212188721,30300,489.0890808105469,50.0,1.0,4.0,1.0,2.0,0.0004224188128131763,0.0007112680621351595,,0,2.0,85.0
2024-04-17,7.677363817339156,7.69444399472229,7.643204277000571,7.651744365692139,34800,486.194580078125,49.0,1.0,4.0,1.0,2.0,0.0003339468925273121,0.0006645924952755504,,0,2.0,86.0
2024-04-18,7.668823663618494,7.668823663618494,7.609044672139798,7.643204212188721,68200,485.19415283203125,48.0,1.0,4.0,1.0,2.0,0.00032551084495301076,0.0006181548056354871,,0,2.0,87.0
2024-04-19,7.651742519713103,7.685902051810719,7.651742519713103,7.677361965179443,32800,480.9591064453125,48.0,1.0,4.0,1.0,2.0,0.00033164243878176385,0.0005627071921058734,,0,2.0,88.0
2024-04-22,7.68590326075468,7.737142974174528,7.677363172780102,7.728602886199951,24100,485.38836669921875,48.0,1.0,4.0,1.0,2.0,0.00037042821823878366,0.0004962110325353276,,0,2.0,89.0
2024-04-23,7.728602177900408,7.822540693728773,7.728602177900408,7.814000606536865,54800,491.14825439453125,50.0,1.0,4.0,1.0,2.0,0.0004317229584639593,0.0004224188128131763,,0,2.0,90.0
2024-04-24,7.813999720142818,7.822539806365967,7.76276083165882,7.822539806365967,33300,490.91522216796875,49.0,1.0,4.0,1.0,2.0,0.0004798717802907899,0.0003339468925273121,,0,2.0,91.0
2024-04-25,7.771304417086654,7.779843692727356,7.694445235325633,7.7456841468811035,66100,489.0502624511719,50.0,1.0,4.0,1.0,2.0,0.00045995389362780986,0.00032551084495301076,,0,2.0,92.0
2024-04-26,7.7627596189200165,7.796919144048585,7.73714017868042,7.73714017868042,54100,493.6834411621094,49.0,1.0,4.0,1.0,2.0,0.0003742098095874296,0.00033164243878176385,,0,2.0,93.0
2024-04-29,7.771303578826538,7.788382942693473,7.745683311384546,7.779842853546143,283700,495.4317932128906,49.0,1.0,4.0,1.0,2.0,0.0002774800969897616,0.00037042821823878366,,0,2.0,94.0
2024-04-30,7.7798411788304005,7.7798411788304005,7.685902661714476,7.6944427490234375,45200,487.58355712890625,51.0,1.0,4.0,1.0,2.0,0.0002027590606641836,0.0004317229584639593,,0,2.0,95.0
2024-05-01,7.702983019978482,7.779841364308855,7.6944429324659165,7.7542219161987305,35300,486.0003356933594,51.0,1.0,4.0,1.0,2.0,0.00017983389477210475,0.0004798717802907899,,0,2.0,96.0
2024-05-02,7.762761718835234,7.831080787573456,7.754221631636071,7.796921253204346,19000,490.5460510253906,51.0,1.0,4.0,1.0,2.0,0.00017307804899313072,0.00045995389362780986,,0,2.0,97.0
2024-05-03,7.8621523129859545,7.887901491359036,7.8535689806777205,7.8707356452941895,31100,496.6265869140625,52.0,1.0,1.0,1.0,1.0,0.00023678521133572232,0.0003742098095874296,,0,1.0,98.0
2024-05-06,7.887900518945047,7.922233025393879,7.8364021685475596,7.9136505126953125,85200,501.7551574707031,51.0,1.0,1.0,1.0,1.0,0.0002925462247869251,0.0002774800969897616,,0,1.0,99.0
2024-05-07,7.939402879992794,7.939402879992794,7.887903690338135,7.887903690338135,13600,502.30877685546875,51.0,1.0,1.0,1.0,1.0,0.00033809637677637195,0.0002027590606641836,,0,1.0,100.0
2024-05-08,7.836404854266162,7.862154038289751,7.784905667667181,7.819238185882568,60800,502.3573303222656,51.0,1.0,1.0,1.0,1.0,0.0002910455274286677,0.00017983389477210475,,1,1.0,101.0
2024-05-09,7.8364026791909955,7.862151856067633,7.802070170504954,7.827819347381592,37300,505.2518615722656,51.0,1.0,1.0,1.0,1.0,0.00022782704618483701,0.00017307804899313072,,0,1.0,102.0
2024-05-10,7.827821520074365,7.827821520074365,7.793489001858978,7.819238185882568,30700,505.9027099609375,50.0,1.0,1.0,1.0,1.0,0.0001765987378182834,0.00023678521133572232,,0,1.0,103.0
2024-05-13,7.862154196276586,7.870737530640862,7.836405011735577,7.8449883460998535,34600,505.9706115722656,49.0,1.0,1.0,1.0,1.0,0.00018695853079127265,0.0002925462247869251,,0,1.0,104.0
2024-05-14,7.853568524258229,7.870735187877036,7.819236015572187,7.827819347381592,76300,508.2921142578125,49.0,1.0,1.0,1.0,1.0,0.0002042169356272881,0.00033809637677637195,,0,1.0,105.0
2024-05-15,7.905069616242427,7.913652950136221,7.86215376532523,7.896486282348633,43900,514.5863037109375,50.0,1.0,1.0,1.0,1.0,0.000247715409492214,0.0002910455274286677,,0,1.0,106.0
2024-05-16,7.913653694441389,7.930819545291709,7.8793211741889,7.887903690338135,33100,513.527587890625,49.0,1.0,1.0,1.0,1.0,0.00027714374484837665,0.00022782704618483701,,0,1.0,107.0
2024-05-17,7.8621530016959245,7.879319667816162,7.8535696686358065,7.879319667816162,21600,514.2658081054688,48.0,1.0,1.0,1.0,1.0,0.00030393082874181514,0.0001765987378182834,,1,1.0,108.0
2024-05-20,7.8621530016959245,7.879319667816162,7.8535696686358065,7.879319667816162,51000,514.8582153320312,47.0,1.0,1.0,1.0,1.0,0.0002937667859264456,0.00018695853079127265,,0,1.0,109.0
2024-05-21,7.8793187637599456,7.896484609358916,7.862152099609374,7.862152099609375,29100,516.1210327148438,47.0,1.0,1.0,1.0,1.0,0.00027477207503046156,0.0002042169356272881,,0,1.0,110.0
2024-05-22,7.853569030761719,7.887901541661981,7.853569030761719,7.853569030761719,27900,514.6348266601562,46.0,1.0,1.0,1.0,1.0,0.00026160427344657286,0.000247715409492214,,0,1.0,111.0
2024-05-23,7.862155246661499,7.862155246661499,7.78490686416626,7.78490686416626,20200,510.8759765625,47.0,1.0,1.0,1.0,1.0,0.0002325058288023831,0.00027714374484837665,,0,1.0,112.0
2024-05-24,7.836402921935118,7.8793187637599456,7.810653744260862,7.862152099609375,34900,514.2559814453125,48.0,1.0,1.0,1.0,1.0,0.00023138575533453314,0.00030393082874181514,,0,1.0,113.0
2024-05-28,7.887901541661981,7.887901541661981,7.836403184587401,7.853569030761719,36300,514.6154174804688,48.0,1.0,1.0,1.0,1.0,0.00025315884675588103,0.0002937667859264456,,0,1.0,114.0
2024-05-29,7.819234996974748,7.819234996974748,7.767736649930069,7.776319980621338,59700,511.0118103027344,49.0,1.0,1.0,1.0,1.0,0.000272960162525968,0.00027477207503046156,,1,1.0,115.0
2024-05-30,7.793489158466016,7.862154196276586,7.793489158466016,7.8449883460998535,22900,507.62188720703125,49.0,1.0,1.0,1.0,1.0,0.00029465322423056264,0.00026160427344657286,,0,1.0,116.0
2024-05-31,7.87931800624648,7.922233025393879,7.853568012496215,7.9136505126953125,24200,512.245361328125,50.0,1.0,1.0,1.0,1.0,0.0003093159963030061,0.0002325058288023831,,0,1.0,117.0
2024-06-03,7.930817553506564,7.965150065136616,7.930817553506564,7.947984218597412,14500,512.6629638671875,50.0,1.0,1.0,1.0,1.0,0.00036050135872614254,0.00023138575533453314,,0,1.0,118.0
2024-06-04,7.956566645094635,7.982315821247093,7.930816650390625,7.930816650390625,22300,513.2362060546875,49.0,1.0,1.0,1.0,1.0,0.000387323909466089,0.00025315884675588103,,0,1.0,119.0
2024-06-05,7.97050053542347,7.97050053542347,7.910118217361097,7.94462251663208,28100,519.3359985351562,48.0,1.0,1.0,1.0,1.0,0.0003843509379377011,0.000272960162525968,,0,1.0,120.0
2024-06-06,7.953246593475342,7.953246593475342,7.93599403729639,7.953246593475342,40500,519.3262329101562,48.0,1.0,1.0,1.0,1.0,0.0003529841889817424,0.00029465322423056264,,0,1.0,121.0
2024-06-07,7.935993194580078,7.935993194580078,7.91011518570677,7.935993194580078,13800,518.6950073242188,47.0,1.0,1.0,1.0,1.0,0.0003077693349995913,0.0003093159963030061,,1,1.0,122.0
2024-06-10,7.927368407458405,7.927368407458405,7.892864114926108,7.910116672515869,24000,520.297607421875,47.0,1.0,1.0,1.0,1.0,0.00026337216632756305,0.00036050135872614254,,0,1.0,123.0
2024-06-11,7.910114580651808,7.953245140572921,7.866984020730694,7.901488304138184,23100,521.5506591796875,46.0,1.0,1.0,1.0,1.0,0.00023520961577969745,0.000387323909466089,,0,1.0,124.0
2024-06-12,7.935995874660632,7.9877527325332265,7.918744137134666,7.927369594573975,68500,525.8341064453125,46.0,1.0,1.0,1.0,1.0,0.00024412795472829405,0.0003843509379377011,,0,1.0,125.0
2024-06-13,7.935994686253285,7.935994686253285,7.892864114926108,7.910116672515869,36600,526.8928833007812,45.0,1.0,1.0,1.0,1.0,0.00024413399076161178,0.0003529841889817424,,0,1.0,126.0
2024-06-14,7.918741150445616,7.927366604631687,7.884236865760218,7.892862319946289,115500,527.2134399414062,44.0,1.0,1.0,1.0,1.0,0.00022885878319424294,0.0003077693349995913,,0,1.0,127.0
2024-06-17,7.892862319946289,7.901488596779398,7.866984312094,7.892862319946289,34200,531.4096069335938,44.0,1.0,1.0,1.0,1.0,0.00017832719702774087,0.00026337216632756305,,0,1.0,128.0
2024-06-18,7.90148890853331,7.935993194580078,7.8928626313598516,7.935993194580078,42600,532.7597045898438,44.0,1.0,1.0,1.0,1.0,0.00014799653658409306,0.00023520961577969745,,0,1.0,129.0
2024-06-20,7.935995874660632,7.935995874660632,7.910117857048008,7.927369594573975,17400,531.3123779296875,43.0,1.0,1.0,1.0,1.0,0.0001340685457432373,0.00024412795472829405,,0,1.0,130.0
2024-06-21,7.927366917406618,7.961871203453386,7.91011518570677,7.935993194580078,48100,530.6001586914062,42.0,1.0,1.0,1.0,1.0,0.000155885993556179,0.00024413399076161178,,0,1.0,131.0
2024-06-24,7.935992846812918,7.979123408143099,7.935992846812918,7.970497131347656,37300,528.8753051757812,42.0,1.0,1.0,1.0,1.0,0.0002085525057167423,0.00022885878319424294,,0,1.0,132.0
2024-06-25,7.970498926440779,7.987751483917236,7.95324719161154,7.987751483917236,18400,530.9119262695312,42.0,1.0,1.0,1.0,1.0,0.00026827877876285715,0.00017832719702774087,,0,1.0,133.0
2024-06-26,7.961870086775201,7.987748914665988,7.953244633458558,7.979122638702393,21200,531.5745239257812,41.0,1.0,1.0,1.0,1.0,0.0002947834795675593,0.00014799653658409306,,0,1.0,134.0
2024-06-27,7.979123408143099,7.9963759617339845,7.961870854552213,7.970497131347656,33900,532.4125366210938,41.0,1.0,1.0,1.0,1.0,0.0002831439225373958,0.0001340685457432373,,0,1.0,135.0
2024-06-28,7.97050053542347,7.996379376862246,7.94462251663208,7.94462251663208,49500,530.3175048828125,40.0,1.0,1.0,1.0,1.0,0.000252580391975622,0.000155885993556179,,0,1.0,136.0
2024-07-01,7.927369594573975,7.9705001723599125,7.892865296874694,7.927369594573975,74800,531.408935546875,40.0,1.0,1.0,1.0,1.0,0.00021373844066144095,0.0002085525057167423,,0,1.0,137.0
2024-07-02,7.918742303764594,7.953246593475342,7.918742303764594,7.953246593475342,62200,534.9851684570312,39.0,1.0,1.0,1.0,1.0,0.00018785334612062674,0.00026827877876285715,,0,1.0,138.0
2024-07-03,7.967117521279656,8.027803421020508,7.967117521279656,8.027803421020508,31400,537.3726806640625,41.0,1.0,1.0,1.0,1.0,0.0002025697240518984,0.0002947834795675593,,0,1.0,139.0
2024-07-05,8.0278011904115,8.0278011904115,8.001792600561275,8.019131660461426,9800,540.4712524414062,40.0,1.0,1.0,1.0,1.0,0.0002378125319612198,0.0002831439225373958,,0,1.0,140.0
2024-07-08,8.010464787696701,8.027803853348468,7.984457015991211,7.984457015991211,66800,541.0950927734375,40.0,1.0,1.0,1.0,1.0,0.000247617338900424,0.000252580391975622,,0,1.0,141.0
2024-07-09,7.993125387885236,7.993125387885236,7.9497785568237305,7.9497785568237305,38300,541.6211547851562,40.0,1.0,1.0,1.0,1.0,0.00023341291095802704,0.00021373844066144095,,0,1.0,142.0
2024-07-10,7.967118744967115,7.993127346038818,7.94111097066765,7.993127346038818,19800,546.980712890625,40.0,1.0,1.0,1.0,1.0,0.00022641641817998807,0.00018785334612062674,,0,1.0,143.0
2024-07-11,8.010462551341838,8.088486671447754,8.00179302093631,8.088486671447754,39600,542.264404296875,43.0,1.0,1.0,1.0,1.0,0.00028327448808992224,0.0002025697240518984,,0,1.0,144.0
2024-07-12,8.088489218945227,8.123166524717156,8.079819685809198,8.105828285217285,50800,545.6846313476562,42.0,1.0,1.0,1.0,1.0,0.0003481143036591584,0.0002378125319612198,,0,1.0,145.0
2024-07-15,8.13183242858973,8.13183242858973,8.0884856090276,8.114493370056152,73600,547.1853637695312,41.0,1.0,1.0,1.0,1.0,0.00038497841107630127,0.000247617338900424,,0,1.0,146.0
2024-07-16,8.149172587907232,8.166511650542088,8.123164820726961,8.140503883361816,104900,550.4302978515625,41.0,1.0,1.0,1.0,1.0,0.000373165917894379,0.00023341291095802704,,0,1.0,147.0
2024-07-17,8.114495598967075,8.149172898787668,8.10582689409096,8.123165130615234,41000,542.712646484375,41.0,1.0,1.0,1.0,1.0,0.00033130390361808034,0.00022641641817998807,,0,1.0,148.0
2024-07-18,8.11449699158113,8.140505590989214,8.079819685809198,8.105828285217285,38300,538.5418701171875,40.0,1.0,1.0,1.0,1.0,0.0002920621821021565,0.00028327448808992224,,0,1.0,149.0
2024-07-19,8.088489851866736,8.097159385681152,8.088489851866736,8.097159385681152,11700,534.965576171875,40.0,1.0,1.0,1.0,1.0,0.0002464398767266208,0.0003481143036591584,,0,1.0,150.0
2024-07-22,8.13183242858973,8.149170660351492,8.10582466756118,8.114493370056152,49800,540.4810791015625,39.0,1.0,1.0,1.0,1.0,0.00021691614872406954,0.00038497841107630127,,0,1.0,151.0
2024-07-23,8.105824451670644,8.114493153934735,8.079815864562988,8.079815864562988,21400,539.6332397460938,39.0,1.0,1.0,1.0,1.0,0.00018785518154549406,0.000373165917894379,,0,1.0,152.0
2024-07-24,8.071150690705723,8.071150690705723,7.984457015991211,7.984457015991211,32000,527.4038696289062,42.0,1.0,1.0,1.0,1.0,0.0001367641505315566,0.00033130390361808034,,1,1.0,153.0
2024-07-25,8.010464347412851,8.036472944460971,8.001794815063477,8.001794815063477,25200,524.6559448242188,41.0,1.0,1.0,1.0,1.0,9.12302828050157e-05,0.0002920621821021565,,0,1.0,154.0
2024-07-26,8.027800883589283,8.053808645673609,8.027800883589283,8.036470413208008,17700,530.5318603515625,41.0,1.0,1.0,1.0,1.0,7.510899285419847e-05,0.0002464398767266208,,0,1.0,155.0
2024-07-29,8.036472953379503,8.053811191325382,8.019133888661514,8.027803421020508,46500,530.84375,40.0,1.0,1.0,1.0,1.0,0.00011156692731233684,0.00021691614872406954,,0,1.0,156.0
2024-07-30,8.027800883589283,8.053808645673609,8.019131353970558,8.036470413208008,40300,528.1541137695312,40.0,1.0,1.0,1.0,1.0,0.00015148931894830967,0.00018785518154549406,,0,1.0,157.0
2024-07-31,8.036472953379503,8.062480723684375,8.027803421020508,8.027803421020508,29700,536.7391967773438,39.0,1.0,1.0,1.0,1.0,0.00018067168204831963,0.0001367641505315566,,0,1.0,158.0
2024-08-01,8.027801079854651,8.04513931274414,8.019131550023971,8.04513931274414,37300,529.1384887695312,39.0,1.0,4.0,1.0,2.0,0.00016993219909159418,9.12302828050157e-05,,0,2.0,159.0
2024-08-02,8.02780465402885,8.02780465402885,7.949780504358218,7.993127346038818,39000,519.2866821289062,39.0,1.0,4.0,1.0,2.0,0.000116661781015773,7.510899285419847e-05,,0,2.0,160.0
2024-08-05,7.937365401619063,7.937365401619063,7.815386658093116,7.850237846374512,86000,504.1632385253906,46.0,1.0,4.0,4.0,6.0,1.075376192607673e-05,0.00011156692731233684,,1,2.0,161.0
2024-08-06,7.858948258979966,7.963501789338229,7.858948258979966,7.919937610626221,34300,508.8113098144531,47.0,1.0,4.0,1.0,2.0,-4.2332604276144084e-05,0.00015148931894830967,,0,2.0,162.0
2024-08-07,7.998352149791586,7.998352149791586,7.937361973452552,7.9635009765625,42300,505.4104309082031,47.0,1.0,4.0,1.0,2.0,-5.1156696434228743e-05,0.00018067168204831963,,0,2.0,163.0
2024-08-08,8.015780319867254,8.015780319867254,7.954790951627962,7.9722161293029785,29500,517.0941772460938,46.0,1.0,4.0,1.0,2.0,-1.156912517176723e-05,0.00016993219909159418,,0,2.0,164.0
2024-08-09,7.989638695494383,8.033202867288677,7.95478752424244,8.007063865661621,38500,519.3743286132812,46.0,1.0,4.0,1.0,2.0,2.0510164180048224e-05,0.000116661781015773,,0,2.0,165.0
2024-08-12,8.007063593978922,8.024489594472355,7.954787254333496,7.954787254333496,47100,519.6472778320312,46.0,1.0,4.0,1.0,2.0,2.428850403810434e-05,1.075376192607673e-05,,0,2.0,166.0
2024-08-13,7.96350195718788,8.024491310119629,7.96350195718788,8.024491310119629,20300,528.1931762695312,47.0,1.0,4.0,1.0,2.0,5.7992944233081334e-05,-4.2332604276144084e-05,,0,2.0,167.0
2024-08-14,8.0157789208309,8.068056106567383,8.0157789208309,8.068056106567383,24900,529.8595581054688,47.0,1.0,4.0,1.0,2.0,7.60996066598746e-05,-5.1156696434228743e-05,,0,2.0,168.0
2024-08-15,8.024490257714106,8.094192603614017,8.024490257714106,8.059341430664062,45100,538.94140625,46.0,1.0,4.0,1.0,2.0,8.382748417160024e-05,-1.156912517176723e-05,,0,2.0,169.0
2024-08-16,8.041915463342601,8.129043811551242,8.041915463342601,8.120330810546875,34300,540.1497802734375,46.0,1.0,4.0,1.0,2.0,9.785117250228039e-05,2.0510164180048224e-05,,0,2.0,170.0
2024-08-19,8.181322201835988,8.181322201835988,8.14647102355957,8.14647102355957,34300,545.3143310546875,46.0,1.0,4.0,1.0,2.0,0.00012145893843997586,2.428850403810434e-05,,0,2.0,171.0
2024-08-20,8.163895606994629,8.163895606994629,8.146470434575065,8.163895606994629,29600,544.4276123046875,45.0,1.0,4.0,1.0,2.0,0.00018966816883658465,5.7992944233081334e-05,,0,2.0,172.0
2024-08-21,8.181321144104004,8.19003331435852,8.16389514175992,8.181321144104004,58300,546.298583984375,45.0,1.0,4.0,1.0,2.0,0.00021999758228707892,7.60996066598746e-05,,0,2.0,173.0
2024-08-22,8.137759100001661,8.190035458887222,8.137759100001661,8.17261028289795,56600,542.0109252929688,44.0,1.0,4.0,1.0,2.0,0.00021304315556666542,8.382748417160024e-05,,0,2.0,174.0
2024-08-23,8.146471048997615,8.216173405768103,8.146471048997615,8.207460403442383,50900,547.7700805664062,44.0,1.0,4.0,1.0,2.0,0.0002044083554995176,9.785117250228039e-05,,0,2.0,175.0
2024-08-26,8.233598242278099,8.25973641726708,8.216173069257978,8.25102424621582,28500,546.4642333984375,44.0,1.0,4.0,1.0,2.0,0.00021574726465871106,0.00012145893843997586,,0,2.0,176.0
2024-08-27,8.181323303783815,8.242312666252834,8.181323303783815,8.233599662780762,22500,547.2145385742188,43.0,1.0,4.0,1.0,2.0,0.00022655209781889758,0.00018966816883658465,,0,2.0,177.0
2024-08-28,8.216174486754362,8.259737842279236,8.216174486754362,8.233599662780762,19800,544.0377807617188,43.0,1.0,4.0,1.0,2.0,0.00021905130691175092,0.00021999758228707892,,0,2.0,178.0
2024-08-29,8.251024843089015,8.268450017369661,8.251024843089015,8.259737014770508,31600,544.0864868164062,42.0,1.0,1.0,1.0,1.0,0.000207705944616907,0.00021304315556666542,,0,1.0,179.0
2024-08-30,8.259737842279236,8.277163849223381,8.22488665930869,8.233599662780762,6300,549.2803955078125,42.0,1.0,1.0,1.0,1.0,0.00021091525502354115,0.0002044083554995176,,0,1.0,180.0
2024-09-03,8.216169357299805,8.251020518512346,8.207456359267363,8.216169357299805,36800,537.9767456054688,41.0,1.0,1.0,1.0,1.0,0.00020699919366102553,0.00021574726465871106,,0,1.0,181.0
2024-09-04,8.198747658411758,8.268450017369661,8.198747658411758,8.259737014770508,66900,536.8755493164062,41.0,1.0,1.0,1.0,1.0,0.00021888959887045688,0.00022655209781889758,,0,1.0,182.0
2024-09-05,8.229968185687031,8.30001040416333,8.229968185687031,8.282500267028809,35400,535.56982421875,41.0,1.0,1.0,1.0,1.0,0.00026989639219641726,0.00021905130691175092,,0,1.0,183.0
2024-09-06,8.264986910214429,8.326274459924619,8.221211162524263,8.256232261657715,29900,526.5560913085938,40.0,1.0,1.0,1.0,1.0,0.000320946553737925,0.000207705944616907,,0,1.0,184.0
2024-09-09,8.30001107543036,8.326277535710114,8.282500936879698,8.317522048950195,17800,532.4515991210938,41.0,1.0,1.0,1.0,1.0,0.0003573675429809184,0.00021091525502354115,,0,1.0,185.0
2024-09-10,8.317522048950195,8.343787674260774,8.282500936879698,8.317522048950195,20200,534.770751953125,40.0,1.0,1.0,1.0,1.0,0.0003532927321781585,0.00020699919366102553,,0,1.0,186.0
2024-09-11,8.282502740385791,8.361300468444824,8.282502740385791,8.361300468444824,41100,540.2567749023438,41.0,1.0,1.0,1.0,1.0,0.0003672224067702865,0.00021888959887045688,,0,1.0,187.0
2024-09-12,8.38756350750616,8.38756350750616,8.343786912671506,8.37880802154541,42000,544.8076171875,40.0,1.0,1.0,1.0,1.0,0.0003787304185720218,0.00026989639219641726,,0,1.0,188.0
2024-09-13,8.37880699056896,8.431339064900515,8.37880699056896,8.42258358001709,40300,547.6530151367188,40.0,1.0,1.0,1.0,1.0,0.000408569258254419,0.000320946553737925,,0,1.0,189.0
2024-09-16,8.457603184483789,8.492624282836914,8.44009305279165,8.492624282836914,42300,548.4619140625,41.0,1.0,1.0,1.0,1.0,0.00047573427592177063,0.0003573675429809184,,0,1.0,190.0
2024-09-17,8.483873002328421,8.53640509336638,8.483873002328421,8.510139465332031,35300,548.6859130859375,41.0,1.0,1.0,1.0,1.0,0.00057760707111166,0.0003532927321781585,,0,1.0,191.0
2024-09-18,8.527649122508405,8.580181210569814,8.501383495962308,8.536404609680176,49200,547.05859375,40.0,1.0,1.0,1.0,1.0,0.0006517678015071221,0.0003672224067702865,,0,1.0,192.0
2024-09-19,8.553915780952442,8.588936895476568,8.545160293579102,8.545160293579102,50100,556.3939208984375,40.0,1.0,1.0,1.0,1.0,0.0006879344715443251,0.0003787304185720218,,0,1.0,193.0
2024-09-20,8.518891850645398,8.59768954874494,8.518891850645398,8.588934898376465,48700,555.43212890625,40.0,1.0,1.0,1.0,1.0,0.0007004448244612749,0.000408569258254419,,0,1.0,194.0
2024-09-23,8.588935930854516,8.606446068665402,8.580180444464505,8.59769058227539,36200,556.8201293945312,39.0,1.0,1.0,1.0,1.0,0.0007409435085943128,0.00047573427592177063,,0,1.0,195.0
2024-09-24,8.580180444464505,8.615201555055416,8.571424958074491,8.59769058227539,23700,558.4132690429688,38.0,1.0,1.0,1.0,1.0,0.0007930165876485316,0.00057760707111166,,0,1.0,196.0
2024-09-25,8.571424958074491,8.615201555055416,8.571424958074491,8.59769058227539,27200,557.181640625,38.0,1.0,1.0,1.0,1.0,0.0008008034069921561,0.0006517678015071221,,0,1.0,197.0
2024-09-26,8.632711331352104,8.632711331352104,8.597690222227781,8.623956680297852,42900,559.3907470703125,38.0,1.0,1.0,1.0,1.0,0.0007952712711949061,0.0006879344715443251,,0,1.0,198.0
2024-09-27,8.61520004272461,8.650221147167839,8.61520004272461,8.61520004272461,14400,558.579345703125,37.0,1.0,1.0,1.0,1.0,0.0007802134471564037,0.0007004448244612749,,0,1.0,199.0
2024-09-30,8.623957811459453,8.623957811459453,8.536404609680176,8.536404609680176,26100,560.8178100585938,39.0,1.0,1.0,1.0,1.0,0.0007307167766360097,0.0007409435085943128,,0,1.0,200.0
2024-10-01,8.606444635337064,8.606444635337064,8.510136805993573,8.571423530578613,72800,555.793701171875,38.0,1.0,1.0,1.0,1.0,0.0007174616913443614,0.0007930165876485316,,0,1.0,201.0
2024-10-02,8.545159333873594,8.59769058227539,8.536403847483582,8.59769058227539,31200,556.0283203125,38.0,1.0,1.0,1.0,1.0,0.0007140960814103651,0.0008008034069921561,,0,1.0,202.0
2024-10-03,8.60296928798389,8.60296928798389,8.567783352121133,8.585376739501953,35200,555.0118408203125,38.0,1.0,1.0,1.0,1.0,0.0007681132028660424,0.0007952712711949061,,0,1.0,203.0
2024-10-04,8.585376741299674,8.594173434991927,8.550190805429548,8.576580047607422,38200,560.0553588867188,37.0,1.0,1.0,1.0,1.0,0.0008211332057430544,0.0007802134471564037,,0,1.0,204.0
2024-10-07,8.550190090949904,8.550190090949904,8.51500415802002,8.51500415802002,35600,554.9923095703125,38.0,1.0,1.0,1.0,1.0,0.0008170934590350986,0.0007307167766360097,,1,1.0,205.0
2024-10-08,8.558986660222917,8.576580047607422,8.506208175867169,8.576580047607422,21700,560.2410278320312,38.0,1.0,1.0,1.0,1.0,0.0008291927057733711,0.0007174616913443614,,0,1.0,206.0
2024-10-09,8.602968333999561,8.602968333999561,8.550189855507476,8.567782402038574,31700,564.1215209960938,38.0,1.0,1.0,1.0,1.0,0.0008057520688503288,0.0007140960814103651,,0,1.0,207.0
2024-10-10,8.585376744906203,8.594173438602152,8.541394115325348,8.55898666381836,72500,563.1343383789062,37.0,1.0,4.0,1.0,2.0,0.0008175169410162333,0.0007681132028660424,,0,2.0,208.0
2024-10-11,8.550189853058834,8.594172477722168,8.54139316034641,8.594172477722168,22400,566.5065307617188,37.0,1.0,4.0,1.0,2.0,0.0008120029886715352,0.0008211332057430544,,0,2.0,209.0
2024-10-14,8.594174267645453,8.629360206924597,8.56778418401187,8.602970123291016,41100,571.1395874023438,37.0,1.0,4.0,1.0,2.0,0.0007938961777975593,0.0008170934590350986,,0,2.0,210.0
2024-10-15,8.602969048636673,8.646951676966182,8.602969048636673,8.638154983520508,29000,566.7019653320312,37.0,1.0,4.0,1.0,2.0,0.0007980585835370117,0.0008291927057733711,,0,2.0,211.0
2024-10-16,8.638154981970944,8.673340916848467,8.638154981970944,8.646951675415039,21700,569.1651611328125,36.0,1.0,4.0,1.0,2.0,0.0008249598790146472,0.0008057520688503288,,0,2.0,212.0
2024-10-17,8.620560646057129,8.638153190397725,8.602967262817847,8.620560646057129,27600,569.2139892578125,36.0,1.0,4.0,1.0,2.0,0.0008473241597897708,0.0008175169410162333,,1,2.0,213.0
2024-10-18,8.638154146718676,8.64695083931219,8.611764907836914,8.611764907836914,24800,571.403564453125,35.0,1.0,4.0,1.0,2.0,0.0008516049965653313,0.0008120029886715352,,0,2.0,214.0
2024-10-21,8.60296749149074,8.60296749149074,8.51500308965223,8.53259563446045,26600,570.4652099609375,37.0,1.0,4.0,1.0,2.0,0.0007932148992410085,0.0007938961777975593,,1,2.0,215.0
2024-10-22,8.479818937251482,8.567783357514308,8.479818937251482,8.55898666381836,22100,570.1622924804688,37.0,1.0,4.0,1.0,2.0,0.0007467858724155683,0.0007980585835370117,,0,2.0,216.0
2024-10-23,8.506203651428223,8.5325928795697,8.471017734273442,8.506203651428223,45100,564.952392578125,37.0,1.0,4.0,1.0,2.0,0.0006584425751750396,0.0008249598790146472,,0,2.0,217.0
2024-10-24,8.462221045260137,8.523796190556395,8.462221045260137,8.506203651428223,15700,566.1741943359375,37.0,1.0,4.0,1.0,2.0,0.0005923489530328697,0.0008473241597897708,,0,2.0,218.0
2024-10-25,8.53259682480245,8.53259682480245,8.479818344116211,8.479818344116211,7400,565.9785766601562,36.0,1.0,4.0,1.0,2.0,0.0005024225298768541,0.0008516049965653313,,0,2.0,219.0
2024-10-28,8.435833818576018,8.50620566958177,8.435833818576018,8.462223052978516,23800,567.7283935546875,36.0,1.0,4.0,1.0,2.0,0.00043928110081498177,0.0007932148992410085,,0,2.0,220.0
2024-10-29,8.435835721162741,8.47102165460132,8.400649787724163,8.453428268432617,77000,568.6470947265625,35.0,1.0,4.0,1.0,2.0,0.00041242798399599204,0.0007467858724155683,,0,2.0,221.0
2024-10-30,8.453426361878138,8.515002360682146,8.444630509676395,8.462223052978516,67400,566.9268798828125,35.0,1.0,4.0,1.0,2.0,0.0004074736566833726,0.0006584425751750396,,0,2.0,222.0
2024-10-31,8.4094475505898,8.471022732215697,8.4094475505898,8.427040100097656,108800,555.813232421875,35.0,1.0,4.0,1.0,2.0,0.00040211432848897346,0.0005923489530328697,,0,2.0,223.0
2024-11-01,8.435836916512772,8.435836916512772,8.400650978088379,8.400650978088379,16400,558.1591186523438,35.0,1.0,4.0,1.0,2.0,0.00035428257141272864,0.0005024225298768541,,0,2.0,224.0
2024-11-04,8.40064778274487,8.497408866882324,8.40064778274487,8.497408866882324,34200,556.956787109375,37.0,1.0,4.0,1.0,2.0,0.00034847289445856305,0.00043928110081498177,,0,2.0,225.0
2024-11-05,8.467359446077193,8.582261085510254,8.467359446077193,8.582261085510254,56600,563.6914672851562,39.0,1.0,4.0,1.0,2.0,0.0003713654454145241,0.00041242798399599204,,0,2.0,226.0
2024-11-06,8.511549337667613,8.591096661659927,8.511549337667613,8.546903610229492,25800,577.7080078125,39.0,1.0,4.0,1.0,2.0,0.000408012996105355,0.0004074736566833726,,0,2.0,227.0
2024-11-07,8.591100323843676,8.608777046203613,8.546907253574776,8.608777046203613,44300,582.1749267578125,40.0,1.0,4.0,1.0,2.0,0.0004246953736193241,0.00040211432848897346,,0,2.0,228.0
2024-11-08,8.60877769413229,8.6883250580208,8.60877769413229,8.679486274719238,79300,584.69677734375,41.0,1.0,1.0,1.0,1.0,0.0004535139146940727,0.00035428257141272864,,0,1.0,229.0
2024-11-11,8.652969232182974,8.706001079668608,8.652969232182974,8.661808013916016,32300,585.2538452148438,40.0,1.0,1.0,1.0,1.0,0.0005107848864476402,0.00034847289445856305,,0,1.0,230.0
2024-11-12,8.652969657020959,8.652969657020959,8.564583521176246,8.582261085510254,46300,583.435791015625,42.0,1.0,1.0,1.0,1.0,0.000507595995977272,0.0003713654454145241,,0,1.0,231.0
2024-11-13,8.626453323257271,8.626453323257271,8.573421478271484,8.573421478271484,42600,583.7192993164062,41.0,1.0,1.0,1.0,1.0,0.0004896031568590798,0.000408012996105355,,0,1.0,232.0
2024-11-14,8.555746078491211,8.608777088745791,8.555746078491211,8.555746078491211,24400,579.9658203125,40.0,1.0,1.0,1.0,1.0,0.00043874118010030796,0.0004246953736193241,,0,1.0,233.0
2024-11-15,8.52922605249238,8.555742389098048,8.52038811653617,8.546903610229492,30900,572.5374145507812,40.0,1.0,1.0,1.0,1.0,0.00043130166842433485,0.0004535139146940727,,1,1.0,234.0
2024-11-18,8.538067946216653,8.564583449583354,8.529229164123535,8.529229164123535,30300,574.8832397460938,39.0,1.0,1.0,1.0,1.0,0.0004394811705666275,0.0005107848864476402,,0,1.0,235.0
2024-11-19,8.564583449583354,8.564583449583354,8.52039122494307,8.529229164123535,15400,576.9846801757812,39.0,1.0,1.0,1.0,1.0,0.0004377250431794253,0.000507595995977272,,0,1.0,236.0
2024-11-20,8.520389811008556,8.520389811008556,8.485035531415678,8.50271224975586,23700,577.18017578125,38.0,1.0,1.0,1.0,1.0,0.000414601348408344,0.0004896031568590798,,1,1.0,237.0
2024-11-21,8.493871779930501,8.564580325054258,8.493871779930501,8.546903610229492,42200,580.2787475585938,39.0,1.0,1.0,1.0,1.0,0.00037461504541929047,0.00043874118010030796,,0,1.0,238.0
2024-11-22,8.555747744241998,8.599939980420531,8.555747744241998,8.56458568572998,45600,582.0772094726562,38.0,1.0,1.0,1.0,1.0,0.0003695383001589357,0.00043130166842433485,,0,1.0,239.0
2024-11-25,8.591099938609737,8.67948523227154,8.591099938609737,8.635293006896973,42000,584.0516967773438,39.0,1.0,1.0,1.0,1.0,0.00040578108578975624,0.0004394811705666275,,0,1.0,240.0
2024-11-26,8.635293394112576,8.635293394112576,8.582261541207355,8.608777046203613,19200,587.101318359375,39.0,1.0,1.0,1.0,1.0,0.00041438129213299733,0.0004377250431794253,,0,1.0,241.0
2024-11-27,8.61761710521222,8.644132614135742,8.61761710521222,8.644132614135742,30400,585.3222045898438,39.0,1.0,1.0,1.0,1.0,0.0004314660811305301,0.000414601348408344,,0,1.0,242.0
2024-11-29,8.644131984425764,8.679486274719238,8.635294044036973,8.679486274719238,49600,588.9583129882812,38.0,1.0,1.0,1.0,1.0,0.00045787741373719314,0.00037461504541929047,,0,1.0,243.0
2024-12-02,8.697164474895617,8.706003258841069,8.644132614135742,8.644132614135742,50800,590.0140380859375,38.0,1.0,1.0,1.0,1.0,0.000492425282498508,0.0003695383001589357,,0,1.0,244.0
2024-12-03,8.644132160975856,8.644132160975856,8.599939086478209,8.617616653442383,30300,590.2877197265625,38.0,1.0,1.0,1.0,1.0,0.0005101856771159502,0.00040578108578975624,,1,1.0,245.0
2024-12-04,8.596303766212465,8.631825647605554,8.596303766212465,8.605183601379395,18500,593.953125,37.0,1.0,1.0,1.0,1.0,0.0004962099383514792,0.00041438129213299733,,0,1.0,246.0
2024-12-05,8.614062309265137,8.631823669345323,8.596301796093213,8.614062309265137,46400,592.9756469726562,37.0,1.0,1.0,1.0,1.0,0.0005119480774607649,0.0004314660811305301,,0,1.0,247.0
2024-12-06,8.62294298930523,8.640703502477153,8.605181629225044,8.614062309265137,23800,594.0996704101562,36.0,1.0,1.0,1.0,1.0,0.0005338712608680872,0.00045787741373719314,,0,1.0,248.0
2024-12-09,8.605182820506153,8.711749301923556,8.587422304875506,8.59630298614502,71200,591.0404052734375,36.0,1.0,1.0,1.0,1.0,0.0005460908263174757,0.000492425282498508,,0,1.0,249.0
2024-12-10,8.631823669345323,8.631823669345323,8.569659755972934,8.614062309265137,18200,589.2028198242188,36.0,1.0,1.0,1.0,1.0,0.0005544723988728707,0.0005101856771159502,,0,1.0,250.0
2024-12-11,8.649586164847872,8.649586164847872,8.587423084137077,8.605183601379395,39000,593.7576904296875,35.0,1.0,1.0,1.0,1.0,0.0005619522091160555,0.0004962099383514792,,0,1.0,251.0
2024-12-12,8.54301929473877,8.596302532636448,8.54301929473877,8.54301929473877,27200,590.6981811523438,36.0,1.0,1.0,1.0,1.0,0.0005378074960729263,0.0005119480774607649,,0,1.0,252.0
2024-12-13,8.551901372517175,8.551901372517175,8.480857608320628,8.498618125915527,48400,590.5809326171875,36.0,1.0,4.0,1.0,2.0,0.00048239427278740885,0.0005338712608680872,,0,2.0,253.0
2024-12-16,8.47197692606894,8.5163794904189,8.47197692606894,8.498618125915527,81500,593.102783203125,36.0,1.0,4.0,1.0,2.0,0.0004314149034875744,0.0005460908263174757,,0,2.0,254.0
2024-12-17,8.516376794746423,8.516376794746423,8.454213732477916,8.48973560333252,48500,590.6591796875,35.0,1.0,4.0,1.0,2.0,0.00040333184352765104,0.0005544723988728707,,0,2.0,255.0
2024-12-18,8.489737876060168,8.516379074605997,8.35653018951416,8.35653018951416,69700,573.0553588867188,41.0,1.0,4.0,1.0,2.0,0.0003128744482684301,0.0005619522091160555,,0,2.0,256.0
2024-12-19,8.365410287660605,8.365410287660605,8.312127047378196,8.32100772857666,90700,572.8794555664062,40.0,1.0,4.0,1.0,2.0,0.00021015008937458793,0.0005378074960729263,,0,2.0,257.0
2024-12-20,8.321007596929487,8.392051351576463,8.321007596929487,8.33876895904541,65200,579.7603149414062,40.0,1.0,4.0,1.0,2.0,0.00011798070175175746,0.00048239427278740885,,0,2.0,258.0
2024-12-23,8.321007596929487,8.383170670518501,8.321007596929487,8.33876895904541,55500,583.2320556640625,39.0,1.0,4.0,1.0,2.0,7.610228060676514e-05,0.0004314149034875744,,0,2.0,259.0
2024-12-24,8.312127047378196,8.329888409775123,8.303247213088104,8.32100772857666,15400,589.7147216796875,39.0,1.0,4.0,1.0,2.0,3.4334549904531816e-05,0.00040333184352765104,,0,2.0,260.0
2024-12-26,8.312127113342285,8.321007794611225,8.294366597712786,8.312127113342285,41900,589.7539672851562,38.0,1.0,4.0,1.0,2.0,2.1811769559256162e-05,0.0003128744482684301,,0,2.0,261.0
2024-12-27,8.303246867250692,8.31212670117093,8.258844310016151,8.267724990844727,37400,583.5460205078125,39.0,1.0,4.0,1.0,2.0,2.8792644923582506e-05,0.00021015008937458793,,0,2.0,262.0
2024-12-30,8.246211694928034,8.317917816681845,8.246211694928034,8.308955192565918,43600,576.88671875,39.0,1.0,4.0,1.0,2.0,4.918975083470303e-05,0.00011798070175175746,,0,2.0,263.0
2024-12-31,8.299994468688965,8.353773650453219,8.291030986793363,8.299994468688965,41200,574.7880249023438,38.0,1.0,4.0,1.0,2.0,2.7829491458735264e-05,7.610228060676514e-05,,0,2.0,264.0
2025-01-02,8.335847527356446,8.416517154670958,8.335847527356446,8.407553672790527,30000,573.3756713867188,41.0,1.0,4.0,1.0,2.0,5.5325589725542904e-05,3.4334549904531816e-05,,0,2.0,265.0
2025-01-03,8.461331789361852,8.51511181906999,8.461331789361852,8.506148338317871,25900,580.544921875,44.0,1.0,4.0,1.0,2.0,0.0001038810228539859,2.1811769559256162e-05,,0,2.0,266.0
2025-01-06,8.470295373713606,8.524075404079523,8.470295373713606,8.515111923217773,38900,583.88916015625,43.0,1.0,4.0,1.0,2.0,0.00017975448991621045,2.8792644923582506e-05,,0,2.0,267.0
2025-01-07,8.524077024945454,8.524077024945454,8.37170124053955,8.37170124053955,44900,577.2888793945312,48.0,1.0,4.0,1.0,2.0,0.00015698236338002367,4.918975083470303e-05,,0,2.0,268.0
2025-01-08,8.36273532243971,8.36273532243971,8.30895615231464,8.31791877746582,23400,578.13232421875,48.0,1.0,4.0,1.0,2.0,8.609560939372921e-05,2.7829491458735264e-05,,1,2.0,269.0
2025-01-10,8.273101148179222,8.273101148179222,8.183468924783572,8.192432403564453,33300,569.3056640625,52.0,1.0,4.0,1.0,2.0,-3.487393365530044e-05,5.5325589725542904e-05,,1,2.0,270.0
2025-01-13,8.14761734008789,8.174506926496148,8.129690379279358,8.14761734008789,30700,570.1884155273438,52.0,1.0,4.0,1.0,2.0,-0.0001095462279057966,0.0001038810228539859,,1,2.0,271.0
2025-01-14,8.147615250400703,8.237247467041016,8.147615250400703,8.237247467041016,25300,570.9729614257812,53.0,1.0,4.0,1.0,2.0,-0.00013921840932455362,0.00017975448991621045,,0,2.0,272.0
2025-01-15,8.273102235413798,8.425477975496143,8.273102235413798,8.416515350341797,31900,581.35888671875,60.0,1.0,4.0,4.0,6.0,-6.456008557472257e-05,0.00015698236338002367,,0,2.0,273.0
2025-01-16,8.36273627799178,8.452369378181317,8.36273627799178,8.4254789352417,16400,580.2409057617188,59.0,1.0,4.0,1.0,2.0,2.6914844755662472e-05,8.609560939372921e-05,,0,2.0,274.0
2025-01-17,8.4254789352417,8.452369378181317,8.416516309066422,8.4254789352417,28500,586.06640625,58.0,1.0,4.0,1.0,2.0,8.888103125599174e-05,-3.487393365530044e-05,,0,2.0,275.0
2025-01-21,8.407552614458286,8.533038780574227,8.407552614458286,8.506148338317871,25100,591.4310913085938,59.0,1.0,4.0,1.0,2.0,0.00011546053867995536,-0.0001095462279057966,,0,2.0,276.0
2025-01-22,8.470295906066895,8.506148976962658,8.461332424641794,8.470295906066895,38400,594.7556762695312,58.0,1.0,4.0,1.0,2.0,0.00012637657839030533,-0.00013921840932455362,,0,2.0,277.0
2025-01-23,8.398587768362637,8.479257372408243,8.398587768362637,8.46133041381836,37300,598.0018920898438,57.0,1.0,4.0,1.0,2.0,0.00013853621922440366,-6.456008557472257e-05,,0,2.0,278.0
2025-01-24,8.452367999867981,8.497183687850136,8.452367999867981,8.479257583618164,28200,596.2562255859375,57.0,1.0,4.0,1.0,2.0,0.00013190039747624352,2.6914844755662472e-05,,0,2.0,279.0
2025-01-27,8.479257695275624,8.5061472793799,8.46133073600313,8.497183799743652,45700,587.8218383789062,56.0,1.0,4.0,1.0,2.0,0.0001485015171976661,8.888103125599174e-05,,0,2.0,280.0
2025-01-28,8.497183687850136,8.506147167368349,8.461330624581738,8.479257583618164,17400,592.8726806640625,55.0,1.0,4.0,1.0,2.0,0.0001863234603081312,0.00011546053867995536,,0,2.0,281.0
2025-01-29,8.461331151893232,8.497184217395997,8.407551981041339,8.434441566467285,33900,590.2149047851562,55.0,1.0,4.0,1.0,2.0,0.0002038639718046372,0.00012637657839030533,,0,2.0,282.0
2025-01-30,8.470295906066895,8.506148976962658,8.461332424641794,8.470295906066895,20400,593.3826904296875,54.0,1.0,4.0,1.0,2.0,0.00022004218707380671,0.00013853621922440366,,0,2.0,283.0
2025-01-31,8.5509642430524,8.5509642430524,8.407551981041339,8.434441566467285,31100,590.2247314453125,54.0,1.0,4.0,1.0,2.0,0.00020413539568093865,0.00013190039747624352,,0,2.0,284.0
2025-02-03,8.396600471008759,8.396600471008759,8.324526713598233,8.333536148071289,47000,586.2527465820312,55.0,1.0,4.0,1.0,2.0,0.00016913296762999401,0.0001485015171976661,,1,2.0,285.0
2025-02-04,8.315519812320204,8.369575576438834,8.315519812320204,8.360566139221191,47700,590.1854248046875,55.0,1.0,4.0,1.0,2.0,0.00015884468816509031,0.0001863234603081312,,0,2.0,286.0
2025-02-05,8.387593977650829,8.414621428591659,8.360565667522824,8.405611991882324,9000,592.5784301757812,54.0,1.0,4.0,1.0,2.0,0.0001680215791697105,0.0002038639718046372,,0,2.0,287.0
2025-02-06,8.432639842065047,8.450658716336816,8.360566063352396,8.369575500488281,23100,594.6380615234375,54.0,1.0,4.0,1.0,2.0,0.00019173787235535764,0.00022004218707380671,,0,2.0,288.0
2025-02-07,8.396604788127128,8.405614227232391,8.342549871870354,8.378586769104004,24100,589.1950073242188,53.0,1.0,4.0,1.0,2.0,0.00018543674652231017,0.00020413539568093865,,0,2.0,289.0
2025-02-10,8.351557561190772,8.387594450874117,8.351557561190772,8.360566139221191,28900,593.1963500976562,53.0,1.0,4.0,1.0,2.0,0.0001574660148719104,0.00016913296762999401,,0,2.0,290.0
2025-02-11,8.288494655511329,8.360568454840234,8.288494655511329,8.324531555175781,34100,593.6473999023438,52.0,1.0,4.0,1.0,2.0,0.00013614575194554455,0.00015884468816509031,,0,2.0,291.0
2025-02-12,8.288490148316853,8.315517593571084,8.252453268248878,8.306509017944336,15700,591.7349853515625,51.0,1.0,4.0,1.0,2.0,0.00010879255651718971,0.0001680215791697105,,0,2.0,292.0
2025-02-13,8.333538611131956,8.39660295270872,8.333538611131956,8.369575500488281,10700,597.9822998046875,52.0,1.0,4.0,1.0,2.0,0.00010401294728857608,0.00019173787235535764,,0,2.0,293.0
2025-02-14,8.414621353149414,8.441648803847926,8.405611916520854,8.414621353149414,17600,597.952880859375,51.0,1.0,4.0,1.0,2.0,0.00013047587509959754,0.00018543674652231017,,0,2.0,294.0
2025-02-18,8.396602479892294,8.432639367219368,8.396602479892294,8.414621353149414,48200,599.7084350585938,51.0,1.0,4.0,1.0,2.0,0.00013376818972344717,0.0001574660148719104,,0,2.0,295.0
2025-02-19,8.387593977650829,8.423630865300995,8.360565667522824,8.405611991882324,64300,601.12060546875,50.0,1.0,4.0,1.0,2.0,0.00010327037234214943,0.00013614575194554455,,0,2.0,296.0
2025-02-20,8.423633105442917,8.432641685360778,8.342549871870354,8.378586769104004,37300,598.6196899414062,49.0,1.0,4.0,1.0,2.0,4.808117570600075e-05,0.00010879255651718971,,0,2.0,297.0
2025-02-21,8.387594450874117,8.405612466122179,8.351557561190772,8.360566139221191,58500,588.3809204101562,49.0,1.0,4.0,1.0,2.0,3.370382201169017e-05,0.00010401294728857608,,0,2.0,298.0
2025-02-24,8.342549871870354,8.378586769104004,8.342549871870354,8.378586769104004,30500,585.7035522460938,48.0,1.0,4.0,1.0,2.0,5.529613053841283e-05,0.00013047587509959754,,0,2.0,299.0
2025-02-25,8.387593100360998,8.42362998424193,8.36957422882699,8.396601676940918,35100,582.7906494140625,47.0,1.0,4.0,1.0,2.0,0.00011896932105561198,0.00013376818972344717,,0,2.0,300.0
2025-02-26,8.36957422882699,8.42362998424193,8.36957422882699,8.396601676940918,37300,583.0850219726562,47.0,1.0,4.0,1.0,2.0,0.00017736759524040956,0.00010327037234214943,,0,2.0,301.0
2025-02-27,8.405610326335108,8.41461976125925,8.387592315673828,8.387592315673828,6800,573.7777709960938,46.0,1.0,4.0,1.0,2.0,0.00019780885040989986,4.808117570600075e-05,,0,2.0,302.0
2025-02-28,8.46867633047332,8.46867633047332,8.36957510423216,8.405611991882324,35100,582.73193359375,46.0,1.0,4.0,1.0,2.0,0.00015228649241854795,3.370382201169017e-05,,0,2.0,303.0
2025-03-03,8.349466195590848,8.403800631396766,8.322298114057602,8.331354141235352,30300,572.5224609375,46.0,1.0,4.0,1.0,2.0,7.236589776802159e-05,5.529613053841283e-05,,0,2.0,304.0
2025-03-04,8.313244819641113,8.367579267663464,8.240798313190991,8.313244819641113,59800,565.74560546875,46.0,1.0,4.0,1.0,2.0,1.2034061880822172e-06,0.00011896932105561198,,0,2.0,305.0
2025-03-05,8.267964462868523,8.322298903830696,8.24985240679422,8.29513168334961,80100,571.8261108398438,45.0,1.0,4.0,1.0,2.0,-5.974090493643126e-05,0.00017736759524040956,,0,2.0,306.0
2025-03-06,8.286077405357071,8.33135669147558,8.249854149188373,8.258910179138184,30500,561.6755981445312,45.0,1.0,4.0,1.0,2.0,-0.00011276677595443189,0.00019780885040989986,,0,2.0,307.0
2025-03-07,8.222685813903809,8.286076287741365,8.222685813903809,8.222685813903809,25100,564.8236083984375,45.0,1.0,4.0,1.0,2.0,-0.00016228391200684943,0.00015228649241854795,,0,2.0,308.0
2025-03-10,8.213628436470731,8.240796518194683,8.141181945800781,8.141181945800781,57700,549.7792358398438,46.0,1.0,4.0,1.0,2.0,-0.00022827912818499752,7.236589776802159e-05,,0,2.0,309.0
2025-03-11,8.114016594881278,8.195519131547675,8.114016594881278,8.123072624206543,48100,545.2090454101562,46.0,1.0,4.0,1.0,2.0,-0.00030053318693172316,1.2034061880822172e-06,,0,2.0,310.0
2025-03-12,8.132126996766225,8.18646230378794,8.123071831954611,8.159295082092285,60200,548.1022338867188,45.0,1.0,4.0,1.0,2.0,-0.0003487715742340031,-5.974090493643126e-05,,0,2.0,311.0
2025-03-13,8.141181945800781,8.177405191135756,8.132125918559465,8.141181945800781,35400,540.7957153320312,45.0,1.0,4.0,1.0,2.0,-0.0003638055517646451,-0.00011276677595443189,,0,2.0,312.0
2025-03-14,8.132125328568167,8.222683867150666,8.132125328568167,8.204572677612305,49200,551.96630859375,45.0,1.0,4.0,1.0,2.0,-0.0003431253976616848,-0.00016228391200684943,,0,2.0,313.0
2025-03-17,8.204573931220095,8.295131620009016,8.204573931220095,8.286075592041016,29900,556.2227783203125,47.0,1.0,4.0,1.0,2.0,-0.00030152837376777467,-0.00022827912818499752,,0,2.0,314.0
2025-03-18,8.258908335170274,8.277020391026015,8.240797142944889,8.267964363098145,15100,550.2108764648438,46.0,1.0,4.0,1.0,2.0,-0.0002486346524449493,-0.00030053318693172316,,0,2.0,315.0
2025-03-19,8.267964399735376,8.313243675945017,8.258908371767376,8.286075592041016,21000,556.203125,45.0,1.0,4.0,1.0,2.0,-0.0002101591397580641,-0.0003487715742340031,,0,2.0,316.0
2025-03-20,8.277020427703377,8.313243675945017,8.277020427703377,8.286075592041016,6400,554.5946655273438,45.0,1.0,4.0,1.0,2.0,-0.0002099731362251949,-0.0003638055517646451,,0,2.0,317.0
2025-03-21,8.240797142944889,8.313243639107144,8.240797142944889,8.267964363098145,13300,554.777587890625,44.0,1.0,4.0,1.0,2.0,-0.00022366920129747155,-0.0003431253976616848,,0,2.0,318.0
2025-03-24,8.29513168334961,8.331354931867846,8.277020490905674,8.29513168334961,78200,564.7129516601562,44.0,1.0,4.0,1.0,2.0,-0.00022748130899238742,-0.00030152837376777467,,0,2.0,319.0
2025-03-25,8.2860757184459,8.331354995346283,8.2860757184459,8.304187774658203,37000,566.0704345703125,43.0,1.0,1.0,1.0,1.0,-0.00020426449975808288,-0.0002486346524449493,,0,1.0,320.0
2025-03-26,8.286075428005503,8.313243511371672,8.24079701632258,8.249852180480957,34900,559.3124389648438,43.0,1.0,1.0,1.0,1.0,-0.00019522682396714273,-0.0002101591397580641,,0,1.0,321.0
2025-03-27,8.231741744503486,8.231741744503486,8.186462465031951,8.195518493652344,50200,557.8271484375,44.0,1.0,1.0,1.0,1.0,-0.00021579083051079595,-0.0002099731362251949,,1,1.0,322.0
2025-03-28,8.195518269014125,8.213629462128058,8.141182962411524,8.150238990783691,36000,546.5933227539062,44.0,1.0,1.0,1.0,1.0,-0.000281320357474828,-0.00022366920129747155,,0,1.0,323.0
2025-03-31,8.068737311885448,8.14118381922658,8.068737311885448,8.123072624206543,34100,550.2625732421875,43.0,1.0,4.0,1.0,2.0,-0.000345154504616822,-0.00022748130899238742,,0,2.0,324.0
2025-04-01,8.129444940380651,8.129444940380651,8.074823429629864,8.102133750915527,35000,551.8167114257812,43.0,4.0,4.0,1.0,8.0,-0.0003868452173891402,-0.00020426449975808288,,0,2.0,325.0
2025-04-02,8.10213204081711,8.174960127660196,8.093029181096183,8.156753540039062,23400,555.308837890625,43.0,4.0,4.0,1.0,8.0,-0.0003924340011588441,-0.00019522682396714273,,0,2.0,326.0
2025-04-03,8.10213136117289,8.10213136117289,7.929164886474609,7.929164886474609,44300,527.94287109375,57.0,4.0,4.0,4.0,12.0,-0.00040765862967797017,-0.00021579083051079595,,0,4.0,1.0
2025-04-04,7.920064378616817,7.920064378616817,7.6560622616022425,7.701580047607422,103000,497.035400390625,69.0,4.0,4.0,1.0,8.0,-0.00044904886827985157,-0.000281320357474828,,1,2.0,2.0
2025-04-07,7.656061263234578,7.7744071441436535,7.510405061555545,7.67426872253418,80700,496.1501159667969,68.0,4.0,4.0,1.0,8.0,-0.0005154545004749959,-0.000345154504616822,,0,2.0,3.0
2025-04-08,7.792614849215212,7.792614849215212,7.592337131500244,7.592337131500244,54200,488.3790283203125,69.0,4.0,4.0,1.0,8.0,-0.0005709853812357738,-0.0003868452173891402,,0,2.0,4.0
2025-04-09,7.51040283135297,7.920060993972749,7.51040283135297,7.865440368652344,59700,539.6682739257812,83.0,4.0,4.0,4.0,12.0,-0.0005190540567514975,-0.0003924340011588441,,0,4.0,5.0
2025-04-10,7.783510396629768,7.819924444817183,7.637854203880105,7.692474842071533,32600,516.0205688476562,87.0,4.0,4.0,4.0,12.0,-0.00047911059340047355,-0.00040765862967797017,,0,4.0,6.0
2025-04-11,7.62875094246462,7.701579043304137,7.565026571274904,7.67426872253418,24600,525.227783203125,86.0,4.0,4.0,4.0,12.0,-0.0004262641883178646,-0.00044904886827985157,,0,4.0,7.0
2025-04-14,7.719784783011961,7.783510015352888,7.710681922545556,7.728888511657715,31400,530.3232421875,85.0,4.0,4.0,4.0,12.0,-0.00044251557195268784,-0.0005154545004749959,,0,4.0,8.0
2025-04-15,7.719784829281493,7.792613790704683,7.719784829281493,7.737992286682129,19400,528.8378295898438,84.0,4.0,4.0,4.0,12.0,-0.00042336740707778756,-0.0005709853812357738,,0,4.0,9.0
2025-04-16,7.756199697594975,7.792613743998642,7.710681922545556,7.728888511657715,47100,517.0829467773438,83.0,4.0,4.0,4.0,12.0,-0.00040377373362147006,-0.0005190540567514975,,0,4.0,10.0
2025-04-17,7.8017158417878925,7.8017158417878925,7.737991483855856,7.783509254455566,40500,517.8206176757812,82.0,4.0,4.0,4.0,12.0,-0.0003818347360459245,-0.00047911059340047355,,0,4.0,11.0
2025-04-21,7.783508045497978,7.819922082685958,7.6742659339340396,7.719782829284668,30600,505.4951477050781,82.0,4.0,4.0,4.0,12.0,-0.0003781231282647042,-0.0004262641883178646,,0,4.0,12.0
2025-04-22,7.810819569543687,7.819923297299482,7.747095211611651,7.783509254455566,23700,518.64697265625,81.0,4.0,4.0,4.0,12.0,-0.00034866568167095385,-0.00044251557195268784,,0,4.0,13.0
2025-04-23,7.856340318550658,7.9382721630553625,7.8199262619018555,7.8199262619018555,25700,526.68359375,80.0,4.0,4.0,4.0,12.0,-0.00032676179368327666,-0.00042336740707778756,,0,4.0,14.0
2025-04-24,7.8381295027758,7.9928893943677055,7.8381295027758,7.974682807922363,49000,537.769775390625,84.0,4.0,4.0,4.0,12.0,-0.0002635066346927577,-0.00040377373362147006,,0,4.0,15.0
2025-04-25,7.974682807922362,7.974682807922362,7.947371625985518,7.974682807922363,15500,541.6553344726562,82.0,4.0,1.0,4.0,11.0,-0.00022256424669974632,-0.0003818347360459245,,0,2.0,16.0
2025-04-28,7.9473745687655075,8.029306408555591,7.9473745687655075,8.011099815368652,20300,541.86181640625,81.0,4.0,1.0,4.0,11.0,-0.0001877101731389997,-0.0003781231282647042,,0,2.0,17.0
2025-04-29,8.02020263671875,8.02020263671875,8.001995177416635,8.02020263671875,33100,545.2752685546875,80.0,4.0,1.0,4.0,11.0,-0.00018919239447464663,-0.00034866568167095385,,0,2.0,18.0
2025-04-30,8.011097280569446,8.011097280569446,7.8927514236718705,7.965579509735107,15200,545.49169921875,79.0,4.0,1.0,4.0,11.0,-0.00020975482343497283,-0.00032676179368327666,,0,2.0,19.0
2025-05-01,8.01774987972609,8.01774987972609,7.962833402032492,7.971986293792725,32200,549.3574829101562,78.0,4.0,1.0,3.0,9.0,-0.0002438450308089481,-0.0002635066346927577,,0,2.0,20.0
2025-05-02,7.944529257060289,8.045208457522744,7.944529257060289,8.036055564880371,23000,557.5122680664062,78.0,4.0,1.0,3.0,9.0,-0.0002567668252400199,-0.00022256424669974632,,0,2.0,21.0
2025-05-05,8.017749793607592,8.026902685269514,7.971986208165773,7.990291118621826,30400,554.3153686523438,77.0,4.0,1.0,3.0,9.0,-0.00026473423259237806,-0.0001877101731389997,,0,2.0,22.0
2025-05-06,7.9994440102837485,7.9994440102837485,7.944528406047798,7.990291118621826,17200,549.68212890625,76.0,4.0,1.0,3.0,9.0,-0.0002737112822082712,-0.00018919239447464663,,0,2.0,23.0
2025-05-07,7.981139570226099,8.017750266163786,7.962833785823335,8.008597373962402,40400,551.9938354492188,75.0,4.0,1.0,1.0,7.0,-0.0002961006309530707,-0.00020975482343497283,,0,2.0,24.0
2025-05-08,8.054361913118514,8.10012550666111,8.026904106140137,8.026904106140137,30900,555.8400268554688,74.0,4.0,1.0,1.0,7.0,-0.0002872651438328929,-0.0002438450308089481,,0,2.0,25.0
2025-05-09,8.054360480123833,8.054360480123833,8.008596894723286,8.017749786376953,15900,555.1317749023438,73.0,4.0,1.0,1.0,7.0,-0.0002639089468196587,-0.0002567668252400199,,0,2.0,26.0
2025-05-12,8.136737260627216,8.15504217669397,8.100126555625652,8.145889282226562,34800,573.4774780273438,75.0,4.0,1.0,1.0,7.0,-0.0002072848392629626,-0.00026473423259237806,,0,2.0,27.0
2025-05-13,8.127581979763892,8.173345565795898,8.118429087983932,8.173345565795898,33600,577.2646484375,74.0,4.0,1.0,1.0,7.0,-0.0001571450179478887,-0.0002737112822082712,,0,2.0,28.0
2025-05-14,8.191650090076436,8.191650090076436,8.109275813678098,8.127581596374512,34100,578.00244140625,73.0,4.0,1.0,1.0,7.0,-0.00011748336049961413,-0.0002961006309530707,,0,2.0,29.0
2025-05-15,8.109276378248472,8.15503996530782,8.081818575159991,8.10012435913086,61600,580.8256225585938,72.0,4.0,1.0,1.0,7.0,-0.00012780434248369413,-0.0002872651438328929,,0,2.0,30.0
2025-05-16,8.100125035406949,8.191651344299316,8.090972142657343,8.191651344299316,21900,584.5045776367188,73.0,4.0,1.0,1.0,7.0,-9.59895999375841e-05,-0.0002639089468196587,,0,2.0,31.0
2025-05-19,8.090970903849446,8.136734487722718,8.090970903849446,8.127581596374512,35600,585.1439819335938,73.0,4.0,1.0,1.0,7.0,-4.6439957129386334e-05,-0.0002072848392629626,,0,2.0,32.0
2025-05-20,8.10012292973794,8.173344306964715,8.090970039367676,8.090970039367676,24100,583.1765747070312,72.0,4.0,1.0,1.0,7.0,1.008317163213948e-05,-0.0001571450179478887,,0,2.0,33.0
2025-05-21,8.081819921402912,8.15504132374772,7.944530010223389,7.944530010223389,57700,573.3495483398438,75.0,4.0,1.0,1.0,7.0,-1.419281546527862e-05,-0.00011748336049961413,,0,2.0,34.0
2025-05-22,7.944528491379826,8.008596987965857,7.92622270785936,7.971986293792725,53800,573.5758056640625,74.0,4.0,4.0,1.0,8.0,-7.661647513641028e-05,-0.00012780434248369413,,0,2.0,35.0
2025-05-23,7.917069816099127,7.99029120444539,7.917069816099127,7.971986293792725,37400,569.6608276367188,73.0,4.0,4.0,1.0,8.0,-0.00011505682437472467,-9.59895999375841e-05,,0,2.0,36.0
2025-05-27,8.173345274798006,8.173345274798006,8.017749611549585,8.072665214538574,49000,581.5043334960938,74.0,4.0,4.0,1.0,8.0,-0.00010225785656191795,-4.6439957129386334e-05,,0,2.0,37.0
2025-05-28,8.072666826814785,8.081819720096894,8.026904106140137,8.026904106140137,44400,578.14013671875,73.0,4.0,4.0,1.0,8.0,-7.786113739247955e-05,1.008317163213948e-05,,0,2.0,38.0
2025-05-29,8.036056126554298,8.054361913118514,8.017751212858029,8.026904106140137,28300,580.4222412109375,72.0,4.0,4.0,1.0,8.0,-7.013230018630276e-05,-1.419281546527862e-05,,0,2.0,39.0
2025-05-30,8.017748835335176,8.026901725903155,7.981138145930948,7.999443054199219,32600,579.7730102539062,71.0,4.0,4.0,1.0,8.0,-8.928036760210404e-05,-7.661647513641028e-05,,0,2.0,40.0
2025-06-02,7.987482923845507,8.015089184951792,7.959875785152004,7.978280544281006,21200,583.038818359375,70.0,4.0,4.0,1.0,8.0,-0.00010718498325161317,-0.00011505682437472467,,0,2.0,41.0
2025-06-03,7.9782797747096215,8.051897048950195,7.9782797747096215,8.051897048950195,33600,586.3637084960938,70.0,4.0,4.0,1.0,8.0,-9.932756658519283e-05,-0.00010225785656191795,,0,2.0,42.0
2025-06-04,8.04269582326853,8.097909225657883,8.04269582326853,8.070302963256836,37000,586.2063598632812,69.0,4.0,4.0,1.0,8.0,-8.979550134852062e-05,-7.786113739247955e-05,,0,2.0,43.0
2025-06-05,8.116313233040982,8.116313233040982,8.051898327250901,8.088706970214844,19500,583.3733520507812,68.0,4.0,4.0,1.0,8.0,-6.863509329265944e-05,-7.013230018630276e-05,,0,2.0,44.0
2025-06-06,8.116313433625102,8.116313433625102,8.070303286973548,8.107111930847168,36600,589.3639526367188,67.0,4.0,4.0,1.0,8.0,-9.015909405350405e-05,-8.928036760210404e-05,,0,2.0,45.0
2025-06-09,8.116313811367865,8.1347185729549,8.088707546574646,8.097909927368164,34100,589.8951416015625,66.0,4.0,4.0,1.0,8.0,-0.00010463340334284782,-0.00010718498325161317,,0,2.0,46.0
2025-06-10,8.107111930847168,8.134718194355559,8.088707170116711,8.107111930847168,18100,593.2396850585938,65.0,4.0,4.0,1.0,8.0,-0.00011416888912610202,-9.932756658519283e-05,,0,2.0,47.0
2025-06-11,8.107112308161682,8.16232483774812,8.097909927368164,8.097909927368164,28700,591.5476684570312,64.0,4.0,1.0,1.0,7.0,-0.00011202251387042334,-8.979550134852062e-05,,0,2.0,48.0
2025-06-12,8.097909350352648,8.143920373454392,8.079504590077041,8.088706970214844,34400,593.8987426757812,64.0,4.0,1.0,1.0,7.0,-0.00010787826225556638,-6.863509329265944e-05,,0,2.0,49.0
2025-06-13,8.107110066084793,8.107110066084793,8.005885660525069,8.0610990524292,39300,587.2588500976562,63.0,4.0,1.0,1.0,7.0,-9.805471194877957e-05,-9.015909405350405e-05,,0,2.0,50.0
2025-06-16,8.088706392542118,8.097908772022715,8.051897752206946,8.079504013061523,21900,592.84619140625,62.0,4.0,1.0,1.0,7.0,-8.380279212676641e-05,-0.00010463340334284782,,0,2.0,51.0
2025-06-17,8.051896845205869,8.107110238282752,8.015088209016984,8.033492088317871,18600,587.7802124023438,61.0,4.0,4.0,1.0,8.0,-8.466430507495301e-05,-0.00011416888912610202,,0,2.0,52.0
2025-06-18,8.033491917683588,8.088705309587718,8.033491917683588,8.0610990524292,22400,587.6917724609375,61.0,4.0,4.0,1.0,8.0,-8.575337738995043e-05,-0.00011202251387042334,,0,2.0,53.0
2025-06-20,8.042694295932126,8.079502931339182,8.042694295932126,8.0610990524292,17100,586.3114624023438,60.0,4.0,4.0,1.0,8.0,-8.777004973804923e-05,-0.00010787826225556638,,0,2.0,54.0
2025-06-23,8.079502931339182,8.079502931339182,8.015088038773605,8.0610990524292,28900,592.102783203125,59.0,4.0,4.0,1.0,8.0,-8.301248988690457e-05,-9.805471194877957e-05,,0,2.0,55.0
2025-06-24,8.05189671642849,8.1807273798227,8.05189671642849,8.171525001525879,45600,598.643798828125,61.0,4.0,1.0,1.0,7.0,-4.7812257982545336e-05,-8.380279212676641e-05,,0,2.0,56.0
2025-06-25,8.143918787147193,8.171525044596068,8.116311652111218,8.125514030456543,50000,598.979248046875,61.0,4.0,1.0,1.0,7.0,-4.733758763988772e-05,-8.466430507495301e-05,,0,2.0,57.0
2025-06-26,8.189928505293022,8.217535638918605,8.1531198713793,8.180727005004883,34800,603.6655883789062,60.0,4.0,1.0,1.0,7.0,-3.2247360440425606e-05,-8.575337738995043e-05,,0,2.0,58.0
2025-06-27,8.180729412836106,8.2543467023313,8.180729412836106,8.18993091583252,26600,606.664794921875,60.0,4.0,1.0,1.0,7.0,-6.0778332293306545e-05,-8.777004973804923e-05,,0,2.0,59.0
2025-06-30,8.180728611575109,8.272749775637438,8.180728611575109,8.254345893859863,67000,609.5653686523438,60.0,4.0,1.0,1.0,7.0,-4.549294740512909e-05,-8.301248988690457e-05,,0,2.0,60.0
2025-07-01,8.233066659626115,8.307071685791016,8.233066659626115,8.307071685791016,50600,609.3680419921875,59.0,4.0,1.0,1.0,7.0,-4.070252436044907e-05,-4.7812257982545336e-05,,0,2.0,61.0
2025-07-02,8.270069801417826,8.399579048156738,8.270069801417826,8.399579048156738,47900,612.1305541992188,60.0,4.0,1.0,1.0,7.0,2.5860518093579973e-05,-4.733758763988772e-05,,0,2.0,62.0
2025-07-03,8.390329403230556,8.43658277529288,8.390329403230556,8.427331924438477,30200,616.9549560546875,60.0,4.0,1.0,1.0,7.0,0.00010471026920204402,-3.2247360440425606e-05,,0,2.0,63.0
2025-07-07,8.43658301605809,8.43658301605809,8.362577971530277,8.38107967376709,58000,612.3574829101562,59.0,4.0,1.0,1.0,7.0,0.00021071392607892284,-6.0778332293306545e-05,,0,2.0,64.0
2025-07-08,8.362578996293982,8.455085754394531,8.362578996293982,8.455085754394531,24800,612.0220336914062,60.0,4.0,1.0,1.0,7.0,0.00027732591844221945,-4.549294740512909e-05,,0,2.0,65.0
2025-07-09,8.501337716251484,8.501337716251484,8.427332667312063,8.436583518981934,39900,615.692138671875,59.0,4.0,1.0,1.0,7.0,0.0003096493800321198,-4.070252436044907e-05,,0,2.0,66.0
2025-07-10,8.427332008239857,8.51983875328439,8.427332008239857,8.501337051391602,38500,617.4285278320312,59.0,4.0,1.0,1.0,7.0,0.0002920109981524338,2.5860518093579973e-05,,0,2.0,67.0
2025-07-11,8.445832252502441,8.473583918342378,8.445832252502441,8.445832252502441,24200,615.2579956054688,59.0,4.0,1.0,1.0,7.0,0.00024580816146588903,0.00010471026920204402,,0,2.0,68.0
2025-07-14,8.399578839729172,8.46433302038703,8.399578839729172,8.408829689025879,22700,616.43212890625,58.0,4.0,1.0,1.0,7.0,0.00020351605344260686,0.00021071392607892284,,0,2.0,69.0
2025-07-15,8.399580452307386,8.464334645396962,8.344077110290527,8.344077110290527,53000,613.7978515625,58.0,4.0,1.0,1.0,7.0,0.00015692894391546434,0.00027732591844221945,,0,2.0,70.0
2025-07-16,8.353325475455183,8.408829689025879,8.34407550836802,8.408829689025879,32800,615.8499755859375,58.0,4.0,1.0,1.0,7.0,0.00014771990337910762,0.0003096493800321198,,0,2.0,71.0
2025-07-17,8.436583348124776,8.50133754408293,8.436583348124776,8.482836723327637,25200,619.6187744140625,59.0,4.0,1.0,1.0,7.0,0.00015885568652124066,0.0002920109981524338,,0,2.0,72.0
2025-07-18,8.473586293532247,8.51058881909401,8.464335441589355,8.464335441589355,38400,619.1649169921875,58.0,4.0,1.0,1.0,7.0,0.00018482255068692514,0.00024580816146588903,,0,2.0,73.0
2025-07-21,8.538340492712885,8.538340492712885,8.464335441589355,8.464335441589355,33500,620.3389892578125,57.0,4.0,1.0,1.0,7.0,0.00018053678620946704,0.00020351605344260686,,0,2.0,74.0
2025-07-22,8.473584175109863,8.492085874370161,8.436581658798843,8.473584175109863,24400,620.427734375,56.0,4.0,1.0,1.0,7.0,0.00016749178563777147,0.00015692894391546434,,0,2.0,75.0
2025-07-23,8.482835024740012,8.482835024740012,8.464333325479714,8.473584175109863,7600,625.7060546875,55.0,4.0,1.0,1.0,7.0,0.0001734855620668482,0.00014771990337910762,,0,2.0,76.0
2025-07-24,8.49208757481016,8.510588395565453,8.482836723327637,8.482836723327637,44000,625.9132690429688,55.0,4.0,1.0,1.0,7.0,0.0001800694109280428,0.00015885568652124066,,0,2.0,77.0
2025-07-25,8.492085505620437,8.529088020324707,8.492085505620437,8.529088020324707,31800,628.5572509765625,54.0,4.0,1.0,1.0,7.0,0.00020663246256811047,0.00018482255068692514,,0,2.0,78.0
2025-07-28,8.492085874370161,8.501335841790734,8.455083358059142,8.473584175109863,16600,628.3994140625,54.0,4.0,1.0,1.0,7.0,0.00022407616034016424,0.00018053678620946704,,0,2.0,79.0
2025-07-29,8.464335760995166,8.501338287953239,8.464335760995166,8.492088317871094,53300,626.741943359375,53.0,4.0,1.0,1.0,7.0,0.0002534834447199783,0.00016749178563777147,,0,2.0,80.0
2025-07-30,8.473586576688744,8.510589103487,8.455085754394531,8.455085754394531,25200,625.9526977539062,53.0,4.0,4.0,1.0,8.0,0.00023928499221527845,0.0001734855620668482,,0,2.0,81.0
2025-07-31,8.455085471856263,8.482837145475138,8.455085471856263,8.464335441589355,32800,623.6046752929688,52.0,4.0,4.0,1.0,8.0,0.00024340650450728357,0.0001800694109280428,,0,2.0,82.0
2025-08-01,8.50803590592455,8.50803590592455,8.405753822026526,8.442947387695312,29800,613.3834838867188,52.0,4.0,4.0,1.0,8.0,0.0002266656356905442,0.00020663246256811047,,0,2.0,83.0
2025-08-04,8.48944064591062,8.535932830599254,8.4708434173293,8.526634216308594,26100,622.706787109375,53.0,4.0,4.0,1.0,8.0,0.0002590366820491964,0.00022407616034016424,,0,2.0,84.0
2025-08-05,8.49873954927445,8.554529463386695,8.48014232006057,8.517335891723633,21600,619.5496215820312,52.0,4.0,4.0,1.0,8.0,0.000277646359457261,0.0002534834447199783,,0,2.0,85.0
2025-08-06,8.498739838979487,8.535933411910404,8.489441224055577,8.508037567138672,38100,624.2952270507812,51.0,4.0,4.0,1.0,8.0,0.000291623323917132,0.00023928499221527845,,0,2.0,86.0
2025-08-07,8.498740196228027,8.554530114587195,8.470844350283679,8.498740196228027,24200,623.7722778320312,50.0,4.0,4.0,1.0,8.0,0.000274846804764695,0.00024340650450728357,,0,2.0,87.0
2025-08-08,8.470845022637153,8.545232177530192,8.470845022637153,8.535934448242188,48500,628.6361694335938,50.0,1.0,4.0,1.0,2.0,0.0002494574903557551,0.0002266656356905442,,0,2.0,88.0
2025-08-11,8.58242443721426,8.591723051839372,8.545230865478516,8.545230865478516,32900,627.3931274414062,49.0,1.0,4.0,1.0,2.0,0.00024477675344970854,0.0002590366820491964,,0,2.0,89.0
2025-08-12,8.554529291491678,8.628916433323067,8.554529291491678,8.610320091247559,37400,634.072265625,50.0,1.0,4.0,1.0,2.0,0.0002529341551804864,0.000277646359457261,,0,2.0,90.0
2025-08-13,8.656810382424817,8.656810382424817,8.610318207261779,8.638213157653809,25400,636.2428588867188,49.0,1.0,1.0,1.0,1.0,0.00027358891304901607,0.000291623323917132,,0,1.0,1.0
2025-08-14,8.591721246642575,8.65681064857779,8.591721246642575,8.601019859313965,32000,636.3019409179688,49.0,1.0,1.0,1.0,1.0,0.00027016339609343363,0.000274846804764695,,0,1.0,2.0
2025-08-15,8.61031940719422,8.628915747792329,8.554528611870683,8.573125839233398,11200,634.8123168945312,48.0,1.0,1.0,1.0,1.0,0.00024296528396776729,0.0002494574903557551,,0,1.0,3.0
2025-08-18,8.573126520331865,8.619618705667651,8.573126520331865,8.610320091247559,30500,634.6741333007812,48.0,1.0,1.0,1.0,1.0,0.00022695573368049552,0.00024477675344970854,,0,1.0,4.0
2025-08-19,8.61961802087558,8.638214361473686,8.563827225552041,8.573125839233398,26800,631.2308959960938,47.0,1.0,1.0,1.0,1.0,0.00020319584145545665,0.0002529341551804864,,0,1.0,5.0
2025-08-20,8.58242443721426,8.58242443721426,8.526634522992993,8.545230865478516,136300,629.5537719726562,47.0,1.0,1.0,1.0,1.0,0.0001919241463491565,0.00027358891304901607,,0,1.0,6.0
2025-08-21,8.51733721613651,8.563829409635868,8.51733721613651,8.535934448242188,22700,627.0280151367188,46.0,1.0,1.0,1.0,1.0,0.00014612849598849263,0.00027016339609343363,,0,1.0,7.0
2025-08-22,8.573124908064306,8.647512035906402,8.573124908064306,8.601019859313965,50500,636.6571655273438,47.0,1.0,1.0,1.0,1.0,0.0001693578812357789,0.00024296528396776729,,0,1.0,8.0
2025-08-25,8.591721246642575,8.628914810563622,8.582422633971184,8.601019859313965,18800,633.8552856445312,46.0,1.0,1.0,1.0,1.0,0.00020520352529666106,0.00022695573368049552,,0,1.0,9.0
2025-08-26,8.58242482703018,8.619619287220004,8.573127098747463,8.591723442077637,10200,636.5092163085938,45.0,1.0,1.0,1.0,1.0,0.00026980370034051826,0.00020319584145545665,,0,1.0,10.0
2025-08-27,8.582422060284566,8.619616508483887,8.57312433499919,8.619616508483887,42000,637.9595336914062,45.0,1.0,1.0,1.0,1.0,0.00029754363751909735,0.0001919241463491565,,0,1.0,11.0
2025-08-28,8.601019284384225,8.647511457868923,8.591720672334397,8.619616508483887,73300,640.21875,44.0,1.0,1.0,1.0,1.0,0.00031098105043149345,0.00014612849598849263,,0,1.0,12.0
2025-08-29,8.628915747792329,8.628915747792329,8.573125839233398,8.573125839233398,35400,636.4005737304688,44.0,1.0,1.0,1.0,1.0,0.0003106723049460013,0.0001693578812357789,,0,1.0,13.0
2025-09-02,8.514244929778668,8.570321580465658,8.495553307088421,8.551629066467285,45200,631.6847534179688,44.0,1.0,1.0,1.0,1.0,0.00030180259793948666,0.00020520352529666106,,1,1.0,14.0
2025-09-03,8.598358154296875,8.607704409876616,8.560974023285898,8.598358154296875,39400,635.108154296875,44.0,1.0,1.0,1.0,1.0,0.00030332452032343543,0.00026980370034051826,,0,1.0,15.0
2025-09-04,8.607707413847555,8.635745299063625,8.598361155006097,8.626399040222168,13600,640.416015625,43.0,1.0,1.0,1.0,1.0,0.00032123227101050735,0.00029754363751909735,,0,1.0,16.0
2025-09-05,8.645089296495605,8.673127174377441,8.626396783702338,8.673127174377441,42200,638.561279296875,43.0,1.0,1.0,1.0,1.0,0.00034751746831657046,0.00031098105043149345,,0,1.0,17.0
2025-09-08,8.654435761154469,8.701166152954102,8.654435761154469,8.701166152954102,31300,640.1300048828125,43.0,1.0,1.0,1.0,1.0,0.0003539120311586313,0.0003106723049460013,,0,1.0,18.0
2025-09-09,8.71051130865591,8.71051130865591,8.663781809288874,8.673127174377441,38900,641.6099853515625,42.0,1.0,1.0,1.0,1.0,0.0003505860445663525,0.00030180259793948666,,0,1.0,19.0
2025-09-10,8.729205131530762,8.738551389330086,8.701167249440994,8.729205131530762,78200,643.4647216796875,43.0,1.0,1.0,1.0,1.0,0.00035518816982414914,0.00030332452032343543,,0,1.0,20.0
2025-09-11,8.775934511488517,8.832010269165039,8.747895741342157,8.832010269165039,51400,648.81201171875,45.0,1.0,1.0,1.0,1.0,0.0004090664983068763,0.00032123227101050735,,0,1.0,21.0
2025-09-12,8.766588811003633,8.832010829546565,8.766588811003633,8.813319206237793,30800,648.5949096679688,44.0,1.0,1.0,1.0,1.0,0.00045580291269477343,0.00034751746831657046,,0,1.0,22.0
2025-09-15,8.794626133611324,8.860048148003301,8.794626133611324,8.832010269165039,20100,652.0480346679688,44.0,1.0,1.0,1.0,1.0,0.0004969270338402951,0.0003539120311586313,,0,1.0,23.0
2025-09-16,8.869394404718754,8.869394404718754,8.803972390326777,8.832010269165039,26500,651.1502075195312,43.0,1.0,1.0,1.0,1.0,0.00048822883152039724,0.0003505860445663525,,0,1.0,24.0
2025-09-17,8.869395112214931,8.869395112214931,8.82266471621816,8.841357231140137,46700,650.3412475585938,43.0,1.0,1.0,1.0,1.0,0.0004951396085149507,0.00035518816982414914,,0,1.0,25.0
2025-09-18,8.82266506329802,8.89743423461914,8.82266506329802,8.89743423461914,34300,653.3799438476562,43.0,1.0,1.0,1.0,1.0,0.0005278505858050609,0.0004090664983068763,,0,1.0,26.0
2025-09-19,8.916124444745755,8.916124444745755,8.832009920245918,8.878740310668945,25800,656.615966796875,42.0,1.0,1.0,1.0,1.0,0.0005823208590697068,0.00045580291269477343,,0,1.0,27.0
2025-09-22,8.832010167245853,8.869394302368164,8.832010167245853,8.869394302368164,29900,659.7225341796875,42.0,1.0,1.0,1.0,1.0,0.0006161003621153281,0.0004969270338402951,,0,1.0,28.0
2025-09-23,8.841356525880492,8.878740661434207,8.832010269165039,8.832010269165039,33800,656.1312866210938,41.0,1.0,1.0,1.0,1.0,0.0006114913635856856,0.00048822883152039724,,0,1.0,29.0
2025-09-24,8.850704411577597,8.850704411577597,8.747897351402058,8.775936126708984,25600,654.043701171875,42.0,1.0,1.0,1.0,1.0,0.0005501722684136363,0.0004951396085149507,,0,1.0,30.0
2025-09-25,8.766589271419853,8.766589271419853,8.719858873731438,8.729205131530762,22700,651.0263061523438,42.0,1.0,1.0,1.0,1.0,0.000517602336414002,0.0005278505858050609,,0,1.0,31.0
2025-09-26,8.785281289697958,8.785281289697958,8.738551781222098,8.747897148132324,30600,654.7560424804688,41.0,1.0,1.0,1.0,1.0,0.0005592285657372676,0.0005823208590697068,,0,1.0,32.0
2025-09-29,8.775935922787731,8.775935922787731,8.729205523003628,8.747897148132324,83000,656.59619140625,41.0,1.0,1.0,1.0,1.0,0.0006608255318433593,0.0006161003621153281,,0,1.0,33.0
2025-09-30,8.766589994582366,8.794627878985,8.63574504852295,8.63574504852295,23400,659.0695190429688,44.0,1.0,1.0,1.0,1.0,0.0006931329519145345,0.0006114913635856856,,0,1.0,34.0
2025-10-01,8.689288396448669,8.726863661787903,8.670500315846558,8.708076477050781,27000,661.3153686523438,45.0,1.0,1.0,1.0,1.0,0.0006314150312759859,0.0005501722684136363,,0,1.0,35.0
2025-10-02,8.679894554371053,8.726863861083984,8.679894554371053,8.726863861083984,33400,662.0770263671875,44.0,1.0,1.0,1.0,1.0,0.0006083792018645274,0.000517602336414002,-1.0,0,1.0,36.0
2025-10-03,8.745652745294885,8.773833973564734,8.73625870391657,8.755045890808105,17600,662.0671997070312,44.0,1.0,1.0,1.0,1.0,0.0006475120608324751,0.0005592285657372676,-1.0,0,1.0,37.0
2025-10-06,8.792620809971217,8.792620809971217,8.745652396682052,8.764439582824707,37900,664.4415283203125,43.0,1.0,1.0,1.0,1.0,0.0006984422221507934,0.0006608255318433593,-1.0,0,1.0,38.0
2025-10-07,8.736258610010621,8.802015107221818,8.726864568733282,8.783227920532227,68700,661.9780883789062,42.0,1.0,1.0,1.0,1.0,0.0007094850902961335,0.0006931329519145345,-1.0,0,1.0,39.0
2025-10-08,8.811409243212898,8.811409243212898,8.708077475646721,8.755045890808105,54200,665.925537109375,42.0,1.0,1.0,1.0,1.0,0.0006978255956014765,0.0006314150312759859,-1.0,0,1.0,40.0
2025-10-09,8.72686541825741,8.811410006253348,8.708078229738963,8.736259460449219,22200,663.9963989257812,42.0,1.0,1.0,1.0,1.0,0.000677854754150272,0.0006083792018645274,-1.0,0,1.0,41.0
2025-10-10,8.736259159606549,8.736259159606549,8.585958073174073,8.595351219177246,19800,646.050048828125,46.0,1.0,1.0,1.0,1.0,0.000594657755035,0.0006475120608324751,-1.0,0,1.0,42.0
2025-10-13,8.614140159772932,8.689290710464487,8.60474611697018,8.623534202575684,24700,655.9630126953125,46.0,1.0,1.0,1.0,1.0,0.0005230833442542014,0.0006984422221507934,-1.0,0,1.0,43.0
2025-10-14,8.604744169992417,8.73625805187788,8.604744169992417,8.69868278503418,18700,655.1616821289062,47.0,1.0,1.0,1.0,1.0,0.000492990849992123,0.0007094850902961335,1.0,0,1.0,44.0
2025-10-15,8.69868263540223,8.755045086765737,8.69868263540223,8.726863861083984,17500,658.0703125,46.0,1.0,1.0,1.0,1.0,0.0004921072202153753,0.0006978255956014765,1.0,0,1.0,45.0
2025-10-16,8.717470367773128,8.717470367773128,8.61413860321045,8.61413860321045,25800,653.5887451171875,49.0,1.0,4.0,1.0,2.0,0.00043708595364309226,0.000677854754150272,-1.0,0,2.0,46.0
2025-10-17,8.576563334654468,8.623532644315711,8.576563334654468,8.61413860321045,24900,657.298583984375,48.0,1.0,4.0,1.0,2.0,0.00035232798537502196,0.000594657755035,-1.0,0,2.0,47.0
2025-10-20,8.62353190607126,8.717469621486845,8.62353190607126,8.708076477050781,30700,664.1348876953125,50.0,1.0,4.0,1.0,2.0,0.0003110188402407016,0.0005230833442542014,-1.0,0,2.0,48.0
2025-10-21,8.736258250849652,8.736258250849652,8.689288942259026,8.717470169067383,28700,664.1249389648438,49.0,1.0,4.0,1.0,2.0,0.00033792790772542544,0.000492990849992123,-1.0,0,2.0,49.0
2025-10-22,8.698682877641636,8.717470063330982,8.64231952884352,8.670500755310059,21800,660.6722412109375,49.0,1.0,4.0,1.0,2.0,0.00035229063558122833,0.0004921072202153753,-1.0,0,2.0,50.0
2025-10-23,8.64231952884352,8.689288836864444,8.64231952884352,8.670500755310059,24100,664.5899658203125,48.0,1.0,4.0,1.0,2.0,0.0003225516895405507,0.00043708595364309226,-1.0,0,2.0,51.0
2025-10-24,8.69868289070007,8.745652198791504,8.689288849908776,8.745652198791504,45900,670.0213012695312,49.0,1.0,4.0,1.0,2.0,0.00030635872289438103,0.00035232798537502196,-1.0,0,2.0,52.0
2025-10-27,8.802015201834584,8.802015201834584,8.717470621159942,8.755045890808105,63500,677.926025390625,48.0,1.0,1.0,1.0,1.0,0.00031661285334073913,0.0003110188402407016,-1.0,0,1.0,53.0
2025-10-28,8.73625805187788,8.73625805187788,8.689288744356999,8.69868278503418,41700,679.7266235351562,48.0,1.0,1.0,1.0,1.0,0.0003305442546105806,0.00033792790772542544,-1.0,0,1.0,54.0
2025-10-29,8.689288287979846,8.708076368347426,8.651713023109668,8.661107063293457,80500,680.0531005859375,48.0,1.0,1.0,1.0,1.0,0.00029574797066656895,0.00035229063558122833,-1.0,0,1.0,55.0
2025-10-30,8.623532644315711,8.670501058111885,8.61413860321045,8.61413860321045,32300,672.5739135742188,48.0,1.0,1.0,1.0,1.0,0.0002368095781083302,0.0003225516895405507,-1.0,0,1.0,56.0
2025-10-31,8.61413845230323,8.661107761141638,8.61413845230323,8.642319679260254,35700,674.780029296875,47.0,1.0,1.0,1.0,1.0,0.0001891730837591761,0.00030635872289438103,-1.0,0,1.0,57.0
2025-11-03,8.658372780482827,8.667815060616817,8.59227862047568,8.639488220214844,154900,676.0463256835938,47.0,1.0,1.0,1.0,1.0,0.00015318912430680904,0.00031661285334073913,-1.0,0,1.0,58.0
2025-11-04,8.639488079500028,8.639488079500028,8.582836200549584,8.592278480529785,31500,668.0327758789062,47.0,1.0,1.0,1.0,1.0,0.00013725022240234147,0.0003305442546105806,-1.0,0,1.0,59.0
2025-11-05,8.5828363892379,8.667815109997148,8.5828363892379,8.648930549621582,8200,670.3478393554688,47.0,1.0,1.0,1.0,1.0,0.00016216825090761646,0.00029574797066656895,1.0,0,1.0,60.0
2025-11-06,8.6583716756977,8.696139890949144,8.59227752412399,8.60171890258789,16000,663.1553955078125,47.0,1.0,1.0,1.0,1.0,0.00016746063315022647,0.0002368095781083302,1.0,0,1.0,61.0
2025-11-07,8.592277674893936,8.639487269437677,8.5450671798849,8.630045890808105,32300,663.808349609375,46.0,1.0,1.0,1.0,1.0,0.00019340165392053044,0.0001891730837591761,1.0,0,1.0,62.0
2025-11-10,8.658372924051774,8.705583425039155,8.658372924051774,8.67725658416748,58400,674.1665649414062,46.0,1.0,1.0,1.0,1.0,0.0002104578043581975,0.00015318912430680904,-1.0,0,1.0,63.0
2025-11-11,8.648930643761215,8.724467085154862,8.648930643761215,8.67725658416748,41900,675.7100219726562,45.0,1.0,1.0,1.0,1.0,0.00030096537584591915,0.00013725022240234147,-1.0,0,1.0,64.0
2025-11-12,8.667815492436068,8.752794216944725,8.667815492436068,8.743351936340332,19800,676.0859985351562,46.0,1.0,1.0,1.0,1.0,0.0003746209216354001,0.00016216825090761646,1.0,0,1.0,65.0
2025-11-13,8.677256489719532,8.743351550568615,8.648930549621582,8.648930549621582,34200,664.8670043945312,48.0,1.0,1.0,1.0,1.0,0.00038670377461752877,0.00016746063315022647,1.0,0,1.0,66.0
2025-11-14,8.658372780482827,8.686698720419404,8.601720000144276,8.639488220214844,17800,664.7581176757812,47.0,1.0,1.0,1.0,1.0,0.000326218193578689,0.00019340165392053044,1.0,0,1.0,67.0
2025-11-17,8.601718755812618,8.658371527955733,8.54506688413477,8.554509162902832,47200,658.5648803710938,48.0,1.0,4.0,1.0,2.0,0.00024146565865428777,0.0002104578043581975,1.0,0,2.0,68.0
2025-11-18,8.563949584960938,8.573391862674683,8.497855441895052,8.563949584960938,43900,653.03466796875,47.0,1.0,4.0,1.0,2.0,0.0001970559380039784,0.00030096537584591915,1.0,0,2.0,69.0
2025-11-19,8.56395049045505,8.592277326591372,8.545066833496094,8.545066833496094,34300,655.557373046875,47.0,1.0,4.0,1.0,2.0,0.0001791277781776813,0.0003746209216354001,1.0,0,2.0,70.0
2025-11-20,8.535624251115113,8.630045233946488,8.45064554665992,8.478971481323242,28500,645.5652465820312,47.0,1.0,4.0,1.0,2.0,0.00016901646023024714,0.00038670377461752877,1.0,0,2.0,71.0
2025-11-21,8.422319911634473,8.582835047879264,8.422319911634473,8.545066833496094,41100,651.995849609375,48.0,1.0,4.0,1.0,2.0,0.00018645020150110007,0.000326218193578689,1.0,0,2.0,72.0
2025-11-24,8.620603460446253,8.620603460446253,8.573392966265626,8.60171890258789,27500,661.59228515625,48.0,1.0,4.0,1.0,2.0,0.00021112084035210203,0.00024146565865428777,-1.0,0,2.0,73.0
2025-11-25,8.639488367550008,8.677256588264665,8.620604707425386,8.667815208435059,35100,667.815185546875,48.0,1.0,1.0,1.0,1.0,0.00025621924200329454,0.0001970559380039784,-1.0,0,1.0,74.0
2025-11-26,8.639487609583629,8.733908603319158,8.639487609583629,8.724466323852539,55100,672.4254150390625,48.0,1.0,1.0,1.0,1.0,0.0002828799286807105,0.0001791277781776813,-1.0,0,1.0,75.0
2025-11-28,8.752792406699752,8.781118342189147,8.743350128048204,8.771676063537598,17600,676.0958251953125,48.0,1.0,1.0,1.0,1.0,0.0003343839112390874,0.00016901646023024714,-1.0,0,1.0,76.0
2025-12-01,8.702398647474975,8.787809465319803,8.702398647474975,8.721378326416016,47000,673.0091552734375,48.0,1.0,1.0,1.0,1.0,0.0003621951135304359,0.00018645020150110007,-1.0,0,1.0,77.0
2025-12-02,8.721378510711205,8.787809651018776,8.721378510711205,8.778319358825684,41900,674.2556762695312,48.0,1.0,1.0,1.0,1.0,0.0003844496625550776,0.00021112084035210203,1.0,0,1.0,78.0
2025-12-03,8.768829134172684,8.816279690459549,8.759338841906494,8.80678939819336,70800,676.5905151367188,48.0,1.0,1.0,1.0,1.0,0.0003804976898555226,0.00025621924200329454,1.0,0,1.0,79.0
2025-12-04,8.778319426438873,8.816279690459549,8.778319426438873,8.80678939819336,26100,677.0851440429688,47.0,1.0,1.0,1.0,1.0,0.0004103343368564058,0.0002828799286807105,1.0,0,1.0,80.0
2025-12-05,8.787810568829798,8.873221397399902,8.787810568829798,8.873221397399902,18700,678.371337890625,48.0,1.0,1.0,1.0,1.0,0.0004508780671942716,0.0003343839112390874,1.0,0,1.0,81.0
2025-12-08,8.920670307622526,8.920670307622526,8.835260391235352,8.835260391235352,50300,676.3333129882812,47.0,1.0,1.0,1.0,1.0,0.0004692536677014796,0.0003621951135304359,1.0,0,1.0,82.0
2025-12-09,8.863730286388673,8.949141107078205,8.863730286388673,8.930160522460938,65700,675.7495727539062,49.0,1.0,1.0,1.0,1.0,0.0004884713516830804,0.0003844496625550776,1.0,0,1.0,83.0
2025-12-10,8.882712032624598,9.015573440724912,8.882712032624598,8.987103462219238,65200,680.2312622070312,49.0,1.0,1.0,1.0,1.0,0.0005194277785338378,0.0003804976898555226,1.0,0,1.0,84.0
2025-12-11,8.93016104826466,9.006081581115723,8.93016104826466,9.006081581115723,29100,681.8140869140625,48.0,1.0,1.0,1.0,1.0,0.0005804657821264518,0.0004103343368564058,1.0,0,1.0,85.0
2025-12-12,8.95863151550293,9.006082077410722,8.939651833766328,8.95863151550293,22700,674.4832153320312,48.0,1.0,1.0,1.0,1.0,0.0005983801706043046,0.0004508780671942716,1.0,0,1.0,86.0
2025-12-15,8.901690550579122,8.968120786651387,8.901690550579122,8.930160522460938,52000,673.4641723632812,47.0,1.0,1.0,1.0,1.0,0.0005866864990023739,0.0004692536677014796,1.0,0,1.0,87.0
2025-12-16,8.930160522460938,8.968120786651387,8.920670230152302,8.930160522460938,96200,671.6240844726562,47.0,1.0,1.0,1.0,1.0,0.0005485965341831969,0.0004884713516830804,1.0,0,1.0,88.0
2025-12-17,8.911181449890137,8.977611690487425,8.911181449890137,8.911181449890137,87100,664.2338256835938,46.0,1.0,1.0,1.0,1.0,0.0005407211095683744,0.0005194277785338378,1.0,0,1.0,89.0
2025-12-18,8.98710239567412,9.006082077410722,8.949142127156724,8.95863151550293,22200,669.2496948242188,46.0,1.0,1.0,1.0,1.0,0.000528625804586645,0.0005804657821264518,1.0,0,1.0,90.0
2025-12-19,8.939651341132079,9.015571873983141,8.939651341132079,9.006081581115723,46100,675.3153686523438,46.0,1.0,1.0,1.0,1.0,0.0005410787063227926,0.0005983801706043046,1.0,0,1.0,91.0
2025-12-22,8.996589779857766,9.034550944962776,8.996589779857766,9.025060653686523,153800,679.5225219726562,45.0,1.0,1.0,1.0,1.0,0.0005378165848146952,0.0005866864990023739,-1.0,0,1.0,92.0
2025-12-23,9.015570362410271,9.034550944962776,9.006080071134019,9.025060653686523,34200,682.6282348632812,45.0,1.0,1.0,1.0,1.0,0.000527252312063472,0.0005485965341831969,-1.0,0,1.0,93.0
2025-12-24,9.034553135066266,9.034553135066266,9.006082254335764,9.015572547912598,31600,685.0294799804688,44.0,1.0,1.0,1.0,1.0,0.0005104686281884542,0.0005407211095683744,-1.0,0,1.0,94.0
2025-12-26,9.025062281170085,9.034552574157715,9.006081695194823,9.034552574157715,36300,684.9600219726562,43.0,1.0,1.0,1.0,1.0,0.000489580605698948,0.000528625804586645,-1.0,0,1.0,95.0
2025-12-29,9.015571198631859,9.015571198631859,8.97761093504991,8.996590614318848,56900,682.51904296875,43.0,1.0,1.0,1.0,1.0,0.0004906667331776784,0.0005410787063227926,-1.0,0,1.0,96.0
2025-12-30,9.000421348108866,9.000421348108866,8.9621217177689,8.971696853637695,53700,681.685546875,43.0,1.0,1.0,1.0,1.0,0.0004641943642436506,0.0005378165848146952,-1.0,0,1.0,97.0
2025-12-31,8.962121076880916,8.971696212064986,8.923821449279785,8.923821449279785,106000,676.635009765625,43.0,1.0,1.0,1.0,1.0,0.0004632667279955383,0.000527252312063472,-1.0,0,1.0,98.0
2026-01-02,8.94297323647268,9.038721865147933,8.94297323647268,9.009997367858887,50900,677.8753051757812,44.0,1.0,1.0,1.0,1.0,0.00048628266801592355,0.0005104686281884542,1.0,0,1.0,99.0
2026-01-05,9.01957218579932,9.09617145128564,9.01957218579932,9.05787181854248,31000,682.3900756835938,44.0,1.0,1.0,1.0,1.0,0.0005606927232538053,0.000489580605698948,1.0,0,1.0,100.0
2026-01-06,9.057870179864635,9.191919326782227,9.057870179864635,9.191919326782227,45200,686.4484252929688,48.0,1.0,1.0,1.0,1.0,0.0006522921335339558,0.0004906667331776784,1.0,0,1.0,101.0
2026-01-07,9.239795165385308,9.239795165385308,9.115322039516073,9.153621673583984,48800,684.2356567382812,47.0,1.0,1.0,1.0,1.0,0.0006781742073243792,0.0004641943642436506,1.0,0,1.0,102.0
2026-01-08,9.105746198666333,9.153620965833412,9.105746198666333,9.14404582977295,39000,684.1661987304688,47.0,1.0,1.0,1.0,1.0,0.0006607329731868231,0.0004632667279955383,1.0,0,1.0,103.0
2026-01-09,9.15361970096793,9.191919326782227,9.144044566230578,9.191919326782227,20700,688.69091796875,47.0,1.0,1.0,1.0,1.0,0.0006199787672475757,0.00048628266801592355,1.0,0,1.0,104.0
2026-01-12,9.134469431493228,9.191919326782227,9.134469431493228,9.191919326782227,17300,689.7723999023438,46.0,1.0,1.0,1.0,1.0,0.0006052698415646237,0.0005606927232538053,1.0,0,1.0,105.0
2026-01-13,9.172769057307525,9.211068683121821,9.172769057307525,9.191919326782227,36300,688.3931884765625,45.0,1.0,1.0,1.0,1.0,0.0005970840566428712,0.0006522921335339558,1.0,0,1.0,106.0
2026-01-14,9.182344859188055,9.211069352351977,9.16319458832199,9.201494216918945,20700,685.009521484375,45.0,1.0,1.0,1.0,1.0,0.0005962770225862855,0.0006781742073243792,1.0,0,1.0,107.0
2026-01-15,9.239793845515901,9.239793845515901,9.191919994621086,9.201494216918945,37200,686.875,44.0,1.0,1.0,1.0,1.0,0.0005884467690129451,0.0006607329731868231,1.0,0,1.0,108.0
2026-01-16,9.172770324819101,9.172770324819101,9.14404582977295,9.14404582977295,34300,686.299560546875,44.0,1.0,1.0,1.0,1.0,0.0005697846821382719,0.0006199787672475757,-1.0,1,1.0,109.0
2026-01-20,9.096170916955888,9.124895411542097,9.048296150555391,9.077020645141602,73200,672.3286743164062,45.0,1.0,1.0,1.0,1.0,0.0005106783743307245,0.0006052698415646237,1.0,1,1.0,110.0
2026-01-21,9.134471399982376,9.172771034050289,9.115322039516073,9.153621673583984,84500,680.088134765625,45.0,1.0,1.0,1.0,1.0,0.00048782495903979786,0.0005970840566428712,1.0,0,1.0,111.0
2026-01-22,9.144044566230578,9.239793174198766,9.144044566230578,9.191919326782227,18300,683.6402587890625,45.0,1.0,1.0,1.0,1.0,0.0004973226034578729,0.0005962770225862855,1.0,0,1.0,112.0
2026-01-23,9.153621673583984,9.201495531317397,9.153621673583984,9.153621673583984,57500,683.8883056640625,45.0,1.0,1.0,1.0,1.0,0.0005108493793837129,0.0005884467690129451,-1.0,0,1.0,113.0
2026-01-26,9.211069489737453,9.211069489737453,9.115320873384535,9.124895095825195,18300,687.3612060546875,44.0,1.0,1.0,1.0,1.0,0.0004717177746101026,0.0005697846821382719,-1.0,0,1.0,114.0
2026-01-27,9.115320873384535,9.1631947249934,9.115320873384535,9.124895095825195,45400,690.099853515625,44.0,1.0,1.0,1.0,1.0,0.00041430083523082514,0.0005106783743307245,-1.0,0,1.0,115.0
2026-01-28,9.096170602232839,9.144045366976892,9.096170602232839,9.124895095825195,54200,690.0303955078125,43.0,1.0,1.0,1.0,1.0,0.0003963108901015293,0.00048782495903979786,-1.0,0,1.0,116.0
2026-01-29,9.144044541905712,9.144044541905712,9.048295021057129,9.048295021057129,33000,688.6610717773438,44.0,1.0,1.0,1.0,1.0,0.0003861724512816127,0.0004973226034578729,-1.0,0,1.0,117.0
2026-01-30,9.000421453804991,9.048296220575967,9.000421453804991,9.038721084594727,45000,686.6071166992188,43.0,1.0,4.0,1.0,2.0,0.0003693310025245256,0.0005108493793837129,-1.0,0,2.0,118.0
2026-02-02,9.01658919468875,9.06470351539511,8.958852744004588,8.997344017028809,94000,690.0203857421875,43.0,1.0,4.0,1.0,2.0,0.00032566001262592637,0.0004717177746101026,-1.0,0,2.0,119.0
2026-02-03,8.99734454380852,9.016589722595235,8.881869800270666,8.910738945007324,35800,684.18603515625,44.0,1.0,4.0,1.0,2.0,0.00025297887492430646,0.00041430083523082514,-1.0,0,2.0,120.0
2026-02-04,8.901114878813718,9.026211738586426,8.901114878813718,9.026211738586426,50200,680.8719482421875,47.0,1.0,4.0,1.0,2.0,0.0002099899779973189,0.0003963108901015293,1.0,0,2.0,121.0
2026-02-05,8.997343087270952,8.997343087270952,8.872246233443276,8.881868362426758,63600,672.3682861328125,51.0,1.0,4.0,1.0,2.0,0.00013558233519231035,0.0003861724512816127,1.0,0,2.0,122.0
2026-02-06,8.920360545240358,9.045456481308575,8.910737498556882,8.95885181427002,57800,685.2676391601562,52.0,1.0,4.0,1.0,2.0,0.0001386717251198973,0.0003693310025245256,-1.0,0,2.0,123.0
2026-02-09,8.901115375616088,9.026212242370889,8.901115375616088,8.997344017028809,57700,688.5718383789062,52.0,1.0,4.0,1.0,2.0,0.00012617473898704699,0.00032566001262592637,-1.0,0,2.0,124.0
2026-02-10,9.074326509068088,9.074326509068088,9.016589141023234,9.05508041381836,71700,686.7559814453125,51.0,1.0,4.0,1.0,2.0,0.00017845843340695653,0.00025297887492430646,1.0,0,1.0,125.0
2026-02-11,9.016588691441383,9.064703009462313,9.016588691441383,9.026211738586426,25000,686.5972290039062,51.0,1.0,4.0,1.0,2.0,0.0002073625038363202,0.0002099899779973189,-1.0,0,2.0,126.0
2026-02-12,9.09356981877201,9.09356981877201,8.920359585623917,8.939604759216309,26900,675.9900512695312,52.0,1.0,4.0,1.0,2.0,0.00020872631908555397,0.00013558233519231035,1.0,0,2.0,127.0
2026-02-13,8.949229690326673,8.997344011000799,8.949229690326673,8.978097915649414,35200,676.4663696289062,51.0,1.0,4.0,1.0,2.0,0.00019923858489538106,0.0001386717251198973,1.0,0,2.0,128.0
2026-02-17,8.94922919683465,9.05507996231727,8.94922919683465,9.026211738586426,44900,677.5578002929688,51.0,1.0,4.0,1.0,2.0,0.00018982079459808248,0.00012617473898704699,1.0,0,1.0,129.0
2026-02-18,9.083947710235455,9.083947710235455,9.01658821915698,9.035834312438965,33700,680.9711303710938,50.0,1.0,4.0,1.0,2.0,0.00020060238923919407,0.00017845843340695653,1.0,0,1.0,130.0
2026-02-19,9.093571740737191,9.093571740737191,8.958852744004588,8.997344017028809,107200,679.1751098632812,50.0,1.0,4.0,1.0,2.0,0.00016918117898176224,0.0002073625038363202,1.0,0,2.0,131.0
2026-02-20,8.958852738002365,9.026212236323538,8.958852738002365,8.978097915649414,25600,684.0867919921875,49.0,1.0,4.0,1.0,2.0,0.0001342615357828347,0.00020872631908555397,-1.0,0,2.0,132.0
2026-02-23,8.958852786140522,8.96847491616358,8.901115417480469,8.901115417480469,24800,677.1013793945312,50.0,1.0,4.0,1.0,2.0,8.505251920112404e-05,0.00019923858489538106,-1.0,0,2.0,133.0
2026-02-24,8.85299918379019,8.949227804864575,8.85299918379019,8.939604759216309,43900,682.02294921875,50.0,1.0,4.0,1.0,2.0,7.623122663231008e-05,0.00018982079459808248,-1.0,0,2.0,134.0
2026-02-25,8.901114451873406,9.01658825896239,8.901114451873406,8.95885181427002,28200,687.7779541015625,49.0,1.0,4.0,1.0,2.0,6.716685768540616e-05,0.00020060238923919407,-1.0,0,2.0,135.0
2026-02-26,9.026210334642427,9.026210334642427,8.901113494327383,8.939604759216309,23100,683.957763671875,48.0,1.0,4.0,1.0,2.0,6.319858397113965e-05,0.00016918117898176224,-1.0,0,2.0,136.0
2026-02-27,8.891491941337883,8.891491941337883,8.804886351372856,8.833755493164062,59100,680.6734619140625,50.0,1.0,4.0,1.0,2.0,1.1937817950887292e-05,0.0001342615357828347,-1.0,1,2.0,137.0
2026-03-02,8.853106729993039,8.872458226672002,8.81440465936526,8.86278247833252,23000,681.0604858398438,50.0,1.0,4.0,1.0,2.0,-3.399599813592865e-05,8.505251920112404e-05,-1.0,0,2.0,138.0
2026-03-03,8.862781636343353,8.862781636343353,8.727324863379978,8.785377502441406,23900,675.057373046875,50.0,1.0,4.0,1.0,2.0,-8.077356098136945e-05,7.623122663231008e-05,-1.0,0,2.0,139.0
2026-03-04,8.92083604563926,8.92083604563926,8.824080407704741,8.86278247833252,12600,679.8201904296875,51.0,1.0,4.0,1.0,2.0,-6.496971164047552e-05,6.716685768540616e-05,-1.0,0,2.0,140.0
2026-03-05,8.920836105811267,8.920836105811267,8.785378396335293,8.824080467224121,24200,676.0297241210938,51.0,1.0,4.0,1.0,2.0,-8.905242763802892e-05,6.319858397113965e-05,-1.0,0,2.0,141.0
2026-03-06,8.766026753393627,8.795053072338462,8.727324687223833,8.73699951171875,20000,667.1690063476562,52.0,1.0,4.0,1.0,2.0,-0.00012784744362128258,1.1937817950887292e-05,1.0,0,2.0,142.0
2026-03-09,8.717649402723204,8.756351470947266,8.630569518536543,8.756351470947266,35200,673.0133056640625,51.0,1.0,4.0,1.0,2.0,-0.00018400910002369544,-3.399599813592865e-05,-1.0,0,2.0,143.0
2026-03-10,8.698297244773942,8.775701375326879,8.698297244773942,8.727324485778809,54300,671.9317016601562,51.0,1.0,4.0,1.0,2.0,-0.00020811205461200173,-8.077356098136945e-05,-1.0,0,2.0,144.0
2026-03-11,8.795051927482016,8.795051927482016,8.669269998120775,8.688620567321777,22100,671.08837890625,50.0,1.0,4.0,1.0,2.0,-0.00022024027535577913,-6.496971164047552e-05,-1.0,0,2.0,145.0
2026-03-12,8.669271583316789,8.669271583316789,8.572515951430026,8.591867446899414,60000,660.89794921875,52.0,1.0,4.0,1.0,2.0,-0.00026977708128059046,-8.905242763802892e-05,-1.0,0,2.0,146.0
2026-03-13,8.659595835582094,8.678947331051484,8.582191699164719,8.591867446899414,29500,657.1571655273438,51.0,1.0,4.0,1.0,2.0,-0.0003053761543991423,-0.00012784744362128258,1.0,0,2.0,147.0
2026-03-16,8.61121701113047,8.659594821408053,8.61121701113047,8.630568504333496,51000,663.8449096679688,51.0,1.0,4.0,1.0,2.0,-0.00031346129901953555,-0.00018400910002369544,-1.0,0,2.0,148.0
2026-03-17,8.669271469116211,8.688622041600604,8.659595721508975,8.669271469116211,31500,665.5912475585938,50.0,1.0,4.0,1.0,2.0,-0.00026897221559697297,-0.00020811205461200173,1.0,0,2.0,149.0
2026-03-18,8.611218193830808,8.678947506613643,8.611218193830808,8.64024543762207,47100,656.3038330078125,50.0,1.0,4.0,1.0,2.0,-0.00022274503208635313,-0.00022024027535577913,1.0,0,2.0,150.0
2026-03-19,8.61121701113047,8.640244250935009,8.591866440657427,8.630568504333496,28600,654.6864624023438,49.0,1.0,4.0,1.0,2.0,-0.00020282019956980004,-0.00026977708128059046,1.0,0,2.0,151.0
2026-03-20,8.611216934878302,8.620892681394135,8.504786491394043,8.504786491394043,55000,645.3009643554688,52.0,1.0,4.0,1.0,2.0,-0.00021956263318670204,-0.0003053761543991423,1.0,0,2.0,152.0
2026-03-23,8.53381316711006,8.640244537800376,8.53381316711006,8.601542472839355,38700,652.07666015625,54.0,1.0,4.0,1.0,2.0,-0.00022795304584790526,-0.00031346129901953555,1.0,0,2.0,153.0
2026-03-24,8.591866440657427,8.67894631461108,8.5725149474544,8.630568504333496,17000,649.8877563476562,53.0,1.0,4.0,1.0,2.0,-0.00020581719746239353,-0.00026897221559697297,1.0,0,2.0,154.0
2026-03-25,8.707972293161403,8.736998609107555,8.67894597721525,8.698296546936035,21400,653.5094604492188,53.0,1.0,4.0,1.0,2.0,-0.0001673030814960761,-0.00022274503208635313,1.0,0,2.0,155.0
2026-03-26,8.640244250935009,8.707972631685637,8.620892757731983,8.630568504333496,12300,641.838623046875,54.0,1.0,4.0,1.0,2.0,-0.00016484696044416998,-0.00020282019956980004,1.0,0,2.0,156.0
2026-03-27,8.60154278474779,8.611217609291362,8.524138652018927,8.5338134765625,35700,630.89404296875,55.0,1.0,4.0,1.0,2.0,-0.00019860773827175553,-0.00021956263318670204,1.0,1,2.0,157.0
2026-03-30,8.543489977821807,8.64024561363685,8.504787908041815,8.524139404296875,57600,628.78466796875,54.0,1.0,4.0,1.0,2.0,-0.0002429419122877076,-0.00022795304584790526,1.0,0,2.0,158.0
2026-03-31,8.6112172970321,8.630568790877618,8.562840407878335,8.601542472839355,13600,647.0621337890625,55.0,1.0,4.0,1.0,2.0,-0.0002563828360491322,-0.00020581719746239353,-1.0,0,2.0,159.0
2026-04-01,8.737765099880052,8.737765099880052,8.621002197265625,8.621002197265625,29200,651.9373779296875,54.0,1.0,4.0,1.0,2.0,-0.00024449647701984336,-0.0001673030814960761,-1.0,0,2.0,160.0
2026-04-02,8.562620942719139,8.650193348934353,8.552890469150997,8.640462875366211,54100,652.5244750976562,53.0,1.0,4.0,1.0,2.0,-0.00020857759296433108,-0.00016484696044416998,-1.0,0,2.0,161.0
2026-04-06,8.718304511265135,8.718304511265135,8.621001634793712,8.65992259979248,37600,655.6087646484375,53.0,1.0,4.0,1.0,2.0,-0.00016062556970490469,-0.00019860773827175553,-1.0,0,2.0,162.0
2026-04-07,8.69884413234191,8.69884413234191,8.562621209932942,8.621002197265625,122000,655.8972778320312,52.0,1.0,4.0,1.0,2.0,-0.0001259066389484746,-0.0002429419122877076,-1.0,0,2.0,163.0
2026-04-08,8.65992353475554,8.77668737030718,8.65992353475554,8.728035926818848,36200,672.6027221679688,54.0,1.0,4.0,1.0,2.0,-9.027131914258239e-05,-0.0002563828360491322,-1.0,0,2.0,164.0
2026-04-09,8.796147915491625,8.796147915491625,8.708575497580062,8.757226943969727,37300,676.4830322265625,54.0,1.0,4.0,1.0,2.0,-8.028350985734875e-05,-0.00024449647701984336,-1.0,0,2.0,165.0
2026-04-10,8.718305291927434,8.757226260411299,8.718305291927434,8.737765312194824,49700,676.0353393554688,53.0,1.0,4.0,1.0,2.0,-5.118162748300263e-05,-0.00020857759296433108,-1.0,0,2.0,166.0
2026-04-13,8.728035839311676,8.873989240364246,8.728035839311676,8.864258766174316,20800,682.6417846679688,56.0,1.0,4.0,1.0,2.0,1.1875403878283243e-05,-0.00016062556970490469,-1.0,0,2.0,167.0
2026-04-14,8.80587720339445,8.981021087660361,8.80587720339445,8.971291542053223,56700,690.959716796875,57.0,1.0,1.0,1.0,1.0,8.434237406720092e-05,-0.0001259066389484746,-1.0,0,1.0,168.0
2026-04-15,8.903179540402611,9.039403392237121,8.903179540402611,9.010212898254395,32100,696.412109375,57.0,1.0,1.0,1.0,1.0,0.00016316453373403628,-9.027131914258239e-05,-1.0,0,1.0,169.0
2026-04-16,9.049132740191219,9.097784176074567,9.029671794658297,9.088053703308105,57600,698.1234130859375,57.0,1.0,1.0,1.0,1.0,0.00020828786684885185,-8.028350985734875e-05,-1.0,0,1.0,170.0
2026-04-17,9.117244452474202,9.195086380917711,9.117244452474202,9.13670539855957,33400,706.5607299804688,57.0,1.0,1.0,1.0,1.0,0.00026195816735582377,-5.118162748300263e-05,-1.0,0,1.0,171.0
2026-04-20,9.11724510963303,9.185356569943238,9.11724510963303,9.156166076660156,28400,705.1477661132812,56.0,1.0,1.0,1.0,1.0,0.0003067618603893431,1.1875403878283243e-05,-1.0,0,1.0,172.0
2026-04-21,9.156166759495639,9.224278224885367,9.156166759495639,9.175627708435059,20200,700.53125,55.0,1.0,1.0,1.0,1.0,0.0003386855670808762,8.434237406720092e-05,1.0,0,1.0,173.0
2026-04-22,9.175626983730073,9.234007970039073,9.175626983730073,9.22427749633789,34700,707.6253051757812,55.0,1.0,1.0,1.0,1.0,0.00037761695147991276,0.00016316453373403628,1.0,0,1.0,174.0
2026-04-23,9.185356569943238,9.21454799117537,9.126975583377074,9.156166076660156,27600,704.8792114257812,55.0,1.0,1.0,1.0,1.0,0.0003988204774190457,0.00020828786684885185,-1.0,0,1.0,175.0
2026-04-24,9.126974766138979,9.156165256808315,9.117244293266209,9.146434783935547,4700,710.3414916992188,54.0,1.0,1.0,1.0,1.0,0.00044031232952143314,0.00026195816735582377,-1.0,0,1.0,176.0
2026-04-27,9.214547166095958,9.214547166095958,9.126974766138979,9.146434783935547,29700,711.5653686523438,53.0,1.0,1.0,1.0,1.0,0.00045377026562218445,0.0003067618603893431,-1.0,0,1.0,177.0
2026-04-28,9.097785562554204,9.097785562554204,9.049134119256498,9.05886459350586,31500,708.1029052734375,54.0,1.0,1.0,1.0,1.0,0.0004403304936003624,0.0003386855670808762,-1.0,1,1.0,178.0
2026-04-29,9.000482516243162,9.078324452958526,9.000482516243162,9.068593978881836,36000,707.993408203125,53.0,1.0,1.0,1.0,1.0,0.00040965178398370914,0.00037761695147991276,-1.0,0,1.0,179.0
2026-04-30,9.107515315096212,9.175627708435059,9.078324819636203,9.175627708435059,42600,715.0377197265625,55.0,1.0,1.0,1.0,1.0,0.0004025335049883223,0.0003988204774190457,-1.0,0,1.0,180.0
2026-05-01,9.146281980722772,9.234320271387881,9.126717294200127,9.204974174499512,44000,717.0177001953125,54.0,1.0,1.0,1.0,1.0,0.0004502191673698321,0.00044031232952143314,-1.0,0,1.0,181.0
2026-05-04,9.234319391754852,9.244101734084339,9.165844861239464,9.185409545898438,28300,714.3909912109375,54.0,1.0,1.0,1.0,1.0,0.0005034658030522682,0.00045377026562218445,-1.0,0,1.0,182.0
2026-05-05,9.224537717654322,9.263666152954102,9.195190691507872,9.263666152954102,49600,720.1220092773438,54.0,1.0,1.0,1.0,1.0,0.0005343779818521699,0.0004403304936003624,-1.0,0,1.0,183.0
2026-05-06,9.371269358856823,9.371269358856823,9.253884049925514,9.332140922546387,54600,730.1312866210938,54.0,1.0,1.0,1.0,1.0,0.0005593890679949432,0.00040965178398370914,-1.0,0,1.0,184.0
2026-05-07,9.293013067243162,9.322359163086857,9.26366697139947,9.30279541015625,45400,727.8926391601562,54.0,1.0,1.0,1.0,1.0,0.00054415609868279,0.0004025335049883223,-1.0,0,1.0,185.0
2026-05-08,9.263667417269948,9.332141955166177,9.263667417269948,9.312578201293945,27500,733.9021606445312,53.0,1.0,1.0,1.0,1.0,0.0005612670958247205,0.0004502191673698321,-1.0,0,1.0,186.0
2026-05-11,9.273447562107433,9.35170536560248,9.263666152954102,9.263666152954102,40000,735.5736694335938,52.0,1.0,1.0,1.0,1.0,0.0005710524656092967,0.0005034658030522682,-1.0,0,1.0,187.0
2026-05-12,9.263666152954102,9.28322990415625,9.214755375605504,9.263666152954102,24100,734.4593505859375,52.0,1.0,1.0,1.0,1.0,0.0006249527899677979,0.0005343779818521699,-1.0,0,1.0,188.0
2026-05-13,9.204973033556689,9.28322990415625,9.204973033556689,9.263666152954102,58000,738.5685424804688,51.0,1.0,1.0,1.0,1.0,0.0006367689287957478,0.0005593890679949432,-1.0,0,1.0,189.0
2026-05-14,9.234319865393019,9.332141427914241,9.234319865393019,9.322359085083008,35800,744.3989868164062,51.0,1.0,1.0,1.0,1.0,0.0006589033943093067,0.00054415609868279,-1.0,0,1.0,190.0
2026-05-15,9.25388450717535,9.263666849960199,9.195191383361816,9.195191383361816,538100,735.4443969726562,54.0,1.0,1.0,1.0,1.0,0.0006253549252799461,0.0005612670958247205,-1.0,0,1.0,191.0
2026-05-18,9.28323060263434,9.28323060263434,9.156062945117979,9.195191383361816,33500,734.927001953125,53.0,1.0,1.0,1.0,1.0,0.0005915521954966731,0.0005710524656092967,-1.0,0,1.0,192.0
2026-05-19,9.18540981397155,9.195191223690992,9.097370596227792,9.107152938842773,30800,730.03173828125,54.0,1.0,1.0,1.0,1.0,0.0005090329629761584,0.0006249527899677979,-1.0,0,1.0,193.0
2026-05-20,9.156062518909977,9.195190955332414,9.126716424817026,9.185409545898438,24800,737.5138549804688,54.0,1.0,1.0,1.0,1.0,0.0004627386484006392,0.0006367689287957478,-1.0,0,1.0,194.0
2026-05-21,9.126717294200127,9.204974174499512,9.126717294200127,9.204974174499512,20200,738.9764404296875,53.0,1.0,4.0,1.0,2.0,0.0004221770085032469,0.0006589033943093067,-1.0,0,2.0,195.0
2026-05-22,9.214755934500914,9.253884372173923,9.214755934500914,9.234319686889648,12000,741.8817749023438,53.0,1.0,4.0,1.0,2.0,0.0004170509792438804,0.0006253549252799461,-1.0,0,2.0,196.0
2026-05-26,9.283230276577294,9.332141055888075,9.263666524590295,9.293012619018555,27200,746.8068237304688,53.0,1.0,4.0,1.0,2.0,0.00042112009188976265,0.0005915521954966731,-1.0,0,2.0,197.0
2026-05-27,9.29301248623595,9.341923264847873,9.283230143934464,9.332140922546387,857900,746.6774291992188,52.0,1.0,4.0,1.0,2.0,0.00041874343854001817,0.0005090329629761584,-1.0,0,2.0,198.0
2026-05-28,9.293012855570057,9.381052073991375,9.293012855570057,9.36148738861084,47900,750.7965698242188,52.0,1.0,4.0,1.0,2.0,0.0004100272342986591,0.0004627386484006392,-1.0,0,2.0,199.0
2026-05-29,9.371268834297085,9.498436478411632,9.371268834297085,9.488654136657715,29100,752.6671142578125,54.0,1.0,1.0,1.0,1.0,0.0004139883988252717,0.0004221770085032469,1.0,0,1.0,200.0
2026-06-01,9.500456471948674,9.529960733000939,9.41194275086833,9.48078727722168,61900,754.7166748046875,53.0,1.0,1.0,1.0,1.0,0.00041431572730486543,0.0004170509792438804,1.0,0,1.0,201.0
2026-06-02,9.470953581781453,9.608641716494446,9.470953581781453,9.559467315673828,183000,755.7415771484375,54.0,1.0,1.0,1.0,1.0,0.0004394558653355164,0.00042112009188976265,1.0,0,1.0,202.0
2026-06-03,9.529960809145463,9.539795875549316,9.490621481453605,9.539795875549316,25600,750.4384155273438,53.0,1.0,1.0,1.0,1.0,0.00042745270822056324,0.00041874343854001817,1.0,0,1.0,203.0
2026-06-04,9.57913538060872,9.59880551378064,9.539796052188454,9.549631118774414,40100,753.2740478515625,52.0,1.0,1.0,1.0,1.0,0.00042092341639126925,0.0004100272342986591,1.0,0,1.0,204.0
2026-06-05,9.470953005449608,9.470953005449608,9.343099946265664,9.362770080566406,67400,733.83251953125,58.0,1.0,1.0,1.0,1.0,0.00033813207657915463,0.0004139883988252717,1.0,1,1.0,205.0
2026-06-08,9.402109234243799,9.402109234243799,9.343099770376089,9.352934837341309,23300,735.4940795898438,57.0,1.0,1.0,1.0,1.0,0.0002828618752186023,0.00041431572730486543,1.0,0,1.0,206.0
2026-06-09,9.372603769516326,9.431613231722965,9.264420849715004,9.392273902893066,18900,733.3350830078125,57.0,1.0,1.0,1.0,1.0,0.0002504603886121183,0.0004394558653355164,1.0,0,1.0,207.0
2026-06-10,9.313595242169663,9.382438833118442,9.284090042114258,9.284090042114258,21400,721.7736206054688,58.0,1.0,1.0,1.0,1.0,0.00025279332026138465,0.00042745270822056324,1.0,0,1.0,208.0
2026-06-11,9.293925111856531,9.392273902893066,9.264420849715004,9.392273902893066,17900,734.04150390625,59.0,1.0,1.0,1.0,1.0,0.00027353629494016664,0.00042092341639126925,1.0,0,1.0,209.0
2026-06-12,9.372604105429131,9.45128276590876,9.372604105429131,9.411943435668945,33300,738.0113525390625,58.0,1.0,1.0,1.0,1.0,0.0002680899350125854,0.00033813207657915463,1.0,0,1.0,210.0
2026-06-15,9.520127296447754,9.549631559644158,9.461117832131329,9.520127296447754,52100,751.0254516601562,60.0,1.0,1.0,1.0,1.0,0.00029563756137232006,0.0002828618752186023,-1.0,0,1.0,211.0
2026-06-16,9.549630865651482,9.549630865651482,9.441447949844143,9.48078727722168,30800,746.5481567382812,59.0,1.0,1.0,1.0,1.0,0.00029040485317997363,0.0002504603886121183,-1.0,0,1.0,212.0
2026-06-17,9.461117493864492,9.520126956071131,9.392273902893066,9.392273902893066,61700,737.225341796875,60.0,1.0,1.0,1.0,1.0,0.00026492792021932466,0.00025279332026138465,1.0,0,1.0,213.0
2026-06-18,9.480788497786353,9.480788497786353,9.372604630127785,9.441449165344238,49000,744.8902587890625,59.0,1.0,1.0,1.0,1.0,0.0002310907269115981,0.00027353629494016664,-1.0,0,1.0,214.0
2026-06-22,9.431613231722965,9.51029188938276,9.362769640751539,9.392273902893066,81100,742.546142578125,59.0,1.0,4.0,1.0,2.0,0.00019220068026812927,0.0002680899350125854,-1.0,0,2.0,215.0
2026-06-23,9.38243840592952,9.38243840592952,9.303759751877898,9.313594818115234,60300,731.7628784179688,59.0,1.0,4.0,1.0,2.0,0.00017201484216240246,0.00029563756137232006,1.0,0,2.0,216.0
2026-06-24,9.303760794446827,9.411943721409779,9.234917198918009,9.264421463012695,71500,731.4237060546875,58.0,1.0,4.0,1.0,2.0,0.0001442438788007746,0.00029040485317997363,-1.0,0,2.0,217.0
2026-06-25,9.244750639075393,9.284089967576515,9.195577181891675,9.225081443786621,36000,732.4810791015625,58.0,1.0,4.0,1.0,2.0,0.00012495263076388143,0.00026492792021932466,-1.0,0,2.0,218.0
2026-06-26,9.185742820066881,9.185742820066881,9.156238555908203,9.156238555908203,21600,727.1842651367188,58.0,1.0,4.0,1.0,2.0,9.103355599118894e-05,0.0002310907269115981,-1.0,1,2.0,219.0
2026-06-29,9.195577957288506,9.21524715423584,9.14640355803469,9.21524715423584,33300,739.1644897460938,58.0,1.0,4.0,1.0,2.0,6.035992653803387e-05,0.00019220068026812927,-1.0,0,2.0,220.0
2026-06-30,9.195577181891675,9.244750639075393,9.185742115285501,9.225081443786621,50400,744.9202270507812,57.0,1.0,4.0,1.0,2.0,3.2884792600819774e-05,0.00017201484216240246,-1.0,0,2.0,221.0
2026-07-01,9.25672832349081,9.286398004685461,9.187500953674316,9.187500953674316,78100,743.9127197265625,56.0,1.0,4.0,1.0,2.0,2.9649022787888764e-05,0.0001442438788007746,-1.0,0,2.0,222.0
2026-07-02,9.306176848996383,9.306176848996383,9.177611059942766,9.187500953674316,31400,742.9351806640625,55.0,1.0,4.0,1.0,2.0,3.751160689776727e-05,0.00012495263076388143,-1.0,0,2.0,223.0
2026-07-06,9.167721742194384,9.296286582946777,9.167721742194384,9.296286582946777,34100,749.4190673828125,57.0,1.0,4.0,1.0,2.0,5.5709845915992105e-05,9.103355599118894e-05,-1.0,0,2.0,224.0
2026-07-07,9.3556254454935,9.3556254454935,9.217169761657715,9.217169761657715,36800,745.85791015625,57.0,1.0,4.0,1.0,2.0,5.605593317625017e-05,6.035992653803387e-05,-1.0,0,2.0,225.0
2026-07-08,9.16772240012018,9.207281033148815,9.128162823939338,9.177611351013184,53600,743.5536499023438,57.0,1.0,4.0,1.0,2.0,3.025118942208355e-05,3.2884792600819774e-05,-1.0,1,2.0,226.0
2026-07-09,9.177611059169854,9.31606674194336,9.177611059169854,9.31606674194336,73500,749.8480224609375,60.0,1.0,4.0,1.0,2.0,1.9197052451094425e-05,2.9649022787888764e-05,-1.0,0,2.0,227.0
2026-07-10,9.355625596726146,9.355625596726146,9.276508331298828,9.276508331298828,33200,753.0799560546875,59.0,1.0,4.0,1.0,2.0,1.6493849382084415e-05,3.751160689776727e-05,-1.0,0,2.0,228.0
2026-07-13,9.29628643977459,9.29628643977459,9.217169180613693,9.23694896697998,27200,747.3142700195312,58.0,1.0,4.0,1.0,2.0,2.1465001786252328e-05,5.5709845915992105e-05,-1.0,0,2.0,229.0
2026-07-14,9.236949767306335,9.31606703332227,9.236949767306335,9.306177139282227,37000,749.9677124023438,58.0,1.0,4.0,1.0,2.0,1.1321788113171426e-05,5.605593317625017e-05,1.0,0,1.0,230.0
2026-07-15,9.296286954481925,9.345735479983333,9.296286954481925,9.31606674194336,16500,752.9403076171875,58.0,1.0,4.0,1.0,2.0,9.792026918135795e-06,3.025118942208355e-05,-1.0,0,2.0,231.0
2026-07-16,9.316066298108968,9.316066298108968,9.246838931596422,9.266617774963379,45100,748.8604125976562,57.0,1.0,1.0,1.0,1.0,-1.0683245891754264e-05,1.9197052451094425e-05,-1.0,0,1.0,232.0
2026-07-17,9.256727810194143,9.29628643977459,9.217169180613693,9.23694896697998,15900,741.4487915039062,56.0,1.0,1.0,1.0,1.0,-4.2227627625844736e-05,1.6493849382084415e-05,1.0,0,1.0,233.0
2026-07-20,9.187501615565722,9.246840039077737,9.167722769829881,9.197391510009766,62300,740.2518310546875,56.0,1.0,1.0,1.0,1.0,-7.482804865381013e-05,2.1465001786252328e-05,1.0,0,1.0,234.0
2026-07-21,9.19739004843112,9.27650730510627,9.19739004843112,9.246838569641113,83700,746.426513671875,56.0,1.0,1.0,1.0,1.0,-4.8389396182719085e-05,1.1321788113171426e-05,-1.0,0,1.0,235.0
2026-07-22,9.23694940883099,9.296286884464019,9.23694940883099,9.286397933959961,61600,745.55859375,55.0,1.0,1.0,1.0,1.0,-7.83731567874766e-06,9.792026918135795e-06,1.0,0,1.0,236.0
2026-07-23,9.207281112670898,9.236949851910568,9.187501324409642,9.207281112670898,27900,736.3515014648438,55.0,1.0,1.0,1.0,1.0,2.3999739934334156e-05,-1.0683245891754264e-05,1.0,0,1.0,237.0
2026-07-24,9.157832215631844,9.246839372911438,9.157832215631844,9.187500953674316,18700,737.099609375,55.0,1.0,1.0,1.0,1.0,2.9808735557332636e-05,-4.2227627625844736e-05,1.0,0,1.0,238.0
2026-07-27,9.187500155558702,9.256727519361435,9.187500155558702,9.246838569641113,26500,737.25927734375,55.0,1.0,1.0,1.0,1.0,2.9616969961089515e-05,-7.482804865381013e-05,1.0,0,1.0,239.0
2026-07-28,9.197390626987396,9.246839151307919,9.197390626987396,9.227059364318848,39000,739.0248413085938,54.0,1.0,1.0,1.0,1.0,5.000787902321353e-05,-4.8389396182719085e-05,1.0,0,1.0,240.0
2026-07-29,9.24683930229074,9.24683930229074,9.157832145690918,9.157832145690918,62300,727.6531372070312,54.0,1.0,4.0,1.0,2.0,1.603068374678492e-05,-7.83731567874766e-06,1.0,0,2.0,241.0
2026-07-30,9.197390408450833,9.286397561482469,9.177610621931743,9.266617774963379,70100,739.852783203125,56.0,1.0,4.0,1.0,2.0,2.789777510623941e-05,2.3999739934334156e-05,1.0,0,1.0,242.0
2026-07-31,9.39518393472196,9.39518393472196,9.23694940883099,9.286397933959961,42400,745.1796264648438,55.0,1.0,1.0,1.0,1.0,4.004494887888138e-05,2.9808735557332636e-05,-1.0,0,1.0,243.0
2026-08-03,9.348054573650687,9.407723426818848,9.298331635815508,9.407723426818848,53400,755.793212890625,57.0,1.0,1.0,1.0,1.0,0.00011643015289526324,2.9616969961089515e-05,-1.0,0,1.0,244.0
2026-08-04,9.447502397557464,9.447502397557464,9.348054624537264,9.397778511047363,48500,769.4193725585938,56.0,1.0,1.0,1.0,1.0,0.00013587628544192587,5.000787902321353e-05,-1.0,0,1.0,245.0
2026-08-05,9.437557379200804,9.437557379200804,9.348054573650687,9.407723426818848,126600,767.8831787109375,55.0,1.0,1.0,1.0,1.0,0.00016870121651167846,1.603068374678492e-05,-1.0,0,1.0,246.0
2026-08-06,9.43755694164521,9.447501908112864,9.30827522277832,9.30827522277832,54600,766.65625,56.0,1.0,1.0,1.0,1.0,0.0001751044988393578,2.789777510623941e-05,-1.0,0,1.0,247.0
2026-08-07,9.387833595275879,9.387833595275879,9.318220722824545,9.387833595275879,34800,771.3446044921875,57.0,1.0,1.0,1.0,1.0,0.00020516063476100108,4.004494887888138e-05,-1.0,0,1.0,248.0
2026-08-10,9.348054675531651,9.447502449094348,9.348054675531651,9.387833595275879,46500,771.1151733398438,56.0,1.0,1.0,1.0,1.0,0.00021992024538435335,0.00011643015289526324,-1.0,0,1.0,249.0
2026-08-11,9.367944400604495,9.4276123046875,9.367944400604495,9.4276123046875,24600,768.6513061523438,55.0,1.0,1.0,1.0,1.0,0.00024567924292521467,0.00013587628544192587,-1.0,0,1.0,250.0
2026-08-12,9.427611995114187,9.497225812130774,9.427611995114187,9.48728084564209,31400,770.5764770507812,55.0,1.0,1.0,1.0,1.0,0.0002695338496255135,0.00016870121651167846,1.0,0,1.0,251.0
2026-08-13,9.497226244022675,9.596673068219307,9.497226244022675,9.586729049682617,38100,775.9531860351562,56.0,1.0,1.0,1.0,1.0,0.0003213453667435509,0.0001751044988393578,1.0,0,1.0,252.0
2026-08-14,9.546950391712736,9.546950391712736,9.517115490073062,9.537005424499512,15600,774.4169921875,56.0,1.0,1.0,1.0,1.0,0.00036718895132230425,0.00020516063476100108,1.0,0,1.0,253.0
2026-08-17,9.50717088577231,9.527059870569635,9.457447001172666,9.467391967773438,23400,770.7560424804688,56.0,1.0,1.0,1.0,1.0,0.0003570086457735132,0.00021992024538435335,-1.0,0,1.0,254.0
2026-08-18,9.41766828627649,9.457447205133239,9.397778352645998,9.4276123046875,39200,765.5490112304688,55.0,1.0,1.0,1.0,1.0,0.000314800032235671,0.00024567924292521467,1.0,0,1.0,255.0
2026-08-19,9.477336139100585,9.477336139100585,9.387833335055925,9.437557220458984,42400,767.1549682617188,55.0,1.0,1.0,1.0,1.0,0.00028678947847563945,0.0002695338496255135,1.0,0,1.0,256.0
2026-08-20,9.387833441966192,9.44750229481023,9.387833441966192,9.417668342590332,21400,760.7109985351562,54.0,1.0,1.0,1.0,1.0,0.00028835491003174283,0.0003213453667435509,1.0,0,1.0,257.0
2026-08-21,9.437557169522686,9.467392069646035,9.407723217803563,9.447502136230469,33600,763.8232421875,53.0,1.0,1.0,1.0,1.0,0.00030157342895428113,0.00036718895132230425,1.0,0,1.0,258.0
2026-08-24,9.387833335055925,9.447502187220442,9.387833335055925,9.437557220458984,32600,761.5787963867188,52.0,1.0,1.0,1.0,1.0,0.0003202618258675306,0.0003570086457735132,1.0,0,1.0,259.0
2026-08-25,9.437557118693512,9.497225970214616,9.437557118693512,9.457447052001953,50300,764.0127563476562,52.0,1.0,1.0,1.0,1.0,0.00033241609098961193,0.000314800032235671,1.0,0,1.0,260.0
2026-08-26,9.467392709742988,9.527060617215424,9.467392709742988,9.507171630859375,60400,764.182373046875,51.0,1.0,1.0,1.0,1.0,0.00035400599332424676,0.00028678947847563945,1.0,0,1.0,261.0
2026-08-27,9.57678450571198,9.57678450571198,9.487281696099037,9.507171630859375,81000,769.18994140625,51.0,1.0,1.0,1.0,1.0,0.0003806951324556611,0.00028835491003174283,-1.0,0,1.0,262.0
2026-08-28,9.527060024503644,9.527060024503644,9.4176682353403,9.437557220458984,31000,767.4442749023438,51.0,1.0,1.0,1.0,1.0,0.0004043256708164229,0.00030157342895428113,-1.0,0,1.0,263.0
2026-08-31,9.437557642476518,9.437557642476518,9.318220881215355,9.357999801635742,109100,765.1499633789062,51.0,1.0,1.0,1.0,1.0,0.00039584531001238634,0.0003202618258675306,-1.0,0,1.0,264.0
2026-09-01,9.350000381469727,9.350000381469727,9.260000228881836,9.260000228881836,24900,759.89306640625,53.0,1.0,1.0,1.0,1.0,0.0003318075853641295,0.00033241609098961193,-1.0,0,1.0,265.0
2026-09-02,9.25,9.329999923706055,9.25,9.329999923706055,35400,763.2646484375,53.0,1.0,1.0,1.0,1.0,0.0003145057403755782,0.00035400599332424676,-1.0,0,1.0,266.0
2026-09-03,9.34000015258789,9.420000076293945,9.289999961853027,9.420000076293945,66500,771.2548217773438,54.0,1.0,1.0,1.0,1.0,0.0003421253785632023,0.0003806951324556611,-1.0,0,1.0,267.0
2026-09-04,9.449999809265137,9.449999809265137,9.359999656677246,9.380000114440918,29400,768.2822265625,53.0,1.0,1.0,1.0,1.0,0.0003913687722545427,0.0004043256708164229,-1.0,0,1.0,268.0
2026-09-08,9.369999885559082,9.420000076293945,9.350000381469727,9.420000076293945,32400,764.0626831054688,53.0,1.0,1.0,1.0,1.0,0.00040938584969015326,0.00039584531001238634,1.0,0,1.0,269.0
2026-09-09,9.460000038146973,9.460000038146973,9.329999923706055,9.399999618530273,34300,760.5115356445312,52.0,1.0,1.0,1.0,1.0,0.00039912196341170843,0.0003318075853641295,1.0,0,1.0,270.0
2026-09-10,9.329999923706055,9.329999923706055,9.239999771118164,9.239999771118164,41000,755.9528198242188,56.0,1.0,4.0,1.0,2.0,0.0003618517158736609,0.0003145057403755782,-1.0,0,2.0,271.0
2026-09-11,9.270000457763672,9.329999923706055,9.270000457763672,9.3100004196167,27200,762.3967895507812,57.0,1.0,4.0,1.0,2.0,0.0003471241730205437,0.0003421253785632023,-1.0,0,2.0,272.0
2026-09-14,9.229999542236328,9.25,9.170000076293945,9.210000038146973,34000,758.9952392578125,58.0,1.0,4.0,1.0,2.0,0.0002843581057355955,0.0003913687722545427,-1.0,1,2.0,273.0
2026-09-15,9.149999618530273,9.199999809265137,9.119999885559082,9.119999885559082,26100,755.513916015625,58.0,1.0,4.0,1.0,2.0,0.00022079504546405397,0.00040938584969015326,-1.0,0,2.0,274.0
2026-09-16,9.1899995803833,9.239999771118164,9.170000076293945,9.170000076293945,53000,752.1821899414062,58.0,1.0,4.0,1.0,2.0,0.0001409454093945551,0.00039912196341170843,-1.0,0,2.0,275.0
2026-09-17,9.300000190734863,9.329999923706055,9.279999732971191,9.300000190734863,37200,760.7109985351562,60.0,1.0,4.0,1.0,2.0,0.00014208574331915158,0.0003618517158736609,1.0,0,2.0,276.0
2026-09-18,9.319999694824219,9.319999694824219,9.260000228881836,9.279999732971191,32400,761.6900024414062,59.0,1.0,4.0,1.0,2.0,0.00020481403267131137,0.0003471241730205437,-1.0,0,2.0,277.0
2026-09-21,9.270000457763672,9.319999694824219,9.270000457763672,9.3100004196167,28300,773.5,59.0,1.0,4.0,1.0,2.0,0.00026344459827820746,0.0002843581057355955,-1.0,0,2.0,278.0
2026-09-22,9.279999732971191,9.380000114440918,9.260000228881836,9.260000228881836,29200,773.3800048828125,58.0,1.0,4.0,1.0,2.0,0.00026265661629746846,0.00022079504546405397,-1.0,0,2.0,279.0
2026-09-23,9.170000076293945,9.260000228881836,9.170000076293945,9.210000038146973,19700,767.8099975585938,58.0,1.0,4.0,1.0,2.0,0.00022117204270868585,0.0001409454093945551,-1.0,0,2.0,280.0
2026-09-24,9.220000267028809,9.220000267028809,9.149999618530273,9.210000038146973,58600,767.1799926757812,57.0,1.0,4.0,1.0,2.0,0.00017041716338418492,0.00014208574331915158,-1.0,0,2.0,281.0
2026-09-25,9.229999542236328,9.270000457763672,9.180000305175781,9.180000305175781,15300,771.3499755859375,56.0,1.0,4.0,1.0,2.0,0.0001207999752302968,0.00020481403267131137,-1.0,0,2.0,282.0
2026-09-28,9.109999656677246,9.220000267028809,9.109999656677246,9.220000267028809,23900,765.6099853515625,56.0,1.0,4.0,1.0,2.0,0.00011085165488440873,0.00026344459827820746,-1.0,0,2.0,283.0
2026-09-29,9.1899995803833,9.1899995803833,9.079999923706055,9.100000381469727,39500,764.2000122070312,58.0,1.0,4.0,1.0,2.0,7.313893072853289e-05,0.00026265661629746846,-1.0,0,2.0,284.0
2026-09-30,,,,,28664,,58.0,,4.0,1.0,,7.475399121847744e-05,0.00022117204270868585,-1.0,0,,
