Date,Open,High,Low,Close,Volume,IndexClose,CVI,LTI,STI,VI,SecState,VWRS,VWRS_1wk,RS,GapDown,Thermostat,Days
2022-10-03,25.45592865742915,26.640125403349096,25.45592865742915,26.48453712463379,7476200,348.07989501953125,,,,,,,,,0,,
2022-10-04,27.115524982993076,27.703300343254362,26.804348531519345,27.677370071411133,5867100,358.8656921386719,350.0,,,3.0,,,,,0,,
2022-10-05,27.495852670180298,28.377519920265946,26.830283130604165,28.092273712158203,5923300,358.0301818847656,345.0,,,3.0,,,,,0,,
2022-10-06,27.755170001487798,28.63683569967217,27.651443946366815,28.368877410888672,5284000,354.3367919921875,340.0,,,3.0,,,,,0,,
2022-10-07,28.47259772788592,28.930720110480532,28.118203034183836,28.351585388183594,5752800,344.4529724121094,335.0,,,3.0,,,,,0,,
2022-10-10,28.351586323145078,28.602256633560042,27.22789603513128,27.42670249938965,3182800,341.8229064941406,333.0,,,3.0,,,,,0,,
2022-10-11,26.864858657894878,27.651442227375053,26.74384630833473,27.029090881347656,4668400,339.6581726074219,329.0,,,3.0,,,,,0,,
2022-10-12,26.838925355312586,27.392128172042632,26.432668453601835,27.080951690673828,3484100,338.5378723144531,324.0,,,3.0,,,,,0,,
2022-10-13,26.545034823512434,28.178707930328045,26.38944824321475,27.893465042114258,5663200,347.47222900390625,322.0,,,3.0,,,,,0,,
2022-10-14,27.7897410914402,27.945329322849418,26.674693198787082,26.778417587280273,4382000,339.55377197265625,322.0,,,3.0,,,,,0,,
2022-10-17,27.51313923981354,27.97125996629254,27.115526330871713,27.141456604003906,3895100,348.2792053222656,318.0,,,3.0,,,,,0,,
2022-10-18,27.331625574843006,27.504500138135963,26.06098920885757,26.88214874267578,5083100,352.3714599609375,313.0,,,3.0,,,,,0,,
2022-10-19,26.951296435029153,27.504497624888973,26.743845988831723,27.331623077392578,4466100,349.8743896484375,309.0,,,3.0,,,,,0,,
2022-10-20,27.737880548369045,28.334299974831683,27.443991998226746,27.565004348754883,3704700,346.9404602050781,305.0,,,3.0,,,,,0,,
2022-10-21,27.616864152164688,28.878854618998613,27.478563872201228,28.852924346923828,4670800,355.3717346191406,307.0,,1.0,3.0,,,,,0,,
2022-10-24,28.645477036948748,28.8875017427557,28.36023410472474,28.628189086914062,3918900,359.7201232910156,303.0,,1.0,3.0,,,,,0,,
2022-10-25,28.619546045846665,28.939364870153167,28.342945446877927,28.904788970947266,3180500,365.4644470214844,298.0,,1.0,3.0,,,,,0,,
2022-10-26,29.034444294389147,29.725945728699163,28.930719903577376,29.48392105102539,3732200,362.7109680175781,295.0,,1.0,3.0,,,,,0,,
2022-10-27,29.993905273348776,30.132205566187807,28.783775238002963,28.939363479614258,5461800,360.77410888671875,292.0,,1.0,3.0,,,,,0,,
2022-10-28,29.02580162015672,29.207320126230204,28.403448688088904,29.138168334960938,4594600,369.357177734375,288.0,,1.0,3.0,,,,,0,,
2022-10-31,28.801060770039133,29.993902756519695,28.714624330769894,29.72594451904297,6379400,366.6891784667969,285.0,,1.0,3.0,,,,,0,,
2022-11-01,30.469308793530168,30.8150611342362,30.26185672963881,30.287790298461914,6726200,365.0845947265625,282.0,,1.0,3.0,,,,,0,,
2022-11-02,30.33965277788031,30.495241011394686,29.406126674132977,29.466632843017578,5616100,355.9222717285156,280.0,,1.0,3.0,,,,,0,,
2022-11-03,28.766489535697005,30.797779160990242,28.559040728907664,30.4952449798584,5837500,352.2574768066406,280.0,,1.0,3.0,,,,,0,,
2022-11-04,31.688084175450715,32.1721368412738,30.633542398672112,31.23860740661621,7263600,357.3275451660156,278.0,,1.0,3.0,,,,,0,,
2022-11-07,31.35097603138446,31.541140159040616,30.979293398604998,31.273181915283203,4941300,360.74566650390625,273.0,,1.0,3.0,,,,,0,,
2022-11-08,31.152174873951147,31.644869927230477,30.8669286339792,31.083023071289062,4101200,362.6919860839844,270.0,,1.0,3.0,,,,,0,,
2022-11-09,30.745915342097867,30.962009772839256,29.76916759189177,29.795101165771484,4420800,355.2197265625,272.0,,1.0,3.0,,,,,0,,
2022-11-10,30.460668188268585,31.204030157272314,30.18406432168672,30.93607521057129,3725300,374.7406311035156,273.0,,1.0,3.0,,,,,0,,
2022-11-11,31.567070576461212,32.18077788554769,31.46334618696436,31.783164978027344,4040800,378.36749267578125,271.0,,1.0,3.0,,,,,0,,
2022-11-14,31.5497827466726,31.938753330414425,31.290470123291016,31.290470123291016,5020900,375.1488037109375,268.0,,1.0,3.0,,,,,0,,
2022-11-15,31.316397102982634,32.17213229721973,31.21267272400614,31.999256134033203,4930500,378.3485412597656,266.0,,1.0,3.0,,,,,0,,
2022-11-16,31.800455640628275,31.956043886825523,31.23860882965609,31.35097885131836,3629600,375.4621887207031,263.0,,1.0,3.0,,,,,0,,
2022-11-17,30.719987150769075,31.368270486997428,30.382880343504663,31.3596248626709,3697600,374.3133239746094,259.0,,1.0,3.0,,,,,0,,
2022-11-18,30.573033089896608,30.910139807590415,29.98525609077044,30.780485153198242,4383600,376.0128173828125,257.0,,1.0,3.0,,,,,0,,
2022-11-21,30.05440737399585,30.452020249877172,28.90478366641972,30.408802032470703,5339300,374.6456298828125,253.0,,4.0,3.0,,,,,0,,
2022-11-22,30.91878619862374,31.34232936311325,30.71133413016241,31.204029083251953,3635200,379.68731689453125,252.0,,4.0,3.0,,,,,0,,
2022-11-23,30.771839065343514,31.108949075272818,30.642184412914055,30.892854690551758,2889500,382.0799255371094,249.0,,4.0,3.0,,,,,0,,
2022-11-25,31.031161045083323,31.152173396663933,30.598972190958705,30.607614517211914,1304800,381.9944152832031,245.0,,4.0,3.0,,,,,0,,
2022-11-28,29.72594089116974,30.27914194859112,29.336970367252082,29.561710357666016,5158700,375.89892578125,246.0,,4.0,3.0,,,,,1,,
2022-11-29,29.864248741205998,29.864248741205998,28.697340170390326,28.904788970947266,9519900,375.2533264160156,245.0,,4.0,3.0,,,,,0,,
2022-11-30,29.380193598656803,29.587642358663185,28.291076067938217,28.41208839416504,13834900,387.07403564453125,242.0,,4.0,3.0,,,,,0,,
2022-12-01,28.724355103928662,29.0392389444074,28.007121172448674,28.08584213256836,12086900,386.7892150878906,239.0,,4.0,3.0,,,,,0,,
2022-12-02,27.76221130302558,28.549419235050074,27.727225136517184,27.93714714050293,4541400,386.34295654296875,236.0,,4.0,3.0,,,,,0,,
2022-12-05,28.400723192386696,28.628137423453662,27.13244266424383,27.158681869506836,5996900,379.39288330078125,235.0,,4.0,3.0,,,,,0,,
2022-12-06,26.975001806929512,27.456072829630955,26.126566881475657,26.214033126831055,7541600,373.92401123046875,237.0,,4.0,3.0,,,,,0,,
2022-12-07,26.065334271221715,26.642620079348763,25.977868038962995,26.047842025756836,6328100,373.28790283203125,233.0,,4.0,3.0,,,,,0,,
2022-12-08,26.57264929980629,26.852546949076032,26.082831333129615,26.15280532836914,5203100,376.2122497558594,230.0,,4.0,3.0,,,,,0,,
2022-12-09,26.12656276203255,26.362723922892343,25.881652976042606,25.890399932861328,3871500,373.40185546875,227.0,,4.0,3.0,,,,,0,,
2022-12-12,25.96912919920321,26.572654398326183,25.899155190537705,26.537668228149414,25793500,378.7853088378906,226.0,,4.0,3.0,,,,,0,,
2022-12-13,27.106200745200084,27.578526441456383,27.027479795824032,27.211162567138672,5363500,381.6526794433594,225.0,,4.0,3.0,,,,,0,,
2022-12-14,27.333616635807388,27.613512603228205,26.590141929651114,27.211162567138672,6358800,379.2125244140625,222.0,,4.0,3.0,,,,,0,,
2022-12-15,26.905026772592546,27.044974761740857,26.292753068834976,26.721343994140625,3785900,369.9364318847656,220.0,,4.0,3.0,,,,,0,,
2022-12-16,26.2227796099541,26.415209350197802,25.75920251204698,26.170299530029297,5509400,365.5687561035156,219.0,,4.0,3.0,,,,,0,,
2022-12-19,26.32774289344621,26.56390576862979,25.64549514346423,25.995365142822266,5533700,362.4689025878906,216.0,,4.0,3.0,,,,,0,,
2022-12-20,26.082831700762444,26.66886454477036,25.9866168303351,26.467689514160156,4037400,362.9649353027344,214.0,,4.0,3.0,,,,,0,,
2022-12-21,27.02748126468846,27.24615020965894,26.69510520239047,27.18492317199707,3140300,368.3921813964844,214.0,,4.0,3.0,,,,,0,,
2022-12-22,27.149935032698796,27.246148227032712,26.2402714870257,26.598888397216797,4014600,363.1366271972656,213.0,,4.0,3.0,,,,,0,,
2022-12-23,26.887532377317257,27.561033105776005,26.703851270453015,27.55228614807129,3163200,365.2254638671875,215.0,,4.0,3.0,,,,,0,,
2022-12-27,27.727220923355237,27.998368260451787,27.54353815508351,27.91090202331543,1864700,363.78521728515625,213.0,,4.0,3.0,,,,,0,,
2022-12-28,27.779707177287168,27.840934224223645,27.15868641197739,27.351116180419922,3732900,359.2641296386719,211.0,,4.0,3.0,,,,,0,,
2022-12-29,27.193667758931902,27.639752567974192,27.123693769374967,27.447322845458984,2698400,365.7309875488281,208.0,,4.0,1.0,,,,,0,,
2022-12-30,27.254898787876193,27.858425578999807,27.21116566360696,27.753463745117188,2451700,364.767578125,206.0,,4.0,1.0,,,,,0,,
2023-01-03,27.377352701693294,27.72722436693717,26.144059919812694,26.4239559173584,5358000,363.2319641113281,213.0,,4.0,1.0,,,,,0,,
2023-01-04,26.161549466426806,26.528913318915016,25.864159601635805,26.082828521728516,4851800,366.0362243652344,211.0,,4.0,1.0,,,,,0,,
2023-01-05,26.0478422074146,26.651367222103676,25.864159448105113,26.493927001953125,5306400,361.85845947265625,209.0,,4.0,1.0,,,,,0,,
2023-01-06,26.89627984944289,27.596019796087486,26.852546728394465,27.438579559326172,4079200,370.15667724609375,211.0,,4.0,1.0,,,,,0,,
2023-01-09,27.858425354930223,28.16456222728782,27.499808400209293,27.578529357910156,5107000,369.9468994140625,208.0,,4.0,1.0,,,,,0,,
2023-01-10,27.263641876624373,27.665991901389877,26.84379793730954,27.149934768676758,5187700,372.54119873046875,206.0,,4.0,1.0,,,,,0,,
2023-01-11,27.482312680374598,27.823435695824884,27.19366974384475,27.438579559326172,4132000,377.2530517578125,204.0,,4.0,1.0,,,,,0,,
2023-01-12,27.674739751978052,28.540670198694613,27.543538725246066,28.252025604248047,4680000,378.6265869140625,205.0,,4.0,1.0,,,,,0,,
2023-01-13,28.21703739652652,28.5844029357599,27.998368465461418,28.374479293823242,2703000,380.0954284667969,202.0,,4.0,1.0,,,,,0,,
2023-01-17,28.680621139122785,28.84680834490031,28.418219058612777,28.76808738708496,6760500,379.3991394042969,200.0,,4.0,1.0,,,,,0,,
2023-01-18,28.99549885745274,29.345367112164485,28.295755674783692,28.313249588012695,3653900,373.4091491699219,198.0,,4.0,1.0,,,,,0,,
2023-01-19,28.243283859859066,29.012996201744706,28.155814273310547,28.969263076782227,3608200,370.6907958984375,197.0,,4.0,1.0,,,,,0,,
2023-01-20,28.960518655347098,29.109211952005523,28.69811656107575,28.89054298400879,3203600,377.5964660644531,194.0,,4.0,1.0,,,,,0,,
2023-01-23,29.021741864232386,29.782708838044588,28.85555467170103,29.45907974243164,3227400,382.1270446777344,193.0,,1.0,1.0,,,,,0,,
2023-01-24,29.41535054579167,29.520310716306135,29.04798494405556,29.319135665893555,2122000,381.7169494628906,191.0,,1.0,1.0,,,,,0,,
2023-01-25,29.15294427758467,29.249155807085238,28.628136826897787,29.004247665405273,2178500,381.8600158691406,188.0,,1.0,1.0,,,,,0,,
2023-01-26,29.52030751698257,30.281274509832485,29.07422433817353,30.26378059387207,3278800,386.0567626953125,194.0,,1.0,1.0,,,,,0,,
2023-01-27,30.176308933190455,31.04223926634382,30.097587993812876,30.281269073486328,4701600,386.9438171386719,192.0,,1.0,1.0,,,,,0,,
2023-01-30,29.92265720712715,30.51743699599163,29.75647001247685,29.773963928222656,4697000,382.0889587402344,190.0,,1.0,1.0,,,,,0,,
2023-01-31,29.686487066864316,30.40372075337588,29.424085068295625,30.368736267089844,5132800,387.70697021484375,189.0,,1.0,1.0,,,,,0,,
2023-02-01,30.21129940860276,30.58741022565882,29.406596031428283,30.03636360168457,4590100,391.82733154296875,187.0,,1.0,1.0,,,,,0,,
2023-02-02,30.045108816896846,30.176311505919603,28.60189592076144,28.855552673339844,4482100,397.53118896484375,192.0,,1.0,1.0,,,,,0,,
2023-02-03,28.811816882243086,29.38035743226049,28.680617526824268,28.794322967529297,3701100,393.3058166503906,189.0,,1.0,1.0,,,,,0,,
2023-02-06,28.72435313227783,29.021743034914394,28.18205507568998,28.523178100585938,2417800,390.9021911621094,187.0,,1.0,1.0,,,,,0,,
2023-02-07,28.645632885376592,29.38036070200844,28.295761225409642,29.327878952026367,3593700,396.0146179199219,188.0,,1.0,1.0,,,,,0,,
2023-02-08,29.37161013075083,29.450327736634765,28.71560338873538,29.065471649169922,3014900,391.684326171875,186.0,,1.0,1.0,,,,,0,,
2023-02-09,29.126705681441255,29.441589527179588,28.81182183570292,28.864303588867188,3221400,388.2886962890625,183.0,,1.0,1.0,,,,,0,,
2023-02-10,29.43284718281306,30.18506570038832,29.39785934386799,29.97514533996582,4783900,389.19482421875,188.0,,1.0,1.0,,,,,0,,
2023-02-13,29.738982432022528,30.26378666970275,29.703994593077457,29.97514533996582,3883900,393.76361083984375,185.0,,1.0,1.0,,,,,0,,
2023-02-14,29.65151411772461,30.52619001103066,29.520311399079205,30.421226501464844,3487800,393.5824279785156,183.0,,1.0,1.0,,,,,0,,
2023-02-15,30.325009530750204,31.01600423966042,30.16757095049231,30.39498519897461,6114600,394.8605651855469,180.0,,1.0,1.0,,,,,0,,
2023-02-16,30.220041859297957,30.587407352986656,29.668995287076253,29.677743911743164,4352700,389.4237365722656,181.0,,1.0,1.0,,,,,0,,
2023-02-17,29.249156866278362,29.28414469824913,28.750591938876475,28.951766967773438,4283800,388.45086669921875,181.0,,1.0,1.0,,,,,1,,
2023-02-21,29.21417634222664,29.73023525576556,28.96926482176196,29.371618270874023,5074600,380.6581726074219,180.0,,1.0,1.0,,,,,0,,
2023-02-22,29.284144515192207,29.590283038087783,28.426962657006495,28.61939239501953,5218800,380.1336364746094,180.0,,1.0,1.0,,,,,0,,
2023-02-23,29.109205066404975,29.46782195562609,28.65437332016454,29.214168548583984,4054600,382.1556701660156,180.0,,1.0,1.0,,,,,0,,
2023-02-24,28.846805395787584,29.73897504761068,28.435706731821796,29.695241928100586,3780800,378.0733947753906,179.0,,1.0,1.0,,,,,0,,
2023-02-27,29.773962784888383,30.115085787274232,29.511560732024122,29.835189819335938,6333600,379.3609619140625,176.0,,1.0,1.0,,,,,0,,
2023-02-28,30.106344576763515,30.176320254295,29.301644304895145,29.389110565185547,3446300,377.9588623046875,175.0,,1.0,1.0,,,,,0,,
2023-03-01,29.537803032202977,30.08884973660973,29.35412190960855,30.07135581970215,8731000,376.509033203125,175.0,,1.0,1.0,,,,,0,,
2023-03-02,30.055431971676974,30.869177039531014,29.816615594397422,30.771881103515625,11262900,379.43731689453125,175.0,,1.0,1.0,,,,,0,,
2023-03-03,30.382695726210862,31.399876162820792,30.258865768525467,31.22297477722168,3251800,385.5226745605469,174.0,,1.0,1.0,,,,,0,,
2023-03-06,31.090304967382178,31.26720299991334,30.789573588320035,31.05492401123047,2886700,385.78973388671875,171.0,,1.0,1.0,,,,,0,,
2023-03-07,30.904552537092492,31.099144396012797,30.196950378445802,30.258865356445312,3685800,379.87603759765625,172.0,,1.0,1.0,,,,,0,,
2023-03-08,30.073119950363083,30.683426169969113,29.97582402243027,30.1704158782959,3391900,380.49603271484375,170.0,,1.0,1.0,,,,,0,,
2023-03-09,30.409237180325647,31.028390425389862,29.75470297860319,29.816617965698242,4435600,373.4759826660156,168.0,,1.0,1.0,,,,,0,,
2023-03-10,29.913911152431737,30.320781994160953,29.47165935730517,29.57779884338379,3591100,368.0869445800781,166.0,,1.0,1.0,,,,,0,,
2023-03-13,28.710988446059822,29.330141692635284,27.97685046417817,28.224512100219727,6599600,367.5622863769531,176.0,,4.0,1.0,,,,,1,,
2023-03-14,28.312958575776342,28.976336271661683,27.693807071850728,27.870708465576172,5491500,373.6380310058594,174.0,,4.0,1.0,,,,,0,,
2023-03-15,26.64124791761092,26.720851685763737,24.86339556302717,25.889419555664062,11415800,371.30126953125,199.0,,4.0,1.0,,,,,1,,
2023-03-16,25.261420474235322,26.402430843585815,25.164126232633844,25.800968170166016,6427800,377.8158264160156,196.0,,4.0,1.0,,,,,0,,
2023-03-17,25.79212613907073,25.933646587228466,25.084523898282065,25.44717025756836,6735700,373.39813232421875,194.0,,4.0,1.0,,,,,0,,
2023-03-20,25.63291263958081,26.42012195136119,25.38525272369828,26.287445068359375,4398500,376.9886169433594,196.0,,4.0,1.0,,,,,0,,
2023-03-21,26.605870609894126,27.07465816733465,26.535110383021674,26.915447235107422,5489600,381.9385681152344,196.0,,4.0,1.0,,,,,0,,
2023-03-22,27.05696495668083,27.304626569254346,26.526262465198556,26.54395294189453,4753700,375.4279479980469,194.0,,4.0,1.0,,,,,0,,
2023-03-23,26.765075367242147,27.154257368782208,25.986711364162026,26.198993682861328,6156000,376.44281005859375,192.0,,4.0,1.0,,,,,0,,
2023-03-24,25.77443489645492,25.83634987980456,25.34102832595069,25.624069213867188,4466100,378.91302490234375,191.0,,4.0,1.0,,,,,1,,
2023-03-27,26.092855930314602,26.411277762881674,25.641758896530156,26.29629135131836,5058300,379.6215515136719,192.0,,4.0,1.0,,-9.787091941836669e-05,,,0,,
2023-03-28,26.190153155512718,26.915445865821276,26.14592696155683,26.738544464111328,3559500,378.7694396972656,190.0,,4.0,1.0,,-0.0001068059628275465,,,0,,
2023-03-29,27.056965380361078,27.348851502188413,26.99505039801236,27.12772560119629,3376900,384.2748718261719,188.0,,4.0,1.0,,-0.0001134566515382461,,,0,,
2023-03-30,27.472683676413013,27.561134381334977,27.25155775763654,27.42845916748047,3454200,386.5248718261719,186.0,,4.0,1.0,,-0.00011555800292619262,,,0,,
2023-03-31,27.419612163835172,27.684962574468933,27.225021975174197,27.463836669921875,2934200,391.9727478027344,183.0,,4.0,1.0,,-0.00010550841337402318,,,0,,
2023-04-03,28.649072040474877,29.36552119557163,28.082990257041505,29.206310272216797,7044900,393.4664001464844,199.0,,1.0,1.0,,-3.299035217011771e-05,-9.787091941836669e-05,,0,,
2023-04-04,29.46281494907491,29.48050542525905,28.419100473003994,28.640226364135742,5509900,391.283447265625,198.0,,1.0,1.0,,2.0063275985590824e-05,-0.0001068059628275465,,0,,
2023-04-05,28.657916155057592,28.78174611127224,28.11836845373955,28.304113388061523,4498300,390.2588806152344,196.0,,1.0,1.0,,6.532336984544565e-05,-0.0001134566515382461,,0,,
2023-04-06,28.27757807667234,28.42794374866766,27.853016774705566,27.959157943725586,4029000,391.78131103515625,194.0,,1.0,1.0,,2.627761627291194e-05,-0.00011555800292619262,,0,,
2023-04-10,28.00338396737762,28.374877235592677,27.72918832251642,28.17144012451172,2589300,392.1834411621094,191.0,,1.0,1.0,,1.2044056464516868e-05,-0.00010550841337402318,,0,,
2023-04-11,28.304112706294415,28.852503945227184,28.2864222309594,28.578310012817383,4026600,392.2886657714844,189.0,,1.0,1.0,,3.120068460754025e-07,-3.299035217011771e-05,,0,,
2023-04-12,28.755212422208857,29.10901523487271,28.622538898045175,28.83481788635254,4489800,390.68975830078125,187.0,,1.0,1.0,,2.821065633805052e-05,2.0063275985590824e-05,,0,,
2023-04-13,28.932113545951864,29.100171398676878,28.78174954521227,28.879045486450195,5530700,395.8791809082031,184.0,,1.0,1.0,,3.059759721244085e-05,6.532336984544565e-05,,0,,
2023-04-14,28.870196289626648,29.153237165084683,28.702141824233873,28.84366226196289,4687200,394.91204833984375,181.0,,1.0,1.0,,2.135586272633067e-05,2.627761627291194e-05,,0,,
2023-04-17,28.7463691328669,28.879046032356385,28.40141324313069,28.587158203125,3631000,396.3291931152344,179.0,,1.0,1.0,,-2.8710210222589903e-05,1.2044056464516868e-05,,0,,
2023-04-18,28.516397340301577,28.640227303538865,27.994538398092416,28.00338363647461,4940700,396.5876770019531,179.0,,1.0,1.0,,-7.386431092488284e-05,3.120068460754025e-07,,0,,
2023-04-19,27.605354203885877,27.649580392367305,27.198483392196284,27.304624557495117,6818200,396.5205993652344,179.0,,1.0,1.0,,-0.00012026973985728021,2.821065633805052e-05,,1,,
2023-04-20,26.84468817840993,27.30463051665843,26.632407488539148,27.07465934753418,5539400,394.3568420410156,177.0,,4.0,1.0,,-0.0001526339700740118,3.059759721244085e-05,,0,,
2023-04-21,27.110036567653616,27.233868226001004,26.818150430285268,26.924291610717773,3261800,394.6631774902344,174.0,,4.0,1.0,,-0.00017184909577278932,2.135586272633067e-05,,0,,
2023-04-24,26.862375549160976,27.225021896607068,26.72969865717021,27.048120498657227,3432200,395.0749816894531,172.0,,4.0,1.0,,-0.0001764542849060461,-2.8710210222589903e-05,,0,,
2023-04-25,26.6854744669628,26.800459196051,26.305137637810095,26.420124053955078,3023900,388.8035888671875,172.0,,4.0,1.0,,-0.00017808607332017753,-7.386431092488284e-05,,0,,
2023-04-26,26.437811883742864,26.490883314061577,25.774434188269435,25.898265838623047,5038400,387.15667724609375,172.0,,4.0,1.0,,-0.00020270415009503436,-0.00012026973985728021,,0,,
2023-04-27,25.862883367316602,27.127723702387986,25.81865886503637,26.880062103271484,8270600,394.86431884765625,177.0,,4.0,1.0,,-0.00015785872225762714,-0.0001526339700740118,,0,,
2023-04-28,27.11888161429097,27.729189601571846,26.897755703093516,27.702653884887695,4211200,398.2345275878906,179.0,,4.0,1.0,,-8.83314483589306e-05,-0.00017184909577278932,,0,,
2023-05-01,27.41076663457421,27.861863677514105,27.260400953594246,27.278091430664062,3924000,397.8323974609375,178.0,,4.0,1.0,,-1.782507752651754e-05,-0.0001764542849060461,,0,,
2023-05-02,26.782765807165966,26.880060042133366,25.606376253916125,25.836345672607422,6773000,393.361083984375,190.0,,4.0,1.0,,-7.307831181474116e-05,-0.00017808607332017753,,1,,
2023-05-03,25.429474935799487,25.668291279220554,25.234884778413708,25.305644989013672,4283700,390.6611022949219,189.0,,4.0,1.0,,-0.00016660937041082147,-0.00020270415009503436,,0,,
2023-05-04,25.394097123030893,25.5709985149056,25.181816465015267,25.21719741821289,4127600,387.89404296875,187.0,,4.0,1.0,,-0.0002257570107965345,-0.00015785872225762714,,0,,
2023-05-05,25.92480115982565,26.446658441258936,25.77443547386933,26.22553253173828,3921000,395.0749816894531,191.0,,4.0,1.0,,-0.0002128184094818074,-8.83314483589306e-05,,0,,
2023-05-08,26.791615425545512,26.915445392330003,26.45550310562079,26.53510856628418,3263300,395.1801452636719,189.0,,4.0,1.0,,-0.00016931152769201238,-1.782507752651754e-05,,0,,
2023-05-09,26.013249113832057,26.685472010229393,25.85403820586208,26.234375,4784100,393.4472351074219,187.0,,4.0,1.0,,-0.0001542779547043389,-7.307831181474116e-05,,0,,
2023-05-10,26.437813790228223,26.517419254390088,25.88942246717632,25.915956497192383,6024700,395.28558349609375,185.0,,4.0,1.0,,-0.00018070987371373104,-0.00016660937041082147,,0,,
2023-05-11,25.562153399916912,25.668294572965095,25.199507063175407,25.5002384185791,3943400,394.5962219238281,184.0,,4.0,1.0,,-0.00022471711049566536,-0.0002257570107965345,,1,,
2023-05-12,25.694832495352877,25.871733914892882,25.199510882520624,25.36756706237793,2779300,394.0791931152344,181.0,,4.0,1.0,,-0.0002625198079358803,-0.0002128184094818074,,0,,
2023-05-15,25.500238036160447,25.8098146252636,25.500238036160447,25.7125186920166,4230700,395.43878173828125,179.0,,4.0,1.0,,-0.00026415530372485914,-0.00016931152769201238,,0,,
2023-05-16,25.597535690061303,25.792125882578866,24.889931769252645,24.89877700805664,4868900,392.7961730957031,182.0,,4.0,1.0,,-0.00029271188496879076,-0.0001542779547043389,,0,,
2023-05-17,25.25257733377336,25.456014445778067,24.76610102419228,25.32333755493164,3373400,397.5643615722656,181.0,,4.0,1.0,,-0.0003117789074146982,-0.00018070987371373104,,0,,
2023-05-18,25.172971226715863,25.27911239925203,24.82801536832256,25.21719741821289,6428200,401.39410400390625,178.0,,4.0,1.0,,-0.0003428538670503215,-0.00022471711049566536,,0,,
2023-05-19,25.526775357332273,25.632914848411964,25.013763318295663,25.411788940429688,4612400,400.8100891113281,176.0,,4.0,1.0,,-0.0003241359872530955,-0.0002625198079358803,,0,,
2023-05-22,25.411787722215067,25.83634904029438,25.093367577183933,25.5002384185791,2942900,400.9728088378906,173.0,,4.0,1.0,,-0.00029998944139546035,-0.00026415530372485914,,0,,
2023-05-23,25.544464754490576,26.084012522639803,25.517930724618864,25.76559066772461,4350700,396.4728088378906,171.0,,4.0,1.0,,-0.0002682461622915893,-0.00029271188496879076,,0,,
2023-05-24,25.92480411840308,26.004409589879756,25.4560182164371,25.571002960205078,6650100,393.6004333496094,169.0,,4.0,1.0,,-0.00025211758669054483,-0.0003117789074146982,,0,,
2023-05-25,25.119899254932317,25.28795539359496,24.863394115237654,25.164125442504883,4277700,397.0089416503906,168.0,,4.0,1.0,,-0.0002534916692366994,-0.0003428538670503215,,1,,
2023-05-26,25.40294167631856,25.57984306342297,24.403453394231615,25.243732452392578,9016900,402.1505126953125,166.0,,4.0,1.0,,-0.000258500513717562,-0.0003241359872530955,,0,,
2023-05-30,25.01376025147654,25.367561323458943,24.951843587705106,25.252574920654297,4499400,402.3036804199219,163.0,,4.0,1.0,,-0.0002462005649749268,-0.00029998944139546035,,0,,
2023-05-31,24.757254691673552,24.81916967156901,24.571509751987183,24.76609992980957,8986000,400.0728759765625,163.0,,4.0,1.0,,-0.00021834228217002894,-0.0002682461622915893,,1,,
2023-06-01,24.810325707484132,25.473703418240998,24.74841072440924,25.341028213500977,6146400,403.8739318847656,163.0,,4.0,1.0,,-0.00016730070819178787,-0.00025211758669054483,,0,,
2023-06-02,25.91217073494126,26.225986297628086,25.786645193929424,26.208053588867188,6116500,409.71441650390625,167.0,,4.0,1.0,,-0.00010303725367758435,-0.0002534916692366994,,0,,
2023-06-05,26.656361604451686,26.665327959019663,25.992866757836783,26.261852264404297,6479100,408.92926025390625,165.0,,4.0,1.0,,-3.9849892188600455e-05,-0.000258500513717562,,0,,
2023-06-06,25.705950810983335,26.647395829037812,25.705950810983335,26.60256576538086,4165900,409.8197326660156,163.0,,4.0,1.0,,-6.057801795553741e-06,-0.0002462005649749268,,0,,
2023-06-07,26.817751716948884,27.35572100288728,26.710158885855535,27.158466339111328,4397100,408.4026794433594,164.0,,4.0,1.0,,1.552309005043165e-05,-0.00021834228217002894,,0,,
2023-06-08,27.194327858776617,27.346752449029953,26.656358616108548,27.13156509399414,4253100,410.8729553222656,161.0,,4.0,1.0,,3.73498687317695e-05,-0.00016730070819178787,,0,,
2023-06-09,27.20329638644657,27.436416467239095,27.05087178401135,27.1763973236084,2650500,411.6101989746094,159.0,,4.0,1.0,,5.832462247809038e-05,-0.00010303725367758435,,0,,
2023-06-12,26.710160662852356,26.97017811375763,26.50393792091544,26.656362533569336,6413700,415.34423828125,159.0,,4.0,1.0,,4.53874400417786e-05,-3.9849892188600455e-05,,1,,
2023-06-13,27.059838269037993,27.382620184026827,26.898447311543574,26.92534637451172,3179400,418.0826110839844,157.0,,4.0,1.0,,3.885904070959114e-05,-6.057801795553741e-06,,0,,
2023-06-14,27.275027896871695,27.445385222770604,26.593600303433426,26.710161209106445,3532500,418.5804443359375,155.0,,4.0,1.0,,4.025818608274435e-05,1.552309005043165e-05,,0,,
2023-06-15,26.84465032615205,27.427449663504387,26.84465032615205,27.11363410949707,3056500,423.7698669433594,154.0,,4.0,1.0,,7.108560913300146e-05,3.73498687317695e-05,,0,,
2023-06-16,27.21226925161535,27.25709932358127,26.93431904307988,27.02397918701172,4200300,422.326416015625,152.0,,4.0,1.0,,9.92447805127211e-05,5.832462247809038e-05,,0,,
2023-06-20,26.781887387115447,26.817751093260092,26.04666174434271,26.08252716064453,4851300,420.1353454589844,157.0,,4.0,1.0,,5.441198506448335e-05,4.53874400417786e-05,,1,,
2023-06-21,26.055629738322704,26.65636181793002,26.010799675281064,26.566699981689453,3652400,417.98260498046875,157.0,,4.0,1.0,,4.480921710971284e-06,3.885904070959114e-05,,0,,
2023-06-22,26.181159137864583,26.19012378308146,25.831478118896484,25.831478118896484,4095400,419.491455078125,159.0,,4.0,1.0,,-6.491109201222068e-05,4.025818608274435e-05,,0,,
2023-06-23,25.472830001549692,25.634220962429527,25.167980788811622,25.49076271057129,4254800,416.3200378417969,158.0,,4.0,1.0,,-7.567953756781836e-05,7.108560913300146e-05,,1,,
2023-06-26,25.463865618896474,26.1542595782749,25.454899263691345,26.010801315307617,3607900,414.619140625,158.0,,4.0,1.0,,-7.216475628649756e-05,9.92447805127211e-05,,0,,
2023-06-27,25.83147648489503,25.90320561319471,25.535593616889177,25.858375549316406,3323400,419.16473388671875,156.0,,4.0,1.0,,-4.01251168423601e-05,5.441198506448335e-05,,0,,
2023-06-28,25.8314759186863,26.046663298868584,25.49972934888093,26.028732299804688,3104800,419.3760986328125,154.0,,4.0,1.0,,3.814873158951872e-06,4.480921710971284e-06,,0,,
2023-06-29,26.154254913330078,26.217017678414052,25.930101203654697,26.154254913330078,2741900,421.0291442871094,152.0,,4.0,1.0,,4.144332668080378e-05,-6.491109201222068e-05,,0,,
2023-06-30,26.324613203250202,26.441172384203398,26.163222252578738,26.288747787475586,3512700,425.99749755859375,149.0,,4.0,1.0,,3.717960777025603e-05,-7.567953756781836e-05,,0,,
2023-07-03,26.279782040999997,26.89844679615559,26.279782040999997,26.611530303955078,1262100,426.4875793457031,148.0,,4.0,1.0,,3.949024158364517e-05,-7.216475628649756e-05,,0,,
2023-07-05,26.629467068453284,26.76395898088841,26.315651465999686,26.387380599975586,3698500,425.8533630371094,146.0,,4.0,1.0,,2.3960589686334482e-05,-4.01251168423601e-05,,0,,
2023-07-06,26.082528427025835,26.091494781536632,25.33833810420225,25.49076271057129,4019700,422.51861572265625,152.0,,4.0,1.0,,-7.064177084859669e-06,3.814873158951872e-06,,1,,
2023-07-07,25.41006686073668,26.342545484259475,25.39213415197578,26.208053588867188,3008200,421.451904296875,154.0,,4.0,1.0,,-4.1506002014567616e-05,4.144332668080378e-05,,0,,
2023-07-10,26.208053588867188,26.441173672287192,26.082528047855348,26.208053588867188,3303600,422.51861572265625,152.0,,4.0,1.0,,-7.044477882867037e-05,3.717960777025603e-05,,0,,
2023-07-11,26.45910617047122,26.557734357713997,26.26185150614288,26.432207107543945,4637800,425.20947265625,150.0,,4.0,1.0,,-5.196315747263072e-05,3.949024158364517e-05,,0,,
2023-07-12,26.78188971536866,26.916381617878038,26.494971490482715,26.629465103149414,3163400,428.630615234375,148.0,,4.0,1.0,,-2.612221718066786e-05,2.3960589686334482e-05,,0,,
2023-07-13,26.46807653694801,26.81775585722265,26.0914981496686,26.719127655029297,5602000,432.0325927734375,146.0,,4.0,1.0,,-8.992616855392124e-06,-7.064177084859669e-06,,0,,
2023-07-14,26.65636090127731,26.674293609940214,25.9211369476705,25.930103302001953,3606700,431.7635803222656,150.0,,4.0,1.0,,-1.9103966825953356e-05,-4.1506002014567616e-05,,0,,
2023-07-17,25.858374663780165,26.028731978966906,25.723882766593682,25.73284912109375,3549000,433.2626953125,148.0,,4.0,1.0,,-7.344124882571703e-05,-7.044477882867037e-05,,0,,
2023-07-18,25.84044366975715,26.387379359459388,25.68801905345443,26.225988388061523,6975000,436.4820861816406,148.0,,4.0,1.0,,-0.00011713402230663235,-5.196315747263072e-05,,0,,
2023-07-19,26.360479485105408,26.46807403278743,26.010800197914136,26.12735939025879,6123400,437.4527282714844,146.0,,4.0,1.0,,-0.0001445725558316453,-2.612221718066786e-05,,0,,
2023-07-20,26.315649436266863,26.360479500235,25.80457918233789,26.10942840576172,3367000,434.55047607421875,144.0,4.0,4.0,1.0,8.0,-0.00016923881262814904,-8.992616855392124e-06,,0,4.0,1.0
2023-07-21,26.217019734597425,26.441173461853037,26.010798715959996,26.432207107543945,5164100,434.55047607421875,142.0,4.0,1.0,1.0,7.0,-0.00019618713350672362,-1.9103966825953356e-05,,0,2.0,2.0
2023-07-24,26.620498296848517,27.418485053674438,26.53083645997703,27.095703125,4575700,436.4917297363281,144.0,4.0,1.0,1.0,7.0,-0.0001903067515124935,-7.344124882571703e-05,,0,2.0,3.0
2023-07-25,27.104668655785705,27.301925032938314,26.817752154644356,27.221229553222656,2462800,437.6834411621094,142.0,4.0,1.0,1.0,7.0,-0.00015998555114540597,-0.00011713402230663235,,0,2.0,4.0
2023-07-26,26.88051706246891,27.275028137980055,26.674296024648893,27.266061782836914,5010200,437.7507019042969,140.0,4.0,1.0,1.0,7.0,-0.00011434495344265019,-0.0001445725558316453,,0,2.0,5.0
2023-07-27,27.40951761576347,27.615738635308052,26.889481034649137,26.95224380493164,3724200,434.84844970703125,139.0,4.0,1.0,1.0,7.0,-0.00010019640921521949,-0.00016923881262814904,,0,2.0,6.0
2023-07-28,27.077774089801242,27.63367444044281,26.76395849306749,27.615741729736328,5757600,439.105712890625,141.0,4.0,1.0,1.0,7.0,-5.6863785884738654e-05,-0.00019618713350672362,,0,2.0,7.0
2023-07-31,27.82196223131802,28.306133410114132,27.82196223131802,28.055082321166992,3659600,439.94183349609375,141.0,4.0,1.0,1.0,7.0,-1.6927351165713745e-05,-0.0001903067515124935,,0,2.0,8.0
2023-08-01,27.714363918606548,27.821958449356153,27.400548389923678,27.812992095947266,3097000,438.6828308105469,139.0,4.0,1.0,1.0,7.0,3.3302816582811644e-06,-0.00015998555114540597,,1,2.0,9.0
2023-08-02,27.615739369107594,27.62470572369438,26.898448103737504,27.041906356811523,4961800,432.5804748535156,142.0,4.0,1.0,1.0,7.0,-9.291966388295516e-06,-0.00011434495344265019,,0,2.0,10.0
2023-08-03,27.194332031818586,27.47228219428906,26.85361909493452,27.185365676879883,6597300,431.3406677246094,140.0,4.0,1.0,1.0,7.0,-3.47578840300972e-05,-0.00010019640921521949,,0,2.0,11.0
2023-08-04,27.2660580324159,27.947485538148197,27.248125324596252,27.53504180908203,4371900,429.3898620605469,139.0,4.0,1.0,1.0,7.0,-3.172613512702991e-05,-5.6863785884738654e-05,,0,2.0,12.0
2023-08-07,27.60677570857944,27.839894095515067,27.418485675860868,27.687469482421875,1650600,433.1378173828125,137.0,4.0,1.0,1.0,7.0,-9.505167675941355e-06,-1.6927351165713745e-05,,0,2.0,13.0
2023-08-08,27.158466164271776,27.902656463479186,26.86258160527686,27.89369010925293,2558200,431.2542419433594,136.0,4.0,1.0,1.0,7.0,2.5802007437983096e-06,3.3302816582811644e-06,,0,2.0,14.0
2023-08-09,28.073012261968522,28.655811609541935,27.983350429228636,28.440624237060547,4498400,428.37115478515625,136.0,4.0,1.0,1.0,7.0,2.939085380446155e-05,-9.291966388295516e-06,,0,2.0,15.0
2023-08-10,28.512354203176585,28.781337999181975,28.1088785091685,28.29716682434082,5559300,428.5249938964844,134.0,4.0,1.0,1.0,7.0,4.501500445266909e-05,-3.47578840300972e-05,,0,2.0,16.0
2023-08-11,28.252335927448286,28.664777963831646,28.198539511867246,28.440624237060547,3887100,428.2751159667969,133.0,4.0,1.0,1.0,7.0,9.010136146256132e-05,-3.172613512702991e-05,,0,2.0,17.0
2023-08-14,28.261299225903436,28.377858398751933,27.86678823059992,28.270265579223633,4132000,430.63916015625,131.0,4.0,1.0,1.0,7.0,9.189749494919356e-05,-9.505167675941355e-06,,0,2.0,18.0
2023-08-15,28.019217120665605,28.5930501400465,27.669537838250033,27.830928802490234,6171900,425.6227111816406,131.0,4.0,1.0,1.0,7.0,8.156896912173915e-05,2.5802007437983096e-06,,0,2.0,19.0
2023-08-16,27.795063087127268,28.682711670819877,27.759197668719995,28.557186126708984,7765200,422.4994201660156,133.0,4.0,1.0,1.0,7.0,7.265350497843118e-05,2.939085380446155e-05,,0,2.0,20.0
2023-08-17,29.068256181505348,29.489666319094603,28.91583327575631,29.256547927856445,7497000,419.280029296875,136.0,1.0,1.0,1.0,1.0,0.00012116269723224026,4.501500445266909e-05,,0,1.0,1.0
2023-08-18,28.98756321281169,29.89314281479473,28.906867729837785,29.677953720092773,6443100,419.4818420410156,135.0,1.0,1.0,1.0,1.0,0.00017733134418672193,9.010136146256132e-05,,0,1.0,2.0
2023-08-21,29.973839757152696,30.090400664971217,29.166884888124155,29.346208572387695,6388600,422.2110900878906,134.0,1.0,1.0,1.0,1.0,0.00020869738306134044,9.189749494919356e-05,,0,1.0,3.0
2023-08-22,29.319309973044362,29.606226487568243,29.139986296388273,29.184816360473633,6477600,421.0674743652344,132.0,1.0,1.0,1.0,1.0,0.00018132712268575086,8.156896912173915e-05,,0,1.0,4.0
2023-08-23,29.059290953278968,29.489665727143706,28.826172566720235,29.444835662841797,4693300,425.7572326660156,131.0,1.0,1.0,1.0,1.0,0.00015162832445086356,7.265350497843118e-05,,0,1.0,5.0
2023-08-24,29.184818555413415,29.480703157196128,29.059292998407987,29.19378662109375,3131500,419.85662841796875,129.0,1.0,1.0,1.0,1.0,0.0001076182699269916,0.00012116269723224026,,0,1.0,6.0
2023-08-25,29.534496231872442,29.65105713704733,29.014461321648973,29.507598876953125,3661700,422.8164978027344,128.0,1.0,1.0,1.0,1.0,0.0001187764714079279,0.00017733134418672193,,0,1.0,7.0
2023-08-28,29.713818039480692,30.072465377271318,29.5613951441241,29.776580810546875,2399800,425.4977722167969,127.0,1.0,1.0,1.0,1.0,0.00016273305666229245,0.00020869738306134044,,0,1.0,8.0
2023-08-29,29.81244524525851,30.449040999544966,29.668986998936003,30.413175582885742,12536300,431.64825439453125,128.0,1.0,1.0,1.0,1.0,0.0002374547299404167,0.00018132712268575086,,0,1.0,9.0
2023-08-30,30.58353695263738,30.852520757627985,30.502841469108734,30.682165145874023,3864700,433.4261169433594,127.0,1.0,1.0,1.0,1.0,0.0002971488944740922,0.00015162832445086356,,0,1.0,10.0
2023-08-31,30.849013180932456,30.95782707221993,30.53163443090807,30.722063064575195,6960000,432.79180908203125,125.0,1.0,1.0,1.0,1.0,0.00033721120781499353,0.0001076182699269916,,0,1.0,11.0
2023-09-01,31.21173220825131,31.24800466408923,30.876220639580005,30.966901779174805,6286500,433.5990905761719,124.0,1.0,1.0,1.0,1.0,0.00039140678146056446,0.0001187764714079279,,0,1.0,12.0
2023-09-05,31.220796987786503,31.49283344418323,30.93969068933553,31.15732192993164,6615700,431.7251281738281,122.0,1.0,1.0,1.0,1.0,0.00042535790466951905,0.00016273305666229245,,0,1.0,13.0
2023-09-06,31.06664115358095,31.3296112300049,30.957827261627724,31.238933563232422,5087900,428.8229064941406,120.0,1.0,1.0,1.0,1.0,0.000493493677873484,0.0002374547299404167,,0,1.0,14.0
2023-09-07,31.184529589789836,31.311479726065745,30.876220633491872,30.994104385375977,3718600,427.50628662109375,119.0,1.0,1.0,1.0,1.0,0.0005288880790958397,0.0002971488944740922,,0,1.0,15.0
2023-09-08,31.15732002261692,31.338678802156483,30.93062241297521,31.130117416381836,4479500,428.1501159667969,117.0,1.0,1.0,1.0,1.0,0.0005892845246047752,0.00033721120781499353,,0,1.0,16.0
2023-09-11,31.293343724374925,31.538177614304878,30.54070928567037,30.586048126220703,3520500,430.96600341796875,118.0,1.0,1.0,1.0,1.0,0.0005470942162088301,0.00039140678146056446,,0,1.0,17.0
2023-09-12,30.89435027214984,31.45655938108965,30.803672611044757,31.41122055053711,4015500,428.601806640625,122.0,1.0,1.0,1.0,1.0,0.0005170227871096183,0.00042535790466951905,,0,1.0,18.0
2023-09-13,31.510969667443586,31.5563085003187,31.06664080335254,31.184524536132812,2940700,429.1015625,121.0,1.0,1.0,1.0,1.0,0.00046777565629183097,0.000493493677873484,,0,1.0,19.0
2023-09-14,31.637926183261403,31.728607326486962,31.4475009711856,31.492839813232422,3675900,432.80145263671875,120.0,1.0,1.0,1.0,1.0,0.0005185231524725034,0.0005288880790958397,,0,1.0,20.0
2023-09-15,31.49283358426046,31.90995638319951,31.2298635096171,31.819278717041016,7873400,427.5869445800781,119.0,1.0,1.0,1.0,1.0,0.0005870694530500315,0.0005892845246047752,,0,1.0,21.0
2023-09-18,31.919023595648465,31.93715981921226,31.492830989726663,31.62885093688965,7087100,427.83770751953125,117.0,1.0,1.0,1.0,1.0,0.000622385967089809,0.0005470942162088301,,0,1.0,22.0
2023-09-19,32.07318058746484,32.20013071022217,31.41122390513636,31.565380096435547,3510800,426.9504699707031,115.0,1.0,1.0,1.0,1.0,0.0006065363910526616,0.0005170227871096183,,0,1.0,23.0
2023-09-20,31.37495006137984,31.8918203720386,31.18452488569109,31.266136169433594,7338000,423.02532958984375,114.0,1.0,1.0,1.0,1.0,0.0005422828368503676,0.00046777565629183097,,0,1.0,24.0
2023-09-21,31.429356910507178,31.429356910507178,30.912486629884597,31.003164291381836,7663900,416.0334167480469,113.0,1.0,1.0,1.0,1.0,0.00047768122436519963,0.0005185231524725034,,0,1.0,25.0
2023-09-22,31.474697379749482,31.628853563277037,30.47722921482995,30.722063064575195,7845700,415.09796142578125,112.0,1.0,1.0,1.0,1.0,0.00041593594733986203,0.0005870694530500315,,0,1.0,26.0
2023-09-25,30.731128945589294,31.084776680845614,30.422820042701264,31.048507690429688,3613600,416.8434753417969,112.0,1.0,1.0,1.0,1.0,0.0003589917222876978,0.000622385967089809,,0,1.0,27.0
2023-09-26,30.77646782406949,31.07571034458468,30.694856542031815,30.985029220581055,5690400,410.7195739746094,110.0,1.0,1.0,1.0,1.0,0.0003416725862752927,0.0006065363910526616,,0,1.0,28.0
2023-09-27,31.420289866188018,31.909954070742533,31.293336299982496,31.855548858642578,5372700,410.88348388671875,115.0,1.0,1.0,1.0,1.0,0.0003814734208102794,0.0005422828368503676,,0,1.0,29.0
2023-09-28,31.710470456556404,32.109457101284356,31.474702948069822,31.93716812133789,4278700,413.2655334472656,113.0,1.0,1.0,1.0,1.0,0.0004351184458992229,0.00047768122436519963,,0,1.0,30.0
2023-09-29,31.991568296987726,32.07317958179152,31.121050231834754,31.175458908081055,4361400,412.26263427734375,116.0,1.0,1.0,1.0,1.0,0.0004257073616280623,0.00041593594733986203,,0,1.0,31.0
2023-10-02,31.18452836046388,31.229867198899147,30.168923851161015,30.377485275268555,6046700,412.0986022949219,120.0,1.0,4.0,1.0,2.0,0.0003172572302502302,0.0003589917222876978,,0,2.0,32.0
2023-10-03,30.268666023487302,30.431888580322266,29.887812237828715,30.431888580322266,4732500,406.582275390625,118.0,1.0,4.0,1.0,2.0,0.00021977004293018915,0.0003416725862752927,,0,2.0,33.0
2023-10-04,29.860612106985343,29.94222339216878,28.645512671549287,28.89034652709961,6915500,409.5429992675781,136.0,1.0,4.0,4.0,6.0,0.00011698568644608679,0.0003814734208102794,,0,2.0,34.0
2023-10-05,28.518563460153462,29.49789545440332,28.518563460153462,28.990093231201172,4408300,409.388671875,134.0,1.0,4.0,4.0,6.0,6.482834882184968e-05,0.0004351184458992229,,0,2.0,35.0
2023-10-06,29.017296135103265,29.49789399541891,28.63644405414741,29.2167911529541,4718000,414.24920654296875,133.0,1.0,4.0,4.0,6.0,2.3105677821675002e-05,0.0004257073616280623,,0,2.0,36.0
2023-10-09,30.232393531422606,30.70392497724388,30.051034750855806,30.604177474975586,3766800,416.9013671875,145.0,1.0,4.0,4.0,6.0,8.636841762221944e-05,0.0003172572302502302,,0,2.0,37.0
2023-10-10,30.613244960970675,30.849012421945996,30.32307228525578,30.758331298828125,3867000,419.07122802734375,143.0,1.0,4.0,4.0,6.0,0.0001616033415570772,0.00021977004293018915,,0,2.0,38.0
2023-10-11,30.504432626534463,30.821811384920462,30.096376199541787,30.59511375427246,3938100,420.7879333496094,141.0,1.0,4.0,4.0,6.0,0.0002100824436539786,0.00011698568644608679,,0,2.0,39.0
2023-10-12,30.921555024143707,30.93062486636215,30.39561832680629,30.712993621826172,3719200,418.2225341796875,139.0,1.0,4.0,4.0,6.0,0.00021433786002970123,6.482834882184968e-05,,0,2.0,40.0
2023-10-13,31.193593673347333,31.30240756161513,30.839942482997493,31.02130126953125,3588700,416.1394348144531,138.0,1.0,4.0,4.0,6.0,0.00021449767521747854,2.3105677821675002e-05,,0,2.0,41.0
2023-10-16,31.202660409512042,31.24799924187627,30.66765388569932,31.10291290283203,2975200,420.51788330078125,136.0,1.0,4.0,4.0,6.0,0.00023715691037769367,8.636841762221944e-05,,0,2.0,42.0
2023-10-17,30.93969068933553,31.38401955345078,30.858079406503393,31.15732192993164,3171900,420.4985656738281,134.0,1.0,4.0,4.0,6.0,0.0002644487794814207,0.0001616033415570772,,0,2.0,43.0
2023-10-18,31.257068632037317,31.329610070945332,30.95782611632255,31.311473846435547,3525400,414.8953857421875,132.0,1.0,4.0,4.0,6.0,0.0002698945992628027,0.0002100824436539786,,0,2.0,44.0
2023-10-19,31.14825318767599,31.50190439852297,30.912489172909343,31.257070541381836,2480800,411.25,130.0,1.0,4.0,4.0,6.0,0.00025208029921660463,0.00021433786002970123,,0,2.0,45.0
2023-10-20,31.257074649311576,31.347752330185664,30.703931802236983,30.73113441467285,4730800,406.1965026855469,130.0,1.0,4.0,4.0,6.0,0.00021469723679062763,0.00021449767521747854,,0,2.0,46.0
2023-10-23,30.522568958487195,30.794605424386884,30.159851364533385,30.38654899597168,4522400,405.4924621582031,129.0,1.0,4.0,4.0,6.0,0.00021525214551447732,0.00023715691037769367,,0,2.0,47.0
2023-10-24,30.386544164611696,30.44095283279337,29.79713249206543,29.79713249206543,3366400,408.54962158203125,130.0,1.0,4.0,4.0,6.0,0.0002071612155393269,0.0002644487794814207,,0,2.0,48.0
2023-10-25,29.779001466274874,30.132649223346274,29.443489935095776,30.12358283996582,4091000,402.6860656738281,129.0,1.0,4.0,4.0,6.0,0.0002265323452310721,0.0002698945992628027,,0,2.0,49.0
2023-10-26,29.869677444390458,29.9694249515814,29.44348826702625,29.62484359741211,2837700,397.8639831542969,129.0,1.0,4.0,4.0,6.0,0.00018263315995865976,0.00025208029921660463,,0,2.0,50.0
2023-10-27,29.670186703039224,29.797136821444244,29.02636280963602,29.44348907470703,4151300,396.0606384277344,127.0,1.0,4.0,4.0,6.0,0.00014348306513977145,0.00021469723679062763,,0,2.0,51.0
2023-10-30,29.60671088482091,29.86061111512181,29.08077074019053,29.45255470275879,3579500,400.7957763671875,126.0,1.0,4.0,4.0,6.0,9.650475206935477e-05,0.00021525214551447732,,0,2.0,52.0
2023-10-31,29.58857390450536,29.62484289424294,29.06263377330262,29.38001251220703,3003400,403.3129577636719,124.0,1.0,4.0,4.0,6.0,9.492748231431703e-05,0.0002071612155393269,,0,2.0,53.0
2023-11-01,29.588571906883534,29.887810942019872,29.31653547699662,29.670183181762695,2893000,407.61419677734375,123.0,1.0,4.0,3.0,4.0,0.0001312735259332628,0.0002265323452310721,,0,2.0,54.0
2023-11-02,29.942227380206177,31.06664583790573,29.788071172491307,30.994104385375977,3922900,415.4258117675781,135.0,1.0,4.0,3.0,4.0,0.00020172734136540097,0.00018263315995865976,,0,2.0,55.0
2023-11-03,30.88528375781068,31.10291152718602,30.38654624646922,30.604177474975586,2932100,419.2159423828125,134.0,1.0,4.0,3.0,4.0,0.00025165257340577116,0.00014348306513977145,,0,2.0,56.0
2023-11-06,30.84901252199174,31.048507534366887,30.4500259563726,30.468158721923828,3544600,420.1803894042969,132.0,1.0,4.0,3.0,4.0,0.0002884151469032792,9.650475206935477e-05,,0,2.0,57.0
2023-11-07,29.924084731490417,30.014762392478886,28.98102183703382,29.07170295715332,5746300,421.37615966796875,145.0,1.0,4.0,4.0,6.0,0.00022489337412081982,9.492748231431703e-05,,1,2.0,58.0
2023-11-08,28.85407289730359,29.117042967610402,28.21932059683352,28.473220825195312,8979400,421.684814453125,145.0,1.0,4.0,4.0,6.0,0.00015194324633175006,0.0001312735259332628,,0,2.0,59.0
2023-11-09,29.488828659057617,30.051037823073287,28.863142704658262,29.488828659057617,9252600,418.39617919921875,151.0,1.0,4.0,4.0,6.0,9.271299956291385e-05,0.00020172734136540097,,0,2.0,60.0
2023-11-10,29.84247503506091,30.141717558623192,29.633913636425635,30.087308883666992,5787400,424.92523193359375,151.0,1.0,4.0,4.0,6.0,0.00011635699540741284,0.00025165257340577116,,0,2.0,61.0
2023-11-13,30.09637323129594,30.631379725225624,29.960356741800517,30.549768447875977,3493600,424.5201110839844,150.0,1.0,4.0,4.0,6.0,0.00018300724820491921,0.0002884151469032792,,0,2.0,62.0
2023-11-14,30.758327143329183,30.83087203202255,30.25959314051966,30.450021743774414,5557900,432.7561340332031,148.0,1.0,4.0,4.0,6.0,0.0002275504354056524,0.00022489337412081982,,0,2.0,63.0
2023-11-15,30.386550970049026,30.712996133988863,30.223331847210673,30.241464614868164,3871800,433.6722717285156,146.0,1.0,4.0,4.0,6.0,0.00027301814422895396,0.00015194324633175006,,0,2.0,64.0
2023-11-16,29.769933094172107,29.92408581526171,28.98102288664986,29.370943069458008,5206100,434.20269775390625,150.0,1.0,4.0,4.0,6.0,0.00026722444801330954,9.271299956291385e-05,,1,2.0,65.0
2023-11-17,29.65205150643742,30.758333618871045,29.606712671024237,30.640453338623047,6811900,434.7427673339844,158.0,1.0,4.0,4.0,6.0,0.00028990016494215883,0.00011635699540741284,,0,2.0,66.0
2023-11-20,30.96689901945228,30.96689901945228,30.304938866364353,30.341211318969727,3433400,438.0892639160156,156.0,1.0,1.0,4.0,5.0,0.0002688187037230506,0.00018300724820491921,,0,2.0,67.0
2023-11-21,30.214256326083728,30.45002377090207,29.905947446873448,30.069169998168945,4720800,437.1344909667969,155.0,1.0,1.0,4.0,5.0,0.0002617650845480648,0.0002275504354056524,,0,2.0,68.0
2023-11-22,29.334672696860505,29.860612872442886,28.990093051359523,29.833410263061523,5024000,438.8222351074219,153.0,1.0,1.0,4.0,5.0,0.00020750528534293548,0.00027301814422895396,,1,2.0,69.0
2023-11-24,29.751794456641857,30.005694663318856,29.588571906883534,29.670183181762695,1944500,439.09222412109375,151.0,1.0,1.0,4.0,5.0,0.0001650911652436326,0.00026722444801330954,,0,2.0,70.0
2023-11-27,29.633913950648086,29.769933909915267,29.089841031841882,29.271196365356445,6927900,438.3014221191406,150.0,1.0,4.0,4.0,6.0,0.00012040583338592785,0.00028990016494215883,,0,2.0,71.0
2023-11-28,29.38908068422688,29.87874839637458,29.25306072225319,29.724592208862305,5966400,438.7353820800781,149.0,1.0,4.0,4.0,6.0,9.673467640637164e-05,0.0002688187037230506,,0,2.0,72.0
2023-11-29,29.878749843553514,30.078241415877635,29.65205220203813,29.90595245361328,8790600,438.42681884765625,147.0,1.0,4.0,4.0,6.0,8.251873486458384e-05,0.0002617650845480648,,0,2.0,73.0
2023-11-30,30.2740483494078,30.788102590950015,29.86096936082102,30.28322982788086,11873200,440.153076171875,146.0,1.0,1.0,4.0,5.0,9.727650941238152e-05,0.00020750528534293548,,0,2.0,74.0
2023-12-01,30.347487583282593,30.97169508360721,30.19143395734734,30.274049758911133,7204300,442.7569580078125,144.0,1.0,1.0,4.0,5.0,0.00011886850212266159,0.0001650911652436326,,0,2.0,75.0
2023-12-04,29.897688409790074,30.255689034320945,29.741638292105563,29.906869888305664,4179800,440.43280029296875,142.0,1.0,1.0,4.0,5.0,0.00012995727427058876,0.00012040583338592785,,0,2.0,76.0
2023-12-05,29.833432979689537,29.980305125059683,29.383635064782627,29.3928165435791,4903200,440.3459777832031,142.0,1.0,4.0,4.0,6.0,0.0001233840380875294,9.673467640637164e-05,,0,2.0,77.0
2023-12-06,29.15414973741148,29.319381343584528,27.758862564010343,27.786401748657227,8648700,438.5714416503906,160.0,1.0,4.0,4.0,6.0,6.135423465854918e-05,8.251873486458384e-05,,1,2.0,78.0
2023-12-07,27.90573176864063,28.12603997000246,27.36414011705591,27.758859634399414,5301000,441.91796875,157.0,1.0,4.0,4.0,6.0,2.0705961209510605e-06,9.727650941238152e-05,,0,2.0,79.0
2023-12-08,27.87819709984032,28.272914905437307,27.823118730902408,28.217838287353516,5660500,443.8178405761719,157.0,1.0,4.0,4.0,6.0,-1.0585748901132446e-05,0.00011886850212266159,,0,2.0,80.0
2023-12-11,28.08014446550785,28.144400808541548,27.63034831341794,27.79557991027832,8922500,445.5440979003906,156.0,1.0,4.0,4.0,6.0,5.798565930898838e-06,0.00012995727427058876,,0,2.0,81.0
2023-12-12,27.419218501537173,27.52937172687548,27.033678711145203,27.16219139099121,4338900,447.5789489746094,156.0,4.0,4.0,4.0,12.0,1.8890503703403288e-05,0.0001233840380875294,,1,4.0,1.0
2023-12-13,27.143833534520017,28.052605575905865,27.107116374196917,27.969989776611328,5278200,453.7510986328125,159.0,4.0,4.0,4.0,12.0,2.4486148706458262e-05,6.135423465854918e-05,,0,4.0,2.0
2023-12-14,28.676812583572342,28.851223907063652,28.48404355565091,28.713531494140625,8983300,455.20745849609375,161.0,1.0,4.0,4.0,6.0,5.3634092445590105e-05,2.0705961209510605e-06,,0,2.0,3.0
2023-12-15,28.704349617369694,28.768605955199224,28.35552699650384,28.383066177368164,4719700,454.4579162597656,159.0,1.0,4.0,4.0,6.0,6.666631857656884e-05,-1.0585748901132446e-05,,0,2.0,4.0
2023-12-18,28.93384156825187,29.09907317474159,28.61255808350565,28.87876319885254,3785400,457.0142822265625,159.0,1.0,4.0,4.0,6.0,6.466744796168638e-05,5.798565930898838e-06,,0,2.0,5.0
2023-12-19,28.99809865542335,29.512152944484036,28.99809865542335,29.493793487548828,3010800,459.7933044433594,159.0,1.0,4.0,4.0,6.0,7.291343551152442e-05,1.8890503703403288e-05,,0,2.0,6.0
2023-12-20,29.6498411416623,29.94358542466625,29.135788646405384,29.15414810180664,2750200,453.42181396484375,157.0,1.0,4.0,4.0,6.0,0.00011300180080877694,2.4486148706458262e-05,,0,2.0,7.0
2023-12-21,29.23676521129759,29.374457631273362,28.988917804828734,29.356098175048828,8013600,457.72113037109375,155.0,1.0,4.0,4.0,6.0,0.0001523279413097787,5.3634092445590105e-05,,0,2.0,8.0
2023-12-22,29.576407600718824,29.75081717906207,29.365277359751918,29.3928165435791,2067000,458.64105224609375,153.0,1.0,4.0,4.0,6.0,0.00016304315166333746,6.666631857656884e-05,,0,2.0,9.0
2023-12-26,29.659022462398497,30.163895227268306,29.659022462398497,30.01702308654785,1623000,460.57769775390625,153.0,1.0,1.0,4.0,5.0,0.00018977807155678422,6.466744796168638e-05,,0,2.0,10.0
2023-12-27,29.906870324857717,29.943585734331855,29.659022926939723,29.704919815063477,3605000,461.410400390625,152.0,1.0,1.0,4.0,5.0,0.00017350281680971,7.291343551152442e-05,,0,2.0,11.0
2023-12-28,29.49379517785603,29.75999856440189,29.264305454722123,29.27348518371582,2106800,461.5846862792969,151.0,1.0,1.0,4.0,5.0,0.00015768622470551335,0.00011300180080877694,,0,2.0,12.0
2023-12-29,29.411174774169922,29.576406368541168,29.181686837732965,29.411174774169922,1726400,460.2484130859375,149.0,1.0,1.0,4.0,5.0,0.00012041691210787039,0.0001523279413097787,,0,2.0,13.0
2024-01-02,29.55804532766549,29.769173797655718,29.365274560956298,29.47542953491211,5868600,457.6727294921875,147.0,1.0,1.0,4.0,5.0,0.00012390860802256683,0.00016304315166333746,,0,2.0,14.0
2024-01-03,30.03538113562109,31.19199875192934,29.879327523701125,31.17363929748535,6652500,453.93511962890625,163.0,1.0,1.0,4.0,5.0,0.00016093062028907295,0.00018977807155678422,,0,2.0,15.0
2024-01-04,31.35722919616641,31.4949233486187,30.78810013599864,30.925790786743164,4862500,452.472900390625,161.0,1.0,1.0,4.0,5.0,0.00020740974752589015,0.00017350281680971,,0,2.0,16.0
2024-01-05,31.265440985180323,31.467388009168488,30.916618304897668,31.026771545410156,3460000,453.0925598144531,159.0,1.0,1.0,4.0,5.0,0.0002543052082069828,0.00015768622470551335,,0,2.0,17.0
2024-01-08,30.283230337113633,30.384202090058942,29.943585662059796,30.356664657592773,4148000,459.56097412109375,159.0,1.0,1.0,4.0,5.0,0.00025565888718881045,0.00012041691210787039,,1,2.0,18.0
2024-01-09,30.356664255393643,30.430102076607895,29.906869856434522,30.01702308654785,4586500,458.8637390136719,158.0,1.0,1.0,4.0,5.0,0.0002402633081498382,0.00012390860802256683,,0,2.0,19.0
2024-01-10,30.06292077239679,30.237330349850726,29.56722597115953,29.769176483154297,3702100,461.45880126953125,156.0,1.0,1.0,4.0,5.0,0.0002133316092866847,0.00016093062028907295,,0,2.0,20.0
2024-01-11,30.007840925197304,30.127175631100915,29.576405991359284,29.9986629486084,5133600,461.2554931640625,154.0,1.0,1.0,4.0,5.0,0.00020458013634497838,0.00020740974752589015,,0,2.0,21.0
2024-01-12,30.531074345892105,30.59533419139817,29.971126707325332,30.090457916259766,2867600,461.5749816894531,152.0,1.0,1.0,4.0,5.0,0.00018860204008722768,0.0002543052082069828,,0,2.0,22.0
2024-01-16,29.842611509020163,29.916049333918295,29.319381013453874,29.356098175048828,3294400,459.8804626464844,153.0,1.0,4.0,4.0,6.0,0.00014284437405346964,0.00025565888718881045,,1,2.0,23.0
2024-01-17,28.970554020046887,29.043990083118654,28.56665654857909,28.90629768371582,3429100,457.3241271972656,152.0,1.0,4.0,4.0,6.0,8.81411921452607e-05,0.0002402633081498382,,1,2.0,24.0
2024-01-18,28.943022682812384,29.0164587613415,28.48404675429185,28.86040687561035,2914900,461.3910217285156,150.0,1.0,4.0,4.0,6.0,5.4772968504672596e-05,0.0002133316092866847,,0,2.0,25.0
2024-01-19,28.823681893903352,28.970554020046887,28.65845031427841,28.90629768371582,2564000,467.1427917480469,148.0,1.0,4.0,4.0,6.0,4.6307469628962044e-05,0.00020458013634497838,,0,2.0,26.0
2024-01-22,28.82368269604008,29.227581929601875,28.58501504670147,29.089889526367188,3240800,468.13055419921875,146.0,1.0,4.0,4.0,6.0,7.923035776551006e-05,0.00018860204008722768,,0,2.0,27.0
2024-01-23,28.943017959594727,29.29183883797032,28.777786372154843,28.943017959594727,2315600,469.4958190917969,144.0,1.0,4.0,4.0,6.0,0.00010258318675858561,0.00014284437405346964,,0,2.0,28.0
2024-01-24,29.154150329286324,29.31020221041184,28.842046567035293,29.218406677246094,3240000,470.00909423828125,142.0,1.0,4.0,4.0,6.0,0.00014713822520284782,8.81411921452607e-05,,0,2.0,29.0
2024-01-25,29.49378978758312,29.704918263289592,29.32855819760276,29.659021377563477,2337500,472.5653381347656,142.0,1.0,4.0,4.0,6.0,0.00018559518611352855,5.4772968504672596e-05,,0,2.0,30.0
2024-01-26,29.695735451049966,30.072095499828965,29.62230113752877,30.053739547729492,3194900,471.9649963378906,141.0,1.0,4.0,4.0,6.0,0.00024373047437547784,4.6307469628962044e-05,,0,2.0,31.0
2024-01-29,30.01702359550843,30.108817371874625,29.750816741655107,30.090457916259766,3101500,475.70269775390625,139.0,1.0,4.0,4.0,6.0,0.0002669802435291717,7.923035776551006e-05,,0,2.0,32.0
2024-01-30,29.7783548968883,30.824822882082543,29.75999544082789,30.815641403198242,3060200,475.3348083496094,141.0,1.0,4.0,4.0,6.0,0.0002723496577254202,0.00010258318675858561,,0,2.0,33.0
2024-01-31,30.68712749280798,30.797280723084153,30.365845778790785,30.40256118774414,2289100,467.57855224609375,140.0,1.0,1.0,4.0,5.0,0.00024110182095021966,0.00014713822520284782,,0,2.0,34.0
2024-02-01,30.54025264729619,30.9441501236793,29.8701483447546,30.108814239501953,3645600,473.69830322265625,138.0,1.0,1.0,3.0,3.0,0.00021089009509370942,0.00018559518611352855,,0,1.0,1.0
2024-02-02,30.05374008418577,30.06291806039933,29.466248056990718,29.47542953491211,3261500,478.6850280761719,139.0,1.0,1.0,3.0,3.0,0.00014295407733863974,0.00024373047437547784,,0,1.0,2.0
2024-02-05,29.319380367112117,29.44789480699665,28.81450583719203,29.227584838867188,2600100,476.9421081542969,138.0,1.0,4.0,3.0,4.0,9.29039114121963e-05,0.0002669802435291717,,1,2.0,3.0
2024-02-06,29.328560741566143,29.78753664205479,29.209226026960792,29.356098175048828,2436900,478.32684326171875,136.0,1.0,4.0,3.0,4.0,7.348139738274876e-05,0.0002723496577254202,,0,2.0,4.0
2024-02-07,29.457074077146014,29.493792990397488,29.172509502863704,29.48461151123047,1831900,482.3162536621094,134.0,1.0,4.0,3.0,4.0,7.663531194883344e-05,0.00024110182095021966,,0,2.0,5.0
2024-02-08,29.5396863461865,29.64066159469051,29.301018691174985,29.594764709472656,4863700,482.529296875,132.0,1.0,4.0,3.0,4.0,5.63799872940523e-05,0.00021089009509370942,,0,2.0,6.0
2024-02-09,29.732459424289786,29.90687251432006,29.392818225259376,29.493793487548828,6014800,485.31805419921875,130.0,1.0,4.0,3.0,4.0,1.586515728353031e-05,0.00014295407733863974,,0,2.0,7.0
2024-02-12,29.603944744161314,29.934407943439204,29.457072600227598,29.71409797668457,4690200,485.10498046875,129.0,1.0,4.0,3.0,4.0,8.648806376965114e-06,9.29039114121963e-05,,0,2.0,8.0
2024-02-13,29.548865777918312,29.677381965249154,28.68599238751671,28.988916397094727,6609600,478.42364501953125,131.0,1.0,4.0,3.0,4.0,-1.379174210703257e-06,7.348139738274876e-05,,0,2.0,9.0
2024-02-14,29.163325814724146,29.31937767314572,28.741067123937686,28.933837890625,6866800,482.7713623046875,129.0,1.0,4.0,3.0,4.0,-1.3248632381924852e-05,7.663531194883344e-05,,0,2.0,10.0
2024-02-15,28.998097290039873,30.39338443604279,28.878762576434124,30.38420295715332,6365200,486.1024169921875,144.0,1.0,4.0,3.0,4.0,-2.0732793671785568e-05,5.63799872940523e-05,,0,2.0,11.0
2024-02-16,30.40256154560575,30.62287151045937,30.108817260272986,30.356664657592773,3780200,483.68157958984375,141.0,1.0,4.0,3.0,4.0,-5.597484989371974e-06,1.586515728353031e-05,,0,2.0,12.0
2024-02-20,30.228149503873766,30.4668154030911,29.943583218680804,29.961942672729492,3088500,481.0187683105469,140.0,1.0,4.0,3.0,4.0,2.5819850799562577e-07,8.648806376965114e-06,,0,2.0,13.0
2024-02-21,30.035384444243867,30.870720454070536,29.96194661837818,30.834001541137695,3919800,481.4544982910156,144.0,1.0,1.0,3.0,3.0,6.649186522498345e-06,-1.379174210703257e-06,,0,1.0,14.0
2024-02-22,30.778921127319336,31.201181594582803,30.604511555035497,30.778921127319336,5808400,491.4183654785156,142.0,1.0,1.0,3.0,3.0,1.5285978678537368e-05,-1.3248632381924852e-05,,0,1.0,15.0
2024-02-23,30.677944882594673,31.20118058594772,30.58615111103543,31.127742767333984,4575300,491.75732421875,140.0,1.0,1.0,3.0,3.0,5.7113495471890716e-05,-2.0732793671785568e-05,,0,1.0,16.0
2024-02-26,31.02677013542453,31.375592799855234,30.916616899917866,31.035951614379883,3781300,489.9562683105469,138.0,1.0,1.0,3.0,3.0,6.17669359145133e-05,-5.597484989371974e-06,,0,1.0,17.0
2024-02-27,31.173640255686536,31.34805332741152,30.705486408952503,30.870718002319336,2639600,490.8664245605469,137.0,1.0,1.0,3.0,3.0,5.660920682093076e-05,2.5819850799562577e-07,,0,1.0,18.0
2024-02-28,30.733024992103527,31.11856655830745,30.531074481153464,31.07266616821289,3960300,490.21771240234375,135.0,1.0,1.0,3.0,3.0,5.483436573945846e-05,6.649186522498345e-06,,0,1.0,19.0
2024-02-29,31.27461613240931,31.68769512408188,31.017590760572187,31.540822982788086,10824100,491.9800109863281,134.0,1.0,1.0,3.0,3.0,9.304206528768483e-05,1.5285978678537368e-05,,0,1.0,20.0
2024-03-01,31.903978347193785,32.5355566871101,31.829676888822295,32.45196533203125,12607200,496.598876953125,138.0,1.0,1.0,3.0,3.0,0.00016853221720709152,5.7113495471890716e-05,,0,1.0,21.0
2024-03-04,32.54484344561563,32.62843479263402,31.736792576752187,31.80181121826172,4647700,496.0662841796875,139.0,1.0,1.0,3.0,3.0,0.00021030233426213785,6.17669359145133e-05,,0,1.0,22.0
2024-03-05,31.718221253826158,32.28478091602781,31.69964500445044,32.07115936279297,3475200,491.1084899902344,137.0,1.0,1.0,3.0,3.0,0.00021824521085164194,5.660920682093076e-05,,0,1.0,23.0
2024-03-06,32.49841160819779,32.74918216030679,32.284786475121706,32.42410659790039,3796200,493.59710693359375,136.0,1.0,1.0,3.0,3.0,0.00021772917878045274,5.483436573945846e-05,,0,1.0,24.0
2024-03-07,32.414815048363764,32.65629920701443,32.294071197509766,32.294071197509766,7185900,498.4967346191406,134.0,1.0,1.0,3.0,3.0,0.00021763908111178943,9.304206528768483e-05,,0,1.0,25.0
2024-03-08,32.321936036954604,32.4055273943982,31.85754039405854,31.99686050415039,6442300,495.5046691894531,133.0,1.0,1.0,3.0,3.0,0.00020005741770606276,0.00016853221720709152,,0,1.0,26.0
2024-03-11,31.84824916672531,32.35908358713156,31.690352829912012,32.2847785949707,6052700,495.0786437988281,131.0,1.0,1.0,3.0,3.0,0.00017153012855148153,0.00021030233426213785,,0,1.0,27.0
2024-03-12,32.275493958083864,32.55413060738393,32.080448657879536,32.526268005371094,4998200,500.404296875,130.0,1.0,1.0,3.0,3.0,0.00016407447624897973,0.00021824521085164194,,0,1.0,28.0
2024-03-13,32.81419763711951,33.232150878852444,32.76775523865358,33.037105560302734,5163200,499.6199951171875,129.0,1.0,1.0,3.0,3.0,0.00018623163772346957,0.00021772917878045274,,0,1.0,29.0
2024-03-14,33.15785119066788,33.71512457146253,33.06496993183027,33.501502990722656,5994000,498.63232421875,129.0,1.0,1.0,3.0,3.0,0.00022952770161782123,0.00021763908111178943,,0,1.0,30.0
2024-03-15,33.436482967715904,33.7522721152444,33.38075422060244,33.51078796386719,5917400,495.20843505859375,127.0,1.0,1.0,3.0,3.0,0.0002771136876279445,0.00020005741770606276,,0,1.0,31.0
2024-03-18,33.501499501414465,33.78942605923578,33.287877942924084,33.75227355957031,2413400,498.15155029296875,126.0,1.0,1.0,3.0,3.0,0.0003342149078850967,0.00017153012855148153,,0,1.0,32.0
2024-03-19,33.54794204741042,33.87302114068177,33.40862547291507,33.66868591308594,3456600,500.9197692871094,124.0,1.0,1.0,3.0,3.0,0.0003688433242192541,0.00016407447624897973,,0,1.0,33.0
2024-03-20,33.37146814703277,33.79871124930828,33.35289189783941,33.789424896240234,2652000,505.5530090332031,122.0,1.0,1.0,3.0,3.0,0.0003834413991596188,0.00018623163772346957,,0,1.0,34.0
2024-03-21,33.74299097823023,33.78013993899112,33.51079314395028,33.64082336425781,3761000,507.2236328125,120.0,1.0,1.0,3.0,3.0,0.00037099883563427406,0.00022952770161782123,,0,1.0,35.0
2024-03-22,33.63152916003576,33.68725790862731,33.24143854906684,33.33431625366211,3743800,506.2620849609375,119.0,1.0,1.0,3.0,3.0,0.00035076740791835733,0.0002771136876279445,,0,1.0,36.0
2024-03-25,33.408621028819695,34.18880578860801,33.408621028819695,34.15165328979492,4506400,504.8633117675781,122.0,1.0,1.0,3.0,3.0,0.0003834966808435845,0.0003342149078850967,,0,1.0,37.0
2024-03-26,34.22595949799427,34.25382564750305,33.808006228998224,33.83586883544922,3835400,503.9308776855469,121.0,1.0,1.0,3.0,3.0,0.0004097216012303557,0.0003688433242192541,,0,1.0,38.0
2024-03-27,33.42719564306904,33.882301330566406,33.380753250295854,33.882301330566406,2556600,508.1658020019531,119.0,1.0,1.0,3.0,3.0,0.0004887965954964653,0.0003834413991596188,,0,1.0,39.0
2024-03-28,34.20738722435149,34.34670380143704,34.04020449740258,34.28168869018555,2371300,508.06866455078125,118.0,1.0,1.0,3.0,3.0,0.0005399945645458538,0.00037099883563427406,,0,1.0,40.0
2024-04-01,34.41171435304174,34.7089272631121,34.123791339380844,34.653202056884766,4989300,507.184814453125,118.0,1.0,1.0,3.0,3.0,0.0005816199024030648,0.00035076740791835733,,0,1.0,41.0
2024-04-02,34.95041566781988,35.31264368779086,34.52316900085091,35.266204833984375,6844600,503.9601135253906,118.0,1.0,1.0,3.0,3.0,0.0005680880621156092,0.0003834966808435845,,0,1.0,42.0
2024-04-03,35.294062946663466,35.86062610295955,35.22904785099575,35.777034759521484,5877600,504.51373291015625,118.0,1.0,1.0,3.0,3.0,0.0005654357757175508,0.0004097216012303557,,0,1.0,43.0
2024-04-04,35.79561609464355,35.93493265813564,35.55412838236528,35.82347869873047,3689100,498.35552978515625,116.0,1.0,1.0,3.0,3.0,0.0005744300585684875,0.0004887965954964653,,0,1.0,44.0
2024-04-05,35.75846280807104,36.241434678957326,35.4798261441521,36.22285842895508,2789400,503.5616760253906,116.0,1.0,1.0,3.0,3.0,0.0006011461224195653,0.0005399945645458538,,0,1.0,45.0
2024-04-08,36.15784305542634,36.28787326141354,35.674871188147186,35.94422149658203,3823800,503.84344482421875,114.0,1.0,1.0,1.0,1.0,0.0005805184763066852,0.0005816199024030648,,0,1.0,46.0
2024-04-09,35.972084045410156,36.14855310426039,35.702733737382935,35.972084045410156,2924300,504.42626953125,113.0,1.0,1.0,1.0,1.0,0.0005770723661263818,0.0005680880621156092,,0,1.0,47.0
2024-04-10,35.832770727306624,36.52007431809615,35.71202686398393,36.51078796386719,3508800,499.3753967285156,113.0,1.0,1.0,1.0,1.0,0.0005827965323920408,0.0005654357757175508,,0,1.0,48.0
2024-04-11,36.51078563134392,36.51078563134392,35.52626562225906,35.62843322753906,4827400,503.1441955566406,116.0,1.0,1.0,1.0,1.0,0.0005638399440801143,0.0005744300585684875,,0,1.0,49.0
2024-04-12,36.05568071797568,36.14855843779894,34.78323753249594,35.00614547729492,5330600,496.19915771484375,117.0,1.0,1.0,1.0,1.0,0.0005099545628429303,0.0006011461224195653,,0,1.0,50.0
2024-04-15,34.9968587540732,35.21048034186392,34.3931429524045,34.53246307373047,4531100,489.98272705078125,117.0,1.0,1.0,1.0,1.0,0.0004078850437205142,0.0005805184763066852,,0,1.0,51.0
2024-04-16,34.411714674788925,35.099021750163764,34.30026071823479,34.90397644042969,5897700,489.089111328125,116.0,1.0,1.0,1.0,1.0,0.0003836061392024251,0.0005770723661263818,,0,1.0,52.0
2024-04-17,34.996849248814875,35.55412249664578,34.69034648236804,35.19189453125,3333600,486.1945495605469,115.0,1.0,1.0,1.0,1.0,0.0004104381118314855,0.0005827965323920408,,0,1.0,53.0
2024-04-18,35.32192744385892,35.67486908433728,35.15474474800375,35.34050369262695,4704900,485.194091796875,113.0,1.0,1.0,1.0,1.0,0.0004576322019212953,0.0005638399440801143,,0,1.0,54.0
2024-04-19,35.30335437090941,36.12998157169151,35.23833926590124,35.795616149902344,4912500,480.9591369628906,113.0,1.0,1.0,1.0,1.0,0.0004991885442645906,0.0005099545628429303,,0,1.0,55.0
2024-04-22,35.5541215854566,36.53864141065373,35.40551515363975,36.297157287597656,2618900,485.3883972167969,113.0,1.0,1.0,1.0,1.0,0.0005504995367100071,0.0004078850437205142,,0,1.0,56.0
2024-04-23,36.17642363935518,36.46434668909036,36.055679772305496,36.3621826171875,2885000,491.1483154296875,111.0,1.0,1.0,1.0,1.0,0.0006080796970072089,0.0003836061392024251,,0,1.0,57.0
2024-04-24,36.35288895794447,36.52936156300043,36.12998104205766,36.4736328125,3163800,490.9151916503906,109.0,1.0,1.0,1.0,1.0,0.0006401171633384043,0.0004104381118314855,,0,1.0,58.0
2024-04-25,36.13926493709271,36.807995725374916,35.99994484184818,36.63152313232422,3225900,489.0502624511719,108.0,1.0,1.0,1.0,1.0,0.0006326076828386106,0.0004576322019212953,,0,1.0,59.0
2024-04-26,36.65009943429244,36.7801296337451,36.362176433520766,36.603660583496094,2564600,493.6834411621094,106.0,1.0,1.0,1.0,1.0,0.0005914332883367397,0.0004991885442645906,,0,1.0,60.0
2024-04-29,36.78012859389255,36.90087243699513,36.4364768560467,36.86371994018555,2054600,495.4318542480469,105.0,1.0,1.0,1.0,1.0,0.0005664973651799683,0.0005504995367100071,,0,1.0,61.0
2024-04-30,36.6408181356356,36.7244094958226,35.451962841525166,35.47053909301758,4335600,487.5835876464844,116.0,1.0,4.0,1.0,2.0,0.00048555771606007296,0.0006080796970072089,,0,2.0,62.0
2024-05-01,35.47054262330395,35.498408774844854,34.634632481295775,34.968997955322266,5193300,486.00030517578125,116.0,1.0,4.0,1.0,2.0,0.000448005658369095,0.0006401171633384043,,0,2.0,63.0
2024-05-02,35.17332099677179,35.5912777364097,35.11759579352485,35.34050369262695,2919700,490.54608154296875,115.0,1.0,4.0,1.0,2.0,0.00041670909603773817,0.0006326076828386106,,0,2.0,64.0
2024-05-03,35.56342189144094,35.60986075065531,35.126888820098564,35.51698303222656,3435900,496.6266174316406,114.0,1.0,4.0,1.0,2.0,0.00044112573250609013,0.0005914332883367397,,0,2.0,65.0
2024-05-06,35.74918017850974,36.51078879265001,35.74918017850974,36.11140823364258,3860200,501.755126953125,114.0,1.0,4.0,1.0,2.0,0.0004680697451515058,0.0005664973651799683,,0,2.0,66.0
2024-05-07,36.07425181006463,36.30644961946436,35.832767647234164,36.16712951660156,3819100,502.308837890625,113.0,1.0,4.0,1.0,2.0,0.0004516231622480483,0.00048555771606007296,,0,2.0,67.0
2024-05-08,36.15784216541918,36.752267974190524,35.82347676222098,36.260009765625,5082700,502.35736083984375,111.0,1.0,4.0,1.0,2.0,0.0004592431630289561,0.000448005658369095,,0,2.0,68.0
2024-05-09,36.3343135389566,37.51387887860168,36.3343135389566,37.281681060791016,4509600,505.2518615722656,116.0,1.0,4.0,1.0,2.0,0.00048580617557442244,0.00041670909603773817,,0,2.0,69.0
2024-05-10,37.61604905649282,37.79251813459039,37.01233327169638,37.23524475097656,5304800,505.9027099609375,114.0,1.0,4.0,1.0,2.0,0.0005436977170691635,0.00044112573250609013,,0,2.0,70.0
2024-05-13,37.50459458244082,37.5603197942158,36.761562233293375,36.81728744506836,3916200,505.9706115722656,113.0,1.0,4.0,1.0,2.0,0.0005403972584294999,0.0004680697451515058,,0,2.0,71.0
2024-05-14,36.6593979570185,36.9380346704229,36.17642600035712,36.39933395385742,7267000,508.2920227050781,113.0,1.0,4.0,1.0,2.0,0.0004859311433132488,0.0004516231622480483,,0,2.0,72.0
2024-05-15,36.352886537527176,36.70582818108238,35.60056794267763,36.603660583496094,6474900,514.5863647460938,111.0,1.0,4.0,1.0,2.0,0.0004285758787868279,0.0004592431630289561,,0,2.0,73.0
2024-05-16,36.77084752630469,37.15165181569324,36.64081731183899,36.93803024291992,5705200,513.527587890625,110.0,1.0,4.0,1.0,2.0,0.0004326143441031731,0.00048580617557442244,,0,2.0,74.0
2024-05-17,37.15165338912871,37.393137577212634,36.81728794173731,37.23524475097656,3539700,514.2657470703125,109.0,1.0,4.0,1.0,2.0,0.000463818164959891,0.0005436977170691635,,0,2.0,75.0
2024-05-20,37.225954202371945,37.39313336417401,36.93802764554574,37.0123291015625,2003300,514.8582153320312,108.0,1.0,4.0,1.0,2.0,0.0004918561359486114,0.0005403972584294999,,0,2.0,76.0
2024-05-21,36.88230390151518,38.34050604719175,36.83586504232034,38.12688446044922,8185000,516.1210327148438,114.0,1.0,1.0,1.0,1.0,0.0005245963448789621,0.0004859311433132488,,0,1.0,77.0
2024-05-22,37.99684873004029,38.210470285819525,37.36527041597242,37.60675811767578,4992500,514.634765625,114.0,1.0,1.0,1.0,1.0,0.0005202776689475535,0.0004285758787868279,,0,1.0,78.0
2024-05-23,37.99685330344289,38.544840331810214,37.07734832453381,37.26310729980469,5019300,510.8760070800781,113.0,1.0,1.0,1.0,1.0,0.0005064774964816985,0.0004326143441031731,,0,1.0,79.0
2024-05-24,37.569614169022024,37.80181202724459,37.244535041675555,37.430294036865234,5251400,514.256103515625,111.0,1.0,1.0,1.0,1.0,0.0004945678087655502,0.000463818164959891,,0,1.0,80.0
2024-05-28,37.80180231545759,38.21046916543641,37.523165665787616,37.75536346435547,6869800,514.6152954101562,110.0,1.0,1.0,1.0,1.0,0.00054004212999769,0.0004918561359486114,,0,1.0,81.0
2024-05-29,37.458154482226604,37.64390990605754,36.547935898778576,36.882301330566406,3331700,511.01177978515625,113.0,1.0,1.0,1.0,1.0,0.0005567289023984502,0.0005245963448789621,,0,1.0,82.0
2024-05-30,36.91944891448562,37.57888979319053,36.88229641744551,37.03090286254883,4142500,507.6219787597656,112.0,1.0,1.0,1.0,1.0,0.0005890124964447752,0.0005202776689475535,,0,1.0,83.0
2024-05-31,37.300255530840985,37.97827270131582,37.207377825373285,37.91325759887695,12948700,512.2454833984375,115.0,1.0,1.0,1.0,1.0,0.00061381647135824,0.0005064774964816985,,0,1.0,84.0
2024-06-03,37.83895791317118,37.9132593724096,36.02781422736919,36.07425308227539,7643200,512.6630859375,132.0,1.0,1.0,4.0,5.0,0.000573753591525612,0.0004945678087655502,,0,2.0,85.0
2024-06-04,35.755180547825844,35.87718085879771,34.657188488858175,35.33287811279297,9975600,513.2361450195312,133.0,1.0,1.0,4.0,5.0,0.0004785462559918281,0.00054004212999769,,1,2.0,86.0
2024-06-05,35.51117821086892,35.79271431888749,35.22964210285034,35.436100006103516,7238800,519.3359985351562,131.0,1.0,1.0,4.0,5.0,0.00037785013180920276,0.0005567289023984502,,0,2.0,87.0
2024-06-06,35.51118096888715,36.09302278130509,35.41733678556772,36.017948150634766,3668800,519.3263549804688,131.0,1.0,1.0,4.0,5.0,0.00037297536495991293,0.0005890124964447752,,0,2.0,88.0
2024-06-07,35.849021933392656,36.21501922120111,35.53932971760044,35.651947021484375,3753900,518.6950073242188,130.0,1.0,1.0,4.0,5.0,0.0003620054961161086,0.00061381647135824,,0,2.0,89.0
2024-06-10,35.830256085154105,36.14933131927777,35.689486230716035,35.79271697998047,3672400,520.297607421875,128.0,1.0,1.0,4.0,5.0,0.0003469978360702318,0.000573753591525612,,0,2.0,90.0
2024-06-11,35.57687380404315,35.867796509953095,35.17333735839521,35.74579620361328,3226800,521.5506591796875,126.0,1.0,1.0,4.0,5.0,0.00032134389613104847,0.0004785462559918281,,0,2.0,91.0
2024-06-12,36.365173333683465,36.693631531823804,35.6894838061652,35.7176399230957,4198100,525.834228515625,124.0,1.0,4.0,4.0,6.0,0.00033100019656550765,0.00037785013180920276,,0,2.0,92.0
2024-06-13,35.576873638879164,35.68010439146236,34.52580371970943,34.64780044555664,8790600,526.8930053710938,129.0,1.0,4.0,4.0,6.0,0.0003059970890984071,0.00037297536495991293,,1,2.0,93.0
2024-06-14,34.375649813733055,34.4788805631319,34.04718801292525,34.32872772216797,6994100,527.2134399414062,128.0,1.0,4.0,4.0,6.0,0.0002755715425540096,0.0003620054961161086,,1,2.0,94.0
2024-06-17,34.46011081629045,34.47888036879592,33.92519109962607,34.131649017333984,19316800,531.4095458984375,126.0,1.0,4.0,4.0,6.0,0.0002275042590360836,0.0003469978360702318,,0,2.0,95.0
2024-06-18,34.26302980440389,34.95748887671951,34.18795517978714,34.73225784301758,4277900,532.7597045898438,126.0,1.0,4.0,4.0,6.0,0.00020028913564550924,0.00032134389613104847,,0,2.0,96.0
2024-06-20,34.863642241137995,35.34225323158785,34.69471987276144,34.85425567626953,4113700,531.3123779296875,125.0,1.0,4.0,4.0,6.0,0.000200738905070315,0.00033100019656550765,,0,2.0,97.0
2024-06-21,34.76979702186193,34.92933641690337,34.30056898221488,34.422569274902344,3676500,530.6000366210938,124.0,1.0,4.0,4.0,6.0,0.00020297024116876518,0.0003059970890984071,,0,2.0,98.0
2024-06-24,34.619645538274405,35.698871503389874,34.51641479275063,35.558101654052734,6702600,528.8753662109375,130.0,1.0,4.0,4.0,6.0,0.0002231282934052124,0.0002755715425540096,,0,2.0,99.0
2024-06-25,35.47363917962174,35.558100370189266,35.088872329242086,35.4079475402832,5407500,530.9119873046875,128.0,1.0,4.0,4.0,6.0,0.00023038592341658492,0.0002275042590360836,,0,2.0,100.0
2024-06-26,35.032565905760684,35.370407075088735,34.77918234382036,35.00440979003906,4401600,531.5746459960938,127.0,1.0,4.0,4.0,6.0,0.00020523283890812544,0.00020028913564550924,,0,2.0,101.0
2024-06-27,35.24841294450559,35.68948488390976,35.182721302893775,35.67071533203125,4583800,532.4124755859375,128.0,1.0,4.0,4.0,6.0,0.00019252832958899298,0.000200738905070315,,0,2.0,102.0
2024-06-28,35.94286848314661,36.13056042210378,35.473640425716695,35.75517654418945,3880400,530.3174438476562,126.0,1.0,4.0,4.0,6.0,0.00018430506812749505,0.00020297024116876518,,0,2.0,103.0
2024-07-01,35.905333379595,36.27133431230444,35.80210620259766,35.8677978515625,3028900,531.408935546875,124.0,1.0,1.0,4.0,5.0,0.0002237831706093874,0.0002231282934052124,,0,2.0,104.0
2024-07-02,36.10241312047878,36.39333226712722,35.95226026352028,36.383949279785156,4205100,534.985107421875,124.0,1.0,1.0,4.0,5.0,0.00025243280885713586,0.00023038592341658492,,0,2.0,105.0
2024-07-03,36.59040560762413,37.012707996686814,36.459018743996324,36.6279411315918,1332900,537.3726196289062,122.0,1.0,1.0,4.0,5.0,0.0002945861155164758,0.00020523283890812544,,0,2.0,106.0
2024-07-05,36.54347718817498,36.609168825083096,35.29533250699519,35.45486831665039,7892800,540.4712524414062,128.0,1.0,1.0,4.0,5.0,0.00027260332255884834,0.00019252832958899298,,0,2.0,107.0
2024-07-08,35.370409804908874,35.72702413219129,35.25779607310821,35.614410400390625,3074900,541.0950317382812,127.0,1.0,1.0,4.0,5.0,0.00024307563352058518,0.00018430506812749505,,0,2.0,108.0
2024-07-09,35.39856833058433,35.60502625627431,35.1170286120436,35.15456771850586,3482200,541.6212158203125,126.0,1.0,1.0,4.0,5.0,0.00020160703160117016,0.0002237831706093874,,0,2.0,109.0
2024-07-10,35.3141046391178,35.820868220894354,35.06072105826653,35.558101654052734,3323300,546.9807739257812,125.0,1.0,1.0,4.0,5.0,0.00023334937264457293,0.00025243280885713586,,0,2.0,110.0
2024-07-11,35.708255798710546,36.055483571901206,35.14518354056752,35.87717819213867,2564100,542.2642211914062,124.0,1.0,1.0,4.0,5.0,0.0002617561605920916,0.0002945861155164758,,0,2.0,111.0
2024-07-12,36.261942562406546,36.28071211370324,35.67071422630131,35.91471481323242,2071100,545.6846313476562,122.0,1.0,1.0,4.0,5.0,0.0002991874477185045,0.00027260332255884834,,0,2.0,112.0
2024-07-15,36.10240557396261,36.78747806437989,35.73640828537639,36.46840286254883,2721400,547.1853637695312,122.0,1.0,1.0,4.0,5.0,0.00032953287912428785,0.00024307563352058518,,0,2.0,113.0
2024-07-16,36.13056305886459,36.30886844492709,35.93348811954399,36.0273323059082,5479200,550.4302978515625,121.0,1.0,1.0,4.0,5.0,0.00033259154353069325,0.00020160703160117016,,0,2.0,114.0
2024-07-17,36.03671254812616,36.778090082116115,36.00855643321725,36.459014892578125,3083800,542.7124633789062,121.0,1.0,1.0,4.0,5.0,0.00035602759532340025,0.00023334937264457293,,0,2.0,115.0
2024-07-18,36.69363280911415,36.81563310692414,36.30886594364508,36.43086624145508,3057400,538.5418701171875,119.0,1.0,1.0,4.0,5.0,0.00037428480947030926,0.0002617561605920916,,0,2.0,116.0
2024-07-19,36.29009257952494,36.6936289545689,35.867790234413185,36.14932632446289,2462600,534.965576171875,118.0,1.0,1.0,4.0,5.0,0.00039481268630513,0.0002991874477185045,,0,2.0,117.0
2024-07-22,36.07425437503899,36.50594693983479,35.736413156397305,36.39332962036133,2885600,540.4810791015625,116.0,1.0,1.0,4.0,5.0,0.000382103247934545,0.00032953287912428785,,0,2.0,118.0
2024-07-23,36.17748518921417,36.17748518921417,35.49241260425809,35.74579620361328,3616900,539.63330078125,117.0,1.0,1.0,4.0,5.0,0.0003335488947704879,0.00033259154353069325,,0,2.0,119.0
2024-07-24,35.67071168295115,36.20563490695173,35.558097963126315,35.69886779785156,2695300,527.4039306640625,115.0,1.0,1.0,4.0,5.0,0.0003087879533632488,0.00035602759532340025,,0,2.0,120.0
2024-07-25,35.614409124141126,36.261942533697926,35.39856465428886,36.11178970336914,2271600,524.6559448242188,115.0,1.0,1.0,4.0,5.0,0.0003055142546841776,0.00037428480947030926,,0,2.0,121.0
2024-07-26,36.19624965118362,36.29009382444428,35.70825207439159,36.130558013916016,1543600,530.5318603515625,113.0,1.0,1.0,3.0,3.0,0.0003480704068879507,0.00039481268630513,,0,1.0,122.0
2024-07-29,36.205640081884354,36.33702337044643,35.473641848583185,35.93348693847656,2335000,530.8436889648438,112.0,1.0,1.0,3.0,3.0,0.0004033263369083761,0.000382103247934545,,0,1.0,123.0
2024-07-30,35.858408670271196,36.271331667860956,35.8208695650492,36.04610061645508,2856200,528.1541137695312,110.0,1.0,1.0,3.0,3.0,0.0004481667702413371,0.0003335488947704879,,0,1.0,124.0
2024-07-31,36.84378440883918,37.519473937209256,36.81563187179904,37.463165283203125,3201100,536.7392578125,120.0,1.0,1.0,3.0,3.0,0.0005108573325887522,0.0003087879533632488,,0,1.0,125.0
2024-08-01,37.31301244141972,37.81039660184555,35.755175480302505,36.16809844970703,3533400,529.138427734375,128.0,1.0,1.0,4.0,5.0,0.0004910888378378808,0.0003055142546841776,,0,2.0,126.0
2024-08-02,35.633182514695484,35.689487594681665,33.91580597659193,34.4788818359375,6234800,519.2867431640625,142.0,1.0,4.0,4.0,6.0,0.00040314942029772636,0.0003480704068879507,,1,2.0,127.0
2024-08-05,33.371498125378444,34.47887654077121,32.930422640285784,34.21610641479492,4913300,504.1631774902344,140.0,1.0,4.0,4.0,6.0,0.00027739776973568554,0.0004033263369083761,,0,2.0,128.0
2024-08-06,34.028417160704564,35.051334469431126,33.69057596638309,34.74164581298828,5213100,508.8113708496094,140.0,1.0,4.0,4.0,6.0,0.00022929883893953182,0.0004481667702413371,,0,2.0,129.0
2024-08-07,36.29947919875784,37.33177939045874,36.11178727846887,36.3182487487793,7220900,505.4104309082031,150.0,1.0,4.0,4.0,6.0,0.00027608256392271124,0.0005108573325887522,,0,2.0,130.0
2024-08-08,36.54347765177823,37.42562863846535,36.487172579385955,37.34116744995117,4139900,517.0941772460938,153.0,1.0,1.0,4.0,5.0,0.00033090616827341366,0.0004910888378378808,,0,2.0,131.0
2024-08-09,37.5382498664327,37.5382498664327,36.82502469413813,37.22855758666992,4024800,519.3743286132812,151.0,1.0,1.0,4.0,5.0,0.00036194587609856307,0.00040314942029772636,,0,2.0,132.0
2024-08-12,37.51009232089089,38.27023948813216,37.406861574740596,38.03562545776367,4888800,519.6472778320312,151.0,1.0,1.0,4.0,5.0,0.0003824380588871419,0.00027739776973568554,,0,2.0,133.0
2024-08-13,37.866706988319095,38.4767049623761,37.819784893374646,38.42978286743164,3553600,528.1932373046875,150.0,1.0,1.0,4.0,5.0,0.00039364790438991946,0.00022929883893953182,,0,2.0,134.0
2024-08-14,38.448549804386644,38.75823847388211,38.33593248827363,38.60808563232422,2905700,529.8595581054688,148.0,1.0,1.0,4.0,5.0,0.0004153682396877125,0.00027608256392271124,,0,2.0,135.0
2024-08-15,38.87084965057091,39.23685053394924,38.852083679047205,39.039772033691406,3124100,538.94140625,146.0,1.0,1.0,4.0,5.0,0.0004130111758249958,0.00033090616827341366,,0,2.0,136.0
2024-08-16,38.65500271555156,39.11484774694898,38.579928094463085,38.795772552490234,2265200,540.149658203125,144.0,1.0,1.0,4.0,5.0,0.0004328187834394286,0.00036194587609856307,,0,2.0,137.0
2024-08-19,38.77700557473693,39.340077799995,38.730083485953074,38.814544677734375,4042800,545.3142700195312,142.0,1.0,1.0,4.0,5.0,0.0004551495317916215,0.0003824380588871419,,0,2.0,138.0
2024-08-20,38.73008459986513,38.85208489815271,37.75408937341647,37.83855056762695,4961600,544.4275512695312,144.0,1.0,1.0,4.0,5.0,0.0004491498213057508,0.00039364790438991946,,0,2.0,139.0
2024-08-21,38.176396745665045,38.29839704843043,37.6977821009303,37.76347732543945,4680400,546.2986450195312,142.0,1.0,1.0,4.0,5.0,0.0004118270770451544,0.0004153682396877125,,0,2.0,140.0
2024-08-22,37.847933248563756,38.12946934039068,37.73531594789248,37.86669921875,4375000,542.0109252929688,140.0,1.0,1.0,4.0,5.0,0.0003565569639645976,0.0004130111758249958,,0,2.0,141.0
2024-08-23,38.30778379015912,38.43916709220473,37.988708522365584,38.32655334472656,3483700,547.77001953125,139.0,1.0,1.0,4.0,5.0,0.0003487455202159822,0.0004328187834394286,,0,2.0,142.0
2024-08-26,38.9553084632038,39.36823141002675,38.84269474130921,39.13361740112305,4639700,546.4641723632812,140.0,1.0,1.0,4.0,5.0,0.00036348921523575575,0.0004551495317916215,,0,2.0,143.0
2024-08-27,38.94592783400142,39.01161947407434,38.19516367607814,38.307777404785156,2752900,547.2144775390625,141.0,1.0,1.0,4.0,5.0,0.0003726779790472282,0.0004491498213057508,,0,2.0,144.0
2024-08-28,37.95116691598364,38.39224246947883,37.772861529215454,38.1107063293457,3677500,544.037841796875,139.0,1.0,1.0,4.0,5.0,0.00035118231067012804,0.0004118270770451544,,0,2.0,145.0
2024-08-29,38.31716408275041,38.786392130318205,38.176394236509715,38.44854736328125,1953100,544.0866088867188,137.0,1.0,1.0,4.0,5.0,0.00033908845304978283,0.0003565569639645976,,0,2.0,146.0
2024-08-30,38.16701015048139,38.29839701947423,37.66024654692781,38.045013427734375,2311700,549.2803344726562,136.0,1.0,1.0,4.0,5.0,0.0003365073382430817,0.0003487455202159822,,0,2.0,147.0
2024-09-03,37.35993955733112,37.39747508151934,36.52471060045661,37.27547836303711,16275000,537.9766845703125,137.0,1.0,4.0,4.0,6.0,0.0003138374956224411,0.00036348921523575575,,1,2.0,148.0
2024-09-04,37.3342593443469,37.47646486233628,36.80334934087904,36.81283187866211,5982300,536.8755493164062,136.0,1.0,4.0,4.0,6.0,0.0002631217015833916,0.0003726779790472282,,0,2.0,149.0
2024-09-05,37.1541272585677,37.36269969126672,35.98802465275941,36.02594757080078,4589500,535.5697631835938,137.0,1.0,4.0,4.0,6.0,0.0001943382447414637,0.00035118231067012804,,0,2.0,150.0
2024-09-06,36.14919415508604,36.528412474468325,35.210621852797715,35.38127136230469,3978500,526.55615234375,137.0,1.0,4.0,4.0,6.0,0.00013192612783326932,0.00033908845304978283,,0,2.0,151.0
2024-09-09,35.438157528630455,35.87426024539771,35.343350231597185,35.45711898803711,5270600,532.4515991210938,135.0,1.0,4.0,4.0,6.0,7.70258742724519e-05,0.0003365073382430817,,0,2.0,152.0
2024-09-10,35.4760775484426,35.51400046802293,33.9781583903065,34.205692291259766,3602000,534.770751953125,142.0,1.0,4.0,4.0,6.0,2.119838484473461e-05,0.0003138374956224411,,0,2.0,153.0
2024-09-11,34.42374224402812,34.71763581741583,33.6937423463873,34.186729431152344,3566900,540.2568969726562,140.0,1.0,4.0,4.0,6.0,-1.5105798932113171e-05,0.0002631217015833916,,0,2.0,154.0
2024-09-12,34.224649286275046,34.53750794026561,34.05399976892174,34.404781341552734,3705200,544.8076782226562,138.0,1.0,4.0,4.0,6.0,-5.460942675131717e-05,0.0001943382447414637,,0,2.0,155.0
2024-09-13,34.67971583671557,35.068416697558,34.51854524652174,34.5469856262207,4291000,547.6530151367188,136.0,1.0,4.0,4.0,6.0,-4.226264100049898e-05,0.00013192612783326932,,0,2.0,156.0
2024-09-16,34.859840798465626,34.98308845910499,34.253088648438144,34.81243896484375,3182600,548.4618530273438,135.0,1.0,4.0,4.0,6.0,-9.730691097434356e-06,7.70258742724519e-05,,0,2.0,157.0
2024-09-17,34.916727307329154,35.324385994668326,34.802958559834764,35.31490707397461,2641200,548.6859741210938,134.0,1.0,4.0,4.0,6.0,5.329555363156605e-05,2.119838484473461e-05,,0,2.0,158.0
2024-09-18,35.22958215993186,35.65620591975708,34.926206067729105,35.04945373535156,2381300,547.0586547851562,132.0,1.0,4.0,4.0,6.0,7.953142034389297e-05,-1.5105798932113171e-05,,0,2.0,159.0
2024-09-19,35.71308496691413,35.98802066747514,35.46659325999855,35.76049041748047,5492000,556.3939208984375,133.0,1.0,4.0,4.0,6.0,8.015531136638255e-05,-5.460942675131717e-05,,0,2.0,160.0
2024-09-20,35.6846513427798,35.74153572430736,34.83140731903922,35.2769889831543,5042400,555.4320678710938,133.0,1.0,4.0,4.0,6.0,2.5418462518860976e-05,-4.226264100049898e-05,,0,2.0,161.0
2024-09-23,35.55191998365303,36.22503546737673,35.43815485233326,35.893218994140625,7381800,556.8201293945312,133.0,1.0,4.0,4.0,6.0,-7.2520442825239175e-06,-9.730691097434356e-06,,0,2.0,162.0
2024-09-24,36.51893178322122,36.746462040515176,36.19659423828125,36.19659423828125,3222300,558.413330078125,131.0,1.0,4.0,4.0,6.0,-4.0121748566057404e-05,5.329555363156605e-05,,0,2.0,163.0
2024-09-25,36.10179148351113,36.29139883055936,35.26750541369128,35.47607421875,3188900,557.1817016601562,132.0,1.0,4.0,4.0,6.0,-6.526865883623254e-05,7.953142034389297e-05,,0,2.0,164.0
2024-09-26,34.71763230561453,35.25802117498693,34.49958097380884,34.613346099853516,6598500,559.3906860351562,134.0,1.0,4.0,4.0,6.0,-0.0001272841573482002,8.015531136638255e-05,,1,2.0,165.0
2024-09-27,34.698668022199506,35.039966989061774,34.58490290542137,34.88827896118164,3034100,558.5794677734375,133.0,1.0,4.0,4.0,6.0,-0.00017440350326996165,2.5418462518860976e-05,,0,2.0,166.0
2024-09-30,34.840881524713495,35.22958237121243,34.73659531429431,35.00204849243164,3366900,560.8177490234375,131.0,1.0,4.0,4.0,6.0,-0.00019067785832338233,-7.2520442825239175e-06,,0,2.0,167.0
2024-10-01,34.7555552118476,36.585294231067884,34.70815337738385,36.499969482421875,4630600,555.7937622070312,141.0,1.0,1.0,4.0,5.0,-0.00014542758005034513,-4.0121748566057404e-05,,0,2.0,168.0
2024-10-02,37.14464860913894,37.211011907932715,36.24399918997244,36.66114044189453,2283200,556.0283203125,139.0,1.0,1.0,4.0,5.0,-7.98804113351956e-05,-6.526865883623254e-05,,0,2.0,169.0
2024-10-03,36.7180216960892,37.50490590989418,36.40516668789163,37.45750045776367,2743600,555.0117797851562,140.0,1.0,1.0,4.0,5.0,7.85028432619887e-06,-0.0001272841573482002,,0,2.0,170.0
2024-10-04,37.609186050431305,37.903083198455825,37.15412194855746,37.89360427856445,4133100,560.055419921875,139.0,1.0,1.0,4.0,5.0,8.079238308481419e-05,-0.00017440350326996165,,0,2.0,171.0
2024-10-07,37.96944665366829,38.56671987222607,37.9125659010148,38.36763000488281,2880000,554.9922485351562,138.0,1.0,1.0,4.0,5.0,0.00012734146647872587,-0.00019067785832338233,,0,2.0,172.0
2024-10-08,37.56178223991839,37.647106980559535,36.86970539539696,37.239444732666016,2655900,560.2410888671875,142.0,1.0,1.0,4.0,5.0,0.00010263104333619531,-0.00014542758005034513,,1,2.0,173.0
2024-10-09,36.84126936187769,37.56178666600561,36.77490606872887,37.45750045776367,2544200,564.12158203125,140.0,1.0,1.0,4.0,5.0,7.443142386582645e-05,-7.98804113351956e-05,,0,2.0,174.0
2024-10-10,37.77035599765705,38.471915403467925,37.60918542993879,38.35814666748047,3229500,563.13427734375,142.0,1.0,1.0,4.0,5.0,6.227373972918526e-05,7.85028432619887e-06,,0,2.0,175.0
2024-10-11,38.32970910863046,38.35814948645346,38.01685048646463,38.291786193847656,2483000,566.5065307617188,140.0,1.0,1.0,4.0,5.0,8.064646237826159e-05,8.079238308481419e-05,,0,2.0,176.0
2024-10-14,37.922045653274516,38.26334464279848,37.86516128284449,37.95996856689453,1516000,571.1395874023438,138.0,1.0,1.0,4.0,5.0,8.125822750448582e-05,0.00012734146647872587,,0,2.0,177.0
2024-10-15,36.68958046084488,36.90763179274352,36.18711088892109,36.29139709472656,3338000,566.7020874023438,149.0,1.0,1.0,4.0,5.0,3.152513367750038e-05,0.00010263104333619531,,1,2.0,178.0
2024-10-16,36.37672080643292,36.736981248074144,36.291396060163365,36.64217758178711,2508800,569.1651611328125,147.0,1.0,1.0,4.0,5.0,5.286812753432524e-06,7.443142386582645e-05,,0,2.0,179.0
2024-10-17,36.56633908192594,36.96452251647279,36.49049685700626,36.955039978027344,2088800,569.2140502929688,146.0,1.0,1.0,4.0,5.0,1.1154794965817074e-06,6.227373972918526e-05,,0,2.0,180.0
2024-10-18,36.718023935201245,37.18257063209991,36.51893404361402,37.06880187988281,2377000,571.4036254882812,144.0,1.0,1.0,4.0,5.0,4.0318925159648797e-05,8.064646237826159e-05,,0,2.0,181.0
2024-10-21,37.28686010957118,37.514390400859,36.70854822637741,36.955039978027344,2185200,570.4652099609375,142.0,1.0,1.0,4.0,5.0,8.153471197783943e-05,8.125822750448582e-05,,0,2.0,182.0
2024-10-22,37.059323347615795,37.30581508028207,36.71802432044057,37.12568664550781,3254400,570.1622314453125,140.0,1.0,1.0,4.0,5.0,0.000136812768956948,3.152513367750038e-05,,0,2.0,183.0
2024-10-23,36.955036634795185,36.98347701450104,36.28192112721474,36.59477615356445,1824300,564.9523315429688,139.0,1.0,1.0,4.0,5.0,0.00016440435519244237,5.286812753432524e-06,,0,2.0,184.0
2024-10-24,36.71802525653277,36.83179039631535,36.082832641507395,36.50945281982422,2450800,566.1741333007812,137.0,1.0,1.0,4.0,5.0,0.0001731171162579045,1.1154794965817074e-06,,0,2.0,185.0
2024-10-25,36.78438525826905,37.1067228058615,36.594774297944966,36.936073303222656,1690200,565.9785766601562,136.0,1.0,1.0,4.0,5.0,0.0001487877688490973,4.0318925159648797e-05,,0,2.0,186.0
2024-10-28,35.9121843164116,36.50945403250522,35.7036118727752,36.471534729003906,2847100,567.7283325195312,135.0,1.0,4.0,4.0,6.0,0.0001243013288815269,8.153471197783943e-05,,1,2.0,187.0
2024-10-29,36.405170516761196,36.405170516761196,35.78893573953523,36.09231185913086,3045000,568.6471557617188,134.0,1.0,4.0,4.0,6.0,8.565947338856529e-05,0.000136812768956948,,0,2.0,188.0
2024-10-30,36.319843329017644,36.46204884127394,35.92165993833758,36.111270904541016,2539500,566.9268188476562,132.0,1.0,4.0,4.0,6.0,3.8418466271007905e-05,0.00016440435519244237,,0,2.0,189.0
2024-10-31,36.27243874133837,36.31036165879042,35.390754418013245,35.80789566040039,3602100,555.8132934570312,130.0,1.0,4.0,3.0,4.0,-8.682558894314954e-06,0.0001731171162579045,,0,2.0,190.0
2024-11-01,36.26295883303347,36.58529638954379,35.457116750021854,35.637245178222656,2994800,558.1591186523438,129.0,1.0,4.0,3.0,4.0,-2.7328770561565866e-05,0.0001487877688490973,,0,2.0,191.0
2024-11-04,36.10178976867695,36.414644769668584,36.01646501994684,36.187110900878906,1840300,556.9569091796875,128.0,1.0,4.0,3.0,4.0,-2.5290537133358177e-05,0.0001243013288815269,,0,2.0,192.0
2024-11-05,36.32932339479815,36.80334901698135,36.168156419189536,36.44308853149414,2174100,563.6914672851562,127.0,1.0,4.0,3.0,4.0,-3.711512207161915e-06,8.565947338856529e-05,,0,2.0,193.0
2024-11-06,36.24399457762611,37.267891542765405,36.16815236716843,37.1730842590332,3089300,577.7080078125,128.0,1.0,4.0,3.0,4.0,3.7157987127924665e-05,3.8418466271007905e-05,,0,2.0,194.0
2024-11-07,37.419583549069706,37.77036149476347,37.002438689460234,37.54282760620117,2343000,582.1749267578125,127.0,1.0,1.0,3.0,3.0,8.961818165170971e-05,-8.682558894314954e-06,,0,1.0,195.0
2024-11-08,37.220490323488264,37.28685723790878,36.822310536136165,37.12568664550781,2316600,584.6968383789062,126.0,1.0,1.0,3.0,3.0,0.00012748060653779703,-2.7328770561565866e-05,,0,1.0,196.0
2024-11-11,37.068802534348706,37.41010156396886,36.69906312443638,36.81283187866211,4362900,585.2539672851562,124.0,1.0,1.0,3.0,3.0,0.00011160788001401559,-2.5290537133358177e-05,,0,1.0,197.0
2024-11-12,36.66113628003157,36.96451597561368,35.93114007617102,36.13022994995117,7317500,583.4358520507812,125.0,1.0,1.0,3.0,3.0,3.403838004803678e-05,-3.711512207161915e-06,,0,1.0,198.0
2024-11-13,37.722959656133796,37.90308808953795,36.70854512003917,37.54282760620117,9487700,583.71923828125,134.0,1.0,1.0,3.0,3.0,1.1376569410931235e-05,3.7157987127924665e-05,,0,1.0,199.0
2024-11-14,37.95997688178361,38.66153285478478,37.817767732822595,38.339195251464844,8426300,579.9658813476562,135.0,1.0,1.0,3.0,3.0,2.0514568806470732e-05,8.961818165170971e-05,,0,1.0,200.0
2024-11-15,38.28230966593144,38.699450905027604,38.07373723811914,38.377113342285156,4974000,572.5374145507812,133.0,1.0,1.0,3.0,3.0,5.946445128433193e-05,0.00012748060653779703,,0,1.0,201.0
2024-11-18,38.74685268294051,38.879579276240655,38.35815182404934,38.689971923828125,3849800,574.88330078125,131.0,1.0,1.0,3.0,3.0,7.110410309915792e-05,0.00011160788001401559,,0,1.0,202.0
2024-11-19,38.263344560177565,38.85113525390625,38.17801981298081,38.85113525390625,3158300,576.9846801757812,130.0,1.0,1.0,3.0,3.0,9.518522810171783e-05,3.403838004803678e-05,,0,1.0,203.0
2024-11-20,38.87009793204738,38.9838630597084,38.433995262239954,38.70893096923828,2995600,577.1802368164062,128.0,1.0,1.0,3.0,3.0,0.0001094771985138505,1.1376569410931235e-05,,0,1.0,204.0
2024-11-21,38.9838646306401,39.21139851165927,38.72789037069166,38.99334716796875,4195100,580.2786254882812,126.0,1.0,1.0,3.0,3.0,0.00013012798960449938,2.0514568806470732e-05,,0,1.0,205.0
2024-11-22,39.08814779176441,39.38204494503593,38.7942506384929,39.372562408447266,5385300,582.0772094726562,125.0,1.0,1.0,3.0,3.0,0.00015491599177755685,5.946445128433193e-05,,0,1.0,206.0
2024-11-25,39.38204994021014,39.58113983548766,38.20646479454226,38.54776382446289,6298300,584.0515747070312,127.0,1.0,1.0,3.0,3.0,0.0001777919430072569,7.110410309915792e-05,,0,1.0,207.0
2024-11-26,38.3581520545022,38.37711351316306,37.192049470822816,37.48594665527344,7032600,587.1012573242188,130.0,1.0,1.0,3.0,3.0,0.00016521613909859355,9.518522810171783e-05,,0,1.0,208.0
2024-11-27,37.40061869462932,37.846200277127124,37.220486661051275,37.49542236328125,3771600,585.3223266601562,128.0,1.0,1.0,3.0,3.0,0.0001299324735232388,0.0001094771985138505,,0,1.0,209.0
2024-11-29,37.51438664446983,37.80828382586094,37.42906188964844,37.42906188964844,1821300,588.9583740234375,127.0,1.0,1.0,3.0,3.0,0.00010719351038236315,0.00013012798960449938,,0,1.0,210.0
2024-12-02,37.590234348322255,37.7039994882341,36.82231151672793,37.19205093383789,11969400,590.013916015625,125.0,1.0,1.0,3.0,3.0,9.285341406038707e-05,0.00015491599177755685,,0,1.0,211.0
2024-12-03,37.59056326726727,37.59056326726727,37.03494159059042,37.322330474853516,6500700,590.2877197265625,123.0,1.0,1.0,3.0,3.0,8.392832934806873e-05,0.0001777919430072569,,0,1.0,212.0
2024-12-04,37.293595205622246,37.446869531221346,36.584699165758806,36.85293197631836,4335700,593.9530639648438,123.0,1.0,4.0,3.0,4.0,8.584643603451274e-05,0.00016521613909859355,,0,2.0,213.0
2024-12-05,37.05410382488405,37.7725779109596,36.95830874181325,37.50434875488281,3600400,592.9755859375,123.0,1.0,4.0,3.0,4.0,0.00012646845498016923,0.0001299324735232388,,0,2.0,214.0
2024-12-06,37.379809445242394,37.456444775133654,36.5751183824707,36.7667121887207,4432400,594.0997314453125,124.0,1.0,4.0,3.0,4.0,0.00014568593788567846,0.00010719351038236315,,0,2.0,215.0
2024-12-09,37.188220833044795,37.59056824780018,36.57512349089224,36.58470153808594,6055600,591.0404663085938,123.0,1.0,4.0,3.0,4.0,0.0001386133648651076,9.285341406038707e-05,,0,2.0,216.0
2024-12-10,36.78587062951915,36.80502672055133,36.230248976543876,36.24940872192383,3785600,589.2028198242188,121.0,1.0,4.0,3.0,4.0,9.327860057272759e-05,8.392832934806873e-05,,0,2.0,217.0
2024-12-11,36.36436713213652,36.56553899697726,36.21109280830336,36.546382904052734,3856300,593.7576904296875,120.0,1.0,4.0,3.0,4.0,8.494340525874327e-05,8.584643603451274e-05,,0,2.0,218.0
2024-12-12,36.402685161298926,36.402685161298926,35.588416033903805,35.626731872558594,4436100,590.6982421875,123.0,1.0,4.0,3.0,4.0,5.389204437003178e-05,0.00012646845498016923,,0,2.0,219.0
2024-12-13,35.607572754897696,35.70337148909648,34.9944754734177,35.23396682739258,5165700,590.5809326171875,122.0,1.0,4.0,3.0,4.0,2.381288946278776e-05,0.00014568593788567846,,0,2.0,220.0
2024-12-16,34.77414193880997,34.860358967635975,34.3430567946799,34.70708465576172,6721700,593.1028442382812,122.0,4.0,4.0,3.0,10.0,-3.357755010160741e-05,0.0001386133648651076,,1,4.0,1.0
2024-12-17,34.295157530637546,34.54423055885972,34.055666201995734,34.33347702026367,4011900,590.6591796875,121.0,4.0,4.0,3.0,10.0,-7.544298165799609e-05,9.327860057272759e-05,,0,4.0,2.0
2024-12-18,34.36221886360479,34.47717734604343,33.29887665430991,33.385093688964844,3982900,573.0554809570312,126.0,4.0,4.0,3.0,10.0,-0.00014133544094436327,8.494340525874327e-05,,0,4.0,3.0
2024-12-19,33.768279133992095,33.87365590889311,33.040227064122625,33.155181884765625,4119600,572.8795166015625,124.0,4.0,4.0,3.0,10.0,-0.00021808612596910495,5.389204437003178e-05,,0,4.0,4.0
2024-12-20,33.001907150706515,33.500049572923906,32.829473094771735,33.0498046875,3725100,579.76025390625,122.0,4.0,4.0,3.0,10.0,-0.0002781352638764055,2.381288946278776e-05,,0,4.0,5.0
2024-12-23,32.90610889289377,33.682062155686154,32.73367483449546,33.557525634765625,3932800,583.2320556640625,122.0,4.0,4.0,3.0,10.0,-0.0002932288035442034,-3.357755010160741e-05,,0,4.0,6.0
2024-12-24,33.75870452410721,33.85449960866813,33.34677908266845,33.70122528076172,1239400,589.7147827148438,121.0,4.0,4.0,3.0,10.0,-0.00026640189786621284,-7.544298165799609e-05,,0,4.0,7.0
2024-12-26,33.70122380333837,33.89281761840918,33.50005194197065,33.682064056396484,2702400,589.7539672851562,119.0,4.0,4.0,3.0,10.0,-0.00022338324299381375,-0.00014133544094436327,,0,4.0,8.0
2024-12-27,33.62458441477083,34.141886612991435,33.55752712844757,33.77785873413086,3771500,583.5459594726562,117.0,4.0,4.0,3.0,10.0,-0.00020606934320778548,-0.00021808612596910495,,0,4.0,9.0
2024-12-30,33.74912323398197,34.07483164154254,33.53836966016387,33.806602478027344,3354400,576.8865966796875,115.0,4.0,4.0,3.0,10.0,-0.0002316398415259794,-0.0002781352638764055,,0,4.0,10.0
2024-12-31,33.85449791156106,34.256841631765525,33.72038333815957,34.180206298828125,2317000,574.7880859375,115.0,4.0,4.0,3.0,10.0,-0.0002538136608477938,-0.0002932288035442034,,0,4.0,11.0
2025-01-02,34.48675070149571,34.82203709379899,34.285578866113745,34.52507019042969,2337500,573.375732421875,114.0,4.0,4.0,3.0,10.0,-0.00026009817856162724,-0.00026640189786621284,,0,4.0,12.0
2025-01-03,34.745403516834756,34.91783757135783,34.4388548986488,34.898677825927734,2714700,580.5448608398438,113.0,4.0,4.0,3.0,10.0,-0.00024787600473303884,-0.00022338324299381375,,0,4.0,13.0
2025-01-06,35.25312446200694,35.8853814524444,35.243546416334965,35.40639877319336,3419700,583.8890991210938,113.0,4.0,1.0,3.0,9.0,-0.00021774784979537766,-0.00020606934320778548,,0,2.0,14.0
2025-01-07,35.83748479806363,36.93914644921401,35.83748479806363,36.718814849853516,5383000,577.288818359375,122.0,1.0,1.0,3.0,3.0,-0.00016305274125487626,-0.0002316398415259794,,0,1.0,1.0
2025-01-08,36.48890155023722,36.81460992632402,36.345205281183546,36.718814849853516,4508400,578.13232421875,120.0,1.0,1.0,3.0,3.0,-0.00011381312005410331,-0.0002538136608477938,,0,1.0,2.0
2025-01-10,37.16905260136726,37.88752657041823,37.14031481199645,37.724674224853516,5907700,569.3056030273438,124.0,1.0,1.0,3.0,3.0,-4.474594090519641e-05,-0.00026009817856162724,,0,1.0,3.0
2025-01-13,37.89711276360851,38.93171350146399,37.590564126144066,37.734256744384766,6798400,570.1884155273438,122.0,1.0,1.0,3.0,3.0,5.696807999252881e-06,-0.00024787600473303884,,0,1.0,4.0
2025-01-14,37.63845893748334,38.19407693223537,37.39896760342607,38.09828186035156,5428600,570.9729614257812,121.0,1.0,1.0,3.0,3.0,8.084185869202864e-05,-0.00021774784979537766,,0,1.0,5.0
2025-01-15,38.318615379991776,38.577266472328475,38.16534106464572,38.42399215698242,4162700,581.3589477539062,120.0,1.0,1.0,3.0,3.0,0.00012456347271682492,-0.00016305274125487626,,0,1.0,6.0
2025-01-16,38.20366095725744,38.3281938274164,37.24569556272284,37.42770767211914,6958600,580.2409057617188,123.0,1.0,1.0,3.0,3.0,0.00012407572801814882,-0.00011381312005410331,,0,1.0,7.0
2025-01-17,37.14989389368857,37.58097901801829,37.03493907864987,37.38938522338867,4446100,586.06640625,121.0,1.0,1.0,3.0,3.0,0.00010009877998858585,-4.474594090519641e-05,,0,1.0,8.0
2025-01-21,37.5139207713164,38.261132531333814,37.255269703384,38.127017974853516,3851500,591.4309692382812,123.0,1.0,1.0,3.0,3.0,9.772175204976626e-05,5.696807999252881e-06,,0,1.0,9.0
2025-01-22,38.127022193973474,38.47189032271296,37.54266271520357,37.58098220825195,3657600,594.7557373046875,122.0,1.0,1.0,3.0,3.0,0.00010028276194022329,8.084185869202864e-05,,0,1.0,10.0
2025-01-23,37.78215576265338,38.07912636559823,37.44686931928675,37.75341796875,2818900,598.0018920898438,121.0,1.0,1.0,3.0,3.0,0.0001020006061641674,0.00012456347271682492,,0,1.0,11.0
2025-01-24,37.73425907366215,37.86837365403803,37.274436089081334,37.3127555847168,3015400,596.2561645507812,120.0,1.0,1.0,3.0,3.0,7.864370415776728e-05,0.00012407572801814882,,0,1.0,12.0
2025-01-27,37.13074193728346,37.35107722265074,36.508066542060284,37.140323638916016,3283200,587.8218383789062,118.0,1.0,1.0,3.0,3.0,0.00010924653203666869,0.00010009877998858585,,0,1.0,13.0
2025-01-28,37.245697493146736,37.255275539675395,36.354789337706436,36.651756286621094,2856300,592.8727416992188,118.0,1.0,1.0,3.0,3.0,0.00012801239839217794,9.772175204976626e-05,,0,1.0,14.0
2025-01-29,36.38352900056548,37.0636836238313,36.36436925217581,36.97746658325195,3354000,590.2149047851562,117.0,1.0,1.0,3.0,3.0,0.00015553844029395073,0.00010028276194022329,,0,1.0,15.0
2025-01-30,37.24569469986297,37.389387313105495,36.60385600013313,37.01578140258789,4299000,593.382568359375,115.0,1.0,1.0,3.0,3.0,0.00014002407944766672,0.0001020006061641674,,0,1.0,16.0
2025-01-31,37.01577891606046,37.1115776394681,35.68420772264918,35.981178283691406,5335800,590.2247924804688,120.0,1.0,4.0,3.0,4.0,0.00010032936294311158,7.864370415776728e-05,,0,2.0,17.0
2025-02-03,34.65918513544706,36.460160937686695,34.49632913282789,35.981178283691406,4678600,586.2527465820312,118.0,4.0,4.0,3.0,10.0,5.2106760148669926e-05,0.00010924653203666869,,0,4.0,1.0
2025-02-04,35.95244170164464,36.996624174741804,35.86622466609173,36.546382904052734,8708500,590.1854248046875,118.0,4.0,4.0,3.0,10.0,4.701925424982966e-05,0.00012801239839217794,,0,4.0,2.0
2025-02-05,36.469741237007646,37.24569450000597,36.41226199941033,37.06367874145508,4251700,592.578369140625,118.0,4.0,4.0,3.0,10.0,0.00010150752018419538,0.00015553844029395073,,0,4.0,3.0
2025-02-06,37.24569534230535,37.86837065245911,36.48890180805815,36.824188232421875,4532600,594.6380615234375,117.0,4.0,4.0,3.0,10.0,0.00014308064622267037,0.00014002407944766672,,0,4.0,4.0
2025-02-07,37.16905613814503,37.49476451461444,36.517639385206216,37.121158599853516,6712000,589.1950073242188,115.0,4.0,4.0,3.0,10.0,0.00014990018632519292,0.00010032936294311158,,0,4.0,5.0
2025-02-10,37.446870379490974,37.99291040520376,37.37981308891911,37.86837387084961,6417800,593.1962280273438,117.0,1.0,4.0,3.0,4.0,0.0001606683609930161,5.2106760148669926e-05,,0,2.0,6.0
2025-02-11,38.222820110773036,39.02751117587398,38.059964095967366,38.92213439941406,8313000,593.6473999023438,121.0,1.0,1.0,3.0,3.0,0.00020510952569345063,4.701925424982966e-05,,0,1.0,1.0
2025-02-12,38.692221291727385,38.97003213025053,37.7438376075938,37.97374725341797,3509500,591.7349853515625,124.0,1.0,1.0,3.0,3.0,0.0002380245749453554,0.00010150752018419538,,0,1.0,2.0
2025-02-13,37.82047272334086,38.43356998118806,37.801312977239654,38.27071762084961,3236200,597.9822998046875,123.0,1.0,1.0,3.0,3.0,0.00025894765501423945,0.00014308064622267037,,0,1.0,3.0
2025-02-14,38.60599840108443,38.69221541876889,37.76298796754162,37.8971061706543,3955300,597.952880859375,121.0,1.0,1.0,3.0,3.0,0.00023028151965228465,0.00014990018632519292,,0,1.0,4.0
2025-02-18,37.983328319151525,38.44315125746605,37.60014071004883,38.165340423583984,6304600,599.7084350585938,120.0,1.0,1.0,3.0,3.0,0.00021703970535892644,0.0001606683609930161,,0,1.0,5.0
2025-02-19,38.270716999822085,38.41440961172759,37.97374642159415,38.21323776245117,2298300,601.1206665039062,118.0,1.0,1.0,3.0,3.0,0.0001765559934419923,0.00020510952569345063,,0,1.0,6.0
2025-02-20,38.10786228096402,38.6347461722075,38.031226949550046,38.481468200683594,3052600,598.6197509765625,117.0,1.0,1.0,3.0,3.0,0.00016631013152034138,0.0002380245749453554,,0,1.0,7.0
2025-02-21,38.24197699663009,38.28987819008684,37.5809821864941,37.830055236816406,2906600,588.3809814453125,118.0,1.0,1.0,3.0,3.0,0.00011796240334635273,0.00025894765501423945,,0,1.0,8.0
2025-02-24,38.15576793157642,38.165345978741584,37.40855235049996,37.485191345214844,3944100,585.7034912109375,116.0,1.0,1.0,3.0,3.0,7.01472783590408e-05,0.00023028151965228465,,0,1.0,9.0
2025-02-25,37.58097657523699,37.79173010106526,36.5080565111382,37.00619888305664,4530900,582.7907104492188,116.0,1.0,1.0,3.0,3.0,-1.3151643383348335e-05,0.00021703970535892644,,0,1.0,10.0
2025-02-26,36.77629149580759,36.85293048267506,36.41226361688316,36.632598876953125,2993900,583.0848999023438,115.0,1.0,1.0,3.0,3.0,-5.364857796389394e-05,0.0001765559934419923,,0,1.0,11.0
2025-02-27,36.661337530829755,37.12116049978924,36.59428024291992,36.59428024291992,2981000,573.7777709960938,113.0,1.0,1.0,3.0,3.0,-7.887224876920279e-05,0.00016631013152034138,,0,1.0,12.0
2025-02-28,36.39310651248985,36.73797098075935,36.00991889750428,36.67091369628906,3809100,582.73193359375,112.0,1.0,4.0,3.0,4.0,-6.783061943433581e-05,0.00011796240334635273,,0,2.0,13.0
2025-03-03,36.73797111038617,36.881667380099756,34.352639344445734,34.668766021728516,12675100,572.5224609375,134.0,4.0,4.0,4.0,12.0,-8.640965863281232e-05,7.01472783590408e-05,,0,4.0,1.0
2025-03-04,34.21648627995919,34.400496613020785,33.451384267891456,33.945308685302734,7566500,565.74560546875,135.0,4.0,4.0,4.0,12.0,-0.0001246369896674198,-1.3151643383348335e-05,,0,4.0,2.0
2025-03-05,33.67413687859228,33.83877712980908,32.74439456774231,33.18989562988281,12066300,571.8261108398438,137.0,4.0,4.0,4.0,12.0,-0.00018036737579536994,-5.364857796389394e-05,,0,4.0,3.0
2025-03-06,32.957457516948764,33.89688670206413,32.8218705612553,33.65476608276367,5255200,561.6755981445312,136.0,4.0,4.0,4.0,12.0,-0.00019026683423837667,-7.887224876920279e-05,,0,4.0,4.0
2025-03-07,33.89688865236486,34.884741279284185,33.78067178286484,34.61356735229492,5941400,564.82373046875,139.0,4.0,4.0,4.0,12.0,-0.00016013366991700733,-6.783061943433581e-05,,0,4.0,5.0
2025-03-10,34.603876695812126,35.00095434336091,34.32301590512786,34.53608322143555,4952900,549.7792358398438,137.0,4.0,4.0,4.0,12.0,-0.00012261460503891334,-8.640965863281232e-05,,0,4.0,6.0
2025-03-11,34.661989326134375,34.87505296244862,33.974367642479166,34.26491165161133,6380000,545.2090454101562,136.0,4.0,4.0,4.0,12.0,-0.00011138176406333145,-0.0001246369896674198,,0,4.0,7.0
2025-03-12,34.30364805857417,34.845999583553514,33.97436755831627,34.62324905395508,6021200,548.1022338867188,134.0,4.0,4.0,4.0,12.0,-0.00011362040693842762,-0.00018036737579536994,,0,4.0,8.0
2025-03-13,34.52639980076844,35.0300074087663,34.16805864483328,34.6910400390625,6700300,540.7958374023438,132.0,4.0,4.0,4.0,12.0,-0.00011468823690292073,-0.00019026683423837667,,0,4.0,9.0
2025-03-14,34.778209016188995,35.52394104003906,34.59419865749917,35.52394104003906,3156200,551.96630859375,134.0,4.0,4.0,4.0,12.0,-9.34673799731665e-05,-0.00016013366991700733,,0,4.0,10.0
2025-03-17,35.68858132521747,36.579587213200014,35.68858132521747,36.444000244140625,6884600,556.2227783203125,137.0,1.0,4.0,4.0,6.0,-3.439221779446143e-05,-0.00012261460503891334,,0,2.0,11.0
2025-03-18,36.62800965977786,36.78296671963675,35.98881132605151,36.42462921142578,3943200,550.2108764648438,135.0,1.0,4.0,4.0,6.0,1.5012915564790672e-05,-0.00011138176406333145,,0,2.0,12.0
2025-03-19,36.4633685193097,36.792652725365095,35.81448330687656,36.32777786254883,4414900,556.2030639648438,133.0,1.0,4.0,4.0,6.0,4.009063636328334e-05,-0.00011362040693842762,,0,2.0,13.0
2025-03-20,35.99849527231347,36.53116364018558,35.785431619632426,36.52147674560547,6812900,554.5947265625,131.0,1.0,4.0,4.0,6.0,3.18807385361041e-05,-0.00011468823690292073,,0,2.0,14.0
2025-03-21,36.395572332356885,36.44399571608051,36.01786107259092,36.26966857910156,3669700,554.7776489257812,130.0,1.0,4.0,4.0,6.0,4.241145748980316e-05,-9.34673799731665e-05,,0,2.0,15.0
2025-03-24,36.473051412408644,37.24783668647715,36.405257931831876,37.19941329956055,3913100,564.712890625,132.0,1.0,1.0,4.0,5.0,7.920273481069042e-05,-3.439221779446143e-05,,0,2.0,16.0
2025-03-25,37.48027544270183,37.79987276323899,36.96697717870619,37.267208099365234,3054100,566.0703125,130.0,1.0,1.0,4.0,5.0,9.507380669254149e-05,1.5012915564790672e-05,,0,2.0,17.0
2025-03-26,37.56743753776466,37.89672173971639,37.41248048357959,37.635231018066406,3120400,559.3124389648438,129.0,1.0,1.0,4.0,5.0,7.589674918207081e-05,4.009063636328334e-05,,0,2.0,18.0
2025-03-27,37.538377017423485,37.838607897981916,37.27689001484963,37.40279006958008,2595700,557.8270874023438,127.0,1.0,1.0,4.0,5.0,4.568863995670553e-05,3.18807385361041e-05,,0,2.0,19.0
2025-03-28,37.23815598950993,37.53838322525053,36.95729515426343,37.131622314453125,2789200,546.5933227539062,126.0,1.0,1.0,4.0,5.0,3.6495013998029123e-06,4.241145748980316e-05,,0,2.0,20.0
2025-03-31,36.87013010265283,37.88703603352868,36.71517304360953,37.4996452331543,2995600,550.2626342773438,125.0,1.0,1.0,4.0,5.0,-7.033833015306368e-06,7.920273481069042e-05,,0,2.0,21.0
2025-04-01,37.43184978998614,37.82892746388924,37.189729167009425,37.81924057006836,2221800,551.8167114257812,123.0,1.0,1.0,4.0,5.0,-2.291178046059739e-05,9.507380669254149e-05,,0,2.0,22.0
2025-04-02,37.45121613282262,37.925774178714725,37.2962590821274,37.89672088623047,1964300,555.3087768554688,122.0,1.0,1.0,4.0,5.0,-2.7923813255525287e-07,7.589674918207081e-05,,0,2.0,23.0
2025-04-03,36.589267248421734,36.98634492109213,35.48519780219025,35.620784759521484,5465700,527.9428100585938,147.0,1.0,1.0,4.0,5.0,-4.7149819551243776e-05,4.568863995670553e-05,,1,2.0,24.0
2025-04-04,34.10026999014852,34.284284040679914,31.746857077985744,32.153621673583984,10312800,497.0354309082031,201.0,4.0,4.0,4.0,12.0,-0.00014402869052747964,3.6495013998029123e-06,,1,4.0,25.0
2025-04-07,30.894591067381818,32.94777475935202,30.061697381943635,32.06645584106445,8070200,496.150146484375,198.0,4.0,4.0,4.0,12.0,-0.00025844169818159505,-7.033833015306368e-06,,0,4.0,26.0
2025-04-08,32.783130669781066,32.850924148236366,30.313501069640637,30.54593849182129,9844800,488.3789978027344,206.0,4.0,4.0,4.0,12.0,-0.0003279152750803214,-2.291178046059739e-05,,0,4.0,27.0
2025-04-09,30.03264336983153,33.65476779744213,29.819577878995783,33.13178634643555,12685400,539.668212890625,231.0,4.0,4.0,4.0,12.0,-0.0002767371533557441,-2.7923813255525287e-07,,0,4.0,28.0
2025-04-10,32.327948825562366,32.49258908710366,30.64278754881219,31.194822311401367,6355000,516.0204467773438,242.0,4.0,4.0,4.0,12.0,-0.0002545547991316351,-4.7149819551243776e-05,,0,4.0,29.0
2025-04-11,31.51441786694414,32.628170399105684,31.15607672251783,32.39573669433594,6236800,525.2277221679688,244.0,4.0,4.0,4.0,12.0,-0.00019890492898103364,-0.00014402869052747964,,0,4.0,30.0
2025-04-14,33.21894858772925,33.21894858772925,31.969605291979985,32.4247932434082,3732400,530.3232421875,240.0,4.0,4.0,4.0,12.0,-0.00020048124008937524,-0.00025844169818159505,,0,4.0,31.0
2025-04-15,32.424794038565224,32.8509250135759,32.056769649779696,32.24078369140625,3695500,528.8378295898438,237.0,4.0,4.0,4.0,12.0,-0.00017001545151934107,-0.0003279152750803214,,0,4.0,32.0
2025-04-16,32.34731474520418,33.02524949283969,32.337627851970936,32.74439239501953,3752100,517.0828247070312,234.0,4.0,4.0,4.0,12.0,-0.0001413949783397836,-0.0002767371533557441,,0,4.0,33.0
2025-04-17,33.00588444721957,33.8387762704964,32.96714426163439,33.451385498046875,3015200,517.8206176757812,232.0,4.0,4.0,4.0,12.0,-0.00011340832011055568,-0.0002545547991316351,,0,4.0,34.0
2025-04-21,33.19957891851768,33.58697339631342,32.899351707970155,33.47075653076172,4097300,505.4951477050781,229.0,4.0,4.0,4.0,12.0,-9.611973686617305e-05,-0.00019890492898103364,,0,4.0,35.0
2025-04-22,34.08089936077281,34.61356771503779,33.8097254309417,34.30364990234375,2957600,518.64697265625,228.0,4.0,4.0,4.0,12.0,-8.199334565405017e-05,-0.00020048124008937524,,0,4.0,36.0
2025-04-23,34.45861031583007,34.78789083053641,33.722561521456306,33.974369049072266,3011900,526.6836547851562,225.0,4.0,4.0,4.0,12.0,-7.871511162147775e-05,-0.00017001545151934107,,0,4.0,37.0
2025-04-24,34.33270758496816,34.48766464721405,34.01310656594789,34.47797775268555,3467500,537.769775390625,223.0,4.0,4.0,4.0,12.0,-5.95754169749126e-05,-0.0001413949783397836,,0,4.0,38.0
2025-04-25,34.0421635550656,34.797578771705815,34.0421635550656,34.47797775268555,2459500,541.6553344726562,219.0,4.0,4.0,4.0,12.0,-5.2023099586476564e-05,-0.00011340832011055568,,0,4.0,39.0
2025-04-28,34.28427979708105,34.7394640308904,34.28427979708105,34.58450698852539,2830700,541.8618774414062,216.0,4.0,4.0,4.0,12.0,-4.763849903211229e-05,-9.611973686617305e-05,,0,4.0,40.0
2025-04-29,34.168061100946204,34.83631638420902,34.13900780844522,34.62324905395508,2464800,545.2752685546875,213.0,4.0,4.0,4.0,12.0,-5.7134688502627136e-05,-8.199334565405017e-05,,0,4.0,41.0
2025-04-30,34.19711972787447,34.51671704411451,33.59665789462984,34.17774963378906,5651500,545.49169921875,211.0,4.0,4.0,4.0,12.0,-7.813665813710288e-05,-7.871511162147775e-05,,0,4.0,42.0
2025-05-01,34.07121771288776,34.884743233905745,33.92594384702217,34.5748291015625,5175200,549.3574829101562,208.0,4.0,4.0,4.0,12.0,-8.94286305430753e-05,-5.95754169749126e-05,,0,4.0,43.0
2025-05-02,34.962218860189786,35.19465629963689,34.56514115925463,34.913795471191406,4664800,557.51220703125,205.0,4.0,4.0,4.0,12.0,-9.570292218844147e-05,-5.2023099586476564e-05,,0,4.0,44.0
2025-05-05,34.39080994828512,34.468290317121074,33.69350510109816,33.79035186767578,5561900,554.3153686523438,207.0,4.0,4.0,4.0,12.0,-0.0001102393671474082,-4.763849903211229e-05,,1,4.0,45.0
2025-05-06,34.08089696279516,34.390811059215515,33.81940625122783,34.01310348510742,9332700,549.68212890625,204.0,4.0,4.0,4.0,12.0,-0.0001328445872936299,-5.7134688502627136e-05,,0,4.0,46.0
2025-05-07,34.05184339571121,34.28428081338261,32.44416264809192,32.88966369628906,14759300,551.9937744140625,206.0,4.0,4.0,4.0,12.0,-0.0001711469099542006,-7.813665813710288e-05,,0,4.0,47.0
2025-05-08,33.10273111982604,33.5094919838776,32.96714416514219,33.17052459716797,8713000,555.8399658203125,204.0,4.0,4.0,4.0,12.0,-0.00018014720891288284,-8.94286305430753e-05,,0,4.0,48.0
2025-05-09,33.55791946266656,33.906570052663284,33.39327551968404,33.85814666748047,4911100,555.1317749023438,203.0,4.0,4.0,4.0,12.0,-0.00018747133029403594,-9.570292218844147e-05,,0,4.0,49.0
2025-05-12,34.97190889587167,34.97190889587167,34.410187188526464,34.739471435546875,4159900,573.4774780273438,203.0,4.0,4.0,4.0,12.0,-0.00016651597499885628,-0.0001102393671474082,,0,4.0,50.0
2025-05-13,35.03000993372163,35.44645770049933,34.81694629789333,35.262447357177734,3370700,577.2646484375,201.0,4.0,4.0,4.0,12.0,-0.0001501295888094484,-0.0001328445872936299,,0,4.0,51.0
2025-05-14,34.94285253207983,35.32056013929944,34.94285253207983,35.19465637207031,2597600,578.0025024414062,198.0,4.0,4.0,4.0,12.0,-0.00014133646931861274,-0.0001711469099542006,,0,4.0,52.0
2025-05-15,34.623248766265064,34.894422679267755,34.25522438828464,34.85568618774414,2710600,580.8255615234375,195.0,4.0,4.0,3.0,10.0,-0.0001537980215584333,-0.00018014720891288284,,1,4.0,53.0
2025-05-16,35.000955860987915,35.000955860987915,34.477974440720395,34.52640151977539,3472300,584.5045776367188,193.0,4.0,4.0,3.0,10.0,-0.00015691416051218744,-0.00018747133029403594,,0,4.0,54.0
2025-05-19,34.36176074604747,34.38113084056139,33.96468304468168,34.27459716796875,2243200,585.1439208984375,190.0,4.0,4.0,3.0,10.0,-0.00012259147438898986,-0.00016651597499885628,,1,4.0,55.0
2025-05-20,34.565142962372796,35.126864648566425,33.98405487514376,34.10995864868164,2727200,583.1765747070312,187.0,4.0,4.0,3.0,10.0,-8.526629247721987e-05,-0.0001501295888094484,,0,4.0,56.0
2025-05-21,34.235854956502266,34.545769061481565,34.032474517822266,34.032474517822266,2499200,573.3495483398438,185.0,4.0,4.0,3.0,10.0,-3.409565481339412e-05,-0.00014133646931861274,,0,4.0,57.0
2025-05-22,33.896888632730274,34.487663568586974,33.577287623705764,34.255226135253906,3188700,573.5758666992188,182.0,4.0,4.0,3.0,10.0,-3.632055846252975e-05,-0.0001537980215584333,,0,4.0,58.0
2025-05-23,33.887202145116504,34.710410739968,33.887202145116504,34.58450698852539,4215900,569.6607666015625,180.0,4.0,4.0,3.0,10.0,3.5407760748373165e-06,-0.00015691416051218744,,0,4.0,59.0
2025-05-27,35.13654028434001,35.223703848105224,34.4489186671184,34.59419250488281,2617400,581.5042724609375,177.0,4.0,4.0,3.0,10.0,-1.218476744961428e-06,-0.00012259147438898986,,0,4.0,60.0
2025-05-28,34.89442266678571,34.923479653502376,34.216487884521484,34.216487884521484,4713500,578.1400756835938,175.0,4.0,4.0,3.0,10.0,8.989099228862528e-06,-8.526629247721987e-05,,0,4.0,61.0
2025-05-29,34.23585687020782,34.69104485366968,34.23585687020782,34.6329345703125,4310400,580.4222412109375,174.0,4.0,4.0,3.0,10.0,-5.174850786395149e-06,-3.409565481339412e-05,,0,4.0,62.0
2025-05-30,34.37144358867434,34.67167078207841,34.17774636083689,34.42955017089844,3871100,579.7730712890625,171.0,4.0,4.0,3.0,10.0,-7.323257554407939e-06,-3.632055846252975e-05,,0,4.0,63.0
2025-06-02,35.31086665975844,35.59172743640489,34.894418941135655,35.49488067626953,12836900,583.0388793945312,174.0,4.0,1.0,3.0,9.0,6.1519165633101525e-06,3.5407760748373165e-06,,0,2.0,64.0
2025-06-03,35.30119006794902,35.99849499924784,35.03001243877992,35.75637435913086,5032800,586.36376953125,171.0,4.0,1.0,3.0,9.0,2.155192973993907e-05,-1.218476744961428e-06,,0,2.0,65.0
2025-06-04,35.731886387107465,36.2412229416911,35.19316625283526,35.584964752197266,6873900,586.2063598632812,169.0,4.0,1.0,3.0,9.0,2.8971747505645833e-05,8.989099228862528e-06,,0,2.0,66.0
2025-06-05,35.76127178950504,36.16286359040941,35.594759847493094,35.84942626953125,7284800,583.3733520507812,167.0,4.0,1.0,3.0,9.0,4.3305530512801325e-05,-5.174850786395149e-06,,0,2.0,67.0
2025-06-06,35.9473764885562,36.29019737842267,35.84942499397473,36.025733947753906,6282100,589.3639526367188,164.0,4.0,1.0,3.0,9.0,3.8358499909547996e-05,-7.323257554407939e-06,,0,2.0,68.0
2025-06-09,36.07471227107914,36.495890628407025,35.91798987667384,36.22163391113281,7456700,589.8950805664062,162.0,4.0,1.0,3.0,9.0,6.230249462072239e-05,6.1519165633101525e-06,,0,2.0,69.0
2025-06-10,36.47630246649724,37.23050840593784,36.36855769330076,36.848506927490234,6066000,593.2396240234375,161.0,4.0,1.0,3.0,9.0,9.023323466067479e-05,2.155192973993907e-05,,0,2.0,70.0
2025-06-11,37.18153507350613,38.092463413844506,36.95625224282113,38.063079833984375,4127700,591.5476684570312,165.0,1.0,1.0,3.0,3.0,0.00015689457657258165,2.8971747505645833e-05,,0,1.0,1.0
2025-06-12,37.87697559126442,38.32754500964526,37.80841141081969,38.28836441040039,3119900,593.8987426757812,163.0,1.0,1.0,3.0,3.0,0.00022546288353056322,4.3305530512801325e-05,,0,1.0,2.0
2025-06-13,39.52252313377335,40.15919478965986,38.964212675858896,40.12001419067383,7536700,587.2589111328125,173.0,1.0,1.0,3.0,3.0,0.00031714661319154645,3.8358499909547996e-05,,0,1.0,3.0
2025-06-16,39.8261709204462,40.36489112958271,39.54211715575803,39.83596420288086,5648800,592.8461303710938,170.0,1.0,1.0,3.0,3.0,0.00037082286254308175,6.230249462072239e-05,,0,1.0,4.0
2025-06-17,40.34529351590583,40.62934722911099,40.01226592646774,40.19837188720703,4917200,587.7802124023438,168.0,1.0,1.0,3.0,3.0,0.000435726709558638,9.023323466067479e-05,,0,1.0,5.0
2025-06-18,40.15919451117916,40.3550937682833,39.09154748325252,39.228675842285156,11397100,587.6917114257812,169.0,1.0,1.0,3.0,3.0,0.0004264404897917652,0.00015689457657258165,,0,1.0,6.0
2025-06-20,39.473543629843036,39.591081673589,39.169903372127045,39.326622009277344,5454400,586.3115234375,167.0,1.0,1.0,3.0,3.0,0.0004450282618084117,0.00022546288353056322,,0,1.0,7.0
2025-06-23,39.228672051341455,39.571496652261025,38.14143482912507,38.17082214355469,6349500,592.102783203125,169.0,1.0,1.0,3.0,3.0,0.00040276472792596653,0.00031714661319154645,,0,1.0,8.0
2025-06-24,37.50476924656272,38.25897893049259,37.494972229003906,37.494972229003906,4703100,598.6438598632812,168.0,1.0,1.0,3.0,3.0,0.0003638213696442914,0.00037082286254308175,,0,1.0,9.0
2025-06-25,37.27948442704181,37.53415082296727,37.14235234380956,37.19132995605469,5695800,598.979248046875,166.0,1.0,1.0,3.0,3.0,0.0002833255289797182,0.000435726709558638,,0,1.0,10.0
2025-06-26,37.22071353422799,37.50476724479397,37.01502101408044,37.19132995605469,6406500,603.66552734375,164.0,1.0,1.0,3.0,3.0,0.0002230259144648932,0.0004264404897917652,,0,1.0,11.0
2025-06-27,37.19133435472507,37.30887241778689,36.486098503418866,36.81912612915039,6585300,606.6647338867188,162.0,1.0,1.0,3.0,3.0,0.000181145393736146,0.0004450282618084117,,0,1.0,12.0
2025-06-30,36.799533447299616,36.82891702704624,36.574250617484864,36.6819953918457,3225000,609.5653076171875,160.0,1.0,1.0,3.0,3.0,0.00015560110765779712,0.00040276472792596653,,0,1.0,13.0
2025-07-01,36.907277663999324,37.161944069712746,36.46650529212287,37.054203033447266,2730200,609.3681030273438,158.0,1.0,4.0,3.0,4.0,0.00014953838160390302,0.0003638213696442914,,0,2.0,14.0
2025-07-02,37.40681973411228,37.58312869483287,36.9856376319984,37.514564514160156,5476500,612.130615234375,156.0,1.0,4.0,3.0,4.0,0.0001582428558352495,0.0002833255289797182,,0,2.0,15.0
2025-07-03,37.47538311916751,37.60271819619959,37.2794875993859,37.56353759765625,1466800,616.955078125,154.0,1.0,4.0,3.0,4.0,0.0001735974993026251,0.0002230259144648932,,0,2.0,16.0
2025-07-07,37.416614211893524,37.514561967213915,36.77994259290894,37.054203033447266,2795900,612.357421875,153.0,1.0,4.0,3.0,4.0,0.00016224424206339008,0.000181145393736146,,0,2.0,17.0
2025-07-08,37.03461328369612,38.19041474864128,36.98563566884304,38.02389907836914,4887100,612.0220336914062,155.0,1.0,4.0,3.0,4.0,0.00016001350489821132,0.00015560110765779712,,0,2.0,18.0
2025-07-09,38.072873425937786,38.64098088432115,38.072873425937786,38.42549133300781,5501400,615.6920776367188,153.0,1.0,4.0,3.0,4.0,0.00016094778835266062,0.00014953838160390302,,0,2.0,19.0
2025-07-10,38.288361712294,38.61159229211778,38.01410500984142,38.60179901123047,3551100,617.4285278320312,151.0,1.0,4.0,3.0,4.0,0.00017884106658173885,0.0001582428558352495,,0,2.0,20.0
2025-07-11,38.6899549028565,39.39519071954018,38.51364594868558,39.27764892578125,4082200,615.2581176757812,151.0,1.0,4.0,3.0,4.0,0.00021716334664550463,0.0001735974993026251,,0,2.0,21.0
2025-07-14,39.30703728880307,39.34621415129812,38.650775333815595,39.02298355102539,3987300,616.4320678710938,149.0,1.0,4.0,1.0,2.0,0.00023747143872028236,0.00016224424206339008,,0,2.0,22.0
2025-07-15,39.03277725605793,39.18949591714134,38.48426381049981,38.611595153808594,3029000,613.7978515625,147.0,1.0,1.0,1.0,1.0,0.0002455319412460292,0.00016001350489821132,,0,1.0,23.0
2025-07-16,38.53323587006813,38.63118362744,37.857387376680386,38.34713363647461,3555600,615.8499145507812,145.0,1.0,1.0,1.0,1.0,0.00020281299158141748,0.00016094778835266062,,0,1.0,24.0
2025-07-17,38.112055450266055,38.32754500964526,37.867182309686996,38.28836441040039,3178000,619.6187744140625,143.0,1.0,1.0,1.0,1.0,0.00016356155918005244,0.00017884106658173885,,0,1.0,25.0
2025-07-18,38.69974861846635,38.69974861846635,37.90636205225976,38.05328369140625,3205800,619.1648559570312,141.0,1.0,1.0,1.0,1.0,0.0001397477588210023,0.00021716334664550463,,0,1.0,26.0
2025-07-21,38.17082405049628,38.17082405049628,37.769232273589076,37.9063606262207,2661400,620.3389282226562,139.0,1.0,1.0,1.0,1.0,0.00012889139180474924,0.00023747143872028236,,0,1.0,27.0
2025-07-22,37.80840960550889,38.38631033914004,37.78882304328929,38.307952880859375,2720400,620.4277954101562,138.0,1.0,1.0,1.0,1.0,0.00013932548011305038,0.0002455319412460292,,0,1.0,28.0
2025-07-23,38.445081308607485,39.00339174461764,38.445081308607485,38.87605667114258,3448700,625.7059936523438,137.0,1.0,1.0,1.0,1.0,0.00015729293380827825,0.00020281299158141748,,0,1.0,29.0
2025-07-24,38.6017990933095,39.02298116523857,38.337335671181904,38.8858528137207,2874400,625.9132690429688,135.0,1.0,1.0,1.0,1.0,0.00017095620100055541,0.00016356155918005244,,0,1.0,30.0
2025-07-25,38.98380096768881,38.98380096768881,38.474464416503906,38.474464416503906,2839600,628.5573120117188,134.0,1.0,1.0,1.0,1.0,0.00015855191497535115,0.0001397477588210023,,0,1.0,31.0
2025-07-28,38.76831751870649,39.258063801238094,38.719339901279234,39.14052200317383,2584900,628.3994750976562,134.0,1.0,1.0,1.0,1.0,0.00015312282271128053,0.00012889139180474924,,0,1.0,32.0
2025-07-29,39.13072625854574,39.2776478921769,38.85646581679296,39.24826431274414,4532600,626.741943359375,132.0,1.0,1.0,1.0,1.0,0.00013081174389901093,0.00013932548011305038,,0,1.0,33.0
2025-07-30,38.92503428618736,39.111136519368266,38.72913503541052,38.87605667114258,2324900,625.9526977539062,131.0,1.0,1.0,1.0,1.0,0.0001064592169603548,0.00015729293380827825,,0,1.0,34.0
2025-07-31,38.49405344847728,38.90544223017368,38.35692510006756,38.65077209472656,3013700,623.6045532226562,129.0,1.0,1.0,1.0,1.0,6.413865773326873e-05,0.00017095620100055541,,0,1.0,35.0
2025-08-01,38.503850931540406,38.56261808930295,37.78882186584676,38.23938751220703,3938000,613.3834228515625,128.0,1.0,1.0,1.0,1.0,4.255857946451847e-05,0.00015855191497535115,,0,1.0,36.0
2025-08-04,38.03369577730925,38.46467113454705,38.0043084613501,38.19041442871094,2918000,622.706787109375,126.0,1.0,1.0,1.0,1.0,2.7614778712402253e-05,0.00015312282271128053,,0,1.0,37.0
2025-08-05,38.33733883694075,38.63118586252491,37.867182848712574,38.44508361816406,4395500,619.5497436523438,125.0,1.0,1.0,1.0,1.0,1.9668707324865385e-05,0.00013081174389901093,,0,1.0,38.0
2025-08-06,38.67036446442117,39.56170251330709,38.05328312704862,38.42549133300781,4710200,624.295166015625,123.0,1.0,1.0,1.0,1.0,3.5193175074256206e-05,0.0001064592169603548,,0,1.0,39.0
2025-08-07,38.61159284969488,38.738927921872666,37.68107795680285,38.229591369628906,3563400,623.7722778320312,121.0,1.0,1.0,1.0,1.0,5.051810908532515e-05,6.413865773326873e-05,,0,1.0,40.0
2025-08-08,38.45487586741004,38.817290801152126,38.20020944846599,38.41569900512695,3738500,628.6361694335938,120.0,1.0,1.0,1.0,1.0,7.135772520892297e-05,4.255857946451847e-05,,0,1.0,41.0
2025-08-11,38.51364428774311,38.729133830540455,37.88676969393336,37.99451446533203,2747200,627.3931274414062,119.0,1.0,1.0,1.0,1.0,6.341949423120575e-05,2.7614778712402253e-05,,0,1.0,42.0
2025-08-12,38.043495178222656,38.396113134717545,37.84759589834016,38.043495178222656,2785800,634.0723266601562,117.0,1.0,1.0,1.0,1.0,6.737484475235254e-05,1.9668707324865385e-05,,0,1.0,43.0
2025-08-13,37.9847188761729,38.15123454817706,37.710462165186584,38.14143753051758,2016700,636.2428588867188,115.0,1.0,1.0,1.0,1.0,5.493375030576737e-05,3.5193175074256206e-05,,0,1.0,44.0
2025-08-14,38.19041442871094,38.21000099072719,37.720254738038484,38.19041442871094,1879900,636.302001953125,114.0,1.0,1.0,1.0,1.0,6.444383718671297e-05,5.051810908532515e-05,,0,1.0,45.0
2025-08-15,38.20021018117947,38.29815794346724,37.92595345759962,38.082672119140625,1967500,634.8123168945312,112.0,1.0,1.0,1.0,1.0,7.134070678992363e-05,7.135772520892297e-05,,0,1.0,46.0
2025-08-18,37.7986154549568,38.03369529732633,37.61251322641195,37.788822174072266,3816300,634.6741333007812,111.0,1.0,4.0,1.0,2.0,9.663062875982585e-05,6.341949423120575e-05,,0,2.0,47.0
2025-08-19,37.57333755493164,37.88677489486383,37.46559276874223,37.57333755493164,3937100,631.2308349609375,110.0,1.0,4.0,1.0,2.0,8.439913180486454e-05,6.737484475235254e-05,,0,2.0,48.0
2025-08-20,37.91615924760534,38.014110753615135,37.69087638848466,37.808414459228516,5064700,629.5537109375,108.0,1.0,4.0,1.0,2.0,8.051796557893312e-05,5.493375030576737e-05,,0,2.0,49.0
2025-08-21,37.798615146651414,38.258977810283646,37.622306200429165,38.23938751220703,4687300,627.0280151367188,108.0,1.0,4.0,1.0,2.0,6.951714898368679e-05,6.444383718671297e-05,,0,2.0,50.0
2025-08-22,38.386309629094264,39.179699897139585,38.33733575151631,39.16990661621094,7039500,636.6572265625,111.0,1.0,1.0,1.0,1.0,0.00013442707184288665,7.134070678992363e-05,,0,1.0,51.0
2025-08-25,39.06216498786204,39.551911275997085,38.90544632511754,39.5421142578125,2721000,633.855224609375,110.0,1.0,1.0,1.0,1.0,0.00021718543437859944,9.663062875982585e-05,,0,1.0,52.0
2025-08-26,39.50293357571783,39.59108431205164,38.89564554688037,39.258060455322266,3681800,636.5092163085938,109.0,1.0,1.0,1.0,1.0,0.000305378821565602,8.439913180486454e-05,,0,1.0,53.0
2025-08-27,39.1503207402644,40.198377531982864,39.101343120686636,40.17878723144531,3151700,637.9595336914062,112.0,1.0,1.0,1.0,1.0,0.0003629823165050143,8.051796557893312e-05,,0,1.0,54.0
2025-08-28,40.23755438635236,40.83504168300787,39.982884239545484,40.74688720703125,5302300,640.21875,112.0,1.0,1.0,1.0,1.0,0.0003950844349108091,6.951714898368679e-05,,0,1.0,55.0
2025-08-29,40.66853063071402,40.90360674743867,40.364886598771534,40.453041076660156,4249100,636.400634765625,111.0,1.0,1.0,1.0,1.0,0.00041284878550795404,0.00013442707184288665,,0,1.0,56.0
2025-09-02,40.42365662180916,40.688120049754595,40.23755438872197,40.46283721923828,2235400,631.684814453125,109.0,1.0,1.0,1.0,1.0,0.0004215492811214319,0.00021718543437859944,,0,1.0,57.0
2025-09-03,40.08082960580046,40.443244505679104,39.571496815503565,39.79677963256836,12033400,635.108154296875,110.0,1.0,1.0,1.0,1.0,0.0003921296511895053,0.000305378821565602,,0,1.0,58.0
2025-09-04,39.17969665224461,39.58128839347144,38.88584967464619,39.326622009277344,5360600,640.4161376953125,109.0,1.0,1.0,1.0,1.0,0.00034250002337210664,0.0003629823165050143,,0,1.0,59.0
2025-09-05,38.95441509421717,39.32662327056174,38.79769645204059,39.15031433105469,4100800,638.561279296875,108.0,1.0,1.0,1.0,1.0,0.000262950634788902,0.0003950844349108091,,0,1.0,60.0
2025-09-08,39.277650426086964,39.69883252864252,38.77811086116653,39.42457580566406,3926200,640.1300048828125,107.0,1.0,1.0,1.0,1.0,0.00022106295335793153,0.00041284878550795404,,0,1.0,61.0
2025-09-09,39.48334627125489,40.609760468596505,39.48334627125489,40.12001419067383,4659900,641.60986328125,108.0,1.0,1.0,1.0,1.0,0.00021568713261892994,0.0004215492811214319,,0,1.0,62.0
2025-09-10,40.2277614549046,41.39335632324219,40.19837787208356,41.39335632324219,5585600,643.4647216796875,114.0,1.0,1.0,1.0,1.0,0.00026586512448288006,0.0003921296511895053,,0,1.0,63.0
2025-09-11,41.13868911860794,41.53048765241987,40.91340626942979,41.15827941894531,3044200,648.8119506835938,113.0,1.0,1.0,1.0,1.0,0.0003098426134548994,0.00034250002337210664,,0,1.0,64.0
2025-09-12,41.36396901923409,41.43253319729355,40.84483917493604,40.86442947387695,1937700,648.5949096679688,112.0,1.0,1.0,1.0,1.0,0.00034650336809807244,0.000262950634788902,,0,1.0,65.0
2025-09-15,40.96237793035811,41.461921220697924,40.66853091417045,41.34437942504883,4372100,652.0480346679688,111.0,1.0,1.0,1.0,1.0,0.0003527562348705781,0.00022106295335793153,,0,1.0,66.0
2025-09-16,41.53048724777475,42.58833730041161,41.412945446895776,42.13777160644531,4550600,651.150146484375,113.0,1.0,1.0,1.0,1.0,0.0003915786991612882,0.00021568713261892994,,0,1.0,67.0
2025-09-17,42.05941073922762,42.29449060638114,41.67740922451242,41.971256256103516,4290400,650.3412475585938,111.0,1.0,1.0,1.0,1.0,0.00040789725971283625,0.00026586512448288006,,0,1.0,68.0
2025-09-18,42.0006403151606,42.02023061394199,41.324788084838815,41.84392166137695,4545500,653.3798828125,109.0,1.0,1.0,1.0,1.0,0.0004165904331353506,0.0003098426134548994,,0,1.0,69.0
2025-09-19,42.030024570330895,42.049614869427,40.56078576632986,40.697914123535156,7717200,656.6160278320312,114.0,1.0,1.0,1.0,1.0,0.00036095229756985336,0.00034650336809807244,,0,1.0,70.0
2025-09-22,40.65873525560048,41.12889498098015,40.227759866548055,40.92319869995117,6787400,659.7225341796875,113.0,1.0,1.0,1.0,1.0,0.00032069030853217447,0.0003527562348705781,,0,1.0,71.0
2025-09-23,41.187658314857075,42.108383643614026,41.08971056078253,41.45212173461914,5201700,656.1312866210938,113.0,1.0,1.0,1.0,1.0,0.0003014555027303426,0.0003915786991612882,,0,1.0,72.0
2025-09-24,41.72637779821805,42.020228528890485,41.51089199525013,41.54027557373047,2820900,654.0436401367188,111.0,1.0,1.0,1.0,1.0,0.0003219897701287143,0.00040789725971283625,,0,1.0,73.0
2025-09-25,41.2856092629542,41.91248384831648,41.2856092629542,41.8243293762207,2448900,651.0263061523438,110.0,1.0,1.0,1.0,1.0,0.0003890503592494173,0.0004165904331353506,,0,1.0,74.0
2025-09-26,41.82433287765162,42.5001813959881,41.62843361920889,41.7459716796875,2103700,654.756103515625,108.0,1.0,1.0,1.0,1.0,0.0005016804364230777,0.00036095229756985336,,0,1.0,75.0
2025-09-29,41.4717137092392,41.54027788715658,40.93299356711655,41.10930252075195,2926300,656.5962524414062,109.0,1.0,1.0,1.0,1.0,0.0005922783133809603,0.00032069030853217447,,1,1.0,76.0
2025-09-30,40.79586466036954,41.060324350783894,40.47263033758047,40.95258331298828,3948500,659.0694580078125,107.0,1.0,1.0,1.0,1.0,0.0006748180312318442,0.0003014555027303426,,0,1.0,77.0
2025-10-01,40.87422686598534,41.119100022673344,40.41386413574219,40.41386413574219,2887000,661.3153686523438,107.0,1.0,4.0,1.0,2.0,0.0006261834642678691,0.0003219897701287143,,0,2.0,78.0
2025-10-02,40.2865275542272,40.599964855177674,40.22775665912373,40.266937255859375,1911800,662.0769653320312,105.0,1.0,4.0,1.0,2.0,0.0006314935066606965,0.0003890503592494173,-1.0,0,2.0,79.0
2025-10-03,40.423656701610746,40.68812013007827,40.28652834680553,40.50201416015625,2555400,662.0672607421875,104.0,1.0,4.0,1.0,2.0,0.0005759809742883576,0.0005016804364230777,-1.0,0,2.0,80.0
2025-10-06,40.84483750433224,40.84483750433224,40.257139769544814,40.678321838378906,2737200,664.4415893554688,103.0,1.0,4.0,1.0,2.0,0.0005790639576240551,0.0005922783133809603,-1.0,0,2.0,81.0
2025-10-07,40.57058032636261,40.923198248271596,40.08083404292626,40.5216064453125,2980700,661.9781494140625,101.0,1.0,4.0,1.0,2.0,0.0005413071897378386,0.0006748180312318442,-1.0,0,2.0,82.0
2025-10-08,40.550992909556676,40.550992909556676,39.27764961025075,40.00247573852539,7883600,665.925537109375,101.0,1.0,4.0,1.0,2.0,0.0005039339050352801,0.0006261834642678691,-1.0,0,2.0,83.0
2025-10-09,40.23755682667968,40.52160683408259,39.5421142578125,39.5421142578125,2807200,663.996337890625,101.0,1.0,4.0,1.0,2.0,0.00042832789798161376,0.0006314935066606965,-1.0,0,2.0,84.0
2025-10-10,39.19929035250827,39.36580228423389,38.552825451074234,38.68016052246094,4792500,646.0499877929688,104.0,1.0,4.0,1.0,2.0,0.0003195018786643054,0.0005759809742883576,-1.0,1,4.0,1.0
2025-10-13,39.09154343906329,39.2286717839094,38.80748973247224,39.15031433105469,1882200,655.9629516601562,104.0,1.0,4.0,1.0,2.0,0.00023681880810235356,0.0005790639576240551,-1.0,0,2.0,2.0
2025-10-14,38.4352916753969,38.93483126264539,38.35693047306188,38.55282974243164,2451000,655.16162109375,104.0,1.0,4.0,1.0,2.0,0.0001877189462610703,0.0005413071897378386,-1.0,0,4.0,3.0
2025-10-15,38.84667390464756,39.10134032046236,38.23938957734495,38.29815673828125,3228900,658.0702514648438,103.0,1.0,4.0,1.0,2.0,0.00016888623249771087,0.0005039339050352801,-1.0,0,4.0,4.0
2025-10-16,38.42549005265244,38.47446393000979,37.563535612587266,37.788822174072266,3320900,653.5887451171875,103.0,1.0,4.0,1.0,2.0,0.00013838772864672847,0.00042832789798161376,-1.0,0,4.0,5.0
2025-10-17,37.935746678219736,37.935746678219736,37.612516074015936,37.79861831665039,3098600,657.2986450195312,102.0,1.0,4.0,1.0,2.0,0.0001217516894970047,0.0003195018786643054,-1.0,0,4.0,6.0
2025-10-20,37.85738346146147,37.94553792856617,37.42640440607534,37.534149169921875,4872900,664.1348876953125,101.0,1.0,4.0,1.0,2.0,0.00010099539879348396,0.00023681880810235356,-1.0,0,4.0,7.0
2025-10-21,37.70067098203336,37.70067098203336,36.99543513000229,37.387229919433594,2816200,664.1249389648438,99.0,1.0,4.0,1.0,2.0,8.504005470440999e-05,0.0001877189462610703,-1.0,0,4.0,8.0
2025-10-22,37.61251588753052,38.46467337053472,37.55374498866321,38.28836441040039,3954400,660.6722412109375,103.0,1.0,4.0,1.0,2.0,7.481922147126926e-05,0.00016888623249771087,-1.0,0,2.0,9.0
2025-10-23,39.17969949389307,39.522520369877704,38.73892712729331,38.807491302490234,4309500,664.5899658203125,103.0,1.0,4.0,1.0,2.0,8.882202511283453e-05,0.00013838772864672847,1.0,0,2.0,10.0
2025-10-24,38.827081445256844,39.10133814494719,38.680159814623,39.013187408447266,3131100,670.0213623046875,102.0,1.0,4.0,1.0,2.0,0.00014472986748101808,0.0001217516894970047,1.0,0,2.0,11.0
2025-10-27,39.12092821006704,39.4441625211781,39.022980456894324,39.21887969970703,2703500,677.926025390625,101.0,1.0,4.0,1.0,2.0,0.00018701186328330742,0.00010099539879348396,-1.0,0,2.0,12.0
2025-10-28,38.96420907297931,39.199288908690946,38.719335956660494,38.81728744506836,2592100,679.7266235351562,100.0,1.0,4.0,1.0,2.0,0.00022235201564404526,8.504005470440999e-05,-1.0,0,2.0,13.0
2025-10-29,39.2972408208545,39.502937100053536,38.79770125472569,39.17970275878906,2567600,680.0531616210938,100.0,1.0,4.0,1.0,2.0,0.00022310349674771736,7.481922147126926e-05,-1.0,0,2.0,14.0
2025-10-30,38.96421226026161,39.287446593747354,38.78790330317257,38.90544509887695,2265300,672.5737915039062,99.0,1.0,4.0,1.0,2.0,0.00020717877690462096,8.882202511283453e-05,1.0,0,2.0,15.0
2025-10-31,39.10133997758255,39.44416460473058,38.75851908690199,38.99359893798828,2874000,674.780029296875,97.0,1.0,4.0,1.0,2.0,0.00018663118551647386,0.00014472986748101808,-1.0,0,2.0,16.0
2025-11-03,38.91523519700899,39.01318668541685,38.35692479071948,38.81728744506836,3236000,676.04638671875,96.0,1.0,4.0,1.0,2.0,0.00014358356315917196,0.00018701186328330742,-1.0,0,2.0,17.0
2025-11-04,38.29815719701907,38.72913631020758,37.92595271840588,38.69974899291992,4745700,668.0328369140625,95.0,1.0,4.0,1.0,2.0,0.00011467379272436389,0.00022235201564404526,1.0,0,2.0,18.0
2025-11-05,39.65965053273042,41.04073472343092,39.65965053273042,40.37467956542969,8179500,670.3478393554688,110.0,1.0,1.0,4.0,5.0,0.00013611246915138633,0.00022310349674771736,1.0,0,1.0,1.0
2025-11-06,40.8056566784267,41.18765814883186,40.53139997894962,41.12889099121094,6969800,663.1554565429688,111.0,1.0,1.0,4.0,5.0,0.00020102313224312578,0.00020717877690462096,1.0,0,1.0,2.0
2025-11-07,41.34437988129031,41.843923177142656,41.1778679403179,41.7459716796875,5248400,663.808349609375,111.0,1.0,1.0,4.0,5.0,0.0002990710664903951,0.00018663118551647386,1.0,0,1.0,3.0
2025-11-10,41.86350951305319,42.235713958740234,41.393349842717676,42.235713958740234,6242300,674.1666870117188,111.0,1.0,1.0,4.0,5.0,0.0003728827059352097,0.00014358356315917196,1.0,0,1.0,4.0
2025-11-11,42.35325913575428,43.293571078780985,42.33366883654945,43.17603302001953,5045000,675.7100219726562,113.0,1.0,1.0,4.0,5.0,0.0004508038913098671,0.00011467379272436389,1.0,0,1.0,5.0
2025-11-12,43.0584926419371,43.59721281016403,42.61772023649048,43.32295608520508,6239000,676.0859375,111.0,1.0,1.0,4.0,5.0,0.0005181230880245664,0.00013611246915138633,1.0,0,1.0,6.0
2025-11-13,43.391519098271594,43.78331761178019,42.500181029683695,42.7254638671875,3014400,664.866943359375,111.0,1.0,1.0,4.0,5.0,0.0005378194133416858,0.00020102313224312578,1.0,0,1.0,7.0
2025-11-14,42.7254607884143,43.450286865234375,42.45120409060159,43.450286865234375,3319900,664.7581787109375,112.0,1.0,1.0,4.0,5.0,0.0005455298636365598,0.0002990710664903951,1.0,0,1.0,8.0
2025-11-17,43.37193248992828,44.05757807868343,43.19562351749216,43.499267578125,3567900,658.5650024414062,110.0,1.0,1.0,4.0,5.0,0.0005500798270444904,0.0003728827059352097,1.0,0,1.0,9.0
2025-11-18,43.2935711173588,44.51793679524526,42.98992708411465,44.27306365966797,3484800,653.03466796875,111.0,1.0,1.0,4.0,5.0,0.0005908322430474374,0.0004508038913098671,1.0,0,1.0,10.0
2025-11-19,43.6657766600429,44.11634230520658,43.362132645362706,44.05757141113281,2105600,655.5574951171875,110.0,1.0,1.0,4.0,5.0,0.0006237152456643552,0.0005181230880245664,1.0,0,1.0,11.0
2025-11-20,44.077163463755504,44.664857482018604,43.734342575846604,43.753929138183594,3218200,645.5652465820312,109.0,1.0,1.0,4.0,5.0,0.0006272982751773936,0.0005378194133416858,1.0,0,1.0,12.0
2025-11-21,43.60700535153595,43.70495310426073,43.048694940776755,43.41110610961914,3704400,651.995849609375,108.0,1.0,1.0,4.0,5.0,0.0006201303940334942,0.0005455298636365598,1.0,1,2.0,13.0
2025-11-24,43.29357170721197,43.44049334867956,42.65690005144967,43.37192916870117,4619500,661.59228515625,106.0,1.0,1.0,4.0,5.0,0.0006006709857552106,0.0005500798270444904,-1.0,0,2.0,14.0
2025-11-25,43.14664364071538,43.66577720366175,42.794025744817425,43.40131378173828,4178900,667.815185546875,105.0,1.0,1.0,4.0,5.0,0.0006106848098534722,0.0005908322430474374,-1.0,0,2.0,15.0
2025-11-26,43.44049302233286,43.78331765611693,43.35233854352753,43.53844451904297,2592000,672.4254760742188,103.0,1.0,1.0,4.0,5.0,0.0006265567448508452,0.0006237152456643552,-1.0,0,2.0,16.0
2025-11-28,43.714753621600174,44.25347377765562,43.62659914250255,43.86167526245117,1222400,676.0958251953125,102.0,1.0,1.0,4.0,5.0,0.0006678730432179983,0.0006272982751773936,-1.0,0,2.0,17.0
2025-12-01,44.30244581143664,44.488548043344956,43.68536448347291,43.881263732910156,3309400,673.0091552734375,101.0,1.0,1.0,4.0,5.0,0.0006895293664255308,0.0006201303940334942,-1.0,0,2.0,18.0
2025-12-02,43.773517832147284,43.793108130233485,42.950743994863316,43.03889846801758,12204900,674.2556762695312,103.0,1.0,1.0,4.0,5.0,0.000652413957746874,0.0006006709857552106,-1.0,0,2.0,19.0
2025-12-03,42.931161890917586,43.91065447812756,42.84300740860998,43.763729095458984,5988400,676.5905151367188,104.0,1.0,1.0,4.0,5.0,0.0006177299107271384,0.0006106848098534722,-1.0,0,2.0,20.0
2025-12-04,43.94003359321905,44.54731788934298,43.812698523615424,43.85187911987305,4698500,677.085205078125,102.0,1.0,1.0,4.0,5.0,0.0005495312109715099,0.0006265567448508452,-1.0,0,2.0,21.0
2025-12-05,43.77351992476158,44.077163954912606,43.24459679701792,43.34254455566406,6441200,678.3712768554688,102.0,1.0,1.0,4.0,5.0,0.0005057851873942531,0.0006678730432179983,-1.0,0,2.0,22.0
2025-12-08,43.09767254076346,43.77352106047892,42.940953880983024,43.12705612182617,7908700,676.3333129882812,100.0,1.0,4.0,3.0,4.0,0.00042339508086629843,0.0006895293664255308,-1.0,0,2.0,23.0
2025-12-09,43.127055334675575,43.607008323256125,42.81361802083553,42.8919792175293,2383400,675.74951171875,99.0,1.0,4.0,3.0,4.0,0.00039017470407438974,0.000652413957746874,-1.0,0,2.0,24.0
2025-12-10,42.82341817310278,43.401318963382295,42.64710920410444,43.26418685913086,5023800,680.2312622070312,99.0,1.0,4.0,3.0,4.0,0.00040349865311442985,0.0006177299107271384,-1.0,0,2.0,25.0
2025-12-11,43.37192646610189,43.57762272968726,43.009515289303366,43.40131378173828,6948400,681.8140869140625,97.0,1.0,4.0,3.0,4.0,0.0004509599623373944,0.0005495312109715099,-1.0,0,2.0,26.0
2025-12-12,43.5090568875801,43.577624803015766,43.04869793400364,43.4600830078125,7559100,674.4832763671875,96.0,1.0,4.0,3.0,4.0,0.0005145884801279927,0.0005057851873942531,1.0,0,2.0,27.0
2025-12-15,43.47967082696378,43.47967082696378,42.470794762720224,42.75484848022461,4004300,673.4642333984375,97.0,1.0,4.0,3.0,4.0,0.0005305853978645686,0.00042339508086629843,-1.0,0,2.0,28.0
2025-12-16,42.38263806118158,42.4512022326339,41.29540086177037,41.35417175292969,4799900,671.6240844726562,106.0,1.0,4.0,3.0,4.0,0.00047181081529840997,0.00039017470407438974,-1.0,1,2.0,29.0
2025-12-17,41.54027605974779,42.1181767742485,41.226838764066116,41.94186782836914,3973000,664.2337646484375,106.0,1.0,4.0,3.0,4.0,0.0004198984815282401,0.00040349865311442985,-1.0,0,2.0,30.0
2025-12-18,41.785149650278704,42.09858694948406,41.47171235107336,41.53048324584961,4274300,669.2496337890625,105.0,1.0,4.0,3.0,4.0,0.00035299071934308626,0.0004509599623373944,-1.0,0,2.0,31.0
2025-12-19,41.726384699474664,42.15736384962601,41.657820514035656,41.87331008911133,4022600,675.3153686523438,104.0,1.0,4.0,3.0,4.0,0.0003346431058294753,0.0005145884801279927,-1.0,0,2.0,32.0
2025-12-22,42.265105497265765,42.47079803830178,42.04961593819893,42.06920623779297,2534500,679.5224609375,103.0,1.0,4.0,3.0,4.0,0.0002756556544472292,0.0005305853978645686,-1.0,0,2.0,33.0
2025-12-23,42.22592464859079,42.402233607427846,41.589252993182804,42.274898529052734,3211400,682.6282348632812,102.0,1.0,4.0,3.0,4.0,0.00025529356798956047,0.00047181081529840997,-1.0,0,2.0,34.0
2025-12-24,42.10838310705252,42.549151731238865,42.10838310705252,42.35325622558594,1304700,685.0294799804688,100.0,1.0,4.0,3.0,4.0,0.0002418609674595838,0.0004198984815282401,-1.0,0,2.0,35.0
2025-12-26,42.35325670013432,42.54915220798216,42.09858656158443,42.225921630859375,1270800,684.9599609375,99.0,1.0,4.0,3.0,4.0,0.0002172161846470484,0.00035299071934308626,-1.0,0,2.0,36.0
2025-12-29,42.56874275585061,43.05848900127862,42.47079500135194,42.83320617675781,3107100,682.51904296875,99.0,1.0,4.0,3.0,4.0,0.00021460274468865863,0.0003346431058294753,1.0,0,2.0,37.0
2025-12-30,43.05849073937403,43.7637265569274,42.99972357888957,43.58741760253906,2770800,681.685546875,101.0,1.0,4.0,3.0,4.0,0.0002198577572164801,0.0002756556544472292,1.0,0,2.0,38.0
2025-12-31,43.61679879277287,43.724543563047085,43.18582344814329,43.450286865234375,1596500,676.635009765625,99.0,1.0,4.0,3.0,4.0,0.00023182673526039125,0.00025529356798956047,1.0,0,2.0,39.0
2026-01-02,43.33275393849122,44.82157939107678,43.23480243735552,44.655067443847656,4820000,677.8753051757812,105.0,1.0,1.0,3.0,3.0,0.00024825233596734045,0.0002418609674595838,1.0,0,1.0,40.0
2026-01-05,43.734341067567485,44.16531641699942,41.81453295208431,43.85187911987305,11609300,682.3900756835938,106.0,1.0,1.0,3.0,3.0,0.00024351718957545763,0.0002172161846470484,1.0,0,1.0,41.0
2026-01-06,44.00860038096206,44.94891232816184,43.842084705215775,44.3122444152832,6422200,686.4484252929688,105.0,1.0,1.0,3.0,3.0,0.00027834785312570633,0.00021460274468865863,1.0,0,1.0,42.0
2026-01-07,44.06737332937487,44.92932411951575,43.64619121617224,44.37101364135742,7931600,684.2356567382812,104.0,1.0,1.0,3.0,3.0,0.0002998361390082151,0.0002198577572164801,1.0,0,1.0,43.0
2026-01-08,44.34162883985823,45.24276020562401,43.83229225798155,44.83137512207031,6347100,684.1661987304688,103.0,1.0,1.0,3.0,3.0,0.00035282407733130044,0.00023182673526039125,1.0,0,1.0,44.0
2026-01-09,44.98809310464653,45.8108669958168,44.91952892508797,45.732505798339844,4485600,688.6908569335938,105.0,1.0,1.0,3.0,3.0,0.00040963074476689005,0.00024825233596734045,1.0,0,1.0,45.0
2026-01-12,46.036147753046826,46.27122759838463,45.575785079846796,45.673736572265625,3692300,689.7723999023438,104.0,1.0,1.0,3.0,3.0,0.00044559302807083167,0.00024351718957545763,1.0,0,1.0,46.0
2026-01-13,46.01656071268043,47.56416077426641,45.80107115056905,47.14297866821289,5449900,688.3932495117188,111.0,1.0,1.0,4.0,5.0,0.00048212345646395723,0.00027834785312570633,1.0,0,1.0,47.0
2026-01-14,47.26051438866885,49.092164366433316,47.26051438866885,48.631805419921875,6851000,685.009521484375,117.0,1.0,1.0,4.0,5.0,0.000520486884496385,0.0002998361390082151,1.0,0,1.0,48.0
2026-01-15,48.00492851046158,48.49467478830801,47.58375014906382,47.96575164794922,2980900,686.8750610351562,117.0,1.0,1.0,4.0,5.0,0.0005698960244695201,0.00035282407733130044,1.0,0,1.0,49.0
2026-01-16,48.11267497763527,49.20970936876148,48.11267497763527,48.71996307373047,4245600,686.2994995117188,117.0,1.0,1.0,4.0,5.0,0.0006017268384183433,0.00040963074476689005,1.0,0,1.0,50.0
2026-01-20,49.386012196347494,49.77781070791072,47.98534129820764,48.337955474853516,4192300,672.3286743164062,116.0,1.0,1.0,4.0,5.0,0.0005918549891603214,0.00044559302807083167,1.0,0,1.0,51.0
2026-01-21,49.06278179417103,49.66027284525548,48.768934777571275,49.47416687011719,5328200,680.0880737304688,118.0,1.0,1.0,4.0,5.0,0.0006178567138992126,0.00048212345646395723,1.0,0,1.0,52.0
2026-01-22,49.49375494106321,49.60149971414122,48.484878859455215,48.8472900390625,3401100,683.6402587890625,118.0,1.0,1.0,4.0,5.0,0.0006323795390232446,0.000520486884496385,1.0,0,1.0,53.0
2026-01-23,49.84637634105616,50.26755844550949,49.26847557469932,49.826786041259766,2909400,683.8883666992188,119.0,1.0,1.0,4.0,5.0,0.000693295306727446,0.0005698960244695201,1.0,0,1.0,54.0
2026-01-26,50.36550531001827,50.36550531001827,49.71904037413421,50.12063217163086,3112100,687.3612060546875,118.0,1.0,1.0,4.0,5.0,0.0007241928935795318,0.0006017268384183433,1.0,0,1.0,55.0
2026-01-27,50.43407051110032,51.04135481539585,50.3263257381757,50.96299362182617,2691700,690.099853515625,118.0,1.0,1.0,4.0,5.0,0.0007799666674423125,0.0005918549891603214,1.0,0,1.0,56.0
2026-01-28,51.315617730043705,52.09921107823216,50.98259009000513,51.913108825683594,4191000,690.0303344726562,119.0,1.0,1.0,4.0,5.0,0.0008236653158975277,0.0006178567138992126,1.0,0,1.0,57.0
2026-01-29,52.990542887381274,53.676188386382286,52.27551380897664,52.588951110839844,5090400,688.6610717773438,119.0,1.0,1.0,4.0,5.0,0.0008904599051845676,0.0006323795390232446,1.0,0,1.0,58.0
2026-01-30,52.157977110088545,52.64772337403304,50.94340473146052,51.88372039794922,7937000,686.6071166992188,118.0,1.0,1.0,4.0,5.0,0.0009509074711944553,0.000693295306727446,1.0,0,1.0,59.0
2026-02-02,50.385096004627755,51.84454156490866,50.326328842293115,51.580078125,6704400,690.0204467773438,117.0,1.0,1.0,4.0,5.0,0.0009805313538489317,0.0007241928935795318,1.0,0,1.0,60.0
2026-02-03,52.06982333409207,52.67710766334771,51.59966736275214,52.363670349121094,7713400,684.18603515625,117.0,1.0,1.0,4.0,5.0,0.0010060273154573497,0.0007799666674423125,1.0,0,1.0,61.0
2026-02-04,52.68690356640859,54.16593562809226,51.482128214753494,52.05023193359375,8762800,680.8719482421875,116.0,1.0,1.0,4.0,5.0,0.0010092920477922766,0.0008236653158975277,1.0,0,1.0,62.0
2026-02-05,51.276429126352895,52.27551189055244,51.021762729110144,52.040435791015625,5690500,672.3682861328125,114.0,1.0,1.0,4.0,5.0,0.0010218463529779946,0.0008904599051845676,1.0,0,1.0,63.0
2026-02-06,51.96207783944198,52.814235292203,51.707411426323645,52.69669723510742,9038600,685.2676391601562,113.0,1.0,1.0,4.0,5.0,0.001026370915471378,0.0009509074711944553,1.0,0,1.0,64.0
2026-02-09,52.64772349367948,53.5586518456038,52.64772349367948,53.54885482788086,4824300,688.5718383789062,114.0,1.0,1.0,4.0,5.0,0.0010694087355980141,0.0009805313538489317,1.0,0,1.0,65.0
2026-02-10,53.774139321322984,53.92106095328612,52.82403040813187,53.49008560180664,4754100,686.7559814453125,112.0,1.0,1.0,4.0,5.0,0.0011235643154142241,0.0010060273154573497,1.0,0,1.0,66.0
2026-02-11,54.15614442661566,55.09645638550947,53.96024516772922,54.79281234741211,4925300,686.5972290039062,115.0,1.0,1.0,4.0,5.0,0.0011673574191392838,0.0010092920477922766,1.0,0,1.0,67.0
2026-02-12,54.34224471111654,55.30214693498816,53.71537009442222,53.960243225097656,4324500,675.9900512695312,116.0,1.0,1.0,4.0,5.0,0.0011398149707633407,0.0010218463529779946,1.0,0,1.0,68.0
2026-02-13,53.872089981885814,54.851582527011004,53.764345204087235,54.84178924560547,2710600,676.4663696289062,116.0,1.0,1.0,4.0,5.0,0.0011121587961058308,0.001026370915471378,1.0,0,1.0,69.0
2026-02-17,54.45978276762987,55.04748052313138,53.17664995422975,53.960243225097656,4572000,677.5578002929688,116.0,1.0,1.0,4.0,5.0,0.0010257978786367874,0.0010694087355980141,1.0,0,1.0,70.0
2026-02-18,54.62629723647603,54.78301588719837,54.15614128430903,54.704654693603516,6922900,680.97119140625,116.0,1.0,1.0,4.0,5.0,0.0010255475241927293,0.0011235643154142241,1.0,0,1.0,71.0
2026-02-19,55.24337903565053,55.958408119277564,54.72424546476823,55.63517379760742,10201400,679.1751708984375,117.0,1.0,1.0,4.0,5.0,0.0010129908185833713,0.0011673574191392838,1.0,0,1.0,72.0
2026-02-20,55.321738590888245,55.79189456494215,54.352043062048175,54.59691619873047,4329600,684.0867919921875,118.0,1.0,1.0,4.0,5.0,0.0010144222518918692,0.0011398149707633407,1.0,0,1.0,73.0
2026-02-23,54.831989370782054,55.37070949523809,54.68506773854896,55.11604309082031,2235600,677.1013793945312,117.0,1.0,1.0,4.0,5.0,0.0009871799752462628,0.0011121587961058308,1.0,0,1.0,74.0
2026-02-24,55.84086633076385,55.84086633076385,54.58711711408898,54.82219696044922,2205800,682.0228881835938,115.0,1.0,1.0,4.0,5.0,0.0009441707624052962,0.0010257978786367874,1.0,0,1.0,75.0
2026-02-25,54.841788377767095,55.01809359554957,53.86229584814178,54.60670852661133,2642300,687.7780151367188,114.0,1.0,1.0,4.0,5.0,0.0009462489123489562,0.0010255475241927293,-1.0,0,2.0,76.0
2026-02-26,53.87208921415312,54.68506980852564,53.695780259625764,54.36183547973633,3023500,683.9578247070312,112.0,1.0,1.0,4.0,5.0,0.0009217551710050194,0.0010129908185833713,-1.0,0,2.0,77.0
2026-02-27,54.74383482106211,55.59599224352974,54.49896169787864,55.36091613769531,2985400,680.6734619140625,113.0,1.0,1.0,4.0,5.0,0.0009163393664267273,0.0010144222518918692,1.0,0,1.0,78.0
2026-03-02,56.95749244309849,57.221952139634745,55.97799990744051,56.59507751464844,5612600,681.0604858398438,115.0,1.0,1.0,4.0,5.0,0.0009330837947277259,0.0009871799752462628,1.0,0,1.0,79.0
2026-03-03,56.95749019803582,57.27092749817439,55.31194250407468,55.96820068359375,17433900,675.0573120117188,115.0,1.0,1.0,4.0,5.0,0.0009314051659399064,0.0009441707624052962,1.0,0,1.0,80.0
2026-03-04,55.14793878031584,56.598941802978516,54.57543661975951,56.598941802978516,5744300,679.8201293945312,114.0,1.0,1.0,4.0,5.0,0.0009305147701809763,0.0009462489123489562,1.0,0,1.0,81.0
2026-03-05,56.51010762332908,57.210930761774755,56.075795487967646,56.865455627441406,6205700,676.0297241210938,113.0,1.0,1.0,4.0,5.0,0.0008933328631814817,0.0009217551710050194,1.0,0,1.0,82.0
2026-03-06,57.87227490178961,57.87227490178961,55.79941275717375,56.10540771484375,4847800,667.1689453125,112.0,1.0,1.0,4.0,5.0,0.00088744781286173,0.0009163393664267273,1.0,0,1.0,83.0
2026-03-09,56.34230474671415,57.61563003483289,56.08566285595787,56.65816879272461,10518300,673.0133056640625,112.0,1.0,1.0,4.0,5.0,0.0008712344491327086,0.0009330837947277259,1.0,0,1.0,84.0
2026-03-10,56.61868270444689,57.24054166887378,55.85863369579098,56.53971481323242,4844100,671.9317016601562,110.0,1.0,1.0,4.0,5.0,0.0008492043140566258,0.0009314051659399064,1.0,0,1.0,85.0
2026-03-11,56.519976824588454,57.72421089272288,56.263338690843305,57.51692581176758,3748500,671.08837890625,111.0,1.0,1.0,4.0,5.0,0.0008414477422415378,0.0009305147701809763,1.0,0,1.0,86.0
2026-03-12,57.79330635897204,59.313404494991026,57.724211331461774,58.97779846191406,5903700,660.89794921875,114.0,1.0,1.0,4.0,5.0,0.0008571485872834785,0.0008933328631814817,1.0,0,1.0,87.0
2026-03-13,58.59283532454329,59.35288434000273,58.237487341689906,58.819862365722656,3886000,657.1571655273438,113.0,1.0,1.0,4.0,5.0,0.0008918935600525823,0.00088744781286173,1.0,0,1.0,88.0
2026-03-16,58.8593484434175,59.885904717799875,58.47438936984955,59.836551666259766,3691100,663.844970703125,114.0,1.0,1.0,4.0,5.0,0.000944310259200064,0.0008712344491327086,1.0,0,1.0,89.0
2026-03-17,60.07344988135996,60.98155805321034,59.6490068724397,60.527503967285156,5425300,665.5912475585938,113.0,1.0,1.0,4.0,5.0,0.0009945139931581382,0.0008492043140566258,1.0,0,1.0,90.0
2026-03-18,60.8335028276406,63.13338824805166,60.22151291714787,61.178977966308594,4158300,656.3038330078125,112.0,1.0,1.0,4.0,5.0,0.0010428287713631897,0.0008414477422415378,1.0,0,1.0,91.0
2026-03-19,61.55406346833728,63.79472280240772,61.18884638184689,62.50165557861328,9948300,654.6864624023438,114.0,1.0,1.0,4.0,5.0,0.0010843643839303799,0.0008571485872834785,1.0,0,1.0,92.0
2026-03-20,62.43256545011093,63.43937979283246,61.75148427347069,62.886619567871094,10145200,645.3009643554688,113.0,1.0,1.0,4.0,5.0,0.0011241810799296236,0.0008918935600525823,1.0,0,1.0,93.0
2026-03-23,61.297427451819225,62.6102405396301,60.57686231366161,62.37334060668945,6571300,652.07666015625,112.0,1.0,1.0,4.0,5.0,0.0011503707222542197,0.000944310259200064,1.0,0,1.0,94.0
2026-03-24,62.86687445086321,64.4856823919797,62.501657353998674,63.28144836425781,4835600,649.8877563476562,112.0,1.0,1.0,4.0,5.0,0.0011672226433783236,0.0009945139931581382,1.0,0,1.0,95.0
2026-03-25,62.54114453058536,64.00201299348035,62.13644346575726,63.86382293701172,5572100,653.5094604492188,111.0,1.0,1.0,4.0,5.0,0.0011980966744948116,0.0010428287713631897,1.0,0,1.0,96.0
2026-03-26,63.962539000385604,64.80155224098397,63.567707025164744,64.14021301269531,4584900,641.838623046875,109.0,1.0,1.0,4.0,5.0,0.0012342252965002207,0.0010843643839303799,1.0,0,1.0,97.0
2026-03-27,64.26852900953845,65.81823827057224,64.14021182056389,65.79850006103516,5117200,630.89404296875,113.0,1.0,1.0,4.0,5.0,0.001283608555279881,0.0011241810799296236,1.0,0,1.0,98.0
2026-03-30,66.38086446077193,66.88427535563912,64.72257639308525,65.12728118896484,5565700,628.78466796875,112.0,1.0,1.0,4.0,5.0,0.0012823459902609813,0.0011503707222542197,1.0,0,1.0,99.0
2026-03-31,65.15690149201575,66.42035781186901,63.222233060891256,65.25560760498047,7770200,647.0621337890625,111.0,1.0,1.0,4.0,5.0,0.0013013909061554358,0.0011672226433783236,1.0,0,1.0,100.0
2026-04-01,64.07111218902607,66.18345440506342,63.15312736482515,64.10072326660156,7401700,651.9373779296875,112.0,1.0,1.0,4.0,5.0,0.0012666687161027703,0.0011980966744948116,-1.0,0,2.0,101.0
2026-04-02,65.65043398328234,66.31177316756276,64.1303358748514,65.0483169555664,4502700,652.5244750976562,112.0,1.0,1.0,4.0,5.0,0.0012712505223677042,0.0012342252965002207,1.0,0,1.0,102.0
2026-04-06,65.23585563420896,65.72939368269579,64.32774743238349,65.22599029541016,3556300,655.6087646484375,110.0,1.0,1.0,4.0,5.0,0.0012970502316188518,0.001283608555279881,1.0,0,1.0,103.0
2026-04-07,65.79849404102708,66.5289282197652,65.58133610202023,65.92681121826172,4809800,655.8972778320312,110.0,1.0,1.0,4.0,5.0,0.0013502323892866964,0.0012823459902609813,1.0,0,1.0,104.0
2026-04-08,61.47509662190151,64.0513657749112,61.33690657414405,63.70589065551758,5823000,672.6027221679688,118.0,1.0,1.0,4.0,5.0,0.001322507932687245,0.0013013909061554358,-1.0,1,2.0,105.0
2026-04-09,64.15994425811931,64.79167233758199,62.284498227492655,62.57075119018555,4411000,676.4830322265625,119.0,1.0,1.0,4.0,5.0,0.0012364363540305907,0.0012666687161027703,-1.0,0,2.0,106.0
2026-04-10,62.57075288757306,63.71576476940592,62.48191588865142,63.597312927246094,3850600,676.0353393554688,119.0,1.0,1.0,4.0,5.0,0.0011819818533239962,0.0012712505223677042,-1.0,0,2.0,107.0
2026-04-13,64.45607581773673,64.69297198588794,63.853958761807625,64.00201416015625,3141800,682.6417846679688,117.0,1.0,1.0,4.0,5.0,0.0011952876147913276,0.0012970502316188518,-1.0,0,2.0,108.0
2026-04-14,63.55782708233529,63.83420717499727,62.37333505387539,62.738555908203125,3916800,690.959716796875,119.0,1.0,4.0,4.0,6.0,0.0011868847935668423,0.0013502323892866964,-1.0,1,4.0,1.0
2026-04-15,62.689199551570454,63.08403148574567,62.087086311778016,62.15618133544922,2364900,696.412109375,118.0,1.0,4.0,4.0,6.0,0.0011481288952051364,0.001322507932687245,-1.0,0,4.0,2.0
2026-04-16,62.36346918562703,63.153129323771466,62.195664288235776,62.99519729614258,4870400,698.1234130859375,117.0,1.0,4.0,4.0,6.0,0.0011052822013019206,0.0012364363540305907,-1.0,0,4.0,3.0
2026-04-17,60.37944460493862,61.0605295393062,58.50400223145751,60.36957550048828,7048800,706.5607299804688,129.0,1.0,4.0,4.0,6.0,0.0010109769464658627,0.0011819818533239962,-1.0,1,4.0,4.0
2026-04-20,60.79401456579139,61.238199544992256,60.63608254711957,60.86310958862305,2954100,705.1477661132812,128.0,1.0,4.0,4.0,6.0,0.0009313791121071602,0.0011952876147913276,-1.0,0,4.0,5.0
2026-04-21,61.080268503928785,61.958765607188695,60.872979666719765,61.741607666015625,4235500,700.53125,128.0,1.0,4.0,4.0,6.0,0.000861982426091575,0.0011868847935668423,-1.0,0,4.0,6.0
2026-04-22,62.245020020075145,62.758300042261396,61.86993004897817,62.61023712158203,2363000,707.6253051757812,127.0,1.0,4.0,4.0,6.0,0.0009108586862497663,0.0011481288952051364,-1.0,0,4.0,7.0
2026-04-23,62.935971573220094,63.76511566224868,62.82739636326583,63.72563171386719,2201500,704.8792114257812,128.0,1.0,4.0,4.0,6.0,0.0009474204562759371,0.0011052822013019206,1.0,0,2.0,8.0
2026-04-24,63.49860755759346,63.59731366180358,62.3832105061158,63.17287063598633,2817800,710.3414916992188,126.0,1.0,4.0,4.0,6.0,0.0009616903033275473,0.0010109769464658627,-1.0,0,4.0,9.0
2026-04-27,63.80459999217252,64.11059118046748,63.25183977311241,63.63679885864258,2329000,711.5653686523438,125.0,1.0,4.0,4.0,6.0,0.0009630724055205248,0.0009313791121071602,-1.0,0,4.0,10.0
2026-04-28,64.13033047315096,64.89037569795127,64.00200577034593,64.34748840332031,3136900,708.1029052734375,124.0,1.0,4.0,4.0,6.0,0.000972286073905904,0.000861982426091575,1.0,0,2.0,11.0
2026-04-29,65.10753859210048,66.25255048182234,64.84103135889583,66.20319366455078,2134100,707.993408203125,128.0,1.0,4.0,4.0,6.0,0.001011506262135037,0.0009108586862497663,1.0,0,2.0,12.0
2026-04-30,65.85771560278471,67.7331616136784,65.24572573752262,67.57522583007812,2795700,715.0377197265625,129.0,1.0,1.0,4.0,5.0,0.0010315087455124666,0.0009474204562759371,1.0,0,1.0,1.0
2026-05-01,67.41730140712885,67.41730140712885,65.50237134155127,66.67699432373047,3580000,717.0177001953125,129.0,1.0,1.0,4.0,5.0,0.0010037825368638665,0.0009616903033275473,1.0,0,1.0,2.0
2026-05-04,66.94350073189695,68.06876688227584,65.93668642448168,67.67393493652344,3339900,714.3909912109375,128.0,1.0,1.0,4.0,5.0,0.0009677670136414058,0.0009630724055205248,1.0,0,1.0,3.0
2026-05-05,67.29885190266516,69.38158317217211,67.0718210756469,68.7498550415039,3808700,720.1220092773438,128.0,1.0,1.0,4.0,5.0,0.0009541163668490886,0.000972286073905904,1.0,0,1.0,4.0
2026-05-06,66.62763753519788,67.33833354050022,63.3505451458095,63.48873519897461,5899100,730.1312866210938,166.0,1.0,1.0,4.0,5.0,0.0008204729517162237,0.001011506262135037,-1.0,0,2.0,5.0
2026-05-07,62.47204427130786,63.39002530143639,61.92915319546965,62.916229248046875,3241800,727.8926391601562,164.0,1.0,1.0,4.0,5.0,0.0006700615771163255,0.0010315087455124666,-1.0,0,2.0,6.0
2026-05-08,62.69907412824421,63.9822723011617,62.35359523508411,63.182743072509766,2461700,733.9021606445312,162.0,1.0,1.0,4.0,5.0,0.0005129070465080259,0.0010037825368638665,-1.0,0,2.0,7.0
2026-05-11,64.02176231769003,64.52517328346252,63.68615249691047,64.27840423583984,3173200,735.5736694335938,161.0,1.0,1.0,4.0,5.0,0.0005103364968689093,0.0009677670136414058,-1.0,0,2.0,8.0
2026-05-12,64.60412824307585,65.84784624752366,64.43632711214049,65.69978332519531,3488400,734.4593505859375,162.0,1.0,1.0,4.0,5.0,0.0005372603236875632,0.0009541163668490886,1.0,0,1.0,9.0
2026-05-13,65.69978304099357,66.13409893639981,64.57451688543469,65.21611785888672,2948100,738.5685424804688,160.0,1.0,1.0,4.0,5.0,0.0005405375103000165,0.0008204729517162237,-1.0,0,2.0,10.0
2026-05-14,64.95947336199282,66.30189741149638,64.8311561847582,65.92681121826172,3779700,744.3989868164062,158.0,1.0,1.0,4.0,5.0,0.0005679453809924305,0.0006700615771163255,-1.0,0,2.0,11.0
2026-05-15,66.44995994525505,67.49625815722663,66.21306379987882,67.40742492675781,3539400,735.4443969726562,159.0,1.0,1.0,4.0,5.0,0.0005899456551013336,0.0005129070465080259,1.0,0,1.0,12.0
2026-05-18,67.1310471901027,69.26312763486082,66.7362152467644,68.82881927490234,3133300,734.927001953125,159.0,1.0,1.0,4.0,5.0,0.0006466596948978806,0.0005103364968689093,1.0,0,1.0,13.0
2026-05-19,68.1181269108357,69.29274240306293,67.49626411945147,68.7498550415039,3332100,730.03173828125,156.0,1.0,1.0,4.0,5.0,0.0006805314041270094,0.0005372603236875632,1.0,0,1.0,14.0
2026-05-20,68.33527709328989,68.87816439308477,66.86452838162322,66.953369140625,3330700,737.5138549804688,158.0,1.0,1.0,4.0,5.0,0.0006846078733491813,0.0005405375103000165,-1.0,0,2.0,15.0
2026-05-21,67.00272305415469,68.26618678985446,66.52893074271117,66.85466766357422,3610600,738.9764404296875,156.0,1.0,1.0,4.0,5.0,0.0006761432590358468,0.0005679453809924305,-1.0,0,2.0,16.0
2026-05-22,66.71647270939621,67.25936759888911,66.30190253785253,66.4697036743164,1875200,741.8817749023438,154.0,1.0,1.0,4.0,5.0,0.000654626887904621,0.0005899456551013336,-1.0,0,2.0,17.0
2026-05-26,65.38391957719955,65.788624398067,64.6436124928945,64.71270751953125,3137100,746.8068237304688,156.0,1.0,4.0,4.0,6.0,0.0006182987403341519,0.0006466596948978806,-1.0,1,4.0,1.0
2026-05-27,63.66640625111811,64.20930109968505,62.965583148017984,63.14325714111328,3207300,746.6774291992188,157.0,1.0,4.0,4.0,6.0,0.0005694886506709534,0.0006805314041270094,-1.0,1,4.0,2.0
2026-05-28,64.05136908953544,64.05136908953544,62.45230682282571,62.491790771484375,2423700,750.7965698242188,155.0,1.0,4.0,4.0,6.0,0.0005230620156752415,0.0006846078733491813,-1.0,0,4.0,3.0
2026-05-29,62.185797654658565,62.304245738737315,60.95195246309788,61.55406951904297,3729000,752.6671142578125,155.0,1.0,4.0,4.0,6.0,0.0004879046514081824,0.0006761432590358468,-1.0,1,4.0,4.0
2026-06-01,62.83726420282614,64.0217562726527,62.39307920596662,62.935970306396484,3923800,754.7166748046875,155.0,1.0,4.0,4.0,6.0,0.0004995063849930788,0.000654626887904621,-1.0,0,4.0,5.0
2026-06-02,62.93596762098091,64.50541869931996,62.93596762098091,64.46593475341797,2523500,755.7415771484375,156.0,1.0,4.0,4.0,6.0,0.0005416247986602704,0.0006182987403341519,-1.0,0,4.0,6.0
2026-06-03,64.94961217755514,65.4924995290014,64.53503448075716,64.6929702758789,12731200,750.4384155273438,154.0,1.0,4.0,4.0,6.0,0.0006047619751093048,0.0005694886506709534,1.0,0,2.0,7.0
2026-06-04,63.671519340536676,65.34081036529548,63.54234697339766,65.05265808105469,2641400,753.2740478515625,152.0,1.0,4.0,4.0,6.0,0.0006235762438304324,0.0005230620156752415,1.0,0,2.0,8.0
2026-06-05,64.57571481790428,64.68501422207949,61.8134373249537,61.8233757019043,4182900,733.83251953125,165.0,1.0,4.0,4.0,6.0,0.0005584089170286838,0.0004879046514081824,-1.0,0,4.0,9.0
2026-06-08,63.05546982093575,63.71126625330644,62.479169033916406,62.84680938720703,3714300,735.4940795898438,164.0,1.0,4.0,4.0,6.0,0.0005079417414358501,0.0004995063849930788,-1.0,0,4.0,10.0
2026-06-09,62.538785491936274,62.66795786387737,60.12427530530531,60.809879302978516,6684900,733.3350830078125,168.0,1.0,4.0,4.0,6.0,0.00043648383307607523,0.0005416247986602704,-1.0,0,4.0,11.0
2026-06-10,61.43586528062225,62.22082652955274,61.127840017120654,61.69420623779297,4474000,721.7736206054688,166.0,1.0,4.0,4.0,6.0,0.00045560839996562516,0.0006047619751093048,1.0,0,2.0,12.0
2026-06-11,62.59840292573704,62.65802181686987,60.78006654517834,61.40605163574219,5442000,734.04150390625,164.0,1.0,4.0,4.0,6.0,0.0004396409312128532,0.0006235762438304324,-1.0,0,4.0,13.0
2026-06-12,60.6111550172869,61.644526438748336,60.46210967732171,61.20732879638672,4178400,738.0113525390625,162.0,1.0,4.0,4.0,6.0,0.00044619808126273425,0.0005584089170286838,-1.0,0,4.0,14.0
2026-06-15,59.37905574838127,59.37905574838127,57.82900245854208,59.26976013183594,6499200,751.0254516601562,165.0,1.0,4.0,4.0,6.0,0.00040177400812065614,0.0005079417414358501,-1.0,1,4.0,15.0
2026-06-16,58.315877334517495,58.57422207873135,57.620342539434866,57.78925704956055,6660400,746.5481567382812,166.0,1.0,4.0,4.0,6.0,0.0003507816048348536,0.00043648383307607523,-1.0,0,4.0,16.0
2026-06-17,57.769381850432005,58.027726584651255,55.6628970017176,55.92123794555664,7553400,737.225341796875,170.0,1.0,4.0,4.0,6.0,0.0002711184863043305,0.00045560839996562516,-1.0,0,4.0,17.0
2026-06-18,55.09653273093291,55.35487368377769,54.0234154105461,54.977298736572266,10283700,744.8902587890625,169.0,1.0,4.0,4.0,6.0,0.0002260659772893737,0.0004396409312128532,-1.0,1,4.0,18.0
2026-06-22,55.225704868501374,55.871559143066406,54.261886959688255,55.871559143066406,3343100,742.546142578125,168.0,1.0,4.0,4.0,6.0,0.00022198633398543173,0.00044619808126273425,-1.0,0,4.0,19.0
2026-06-23,55.44430058383315,56.239200203418854,55.18595962886043,56.13983917236328,3904200,731.7628784179688,166.0,1.0,4.0,4.0,6.0,0.0002446775122624636,0.00040177400812065614,-1.0,0,4.0,20.0
2026-06-24,54.68914715577276,55.0468529339013,53.536541754236545,54.11284255981445,6292000,731.4237060546875,171.0,1.0,4.0,4.0,6.0,0.000219172415936769,0.0003507816048348536,-1.0,1,4.0,21.0
2026-06-25,53.71539425729846,54.38112150262455,53.62596781340895,54.01348114013672,4652700,732.4810791015625,168.0,1.0,4.0,4.0,6.0,0.00017188765176656836,0.0002711184863043305,-1.0,0,4.0,22.0
2026-06-26,53.59615769686919,53.84456406997545,53.019856882260505,53.55641555786133,5889200,727.1842651367188,166.0,1.0,4.0,4.0,6.0,0.00011067747918366192,0.0002260659772893737,-1.0,0,4.0,23.0
2026-06-29,54.05322678553987,54.30163315166757,53.397434130577956,53.46698760986328,5446400,739.1644897460938,164.0,1.0,4.0,4.0,6.0,9.30386387935786e-05,0.00022198633398543173,-1.0,0,4.0,24.0
2026-06-30,53.854500018658676,54.14265230815749,53.12915389674738,53.33781433105469,4053500,744.9202270507812,161.0,1.0,4.0,4.0,6.0,7.02872568000659e-05,0.0002446775122624636,-1.0,0,4.0,25.0
2026-07-01,53.33781503213484,53.745201319395385,52.95030170893338,53.228515625,2133000,743.9127197265625,159.0,1.0,4.0,4.0,6.0,5.773179108979232e-05,0.000219172415936769,-1.0,0,4.0,26.0
2026-07-02,53.6458408474737,54.73882734943003,53.288135071450064,54.69908142089844,5150300,742.9351806640625,161.0,1.0,4.0,4.0,6.0,5.406892173937782e-05,0.00017188765176656836,-1.0,0,4.0,27.0
2026-07-06,54.748762146087834,54.987233927810514,54.06316193300326,54.559974670410156,4859200,749.4190673828125,158.0,1.0,4.0,4.0,6.0,5.358105661216516e-05,0.00011067747918366192,-1.0,0,4.0,28.0
2026-07-07,55.11640378440196,56.52735007483562,54.98723141726727,56.2988166809082,3303600,745.85791015625,162.0,1.0,4.0,4.0,6.0,8.095561329576086e-05,9.30386387935786e-05,1.0,0,2.0,29.0
2026-07-08,57.71970335771124,58.69345585762501,57.04403773893347,58.68352127075195,7347000,743.5536499023438,169.0,1.0,1.0,4.0,5.0,0.00010908863802792153,7.02872568000659e-05,1.0,0,2.0,30.0
2026-07-09,58.52453944310517,58.584154543163656,57.888615982899715,58.11715316772461,3381500,749.8480224609375,167.0,1.0,1.0,4.0,5.0,0.00013215477273400986,5.773179108979232e-05,1.0,0,2.0,31.0
2026-07-10,58.19664122699564,58.892179787208576,58.13702233656131,58.87230682373047,3398600,753.0799560546875,166.0,1.0,1.0,4.0,5.0,0.00015753640562464672,5.406892173937782e-05,1.0,0,2.0,32.0
2026-07-13,59.975233656942926,61.19739252370254,59.547974403883025,60.879432678222656,3637200,747.3142700195312,169.0,1.0,1.0,4.0,5.0,0.00018879068613955033,5.358105661216516e-05,1.0,0,1.0,1.0
2026-07-14,61.40605164901413,61.873056820371616,60.40249161886622,60.65089797973633,4495900,749.9677124023438,167.0,1.0,1.0,4.0,5.0,0.00024067494895772207,8.095561329576086e-05,1.0,0,1.0,2.0
2026-07-15,61.10796700538461,61.11790159241486,59.448614273564075,60.253448486328125,3401100,752.9403076171875,165.0,1.0,1.0,4.0,5.0,0.00024455987642714975,0.00010908863802792153,1.0,0,1.0,3.0
2026-07-16,60.28325543982661,60.92911351141778,60.1441484805006,60.29319381713867,3311700,748.8604125976562,162.0,1.0,1.0,4.0,5.0,0.00022761420524777527,0.00013215477273400986,1.0,0,1.0,4.0
2026-07-17,61.55509986199191,62.250638463050095,61.26694756020802,62.032039642333984,4316800,741.4487915039062,165.0,1.0,1.0,4.0,5.0,0.00021284598376273485,0.00015753640562464672,1.0,0,1.0,5.0
2026-07-20,61.783630268648736,62.50897638625012,61.18745651977589,61.85318374633789,3773600,740.2518310546875,162.0,1.0,1.0,4.0,5.0,0.00021731533026868755,0.00018879068613955033,1.0,0,1.0,6.0
2026-07-21,62.30031605447893,63.303876084468655,62.30031605447893,63.293941497802734,4245000,746.426513671875,163.0,1.0,1.0,4.0,5.0,0.00025418069856920304,0.00024067494895772207,1.0,0,1.0,7.0
2026-07-22,63.929859180668586,64.76450851850383,63.86030570091237,64.30744171142578,2829100,745.55859375,162.0,1.0,1.0,4.0,5.0,0.00027873732109964626,0.00024455987642714975,1.0,0,1.0,8.0
2026-07-23,65.39049009801666,66.3642463992615,65.29112906664736,65.9866714477539,3225500,736.3515014648438,163.0,1.0,1.0,4.0,5.0,0.0003396959626242057,0.00022761420524777527,1.0,0,1.0,9.0
2026-07-24,65.64883240747814,66.30462883554343,65.1023353840904,65.39048767089844,4035200,737.099609375,161.0,1.0,1.0,4.0,5.0,0.0003629306023177099,0.00021284598376273485,1.0,0,1.0,10.0
2026-07-27,63.98948127250742,64.33724866807461,63.18464328370578,63.5920295715332,4320600,737.25927734375,163.0,1.0,1.0,4.0,5.0,0.00036943454421242797,0.00021731533026868755,1.0,1,2.0,11.0
2026-07-28,63.60196755847168,64.49623198498583,62.856744676123014,63.49266815185547,3534900,739.0248413085938,161.0,1.0,1.0,4.0,5.0,0.0003409153748008094,0.00025418069856920304,1.0,0,1.0,12.0
2026-07-29,65.02285603724857,65.68858331199247,64.71482697310833,65.38056182861328,3524700,727.6531372070312,164.0,1.0,1.0,4.0,5.0,0.000361128074679435,0.00027873732109964626,1.0,0,1.0,13.0
2026-07-30,64.64527371923728,66.5431020957386,64.64527371923728,66.30463409423828,2800100,739.852783203125,162.0,1.0,1.0,4.0,5.0,0.0004306111028862581,0.0003396959626242057,1.0,0,1.0,14.0
2026-07-31,66.77162813862638,67.04984963634422,65.93698638775487,66.85111999511719,4235700,745.1796264648438,160.0,1.0,1.0,4.0,5.0,0.0005299442405566484,0.0003629306023177099,1.0,0,1.0,15.0
2026-08-03,65.35074208101838,66.27481404666926,64.88374449042966,65.55941009521484,3966000,755.793212890625,160.0,1.0,1.0,4.0,5.0,0.0005641377278305706,0.00036943454421242797,-1.0,0,2.0,16.0
2026-08-04,64.39686747551293,64.81419595496835,63.1449009890494,64.0391616821289,5928700,769.4193725585938,161.0,1.0,1.0,4.0,5.0,0.0005347338886728722,0.0003409153748008094,-1.0,1,2.0,17.0
2026-08-05,64.82412367228258,65.18182944867236,62.280444889742625,62.419551849365234,7402400,767.8831787109375,162.0,1.0,1.0,4.0,5.0,0.0004407519433435564,0.000361128074679435,-1.0,0,2.0,18.0
2026-08-06,62.79712887233964,62.97598175564233,59.9156135661343,60.958919525146484,9246600,766.65625,163.0,1.0,1.0,4.0,5.0,0.0003782019167287909,0.0004306111028862581,-1.0,0,2.0,19.0
2026-08-07,60.48198048419054,60.78006736310559,59.567846883467006,59.716888427734375,5450600,771.3446044921875,163.0,1.0,4.0,4.0,6.0,0.00032326609564276005,0.0005299442405566484,-1.0,0,4.0,1.0
2026-08-10,60.83968572929132,62.76731773397254,60.51179130243237,62.33012390136719,8367800,771.1151733398438,171.0,1.0,4.0,4.0,6.0,0.0003524203050915916,0.0005641377278305706,-1.0,0,4.0,2.0
2026-08-11,62.34006256789122,63.33368802055497,62.27050529905489,62.876617431640625,3231600,768.6513061523438,169.0,1.0,4.0,4.0,6.0,0.00037662041377745743,0.0005347338886728722,-1.0,0,4.0,3.0
2026-08-12,62.55865997155033,63.651646494937,62.141339084927196,63.47279739379883,6299600,770.5764770507812,167.0,1.0,4.0,4.0,6.0,0.0004330999730485662,0.0004407519433435564,1.0,0,2.0,4.0
2026-08-13,63.00579260637183,65.08247004649348,62.93623912481976,65.0129165649414,5451200,775.9531860351562,168.0,1.0,4.0,4.0,6.0,0.0004786330426644092,0.0003782019167287909,1.0,0,2.0,5.0
2026-08-14,65.55941248749312,66.41392342575281,65.33087529162266,65.40042877197266,2992300,774.4169921875,165.0,1.0,4.0,4.0,6.0,0.0005074156832551345,0.00032326609564276005,1.0,0,2.0,6.0
2026-08-17,65.9071786826097,66.51329082060332,65.47991943092175,66.23507690429688,2621700,770.7560424804688,164.0,1.0,1.0,4.0,5.0,0.0005423311732865922,0.0003524203050915916,1.0,0,1.0,1.0
2026-08-18,67.27838085492857,67.38768026502419,66.34437047075187,67.24857330322266,3020000,765.5490112304688,163.0,1.0,1.0,4.0,5.0,0.0005395596358409115,0.00037662041377745743,1.0,0,1.0,2.0
2026-08-19,67.72551333930197,68.62970854383659,66.95047913158027,67.03990936279297,2709500,767.1549682617188,160.0,1.0,1.0,4.0,5.0,0.0005269529205578709,0.0004330999730485662,1.0,0,1.0,3.0
2026-08-20,68.6793982708306,68.6992674455798,67.23863672677867,67.50691986083984,2622200,760.7109985351562,158.0,1.0,1.0,4.0,5.0,0.0005055147840028764,0.0004786330426644092,1.0,0,1.0,4.0
2026-08-21,67.85467999785702,68.32168515237241,67.40754401596003,67.98384857177734,2096400,763.8232421875,156.0,1.0,1.0,4.0,5.0,0.0004758665305626827,0.0005074156832551345,1.0,0,1.0,5.0
2026-08-24,67.28831916195213,67.65595574028794,66.61265352786906,66.9405517578125,2239000,761.5787963867188,155.0,1.0,1.0,4.0,5.0,0.0004408251304804688,0.0005423311732865922,1.0,0,1.0,6.0
2026-08-25,66.076091770316,66.71201144555445,64.88374427443405,64.943359375,3158900,764.0127563476562,158.0,1.0,1.0,4.0,5.0,0.00036850630734817057,0.0005395596358409115,-1.0,0,2.0,7.0
2026-08-26,64.31737816036758,66.14564533386412,64.14845607394368,65.25138092041016,2756100,764.182373046875,156.0,1.0,1.0,4.0,5.0,0.0003131677716909121,0.0005269529205578709,-1.0,0,2.0,8.0
2026-08-27,65.4898613646819,66.26488805384197,64.77444978060764,65.9966049194336,2588800,769.18994140625,155.0,1.0,1.0,4.0,5.0,0.0003042115223522435,0.0005055147840028764,-1.0,0,2.0,9.0
2026-08-28,66.12577985053554,66.2450100584757,64.44655033494281,65.0129165649414,7081300,767.4442749023438,154.0,1.0,1.0,4.0,5.0,0.00029598026756774926,0.0004758665305626827,-1.0,0,2.0,10.0
2026-08-31,66.46360407466713,67.30818416980162,65.39048679623816,66.39405059814453,3537700,765.1499633789062,154.0,1.0,1.0,4.0,5.0,0.0003044350938275656,0.0004408251304804688,1.0,0,1.0,11.0
2026-09-01,67.58639878941607,68.61977015206158,67.04984772529748,68.55021667480469,3205000,759.89306640625,158.0,1.0,1.0,4.0,5.0,0.00030203859975674825,0.00036850630734817057,1.0,0,1.0,12.0
2026-09-02,68.11303187741778,68.61977543037132,67.91430222656841,67.95404815673828,2985900,763.2646484375,156.0,1.0,1.0,4.0,5.0,0.0003052958942282384,0.0003131677716909121,1.0,0,1.0,13.0
2026-09-03,68.20245201140875,68.51047348287796,67.3678102510042,67.80500030517578,12765700,771.2548217773438,154.0,1.0,1.0,4.0,5.0,0.0002765908418935186,0.0003042115223522435,1.0,0,1.0,14.0
2026-09-04,67.11000061035156,68.06999969482422,66.51000213623047,67.33000183105469,10394900,768.2822265625,152.0,1.0,1.0,4.0,5.0,0.00023079767752815826,0.00029598026756774926,1.0,0,1.0,15.0
2026-09-08,68.48999786376953,69.22000122070312,67.27999877929688,67.88999938964844,4845000,764.0626831054688,150.0,1.0,1.0,4.0,5.0,0.00022957703137649528,0.0003044350938275656,1.0,0,1.0,16.0
2026-09-09,68.95999908447266,69.08000183105469,68.23999786376953,69.0199966430664,4574000,760.5115356445312,149.0,1.0,1.0,4.0,5.0,0.00025186752540274656,0.00030203859975674825,1.0,0,1.0,17.0
2026-09-10,70.0,70.25,68.1500015258789,68.93000030517578,4268800,755.9528198242188,147.0,1.0,1.0,4.0,5.0,0.00026050670074337677,0.0003052958942282384,1.0,0,1.0,18.0
2026-09-11,68.61000061035156,68.87000274658203,67.79000091552734,68.83000183105469,4075400,762.3967895507812,145.0,1.0,1.0,3.0,3.0,0.0002457531404280652,0.0002765908418935186,1.0,0,1.0,19.0
2026-09-14,69.97000122070312,70.83999633789062,68.68000030517578,68.72000122070312,4872700,758.9952392578125,143.0,1.0,1.0,3.0,3.0,0.000224384209889886,0.00023079767752815826,1.0,0,1.0,20.0
2026-09-15,68.9000015258789,72.05999755859375,68.9000015258789,71.87000274658203,4237600,755.513916015625,154.0,1.0,1.0,3.0,3.0,0.00025851733182379754,0.00022957703137649528,1.0,0,1.0,21.0
2026-09-16,71.02999877929688,71.1500015258789,68.48999786376953,68.94999694824219,4470800,752.1821899414062,161.0,1.0,1.0,3.0,3.0,0.0002594327326388061,0.00025186752540274656,1.0,0,1.0,22.0
2026-09-17,68.45999908447266,69.70999908447266,68.20999908447266,69.48999786376953,3623900,760.7109985351562,159.0,1.0,1.0,3.0,3.0,0.00027047122432064734,0.00026050670074337677,1.0,0,1.0,23.0
2026-09-18,69.2699966430664,69.7699966430664,68.94000244140625,69.41000366210938,2839000,761.6900024414062,157.0,1.0,1.0,3.0,3.0,0.0002549182379104628,0.0002457531404280652,1.0,0,1.0,24.0
2026-09-21,68.61000061035156,68.88999938964844,67.16999816894531,67.23999786376953,4440600,773.5,161.0,1.0,1.0,3.0,3.0,0.00026142730012482083,0.000224384209889886,-1.0,1,1.0,25.0
2026-09-22,66.19999694824219,67.91999816894531,65.86000061035156,66.94000244140625,3893100,773.3800048828125,158.0,1.0,4.0,3.0,4.0,0.00022837872065896623,0.00025851733182379754,-1.0,0,2.0,26.0
2026-09-23,67.95999908447266,68.44000244140625,67.30999755859375,67.9800033569336,4523000,767.8099975585938,157.0,1.0,4.0,3.0,4.0,0.0002093883363858687,0.0002594327326388061,-1.0,0,2.0,27.0
2026-09-24,68.87000274658203,69.88999938964844,68.52999877929688,68.6500015258789,3896900,767.1799926757812,156.0,1.0,4.0,3.0,4.0,0.00020856517327856299,0.00027047122432064734,1.0,0,2.0,28.0
2026-09-25,68.0,68.38999938964844,67.29000091552734,68.19000244140625,2895700,771.3499755859375,154.0,1.0,4.0,3.0,4.0,0.00021666627084984149,0.0002549182379104628,-1.0,1,2.0,29.0
2026-09-28,69.08999633789062,69.63999938964844,68.45999908447266,68.7699966430664,4185300,765.6099853515625,152.0,1.0,4.0,3.0,4.0,0.00020130672933407244,0.00026142730012482083,1.0,0,2.0,30.0
2026-09-29,67.75,68.25,67.11000061035156,67.51000213623047,2405400,764.2000122070312,152.0,1.0,4.0,3.0,4.0,0.0001759994346303517,0.00022837872065896623,-1.0,1,2.0,31.0
2026-09-30,,,,,2812656,,152.0,,4.0,3.0,,0.0001680821836670694,0.0002093883363858687,-1.0,0,,
