Date,Open,High,Low,Close,Volume,IndexClose,CVI,LTI,STI,VI,SecState,VWRS,VWRS_1wk,RS,GapDown,Thermostat,Days
2022-10-03,42.22321590066062,44.34454612580387,42.17478441238612,44.131446838378906,5279000,348.079833984375,,,,,,,,,0,,
2022-10-04,45.3519448208305,45.826582352415045,45.0516636318618,45.80720901489258,3503000,358.8656921386719,296.0,,,3.0,,,,,0,,
2022-10-05,45.100098314030205,45.92344482646454,44.39298813033203,45.652225494384766,2989400,358.03021240234375,291.0,,,3.0,,,,,0,,
2022-10-06,45.11946733063097,46.25277974122498,44.99354249775855,45.44880294799805,4129800,354.3367919921875,287.0,,,3.0,,,,,0,,
2022-10-07,44.96448417812307,45.100097536912486,43.95709652129089,44.1605110168457,4458500,344.4529724121094,286.0,,,3.0,,,,,0,,
2022-10-10,44.36391655522591,45.20663622029612,44.12175543462415,44.538272857666016,2862600,341.82293701171875,282.0,,,3.0,,,,,0,,
2022-10-11,44.12175750732422,45.08071721579368,43.53088375408487,44.12175750732422,3293100,339.6582336425781,278.0,,,3.0,,,,,0,,
2022-10-12,43.90865822384205,44.44141197517592,43.07562333862498,44.12175750732422,3446000,338.537841796875,274.0,,,3.0,,,,,0,,
2022-10-13,42.77534566301905,44.95479602702156,42.15541370624987,44.857933044433594,3919000,347.47222900390625,271.0,,,3.0,,,,,0,,
2022-10-14,44.877310257176106,44.974173248132615,42.65911303046129,42.7850341796875,3230800,339.5538024902344,274.0,,,3.0,,,,,0,,
2022-10-17,43.86990966999448,44.87730082253592,43.86990966999448,44.441410064697266,2520000,348.2792663574219,275.0,,,3.0,,,,,0,,
2022-10-18,45.35193603688106,45.89437829718862,44.36391818511672,45.00322341918945,2882700,352.3713684082031,272.0,,,3.0,,,,,0,,
2022-10-19,44.48015133241436,44.9644735570012,43.666493542390384,43.92802429199219,2819600,349.8743591308594,270.0,,,3.0,,,,,0,,
2022-10-20,43.80211352061777,45.565046538931846,43.58901050903491,44.1605110168457,3774700,346.9405822753906,266.0,,,3.0,,,,,0,,
2022-10-21,44.53826871690886,46.87270155467242,44.25736095630651,46.6499137878418,5192900,355.3717346191406,272.0,,1.0,3.0,,,,,0,,
2022-10-24,46.378700346526934,46.427131833190586,45.458487319575234,46.33026885986328,4502700,359.7201232910156,268.0,,1.0,3.0,,,,,0,,
2022-10-25,45.710332804823594,47.240792894493175,45.56503834630259,47.163299560546875,4316800,365.4643859863281,265.0,,1.0,3.0,,,,,0,,
2022-10-26,47.66699751515988,48.790625047630726,47.279541911427074,47.686370849609375,4579300,362.7109680175781,262.0,,1.0,3.0,,,,,0,,
2022-10-27,47.734800185269826,48.209437620161275,47.066436804792204,47.56044387817383,2996000,360.77410888671875,258.0,,1.0,3.0,,,,,0,,
2022-10-28,47.23110474096188,47.42483438222182,45.884689461587975,46.969573974609375,5047000,369.3571472167969,255.0,,1.0,3.0,,,,,0,,
2022-10-31,46.67897835780402,47.347345445313806,46.39807425364888,46.9792594909668,2886700,366.6891784667969,251.0,,1.0,3.0,,,,,0,,
2022-11-01,48.141631945037005,48.47097121980314,47.15361412073861,47.6960563659668,4184100,365.0845947265625,248.0,,1.0,3.0,,,,,0,,
2022-11-02,47.37641007865378,47.46358824568399,44.770757278662536,44.790130615234375,3880000,355.92236328125,259.0,,1.0,3.0,,,,,0,,
2022-11-03,44.267055719964326,45.594097690239636,44.17018905000058,44.66419982910156,3897000,352.25750732421875,255.0,,1.0,3.0,,,,,0,,
2022-11-04,46.7564779242383,48.58721573034718,46.50462824477638,47.899478912353516,7479000,357.32757568359375,269.0,,1.0,3.0,,,,,0,,
2022-11-07,48.33536980574408,48.62596246348663,47.5023348104856,48.345054626464844,3151300,360.7456359863281,265.0,,1.0,3.0,,,,,0,,
2022-11-08,48.64532987430804,49.78833072460265,47.889784622110426,49.25557327270508,6119200,362.69195556640625,262.0,,1.0,3.0,,,,,0,,
2022-11-09,48.72281867841856,48.84874350080131,46.3787007107039,46.582115173339844,4421200,355.2197265625,269.0,,1.0,3.0,,,,,0,,
2022-11-10,48.67438671014504,49.23620230054003,47.947903326411534,49.13933563232422,4454900,374.7406005859375,275.0,,1.0,3.0,,,,,0,,
2022-11-11,50.078925712925205,51.28973144246844,49.48805192569437,49.77864456176758,5710000,378.3675231933594,272.0,,1.0,3.0,,,,,0,,
2022-11-14,49.342753850952136,50.90227222468854,49.2555756904611,50.224220275878906,3244800,375.14886474609375,268.0,,1.0,3.0,,,,,0,,
2022-11-15,51.08632344358606,51.08632344358606,49.82708236914248,50.65043258666992,2983200,378.34844970703125,264.0,,1.0,3.0,,,,,0,,
2022-11-16,50.03048913441294,50.175783590129456,49.35243725581279,49.61397171020508,3244000,375.46221923828125,262.0,,1.0,3.0,,,,,0,,
2022-11-17,48.40317293459007,49.003731565492124,47.94790877990887,48.96498489379883,3289600,374.3133239746094,259.0,,1.0,3.0,,,,,1,,
2022-11-18,49.13934373048115,49.51711456106546,48.2869353851331,48.848751068115234,4204100,376.0128479003906,255.0,,1.0,3.0,,,,,0,,
2022-11-21,48.3644153000528,49.39117969667065,47.82197310456098,49.31368637084961,4975200,374.6456604003906,251.0,,1.0,3.0,,,,,0,,
2022-11-22,49.93363418769808,51.03788856867545,49.82708267811494,50.902278900146484,2998600,379.6872253417969,251.0,,1.0,3.0,,,,,0,,
2022-11-23,50.747286534678466,51.154119160319894,50.41794724538232,51.07662582397461,3628800,382.0799255371094,248.0,,1.0,3.0,,,,,0,,
2022-11-25,51.08632082540008,51.1831838130455,50.60199849700074,50.81509780883789,1012300,381.9944763183594,244.0,,1.0,3.0,,,,,0,,
2022-11-28,50.12735492792437,50.3501427286382,49.10059038564329,49.2071418762207,2829500,375.89892578125,244.0,,1.0,3.0,,,,,1,,
2022-11-29,49.96269161372562,50.94102106075488,49.94331827778328,50.35014724731445,2624000,375.25335693359375,243.0,,1.0,3.0,,,,,0,,
2022-11-30,50.979765019241874,52.26806038260709,50.24359307295963,52.2390022277832,4841400,387.073974609375,244.0,,1.0,3.0,,,,,0,,
2022-12-01,52.51991288761722,52.946115193503616,51.58032641647641,51.83217239379883,3853200,386.7891845703125,241.0,,1.0,3.0,,,,,0,,
2022-12-02,51.07662760376969,53.18827305664665,50.9700761101249,53.07203674316406,2976800,386.34295654296875,240.0,,1.0,3.0,,,,,0,,
2022-12-05,53.03329581039087,53.28514179936028,50.70854711875022,50.82478713989258,4039300,379.3929443359375,243.0,,1.0,3.0,,,,,0,,
2022-12-06,51.27035714749231,51.73530609552176,50.48575371920689,50.95070266723633,3266200,373.924072265625,240.0,,1.0,3.0,,,,,0,,
2022-12-07,50.8054084777832,51.590008215281024,50.63105215943129,50.8054084777832,3983600,373.2879638671875,236.0,,1.0,3.0,,,,,0,,
2022-12-08,51.74498787062699,52.15182048564304,50.786031876456235,50.96038818359375,4590900,376.2122802734375,233.0,,1.0,3.0,,,,,0,,
2022-12-09,50.95070772541899,51.35754040476208,49.662412246852504,49.681785583496094,3446300,373.40185546875,232.0,,1.0,3.0,,,,,0,,
2022-12-12,49.5655461343929,50.35014964960551,49.13934380858455,50.282344818115234,3209400,378.7852478027344,229.0,,1.0,3.0,,,,,0,,
2022-12-13,52.22931211739659,52.22931211739659,50.31139636080215,50.689170837402344,3913800,381.6526184082031,226.0,,1.0,3.0,,,,,0,,
2022-12-14,50.46637992947867,50.786034406852636,49.60428686517058,50.25328063964844,3336700,379.2125549316406,223.0,,1.0,3.0,,,,,0,,
2022-12-15,49.3040123070891,49.313697127386654,48.199754343784235,48.26756286621094,5696500,369.93634033203125,226.0,,4.0,3.0,,,,,1,,
2022-12-16,47.696061429174385,48.50003452066168,47.50233177137843,48.40317153930664,4939700,365.5688171386719,223.0,,4.0,3.0,,,,,0,,
2022-12-19,48.86361919557676,48.86361919557676,47.29303711354016,47.556427001953125,2868900,362.4689025878906,221.0,,4.0,3.0,,,,,0,,
2022-12-20,48.02467185393757,49.44892490270499,47.888100153548876,48.805084228515625,3156200,362.96490478515625,221.0,,4.0,3.0,,,,,0,,
2022-12-21,49.517212073918024,50.17081001345738,49.107496961821575,50.053749084472656,3669900,368.3921813964844,220.0,,4.0,3.0,,,,,0,,
2022-12-22,49.93667509870815,49.9464323450577,47.927114021401245,49.17577362060547,4011100,363.1365966796875,218.0,,4.0,3.0,,,,,0,,
2022-12-23,49.39039960083613,49.56599286201232,48.86361981730757,49.54648208618164,1596400,365.2254333496094,215.0,,4.0,3.0,,,,,0,,
2022-12-27,50.0732560030847,50.62930002456271,49.67329072736589,49.94643783569336,2257100,363.7851867675781,212.0,,4.0,3.0,,,,,0,,
2022-12-28,49.819618116937406,49.819618116937406,47.6929922436721,47.94662857055664,3018000,359.2641296386719,216.0,,4.0,3.0,,,,,0,,
2022-12-29,48.21977111416497,48.92214404254605,48.21001386721559,48.84410095214844,4379500,365.7309875488281,215.0,,4.0,3.0,,,,,0,,
2022-12-30,48.57095477418132,48.873362428764594,48.102707422727306,48.5904655456543,1639100,364.7676086425781,212.0,,4.0,3.0,,,,,0,,
2023-01-03,48.90263970663971,49.341622844658,47.536915215316135,47.91736602783203,4007900,363.2320251464844,209.0,,4.0,3.0,,,,,0,,
2023-01-04,48.044184451406686,49.35137662391117,47.81005886949997,49.09774398803711,4040100,366.0362243652344,209.0,,4.0,3.0,,,,,0,,
2023-01-05,48.86360669116351,49.722061990608445,48.30756275390801,49.36111831665039,2669300,361.8584899902344,206.0,,4.0,3.0,,,,,0,,
2023-01-06,50.20006470352036,51.94623966227482,49.946432119066785,51.57554244995117,6403400,370.15667724609375,211.0,,1.0,3.0,,,,,0,,
2023-01-09,52.42425027932081,52.72665796614842,51.487751755259104,51.49750900268555,4838600,369.94677734375,208.0,,1.0,3.0,,,,,0,,
2023-01-10,51.624323005995095,52.833964906827795,51.087789762429594,52.77543258666992,3060600,372.54119873046875,208.0,,1.0,3.0,,,,,0,,
2023-01-11,53.038823576783805,53.194906045901284,52.48277954797157,53.05833435058594,3059500,377.2530212402344,205.0,,1.0,3.0,,,,,0,,
2023-01-12,53.62413139823341,54.141153838669794,52.951022779688664,54.12164306640625,3194800,378.62652587890625,204.0,,1.0,3.0,,,,,0,,
2023-01-13,53.741190525040004,54.99960738448477,53.52657575857059,54.84352493286133,3275300,380.09539794921875,202.0,,1.0,3.0,,,,,0,,
2023-01-17,54.765487963448145,55.0386313539732,54.02409716575174,54.2874870300293,3108800,379.39910888671875,199.0,,1.0,3.0,,,,,0,,
2023-01-18,55.07764688456018,55.74099823590948,53.350982666015625,53.350982666015625,5231000,373.4092102050781,198.0,,1.0,3.0,,,,,0,,
2023-01-19,52.71690444875917,53.65339925167655,52.648618601961005,53.26319122314453,3246900,370.6908264160156,195.0,,1.0,3.0,,,,,0,,
2023-01-20,53.419271618456094,54.58989193735062,52.81445254685869,54.57038116455078,3749200,377.5964050292969,195.0,,1.0,3.0,,,,,0,,
2023-01-23,54.62891633013474,54.843531120819,54.228954770141094,54.716712951660156,2879000,382.1270751953125,192.0,,1.0,3.0,,,,,0,,
2023-01-24,54.336258423119794,55.03862762564843,53.77045718530295,54.82401657104492,2256600,381.7169189453125,189.0,,1.0,3.0,,,,,0,,
2023-01-25,54.15091086366568,55.72149278003686,53.877767476922706,55.50688171386719,3339400,381.8599853515625,187.0,,1.0,3.0,,,,,0,,
2023-01-26,55.84831036131097,56.24827191111642,54.53136479327585,55.926353454589844,3984500,386.0567932128906,184.0,,1.0,3.0,,,,,0,,
2023-01-27,55.59467692111242,56.326314163835804,55.341040593040624,55.70198059082031,2136000,386.9438781738281,182.0,,1.0,3.0,,,,,0,,
2023-01-30,55.019131745668595,55.8092977241126,54.89231355949482,55.08741760253906,2609300,382.0889587402344,180.0,,1.0,3.0,,,,,0,,
2023-01-31,55.175205993972575,55.82880016104413,54.68744781987158,55.721492767333984,2617300,387.7069396972656,178.0,,1.0,3.0,,,,,0,,
2023-02-01,55.54590008571872,57.20427863860451,54.784998517282716,56.745784759521484,4142400,391.827392578125,177.0,,1.0,1.0,,,,,0,,
2023-02-02,56.99942362414742,57.18477040072158,55.9751321470696,57.04819869995117,3436400,397.53118896484375,174.0,,1.0,1.0,,,,,0,,
2023-02-03,56.560436601983895,57.75056772034748,56.33606829170706,56.511661529541016,4462400,393.3057861328125,172.0,,1.0,1.0,,,,,0,,
2023-02-06,56.14096510756331,56.57019468250175,55.08740938634074,55.50688171386719,2486600,390.90216064453125,171.0,,1.0,1.0,,,,,0,,
2023-02-07,55.60443328457628,56.00439484882388,54.5898953631142,55.84831237792969,4104300,396.01458740234375,169.0,,1.0,1.0,,,,,0,,
2023-02-08,55.49712307902242,55.54589815096435,54.355770766123584,54.36552429199219,3088800,391.684326171875,171.0,,1.0,1.0,,,,,0,,
2023-02-09,55.116687807196165,55.4093420424433,53.70218799531775,53.82900619506836,2423800,388.2886962890625,169.0,,1.0,1.0,,,,,0,,
2023-02-10,53.65339939860875,53.92654278654944,53.0485803018974,53.90703201293945,2184100,389.19488525390625,166.0,,1.0,1.0,,,,,0,,
2023-02-13,53.750955518465865,54.258224524797406,53.04858619695294,54.04361343383789,1745800,393.76361083984375,164.0,,1.0,1.0,,,,,0,,
2023-02-14,53.95581831380641,55.50688967923553,53.34124188414202,55.350807189941406,3179800,393.5824279785156,164.0,,1.0,1.0,,,,,0,,
2023-02-15,54.44356728380639,55.292265442190164,53.93629834968636,55.27275466918945,2164200,394.8605651855469,162.0,,1.0,1.0,,,,,0,,
2023-02-16,54.96059362133876,56.67750083223768,54.96059362133876,55.80929183959961,3439100,389.423828125,160.0,,1.0,1.0,,,,,0,,
2023-02-17,55.34103759924355,55.4093234404997,54.53136102950665,54.80450439453125,3395800,388.450927734375,160.0,,1.0,1.0,,,,,0,,
2023-02-21,54.77524458395949,55.136184591778566,53.21441618995619,53.37049865722656,3010100,380.6582336425781,161.0,,1.0,1.0,,,,,0,,
2023-02-22,53.40952405423411,53.91679303975268,53.07784832221427,53.47780990600586,2712900,380.133544921875,159.0,,1.0,1.0,,,,,0,,
2023-02-23,53.741194062000105,53.87776575099664,52.08281557854342,52.97053527832031,3343200,382.1556396484375,157.0,,1.0,1.0,,,,,0,,
2023-02-24,52.16086133588926,52.521801349726324,51.49750990860515,52.473026275634766,3314100,378.0733947753906,155.0,,1.0,1.0,,,,,0,,
2023-02-27,52.8729863779189,54.160667649152764,52.794943284486784,53.78997039794922,2337300,379.3609619140625,157.0,,1.0,1.0,,,,,0,,
2023-02-28,54.09238375873814,55.29226845389197,53.624136345114664,54.83377456665039,3865800,377.9588928222656,157.0,,1.0,1.0,,,,,0,,
2023-03-01,55.575169021532716,56.26778475400986,55.23373605782874,55.95561981201172,4052500,376.5090637207031,157.0,,1.0,1.0,,,,,0,,
2023-03-02,55.136184258148965,56.326315389696305,54.7167119321544,56.19949722290039,3076800,379.43731689453125,155.0,,1.0,1.0,,,,,0,,
2023-03-03,56.540922059561915,57.78958541439707,56.228757151177945,57.63350296020508,4106300,385.52264404296875,156.0,,1.0,1.0,,,,,0,,
2023-03-06,57.24330108961513,57.24330108961513,55.61418681093858,55.84831237792969,4753600,385.78973388671875,160.0,,1.0,1.0,,,,,0,,
2023-03-07,55.555663165904214,55.594684717433516,54.121652778252106,54.25822448730469,3534100,379.8760986328125,162.0,,1.0,1.0,,,,,1,,
2023-03-08,54.375279783609386,54.9215665258008,53.868010864932124,54.3947868347168,4004200,380.4960632324219,160.0,,1.0,1.0,,,,,0,,
2023-03-09,54.5313611373653,54.892301116333044,52.85347195735429,52.99004364013672,5441800,373.4759826660156,161.0,,1.0,1.0,,,,,0,,
2023-03-10,53.0680897511686,53.077843277080405,50.71709554867897,51.21460723876953,13686400,368.08685302734375,166.0,,4.0,1.0,,,,,0,,
2023-03-13,50.57076413424362,51.897466871243566,49.93667706334534,50.80488967895508,8601400,367.562255859375,164.0,,4.0,1.0,,,,,0,,
2023-03-14,51.75114366851689,52.19012678762602,50.54150543063807,51.204856872558594,4435300,373.6381530761719,161.0,,4.0,1.0,,,,,0,,
2023-03-15,49.77084698098031,49.77084698098031,47.35156676494567,48.1612434387207,8936400,371.30126953125,180.0,,4.0,1.0,,,,,1,,
2023-03-16,47.507657846422454,48.85387175904333,47.146717756398886,48.65876770019531,6572200,377.8157958984375,178.0,,4.0,1.0,,,,,0,,
2023-03-17,48.82459567750942,48.82459567750942,47.63446818532478,48.2783088684082,10503600,373.39813232421875,175.0,,4.0,1.0,,,,,0,,
2023-03-20,48.90379354223099,49.56941794460025,48.67865642584884,49.02125930786133,5074300,376.9885559082031,174.0,,4.0,1.0,,,,,0,,
2023-03-21,49.80434598124206,50.14694513085091,49.39322326766076,49.74561309814453,2700600,381.9385986328125,172.0,,4.0,1.0,,,,,0,,
2023-03-22,49.76519001570952,50.303561700577035,48.65907833781947,48.66886901855469,4543200,375.4278869628906,172.0,,4.0,1.0,,,,,0,,
2023-03-23,49.207241199299304,50.137157973832785,48.296902052382926,48.83527374267578,4234500,376.4428405761719,170.0,,4.0,1.0,,,,,0,,
2023-03-24,48.32626648835702,49.40301359990915,47.71937497016804,49.20724105834961,3632700,378.9131164550781,168.0,,4.0,1.0,,,,,0,,
2023-03-27,49.5106841809313,50.19588241298744,49.11913913342753,49.902225494384766,3450000,379.6216125488281,166.0,,4.0,1.0,,8.246088297069013e-05,,,0,,
2023-03-28,50.05885013747865,50.72447457581457,50.029485561509695,50.460182189941406,3222200,378.7694091796875,165.0,,4.0,1.0,,6.784044403275244e-05,,,0,,
2023-03-29,51.01813149705863,51.16496184488828,50.528701983027624,50.94961166381836,4143100,384.2747802734375,163.0,,4.0,1.0,,6.414371281365394e-05,,,0,,
2023-03-30,51.487985396977685,51.62502880287109,50.949613657289234,51.311790466308594,2238400,386.52484130859375,161.0,,4.0,1.0,,6.404712118758597e-05,,,0,,
2023-03-31,51.644602949221316,52.07530333030604,51.55650548345862,52.03614807128906,3123900,391.97283935546875,159.0,,4.0,1.0,,9.357878446252703e-05,,,0,,
2023-04-03,52.26127922279607,52.51578464320067,51.419459920620305,52.3493766784668,2411600,393.4664001464844,157.0,,4.0,1.0,,0.00012938103622187492,8.246088297069013e-05,,0,,
2023-04-04,52.23191586887447,52.23191586887447,50.323140107460105,51.02791976928711,2935000,391.283447265625,159.0,,4.0,1.0,,0.00014975629514485378,6.784044403275244e-05,,0,,
2023-04-05,50.77341738671619,50.90067010751924,49.95117564330961,50.44060516357422,2917800,390.2589416503906,157.0,,4.0,1.0,,0.00014101374025482413,6.414371281365394e-05,,0,,
2023-04-06,50.29376661961474,50.45038387959204,49.481312016323145,50.27418899536133,2448400,391.7812805175781,155.0,,4.0,1.0,,0.0001178086444530478,6.404712118758597e-05,,0,,
2023-04-10,50.09800630777486,51.01813246739515,50.09800630777486,50.675533294677734,2701700,392.18341064453125,153.0,,4.0,1.0,,0.00013489012292529232,9.357878446252703e-05,,0,,
2023-04-11,51.262835405253554,51.90888207768876,51.184528641287194,51.41945266723633,2230600,392.2887268066406,152.0,,4.0,1.0,,0.00014618249248882727,0.00012938103622187492,,0,,
2023-04-12,51.87952603796096,51.889312984797144,50.85172485383036,51.02791976928711,2712300,390.6897888183594,150.0,,4.0,1.0,,0.0001465127399599899,0.00014975629514485378,,0,,
2023-04-13,51.68375513862831,52.329801937834254,51.50756021756752,52.134029388427734,1965400,395.879150390625,151.0,,4.0,1.0,,0.00013528094364472125,0.00014101374025482413,,0,,
2023-04-14,51.967618668279776,52.18296881917818,50.80277793234366,51.30199432373047,2715800,394.9121398925781,150.0,,4.0,1.0,,0.0001237512713060231,0.0001178086444530478,,0,,
2023-04-17,51.673969510447286,51.703334086690006,51.155171681170195,51.60544967651367,3736500,396.3291931152344,148.0,,4.0,1.0,,9.656292537423026e-05,0.00013489012292529232,,0,,
2023-04-18,51.72290195154752,52.14381155714019,51.48797418380153,51.91867446899414,4075300,396.5877380371094,146.0,,4.0,1.0,,6.736021322757002e-05,0.00014618249248882727,,0,,
2023-04-19,51.272630583744295,51.51734531044442,50.802778756566106,51.213897705078125,2980200,396.5206604003906,145.0,,4.0,1.0,,4.452303110338926e-05,0.0001465127399599899,,0,,
2023-04-20,50.68531835004413,51.3998849793587,50.21546647326403,50.430816650390625,2750900,394.35687255859375,145.0,,4.0,1.0,,3.568157290223533e-05,0.00013528094364472125,,0,,
2023-04-21,50.00011285407723,50.019686745506014,48.747170961770784,49.12892532348633,4867500,394.6632080078125,147.0,,4.0,1.0,,-1.9834400774895164e-06,0.0001237512713060231,,1,,
2023-04-24,49.04083450188127,49.68688129377735,48.92337246718674,49.58899688720703,2001800,395.074951171875,145.0,,4.0,1.0,,-1.3253948295596995e-06,9.656292537423026e-05,,0,,
2023-04-25,48.86463807463258,48.86463807463258,47.9151474112436,48.11091995239258,3751800,388.8035888671875,149.0,,4.0,1.0,,-4.345682062748893e-06,6.736021322757002e-05,,1,,
2023-04-26,48.316473534176886,48.463300121552884,47.36697925280135,47.56275177001953,3161900,387.15673828125,148.0,,4.0,1.0,,-1.9438210101003455e-05,4.452303110338926e-05,,0,,
2023-04-27,47.631278458650435,48.59055982387821,47.42571896625536,48.44373321533203,3171000,394.8642883300781,147.0,,4.0,1.0,,1.3482910667172296e-05,3.568157290223533e-05,,0,,
2023-04-28,48.28711295539907,48.375206674677244,47.84662568875571,48.35563278198242,3884400,398.2344970703125,145.0,,4.0,1.0,,6.717021966748686e-05,-1.9834400774895164e-06,,0,,
2023-05-01,48.66886818451084,48.86463698725275,47.641063299863006,47.778106689453125,3990100,397.8324279785156,144.0,,4.0,1.0,,0.00010383850612654578,-1.3253948295596995e-06,,0,,
2023-05-02,47.50402887760722,47.74874364204418,46.809039842778475,47.67043685913086,5220500,393.36102294921875,142.0,,4.0,1.0,,4.5303742334574985e-05,-4.345682062748893e-06,,0,,
2023-05-03,47.74874755830305,48.28712307146166,47.092913728166245,47.18101119995117,3504600,390.6610107421875,141.0,,4.0,1.0,,-3.9831112458359125e-05,-1.9438210101003455e-05,,0,,
2023-05-04,46.8384110933295,47.112494207705964,46.13363501048652,46.241310119628906,3983400,387.8940124511719,141.0,,4.0,1.0,,-6.56220406956977e-05,1.3482910667172296e-05,,0,,
2023-05-05,46.74052131964754,47.69980277508507,46.70136606006616,47.4453010559082,3669300,395.074951171875,143.0,,4.0,1.0,,-8.087623161535472e-05,6.717021966748686e-05,,0,,
2023-05-08,48.247959751569006,48.619923473380204,47.50402483984531,47.73895263671875,2264500,395.1802673339844,142.0,,4.0,1.0,,-7.247271686757025e-05,0.00010383850612654578,,0,,
2023-05-09,47.51381409104423,48.36542032774203,47.200579527338135,47.84662628173828,2802700,393.44720458984375,139.0,,4.0,1.0,,-9.227670734143073e-05,4.5303742334574985e-05,,0,,
2023-05-10,48.433933494387865,48.47308874297901,46.93628070925184,47.69000244140625,3421800,395.2856140136719,137.0,,4.0,1.0,,-0.00011876946040318434,-3.9831112458359125e-05,,0,,
2023-05-11,46.81882792818562,46.97544521937836,46.23151028567478,46.34897232055664,4454700,394.5962219238281,141.0,,4.0,1.0,,-0.00015547487984589857,-6.56220406956977e-05,,0,,
2023-05-12,46.476223337786784,46.7503026538435,45.97700690724768,46.22172164916992,3147800,394.07916259765625,139.0,,4.0,1.0,,-0.00018436806233809114,-8.087623161535472e-05,,0,,
2023-05-15,46.42727747084685,46.96564911376201,46.358757647242214,46.828609466552734,2882000,395.438720703125,138.0,,4.0,1.0,,-0.00019397218022910003,-7.247271686757025e-05,,0,,
2023-05-16,46.55453680109005,46.69157646781257,45.50715793793838,45.516944885253906,3497400,392.79620361328125,141.0,,4.0,1.0,,-0.00021902213461963516,-9.227670734143073e-05,,0,,
2023-05-17,45.99658466135866,46.53495634826011,45.595252632862966,46.33918380737305,2292100,397.56427001953125,141.0,,4.0,1.0,,-0.00023779123183132595,-0.00011876946040318434,,0,,
2023-05-18,46.03573477896759,46.30002714100098,45.35053650782602,46.26087188720703,3486000,401.39410400390625,139.0,,4.0,1.0,,-0.0002612692279295614,-0.00015547487984589857,,0,,
2023-05-19,46.63284415094869,46.6915770377113,45.77144714868503,45.98679733276367,2430000,400.8100891113281,137.0,,4.0,1.0,,-0.000256460215780297,-0.00018436806233809114,,0,,
2023-05-22,46.12384218836262,46.642640077983685,45.908495714116484,46.36855697631836,2178900,400.972900390625,136.0,,4.0,1.0,,-0.00023868544730783737,-0.00019397218022910003,,0,,
2023-05-23,46.07489013671875,46.42727995355837,45.43863033030827,46.07489013671875,2277100,396.47283935546875,134.0,,4.0,1.0,,-0.00024548664284491716,-0.00021902213461963516,,0,,
2023-05-24,45.771443605476165,45.771443605476165,44.62618040764304,44.939414978027344,3360000,393.6004638671875,136.0,,4.0,1.0,,-0.00028493803215419965,-0.00023779123183132595,,0,,
2023-05-25,44.72407042783682,44.870900784793086,44.20527630561322,44.57724380493164,2774500,397.00897216796875,135.0,,4.0,1.0,,-0.00035609843619388223,-0.0002612692279295614,,0,,
2023-05-26,44.958995740570465,45.19391981771541,44.38146876101707,44.655548095703125,2198500,402.1504821777344,133.0,,4.0,1.0,,-0.0004091314361011281,-0.000256460215780297,,0,,
2023-05-30,44.7044886684004,44.7044886684004,43.62774526368877,43.852882385253906,3223600,402.3037109375,133.0,,4.0,1.0,,-0.0004203385091239957,-0.00023868544730783737,,0,,
2023-05-31,43.627742401319,43.754995108307156,43.23619733399413,43.578800201416016,2794900,400.0728759765625,132.0,,4.0,1.0,,-0.00043210424221051146,-0.00024548664284491716,,0,,
2023-06-01,43.83330012499913,44.84152732604466,43.725625049096664,44.616390228271484,3011600,403.8738708496094,133.0,,4.0,1.0,,-0.00041082053955644233,-0.00028493803215419965,,0,,
2023-06-02,45.87912100575178,46.63284289568747,45.78123659783319,46.515380859375,4670300,409.7144775390625,143.0,,4.0,1.0,,-0.00034763544201337664,-0.00035609843619388223,,0,,
2023-06-05,46.358760493742075,46.55453303065478,45.55609645304549,46.12383270263672,3449100,408.92938232421875,142.0,,4.0,1.0,,-0.00025543502042646454,-0.0004091314361011281,,0,,
2023-06-06,45.91828084009004,47.278894409671025,45.78124116172235,47.22016525268555,2968400,409.8197326660156,143.0,,1.0,1.0,,-0.00017884006280767412,-0.0004203385091239957,,0,,
2023-06-07,47.48445395459768,48.37521559855244,47.415934115374334,47.827056884765625,4581400,408.40264892578125,142.0,,1.0,1.0,,-0.00012945157218118765,-0.00043210424221051146,,0,,
2023-06-08,48.03260732062954,48.394784078624255,47.38656057721036,47.74873733520508,3860000,410.8729248046875,140.0,,1.0,1.0,,-8.946773227783441e-05,-0.00041082053955644233,,0,,
2023-06-09,47.69001632108208,47.72916784701784,47.12227625342582,47.30826187133789,2680900,411.6101989746094,138.0,,1.0,1.0,,-5.393689855318621e-05,-0.00034763544201337664,,0,,
2023-06-12,47.03417216041512,47.62148977533736,46.66220471103609,47.33761978149414,5806100,415.34423828125,136.0,,1.0,1.0,,-3.772010651967388e-05,-0.00025543502042646454,,0,,
2023-06-13,48.042402611940076,48.80591145451905,47.79768785633904,48.639503479003906,6717800,418.08251953125,139.0,,1.0,1.0,,1.4501892937393415e-05,-0.00017884006280767412,,0,,
2023-06-14,49.24640208391123,49.51069448587743,47.729167509581075,48.169654846191406,6144200,418.5804748535156,138.0,,1.0,1.0,,3.431352562021449e-05,-0.00012945157218118765,,0,,
2023-06-15,47.87599844835524,49.060417063596546,47.87599844835524,48.942955017089844,5784500,423.7698974609375,138.0,,1.0,1.0,,5.704272928051175e-05,-8.946773227783441e-05,,0,,
2023-06-16,49.16807992960508,49.16807992960508,48.24795394845942,48.65907287597656,3826700,422.32647705078125,136.0,,1.0,1.0,,5.302925228145683e-05,-5.393689855318621e-05,,0,,
2023-06-20,48.12187721488873,48.573632714112286,47.78797016191163,48.406681060791016,3886300,420.1353454589844,134.0,,1.0,1.0,,4.775490039150574e-05,-3.772010651967388e-05,,0,,
2023-06-21,48.06295144960072,49.04503058319862,47.98438706700687,48.81915283203125,4191300,417.982666015625,132.0,,1.0,1.0,,3.77719802516025e-05,1.4501892937393415e-05,,0,,
2023-06-22,48.57363564085976,48.58345853066733,47.94510556122789,48.514713287353516,2949400,419.4914245605469,131.0,,1.0,1.0,,2.6169745802852604e-05,3.431352562021449e-05,,0,,
2023-06-23,47.89600435466958,48.298656687922495,47.70941065020333,47.81743621826172,3476400,416.3200988769531,130.0,,1.0,1.0,,1.7561979623878355e-05,5.704272928051175e-05,,0,,
2023-06-26,47.92547027326936,48.69149469367857,47.92547027326936,48.161170959472656,1832200,414.6191101074219,129.0,,1.0,1.0,,3.843544954703976e-05,5.302925228145683e-05,,0,,
2023-06-27,48.308478940066365,48.897728762033935,47.96475268700333,48.79951858520508,1857500,419.16473388671875,128.0,,1.0,1.0,,6.878275882907085e-05,4.775490039150574e-05,,0,,
2023-06-28,48.43614023704034,48.8093313388113,48.07277202407974,48.64237594604492,2672400,419.37615966796875,126.0,,1.0,1.0,,9.819977795825137e-05,3.77719802516025e-05,,0,,
2023-06-29,48.62274024909324,49.7128487763235,48.5048917923571,49.70302963256836,2781700,421.029052734375,128.0,,1.0,1.0,,0.00013557052788669172,2.6169745802852604e-05,,0,,
2023-06-30,50.05658081228023,50.13514520456419,49.457511867482935,49.90926742553711,2089000,425.9974670410156,126.0,,1.0,1.0,,0.00011461782748026716,1.7561979623878355e-05,,0,,
2023-07-03,50.04676120234527,50.73421747498411,49.997657985657206,50.419952392578125,1228900,426.4876708984375,125.0,,1.0,1.0,,0.0001319492115823089,3.843544954703976e-05,,0,,
2023-07-05,50.22352805680696,50.22352805680696,49.51642985695367,49.52625274658203,2857900,425.85333251953125,126.0,,1.0,1.0,,8.137098402100308e-05,6.878275882907085e-05,,0,,
2023-07-06,49.11378485174124,49.359304680276175,47.99421503303557,48.66202926635742,2875700,422.51861572265625,126.0,,1.0,1.0,,3.66813100154123e-05,9.819977795825137e-05,,1,,
2023-07-07,48.946832572531235,50.24317695175569,48.82898410523862,49.62446594238281,3381800,421.4518737792969,127.0,,1.0,1.0,,-5.2734286222362435e-06,0.00013557052788669172,,0,,
2023-07-10,49.36912211325775,50.30209810781044,49.20216670021776,50.203887939453125,1935200,422.51861572265625,126.0,,1.0,1.0,,7.394566025796076e-06,0.00011461782748026716,,0,,
2023-07-11,50.35119851582144,50.61636033612259,50.03693348724259,50.53779220581055,1892000,425.20947265625,125.0,,1.0,1.0,,6.926823355199773e-05,0.0001319492115823089,,0,,
2023-07-12,51.43149039659137,51.92253003231379,51.11722532943584,51.15650939941406,4255700,428.630615234375,124.0,,1.0,1.0,,0.0001380374192823815,8.137098402100308e-05,,0,,
2023-07-13,51.5591576963002,51.873422738742285,51.2448926538581,51.637725830078125,4210800,432.0326232910156,123.0,,1.0,1.0,,0.0002128152423567703,3.66813100154123e-05,,0,,
2023-07-14,51.46095596447091,51.48059425336999,50.45923464553559,50.636009216308594,2884900,431.7635192871094,124.0,,1.0,1.0,,0.00023006066114264449,-5.2734286222362435e-06,,0,,
2023-07-17,50.37085320908711,51.15651597801015,50.14497539716771,50.832427978515625,2030800,433.26275634765625,122.0,,1.0,1.0,,0.0002079534422616017,7.394566025796076e-06,,0,,
2023-07-18,50.92080472152636,51.863603595187456,50.87170151108256,51.637725830078125,2903800,436.48211669921875,122.0,,1.0,1.0,,0.000142984901308465,6.926823355199773e-05,,0,,
2023-07-19,51.63773091804859,51.68683413333063,51.107407201798125,51.480594635009766,2619700,437.4527282714844,120.0,,1.0,1.0,,0.00010984562535675025,0.0001380374192823815,,0,,
2023-07-20,51.74575976257778,51.824327909061346,50.871709737792926,51.1074104309082,2550400,434.5504455566406,119.0,,1.0,1.0,,6.371037635031625e-05,0.0002128152423567703,,0,,
2023-07-21,51.24489661144707,51.26453864640848,50.527979193863345,50.71457290649414,2411500,434.5504455566406,118.0,,1.0,1.0,,1.5143046967866396e-05,0.00023006066114264449,,0,,
2023-07-24,50.802958937091965,51.657366831988014,50.58690030418273,51.31364059448242,3141800,436.49169921875,117.0,,1.0,1.0,,-7.6250994580256825e-06,0.0002079534422616017,,0,,
2023-07-25,51.657373411181766,52.786766186259186,51.539524935646845,52.32518768310547,2759600,437.6834411621094,118.0,,1.0,1.0,,2.5124039818113896e-05,0.000142984901308465,,0,,
2023-07-26,52.03055761893688,52.42339081296727,51.77521866525162,52.25643539428711,2720300,437.7507019042969,117.0,,1.0,1.0,,6.153171938529588e-05,0.00010984562535675025,,0,,
2023-07-27,51.99127806802565,52.09930739308791,51.13687010505139,51.284183502197266,2606700,434.848388671875,118.0,,1.0,1.0,,3.382886593382369e-05,6.371037635031625e-05,,0,,
2023-07-28,51.63772882959072,51.745754400308094,51.00919496186168,51.726112365722656,2928100,439.1057434082031,117.0,,1.0,1.0,,-5.356040816440152e-07,1.5143046967866396e-05,,0,,
2023-07-31,52.177880477215346,53.08139174266672,52.040389958241065,52.924259185791016,2605000,439.9418029785156,119.0,,1.0,1.0,,2.834116509073162e-06,-7.6250994580256825e-06,,0,,
2023-08-01,52.29571120730693,52.59033418315163,52.01090737391214,52.33499526977539,1993800,438.682861328125,118.0,,1.0,1.0,,3.8007139734380985e-05,2.5124039818113896e-05,,0,,
2023-08-02,51.706474144169206,51.735935322917854,50.66546878780819,50.822601318359375,2492300,432.5804138183594,123.0,,4.0,1.0,,3.365011961735725e-05,6.153171938529588e-05,,1,,
2023-08-03,50.626185735710806,51.11722537184056,50.213714239602666,50.70475387573242,2874800,431.3406982421875,121.0,,4.0,1.0,,-1.0319084067779316e-07,3.382886593382369e-05,,0,,
2023-08-04,50.74403762817383,51.460958842140414,50.50834068485321,50.74403762817383,2234400,429.3898620605469,119.0,,4.0,1.0,,-1.9583187758666025e-05,-5.356040816440152e-07,,0,,
2023-08-07,50.8717045317188,51.05830198735367,50.272635588262695,50.822601318359375,2068500,433.1377868652344,118.0,,4.0,1.0,,-1.0060358961797088e-05,2.834116509073162e-06,,0,,
2023-08-08,50.0762266510773,50.81278614807705,49.62446731236927,50.80296325683594,2318600,431.2541809082031,116.0,,4.0,1.0,,-1.3415292964491065e-05,3.8007139734380985e-05,,0,,
2023-08-09,50.96991885143075,51.107409358556694,50.54762443878084,50.783321380615234,1782700,428.3712463378906,114.0,,4.0,1.0,,-2.7785587504115875e-05,3.365011961735725e-05,,0,,
2023-08-10,51.019022212215084,51.1074095022353,49.585187281963016,49.87981033325195,2547900,428.5249938964844,115.0,4.0,4.0,1.0,8.0,-7.709055317575934e-05,-1.0319084067779316e-07,,0,4.0,1.0
2023-08-11,49.58517842860745,50.16460528276525,49.447684199308995,50.0271110534668,2057200,428.27508544921875,114.0,4.0,4.0,1.0,8.0,-0.0001061319085594227,-1.9583187758666025e-05,,0,4.0,2.0
2023-08-14,50.449415158008065,51.19579756191864,49.644110390755095,51.127052307128906,4226200,430.6391906738281,116.0,4.0,4.0,1.0,8.0,-9.208410135376839e-05,-1.0060358961797088e-05,,0,4.0,3.0
2023-08-15,50.66546885552809,50.68511089016512,49.86998331123599,49.919090270996094,5351100,425.6226806640625,119.0,4.0,4.0,1.0,8.0,-8.582807183198852e-05,-1.3415292964491065e-05,,0,4.0,4.0
2023-08-16,49.86997822590189,50.665463689076866,49.722668600648156,50.0663948059082,2522200,422.4993896484375,117.0,4.0,4.0,1.0,8.0,-6.602639251960175e-05,-2.7785587504115875e-05,,0,4.0,5.0
2023-08-17,50.69493540832035,51.01902339468432,50.17443454743506,50.18425369262695,2609100,419.2799987792969,115.0,4.0,4.0,1.0,8.0,-6.450259428173297e-05,-7.709055317575934e-05,,0,4.0,6.0
2023-08-18,50.02711280034425,50.41994597653051,49.555715236721625,50.27263259887695,4222300,419.4818115234375,114.0,4.0,4.0,1.0,8.0,-5.172633482232596e-05,-0.0001061319085594227,,0,4.0,7.0
2023-08-21,50.282457999020906,50.47887459691976,49.545898566651466,49.97801208496094,2959100,422.21112060546875,112.0,4.0,4.0,1.0,8.0,-7.837588114890922e-05,-9.208410135376839e-05,,0,4.0,8.0
2023-08-22,50.351193623870884,50.50832612289385,49.909257299639336,50.21370315551758,2970200,421.0674743652344,111.0,4.0,4.0,1.0,8.0,-0.00012966004728812597,-8.582807183198852e-05,,0,4.0,9.0
2023-08-23,50.13513841861033,50.636000868675545,49.94854473414881,50.26280975341797,2485000,425.7572326660156,109.0,4.0,4.0,1.0,8.0,-0.00016830148527763452,-6.602639251960175e-05,,0,4.0,10.0
2023-08-24,49.958370399284846,50.07622260664785,49.398585526483146,49.48697280883789,2525200,419.85662841796875,109.0,4.0,4.0,1.0,8.0,-0.00021856574307432925,-6.450259428173297e-05,,0,4.0,11.0
2023-08-25,49.653932171517255,49.83070675026108,48.711133169438426,49.47715759277344,2875500,422.81658935546875,108.0,4.0,4.0,1.0,8.0,-0.00023397561730127141,-5.172633482232596e-05,,0,4.0,12.0
2023-08-28,49.6146435001076,50.3610220717997,49.6146435001076,50.017295837402344,2401100,425.4977722167969,107.0,4.0,4.0,1.0,8.0,-0.00021750603473195095,-7.837588114890922e-05,,0,4.0,13.0
2023-08-29,49.99765524929688,51.205612296121565,49.7521354329585,51.19579315185547,3233600,431.64825439453125,110.0,4.0,4.0,1.0,8.0,-0.00015413343368984533,-0.00012966004728812597,,0,4.0,14.0
2023-08-30,51.33327720849117,51.421664481135906,50.99937015031492,51.0484733581543,1937200,433.4261474609375,109.0,4.0,1.0,1.0,7.0,-0.00010446472479745543,-0.00016830148527763452,,0,2.0,15.0
2023-08-31,51.13687145224083,51.411852471399776,50.989558051214026,51.127052307128906,1593100,432.7918701171875,107.0,4.0,1.0,1.0,7.0,-5.3835353383128385e-05,-0.00021856574307432925,,0,2.0,16.0
2023-09-01,51.952001133207176,52.4725020101147,51.84397180109379,52.217159271240234,2735100,433.5990905761719,109.0,1.0,1.0,1.0,1.0,1.8146832507854302e-05,-0.00023397561730127141,,0,1.0,1.0
2023-09-05,52.01091798414678,52.01091798414678,51.29400055635078,51.529701232910156,2838900,431.7251281738281,109.0,1.0,1.0,1.0,1.0,4.906090407488074e-05,-0.00021750603473195095,,0,1.0,2.0
2023-09-06,51.470774466569594,51.91271088798678,50.665469763691654,51.15650939941406,1979000,428.8229064941406,108.0,1.0,1.0,1.0,1.0,7.387009564737442e-05,-0.00015413343368984533,,0,1.0,3.0
2023-09-07,50.645827227264526,50.842243828875816,50.22353284501752,50.763675689697266,2336400,427.5063171386719,107.0,1.0,1.0,1.0,1.0,4.8888055267464484e-05,-0.00010446472479745543,,0,1.0,4.0
2023-09-08,50.76368177949571,50.89135314780924,50.29228412687906,50.49851989746094,2221100,428.1501159667969,106.0,1.0,1.0,1.0,1.0,5.8935458052427914e-05,-5.3835353383128385e-05,,0,1.0,5.0
2023-09-11,51.13687201718214,51.44131796771111,50.50834182568341,50.616371154785156,2232700,430.9659729003906,104.0,1.0,1.0,1.0,1.0,4.0767565624819475e-05,1.8146832507854302e-05,,0,1.0,6.0
2023-09-12,50.58690460555537,51.225257668155955,50.36102680936902,50.80296325683594,2073500,428.601806640625,103.0,1.0,1.0,1.0,1.0,2.0189199484067285e-05,4.906090407488074e-05,,0,1.0,7.0
2023-09-13,50.99937279370423,51.303818692223764,50.783314172410705,51.18596649169922,2452300,429.1015930175781,102.0,1.0,1.0,1.0,1.0,2.2688400602986954e-05,7.387009564737442e-05,,0,1.0,8.0
2023-09-14,52.020736627851775,53.10102225357547,51.961810526939,52.9340705871582,5256800,432.80145263671875,110.0,1.0,1.0,1.0,1.0,8.945358951839096e-05,4.8888055267464484e-05,,0,1.0,9.0
2023-09-15,52.89478743988872,53.05191996538764,52.15822802417471,52.37428665161133,3751500,427.5868835449219,110.0,1.0,1.0,1.0,1.0,0.0001568346155304476,5.8935458052427914e-05,,0,1.0,10.0
2023-09-18,52.43142467696811,52.4806830605028,51.91912922022508,51.968387603759766,2033400,427.83770751953125,108.0,1.0,1.0,1.0,1.0,0.00017593029760075264,4.0767565624819475e-05,,0,1.0,11.0
2023-09-19,52.106315130681544,52.520093840602925,51.41668645292854,51.61372375488281,1806800,426.9504699707031,107.0,1.0,1.0,1.0,1.0,0.0001263077426856299,2.0189199484067285e-05,,0,1.0,12.0
2023-09-20,51.82060834328994,52.32305362318559,51.328016994938615,51.347721099853516,1973700,423.0253601074219,106.0,1.0,1.0,1.0,1.0,8.314516467733201e-05,2.2688400602986954e-05,,0,1.0,13.0
2023-09-21,50.57928243141724,50.736911520766455,50.165503723016855,50.30343246459961,2902200,416.0334167480469,108.0,1.0,1.0,1.0,1.0,2.8420521404260265e-05,8.945358951839096e-05,,1,1.0,14.0
2023-09-22,50.83543316465515,51.26891602054342,50.68765799319948,50.78617477416992,2254700,415.09796142578125,107.0,1.0,1.0,1.0,1.0,2.678990050743249e-06,0.0001568346155304476,,0,1.0,15.0
2023-09-25,50.579281362513576,51.396981071802614,50.43150245017064,51.259056091308594,1787600,416.84356689453125,106.0,1.0,1.0,1.0,1.0,-2.2752149559966295e-06,0.00017593029760075264,,0,1.0,16.0
2023-09-26,50.92410382627094,51.25906616969006,50.22462485442278,50.28373718261719,2147700,410.7195739746094,108.0,1.0,4.0,1.0,2.0,-3.359379189602523e-06,0.0001263077426856299,,0,2.0,17.0
2023-09-27,50.6778030926609,51.357581646171305,50.47091560166827,50.864990234375,2985000,410.8835144042969,108.0,1.0,4.0,1.0,2.0,1.7975139023940912e-05,8.314516467733201e-05,,0,2.0,18.0
2023-09-28,51.11128721561431,51.99794952406734,51.03247078383663,51.781211853027344,3572600,413.26556396484375,109.0,1.0,4.0,1.0,2.0,5.062590009207049e-05,2.8420521404260265e-05,,0,2.0,19.0
2023-09-29,52.38216614230159,52.50039078073432,51.46594962257909,51.72209548950195,3895900,412.2625732421875,107.0,1.0,4.0,1.0,2.0,0.00010062918148470732,2.678990050743249e-06,,0,2.0,20.0
2023-10-02,51.1408350831358,51.26890988962116,49.938910956520466,50.32313537597656,4431000,412.0986328125,112.0,1.0,4.0,1.0,2.0,7.197974250154858e-05,-2.2752149559966295e-06,,1,2.0,21.0
2023-10-03,49.800988662731974,50.530025571850445,49.35765566111764,49.65321350097656,3283200,406.58221435546875,112.0,1.0,4.0,1.0,2.0,1.678975816466997e-05,-3.359379189602523e-06,,0,2.0,22.0
2023-10-04,49.61381267966591,49.69262535937597,48.599075470035785,49.2197380065918,2786300,409.5429992675781,111.0,1.0,4.0,1.0,2.0,-5.312668325311462e-05,1.7975139023940912e-05,,0,2.0,23.0
2023-10-05,49.02269346637408,49.58425110834725,48.82565991696489,49.1507682800293,2230500,409.388671875,109.0,1.0,4.0,1.0,2.0,-7.403214408944721e-05,5.062590009207049e-05,,0,2.0,24.0
2023-10-06,49.16062788239994,50.490623285178756,48.99314483627642,50.05714416503906,2729300,414.24932861328125,110.0,1.0,4.0,1.0,2.0,-5.7060414816851684e-05,0.00010062918148470732,,0,2.0,25.0
2023-10-09,49.91920092136131,50.91423745957838,49.85023843948567,50.608829498291016,2329200,416.9013977050781,110.0,1.0,4.0,1.0,2.0,-8.036081653991817e-06,7.197974250154858e-05,,0,2.0,26.0
2023-10-10,50.92409381374862,51.58416819519351,50.92409381374862,51.259056091308594,2363900,419.0712890625,109.0,1.0,4.0,1.0,2.0,4.689417167349591e-05,1.678975816466997e-05,,0,2.0,27.0
2023-10-11,51.40683404046857,51.672833822797635,50.76646377654593,51.33787155151367,2419800,420.7879333496094,108.0,1.0,1.0,1.0,1.0,5.9823290388491925e-05,-5.312668325311462e-05,,0,1.0,28.0
2023-10-12,50.84528515965644,50.90439372271603,49.091660969637786,49.69261932373047,3712400,418.22259521484375,115.0,1.0,4.0,1.0,2.0,4.138350027087291e-05,-7.403214408944721e-05,,0,2.0,29.0
2023-10-13,50.09654412339232,50.549731069836035,49.554694332359226,49.69261932373047,2644800,416.1394348144531,113.0,1.0,4.0,1.0,2.0,1.907682496160036e-06,-5.7060414816851684e-05,,0,2.0,30.0
2023-10-16,50.10639970525854,50.58913719094708,49.80099167275967,50.16550827026367,2140900,420.517822265625,113.0,1.0,4.0,1.0,2.0,-1.302897782738721e-05,-8.036081653991817e-06,,0,2.0,31.0
2023-10-17,49.70247541075363,51.49550789264867,49.70247541075363,51.21965789794922,2740500,420.4985656738281,114.0,1.0,4.0,1.0,2.0,3.213650587123566e-05,4.689417167349591e-05,,0,2.0,32.0
2023-10-18,51.04232579249716,51.12113846776132,49.74188470615609,49.8896598815918,3036400,414.89532470703125,118.0,4.0,4.0,4.0,12.0,5.070035891879094e-05,5.9823290388491925e-05,,0,4.0,1.0
2023-10-19,49.77143691034574,49.86995368985389,48.746845867494386,48.92417907714844,3030600,411.2499694824219,120.0,4.0,4.0,4.0,12.0,3.7341958180233535e-05,4.138350027087291e-05,,0,4.0,2.0
2023-10-20,48.77639682348952,49.012842339629,48.116326177814,48.165584564208984,3149500,406.19647216796875,120.0,4.0,4.0,4.0,12.0,-2.3649308316838616e-05,1.907682496160036e-06,,0,4.0,3.0
2023-10-23,47.781372290168676,48.51040931479078,47.298630999001055,47.840484619140625,2715200,405.4924621582031,118.0,4.0,4.0,4.0,12.0,-5.617961462234586e-05,-1.302897782738721e-05,,0,4.0,4.0
2023-10-24,48.27395534241495,49.08180490667491,48.204992849722565,48.539955139160156,3146500,408.5496520996094,118.0,4.0,4.0,4.0,12.0,-5.1999865852251125e-05,3.213650587123566e-05,,0,4.0,5.0
2023-10-25,48.42173882043377,48.77640149132274,48.05721845824405,48.214847564697266,3057000,402.6860656738281,117.0,4.0,4.0,4.0,12.0,-3.820229243120261e-05,5.070035891879094e-05,,0,4.0,6.0
2023-10-26,47.92914445007062,48.93402759314949,47.92914445007062,48.26410675048828,3733000,397.8640441894531,115.0,4.0,4.0,4.0,12.0,-4.9265638543921925e-05,3.7341958180233535e-05,,0,4.0,7.0
2023-10-27,48.55965646524331,48.835506420219886,47.90943602981724,48.64832305908203,3116400,396.06060791015625,114.0,4.0,4.0,4.0,12.0,-7.147516108069422e-05,-2.3649308316838616e-05,,0,4.0,8.0
2023-10-30,49.16062118238749,49.446321326314425,48.49069660554519,49.042396545410156,3083000,400.7958679199219,113.0,4.0,4.0,4.0,12.0,-8.250588635025315e-05,-5.617961462234586e-05,,0,4.0,9.0
2023-10-31,48.973441877809435,49.22959154068011,48.38233363117255,48.72714614868164,3116500,403.31292724609375,111.0,4.0,4.0,4.0,12.0,-6.346229688689407e-05,-5.1999865852251125e-05,,0,4.0,10.0
2023-11-01,48.75669980034974,49.01284568197546,48.254254453605185,48.92417907714844,2894500,407.61419677734375,110.0,4.0,4.0,4.0,12.0,-2.910219142883625e-05,-3.820229243120261e-05,,0,4.0,11.0
2023-11-02,49.50543300803029,50.13594936443667,49.436470516434206,49.92906188964844,2866700,415.42584228515625,112.0,4.0,4.0,4.0,12.0,3.065932691022537e-05,-4.9265638543921925e-05,,0,4.0,12.0
2023-11-03,50.530027076596106,51.288618289021116,50.33298976354722,50.44136047363281,3458700,419.2159729003906,111.0,4.0,1.0,4.0,11.0,9.043791074276997e-05,-7.147516108069422e-05,,0,2.0,13.0
2023-11-06,50.59898605870468,50.71720693505477,49.86009900471232,49.998023986816406,2077100,420.1802978515625,110.0,4.0,1.0,4.0,11.0,0.0001290035735225661,-8.250588635025315e-05,,0,2.0,14.0
2023-11-07,49.34780902257539,49.35765919746187,48.56951367044234,49.03255081176758,3000500,421.3761291503906,112.0,4.0,1.0,4.0,11.0,0.00010703615884102761,-6.346229688689407e-05,,1,2.0,15.0
2023-11-08,48.973431575695805,49.38721026783827,48.41187773206758,48.70743179321289,2256600,421.68475341796875,110.0,4.0,1.0,4.0,11.0,7.42732538863783e-05,-2.910219142883625e-05,,0,2.0,16.0
2023-11-09,49.03254385404684,49.29854363632823,48.26410254401645,48.333065032958984,2736800,418.3961486816406,109.0,4.0,1.0,4.0,11.0,2.2715541656357925e-05,3.065932691022537e-05,,0,2.0,17.0
2023-11-10,48.451295750657195,48.717295586987895,48.04737090841603,48.608924865722656,3341100,424.9251708984375,108.0,4.0,1.0,4.0,11.0,-3.778124432929899e-06,9.043791074276997e-05,,0,2.0,18.0
2023-11-13,48.53010701111294,48.973440058710466,48.35277755024837,48.569515228271484,1400300,424.5201416015625,106.0,4.0,4.0,4.0,12.0,1.15143574266482e-06,0.0001290035735225661,,0,4.0,19.0
2023-11-14,49.64336303972202,51.15069159243023,49.64336303972202,51.032470703125,4410500,432.75616455078125,124.0,4.0,1.0,4.0,11.0,9.485190636398914e-05,0.00010703615884102761,,0,2.0,20.0
2023-11-15,50.993060325162496,51.89943045987013,50.94380193655509,51.13098907470703,2591100,433.67230224609375,123.0,4.0,1.0,4.0,11.0,0.00020076506170406115,7.42732538863783e-05,,0,2.0,21.0
2023-11-16,51.07187709664256,51.623580824005344,50.65809836157693,50.874839782714844,2529900,434.2027893066406,121.0,4.0,1.0,4.0,11.0,0.0002843459848635229,2.2715541656357925e-05,,0,2.0,22.0
2023-11-17,51.31817471176925,51.97824541612292,51.29847060382483,51.781211853027344,2184500,434.74285888671875,122.0,1.0,1.0,4.0,5.0,0.00031559251366081116,-3.778124432929899e-06,,0,2.0,23.0
2023-11-20,51.79105219069621,52.244235312817125,51.53490635241984,51.87971878051758,1715300,438.08929443359375,120.0,1.0,1.0,4.0,5.0,0.00033309309048247033,1.15143574266482e-06,,0,2.0,24.0
2023-11-21,51.97823920373989,52.66786786667367,51.96838903003212,52.00779724121094,2791000,437.13446044921875,118.0,1.0,1.0,4.0,5.0,0.0003362308292717301,9.485190636398914e-05,,0,2.0,25.0
2023-11-22,52.027501592080384,52.33290583472134,51.534910224544525,52.254093170166016,2451500,438.8222351074219,117.0,1.0,1.0,4.0,5.0,0.0002978372956494951,0.00020076506170406115,,0,2.0,26.0
2023-11-24,52.24424407054597,53.01268923053714,52.1654313987009,52.549652099609375,1429000,439.09228515625,115.0,1.0,1.0,4.0,5.0,0.00029369848049065606,0.0002843459848635229,,0,2.0,27.0
2023-11-27,52.66787382641747,53.11120685691074,52.3427654428386,52.97328186035156,4197000,438.3014221191406,114.0,1.0,1.0,4.0,5.0,0.00030268813399443253,0.00031559251366081116,,0,2.0,28.0
2023-11-28,53.15061147522113,53.485573769125835,52.687574368247965,53.03239059448242,2975800,438.7353820800781,112.0,1.0,1.0,4.0,5.0,0.00032111712607013344,0.00033309309048247033,,0,2.0,29.0
2023-11-29,53.199868838381164,53.495422913626264,52.864906550923656,53.111202239990234,2518200,438.4267578125,111.0,1.0,1.0,4.0,5.0,0.00029550992811142263,0.0003362308292717301,,0,2.0,30.0
2023-11-30,53.30824622308057,54.04713338287228,53.052096569775095,53.93876266479492,3022000,440.1531066894531,111.0,1.0,1.0,4.0,5.0,0.00031923101340323285,0.0002978372956494951,,0,2.0,31.0
2023-12-01,54.106232001415144,55.60371015421891,53.692457071940105,55.416526794433594,6783400,442.7569885253906,115.0,1.0,1.0,4.0,5.0,0.0003975398162137875,0.00029369848049065606,,0,2.0,32.0
2023-12-04,54.864825008142915,55.25889960432743,54.54956683446486,54.88452911376953,2967900,440.4328308105469,114.0,1.0,1.0,4.0,5.0,0.0004683994766558142,0.00030268813399443253,,0,2.0,33.0
2023-12-05,54.60867811946442,54.60867811946442,53.50527453244102,53.52497863769531,4076800,440.345947265625,118.0,1.0,1.0,4.0,5.0,0.0004683740068136671,0.00032111712607013344,,0,2.0,34.0
2023-12-06,53.85994126763324,54.529865864768944,52.87475847868945,52.89446258544922,3569700,438.57147216796875,117.0,1.0,1.0,4.0,5.0,0.00039220976726864193,0.00029550992811142263,,0,2.0,35.0
2023-12-07,53.10135206602411,53.239277050593564,52.60876068789096,53.111202239990234,2153700,441.9179382324219,115.0,1.0,1.0,4.0,5.0,0.00034839287486366463,0.00031923101340323285,,0,2.0,36.0
2023-12-08,53.09149972955588,53.93875752671718,52.88461224648367,53.209720611572266,2765000,443.8178405761719,114.0,1.0,1.0,4.0,5.0,0.0003372610125631653,0.0003975398162137875,,0,2.0,37.0
2023-12-11,52.697427914243285,53.37720267122486,52.14572421121722,53.288536071777344,2736900,445.5440673828125,112.0,1.0,1.0,4.0,5.0,0.0003506918360758004,0.0004683994766558142,,0,2.0,38.0
2023-12-12,53.268836513218766,53.268836513218766,51.978245624005005,52.214691162109375,2587000,447.5789794921875,114.0,1.0,1.0,4.0,5.0,0.0003192437468989625,0.0004683740068136671,,0,2.0,39.0
2023-12-13,52.16543734564,54.14565339844448,51.98810411605457,54.13580322265625,5120100,453.7511291503906,123.0,1.0,1.0,4.0,5.0,0.0003300174357946835,0.00039220976726864193,,0,2.0,40.0
2023-12-14,55.41653013279655,56.43126717083476,55.180084617300075,56.17512130737305,6784200,455.2073974609375,131.0,1.0,1.0,4.0,5.0,0.00037642262147235384,0.00034839287486366463,,0,2.0,41.0
2023-12-15,56.32289670521394,57.09134181520862,55.90912174905634,56.421417236328125,3471700,454.4578857421875,129.0,1.0,1.0,4.0,5.0,0.00043939041704906223,0.0003372610125631653,,0,2.0,42.0
2023-12-18,58.18390838344598,58.539170304340345,57.315494537353516,57.315494537353516,3638800,457.0142822265625,129.0,1.0,1.0,4.0,5.0,0.0004667651482301806,0.0003506918360758004,,0,2.0,43.0
2023-12-19,57.91746972669867,59.18062381125191,57.56221152254312,59.0918083190918,4127300,459.79327392578125,134.0,1.0,1.0,4.0,5.0,0.0004907992400727261,0.0003192437468989625,,0,2.0,44.0
2023-12-20,58.9141710101469,59.72337706763044,58.00627899169922,58.00627899169922,3953900,453.421875,134.0,1.0,1.0,4.0,5.0,0.0005177794460176045,0.0003300174357946835,,0,2.0,45.0
2023-12-21,58.71680209201758,59.34837717606799,58.60824941860559,59.32863998413086,2490100,457.7211608886719,136.0,1.0,1.0,4.0,5.0,0.000555304848681072,0.00037642262147235384,,0,2.0,46.0
2023-12-22,59.82206189303111,60.38455871955033,59.654301398746455,59.970088958740234,2582400,458.6410217285156,134.0,1.0,1.0,4.0,5.0,0.0005999767611051523,0.00043939041704906223,,0,2.0,47.0
2023-12-26,60.24639944177905,60.65100247023025,59.9503490880682,60.463504791259766,2537200,460.5776672363281,133.0,1.0,1.0,4.0,5.0,0.0006716754215187686,0.0004667651482301806,,0,2.0,48.0
2023-12-27,60.51285191312381,60.98653327910995,60.40429922757774,60.591800689697266,2227100,461.4104309082031,131.0,1.0,1.0,4.0,5.0,0.0007156241740406581,0.0004907992400727261,,0,2.0,49.0
2023-12-28,60.39441953818896,60.58191719554342,59.83192280164153,59.94047546386719,2235100,461.584716796875,130.0,1.0,1.0,4.0,5.0,0.0006743546204969033,0.0005177794460176045,,0,2.0,50.0
2023-12-29,59.8516674598481,59.88127136615488,58.943775433433544,59.04246139526367,2125300,460.2484130859375,129.0,1.0,1.0,4.0,5.0,0.0005954479420500452,0.000555304848681072,,0,2.0,51.0
2024-01-02,58.66745152677486,59.49639463193886,58.23324090319896,58.539161682128906,4083400,457.6726989746094,128.0,1.0,1.0,4.0,5.0,0.0005086622409269832,0.0005999767611051523,,0,2.0,52.0
2024-01-03,57.670754769352065,58.2036476698726,56.999705286730176,57.4043083190918,3870400,453.9350891113281,129.0,1.0,1.0,4.0,5.0,0.00043549586873693736,0.0006716754215187686,,1,2.0,53.0
2024-01-04,57.47339068206066,58.124702975797106,57.157599366945384,57.52273178100586,2697500,452.4728698730469,127.0,1.0,1.0,4.0,5.0,0.0003964155041012569,0.0007156241740406581,,0,2.0,54.0
2024-01-05,57.295759407786825,57.97667560435116,57.04905014989597,57.4043083190918,2568800,453.0926513671875,125.0,1.0,1.0,4.0,5.0,0.00036500056634393186,0.0006743546204969033,,0,2.0,55.0
2024-01-08,57.22667431967526,57.73982620239258,56.308915688168696,57.73982620239258,2792600,459.5609436035156,124.0,1.0,1.0,4.0,5.0,0.0003699001397990778,0.0005954479420500452,,0,2.0,56.0
2024-01-09,57.4437757844364,57.4437757844364,56.85167514261368,56.90101623535156,3120600,458.8638000488281,123.0,1.0,1.0,4.0,5.0,0.00034450778740371886,0.0005086622409269832,,0,2.0,57.0
2024-01-10,56.88127976624303,56.90101695648514,56.0918109789794,56.39773178100586,3638800,461.4588317871094,122.0,1.0,1.0,4.0,5.0,0.0003129526763443326,0.00043549586873693736,,0,2.0,58.0
2024-01-11,56.44708005124181,56.47668395812685,55.5786623925962,56.20037078857422,2443300,461.2554931640625,120.0,1.0,1.0,4.0,5.0,0.00028633828039549645,0.0003964155041012569,,0,2.0,59.0
2024-01-12,56.88128063205043,57.73982771598757,56.53588920876657,56.772727966308594,3006400,461.5750427246094,119.0,1.0,1.0,4.0,5.0,0.00028128185717880215,0.00036500056634393186,,0,2.0,60.0
2024-01-16,56.38786245093279,56.50628183031071,55.144449556254116,55.29247283935547,2535100,459.8804931640625,123.0,1.0,1.0,4.0,5.0,0.0002353444211396739,0.0003699001397990778,,1,2.0,61.0
2024-01-17,54.41418944617995,54.96681949974681,54.17735068356862,54.868133544921875,2542100,457.32415771484375,122.0,1.0,1.0,4.0,5.0,0.00016887771807580946,0.00034450778740371886,,1,2.0,62.0
2024-01-18,55.46023946256028,55.60826275202713,54.789190009754364,55.479976654052734,2557300,461.3909912109375,121.0,1.0,1.0,4.0,5.0,0.00012687446965126915,0.0003129526763443326,,0,2.0,63.0
2024-01-19,55.815499889352154,55.815499889352154,54.81879245027422,55.66747283935547,2376200,467.142822265625,119.0,1.0,1.0,4.0,5.0,0.00014988034640504722,0.00028633828039549645,,0,2.0,64.0
2024-01-22,55.47997994087014,56.17076286160842,55.292478492825815,56.08195114135742,2387500,468.1304931640625,118.0,1.0,1.0,4.0,5.0,0.00019455553534123197,0.00028128185717880215,,0,2.0,65.0
2024-01-23,56.743131485832215,57.216812827367086,56.30892453054641,56.67405319213867,1944200,469.49578857421875,117.0,1.0,1.0,4.0,5.0,0.0002283650645189519,0.0002353444211396739,,0,2.0,66.0
2024-01-24,57.57206636678025,57.71022293399087,56.35825740052165,56.39773178100586,2318000,470.00909423828125,115.0,1.0,1.0,3.0,3.0,0.0002615013636475359,0.00016887771807580946,,0,1.0,1.0
2024-01-25,57.039176262989685,57.039176262989685,55.4602386126343,55.94378662109375,2936100,472.5653381347656,114.0,1.0,1.0,3.0,3.0,0.00028224749797467794,0.00012687446965126915,,0,1.0,2.0
2024-01-26,56.10167937773991,56.58523114199215,55.81549952183984,56.30891799926758,2424000,471.9650573730469,113.0,1.0,1.0,3.0,3.0,0.000305219876645138,0.00014988034640504722,,0,1.0,3.0
2024-01-29,56.269449061000486,57.05891794835979,55.53918798739026,57.039180755615234,1655600,475.7026062011719,113.0,1.0,1.0,3.0,3.0,0.0003083668510879211,0.00019455553534123197,,0,1.0,4.0
2024-01-30,56.654317497834064,57.37470812575695,56.368133836684144,57.3451042175293,2198400,475.334716796875,111.0,1.0,1.0,3.0,3.0,0.0003087812607581034,0.0002283650645189519,,0,1.0,5.0
2024-01-31,57.35497078803475,58.06549469959185,56.397741367725615,56.427345275878906,3464100,467.5785827636719,112.0,1.0,1.0,3.0,3.0,0.00026455093229094546,0.0002615013636475359,,0,1.0,6.0
2024-02-01,56.84181069123021,57.364836870253654,56.328658754975635,57.02931213378906,3857500,473.6983642578125,111.0,1.0,1.0,3.0,3.0,0.0002422820053794933,0.00028224749797467794,,0,1.0,7.0
2024-02-02,56.476677207218266,56.9207545798343,55.98325874086359,56.57536315917969,2615800,478.68505859375,110.0,1.0,4.0,3.0,4.0,0.00020878595907563812,0.000305219876645138,,0,2.0,8.0
2024-02-05,55.766153362901775,55.766153362901775,54.55234438845499,54.9766845703125,4001600,476.94207763671875,115.0,1.0,4.0,3.0,4.0,0.000162870217272102,0.0003083668510879211,,1,2.0,9.0
2024-02-06,55.02603350229394,55.35169154314831,54.73985361229775,55.055641174316406,2961100,478.3267822265625,113.0,1.0,4.0,3.0,4.0,0.00011000415597181263,0.0003087812607581034,,0,2.0,10.0
2024-02-07,55.164188805246646,55.47997633836025,54.72997812385217,55.341819763183594,2941100,482.3162841796875,112.0,1.0,4.0,3.0,4.0,8.356338730261802e-05,0.00026455093229094546,,0,2.0,11.0
2024-02-08,54.878003603873,55.71681350882058,54.61155717460531,55.48984146118164,2544500,482.5292663574219,110.0,1.0,4.0,3.0,4.0,9.219832681459908e-05,0.0002422820053794933,,0,2.0,12.0
2024-02-09,55.60825691004726,55.6279940994662,55.02602299788234,55.45036315917969,2414600,485.3179931640625,109.0,1.0,4.0,3.0,4.0,8.927423568872994e-05,0.00020878595907563812,,0,2.0,13.0
2024-02-12,55.509580020038406,56.54575809418226,55.48984282873761,56.06221008300781,1839700,485.1049499511719,108.0,1.0,4.0,3.0,4.0,9.80933880476543e-05,0.000162870217272102,,0,2.0,14.0
2024-02-13,54.7398509449618,54.87800752605235,53.526041856757594,53.891170501708984,3507800,478.4235534667969,119.0,1.0,4.0,3.0,4.0,6.749589139246225e-05,0.00011000415597181263,,1,2.0,15.0
2024-02-14,54.30564065520952,55.08524281380623,54.02932749094113,54.90761184692383,2350000,482.7713317871094,120.0,1.0,4.0,3.0,4.0,6.255990050430168e-05,8.356338730261802e-05,,0,2.0,16.0
2024-02-15,55.03589747815813,56.447074626148144,55.03589747815813,56.348388671875,2601700,486.10235595703125,124.0,1.0,4.0,3.0,4.0,8.486949867298576e-05,9.219832681459908e-05,,0,2.0,17.0
2024-02-16,56.16088999011133,56.7036495531059,55.89444356511744,55.914180755615234,3097100,483.6816101074219,122.0,1.0,4.0,3.0,4.0,0.000140375094261195,8.927423568872994e-05,,0,2.0,18.0
2024-02-20,55.410900580874014,55.410900580874014,54.61156123365932,54.78919219970703,2483000,481.0186767578125,124.0,1.0,4.0,3.0,4.0,0.00014641623950066316,9.80933880476543e-05,,1,2.0,19.0
2024-02-21,54.76944662636401,55.29246896608902,54.62141958914783,55.25299835205078,1599200,481.4544677734375,122.0,1.0,4.0,3.0,4.0,0.00010466554632319334,6.749589139246225e-05,,0,2.0,20.0
2024-02-22,55.27273384759062,55.44049808035308,54.690499918269275,55.322078704833984,2548300,491.41839599609375,120.0,1.0,4.0,3.0,4.0,8.192433086621832e-05,6.255990050430168e-05,,0,2.0,21.0
2024-02-23,55.26287105187832,55.647736872957836,54.74971536894419,55.381290435791016,3373100,491.7572937011719,119.0,1.0,4.0,3.0,4.0,9.121145654397357e-05,8.486949867298576e-05,,0,2.0,22.0
2024-02-26,55.17405625001226,55.71681584446515,54.799057137787706,55.67734146118164,1716300,489.9562072753906,117.0,1.0,4.0,3.0,4.0,0.00010325358662493329,0.000140375094261195,,0,2.0,23.0
2024-02-27,56.022736173679796,56.40760199608587,55.93392069431806,56.27931213378906,2263100,490.8664245605469,116.0,1.0,4.0,3.0,4.0,0.00011829503926105615,0.00014641623950066316,,0,2.0,24.0
2024-02-28,55.73654719102144,55.78588828270924,54.73984358678556,54.82865905761719,2936600,490.2176818847656,120.0,1.0,4.0,3.0,4.0,0.00011695937310569487,0.00010466554632319334,,1,2.0,25.0
2024-02-29,55.410897095256935,55.93391948211646,55.410897095256935,55.746421813964844,2935000,491.9800109863281,120.0,1.0,4.0,3.0,4.0,0.0001492319659812405,8.192433086621832e-05,,0,2.0,26.0
2024-03-01,56.07207427115399,57.09838558566864,55.9240472253067,56.61483383178711,1932200,496.5988464355469,120.0,1.0,4.0,3.0,4.0,0.0001824222964051204,9.121145654397357e-05,,0,2.0,27.0
2024-03-04,56.92075878584236,57.51285948342601,56.73326110998723,56.752994537353516,2199000,496.0663146972656,119.0,1.0,4.0,3.0,4.0,0.00022658488360054985,0.00010325358662493329,,0,2.0,28.0
2024-03-05,56.664173350011254,56.89114915119507,55.70694411079641,55.96352005004883,1880900,491.1085510253906,119.0,1.0,4.0,3.0,4.0,0.00021740085831649532,0.00011829503926105615,,0,2.0,29.0
2024-03-06,56.75299644423927,57.13786605153304,56.53589485555573,56.74312973022461,2022600,493.5970764160156,118.0,1.0,4.0,3.0,4.0,0.00020067041915143124,0.00011695937310569487,,0,2.0,30.0
2024-03-07,57.39443971911693,58.252986854308816,57.20694204449565,58.21351623535156,3532700,498.49676513671875,122.0,1.0,1.0,3.0,3.0,0.00019626613992080946,0.0001492319659812405,,0,1.0,31.0
2024-03-08,58.677326059913995,58.92403530547147,57.53259531110668,57.799041748046875,3374400,495.5046691894531,120.0,1.0,1.0,3.0,3.0,0.00021756726171620955,0.0001824222964051204,,0,1.0,32.0
2024-03-11,57.47338825398716,57.710227024712225,56.65431174105905,57.29575729370117,2534700,495.0785827636719,119.0,1.0,1.0,3.0,3.0,0.00022196955733863306,0.00022658488360054985,,0,1.0,33.0
2024-03-12,57.21680419998606,57.21680419998606,56.16088899618886,56.29904556274414,2778300,500.4044189453125,120.0,1.0,1.0,3.0,3.0,0.00019223039114091428,0.00021740085831649532,,0,1.0,34.0
2024-03-13,56.387863050996856,57.04904576890179,56.20036538461283,56.32865524291992,3127300,499.6199951171875,118.0,1.0,1.0,3.0,3.0,0.00016303887280430017,0.00020067041915143124,,0,1.0,35.0
2024-03-14,56.02272991081347,56.02272991081347,54.631290066020334,55.25299835205078,3520300,498.6322937011719,119.0,1.0,4.0,3.0,4.0,0.0001401970409128511,0.00019626613992080946,,1,2.0,36.0
2024-03-15,55.07537431307406,56.01286645127988,55.07537431307406,55.77602767944336,3223400,495.20843505859375,118.0,1.0,4.0,3.0,4.0,0.00013972931634021339,0.00021756726171620955,,0,2.0,37.0
2024-03-18,56.01625810224655,56.13489366805229,55.48239239908576,55.561485290527344,2413100,498.1514892578125,116.0,1.0,4.0,3.0,4.0,0.00013624229214057165,0.00022196955733863306,,0,2.0,38.0
2024-03-19,55.27478469744675,55.867966356655344,55.06717149385944,55.76910400390625,1718300,500.91973876953125,115.0,1.0,4.0,3.0,4.0,0.0001689297943836451,0.00019223039114091428,,0,2.0,39.0
2024-03-20,55.70978252954109,57.50910444521164,55.58126222939097,57.113651275634766,2574000,505.55303955078125,118.0,1.0,4.0,3.0,4.0,0.0002242053732795869,0.00016303887280430017,,0,2.0,40.0
2024-03-21,57.71672839027201,57.963888065393164,57.30149817496265,57.80570602416992,2366100,507.2236633300781,117.0,1.0,1.0,3.0,3.0,0.0002848938957410876,0.0001401970409128511,,0,1.0,41.0
2024-03-22,57.51899796199681,58.06274847470987,57.271838295185674,57.28172302246094,1497300,506.2620544433594,116.0,1.0,1.0,3.0,3.0,0.00030219730898340845,0.00013972931634021339,,0,1.0,42.0
2024-03-25,57.63763225820042,58.85365733917685,57.430019047843814,57.47945022583008,3336100,504.8633728027344,114.0,1.0,1.0,3.0,3.0,0.00031896720958633085,0.00013624229214057165,,0,1.0,43.0
2024-03-26,57.70683105549336,57.72660427903835,56.90603624438367,57.0444450378418,1942700,503.93084716796875,113.0,1.0,1.0,3.0,3.0,0.0003148315037724919,0.0001689297943836451,,0,1.0,44.0
2024-03-27,57.49922794939897,58.91298162427404,57.36081913166699,58.883323669433594,2791300,508.1658935546875,120.0,1.0,1.0,3.0,3.0,0.00038141217309368324,0.0002242053732795869,,0,1.0,45.0
2024-03-28,59.12059243496234,59.74343586066173,58.83388631202927,59.59513854980469,4243100,508.0687561035156,119.0,1.0,1.0,3.0,3.0,0.0004288100856228864,0.0002848938957410876,,0,1.0,46.0
2024-04-01,60.30695989394352,60.356391074011356,59.7632093704827,60.138893127441406,3083100,507.18475341796875,118.0,1.0,1.0,3.0,3.0,0.0004733673473345302,0.00030219730898340845,,0,1.0,47.0
2024-04-02,60.14877700805664,60.39593667627329,59.61491121958295,60.14877700805664,3039800,503.9601135253906,116.0,1.0,1.0,3.0,3.0,0.00045930137660111,0.00031896720958633085,,0,1.0,48.0
2024-04-03,60.18832397585016,61.55264264071965,60.12900429728125,61.46366500854492,3636500,504.51361083984375,118.0,1.0,1.0,3.0,3.0,0.00047314135993147937,0.0003148315037724919,,0,1.0,49.0
2024-04-04,61.651509325817386,61.76026018515925,60.20809774321536,60.455257415771484,2996900,498.35552978515625,118.0,1.0,1.0,3.0,3.0,0.000478162257027406,0.00038141217309368324,,0,1.0,50.0
2024-04-05,60.33661474338547,61.434004232674205,60.16854798553041,61.31536865234375,2277100,503.5617980957031,118.0,1.0,1.0,3.0,3.0,0.0005162381502940167,0.0004288100856228864,,0,1.0,51.0
2024-04-08,61.8986637919077,62.066730544857805,61.10775366052517,61.473548889160156,3563200,503.8434143066406,117.0,1.0,1.0,3.0,3.0,0.0005269949215721633,0.0004733673473345302,,0,1.0,52.0
2024-04-09,62.31389118799698,62.77855254754535,61.41423019210691,62.14582443237305,2576000,504.4261779785156,116.0,1.0,1.0,3.0,3.0,0.0005709099238519967,0.00045930137660111,,0,1.0,53.0
2024-04-10,60.583781449727915,61.7899219326884,60.2773058506106,61.50321578979492,4434200,499.3753967285156,115.0,1.0,1.0,3.0,3.0,0.0005488650947567935,0.00047314135993147937,,0,1.0,54.0
2024-04-11,61.602075173271814,61.80968838307585,60.93968532167597,61.72071075439453,2408800,503.1441345214844,113.0,1.0,1.0,3.0,3.0,0.0005653803146142646,0.000478162257027406,,0,1.0,55.0
2024-04-12,62.58083059746956,62.86753673311675,60.29707755422645,60.70241928100586,4212300,496.1991882324219,114.0,1.0,1.0,3.0,3.0,0.0005551726730999939,0.0005162381502940167,,0,1.0,56.0
2024-04-15,61.424114464905486,61.691047327260826,60.34649828933322,60.55411148071289,3566300,489.9827575683594,112.0,1.0,1.0,3.0,3.0,0.000575719070821452,0.0005269949215721633,,0,1.0,57.0
2024-04-16,59.644579392837755,60.81116968329897,59.1403715032027,60.66287612915039,3595300,489.089111328125,111.0,1.0,1.0,3.0,3.0,0.0005595295192186091,0.0005709099238519967,,0,1.0,58.0
2024-04-17,61.62184901528373,62.076621890268946,60.48491305646351,60.573890686035156,4124700,486.194580078125,109.0,1.0,1.0,3.0,3.0,0.0005655789483291683,0.0005488650947567935,,0,1.0,59.0
2024-04-18,60.999003714931916,61.26593659536151,59.9609339163882,60.27729797363281,2756000,485.19415283203125,108.0,1.0,1.0,3.0,3.0,0.0005628197476638033,0.0005653803146142646,,0,1.0,60.0
2024-04-19,60.27729995462393,60.811161961671246,59.84229653309857,60.20809555053711,3062800,480.95916748046875,106.0,1.0,1.0,3.0,3.0,0.0005384240469211459,0.0005551726730999939,,0,1.0,61.0
2024-04-22,59.54571300519635,60.14878326176371,58.972304476421854,59.66434860229492,2807200,485.3883972167969,105.0,1.0,1.0,3.0,3.0,0.0005014511416351159,0.000575719070821452,,0,1.0,62.0
2024-04-23,58.4483175588194,59.17002334084387,58.05286435062699,58.82400131225586,4507500,491.1483154296875,105.0,1.0,4.0,3.0,4.0,0.0004555616024086758,0.0005595295192186091,,0,2.0,63.0
2024-04-24,59.10081638636962,59.40729572087138,58.082519799276156,58.62627029418945,3322900,490.9151916503906,104.0,1.0,4.0,3.0,4.0,0.00044029621556353665,0.0005655789483291683,,0,2.0,64.0
2024-04-25,58.319793503267285,59.85218260080125,57.77603924844428,59.644569396972656,5040600,489.05023193359375,105.0,1.0,4.0,3.0,4.0,0.0004568845223506612,0.0005628197476638033,,0,2.0,65.0
2024-04-26,59.95105147695011,60.31684674797755,59.57536770674609,60.15866470336914,2098200,493.6834716796875,104.0,1.0,4.0,3.0,4.0,0.0005049399302866189,0.0005384240469211459,,0,2.0,66.0
2024-04-29,60.44536430261046,60.81115953408928,59.901613818767444,60.69252395629883,2054900,495.43182373046875,103.0,1.0,4.0,3.0,4.0,0.0005395870880379351,0.0005014511416351159,,0,2.0,67.0
2024-04-30,59.74342777338552,60.11911147770626,58.58671871080951,58.59660720825195,4918800,487.5835266113281,112.0,1.0,4.0,3.0,4.0,0.000506044546118558,0.0004555616024086758,,0,2.0,68.0
2024-05-01,59.29854186471163,60.01036285261349,58.24069888066687,58.61638259887695,5370300,486.00030517578125,111.0,1.0,4.0,3.0,4.0,0.00047067152428565935,0.00044029621556353665,,0,2.0,69.0
2024-05-02,58.88331712310279,59.6544540340829,58.497744896255725,59.417179107666016,3111900,490.5460510253906,111.0,1.0,4.0,3.0,4.0,0.00044442316159470246,0.0004568845223506612,,0,2.0,70.0
2024-05-03,60.15866173538812,60.50468753370576,59.555595312879596,60.14877700805664,3977100,496.6266174316406,110.0,1.0,4.0,3.0,4.0,0.0004824039939701341,0.0005049399302866189,,0,2.0,71.0
2024-05-06,60.613441446333546,61.157191989546234,60.29707735677862,60.38605499267578,3452900,501.755126953125,109.0,1.0,4.0,3.0,4.0,0.0005187610188836637,0.0005395870880379351,,0,2.0,72.0
2024-05-07,60.50468811172171,61.147300992409676,60.277301667352994,60.643096923828125,3035400,502.3088073730469,107.0,1.0,4.0,3.0,4.0,0.000552890778552909,0.000506044546118558,,0,2.0,73.0
2024-05-08,60.04990486819583,60.41570006159457,59.90160758287808,60.12899398803711,2570700,502.3573303222656,106.0,1.0,4.0,3.0,4.0,0.0005257560571032218,0.00047067152428565935,,0,2.0,74.0
2024-05-09,60.29707386665817,61.52298369988593,60.020252475802536,61.38457489013672,2906200,505.2518615722656,109.0,1.0,1.0,3.0,3.0,0.0004907557300088024,0.00044442316159470246,,0,1.0,75.0
2024-05-10,61.87889363037288,61.97775598743077,60.83093529731619,60.890254974365234,2539500,505.9027099609375,108.0,1.0,1.0,3.0,3.0,0.0004322448725257707,0.0004824039939701341,,0,1.0,76.0
2024-05-13,61.17695895832607,61.671278269107795,60.91991080475963,61.09786605834961,2224400,505.9706115722656,106.0,1.0,1.0,3.0,3.0,0.00040321366201811836,0.0005187610188836637,,0,1.0,77.0
2024-05-14,61.671274919908484,61.98763895991935,61.335137655977334,61.7305908203125,3432700,508.2921142578125,105.0,1.0,1.0,3.0,3.0,0.00038610823139212223,0.000552890778552909,,0,1.0,78.0
2024-05-15,62.28422933672954,62.56104692694749,61.51309246606135,62.51161575317383,2944400,514.5863037109375,105.0,1.0,1.0,3.0,3.0,0.00038783470880868936,0.0005257560571032218,,0,1.0,79.0
2024-05-16,62.56105335687435,62.650030987354654,62.08650725143185,62.11616897583008,2610500,513.5275268554688,104.0,1.0,1.0,3.0,3.0,0.0004040048596651678,0.0004907557300088024,,0,1.0,80.0
2024-05-17,62.62037534898013,63.52992491321629,62.570944168298865,63.27287673950195,4133000,514.2657470703125,106.0,1.0,1.0,3.0,3.0,0.000414137738124466,0.0004322448725257707,,0,1.0,81.0
2024-05-20,63.5002557410562,64.33070848105045,63.16411472054899,64.18241119384766,4379800,514.858154296875,106.0,1.0,1.0,3.0,3.0,0.00043211967373445653,0.00040321366201811836,,0,1.0,82.0
2024-05-21,63.95503245404273,64.61741849550035,63.86605105921393,64.40980529785156,2913900,516.1209106445312,104.0,1.0,1.0,3.0,3.0,0.00045036064287693134,0.00038610823139212223,,0,1.0,83.0
2024-05-22,63.63866985200928,63.74742070220331,62.50173394534426,62.88730239868164,2497700,514.6348266601562,108.0,1.0,1.0,3.0,3.0,0.0004297129695977754,0.00038783470880868936,,1,1.0,84.0
2024-05-23,63.005938978225586,63.055370155093975,61.70093629784344,62.14582443237305,2987400,510.8757629394531,107.0,1.0,1.0,3.0,3.0,0.0003730886438520235,0.0004040048596651678,,0,1.0,85.0
2024-05-24,62.60059657882932,62.93673385759552,62.313890476367,62.6104850769043,1543200,514.2560424804688,106.0,1.0,1.0,3.0,3.0,0.0003188789018737197,0.000414137738124466,,0,1.0,86.0
2024-05-28,63.688096033325785,63.82650483223871,63.09491438902555,63.539798736572266,2073100,514.6154174804688,107.0,1.0,1.0,3.0,3.0,0.00032090484747777947,0.00043211967373445653,,0,1.0,87.0
2024-05-29,62.81810192426636,63.19378190305462,62.442418174120874,62.52151107788086,2264200,511.0118713378906,107.0,1.0,1.0,3.0,3.0,0.00034178502304498806,0.00045036064287693134,,0,1.0,88.0
2024-05-30,62.37320796506855,63.569463509302615,62.34355001459689,63.18389129638672,1610100,507.6219177246094,107.0,1.0,1.0,3.0,3.0,0.00038373980539977104,0.0004297129695977754,,0,1.0,89.0
2024-05-31,63.61889751287446,64.01435449318997,62.66980528574596,63.69799041748047,1871200,512.2455444335938,106.0,1.0,1.0,3.0,3.0,0.0004129545508191046,0.0003730886438520235,,0,1.0,90.0
2024-06-03,63.98469669146464,64.38015367271849,63.174013274115794,63.5595817565918,4608900,512.6630859375,104.0,1.0,1.0,3.0,3.0,0.00044713629757089007,0.0003188789018737197,,0,1.0,91.0
2024-06-04,62.729121542186576,62.729121542186576,60.40581850944955,60.59366226196289,5497400,513.2362060546875,122.0,1.0,1.0,4.0,5.0,0.00038589364302068244,0.00032090484747777947,,1,2.0,92.0
2024-06-05,60.732072976319834,61.17696112605888,60.445366860781654,61.11764144897461,2877200,519.3360595703125,120.0,1.0,4.0,4.0,6.0,0.00034382227689834245,0.00034178502304498806,,0,2.0,93.0
2024-06-06,61.068212051232315,62.02719278292838,61.068212051232315,61.780033111572266,1980100,519.3263549804688,119.0,1.0,4.0,4.0,6.0,0.00029765617664545834,0.00038373980539977104,,0,2.0,94.0
2024-06-07,60.57388900648971,60.61343545661552,59.55559242957099,59.77309036254883,3431900,518.6949462890625,126.0,1.0,4.0,4.0,6.0,0.0002527166775439158,0.0004129545508191046,,1,2.0,95.0
2024-06-10,59.66434860229492,59.79287269911034,58.725144782507854,59.66434860229492,3697800,520.297607421875,124.0,1.0,4.0,4.0,6.0,0.00016904241017668024,0.00044713629757089007,,0,2.0,96.0
2024-06-11,58.87343194324251,58.87343194324251,58.013317357797895,58.55706787109375,3232300,521.5506591796875,125.0,1.0,4.0,4.0,6.0,5.793226144845798e-05,0.00038589364302068244,,0,2.0,97.0
2024-06-12,60.069682175438274,60.27729915630621,58.54718153433515,58.80422592163086,2647600,525.8341064453125,123.0,1.0,4.0,4.0,6.0,2.3517896813193527e-05,0.00034382227689834245,,0,2.0,98.0
2024-06-13,58.537293724886275,58.75479543532811,57.62774797459708,58.112178802490234,4047300,526.8928833007812,122.0,1.0,4.0,4.0,6.0,-6.414307851973823e-06,0.00029765617664545834,,0,2.0,99.0
2024-06-14,57.59808764318491,57.9243402167363,56.91592831397374,57.54865646362305,2564900,527.2135620117188,121.0,1.0,4.0,4.0,6.0,-3.302973979809972e-05,0.0002527166775439158,,0,2.0,100.0
2024-06-17,57.19274611716789,57.76615836169617,56.55013323812033,57.63763427734375,2412600,531.4095458984375,120.0,1.0,4.0,4.0,6.0,-7.56943722301491e-05,0.00016904241017668024,,0,2.0,101.0
2024-06-18,57.52888213910941,58.0232014680044,57.29161097319985,57.83536148071289,2344900,532.759765625,118.0,1.0,4.0,4.0,6.0,-0.00011886868313021972,5.793226144845798e-05,,0,2.0,102.0
2024-06-20,58.211043877790715,59.10081638636962,58.102293024536635,58.62627029418945,3125600,531.3123779296875,118.0,1.0,4.0,4.0,6.0,-0.00012110003049108338,2.3517896813193527e-05,,0,2.0,103.0
2024-06-21,58.58672082396695,58.58672082396695,57.6178554642838,58.38899612426758,2547500,530.6001586914062,116.0,1.0,4.0,4.0,6.0,-0.0001083906609369175,-6.414307851973823e-06,,0,2.0,104.0
2024-06-24,58.632598746456864,59.137627475992495,58.31571960449219,58.31571960449219,2032800,528.875244140625,114.0,1.0,4.0,4.0,6.0,-9.353165426953117e-05,-3.302973979809972e-05,,0,2.0,105.0
2024-06-25,58.24639875594194,58.24639875594194,57.206638902617,57.384883880615234,1589900,530.9119262695312,115.0,1.0,4.0,4.0,6.0,-0.00010040317383720226,-7.56943722301491e-05,,1,2.0,106.0
2024-06-26,57.048200879379976,58.147377014160156,57.03829628172586,58.147377014160156,1460800,531.5745849609375,114.0,1.0,4.0,4.0,6.0,-8.967600504360698e-05,-0.00011886868313021972,,0,2.0,107.0
2024-06-27,58.3256247133,58.44445344820305,57.751278902523424,57.790889739990234,1860200,532.4125366210938,113.0,1.0,4.0,4.0,6.0,-9.080139788197817e-05,-0.00012110003049108338,,0,2.0,108.0
2024-06-28,58.682105848450384,59.39508575126894,58.40483756513075,58.751426696777344,3096000,530.3174438476562,114.0,1.0,4.0,4.0,6.0,-6.596378690673384e-05,-0.0001083906609369175,,0,2.0,109.0
2024-07-01,59.57333520930601,60.09816557864873,59.24655524759176,59.63275146484375,2337100,531.4088745117188,114.0,1.0,4.0,4.0,6.0,-4.821019829491133e-05,-9.353165426953117e-05,,0,2.0,110.0
2024-07-02,59.563436910760906,60.098168123252194,59.355481896322495,60.04865646362305,2147300,534.9851684570312,112.0,1.0,4.0,4.0,6.0,-1.0296300363088293e-05,-0.00010040317383720226,,0,2.0,111.0
2024-07-03,60.603190413645414,61.6825610995064,60.603190413645414,61.10821533203125,1458400,537.37255859375,113.0,1.0,4.0,4.0,6.0,2.9234691846635172e-05,-8.967600504360698e-05,,0,2.0,112.0
2024-07-05,61.345886701527995,61.345886701527995,60.41505082486139,60.66261291503906,2694300,540.47119140625,112.0,1.0,4.0,4.0,6.0,4.609507352178834e-05,-9.080139788197817e-05,,0,2.0,113.0
2024-07-08,60.652711424660296,61.12803017925995,60.325927656030586,60.712127685546875,1841800,541.0950927734375,110.0,1.0,4.0,4.0,6.0,6.248927010622027e-05,-6.596378690673384e-05,,0,2.0,114.0
2024-07-09,60.603194505479436,60.781439495179164,60.0882649549577,60.108070373535156,1116800,541.6212158203125,110.0,1.0,4.0,4.0,6.0,7.426925224502131e-05,-4.821019829491133e-05,,0,2.0,115.0
2024-07-10,60.5041707137059,60.870565311133284,60.30612407212062,60.632904052734375,1249700,546.9805908203125,109.0,1.0,1.0,4.0,5.0,0.00010298291353076937,-1.0296300363088293e-05,,0,2.0,116.0
2024-07-11,61.67266274814488,62.50447146899162,61.04880904063293,62.2965202331543,2077000,542.2643432617188,113.0,1.0,1.0,4.0,5.0,0.00013940115136948947,2.9234691846635172e-05,,0,2.0,117.0
2024-07-12,62.573786452740016,63.31647265086439,62.2866173270299,62.98969268798828,2652700,545.6846923828125,113.0,1.0,1.0,4.0,5.0,0.00018293419988916205,4.609507352178834e-05,,0,2.0,118.0
2024-07-15,63.41551073878844,64.36614833061024,63.25707114015148,63.672977447509766,1848800,547.1853637695312,112.0,1.0,1.0,4.0,5.0,0.00022082308465045528,6.248927010622027e-05,,0,2.0,119.0
2024-07-16,63.52443418445961,64.67311836032361,63.05901624368019,64.58399963378906,1679100,550.4302368164062,112.0,1.0,1.0,4.0,5.0,0.0002498408095061552,7.426925224502131e-05,,0,2.0,120.0
2024-07-17,64.37604649774049,64.73253650342673,63.23725939929808,63.25706481933594,1806200,542.7125854492188,114.0,1.0,1.0,4.0,5.0,0.00023663069887400025,0.00010298291353076937,,0,2.0,121.0
2024-07-18,63.158036842713784,63.53433604071367,61.70237437635844,62.12818145751953,2320200,538.5418701171875,115.0,1.0,1.0,4.0,5.0,0.000230313138209709,0.00013940115136948947,,0,2.0,122.0
2024-07-19,61.66276447343384,61.87071571785783,61.137934062983504,61.46471405029297,1638000,534.965576171875,114.0,1.0,1.0,4.0,5.0,0.00019746666220580203,0.00018293419988916205,,0,2.0,123.0
2024-07-22,61.524130310484516,61.56373737311459,60.76163863676561,61.46471405029297,1731500,540.481201171875,112.0,1.0,1.0,4.0,5.0,0.00017444161659861167,0.00022082308465045528,,0,2.0,124.0
2024-07-23,61.15773279102612,61.95983526664786,60.62300158477574,61.89051818847656,3819300,539.6333618164062,111.0,1.0,1.0,4.0,5.0,0.00016667282927606858,0.0002498408095061552,,0,2.0,125.0
2024-07-24,61.89051647575535,62.43515226524252,60.58338906998718,60.652706146240234,1715700,527.4038696289062,113.0,1.0,4.0,4.0,6.0,0.0001661828538244281,0.00023663069887400025,,0,2.0,126.0
2024-07-25,60.55368895273058,61.930133573907504,59.929831425885006,61.137935638427734,1785500,524.6558837890625,112.0,1.0,4.0,4.0,6.0,0.00019427062435747888,0.000230313138209709,,0,2.0,127.0
2024-07-26,61.761781604246174,62.2271994853415,61.12802333573175,62.06875991821289,1774300,530.5318603515625,112.0,1.0,4.0,4.0,6.0,0.00021576179717344558,0.00019746666220580203,,0,2.0,128.0
2024-07-29,61.94003498577943,62.197501678200275,61.07851995882792,61.4746208190918,1712100,530.84375,111.0,1.0,4.0,4.0,6.0,0.000264618045936161,0.00017444161659861167,,0,2.0,129.0
2024-07-30,61.46470824457273,61.90041611232927,61.019095778971014,61.22705078125,1793200,528.1542358398438,110.0,1.0,4.0,4.0,6.0,0.00029922036041405987,0.00016667282927606858,,0,2.0,130.0
2024-07-31,62.108368987199256,63.702669210910415,61.989536482111006,62.85105514526367,2460600,536.7391967773438,114.0,1.0,4.0,4.0,6.0,0.0003402897038377649,0.0001661828538244281,,0,2.0,131.0
2024-08-01,62.91046982080202,63.237253554979276,59.62284594830834,60.29621505737305,7114800,529.1383666992188,125.0,1.0,4.0,4.0,6.0,0.0003056165127976759,0.00019427062435747888,,0,2.0,132.0
2024-08-02,58.90987114778367,58.9989936430374,56.92937461103178,57.31557083129883,7978000,519.2866821289062,141.0,1.0,4.0,4.0,6.0,0.00020655984014550363,0.00021576179717344558,,1,2.0,133.0
2024-08-05,53.79028169729415,56.09756180686279,53.344669253654594,55.592533111572266,5581700,504.1631774902344,145.0,4.0,4.0,4.0,12.0,5.101483018701286e-05,0.000264618045936161,,1,4.0,1.0
2024-08-06,55.71136449852417,56.87985772766201,55.28556122925948,56.1668815612793,3194000,508.8113708496094,144.0,4.0,4.0,4.0,12.0,-1.2681450615788616e-05,0.00029922036041405987,,0,4.0,2.0
2024-08-07,57.295764356781795,57.55322723971616,55.404390350137994,55.48360824584961,2689100,505.4104309082031,143.0,4.0,4.0,4.0,12.0,-2.6940093128115618e-05,0.0003402897038377649,,0,4.0,3.0
2024-08-08,56.35502027008159,57.176928021596346,56.10745824046824,56.73131561279297,2471300,517.09423828125,144.0,4.0,4.0,4.0,12.0,-8.892227517684052e-06,0.0003056165127976759,,0,4.0,4.0
2024-08-09,57.176926623898396,57.176926623898396,56.42433595687282,56.83033752441406,1822600,519.374267578125,142.0,4.0,4.0,4.0,12.0,-1.1847081508030052e-05,0.00020655984014550363,,0,4.0,5.0
2024-08-12,57.157126735405775,57.404688782904934,56.572880152207865,56.82044219970703,2170900,519.647216796875,140.0,4.0,4.0,4.0,12.0,2.135593840177685e-06,5.101483018701286e-05,,0,4.0,6.0
2024-08-13,56.95907876246908,57.64234868270442,56.61248961474319,57.46410369873047,1435500,528.1932373046875,138.0,4.0,4.0,4.0,12.0,1.2822068660657779e-05,-1.2681450615788616e-05,,0,4.0,7.0
2024-08-14,57.50371260746283,57.523518024740326,55.98863407195703,56.45404815673828,1975100,529.8594970703125,139.0,4.0,4.0,4.0,12.0,-4.101108209205916e-06,-2.6940093128115618e-05,,0,4.0,8.0
2024-08-15,57.54332281874734,57.95922524457863,56.98878247347524,57.59283447265625,1387600,538.94140625,139.0,4.0,4.0,4.0,12.0,-1.4543851690207664e-05,-8.892227517684052e-06,,0,4.0,9.0
2024-08-16,57.49381489553967,58.10776775434228,57.424497820069895,57.979034423828125,1205700,540.149658203125,137.0,1.0,4.0,4.0,6.0,-1.595179473423844e-05,-1.1847081508030052e-05,,0,2.0,10.0
2024-08-19,58.078061505021914,59.00889350223085,58.078061505021914,58.5236701965332,1982700,545.3143310546875,136.0,1.0,4.0,4.0,6.0,2.875755570230636e-06,2.135593840177685e-06,,0,2.0,11.0
2024-08-20,58.602892870129104,58.86035575800765,57.84040124958871,58.018646240234375,1580800,544.4275512695312,134.0,1.0,4.0,4.0,6.0,2.219844564274998e-05,1.2822068660657779e-05,,0,2.0,12.0
2024-08-21,58.81084333363817,59.13762707139577,58.43454793856808,58.998992919921875,1910900,546.2985229492188,134.0,1.0,4.0,4.0,6.0,3.6641292490886787e-05,-4.101108209205916e-06,,0,2.0,13.0
2024-08-22,58.672209881600104,58.800943214145065,57.72157245087734,57.860206604003906,1887700,542.0108642578125,135.0,1.0,4.0,4.0,6.0,1.111703310878637e-05,-1.4543851690207664e-05,,0,2.0,14.0
2024-08-23,58.38504528090079,59.375293689779696,58.11767775720374,59.216854095458984,1471500,547.77001953125,137.0,1.0,4.0,4.0,6.0,-1.0161438718779995e-05,-1.595179473423844e-05,,0,2.0,15.0
2024-08-26,59.85060701210491,60.06846285098091,59.30597119241246,59.38519287109375,1838200,546.464111328125,135.0,1.0,4.0,4.0,6.0,-2.8228731205668132e-05,2.875755570230636e-06,,0,2.0,16.0
2024-08-27,59.167333573541434,59.85060351348747,58.91977150838017,59.63275146484375,707800,547.2145385742188,133.0,1.0,4.0,4.0,6.0,-1.7159724988650344e-05,2.219844564274998e-05,,0,2.0,17.0
2024-08-28,58.90986803988393,58.959379695191174,58.177082697846345,58.51376724243164,1491800,544.0377807617188,133.0,1.0,4.0,4.0,6.0,-4.342589723783422e-05,3.6641292490886787e-05,,0,2.0,18.0
2024-08-29,58.99899110079915,59.80108974602331,58.830646938130485,59.23664855957031,1311900,544.0865478515625,133.0,1.0,4.0,4.0,6.0,-5.2679382616973866e-05,1.111703310878637e-05,,0,2.0,19.0
2024-08-30,59.30596612396908,59.61294443637758,58.67220785867159,59.25645446777344,1339100,549.2803955078125,131.0,1.0,4.0,4.0,6.0,-4.2721566709101426e-05,-1.0161438718779995e-05,,0,2.0,20.0
2024-09-03,58.24639664235129,58.25630123937906,55.41428629192295,55.6717529296875,3621000,537.976806640625,154.0,4.0,4.0,4.0,12.0,-5.286783578332228e-05,-2.8228731205668132e-05,,1,4.0,21.0
2024-09-04,55.602445940532185,56.34513219738258,54.97858842707851,55.22615051269531,2584100,536.8756103515625,152.0,4.0,4.0,4.0,12.0,-9.504284501057517e-05,-1.7159724988650344e-05,,0,4.0,22.0
2024-09-05,55.47371150523019,55.7014681662101,54.76073150390348,54.869659423828125,1519200,535.56982421875,150.0,4.0,4.0,4.0,12.0,-0.0001363647805642554,-4.342589723783422e-05,,0,4.0,23.0
2024-09-06,54.86965094768424,55.077602156781495,53.22583913661156,53.671451568603516,2770900,526.5560913085938,151.0,4.0,4.0,4.0,12.0,-0.00015873218466748852,-5.2679382616973866e-05,,0,4.0,24.0
2024-09-09,54.037844630247974,54.503262498718136,53.92891672252116,53.998233795166016,1924700,532.4515380859375,149.0,4.0,4.0,4.0,12.0,-0.0001720654586079817,-4.2721566709101426e-05,,0,4.0,25.0
2024-09-10,53.93882314190976,53.948723962266094,53.26545403276092,53.76057815551758,1931500,534.7706909179688,147.0,4.0,4.0,4.0,12.0,-0.00019880644322793717,-5.286783578332228e-05,,0,4.0,26.0
2024-09-11,53.5625305077517,54.85975713604077,52.85945512384966,54.81024169921875,2003400,540.2568969726562,147.0,4.0,4.0,4.0,12.0,-0.00019585411718549695,-9.504284501057517e-05,,0,4.0,27.0
2024-09-12,55.53311762184731,57.068001486594106,55.41428512499824,56.63228988647461,2216600,544.8076782226562,152.0,4.0,4.0,4.0,12.0,-0.0001780204830159858,-0.0001363647805642554,,0,4.0,28.0
2024-09-13,57.23635064828955,58.5830889327783,57.23635064828955,58.07806396484375,2177700,547.6530151367188,153.0,4.0,4.0,4.0,12.0,-0.00011800737963414588,-0.00015873218466748852,,0,4.0,29.0
2024-09-16,58.355327459511614,58.73162283792656,57.77108086308992,58.038448333740234,1973900,548.4618530273438,151.0,4.0,4.0,4.0,12.0,-4.5081710260046026e-05,-0.0001720654586079817,,0,4.0,30.0
2024-09-17,58.03845144647156,58.74152680839073,57.751278542871674,58.08796310424805,1740100,548.6859741210938,149.0,4.0,4.0,4.0,12.0,3.255818662963334e-05,-0.00019880644322793717,,0,4.0,31.0
2024-09-18,58.35533073802585,59.83079854201271,57.76118328819846,57.860206604003906,1902100,547.0587158203125,147.0,4.0,4.0,4.0,12.0,4.8093627053959675e-05,-0.00019585411718549695,,0,4.0,32.0
2024-09-19,59.76148370517044,59.91002246194285,58.75143375810904,59.820899963378906,3269200,556.3938598632812,151.0,1.0,4.0,4.0,6.0,7.578736582487892e-05,-0.0001780204830159858,,0,2.0,33.0
2024-09-20,59.84070275866135,60.01894774797289,59.28616237219242,59.79119110107422,2315500,555.43212890625,149.0,1.0,1.0,4.0,5.0,6.86989087425265e-05,-0.00011800737963414588,,0,2.0,34.0
2024-09-23,60.223693855299786,60.769287434164696,59.896339221637,60.203853607177734,1257600,556.820068359375,147.0,1.0,1.0,4.0,5.0,9.076087115660769e-05,-4.5081710260046026e-05,,0,2.0,35.0
2024-09-24,61.93983793190175,63.189747121979494,61.74144301144291,62.743350982666016,7897500,558.413330078125,156.0,1.0,1.0,4.0,5.0,0.00010881201310376273,3.255818662963334e-05,,0,2.0,36.0
2024-09-25,62.46559531572438,62.85247070995812,62.07871992149063,62.33663558959961,1874600,557.1817016601562,154.0,1.0,1.0,4.0,5.0,0.00013817136737881476,4.8093627053959675e-05,,0,2.0,37.0
2024-09-26,63.72542190551758,64.64797271171882,63.58654394056526,63.72542190551758,3995100,559.3907470703125,154.0,1.0,1.0,4.0,5.0,0.00018624742792687087,7.578736582487892e-05,,0,2.0,38.0
2024-09-27,63.963508754163534,64.7868545764321,63.477432063430925,63.68574523925781,2236400,558.5794067382812,152.0,1.0,1.0,4.0,5.0,0.00019550830731209865,6.86989087425265e-05,,0,2.0,39.0
2024-09-30,63.308784556967886,63.775020943136646,62.65407148352308,63.20958709716797,1242600,560.81787109375,150.0,1.0,1.0,4.0,5.0,0.00019411620898063958,9.076087115660769e-05,,0,2.0,40.0
2024-10-01,63.33854677294769,63.715507738008995,62.71359592790396,63.32862854003906,1785500,555.793701171875,148.0,1.0,1.0,4.0,5.0,0.00016903881639694152,0.00010881201310376273,,0,2.0,41.0
2024-10-02,63.39806774652111,64.05278086088236,62.822715632271894,62.99135208129883,1306100,556.0284423828125,146.0,1.0,1.0,4.0,5.0,0.00015372279033458696,0.00013817136737881476,,0,2.0,42.0
2024-10-03,62.38623427498698,62.733432955205096,62.08863810918614,62.40607452392578,1542100,555.0117797851562,144.0,1.0,1.0,4.0,5.0,0.00014378295765673436,0.00018624742792687087,,1,2.0,43.0
2024-10-04,63.04094685516121,63.586540452174084,62.8524701679431,63.219505310058594,1281200,560.055419921875,143.0,1.0,1.0,4.0,5.0,0.00015852545141853476,0.00019550830731209865,,0,2.0,44.0
2024-10-07,62.97150401565786,63.53694161092579,62.71358836558608,63.34846115112305,1425900,554.9922485351562,141.0,1.0,1.0,4.0,5.0,0.00016363717654089205,0.00019411620898063958,,0,2.0,45.0
2024-10-08,62.34655008097488,62.34655008097488,61.45376163650016,62.217594146728516,2013500,560.2411499023438,141.0,1.0,1.0,4.0,5.0,0.00016000783081752663,0.00016903881639694152,,1,2.0,46.0
2024-10-09,61.850555030659876,62.6639862654802,61.4537614291677,62.58462905883789,1061400,564.12158203125,139.0,1.0,1.0,4.0,5.0,0.00013758216791239959,0.00015372279033458696,,0,2.0,47.0
2024-10-10,62.19776085709404,63.22943115132094,62.03904264137765,63.199668884277344,1824700,563.1343994140625,138.0,1.0,1.0,4.0,5.0,0.0001476393244374398,0.00014378295765673436,,0,2.0,48.0
2024-10-11,63.338546218607284,64.30077752037485,63.338546218607284,64.1519775390625,1060300,566.5065307617188,137.0,1.0,1.0,4.0,5.0,0.00018835647546633087,0.00015852545141853476,,0,2.0,49.0
2024-10-14,63.57662166619437,64.11229705810547,63.24926700500918,64.11229705810547,1028100,571.1395874023438,135.0,1.0,1.0,4.0,5.0,0.00022900570187357871,0.00016363717654089205,,0,2.0,50.0
2024-10-15,63.5369490612637,64.22141686976478,63.40798554489511,63.67582702636719,1187300,566.7019653320312,134.0,1.0,1.0,4.0,5.0,0.00028365574166055546,0.00016000783081752663,,0,2.0,51.0
2024-10-16,64.32061720341433,65.28284855331388,64.32061720341433,64.99517059326172,1177300,569.1651611328125,135.0,1.0,1.0,4.0,5.0,0.00034573343007505676,0.00013758216791239959,,0,2.0,52.0
2024-10-17,65.27291869869295,66.03674736054887,64.90587982216061,65.17371368408203,1667600,569.2139892578125,133.0,1.0,1.0,4.0,5.0,0.00040513520644760054,0.0001476393244374398,,0,2.0,53.0
2024-10-18,65.96731179405924,66.47322863520738,65.50107544714628,66.1161117553711,1370400,571.403564453125,132.0,1.0,1.0,3.0,3.0,0.0004617633672908564,0.00018835647546633087,,0,1.0,1.0
2024-10-21,66.5625042296884,66.66170168137262,65.38204168856947,65.73915100097656,1630000,570.4652099609375,130.0,1.0,1.0,3.0,3.0,0.0005082869451984636,0.00022900570187357871,,0,1.0,2.0
2024-10-22,65.88795891383364,66.08636140942522,64.8562886416015,65.34236907958984,1447200,570.162109375,129.0,1.0,1.0,3.0,3.0,0.0005469104146575214,0.00028365574166055546,,0,1.0,3.0
2024-10-23,64.7471699174717,64.98525291496286,63.71550720146902,64.17182159423828,1342600,564.9524536132812,129.0,1.0,1.0,3.0,3.0,0.0005090465196430905,0.00034573343007505676,,0,1.0,4.0
2024-10-24,64.17181409811437,64.26108953553391,63.07070496025659,63.9238166809082,1068500,566.1741943359375,127.0,1.0,1.0,3.0,3.0,0.00043123247134745367,0.00040513520644760054,,0,1.0,5.0
2024-10-25,64.04285082619707,64.5090871831347,63.298862356061726,63.49726104736328,774600,565.978759765625,126.0,1.0,1.0,3.0,3.0,0.0003273940855724822,0.0004617633672908564,,0,1.0,6.0
2024-10-28,63.73534677365176,65.25309000729769,63.68574425468639,65.11421203613281,778700,567.7283935546875,129.0,1.0,1.0,3.0,3.0,0.00029202542490485876,0.0005082869451984636,,0,1.0,7.0
2024-10-29,65.07452769332119,65.4713251167761,64.49917180772562,65.14396667480469,1104700,568.6470947265625,127.0,1.0,1.0,3.0,3.0,0.0002939865326703005,0.0005469104146575214,,0,1.0,8.0
2024-10-30,64.71740766482903,65.34236603648544,63.99325940241828,64.02301788330078,808200,566.9268798828125,127.0,1.0,1.0,3.0,3.0,0.00029661056946004145,0.0005090465196430905,,0,1.0,9.0
2024-10-31,63.75518469121865,64.25117961903305,62.7334401349871,63.08063507080078,1229400,555.8133544921875,127.0,1.0,1.0,3.0,3.0,0.0002434558802932831,0.00043123247134745367,,0,1.0,10.0
2024-11-01,63.407978109679455,64.02301443179115,63.22942344986994,63.34846115112305,998500,558.1591186523438,125.0,1.0,1.0,3.0,3.0,0.00018617919476351613,0.0003273940855724822,,0,1.0,11.0
2024-11-04,63.22943127833507,63.6460689605155,62.66399361306004,63.03103256225586,1027300,556.9569091796875,123.0,1.0,4.0,3.0,4.0,0.0001435955060916519,0.00029202542490485876,,0,2.0,12.0
2024-11-05,63.01119155751712,64.17182157298758,62.65407462968006,64.1519775390625,1108100,563.6914672851562,124.0,1.0,4.0,3.0,4.0,0.00012313576975834216,0.0002939865326703005,,0,2.0,13.0
2024-11-06,66.97914364927716,69.60791796351396,66.39387333777188,69.33016204833984,3735600,577.7080078125,161.0,1.0,1.0,4.0,5.0,0.000166059981605361,0.00029661056946004145,,0,2.0,14.0
2024-11-07,69.92535450005744,69.92535450005744,68.71512580898784,69.11192321777344,1283100,582.1749877929688,159.0,1.0,1.0,4.0,5.0,0.00020500252214220529,0.0002434558802932831,,0,2.0,15.0
2024-11-08,68.50681670642065,68.77465820449973,67.93146834458199,68.71513366699219,1335800,584.6968383789062,157.0,1.0,1.0,4.0,5.0,0.00024205344486980508,0.00018617919476351613,,0,2.0,16.0
2024-11-11,68.46712903622505,68.48697306941071,67.56442230158775,68.06041717529297,1248900,585.25390625,155.0,1.0,1.0,4.0,5.0,0.00020641263299310777,0.0001435955060916519,,0,2.0,17.0
2024-11-12,67.17754408719995,67.22713903152108,65.72924002493644,66.34426879882812,1442800,583.4358520507812,157.0,1.0,1.0,4.0,5.0,0.000173301068085386,0.00012313576975834216,,1,2.0,18.0
2024-11-13,66.49307329938793,66.57243429764664,65.2233276003741,65.30268859863281,1926200,583.7193603515625,156.0,1.0,1.0,4.0,5.0,0.00014519853973484344,0.000166059981605361,,0,2.0,19.0
2024-11-14,65.45148515655588,65.84827499054288,64.24125648536501,64.57852935791016,1495300,579.9659423828125,154.0,1.0,1.0,4.0,5.0,0.00011423158637995518,0.00020500252214220529,,0,2.0,20.0
2024-11-15,65.03484763269924,65.69948653798768,64.330535796251,64.52893829345703,1555300,572.537353515625,152.0,1.0,1.0,4.0,5.0,8.789942806091394e-05,0.00024205344486980508,,0,2.0,21.0
2024-11-18,65.03485052674415,66.0466843868179,65.03485052674415,65.86812591552734,1769300,574.8832397460938,152.0,1.0,1.0,4.0,5.0,9.128365778266036e-05,0.00020641263299310777,,0,2.0,22.0
2024-11-19,65.34236083737002,66.53274538764018,65.31259479057493,66.45338439941406,1203100,576.9846801757812,151.0,1.0,1.0,4.0,5.0,0.00011634265990695743,0.000173301068085386,,0,2.0,23.0
2024-11-20,66.47322839120152,67.28665959933596,66.23514542666432,66.57242584228516,1324400,577.1802368164062,148.0,1.0,1.0,4.0,5.0,0.0001487986417872087,0.00014519853973484344,,0,2.0,24.0
2024-11-21,66.81051932952971,68.21914319387429,66.38396336291467,67.93147277832031,1244100,580.2786254882812,149.0,1.0,1.0,4.0,5.0,0.00017344284067049423,0.00011423158637995518,,0,2.0,25.0
2024-11-22,67.96121208327423,68.58616282938983,67.80249010873548,68.10009002685547,1120800,582.0772705078125,147.0,1.0,1.0,4.0,5.0,0.00020241475093710646,8.789942806091394e-05,,0,2.0,26.0
2024-11-25,68.13977799095363,68.67545336132986,67.96121953416154,68.33817291259766,1223900,584.0515747070312,145.0,1.0,1.0,4.0,5.0,0.000235359963739986,9.128365778266036e-05,,0,2.0,27.0
2024-11-26,68.16954068063967,68.25881613040632,67.44538479220094,67.73306274414062,1133000,587.1011962890625,143.0,1.0,1.0,4.0,5.0,0.0002483288793247461,0.00011634265990695743,,0,2.0,28.0
2024-11-27,68.11001979799354,68.99289006912652,67.69337835152672,67.8818588256836,615600,585.322265625,141.0,1.0,1.0,4.0,5.0,0.00025596994222805414,0.0001487986417872087,,0,2.0,29.0
2024-11-29,68.15960692095231,68.80440169743686,68.08024593375539,68.19928741455078,580300,588.9584350585938,139.0,1.0,1.0,4.0,5.0,0.0002684042067102408,0.00017344284067049423,,0,2.0,30.0
2024-12-02,68.27865251229298,68.43736692796155,67.3164212973723,67.71321868896484,1026000,590.0140380859375,137.0,1.0,1.0,4.0,5.0,0.00028664517035694673,0.00020241475093710646,,0,2.0,31.0
2024-12-03,68.20921339952294,68.49689131864328,67.69337452100343,67.91161346435547,795500,590.2877197265625,135.0,1.0,1.0,3.0,3.0,0.0002983901899628572,0.000235359963739986,,0,1.0,32.0
2024-12-04,67.79257641650003,68.21913231509296,66.68155273144397,66.92955017089844,1358000,593.953125,135.0,1.0,1.0,3.0,3.0,0.00029855986210444236,0.0002483288793247461,,0,1.0,33.0
2024-12-05,66.94939070295335,66.99899322116993,65.78876443218991,66.58235931396484,975500,592.9756469726562,133.0,1.0,1.0,3.0,3.0,0.0003029782717567095,0.00025596994222805414,,0,1.0,34.0
2024-12-06,66.62204098882643,66.85019441276685,64.68765626851993,64.91581726074219,1479300,594.0997924804688,135.0,1.0,1.0,3.0,3.0,0.0002744753721414294,0.0002684042067102408,,0,1.0,35.0
2024-12-09,66.37403539423619,67.17754464069871,65.41180416076428,65.431640625,1951700,591.0403442382812,134.0,1.0,1.0,3.0,3.0,0.00025709337678272385,0.00028664517035694673,,0,1.0,36.0
2024-12-10,65.38206165323273,65.38206165323273,64.17183269560809,64.53886413574219,1478000,589.2026977539062,133.0,1.0,4.0,3.0,4.0,0.0002016831484140367,0.0002983901899628572,,1,2.0,37.0
2024-12-11,64.70750055108286,65.0150149794323,64.37022007019604,64.55870056152344,904900,593.757568359375,131.0,1.0,4.0,3.0,4.0,0.00017811236038265633,0.00029855986210444236,,0,2.0,38.0
2024-12-12,63.76509900513919,63.76509900513919,62.743350788208744,63.060787200927734,1472100,590.6983032226562,133.0,1.0,4.0,3.0,4.0,0.0001334749793485166,0.0003029782717567095,,1,2.0,39.0
2024-12-13,62.763191972074594,62.763191972074594,61.38432682425767,61.53312301635742,1393000,590.5809326171875,135.0,1.0,4.0,3.0,4.0,0.00011102952299433135,0.0002744753721414294,,0,2.0,40.0
2024-12-16,61.25536766569104,61.41408587588834,60.541133827732885,60.66017532348633,1157600,593.102783203125,135.0,1.0,4.0,3.0,4.0,6.196275555068135e-05,0.00025709337678272385,,0,2.0,41.0
2024-12-17,59.985626508640514,60.263382451400894,59.01347692483829,59.54914855957031,2472400,590.6591796875,135.0,1.0,4.0,3.0,4.0,1.6736421946116068e-05,0.0002016831484140367,,1,2.0,42.0
2024-12-18,59.57890852781802,59.965783942910875,56.8013340708771,57.287410736083984,2130200,573.0553588867188,143.0,4.0,4.0,3.0,10.0,-6.421698061916924e-05,0.00017811236038265633,,0,4.0,1.0
2024-12-19,57.535404773584226,58.06115812352132,56.335098099432486,56.62277603149414,1331600,572.87939453125,142.0,4.0,4.0,3.0,10.0,-0.00016298866217381806,0.0001334749793485166,,0,4.0,2.0
2024-12-20,56.08709700781675,57.28740360370062,56.017658033452584,56.36485290527344,2075400,579.7603759765625,140.0,4.0,4.0,3.0,10.0,-0.0002553048650254268,0.00011102952299433135,,0,4.0,3.0
2024-12-23,56.240718620045314,56.81672964993929,55.81367419635129,56.70748519897461,1298500,583.2319946289062,138.0,4.0,4.0,3.0,10.0,-0.00030664226862631367,6.196275555068135e-05,,0,4.0,4.0
2024-12-24,56.8862494771745,56.95576798604248,56.250649516967464,56.876319885253906,711900,589.7147216796875,136.0,4.0,4.0,3.0,10.0,-0.00031089490930555846,1.6736421946116068e-05,,0,4.0,5.0
2024-12-26,56.77700213196076,57.18418736098427,56.2705096233653,56.99549102783203,924000,589.7539672851562,134.0,4.0,4.0,3.0,10.0,-0.00030192370141519107,-6.421698061916924e-05,,0,4.0,6.0
2024-12-27,56.608174797521265,57.07494517044426,55.803741476021436,56.3003044128418,1405300,583.5459594726562,133.0,4.0,4.0,3.0,10.0,-0.0002888267807754854,-0.00016298866217381806,,0,4.0,7.0
2024-12-30,55.86333099742164,56.23078651387624,55.30717913830757,55.88319396972656,1316000,576.88671875,132.0,4.0,4.0,3.0,10.0,-0.0002907492147478181,-0.0002553048650254268,,0,4.0,8.0
2024-12-31,56.052023411582795,56.83659376753166,55.912986394270256,56.359893798828125,1136900,574.7880249023438,130.0,4.0,4.0,3.0,10.0,-0.000305380506166344,-0.00030664226862631367,,0,4.0,9.0
2025-01-02,57.00543006183539,57.750274511484065,56.89618560306429,57.233848571777344,1220000,573.375732421875,130.0,4.0,4.0,3.0,10.0,-0.0003200930773864489,-0.00031089490930555846,,0,4.0,10.0
2025-01-03,57.16432049724297,57.32322046838195,56.17119473050578,56.985557556152344,1961300,580.5448608398438,128.0,4.0,4.0,3.0,10.0,-0.0003404060273850475,-0.00030192370141519107,,0,4.0,11.0
2025-01-06,58.09786781808552,58.78312335670431,57.7602048450397,57.8297233581543,2366400,583.88916015625,128.0,4.0,4.0,3.0,10.0,-0.00034992595753485204,-0.0002888267807754854,,0,4.0,12.0
2025-01-07,58.306418272459354,58.644081216057195,57.26363687820778,57.67081832885742,1016600,577.288818359375,126.0,4.0,4.0,3.0,10.0,-0.0003584655933330804,-0.0002907492147478181,,0,4.0,13.0
2025-01-08,57.343090122459294,57.42253822305248,56.55851976605066,57.35301971435547,2003600,578.1322631835938,124.0,4.0,4.0,3.0,10.0,-0.0003522966159062359,-0.000305380506166344,,0,4.0,14.0
2025-01-10,57.38281133929056,57.74033725729448,56.4890003327553,56.737281799316406,2130500,569.3056640625,123.0,4.0,4.0,3.0,10.0,-0.00035788842197261635,-0.0003200930773864489,,0,4.0,15.0
2025-01-13,56.359891637146,58.0482063293457,56.101680584679904,58.0482063293457,1832600,570.1882934570312,126.0,4.0,4.0,3.0,10.0,-0.0003317561949778515,-0.0003404060273850475,,0,4.0,16.0
2025-01-14,58.46532424702482,58.65402060418623,57.938968700153275,58.44546127319336,1396600,570.972900390625,124.0,4.0,4.0,3.0,10.0,-0.00030312867272702334,-0.00034992595753485204,,0,4.0,17.0
2025-01-15,59.527964412974995,59.74645332083078,58.812916349175865,59.378997802734375,1763800,581.3588256835938,124.0,4.0,1.0,3.0,9.0,-0.00024418379600644563,-0.0003584655933330804,,0,2.0,18.0
2025-01-16,59.398857024826505,59.70672360630393,59.1009162462073,59.38892364501953,2318100,580.2408447265625,122.0,4.0,1.0,3.0,9.0,-0.000213978413219087,-0.0003522966159062359,,0,2.0,19.0
2025-01-17,59.56769447432076,60.34233150883394,59.39886488001912,59.91529083251953,1360300,586.06640625,121.0,4.0,1.0,3.0,9.0,-0.00018897445589553154,-0.00035788842197261635,,0,2.0,20.0
2025-01-21,60.63033036750561,61.11696368474305,60.25294149628928,60.78923034667969,1256300,591.4309692382812,121.0,4.0,1.0,3.0,9.0,-0.00016272115668147224,-0.0003317561949778515,,0,2.0,21.0
2025-01-22,61.10703573570291,61.20635059930943,59.915287680221994,60.00466537475586,1517100,594.7557373046875,120.0,4.0,1.0,3.0,9.0,-0.00015376853379314842,-0.00030312867272702334,,0,2.0,22.0
2025-01-23,59.56769430085503,60.650201742881926,59.23996470585186,60.391990661621094,1892500,598.0018920898438,119.0,4.0,1.0,3.0,9.0,-0.0001430744878816696,-0.00024418379600644563,,0,2.0,23.0
2025-01-24,61.057378426542186,61.285796923497564,60.09404511412095,60.27280807495117,1295900,596.2562255859375,117.0,4.0,1.0,3.0,9.0,-0.00014520760881820294,-0.000213978413219087,,0,2.0,24.0
2025-01-27,59.319404113918594,59.319404113918594,58.0779968527321,58.2766227722168,1364500,587.8219604492188,124.0,4.0,1.0,3.0,9.0,-0.00012973189294935417,-0.00018897445589553154,,1,2.0,25.0
2025-01-28,58.58449475785055,58.773187302921194,57.95882442012771,58.48517990112305,1233000,592.8726196289062,122.0,4.0,1.0,3.0,9.0,-9.386318076951509e-05,-0.00016272115668147224,,0,2.0,26.0
2025-01-29,58.43552698882538,59.508100970284765,58.43552698882538,59.31940841674805,933100,590.21484375,122.0,4.0,1.0,3.0,9.0,-5.195409741959664e-05,-0.00015376853379314842,,0,2.0,27.0
2025-01-30,59.716659167017006,59.9053517170226,58.94201841818062,59.6670036315918,1010300,593.3826293945312,121.0,4.0,1.0,3.0,9.0,1.096230178071093e-05,-0.0001430744878816696,,0,2.0,28.0
2025-01-31,59.78617544548634,59.91528286355838,58.60435328866222,58.89236068725586,1468500,590.2247314453125,120.0,4.0,1.0,3.0,9.0,3.484260386794681e-05,-0.00014520760881820294,,0,2.0,29.0
2025-02-03,58.27663155005794,59.349205615271494,58.01841667929226,58.425601959228516,1409400,586.2528076171875,119.0,4.0,1.0,3.0,9.0,4.069535031260276e-05,-0.00012973189294935417,,0,2.0,30.0
2025-02-04,58.90230263567343,60.08412117594434,58.88243966165943,60.01460266113281,1488000,590.185546875,123.0,4.0,1.0,3.0,9.0,7.681099902321678e-05,-9.386318076951509e-05,,0,2.0,31.0
2025-02-05,60.103976921850666,60.630332410259825,59.95500652889834,60.560813903808594,1139400,592.5784301757812,121.0,4.0,1.0,3.0,9.0,0.00015393324020745978,-5.195409741959664e-05,,0,2.0,32.0
2025-02-06,60.91834102745488,61.11696695918277,59.70672625354183,60.22315216064453,1215500,594.6380004882812,120.0,4.0,1.0,3.0,9.0,0.00023856340174916574,1.096230178071093e-05,,0,2.0,33.0
2025-02-07,60.86868245108826,61.4645564280319,59.69679367975467,59.83583068847656,2160200,589.1950073242188,118.0,4.0,1.0,3.0,9.0,0.0002442848779711586,3.484260386794681e-05,,0,2.0,34.0
2025-02-10,61.712844094190245,62.41796258851675,61.583736663751324,62.1100959777832,4774800,593.1963500976562,127.0,4.0,1.0,3.0,9.0,0.0002580922729114339,4.069535031260276e-05,,0,2.0,35.0
2025-02-11,62.070366414979816,62.427892331686024,61.593666455529714,61.6433219909668,1820900,593.6475219726562,126.0,4.0,1.0,3.0,9.0,0.0002463578189465,7.681099902321678e-05,,0,2.0,36.0
2025-02-12,61.01765183185615,62.07036661347146,60.819029689472664,61.176551818847656,1530600,591.7349853515625,124.0,4.0,1.0,3.0,9.0,0.0002631838216243893,0.00015393324020745978,,0,2.0,37.0
2025-02-13,61.53407772131235,62.219336993177436,61.057377760457015,62.15974807739258,1715400,597.9822998046875,124.0,4.0,1.0,3.0,9.0,0.0002633353601090294,0.00023856340174916574,,0,2.0,38.0
2025-02-14,62.39809909455881,62.437821249394986,60.54095102376806,60.57074737548828,1770600,597.9528198242188,128.0,4.0,1.0,3.0,9.0,0.0002538849539388824,0.0002442848779711586,,0,2.0,39.0
2025-02-18,61.107031739054584,61.64332060203032,60.30260223306539,61.46455764770508,2581100,599.7083740234375,127.0,4.0,1.0,3.0,9.0,0.0002353628644903755,0.0002580922729114339,,0,2.0,40.0
2025-02-19,60.99778829604692,60.99778829604692,60.23308472029561,60.610469818115234,1843400,601.1206665039062,127.0,4.0,1.0,3.0,9.0,0.00018999005076465424,0.0002463578189465,,0,2.0,41.0
2025-02-20,60.65020119565449,61.51421970756693,60.48137160336778,60.819034576416016,774200,598.6198120117188,125.0,4.0,1.0,3.0,9.0,0.00016454910975271424,0.0002631838216243893,,0,2.0,42.0
2025-02-21,61.05737804386362,61.05737804386362,58.04820786953923,58.24683380126953,2348500,588.3809204101562,136.0,4.0,4.0,4.0,12.0,0.0001099576951699826,0.0002633353601090294,,0,4.0,43.0
2025-02-24,58.673879055196075,58.92216052623842,57.82971978056732,58.356075286865234,1085100,585.70361328125,134.0,4.0,4.0,4.0,12.0,6.797811919232083e-05,0.0002538849539388824,,0,4.0,44.0
2025-02-25,58.12765601195148,58.22697087212704,56.886248673316096,57.76020050048828,1383600,582.790771484375,133.0,4.0,4.0,4.0,12.0,2.9595515288847982e-05,0.0002353628644903755,,0,4.0,45.0
2025-02-26,58.296486166642,59.200230507814126,57.720471374798,57.83964920043945,1025300,583.0849609375,131.0,4.0,4.0,4.0,12.0,4.705706450491863e-05,0.00018999005076465424,,0,4.0,46.0
2025-02-27,57.91909606078496,58.356070046730174,57.18418509403735,57.194114685058594,769600,573.7777709960938,130.0,4.0,4.0,4.0,12.0,5.6509878814419e-05,0.00016454910975271424,,0,4.0,47.0
2025-02-28,56.80680386665361,57.70061492919922,56.23078900966831,57.70061492919922,1842800,582.7318725585938,129.0,4.0,4.0,4.0,12.0,7.440002754436878e-05,0.0001099576951699826,,0,4.0,48.0
2025-03-03,58.75332667579333,58.99167855297501,55.48594163434302,55.823604583740234,1812300,572.5224609375,135.0,4.0,4.0,4.0,12.0,5.166105851948381e-05,6.797811919232083e-05,,0,4.0,49.0
2025-03-04,55.237658918053,56.28044030666819,53.579140560960894,55.16814041137695,2320100,565.74560546875,134.0,4.0,4.0,4.0,12.0,1.8618060611805943e-05,2.9595515288847982e-05,,0,4.0,50.0
2025-03-05,55.99243867166458,56.965701588077664,55.60512018118611,56.90611267089844,1516700,571.8261108398438,138.0,4.0,4.0,4.0,12.0,3.3994151231489265e-06,4.705706450491863e-05,,0,4.0,51.0
2025-03-06,56.25065040214452,57.144465228047636,55.4164244941265,56.00236892700195,1247800,561.6755981445312,138.0,4.0,4.0,4.0,12.0,-1.454151670314109e-05,5.6509878814419e-05,,0,4.0,52.0
2025-03-07,55.83353641925797,56.43934379304528,54.40343277268479,55.624977111816406,1250700,564.82373046875,136.0,4.0,4.0,4.0,12.0,-4.256708012804433e-05,7.440002754436878e-05,,0,4.0,53.0
2025-03-10,54.49281256585574,54.94965332131729,52.68532388040692,53.440101623535156,3362100,549.779296875,145.0,4.0,4.0,4.0,12.0,-0.00013592123735221145,5.166105851948381e-05,,0,4.0,54.0
2025-03-11,53.628795790542256,55.803740033752334,53.58906984738947,55.128414154052734,2246300,545.2090454101562,149.0,4.0,4.0,4.0,12.0,-0.0001655720792637865,1.8618060611805943e-05,,0,4.0,55.0
2025-03-12,55.903056702704255,56.07188628386143,54.820549341805126,55.35683822631836,1655200,548.102294921875,147.0,4.0,4.0,4.0,12.0,-0.00016491321243633421,3.3994151231489265e-06,,0,4.0,56.0
2025-03-13,55.307177143350025,56.220854894046724,54.939721640149735,55.624977111816406,1240600,540.7957153320312,145.0,4.0,4.0,4.0,12.0,-0.00012381502699194104,-1.454151670314109e-05,,0,4.0,57.0
2025-03-14,56.58831195705248,57.36294892798215,56.04209348297453,57.30336380004883,1472100,551.96630859375,148.0,4.0,4.0,4.0,12.0,-0.00011850775635853549,-4.256708012804433e-05,,0,4.0,58.0
2025-03-17,57.323226170041366,58.038274217052034,57.02528537960619,57.72047424316406,2141800,556.2227172851562,146.0,4.0,4.0,4.0,12.0,-0.00010203057421402614,-0.00013592123735221145,,0,4.0,59.0
2025-03-18,58.13759467266468,58.29649467490343,57.13453533039676,57.94889831542969,1661900,550.2108764648438,144.0,4.0,4.0,4.0,12.0,-7.966767667252838e-05,-0.0001655720792637865,,0,4.0,60.0
2025-03-19,58.14752318796129,58.72353805320086,57.472197243840675,58.30642318725586,1287400,556.2030639648438,142.0,4.0,4.0,4.0,12.0,-8.78862390112167e-05,-0.00016491321243633421,,0,4.0,61.0
2025-03-20,57.48212762197092,58.40573500352011,57.41260911269084,57.90917205810547,1320000,554.5947265625,141.0,4.0,4.0,4.0,12.0,-0.00010633253750853898,-0.00012381502699194104,,0,4.0,62.0
2025-03-21,56.906113450882344,57.08487641639564,56.15133943197317,57.005428314208984,2475000,554.7776489257812,140.0,4.0,4.0,4.0,12.0,-0.00015207677745175717,-0.00011850775635853549,,1,4.0,63.0
2025-03-24,57.97887023963103,58.46608550102876,57.819779000169724,58.1578483581543,1721100,564.712890625,141.0,4.0,4.0,4.0,12.0,-0.0001537222228654558,-0.00010203057421402614,,0,4.0,64.0
2025-03-25,58.316936697729915,59.17204969666637,58.316936697729915,58.57545852661133,1218000,566.0703125,139.0,4.0,4.0,4.0,12.0,-0.0001640469447779083,-7.966767667252838e-05,,0,4.0,65.0
2025-03-26,58.74449343198494,59.04278900857445,57.75017231466387,57.99875259399414,1385700,559.3125,138.0,4.0,4.0,4.0,12.0,-0.0001609782746681069,-8.78862390112167e-05,,0,4.0,66.0
2025-03-27,57.660684048365425,58.346764263176766,57.05414755164633,58.068355560302734,1073100,557.8270263671875,136.0,4.0,4.0,4.0,12.0,-0.00017220452729066994,-0.00010633253750853898,,0,4.0,67.0
2025-03-28,58.06835612344722,58.24733423218313,56.15925756127548,56.2984619140625,1445200,546.5933837890625,140.0,4.0,4.0,4.0,12.0,-0.0002036040635440629,-0.00015207677745175717,,0,4.0,68.0
2025-03-31,55.314086625863375,55.93056467669471,53.78283114483099,55.67204284667969,1720200,550.2625732421875,139.0,4.0,4.0,4.0,12.0,-0.0002333328656121981,-0.0001537222228654558,,1,4.0,69.0
2025-04-01,55.46323215393403,56.010111817121434,54.83681256470251,55.59249496459961,1232600,551.8167114257812,137.0,4.0,4.0,4.0,12.0,-0.00027782986564827116,-0.0001640469447779083,,0,4.0,70.0
2025-04-02,55.00584364261308,56.22885815588082,54.727434944871035,56.15925598144531,1142300,555.308837890625,135.0,4.0,4.0,4.0,12.0,-0.0002718262629580971,-0.0001609782746681069,,0,4.0,71.0
2025-04-03,52.88793805842934,53.58396358854855,51.86378853697481,51.953277587890625,2421200,527.9427490234375,170.0,4.0,4.0,4.0,12.0,-0.0002998716533316285,-0.00017220452729066994,,1,4.0,72.0
2025-04-04,49.825429623811644,50.27287486570752,46.48451020836761,48.20468521118164,2781900,497.03546142578125,196.0,4.0,4.0,4.0,12.0,-0.0003382261641038761,-0.0002036040635440629,,1,4.0,73.0
2025-04-07,46.63366520333027,51.31691708536043,45.62939868002044,49.21889877319336,3085200,496.1501159667969,196.0,4.0,4.0,4.0,12.0,-0.0003936793502478798,-0.0002333328656121981,,0,4.0,74.0
2025-04-08,51.92345204640255,51.92345204640255,47.70752867064334,48.46321487426758,1821700,488.3790283203125,194.0,4.0,4.0,4.0,12.0,-0.00041321995899919786,-0.00027782986564827116,,0,4.0,75.0
2025-04-09,48.97031499253755,53.792770890832706,48.11519822537632,53.166351318359375,2786000,539.668212890625,229.0,4.0,4.0,4.0,12.0,-0.00034459071161104616,-0.0002718262629580971,,0,4.0,76.0
2025-04-10,51.535670006840554,52.52004587819416,50.143618799087385,51.476009368896484,1737800,516.0205688476562,230.0,4.0,4.0,4.0,12.0,-0.00030286360057873996,-0.0002998716533316285,,0,4.0,77.0
2025-04-11,52.04276837120855,53.76294348004356,51.59532310173491,53.494476318359375,1430900,525.2278442382812,232.0,4.0,4.0,4.0,12.0,-0.00023659042809813752,-0.0003382261641038761,,0,4.0,78.0
2025-04-14,54.200444150779255,54.737378481445845,53.43482020409273,54.18056106567383,3014000,530.3232421875,229.0,4.0,4.0,4.0,12.0,-0.0002287945112757993,-0.0003936793502478798,,0,4.0,79.0
2025-04-15,54.110953935103325,54.67772046734046,53.63368024909203,54.031410217285156,1096000,528.837890625,226.0,4.0,4.0,4.0,12.0,-0.0001977243098893157,-0.00041321995899919786,,0,4.0,80.0
2025-04-16,54.29987830459439,55.49306443652571,53.74305709821733,54.44902420043945,1183200,517.0828247070312,223.0,4.0,4.0,4.0,12.0,-0.00018896204904161003,-0.00034459071161104616,,0,4.0,81.0
2025-04-17,54.35953644693291,54.896470788109816,53.762945263203605,54.41919708251953,1269300,517.8206176757812,220.0,4.0,4.0,4.0,12.0,-0.0001814903335367824,-0.00030286360057873996,,0,4.0,82.0
2025-04-21,54.58823354810787,54.936244439105714,52.41066776632811,53.01720428466797,1655600,505.4951171875,219.0,4.0,4.0,4.0,12.0,-0.00019003833163197973,-0.00023659042809813752,,0,4.0,83.0
2025-04-22,53.64362751345235,54.210390273035785,53.2856712878135,53.72317123413086,1291000,518.64697265625,217.0,4.0,4.0,4.0,12.0,-0.0001713956886310738,-0.0002287945112757993,,0,4.0,84.0
2025-04-23,54.429146096065494,55.980284795785444,54.429146096065494,55.03567886352539,1927900,526.68359375,216.0,4.0,4.0,4.0,12.0,-0.0001658836044771553,-0.0001977243098893157,,0,4.0,85.0
2025-04-24,55.18482491440106,57.00443447547829,55.035675221743034,56.87517166137695,1234400,537.769775390625,218.0,4.0,1.0,4.0,11.0,-0.00012792169932177792,-0.00018896204904161003,,0,2.0,86.0
2025-04-25,56.00016978320499,56.32829760046294,55.652158879780835,56.21892166137695,1148600,541.6553344726562,215.0,4.0,1.0,4.0,11.0,-0.00011723302679847001,-0.0001814903335367824,,0,2.0,87.0
2025-04-28,56.119486084474936,56.91494606362196,55.751588309591725,56.59675979614258,877900,541.8619384765625,212.0,4.0,1.0,4.0,11.0,-0.00010431025858732542,-0.00019003833163197973,,0,2.0,88.0
2025-04-29,56.23880909288318,56.646480637912695,55.6621009695059,56.55699157714844,1071100,545.2752685546875,209.0,4.0,1.0,4.0,11.0,-0.00011524998458769258,-0.0001713956886310738,,0,2.0,89.0
2025-04-30,55.025728531458604,56.14931241008025,54.59817016507251,56.029991149902344,1999800,545.49169921875,206.0,4.0,1.0,4.0,11.0,-0.00012755961144552024,-0.0001658836044771553,,0,2.0,90.0
2025-05-01,56.14931869506836,56.80557052736782,55.89079306211245,56.14931869506836,1664900,549.3575439453125,203.0,4.0,1.0,4.0,11.0,-0.00014324979364256578,-0.00012792169932177792,,0,2.0,91.0
2025-05-02,56.86522395266389,57.62091013414712,56.387950266322214,57.19335174560547,1168700,557.5122680664062,202.0,4.0,1.0,4.0,11.0,-0.0001613579859324801,-0.00011723302679847001,,0,2.0,92.0
2025-05-05,57.24306963099306,57.43198928838665,56.835398101750066,57.13369369506836,693300,554.3153076171875,199.0,4.0,1.0,4.0,11.0,-0.00016855046295680617,-0.00010431025858732542,,0,2.0,93.0
2025-05-06,56.95471002473313,57.88937426380055,56.69618821388433,57.789939880371094,1348300,549.6821899414062,196.0,4.0,1.0,4.0,11.0,-0.0001699114330793991,-0.00011524998458769258,,0,2.0,94.0
2025-05-07,57.67062550274229,57.67062550274229,56.5569868999113,57.10386276245117,1143500,551.9938354492188,194.0,4.0,1.0,4.0,11.0,-0.0001714346228893199,-0.00012755961144552024,,0,2.0,95.0
2025-05-08,57.5115381550256,58.128016234781796,57.04420597891794,57.54136657714844,2836000,555.840087890625,192.0,4.0,1.0,4.0,11.0,-0.0001628040860964128,-0.00014324979364256578,,0,2.0,96.0
2025-05-09,57.7004540108945,58.118070858239655,56.87516944464613,58.068355560302734,816900,555.1317138671875,189.0,4.0,1.0,4.0,11.0,-0.00014428620147955825,-0.0001613579859324801,,0,2.0,97.0
2025-05-12,59.460401852264084,59.708982130737624,58.31693484710622,58.79420852661133,1776400,573.4773559570312,187.0,4.0,1.0,4.0,11.0,-9.258524737176598e-05,-0.00016855046295680617,,0,2.0,98.0
2025-05-13,59.08255963089353,59.73881521697271,58.86381156190122,59.30131149291992,1717800,577.2646484375,185.0,4.0,1.0,3.0,9.0,-4.682317804773986e-05,-0.0001699114330793991,,0,2.0,99.0
2025-05-14,58.993075236180346,59.35102766151976,58.65500589583134,58.75443649291992,1462200,578.00244140625,182.0,4.0,1.0,3.0,9.0,-2.5092018147183608e-05,-0.0001714346228893199,,0,2.0,100.0
2025-05-15,58.26721790173848,58.814097568937555,57.87943325993126,58.7444953918457,1196100,580.8256225585938,180.0,4.0,1.0,3.0,9.0,-3.743126055517093e-05,-0.0001628040860964128,,0,2.0,101.0
2025-05-16,58.187673876767285,59.24165565625307,58.008695767174714,59.102447509765625,1433300,584.5045776367188,177.0,4.0,1.0,3.0,9.0,-1.7814643116201053e-05,-0.00014428620147955825,,0,2.0,102.0
2025-05-19,58.336817660038285,59.16210600138621,58.227445524167486,59.152164459228516,889800,585.1439208984375,175.0,4.0,1.0,3.0,9.0,5.006851496237675e-05,-9.258524737176598e-05,,0,2.0,103.0
2025-05-20,59.00301297305858,59.34108229160256,58.824034875415656,59.28142166137695,670500,583.176513671875,172.0,4.0,1.0,3.0,9.0,0.00011578371685836417,-4.682317804773986e-05,,0,2.0,104.0
2025-05-21,58.7743278641844,59.58967096035229,58.406430075190215,58.47603225708008,1438800,573.3495483398438,170.0,4.0,1.0,3.0,9.0,0.00013644585182001425,-2.5092018147183608e-05,,0,2.0,105.0
2025-05-22,58.257279613262526,58.30699491495736,57.670629949981,57.87943649291992,1336500,573.575927734375,169.0,4.0,1.0,3.0,9.0,6.307317023345937e-05,-3.743126055517093e-05,,1,2.0,106.0
2025-05-23,58.088236685226335,59.728868013030585,57.94903233848589,59.52006149291992,3604100,569.6607055664062,170.0,4.0,1.0,3.0,9.0,4.0112318050073005e-05,-1.7814643116201053e-05,,0,2.0,107.0
2025-05-27,60.00728136578084,61.21041286967037,59.90785076554137,61.08115005493164,2250400,581.50439453125,171.0,4.0,1.0,3.0,9.0,2.1411588158220483e-05,5.006851496237675e-05,,0,2.0,108.0
2025-05-28,61.08115137441887,61.24024261405931,60.444786415857116,60.524330139160156,1678400,578.14013671875,169.0,4.0,1.0,3.0,9.0,4.975511370367807e-05,0.00011578371685836417,,0,2.0,109.0
2025-05-29,60.76296551622428,60.802739272181235,59.70898374156984,59.987396240234375,1804100,580.4222412109375,167.0,4.0,1.0,3.0,9.0,3.046000970316765e-05,0.00013644585182001425,,0,2.0,110.0
2025-05-30,59.41069042912108,59.868077261008686,58.83398232480119,59.75870132446289,1103500,579.7730102539062,165.0,4.0,1.0,3.0,9.0,8.216737847490103e-06,6.307317023345937e-05,,0,2.0,111.0
2025-06-02,61.99592484862721,62.890815439285326,61.270070833108676,61.75728988647461,2805600,583.0388793945312,169.0,1.0,1.0,3.0,3.0,2.9580510125639157e-05,4.0112318050073005e-05,,0,1.0,1.0
2025-06-03,61.836826767131306,63.1095603322403,61.0612575364023,62.97035598754883,2253500,586.3637084960938,168.0,1.0,1.0,3.0,3.0,9.984483497682604e-05,2.1411588158220483e-05,,0,1.0,2.0
2025-06-04,63.14933387596712,63.875187852353626,63.02007485886734,63.765811920166016,1627900,586.2063598632812,167.0,1.0,1.0,3.0,3.0,0.0001760001928269142,4.975511370367807e-05,,0,1.0,3.0
2025-06-05,64.65075712708882,65.12803461173185,63.527176970878635,63.765811920166016,3500300,583.3732299804688,164.0,1.0,1.0,3.0,3.0,0.0002129260501430195,3.046000970316765e-05,,0,1.0,4.0
2025-06-06,64.3922384782508,64.48172373860382,63.82547573781048,64.04422760009766,916000,589.364013671875,162.0,1.0,1.0,3.0,3.0,0.00019581538332527453,8.216737847490103e-06,,0,1.0,5.0
2025-06-09,64.70047652437272,65.43627204669411,64.6706481038293,64.98883056640625,1438500,589.8950805664062,161.0,1.0,1.0,3.0,3.0,0.000204436038662885,2.9580510125639157e-05,,0,1.0,6.0
2025-06-10,65.33683933693534,65.35673000736668,64.10388328257439,64.42206573486328,1309400,593.2396240234375,159.0,1.0,1.0,3.0,3.0,0.00021900766254538567,9.984483497682604e-05,,0,1.0,7.0
2025-06-11,64.09394082916657,64.47178013760185,63.358145297553236,64.00445556640625,1068200,591.5476684570312,157.0,1.0,1.0,3.0,3.0,0.0002471504456355463,0.0001760001928269142,,0,1.0,8.0
2025-06-12,63.676328162798505,64.54139030523925,63.39791565800913,64.52149963378906,834700,593.898681640625,155.0,1.0,1.0,3.0,3.0,0.00026839742833047577,0.0002129260501430195,,0,1.0,9.0
2025-06-13,63.895078825427234,65.39649829061345,63.85530506934658,64.98883056640625,1123400,587.2588500976562,153.0,1.0,1.0,3.0,3.0,0.00031636165496617735,0.00019581538332527453,,0,1.0,10.0
2025-06-16,65.76439662201908,66.60956803562753,65.67491136477406,65.85388946533203,1308000,592.8462524414062,151.0,1.0,1.0,3.0,3.0,0.0003735412227783606,0.000204436038662885,,0,1.0,11.0
2025-06-17,65.9831522849808,66.84821441861675,65.87377635132331,66.3808822631836,1340800,587.7801513671875,150.0,1.0,1.0,1.0,1.0,0.00042058478769956215,0.00021900766254538567,,0,1.0,12.0
2025-06-18,66.34111195429482,66.95758624578042,66.11241473947132,66.30133819580078,942000,587.691650390625,147.0,1.0,1.0,1.0,1.0,0.0004341919285800076,0.0002471504456355463,,0,1.0,13.0
2025-06-20,66.70900608584503,66.74877984442318,65.07831991448431,65.15786743164062,1841100,586.3114624023438,147.0,1.0,1.0,1.0,1.0,0.0004270237891777044,0.00026839742833047577,,0,1.0,14.0
2025-06-23,65.18774308879264,66.2531297378039,64.89899244232201,65.9046401977539,1284400,592.1026611328125,146.0,1.0,1.0,1.0,1.0,0.00041485117149603264,0.00031636165496617735,,0,1.0,15.0
2025-06-24,65.8747610190876,66.07389569926819,65.33708826679866,65.65570831298828,1756800,598.6439208984375,144.0,1.0,1.0,1.0,1.0,0.0004093903635112432,0.0003735412227783606,,0,1.0,16.0
2025-06-25,65.69553911154969,65.77518842856219,64.80936924258519,65.24747467041016,938600,598.979248046875,142.0,1.0,1.0,1.0,1.0,0.0004092666555725191,0.00042058478769956215,,0,1.0,17.0
2025-06-26,65.71544377567268,67.10940925385073,65.71544377567268,67.00984191894531,1942700,603.6655883789062,144.0,1.0,1.0,1.0,1.0,0.00041758266479942786,0.0004341919285800076,,0,1.0,18.0
2025-06-27,66.46221857699028,66.49208802158462,65.39683200628286,66.09381103515625,1648000,606.664794921875,143.0,1.0,1.0,1.0,1.0,0.00041293342980111076,0.0004270237891777044,,0,1.0,19.0
2025-06-30,66.36264125911529,67.21893399251036,65.8647970000019,66.93018341064453,1907000,609.5653686523438,142.0,1.0,1.0,1.0,1.0,0.00042843601614806214,0.00041485117149603264,,0,1.0,20.0
2025-07-01,66.77088555743569,67.44795421548687,65.80506624851682,66.8704605102539,1449500,609.3681030273438,140.0,1.0,1.0,1.0,1.0,0.00042664906812900605,0.0004093903635112432,,0,1.0,21.0
2025-07-02,67.57738415089433,69.82763478868517,67.57738415089433,69.7778549194336,2237600,612.1305541992188,150.0,1.0,1.0,1.0,1.0,0.0004821613869162634,0.0004092666555725191,,0,1.0,22.0
2025-07-03,69.70815967559683,70.02677971762373,69.44927851754342,69.76789855957031,2032800,616.9550170898438,148.0,1.0,1.0,1.0,1.0,0.0005231275196177653,0.00041758266479942786,,0,1.0,23.0
2025-07-07,68.72242558239809,68.99126576529586,68.0851854698645,68.87178039550781,2247000,612.357421875,146.0,1.0,1.0,1.0,1.0,0.0005686569363367162,0.00041293342980111076,,1,1.0,24.0
2025-07-08,69.04104715986341,69.29992833519086,67.84622382166245,68.32415771484375,1672200,612.0220336914062,145.0,1.0,1.0,1.0,1.0,0.0005481285402982208,0.00042843601614806214,,0,1.0,25.0
2025-07-09,68.59299440927917,68.59299440927917,67.76657095940786,68.19471740722656,1002600,615.6920776367188,143.0,1.0,1.0,1.0,1.0,0.0005114776814538372,0.00042664906812900605,,0,1.0,26.0
2025-07-10,70.63416363848683,71.87877459858701,70.55450671387983,71.82898712158203,2617200,617.4285278320312,157.0,1.0,1.0,1.0,1.0,0.0004867476951336248,0.0004821613869162634,,0,1.0,27.0
2025-07-11,71.45062385540763,72.81471252441406,71.45062385540763,72.81471252441406,2171600,615.258056640625,156.0,1.0,1.0,1.0,1.0,0.0005042163375632249,0.0005231275196177653,,0,1.0,28.0
2025-07-14,72.45625519449507,73.02379738570257,71.7194477665154,72.27703094482422,1073500,616.4320678710938,154.0,1.0,1.0,1.0,1.0,0.0005339411608418502,0.0005686569363367162,,0,1.0,29.0
2025-07-15,72.96406483392238,73.20302798872295,71.91859628385629,71.96837615966797,2321300,613.7978515625,152.0,1.0,1.0,1.0,1.0,0.0005422811570240319,0.0005481285402982208,,0,1.0,30.0
2025-07-16,72.36665148484059,72.50604728831112,71.03242474183487,72.31686401367188,1847000,615.8499755859375,150.0,1.0,1.0,1.0,1.0,0.0005266266327413296,0.0005114776814538372,,0,1.0,31.0
2025-07-17,71.85884701220195,74.42772551535722,71.63979429691719,74.31819915771484,1810800,619.6187133789062,152.0,1.0,1.0,1.0,1.0,0.0005299848777078446,0.0004867476951336248,,0,1.0,32.0
2025-07-18,74.64677179463578,75.31388129984776,74.23853584289364,74.85586547851562,1379300,619.1649780273438,150.0,1.0,1.0,1.0,1.0,0.0005445904683947903,0.0005042163375632249,,0,1.0,33.0
2025-07-21,76.07060668860619,77.18577300210254,75.5528443889108,75.712158203125,2757100,620.3389892578125,149.0,1.0,1.0,1.0,1.0,0.0005885807907974438,0.0005339411608418502,,0,1.0,34.0
2025-07-22,76.41910688623149,78.1217336329634,76.41910688623149,77.783203125,2356900,620.4276733398438,151.0,1.0,1.0,1.0,1.0,0.0006369143521405186,0.0005422811570240319,,0,1.0,35.0
2025-07-23,78.05203744583059,78.5200123554305,77.35505838674693,78.06199645996094,2314700,625.7061157226562,149.0,1.0,1.0,1.0,1.0,0.000673985517840622,0.0005266266327413296,,0,1.0,36.0
2025-07-24,77.53428110967376,77.89272964618517,76.50871537679274,76.92691040039062,1570500,625.9132080078125,148.0,1.0,1.0,1.0,1.0,0.000674041323680841,0.0005299848777078446,,0,1.0,37.0
2025-07-25,76.95677322832154,77.43469950490625,76.41910046978784,77.26543426513672,1343500,628.5572509765625,146.0,1.0,1.0,1.0,1.0,0.0006715230870351943,0.0005445904683947903,,0,1.0,38.0
2025-07-28,76.99660291694042,77.13599871621797,74.84591184837014,75.89138793945312,2434700,628.3994140625,146.0,1.0,1.0,1.0,1.0,0.0006560920554830097,0.0005885807907974438,,0,1.0,39.0
2025-07-29,75.66238116719319,75.93122136661435,74.05932177405806,74.84591674804688,1736100,626.741943359375,145.0,1.0,1.0,1.0,1.0,0.0006240922220410556,0.0006369143521405186,,0,1.0,40.0
2025-07-30,74.47750952254975,75.13466004134521,72.8246628178956,73.33246612548828,3071700,625.9526977539062,146.0,1.0,1.0,1.0,1.0,0.0005402587188800143,0.000673985517840622,,0,1.0,41.0
2025-07-31,72.53590853313479,73.4419887497738,72.18741906385081,73.0038833618164,2294700,623.6045532226562,144.0,1.0,1.0,1.0,1.0,0.0004725914270922004,0.000674041323680841,,0,1.0,42.0
2025-08-01,71.58004655733997,72.67530240181183,70.76358228093362,72.09780883789062,2466000,613.3834838867188,142.0,1.0,4.0,1.0,2.0,0.0004259373346223096,0.0006715230870351943,,0,2.0,43.0
2025-08-04,72.32682163616748,73.63117131348488,72.23721330558907,73.49177551269531,1328300,622.7067260742188,143.0,1.0,4.0,1.0,2.0,0.0004254871628427814,0.0006560920554830097,,0,2.0,44.0
2025-08-05,73.77056882474902,75.37362816749982,73.40216888404956,75.254150390625,2056800,619.5496215820312,144.0,1.0,4.0,1.0,2.0,0.0004494895849316632,0.0006240922220410556,,0,2.0,45.0
2025-08-06,75.83165113006741,76.50871211853084,75.01517914550536,75.08488464355469,1636700,624.2952270507812,142.0,1.0,4.0,1.0,2.0,0.00048672977015813733,0.0005402587188800143,,0,2.0,46.0
2025-08-07,76.75762932879505,77.76327692610806,76.06065035828169,77.61392211914062,2561900,623.7723388671875,147.0,1.0,4.0,1.0,2.0,0.0005389919500781579,0.0004725914270922004,,0,2.0,47.0
2025-08-08,78.85854233060505,80.04341431943207,78.699236088121,78.94815826416016,2306400,628.63623046875,147.0,1.0,4.0,1.0,2.0,0.0005848030532840941,0.0004259373346223096,,0,2.0,48.0
2025-08-11,78.3606948852539,79.48582793829776,77.65375684478917,78.3606948852539,2468700,627.3930053710938,145.0,1.0,1.0,1.0,1.0,0.000622785512298889,0.0004254871628427814,,0,1.0,49.0
2025-08-12,79.1074518123383,81.00922057842318,78.98797404877324,80.65077209472656,2211500,634.072265625,148.0,1.0,1.0,1.0,1.0,0.0006588621281920999,0.0004494895849316632,,0,1.0,50.0
2025-08-13,80.96940131893298,81.28802138545282,79.94384321721292,81.15858459472656,2334100,636.2428588867188,146.0,1.0,1.0,1.0,1.0,0.000696847482378854,0.00048672977015813733,,0,1.0,51.0
2025-08-14,80.1828095117855,80.51138860478311,79.31656520761246,80.26246643066406,1799800,636.3020629882812,145.0,1.0,1.0,1.0,1.0,0.0007324294781689287,0.0005389919500781579,,0,1.0,52.0
2025-08-15,80.67068689111105,80.67068689111105,79.3364678157211,79.43603515625,1652100,634.812255859375,143.0,1.0,1.0,1.0,1.0,0.0007313153524830287,0.0005848030532840941,,0,1.0,53.0
2025-08-18,79.17715691802856,79.34642975933096,78.35074112426445,78.76892852783203,1609600,634.6741333007812,142.0,1.0,1.0,1.0,1.0,0.0007197255899458356,0.000622785512298889,,0,1.0,54.0
2025-08-19,78.6394861790818,78.80875141191329,76.63815003710069,77.10612487792969,1825800,631.2308959960938,143.0,1.0,1.0,1.0,1.0,0.0006814539553865979,0.0006588621281920999,,0,1.0,55.0
2025-08-20,76.80742184136307,77.09617246139845,76.13035325560806,76.76759338378906,1394200,629.5537719726562,141.0,1.0,1.0,1.0,1.0,0.000661862861098555,0.000696847482378854,,0,1.0,56.0
2025-08-21,76.54853602990022,77.27539204273253,76.21996456868938,77.1559066772461,1567800,627.028076171875,139.0,1.0,1.0,1.0,1.0,0.0006106236075626043,0.0007324294781689287,,0,1.0,57.0
2025-08-22,77.25548049842955,80.21267707293553,77.106133274668,79.78453063964844,2284700,636.6571044921875,144.0,1.0,1.0,1.0,1.0,0.0006262110027439712,0.0007313153524830287,,0,1.0,58.0
2025-08-25,79.7944809458422,80.95943474306716,79.77457051701396,80.30228424072266,1539600,633.855224609375,142.0,1.0,1.0,1.0,1.0,0.0006543297521257784,0.0007197255899458356,,0,1.0,59.0
2025-08-26,80.34212412150859,81.54690654424066,80.18281028222073,80.83000946044922,1201700,636.5092163085938,140.0,1.0,1.0,1.0,1.0,0.0007061786352507135,0.0006814539553865979,,0,1.0,60.0
2025-08-27,80.40185720160997,80.91961194886869,79.96375177173623,80.68064880371094,971400,637.95947265625,138.0,1.0,1.0,1.0,1.0,0.0007287875960086473,0.000661862861098555,,0,1.0,61.0
2025-08-28,81.18846056951972,81.35772583173875,80.61095927859361,81.24819946289062,1138200,640.2188110351562,137.0,1.0,1.0,1.0,1.0,0.0007332547754769304,0.0006106236075626043,,0,1.0,62.0
2025-08-29,81.48715895105744,82.05470879844637,80.88974725483452,81.97505187988281,1432800,636.400634765625,135.0,1.0,1.0,1.0,1.0,0.0007675621673875256,0.0006262110027439712,,0,1.0,63.0
2025-09-02,81.10878913700981,81.24818492760551,79.79448054246402,81.18844604492188,2118500,631.6847534179688,134.0,1.0,1.0,1.0,1.0,0.0007649919232917508,0.0006543297521257784,,0,1.0,64.0
2025-09-03,81.59667440409476,81.68629032462105,80.6906017652227,81.18844604492188,1081900,635.1082153320312,132.0,1.0,1.0,1.0,1.0,0.000748084792586761,0.0007061786352507135,,0,1.0,65.0
2025-09-04,80.96940059178242,81.38758800099009,80.44168682352012,81.21832275390625,1428800,640.4161376953125,130.0,1.0,1.0,1.0,1.0,0.0007034424890332555,0.0007287875960086473,,0,1.0,66.0
2025-09-05,81.89538857507036,83.57810476512243,81.2681074824273,83.56814575195312,1788100,638.5612182617188,134.0,1.0,1.0,1.0,1.0,0.0007053093234621277,0.0007332547754769304,,0,1.0,67.0
2025-09-08,83.9962903700855,84.20538406317698,82.80146709627677,83.71749877929688,1730500,640.1300048828125,132.0,1.0,1.0,1.0,1.0,0.0007205439972012171,0.0007675621673875256,,0,1.0,68.0
2025-09-09,83.72745884599799,84.53397185581927,82.76164719141266,83.0006103515625,1394400,641.60986328125,130.0,1.0,1.0,1.0,1.0,0.0007376258314083787,0.0007649919232917508,,0,1.0,69.0
2025-09-10,83.2993195229494,84.69327761293988,83.2993195229494,84.51405334472656,1737100,643.4646606445312,131.0,1.0,1.0,1.0,1.0,0.0007624501367971985,0.000748084792586761,,0,1.0,70.0
2025-09-11,84.20539609611916,86.22664301467383,83.94651489774944,85.66905975341797,3271800,648.8119506835938,130.0,1.0,1.0,1.0,1.0,0.0008192303435876251,0.0007034424890332555,,0,1.0,71.0
2025-09-12,85.49978996584282,85.94784683470684,84.98202759650925,85.20108032226562,1309300,648.5948486328125,128.0,1.0,1.0,1.0,1.0,0.0008835177372150095,0.0007053093234621277,,0,1.0,72.0
2025-09-15,85.64913074648747,88.85524928076529,85.44999606342103,88.70589447021484,3764900,652.0479736328125,138.0,1.0,1.0,1.0,1.0,0.0009464611337687253,0.0007205439972012171,,0,1.0,73.0
2025-09-16,89.17387446973493,89.17387446973493,87.62060258211434,87.85956573486328,2157300,651.1502685546875,136.0,1.0,1.0,1.0,1.0,0.0009555556861248525,0.0007376258314083787,,0,1.0,74.0
2025-09-17,87.15262087921684,89.46261809917267,86.38594400903152,87.37167358398438,1982100,650.3412475585938,135.0,1.0,1.0,1.0,1.0,0.0009410536129485507,0.0007624501367971985,,0,1.0,75.0
2025-09-18,87.35176495166083,88.78555138204192,86.24654998868925,88.70589447021484,1975100,653.3798828125,134.0,1.0,1.0,1.0,1.0,0.0009251213994838204,0.0008192303435876251,,0,1.0,76.0
2025-09-19,88.82538462141983,90.65745570959776,88.66607838568788,90.00029754638672,2265800,656.6160278320312,134.0,1.0,1.0,1.0,1.0,0.0009436843757713299,0.0008835177372150095,,0,1.0,77.0
2025-09-22,90.26046335773943,90.87847599905201,88.91477398907705,90.64921569824219,1594200,659.7225341796875,132.0,1.0,1.0,1.0,1.0,0.0009849773427587198,0.0009464611337687253,,0,1.0,78.0
2025-09-23,91.28717400304097,92.35375236481927,90.37011753599785,91.20742797851562,1920300,656.1312866210938,130.0,1.0,1.0,1.0,1.0,0.0010245681024201026,0.0009555556861248525,,0,1.0,79.0
2025-09-24,91.20742424044397,91.93509337566573,90.07107005502854,90.19068908691406,1987300,654.043701171875,129.0,1.0,1.0,1.0,1.0,0.0010188212671036337,0.0009410536129485507,,0,1.0,80.0
2025-09-25,89.18391879371077,92.61292174664189,88.94468832873865,91.40678405761719,2315500,651.0263061523438,129.0,1.0,1.0,1.0,1.0,0.0010605359506784791,0.0009251213994838204,,0,1.0,81.0
2025-09-26,91.44665367517123,92.55310499147474,91.27719908564704,91.90518188476562,1717500,654.756103515625,127.0,1.0,1.0,1.0,1.0,0.001148660209844067,0.0009436843757713299,,0,1.0,82.0
2025-09-29,93.4901052723972,93.51003797574643,91.84537966360901,93.18109893798828,1777600,656.5962524414062,127.0,1.0,1.0,1.0,1.0,0.0012792373853447883,0.0009849773427587198,,0,1.0,83.0
2025-09-30,92.10454634440786,93.13125163375639,91.66595084022052,92.89202117919922,2016600,659.0695190429688,125.0,1.0,1.0,1.0,1.0,0.001372157773440621,0.0010245681024201026,,0,1.0,84.0
2025-10-01,92.87207724930214,95.42389655004253,92.87207724930214,95.00523376464844,2860000,661.3153076171875,127.0,1.0,1.0,1.0,1.0,0.0013799268096018058,0.0010188212671036337,,0,1.0,85.0
2025-10-02,95.56345583403021,96.5104151414768,93.82901405523425,96.36089324951172,2462800,662.0769653320312,126.0,1.0,1.0,1.0,1.0,0.001421736366605804,0.0010605359506784791,-1.0,0,1.0,86.0
2025-10-03,97.22811417173095,98.84293691650008,96.49048247078673,97.248046875,1807800,662.0672607421875,125.0,1.0,1.0,1.0,1.0,0.0014356446326732727,0.001148660209844067,-1.0,0,1.0,87.0
2025-10-06,98.52395131636867,99.38120203880564,97.81622248365892,97.91590881347656,1879200,664.4415893554688,124.0,1.0,1.0,1.0,1.0,0.0014511441875978807,0.0012792373853447883,-1.0,0,1.0,88.0
2025-10-07,98.51398220909151,101.12559960846926,97.88599183504368,98.65353393554688,3936600,661.9781494140625,122.0,1.0,1.0,1.0,1.0,0.001437370358998183,0.001372157773440621,-1.0,0,1.0,89.0
2025-10-08,100.17864850422608,101.99282870030164,100.00919390907052,101.94298553466797,3285500,665.925537109375,128.0,1.0,1.0,1.0,1.0,0.0014439855707345257,0.0013799268096018058,-1.0,0,1.0,90.0
2025-10-09,103.52791100400898,104.84369003470408,101.30503802385753,102.03270721435547,3233600,663.996337890625,126.0,1.0,1.0,1.0,1.0,0.0014790987752905103,0.001421736366605804,-1.0,0,1.0,91.0
2025-10-10,103.49800603815652,105.42183517921488,100.44778519795541,100.55743408203125,4508900,646.0499877929688,126.0,1.0,1.0,1.0,1.0,0.0014919865916819903,0.0014356446326732727,-1.0,0,1.0,92.0
2025-10-13,105.55141329669371,108.58169372833684,105.55141329669371,107.73441314697266,4724800,655.9630126953125,156.0,1.0,1.0,4.0,5.0,0.0014619945645091906,0.0014511441875978807,-1.0,0,2.0,93.0
2025-10-14,106.5681518225664,110.2463476310127,103.73722895664942,108.59165954589844,4670400,655.16162109375,154.0,1.0,1.0,4.0,5.0,0.0014322499142287212,0.001437370358998183,1.0,0,1.0,94.0
2025-10-15,109.89747372884837,110.73478416400178,105.14272923208568,107.58489227294922,4091000,658.0702514648438,152.0,1.0,1.0,4.0,5.0,0.0013905168964960376,0.0014439855707345257,1.0,0,1.0,95.0
2025-10-16,108.62157386250452,109.61837640123724,105.68100181024309,106.26911926269531,3300900,653.588623046875,151.0,1.0,1.0,4.0,5.0,0.0013749747249767281,0.0014790987752905103,1.0,0,1.0,96.0
2025-10-17,103.69736631237524,105.07295867539614,100.88638347294095,101.93302917480469,4291400,657.2986450195312,159.0,1.0,1.0,4.0,5.0,0.0012615021133298738,0.0014919865916819903,-1.0,1,2.0,97.0
2025-10-20,105.67103306748257,107.24597520657909,104.0462401573712,106.9569091796875,2846600,664.1348876953125,170.0,1.0,1.0,4.0,5.0,0.001191086382025974,0.0014619945645091906,1.0,0,1.0,98.0
2025-10-21,102.94976249785658,102.94976249785658,99.40114797924717,99.9892578125,4566500,664.125,191.0,1.0,1.0,4.0,5.0,0.001033184945388738,0.0014322499142287212,-1.0,1,2.0,99.0
2025-10-22,97.2281129687919,99.13200171490304,95.06505345339365,96.97891235351562,6459000,660.6722412109375,192.0,1.0,1.0,4.0,5.0,0.0009279449233685822,0.0013905168964960376,-1.0,1,2.0,100.0
2025-10-23,98.2249157530814,99.71014929561501,97.64676849853838,98.49404907226562,2196800,664.5899658203125,191.0,1.0,1.0,4.0,5.0,0.0008003032388853521,0.0013749747249767281,-1.0,0,2.0,101.0
2025-10-24,98.56382720298029,100.67705121378225,98.49405133307171,99.50082397460938,1785900,670.0213623046875,188.0,1.0,1.0,4.0,5.0,0.0007813708077314931,0.0012615021133298738,-1.0,0,2.0,102.0
2025-10-27,98.18504848626569,98.46415197582263,95.88243709242118,97.43744659423828,2889800,677.9260864257812,188.0,1.0,4.0,4.0,6.0,0.000761495203096252,0.001191086382025974,-1.0,1,4.0,1.0
2025-10-28,96.83935533769159,98.99244458169285,96.23130526116834,97.98567962646484,1641700,679.7266235351562,185.0,1.0,4.0,4.0,6.0,0.0007562134361874835,0.001033184945388738,-1.0,0,4.0,2.0
2025-10-29,98.71334983942619,99.55066788962554,97.11846736880777,97.83616638183594,3767900,680.05322265625,182.0,1.0,4.0,4.0,6.0,0.0007370899183688266,0.0009279449233685822,-1.0,0,4.0,3.0
2025-10-30,95.98211274993572,97.20817555479708,94.31745441553076,96.1116943359375,3786900,672.5738525390625,181.0,1.0,4.0,4.0,6.0,0.0007317045113719983,0.0008003032388853521,-1.0,0,4.0,4.0
2025-10-31,96.32103146343648,97.0387305445115,95.40397490650741,96.28115844726562,2615200,674.7799682617188,179.0,1.0,4.0,4.0,6.0,0.0007041592814380704,0.0007813708077314931,-1.0,0,4.0,5.0
2025-11-03,95.4438285948215,95.75283490132003,93.42032096517232,94.42709350585938,3084300,676.04638671875,178.0,1.0,4.0,4.0,6.0,0.0006543679802186604,0.000761495203096252,-1.0,0,4.0,6.0
2025-11-04,91.0379724003671,91.96499901174877,89.65241756039869,89.7919692993164,4739900,668.0328369140625,188.0,1.0,4.0,4.0,6.0,0.0005822681276729824,0.0007562134361874835,-1.0,1,4.0,7.0
2025-11-05,90.39004559344339,91.24729630052825,89.51286218375151,90.54953002929688,2134700,670.3478393554688,186.0,1.0,4.0,4.0,6.0,0.0005280486910361266,0.0007370899183688266,-1.0,0,4.0,8.0
2025-11-06,91.19746056591698,93.42033353514185,90.70902945976432,90.80870819091797,2232800,663.1554565429688,183.0,1.0,4.0,4.0,6.0,0.000492864240476393,0.0007317045113719983,-1.0,0,4.0,9.0
2025-11-07,89.55272745111021,93.44025848341778,89.35337000535047,93.26083374023438,2832600,663.808349609375,184.0,1.0,4.0,4.0,6.0,0.0005183947635507942,0.0007041592814380704,1.0,0,2.0,10.0
2025-11-10,95.50364004242243,95.71296764375599,94.04830938196115,94.93546295166016,3045100,674.1666259765625,183.0,1.0,4.0,4.0,6.0,0.0005414040312519483,0.0006543679802186604,1.0,0,2.0,11.0
2025-11-11,94.65636660761228,95.18467072764587,92.60295584521769,93.67950439453125,1801700,675.7099609375,181.0,1.0,4.0,4.0,6.0,0.0005651438680844891,0.0005822681276729824,-1.0,0,4.0,12.0
2025-11-12,94.52677628681803,97.08855822838797,94.37725440127915,96.07181549072266,1863600,676.0859985351562,182.0,1.0,4.0,4.0,6.0,0.0005888117595715008,0.0005280486910361266,1.0,0,2.0,13.0
2025-11-13,95.68306417045717,95.86248891401513,91.54633251981461,92.11451721191406,2366000,664.8670043945312,188.0,1.0,4.0,4.0,6.0,0.0005526473293052753,0.000492864240476393,-1.0,0,4.0,14.0
2025-11-14,88.80512657682412,92.78237382598533,88.7552910173479,91.54633331298828,2069500,664.7581176757812,185.0,1.0,4.0,4.0,6.0,0.0005036719635235771,0.0005183947635507942,-1.0,0,4.0,15.0
2025-11-17,90.31030143757462,91.87528099700558,89.09420121846281,89.83184051513672,2196400,658.56494140625,184.0,1.0,4.0,4.0,6.0,0.0004279995079797276,0.0005414040312519483,-1.0,0,4.0,16.0
2025-11-18,89.33343701786053,91.40678030414612,88.96461737888231,90.39004516601562,3438400,653.0346069335938,182.0,1.0,4.0,4.0,6.0,0.0004105466701478113,0.0005651438680844891,-1.0,0,4.0,17.0
2025-11-19,91.42673151382428,92.90199503565661,90.08104958627452,91.03797912597656,1429500,655.5574340820312,179.0,1.0,4.0,4.0,6.0,0.00040838382235028526,0.0005888117595715008,-1.0,0,4.0,18.0
2025-11-20,92.43351003622969,92.99171706824389,87.11058010594999,87.1604232788086,3250400,645.5652465820312,186.0,1.0,4.0,4.0,6.0,0.0003707240311559993,0.0005526473293052753,-1.0,0,4.0,19.0
2025-11-21,86.99094354098085,88.70544491414542,85.35618818633532,88.39643859863281,2826800,651.995849609375,185.0,1.0,4.0,4.0,6.0,0.00032968741983269243,0.0005036719635235771,-1.0,0,4.0,20.0
2025-11-24,88.69548511718726,91.40678138595682,88.45624705420828,91.12767791748047,1755800,661.59228515625,187.0,1.0,4.0,4.0,6.0,0.0002881592159128983,0.0004279995079797276,1.0,0,2.0,21.0
2025-11-25,91.13764875953709,93.20102953706683,90.25049518303874,92.59297943115234,1452000,667.815185546875,185.0,1.0,4.0,4.0,6.0,0.0003040776589207101,0.0004105466701478113,1.0,0,2.0,22.0
2025-11-26,93.17112529537478,95.59335552908085,93.07144657236199,95.03514099121094,2490100,672.4254760742188,186.0,1.0,4.0,4.0,6.0,0.0003325471680046023,0.00040838382235028526,1.0,0,2.0,23.0
2025-11-28,95.75284331259415,96.93904069141539,95.17470365690758,96.77954864501953,1767000,676.0958251953125,185.0,1.0,4.0,4.0,6.0,0.00036837046306117087,0.0003707240311559993,1.0,0,2.0,24.0
2025-12-01,96.25124873935683,97.08856680938007,95.38403541558239,95.50364685058594,2625500,673.0090942382812,183.0,1.0,4.0,4.0,6.0,0.0003956108585414261,0.00032968741983269243,1.0,0,2.0,25.0
2025-12-02,95.7030125969136,96.68984496769946,95.14479801126726,96.29112243652344,1473500,674.2556762695312,181.0,1.0,4.0,4.0,6.0,0.00040597180824433976,0.0002881592159128983,1.0,0,2.0,26.0
2025-12-03,96.84933430746158,99.96932338683553,96.71974511558693,99.35130310058594,5143800,676.5905151367188,183.0,1.0,1.0,4.0,5.0,0.00044035959640040083,0.0003040776589207101,1.0,0,1.0,1.0
2025-12-04,98.70337687208274,100.60727323321679,97.94581247325388,100.47769165039062,2732500,677.0851440429688,181.0,1.0,1.0,4.0,5.0,0.0004884367117914244,0.0003325471680046023,1.0,0,1.0,2.0
2025-12-05,101.11564263611908,101.83334161460874,99.34133549763025,99.42107391357422,2405800,678.371337890625,179.0,1.0,1.0,4.0,5.0,0.0005202985240839132,0.00036837046306117087,1.0,0,1.0,3.0
2025-12-08,99.66030864163656,99.68024134370579,97.45736861554164,97.88599395751953,1556200,676.3333129882812,177.0,1.0,1.0,4.0,5.0,0.0005035570625422063,0.0003956108585414261,1.0,0,1.0,4.0
2025-12-09,97.06862581814836,99.45098321189171,96.88920106190412,99.15194702148438,1523600,675.74951171875,176.0,1.0,1.0,4.0,5.0,0.0004902009100591008,0.00040597180824433976,1.0,0,1.0,5.0
2025-12-10,98.92268657431974,100.46773362569876,97.33777411187306,99.82978057861328,1622600,680.2312622070312,173.0,1.0,1.0,4.0,5.0,0.0005060291102790586,0.00044035959640040083,1.0,0,1.0,6.0
2025-12-11,99.57060469255993,104.88356403356843,99.44102310070599,104.54464721679688,3536000,681.8140869140625,182.0,1.0,1.0,4.0,5.0,0.0005595839835565492,0.0004884367117914244,1.0,0,1.0,7.0
2025-12-12,105.2822760942119,105.43179037570651,100.72688926303216,101.81340026855469,2566700,674.4832763671875,183.0,1.0,1.0,4.0,5.0,0.0005806401305761042,0.0005202985240839132,1.0,0,1.0,8.0
2025-12-15,103.03947332060152,103.3086066393661,99.77992500834578,100.52752685546875,1838900,673.4642333984375,181.0,1.0,1.0,4.0,5.0,0.0005838782455499674,0.0005035570625422063,1.0,0,1.0,9.0
2025-12-16,99.96932103687188,101.69378505820974,99.71015026421439,100.58734130859375,1896700,671.6240844726562,178.0,1.0,1.0,4.0,5.0,0.0005655382945679751,0.0004902009100591008,1.0,0,1.0,10.0
2025-12-17,101.17544568109659,102.25199412044003,100.04906168372736,100.70694732666016,1531700,664.2337646484375,176.0,1.0,1.0,4.0,5.0,0.0005921086855160893,0.0005060291102790586,1.0,0,1.0,11.0
2025-12-18,101.16547438007298,102.98962461410446,101.02592265118521,102.00279235839844,1346600,669.2496948242188,174.0,1.0,1.0,4.0,5.0,0.0006276384410834109,0.0005595839835565492,1.0,0,1.0,12.0
2025-12-19,101.72369840608162,105.92023602834483,101.72369840608162,104.8337173461914,3413900,675.3153686523438,175.0,1.0,1.0,4.0,5.0,0.0006856083978504852,0.0005806401305761042,1.0,0,1.0,13.0
2025-12-22,106.62915628871865,108.39566760160797,106.43953641602629,106.94853210449219,1618800,679.5225219726562,175.0,1.0,1.0,4.0,5.0,0.0006969383272962092,0.0005838782455499674,1.0,0,1.0,14.0
2025-12-23,107.22798485980874,108.32581264320994,106.78885070071266,107.79685974121094,2675900,682.6282348632812,173.0,1.0,1.0,4.0,5.0,0.0007063737878412662,0.0005655382945679751,1.0,0,1.0,15.0
2025-12-24,107.4575327309848,107.93658889626623,106.32976530356687,107.65714263916016,742600,685.0294799804688,170.0,1.0,1.0,4.0,5.0,0.0007087085273591253,0.0005921086855160893,1.0,0,1.0,16.0
2025-12-26,108.52541513871624,108.7050602392134,106.58924862706803,107.62718963623047,1282200,684.9599609375,167.0,1.0,1.0,4.0,5.0,0.0007232575177394098,0.0006276384410834109,1.0,0,1.0,17.0
2025-12-29,104.87263658900409,106.67906229210385,104.54328598471359,105.30178833007812,2035500,682.51904296875,168.0,1.0,1.0,4.0,5.0,0.0007388095083730182,0.0006856083978504852,-1.0,0,2.0,18.0
2025-12-30,106.53934109948801,106.70900379651427,104.33370319513028,104.52333068847656,2618600,681.6856079101562,165.0,1.0,1.0,4.0,5.0,0.0007178316962490385,0.0006969383272962092,-1.0,0,2.0,19.0
2025-12-31,103.97442301617865,104.36365282417033,102.82669077610642,103.40554809570312,4460600,676.635009765625,164.0,1.0,1.0,4.0,5.0,0.0006939147049525686,0.0007063737878412662,-1.0,0,2.0,20.0
2026-01-02,105.03232053014645,107.38766398880612,104.55327201122455,107.31780242919922,1900500,677.8753662109375,169.0,1.0,1.0,4.0,5.0,0.000695272561363775,0.0007087085273591253,1.0,0,1.0,21.0
2026-01-05,109.28391645833413,111.5394587839183,109.11425375794062,110.84083557128906,2806700,682.3900756835938,172.0,1.0,1.0,4.0,5.0,0.0007453609523004765,0.0007232575177394098,1.0,0,1.0,22.0
2026-01-06,112.07839605853135,115.01258923748264,112.05843126146267,114.79302215576172,4210600,686.4483642578125,176.0,1.0,1.0,4.0,5.0,0.0008538032724541254,0.0007388095083730182,1.0,0,1.0,23.0
2026-01-07,112.99657229956725,114.10438242911898,111.68915989675915,113.94469451904297,2974500,684.2356567382812,174.0,1.0,1.0,4.0,5.0,0.0009070637538874797,0.0007178316962490385,1.0,0,1.0,24.0
2026-01-08,111.77899203406363,113.86486421267345,111.41970180766413,113.80498504638672,2509700,684.1661987304688,171.0,1.0,1.0,4.0,5.0,0.0009244638706414907,0.0006939147049525686,1.0,0,1.0,25.0
2026-01-09,114.81298893896519,117.61744144284029,114.63334383393489,116.66931915283203,2608500,688.6908569335938,172.0,1.0,1.0,4.0,5.0,0.0008987695410484593,0.000695272561363775,1.0,0,1.0,26.0
2026-01-12,118.67535589801349,120.90095112521368,118.03661181910508,120.26221466064453,3586000,689.7723388671875,175.0,1.0,1.0,4.0,5.0,0.0008951955520153012,0.0007453609523004765,1.0,0,1.0,27.0
2026-01-13,121.38000419365198,121.96883626362508,119.12446182744344,119.52367401123047,2020200,688.3932495117188,172.0,1.0,1.0,4.0,5.0,0.0008844559382418251,0.0008538032724541254,1.0,0,1.0,28.0
2026-01-14,120.41192222233495,123.62556939713389,119.07456249215913,122.71736145019531,2347100,685.0095825195312,173.0,1.0,1.0,4.0,5.0,0.0008943947927453425,0.0009070637538874797,1.0,0,1.0,29.0
2026-01-15,122.2283228267243,124.52377951148412,121.56962159478957,123.46587371826172,6000800,686.8750610351562,171.0,1.0,1.0,4.0,5.0,0.0009180022938488449,0.0009244638706414907,1.0,0,1.0,30.0
2026-01-16,122.80718177195492,124.23436017956377,121.14047148710694,123.89502716064453,2576600,686.2994995117188,169.0,1.0,1.0,4.0,5.0,0.0009452957899356741,0.0008987695410484593,1.0,0,1.0,31.0
2026-01-20,124.03474858893908,126.02081945432033,123.61557923100032,125.5417709350586,3136400,672.3286743164062,167.0,1.0,1.0,4.0,5.0,0.0009560409667913362,0.0008951955520153012,1.0,0,1.0,32.0
2026-01-21,128.04681592147466,129.15462605745006,125.07269330094192,127.55777740478516,3037400,680.0880126953125,166.0,1.0,1.0,4.0,5.0,0.0009928660145851875,0.0008844559382418251,1.0,0,1.0,33.0
2026-01-22,128.65561226444015,132.5479099009754,128.65561226444015,130.43209838867188,2925500,683.6403198242188,166.0,1.0,1.0,4.0,5.0,0.0010778293886713724,0.0008943947927453425,1.0,0,1.0,34.0
2026-01-23,131.000980817735,131.59980293678578,129.33427803508127,131.18063354492188,2872200,683.8883056640625,164.0,1.0,1.0,4.0,5.0,0.0011572512535138408,0.0009180022938488449,1.0,0,1.0,35.0
2026-01-26,135.32242971625993,135.41224845980923,125.691478642516,125.9210205078125,4558400,687.3612060546875,171.0,1.0,1.0,4.0,5.0,0.0011307509919808783,0.0009452957899356741,1.0,0,1.0,36.0
2026-01-27,125.36212258672617,128.505900304103,124.75332574792918,128.08673095703125,3286400,690.099853515625,170.0,1.0,1.0,4.0,5.0,0.0010493270918399483,0.0009560409667913362,1.0,0,1.0,37.0
2026-01-28,129.5338841127413,129.74347642913042,125.3521572425073,128.46600341796875,3459500,690.0303344726562,168.0,1.0,1.0,4.0,5.0,0.0009823172045932416,0.0009928660145851875,1.0,0,1.0,38.0
2026-01-29,130.35226276229992,130.74149255082315,122.39798905827999,126.51983642578125,5720400,688.6610717773438,166.0,1.0,1.0,4.0,5.0,0.0009675499308393201,0.0010778293886713724,-1.0,0,2.0,39.0
2026-01-30,121.04067119663786,124.43396333799816,116.90884146444414,118.48572540283203,6684200,686.6071166992188,187.0,1.0,1.0,4.0,5.0,0.0008717554509013129,0.0011572512535138408,-1.0,0,2.0,40.0
2026-02-02,118.44580445605236,120.62150288204676,116.91882488270723,118.38592529296875,4757600,690.0204467773438,184.0,1.0,4.0,4.0,6.0,0.0007603652066070585,0.0011307509919808783,-1.0,0,4.0,1.0
2026-02-03,122.73731876005687,125.10263700869733,121.0506513125522,124.33415985107422,3971000,684.18603515625,193.0,1.0,4.0,4.0,6.0,0.0006800264754346073,0.0010493270918399483,1.0,0,2.0,2.0
2026-02-04,126.20046921905674,126.20046921905674,117.67732816845874,121.39996337890625,3412300,680.8719482421875,193.0,1.0,4.0,4.0,6.0,0.0006660771642816786,0.0009823172045932416,-1.0,0,4.0,3.0
2026-02-05,117.73720175434393,120.16240674911501,115.03255052385255,115.4317626953125,3187700,672.3683471679688,202.0,1.0,4.0,4.0,6.0,0.0005945852602356705,0.0009675499308393201,-1.0,0,4.0,4.0
2026-02-06,118.37594702526243,122.39799339196892,118.13642275023027,122.25827026367188,3538600,685.267578125,214.0,1.0,4.0,4.0,6.0,0.0005429733997560617,0.0008717554509013129,1.0,0,2.0,5.0
2026-02-09,121.93889590123271,125.46192874298272,121.0406703970505,125.22240447998047,2427500,688.57177734375,213.0,1.0,4.0,4.0,6.0,0.0005467020822506256,0.0007603652066070585,1.0,0,2.0,6.0
2026-02-10,124.56370320252577,124.90303622149092,122.62753668778468,122.8570785522461,2054500,686.7559814453125,212.0,1.0,4.0,4.0,6.0,0.00059651483398042,0.0006800264754346073,-1.0,0,4.0,7.0
2026-02-11,125.18247888181415,126.20046268090142,120.25222495697277,123.49581146240234,2003800,686.5972290039062,209.0,1.0,4.0,4.0,6.0,0.0006342039312109622,0.0006660771642816786,1.0,0,2.0,8.0
2026-02-12,123.20639005077385,123.61558464263173,115.91081748910008,116.44975280761719,4015200,675.9901123046875,221.0,1.0,4.0,4.0,6.0,0.0005990681308948941,0.0005945852602356705,-1.0,0,4.0,9.0
2026-02-13,115.00260557273346,118.26614912225381,113.18619751104116,117.59747314453125,2688600,676.46630859375,218.0,1.0,4.0,4.0,6.0,0.0005701171695031354,0.0005429733997560617,-1.0,0,4.0,10.0
2026-02-17,115.42178596274726,115.60143106800548,111.47957604578642,114.88285064697266,2577000,677.5578002929688,217.0,1.0,4.0,4.0,6.0,0.0004921910680365628,0.0005467020822506256,-1.0,0,4.0,11.0
2026-02-18,116.58947627164024,118.9048978610644,115.70123313696928,116.85894012451172,2015900,680.9711303710938,215.0,1.0,4.0,4.0,6.0,0.00046866476534896886,0.00059651483398042,-1.0,0,4.0,12.0
2026-02-19,114.83293818161513,117.17830678353958,114.12434020919878,117.00863647460938,1692200,679.1751708984375,212.0,1.0,4.0,4.0,6.0,0.0004434866348413959,0.0006342039312109622,-1.0,0,4.0,13.0
2026-02-20,116.08047071383392,118.585519596838,114.38382854973602,117.22820281982422,3200600,684.0867919921875,209.0,1.0,4.0,4.0,6.0,0.0004459713668914045,0.0005990681308948941,-1.0,0,4.0,14.0
2026-02-23,117.07850236086895,118.5156631548723,115.66130636363731,117.47771453857422,2720500,677.1013793945312,206.0,1.0,4.0,4.0,6.0,0.0004502591004298128,0.0005701171695031354,-1.0,0,4.0,15.0
2026-02-24,116.16032239219538,119.66339810213552,115.8209969825498,119.13444519042969,1948500,682.0228881835938,203.0,1.0,4.0,4.0,6.0,0.00046277183354921344,0.0004921910680365628,1.0,0,2.0,16.0
2026-02-25,120.701342507645,121.03068550711629,118.81507279486142,119.24422454833984,2362400,687.778076171875,200.0,1.0,4.0,4.0,6.0,0.00046729724772754544,0.00046866476534896886,-1.0,0,4.0,17.0
2026-02-26,118.54560329443261,120.09254763495458,116.16032022968331,119.79313659667969,1848900,683.9578247070312,197.0,1.0,4.0,4.0,6.0,0.0004692802302290494,0.0004434866348413959,1.0,0,2.0,18.0
2026-02-27,118.86497240262928,119.24422740252072,117.17831254314987,119.1144790649414,1921400,680.6734619140625,195.0,1.0,4.0,4.0,6.0,0.0004384580075176658,0.0004459713668914045,1.0,0,2.0,19.0
2026-03-02,118.10646960335758,121.95885306510574,117.5475771183252,121.81912994384766,2211000,681.0604858398438,194.0,1.0,4.0,4.0,6.0,0.0004350647372489251,0.0004502591004298128,1.0,0,2.0,20.0
2026-03-03,116.7092433066206,118.01665583103545,111.90872976060531,117.04856872558594,3387400,675.057373046875,199.0,1.0,4.0,4.0,6.0,0.00039201784338397603,0.00046277183354921344,-1.0,0,4.0,21.0
2026-03-04,118.92485372415021,119.63345169889197,116.21022014442259,117.41783142089844,1884400,679.820068359375,196.0,1.0,4.0,4.0,6.0,0.00036436949492109913,0.00046729724772754544,-1.0,0,4.0,22.0
2026-03-05,115.7411591193139,115.83097786859659,110.6711815900773,112.64727783203125,3215500,676.0297241210938,201.0,1.0,4.0,4.0,6.0,0.00028453082867100276,0.0004692802302290494,-1.0,1,4.0,23.0
2026-03-06,110.28194339673614,112.54746051258618,108.86474739953165,109.92265319824219,2988700,667.1688842773438,201.0,1.0,4.0,4.0,6.0,0.0002286190331068597,0.0004384580075176658,-1.0,0,4.0,24.0
2026-03-09,107.35772524667317,112.62730468200525,105.3616719687844,111.82888793945312,3821700,673.0133666992188,199.0,1.0,4.0,4.0,6.0,0.0001736022400174944,0.0004350647372489251,-1.0,0,4.0,25.0
2026-03-10,112.24806038581183,116.18028788792911,112.208138405436,113.89480590820312,4732800,671.9317016601562,198.0,1.0,4.0,4.0,6.0,0.00017332993032921789,0.00039201784338397603,-1.0,0,4.0,26.0
2026-03-11,112.81693337259749,114.96269219187882,111.54943526370938,114.67326354980469,1890000,671.08837890625,195.0,1.0,4.0,4.0,6.0,0.00018684568224309342,0.00036436949492109913,1.0,0,2.0,27.0
2026-03-12,114.00458302889113,114.09440176892294,111.46959452536397,112.5873794555664,1759600,660.8978881835938,194.0,1.0,4.0,4.0,6.0,0.00019268403847461438,0.00028453082867100276,1.0,0,2.0,28.0
2026-03-13,112.98660176297011,113.67524262237401,108.34577608634714,108.81484985351562,2231800,657.1571655273438,197.0,1.0,4.0,4.0,6.0,0.00015518382889411644,0.0002286190331068597,-1.0,0,4.0,29.0
2026-03-16,109.90269558173371,111.40971031544004,108.31582927559649,110.2619857788086,1695100,663.844970703125,195.0,1.0,4.0,4.0,6.0,0.00013534003385226088,0.0001736022400174944,-1.0,0,4.0,30.0
2026-03-17,110.65122325147141,112.06841934163288,109.75299769631995,110.5514144897461,1365700,665.5912475585938,192.0,1.0,4.0,4.0,6.0,0.0001330723074475376,0.00017332993032921789,-1.0,0,4.0,31.0
2026-03-18,108.66513908737558,109.26396116981968,107.53737171220547,107.69705963134766,2106200,656.3038330078125,192.0,1.0,4.0,4.0,6.0,0.0001301386426255945,0.00018684568224309342,-1.0,1,4.0,32.0
2026-03-19,103.14605513849976,106.66908807612835,101.22984575365453,104.96246337890625,3480400,654.6864624023438,193.0,1.0,4.0,4.0,6.0,9.234477163294207e-05,0.00019268403847461438,-1.0,1,4.0,33.0
2026-03-20,104.76286307811009,105.42155673537722,100.52124963708677,101.52925872802734,4359900,645.3009643554688,195.0,1.0,4.0,4.0,6.0,4.051447579404711e-05,0.00015518382889411644,-1.0,0,4.0,34.0
2026-03-23,102.58083378252142,106.11603862276917,102.58083378252142,103.4696273803711,4354200,652.07666015625,194.0,1.0,4.0,4.0,6.0,5.6246211126461615e-06,0.00013534003385226088,-1.0,0,4.0,35.0
2026-03-24,102.52091039519146,107.28444420567844,102.52091039519146,106.6752700805664,1957200,649.8877563476562,196.0,1.0,4.0,4.0,6.0,1.8637409213017175e-06,0.0001330723074475376,1.0,0,2.0,36.0
2026-03-25,108.8922618644654,109.61128755053703,107.03478138179946,107.7538070678711,2059600,653.5094604492188,193.0,1.0,4.0,4.0,6.0,1.1253185558434873e-05,0.0001301386426255945,1.0,0,2.0,37.0
2026-03-26,105.14734108203176,107.53410220677358,104.54815555958386,104.77783966064453,1552100,641.838623046875,194.0,1.0,4.0,4.0,6.0,7.006354879948894e-06,9.234477163294207e-05,-1.0,0,4.0,38.0
2026-03-27,104.49822888703616,107.43424809424678,104.10875788433164,105.79647064208984,1312400,630.89404296875,192.0,1.0,4.0,4.0,6.0,3.5839852614588662e-06,4.051447579404711e-05,1.0,0,2.0,39.0
2026-03-30,107.94354842703905,108.49280629607301,102.30120953870065,103.31982421875,1883600,628.78466796875,192.0,1.0,4.0,4.0,6.0,-1.86521821046186e-05,5.6246211126461615e-06,-1.0,0,4.0,40.0
2026-03-31,104.60807006059933,108.14327448815132,104.55813475996425,107.86365509033203,3928300,647.0621337890625,198.0,1.0,4.0,4.0,6.0,9.53374964221576e-06,1.8637409213017175e-06,1.0,0,2.0,41.0
2026-04-01,109.57134220903637,111.65850682266048,109.3815972008678,109.7510986328125,2595300,651.9373779296875,196.0,1.0,4.0,4.0,6.0,1.9276388252443084e-05,1.1253185558434873e-05,1.0,0,2.0,42.0
2026-04-02,106.62533661710256,111.6185622408493,106.62533661710256,110.6299057006836,1167000,652.5244750976562,193.0,1.0,4.0,4.0,6.0,6.030312767699018e-05,7.006354879948894e-06,1.0,0,2.0,43.0
2026-04-06,110.30034755703873,111.24906496753546,108.33302312235992,110.07066345214844,1620000,655.6087646484375,191.0,1.0,4.0,4.0,6.0,6.896355605290703e-05,3.5839852614588662e-06,1.0,0,2.0,44.0
2026-04-07,109.61129076860982,110.84960858705702,107.87364276990202,109.65123748779297,1585900,655.8972778320312,188.0,1.0,4.0,4.0,6.0,5.2049417057065616e-05,-1.86521821046186e-05,1.0,0,2.0,45.0
2026-04-08,113.72570710281406,115.06389556765006,111.30898766490978,113.19642639160156,2919300,672.6027221679688,190.0,1.0,1.0,4.0,5.0,3.5860940302329095e-05,9.53374964221576e-06,1.0,0,1.0,1.0
2026-04-09,112.67712927926551,114.46470493552475,111.48873916354304,112.55728912353516,2052800,676.4830322265625,188.0,1.0,1.0,4.0,5.0,1.9750234835028196e-05,1.9276388252443084e-05,-1.0,0,2.0,2.0
2026-04-10,113.36618884063974,115.46334965404422,113.22637913562043,113.40613555908203,1730700,676.0353393554688,185.0,1.0,1.0,4.0,5.0,3.686578628364835e-05,6.030312767699018e-05,1.0,0,1.0,3.0
2026-04-13,112.26767961993733,115.0339307965221,112.21775193668022,114.79425048828125,1793500,682.6417846679688,183.0,1.0,1.0,4.0,5.0,6.859496326991339e-05,6.896355605290703e-05,1.0,0,1.0,4.0
2026-04-14,116.14243557338762,116.6916858419285,114.33488264632645,115.10384368896484,3500500,690.959716796875,180.0,1.0,1.0,4.0,5.0,8.041916497237191e-05,5.2049417057065616e-05,-1.0,0,2.0,5.0
2026-04-15,114.97401178082077,116.21233723535468,114.0452714994492,115.52326965332031,1544100,696.412109375,178.0,1.0,1.0,4.0,5.0,0.00012520116694425215,3.5860940302329095e-05,-1.0,0,2.0,6.0
2026-04-16,116.48196594785715,117.21098023634407,115.57320285243499,115.80288696289062,1434900,698.1234130859375,175.0,1.0,1.0,3.0,3.0,0.00015513506797138266,1.9750234835028196e-05,-1.0,0,1.0,7.0
2026-04-17,116.56186122393957,119.22824190233159,115.08386307368545,117.44066619873047,2557400,706.5607299804688,174.0,1.0,1.0,3.0,3.0,0.00023317601634501744,3.686578628364835e-05,-1.0,0,1.0,8.0
2026-04-20,116.34215908798524,119.19828480473421,116.08250921762865,119.03849792480469,1838700,705.1477661132812,172.0,1.0,1.0,3.0,3.0,0.0002994208635785813,6.859496326991339e-05,1.0,0,1.0,9.0
2026-04-21,119.08843340394169,120.68626411028784,116.97130295612192,117.21098327636719,3126400,700.53125,171.0,1.0,1.0,3.0,3.0,0.0003385898778954321,8.041916497237191e-05,1.0,0,1.0,10.0
2026-04-22,119.41798416590817,121.65494708053684,119.08842945080383,121.64495849609375,1733000,707.6253051757812,176.0,1.0,1.0,3.0,3.0,0.0003602334875679164,0.00012520116694425215,1.0,0,1.0,11.0
2026-04-23,120.32674302063,121.35534622940543,115.67306093044017,117.48060607910156,2498500,704.8792114257812,179.0,1.0,1.0,3.0,3.0,0.0003229511116066308,0.00015513506797138266,-1.0,0,1.0,12.0
2026-04-24,118.35941762721903,118.67898376452113,116.70167067091994,117.62042236328125,1490700,710.3414916992188,177.0,1.0,1.0,3.0,3.0,0.00031820406786930966,0.00023317601634501744,-1.0,0,1.0,13.0
2026-04-27,117.8600932349902,120.42661087828378,117.8600932349902,120.03713989257812,1757600,711.5653686523438,176.0,1.0,1.0,3.0,3.0,0.00033647071107989105,0.0002994208635785813,1.0,0,1.0,14.0
2026-04-28,118.27952342916493,118.99854909192875,115.7030173439469,116.911376953125,2370500,708.1029052734375,177.0,1.0,1.0,3.0,3.0,0.0003587093906797036,0.0003385898778954321,-1.0,0,1.0,15.0
2026-04-29,116.84148080682394,116.96132096589686,114.135153404987,114.45471954345703,2060600,707.993408203125,177.0,1.0,1.0,3.0,3.0,0.0003642223600495934,0.0003602334875679164,-1.0,0,1.0,16.0
2026-04-30,115.69303477271227,118.81879885139611,115.43338491009608,118.56913757324219,2615900,715.0377197265625,181.0,1.0,1.0,3.0,3.0,0.00037675848321812425,0.0003229511116066308,-1.0,0,1.0,17.0
2026-05-01,117.56050242961071,118.75887350238081,116.04255761044062,118.39936065673828,2062900,717.0177001953125,178.0,1.0,1.0,3.0,3.0,0.00042809135001365865,0.00031820406786930966,-1.0,0,1.0,18.0
2026-05-04,118.20962216614079,118.90867068222735,116.01259839447643,116.80152893066406,1948900,714.3909912109375,177.0,1.0,1.0,3.0,3.0,0.0004676203237973193,0.00033647071107989105,-1.0,0,1.0,19.0
2026-05-05,118.03984651057104,119.35805772371752,117.29086269357742,118.71892547607422,1151400,720.1220092773438,175.0,1.0,1.0,3.0,3.0,0.0004717761916316285,0.0003587093906797036,-1.0,0,1.0,20.0
2026-05-06,121.3453678950175,124.09164191233808,120.3267456291937,123.9718017578125,3451800,730.1312866210938,183.0,1.0,1.0,3.0,3.0,0.0004875387414062314,0.0003642223600495934,1.0,0,1.0,21.0
2026-05-07,125.20014135333854,125.57962375582342,120.1170337340358,120.34672546386719,3439100,727.8926391601562,184.0,1.0,1.0,3.0,3.0,0.0004694284536106675,0.00037675848321812425,-1.0,0,1.0,22.0
2026-05-08,121.67491873749445,122.86330887790433,120.1469929107147,120.78612518310547,1539500,733.9021606445312,182.0,1.0,1.0,3.0,3.0,0.00048510732677275044,0.00042809135001365865,-1.0,0,1.0,23.0
2026-05-11,121.46520070020529,125.64952610489453,121.29543286187682,124.37126159667969,2173500,735.5736694335938,183.0,1.0,1.0,3.0,3.0,0.0004949352979339286,0.0004676203237973193,1.0,0,1.0,24.0
2026-05-12,122.77343145778477,123.99177970305828,119.1882915744443,123.43253326416016,2253800,734.4593505859375,181.0,1.0,1.0,3.0,3.0,0.0005648260934233783,0.0004717761916316285,1.0,0,1.0,25.0
2026-05-13,123.52242160882402,124.74076991646803,121.10569454424223,123.17288970947266,2020400,738.5685424804688,178.0,1.0,1.0,3.0,3.0,0.0005726608628561861,0.0004875387414062314,1.0,0,1.0,26.0
2026-05-14,123.502437659739,123.60230064590431,119.87735869044172,120.80609893798828,2153500,744.3989868164062,178.0,1.0,1.0,3.0,3.0,0.0005393352180838648,0.0004694284536106675,-1.0,0,1.0,27.0
2026-05-15,117.16104719615713,117.16104719615713,114.68440390341816,115.43338775634766,2447900,735.4443969726562,186.0,1.0,4.0,3.0,4.0,0.00046658439141438607,0.00048510732677275044,-1.0,1,2.0,28.0
2026-05-18,115.87278896599514,115.87278896599514,111.94811344424393,113.05661010742188,3878500,734.927001953125,185.0,1.0,4.0,3.0,4.0,0.00039869485162934154,0.0004949352979339286,-1.0,0,4.0,1.0
2026-05-19,111.5686329600594,111.84825237194005,108.55272045978664,109.9708023071289,2326400,730.03173828125,186.0,1.0,4.0,3.0,4.0,0.0003231913095575381,0.0005648260934233783,-1.0,1,4.0,2.0
2026-05-20,112.11788467770893,113.1365069704852,109.95082658800268,113.0366439819336,3574200,737.5138549804688,187.0,1.0,4.0,3.0,4.0,0.0002725133297021574,0.0005726608628561861,-1.0,0,4.0,3.0
2026-05-21,112.36754531277805,116.30220951536941,111.97807432632494,115.22367095947266,1676900,738.9764404296875,186.0,1.0,4.0,3.0,4.0,0.00024942018654089735,0.0005393352180838648,-1.0,0,2.0,4.0
2026-05-22,115.72298689277604,118.01987358004305,115.63311249445914,116.911376953125,1483700,741.8817749023438,185.0,1.0,4.0,3.0,4.0,0.00025901200323522993,0.00046658439141438607,-1.0,0,2.0,5.0
2026-05-26,119.14833959403026,122.96316341601955,119.05846519583538,122.48381805419922,2548300,746.8068237304688,193.0,1.0,4.0,3.0,4.0,0.0002995904063573624,0.00039869485162934154,1.0,0,2.0,6.0
2026-05-27,120.776144738003,123.44252541266005,119.70759475120836,122.74347686767578,1635500,746.6774291992188,190.0,1.0,4.0,3.0,4.0,0.00033217632806581925,0.0003231913095575381,1.0,0,2.0,7.0
2026-05-28,121.99449044233609,126.66814224849502,121.055761599702,126.27867126464844,2040100,750.7965698242188,191.0,1.0,1.0,3.0,3.0,0.0003709952056479946,0.0002725133297021574,1.0,0,1.0,1.0
2026-05-29,125.81929382544898,126.3186163746941,123.55237280426142,125.04035186767578,1806500,752.6671142578125,189.0,1.0,1.0,3.0,3.0,0.00036554621973102896,0.00024942018654089735,1.0,0,1.0,2.0
2026-06-01,123.8319890710389,128.51563690222733,122.9531841495244,127.28730010986328,2111300,754.7166748046875,187.0,1.0,1.0,3.0,3.0,0.0003781409789461639,0.00025901200323522993,1.0,0,1.0,3.0
2026-06-02,127.95641042454685,132.7598912510043,127.65681382611973,132.65003967285156,2554600,755.7415771484375,193.0,1.0,1.0,3.0,3.0,0.00041893395239099465,0.0002995904063573624,1.0,0,1.0,4.0
2026-06-03,131.2818882121341,131.2818882121341,127.96637925015582,128.35585021972656,2444500,750.4384155273438,195.0,1.0,1.0,3.0,3.0,0.0004438184723296145,0.00033217632806581925,1.0,0,1.0,5.0
2026-06-04,127.36720363949613,129.6341247828471,126.82793434296352,128.47569274902344,1493300,753.2740478515625,192.0,1.0,1.0,3.0,3.0,0.000429856175220426,0.0003709952056479946,1.0,0,1.0,6.0
2026-06-05,126.31861745121698,126.31861745121698,117.65037761768623,118.4393081665039,3333200,733.83251953125,220.0,1.0,1.0,4.0,5.0,0.0003105493861867912,0.00036554621973102896,-1.0,1,2.0,7.0
2026-06-08,120.54645168928023,120.64631467760819,118.05982747034331,118.4293212890625,3302000,735.4940795898438,216.0,1.0,1.0,4.0,5.0,0.000229768421410141,0.0003781409789461639,-1.0,0,2.0,8.0
2026-06-09,119.40799536455411,119.73755007905979,111.97807331635522,115.94269561767578,2097900,733.3350830078125,215.0,1.0,1.0,4.0,5.0,0.00015716586990045483,0.00041893395239099465,-1.0,0,2.0,9.0
2026-06-10,114.92408292151192,117.00126661203667,112.10790397112923,112.27767181396484,2260000,721.7736206054688,216.0,1.0,1.0,4.0,5.0,0.00013594154136185583,0.0004438184723296145,-1.0,0,2.0,10.0
2026-06-11,113.47604518172788,118.35941933548091,113.16646762460839,118.18965148925781,1927600,734.04150390625,224.0,1.0,1.0,4.0,5.0,0.00013773488407975185,0.000429856175220426,-1.0,0,2.0,11.0
2026-06-12,119.12837394213531,121.10568695767576,118.66899811408999,120.27681732177734,1475700,738.0113525390625,222.0,1.0,1.0,4.0,5.0,0.00015465469232774605,0.0003105493861867912,1.0,0,1.0,12.0
2026-06-15,123.41256027901541,124.05169251791519,120.40663646793354,120.466552734375,2639000,751.0254516601562,219.0,1.0,1.0,4.0,5.0,0.00018349707639976403,0.000229768421410141,-1.0,0,2.0,13.0
2026-06-16,121.01581158373472,121.99448711843876,118.98856328226637,119.16831970214844,1753700,746.5481567382812,216.0,1.0,4.0,4.0,6.0,0.00016725792658220124,0.00015716586990045483,-1.0,0,4.0,1.0
2026-06-17,119.07843817069522,122.36398142480316,118.10975121619727,118.2295913696289,2022500,737.225341796875,213.0,1.0,4.0,4.0,6.0,0.00014016766550257713,0.00013594154136185583,-1.0,0,4.0,2.0
2026-06-18,119.05847406092707,119.24821907443199,116.04256149042592,116.8614501953125,2379200,744.8902587890625,211.0,1.0,4.0,4.0,6.0,0.00010342113549004157,0.00013773488407975185,-1.0,0,4.0,3.0
2026-06-22,115.87211403640103,116.30182551297189,114.42309104234135,115.14260864257812,1963900,742.546142578125,209.0,1.0,4.0,4.0,6.0,7.279256552822762e-05,0.00015465469232774605,-1.0,0,4.0,4.0
2026-06-23,111.45508219127481,113.56366547850092,110.33583939376543,110.82550811767578,2336500,731.7628784179688,212.0,1.0,4.0,4.0,6.0,3.8206640417096706e-05,0.00018349707639976403,-1.0,1,4.0,5.0
2026-06-24,108.88680881416657,109.30652486325349,105.99875068588277,107.14797973632812,2290800,731.4237060546875,214.0,1.0,4.0,4.0,6.0,-6.074477850567999e-06,0.00016725792658220124,-1.0,1,4.0,6.0
2026-06-25,108.92678917338799,109.35650066500611,105.83886825922329,108.66696166992188,1340800,732.4810791015625,211.0,1.0,4.0,4.0,6.0,-3.077383256405496e-05,0.00014016766550257713,-1.0,0,4.0,7.0
2026-06-26,107.5077427400841,109.52638259639919,106.79822054618182,107.93745422363281,1163700,727.1842651367188,209.0,1.0,4.0,4.0,6.0,-6.426520456188107e-05,0.00010342113549004157,-1.0,0,4.0,8.0
2026-06-29,107.64764672720321,108.02738874010419,104.55971828599893,106.44844818115234,1794700,739.1644897460938,206.0,1.0,4.0,4.0,6.0,-8.616420242080219e-05,7.279256552822762e-05,-1.0,0,4.0,9.0
2026-06-30,106.67829778312328,107.21793598892923,105.38916333996518,106.8581771850586,1214000,744.9202270507812,203.0,1.0,4.0,4.0,6.0,-0.0001231784462411294,3.8206640417096706e-05,-1.0,0,4.0,10.0
2026-07-01,105.8888254844886,108.15730498932548,104.1899704285059,104.28990173339844,5120400,743.9127197265625,203.0,4.0,4.0,4.0,12.0,-0.0001451478671381097,-6.074477850567999e-06,-1.0,0,4.0,11.0
2026-07-02,106.1086773238013,108.79687284306145,103.4504604331282,105.05937957763672,2320600,742.9351806640625,200.0,4.0,4.0,4.0,12.0,-0.0001389604316333448,-3.077383256405496e-05,-1.0,0,4.0,12.0
2026-07-06,106.02873412741822,107.63765334622089,105.50908675128478,106.00875091552734,2016600,749.4190673828125,198.0,4.0,4.0,4.0,12.0,-0.00014487323186244912,-6.426520456188107e-05,-1.0,0,4.0,13.0
2026-07-07,105.23926528504343,105.23926528504343,100.72230453264662,102.40117645263672,2560700,745.85791015625,200.0,4.0,4.0,4.0,12.0,-0.00018006997889381576,-8.616420242080219e-05,-1.0,1,4.0,14.0
2026-07-08,100.75227819262079,102.74093936084257,99.67300180638462,101.87152862548828,2935800,743.5536499023438,198.0,4.0,4.0,4.0,12.0,-0.00023323187514943497,-0.0001231784462411294,-1.0,0,4.0,15.0
2026-07-09,102.89084358532787,103.99010321966446,102.14134734042518,103.170654296875,1582100,749.8480224609375,195.0,4.0,4.0,4.0,12.0,-0.00028857192719606255,-0.0001451478671381097,-1.0,0,4.0,16.0
2026-07-10,103.11069413176139,103.9701170783093,102.56106051794477,103.62035369873047,1720900,753.0799560546875,193.0,4.0,4.0,4.0,12.0,-0.0003091195534628722,-0.0001389604316333448,-1.0,0,4.0,17.0
2026-07-13,102.75093635961832,103.4304799142674,101.36187062095284,102.02142333984375,1861300,747.3142700195312,191.0,4.0,4.0,4.0,12.0,-0.0003411420126403087,-0.00014487323186244912,-1.0,0,4.0,18.0
2026-07-14,104.7395985791326,105.76890552688099,103.32055419727115,104.34986114501953,1552800,749.9677124023438,191.0,4.0,4.0,4.0,12.0,-0.00034884755563535544,-0.00018006997889381576,-1.0,0,4.0,19.0
2026-07-15,104.45978472236557,105.27923361353602,100.9321570856895,103.13067626953125,1085100,752.9403076171875,188.0,4.0,4.0,4.0,12.0,-0.0003717190756403804,-0.00023323187514943497,-1.0,0,4.0,20.0
2026-07-16,101.74161323157603,101.74161323157603,98.46381758079815,98.92350769042969,1765300,748.8604125976562,194.0,4.0,4.0,4.0,12.0,-0.00040726902997760913,-0.00028857192719606255,-1.0,0,4.0,21.0
2026-07-17,97.47448207379841,99.46314323104905,96.36522706477581,98.283935546875,2546500,741.4487915039062,191.0,4.0,4.0,4.0,12.0,-0.00045726625459223386,-0.0003091195534628722,-1.0,0,4.0,22.0
2026-07-20,98.64369660480058,99.25328748408698,96.86489343216945,97.67434692382812,1515100,740.2518310546875,189.0,4.0,4.0,4.0,12.0,-0.0004850510845959549,-0.0003411420126403087,-1.0,0,4.0,23.0
2026-07-21,99.40318701028583,101.79158103228414,98.97347553722543,101.53175354003906,1751200,746.426513671875,193.0,4.0,4.0,4.0,12.0,-0.00044758294031555103,-0.00034884755563535544,1.0,0,4.0,24.0
2026-07-22,101.98145794502238,104.5996932597642,101.80157854273502,103.43048095703125,2565000,745.55859375,192.0,4.0,4.0,4.0,12.0,-0.00039548651745783197,-0.0003717190756403804,1.0,0,4.0,25.0
2026-07-23,102.44114765546018,104.40982565493277,101.9015094507111,103.10070037841797,2650500,736.3515014648438,189.0,4.0,4.0,4.0,12.0,-0.00033962900129366557,-0.00040726902997760913,1.0,0,4.0,26.0
2026-07-24,103.57038671419481,103.57038671419481,101.07206590842155,101.67166137695312,1328900,737.099609375,187.0,4.0,4.0,4.0,12.0,-0.0003008380813920984,-0.00045726625459223386,1.0,0,4.0,27.0
2026-07-27,102.60103407783049,103.34054250459575,100.8522095639667,103.04074096679688,1518900,737.25927734375,186.0,4.0,4.0,4.0,12.0,-0.00027913051452014984,-0.0004850510845959549,1.0,0,4.0,28.0
2026-07-28,101.95146893341155,102.09138190853503,99.90285051061424,101.37186431884766,2002700,739.0248413085938,184.0,4.0,4.0,4.0,12.0,-0.00029656206774763893,-0.00044758294031555103,-1.0,0,4.0,29.0
2026-07-29,101.0620686061285,101.0620686061285,96.3052713700998,97.51445770263672,2542100,727.6531372070312,189.0,4.0,4.0,4.0,12.0,-0.0003426907453860572,-0.00039548651745783197,-1.0,0,4.0,30.0
2026-07-30,99.5630747594547,101.95146876192923,98.57374188743351,101.79158020019531,2760800,739.852783203125,195.0,4.0,4.0,4.0,12.0,-0.00033396642185254155,-0.00033962900129366557,1.0,0,4.0,31.0
2026-07-31,101.78158840152555,102.35120524194538,99.0834049730674,100.5823974609375,1611800,745.1796264648438,193.0,4.0,4.0,4.0,12.0,-0.0003200988760626038,-0.0003008380813920984,-1.0,0,4.0,32.0
2026-08-03,99.8029194302103,103.11069364238064,98.94349648774136,103.04074096679688,1548900,755.793212890625,193.0,4.0,4.0,4.0,12.0,-0.0002859120521262445,-0.00027913051452014984,-1.0,0,4.0,33.0
2026-08-04,105.2292738519035,108.44710459835314,105.2292738519035,107.78755187988281,2256400,769.4193725585938,200.0,4.0,1.0,4.0,11.0,-0.0002624080753860078,-0.00029656206774763893,1.0,0,2.0,34.0
2026-08-05,110.40579812259926,113.17393426382137,109.89613853548973,111.8448257446289,4255600,767.8831787109375,203.0,1.0,1.0,4.0,5.0,-0.0001763326939407459,-0.0003426907453860572,1.0,0,1.0,1.0
2026-08-06,111.5949919874963,112.81417376130744,109.75623153302512,110.27587890625,2877400,766.65625,201.0,4.0,1.0,4.0,11.0,-7.834032759834924e-05,-0.00033396642185254155,1.0,0,2.0,2.0
2026-08-07,113.63361912145743,116.02201312840903,112.39445417468497,115.6622543334961,3151400,771.3446044921875,208.0,1.0,1.0,4.0,5.0,7.0837621123443244e-06,-0.0003200988760626038,1.0,0,1.0,3.0
2026-08-10,115.70223195853201,117.76084586310431,115.5823174393655,117.46105194091797,2144100,771.1151733398438,206.0,1.0,1.0,4.0,5.0,7.096389677929052e-05,-0.0002859120521262445,1.0,0,1.0,4.0
2026-08-11,117.76084228563461,118.77016599548732,116.7515262000517,117.7508544921875,1312600,768.6513061523438,203.0,1.0,1.0,4.0,5.0,0.0001134535682708469,-0.0002624080753860078,1.0,0,1.0,5.0
2026-08-12,119.50967020415104,119.64958318336726,116.13194322516848,116.71155548095703,1371700,770.5764770507812,201.0,1.0,1.0,4.0,5.0,0.00011989905404932105,-0.0001763326939407459,1.0,0,1.0,6.0
2026-08-13,115.9720560512001,116.82148360907998,115.0926422389545,115.19257354736328,1605800,775.9531860351562,199.0,1.0,1.0,4.0,5.0,0.00010936174013383069,-7.834032759834924e-05,1.0,0,1.0,7.0
2026-08-14,115.98204104087883,118.83013281942488,115.74220438164241,117.06131744384766,1472700,774.4169921875,197.0,1.0,1.0,4.0,5.0,0.00010619588781417229,7.0837621123443244e-06,1.0,0,1.0,8.0
2026-08-17,117.20122672375331,118.22054590213135,115.88211361735303,118.02067565917969,1288200,770.7560424804688,194.0,1.0,1.0,4.0,5.0,0.00011224582266461092,7.096389677929052e-05,1.0,0,1.0,9.0
2026-08-18,115.7721828521626,116.42174777662868,112.77419793087603,113.55367279052734,1884300,765.5490112304688,198.0,1.0,1.0,4.0,5.0,0.00010451039529945024,0.0001134535682708469,-1.0,0,2.0,10.0
2026-08-19,116.57164747011458,118.61027811265947,114.55300003884814,116.99136352539062,3986000,767.1549682617188,200.0,1.0,1.0,4.0,5.0,0.00011246019211325622,0.00011989905404932105,1.0,0,1.0,11.0
2026-08-20,115.34247293297551,116.14193863915762,113.78352319261742,114.62295532226562,1934200,760.7109985351562,199.0,1.0,1.0,4.0,5.0,0.00010540261917309331,0.00010936174013383069,1.0,0,1.0,12.0
2026-08-21,117.46104794481853,119.65956712980343,117.03133647579415,119.25983428955078,4356200,763.8232421875,203.0,1.0,1.0,4.0,5.0,0.00013209892294523901,0.00010619588781417229,1.0,0,1.0,13.0
2026-08-24,120.29914112808626,120.91872743488655,117.1912294245703,117.79083251953125,2760500,761.5787963867188,201.0,1.0,1.0,4.0,5.0,0.00014888087892267024,0.00011224582266461092,1.0,0,1.0,14.0
2026-08-25,117.2012268817236,120.95870358730747,116.34180389654851,120.85877227783203,1683100,764.0127563476562,201.0,1.0,1.0,4.0,5.0,0.00018900034907708653,0.00010451039529945024,1.0,0,1.0,15.0
2026-08-26,119.99934576910113,122.67754595546151,119.50966940579059,120.22918701171875,1841000,764.182373046875,198.0,1.0,1.0,4.0,5.0,0.00022764308191644284,0.00011246019211325622,1.0,0,1.0,16.0
2026-08-27,120.16922845297712,123.10725610398468,119.74951239548173,122.9173812866211,1577700,769.18994140625,197.0,1.0,1.0,4.0,5.0,0.0003071453434210205,0.00010540261917309331,1.0,0,1.0,17.0
2026-08-28,123.17720835764186,123.72683434792309,118.30048137550092,118.66024017333984,1682600,767.4442749023438,200.0,1.0,1.0,4.0,5.0,0.00034304138164757345,0.00013209892294523901,-1.0,0,2.0,18.0
2026-08-31,119.00001802767626,119.43971730342673,117.52100876123377,118.05065155029297,1125000,765.1499633789062,197.0,1.0,1.0,4.0,5.0,0.0003548296970438748,0.00014888087892267024,-1.0,0,2.0,19.0
2026-09-01,115.73221190226992,117.72088077608646,114.71290035643176,115.6922378540039,1967500,759.89306640625,196.0,1.0,4.0,4.0,6.0,0.0002673726222275778,0.00018900034907708653,-1.0,0,4.0,1.0
2026-09-02,116.921413978576,120.23918371128786,116.921413978576,119.3797607421875,1585400,763.2646484375,198.0,1.0,4.0,4.0,6.0,0.00023808178245654648,0.00022764308191644284,1.0,0,2.0,2.0
2026-09-03,121.44836943451817,121.638244254967,117.60095692975442,118.30048370361328,1208000,771.2548217773438,196.0,1.0,4.0,4.0,6.0,0.0002220820029924278,0.0003071453434210205,-1.0,0,4.0,3.0
2026-09-04,117.34113041165999,119.09995040325184,117.25119452181437,118.54032897949219,801500,768.2822265625,193.0,1.0,4.0,4.0,6.0,0.00025378950573950277,0.00034304138164757345,-1.0,0,4.0,4.0
2026-09-08,119.0200029834536,121.46836197485322,119.0200029834536,119.86943054199219,1456400,764.0626831054688,190.0,1.0,4.0,4.0,6.0,0.000268700484650309,0.0003548296970438748,1.0,0,2.0,5.0
2026-09-09,120.5989442953969,122.11792001650066,118.97004184702516,119.10994720458984,1887000,760.5115356445312,188.0,1.0,4.0,4.0,6.0,0.0002918750810793042,0.0002673726222275778,1.0,0,2.0,6.0
2026-09-10,116.06199179948534,116.78150941798047,114.6129687686555,114.69290924072266,1193800,755.9528198242188,192.0,1.0,4.0,4.0,6.0,0.0003094365965519421,0.00023808178245654648,-1.0,1,4.0,7.0
2026-09-11,115.95206225241058,116.34179968223626,113.44374606680525,113.55367279052734,1773700,762.3967895507812,190.0,1.0,4.0,4.0,6.0,0.00030577468361467185,0.0002220820029924278,-1.0,0,4.0,8.0
2026-09-14,111.14529847126516,111.47507865114355,109.88614263626506,110.09600067138672,1796100,758.9952392578125,192.0,4.0,4.0,4.0,12.0,0.0002601062638695505,0.00025378950573950277,-1.0,1,4.0,9.0
2026-09-15,110.42577879915117,110.74556355495619,107.90747480022036,109.36649322509766,1385600,755.513916015625,189.0,4.0,4.0,4.0,12.0,0.00019196836385038506,0.000268700484650309,-1.0,0,4.0,10.0
2026-09-16,110.82551175334234,110.82551175334234,106.7882244423696,108.69693756103516,2009100,752.1821899414062,186.0,4.0,4.0,4.0,12.0,0.00011169564056303525,0.0002918750810793042,-1.0,0,4.0,11.0
2026-09-17,111.44508660562886,112.19458281680382,110.49572778784848,111.24522399902344,1157500,760.7109985351562,186.0,4.0,4.0,4.0,12.0,7.275358840221802e-05,0.0003094365965519421,-1.0,0,4.0,12.0
2026-09-18,111.32517651198098,111.74489257708072,108.21726482295531,108.60700225830078,1742200,761.6900024414062,186.0,4.0,4.0,4.0,12.0,4.7106653169930075e-05,0.00030577468361467185,-1.0,0,4.0,13.0
2026-09-21,110.04000091552734,110.37000274658203,108.6500015258789,109.0,1341700,773.5,184.0,4.0,4.0,4.0,12.0,4.6337563911264927e-05,0.0002601062638695505,-1.0,0,4.0,14.0
2026-09-22,109.4000015258789,112.44000244140625,108.73999786376953,111.94000244140625,1527100,773.3800048828125,185.0,4.0,4.0,4.0,12.0,2.6172572768045872e-05,0.00019196836385038506,-1.0,0,4.0,15.0
2026-09-23,110.22000122070312,110.44000244140625,108.73999786376953,109.58000183105469,1239800,767.8099975585938,184.0,4.0,4.0,4.0,12.0,-5.114218749649691e-06,0.00011169564056303525,-1.0,0,4.0,16.0
2026-09-24,108.69000244140625,108.9000015258789,107.08000183105469,107.95999908447266,2139400,767.1799926757812,183.0,4.0,4.0,4.0,12.0,-4.617322762558505e-05,7.275358840221802e-05,-1.0,0,4.0,17.0
2026-09-25,108.0199966430664,108.93000030517578,106.91999816894531,108.33000183105469,923700,771.3499755859375,180.0,4.0,4.0,4.0,12.0,-7.47479447792536e-05,4.7106653169930075e-05,-1.0,0,4.0,18.0
2026-09-28,105.97000122070312,106.9000015258789,105.0,105.41999816894531,1384500,765.6099853515625,181.0,4.0,4.0,4.0,12.0,-0.00010292524018893066,4.6337563911264927e-05,-1.0,1,4.0,19.0
2026-09-29,105.80000305175781,105.87999725341797,102.6500015258789,103.9000015258789,2299000,764.2000122070312,179.0,4.0,4.0,3.0,10.0,-0.00014124045445830166,2.6172572768045872e-05,-1.0,0,4.0,20.0
2026-09-30,,,,,1187638,,179.0,,4.0,3.0,,-0.000175736970044247,-5.114218749649691e-06,-1.0,0,,
