Date,Open,High,Low,Close,Volume,IndexClose,CVI,LTI,STI,VI,SecState,VWRS,VWRS_1wk,RS,GapDown,Thermostat,Days
2022-09-30,111.92036544682568,115.04388864837502,110.86707945353609,113.24604797363281,4445800,339.1264953613281,,,,,,,,,0,,
2022-10-03,118.38538052265991,121.47258374505438,117.54093092072779,120.54641723632812,5527400,348.0798645019531,496.0,,,3.0,,,,,0,,
2022-10-04,123.95140269499188,127.12033606030127,122.81639969445348,126.86609649658203,8217100,358.86566162109375,493.0,,,3.0,,,,,0,,
2022-10-05,126.89332229033695,130.25292805224436,123.89691190890011,129.19056701660156,7012800,358.03021240234375,487.0,,,3.0,,,,,0,,
2022-10-06,127.99201724363212,131.88734122562056,127.98292835292939,131.0701446533203,4024100,354.3367919921875,480.0,,,3.0,,,,,0,,
2022-10-07,131.07015028432232,133.2130364747673,128.39153215500343,129.46298217773438,5710000,344.4529724121094,473.0,,,3.0,,,,,0,,
2022-10-10,129.83526689112787,131.5150630016518,125.87637591173323,127.12940979003906,4398100,341.8229675292969,467.0,,,3.0,,,,,0,,
2022-10-11,124.17842116440019,128.10099874912885,122.85274522781586,125.44054412841797,6083400,339.6581726074219,460.0,,,3.0,,,,,0,,
2022-10-12,124.62334057536914,127.90123008750855,122.7982605755146,126.8570327758789,3247600,338.537841796875,454.0,,,3.0,,,,,0,,
2022-10-13,124.44169542298391,132.34131122967,124.24193384480223,131.50595092773438,6129800,347.47222900390625,450.0,,,3.0,,,,,0,,
2022-10-14,129.9169547986192,131.94179579965507,124.650539334096,124.96834564208984,5012400,339.55377197265625,448.0,,,3.0,,,,,0,,
2022-10-17,127.36548856982893,129.82616708400113,126.49380025145895,127.94660949707031,4584900,348.2792663574219,443.0,,,3.0,,,,,0,,
2022-10-18,128.7728725608248,130.9520721956986,126.51194220200783,129.20870971679688,5371400,352.3714599609375,437.0,,,3.0,,,,,0,,
2022-10-19,128.93635347359626,133.1767234357947,128.41878540431452,132.51388549804688,4624600,349.8743896484375,431.0,,,3.0,,,,,0,,
2022-10-20,134.11194421023018,135.51935062253955,130.50717377538678,131.0701446533203,4396600,346.94049072265625,425.0,,1.0,3.0,,,,,0,,
2022-10-21,132.07803402871437,134.12103941059354,129.62641648644583,134.01206970214844,5409300,355.3716735839844,420.0,,1.0,3.0,,,,,0,,
2022-10-24,133.8395351129547,135.45577811829722,132.5683374194322,134.0483856201172,3415300,359.72021484375,414.0,,1.0,3.0,,,,,0,,
2022-10-25,133.6488750857513,135.41947698962016,132.4049162349593,135.1652374267578,2982700,365.4644470214844,408.0,,1.0,3.0,,,,,0,,
2022-10-26,135.6737103917814,139.04240522926665,135.6737103917814,137.27178955078125,5083800,362.7109680175781,402.0,,1.0,3.0,,,,,0,,
2022-10-27,139.06051107104665,140.8220372984873,135.94607063047778,136.1549072265625,4255200,360.7740783691406,397.0,,1.0,3.0,,,,,0,,
2022-10-28,137.33534676356155,138.3704688229838,132.14157254119291,135.53750610351562,5894100,369.357177734375,391.0,,1.0,3.0,,,,,0,,
2022-10-31,134.5023966011432,138.8789608557091,134.15735126411747,137.37167358398438,5688700,366.6891784667969,385.0,,1.0,3.0,,,,,0,,
2022-11-01,139.91407856728438,140.1592430808052,137.9437151334706,139.10595703125,4158800,365.0845947265625,380.0,,1.0,3.0,,,,,0,,
2022-11-02,139.06965087141546,140.39532661624568,135.06535696329942,135.44671630859375,3912500,355.9223327636719,376.0,,1.0,3.0,,,,,0,,
2022-11-03,134.5024174094068,139.4510283609313,133.85772952549297,138.53395080566406,4863900,352.25750732421875,372.0,,1.0,3.0,,,,,0,,
2022-11-04,141.9661986812629,143.88208454102062,138.16166592878048,141.21255493164062,5622000,357.3275451660156,367.0,,1.0,3.0,,,,,0,,
2022-11-07,142.53821936059896,146.18839305415102,142.3021437136595,145.48922729492188,4894800,360.74566650390625,364.0,,1.0,3.0,,,,,0,,
2022-11-08,145.26222242763276,145.289461391673,142.22949768766938,144.54490661621094,3562200,362.6919860839844,359.0,,1.0,3.0,,,,,0,,
2022-11-09,141.65744777735694,142.1931797168964,134.656757114146,135.03811645507812,6230000,355.2198181152344,365.0,,1.0,3.0,,,,,1,,
2022-11-10,138.53393644395436,140.2228076513371,135.81900420909622,140.09568786621094,3772600,374.7406005859375,364.0,,1.0,3.0,,,,,0,,
2022-11-11,143.05577601834003,146.1066645326235,142.65625275914556,144.49949645996094,4352500,378.3675231933594,361.0,,1.0,3.0,,,,,0,,
2022-11-14,143.46436515383917,146.56973139520014,142.31119833933747,142.39292907714844,3799800,375.1488342285156,356.0,,1.0,3.0,,,,,0,,
2022-11-15,143.44618226490843,146.2155917186568,142.04786498687577,145.8433074951172,4582800,378.3485412597656,352.0,,1.0,3.0,,,,,0,,
2022-11-16,143.93653698421804,144.14537364615907,140.87655963091677,141.6302032470703,3232000,375.46221923828125,349.0,,1.0,3.0,,,,,0,,
2022-11-17,139.50545646738175,141.43950557331092,138.14345317701222,141.33053588867188,4664200,374.3133239746094,344.0,,1.0,3.0,,,,,0,,
2022-11-18,138.18886847771793,140.24094863183814,134.90190467514094,139.76878356933594,5693000,376.0128479003906,339.0,,1.0,3.0,,,,,0,,
2022-11-21,136.86317291963746,137.634980360928,131.82375774742258,137.10833740234375,8554500,374.6456604003906,335.0,,4.0,3.0,,,,,0,,
2022-11-22,139.24220499738013,142.83788755381676,139.01520434616498,142.67445373535156,3349500,379.6872253417969,335.0,,4.0,3.0,,,,,0,,
2022-11-23,140.7857669542323,142.18408447519488,138.9334344038476,140.41348266601562,3745500,382.0798645019531,330.0,,4.0,3.0,,,,,0,,
2022-11-25,140.99463821682937,142.2840002059647,140.1320385447694,140.42259216308594,1549100,381.9944152832031,326.0,,4.0,3.0,,,,,0,,
2022-11-28,136.13679602334693,137.79844211263463,134.89283714298568,135.26512145996094,6456300,375.89892578125,325.0,,4.0,3.0,,,,,1,,
2022-11-29,137.04478739541472,138.69735831510894,135.67370884112032,136.86318969726562,6292900,375.2532958984375,320.0,,4.0,3.0,,,,,0,,
2022-11-30,138.99699347830554,139.24215797823666,134.8020272940078,138.12530517578125,4903700,387.073974609375,316.0,,4.0,3.0,,,,,0,,
2022-12-01,140.00488681536314,140.458887997666,135.23787440118295,135.3740692138672,6112200,386.7891845703125,312.0,,4.0,3.0,,,,,0,,
2022-12-02,134.71123984574865,135.9551987299472,133.36740014095636,134.23907470703125,4866800,386.34295654296875,308.0,,4.0,3.0,,,,,0,,
2022-12-05,135.25604691763664,136.49093076612536,127.1475780821511,128.0101776123047,6061100,379.39288330078125,310.0,,4.0,3.0,,,,,0,,
2022-12-06,127.05676200384558,129.00897536657055,123.18867698616928,124.46896362304688,6432500,373.9240417480469,308.0,,4.0,3.0,,,,,0,,
2022-12-07,124.9865221958309,126.01256931991036,122.10815631081981,123.38844299316406,4716900,373.2879333496094,304.0,,4.0,3.0,,,,,0,,
2022-12-08,126.18507490613102,126.63000100036862,119.99249285599358,120.58270263671875,7296800,376.2122497558594,301.0,,4.0,3.0,,,,,0,,
2022-12-09,120.94590343316841,122.04459231095969,118.29453838318634,118.32177734375,6106700,373.40185546875,297.0,,4.0,1.0,,,,,0,,
2022-12-12,119.69290049301112,123.43386649356917,118.74857010033374,122.80734252929688,5370300,378.7852783203125,297.0,,4.0,1.0,,,,,0,,
2022-12-13,126.69356567307571,127.15664187969799,123.83336383773215,125.01375579833984,5668300,381.6526184082031,294.0,,4.0,1.0,,,,,0,,
2022-12-14,126.00349028024345,126.90240374161142,123.02524367375861,124.3600082397461,4691000,379.2125549316406,290.0,,4.0,1.0,,,,,0,,
2022-12-15,123.06157379324797,124.97745956136798,121.95380967016334,124.87757873535156,4549300,369.936279296875,285.0,,4.0,1.0,,,,,0,,
2022-12-16,121.30914236827438,123.09790844335063,120.16505032440735,122.72562408447266,5616400,365.5688781738281,282.0,,4.0,1.0,,,,,0,,
2022-12-19,123.54856178274648,124.2709548985693,119.76282447194875,120.74125671386719,3267400,362.4689025878906,279.0,,4.0,1.0,,,,,0,,
2022-12-20,120.67726976197825,122.79873907876102,120.03717186265102,122.0123291015625,3560800,362.9649353027344,275.0,,4.0,1.0,,,,,0,,
2022-12-21,124.72818621778518,125.46888588088039,122.32324596665154,125.11225891113281,3873800,368.39208984375,273.0,,4.0,1.0,,,,,0,,
2022-12-22,125.0573843708146,125.0573843708146,118.37290637173805,121.17105865478516,5715700,363.1365661621094,273.0,,4.0,1.0,,,,,0,,
2022-12-23,122.46043135504324,125.88040366855324,121.87519686882081,125.84381866455078,3057400,365.22552490234375,274.0,,4.0,1.0,,,,,0,,
2022-12-27,126.41989392101628,127.14228717549169,125.27685690545555,126.66679382324219,2278200,363.78521728515625,270.0,,4.0,1.0,,,,,0,,
2022-12-28,125.88038557583064,125.93524912085805,120.66813950189508,121.04304504394531,3844400,359.26409912109375,273.0,,4.0,1.0,,,,,0,,
2022-12-29,120.29324469986048,124.17041817729488,120.11950080288268,123.64920043945312,2372500,365.7310791015625,270.0,,4.0,1.0,,,,,0,,
2022-12-30,122.60673976133111,124.42645994548967,122.49701265881977,124.25271606445312,2201800,364.7676086425781,266.0,,4.0,1.0,,,,,0,,
2023-01-03,122.54270182876033,123.79547982956116,115.85822389494454,117.30302429199219,6321700,363.2320251464844,274.0,,4.0,1.0,,,,,0,,
2023-01-04,115.19070253932215,118.97644068002792,114.69690969794168,117.71452331542969,5151500,366.03619384765625,270.0,,4.0,1.0,,,,,0,,
2023-01-05,117.1750059308861,118.90327728055271,115.9405273920591,117.88825988769531,4576400,361.8584899902344,266.0,,4.0,1.0,,,,,0,,
2023-01-06,119.61652313669313,121.61912601560952,118.9947177613132,120.3023452758789,2849100,370.15667724609375,263.0,,4.0,1.0,,,,,0,,
2023-01-09,123.23770310640472,124.3624478083946,121.19851468802695,121.5277099609375,3898700,369.9468078613281,260.0,,4.0,1.0,,,,,0,,
2023-01-10,121.62829227461158,122.34154634137485,119.15019554224159,121.939208984375,3037900,372.5411682128906,256.0,,4.0,1.0,,,,,0,,
2023-01-11,123.67660779598206,123.70403956871004,121.14363380708487,122.89019775390625,2251000,377.25311279296875,252.0,,4.0,1.0,,,,,0,,
2023-01-12,124.06979876398636,127.56292645839382,123.74975678271778,126.52047729492188,4252000,378.6265869140625,252.0,,4.0,1.0,,,,,0,,
2023-01-13,126.37417695482834,127.53550653663343,124.57274939792615,127.18801879882812,2409100,380.0954895019531,248.0,,4.0,1.0,,,,,0,,
2023-01-17,128.44081624075503,129.4741124298177,126.96858370012215,127.79156494140625,3264400,379.3991394042969,245.0,,4.0,1.0,,,,,0,,
2023-01-18,128.60538935559666,131.0011906469643,125.20370983719478,125.29515838623047,4736300,373.40911865234375,242.0,,4.0,1.0,,,,,0,,
2023-01-19,124.55445294736707,128.27617389459988,124.26182879904773,127.73666381835938,3472600,370.6908264160156,240.0,,4.0,1.0,,,,,0,,
2023-01-20,128.4773788716486,129.7850067064531,126.78567826612377,129.57469177246094,5665600,377.5964660644531,238.0,,4.0,1.0,,,,,0,,
2023-01-23,130.84570648056663,132.60140934789922,130.041018053718,131.44009399414062,4409200,382.1270751953125,235.0,,4.0,1.0,,,,,0,,
2023-01-24,131.3303785232059,131.3303785232059,129.27291186310677,130.0227508544922,5583400,381.71697998046875,232.0,,4.0,1.0,,,,,0,,
2023-01-25,129.05346916958393,129.93131387563253,126.86798272534107,129.88558959960938,2958800,381.8600158691406,228.0,,4.0,1.0,,,,,0,,
2023-01-26,131.184063133061,133.0952174527771,129.1905995534193,133.00376892089844,4480300,386.0567626953125,227.0,,1.0,1.0,,,,,0,,
2023-01-27,133.11351439600736,134.20167382442295,131.0468947124512,131.19320678710938,3201200,386.9438171386719,225.0,,1.0,1.0,,,,,0,,
2023-01-30,129.4649531760859,129.95873905403786,126.86797628563488,126.95027160644531,5423800,382.0888977050781,226.0,,1.0,1.0,,,,,1,,
2023-01-31,126.90454708093836,129.19976050410764,126.11813701532394,128.9071502685547,2918100,387.7069091796875,224.0,,1.0,1.0,,,,,0,,
2023-02-01,128.1298720141696,128.47735972967232,122.71645041736824,125.91695404052734,6403100,391.827392578125,222.0,,1.0,1.0,,,,,0,,
2023-02-02,125.95353142658023,126.4747490152463,122.2866599956755,123.96006774902344,6493700,397.53125,220.0,,4.0,1.0,,,,,0,,
2023-02-03,124.23440171197971,127.31602489227714,123.21938433300546,123.40226745605469,6489300,393.3057861328125,217.0,,4.0,1.0,,,,,0,,
2023-02-06,123.31997397118805,124.45387167583766,119.75370418307024,120.94245147705078,4498100,390.90216064453125,216.0,,4.0,1.0,,,,,0,,
2023-02-07,121.87517326531183,125.99924564661812,120.76872128761192,125.82551574707031,4795700,396.01458740234375,219.0,,4.0,1.0,,,,,0,,
2023-02-08,125.93521438233503,126.72162420134164,122.92673393104263,124.29837799072266,3321400,391.6842956542969,217.0,,4.0,1.0,,,,,0,,
2023-02-09,124.49960262046858,124.7465025553505,122.17695723700552,122.3598403930664,2590600,388.28875732421875,214.0,,4.0,1.0,,,,,0,,
2023-02-10,123.89608934265888,128.83400431146737,123.89608934265888,128.751708984375,5151000,389.1948547363281,222.0,,4.0,1.0,,,,,0,,
2023-02-13,127.7183798622337,128.769982268361,126.18214484008055,127.85555267333984,3470000,393.76361083984375,219.0,,4.0,1.0,,,,,0,,
2023-02-14,126.61192665477448,129.0534519757539,126.01753905184387,128.5962371826172,2808700,393.5824279785156,216.0,,4.0,1.0,,,,,0,,
2023-02-15,126.6210684663895,126.69422450912879,123.86864037962968,126.4839096069336,4896600,394.8605041503906,214.0,,4.0,1.0,,,,,0,,
2023-02-16,126.26445699931931,127.86470900408943,124.77393209560171,124.81965637207031,2446000,389.4236755371094,212.0,,4.0,1.0,,,,,0,,
2023-02-17,123.02736516322851,123.0730894386475,118.61982128401678,119.44280242919922,7058400,388.450927734375,217.0,,4.0,1.0,,,,,1,,
2023-02-21,118.92158542128448,119.90917117286496,117.25731666776277,117.65966796875,4488200,380.6581726074219,215.0,,4.0,1.0,,,,,0,,
2023-02-22,117.79683150526084,119.15018344931595,115.82166015787955,117.5316390991211,4454600,380.13360595703125,212.0,,4.0,1.0,,,,,0,,
2023-02-23,119.92744254735265,121.75630184020189,118.64724662359383,121.06134033203125,4228300,382.1556701660156,212.0,,4.0,1.0,,,,,0,,
2023-02-24,119.93658615990813,123.03650185468075,118.2814708650447,122.71644592285156,7025900,378.0733642578125,210.0,,4.0,1.0,,,,,0,,
2023-02-27,123.12795380078816,124.44473480424516,121.74716997379392,123.42057800292969,3354400,379.3609924316406,207.0,,4.0,1.0,,,,,0,,
2023-02-28,124.90194385438005,125.16713626939057,121.50026440446564,121.59171295166016,3719200,377.9588928222656,205.0,,4.0,1.0,,,,,0,,
2023-03-01,120.97904669775636,124.82878774909858,120.61326646223797,124.3532943725586,4261800,376.5090637207031,204.0,,4.0,1.0,,,,,0,,
2023-03-02,123.88690783834028,126.70335244284972,122.74387093487478,126.05411529541016,2915500,379.437255859375,202.0,,1.0,1.0,,,,,0,,
2023-03-03,124.33503635449333,129.6753036962809,123.71321675820674,129.06263732910156,6511300,385.5226135253906,202.0,,1.0,1.0,,,,,0,,
2023-03-06,127.89210981365576,127.89210981365576,126.0815433192191,126.54789733886719,5636000,385.78973388671875,200.0,,1.0,1.0,,,,,0,,
2023-03-07,126.04499159471005,126.51135969054083,123.85036580722682,124.43560028076172,5463500,379.87603759765625,199.0,,1.0,1.0,,,,,0,,
2023-03-08,123.64004020285876,125.85295830094326,121.01561759618515,122.5152816772461,8897900,380.4960632324219,197.0,,1.0,1.0,,,,,0,,
2023-03-09,123.21025591804371,125.26772262810455,119.41536450318915,119.5068130493164,5581200,373.4759521484375,197.0,,1.0,1.0,,,,,0,,
2023-03-10,119.47937989894633,121.4545512665798,116.53491534712857,117.08356475830078,7393800,368.0869445800781,196.0,,4.0,1.0,,,,,0,,
2023-03-13,113.70932522611567,117.02870931020969,111.22207546965724,113.51729583740234,11405900,367.5622253417969,198.0,,4.0,1.0,,,,,0,,
2023-03-14,114.11166687183471,117.99798556759832,112.08163211028821,114.24883270263672,8552100,373.6380920410156,195.0,,4.0,1.0,,,,,0,,
2023-03-15,109.74068908527791,110.09731604137339,104.47357307568845,107.01568603515625,15385200,371.30120849609375,212.0,,4.0,1.0,,,,,1,,
2023-03-16,104.83936221573818,110.06075475216512,104.39129363448241,109.96016693115234,10664900,377.8157958984375,212.0,,4.0,1.0,,,,,0,,
2023-03-17,109.45722723737086,109.83214674577373,106.00068424747099,107.591796875,8829200,373.398193359375,211.0,,4.0,1.0,,,,,0,,
2023-03-20,108.33300748962733,111.25544327496867,107.9642442566162,110.09384155273438,7534800,376.9885559082031,210.0,,4.0,1.0,,,,,0,,
2023-03-21,112.47235940411454,114.57430073318028,111.9929721145416,113.92897033691406,5915700,381.93865966796875,212.0,,4.0,1.0,,,,,0,,
2023-03-22,113.96584797156946,114.91540857409497,110.7852729152642,110.86824798583984,4394000,375.42791748046875,212.0,,4.0,1.0,,,,,0,,
2023-03-23,112.1404637318067,113.36659841486325,108.01954945782941,109.22724914550781,6438200,376.44281005859375,210.0,,4.0,1.0,,,,,0,,
2023-03-24,107.25436541448697,110.83135935131445,106.26792788763026,110.37040710449219,4583900,378.9130859375,207.0,,4.0,1.0,,-7.478663446934116e-05,,,0,,
2023-03-27,112.10360324039713,114.12257666036109,110.05697380650068,113.46802520751953,5541400,379.6216125488281,208.0,,4.0,1.0,,-0.00010587184987368064,,,0,,
2023-03-28,112.94252597975141,116.0677817748738,112.71204984716968,114.95227813720703,4070400,378.7695007324219,205.0,,4.0,1.0,,-0.0001260011316753252,,,0,,
2023-03-29,116.45496688340326,116.82373006074712,115.23805332166934,116.26136779785156,3382200,384.2748718261719,203.0,,4.0,1.0,,-0.00016126559638425793,,,0,,
2023-03-30,117.41375618179546,117.61657629457453,115.3025940597535,116.15996551513672,4123000,386.52484130859375,200.0,,4.0,1.0,,-0.0001745153879993851,,,0,,
2023-03-31,117.08188076450135,118.1236374334207,116.53796044257692,117.62580108642578,2879200,391.9727783203125,198.0,,4.0,1.0,,-0.0001639088786987712,-7.478663446934116e-05,,0,,
2023-04-03,123.03737000816164,124.48475263176884,121.02761105886448,123.42456817626953,9176300,393.4664306640625,206.0,,1.0,1.0,,-9.783479612030797e-05,-0.00010587184987368064,,0,,
2023-04-04,123.97769970449191,124.18974784471864,118.73206142065584,120.58509826660156,4903800,391.2834167480469,205.0,,1.0,1.0,,-3.6219865016209764e-05,-0.0001260011316753252,,0,,
2023-04-05,120.77870157838073,121.86655618616146,119.06395867270467,121.7467041015625,5204300,390.2589416503906,202.0,,1.0,1.0,,1.2292324706374586e-05,-0.00016126559638425793,,0,,
2023-04-06,121.35951965269038,121.78360195359264,119.91213676145296,120.03197479248047,3783900,391.78125,200.0,,1.0,1.0,,-2.2930973704542514e-05,-0.0001745153879993851,,0,,
2023-04-10,121.31339271176131,123.90394174156333,121.05526061344864,122.61328125,3520700,392.1833801269531,199.0,,1.0,1.0,,-2.9726368476360907e-05,-0.0001639088786987712,,0,,
2023-04-11,123.11111459705988,124.73367543906575,122.29984824320256,124.3095932006836,3639700,392.28875732421875,197.0,,1.0,1.0,,-3.883117908457047e-05,-9.783479612030797e-05,,0,,
2023-04-12,125.06558745604458,125.07480143831664,123.05582801600391,123.2955322265625,2914100,390.6897888183594,195.0,,1.0,1.0,,-1.8428641081223806e-05,-3.6219865016209764e-05,,0,,
2023-04-13,122.95440105103859,124.85352210717227,122.6501708720735,124.03302764892578,4265500,395.8791809082031,192.0,,1.0,1.0,,-3.743064345222752e-05,1.2292324706374586e-05,,0,,
2023-04-14,123.99617074428542,124.95494535454739,122.79769193109692,123.92241668701172,3112000,394.912109375,189.0,,1.0,1.0,,-5.679148366720627e-05,-2.2930973704542514e-05,,0,,
2023-04-17,124.29117074671107,124.411008765381,121.25809708108189,121.70060729980469,5120600,396.3292236328125,188.0,,1.0,1.0,,-0.00010126527272606515,-2.9726368476360907e-05,,0,,
2023-04-18,121.58997386121256,121.68216993042704,120.0135111073737,121.2857437133789,3447100,396.58770751953125,185.0,,1.0,1.0,,-0.00012753792192724965,-3.883117908457047e-05,,0,,
2023-04-19,119.2760181839568,119.95821856516105,117.78253024326305,119.92134857177734,5528000,396.5206604003906,183.0,,1.0,1.0,,-0.00015658542166388154,-1.8428641081223806e-05,,1,,
2023-04-20,118.15127522510411,118.76894950567045,116.84216558787882,118.02220916748047,3786500,394.3568420410156,182.0,,1.0,1.0,,-0.00016704591074817883,-3.743064345222752e-05,,0,,
2023-04-21,118.49238212884423,118.63989022230678,116.39966204624866,116.9989013671875,3064200,394.6631774902344,179.0,,1.0,1.0,,-0.00017546256307920559,-5.679148366720627e-05,,0,,
2023-04-24,116.49185268844973,119.68164843446085,116.33513061217221,119.14694213867188,3510100,395.07489013671875,179.0,,1.0,1.0,,-0.00015715915612070242,-0.00010126527272606515,,0,,
2023-04-25,117.62578679807652,117.74563887948825,114.7955403842649,115.2564926147461,4636200,388.8035583496094,182.0,,4.0,1.0,,-0.00014625903038544097,-0.00012753792192724965,,0,,
2023-04-26,114.72178730552652,115.55149564965299,112.38014925449727,113.24673461914062,4996500,387.15667724609375,181.0,,4.0,1.0,,-0.00016316993807763926,-0.00015658542166388154,,0,,
2023-04-27,113.64315671888566,114.87851232045232,112.18655305567549,114.12255096435547,3993700,394.8642883300781,178.0,,4.0,1.0,,-0.00015865821081171154,-0.00016704591074817883,,0,,
2023-04-28,114.3345849533383,118.14204773844851,113.5601886039217,117.18327331542969,6155800,398.2345275878906,179.0,,4.0,1.0,,-0.00013676623594031248,-0.00017546256307920559,,0,,
2023-05-01,115.4869642856076,117.47828122076785,115.05367511383109,116.36277770996094,4266700,397.8323974609375,177.0,,4.0,1.0,,-9.496733453746155e-05,-0.00015715915612070242,,0,,
2023-05-02,114.59272802108144,114.68491706103433,109.34708935495966,110.99729919433594,6258700,393.361083984375,186.0,,4.0,1.0,,-0.00015049385020946479,-0.00014625903038544097,,1,,
2023-05-03,109.00597523095776,110.93275910110782,108.25001389775149,108.83081817626953,5788000,390.66107177734375,185.0,,4.0,1.0,,-0.0002330174184994701,-0.00016316993807763926,,0,,
2023-05-04,108.85848176672924,110.3335275155522,106.83950872184387,107.19905090332031,6469800,387.89398193359375,183.0,,4.0,1.0,,-0.00029096609981665714,-0.00015865821081171154,,0,,
2023-05-05,110.56399896596506,112.0943566677708,110.21367781340052,110.9327621459961,4343100,395.07489013671875,186.0,,4.0,1.0,,-0.00027756977781085904,-0.00013676623594031248,,0,,
2023-05-08,113.76302365601646,114.4267960619352,111.0249659983884,111.23700714111328,4350200,395.18023681640625,184.0,,4.0,1.0,,-0.0002508096332694382,-9.496733453746155e-05,,0,,
2023-05-09,109.91867666858404,111.90998673182912,109.20880626453243,110.6285400390625,3587500,393.4472961425781,181.0,,4.0,1.0,,-0.0002539001966507176,-0.00015049385020946479,,0,,
2023-05-10,110.8866571217413,111.34760930933321,108.8215932907297,109.9924087524414,3378400,395.2856140136719,179.0,,4.0,1.0,,-0.00029450428767742535,-0.0002330174184994701,,0,,
2023-05-11,108.20392480439315,109.3194283136872,107.73375157863366,108.71096801757812,4060600,394.5962219238281,177.0,,4.0,1.0,,-0.00032575473285492495,-0.00029096609981665714,,0,,
2023-05-12,109.79883645351883,110.31510781235019,107.97346928431634,109.72508239746094,4149300,394.07916259765625,175.0,,4.0,1.0,,-0.000340080618104188,-0.00027756977781085904,,0,,
2023-05-15,110.78526101961572,112.75813606810088,109.94633159008045,111.79935455322266,5372400,395.4387512207031,174.0,,4.0,1.0,,-0.00032371627346771125,-0.0002508096332694382,,0,,
2023-05-16,111.0894910641338,111.92842752629338,108.57268871122815,108.60956573486328,3940100,392.7961730957031,176.0,,4.0,1.0,,-0.00033203105156360624,-0.0002539001966507176,,0,,
2023-05-17,110.06617081396013,111.78091363948673,108.52659208323043,110.98807525634766,4266100,397.5643310546875,176.0,,4.0,1.0,,-0.00034237205996743187,-0.00029450428767742535,,0,,
2023-05-18,110.39806026631626,113.36659378465276,109.4577208018262,113.21908569335938,3481400,401.39410400390625,175.0,,4.0,1.0,,-0.00034847252072438365,-0.00032575473285492495,,0,,
2023-05-19,114.46367271676982,115.16431511312277,112.7212666401006,113.43113708496094,3893600,400.81005859375,173.0,,4.0,1.0,,-0.00032121912374277967,-0.000340080618104188,,0,,
2023-05-22,113.44958186314793,116.47342793340067,113.30208077935652,115.40402221679688,5192800,400.9728698730469,172.0,,1.0,1.0,,-0.00028453963574448467,-0.00032371627346771125,,0,,
2023-05-23,116.51951486802292,117.60736251235531,115.54229830116576,115.69902038574219,3214000,396.4728088378906,169.0,,1.0,1.0,,-0.000272352887924157,-0.00033203105156360624,,0,,
2023-05-24,116.44574463527137,117.24780400997352,114.74022287090578,116.30746459960938,5423400,393.6004943847656,167.0,,1.0,1.0,,-0.0002620282500705622,-0.00034237205996743187,,0,,
2023-05-25,114.1594340383678,114.3622541503911,112.04827192419278,113.1729965209961,4056200,397.0090637207031,168.0,,1.0,1.0,,-0.00028353131676763134,-0.00034847252072438365,,1,,
2023-05-26,114.01190869829668,114.07644172112656,111.72558986069076,112.78577423095703,2858700,402.1504821777344,166.0,,1.0,1.0,,-0.0002955480951716919,-0.00032121912374277967,,0,,
2023-05-30,110.84056656361169,111.08947765112875,109.02441381191048,110.55477142333984,4693700,402.3037109375,166.0,,1.0,1.0,,-0.0002998745449375292,-0.00028453963574448467,,1,,
2023-05-31,108.78473064082264,110.06617732890581,108.22236833499356,108.8676986694336,5110200,400.07281494140625,165.0,,1.0,1.0,,-0.00028886094414568627,-0.000272352887924157,,0,,
2023-06-01,109.11661566643714,111.38449986089459,108.25002319773562,109.6789779663086,3817000,403.87396240234375,163.0,,1.0,1.0,,-0.00026536982096273546,-0.0002620282500705622,,0,,
2023-06-02,112.20499949598619,114.74945796804421,111.42138205224475,114.18709564208984,6445900,409.7144775390625,169.0,,1.0,1.0,,-0.00020420898277272333,-0.00028353131676763134,,0,,
2023-06-05,116.36277088113408,116.63012399286336,112.43545628964904,112.59217834472656,4355600,408.92938232421875,168.0,,1.0,1.0,,-0.00014295376511011388,-0.0002955480951716919,,0,,
2023-06-06,111.07106172381975,114.89695992589981,110.71151248346565,114.77711486816406,4286000,409.81976318359375,167.0,,1.0,1.0,,-0.00010003080999034088,-0.0002998745449375292,,0,,
2023-06-07,115.70823661689919,119.14694352200658,115.44088346590064,118.99943542480469,5634700,408.4026794433594,172.0,,1.0,1.0,,-6.998237188641436e-05,-0.00028886094414568627,,0,,
2023-06-08,118.9256799197859,119.41428817703039,116.03090036659479,118.38175964355469,5526600,410.8729248046875,170.0,,1.0,1.0,,-3.777891057972183e-05,-0.00026536982096273546,,0,,
2023-06-09,117.77330314301204,118.75051968938476,116.67623450682682,117.34922790527344,4687000,411.610107421875,168.0,,1.0,1.0,,-6.686274417096163e-06,-0.00020420898277272333,,0,,
2023-06-12,115.18274660288243,116.99889953210966,114.14099005146846,115.38556671142578,6450700,415.34429931640625,167.0,,1.0,1.0,,-3.09696190911933e-05,-0.00014295376511011388,,0,,
2023-06-13,116.89748895626823,119.29443212458789,116.5195047495652,116.58403778076172,5139100,418.0826110839844,165.0,,1.0,1.0,,-4.0132166155629736e-05,-0.00010003080999034088,,0,,
2023-06-14,117.82861815584998,118.1512903748558,113.61551464830212,114.96149444580078,4704600,418.5804443359375,164.0,,1.0,1.0,,-4.1176291269269364e-05,-6.998237188641436e-05,,0,,
2023-06-15,115.24728973139372,118.11440641017248,115.21041270537562,117.25704193115234,5224500,423.7698974609375,163.0,,1.0,1.0,,-7.260885034574444e-06,-3.777891057972183e-05,,0,,
2023-06-16,118.32645322744878,118.33566720866746,116.46420211955383,117.76408386230469,5815900,422.326416015625,161.0,,1.0,1.0,,3.5443219289486634e-05,-6.686274417096163e-06,,0,,
2023-06-20,117.14420413739548,117.14420413739548,113.49736663897957,114.90785217285156,4641400,420.1352844238281,162.0,,1.0,1.0,,2.3247677832717933e-05,-3.09696190911933e-05,,0,,
2023-06-21,114.41605059192179,116.91222719277673,114.29541275833773,116.07707214355469,2709000,417.9826354980469,160.0,,1.0,1.0,,1.0186908243757591e-07,-4.0132166155629736e-05,,0,,
2023-06-22,114.37891583555611,114.685133411118,113.08906819281182,113.87782287597656,5073700,419.4914245605469,160.0,,1.0,1.0,,-4.33728555867733e-05,-4.1176291269269364e-05,,0,,
2023-06-23,112.0033729243958,113.6829644007094,111.74354849615318,112.91276550292969,5038800,416.3200988769531,158.0,,1.0,1.0,,-4.836912981668283e-05,-7.260885034574444e-06,,0,,
2023-06-26,113.23754292706651,115.73372640637285,113.20042414123958,114.65730285644531,2877200,414.6191101074219,157.0,,1.0,1.0,,-3.991533123542298e-05,3.5443219289486634e-05,,0,,
2023-06-27,114.3603634253278,115.70589290716231,113.32106570659741,115.27903747558594,3317500,419.1647644042969,155.0,,1.0,1.0,,-1.2767372064794315e-05,2.3247677832717933e-05,,0,,
2023-06-28,115.29760028093466,116.89367282199984,114.0727085530892,116.58744812011719,4131000,419.3761291503906,154.0,,1.0,1.0,,2.8078124240587258e-05,1.0186908243757591e-07,,0,,
2023-06-29,116.85654530965883,118.87947315703033,116.61527673712332,118.84236145019531,3067500,421.029052734375,153.0,,1.0,1.0,,8.516325444550435e-05,-4.33728555867733e-05,,0,,
2023-06-30,119.98372903687448,120.44770322946923,118.32270057782318,119.54759216308594,3119400,425.9975280761719,151.0,,1.0,1.0,,0.00010113088870152183,-4.836912981668283e-05,,0,,
2023-07-03,119.72392630387766,120.66114924527821,119.30635228679311,119.71463775634766,2005800,426.48760986328125,149.0,,1.0,1.0,,0.00010564777169295955,-3.991533123542298e-05,,0,,
2023-07-05,120.35491834768264,120.41988153957422,118.74957139757521,119.1485824584961,3149200,425.8533935546875,147.0,,1.0,1.0,,6.923003277001454e-05,-1.2767372064794315e-05,,0,,
2023-07-06,118.27630895908307,118.74028318554096,114.3603653550289,116.15130615234375,5726000,422.5186462402344,149.0,,1.0,1.0,,1.3469473454226614e-05,2.8078124240587258e-05,,1,,
2023-07-07,115.7522955548257,121.14368123073024,115.7522955548257,119.4455337524414,5126200,421.4519348144531,152.0,,1.0,1.0,,-1.7426355894509676e-05,8.516325444550435e-05,,0,,
2023-07-10,119.41768018185435,120.61472737089522,119.02794355846038,120.45697784423828,2901900,422.5186462402344,150.0,,1.0,1.0,,-3.78886185464221e-05,0.00010113088870152183,,0,,
2023-07-11,121.30142572533431,123.66769716729928,120.69826488062778,123.44498443603516,4262000,425.20953369140625,151.0,,1.0,1.0,,1.210477256064018e-05,0.00010564777169295955,,0,,
2023-07-12,124.36366656216566,125.24521483809377,123.25013115260536,123.8904037475586,4437200,428.63067626953125,149.0,,1.0,1.0,,6.470689031436691e-05,6.923003277001454e-05,,0,,
2023-07-13,124.00175526558255,126.16387684206663,123.27795661106147,124.21517944335938,6363900,432.0325927734375,147.0,,1.0,1.0,,0.00012088986741165119,1.3469473454226614e-05,,0,,
2023-07-14,123.75120194265669,123.75120194265669,119.58470843661922,119.77030944824219,4526100,431.76361083984375,153.0,,1.0,1.0,,0.00010678074042140617,-1.7426355894509676e-05,,0,,
2023-07-17,119.38055148984917,120.939512105873,118.97226610313109,120.2806625366211,3221400,433.26275634765625,151.0,,1.0,1.0,,7.184020318775228e-05,-3.78886185464221e-05,,0,,
2023-07-18,120.47557493370073,124.79981904113238,120.38277440494774,123.65843200683594,5991300,436.482177734375,153.0,,1.0,1.0,,3.9448288869025995e-05,1.210477256064018e-05,,0,,
2023-07-19,124.22445026634956,125.58853557443413,123.54705188539839,124.28941345214844,3862000,437.4527282714844,151.0,,1.0,1.0,,5.564770844663538e-05,6.470689031436691e-05,,0,,
2023-07-20,125.35653616858293,125.87618496650421,124.41003906924108,125.60708618164062,3741600,434.5505065917969,150.0,,1.0,1.0,,6.975416438184959e-05,0.00012088986741165119,,0,,
2023-07-21,126.47011458207689,126.47011458207689,124.8647673910397,126.27525329589844,3826200,434.5505065917969,148.0,,1.0,1.0,,6.869007168139367e-05,0.00010678074042140617,,0,,
2023-07-24,126.85985771925414,129.59730322249013,126.65570789710632,128.3260040283203,4707500,436.4917297363281,147.0,,1.0,1.0,,8.553149824342311e-05,7.184020318775228e-05,,0,,
2023-07-25,127.98265444530124,129.94062633175102,127.06398033993067,128.7528533935547,3715300,437.68341064453125,145.0,,1.0,1.0,,0.00011813658878932504,3.9448288869025995e-05,,0,,
2023-07-26,127.34237912936067,129.6529761811469,127.26814154415054,129.12403869628906,2571700,437.75067138671875,143.0,,1.0,1.0,,0.00017762433745506024,5.564770844663538e-05,,0,,
2023-07-27,130.50666921670498,130.93353173309194,127.71354948439182,128.18679809570312,3575600,434.84844970703125,141.0,,1.0,1.0,,0.00020134275290259704,6.975416438184959e-05,,0,,
2023-07-28,129.16114788634468,130.8778440347243,128.01048670326247,130.76649475097656,3843100,439.1057434082031,142.0,,1.0,1.0,,0.0002456100471757774,6.869007168139367e-05,,0,,
2023-07-31,131.80579793889873,132.9007845253664,131.65733694088865,132.72447204589844,3205300,439.9417724609375,141.0,,1.0,1.0,,0.00028296946831695563,8.553149824342311e-05,,0,,
2023-08-01,131.1562015687363,132.42750029293663,130.3303281969433,132.28829956054688,4392400,438.682861328125,139.0,,1.0,1.0,,0.00030453491003112654,0.00011813658878932504,,0,,
2023-08-02,131.21192289195764,131.7315859880306,128.7621392193858,130.13551330566406,4452200,432.5804138183594,139.0,,1.0,1.0,,0.00029909678516934897,0.00017762433745506024,,0,,
2023-08-03,130.72008306527815,134.1535033805363,129.47663564093122,132.8450927734375,5040200,431.34075927734375,140.0,,1.0,1.0,,0.00030170356241310503,0.00020134275290259704,,0,,
2023-08-04,133.40187979461675,135.6846394807383,132.81728183059948,133.84730529785156,4289900,429.38983154296875,138.0,,1.0,1.0,,0.0003231984974840176,0.0002456100471757774,,0,,
2023-08-07,134.2834348383129,135.06290818687398,133.27196020335447,134.5896453857422,3127600,433.1377868652344,136.0,,1.0,1.0,,0.00036016666508858385,0.00028296946831695563,,0,,
2023-08-08,132.05631556426974,135.8887464366131,131.2582794885591,135.84234619140625,3660700,431.2542419433594,135.0,,1.0,1.0,,0.00037485110989585565,0.00030453491003112654,,0,,
2023-08-09,137.3827719051036,139.5912796046233,136.2506736546955,137.65187072753906,4346000,428.3712158203125,134.0,,1.0,1.0,,0.00041079238871688544,0.00029909678516934897,,0,,
2023-08-10,137.62402032854695,138.75611847137486,135.36911258857603,136.47337341308594,3463400,428.52496337890625,132.0,,1.0,1.0,,0.00041997870878699665,0.00030170356241310503,,0,,
2023-08-11,136.2599229215177,138.75610607642102,136.25064853602964,138.08798217773438,3041800,428.2750549316406,131.0,,1.0,1.0,,0.00045857185131777486,0.0003231984974840176,,0,,
2023-08-14,137.33637951499625,137.51269199744047,135.76814426719736,137.12295532226562,3198700,430.63916015625,130.0,,1.0,1.0,,0.00047071925848476195,0.00036016666508858385,,0,,
2023-08-15,135.38768401878468,135.71247166600722,133.80089997162978,134.5525360107422,3457400,425.6226806640625,130.0,1.0,1.0,1.0,1.0,0.000469939472473192,0.00037485110989585565,,1,1.0,1.0
2023-08-16,134.673154692275,136.58472611472632,133.82871825711638,133.94935607910156,3611100,422.4994201660156,129.0,1.0,1.0,1.0,1.0,0.00042291454383905635,0.00041079238871688544,,0,1.0,2.0
2023-08-17,136.19502226714337,137.33639509963095,135.56400984570396,135.81455993652344,3522400,419.2799987792969,128.0,1.0,1.0,1.0,1.0,0.0004092986339752809,0.00041997870878699665,,0,1.0,3.0
2023-08-18,134.4040530397706,137.25286164008426,134.27414082030361,137.2342987060547,5314000,419.4818115234375,127.0,1.0,1.0,1.0,1.0,0.00041105728994111744,0.00045857185131777486,,0,1.0,4.0
2023-08-21,138.26431489275302,139.09946280889446,136.00940702354967,137.3827667236328,2503000,422.2110900878906,125.0,1.0,1.0,1.0,1.0,0.00043558245963779577,0.00047071925848476195,,0,1.0,5.0
2023-08-22,137.57762450263843,138.10656188642815,135.90732871236733,135.98155212402344,2587400,421.0675048828125,124.0,1.0,1.0,1.0,1.0,0.00039646618618003026,0.000469939472473192,,0,1.0,6.0
2023-08-23,134.5432328366616,135.10928188169666,132.8543600874407,134.59890747070312,4083300,425.7572021484375,123.0,1.0,1.0,1.0,1.0,0.0003448795579883864,0.00042291454383905635,,1,1.0,7.0
2023-08-24,133.17918010864656,135.13715211916778,133.16989156113172,133.71739196777344,3020800,419.85662841796875,122.0,1.0,1.0,1.0,1.0,0.0002686338062551109,0.0004092986339752809,,0,1.0,8.0
2023-08-25,134.79378414505578,136.13003215273508,133.21627464241135,135.443359375,3173100,422.8165283203125,121.0,1.0,4.0,1.0,2.0,0.00027914721496594564,0.00041105728994111744,,0,2.0,9.0
2023-08-28,136.5940007476692,137.46627450341802,135.27631572747993,136.2321014404297,2401000,425.4977111816406,120.0,1.0,4.0,1.0,2.0,0.00032341113808471593,0.00043558245963779577,,0,2.0,10.0
2023-08-29,136.69608000558782,137.16934276358748,134.84018315851583,136.91879272460938,2199900,431.6482849121094,118.0,1.0,4.0,1.0,2.0,0.0003824548735970789,0.00039646618618003026,,0,2.0,11.0
2023-08-30,137.33635105711923,138.44061182098272,136.82597665037127,137.8467254638672,2913100,433.4261474609375,117.0,1.0,4.0,1.0,2.0,0.0004124864725793891,0.0003448795579883864,,0,2.0,12.0
2023-08-31,138.33857990586176,138.57984144609011,136.714669845077,137.96739196777344,2609600,432.7918701171875,115.0,1.0,4.0,1.0,2.0,0.00043678237378145125,0.0002686338062551109,,0,2.0,13.0
2023-09-01,139.64694045359244,141.7812101502155,139.47062801653627,141.3729248046875,3832100,433.5990905761719,118.0,1.0,4.0,1.0,2.0,0.0005044749129102009,0.00027914721496594564,,0,2.0,14.0
2023-09-05,142.07818023111247,143.02469156467333,140.54707103334337,140.5841827392578,5280800,431.7251281738281,116.0,1.0,1.0,1.0,1.0,0.0005334837824987677,0.00032341113808471593,,0,1.0,15.0
2023-09-06,140.16664155028937,141.8462262830045,139.220129995511,140.54710388183594,3454200,428.8228759765625,115.0,1.0,1.0,1.0,1.0,0.0005931678504327844,0.0003824548735970789,,0,1.0,16.0
2023-09-07,140.62127745067122,141.60491453063995,140.0459540426289,140.5377655029297,3243100,427.50634765625,113.0,1.0,1.0,1.0,1.0,0.0006007712914296293,0.0004124864725793891,,0,1.0,17.0
2023-09-08,141.29870920076155,143.4329933884055,141.28942065460978,142.1524200439453,3250800,428.150146484375,112.0,1.0,1.0,1.0,1.0,0.0006602737074940315,0.00043678237378145125,,0,1.0,18.0
2023-09-11,143.06181831238516,143.5165181740164,138.94172471361028,139.3592987060547,4289500,430.9659729003906,114.0,1.0,1.0,1.0,1.0,0.0006257808395715982,0.0005044749129102009,,0,1.0,19.0
2023-09-12,140.71412123727535,143.0432670613416,140.49140848207466,142.72776794433594,3922400,428.6018371582031,117.0,1.0,1.0,1.0,1.0,0.0006012051269922589,0.0005334837824987677,,0,1.0,20.0
2023-09-13,142.90406363747132,143.14532514104454,140.1294926292148,141.0760040283203,3456200,429.1015319824219,116.0,1.0,1.0,1.0,1.0,0.0005474663513894881,0.0005931678504327844,,0,1.0,21.0
2023-09-14,142.56997825429008,143.47008925072112,141.52139212951903,141.77194213867188,4622600,432.80145263671875,115.0,1.0,1.0,1.0,1.0,0.000574849712222273,0.0006007712914296293,,0,1.0,22.0
2023-09-15,140.8069102575632,141.4007967302191,138.84893835938396,139.3592987060547,5606200,427.5868835449219,115.0,1.0,1.0,1.0,1.0,0.0005655492062740215,0.0006602737074940315,,1,1.0,23.0
2023-09-18,140.68564278483007,140.94680971293548,138.633610821489,139.39845275878906,3430800,427.8376770019531,114.0,1.0,1.0,1.0,1.0,0.0005342909444447542,0.0006257808395715982,,0,1.0,24.0
2023-09-19,140.76959001625792,141.0867192613717,137.15987869488907,137.85943603515625,4185700,426.95037841796875,113.0,1.0,1.0,1.0,1.0,0.00045610635492233134,0.0006012051269922589,,0,1.0,25.0
2023-09-20,137.07594132842254,138.6989053212291,135.61152773269632,135.7421112060547,3974300,423.0252990722656,113.0,1.0,1.0,1.0,1.0,0.00038782780473225917,0.0005474663513894881,,0,1.0,26.0
2023-09-21,136.56291268371825,137.22515227569167,133.85794931272093,134.16575622558594,5693200,416.0334167480469,113.0,1.0,4.0,1.0,2.0,0.00031602583636826734,0.000574849712222273,,0,2.0,27.0
2023-09-22,135.44363549863033,136.3110797736183,133.55949040025573,133.77401733398438,4926400,415.0979309082031,111.0,1.0,4.0,1.0,2.0,0.0002585450131646347,0.0005655492062740215,,0,2.0,28.0
2023-09-25,133.7460578720916,136.35774189326796,133.49421320228208,136.23648071289062,3445800,416.8435363769531,112.0,1.0,4.0,1.0,2.0,0.00022151715189780118,0.0005342909444447542,,0,2.0,29.0
2023-09-26,134.79069704607386,136.80542550988278,134.6041512770241,135.64881896972656,3797600,410.71954345703125,111.0,1.0,4.0,1.0,2.0,0.00021362400557110384,0.00045610635492233134,,0,2.0,30.0
2023-09-27,137.84077597025797,140.7695887730086,137.2251621004525,139.6596221923828,6168600,410.88348388671875,116.0,1.0,4.0,1.0,2.0,0.00024654513314794924,0.00038782780473225917,,0,2.0,31.0
2023-09-28,139.46375811972473,141.33856670528715,139.398459268384,140.41514587402344,5741900,413.2655944824219,115.0,1.0,4.0,1.0,2.0,0.00030679822338155896,0.00031602583636826734,,0,2.0,32.0
2023-09-29,140.85353121997755,140.85353121997755,137.4210434237875,137.9620361328125,5694800,412.2625732421875,115.0,1.0,4.0,1.0,2.0,0.0003190356286776346,0.0002585450131646347,,0,2.0,33.0
2023-10-02,138.0086724735711,138.30714285845983,132.24431283431022,133.3636016845703,6676200,412.0986328125,123.0,1.0,4.0,1.0,2.0,0.00024161176351861048,0.00022151715189780118,,0,2.0,34.0
2023-10-03,132.3562502925591,133.26101230717293,131.09705555103125,132.8599395751953,5651800,406.5823059082031,121.0,1.0,4.0,1.0,2.0,0.0001458637303216577,0.00021362400557110384,,0,2.0,35.0
2023-10-04,130.92918030239542,131.05044149306326,126.21883774151901,127.58063507080078,7845300,409.5429992675781,131.0,1.0,4.0,4.0,6.0,5.015699521593376e-05,0.00024654513314794924,,1,2.0,36.0
2023-10-05,125.91101277204743,128.66260243285706,125.91101277204743,127.73918151855469,5017700,409.388671875,129.0,1.0,4.0,4.0,6.0,1.6436484395772635e-05,0.00030679822338155896,,0,2.0,37.0
2023-10-06,128.5413465428784,131.498140972843,127.6739021416178,130.071044921875,6468600,414.249267578125,130.0,1.0,4.0,4.0,6.0,1.4526757186816967e-05,0.0003190356286776346,,0,2.0,38.0
2023-10-09,133.67141699288834,136.06857369209186,133.08378426082055,135.47161865234375,7315900,416.9013977050781,139.0,1.0,4.0,4.0,6.0,8.598048196784474e-05,0.00024161176351861048,,0,2.0,39.0
2023-10-10,135.66747686290668,137.01062916267284,134.83733609881924,135.8820037841797,4916500,419.0712890625,137.0,1.0,4.0,4.0,6.0,0.00015705692929470538,0.0001458637303216577,,0,2.0,40.0
2023-10-11,134.26839522511986,135.77944904965466,133.15842842061176,135.65818786621094,6067200,420.7879333496094,135.0,1.0,4.0,4.0,6.0,0.00019817202437211485,5.015699521593376e-05,,0,2.0,41.0
2023-10-12,136.9453535408859,137.0013158516292,134.57617801419445,135.70480346679688,4507200,418.2226257324219,133.0,1.0,1.0,4.0,5.0,0.00020857898828080968,1.6436484395772635e-05,,0,2.0,42.0
2023-10-13,138.14859725986133,139.4730909087909,137.2345129001134,138.56832885742188,4934900,416.1395263671875,134.0,1.0,1.0,4.0,5.0,0.00022305837524114495,1.4526757186816967e-05,,0,2.0,43.0
2023-10-16,139.39846384141927,140.1539835315426,137.86876561267303,139.96743774414062,4556700,420.5179138183594,133.0,1.0,1.0,4.0,5.0,0.0002511722576998495,8.598048196784474e-05,,0,2.0,44.0
2023-10-17,139.51972087503492,142.0847645152917,139.51972087503492,141.61839294433594,5084400,420.4985656738281,132.0,1.0,1.0,4.0,5.0,0.00029987882964924037,0.00015705692929470538,,0,2.0,45.0
2023-10-18,142.40189113503902,143.39059656998137,141.53444686071322,142.6817169189453,5705300,414.8953857421875,131.0,1.0,1.0,4.0,5.0,0.00034380923610352214,0.00019817202437211485,,0,2.0,46.0
2023-10-19,141.95418930791334,143.81967570032688,140.48045335000285,142.41122436523438,5828200,411.2499694824219,129.0,1.0,1.0,4.0,5.0,0.0003599840398007834,0.00020857898828080968,,0,2.0,47.0
2023-10-20,142.14075273366078,142.80300674743626,139.7342732810121,140.01409912109375,4780300,406.19647216796875,129.0,1.0,1.0,4.0,5.0,0.0003321544801849708,0.00022305837524114495,,0,2.0,48.0
2023-10-23,138.7921930944772,139.87417863856206,137.2438359433763,137.97137451171875,4924900,405.4924621582031,129.0,1.0,1.0,4.0,5.0,0.000319407681307504,0.0002511722576998495,,0,2.0,49.0
2023-10-24,138.68025347968688,138.91343928193214,136.6468801157235,136.88006591796875,4573100,408.5496520996094,127.0,1.0,1.0,4.0,5.0,0.0003127801911006181,0.00029987882964924037,,0,2.0,50.0
2023-10-25,136.63756144412744,137.4397211945029,135.74212167735834,136.66554260253906,4440300,402.68603515625,125.0,1.0,1.0,4.0,5.0,0.00034003054453731857,0.00034380923610352214,,0,2.0,51.0
2023-10-26,134.88399510463745,136.8427615232169,133.26101680831357,136.03126525878906,4610200,397.864013671875,124.0,1.0,1.0,4.0,5.0,0.00032190548901272483,0.0003599840398007834,,0,2.0,52.0
2023-10-27,136.36703742545885,136.66552204699826,132.850591977797,134.2217254638672,5566100,396.0605773925781,123.0,1.0,4.0,4.0,6.0,0.000303962891784687,0.0003321544801849708,,0,2.0,53.0
2023-10-30,134.22175801239106,135.60222837297712,132.16040324606402,133.75538635253906,5117400,400.79583740234375,121.0,1.0,4.0,4.0,6.0,0.0002745827446807998,0.000319407681307504,,0,2.0,54.0
2023-10-31,134.51090687760416,135.65817706042253,132.73868620876615,135.45297241210938,3808900,403.31292724609375,121.0,1.0,4.0,4.0,6.0,0.0002940881107340941,0.0003127801911006181,,0,2.0,55.0
2023-11-01,135.98461163580973,137.13189590761385,134.0631631079516,135.20111083984375,4217400,407.61419677734375,119.0,1.0,4.0,4.0,6.0,0.00033487003924203445,0.00034003054453731857,,0,2.0,56.0
2023-11-02,135.00527504399315,138.81086954777084,134.2310963702619,138.70826721191406,5007300,415.4258728027344,122.0,1.0,4.0,4.0,6.0,0.0004007037046460519,0.00032190548901272483,,0,2.0,57.0
2023-11-03,138.19523286616035,139.3891429971073,136.32040996687581,137.69154357910156,4929600,419.2159423828125,121.0,1.0,4.0,4.0,6.0,0.0004250959443409985,0.000303962891784687,,0,2.0,58.0
2023-11-06,138.1299120316645,138.17655202971585,133.22368881278805,134.02584838867188,4489100,420.1802673339844,125.0,1.0,4.0,4.0,6.0,0.00040797852785567044,0.0002745827446807998,,0,2.0,59.0
2023-11-07,131.66604690193756,131.889896183855,129.29687096306805,130.2296142578125,7573500,421.37615966796875,129.0,1.0,4.0,4.0,6.0,0.00032008808244787514,0.0002940881107340941,,1,2.0,60.0
2023-11-08,129.3341544968111,130.360163310453,127.29144494377056,127.43135070800781,7344500,421.6848449707031,130.0,1.0,4.0,4.0,6.0,0.0002037878444964867,0.00033487003924203445,,0,2.0,61.0
2023-11-09,128.3081716194456,128.97042565339922,126.48000264260557,126.53596496582031,4475600,418.39617919921875,129.0,1.0,4.0,4.0,6.0,0.00010465657799341308,0.0004007037046460519,,0,2.0,62.0
2023-11-10,128.00035166081537,128.39210211622336,126.3773875216298,127.94438934326172,3947700,424.9251708984375,128.0,1.0,4.0,4.0,6.0,5.98144089465923e-05,0.0004250959443409985,,0,2.0,63.0
2023-11-13,128.47604339186378,129.35280997561213,127.72984604401802,128.9610595703125,2997800,424.5201416015625,126.0,1.0,4.0,4.0,6.0,8.32449451576035e-05,0.00040797852785567044,,0,2.0,64.0
2023-11-14,129.83785212931895,131.6846797020558,129.31551820834542,131.09706115722656,5042300,432.7561340332031,126.0,1.0,4.0,4.0,6.0,0.00013198009571239945,0.00032008808244787514,,0,2.0,65.0
2023-11-15,130.8172696387633,133.47559418005187,130.69600843513234,131.246337890625,3725500,433.67230224609375,125.0,1.0,4.0,4.0,6.0,0.00020810650676172127,0.0002037878444964867,,0,2.0,66.0
2023-11-16,129.55805377305234,130.08040203724414,125.72447779406389,127.45938110351562,6708200,434.2027587890625,129.0,1.0,4.0,4.0,6.0,0.00022898166075947137,0.00010465657799341308,,1,2.0,67.0
2023-11-17,128.466705127052,131.06906638575322,128.466705127052,130.26690673828125,5217400,434.7427673339844,131.0,1.0,4.0,4.0,6.0,0.0002566860955874561,5.98144089465923e-05,,0,2.0,68.0
2023-11-20,131.60071809319405,132.06708963444078,130.42546693296308,130.47210693359375,2628200,438.0892333984375,129.0,1.0,4.0,4.0,6.0,0.0002377629355102371,8.32449451576035e-05,,0,2.0,69.0
2023-11-21,129.53939921318545,130.13635437963882,128.2149053823837,129.30621337890625,3074500,437.1345520019531,127.0,1.0,4.0,4.0,6.0,0.00023901405739245481,0.00013198009571239945,,1,2.0,70.0
2023-11-22,126.6198857064968,129.66062332608703,125.45395674050697,129.37147521972656,4768500,438.8221740722656,125.0,1.0,4.0,4.0,6.0,0.00019663385492292812,0.00020810650676172127,,0,2.0,71.0
2023-11-24,129.3062346249253,131.20902508297183,129.2968980811984,129.9591522216797,2080700,439.0922546386719,124.0,1.0,4.0,4.0,6.0,0.00017590715126389116,0.00022898166075947137,,0,2.0,72.0
2023-11-27,129.16628008618716,129.32484472932398,127.73918406542316,128.83982849121094,3960200,438.3014221191406,122.0,1.0,4.0,4.0,6.0,0.00013869097995840757,0.0002566860955874561,,0,2.0,73.0
2023-11-28,129.04504904569805,130.12702052235204,128.28951497171616,128.4853973388672,3634400,438.7354431152344,121.0,1.0,4.0,4.0,6.0,9.529232259747691e-05,0.0002377629355102371,,0,2.0,74.0
2023-11-29,129.3994349622211,129.8471618584902,127.75781237348794,128.0003204345703,5209500,438.42669677734375,119.0,1.0,4.0,4.0,6.0,3.162606972633625e-05,0.00023901405739245481,,0,2.0,75.0
2023-11-30,129.11963965541318,131.49813775975338,127.36609204540677,128.71856689453125,6764300,440.15313720703125,118.0,1.0,4.0,3.0,4.0,5.298910530429642e-06,0.00019663385492292812,,0,2.0,76.0
2023-12-01,128.6999162172413,131.61940729312866,127.90709295380432,129.74459838867188,5294500,442.7569885253906,116.0,1.0,4.0,3.0,4.0,2.6266904025012034e-05,0.00017590715126389116,,0,2.0,77.0
2023-12-04,128.49468131332017,129.74456785467717,127.73916169727586,128.18687438964844,4556400,440.4327392578125,116.0,1.0,4.0,3.0,4.0,4.338539414219955e-05,0.00013869097995840757,,0,2.0,78.0
2023-12-05,128.51337370334323,128.92378304202674,125.31407094207306,125.37003326416016,4242700,440.3459777832031,118.0,1.0,4.0,3.0,4.0,4.4697519133562156e-05,9.529232259747691e-05,,0,2.0,79.0
2023-12-06,124.34398594042864,125.51925140776777,121.94684346722183,121.99346923828125,5247200,438.57147216796875,122.0,1.0,4.0,3.0,4.0,-7.939438175990593e-06,3.162606972633625e-05,,0,2.0,80.0
2023-12-07,122.92621996090466,123.42990925869309,121.12603241805435,121.92819213867188,4176200,441.9178771972656,120.0,1.0,4.0,3.0,4.0,-5.377298871694727e-05,5.298910530429642e-06,,0,2.0,81.0
2023-12-08,123.08479913410486,124.0361869522263,122.54380636932292,123.4392318725586,4190900,443.81781005859375,120.0,1.0,4.0,3.0,4.0,-6.179184387111684e-05,2.6266904025012034e-05,,0,2.0,82.0
2023-12-11,122.73967436615263,124.02686453754816,122.44120394284064,123.37394714355469,4059000,445.5440673828125,118.0,1.0,4.0,3.0,4.0,-3.664353220644216e-05,4.338539414219955e-05,,0,2.0,83.0
2023-12-12,121.71365897353752,121.85356475326229,119.69893035031475,120.7342758178711,5225100,447.5790100097656,120.0,4.0,4.0,3.0,10.0,-1.5075528773281468e-05,4.4697519133562156e-05,,1,4.0,1.0
2023-12-13,121.36852600331028,123.82164487809187,120.44511945541151,123.73770141601562,4171900,453.7511291503906,123.0,4.0,4.0,3.0,10.0,9.78109705459069e-07,-7.939438175990593e-06,,0,4.0,2.0
2023-12-14,125.78974764126419,128.36411373154226,125.65916416347903,128.06564331054688,7022400,455.20745849609375,130.0,1.0,4.0,3.0,4.0,4.2011316449524376e-05,-5.377298871694727e-05,,0,2.0,3.0
2023-12-15,128.20553029517254,128.34545029319338,126.11619495701176,127.49665069580078,4195300,454.45794677734375,128.0,1.0,4.0,3.0,4.0,7.353342980961897e-05,-6.179184387111684e-05,,0,2.0,4.0
2023-12-18,129.91775237921922,131.083192092661,129.07187819995113,129.10946655273438,4387700,457.0143127441406,127.0,1.0,1.0,3.0,3.0,8.861827832253949e-05,-3.664353220644216e-05,,0,1.0,1.0
2023-12-19,128.77113111879757,130.82944148183273,128.31999911934105,130.69786071777344,6146000,459.7933654785156,126.0,1.0,1.0,3.0,3.0,9.414548940609687e-05,-1.5075528773281468e-05,,0,1.0,2.0
2023-12-20,131.05502049787782,132.0230820926147,128.63955609269956,128.75234985351562,3850900,453.4218444824219,126.0,1.0,1.0,3.0,3.0,0.00011177397353878889,9.78109705459069e-07,,0,1.0,3.0
2023-12-21,129.17529638167034,130.27493882604497,128.4891976273982,130.2373504638672,2481500,457.7211608886719,125.0,1.0,1.0,3.0,3.0,0.0001458214559479498,4.2011316449524376e-05,,0,1.0,4.0
2023-12-22,131.299360325323,131.86328601826398,130.1433284301427,130.53807067871094,2888300,458.64105224609375,123.0,1.0,1.0,3.0,3.0,0.00017629616563297277,7.353342980961897e-05,,0,1.0,5.0
2023-12-26,131.8068993444915,133.32947867268547,131.16778258839773,132.5869903564453,3428500,460.5776672363281,123.0,1.0,1.0,3.0,3.0,0.00023764445476325092,8.861827832253949e-05,,0,1.0,6.0
2023-12-27,132.66217967452894,133.16971572631755,131.51554114712837,132.032470703125,2282300,461.410400390625,122.0,1.0,1.0,3.0,3.0,0.0002484662389596016,9.414548940609687e-05,,0,1.0,7.0
2023-12-28,131.4121616056176,132.19223830316884,129.75798712677164,129.8143768310547,2149600,461.5846862792969,122.0,1.0,1.0,3.0,3.0,0.00021511301372623766,0.00011177397353878889,,0,1.0,8.0
2023-12-29,129.99297761163712,130.46291102175292,128.55498252398112,128.6771697998047,2510100,460.2484436035156,121.0,1.0,1.0,3.0,3.0,0.0001309835222822537,0.0001458214559479498,,0,1.0,9.0
2024-01-02,129.5700327426504,131.52495733398462,129.01551479342595,129.6546173095703,3555100,457.67266845703125,120.0,1.0,1.0,3.0,3.0,9.465080412168877e-05,0.00017629616563297277,,0,1.0,10.0
2024-01-03,129.523014815393,131.6847108797269,128.62075090376447,130.83883666992188,3997000,453.93505859375,118.0,1.0,1.0,3.0,3.0,8.742594020373867e-05,0.00023764445476325092,,0,1.0,11.0
2024-01-04,131.7035272703263,132.34262975229134,127.7466820927945,127.89706420898438,4049100,452.47283935546875,121.0,1.0,1.0,3.0,3.0,0.00010138322973709663,0.0002484662389596016,,0,1.0,12.0
2024-01-05,128.86511478445135,129.0342838948128,126.92899181266114,128.3857879638672,3573400,453.0926208496094,119.0,1.0,1.0,3.0,3.0,0.00010152693493304794,0.00021511301372623766,,0,1.0,13.0
2024-01-08,125.87634210384797,127.38013458251953,124.11879593811757,127.38013458251953,5195900,459.5609436035156,118.0,1.0,4.0,3.0,4.0,7.971000391892239e-05,0.0001309835222822537,,0,2.0,14.0
2024-01-09,127.63388093744229,127.80305003342177,124.62631083203915,125.81993103027344,3704000,458.86376953125,117.0,1.0,4.0,3.0,4.0,4.245515569256393e-05,9.465080412168877e-05,,0,2.0,15.0
2024-01-10,125.80114445725832,125.80114445725832,123.30109597242624,124.165771484375,4287200,461.4588317871094,117.0,1.0,4.0,3.0,4.0,-1.810834104540743e-05,8.742594020373867e-05,,0,2.0,16.0
2024-01-11,124.8330812912227,125.14322463054727,123.40448012841789,124.07177734375,3837100,461.2555236816406,115.0,1.0,4.0,3.0,4.0,-5.37514484084569e-05,0.00010138322973709663,,0,2.0,17.0
2024-01-12,126.42146976653957,126.92900583615145,124.91769159046464,125.7071762084961,3848300,461.57501220703125,115.0,1.0,4.0,3.0,4.0,-6.350478667289045e-05,0.00010152693493304794,,0,2.0,18.0
2024-01-16,124.9458696321129,125.50978099429831,121.78791724370488,121.84430694580078,3111100,459.8805236816406,121.0,4.0,4.0,3.0,10.0,-9.464001935701831e-05,7.971000391892239e-05,,0,4.0,1.0
2024-01-17,120.50031956892758,121.59996192030515,119.90819894079037,120.45332336425781,4446600,457.32415771484375,120.0,4.0,4.0,3.0,10.0,-0.00014327349132370974,4.245515569256393e-05,,1,4.0,2.0
2024-01-18,121.04542025677299,121.04542025677299,118.97771648283182,120.46270751953125,3657400,461.3910217285156,118.0,4.0,4.0,3.0,10.0,-0.0001891554561757203,-1.810834104540743e-05,,0,4.0,3.0
2024-01-19,120.34992730189721,120.78225792945503,119.14689196757,120.72586822509766,4246500,467.1427917480469,117.0,4.0,4.0,3.0,10.0,-0.0001977156329738113,-5.37514484084569e-05,,0,4.0,4.0
2024-01-22,120.34051364518615,121.83491244461939,119.6544150399283,121.28038024902344,3777400,468.1304626464844,115.0,4.0,4.0,3.0,10.0,-0.00017513039536507562,-6.350478667289045e-05,,0,4.0,5.0
2024-01-23,120.84804802798249,122.50220806579738,120.64127623060237,121.4495620727539,2804400,469.4957580566406,113.0,4.0,4.0,3.0,10.0,-0.00015987772150869505,-9.464001935701831e-05,,0,4.0,6.0
2024-01-24,122.62440749366746,123.5548806743135,121.81612157121882,123.01914978027344,2717100,470.009033203125,113.0,4.0,4.0,3.0,10.0,-0.0001271513501250487,-0.00014327349132370974,,0,4.0,7.0
2024-01-25,124.04361051428866,125.20905045525636,122.75599764700453,125.17144775390625,4313900,472.5653381347656,114.0,4.0,4.0,3.0,10.0,-0.00010037319388407806,-0.0001891554561757203,,0,4.0,8.0
2024-01-26,125.23721424911557,126.08308838372653,123.81802096155384,126.0079116821289,3812000,471.9649963378906,112.0,4.0,4.0,3.0,10.0,-5.8224642793723065e-05,-0.0001977156329738113,,0,4.0,9.0
2024-01-29,125.74472737348658,126.1206825622217,124.11876241322642,126.11127471923828,2448800,475.70269775390625,111.0,4.0,4.0,3.0,10.0,-5.3258412708765496e-05,-0.00017513039536507562,,0,4.0,10.0
2024-01-30,124.99288039808687,128.48918574776957,124.73911236785382,128.35760498046875,3939500,475.334716796875,112.0,1.0,1.0,3.0,3.0,-6.166516041230711e-05,-0.00015987772150869505,,0,1.0,1.0
2024-01-31,128.14140673308628,128.5267554747586,124.93645823694031,125.02105712890625,3273400,467.5785217285156,116.0,4.0,1.0,3.0,9.0,-0.00012017708599879805,-0.0001271513501250487,,0,2.0,2.0
2024-02-01,125.67895381423278,126.58121765392337,122.70897213103218,124.24095916748047,7822200,473.69830322265625,114.0,4.0,1.0,3.0,9.0,-0.00017037444254237744,-0.00010037319388407806,,0,2.0,3.0
2024-02-02,124.12819051549936,124.17517237318822,122.08866734414256,122.87816619873047,4646200,478.68511962890625,114.0,4.0,1.0,3.0,9.0,-0.00024069038549759752,-5.8224642793723065e-05,,0,2.0,4.0
2024-02-05,122.0792753894504,122.94395096379962,120.39692044026337,122.14507293701172,4070100,476.9421081542969,112.0,4.0,1.0,3.0,9.0,-0.0002748457699321741,-5.3258412708765496e-05,,0,2.0,5.0
2024-02-06,122.6243990438574,124.68270923600453,121.93830042688386,123.07553100585938,2954200,478.3268737792969,111.0,4.0,1.0,3.0,9.0,-0.00028247216416959787,-6.166516041230711e-05,,0,2.0,6.0
2024-02-07,123.79923933189237,124.6263265934389,122.64320733948695,124.26917266845703,1847200,482.3162536621094,110.0,4.0,1.0,3.0,9.0,-0.00025033633736776056,-0.00012017708599879805,,0,2.0,7.0
2024-02-08,124.20337112573941,126.27108921315074,124.12819441458522,125.791748046875,3298100,482.52935791015625,110.0,4.0,1.0,3.0,9.0,-0.0002268679231240866,-0.00017037444254237744,,0,2.0,8.0
2024-02-09,125.75416810972493,126.47786948876603,124.42895261259494,124.86129760742188,2894500,485.3180847167969,109.0,4.0,1.0,3.0,9.0,-0.00023356095714582804,-0.00024069038549759752,,0,2.0,9.0
2024-02-12,124.97406554465225,127.76547055191985,124.97406554465225,126.90079498291016,2425900,485.1050109863281,109.0,4.0,1.0,3.0,9.0,-0.00022555837049022538,-0.0002748457699321741,,0,2.0,10.0
2024-02-13,125.88575397077317,126.49666161780813,123.99661263717485,124.92708587646484,2712500,478.42364501953125,110.0,4.0,1.0,3.0,9.0,-0.000218220882839136,-0.00028247216416959787,,0,2.0,11.0
2024-02-14,125.62255844260058,126.62820812904201,123.94959723840029,125.20901489257812,2722000,482.7713623046875,108.0,4.0,1.0,3.0,9.0,-0.0001934183646810664,-0.00025033633736776056,,0,2.0,12.0
2024-02-15,125.82936703505048,130.36892522905956,125.67898491081814,129.6546173095703,4096600,486.1024169921875,117.0,4.0,1.0,3.0,9.0,-0.00015422136683667615,-0.0002268679231240866,,0,2.0,13.0
2024-02-16,129.7485818065649,131.04558791063351,128.76171904780742,129.7955780029297,2661500,483.681640625,115.0,4.0,1.0,3.0,9.0,-0.00010250743318209126,-0.00023356095714582804,,0,2.0,14.0
2024-02-20,129.31626891784083,129.49484590353677,127.36134426275385,127.82188415527344,3454600,481.0187683105469,115.0,4.0,1.0,3.0,9.0,-7.675940591379443e-05,-0.00022555837049022538,,0,2.0,15.0
2024-02-21,128.97792049467114,132.2110646701623,128.70536542531818,131.50616455078125,3389100,481.4544372558594,120.0,1.0,1.0,3.0,3.0,-5.7688186591175556e-05,-0.000218220882839136,,0,1.0,16.0
2024-02-22,130.11511098610868,131.64709785764035,129.2034394008538,131.0549774169922,3450100,491.41839599609375,118.0,1.0,1.0,3.0,3.0,-4.5864075452477924e-05,-0.0001934183646810664,,0,1.0,17.0
2024-02-23,129.56062915353863,131.05501375105717,128.5361635605199,130.444091796875,3226600,491.7572937011719,117.0,1.0,1.0,3.0,3.0,-7.671920155871403e-06,-0.00015422136683667615,,0,1.0,18.0
2024-02-26,130.3689025030917,131.91967665787345,129.37263185964437,131.04559326171875,2345900,489.9562683105469,115.0,1.0,1.0,3.0,3.0,-1.2314553280262137e-05,-0.00010250743318209126,,0,1.0,19.0
2024-02-27,131.3745414286495,132.26741175719337,130.71663773083952,131.53431701660156,2287400,490.866455078125,114.0,1.0,1.0,3.0,3.0,-1.6827388405217e-05,-7.675940591379443e-05,,0,1.0,20.0
2024-02-28,131.41215582379192,132.44600048635698,129.9835545661601,130.63206481933594,3705400,490.21771240234375,112.0,1.0,1.0,3.0,3.0,-1.1395958753127575e-05,-5.7688186591175556e-05,,0,1.0,21.0
2024-02-29,130.93281829241116,132.44600414454047,130.64146193090252,131.9478759765625,2119300,491.9800109863281,111.0,1.0,1.0,3.0,3.0,2.2872084696193073e-05,-4.5864075452477924e-05,,0,1.0,22.0
2024-03-01,133.16030216996654,134.51371246172133,132.9065484961829,133.72422790527344,2819800,496.59881591796875,111.0,1.0,1.0,3.0,3.0,6.73439791509051e-05,-7.671920155871403e-06,,0,1.0,23.0
2024-03-04,134.25054644767087,134.81447216409532,132.28622862612934,132.36141967773438,3796300,496.06622314453125,111.0,1.0,1.0,3.0,3.0,9.517027837916726e-05,-1.2314553280262137e-05,,0,1.0,24.0
2024-03-05,131.81628194384157,134.06256239583092,131.61890366073843,132.91592407226562,5021100,491.1085205078125,109.0,1.0,1.0,3.0,3.0,9.117164656761662e-05,-1.6827388405217e-05,,0,1.0,25.0
2024-03-06,134.4385007278479,134.5512944622953,132.26741136096632,132.93472290039062,3031900,493.59710693359375,107.0,1.0,1.0,3.0,3.0,8.362185204040109e-05,-1.1395958753127575e-05,,0,1.0,26.0
2024-03-07,133.3294839808556,135.15282758244462,132.97233006348915,133.79002380371094,2146500,498.4967041015625,106.0,1.0,1.0,3.0,3.0,7.524063613988433e-05,2.2872084696193073e-05,,0,1.0,27.0
2024-03-08,134.14715842241645,135.35018654661408,133.74302266031205,134.4949188232422,2870300,495.5047302246094,105.0,1.0,1.0,3.0,3.0,8.214981426603195e-05,6.73439791509051e-05,,0,1.0,28.0
2024-03-11,133.79001392258186,135.34078804915472,132.76554844704475,135.24679565429688,3034200,495.0787048339844,104.0,1.0,1.0,3.0,3.0,8.706619570617731e-05,9.517027837916726e-05,,0,1.0,29.0
2024-03-12,135.3877902101963,135.81072732323443,134.0813761749921,135.20921325683594,1799800,500.4044189453125,102.0,1.0,1.0,3.0,3.0,0.00010166307395016447,9.117164656761662e-05,,0,1.0,30.0
2024-03-13,136.2994817494486,139.22246795095904,136.2994817494486,138.06642150878906,3609400,499.6199645996094,104.0,1.0,1.0,3.0,3.0,0.00013459684728075,8.362185204040109e-05,,0,1.0,31.0
2024-03-14,138.76191537766053,139.38223082529788,137.68107443747846,138.6679229736328,4023400,498.63232421875,103.0,1.0,1.0,3.0,3.0,0.0001992841189714332,7.524063613988433e-05,,0,1.0,32.0
2024-03-15,138.2355840711892,140.5852506191604,138.2355840711892,139.5513916015625,3684600,495.2084045410156,102.0,1.0,1.0,3.0,3.0,0.0002752255844038502,8.214981426603195e-05,,0,1.0,33.0
2024-03-18,140.08045209976825,140.2882877533446,138.49335919792642,139.58920288085938,2129700,498.1515197753906,100.0,1.0,1.0,1.0,1.0,0.0003272479726856323,8.706619570617731e-05,,0,1.0,34.0
2024-03-19,139.19241219320125,141.6297454852683,139.19241219320125,141.39356994628906,3062900,500.9197692871094,100.0,1.0,1.0,1.0,1.0,0.0003706232993608496,0.00010166307395016447,,0,1.0,35.0
2024-03-20,140.60000963535933,142.93342488200042,140.11821677308072,142.4988555908203,2382700,505.5529479980469,100.0,1.0,1.0,1.0,1.0,0.00038584855918233547,0.00013459684728075,,0,1.0,36.0
2024-03-21,142.7633600587539,143.59470242242327,142.11151337951395,143.21682739257812,3120500,507.2237243652344,98.0,1.0,1.0,1.0,1.0,0.00040082976869365686,0.0001992841189714332,,0,1.0,37.0
2024-03-22,143.03735786646803,143.5191507798809,141.7525623490226,142.3004913330078,2281600,506.2620849609375,97.0,1.0,1.0,1.0,1.0,0.0003793278276849764,0.0002752255844038502,,0,1.0,38.0
2024-03-25,143.05623844261473,144.77560326024496,142.95233504540593,143.86868286132812,2645300,504.8634033203125,97.0,1.0,1.0,1.0,1.0,0.0004148579409969301,0.0003272479726856323,,0,1.0,39.0
2024-03-26,144.16155574964773,144.70002848641525,142.00763597255565,142.06431579589844,3552300,503.930908203125,97.0,1.0,1.0,1.0,1.0,0.00041878560741200505,0.0003706232993608496,,0,1.0,40.0
2024-03-27,141.695866410668,144.34102063250768,141.39355483388096,144.2654571533203,2463500,508.1658630371094,98.0,1.0,1.0,1.0,1.0,0.0004955915446568347,0.00038584855918233547,,0,1.0,41.0
2024-03-28,144.9645462297562,146.7405909359582,144.68113269355206,146.36270141601562,3929300,508.0685729980469,98.0,1.0,1.0,1.0,1.0,0.0005467529626763124,0.00040082976869365686,,0,1.0,42.0
2024-04-01,146.85396129659898,147.64750772384622,145.2857521082206,147.37355041503906,3099100,507.1848449707031,97.0,1.0,1.0,1.0,1.0,0.0005994576219871638,0.0003793278276849764,,0,1.0,43.0
2024-04-02,147.96871942718147,148.94176160066633,146.8161815181001,148.44107055664062,3640200,503.9599914550781,96.0,1.0,1.0,1.0,1.0,0.000572937250648154,0.0004148579409969301,,0,1.0,44.0
2024-04-03,149.12124628728546,150.51940149068628,148.64889519282463,150.3021240234375,2920900,504.5136413574219,97.0,1.0,1.0,1.0,1.0,0.0005567532110488192,0.00041878560741200505,,0,1.0,45.0
2024-04-04,150.5949784107001,151.42630652930643,149.6975142200963,150.33990478515625,4270900,498.35552978515625,95.0,1.0,1.0,1.0,1.0,0.0005514817346569538,0.0004955915446568347,,0,1.0,46.0
2024-04-05,150.9255970923742,152.21984872686687,149.57468005525092,151.70970153808594,3111400,503.5617370605469,95.0,1.0,1.0,1.0,1.0,0.000579322852630934,0.0005467529626763124,,0,1.0,47.0
2024-04-08,151.57743826770772,152.42767874616555,150.37766264994457,150.86891174316406,2803000,503.8434143066406,93.0,1.0,1.0,1.0,1.0,0.0005631452100176962,0.0005994576219871638,,0,1.0,48.0
2024-04-09,151.20900619201987,152.12536832387528,149.84863294823413,151.02951049804688,2828400,504.42633056640625,92.0,1.0,1.0,1.0,1.0,0.0005601346858612359,0.000572937250648154,,0,1.0,49.0
2024-04-10,150.01870183844906,151.86086811768322,149.57469068204253,151.5396728515625,4178300,499.3753662109375,91.0,1.0,1.0,1.0,1.0,0.0005350350678979839,0.0005567532110488192,,0,1.0,50.0
2024-04-11,151.9836687839014,152.29542218685307,149.0928828483613,151.02951049804688,6268700,503.14410400390625,90.0,1.0,1.0,1.0,1.0,0.0005233349073897092,0.0005514817346569538,,0,1.0,51.0
2024-04-12,151.9175735521801,153.5046809014936,148.38439619914843,149.2440643310547,5908500,496.1991882324219,90.0,1.0,1.0,1.0,1.0,0.0004918871264828361,0.000579322852630934,,0,1.0,52.0
2024-04-15,149.29127609041296,150.29265803939464,146.44772787537912,146.85394287109375,3993800,489.9827575683594,91.0,1.0,1.0,1.0,1.0,0.0004371365582562705,0.0005631452100176962,,0,1.0,53.0
2024-04-16,145.89982286961512,146.54221350274634,143.61364507492186,145.6164093017578,3780400,489.089111328125,90.0,1.0,1.0,1.0,1.0,0.0003890952866592741,0.0005601346858612359,,0,1.0,54.0
2024-04-17,145.56916695351055,146.901200592116,143.8025783501907,144.5016632080078,3607400,486.194580078125,90.0,1.0,1.0,1.0,1.0,0.0003584514913398244,0.0005350350678979839,,0,1.0,55.0
2024-04-18,144.86061067569347,145.38964152382283,142.7350310369533,143.24517822265625,3158700,485.19415283203125,89.0,1.0,1.0,1.0,1.0,0.0003432846575272776,0.0005233349073897092,,0,1.0,56.0
2024-04-19,142.8200714768958,145.82423196449705,142.8200714768958,144.7567138671875,3962000,480.95916748046875,89.0,1.0,1.0,1.0,1.0,0.0003351234186463518,0.0004918871264828361,,0,1.0,57.0
2024-04-22,144.34104364297608,147.20350458759535,142.9617864952835,145.8620147705078,3063600,485.38836669921875,88.0,1.0,1.0,1.0,1.0,0.00035410765909093877,0.0004371365582562705,,0,1.0,58.0
2024-04-23,145.5313613588582,147.44910546827333,144.35048373409467,146.8822784423828,2543900,491.1483154296875,88.0,1.0,1.0,1.0,1.0,0.0003960280102278966,0.0003890952866592741,,0,1.0,59.0
2024-04-24,146.62719745470355,147.70415711177242,145.5974613635963,147.5718994140625,2540100,490.9151611328125,86.0,1.0,1.0,1.0,1.0,0.00042503714968822825,0.0003584514913398244,,0,1.0,60.0
2024-04-25,147.13733904754847,148.66775170124342,145.87144180523265,148.1859588623047,3331100,489.05023193359375,85.0,1.0,1.0,1.0,1.0,0.0004254335717833759,0.0003432846575272776,,0,1.0,61.0
2024-04-26,147.38296933953643,148.55440513220833,146.334349432591,148.33712768554688,1889000,493.6834716796875,84.0,1.0,1.0,1.0,1.0,0.0003979503286517436,0.0003351234186463518,,0,1.0,62.0
2024-04-29,147.9592492042839,149.50856018597756,147.9592492042839,149.2723846435547,1847300,495.43182373046875,83.0,1.0,1.0,1.0,1.0,0.0003829770333156337,0.00035410765909093877,,0,1.0,63.0
2024-04-30,148.52604589512023,148.64886176486505,142.90507201807594,143.05621337890625,4865500,487.5835266113281,100.0,1.0,4.0,4.0,6.0,0.00031562582546667243,0.0003960280102278966,,0,2.0,64.0
2024-05-01,142.6594305559192,143.08455794836726,138.6066656956389,139.88201904296875,5294200,486.0003356933594,104.0,1.0,4.0,4.0,6.0,0.00024501676764424377,0.00042503714968822825,,0,2.0,65.0
2024-05-02,141.21407970963403,141.9509462666402,139.63642877783823,140.8173065185547,3650200,490.5460510253906,102.0,1.0,4.0,4.0,6.0,0.00018065728469538603,0.0004254335717833759,,0,2.0,66.0
2024-05-03,141.18574085932474,142.44219651470186,140.2315968270511,141.922607421875,3485500,496.6266174316406,101.0,1.0,4.0,4.0,6.0,0.00019120756886616553,0.0003979503286517436,,0,2.0,67.0
2024-05-06,142.93344434874484,145.14404401557857,142.93344434874484,143.689208984375,3476400,501.7551574707031,101.0,1.0,4.0,4.0,6.0,0.0002336946995363244,0.0003829770333156337,,0,2.0,68.0
2024-05-07,143.67030236711136,145.37076909248037,143.67030236711136,143.9442596435547,2636700,502.3088073730469,100.0,1.0,4.0,4.0,6.0,0.0002493760950105886,0.00031562582546667243,,0,2.0,69.0
2024-05-08,142.6594836768832,144.30327080541323,142.41386627768279,143.20741271972656,2208200,502.3573913574219,99.0,1.0,4.0,4.0,6.0,0.0002410853681872843,0.00024501676764424377,,0,2.0,70.0
2024-05-09,143.632488702053,145.11567779187098,143.28295356764113,144.6055450439453,2628100,505.2518310546875,98.0,1.0,4.0,4.0,6.0,0.0002268236355281705,0.00018065728469538603,,0,2.0,71.0
2024-05-10,144.99287072465717,145.76753334691048,141.8942490656634,142.3477020263672,2993000,505.90264892578125,99.0,1.0,4.0,4.0,6.0,0.00021030147866920256,0.00019120756886616553,,0,2.0,72.0
2024-05-13,142.64999805665886,143.22626683732915,141.46912058930243,141.6769561767578,3945400,505.9706115722656,98.0,1.0,4.0,4.0,6.0,0.00017790858178304517,0.0002336946995363244,,0,2.0,73.0
2024-05-14,141.80927036611502,142.99959013797033,141.2141032726804,142.88623046875,3328500,508.2921142578125,97.0,1.0,4.0,4.0,6.0,0.00014646883301061984,0.0002493760950105886,,0,2.0,74.0
2024-05-15,142.4138402291511,143.04678890036834,140.11822106705014,142.94287109375,3443400,514.5863037109375,96.0,1.0,4.0,4.0,6.0,0.00012727209013973226,0.0002410853681872843,,0,2.0,75.0
2024-05-16,142.73507577890135,143.44360254724393,141.84705325617642,142.13992309570312,3141500,513.5275268554688,94.0,1.0,4.0,4.0,6.0,0.00012632697528509415,0.0002268236355281705,,0,2.0,76.0
2024-05-17,142.84842681772963,144.6244571616313,142.4327555409617,144.01040649414062,3173700,514.2657470703125,95.0,1.0,4.0,4.0,6.0,0.0001286148314609288,0.00021030147866920256,,0,2.0,77.0
2024-05-20,144.02928279323038,145.3046219286163,144.02928279323038,144.6622314453125,1979700,514.8582763671875,94.0,1.0,4.0,4.0,6.0,0.00014530632493733376,0.00017790858178304517,,0,2.0,78.0
2024-05-21,143.61360602085898,145.35185428900166,143.52857188311685,143.58526611328125,2270200,516.1209106445312,93.0,1.0,4.0,3.0,4.0,0.00016336210730836273,0.00014646883301061984,,0,2.0,79.0
2024-05-22,142.8295057103517,142.8295057103517,140.27881305005926,141.4313507080078,4724000,514.634765625,94.0,1.0,4.0,3.0,4.0,0.0001505653778342528,0.00012727209013973226,,1,2.0,80.0
2024-05-23,142.4232851519405,143.07513191533025,139.35300328931535,139.91983032226562,2386400,510.8758544921875,93.0,1.0,4.0,3.0,4.0,0.0001076254843648928,0.00012632697528509415,,0,2.0,81.0
2024-05-24,140.59058177214072,141.42190986719564,139.83481716435458,140.2126922607422,1809100,514.2559814453125,92.0,1.0,4.0,3.0,4.0,7.785211082166871e-05,0.0001286148314609288,,0,2.0,82.0
2024-05-28,140.79841792096386,143.04681390351618,140.79841792096386,142.37608337402344,2751200,514.6153564453125,93.0,1.0,4.0,3.0,4.0,0.00010681971898879169,0.00014530632493733376,,0,2.0,83.0
2024-05-29,142.47054749152448,142.62170331481474,139.38136702246354,140.09934997558594,3435400,511.0117492675781,94.0,1.0,4.0,3.0,4.0,0.00014629681718571487,0.00016336210730836273,,0,2.0,84.0
2024-05-30,140.25047976554788,141.77145071942795,140.1465619582017,140.74171447753906,2934300,507.62188720703125,93.0,1.0,4.0,3.0,4.0,0.00021151601525516326,0.0001505653778342528,,0,2.0,85.0
2024-05-31,141.38411197087447,143.81198873856002,141.12903838169817,143.59471130371094,3287000,512.245361328125,96.0,1.0,4.0,3.0,4.0,0.000269323350862739,0.0001076254843648928,,0,2.0,86.0
2024-06-03,144.20877502032477,144.20877502032477,138.49333864039554,139.45692443847656,5058900,512.6630249023438,102.0,1.0,4.0,3.0,4.0,0.0002706764175237283,7.785211082166871e-05,,0,2.0,87.0
2024-06-04,137.86982499581578,138.05876253036817,135.98042082027223,137.3124542236328,4923500,513.236083984375,103.0,1.0,4.0,3.0,4.0,0.0002173818580879221,0.00010681971898879169,,1,2.0,88.0
2024-06-05,137.9548558249436,138.3894251628915,136.96291566996268,137.77536010742188,2465100,519.3359375,102.0,1.0,4.0,3.0,4.0,0.00014883815312146043,0.00014629681718571487,,0,2.0,89.0
2024-06-06,137.7375716709148,138.60669588956952,137.25576436518585,138.46499633789062,1796300,519.3263549804688,100.0,1.0,4.0,3.0,4.0,0.0001276775757942196,0.00021151601525516326,,0,2.0,90.0
2024-06-07,137.6525650725511,138.87122457828602,136.65116862344476,137.6336669921875,2112500,518.6949462890625,99.0,1.0,4.0,3.0,4.0,9.713065689356939e-05,0.000269323350862739,,0,2.0,91.0
2024-06-10,138.06821639129498,141.1196147794638,137.8981769198858,140.57168579101562,3142300,520.297607421875,102.0,1.0,4.0,3.0,4.0,8.127498099686987e-05,0.0002706764175237283,,0,2.0,92.0
2024-06-11,139.92928844773846,141.16684605160734,138.47445336910934,141.025146484375,2000000,521.5506591796875,100.0,1.0,4.0,3.0,4.0,7.15070837968886e-05,0.0002173818580879221,,0,2.0,93.0
2024-06-12,142.41385331344495,142.8389664104828,138.7862004100385,139.3152313232422,2867700,525.8342895507812,100.0,1.0,4.0,3.0,4.0,9.80539639223264e-05,0.00014883815312146043,,0,2.0,94.0
2024-06-13,138.8428538036835,139.17350526899745,135.7725723100857,137.16128540039062,3177600,526.892822265625,101.0,1.0,4.0,3.0,4.0,9.966895536699326e-05,0.0001276775757942196,,0,2.0,95.0
2024-06-14,136.98180811191574,136.99124994376106,134.3838772684139,134.84678649902344,2534800,527.2135620117188,102.0,1.0,4.0,3.0,4.0,7.395032088312535e-05,9.713065689356939e-05,,0,2.0,96.0
2024-06-17,134.58229062096405,135.25302115474568,133.36361663027063,134.81846618652344,3090400,531.4095458984375,101.0,1.0,4.0,3.0,4.0,3.8379106396285784e-05,8.127498099686987e-05,,0,2.0,97.0
2024-06-18,135.30023639696878,136.37719621820315,134.78064735711664,134.9979248046875,2458100,532.7596435546875,99.0,1.0,4.0,3.0,4.0,-2.006073306294061e-05,7.15070837968886e-05,,0,2.0,98.0
2024-06-20,135.19634015150012,137.14242448840955,134.56339137109842,136.5094757080078,2560800,531.3125,99.0,1.0,4.0,3.0,4.0,-2.7404405063128066e-05,9.80539639223264e-05,,0,2.0,99.0
2024-06-21,136.4149712170428,136.98179821704812,134.99791813203885,135.45138549804688,2780400,530.60009765625,98.0,1.0,4.0,3.0,4.0,-2.649599827531671e-05,9.966895536699326e-05,,0,2.0,100.0
2024-06-24,135.57203608391768,140.10282295916554,135.57203608391768,139.41893005371094,2907300,528.8753051757812,104.0,1.0,4.0,3.0,4.0,3.060693839429501e-05,7.395032088312535e-05,,0,2.0,101.0
2024-06-25,139.20994413316797,139.37141681327057,137.65219149114765,139.21945190429688,2154500,530.9119873046875,103.0,1.0,1.0,3.0,3.0,7.483512618177173e-05,3.8379106396285784e-05,,0,1.0,102.0
2024-06-26,139.46641516162236,139.46641516162236,136.9398118077789,137.89915466308594,1960600,531.5746459960938,102.0,1.0,1.0,3.0,3.0,0.00010031543438610532,-2.006073306294061e-05,,0,1.0,103.0
2024-06-27,138.74452926519976,138.74452926519976,137.1582677790668,137.9276580810547,1428300,532.4125366210938,101.0,1.0,1.0,3.0,3.0,9.834613242484419e-05,-2.7404405063128066e-05,,0,1.0,104.0
2024-06-28,139.39041250966852,139.732358905448,137.79467232506633,138.1746063232422,2497500,530.3175048828125,99.0,1.0,1.0,3.0,3.0,9.496769159294936e-05,-2.649599827531671e-05,,0,1.0,105.0
2024-07-01,139.2479354473611,139.703859126083,137.14876178147793,138.55453491210938,2062500,531.408935546875,98.0,1.0,1.0,3.0,3.0,0.00011971934915613553,3.060693839429501e-05,,0,1.0,106.0
2024-07-02,139.73236149998377,140.6822110066131,138.12711351481167,139.08645629882812,2416600,534.9851684570312,96.0,1.0,1.0,3.0,3.0,0.0001412232779309816,7.483512618177173e-05,,0,1.0,107.0
2024-07-03,139.51392263147778,140.97668473000812,139.01050347140495,140.26429748535156,1416900,537.3724975585938,96.0,1.0,1.0,3.0,3.0,0.00017670320706172696,0.00010031543438610532,,0,1.0,108.0
2024-07-05,140.30229011666003,140.30229011666003,136.21793395764288,136.74984741210938,2813200,540.4713745117188,100.0,1.0,1.0,3.0,3.0,0.00017146764438753936,9.834613242484419e-05,,0,1.0,109.0
2024-07-08,136.23690915430893,137.54770612462752,136.01844782377364,136.7308349609375,2135700,541.0950927734375,99.0,1.0,1.0,3.0,3.0,0.00015981273857999074,9.496769159294936e-05,,0,1.0,110.0
2024-07-09,135.34405486757936,137.1962584171621,134.7646461168327,135.4865264892578,2354300,541.6211547851562,98.0,1.0,1.0,3.0,3.0,0.00014889149241238057,0.00011971934915613553,,0,1.0,111.0
2024-07-10,135.56253613548657,136.1704393000314,135.0306226782042,136.10394287109375,2046300,546.980712890625,97.0,1.0,4.0,3.0,4.0,0.00017989650711071749,0.0001412232779309816,,0,2.0,112.0
2024-07-11,136.47437536262493,138.8489992197994,135.704999551869,138.42156982421875,2347700,542.2642822265625,98.0,1.0,1.0,3.0,3.0,0.00021909237684816446,0.00017670320706172696,,0,1.0,113.0
2024-07-12,139.67539988328187,139.8843679746712,137.81368811278324,138.6780548095703,2539300,545.6846923828125,97.0,1.0,1.0,3.0,3.0,0.0002520399279942009,0.00017146764438753936,,0,1.0,114.0
2024-07-15,139.41893680118457,141.8220553653715,138.83003462936904,140.73922729492188,4377100,547.1853637695312,97.0,1.0,1.0,3.0,3.0,0.0002861706774891664,0.00015981273857999074,,0,1.0,115.0
2024-07-16,140.31178980406975,141.20465078351725,139.38094121623425,140.91969299316406,2871000,550.43017578125,96.0,1.0,1.0,3.0,3.0,0.0002983743716726272,0.00014889149241238057,,0,1.0,116.0
2024-07-17,141.5276186655183,143.87374880556553,140.43529720478463,140.8152313232422,3673000,542.7125854492188,95.0,1.0,1.0,3.0,3.0,0.0003102338061783681,0.00017989650711071749,,0,1.0,117.0
2024-07-18,141.13814007621096,141.92651693590562,139.74186008890945,140.1313018798828,2363400,538.5419311523438,93.0,1.0,1.0,3.0,3.0,0.0003036908014431262,0.00021909237684816446,,0,1.0,118.0
2024-07-19,139.7988486901328,140.11230077834364,138.34558004978035,139.1339569091797,3355200,534.9656372070312,93.0,1.0,1.0,3.0,3.0,0.0002922591872256879,0.0002520399279942009,,0,1.0,119.0
2024-07-22,138.86800938746214,139.32393313978227,137.27226900756423,138.4500732421875,2720900,540.4810791015625,91.0,1.0,1.0,3.0,3.0,0.0002597852801957622,0.0002861706774891664,,0,1.0,120.0
2024-07-23,137.62369740359384,138.06063456322917,135.8664699810142,136.36990356445312,3490200,539.6333618164062,92.0,1.0,1.0,3.0,3.0,0.00020140453081801335,0.0002983743716726272,,0,1.0,121.0
2024-07-24,137.18676313698094,138.06063747468008,135.2775707649026,135.42955017089844,3004000,527.40380859375,92.0,1.0,4.0,3.0,4.0,0.00015615996956280134,0.0003102338061783681,,0,2.0,122.0
2024-07-25,135.65754715217625,138.08916017349486,134.82167474101416,137.1488037109375,2919000,524.6558837890625,92.0,1.0,4.0,3.0,4.0,0.00014159585840440257,0.0003036908014431262,,0,2.0,123.0
2024-07-26,137.48122395923642,138.18410332415783,135.8854692380798,137.8706512451172,2084100,530.5317993164062,91.0,1.0,4.0,3.0,4.0,0.00018205810231447276,0.0002922591872256879,,0,2.0,124.0
2024-07-29,137.9276567002978,138.44056906960134,135.03061273357827,136.15142822265625,3686800,530.8436889648438,91.0,1.0,4.0,3.0,4.0,0.00022596007609225154,0.0002597852801957622,,0,2.0,125.0
2024-07-30,135.8094997190379,138.32661000287348,135.8094997190379,137.9181671142578,2409100,528.1541748046875,91.0,1.0,4.0,3.0,4.0,0.0002753386351649625,0.00020140453081801335,,0,2.0,126.0
2024-07-31,140.34025775981712,141.14763559849598,138.97247221801192,139.0484619140625,3468500,536.7392578125,91.0,1.0,4.0,3.0,4.0,0.000306243494408648,0.00015615996956280134,,0,2.0,127.0
2024-08-01,139.36192247743102,140.10280394218336,133.69131969398177,134.87863159179688,4970700,529.138427734375,98.0,1.0,4.0,3.0,4.0,0.00027723080087339776,0.00014159585840440257,,0,2.0,128.0
2024-08-02,132.71298693591498,133.1024287493834,126.76693367262946,127.99223327636719,5891000,519.2867431640625,120.0,4.0,4.0,4.0,12.0,0.00015479108054750434,0.00018205810231447276,,1,4.0,1.0
2024-08-05,123.63242766440256,125.63661090419663,121.34328664532144,124.4302978515625,5535300,504.16314697265625,125.0,4.0,4.0,4.0,12.0,-7.2452270587659204e-06,0.00022596007609225154,,1,4.0,2.0
2024-08-06,124.70574378375733,126.70043368002841,123.83188391777364,124.87672424316406,4064000,508.811279296875,123.0,4.0,4.0,4.0,12.0,-0.00010814263817927879,0.0002753386351649625,,0,4.0,3.0
2024-08-07,127.44132092790083,128.39117054157848,125.66510678826124,125.74109649658203,2981600,505.410400390625,122.0,4.0,4.0,4.0,12.0,-0.00013547078470874764,0.000306243494408648,,0,4.0,4.0
2024-08-08,127.00439779380157,130.0534069270362,126.6719446327133,129.54998779296875,2731700,517.09423828125,126.0,4.0,4.0,4.0,12.0,-0.0001141371011383309,0.00027723080087339776,,0,4.0,5.0
2024-08-09,129.54046923920183,130.23385526136306,128.4576414742787,129.5974578857422,1766200,519.374267578125,125.0,4.0,4.0,4.0,12.0,-9.308002738667712e-05,0.00015479108054750434,,0,4.0,6.0
2024-08-12,130.39534770451425,131.79162773076783,130.36685337692168,131.3546905517578,2813900,519.6472778320312,124.0,4.0,4.0,4.0,12.0,-5.5370749441197116e-05,-7.2452270587659204e-06,,0,4.0,7.0
2024-08-13,130.10088063522488,130.347836275133,129.16052445981086,130.00588989257812,3669800,528.1932373046875,123.0,4.0,4.0,4.0,12.0,-6.154219614008161e-05,-0.00010814263817927879,,1,4.0,8.0
2024-08-14,130.32886233557574,130.98424634648214,129.55947203019602,130.51882934570312,1686700,529.8594970703125,121.0,4.0,4.0,4.0,12.0,-6.311302222917834e-05,-0.00013547078470874764,,0,4.0,9.0
2024-08-15,130.9557355289578,133.37785446034812,130.9557355289578,132.8744354248047,2598200,538.9413452148438,122.0,4.0,4.0,4.0,12.0,-7.144739858536905e-05,-0.0001141371011383309,,0,4.0,10.0
2024-08-16,131.45918073637608,132.89346292891332,131.3832055216097,132.32354736328125,1832000,540.1497192382812,120.0,4.0,4.0,4.0,12.0,-4.4029658875366905e-05,-9.308002738667712e-05,,0,4.0,11.0
2024-08-19,132.37103598943932,134.53669183866702,132.37103598943932,133.28289794921875,2471800,545.3142700195312,119.0,4.0,4.0,4.0,12.0,-1.5222671491900078e-05,-5.5370749441197116e-05,,0,4.0,12.0
2024-08-20,132.97892363038642,133.1119019742747,129.2175134133924,129.86341857910156,3784000,544.4276733398438,122.0,4.0,4.0,4.0,12.0,-2.16564380861184e-05,-6.154219614008161e-05,,0,4.0,13.0
2024-08-21,131.03174536215636,131.3831995588861,129.3220132364099,129.92991638183594,1837800,546.2985229492188,121.0,4.0,4.0,4.0,12.0,-4.383178263930445e-05,-6.311302222917834e-05,,0,4.0,14.0
2024-08-22,129.98691974026647,130.7278012470256,129.26502478959043,129.5024871826172,1642200,542.0109252929688,119.0,4.0,4.0,4.0,12.0,-9.462693219189286e-05,-7.144739858536905e-05,,0,4.0,15.0
2024-08-23,130.68031573207583,132.4375288769571,130.27187284859664,132.16207885742188,1965900,547.7699584960938,120.0,4.0,4.0,4.0,12.0,-0.00010033970892771982,-4.4029658875366905e-05,,0,4.0,16.0
2024-08-26,133.92877383552747,135.19207535632293,132.57998934180023,133.0644073486328,2929600,546.4642333984375,119.0,4.0,1.0,4.0,11.0,-9.994435528529531e-05,-1.5222671491900078e-05,,0,2.0,17.0
2024-08-27,132.50400184588534,132.97892658368423,130.95574256272414,131.34518432617188,1962200,547.2144775390625,118.0,4.0,1.0,4.0,11.0,-9.221081576184791e-05,-2.16564380861184e-05,,0,2.0,18.0
2024-08-28,130.37636393952656,131.22172958847375,129.81595609783759,130.77529907226562,1744100,544.0379028320312,117.0,4.0,1.0,4.0,11.0,-0.00011881098104229147,-4.383178263930445e-05,,0,2.0,19.0
2024-08-29,131.82009525074545,133.50133270457397,130.4048144627309,132.83644104003906,2311200,544.0864868164062,117.0,4.0,1.0,4.0,11.0,-0.0001248237702752261,-9.462693219189286e-05,,0,2.0,20.0
2024-08-30,131.59214269226806,132.69397158518984,130.90826438976993,132.5419921875,2247100,549.2804565429688,115.0,4.0,1.0,4.0,11.0,-0.0001180098481143592,-0.00010033970892771982,,0,2.0,21.0
2024-09-03,130.13886950594784,130.30984994566978,127.30832216879618,127.6502685546875,3849400,537.976806640625,125.0,4.0,1.0,4.0,11.0,-0.00013556361699754326,-9.994435528529531e-05,,1,2.0,22.0
2024-09-04,127.83074371382041,128.7236045366982,125.27564631451568,125.57960510253906,3033300,536.8755493164062,125.0,4.0,4.0,4.0,12.0,-0.00019088117272048123,-9.221081576184791e-05,,0,4.0,23.0
2024-09-05,126.86189848156825,126.89990057843147,124.43977932768111,124.59175872802734,2284700,535.56982421875,123.0,4.0,4.0,4.0,12.0,-0.00025275175868091085,-0.00011881098104229147,,0,4.0,24.0
2024-09-06,124.62975822093375,125.76006694181514,122.18863806961865,122.64456176757812,3114800,526.55615234375,124.0,4.0,4.0,4.0,12.0,-0.00030608726645354475,-0.0001248237702752261,,0,4.0,25.0
2024-09-09,122.62557842411616,123.12899750856798,121.84669486338488,121.88469696044922,2281300,532.4514770507812,122.0,4.0,4.0,4.0,12.0,-0.00035100580715494113,-0.0001180098481143592,,0,4.0,26.0
2024-09-10,122.0176775218818,122.2171378076433,119.32959435450258,120.55490112304688,3624500,534.770751953125,121.0,4.0,4.0,4.0,12.0,-0.00040074237133050925,-0.00013556361699754326,,0,4.0,27.0
2024-09-11,120.83986166670945,121.0678235310385,117.89532949263773,120.50741577148438,2810400,540.2569580078125,119.0,4.0,4.0,4.0,12.0,-0.00043904460294472717,-0.00019088117272048123,,0,4.0,28.0
2024-09-12,120.64988621307695,121.93218165155214,119.20611809091623,120.86835479736328,3566400,544.8076782226562,118.0,4.0,4.0,4.0,12.0,-0.0004693366281189241,-0.00025275175868091085,,0,4.0,29.0
2024-09-13,121.84670123170021,123.23348797596047,121.71372287213177,122.10316467285156,3778000,547.6530151367188,117.0,4.0,4.0,4.0,12.0,-0.000459793932166328,-0.00030608726645354475,,0,4.0,30.0
2024-09-16,122.59709073336816,124.19283105115385,121.98917309586406,123.34746551513672,2478900,548.4619140625,116.0,4.0,4.0,4.0,12.0,-0.00040769746391559913,-0.00035100580715494113,,0,4.0,31.0
2024-09-17,123.49943623132621,125.82656461106636,123.27146713330903,125.56060791015625,3531500,548.68603515625,117.0,4.0,4.0,4.0,12.0,-0.00030658693768332174,-0.00040074237133050925,,0,4.0,32.0
2024-09-18,125.25665797375045,128.04921802441217,125.24716469574393,126.01654052734375,2888900,547.0586547851562,115.0,4.0,4.0,4.0,12.0,-0.0002385483280510558,-0.00043904460294472717,,0,4.0,33.0
2024-09-19,129.08455590118612,129.57848175543205,127.07087937060967,128.05873107910156,3397100,556.3938598632812,115.0,4.0,4.0,4.0,12.0,-0.00019499199392312668,-0.0004693366281189241,,0,4.0,34.0
2024-09-20,127.22284516238014,128.50513329944667,126.02602550885413,128.04920959472656,3974000,555.4320068359375,114.0,4.0,4.0,4.0,12.0,-0.0002198606931647949,-0.000459793932166328,,0,4.0,35.0
2024-09-23,128.40873195132576,130.58889224694823,127.57683847163915,129.2215118408203,3145200,556.8201293945312,113.0,4.0,1.0,4.0,11.0,-0.00023215562318977014,-0.00040769746391559913,,0,2.0,36.0
2024-09-24,130.56021838935817,131.03832086778644,128.3705154579898,128.39920043945312,3842500,558.413330078125,111.0,4.0,1.0,4.0,11.0,-0.00027487269861546,-0.00030658693768332174,,0,2.0,37.0
2024-09-25,127.8924120117275,128.43745583646535,125.04292534720702,125.35847473144531,3591300,557.181640625,114.0,4.0,1.0,4.0,11.0,-0.00031225747696691613,-0.0002385483280510558,,0,2.0,38.0
2024-09-26,123.18787763018175,125.16721416380997,121.92568746821058,122.3464126586914,6995000,559.3907470703125,117.0,4.0,1.0,4.0,11.0,-0.0003855071441925851,-0.00019499199392312668,,0,2.0,39.0
2024-09-27,123.77113768078148,125.71223203851612,123.51295832856546,125.39668273925781,3689100,558.5794067382812,121.0,4.0,1.0,4.0,11.0,-0.0004098513057252938,-0.0002198606931647949,,0,2.0,40.0
2024-09-30,124.77518093459216,126.85014378814242,124.41181840862887,125.76007080078125,2994600,560.8177490234375,119.0,4.0,1.0,4.0,11.0,-0.0004133048935648727,-0.00023215562318977014,,0,2.0,41.0
2024-10-01,124.40225450804151,128.44699686298458,123.90502390993927,127.8732681274414,6718400,555.7937622070312,119.0,4.0,1.0,4.0,11.0,-0.00037404165368810075,-0.00027487269861546,,0,2.0,42.0
2024-10-02,130.27334967454777,130.58889901539382,127.98802074283947,129.431884765625,3859500,556.0283203125,119.0,4.0,1.0,4.0,11.0,-0.00032951903836134303,-0.00031225747696691613,,0,2.0,43.0
2024-10-03,129.7665801782515,133.93563434367732,128.8486170064615,133.68701171875,5670200,555.0117797851562,125.0,4.0,1.0,4.0,11.0,-0.00024277866986574192,-0.0003855071441925851,,0,2.0,44.0
2024-10-04,135.0448016661073,135.71414211715862,133.60093765094464,134.6240692138672,3618000,560.055419921875,123.0,4.0,1.0,4.0,11.0,-0.00015082088756963844,-0.0004098513057252938,,0,2.0,45.0
2024-10-07,135.06393091536575,136.18268880465095,134.56670032328535,135.4559783935547,3228800,554.9922485351562,122.0,4.0,1.0,4.0,11.0,-8.957069812275314e-05,-0.0004133048935648727,,0,2.0,46.0
2024-10-08,133.4001304484011,133.4001304484011,130.34984929976977,131.73634338378906,4939500,560.2410888671875,126.0,4.0,1.0,4.0,11.0,-0.00010150968051626575,-0.00037404165368810075,,1,2.0,47.0
2024-10-09,130.52197989968113,132.13796865197153,129.89088111052686,131.75547790527344,2636200,564.12158203125,124.0,4.0,1.0,4.0,11.0,-0.00011974882527478691,-0.00032951903836134303,,0,2.0,48.0
2024-10-10,132.11882737394922,133.6965741904792,131.33474695434865,133.0654754638672,2262700,563.13427734375,123.0,4.0,1.0,4.0,11.0,-0.0001292897266283311,-0.00024277866986574192,,0,2.0,49.0
2024-10-11,132.65429603661613,135.4846688397904,132.4343730043395,134.54759216308594,1982200,566.506591796875,122.0,4.0,1.0,4.0,11.0,-0.00011127859683535147,-0.00015082088756963844,,0,2.0,50.0
2024-10-14,133.2089158647031,133.72527473404025,131.9467328551029,132.71168518066406,1933500,571.1395874023438,122.0,4.0,1.0,4.0,11.0,-0.00012238809354424282,-8.957069812275314e-05,,0,2.0,51.0
2024-10-15,129.1928677237761,129.26936588031828,127.44301069301827,127.6151351928711,4870100,566.7019653320312,131.0,4.0,1.0,4.0,11.0,-0.00015960037452999356,-0.00010150968051626575,,1,2.0,52.0
2024-10-16,128.23662202313298,129.12588545394112,128.1314389150294,128.5808563232422,2035900,569.1652221679688,130.0,4.0,1.0,4.0,11.0,-0.00018171203850749735,-0.00011974882527478691,,0,2.0,53.0
2024-10-17,128.54261317975983,129.90043692963948,128.41831646869383,129.7378692626953,2031800,569.214111328125,128.0,4.0,1.0,4.0,11.0,-0.000173702113164688,-0.0001292897266283311,,0,2.0,54.0
2024-10-18,129.70920238002435,129.88132686705535,127.91154690205296,128.96336364746094,2105800,571.4036254882812,127.0,4.0,1.0,4.0,11.0,-0.0001471198650304853,-0.00011127859683535147,,0,2.0,55.0
2024-10-21,130.31158529091198,130.38808342361153,127.88283158744099,128.3226776123047,2260900,570.4651489257812,125.0,4.0,1.0,4.0,11.0,-0.00011480315323726366,-0.00012238809354424282,,0,2.0,56.0
2024-10-22,129.01114384809193,129.5083744062489,128.05493909268907,128.6477813720703,2175800,570.1620483398438,123.0,4.0,1.0,4.0,11.0,-7.368128581891702e-05,-0.00015960037452999356,,0,2.0,57.0
2024-10-23,128.30355796755822,128.6477922923447,126.19035344943335,127.47166442871094,1565200,564.952392578125,122.0,4.0,4.0,4.0,12.0,-4.537229798886712e-05,-0.00018171203850749735,,0,4.0,58.0
2024-10-24,128.1219215996771,128.67652228688917,126.63980083443312,128.46615600585938,1416600,566.1741333007812,121.0,4.0,4.0,4.0,12.0,-3.345920121446412e-05,-0.000173702113164688,,0,4.0,59.0
2024-10-25,129.37452770211092,129.99605505961404,127.71072590019179,128.47569274902344,1784800,565.9785766601562,119.0,4.0,4.0,4.0,12.0,-5.857695233252157e-05,-0.0001471198650304853,,0,4.0,60.0
2024-10-28,124.95682764915527,127.01267658179297,124.73690464565891,126.76406860351562,2990100,567.7283325195312,119.0,4.0,4.0,4.0,12.0,-9.521539299486566e-05,-0.00011480315323726366,,1,4.0,61.0
2024-10-29,126.4389729001108,126.47722926773237,124.24927004597633,124.70824432373047,2458000,568.6470947265625,119.0,4.0,4.0,4.0,12.0,-0.0001605950547159523,-7.368128581891702e-05,,0,4.0,62.0
2024-10-30,125.40625910179027,126.8405663637575,124.59349374099229,125.93217468261719,1898000,566.9268188476562,118.0,4.0,4.0,4.0,12.0,-0.00020641987257544563,-4.537229798886712e-05,,0,4.0,63.0
2024-10-31,126.68758377734649,127.64378861186046,124.8899140194913,125.00465393066406,2335100,555.8134155273438,117.0,4.0,4.0,4.0,12.0,-0.00023759751509113425,-3.345920121446412e-05,,0,4.0,64.0
2024-11-01,125.9799866270289,126.69714025109168,123.31218156534759,123.67552947998047,2286700,558.1589965820312,116.0,4.0,4.0,4.0,12.0,-0.00025519474564881904,-5.857695233252157e-05,,0,4.0,65.0
2024-11-04,124.5456886251982,126.98401404613895,124.01977301040252,126.0278091430664,2253400,556.9568481445312,117.0,4.0,4.0,4.0,12.0,-0.00026440640217835265,-9.521539299486566e-05,,0,4.0,66.0
2024-11-05,126.72584058170213,127.7203018982442,125.85569057736024,127.13701629638672,1345500,563.6914672851562,116.0,4.0,4.0,4.0,12.0,-0.00025181143596164976,-0.0001605950547159523,,0,4.0,67.0
2024-11-06,131.4303482445211,134.83443503436519,130.55064156999615,133.79217529296875,6170600,577.7080078125,134.0,4.0,1.0,4.0,11.0,-0.00014986102604214196,-0.00020641987257544563,,0,2.0,68.0
2024-11-07,133.5626999523876,133.6870112644288,132.14752071661155,132.9507293701172,2797300,582.1749267578125,132.0,4.0,1.0,4.0,11.0,-5.830871010707979e-05,-0.00023759751509113425,,0,2.0,69.0
2024-11-08,132.7212414571238,133.94518254730184,132.22401082969876,133.89736938476562,2059000,584.69677734375,130.0,4.0,1.0,4.0,11.0,1.1518905561902255e-05,-0.00025519474564881904,,0,2.0,70.0
2024-11-11,133.98342952789423,136.0775206497835,133.34277397850155,135.90541076660156,2870800,585.25390625,130.0,4.0,1.0,4.0,11.0,2.189927247671386e-05,-0.00026440640217835265,,0,2.0,71.0
2024-11-12,136.17311877946554,137.11975212199334,134.46150414611265,134.5858154296875,1978300,583.4359130859375,129.0,4.0,1.0,4.0,11.0,1.7425878134246667e-05,-0.00025181143596164976,,0,2.0,72.0
2024-11-13,135.0926239383137,136.12532695697158,132.9316061675563,135.14999389648438,2702200,583.7194213867188,127.0,4.0,1.0,4.0,11.0,2.558433444844022e-05,-0.00014986102604214196,,0,2.0,73.0
2024-11-14,136.31655487057753,136.7851004783195,134.49020018856427,135.97232055664062,2149500,579.9658203125,125.0,4.0,1.0,4.0,11.0,3.126415723008208e-06,-5.830871010707979e-05,,0,2.0,74.0
2024-11-15,135.7141459068314,137.37794758064246,134.27028185135038,134.68145751953125,2208900,572.537353515625,124.0,4.0,1.0,4.0,11.0,-2.7801392737206312e-05,1.1518905561902255e-05,,0,2.0,75.0
2024-11-18,135.9819076539102,137.88474610062676,135.32212392675618,137.34927368164062,2398700,574.88330078125,125.0,4.0,1.0,4.0,11.0,-3.628859418187561e-05,2.189927247671386e-05,,0,2.0,76.0
2024-11-19,136.00099787567208,137.70304116804195,135.40815559803417,136.46954345703125,2043900,576.9847412109375,124.0,4.0,1.0,4.0,11.0,-2.6182830775037025e-05,1.7425878134246667e-05,,0,2.0,77.0
2024-11-20,136.70862737550164,138.77403363731727,136.6608142083195,138.70709228515625,2246300,577.1802978515625,124.0,4.0,1.0,4.0,11.0,1.3539426960845231e-05,2.558433444844022e-05,,0,2.0,78.0
2024-11-21,139.87364523144058,141.52787554771777,139.69196397423423,140.47605895996094,2498900,580.2786865234375,123.0,1.0,1.0,4.0,5.0,5.230462190593139e-05,3.126415723008208e-06,,0,2.0,79.0
2024-11-22,140.3039414750442,142.59884199890385,139.82583902305623,142.1589813232422,2363300,582.0772705078125,122.0,1.0,1.0,4.0,5.0,0.00010000052113111736,-2.7801392737206312e-05,,0,2.0,80.0
2024-11-25,142.15898873663303,143.25863318786764,139.43381337250486,139.6441650390625,2822600,584.0516357421875,123.0,1.0,1.0,4.0,5.0,0.0001251171809266699,-3.628859418187561e-05,,0,2.0,81.0
2024-11-26,139.625041845035,139.97883298466112,137.92299831146752,138.64015197753906,2045300,587.101318359375,122.0,1.0,1.0,4.0,5.0,0.00014020386964393563,-2.6182830775037025e-05,,0,2.0,82.0
2024-11-27,138.3724109913656,140.552556893594,138.3724109913656,138.6497039794922,1154100,585.322265625,120.0,1.0,1.0,4.0,5.0,0.00013979414978691206,1.3539426960845231e-05,,0,2.0,83.0
2024-11-29,139.18517123214855,140.09356289283045,138.774010163098,139.10867309570312,681200,588.9583740234375,118.0,1.0,1.0,4.0,5.0,0.00014188039994146977,5.230462190593139e-05,,0,2.0,84.0
2024-12-02,139.089563392997,139.4720394953893,135.79064500011933,137.53094482421875,2221100,590.0139770507812,117.0,1.0,1.0,4.0,5.0,0.00011944090873781715,0.00010000052113111736,,0,2.0,85.0
2024-12-03,138.40110577232645,138.99394815546597,136.88072885634185,137.63613891601562,1370000,590.2876586914062,116.0,1.0,1.0,4.0,5.0,0.00010939821826526754,0.0001251171809266699,,0,2.0,86.0
2024-12-04,137.23453782050404,137.45446087255186,132.27183182042944,133.30453491210938,3437600,593.9530639648438,122.0,4.0,4.0,4.0,12.0,7.995025446773771e-05,0.00014020386964393563,,0,4.0,87.0
2024-12-05,134.04078392401175,134.85356385273485,132.8455279056116,132.89334106445312,2373600,592.9756469726562,120.0,4.0,4.0,4.0,12.0,7.269146021078539e-05,0.00013979414978691206,,0,4.0,88.0
2024-12-06,132.5491117885475,132.69255127052725,128.84860368381436,129.8717498779297,4069700,594.0997314453125,123.0,4.0,4.0,4.0,12.0,2.3579507852514148e-05,0.00014188039994146977,,1,4.0,89.0
2024-12-09,131.75545212452784,133.0367776370853,130.9713717806464,131.10523986816406,3247200,591.0403442382812,121.0,4.0,4.0,4.0,12.0,1.2591296609784131e-05,0.00011944090873781715,,0,4.0,90.0
2024-12-10,131.9562578390518,132.15706725994303,130.0438483051525,130.31158447265625,1456000,589.2027587890625,120.0,4.0,4.0,4.0,12.0,-1.7634292758704283e-05,0.00010939821826526754,,0,4.0,91.0
2024-12-11,131.09568282536097,132.32918058726497,130.28290291591318,132.1953125,1954400,593.7576904296875,120.0,4.0,4.0,4.0,12.0,1.3073796984296762e-05,7.995025446773771e-05,,0,4.0,92.0
2024-12-12,131.72679626237922,132.21447015296562,130.3594301084122,131.0765838623047,1816000,590.6983032226562,118.0,4.0,4.0,4.0,12.0,6.4465238064211975e-06,7.269146021078539e-05,,0,4.0,93.0
2024-12-13,131.04787499837244,131.33473936575987,129.56575459231055,130.005615234375,1883000,590.5809936523438,117.0,4.0,4.0,4.0,12.0,2.1269895444271705e-06,2.3579507852514148e-05,,0,4.0,94.0
2024-12-16,129.0207371604615,129.16417666868637,126.41987291291419,126.6015396118164,2627100,593.1027221679688,121.0,4.0,4.0,4.0,12.0,-5.314218155474317e-05,1.2591296609784131e-05,,1,4.0,95.0
2024-12-17,125.45406584099409,126.0373513479616,123.7711506590106,125.76961517333984,3072700,590.6591186523438,120.0,4.0,4.0,4.0,12.0,-9.632128722696831e-05,-1.7634292758704283e-05,,1,4.0,96.0
2024-12-18,126.04693018002874,126.52503260445816,121.25633454930785,121.5240707397461,4072600,573.0553588867188,127.0,4.0,4.0,4.0,12.0,-0.00017289212486149648,1.3073796984296762e-05,,0,4.0,97.0
2024-12-19,123.53209823980349,123.75202125452729,119.81246221786925,120.00370025634766,3859400,572.87939453125,126.0,4.0,4.0,4.0,12.0,-0.00026542238905614344,6.4465238064211975e-06,,0,4.0,98.0
2024-12-20,119.44911981434545,122.02131344734453,119.07620046992925,120.73043823242188,3502600,579.7603149414062,124.0,4.0,4.0,4.0,12.0,-0.00033326784217142845,2.1269895444271705e-06,,0,4.0,99.0
2024-12-23,121.09421080310238,122.30678362517386,119.83350952297047,122.03732299804688,2762000,583.2319946289062,123.0,4.0,4.0,4.0,12.0,-0.0003623691196429039,-5.314218155474317e-05,,0,4.0,100.0
2024-12-24,122.4030205963351,123.73108697617307,121.27704967815701,123.50011444091797,1422600,589.7147216796875,123.0,4.0,4.0,4.0,12.0,-0.0003369997178181334,-9.632128722696831e-05,,0,4.0,101.0
2024-12-26,123.403866906151,123.89468168689662,122.16242445823883,123.50972747802734,1153400,589.75390625,121.0,4.0,4.0,4.0,12.0,-0.0003160026030089693,-0.00017289212486149648,,0,4.0,102.0
2024-12-27,123.27877422450183,124.99178013533297,122.91307138359333,123.70220184326172,1688800,583.5459594726562,119.0,4.0,4.0,4.0,12.0,-0.00029293993287131734,-0.00026542238905614344,,0,4.0,103.0
2024-12-30,124.86666218703306,127.09935252094185,123.90429870196922,125.71354675292969,2929500,576.88671875,119.0,4.0,4.0,4.0,12.0,-0.0002774613063742834,-0.00033326784217142845,,0,4.0,104.0
2024-12-31,125.87715081009922,128.00396595680698,125.72316912328276,127.38805389404297,2463300,574.7880249023438,119.0,4.0,4.0,4.0,12.0,-0.0002538200622205187,-0.0003623691196429039,,0,4.0,105.0
2025-01-02,129.25503484335172,130.44837082829912,128.62950446389206,129.745849609375,2873600,573.375732421875,120.0,4.0,4.0,4.0,12.0,-0.00022455190508479623,-0.0003369997178181334,,0,4.0,106.0
2025-01-03,130.2366483336231,131.21826317093854,129.8035877150872,130.46762084960938,1948300,580.544921875,118.0,4.0,4.0,4.0,12.0,-0.0002062237194785877,-0.0003160026030089693,,0,4.0,107.0
2025-01-06,131.65132911335772,133.12374408662376,129.7458535040431,130.14041137695312,2839500,583.8890991210938,117.0,4.0,4.0,4.0,12.0,-0.00020909850019970038,-0.00029293993287131734,,0,4.0,108.0
2025-01-07,130.73708388475322,132.0940052235786,129.93832043877728,131.61282348632812,1869800,577.288818359375,116.0,4.0,4.0,4.0,12.0,-0.00021452442690383719,-0.0002774613063742834,,0,4.0,109.0
2025-01-08,131.093147135437,132.53669227521834,130.79481682273558,132.4885711669922,1825500,578.1322021484375,115.0,4.0,4.0,4.0,12.0,-0.0002174668624501612,-0.0002538200622205187,,0,4.0,110.0
2025-01-10,134.8174910648793,136.47275735987174,133.325824792886,134.0668487548828,3008500,569.3056640625,114.0,4.0,1.0,4.0,11.0,-0.00018333635986605393,-0.00022455190508479623,,0,2.0,111.0
2025-01-13,135.00999164423814,138.0991854596034,134.89451270387073,136.56903076171875,3508600,570.1883544921875,115.0,4.0,1.0,4.0,11.0,-0.00012452651424957865,-0.0002062237194785877,,0,2.0,112.0
2025-01-14,135.7221489593801,137.85859750915137,135.60667001652902,137.51214599609375,3505600,570.9729614257812,114.0,4.0,1.0,4.0,11.0,-5.183838846880062e-05,-0.00020909850019970038,,0,2.0,113.0
2025-01-15,138.99414895262024,140.55318775980723,138.3782369190714,140.12974548339844,2355300,581.3589477539062,115.0,1.0,1.0,4.0,5.0,1.9219206377813632e-05,-0.00021452442690383719,,0,2.0,114.0
2025-01-16,139.0134151164596,141.04400284189848,139.0134151164596,140.3896026611328,2942800,580.2408447265625,113.0,1.0,1.0,3.0,3.0,6.356008778603367e-05,-0.0002174668624501612,,0,1.0,1.0
2025-01-17,139.78329927862487,140.59168109957022,139.2732477950878,139.97576904296875,2222800,586.06640625,112.0,1.0,1.0,3.0,3.0,8.551946988575518e-05,-0.00018333635986605393,,0,1.0,2.0
2025-01-21,138.95568480308066,139.41761523666113,137.39666041193175,138.35902404785156,3208400,591.4309692382812,111.0,1.0,1.0,3.0,3.0,9.638884882996843e-05,-0.00012452651424957865,,0,1.0,3.0
2025-01-22,137.8393217093134,139.610081731579,137.04055823222933,137.0983123779297,1736000,594.7557373046875,110.0,1.0,1.0,3.0,3.0,8.731223145353076e-05,-5.183838846880062e-05,,0,1.0,4.0
2025-01-23,138.1569179627083,138.93643013988674,136.61714499227654,137.32928466796875,2379900,598.0018310546875,109.0,1.0,1.0,3.0,3.0,9.68634256789576e-05,1.9219206377813632e-05,,0,1.0,5.0
2025-01-24,137.45439053729243,137.82009339312498,135.18321192352178,135.44305419921875,2514700,596.2561645507812,109.0,1.0,1.0,3.0,3.0,8.50389662682418e-05,6.356008778603367e-05,,0,1.0,6.0
2025-01-27,134.93301286825917,135.81838565782337,132.08441002333203,132.83505249023438,3766600,587.8218994140625,110.0,4.0,1.0,3.0,9.0,9.761919858488001e-05,8.551946988575518e-05,,0,2.0,7.0
2025-01-28,133.1045097592813,133.71080353813258,130.84296406592958,132.1517791748047,2812100,592.8726806640625,109.0,4.0,1.0,3.0,9.0,9.992741205829256e-05,9.638884882996843e-05,,0,2.0,8.0
2025-01-29,131.62245947199895,133.35471670186269,131.1797658026165,132.9312744140625,1709700,590.21484375,108.0,4.0,1.0,3.0,9.0,0.00012085393859184615,8.731223145353076e-05,,0,2.0,9.0
2025-01-30,133.4798353419104,134.1727383447943,131.33376851368865,132.25762939453125,3333100,593.3826293945312,106.0,4.0,1.0,3.0,9.0,0.0001291702613710003,9.68634256789576e-05,,0,2.0,10.0
2025-01-31,132.2094988183333,132.2094988183333,128.8604633544228,129.11068725585938,4683500,590.2247314453125,110.0,4.0,4.0,3.0,10.0,0.00010208977004197898,8.50389662682418e-05,,0,4.0,1.0
2025-02-03,128.94709277211734,130.00568382882622,127.37843554227828,128.87010192871094,3053600,586.252685546875,108.0,4.0,4.0,3.0,10.0,6.630685180520337e-05,9.761919858488001e-05,,0,4.0,2.0
2025-02-04,127.59977902240637,132.31536920786277,127.2244578268978,131.99778747558594,4780700,590.1854858398438,111.0,4.0,4.0,3.0,10.0,8.035736456661018e-05,9.992741205829256e-05,,0,4.0,3.0
2025-02-05,131.68981950341032,132.24799210270385,130.7467073729842,131.80531311035156,2123600,592.578369140625,110.0,4.0,4.0,3.0,10.0,0.00014557012059868688,0.00012085393859184615,,0,4.0,4.0
2025-02-06,132.53669911214598,132.87353220260408,127.91735148965574,128.8797149658203,3821900,594.637939453125,112.0,4.0,4.0,3.0,10.0,0.00017341308363244036,0.0001291702613710003,,0,4.0,5.0
2025-02-07,129.58224263501756,129.86133628030348,128.1675670799532,128.2349395751953,2572000,589.1949462890625,111.0,4.0,4.0,3.0,10.0,0.00013053824109757333,0.00010208977004197898,,0,4.0,6.0
2025-02-10,129.6207314741281,133.3354548651386,129.51487091047883,132.89276123046875,3338900,593.1962890625,120.0,4.0,4.0,3.0,10.0,0.00010574023237928259,6.630685180520337e-05,,0,4.0,7.0
2025-02-11,133.9706365720483,135.56814890858703,133.69154291856998,134.03799438476562,3003200,593.6475219726562,118.0,4.0,4.0,3.0,10.0,0.00012232394596253167,8.035736456661018e-05,,0,4.0,8.0
2025-02-12,133.0467644154471,133.7396673651015,129.37052850564154,129.71697998046875,4195200,591.7349243164062,125.0,4.0,4.0,4.0,12.0,0.00013608353329879906,0.00014557012059868688,,0,4.0,9.0
2025-02-13,129.5437856459895,130.84298258902223,128.3793190412745,130.47727966308594,2332700,597.9822387695312,123.0,4.0,4.0,4.0,12.0,0.00011015065945629175,0.00017341308363244036,,0,4.0,10.0
2025-02-14,130.6985662594874,133.31619578721475,130.6985662594874,131.5261993408203,2419600,597.952880859375,122.0,4.0,4.0,4.0,12.0,8.135511717192473e-05,0.00013053824109757333,,0,4.0,11.0
2025-02-18,132.0843947098893,134.43256407647434,130.71784025718043,133.03713989257812,3092000,599.7083740234375,121.0,4.0,4.0,4.0,12.0,7.176168246322559e-05,0.00010574023237928259,,0,4.0,12.0
2025-02-19,134.220844697702,136.1744415178624,133.74928127457622,134.67315673828125,3255300,601.12060546875,120.0,4.0,1.0,4.0,11.0,7.243810246896364e-05,0.00012232394596253167,,0,2.0,13.0
2025-02-20,133.75891983917,134.92337155259796,132.96015630223448,134.4325714111328,1966300,598.6196899414062,119.0,4.0,1.0,4.0,11.0,7.834549402535632e-05,0.00013608353329879906,,0,2.0,14.0
2025-02-21,133.7396612796174,133.98987051163417,129.79396492276328,130.2174072265625,3930400,588.3809814453125,125.0,4.0,1.0,4.0,11.0,5.354272850373652e-05,0.00011015065945629175,,0,2.0,15.0
2025-02-24,130.21739830990575,130.53498001600872,129.15880730739698,129.745849609375,2367100,585.70361328125,123.0,4.0,1.0,4.0,11.0,6.07662338031025e-06,8.135511717192473e-05,,0,2.0,16.0
2025-02-25,129.418656042858,129.72661945109732,126.18511367886288,126.685546875,2823500,582.7906494140625,125.0,4.0,4.0,4.0,12.0,-7.90709306582378e-05,7.176168246322559e-05,,0,4.0,17.0
2025-02-26,127.33031018617588,127.71526439037893,124.96290423945803,125.59805297851562,2956900,583.0850219726562,124.0,4.0,4.0,4.0,12.0,-0.000121264589039183,7.243810246896364e-05,,0,4.0,18.0
2025-02-27,126.4353211999758,126.58928819959738,124.48172447173016,124.70306396484375,2578000,573.77783203125,123.0,4.0,4.0,4.0,12.0,-0.00014962161602886625,7.834549402535632e-05,,0,4.0,19.0
2025-02-28,123.68296116022773,126.08886991078343,122.66285085726156,125.9830093383789,2584800,582.73193359375,122.0,4.0,4.0,4.0,12.0,-0.0001424180865798495,5.354272850373652e-05,,0,4.0,20.0
2025-03-03,126.59893091111655,127.5035550188716,118.68830116966643,119.88162994384766,6740300,572.5223999023438,138.0,4.0,4.0,4.0,12.0,-0.00016842125298293414,6.07662338031025e-06,,0,4.0,21.0
2025-03-04,118.35147431049265,121.29630446629423,115.86857455366906,119.20797729492188,5546000,565.7456665039062,136.0,4.0,4.0,4.0,12.0,-0.00019405195981178852,-7.90709306582378e-05,,0,4.0,22.0
2025-03-05,117.43721280272644,117.8606550780853,113.90534063798486,117.33135223388672,5734100,571.8260498046875,135.0,4.0,4.0,4.0,12.0,-0.00023012196848941878,-0.000121264589039183,,0,4.0,23.0
2025-03-06,116.61922077090901,117.51421920821859,114.80035416319139,115.96481323242188,3666400,561.675537109375,134.0,4.0,4.0,4.0,12.0,-0.00024373478717450937,-0.00014962161602886625,,0,4.0,24.0
2025-03-07,116.99454297224862,119.02513076281318,116.23427484448852,117.94728088378906,5074900,564.8236694335938,134.0,4.0,4.0,4.0,12.0,-0.00024322714907128843,-0.0001424180865798495,,0,4.0,25.0
2025-03-10,118.49581523329401,120.06447243894301,116.68657449464912,117.92802429199219,3545100,549.7792358398438,132.0,4.0,4.0,4.0,12.0,-0.00024009190060181586,-0.00016842125298293414,,0,4.0,26.0
2025-03-11,118.76528723355376,120.68038861003409,117.34098597290313,118.52469635009766,2947200,545.208984375,131.0,4.0,4.0,4.0,12.0,-0.00022382082606476846,-0.00019405195981178852,,0,4.0,27.0
2025-03-12,119.04436881521163,121.02684273121936,118.07238691109386,119.75652313232422,2563600,548.102294921875,129.0,4.0,4.0,4.0,12.0,-0.00021827129724592655,-0.00023012196848941878,,0,4.0,28.0
2025-03-13,119.30420163941604,120.87285146662114,117.10038839193423,118.03388214111328,2311000,540.7957763671875,129.0,4.0,4.0,4.0,12.0,-0.00022880931283109952,-0.00024373478717450937,,0,4.0,29.0
2025-03-14,118.4573143916214,122.29714987126985,117.98575835354632,122.15279388427734,2149800,551.9663696289062,135.0,4.0,4.0,4.0,12.0,-0.00021627938262443525,-0.00024322714907128843,,0,4.0,30.0
2025-03-17,122.36452521830692,125.06877175045645,122.36452521830692,124.63569641113281,3180100,556.2227172851562,136.0,4.0,4.0,4.0,12.0,-0.00017609229641234417,-0.00024009190060181586,,0,4.0,31.0
2025-03-18,125.83863167081722,126.4930464123776,124.09675628331826,125.37670135498047,2241400,550.2108154296875,134.0,4.0,4.0,4.0,12.0,-0.00011636086558704073,-0.00022382082606476846,,0,4.0,32.0
2025-03-19,125.6558022407375,129.024074303023,125.1361177563787,128.34078979492188,2559600,556.203125,136.0,4.0,1.0,4.0,11.0,-6.88083915528452e-05,-0.00021827129724592655,,0,2.0,33.0
2025-03-20,127.22443462787376,128.96630997874897,126.63739238455949,128.21566772460938,2027000,554.5946044921875,134.0,4.0,1.0,4.0,11.0,-3.5371214440789254e-05,-0.00022880931283109952,,0,2.0,34.0
2025-03-21,127.3784325237838,127.88848400032539,125.95413866577155,126.41606903076172,5114600,554.777587890625,134.0,4.0,1.0,4.0,11.0,4.605911620455984e-06,-0.00021627938262443525,,0,2.0,35.0
2025-03-24,127.07526892084137,128.79825662392773,126.84295049556795,128.25619506835938,2778600,564.712890625,133.0,4.0,1.0,4.0,11.0,3.1183143042700646e-05,-0.00017609229641234417,,0,2.0,36.0
2025-03-25,128.5465733124731,129.8630146840552,127.9657847070433,128.29489135742188,1325500,566.0703735351562,131.0,4.0,1.0,4.0,11.0,2.524875034179679e-05,-0.00011636086558704073,,0,2.0,37.0
2025-03-26,129.44680111730037,131.12140214349216,128.68211026961362,128.8853759765625,2216900,559.3125,129.0,4.0,1.0,4.0,11.0,2.212830183433699e-06,-6.88083915528452e-05,,0,2.0,38.0
2025-03-27,128.48849309283045,128.97247865775287,126.93973337705175,127.59796142578125,1881200,557.8270874023438,128.0,4.0,1.0,4.0,11.0,-2.5789648174896795e-05,-3.5371214440789254e-05,,0,2.0,39.0
2025-03-28,127.10430293448947,127.95612236399572,125.49746710885508,126.49447631835938,2018800,546.5934448242188,127.0,4.0,1.0,4.0,11.0,-6.666843484829087e-05,4.605911620455984e-06,,0,2.0,40.0
2025-03-31,125.87499092173728,128.42076036067996,125.3716564419259,127.49151611328125,2968900,550.2625122070312,125.0,4.0,1.0,4.0,11.0,-9.963615830592405e-05,3.1183143042700646e-05,,0,2.0,41.0
2025-04-01,127.08492882498534,128.31425635051409,125.61362327623524,128.20777893066406,1431100,551.8167114257812,124.0,4.0,1.0,4.0,11.0,-0.00013447989423432782,2.524875034179679e-05,,0,2.0,42.0
2025-04-02,126.56222730975284,129.61133051090917,126.56222730975284,129.4661407470703,1901900,555.3087768554688,123.0,4.0,1.0,4.0,11.0,-0.0001204974749588218,2.212830183433699e-06,,0,2.0,43.0
2025-04-03,121.59654880115383,122.32252722502666,115.53704682208556,115.63384246826172,8710200,527.9427490234375,196.0,4.0,1.0,4.0,11.0,-0.0001634180235291516,-2.5789648174896795e-05,,1,2.0,44.0
2025-04-04,110.22287500234626,110.78429264395241,101.65632461164572,103.29219818115234,10910000,497.03546142578125,246.0,4.0,4.0,4.0,12.0,-0.0002327258650814838,-6.666843484829087e-05,,1,4.0,45.0
2025-04-07,99.43000933877467,108.13206892724368,97.57150628581533,102.8469467163086,6332100,496.1501159667969,243.0,4.0,4.0,4.0,12.0,-0.0003264992044604348,-9.963615830592405e-05,,0,4.0,46.0
2025-04-08,106.4768339219144,107.14473642518104,97.09719046140023,98.64595031738281,8145200,488.37908935546875,246.0,4.0,4.0,4.0,12.0,-0.00037107970516585997,-0.00013447989423432782,,0,4.0,47.0
2025-04-09,96.58416838118805,111.3650932346251,95.8388337817021,110.0970458984375,9344200,539.6683349609375,285.0,4.0,4.0,4.0,12.0,-0.0003139452346827268,-0.0001204974749588218,,0,4.0,48.0
2025-04-10,106.08964565600272,106.17676690718751,98.79114167323935,101.04651641845703,6397700,516.0205688476562,304.0,4.0,4.0,4.0,12.0,-0.0002796242785874736,-0.0001634180235291516,,0,4.0,49.0
2025-04-11,101.07555347296896,104.93776397530245,99.22673227470119,104.12466430664062,3907600,525.227783203125,302.0,4.0,4.0,4.0,12.0,-0.00022939551208764545,-0.0002327258650814838,,0,4.0,50.0
2025-04-14,106.68979067234679,107.16409450954951,102.64367061581949,104.04722595214844,2663900,530.3233642578125,298.0,4.0,4.0,4.0,12.0,-0.00024184478835620222,-0.0003264992044604348,,0,4.0,51.0
2025-04-15,103.5245132446289,105.53789504221868,103.30188401207877,103.5245132446289,2219500,528.837890625,293.0,4.0,4.0,4.0,12.0,-0.00022683416257636535,-0.00037107970516585997,,0,4.0,52.0
2025-04-16,103.78587930046827,107.454491248699,103.74715956400526,105.40238952636719,3800700,517.0828857421875,290.0,4.0,4.0,4.0,12.0,-0.00021015604427492896,-0.0003139452346827268,,0,4.0,53.0
2025-04-17,106.56393813111092,110.00023859579329,106.56393813111092,108.34500885009766,5060800,517.8206787109375,288.0,4.0,4.0,4.0,12.0,-0.00018682351737136677,-0.0002796242785874736,,0,4.0,54.0
2025-04-21,106.41875203094035,106.67041921611371,103.90202109893565,105.07327270507812,3851000,505.4951171875,287.0,4.0,4.0,4.0,12.0,-0.00018118986673754418,-0.00022939551208764545,,0,4.0,55.0
2025-04-22,106.9995323102269,109.0225884784214,106.23483421192786,107.65775299072266,3535300,518.64697265625,285.0,4.0,4.0,4.0,12.0,-0.00017501144047907906,-0.00024184478835620222,,0,4.0,56.0
2025-04-23,109.16778771736877,111.20052570381156,107.23184537122629,108.01589965820312,4508100,526.6836547851562,280.0,4.0,4.0,4.0,12.0,-0.00018267540831400282,-0.00022683416257636535,,0,4.0,57.0
2025-04-24,108.86772463637568,109.73890021411424,107.69648034270719,109.15811157226562,2317500,537.769775390625,277.0,4.0,4.0,4.0,12.0,-0.00016586597564173573,-0.00021015604427492896,,0,4.0,58.0
2025-04-25,107.91910080204207,109.78728540580124,107.71582774795849,109.74856567382812,2027600,541.6553344726562,273.0,4.0,4.0,4.0,12.0,-0.00015561915883297324,-0.00018682351737136677,,0,4.0,59.0
2025-04-28,109.53562930883693,111.30701106938282,109.52594752860556,111.02629852294922,2074200,541.86181640625,269.0,4.0,1.0,4.0,11.0,-0.00014889772459478464,-0.00018118986673754418,,0,2.0,60.0
2025-04-29,109.56466385480276,110.9682191582571,108.90644313520949,110.26160430908203,2863900,545.2753295898438,265.0,4.0,1.0,4.0,11.0,-0.0001539032170774955,-0.00017501144047907906,,0,2.0,61.0
2025-04-30,108.548284431416,108.89675463705727,105.87668198317738,107.1640853881836,6444000,545.49169921875,264.0,4.0,1.0,4.0,11.0,-0.00018018694157117992,-0.00018267540831400282,,1,2.0,62.0
2025-05-01,107.04792754204955,110.49390990964748,107.04792754204955,109.09034729003906,5689900,549.3574829101562,261.0,4.0,1.0,4.0,11.0,-0.00020327621680810124,-0.00016586597564173573,,0,2.0,63.0
2025-05-02,110.42615743223772,111.44252277192912,108.47085145201075,111.2682876586914,4730800,557.5122680664062,259.0,4.0,1.0,4.0,11.0,-0.0002237369614626145,-0.00015561915883297324,,0,2.0,64.0
2025-05-05,109.59370798334996,110.52295951305884,108.5289410671232,109.34203338623047,3441900,554.3153686523438,256.0,4.0,1.0,4.0,11.0,-0.00023091559884311815,-0.00014889772459478464,,0,2.0,65.0
2025-05-06,110.12608509376813,111.05534398610693,108.73221152532892,109.51626586914062,4140200,549.6821899414062,252.0,4.0,1.0,4.0,11.0,-0.00024521325339063295,-0.0001539032170774955,,0,2.0,66.0
2025-05-07,109.93248398938618,110.2325526848025,108.32565570921331,109.66145324707031,1863900,551.9938354492188,249.0,4.0,1.0,4.0,11.0,-0.00026005533265291403,-0.00018018694157117992,,0,2.0,67.0
2025-05-08,111.01662099794844,114.1044441515965,110.7746281942281,113.25263214111328,3866800,555.8399658203125,249.0,4.0,1.0,4.0,11.0,-0.0002528265222271532,-0.00020327621680810124,,0,2.0,68.0
2025-05-09,114.82073633495574,115.52735111337954,113.65916656578342,115.03368377685547,2948800,555.1318359375,246.0,4.0,1.0,4.0,11.0,-0.00023313932099034034,-0.0002237369614626145,,0,2.0,69.0
2025-05-12,120.78344645689972,121.89661482591076,118.63454918812097,119.32180786132812,3857900,573.4774780273438,248.0,4.0,1.0,4.0,11.0,-0.00019081421068398518,-0.00023091559884311815,,0,2.0,70.0
2025-05-13,120.24139360393626,124.21008176064834,119.79612770126367,123.2711410522461,3656600,577.2646484375,248.0,4.0,1.0,4.0,11.0,-0.00014823011025548284,-0.00024521325339063295,,0,2.0,71.0
2025-05-14,121.78045089854635,123.1646499711857,121.63526113063946,122.67098999023438,4584000,578.00244140625,244.0,4.0,1.0,4.0,11.0,-0.00012236642808161212,-0.00026005533265291403,,0,2.0,72.0
2025-05-15,120.37689723112894,121.69333863433792,119.5250852464195,121.54814147949219,5849500,580.8255615234375,241.0,4.0,1.0,3.0,9.0,-0.00012136070413890532,-0.0002528265222271532,,0,2.0,73.0
2025-05-16,121.6062266992984,122.01278024100473,120.07683772157608,121.43199157714844,1874700,584.5045776367188,237.0,4.0,1.0,3.0,9.0,-0.00010871387722653662,-0.00023313932099034034,,0,2.0,74.0
2025-05-19,120.50272870600624,120.58016817189905,119.13789319855677,120.18330383300781,2586900,585.1439819335938,234.0,4.0,1.0,3.0,9.0,-5.3729757546916175e-05,-0.00019081421068398518,,0,2.0,75.0
2025-05-20,120.20266184524881,120.98671614056083,119.43796372418903,119.55412292480469,2657100,583.1765747070312,231.0,4.0,1.0,3.0,9.0,2.3762775256586263e-06,-0.00014823011025548284,,0,2.0,76.0
2025-05-21,118.91525998322135,119.07981331417692,116.89220372785967,116.93092346191406,4091300,573.3495483398438,230.0,4.0,1.0,3.0,9.0,3.736329820741561e-05,-0.00012236642808161212,,1,2.0,77.0
2025-05-22,115.98231703975412,117.55043315257252,114.35612501406513,116.86317443847656,4004100,573.5758056640625,226.0,4.0,1.0,3.0,9.0,-4.162175296894197e-06,-0.00012136070413890532,,0,2.0,78.0
2025-05-23,115.52736000503026,117.36650674232925,115.23697307916248,116.96963500976562,2856200,569.6607666015625,223.0,4.0,1.0,3.0,9.0,-5.2803399848746075e-06,-0.00010871387722653662,,0,2.0,79.0
2025-05-27,117.84082076192432,118.87654972911382,116.56309897637246,118.81847381591797,2983700,581.5043334960938,221.0,4.0,1.0,3.0,9.0,-1.6485190050030565e-05,-5.3729757546916175e-05,,0,2.0,80.0
2025-05-28,119.47668732820055,119.83483933625904,116.56309190408597,116.77604675292969,3988000,578.1401977539062,219.0,4.0,1.0,3.0,9.0,7.90063145940881e-06,2.3762775256586263e-06,,0,2.0,81.0
2025-05-29,116.94059982380237,117.38586569536687,115.90487092178545,117.29875183105469,3088000,580.4223022460938,215.0,4.0,1.0,3.0,9.0,1.677559396670414e-06,3.736329820741561e-05,,0,2.0,82.0
2025-05-30,116.32109995552992,116.96963890175127,114.96593876795374,115.72096252441406,4350100,579.7730712890625,213.0,4.0,1.0,3.0,9.0,-9.123126902717998e-06,-4.162175296894197e-06,,0,2.0,83.0
2025-06-02,118.85718704563112,119.17661932078886,116.15654645436307,117.24067687988281,3942600,583.0388793945312,211.0,4.0,4.0,3.0,10.0,-1.284051639460713e-05,-5.2803399848746075e-06,,0,4.0,84.0
2025-06-03,117.260026610667,120.81247902209073,116.13718389686693,119.6799545288086,4137400,586.3638305664062,209.0,4.0,4.0,3.0,10.0,1.3341303223456101e-05,-1.6485190050030565e-05,,0,4.0,85.0
2025-06-04,119.38955876667079,120.67696217580891,116.52436503278403,116.74700164794922,5127900,586.2062377929688,209.0,4.0,4.0,3.0,10.0,1.49674642423416e-05,7.90063145940881e-06,,0,4.0,86.0
2025-06-05,117.27939305372966,117.66657562212664,115.83711066182467,116.45661163330078,2851500,583.3733520507812,206.0,4.0,4.0,3.0,10.0,1.583917244388299e-05,1.677559396670414e-06,,0,4.0,87.0
2025-06-06,117.9085715727894,119.95099143134489,117.9085715727894,119.28309631347656,3294400,589.364013671875,205.0,4.0,4.0,3.0,10.0,-1.0388206356025056e-05,-9.123126902717998e-06,,0,4.0,88.0
2025-06-09,119.8251576154107,121.50942546204347,118.91526230991478,120.28977966308594,3655200,589.8950805664062,203.0,4.0,4.0,3.0,10.0,2.1024441754679766e-06,-1.284051639460713e-05,,0,4.0,89.0
2025-06-10,121.79982349868557,123.87128137163735,121.59655042349324,122.06117248535156,5834500,593.2396850585938,201.0,4.0,1.0,3.0,9.0,2.493871165366545e-05,1.3341303223456101e-05,,0,2.0,90.0
2025-06-11,123.60024591663976,125.42003651415922,122.25476652827994,124.3843002319336,6048000,591.5476684570312,199.0,4.0,1.0,3.0,9.0,6.621038668452108e-05,1.49674642423416e-05,,0,2.0,91.0
2025-06-12,123.30016540397465,125.22642597115137,122.16764090355169,125.18771362304688,3750500,593.8987426757812,197.0,4.0,1.0,3.0,9.0,0.00012217651719471502,1.583917244388299e-05,,0,2.0,92.0
2025-06-13,128.2658500782252,129.00151759536948,125.35226227236215,128.52720642089844,7719600,587.2588500976562,197.0,4.0,1.0,3.0,9.0,0.00019567423838239622,-1.0388206356025056e-05,,0,2.0,93.0
2025-06-16,127.53988243954079,129.80494631621093,127.01718448035146,128.83697509765625,6158800,592.84619140625,194.0,4.0,1.0,3.0,9.0,0.00024099680319821532,2.1024441754679766e-06,,0,2.0,94.0
2025-06-17,130.0082017736491,131.63440097333014,128.55624506003664,130.5115509033203,6828400,587.7802124023438,192.0,1.0,1.0,3.0,3.0,0.00028150753667706093,2.493871165366545e-05,,0,1.0,1.0
2025-06-18,130.7438835447381,131.9441584393014,129.2822375075509,129.5726318359375,4803300,587.6917114257812,189.0,1.0,1.0,3.0,3.0,0.0002875155394244779,6.621038668452108e-05,,0,1.0,2.0
2025-06-20,129.80495542587624,130.68579807132605,129.1176893136401,130.24053955078125,4166600,586.3114624023438,187.0,1.0,1.0,3.0,3.0,0.00029678729948247047,0.00012217651719471502,,0,1.0,3.0
2025-06-23,131.73180920867657,131.78048276505643,125.16128013066306,125.53118133544922,10082400,592.1027221679688,191.0,1.0,1.0,3.0,3.0,0.00024211746858177597,0.00019567423838239622,,0,1.0,4.0
2025-06-24,123.35070937175573,125.75503702159682,122.94187831450209,124.63560485839844,5403500,598.6438598632812,188.0,4.0,1.0,3.0,9.0,0.0001822189223297276,0.00024099680319821532,,0,2.0,5.0
2025-06-25,124.40200728648045,124.40200728648045,122.75693928171019,122.78614044189453,3199500,598.9793090820312,186.0,4.0,1.0,3.0,9.0,8.854428883704784e-05,0.00028150753667706093,,0,2.0,6.0
2025-06-26,122.9710939381486,124.98604830401327,122.8250807072267,124.38253784179688,2927000,603.66552734375,185.0,4.0,1.0,3.0,9.0,3.408122101131482e-05,0.0002875155394244779,,0,2.0,7.0
2025-06-27,124.29492439892084,124.34359052096738,122.708258804079,123.81794738769531,3083800,606.664794921875,182.0,4.0,1.0,1.0,7.0,-1.462386158260741e-05,0.00029678729948247047,,0,2.0,8.0
2025-06-30,123.00029306798656,123.52593623470085,122.28969931672245,122.45518493652344,2363900,609.5654296875,180.0,4.0,1.0,1.0,7.0,-3.7258821037467534e-05,0.00024211746858177597,,0,2.0,9.0
2025-07-01,122.40650209270183,124.7329550970005,121.05346063586003,123.50645446777344,3055700,609.3681030273438,178.0,4.0,1.0,1.0,7.0,-4.092425162488289e-05,0.0001822189223297276,,0,2.0,10.0
2025-07-02,124.61615053441646,126.12494140443995,123.15602578586876,125.84264373779297,2789100,612.130615234375,177.0,4.0,1.0,1.0,7.0,-1.2758850475766059e-05,8.854428883704784e-05,,0,2.0,11.0
2025-07-03,125.76477397428266,126.7381855605435,125.37541528101116,125.7355728149414,963000,616.9549560546875,174.0,4.0,1.0,1.0,7.0,2.1241979985705268e-05,3.408122101131482e-05,,0,2.0,12.0
2025-07-07,124.98604412145052,126.14440630771468,122.90295130773694,124.35333251953125,2652100,612.357421875,172.0,4.0,4.0,1.0,8.0,4.361089856982613e-05,-1.462386158260741e-05,,0,4.0,1.0
2025-07-08,124.15867581712615,129.29828884000887,124.15867581712615,128.30540466308594,4110800,612.0220336914062,175.0,4.0,4.0,1.0,8.0,4.881158145100205e-05,-3.7258821037467534e-05,,0,4.0,2.0
2025-07-09,127.78946361480354,128.5097934892913,126.74792100827726,127.23462677001953,2329500,615.6921997070312,173.0,4.0,4.0,1.0,8.0,5.367839818896951e-05,-4.092425162488289e-05,,0,4.0,3.0
2025-07-10,126.8744638834252,128.86023185739074,125.3656729387052,128.77261352539062,2052100,617.4285278320312,171.0,4.0,4.0,1.0,8.0,5.309254933026438e-05,-1.2758850475766059e-05,,0,4.0,4.0
2025-07-11,128.4416597591368,130.18407486948337,128.00362750255823,129.53189086914062,1986500,615.2579956054688,169.0,1.0,4.0,1.0,2.0,5.741130070849263e-05,2.1241979985705268e-05,,0,2.0,5.0
2025-07-14,129.05491236409966,129.41506990493772,127.22489379384335,128.1788330078125,2575600,616.43212890625,167.0,1.0,1.0,1.0,1.0,5.347094646860215e-05,4.361089856982613e-05,,0,1.0,1.0
2025-07-15,128.0036309499982,128.82129316471077,125.27807538120676,125.41435241699219,3096400,613.7979125976562,167.0,4.0,1.0,1.0,7.0,4.483500059409761e-05,4.881158145100205e-05,,0,2.0,2.0
2025-07-16,125.51170362013765,126.15415888970786,122.86402267865138,123.37019348144531,2970600,615.8499755859375,166.0,4.0,1.0,1.0,7.0,6.79582797106747e-06,5.367839818896951e-05,,0,2.0,3.0
2025-07-17,123.22418603498171,126.05681770411553,122.8834934183871,125.78426361083984,2181700,619.6187133789062,166.0,4.0,1.0,1.0,7.0,-1.2345637370821086e-05,5.309254933026438e-05,,0,2.0,4.0
2025-07-18,127.50719226190547,127.98415444528496,125.53116787997851,125.96920013427734,4750300,619.1649169921875,163.0,4.0,1.0,1.0,7.0,-6.4109736100592295e-06,5.741130070849263e-05,,0,2.0,5.0
2025-07-21,125.92052347341824,126.12494644201996,122.59145762864533,122.81533813476562,3186100,620.3389892578125,164.0,4.0,1.0,1.0,7.0,3.240056391401395e-06,5.347094646860215e-05,,0,2.0,6.0
2025-07-22,122.49411053169855,124.61615551475955,122.49411053169855,124.17811584472656,1829800,620.427734375,163.0,4.0,4.0,1.0,8.0,3.905725936009297e-06,4.483500059409761e-05,,0,4.0,1.0
2025-07-23,123.49672822798647,125.17098988559835,122.88347418754627,125.0444564819336,2475800,625.7060546875,161.0,4.0,4.0,1.0,8.0,-9.696180749039381e-06,6.79582797106747e-06,,0,4.0,2.0
2025-07-24,124.80111120705307,125.90105624523792,123.77902602829924,125.36567687988281,2736100,625.9131469726562,158.0,4.0,4.0,1.0,8.0,-1.1906537917110504e-05,-1.2345637370821086e-05,,0,4.0,3.0
2025-07-25,125.53117450014865,125.95946315495226,123.97370989930255,124.61616516113281,1839700,628.5572509765625,156.0,4.0,4.0,1.0,8.0,-1.6620982165825087e-05,-6.4109736100592295e-06,,0,4.0,4.0
2025-07-28,126.06653352743419,127.56559573958401,125.85238178284135,127.44877624511719,2611800,628.3994140625,157.0,4.0,4.0,1.0,8.0,-9.389992635873682e-08,3.240056391401395e-06,,0,4.0,5.0
2025-07-29,127.68238720235458,128.51952170306365,126.4266928778315,128.2761688232422,3341000,626.7420043945312,155.0,4.0,4.0,1.0,8.0,4.317133342859771e-06,3.905725936009297e-06,,0,4.0,6.0
2025-07-30,127.14701698190632,127.54611929807234,125.10286155718174,126.25148010253906,2839300,625.95263671875,154.0,4.0,4.0,1.0,8.0,-5.946955960155568e-06,-9.696180749039381e-06,,0,4.0,7.0
2025-07-31,124.84975927459773,126.70897888820254,124.01263217925384,124.74268341064453,2240500,623.6046142578125,153.0,4.0,4.0,1.0,8.0,-4.084845481561709e-05,-1.1906537917110504e-05,,0,4.0,8.0
2025-08-01,124.08077659625883,124.24625478422993,119.8075003092244,120.4110107421875,3913600,613.383544921875,158.0,4.0,4.0,1.0,8.0,-8.334803562759383e-05,-1.6620982165825087e-05,,0,4.0,9.0
2025-08-04,120.10925663581803,121.27734758428683,119.7296267062386,120.79064178466797,2198600,622.7067260742188,156.0,4.0,4.0,1.0,8.0,-0.0001239876289228567,-9.389992635873682e-08,,0,4.0,10.0
2025-08-05,120.99506294379516,121.99767568774791,119.80749962226398,121.71538543701172,2381100,619.5496826171875,154.0,4.0,4.0,1.0,8.0,-0.00015118091229549175,4.317133342859771e-06,,0,4.0,11.0
2025-08-06,122.82508142575323,123.74981951609921,119.90484649639774,120.4207534790039,2871200,624.2952270507812,152.0,4.0,4.0,1.0,8.0,-0.00015061123013853194,-5.946955960155568e-06,,0,4.0,12.0
2025-08-07,121.80300066366688,123.56488085189453,119.04825125753621,119.28186798095703,3299200,623.7722778320312,150.0,4.0,4.0,1.0,8.0,-0.00014317241261533342,-4.084845481561709e-05,,0,4.0,13.0
2025-08-08,119.81723408696485,121.59857915394457,119.1455851116683,119.71989440917969,3342900,628.6361694335938,148.0,4.0,4.0,1.0,8.0,-0.00015307935501066578,-8.334803562759383e-05,,0,4.0,14.0
2025-08-11,120.18712528287833,120.9074477505436,118.2305659876843,118.57125854492188,2478400,627.39306640625,147.0,4.0,4.0,1.0,8.0,-0.00017991532740026643,-0.0001239876289228567,,0,4.0,15.0
2025-08-12,118.95088920190443,121.07292669156914,118.57125928909412,119.99243927001953,4658200,634.0723266601562,145.0,4.0,4.0,1.0,8.0,-0.00018964026600255994,-0.00015118091229549175,,0,4.0,16.0
2025-08-13,120.00217632021538,121.62777184835119,119.74908723435792,121.60830688476562,2797500,636.2428588867188,144.0,4.0,4.0,1.0,8.0,-0.00017904772709950473,-0.00015061123013853194,,0,4.0,17.0
2025-08-14,120.95612067880991,121.95873338205993,119.76855740548983,121.82245635986328,2753000,636.302001953125,142.0,4.0,4.0,1.0,8.0,-0.00013699588402717153,-0.00014317241261533342,,0,4.0,18.0
2025-08-15,121.71539146478959,122.61092838465667,120.84905570566188,121.20921325683594,2062400,634.8123168945312,140.0,4.0,4.0,1.0,8.0,-0.00010706986351302423,-0.00015307935501066578,,0,4.0,19.0
2025-08-18,120.13845914982372,120.48888792362283,118.92169463706045,120.19686889648438,2365200,634.674072265625,139.0,4.0,4.0,1.0,8.0,-7.809335552983847e-05,-0.00017991532740026643,,1,4.0,20.0
2025-08-19,119.48627809118653,121.10214496860559,118.96063491756377,119.6517562866211,1331500,631.23095703125,137.0,4.0,4.0,1.0,8.0,-9.804911462037716e-05,-0.00018964026600255994,,0,4.0,21.0
2025-08-20,119.87564534264064,121.30656164635847,119.14558661025738,120.81011962890625,1917200,629.5537109375,135.0,4.0,4.0,1.0,8.0,-8.941233540678009e-05,-0.00017904772709950473,,0,4.0,22.0
2025-08-21,120.41101157811616,121.49149904490794,119.73936262623505,121.053466796875,1969200,627.0281372070312,133.0,4.0,4.0,1.0,8.0,-0.00010487607233510158,-0.00013699588402717153,,0,4.0,23.0
2025-08-22,121.33576489043145,125.47275701841671,121.33576489043145,125.20020294189453,2932700,636.6571655273438,139.0,4.0,1.0,1.0,7.0,-4.109165353857725e-05,-0.00010706986351302423,,0,2.0,24.0
2025-08-25,125.02498785093921,126.7868604643927,124.36306766815176,126.50457763671875,2435800,633.8552856445312,138.0,4.0,1.0,1.0,7.0,1.4211898987444177e-05,-7.809335552983847e-05,,0,2.0,25.0
2025-08-26,125.78424965044117,126.18335197597263,124.71349093635247,126.09573364257812,2103100,636.5091552734375,136.0,4.0,1.0,1.0,7.0,9.308499241486524e-05,-9.804911462037716e-05,,0,2.0,26.0
2025-08-27,125.72585550106187,128.46113993117322,125.58957846069244,127.90628814697266,2593200,637.9595336914062,135.0,4.0,1.0,1.0,7.0,0.00014767692220825216,-8.941233540678009e-05,,0,2.0,27.0
2025-08-28,127.89654651471655,129.48321213829726,126.86473261953472,129.2495880126953,2902800,640.21875,134.0,1.0,1.0,1.0,1.0,0.00018241443194173766,-0.00010487607233510158,,0,1.0,1.0
2025-08-29,129.20092614663486,130.1256642578401,128.8602409757083,129.47348022460938,2174500,636.4006958007812,132.0,1.0,1.0,1.0,1.0,0.0002045261273964257,-4.109165353857725e-05,,0,1.0,2.0
2025-09-02,128.81155709250072,131.00173316329187,128.32485129899158,130.99200439453125,2816400,631.6847534179688,131.0,1.0,1.0,1.0,1.0,0.00022449267208557967,1.4211898987444177e-05,,0,1.0,3.0
2025-09-03,129.83364942284786,131.26456572329045,126.88421333901712,127.36117553710938,3305100,635.1082763671875,135.0,1.0,1.0,1.0,1.0,0.0002045299133559502,9.308499241486524e-05,,0,1.0,4.0
2025-09-04,126.80633748165862,129.1522482268456,126.33908920399739,128.7336883544922,3572300,640.4160766601562,133.0,1.0,1.0,1.0,1.0,0.0002002292324842609,0.00014767692220825216,,0,1.0,5.0
2025-09-05,127.166488670876,128.54873133703876,125.02498615785035,126.19307708740234,5291200,638.561279296875,134.0,1.0,1.0,1.0,1.0,0.0001341999406786743,0.00018241443194173766,,0,1.0,6.0
2025-09-08,127.08862374203792,127.37092144069567,124.35333935847399,125.26834869384766,4677500,640.1299438476562,133.0,1.0,1.0,1.0,1.0,9.909105303691319e-05,0.0002045261273964257,,0,1.0,7.0
2025-09-09,125.98865526552252,128.0425543194577,125.49222070054486,125.59929656982422,3272300,641.60986328125,131.0,1.0,1.0,1.0,1.0,4.282889585983447e-05,0.00022449267208557967,,0,1.0,8.0
2025-09-10,125.67715563775094,128.30536363931205,125.45327515824277,128.2664337158203,3279700,643.4646606445312,132.0,1.0,1.0,1.0,1.0,3.182994913170547e-05,0.0002045299133559502,,0,1.0,9.0
2025-09-11,127.02049067871702,128.33458748529526,126.47536768189056,127.87708282470703,2377600,648.8120727539062,130.0,1.0,1.0,1.0,1.0,3.535814564388515e-05,0.0002002292324842609,,0,1.0,10.0
2025-09-12,128.56822438502954,129.21067969808715,126.60192851161887,126.67007446289062,2373900,648.5948486328125,129.0,1.0,1.0,1.0,1.0,5.265334841498938e-05,0.0001341999406786743,,0,1.0,11.0
2025-09-15,126.37802376120851,127.08861003633284,125.25859156294146,125.90104675292969,4251200,652.0479736328125,127.0,1.0,1.0,1.0,1.0,6.967156163652694e-05,9.909105303691319e-05,,0,1.0,12.0
2025-09-16,126.86475047953458,130.1646155961715,126.73820220371617,129.87258911132812,5477000,651.1502075195312,132.0,1.0,1.0,1.0,1.0,0.00011429565863739495,4.282889585983447e-05,,0,1.0,13.0
2025-09-17,129.40534320665694,131.7025952251761,128.83103391529778,129.78497314453125,3586400,650.3411865234375,130.0,1.0,1.0,1.0,1.0,0.0001367209520199065,3.182994913170547e-05,,0,1.0,14.0
2025-09-18,130.03804822812793,130.33980343869814,127.9257469010545,129.3858642578125,3633900,653.3798828125,128.0,1.0,1.0,1.0,1.0,0.00015866081945387932,3.535814564388515e-05,,0,1.0,15.0
2025-09-19,128.84076649147028,129.11332056501917,126.16388445597839,126.64086151123047,3487200,656.6160278320312,130.0,1.0,1.0,1.0,1.0,0.00013238481287550542,5.265334841498938e-05,,0,1.0,16.0
2025-09-22,126.23998951026617,128.09227976448418,125.69116498373442,127.59246063232422,2691800,659.7224731445312,128.0,1.0,1.0,1.0,1.0,0.00012300516158805186,6.967156163652694e-05,,0,1.0,17.0
2025-09-23,128.37651095266799,133.1689457482868,128.37651095266799,130.5816192626953,5288200,656.1312866210938,130.0,1.0,1.0,1.0,1.0,0.00013568651082345958,0.00011429565863739495,,0,1.0,18.0
2025-09-24,132.01247242283128,134.4233972619696,131.74785525594305,132.58090209960938,5055100,654.043701171875,130.0,1.0,1.0,1.0,1.0,0.00017098617142545364,0.0001367209520199065,,0,1.0,19.0
2025-09-25,131.90468356036237,134.02159125998426,131.65967151052695,133.374755859375,3934000,651.0263061523438,128.0,1.0,1.0,1.0,1.0,0.00026235489306814994,0.00015866081945387932,,0,1.0,20.0
2025-09-26,133.10033914110605,136.52071262682125,133.10033914110605,134.50181579589844,5460900,654.7560424804688,127.0,1.0,1.0,1.0,1.0,0.0004006088765442146,0.00013238481287550542,,0,1.0,21.0
2025-09-29,133.4727576522345,133.71776968553272,130.18959042429924,130.83642578125,4360600,656.5962524414062,131.0,1.0,1.0,1.0,1.0,0.0005023623606146803,0.00012300516158805186,,0,1.0,22.0
2025-09-30,129.32717591634932,130.30722418352448,128.30791734405128,129.5623779296875,5936400,659.0695190429688,129.0,1.0,1.0,1.0,1.0,0.0005664245284263027,0.00013568651082345958,-1.0,0,1.0,23.0
2025-10-01,128.65093003454325,132.11049894744394,128.50391383349577,131.8066864013672,3632000,661.3153686523438,130.0,1.0,1.0,1.0,1.0,0.0005146932028928772,0.00017098617142545364,-1.0,0,1.0,24.0
2025-10-02,131.09122767752388,131.904669390113,128.89592951761796,129.2389373779297,4068000,662.0770263671875,130.0,1.0,1.0,1.0,1.0,0.0005146687391722789,0.00026235489306814994,-1.0,0,1.0,25.0
2025-10-03,130.38560708712205,131.19904889475004,129.88578788432125,130.53262329101562,4095100,662.0672607421875,129.0,1.0,1.0,1.0,1.0,0.0004889904798498448,0.0004006088765442146,-1.0,0,1.0,26.0
2025-10-06,131.39507426671514,132.75734071749463,130.85604474568382,131.4734649658203,3300700,664.4415283203125,128.0,1.0,1.0,1.0,1.0,0.0004930464125928673,0.0005023623606146803,-1.0,0,1.0,27.0
2025-10-07,131.1010541751857,131.35586132803985,129.10174743807212,131.0618438720703,3137000,661.9781494140625,126.0,1.0,1.0,1.0,1.0,0.0004722524672249571,0.0005664245284263027,-1.0,0,1.0,28.0
2025-10-08,131.15984613026026,131.37545792030056,129.1605395234043,131.248046875,2677700,665.925537109375,124.0,1.0,1.0,1.0,1.0,0.00045059595299710623,0.0005146932028928772,-1.0,0,1.0,29.0
2025-10-09,131.4734524321202,132.6789224154195,127.98448343492888,128.3863067626953,3699300,663.996337890625,126.0,1.0,1.0,1.0,1.0,0.00038973937388763646,0.0005146687391722789,-1.0,0,1.0,30.0
2025-10-10,126.26940302242136,127.18085559958799,121.44756780570125,121.48677062988281,8024800,646.0499877929688,145.0,1.0,4.0,4.0,6.0,0.0002838576273817192,0.0004889904798498448,-1.0,1,4.0,1.0
2025-10-13,123.25085398949312,124.95613562917676,122.23160304474723,124.67192077636719,3234000,655.9630126953125,147.0,1.0,4.0,4.0,6.0,0.00019242516224731476,0.0004930464125928673,-1.0,0,4.0,2.0
2025-10-14,121.81999071029036,124.76013522483792,121.66317941380423,123.62327575683594,3336100,655.1616821289062,145.0,1.0,4.0,4.0,6.0,0.0001378109056193508,0.0004722524672249571,-1.0,0,4.0,3.0
2025-10-15,124.11329850698831,125.47556485256182,122.56482061813492,123.41746520996094,2169800,658.0703125,143.0,1.0,4.0,4.0,6.0,0.00013845979470801832,0.00045059595299710623,-1.0,0,4.0,4.0
2025-10-16,123.84868930287917,124.35831105872275,119.67368202636885,120.83013916015625,4894400,653.588623046875,144.0,1.0,4.0,4.0,6.0,0.0001049462374188094,0.00038973937388763646,-1.0,0,4.0,5.0
2025-10-17,120.80074067975485,122.22180754893637,119.87949299847418,121.10455322265625,2568100,657.2986450195312,142.0,1.0,4.0,4.0,6.0,8.963938362302872e-05,0.0002838576273817192,-1.0,0,4.0,6.0
2025-10-20,122.07479658551232,123.78008576983297,121.7709840481884,122.7706298828125,3200700,664.1348876953125,141.0,1.0,4.0,4.0,6.0,8.924750714307307e-05,0.00019242516224731476,-1.0,0,4.0,7.0
2025-10-21,122.78043961258145,123.30966654781191,121.34957011088775,121.85919189453125,2885900,664.1249389648438,139.0,1.0,4.0,4.0,6.0,0.000123472660119073,0.0001378109056193508,-1.0,0,4.0,8.0
2025-10-22,122.34921204384821,123.27045973208162,120.37932057206194,122.40802001953125,3691600,660.6722412109375,137.0,1.0,4.0,4.0,6.0,0.00014012744354849758,0.00013845979470801832,-1.0,0,4.0,9.0
2025-10-23,125.9264044294855,127.67088910987299,124.97574895796654,127.07305908203125,4361900,664.5899658203125,145.0,1.0,4.0,4.0,6.0,0.00015857384119209248,0.0001049462374188094,1.0,0,2.0,10.0
2025-10-24,127.58266465284264,127.94529264771325,125.84799014465666,125.8969955444336,2139800,670.0213623046875,143.0,1.0,4.0,4.0,6.0,0.00017593603044932797,8.963938362302872e-05,1.0,0,2.0,11.0
2025-10-27,126.53402344664913,127.03384264408214,125.51477990060475,125.78919219970703,2448200,677.9261474609375,141.0,1.0,4.0,4.0,6.0,0.00020854856904695717,8.924750714307307e-05,-1.0,0,4.0,12.0
2025-10-28,124.75033509844823,124.96594689676219,123.03525076462721,123.31946563720703,2533800,679.7266235351562,141.0,1.0,4.0,4.0,6.0,0.00018729882898395713,0.000123472660119073,-1.0,1,4.0,13.0
2025-10-29,123.20185725577595,125.03455006565733,122.97645035894935,123.8388900756836,1924700,680.0531616210938,139.0,1.0,4.0,4.0,6.0,0.0001414034608508937,0.00014012744354849758,-1.0,0,4.0,14.0
2025-10-30,123.50567315048998,125.50497241260183,122.9666511168594,123.34886932373047,1660600,672.5738525390625,137.0,1.0,4.0,4.0,6.0,8.250779761088722e-05,0.00015857384119209248,-1.0,0,4.0,15.0
2025-10-31,123.81928457797714,124.8679433180299,123.14305641221628,124.28971099853516,1946900,674.780029296875,136.0,1.0,4.0,4.0,6.0,5.253334885723779e-05,0.00017593603044932797,-1.0,0,4.0,16.0
2025-11-03,124.06429446424765,125.22075160592,122.34921016380322,125.11295318603516,1871600,676.0463256835938,134.0,1.0,4.0,4.0,6.0,2.647752673204182e-05,0.00020854856904695717,1.0,0,2.0,17.0
2025-11-04,122.91763855425782,124.00549261110775,120.93794455905626,123.41746520996094,2508200,668.0327758789062,133.0,1.0,4.0,4.0,6.0,-9.283729982049702e-06,0.00018729882898395713,-1.0,0,4.0,18.0
2025-11-05,123.01564181316041,124.8777348135022,122.17280727415005,122.25120544433594,2828700,670.3478393554688,132.0,1.0,4.0,4.0,6.0,-5.366927980844425e-05,0.0001414034608508937,-1.0,0,4.0,19.0
2025-11-06,123.29986245682274,126.21060682623376,123.29986245682274,124.30931091308594,2557000,663.1554565429688,132.0,1.0,4.0,4.0,6.0,-7.180728256760904e-05,8.250779761088722e-05,1.0,0,2.0,20.0
2025-11-07,124.65231817209641,127.29844500750568,123.84867904246168,126.89662170410156,3892800,663.808349609375,133.0,1.0,4.0,4.0,6.0,-4.794978048964788e-05,5.253334885723779e-05,1.0,0,2.0,21.0
2025-11-10,127.9452897018941,129.1997501446892,126.16159488065065,128.7881317138672,2599900,674.1666259765625,133.0,1.0,1.0,4.0,5.0,1.6143286283918542e-05,2.647752673204182e-05,1.0,0,1.0,1.0
2025-11-11,129.28794452475773,132.4633057760795,129.28794452475773,131.453857421875,3933900,675.7100219726562,134.0,1.0,1.0,4.0,5.0,0.00010330943880370647,-9.283729982049702e-06,1.0,0,1.0,2.0
2025-11-12,130.4346183587217,131.36566120788768,129.22916319515627,129.41537475585938,2797400,676.0859985351562,133.0,1.0,1.0,4.0,5.0,0.00014823651772611236,-5.366927980844425e-05,1.0,0,1.0,3.0
2025-11-13,129.4643650495511,131.38525102616032,128.38630611569545,129.28794860839844,3392900,664.8670043945312,131.0,1.0,1.0,4.0,5.0,0.00017110209655076068,-7.180728256760904e-05,1.0,0,1.0,4.0
2025-11-14,128.82732189086377,131.5028490610229,127.55325634886265,131.33624267578125,2643800,664.758056640625,131.0,1.0,1.0,4.0,5.0,0.00016110368241151427,-4.794978048964788e-05,1.0,0,1.0,5.0
2025-11-17,130.93445857153176,131.3460770620974,128.07270438204642,128.8175506591797,3051500,658.56494140625,132.0,1.0,1.0,4.0,5.0,0.00015628020615378397,1.6143286283918542e-05,1.0,0,1.0,6.0
2025-11-18,127.47489658016326,131.2480737703725,127.15147882882799,130.82666015625,2906300,653.0346069335938,132.0,1.0,1.0,4.0,5.0,0.000158055081796211,0.00010330943880370647,1.0,0,1.0,7.0
2025-11-19,128.09229936223252,129.60158199545742,127.27885754511635,129.24876403808594,2732000,655.5574340820312,131.0,1.0,1.0,4.0,5.0,0.0001504939499359678,0.00014823651772611236,1.0,0,1.0,8.0
2025-11-20,129.75836878628115,132.5123166432366,125.92639189370827,125.99498748779297,3520700,645.5652465820312,133.0,1.0,1.0,4.0,5.0,0.00013515913281865637,0.00017110209655076068,1.0,0,2.0,9.0
2025-11-21,125.5343627066757,127.964892861841,124.42691099987792,127.15145111083984,2969600,651.995849609375,132.0,1.0,1.0,4.0,5.0,0.00013496782933771582,0.00016110368241151427,1.0,0,1.0,10.0
2025-11-24,126.29881019931507,128.68033516664389,124.56412812787723,128.21971130371094,2279800,661.59228515625,131.0,1.0,1.0,4.0,5.0,0.00014873244268215615,0.00015628020615378397,-1.0,0,2.0,11.0
2025-11-25,126.83783801584825,127.92569213117189,125.40696852118259,127.62187957763672,1654500,667.8152465820312,129.0,1.0,1.0,4.0,5.0,0.00018787226939551266,0.000158055081796211,-1.0,0,2.0,12.0
2025-11-26,127.68067293439476,130.3954105215367,127.68067293439476,129.052734375,1544400,672.4254760742188,128.0,1.0,1.0,4.0,5.0,0.00019759194819606347,0.0001504939499359678,-1.0,0,2.0,13.0
2025-11-28,129.44475831938442,131.76746759338087,129.18014113805964,131.34605407714844,1286500,676.0958251953125,128.0,1.0,1.0,4.0,5.0,0.00022777768360597868,0.00013515913281865637,1.0,0,1.0,14.0
2025-12-01,131.36564452632098,133.51195231981228,131.04224180383525,132.38490295410156,2197200,673.0091552734375,127.0,1.0,1.0,4.0,5.0,0.0002550922595505262,0.00013496782933771582,1.0,0,1.0,15.0
2025-12-02,132.0811003634604,132.0811003634604,129.64077495704967,130.39541625976562,1831900,674.2556762695312,127.0,1.0,1.0,4.0,5.0,0.00024739530271051055,0.00014873244268215615,-1.0,0,2.0,16.0
2025-12-03,131.15005643710026,133.913784566611,131.15005643710026,133.75697326660156,2153800,676.5905151367188,129.0,1.0,1.0,4.0,5.0,0.0002401221480557599,0.00018787226939551266,1.0,0,1.0,17.0
2025-12-04,133.5511715203942,134.70762121067955,132.8553307230701,133.75697326660156,1451000,677.0851440429688,127.0,1.0,1.0,4.0,5.0,0.00021811963104657105,0.00019759194819606347,1.0,0,1.0,18.0
2025-12-05,133.8157828606337,136.69712713816347,133.8157828606337,133.96279907226562,2666600,678.3712768554688,126.0,1.0,1.0,4.0,5.0,0.00020989967543949857,0.00022777768360597868,1.0,0,1.0,19.0
2025-12-08,132.8455239397652,134.02157867769452,131.30684123316675,131.453857421875,2754400,676.333251953125,126.0,1.0,1.0,4.0,5.0,0.00015080480669737867,0.0002550922595505262,-1.0,0,2.0,20.0
2025-12-09,131.24805859739362,132.75734126247704,131.15985784477624,131.86549377441406,2100100,675.7495727539062,125.0,1.0,1.0,4.0,5.0,0.00011616674074270812,0.00024739530271051055,-1.0,0,2.0,21.0
2025-12-10,131.63026259363102,132.93372840745002,129.79757736692767,132.52210998535156,2696800,680.2312622070312,123.0,1.0,1.0,3.0,3.0,0.0001208951738651369,0.0002401221480557599,-1.0,0,1.0,22.0
2025-12-11,130.71882916224007,131.4930606334418,129.78777144109162,130.356201171875,2219400,681.8141479492188,123.0,1.0,4.0,3.0,4.0,0.0001443050322601124,0.00021811963104657105,-1.0,0,2.0,23.0
2025-12-12,130.91482528983738,131.55185056481332,129.07233010040986,129.1017303466797,1730900,674.4832763671875,122.0,1.0,4.0,3.0,4.0,0.00015432382574973906,0.00020989967543949857,-1.0,0,2.0,24.0
2025-12-15,129.35657583750898,129.35657583750898,125.91659685772947,127.2886734008789,3090800,673.4642333984375,122.0,1.0,4.0,3.0,4.0,0.00013369551414063165,0.00015080480669737867,-1.0,0,2.0,25.0
2025-12-16,125.66177892587888,125.96559146920055,121.83958952570865,122.4668197631836,5448400,671.6240844726562,131.0,1.0,4.0,3.0,4.0,6.499142223529178e-05,0.00011616674074270812,-1.0,0,2.0,26.0
2025-12-17,123.57427507676546,125.66178254720884,123.19205687345108,125.3481674194336,3575800,664.2338256835938,133.0,1.0,4.0,3.0,4.0,3.5029210081748546e-05,0.0001208951738651369,-1.0,0,2.0,27.0
2025-12-18,125.3677611612993,125.47556705907566,122.21200483113542,122.59422302246094,3425400,669.2496948242188,134.0,1.0,4.0,3.0,4.0,6.904873720453901e-06,0.0001443050322601124,-1.0,0,2.0,28.0
2025-12-19,122.75103517262751,124.31911077321026,122.75103517262751,123.05484771728516,2174000,675.3153686523438,132.0,1.0,4.0,3.0,4.0,2.0516972303677287e-05,0.00015432382574973906,-1.0,0,2.0,29.0
2025-12-22,124.22961715298395,126.04607452002044,123.50896320833515,123.64717102050781,2051000,679.5225219726562,131.0,1.0,4.0,3.0,4.0,-1.5327130963406492e-05,0.00013369551414063165,-1.0,0,2.0,30.0
2025-12-23,124.37769245860794,125.12796877871843,123.4595934515055,124.8614273071289,2041200,682.628173828125,129.0,1.0,4.0,3.0,4.0,-3.870660762380068e-05,6.499142223529178e-05,-1.0,0,2.0,31.0
2025-12-24,124.21974909967827,124.70347643664957,123.59780642038295,124.30859375,1048200,685.0294799804688,128.0,1.0,4.0,3.0,4.0,-6.113337252213515e-05,3.5029210081748546e-05,-1.0,0,2.0,32.0
2025-12-26,124.10128019279453,124.33820678856453,122.60073504390358,123.36087799072266,1657600,684.9600219726562,126.0,1.0,4.0,3.0,4.0,-8.404652171019371e-05,6.904873720453901e-06,-1.0,0,2.0,33.0
2025-12-29,124.12103609364522,125.17734299888274,123.84461292787965,124.84169006347656,1983100,682.51904296875,125.0,1.0,4.0,3.0,4.0,-9.308551692931962e-05,2.0516972303677287e-05,-1.0,0,2.0,34.0
2025-12-30,125.8288778817362,126.79634001580985,125.73015910032304,125.79926300048828,1308700,681.6856079101562,124.0,1.0,4.0,3.0,4.0,-9.939266882001575e-05,-1.5327130963406492e-05,1.0,0,2.0,35.0
2025-12-31,125.5031030430548,125.72028888800108,124.06178770049183,124.64424133300781,1457200,676.635009765625,123.0,1.0,4.0,3.0,4.0,-9.538623053297842e-05,-3.870660762380068e-05,1.0,1,2.0,36.0
2026-01-02,124.7725886585899,127.74406431552241,123.98282323264932,127.30970764160156,2115600,677.8753051757812,124.0,1.0,4.0,3.0,4.0,-8.671104296901172e-05,-6.113337252213515e-05,1.0,0,2.0,37.0
2026-01-05,129.58025540069988,130.16271659669778,123.54845223063603,125.86837768554688,4808700,682.3900146484375,123.0,1.0,4.0,3.0,4.0,-6.607707694967864e-05,-8.404652171019371e-05,-1.0,0,2.0,38.0
2026-01-06,125.9473512967892,126.28299667689068,123.62742592353996,123.93345642089844,3204000,686.4483642578125,123.0,1.0,4.0,3.0,4.0,-3.491091664121329e-05,-9.308551692931962e-05,-1.0,0,2.0,39.0
2026-01-07,124.594886812808,124.9305397414753,121.58392225226957,122.3736801147461,2989600,684.2356567382812,123.0,1.0,4.0,3.0,4.0,-5.046638403394579e-05,-9.939266882001575e-05,-1.0,0,2.0,40.0
2026-01-08,122.75868870377982,128.14881605527466,122.72907381954671,126.81610107421875,4722600,684.1661987304688,130.0,1.0,4.0,3.0,4.0,-4.0336443571378665e-05,-9.538623053297842e-05,1.0,0,2.0,41.0
2026-01-09,127.21097467277993,127.9513768965319,125.31554678759748,125.77953338623047,2894600,688.6908569335938,129.0,1.0,1.0,3.0,3.0,-2.7336989454175305e-05,-8.671104296901172e-05,-1.0,0,1.0,42.0
2026-01-12,125.98683784251621,126.66800272750463,124.80218983374594,125.9078598022461,2700300,689.7723999023438,127.0,1.0,1.0,3.0,3.0,1.3293197548431775e-06,-6.607707694967864e-05,-1.0,0,1.0,43.0
2026-01-13,127.32941868363993,129.67896627420507,126.92467696561347,128.08956909179688,6641800,688.3931884765625,127.0,1.0,1.0,3.0,3.0,5.630721370603559e-06,-3.491091664121329e-05,1.0,0,1.0,44.0
2026-01-14,128.29689882184257,132.08775444039674,128.0994461859319,130.25155639648438,6113300,685.0096435546875,127.0,1.0,1.0,3.0,3.0,1.2774974260468512e-05,-5.046638403394579e-05,1.0,0,1.0,45.0
2026-01-15,128.65230478390777,129.94553832981364,126.86545466452907,128.61280822753906,4794800,686.8750610351562,127.0,1.0,1.0,3.0,3.0,2.7718975924536867e-05,-4.0336443571378665e-05,1.0,0,1.0,46.0
2026-01-16,128.59305052192937,128.92871097236474,127.65521073448355,128.62266540527344,3312700,686.2994995117188,125.0,1.0,1.0,3.0,3.0,1.231076261371327e-05,-2.7336989454175305e-05,1.0,0,1.0,47.0
2026-01-20,129.9060400978475,130.73528700862232,127.45778085785986,128.09945678710938,2904300,672.32861328125,123.0,1.0,1.0,3.0,3.0,-2.2359003161252534e-05,1.3293197548431775e-06,1.0,0,1.0,48.0
2026-01-21,130.62669865637258,134.4175542844421,130.62669865637258,132.90713500976562,5399900,680.0880737304688,131.0,1.0,1.0,3.0,3.0,-9.964159516664595e-06,5.630721370603559e-06,1.0,0,1.0,49.0
2026-01-22,132.7491808781469,133.57842773457105,131.89031913853051,132.80841064453125,4188300,683.6403198242188,129.0,1.0,1.0,3.0,3.0,4.0820974120866895e-05,1.2774974260468512e-05,1.0,0,1.0,50.0
2026-01-23,134.95063433117872,136.50055012516472,133.0157250696472,133.4895782470703,4935600,683.8883056640625,128.0,1.0,1.0,3.0,3.0,0.00012248907179992046,2.7718975924536867e-05,1.0,0,1.0,51.0
2026-01-26,134.6051279876172,134.80256556451644,131.85082332707586,133.06507873535156,3409600,687.3612060546875,126.0,1.0,1.0,3.0,3.0,0.0001564684104368169,1.231076261371327e-05,1.0,0,1.0,52.0
2026-01-27,133.20328027688865,134.56562510136698,132.413530006458,133.66726684570312,2382200,690.0997924804688,124.0,1.0,1.0,3.0,3.0,0.000184795642204694,-2.2359003161252534e-05,1.0,0,1.0,53.0
2026-01-28,134.64461453097186,135.46399481620148,133.5883151699799,135.3455352783203,4802500,690.0303344726562,123.0,1.0,1.0,3.0,3.0,0.00021629000041838904,-9.964159516664595e-06,1.0,0,1.0,54.0
2026-01-29,138.99817248506872,140.5678214938369,136.72760278354042,137.19158935546875,9342400,688.6610717773438,123.0,1.0,1.0,3.0,3.0,0.00028017491217520175,4.0820974120866895e-05,1.0,0,1.0,55.0
2026-01-30,136.92504208417503,138.55393594139264,135.19743697300316,138.44534301757812,6656100,686.6071166992188,122.0,1.0,1.0,3.0,3.0,0.0003699053861795634,0.00012248907179992046,1.0,0,1.0,56.0
2026-02-02,133.54882133584613,135.78977637539398,133.13419788129266,134.02267456054688,6993900,690.0205078125,128.0,1.0,1.0,3.0,3.0,0.00038155458125042793,0.0001564684104368169,-1.0,0,1.0,57.0
2026-02-03,133.87457692716154,138.12941873172528,133.19340456150846,137.9912109375,7942600,684.18603515625,132.0,1.0,1.0,3.0,3.0,0.0004026800363249768,0.000184795642204694,1.0,0,1.0,58.0
2026-02-04,138.4256102600661,142.30531094275506,138.4256102600661,141.96966552734375,6676200,680.8719482421875,136.0,1.0,1.0,3.0,3.0,0.00040619156468894526,0.00021629000041838904,1.0,0,1.0,59.0
2026-02-05,140.18281745663202,141.17002039646746,137.37916472274452,139.6497344970703,4381400,672.3683471679688,136.0,1.0,1.0,3.0,3.0,0.0004394088985647446,0.00028017491217520175,1.0,0,1.0,60.0
2026-02-06,140.5974468908103,144.74369640256464,140.4000093071119,144.53639221191406,3533900,685.267578125,142.0,1.0,1.0,4.0,5.0,0.00046107695715024056,0.0003699053861795634,1.0,0,1.0,61.0
2026-02-09,143.5491906652431,145.1879512470175,143.03584089167668,144.61537170410156,2224800,688.5718383789062,139.0,1.0,1.0,4.0,5.0,0.0004762167824928387,0.00038155458125042793,1.0,0,1.0,62.0
2026-02-10,144.53638373095285,144.66470986788988,142.7791637311581,143.75648498535156,3661400,686.7559204101562,138.0,1.0,1.0,4.0,5.0,0.0005160351804277279,0.0004026800363249768,1.0,0,1.0,63.0
2026-02-11,145.91846216213395,147.30055529740667,144.83254798104957,147.1524658203125,3267600,686.5972290039062,139.0,1.0,1.0,4.0,5.0,0.0005410299553266117,0.00040619156468894526,1.0,0,1.0,64.0
2026-02-12,146.59962992980303,147.4190101404002,140.6961608345907,142.77915954589844,6406000,675.9901123046875,143.0,1.0,1.0,4.0,5.0,0.0005116026336267455,0.0004394088985647446,1.0,0,1.0,65.0
2026-02-13,142.43364833223816,146.48118667746286,142.3448036770486,145.99745178222656,4568200,676.46630859375,144.0,1.0,1.0,4.0,5.0,0.000491620166373698,0.00046107695715024056,1.0,0,1.0,66.0
2026-02-17,146.00731407986217,147.58684486638273,141.13054403328798,143.539306640625,2976000,677.5578002929688,144.0,1.0,1.0,4.0,5.0,0.00042448295988868596,0.0004762167824928387,1.0,0,1.0,67.0
2026-02-18,144.84241381489113,146.36269968570892,144.44753867178866,146.1553955078125,3942600,680.9711303710938,144.0,1.0,1.0,4.0,5.0,0.0004279029687239509,0.0005160351804277279,1.0,0,1.0,68.0
2026-02-19,147.61645151560697,150.17330346477428,147.16234660769243,149.42303466796875,4539600,679.1751098632812,145.0,1.0,1.0,4.0,5.0,0.00044519570173524864,0.0005410299553266117,1.0,0,1.0,69.0
2026-02-20,148.77148219317328,150.56819880040354,148.02121337080905,149.91664123535156,4062800,684.0868530273438,143.0,1.0,1.0,4.0,5.0,0.0005098337555259116,0.0005116026336267455,1.0,0,1.0,70.0
2026-02-23,149.80803843879596,151.92065201918118,146.37257660210392,147.57696533203125,3516600,677.1013793945312,142.0,1.0,1.0,4.0,5.0,0.0005053667277818487,0.000491620166373698,1.0,0,1.0,71.0
2026-02-24,147.60657564250928,147.823761476493,145.44459897191172,147.64605712890625,2727100,682.0228881835938,140.0,1.0,1.0,4.0,5.0,0.0004779148996800628,0.00042448295988868596,1.0,0,1.0,72.0
2026-02-25,147.93236600552964,148.22851483555365,144.06251723997403,146.4910430908203,2443200,687.7780151367188,139.0,1.0,1.0,4.0,5.0,0.00044401104608217764,0.0004279029687239509,-1.0,0,2.0,73.0
2026-02-26,144.7338250202106,149.2157197827271,143.74662207076872,147.8731231689453,3130800,683.957763671875,137.0,1.0,1.0,4.0,5.0,0.0004502117853661875,0.00044519570173524864,1.0,0,1.0,74.0
2026-02-27,149.18610444856353,152.02925375469243,147.99159731892013,151.75283813476562,3549800,680.6734619140625,140.0,1.0,1.0,4.0,5.0,0.00047759545669329916,0.0005098337555259116,1.0,0,1.0,75.0
2026-03-02,158.3276105560097,158.9298049451746,153.98390863077256,157.51809692382812,9874500,681.0604858398438,147.0,1.0,1.0,4.0,5.0,0.0005421966654026067,0.0005053667277818487,1.0,0,1.0,76.0
2026-03-03,159.68993981766968,160.3809939163871,155.20804516352183,156.9553985595703,9494800,675.057373046875,145.0,1.0,1.0,4.0,5.0,0.0006075741024256569,0.0004779148996800628,1.0,0,1.0,77.0
2026-03-04,154.62561139015773,159.26546249785295,153.65814160016805,158.71263122558594,5099200,679.8201293945312,143.0,1.0,1.0,4.0,5.0,0.0006579162975932813,0.00044401104608217764,1.0,0,1.0,78.0
2026-03-05,160.16381975111435,163.64864512750884,159.9466338865638,161.72360229492188,8733500,676.02978515625,143.0,1.0,1.0,4.0,5.0,0.0006619728160608139,0.0004502117853661875,1.0,0,1.0,79.0
2026-03-06,163.60914832398785,165.27752379754128,161.32871181318663,162.02963256835938,10272700,667.1689453125,141.0,1.0,1.0,4.0,5.0,0.0006767854046011108,0.00047759545669329916,1.0,0,1.0,80.0
2026-03-09,164.0336485439376,164.6160946789808,158.38684636995768,159.7491912841797,10482800,673.0133666992188,141.0,1.0,1.0,4.0,5.0,0.0006660121811725928,0.0005421966654026067,1.0,0,1.0,81.0
2026-03-10,158.3967122786368,160.22304378418875,155.70165240950882,156.96527099609375,9847500,671.9317626953125,141.0,1.0,1.0,4.0,5.0,0.0006283904309317607,0.0006075741024256569,1.0,0,1.0,82.0
2026-03-11,157.271301731251,162.8786223978975,156.98501949973783,162.58245849609375,6575000,671.08837890625,147.0,1.0,1.0,4.0,5.0,0.0006082925189804148,0.0006579162975932813,1.0,0,1.0,83.0
2026-03-12,163.87567844677596,166.8175388179745,163.37221039971652,164.57659912109375,8954300,660.89794921875,145.0,1.0,1.0,4.0,5.0,0.0006148527975548968,0.0006619728160608139,1.0,0,1.0,84.0
2026-03-13,163.42156792203718,166.38317673954327,162.5429579087179,165.7415008544922,4904300,657.1571655273438,143.0,1.0,1.0,4.0,5.0,0.0006645412507759787,0.0006767854046011108,1.0,0,1.0,85.0
2026-03-16,165.45523221323703,167.14334094222988,163.67826376414772,165.22816467285156,4656600,663.844970703125,141.0,1.0,1.0,4.0,5.0,0.0006791579681910001,0.0006660121811725928,1.0,0,1.0,86.0
2026-03-17,166.77807734097286,169.25595144975114,166.1561346302325,167.9034881591797,4553700,665.5912475585938,141.0,1.0,1.0,4.0,5.0,0.000711564785263567,0.0006283904309317607,1.0,0,1.0,87.0
2026-03-18,168.37732362789157,171.644962805357,168.37732362789157,171.14149475097656,5627500,656.3037719726562,141.0,1.0,1.0,4.0,5.0,0.0007297093783591564,0.0006082925189804148,1.0,0,1.0,88.0
2026-03-19,172.86909922598076,177.04496324631472,172.05958562308936,172.79998779296875,7139500,654.6864624023438,140.0,1.0,1.0,4.0,5.0,0.0007471169849908264,0.0006148527975548968,1.0,0,1.0,89.0
2026-03-20,173.35284068670683,177.39049705873225,172.77037950921556,174.85337829589844,6319800,645.301025390625,139.0,1.0,1.0,4.0,5.0,0.0007583670490617644,0.0006645412507759787,1.0,0,1.0,90.0
2026-03-23,170.9372792447859,175.20922188386993,168.92518911959615,173.32598876953125,9620900,652.07666015625,137.0,1.0,1.0,4.0,5.0,0.000755402340716348,0.0006791579681910001,1.0,0,1.0,91.0
2026-03-24,174.8226561270245,180.70028988195418,174.8226561270245,178.64857482910156,4832100,649.8877563476562,141.0,1.0,1.0,4.0,5.0,0.0007935387464548887,0.000711564785263567,1.0,0,1.0,92.0
2026-03-25,176.8248176030615,180.20471276117533,176.42835543821846,180.01638793945312,4400700,653.5093994140625,140.0,1.0,1.0,4.0,5.0,0.0008170917143661543,0.0007297093783591564,1.0,0,1.0,93.0
2026-03-26,180.79940616899773,185.53719972985016,180.79940616899773,183.6837158203125,4482700,641.8385620117188,140.0,1.0,1.0,4.0,5.0,0.0008743515988028095,0.0007471169849908264,1.0,0,1.0,94.0
2026-03-27,185.0118948180144,186.81581731867198,183.59451309515447,186.51846313476562,4496400,630.8939819335938,140.0,1.0,1.0,4.0,5.0,0.0009322563977188676,0.0007583670490617644,1.0,0,1.0,95.0
2026-03-30,188.41159703270083,188.67921730288901,182.97998691828576,183.84230041503906,6008700,628.78466796875,139.0,1.0,1.0,4.0,5.0,0.0009498091478400843,0.000755402340716348,1.0,0,1.0,96.0
2026-03-31,183.86212698605308,186.06252669683536,176.5274713661532,180.2245330810547,7389200,647.0620727539062,140.0,1.0,1.0,4.0,5.0,0.0009349264523772577,0.0007935387464548887,1.0,0,1.0,97.0
2026-04-01,175.83364027286333,178.88644722119642,171.53196394187376,173.30616760253906,7667900,651.9373779296875,148.0,1.0,1.0,4.0,5.0,0.0008173578681847845,0.0008170917143661543,-1.0,0,2.0,98.0
2026-04-02,179.6893041645052,180.70030237042408,174.4063783889774,176.1508331298828,4688400,652.5244140625,147.0,1.0,1.0,4.0,5.0,0.0007514228142441636,0.0008743515988028095,-1.0,0,2.0,99.0
2026-04-06,175.48674137211145,177.51864393723423,174.67397429643765,177.47898864746094,2676700,655.6088256835938,145.0,1.0,1.0,4.0,5.0,0.0007376695570424827,0.0009322563977188676,-1.0,0,2.0,100.0
2026-04-07,177.9051948308262,181.36437012528464,177.9051948308262,178.7476806640625,5214900,655.8972778320312,143.0,1.0,1.0,4.0,5.0,0.0007977759325255573,0.0009498091478400843,-1.0,0,2.0,101.0
2026-04-08,164.95059929020826,170.7489529931489,163.2259571076366,170.174072265625,6721900,672.6027221679688,156.0,1.0,4.0,4.0,6.0,0.0007704838319182918,0.0009349264523772577,-1.0,1,4.0,1.0
2026-04-09,171.12557040490648,172.59251354533185,165.12900134255693,166.27874755859375,5696300,676.4829711914062,157.0,1.0,4.0,4.0,6.0,0.0006869557867779223,0.0008173578681847845,-1.0,0,4.0,2.0
2026-04-10,165.75344456575934,167.42852519210834,164.2567825004728,166.97259521484375,3574200,676.0353393554688,155.0,1.0,4.0,4.0,6.0,0.0006098387073420939,0.0007514228142441636,-1.0,0,4.0,3.0
2026-04-13,169.25227668544966,170.04521614563393,165.98142598879076,167.2005615234375,2622100,682.641845703125,153.0,1.0,4.0,4.0,6.0,0.000591683160826582,0.0007376695570424827,-1.0,0,4.0,4.0
2026-04-14,165.4759275423742,165.82284329968743,161.04539377997642,161.9770965576172,5553700,690.959716796875,156.0,1.0,4.0,4.0,6.0,0.0005394480241399815,0.0007977759325255573,-1.0,1,4.0,5.0
2026-04-15,161.3724676563967,164.19730964802312,160.1830660740504,162.80966186523438,2886800,696.412109375,154.0,1.0,4.0,4.0,6.0,0.0004884435569519285,0.0007704838319182918,-1.0,0,4.0,6.0
2026-04-16,162.84931716127693,166.62567436930246,162.82948951641959,166.33824157714844,3164500,698.1234130859375,155.0,1.0,4.0,4.0,6.0,0.0004600425476127226,0.0006869557867779223,-1.0,0,4.0,7.0
2026-04-17,158.35932475663796,158.7458806704433,153.27461493929917,158.280029296875,9203600,706.5607299804688,167.0,1.0,4.0,4.0,6.0,0.0004071550039661278,0.0006098387073420939,-1.0,1,4.0,8.0
2026-04-20,159.6081892838997,160.68856153214918,158.1809013004212,159.68748474121094,2718900,705.1477661132812,165.0,1.0,4.0,4.0,6.0,0.0003530690544747167,0.000591683160826582,-1.0,0,4.0,9.0
2026-04-21,159.93527649126693,164.008987953274,159.63792230900603,163.5431365966797,4055100,700.53125,166.0,1.0,4.0,4.0,6.0,0.0003096913244256923,0.0005394480241399815,-1.0,0,4.0,10.0
2026-04-22,164.6631700183188,167.01223940647245,164.6631700183188,166.77435302734375,2419000,707.6253051757812,165.0,1.0,4.0,4.0,6.0,0.00037651596061622443,0.0004884435569519285,-1.0,0,4.0,11.0
2026-04-23,167.72587187341767,168.71704236546054,165.92193431835017,168.0628662109375,5599700,704.8792114257812,163.0,1.0,4.0,4.0,6.0,0.0004252624736528462,0.0004600425476127226,1.0,0,2.0,12.0
2026-04-24,167.5573783996424,168.30075628506756,165.3173233588284,166.5662078857422,3480200,710.341552734375,161.0,1.0,4.0,4.0,6.0,0.000441618311279879,0.0004071550039661278,-1.0,0,4.0,13.0
2026-04-27,167.97367528207437,170.3723062119476,167.26993753294965,167.98358154296875,2246300,711.5653076171875,159.0,1.0,4.0,4.0,6.0,0.000428077703383722,0.0003530690544747167,-1.0,0,4.0,14.0
2026-04-28,170.778684588941,171.7004659182168,169.2324609888255,170.13441467285156,3607300,708.1028442382812,158.0,1.0,4.0,4.0,6.0,0.00043292771953042244,0.0003096913244256923,1.0,0,2.0,15.0
2026-04-29,172.7610316296327,176.27969014238045,172.1960571508931,176.1508331298828,4993100,707.993408203125,163.0,1.0,1.0,4.0,5.0,0.0004724235381537783,0.00037651596061622443,1.0,0,1.0,1.0
2026-04-30,172.6123401091908,176.95367182902618,171.35356443738016,176.63650512695312,2500700,715.0377197265625,160.0,1.0,1.0,4.0,5.0,0.0005114420033553033,0.0004252624736528462,1.0,0,1.0,2.0
2026-05-01,175.25877681400283,176.25985358430498,171.2445332242344,175.11009216308594,2787500,717.0177001953125,158.0,1.0,1.0,4.0,5.0,0.0005221397480463813,0.000441618311279879,1.0,0,1.0,3.0
2026-05-04,175.66515025702924,179.4613352333649,174.44601472973497,179.41177368164062,4801700,714.3909912109375,159.0,1.0,1.0,4.0,5.0,0.0005149491415818748,0.000428077703383722,1.0,0,1.0,4.0
2026-05-05,178.02412533227886,180.0659340417553,177.25101359032294,178.99546813964844,2969700,720.1220092773438,157.0,1.0,1.0,4.0,5.0,0.0005009179960288571,0.00043292771953042244,1.0,0,1.0,5.0
2026-05-06,170.40204331879517,172.44385228200343,167.5970287786382,167.8349151611328,6567500,730.1312866210938,178.0,1.0,1.0,4.0,5.0,0.00042103294221747803,0.0004724235381537783,-1.0,1,2.0,6.0
2026-05-07,164.038727424692,165.1983951631996,160.8075168487835,164.59378051757812,5819600,727.8926391601562,177.0,1.0,1.0,4.0,5.0,0.00032506382846227383,0.0005114420033553033,-1.0,1,2.0,7.0
2026-05-08,164.00899690982172,165.71381151555155,162.37357150416895,163.7017364501953,2849300,733.9021606445312,175.0,1.0,1.0,4.0,5.0,0.00022541034770194446,0.0005221397480463813,-1.0,0,2.0,8.0
2026-05-11,166.21929179767596,167.78534302114736,165.3569782921428,167.1708221435547,2683300,735.5736694335938,174.0,1.0,1.0,4.0,5.0,0.0002152336570849328,0.0005149491415818748,-1.0,0,2.0,9.0
2026-05-12,168.83599577368122,169.4009702732219,166.5563003769774,168.24130249023438,3147600,734.4593505859375,172.0,1.0,1.0,4.0,5.0,0.00022864841727689636,0.0005009179960288571,-1.0,0,2.0,10.0
2026-05-13,168.40978263384736,169.09369269605378,165.24794633121843,166.8536376953125,3437700,738.5685424804688,170.0,1.0,1.0,4.0,5.0,0.00024346703424896516,0.00042103294221747803,-1.0,0,2.0,11.0
2026-05-14,166.18955853054806,168.68731246451895,165.82283027948736,167.7258758544922,2238200,744.3989868164062,168.0,1.0,1.0,4.0,5.0,0.0002717615738866041,0.00032506382846227383,-1.0,0,2.0,12.0
2026-05-15,169.49016069704788,172.7312925661674,169.3414911671139,172.592529296875,3155800,735.4443969726562,170.0,1.0,1.0,4.0,5.0,0.00031177240816093445,0.00022541034770194446,1.0,0,1.0,13.0
2026-05-18,171.44276169803643,176.2895848127182,169.91635066654723,174.65415954589844,3458100,734.927001953125,168.0,1.0,1.0,4.0,5.0,0.00036501275081473944,0.0002152336570849328,1.0,0,1.0,14.0
2026-05-19,175.66513988459587,177.55827913062024,173.91077902483,176.9833984375,2184900,730.0317993164062,166.0,1.0,1.0,4.0,5.0,0.00040151847063694154,0.00022864841727689636,1.0,0,1.0,15.0
2026-05-20,176.2995002526034,178.34130915838531,171.73020342862972,173.18722534179688,6249300,737.5138549804688,167.0,1.0,1.0,4.0,5.0,0.0004116614173338457,0.00024346703424896516,1.0,0,1.0,16.0
2026-05-21,175.60568577845132,176.2202066841251,167.7357891355889,169.14324951171875,5523400,738.9764404296875,167.0,1.0,1.0,4.0,5.0,0.0004001431771232678,0.0002717615738866041,-1.0,0,2.0,17.0
2026-05-22,168.3800476459503,170.92734794020964,167.96375785512407,170.4317626953125,2498300,741.8817749023438,165.0,1.0,1.0,4.0,5.0,0.00038320942060568746,0.00031177240816093445,-1.0,0,2.0,18.0
2026-05-26,168.2214551510743,170.58044573423336,164.55412739823953,164.6334228515625,3568400,746.8068237304688,169.0,1.0,4.0,4.0,6.0,0.0003313285089633969,0.00036501275081473944,-1.0,0,4.0,1.0
2026-05-27,161.4319387952527,164.10811131578535,160.5200637258511,161.91761779785156,3283300,746.677490234375,168.0,1.0,4.0,4.0,6.0,0.00030282046257895895,0.00040151847063694154,-1.0,1,4.0,2.0
2026-05-28,163.3250757060793,164.60369413563183,161.65991650599253,163.5034942626953,2868800,750.7965698242188,166.0,1.0,4.0,4.0,6.0,0.00027295783286782836,0.0004116614173338457,-1.0,0,4.0,3.0
2026-05-29,162.82948600861818,163.4241943490336,160.46058915526362,162.54205322265625,3401100,752.6671142578125,164.0,1.0,4.0,4.0,6.0,0.00026708270971458737,0.0004001431771232678,-1.0,0,4.0,4.0
2026-06-01,165.23804058041995,169.16306728787725,165.19838529097646,166.38778686523438,4246900,754.7167358398438,165.0,1.0,4.0,4.0,6.0,0.0002895893564259141,0.00038320942060568746,-1.0,0,4.0,5.0
2026-06-02,165.5552085362885,168.4295969563041,165.32724355446808,167.35914611816406,2789500,755.7415771484375,162.0,1.0,4.0,4.0,6.0,0.00032651551531263706,0.0003313285089633969,-1.0,0,4.0,6.0
2026-06-03,168.45935084321175,171.4824088767892,167.20056002857584,169.6190185546875,2902000,750.4384155273438,161.0,1.0,4.0,4.0,6.0,0.00037274404515695646,0.00030282046257895895,1.0,0,2.0,7.0
2026-06-04,167.77543091292063,170.21370181739525,167.02213167083804,169.50997924804688,4039800,753.2740478515625,159.0,1.0,4.0,4.0,6.0,0.0003725199617387568,0.00027295783286782836,1.0,0,2.0,8.0
2026-06-05,168.97474472514355,169.4505174604367,164.49466489826284,164.52439880371094,2357600,733.83251953125,162.0,1.0,4.0,4.0,6.0,0.00034015936732682193,0.00026708270971458737,1.0,0,2.0,9.0
2026-06-08,166.61576545461244,169.13333184516918,166.32831754297595,166.9031982421875,3083700,735.4940795898438,160.0,1.0,4.0,4.0,6.0,0.00032986549412745736,0.0002895893564259141,1.0,0,2.0,10.0
2026-06-09,165.57502809880174,165.97149023253323,160.32182164452445,162.6015167236328,6145900,733.3350219726562,162.0,1.0,4.0,4.0,6.0,0.0003097329023247672,0.00032651551531263706,-1.0,1,4.0,11.0
2026-06-10,164.06845820286915,169.0144046399187,163.94952257782228,166.50674438476562,3124300,721.7736206054688,163.0,1.0,4.0,4.0,6.0,0.00034090395775292106,0.00037274404515695646,1.0,0,2.0,12.0
2026-06-11,167.67631509673598,168.95493353734022,161.80858743171083,161.96717834472656,5713400,734.04150390625,165.0,1.0,4.0,4.0,6.0,0.000308922011623799,0.0003725199617387568,-1.0,0,4.0,13.0
2026-06-12,160.80750747544516,165.82282778905045,160.40112394039042,163.880126953125,3664100,738.0113525390625,163.0,1.0,4.0,4.0,6.0,0.0003157506778221603,0.00034015936732682193,-1.0,0,4.0,14.0
2026-06-15,156.1291818817869,159.01347655149775,156.1291818817869,156.96176147460938,6672200,751.0254516601562,171.0,1.0,4.0,4.0,6.0,0.0002575531559468417,0.00032986549412745736,-1.0,1,4.0,15.0
2026-06-16,154.81091427837646,156.56529020137515,154.3946245062186,155.78225708007812,6052200,746.5481567382812,169.0,1.0,4.0,4.0,6.0,0.00022954144337161342,0.0003097329023247672,-1.0,0,4.0,16.0
2026-06-17,155.0686179441243,156.64457537117676,153.71071923171496,154.3748016357422,5487200,737.225341796875,167.0,1.0,4.0,4.0,6.0,0.00017151817646038264,0.00034090395775292106,-1.0,0,4.0,17.0
2026-06-18,152.86821862775633,153.04663717835552,150.21188900556106,152.0059051513672,5548700,744.8902587890625,166.0,1.0,4.0,4.0,6.0,0.00016258261292638164,0.000308922011623799,-1.0,1,4.0,18.0
2026-06-22,152.8405821590799,154.4143091351206,151.25690036861383,154.28482055664062,2802000,742.546142578125,164.0,1.0,4.0,4.0,6.0,0.00018970675658198694,0.0003157506778221603,-1.0,0,4.0,19.0
2026-06-23,153.04974634543632,155.11151748301702,152.59156653809112,154.42425537109375,3534600,731.7628784179688,162.0,1.0,4.0,4.0,6.0,0.00022834399844206722,0.0002575531559468417,-1.0,0,4.0,20.0
2026-06-24,151.4859719826437,153.2987511605213,149.77280173474205,152.4222412109375,3581500,731.4237060546875,161.0,1.0,4.0,4.0,6.0,0.00023501292315408436,0.00022954144337161342,-1.0,0,4.0,21.0
2026-06-25,151.26684559305633,154.6732612879485,150.78875616171769,154.12545776367188,2508000,732.4810791015625,159.0,1.0,4.0,4.0,6.0,0.00022559475381624507,0.00017151817646038264,-1.0,0,4.0,22.0
2026-06-26,153.1593146554612,155.45018336408478,152.99994643961844,154.06568908691406,2900000,727.1842651367188,157.0,1.0,4.0,4.0,6.0,0.00020736535992931665,0.00016258261292638164,1.0,0,2.0,23.0
2026-06-29,154.4043440862271,156.555754120137,154.3047351558157,154.75294494628906,2724000,739.1644897460938,154.0,1.0,4.0,4.0,6.0,0.00020992771346914344,0.00018970675658198694,-1.0,0,4.0,24.0
2026-06-30,154.67326228640331,156.36652293008007,153.43819664762344,153.64735412597656,2486800,744.9202270507812,152.0,1.0,4.0,4.0,6.0,0.0001988641079902643,0.00022834399844206722,-1.0,0,4.0,25.0
2026-07-01,153.48800510866795,155.2410098793167,152.36248798760153,153.13938903808594,2181600,743.9127197265625,150.0,1.0,4.0,3.0,4.0,0.00019797096766561789,0.00023501292315408436,-1.0,0,2.0,26.0
2026-07-02,154.0656828419231,156.07766469036176,153.03977469107815,154.02584838867188,1988200,742.9351806640625,148.0,1.0,4.0,3.0,4.0,0.0001762624757230176,0.00022559475381624507,-1.0,0,2.0,27.0
2026-07-06,153.29875205327667,154.72306553145614,153.0596997388556,153.3485565185547,1539200,749.4190673828125,146.0,1.0,4.0,3.0,4.0,0.0001652774312535775,0.00020736535992931665,-1.0,0,2.0,28.0
2026-07-07,154.21509548119397,157.71115006757066,153.74696086729594,156.73504638671875,5146400,745.85791015625,147.0,1.0,4.0,3.0,4.0,0.00017677869290182497,0.00020992771346914344,1.0,0,2.0,29.0
2026-07-08,159.97214021618768,162.5917000710142,158.07969211916233,161.34666442871094,6438900,743.5536499023438,150.0,1.0,1.0,3.0,3.0,0.00021707463629365455,0.0001988641079902643,1.0,0,1.0,1.0
2026-07-09,160.18132064371937,160.56977117499056,158.159368680427,158.82672119140625,3030400,749.8480224609375,149.0,1.0,1.0,3.0,3.0,0.00024552083906815756,0.00019797096766561789,1.0,0,1.0,2.0
2026-07-10,159.61356716734457,159.8625742924106,155.7888213738952,157.94024658203125,2841200,753.0799560546875,147.0,1.0,1.0,3.0,3.0,0.0002611643812684185,0.0001762624757230176,-1.0,0,1.0,3.0
2026-07-13,161.008001394843,165.43037037888905,160.8087987339251,164.53395080566406,5595500,747.3142700195312,156.0,1.0,1.0,3.0,3.0,0.00029057382101118685,0.0001652774312535775,1.0,0,1.0,4.0
2026-07-14,165.53994609712032,166.28696752824288,162.78094268934782,165.19134521484375,2588700,749.9677124023438,153.0,1.0,1.0,3.0,3.0,0.0003389260697042036,0.00017677869290182497,1.0,0,1.0,5.0
2026-07-15,165.21124455706303,165.7092588134701,161.7550244017428,164.20526123046875,2051700,752.9403076171875,151.0,1.0,1.0,3.0,3.0,0.00034396607716282254,0.00021707463629365455,1.0,0,1.0,6.0
2026-07-16,164.9821658320514,167.43240271390786,164.8526772591573,165.77899169921875,1840600,748.8604125976562,150.0,1.0,1.0,3.0,3.0,0.00033100653088070166,0.00024552083906815756,1.0,0,1.0,7.0
2026-07-17,168.20931014645168,170.17148764965629,167.0738381820045,169.50413513183594,3346500,741.4487915039062,150.0,1.0,1.0,3.0,3.0,0.00031557544316180214,0.0002611643812684185,1.0,0,1.0,8.0
2026-07-20,168.3288220715108,171.37666695068114,168.0997397644213,169.36468505859375,3262900,740.2518310546875,148.0,1.0,1.0,3.0,3.0,0.00033389132777128565,0.00029057382101118685,1.0,0,1.0,9.0
2026-07-21,170.2113220050744,173.17948289316334,170.1216830811895,173.1396484375,2389100,746.426513671875,149.0,1.0,1.0,3.0,3.0,0.00037887636552634383,0.0003389260697042036,1.0,0,1.0,10.0
2026-07-22,175.55998064115758,177.2631960895793,174.45438838121095,175.888671875,2752100,745.55859375,148.0,1.0,1.0,3.0,3.0,0.0004171253869415096,0.00034396607716282254,1.0,0,1.0,11.0
2026-07-23,179.3349363799435,179.78314617009266,174.57392131495075,174.96237182617188,3384100,736.3515014648438,146.0,1.0,1.0,3.0,3.0,0.0004574477189848551,0.00033100653088070166,1.0,0,1.0,12.0
2026-07-24,174.7332736530551,176.9046237009406,172.94043449936353,173.3587646484375,3622800,737.099609375,145.0,1.0,1.0,3.0,3.0,0.00043877274019136564,0.00031557544316180214,1.0,0,1.0,13.0
2026-07-27,169.23521381734793,171.45635321837077,168.12962152389002,168.40850830078125,3752300,737.25927734375,148.0,1.0,1.0,3.0,3.0,0.0004221864943639425,0.00033389132777128565,-1.0,1,1.0,14.0
2026-07-28,168.5579011915565,170.02206432318994,164.73315534484385,165.70925903320312,3811700,739.0248413085938,147.0,1.0,1.0,3.0,3.0,0.000367074440980233,0.00037887636552634383,-1.0,0,1.0,15.0
2026-07-29,170.2212785132046,171.8547647790726,169.52406154573472,171.35675048828125,5119900,727.6531372070312,152.0,1.0,1.0,3.0,3.0,0.0003725417550507917,0.0004171253869415096,1.0,0,1.0,16.0
2026-07-30,169.72325778513243,174.50419783503534,169.39458174008342,174.17550659179688,1872100,739.852783203125,152.0,1.0,1.0,3.0,3.0,0.00040478702742070843,0.0004574477189848551,1.0,0,1.0,17.0
2026-07-31,174.77312211914105,176.7950587583818,172.79101993269913,176.69544982910156,2167800,745.1796264648438,151.0,1.0,1.0,3.0,3.0,0.00047322900569881716,0.00043877274019136564,1.0,0,1.0,18.0
2026-08-03,171.97429866751636,176.2074201422922,171.27708169954425,173.58786010742188,2916600,755.793212890625,150.0,1.0,1.0,3.0,3.0,0.0004991076720834464,0.0004221864943639425,-1.0,0,1.0,19.0
2026-08-04,170.69937673551303,172.5320656089223,168.04993716088626,171.26710510253906,3250600,769.4193725585938,149.0,1.0,1.0,3.0,3.0,0.0004763015633443826,0.000367074440980233,-1.0,0,1.0,20.0
2026-08-05,171.62566888202542,172.09380349418635,164.40446223688247,164.53395080566406,4195600,767.8831787109375,157.0,1.0,4.0,3.0,4.0,0.000397732576499559,0.0003725417550507917,-1.0,0,2.0,21.0
2026-08-06,167.75112036171066,168.28898426979998,164.7132303569514,166.38656616210938,2715400,766.65625,155.0,1.0,4.0,3.0,4.0,0.00036376104556144116,0.00040478702742070843,-1.0,0,2.0,22.0
2026-08-07,165.1913474360062,168.09974908983358,163.70725936820597,165.73915100097656,2403900,771.3446044921875,153.0,1.0,4.0,3.0,4.0,0.0003238438197956407,0.00047322900569881716,-1.0,0,2.0,23.0
2026-08-10,168.9264454776043,175.56995397685725,168.38858155815663,175.23129272460938,3772200,771.1151733398438,169.0,1.0,4.0,3.0,4.0,0.00038279381933918887,0.0004991076720834464,1.0,0,2.0,24.0
2026-08-11,174.66356540059556,178.19946975760325,174.3249193445256,177.66160583496094,2906500,768.6513061523438,167.0,1.0,4.0,3.0,4.0,0.00040340380033241247,0.0004763015633443826,1.0,0,2.0,25.0
2026-08-12,177.14367675790376,178.50823095453234,176.19743751391715,177.8707733154297,2630500,770.5764770507812,165.0,1.0,4.0,3.0,4.0,0.00044548271924295797,0.000397732576499559,1.0,0,2.0,26.0
2026-08-13,175.91855919398478,178.60784846132938,174.49424565001442,178.45843505859375,2521800,775.9531860351562,163.0,1.0,1.0,3.0,3.0,0.0004493211457813344,0.00036376104556144116,1.0,0,1.0,27.0
2026-08-14,179.15564534113045,181.65568665752738,178.44847360168419,179.773193359375,2051600,774.4169921875,160.0,1.0,1.0,3.0,3.0,0.0004698509694824324,0.0003238438197956407,1.0,0,1.0,28.0
2026-08-17,180.66961877788265,182.7911644610386,179.24530524098483,182.62184143066406,2289600,770.7560424804688,159.0,1.0,1.0,3.0,3.0,0.0005061411992096347,0.00038279381933918887,1.0,0,1.0,29.0
2026-08-18,184.9425676375816,185.11190585978287,181.77520425043085,184.6138916015625,3917400,765.5490112304688,158.0,1.0,1.0,3.0,3.0,0.0005360104743975844,0.00040340380033241247,1.0,0,1.0,30.0
2026-08-19,185.66968044343756,187.0641142950359,184.62384745564424,185.58999633789062,3311100,767.1549682617188,156.0,1.0,1.0,3.0,3.0,0.0005365564025160825,0.00044548271924295797,1.0,0,1.0,31.0
2026-08-20,188.29920292798707,190.4805079132837,185.8589359875856,186.70555114746094,3663400,760.7109985351562,154.0,1.0,1.0,3.0,3.0,0.0005272338153400083,0.0004493211457813344,1.0,0,1.0,32.0
2026-08-21,187.35297834320158,189.90280902683227,186.74540031325913,188.78724670410156,2991600,763.8232421875,152.0,1.0,1.0,3.0,3.0,0.00051662374844499,0.0004698509694824324,1.0,0,1.0,33.0
2026-08-24,187.17368691216865,188.65777495171923,183.5780231692007,185.5003662109375,2954500,761.5787963867188,152.0,1.0,1.0,3.0,3.0,0.00047970207011182236,0.0005061411992096347,1.0,0,1.0,34.0
2026-08-25,182.41266306164889,184.2852015479743,181.8947239742886,182.00428771972656,3270300,764.0127563476562,152.0,1.0,1.0,3.0,3.0,0.0004130677669548061,0.0005360104743975844,-1.0,0,1.0,35.0
2026-08-26,180.18155786134315,185.58004595414766,179.47438610479006,183.72743225097656,3420100,764.182373046875,150.0,1.0,1.0,3.0,3.0,0.00035341589183335125,0.0005365564025160825,1.0,0,1.0,36.0
2026-08-27,183.50830285310877,185.41070580530277,181.0979156209652,184.73341369628906,1729100,769.18994140625,148.0,1.0,1.0,3.0,3.0,0.00033452453741798,0.0005272338153400083,1.0,0,1.0,37.0
2026-08-28,184.72346389021513,186.43661903539692,183.69754048849578,185.20155334472656,1585700,767.4442749023438,146.0,1.0,1.0,3.0,3.0,0.00033910571989643644,0.00051662374844499,1.0,0,1.0,38.0
2026-08-31,189.01634491440697,190.4805081198738,184.91269689446787,188.20956420898438,2029500,765.1499633789062,145.0,1.0,1.0,3.0,3.0,0.0003641488628741873,0.00047970207011182236,1.0,0,1.0,39.0
2026-09-01,191.44665128014313,191.99445481549998,188.54820459753552,191.95462036132812,2822700,759.89306640625,146.0,1.0,1.0,3.0,3.0,0.0003791980879851958,0.0004130677669548061,1.0,0,1.0,40.0
2026-09-02,190.54026954233086,194.05624919816677,190.39085613708443,192.39288330078125,1784100,763.2646484375,143.0,1.0,1.0,3.0,3.0,0.0003862933332633575,0.00035341589183335125,1.0,0,1.0,41.0
2026-09-03,192.46259700505274,193.74748237587505,190.81915593802688,191.56617736816406,2282500,771.2548217773438,141.0,1.0,1.0,3.0,3.0,0.000365027973169526,0.00033452453741798,1.0,0,1.0,42.0
2026-09-04,190.29125225123508,190.84902579208955,187.45256488301385,189.95260620117188,1503600,768.2822265625,140.0,1.0,1.0,3.0,3.0,0.0003508416614036184,0.00033910571989643644,1.0,0,1.0,43.0
2026-09-08,193.0701632870934,195.0522654990521,191.93469139034954,193.139892578125,2343100,764.0626831054688,140.0,1.0,1.0,3.0,3.0,0.0003755193630522653,0.0003641488628741873,1.0,0,1.0,44.0
2026-09-09,195.19171349131304,195.60008883879652,192.98052892468218,194.2355194091797,2237600,760.5115356445312,138.0,1.0,1.0,3.0,3.0,0.0004109298190208387,0.0003791980879851958,1.0,0,1.0,45.0
2026-09-10,197.41284865917194,197.44272829877073,191.82512808136386,194.69369506835938,5710000,755.9528198242188,136.0,1.0,1.0,3.0,3.0,0.0004304102365379196,0.0003862933332633575,1.0,0,1.0,46.0
2026-09-11,193.15980368439898,197.13396295252076,192.950646206081,194.9427032470703,2157800,762.3967895507812,134.0,1.0,1.0,3.0,3.0,0.00041138910795022587,0.000365027973169526,1.0,0,1.0,47.0
2026-09-14,198.07023817718445,198.66786138681104,192.2235554486734,192.70164489746094,3794500,758.9952392578125,133.0,1.0,1.0,3.0,3.0,0.00036978627343600077,0.0003508416614036184,1.0,0,1.0,48.0
2026-09-15,193.96659795905714,200.09216723050258,193.7474704704933,198.90689086914062,3352400,755.513916015625,138.0,1.0,1.0,3.0,3.0,0.0003702730062346573,0.0003755193630522653,1.0,0,1.0,49.0
2026-09-16,195.13196236530226,195.460653619828,189.90281233075518,191.0382843017578,7195300,752.1821899414062,146.0,1.0,1.0,3.0,3.0,0.000333414672524666,0.0004109298190208387,-1.0,0,1.0,50.0
2026-09-17,189.04622131757432,192.263389269867,188.49840257692026,191.82513427734375,3618900,760.7109985351562,144.0,1.0,1.0,3.0,3.0,0.00032996834303994767,0.0004304102365379196,-1.0,0,1.0,51.0
2026-09-18,192.0243317048818,192.39287259209124,189.7932375466755,189.85299682617188,2722900,761.6900024414062,143.0,1.0,1.0,3.0,3.0,0.00027998087573956977,0.00041138910795022587,-1.0,0,1.0,52.0
2026-09-21,187.57000732421875,188.94000244140625,184.30999755859375,184.75,3311800,773.5,146.0,1.0,4.0,3.0,4.0,0.00025411320487729404,0.00036978627343600077,-1.0,1,2.0,53.0
2026-09-22,181.77000427246094,185.64999389648438,180.97999572753906,181.61000061035156,3915400,773.3800048828125,145.0,1.0,4.0,3.0,4.0,0.00017411041380695615,0.0003702730062346573,-1.0,0,2.0,54.0
2026-09-23,183.13999938964844,185.07000732421875,181.89999389648438,182.64999389648438,5111800,767.8099975585938,143.0,1.0,4.0,3.0,4.0,0.00013351019275315655,0.000333414672524666,-1.0,0,2.0,55.0
2026-09-24,184.1199951171875,186.67999267578125,182.5399932861328,184.0500030517578,3609500,767.1799926757812,142.0,1.0,4.0,3.0,4.0,0.00011703008920283991,0.00032996834303994767,-1.0,0,2.0,56.0
2026-09-25,181.4499969482422,182.25999450683594,179.69000244140625,181.5,4720000,771.3499755859375,141.0,1.0,4.0,3.0,4.0,0.00011826155900780356,0.00027998087573956977,-1.0,1,2.0,57.0
2026-09-28,183.52999877929688,183.67999267578125,179.92999267578125,180.13999938964844,3523500,765.6099853515625,139.0,1.0,4.0,3.0,4.0,8.932142956632599e-05,0.00025411320487729404,-1.0,0,2.0,58.0
